{"type":"FeatureCollection", "features": [
{"type":"Feature","geometry":{"type":"Polygon","coordinates":[[[33.7805,35.2081],[34.0484,35.4079],[34.2447,35.5118],[34.4582,35.6446],[34.2173,35.5736],[33.9073,35.4368],[33.539,35.3317],[33.3737,35.3065],[33.0775,35.3186],[32.7951,35.3606],[32.8191,35.2817],[32.7795,35.1529],[32.745,35.1143],[32.597,35.1556],[32.4831,35.1529],[32.301,35.0163],[32.2345,35.0136],[32.1805,35.0583],[32.1437,35.0425],[32.1985,34.8614],[32.271,34.8142],[32.2711,34.7197],[32.3572,34.6803],[32.6034,34.6147],[32.7841,34.6252],[32.8167,34.5386],[32.9145,34.5413],[32.9145,34.6357],[32.9586,34.6593],[33.1314,34.6803],[33.4839,34.7958],[33.5385,34.9442],[33.6858,34.9349],[33.7326,34.9086],[33.792,34.9574],[33.9247,34.9532],[33.7727,35.1293],[33.7805,35.2081]]]},"properties":{"NAME":"Cyprus","SUBJECTO":"Cyprus","PARTOF":"Cyprus","BORDERPRECISION":1,"LINK":null}},
{"type":"Feature","geometry":{"type":"MultiPolygon","coordinates":[[[[130.5793,30.9065],[130.744,30.8878],[130.9597,31.193],[131.0488,31.2758],[131.1231,31.3076],[131.2106,31.3523],[131.3193,31.5112],[131.3687,31.8034],[131.4069,32.0828],[131.4536,32.2479],[131.563,32.4322],[131.831,32.6931],[131.7953,32.8073],[131.5956,33.0037],[131.4136,33.1112],[131.6698,33.3085],[131.5688,33.4861],[131.286,33.3903],[131.0925,33.428],[130.9711,33.5039],[130.8595,33.6751],[130.6444,33.7],[130.4266,33.6742],[130.3177,33.547],[130.1762,33.3372],[129.8583,33.2604],[129.528,33.2978],[129.3434,33.1514],[129.4609,32.9866],[129.6303,32.8663],[129.7337,32.638],[129.8459,32.5874],[130.0346,32.81],[130.1075,32.9308],[130.2574,32.912],[130.4965,32.557],[130.4812,32.3475],[130.444,32.2839],[130.1349,32.023],[130.0589,31.9721],[130.2193,31.5597],[130.2051,31.4264],[130.0601,31.2166],[130.0863,31.1214],[130.2329,31.0265],[130.4044,31.23],[130.4744,31.4396],[130.5819,31.5287],[130.7325,31.4783],[130.6745,31.2115],[130.5541,30.97],[130.5793,30.9065]]],[[[132.5676,32.6375],[132.6988,32.5489],[132.9007,32.6699],[132.9697,32.7653],[133.0439,32.9939],[133.1542,33.2164],[133.241,33.2991],[133.5165,33.3949],[133.7269,33.3762],[133.9175,33.2433],[133.9986,33.1483],[134.3877,33.5426],[134.5191,33.6508],[134.5648,33.8413],[134.6098,33.8986],[134.5404,34.0127],[134.1527,34.1135],[134.0102,34.1893],[133.8056,34.1762],[133.603,34.0362],[133.4629,33.8835],[133.2455,33.8006],[132.9687,33.7936],[132.7843,33.9075],[132.5794,33.6405],[132.4499,33.5196],[132.1211,33.3475],[132.3426,33.1068],[132.4219,32.9292],[132.4671,32.7579],[132.5676,32.6375]]],[[[136.8108,37.3107],[136.7219,37.2659],[136.6404,37.1703],[136.6685,36.6675],[136.5015,36.4635],[136.1873,36.202],[135.9779,35.9725],[135.9265,35.7625],[135.928,35.6035],[135.7271,35.4505],[135.4325,35.3608],[135.3577,35.3225],[135.188,35.443],[135.157,35.6465],[134.7558,35.5312],[134.2236,35.4538],[133.8041,35.4275],[133.2286,35.3118],[133.0062,35.2541],[132.9808,35.4449],[132.7887,35.3872],[132.6629,35.3806],[131.6723,34.502],[131.3341,34.2918],[131.1098,34.2405],[130.8923,34.2464],[130.8116,34.1193],[130.7793,33.9669],[130.899,33.9037],[131.3942,33.9364],[131.6549,33.9116],[131.995,33.8043],[131.9973,34.09],[132.1835,34.2872],[132.3867,34.2685],[132.4812,34.1291],[132.8477,34.2631],[133.5891,34.4424],[133.7043,34.4299],[133.8253,34.3857],[134.0217,34.4687],[134.2135,34.5706],[134.4273,34.6282],[134.7825,34.5527],[134.9357,34.5404],[135.2057,34.6171],[135.2868,34.5982],[135.317,34.4713],[135.2367,34.3505],[135.014,34.2041],[134.9692,34.1342],[135.057,33.7662],[135.0629,33.69],[135.1915,33.6014],[135.446,33.5067],[135.7557,33.3423],[135.991,33.7237],[136.1992,34.0034],[136.3938,34.1117],[136.7669,34.1696],[136.8986,34.2587],[136.7113,34.4043],[136.5237,34.4928],[136.5071,34.5182],[136.5866,34.677],[136.6169,34.7596],[136.7339,34.8741],[137.0418,34.7287],[137.2482,34.4816],[137.5317,34.5266],[137.7592,34.5525],[138.1491,34.5279],[138.2952,34.763],[138.4502,34.903],[138.589,34.9731],[138.6837,34.9923],[138.751,34.9226],[138.7498,34.6497],[138.7794,34.5799],[138.8638,34.5674],[139.0228,34.6883],[139.0529,35.0249],[139.2086,35.1651],[139.4226,35.1655],[139.6827,35.4458],[139.9137,35.5544],[140.0029,35.4974],[139.9205,35.2619],[139.7881,34.9628],[139.8301,34.836],[140.3166,35.0338],[140.3949,35.4091],[140.4699,35.4856],[140.5569,35.543],[140.8343,35.6771],[140.6448,35.8358],[140.5554,35.9691],[140.5466,36.2872],[140.6556,36.6183],[140.9639,36.9563],[140.9822,37.2682],[140.9232,37.6246],[140.8809,37.7392],[140.8722,37.9174],[140.9506,38.1214],[141.0245,38.2107],[141.0967,38.2618],[141.4287,38.3899],[141.4964,38.4219],[141.4671,38.5875],[141.5686,38.7852],[141.8878,39.13],[141.9985,39.4489],[141.9981,39.672],[141.6756,40.3162],[141.5662,40.4567],[141.4671,40.5141],[141.4412,40.7892],[141.4483,41.1797],[141.4369,41.2694],[141.2858,41.3715],[141.087,41.4416],[140.7745,41.2552],[140.9368,41.1147],[141.0766,41.1021],[141.1526,40.8654],[140.7933,40.7495],[140.657,40.7236],[140.5672,40.8258],[140.4728,40.9857],[140.3864,40.9855],[140.2391,40.838],[140.1597,40.729],[139.9152,40.575],[139.985,40.1146],[139.9103,39.9866],[139.8046,39.8907],[139.8621,39.7825],[140.0111,39.6935],[140.0301,39.4832],[139.9679,39.209],[139.8961,38.9985],[139.7414,38.7433],[139.7457,38.6796],[139.5039,38.4179],[139.4398,38.1884],[139.3539,38.0672],[139.1979,37.9204],[138.8562,37.7351],[138.699,37.4482],[138.492,37.3013],[138.3172,37.2055],[137.5718,36.8921],[137.464,36.8537],[137.2759,36.6942],[137.1762,36.6431],[137.0453,36.6683],[136.983,36.8336],[137.0138,37.0374],[137.1182,37.1458],[137.3349,37.2735],[137.3096,37.4327],[136.8108,37.3107]]]]},"properties":{"NAME":"Imperial Japan (Fujiwara)","SUBJECTO":"Imperial Japan (Fujiwara)","PARTOF":"Imperial Japan (Fujiwara)","BORDERPRECISION":1,"LINK":null}},
{"type":"Feature","geometry":{"type":"Polygon","coordinates":[[[44.6722,-16.2356],[44.4544,-16.2424],[44.4514,-16.7254],[44.378,-16.9226],[44.215,-17.1899],[43.9825,-17.5018],[43.9716,-17.5527],[44.0758,-17.8766],[44.107,-18.099],[44.1595,-18.4039],[44.3942,-18.7911],[44.2809,-19.0202],[44.251,-19.1028],[44.4105,-19.2678],[44.5357,-19.3692],[44.5854,-19.528],[44.5171,-20.0239],[44.4703,-20.1701],[44.1617,-20.6983],[43.8165,-21.3156],[43.6032,-21.3986],[43.501,-21.4942],[43.3248,-22.1111],[43.2913,-22.4098],[43.3764,-22.6321],[43.6554,-23.051],[43.7847,-23.2668],[43.8271,-23.4129],[43.6717,-23.9026],[43.6714,-24.2268],[43.7272,-24.3538],[43.9342,-24.5186],[43.981,-24.6266],[43.9898,-24.8808],[44.0368,-24.9887],[44.4253,-25.3121],[44.5464,-25.3372],[44.713,-25.3051],[44.9585,-25.3872],[45.0468,-25.4506],[45.2105,-25.66],[45.5762,-25.6211],[45.7895,-25.4109],[46.2391,-25.2637],[46.8551,-25.218],[46.9455,-25.1669],[47.1738,-24.8804],[47.2585,-24.7658],[47.4916,-24.0598],[48.0874,-22.0438],[48.6517,-20.3392],[49.0231,-19.1817],[49.3419,-18.2276],[49.4228,-17.8016],[49.4046,-17.4012],[49.4247,-17.1978],[49.7603,-16.7458],[49.8982,-16.4595],[49.8628,-16.2817],[49.685,-16.0469],[49.5977,-15.653],[49.6203,-15.4623],[49.7538,-15.3985],[50.0036,-15.7348],[50.0885,-15.8998],[50.1873,-15.9568],[50.4293,-15.594],[50.4551,-15.5495],[50.4863,-15.4795],[50.5033,-15.3142],[50.4301,-15.1047],[50.2544,-14.7745],[50.1502,-14.4189],[50.1085,-14.1202],[49.9762,-13.3007],[49.8805,-12.9196],[49.8172,-12.8307],[49.5418,-12.7042],[49.3366,-12.4123],[49.1763,-12.2665],[48.9348,-12.4767],[48.9334,-12.5784],[48.9933,-12.7372],[48.9175,-13.0487],[48.8572,-13.2522],[48.7513,-13.4177],[48.4397,-13.6535],[48.3496,-13.838],[48.2236,-13.7938],[48.11,-13.597],[48.0573,-13.5654],[47.9425,-13.5847],[47.9155,-13.7373],[48.049,-14.131],[47.9717,-14.2837],[47.8504,-14.3158],[47.7412,-14.3096],[47.699,-14.4432],[47.8125,-14.6273],[47.8837,-14.7161],[47.6329,-14.9836],[47.5295,-14.9583],[47.4263,-14.8251],[47.1993,-15.0163],[47.1061,-15.1436],[47.2446,-15.3657],[47.0695,-15.4614],[46.9246,-15.36],[46.7344,-15.4494],[46.3875,-15.6917],[46.4644,-15.8568],[46.4192,-15.9395],[46.2819,-15.9525],[46.1423,-15.8257],[45.7323,-15.8901],[45.5546,-16.0557],[45.4335,-16.0941],[45.2778,-16.05],[45.1969,-16.0374],[44.9174,-16.2033],[44.6722,-16.2356]],[[48.0147,-17.0228],[48.4882,-19.4493],[48.4882,-20.0411],[47.1862,-23.1186],[46.0025,-23.5921],[45.529,-23.5921],[45.2923,-22.6452],[46.6535,-17.733],[47.4821,-16.9044],[48.0147,-17.0228]]]},"properties":{"NAME":"Madagascar","SUBJECTO":"Madagascar","PARTOF":"Madagascar","BORDERPRECISION":1,"LINK":null}},
{"type":"Feature","geometry":{"type":"Polygon","coordinates":[[[19.58,69.1811],[19.2892,69.2106],[19.1702,69.2555],[18.9848,69.3154],[18.5532,69.2469],[18.3191,69.3594],[18.0974,69.058],[18.0515,69.0279],[17.9281,69.0051],[17.8947,69.0351],[17.5659,68.9744],[17.4489,68.887],[17.4069,68.7715],[17.0397,68.6585],[16.8548,68.5578],[17.1264,68.4161],[17.0333,68.3376],[16.7191,68.3114],[16.5219,68.3409],[16.6485,68.0457],[16.4116,67.8742],[16.2327,67.9111],[16.0711,68.0447],[15.9197,68.049],[15.8542,67.9252],[15.5722,67.8207],[15.7618,67.6763],[15.7457,67.5973],[15.5799,67.5833],[15.3845,67.4644],[15.2267,67.5086],[14.9762,67.5229],[14.6991,67.3744],[14.5692,67.3293],[14.6165,67.2453],[14.7777,67.2165],[14.6393,67.1231],[14.3731,67.0931],[14.0547,66.9746],[13.8591,66.9594],[13.7472,66.9224],[13.9916,66.6875],[13.592,66.6573],[13.3832,66.679],[13.2421,66.5685],[13.1686,66.4583],[13.2554,66.3925],[13.4028,66.3488],[13.581,66.1881],[13.1519,66.1361],[13.1088,66.0337],[13.0874,65.8804],[12.7091,65.9089],[12.4792,65.617],[12.2841,65.4349],[12.4962,65.3845],[12.5265,65.109],[12.2222,65.1011],[12.1121,65.1299],[11.8956,64.9127],[11.6897,64.7757],[11.4699,64.6746],[11.4065,64.617],[11.5077,64.5167],[11.3641,64.416],[11.2135,64.4157],[10.9966,64.4942],[10.8906,64.4725],[10.7398,64.3862],[10.0662,64.0555],[9.8701,63.8764],[9.8321,63.6836],[9.4409,63.4975],[9.2161,63.2836],[9.1542,63.319],[8.9572,63.404],[8.6059,63.3251],[8.4723,63.1755],[8.258,63.0543],[8.2313,62.8414],[7.9892,62.9403],[7.6065,62.9041],[7.0882,62.9102],[6.9819,62.8461],[7.1016,62.7046],[7.5467,62.5993],[7.2893,62.4856],[6.9887,62.5416],[6.613,62.5833],[6.5325,62.3357],[6.3084,62.2858],[6.0535,62.3348],[5.8236,62.179],[5.5646,62.1503],[5.4697,62.0937],[5.4257,62.0093],[5.5282,61.9326],[5.7195,61.8795],[5.8339,61.8194],[5.7971,61.7699],[5.5924,61.7897],[5.416,61.7695],[5.149,61.7409],[5.1011,61.6986],[5.141,61.3896],[5.0183,61.3051],[5.1196,61.1371],[5.387,61.0256],[5.1085,60.9061],[4.9804,60.6892],[5.0755,60.5917],[5.2552,60.5641],[5.4558,60.5924],[5.5511,60.5089],[5.2618,60.3271],[5.0962,60.2641],[5.2791,60.1253],[5.5246,60.1675],[5.8941,60.1613],[5.8058,59.9493],[5.6317,59.8838],[5.5433,59.8243],[5.694,59.7529],[5.9105,59.7529],[6.1854,59.8243],[5.9699,59.7113],[5.6666,59.6756],[5.7411,59.628],[5.6462,59.5865],[5.4493,59.6578],[5.4186,59.5152],[5.3826,59.7113],[5.0866,59.5092],[5.1766,59.3074],[5.2826,59.2718],[5.3503,59.3905],[5.3438,59.2659],[5.5285,59.2659],[5.7171,59.3371],[5.6829,59.4142],[5.6805,59.5092],[5.7995,59.432],[5.8159,59.3134],[6.1134,59.527],[6.0763,59.4202],[5.8775,59.3134],[6.0203,59.254],[6.2375,59.2837],[6.0326,59.2007],[5.7719,59.0762],[5.8223,59.017],[5.9404,58.9341],[6.0505,58.9814],[6.2661,58.9933],[6.0412,58.9518],[5.9837,58.8867],[6.0936,58.798],[5.7937,58.9163],[5.6658,58.8216],[5.6275,58.9637],[5.4746,58.9755],[5.531,58.8808],[5.3997,58.7152],[5.6155,58.4552],[5.8738,58.4316],[6.2313,58.2782],[6.6517,58.172],[6.4791,58.0895],[6.6437,58.0424],[6.7257,58.1367],[6.8742,58.0778],[6.9586,57.9717],[7.9084,58.066],[8.0302,58.066],[8.1537,58.0895],[8.1752,58.172],[8.9217,58.5379],[9.1459,58.6561],[9.3716,58.7861],[9.3462,58.8453],[9.6976,58.9992],[9.9376,58.94],[10.1723,58.9874],[10.2111,59.0703],[10.3633,59.2125],[10.4296,59.26],[10.3786,59.3667],[10.4071,59.4973],[10.5697,59.5805],[10.6336,59.4499],[10.5493,59.3786],[10.6568,59.2244],[10.7689,59.1177],[10.8292,59.1058],[11.1121,59.1651],[11.1789,59.0703],[11.0392,58.9104],[11.1404,58.8512],[11.2214,58.3083],[11.4067,58.3313],[11.4311,58.2015],[11.6139,58.2473],[11.8019,58.1779],[11.7091,58.0247],[11.6098,57.8069],[11.7364,57.6982],[12.4879,58.5629],[12.4228,60.0388],[12.4359,60.2781],[12.548,60.4339],[12.431,60.6258],[12.174,60.9564],[12.5974,61.0286],[12.7917,61.3299],[13.1549,62.0242],[14.3437,62.9481],[14.5361,63.0976],[17.0094,67.2478],[19.58,69.1811]]]},"properties":{"NAME":"Norway","SUBJECTO":"Norway","PARTOF":"Norway","BORDERPRECISION":1,"LINK":null}},
{"type":"Feature","geometry":{"type":"Polygon","coordinates":[[[48.0147,-17.0228],[47.4821,-16.9044],[46.6535,-17.733],[45.2923,-22.6452],[45.529,-23.5921],[46.0025,-23.5921],[47.1862,-23.1186],[48.4882,-20.0411],[48.4882,-19.4493],[48.0147,-17.0228]]]},"properties":{"NAME":"Expansionist Kingdom of Merina","SUBJECTO":"Expansionist Kingdom of Merina","PARTOF":"Expansionist Kingdom of Merina","BORDERPRECISION":1,"LINK":null}},
{"type":"Feature","geometry":{"type":"Polygon","coordinates":[[[8.8196,38.9769],[8.9314,39.0537],[8.9985,39.1751],[9.0625,39.2199],[9.2963,39.2331],[9.4789,39.1442],[9.6483,39.4572],[9.698,39.6935],[9.6308,40.0959],[9.6957,40.3137],[9.7878,40.442],[9.7937,40.5637],[9.5909,40.9029],[9.3062,41.1844],[8.9184,40.94],[8.7661,40.8628],[8.4056,40.8621],[8.2407,40.8553],[8.1595,40.7847],[8.2016,40.663],[8.4282,40.4649],[8.488,40.2088],[8.5085,39.9465],[8.465,39.6399],[8.3742,39.3078],[8.4172,39.2122],[8.5824,39.0658],[8.6961,38.9958],[8.8196,38.9769]]]},"properties":{"NAME":"Sardinia","SUBJECTO":"Sardinia","PARTOF":"Sardinia","BORDERPRECISION":1,"LINK":null}},
{"type":"Feature","geometry":{"type":"Polygon","coordinates":[[[109.4297,18.0966],[109.6691,18.4147],[110.1313,18.5872],[110.2625,18.6256],[110.3615,18.7656],[110.2987,18.8988],[110.427,19.2294],[110.6125,19.4712],[110.8118,19.6304],[110.8854,19.7068],[110.6174,20.0175],[110.2583,19.9405],[110.0606,19.9401],[109.9159,19.8],[109.6577,19.9011],[109.5503,19.9136],[109.4423,19.7355],[109.4201,19.6592],[109.1982,19.6841],[108.8737,19.404],[108.685,19.2956],[108.5769,19.1874],[108.5605,19.0603],[108.6519,18.4824],[108.9386,18.3306],[109.4297,18.0966]]]},"properties":{"NAME":"Hainan","SUBJECTO":"Hainan","PARTOF":"Hainan","BORDERPRECISION":1,"LINK":null}},
{"type":"Feature","geometry":{"type":"Polygon","coordinates":[[[33.3953,-20.0221],[33.3953,-19.1732],[32.6896,-18.6439],[31.2782,-18.6439],[29.6904,-18.8204],[28.6319,-19.8789],[28.6166,-19.9475],[28.279,-21.4667],[28.4555,-22.5252],[29.3376,-23.0545],[31.1018,-23.0545],[32.866,-21.996],[33.3953,-20.761],[33.3953,-20.0221]]]},"properties":{"NAME":"Great Zimbabwe","SUBJECTO":"Great Zimbabwe","PARTOF":"Great Zimbabwe","BORDERPRECISION":1,"LINK":null}},
{"type":"Feature","geometry":{"type":"Polygon","coordinates":[[[40.4004,-11.2304],[40.5364,-11.0267],[40.6195,-10.766],[40.524,-10.5501],[40.4662,-10.4753],[40.3869,-10.3725],[40.2088,-10.2521],[39.8382,-10.0051],[39.6576,-9.7957],[39.5768,-9.5417],[39.3918,-8.735],[39.4004,-8.3092],[39.4777,-7.9976],[39.4243,-7.8961],[39.2867,-7.8773],[39.2701,-7.8011],[39.4372,-7.3305],[39.5554,-7.1713],[39.5664,-7.0442],[39.2209,-6.7844],[38.9215,-6.3402],[38.8724,-6.0925],[38.9338,-5.6348],[39.1225,-5.037],[39.2291,-4.8449],[39.2673,-4.7762],[39.4174,-4.7314],[39.5298,-4.6167],[39.6814,-4.3241],[39.6401,-4.0827],[40.074,-3.4717],[40.2344,-3.1917],[40.2317,-3.0328],[40.2713,-2.8167],[40.4485,-2.6447],[40.7498,-2.5932],[40.8769,-2.4277],[40.9154,-2.0781],[41.0886,-2.1286],[41.3393,-2.0518],[41.6099,-1.8767],[41.6522,-1.7525],[41.6073,-1.5937],[41.8842,-1.2182],[42.4401,-0.5116],[42.9148,-0.017],[42.9412,0.0106],[43.0993,0.17],[43.7243,0.8003],[44.3007,1.2908],[44.5675,1.463],[45.5413,1.9671],[46.2254,2.5523],[46.3605,2.6678],[47.384,3.7948],[47.5564,3.9926],[47.6365,4.096],[46.4493,4.0804],[44.2814,3.3578],[43.4149,2.5148],[39.4166,-1.375],[37.7322,-4.5755],[38.2375,-9.292],[39.2482,-11.1449],[40.4004,-11.2304]]]},"properties":{"NAME":"Islamic city-states","SUBJECTO":"Islamic city-states","PARTOF":"Islamic city-states","BORDERPRECISION":1,"LINK":null}},
{"type":"Feature","geometry":{"type":"Polygon","coordinates":[[[16.4816,48.1958],[16.557,47.4954],[16.644,47.2997],[16.557,47.1909],[16.557,47.0605],[16.4483,46.93],[16.4483,46.7778],[16.5135,46.6256],[16.2961,46.4082],[16.5353,46.3647],[16.4483,46.1037],[16.2091,46.1472],[16.0787,45.8863],[16.2091,45.7341],[16.1222,45.5819],[15.9117,45.631],[16.8077,44.9351],[17.3376,45.1389],[17.8267,45.1389],[17.949,44.8128],[19.7851,44.9361],[20.2907,44.8997],[20.3137,44.9011],[20.7053,44.6423],[20.9942,44.7001],[21.3584,44.7729],[22.0767,44.4464],[22.338,44.7729],[22.6645,44.6423],[23.0563,45.0341],[26.5175,45.8178],[27.3664,46.3402],[27.6277,46.928],[27.4283,47.3836],[27.3911,47.4687],[26.6,47.666],[25.6317,48.2359],[24.3113,48.431],[23.7244,48.5088],[21.5531,49.0887],[22.0398,49.5028],[21.7707,49.5917],[21.7707,49.743],[21.7681,49.7437],[21.3169,49.864],[21.2866,49.7732],[21.1353,49.8337],[20.984,49.743],[20.8933,49.8337],[20.8025,49.8337],[20.8933,49.743],[20.6815,49.6522],[20.5302,49.8035],[20.3487,49.743],[20.0159,49.8035],[19.8949,49.4707],[19.7133,49.5312],[19.5621,49.5312],[19.5621,49.7127],[19.3805,49.8035],[19.1385,49.7127],[19.1082,49.5917],[18.9267,49.622],[18.5222,49.5611],[18.2504,49.1805],[18.2232,48.9903],[18.1145,48.9903],[18.1145,48.8544],[17.8698,48.8],[17.3534,48.9631],[16.4816,48.1958]]]},"properties":{"NAME":"Hungary","SUBJECTO":"Hungary","PARTOF":"Hungary","BORDERPRECISION":1,"LINK":null}},
{"type":"Feature","geometry":{"type":"MultiPolygon","coordinates":[[[[13.3677,45.6945],[13.0809,45.9804],[12.6455,45.9151],[12.1448,45.7628],[11.9707,45.4362],[12.1762,45.2143],[12.1804,45.2703],[12.2514,45.2903],[12.2797,45.4023],[12.4832,45.4623],[12.4482,45.3943],[12.8987,45.5584],[13.1046,45.5824],[13.1562,45.7265],[13.3677,45.6945]]],[[[14.1746,45.0104],[13.9081,44.9791],[13.7992,45.3056],[13.9516,45.3927],[13.9951,45.458],[13.8,45.5664],[13.7491,45.4943],[13.5563,45.4596],[13.5269,45.4543],[13.6436,45.1791],[13.6721,45.0504],[13.8951,44.7592],[13.9913,44.7831],[14.0604,44.8947],[14.1885,44.9425],[14.1746,45.0104]]]]},"properties":{"NAME":"Venice","SUBJECTO":"Venice","PARTOF":"Venice","BORDERPRECISION":1,"LINK":null}},
{"type":"Feature","geometry":{"type":"Polygon","coordinates":[[[9.4322,42.7941],[9.4142,42.9095],[9.3671,42.9881],[9.3032,42.9832],[9.2705,42.8825],[9.2804,42.7279],[9.2377,42.664],[9.1495,42.7107],[9.0184,42.691],[9.0004,42.6346],[8.879,42.6248],[8.6093,42.4873],[8.5004,42.3598],[8.6284,42.2617],[8.5172,42.2077],[8.5107,42.1341],[8.6265,42.0973],[8.6683,42.0287],[8.5896,41.9576],[8.5379,41.9478],[8.5619,41.8816],[8.6928,41.9135],[8.7424,41.8816],[8.6269,41.7321],[8.8233,41.688],[8.8546,41.6537],[8.7269,41.5606],[8.8288,41.492],[9.0133,41.4577],[9.0389,41.3695],[9.173,41.3499],[9.3045,41.5753],[9.3575,41.9012],[9.4525,42.0483],[9.4867,42.4064],[9.4586,42.5561],[9.4055,42.5806],[9.4322,42.7941]]]},"properties":{"NAME":"Corsica","SUBJECTO":"Corsica","PARTOF":"Corsica","BORDERPRECISION":1,"LINK":null}},
{"type":"Feature","geometry":{"type":"MultiPolygon","coordinates":[[[[115.9559,-3.1993],[114.6347,-1.6592],[113.7718,-1.8749],[112.8011,-1.8749],[111.3329,-1.3698],[110.1023,-3.0785],[110.2384,-3.0655],[110.3651,-2.9954],[110.6525,-2.9884],[110.7968,-3.1724],[111.436,-2.974],[111.5872,-2.7957],[111.7286,-3.2593],[111.7133,-3.3992],[111.7395,-3.647],[111.9034,-3.6148],[112.0469,-3.4556],[112.2456,-3.398],[112.4063,-3.4485],[112.5777,-3.4227],[112.6384,-3.3336],[112.7954,-2.971],[112.9493,-3.0406],[113.1235,-3.2436],[113.32,-3.294],[113.4608,-3.3827],[113.6084,-3.6111],[113.7445,-3.5981],[113.9706,-3.3625],[114.0995,-3.3495],[114.2185,-3.4319],[114.3562,-3.6032],[114.5046,-3.9651],[114.4936,-4.1558],[114.5809,-4.2954],[114.7124,-4.2062],[114.9858,-4.0785],[115.5681,-3.8039],[115.8063,-3.5365],[115.8634,-3.3775],[115.9559,-3.1993]]],[[[109.217,-7.0144],[109.1153,-7.7388],[109.5436,-7.8399],[110.0382,-7.9914],[110.4154,-8.2067],[110.7777,-8.3203],[111.4391,-8.3824],[112.0934,-8.4446],[112.4144,-8.4884],[112.571,-8.4626],[112.8358,-8.3476],[113.0738,-8.3471],[113.4747,-8.4861],[113.7438,-8.5999],[114.1048,-8.6881],[114.3293,-8.783],[114.0692,-8.434],[114.1376,-8.2114],[114.2522,-8.0204],[114.2308,-7.9315],[113.9484,-7.8241],[113.7614,-7.8308],[113.5587,-7.9139],[113.2626,-7.9082],[113.0727,-7.8768],[112.6784,-7.7188],[112.6246,-7.6744],[112.5009,-7.4649],[112.5366,-7.2645],[112.4049,-7.1346],[112.2748,-7.0269],[111.9168,-6.9577],[111.5683,-6.9204],[111.3297,-6.9082],[111.0447,-6.8516],[110.9145,-6.6294],[110.8146,-6.5343],[110.6133,-6.5411],[110.4915,-6.6621],[110.3959,-6.9547],[110.2426,-7.0313],[110.0273,-7.0445],[109.382,-6.9886],[109.217,-7.0144]]],[[[117.9377,-8.54],[118.0559,-8.608],[118.0331,-8.692],[117.9024,-8.6972],[117.8172,-8.8136],[117.6851,-8.7884],[117.5542,-8.7392],[117.5138,-8.6133],[117.334,-8.5667],[117.0593,-8.561],[116.9584,-8.5293],[116.8534,-8.5995],[116.7495,-8.6506],[116.6627,-8.7025],[116.6989,-8.816],[116.6345,-8.9334],[116.6632,-9.0593],[116.7542,-9.1146],[116.8003,-9.1463],[116.9764,-9.1777],[117.1159,-9.1223],[117.2766,-9.1452],[117.5573,-9.0556],[117.8409,-8.9544],[117.9739,-8.9754],[118.0772,-8.8599],[118.216,-8.7392],[118.254,-8.7655],[118.2107,-8.8862],[118.2746,-8.927],[118.658,-8.8562],[118.6255,-8.7864],[118.6888,-8.7602],[118.8282,-8.7864],[118.9705,-8.881],[118.982,-8.7025],[118.9542,-8.6552],[118.8726,-8.6715],[118.8633,-8.4808],[118.7608,-8.3793],[118.6177,-8.3924],[118.5442,-8.5293],[118.462,-8.5961],[118.4673,-8.3928],[118.42,-8.3246],[118.2671,-8.2774],[118.1301,-8.3426],[118.0483,-8.2984],[118.0247,-8.203],[117.9479,-8.1619],[117.8062,-8.178],[117.691,-8.2672],[117.6774,-8.3626],[117.7054,-8.4388],[117.7968,-8.4958],[117.9377,-8.54]]],[[[115.0724,-8.7814],[115.2437,-8.5903],[115.3482,-8.5456],[115.5005,-8.469],[115.0844,-8.2347],[114.8763,-8.2479],[114.645,-8.331],[114.4575,-8.3314],[114.5107,-8.4521],[114.8956,-8.6546],[115.0724,-8.7814]]]]},"properties":{"NAME":"East Java","SUBJECTO":"East Java","PARTOF":"East Java","BORDERPRECISION":1,"LINK":null}},
{"type":"Feature","geometry":{"type":"Polygon","coordinates":[[[102.0437,37.7381],[108.9718,37.7381],[109.8888,37.9418],[110.5001,39.8776],[109.3794,41.2021],[108.3605,41.5078],[105.9424,41.3683],[103.0626,41.2021],[101.4324,41.2021],[98.9872,41.8134],[96.2364,41.5078],[92.2629,42.1191],[91.346,42.1191],[88.1876,41.4059],[85.9461,41.4059],[85.233,40.9984],[85.2046,40.7712],[85.1311,40.1833],[85.8443,39.572],[88.2895,38.9607],[92.5686,38.7569],[96.2364,38.7569],[97.459,38.5531],[99.8023,37.84],[102.0437,37.7381]]]},"properties":{"NAME":"Xixia","SUBJECTO":"Xixia","PARTOF":"Xixia","BORDERPRECISION":1,"LINK":null}},
{"type":"Feature","geometry":{"type":"MultiPolygon","coordinates":[[[[80.5629,5.9317],[80.8518,5.9513],[81.2027,6.0792],[81.4339,6.2703],[81.5999,6.4486],[81.779,6.754],[81.8662,7.0846],[81.8049,7.3132],[81.446,7.9287],[81.3261,8.2589],[81.0601,8.4108],[81.0491,8.4743],[81.0934,8.6269],[81.0149,8.7728],[80.7676,9.1218],[80.6624,9.2995],[80.3476,9.4703],[80.1096,9.6866],[80.1781,9.4452],[80.0765,9.2791],[80.0526,9.1139],[79.896,8.9204],[79.7058,8.9309],[79.6746,8.8049],[79.8087,8.6475],[79.7242,8.4166],[79.8322,8.1031],[79.8407,7.6965],[79.8387,7.3534],[79.8541,7.0612],[80.0168,6.496],[80.1277,6.2167],[80.2222,6.058],[80.3411,5.9693],[80.5629,5.9317]]],[[[75.4399,11.7498],[75.5907,11.5175],[75.6518,11.4235],[76.0751,10.554],[76.2484,10.1035],[76.294,9.9849],[76.3853,9.7477],[76.4672,9.4101],[76.5379,9.119],[76.6624,8.8842],[76.7035,8.7064],[77.3414,8.0533],[77.4195,8.028],[77.4844,8.0282],[77.5888,8.0983],[77.6186,8.1174],[77.6632,8.1429],[77.7339,8.1773],[77.848,8.2327],[77.8998,8.2578],[78.0649,8.3853],[78.1358,8.4998],[78.1811,8.8112],[78.3138,8.9958],[78.6601,9.1236],[78.7976,9.1302],[79.1596,9.2772],[78.9377,9.4355],[78.9266,9.4927],[79.0723,9.7599],[79.2225,10.1922],[79.3063,10.2559],[79.5009,10.25],[79.7899,10.2506],[79.8263,10.3587],[79.7318,11.1527],[79.7107,11.4449],[79.7253,11.5159],[79.7694,11.731],[79.8667,11.9691],[79.9228,12.1062],[80.2238,12.8311],[80.3135,13.1045],[80.3199,13.3332],[80.2018,13.4917],[80.1781,13.5235],[80.0759,13.6694],[80.1697,13.892],[80.1617,14.2541],[80.0871,14.9464],[80.0894,15.1752],[80.1634,15.3913],[80.3002,15.6457],[80.4598,15.7731],[78.203,14.8143],[76.6747,13.286],[75.4399,11.7498]]]]},"properties":{"NAME":"Cholas","SUBJECTO":"Cholas","PARTOF":"Cholas","BORDERPRECISION":1,"LINK":null}},
{"type":"Feature","geometry":{"type":"Polygon","coordinates":[[[88.2895,38.9607],[87.6782,38.655],[88.0857,38.1456],[79.8331,35.4966],[79.8453,35.2252],[79.8979,34.0514],[79.8076,33.0578],[80.0785,31.8835],[79.8964,31.3977],[79.8076,31.1609],[79.8076,30.7092],[80.0066,30.1215],[80.054,29.9815],[83.74,28.2048],[84.4285,27.873],[86.4093,27.3297],[91.8303,27.2768],[94.1529,27.6685],[94.3708,26.9214],[94.4917,26.5069],[94.6803,26.5258],[96.4276,26.7005],[98.6372,27.4787],[100.6816,28.691],[100.493,30.0883],[100.6866,31.3951],[101.9365,32.3509],[103.1549,33.2826],[103.2033,34.1053],[102.088,34.8657],[101.6876,36.3074],[102.0437,37.7381],[99.8023,37.84],[97.459,38.5531],[96.2364,38.7569],[92.5686,38.7569],[88.2895,38.9607]]]},"properties":{"NAME":"Tibet","SUBJECTO":"Tibet","PARTOF":"Tibet","BORDERPRECISION":1,"LINK":null}},
{"type":"Feature","geometry":{"type":"Polygon","coordinates":[[[102.0437,37.7381],[101.6876,36.3074],[102.088,34.8657],[103.2033,34.1053],[103.1549,33.2826],[101.9365,32.3509],[100.6866,31.3951],[100.493,30.0883],[100.6816,28.691],[101.219,26.9909],[102.9613,26.7973],[105.1876,25.8294],[106.5854,22.9189],[107.4178,21.1858],[107.7898,21.4025],[107.8756,21.4621],[107.9,21.479],[108.1167,21.4985],[108.2659,21.4734],[108.3873,21.5309],[108.4589,21.7089],[108.4666,21.7851],[108.555,21.8234],[108.813,21.4936],[109.1174,21.399],[109.3219,21.4312],[109.4143,21.5648],[109.5161,21.5968],[109.7798,21.483],[109.7868,21.4068],[109.6081,21.057],[109.6029,20.8792],[109.7116,20.5682],[109.9283,20.2447],[110.2713,20.3153],[110.4337,20.4363],[110.4141,20.5252],[110.2932,20.5821],[110.0772,20.8675],[110.0724,20.9183],[110.2026,21.0964],[110.2338,21.2553],[110.2388,21.2807],[110.3634,21.2429],[110.5664,21.2306],[110.7496,21.3771],[111.0856,21.4794],[111.4342,21.4611],[111.5361,21.4931],[111.734,21.7095],[111.8312,21.7541],[112.0395,21.6593],[112.3079,21.6789],[112.4725,21.7301],[112.7495,21.7561],[112.8153,21.8261],[112.8156,21.9341],[112.8713,22.0612],[113.0967,21.9791],[113.2837,22.0303],[113.3777,22.1639],[113.3991,22.4752],[113.4193,22.5705],[113.3766,22.6466],[113.4626,22.7739],[113.536,22.7041],[113.7168,22.4822],[113.8452,22.4634],[113.9891,22.5527],[114.3039,22.6486],[114.5375,22.6745],[114.5587,22.4649],[114.8478,22.51],[115.0435,22.5994],[115.1855,22.7458],[115.3088,22.7714],[115.5425,22.6957],[115.7067,22.6389],[115.86,22.8361],[116.0847,22.8874],[116.3406,22.9133],[116.4002,22.9833],[116.4039,23.1993],[116.4521,23.2502],[116.7091,23.346],[116.9627,23.5562],[117.2454,23.633],[117.4059,23.6905],[117.7532,23.9834],[117.8491,24.0471],[117.7961,24.4217],[117.8613,24.5108],[117.9249,24.5617],[118.1242,24.5304],[118.3456,24.4673],[118.5312,24.69],[118.8129,24.8494],[118.9454,25.1355],[119.0237,25.3135],[119.0959,25.4407],[119.3354,25.5301],[119.4286,25.6509],[119.4703,25.7717],[119.436,26.0383],[119.5549,26.2672],[119.4289,26.5908],[119.6007,26.6928],[119.857,26.706],[119.9714,26.7888],[120.0841,26.9859],[120.3518,27.177],[120.4089,27.3105],[120.5059,27.5901],[120.6865,27.8699],[120.9424,28.2133],[121.0086,28.277],[121.1659,28.1249],[121.2597,28.1823],[121.3585,28.3857],[121.3458,28.5444],[121.4325,28.8367],[121.5668,29.1735],[121.6492,29.3197],[121.5582,29.3576],[121.4115,29.3446],[121.3619,29.4144],[121.4984,29.5226],[121.6704,29.6245],[121.7744,29.7645],[121.7703,29.8343],[121.5652,29.8466],[121.3913,29.9224],[121.1552,30.1886],[121.0825,30.2138],[120.8627,30.188],[120.4379,29.9966],[120.2676,30.0216],[119.9437,30.1162],[120.2269,30.2502],[120.6087,30.3462],[121.0355,30.5947],[121.3284,30.6905],[121.5689,30.7101],[121.6319,30.7928],[121.6402,30.9261],[121.4989,31.2814],[121.3079,31.4207],[121.2683,31.4523],[121.6233,31.6182],[121.645,31.688],[121.606,31.8276],[121.4837,31.948],[121.2305,32.0618],[121.0508,32.328],[120.7383,32.4607],[120.6609,32.5431],[120.7194,32.848],[120.6406,33.0446],[120.3403,33.3361],[120.1494,33.8943],[119.9736,34.1352],[119.6205,34.3694],[119.2999,34.5909],[119.0209,34.6919],[119.0032,34.9395],[119.0602,35.0413],[119.6888,35.545],[119.9073,35.7681],[119.9756,35.9336],[119.9138,36.1434],[120.1393,36.1948],[120.1965,36.1567],[120.2037,36.0359],[120.2697,35.9851],[120.5048,36.0556],[120.5373,36.3865],[120.8555,36.5844],[121.6099,36.8342],[121.8467,36.8602],[121.9801,36.8222],[122.2556,36.7337],[122.2813,36.982],[122.3929,37.3006],[122.2695,37.3003],[122.0576,37.3636],[121.8948,37.376],[121.4343,37.3368],[121.1898,37.4255],[120.7874,37.7049],[120.6581,37.7365],[120.4181,37.6787],[120.1694,37.5763],[119.9407,37.3529],[119.5989,37.1166],[119.2844,37.046],[118.9546,37.0771],[118.837,37.2042],[118.8116,37.4461],[118.8673,37.7074],[118.8752,37.9494],[118.7446,38.0638],[118.2003,38.0436],[117.8407,38.1639],[117.5895,38.2845],[117.479,38.4499],[117.4395,38.6028],[117.5101,38.7656],[115.6962,39.572],[111.417,39.572],[110.5001,39.8776],[109.8888,37.9418],[108.9718,37.7381],[102.0437,37.7381]]]},"properties":{"NAME":"Song Empire","SUBJECTO":"Song Empire","PARTOF":"Song Empire","BORDERPRECISION":1,"LINK":null}},
{"type":"Feature","geometry":{"type":"Polygon","coordinates":[[[101.219,26.9909],[98.5826,25.4009],[99.4282,21.6672],[101.0076,21.4235],[103.7869,20.2218],[104.026,20.1184],[104.5584,20.1668],[104.8488,21.7639],[106.5854,22.9189],[105.1876,25.8294],[102.9613,26.7973],[101.219,26.9909]]]},"properties":{"NAME":"Nan Chao","SUBJECTO":"Nan Chao","PARTOF":"Nan Chao","BORDERPRECISION":1,"LINK":null}},
{"type":"Feature","geometry":{"type":"Polygon","coordinates":[[[106.5854,22.9189],[104.8488,21.7639],[104.5584,20.1668],[104.026,20.1184],[103.7869,20.2218],[103.0581,17.9987],[104.1113,17.9987],[104.933,17.4509],[105.3997,16.331],[106.2039,16.053],[106.4515,16.188],[106.7912,16.3731],[107.3753,16.6915],[107.115,16.9546],[107.0051,17.038],[106.6223,17.3284],[106.4331,17.5503],[106.3938,17.6645],[106.3752,17.8995],[106.3644,18.0075],[105.8641,18.4892],[105.6533,18.7428],[105.5326,18.8442],[105.707,19.2829],[105.8434,19.7024],[105.9649,19.8805],[106.0417,19.9379],[106.2814,20.0464],[106.3809,20.1101],[106.6443,20.4664],[106.7716,20.6381],[106.7462,20.8159],[106.807,20.905],[107.3743,20.8808],[107.4658,20.9763],[107.4178,21.1858],[106.5854,22.9189]]]},"properties":{"NAME":"Đại Việt","SUBJECTO":"Đại Việt","PARTOF":"Đại Việt","BORDERPRECISION":1,"LINK":null}},
{"type":"Feature","geometry":{"type":"Polygon","coordinates":[[[103.0581,17.9987],[101.6061,15.5691],[97.9898,14.2066],[98.1989,13.6448],[98.4027,13.2664],[98.4859,13.1118],[98.5968,12.7372],[99.9303,13.261],[99.8514,13.9082],[100.2127,14.1972],[100.6463,14.1972],[100.9354,14.0527],[100.9087,13.4473],[100.957,13.3649],[100.8712,12.8056],[100.8716,12.6785],[101.023,12.6725],[101.1537,12.6093],[101.3291,12.5588],[101.5866,12.661],[101.7235,12.655],[101.9186,12.5855],[102.3239,12.1861],[102.5298,12.1484],[102.6585,12.0661],[102.6708,12.0377],[102.9626,11.3679],[103.0396,10.898],[103.192,10.9046],[103.4001,11.0385],[103.5249,11.0578],[103.6523,10.8802],[103.6703,10.7659],[103.5885,10.6641],[103.5249,10.5242],[103.6069,10.4735],[103.7388,10.4929],[103.831,10.474],[104.0031,10.5379],[104.1603,10.5192],[104.272,10.3987],[104.3872,10.3144],[104.4278,10.2847],[104.7649,10.1774],[104.9785,9.9809],[104.9873,9.8221],[104.8904,9.6948],[104.8224,9.4723],[104.7776,8.8813],[104.7425,8.4937],[104.9071,8.475],[105.0257,8.5197],[105.2084,8.6535],[105.2966,8.7744],[105.5031,9.029],[105.6908,9.1247],[105.9266,9.1888],[106.1184,9.3353],[106.2293,9.5516],[106.3351,9.52],[106.482,9.5521],[106.6563,9.7431],[106.7486,10.0673],[106.727,10.2261],[106.7044,10.4484],[106.7732,10.6392],[106.9299,11.8424],[107.8978,12.5684],[107.8978,13.6815],[107.4623,14.9883],[106.4515,16.188],[106.2039,16.053],[105.3997,16.331],[104.933,17.4509],[104.1113,17.9987],[103.0581,17.9987]]]},"properties":{"NAME":"Khmer Empire","SUBJECTO":"Khmer Empire","PARTOF":"Khmer Empire","BORDERPRECISION":1,"LINK":null}},
{"type":"Feature","geometry":{"type":"Polygon","coordinates":[[[106.4515,16.188],[107.4623,14.9883],[107.8978,13.6815],[107.8978,12.5684],[106.9299,11.8424],[106.7732,10.6392],[106.8538,10.5758],[107.0356,10.4364],[107.2657,10.348],[107.412,10.3674],[107.6729,10.5268],[107.9387,10.8069],[108.1643,10.9662],[108.3528,11.0428],[108.5815,11.0878],[108.6959,11.1452],[108.8973,11.3426],[108.9433,11.4122],[109.0613,11.5907],[109.0734,11.6352],[109.0484,11.9338],[109.0909,12.1181],[109.0684,12.4865],[109.1745,12.7091],[109.3071,12.9063],[109.0711,14.17],[108.9178,14.7923],[108.7861,15.0906],[108.4989,15.3631],[108.3631,15.6233],[108.2361,16.0804],[108.0953,16.2516],[107.8092,16.2827],[107.692,16.3714],[107.3753,16.6915],[106.7912,16.3731],[106.4515,16.188]]]},"properties":{"NAME":"Champa","SUBJECTO":"Champa","PARTOF":"Champa","BORDERPRECISION":1,"LINK":null}},
{"type":"Feature","geometry":{"type":"Polygon","coordinates":[[[97.4185,16.4828],[97.7343,18.3761],[97.4439,19.1021],[97.0084,19.1989],[96.6993,19.1243],[95.6048,18.8601],[94.2441,18.5869],[94.2474,18.5788],[94.4205,18.1408],[94.4653,17.6645],[94.4653,17.6428],[94.4649,17.2643],[94.392,16.9084],[94.1434,16.2154],[94.1444,16.0057],[94.3041,15.9489],[94.4156,16.0762],[94.5397,16.1336],[94.8193,16.2105],[94.8196,16.1597],[94.7534,15.9372],[94.828,15.842],[94.9726,15.836],[95.1248,15.9951],[95.2202,16.0017],[95.223,15.8048],[95.3298,15.6779],[95.4182,15.7417],[95.5523,15.8753],[95.7138,16.1552],[96.2039,16.385],[96.4692,16.5126],[96.6629,16.6972],[96.7341,16.888],[96.7704,17.3327],[96.8816,17.3457],[96.9831,17.2442],[97.215,16.9398],[97.352,16.5272],[97.4185,16.4828]]]},"properties":{"NAME":"Mon state","SUBJECTO":"Mon state","PARTOF":"Mon state","BORDERPRECISION":1,"LINK":null}},
{"type":"Feature","geometry":{"type":"Polygon","coordinates":[[[94.6803,26.5258],[93.8098,22.5227],[92.4537,20.5734],[92.6628,20.4049],[92.8271,20.4243],[92.9215,20.3737],[92.9333,20.3102],[92.8944,20.1132],[93.0656,19.9928],[93.2485,20.0377],[93.3343,20.0252],[93.416,19.9428],[93.7238,19.594],[93.7478,19.4734],[93.815,19.2576],[93.675,19.2509],[93.4579,19.1742],[93.6947,19.0096],[93.839,18.9527],[93.9656,19.1944],[94.2981,22.2963],[94.8789,22.6835],[95.4596,22.7319],[95.8952,22.6351],[96.476,21.7639],[96.6993,19.1243],[97.0084,19.1989],[97.4439,19.1021],[97.7343,18.3761],[97.4185,16.4828],[97.5732,16.4451],[97.5961,16.3498],[97.6114,16.0958],[97.6641,15.7909],[97.7423,15.0097],[97.823,14.616],[97.9791,14.2352],[97.9898,14.2066],[101.6061,15.5691],[103.0581,17.9987],[103.7869,20.2218],[101.0076,21.4235],[99.4282,21.6672],[98.5826,25.4009],[101.219,26.9909],[100.6816,28.691],[98.6372,27.4787],[96.4276,26.7005],[94.6803,26.5258]]]},"properties":{"NAME":"Kingdom of Sukhotai","SUBJECTO":"Kingdom of Sukhotai","PARTOF":"Kingdom of Sukhotai","BORDERPRECISION":1,"LINK":null}},
{"type":"Feature","geometry":{"type":"Polygon","coordinates":[[[96.6993,19.1243],[96.476,21.7639],[95.8952,22.6351],[95.4596,22.7319],[94.8789,22.6835],[94.2981,22.2963],[93.9656,19.1944],[94.0537,19.0611],[94.2441,18.5869],[95.6048,18.8601],[96.6993,19.1243]]]},"properties":{"NAME":"Pyu state","SUBJECTO":"Pyu state","PARTOF":"Pyu state","BORDERPRECISION":1,"LINK":null}},
{"type":"Feature","geometry":{"type":"MultiPolygon","coordinates":[[[[111.3329,-1.3698],[110.7059,-0.6035],[110.6362,0.1628],[111.2632,0.7898],[110.9683,1.2255],[110.8176,1.2443],[110.4752,1.4405],[110.2895,1.5164],[109.9018,1.5536],[109.7231,1.6168],[109.554,1.8007],[109.5175,1.8205],[109.4259,1.8703],[109.2824,1.8827],[109.1462,1.5202],[108.9555,1.2593],[108.8961,1.1003],[108.8143,0.8078],[108.8703,0.5411],[108.841,0.3313],[108.9991,0.1982],[109.1242,-0.017],[109.1578,-0.0747],[109.0734,-0.4053],[109.1895,-0.5385],[109.4286,-0.7096],[109.1789,-0.869],[109.2445,-0.9324],[109.5998,-1.1223],[109.7828,-1.3062],[109.9409,-1.6426],[109.9462,-1.8587],[110.0659,-2.494],[110.0764,-2.7863],[110.1023,-3.0785],[111.3329,-1.3698]]],[[[109.217,-7.0144],[109.1611,-7.0231],[108.9534,-6.9387],[108.5558,-6.9205],[108.4754,-6.6855],[108.309,-6.4508],[108.1733,-6.3557],[107.9696,-6.4388],[107.7687,-6.4519],[107.677,-6.3304],[107.5246,-6.3508],[107.3396,-6.1541],[107.0614,-6.0785],[106.9451,-6.026],[106.9351,-6.136],[106.864,-6.2696],[106.628,-6.3094],[106.5213,-6.11],[106.3081,-6.1309],[106.0242,-6.0807],[105.9332,-6.026],[105.8915,-6.1509],[105.7915,-6.2569],[105.8107,-6.4816],[105.6722,-6.4563],[105.664,-6.5193],[105.6335,-6.7552],[105.4674,-6.8132],[105.2862,-6.7712],[105.1439,-6.7817],[105.1848,-6.8657],[105.7522,-6.9202],[105.89,-6.9326],[106.1175,-6.9957],[106.3655,-7.0397],[106.5466,-7.16],[106.3447,-7.3702],[106.3202,-7.4338],[106.4837,-7.5034],[107.2068,-7.5336],[107.3676,-7.565],[107.7297,-7.7867],[108.1602,-7.8556],[108.3607,-7.8361],[108.6104,-7.7021],[109.0372,-7.7203],[109.1153,-7.7388],[109.217,-7.0144]]],[[[99.8584,2.9044],[98.7103,2.8537],[97.5971,2.2514],[97.74,2.2072],[97.9825,2.1124],[98.3026,1.9352],[98.6006,1.7071],[98.671,1.6183],[98.7193,1.4786],[98.6891,1.3705],[98.9989,0.5578],[99.1133,0.2212],[99.401,0.0884],[99.5304,-0.017],[99.6966,-0.1524],[99.972,-0.5013],[100.272,-0.9709],[100.6503,-1.631],[100.7963,-2.0247],[100.7788,-2.1772],[100.8121,-2.336],[101.3455,-3.0149],[101.6596,-3.3193],[102.1107,-3.6043],[102.1968,-3.7566],[102.2865,-3.9788],[102.4622,-4.1818],[103.0686,-4.6127],[103.5235,-4.9994],[103.8725,-5.3418],[104.4769,-5.9824],[104.5685,-6.0712],[104.6422,-5.9757],[104.4647,-5.6392],[104.5634,-5.6009],[105.0328,-5.8795],[105.0691,-5.7587],[105.1867,-5.5423],[105.304,-5.5802],[105.4757,-5.815],[105.6407,-5.929],[105.6893,-5.8971],[105.7285,-5.8271],[105.7956,-5.3503],[105.7964,-5.2296],[105.7871,-4.9309],[105.7967,-4.7339],[105.6932,-4.3083],[105.7111,-4.1049],[105.9428,-3.2147],[105.6287,-2.9103],[105.5639,-2.7134],[105.4449,-2.5993],[105.3652,-2.5804],[104.9946,-2.4668],[104.6778,-2.6708],[104.6098,-2.5757],[104.8126,-2.1558],[104.5675,-2.1373],[104.4725,-2.0803],[104.3524,-1.8899],[104.3552,-1.7056],[104.2977,-1.3625],[104.2299,-1.1911],[104.1212,-1.1405],[103.7469,-1.1159],[103.3842,-0.8943],[103.3113,-0.8182],[103.2376,-0.6595],[103.4087,-0.5002],[103.5007,-0.3157],[103.6866,-0.1183],[103.7136,-0.017],[103.7222,0.0152],[103.4631,0.2879],[103.2405,0.459],[103.0466,0.5284],[102.7016,0.5658],[102.4718,0.6225],[102.2783,0.7428],[102.1359,0.9395],[102.0098,1.2697],[101.8681,1.4346],[101.6753,1.5231],[101.4743,1.5481],[101.2758,1.7192],[101.0598,2.081],[100.8317,2.1758],[100.8006,2.0677],[100.8561,1.9661],[100.8543,1.8772],[100.7319,1.8706],[100.4565,2.1178],[100.1214,2.5428],[99.8632,2.5676],[99.8722,2.6376],[99.8584,2.9044]]],[[[103.3078,3.0263],[102.4362,3.1708],[101.2643,3.2252],[101.3364,2.7805],[101.4338,2.6664],[101.8926,2.3369],[102.4467,2.0331],[102.7169,1.8812],[103.1147,1.6088],[103.3491,1.4124],[103.4277,1.3808],[103.6084,1.4447],[104.0107,1.4201],[104.1756,1.3887],[104.1477,1.4459],[103.8304,2.1696],[103.6781,2.4107],[103.4396,2.6326],[103.3511,2.804],[103.3078,3.0263]]],[[[106.5527,-3.1752],[106.4707,-2.9212],[106.5234,-2.7939],[106.6427,-2.7111],[106.3286,-2.572],[106.0365,-2.204],[105.8963,-1.8039],[105.8634,-1.6261],[105.7224,-1.7471],[105.6557,-1.957],[105.4267,-1.7096],[105.3214,-1.8179],[105.1997,-2.1105],[105.2518,-2.1739],[105.4528,-2.1608],[105.5835,-2.205],[105.8118,-2.3824],[105.8823,-2.5602],[105.9024,-2.7254],[105.9947,-2.8904],[106.1643,-2.9981],[106.5527,-3.1752]]]]},"properties":{"NAME":"Srivijaya Empire","SUBJECTO":"Srivijaya Empire","PARTOF":"Srivijaya Empire","BORDERPRECISION":1,"LINK":null}},
{"type":"Feature","geometry":{"type":"Polygon","coordinates":[[[110.5001,39.8776],[111.417,39.572],[115.6962,39.572],[117.5101,38.7656],[117.5751,38.9153],[117.7529,39.2025],[117.9101,39.2602],[118.0699,39.2542],[118.2746,38.9996],[118.4124,39.0509],[118.5593,39.1723],[118.7813,39.1664],[118.9776,39.2241],[119.0906,39.3391],[119.1494,39.454],[119.2107,39.639],[119.3855,39.8434],[119.5478,39.933],[119.8238,40.0422],[120.1127,40.0811],[120.2727,40.1518],[120.7884,40.6838],[121.0106,40.8507],[121.0853,40.8572],[121.368,40.8706],[121.4267,40.8643],[121.7536,40.737],[122.0824,40.488],[122.1079,40.3537],[122.0365,40.264],[121.789,40.0781],[121.6681,39.9054],[121.2394,39.5538],[121.2133,39.4836],[121.2822,39.3499],[121.449,39.3821],[121.6602,39.3315],[121.5118,39.1719],[121.1237,38.8651],[121.0653,38.7503],[121.2165,38.757],[121.4884,38.8786],[121.7432,39.0894],[122.0275,39.2558],[123.0391,39.6722],[123.3664,39.7494],[123.9165,39.8079],[124.1041,39.8848],[124.1108,39.8754],[129.8247,41.8614],[130.4351,42.2768],[130.4676,42.2988],[131.0646,42.7492],[131.3568,42.9939],[131.5842,43.2127],[131.8652,43.2904],[133.3993,44.6712],[133.709,45.4144],[133.0277,46.5292],[131.9129,46.5292],[127.5775,44.4235],[123.6138,43.9899],[120.0836,43.8041],[113.8283,43.2467],[108.3605,41.5078],[109.3794,41.2021],[110.5001,39.8776]]]},"properties":{"NAME":"Liao","SUBJECTO":"Liao","PARTOF":"Liao","BORDERPRECISION":1,"LINK":null}},
{"type":"Feature","geometry":{"type":"Polygon","coordinates":[[[99.8584,2.9044],[99.7959,2.9805],[99.4913,3.126],[98.9624,3.4362],[98.6253,3.6579],[98.1455,4.0699],[98.1994,4.3114],[98.1738,4.3813],[97.9428,4.5205],[97.5293,5.0407],[97.3841,5.1801],[97.2038,5.1734],[96.9995,5.1094],[96.7527,5.0644],[96.602,5.0768],[96.1873,5.1458],[96.0247,5.2153],[95.7405,5.4689],[95.6277,5.5258],[95.4641,5.5699],[95.2832,5.5505],[95.2161,5.4995],[95.1906,5.4105],[95.2051,5.2453],[95.3082,4.9596],[95.5609,4.5345],[95.8276,4.2237],[96.1184,3.9511],[96.3944,3.6467],[96.7204,3.7046],[96.886,3.5143],[97.2545,3.1402],[97.4277,2.9246],[97.5087,2.7405],[97.5433,2.4101],[97.5971,2.2514],[98.7103,2.8537],[99.8584,2.9044]]]},"properties":{"NAME":"minor Hindu and Buddhist states","SUBJECTO":"minor Hindu and Buddhist states","PARTOF":"minor Hindu and Buddhist states","BORDERPRECISION":1,"LINK":null}},
{"type":"Feature","geometry":{"type":"Polygon","coordinates":[[[47.0639,15.7482],[46.2769,17.1178],[45.2404,17.6937],[42.7637,16.6455],[42.8144,16.4041],[42.828,16.3215],[42.8839,15.9849],[42.7635,15.667],[42.7959,15.4701],[43.0533,14.6065],[43.2069,14.0795],[43.3476,13.851],[43.384,13.5652],[43.3028,13.241],[43.3408,13.1267],[43.4836,12.93],[43.5601,12.8603],[43.6049,12.8289],[43.8406,12.6639],[44.0627,12.6136],[44.4405,12.6398],[44.6811,12.8246],[44.7888,12.8057],[44.9636,12.8252],[45.1934,12.9337],[45.396,13.0739],[45.5186,13.2076],[45.6925,13.3478],[45.8259,13.4052],[46.0793,13.3994],[46.6012,13.4005],[46.8777,13.4739],[46.9394,13.4902],[47.3696,13.6691],[47.6623,13.8476],[48.0362,14.0454],[48.2701,14.0776],[48.5367,14.0464],[48.7646,14.0977],[48.8793,14.1687],[47.0639,15.7482]]]},"properties":{"NAME":"Yemen","SUBJECTO":"Yemen","PARTOF":"Yemen","BORDERPRECISION":1,"LINK":null}},
{"type":"Feature","geometry":{"type":"Polygon","coordinates":[[[48.8793,14.1687],[48.9604,14.2189],[49.1732,14.4989],[49.3338,14.6327],[49.7129,14.7733],[50.2911,14.9588],[51.3126,15.2469],[51.599,15.3788],[51.9504,15.5405],[52.1352,15.6871],[52.1629,15.8714],[52.2376,16.1003],[52.3566,16.2339],[52.6522,16.4887],[52.8943,16.61],[53.0209,16.6538],[53.2085,16.7186],[53.3357,16.7634],[53.6813,16.8975],[54.0843,17.0191],[54.4069,17.0452],[54.7561,16.9507],[54.9106,16.9701],[55.1948,17.1486],[55.2356,17.2884],[55.2344,17.4473],[55.2904,17.6761],[55.3895,17.8097],[55.5611,17.9372],[55.7081,17.9502],[55.8815,17.9315],[56.0128,17.9318],[56.2576,17.9768],[56.4576,18.0916],[56.5494,18.2188],[56.6086,18.4667],[56.7389,18.6894],[56.9043,18.8168],[57.1862,18.9381],[56.7256,19.1546],[53.9385,19.1546],[51.8154,18.1249],[50.5111,17.1467],[47.8376,16.4217],[47.0639,15.7482],[48.8793,14.1687]]]},"properties":{"NAME":"Hadramaut","SUBJECTO":"Hadramaut","PARTOF":"Hadramaut","BORDERPRECISION":1,"LINK":null}},
{"type":"Feature","geometry":{"type":"Polygon","coordinates":[[[59.8373,22.2792],[59.8257,22.3745],[59.4614,22.5389],[59.2543,22.729],[59.0216,23.0208],[58.6285,23.4583],[58.4647,23.5088],[58.2053,23.4955],[58.0807,23.5016],[57.9042,23.5711],[57.451,23.8052],[57.3963,23.837],[57.1462,23.9825],[56.7942,24.2676],[56.6108,24.4769],[56.4054,24.8195],[56.4053,24.9187],[56.4065,25.08],[56.4063,25.3087],[56.366,25.4547],[56.2816,25.4624],[56.1613,25.4733],[56.2148,25.5433],[56.405,25.8614],[56.3671,26.2361],[56.2973,26.1597],[56.1567,25.9665],[56.0155,25.7716],[55.6335,25.4532],[55.5305,25.373],[55.4572,25.4202],[55.0908,25.02],[54.7708,24.7335],[55.5544,23.5191],[57.7165,22.1893],[59.8373,22.2792]]]},"properties":{"NAME":"Muscat","SUBJECTO":"Muscat","PARTOF":"Muscat","BORDERPRECISION":1,"LINK":null}},
{"type":"Feature","geometry":{"type":"Polygon","coordinates":[[[64.0592,25.401],[64.1201,25.3122],[64.2383,25.2108],[64.425,25.1731],[64.8512,25.2058],[65.2157,25.2701],[65.7688,25.3093],[66.3001,25.4947],[66.4323,25.4886],[66.6205,25.3175],[66.7005,25.1144],[66.6481,24.9046],[66.6542,24.7839],[66.7017,24.7523],[66.9995,24.7148],[67.1536,24.6516],[67.2042,24.5882],[67.3159,24.0929],[67.486,23.9281],[67.6923,23.8142],[68.047,23.7641],[68.0722,23.6752],[68.8645,24.4809],[68.9663,24.7021],[70.289,27.5776],[70.4734,27.8542],[71.1561,28.8782],[71.2367,30.0679],[71.4038,32.5322],[69.6359,31.4715],[67.3781,30.1168],[65.0247,28.3208],[63.6002,28.073],[64.1576,26.7724],[64.0592,25.401]]]},"properties":{"NAME":"Soomra Emirate","SUBJECTO":"Soomra Emirate","PARTOF":"Soomra Emirate","BORDERPRECISION":1,"LINK":null}},
{"type":"Feature","geometry":{"type":"Polygon","coordinates":[[[71.4038,32.5322],[72.2104,33.3721],[67.8842,36.8516],[67.3422,37.2129],[66.7099,37.2129],[66.5293,38.1162],[64.6324,38.8388],[63.7291,39.4711],[63.1215,39.8087],[62.3294,39.7605],[55.4869,39.3449],[54.9295,39.1591],[54.8676,36.8057],[55.6108,35.9386],[56.5398,35.9386],[61.928,29.7452],[62.857,28.4446],[63.6002,28.073],[65.0247,28.3208],[67.3781,30.1168],[69.6359,31.4715],[71.4038,32.5322]]]},"properties":{"NAME":"Ghaznavid Emirate","SUBJECTO":"Ghaznavid Emirate","PARTOF":"Ghaznavid Emirate","BORDERPRECISION":1,"LINK":null}},
{"type":"Feature","geometry":{"type":"Polygon","coordinates":[[[41.5163,41.462],[41.484,41.4365],[41.2931,41.2858],[40.6099,41.028],[40.361,40.9634],[40.0067,40.9563],[39.663,41.0005],[39.3702,41.064],[39.1386,41.0443],[38.6512,40.9216],[38.314,40.9209],[37.8218,41.0096],[37.2528,41.0277],[36.817,41.2897],[36.6412,41.315],[36.3829,41.2375],[36.1614,41.3525],[35.9578,41.6856],[35.6779,41.6209],[35.4114,41.6268],[35.2861,41.6715],[35.0988,41.8059],[35.0019,42.0432],[34.6629,41.8756],[34.3039,41.8941],[33.8967,41.9511],[33.5555,41.9825],[33.1555,41.9496],[32.6879,41.846],[32.419,41.7492],[31.8713,41.4914],[31.6664,41.3948],[31.3857,41.285],[31.4041,41.1635],[31.2177,41.0541],[30.7448,41.0403],[30.2561,41.1847],[30.1376,41.1318],[29.5778,41.1534],[29.1612,41.2164],[29.0145,40.9787],[29.2896,40.8067],[29.3204,40.7411],[29.4172,40.7411],[29.6834,40.7516],[29.8827,40.7464],[29.7131,40.6936],[29.5252,40.6883],[28.9016,40.6201],[28.778,40.5247],[28.8732,40.4719],[29.0835,40.4561],[29.1223,40.4139],[29.0524,40.3347],[28.9268,40.3558],[28.7564,40.3765],[28.4777,40.3951],[28.004,40.3621],[27.9082,40.3506],[28.0065,40.4508],[27.9538,40.4877],[27.8078,40.5036],[27.6793,40.4614],[27.7998,40.4033],[27.8302,40.3453],[27.7639,40.2873],[27.526,40.2971],[27.4496,40.3098],[27.3292,40.3558],[27.2718,40.4508],[27.0561,40.4297],[26.9965,40.3717],[26.7653,40.3769],[26.4817,40.187],[26.4031,40.1765],[26.3203,39.9919],[26.186,39.9972],[26.1276,39.8786],[26.1407,39.75],[26.1419,39.6606],[26.0849,39.604],[26.0641,39.4555],[26.139,39.4397],[26.5462,39.5133],[26.8043,39.5672],[26.9575,39.5483],[26.9262,39.4765],[26.8535,39.4608],[26.7202,39.3372],[26.6022,39.2557],[26.7041,39.2505],[26.7079,39.1821],[26.7971,39.1296],[26.8708,39.056],[26.7898,39.0244],[26.7853,38.9403],[26.9368,38.9246],[27.0042,38.8848],[27.0349,38.8211],[26.9664,38.7699],[26.7095,38.6986],[26.6957,38.6408],[26.8288,38.583],[26.8197,38.5273],[26.9974,38.4001],[26.7425,38.2784],[26.5274,38.4182],[26.4687,38.4448],[26.3916,38.2191],[26.3932,38.1044],[26.5123,38.0663],[26.6793,38.1049],[26.9614,37.9461],[27.1398,37.8891],[27.1798,37.7744],[27.1411,37.6469],[27.1226,37.4939],[27.1604,37.3601],[27.3646,37.3286],[27.4925,37.2397],[27.5256,37.1314],[27.2686,37.0417],[27.3081,36.9207],[27.5535,36.9148],[27.9988,36.9094],[28.051,36.833],[27.9419,36.7563],[27.9119,36.6989],[28.0142,36.5272],[28.2669,36.7124],[28.4698,36.7383],[28.8135,36.5352],[29.0023,36.6948],[29.2982,36.1731],[29.4719,36.0907],[29.662,36.0783],[30.1661,36.1876],[30.2799,36.1178],[30.3949,36.118],[30.4728,36.1883],[30.4967,36.373],[30.5401,36.647],[30.5936,36.7617],[30.9053,36.7942],[31.3707,36.7123],[31.902,36.4969],[32.335,36.1284],[32.6403,36.008],[32.9041,35.9767],[33.1713,35.9709],[33.4817,36.0543],[33.7532,36.1466],[33.8337,36.0706],[33.8359,36.1073],[33.891,36.1388],[33.9541,36.1598],[33.9517,36.2516],[34.1032,36.3803],[34.4851,36.6268],[34.6624,36.6478],[34.8699,36.5769],[35.0714,36.4877],[35.2205,36.388],[35.3542,36.4142],[35.3887,36.4536],[35.4171,36.4326],[35.4946,36.4431],[35.5476,36.5402],[35.5062,36.5586],[35.5676,36.5874],[35.6717,36.6058],[35.8909,36.7711],[35.9568,36.7475],[36.0824,36.6215],[36.1045,36.5612],[36.0953,36.4825],[35.8172,36.301],[35.8141,36.2985],[35.7086,36.2122],[35.6649,36.1335],[35.7185,36.0916],[35.8291,35.8848],[35.8559,35.8345],[35.7395,35.6903],[35.6914,35.685],[35.7332,35.5854],[35.6804,35.5277],[35.664,35.4595],[35.6073,35.4175],[35.7964,35.2707],[35.8414,35.0426],[35.8089,35.0138],[35.7508,34.7468],[35.8519,34.4929],[36.8778,35.3911],[37.0263,35.7499],[37.3835,36.6131],[37.5942,37.1609],[39.6168,37.8351],[41.0074,38.3408],[41.808,38.6779],[42.0187,39.1835],[42.3137,39.9842],[42.6711,40.6593],[41.5163,41.462]]]},"properties":{"NAME":"Byzantine Empire","SUBJECTO":"Byzantine Empire","PARTOF":"Byzantine Empire","BORDERPRECISION":1,"LINK":null}},
{"type":"Feature","geometry":{"type":"MultiPolygon","coordinates":[[[[15.4486,41.8567],[14.9224,41.9718],[14.7385,42.0472],[14.4392,41.8787],[13.5691,41.8564],[13.5973,41.7998],[13.6471,41.75],[13.6471,41.7998],[13.863,41.75],[13.863,41.7832],[13.9294,41.75],[13.8796,41.667],[13.8796,41.6338],[13.9294,41.6338],[13.9626,41.5176],[13.9626,41.4677],[14.029,41.4013],[13.9958,41.3515],[13.9792,41.3349],[13.8132,41.3183],[13.7605,41.2067],[13.797,41.1934],[13.8525,41.091],[13.9419,40.998],[14.0509,40.7675],[14.24,40.8529],[14.3703,40.8515],[14.4946,40.73],[14.3498,40.6425],[14.3341,40.5936],[14.7433,40.7048],[14.951,40.5515],[14.9923,40.3722],[14.8987,40.2415],[15.0273,40.2122],[15.432,39.989],[15.5159,40.0659],[15.6662,40.0919],[15.7665,40.5741],[15.598,41.0798],[15.4486,41.8567]]],[[[14.622,36.7761],[14.9424,36.7386],[15.0273,36.7451],[15.2206,37.0004],[15.3013,37.0579],[15.1162,37.2869],[15.1122,37.459],[15.181,37.6823],[15.4225,38.0526],[15.4729,38.1101],[15.4537,38.1674],[15.3867,38.2055],[14.7659,38.0576],[14.1345,37.9735],[13.8095,37.9664],[13.628,38.0298],[13.3225,38.2205],[13.066,38.0669],[12.7828,38.1174],[12.6643,38.0725],[12.5166,37.9192],[12.4541,37.766],[12.532,37.6387],[12.6369,37.5815],[13.0116,37.5249],[13.8684,37.157],[14.2159,37.0493],[14.622,36.7761]]]]},"properties":{"NAME":"Dutchy of Benevento","SUBJECTO":"Dutchy of Benevento","PARTOF":"Dutchy of Benevento","BORDERPRECISION":1,"LINK":null}},
{"type":"Feature","geometry":{"type":"Polygon","coordinates":[[[35.8519,34.4929],[35.8731,34.4223],[35.821,34.3438],[35.7162,34.3124],[35.5321,34.1187],[35.5244,33.9748],[35.4919,33.8308],[35.4299,33.7445],[35.3486,33.7445],[35.3561,33.6398],[35.2084,33.3336],[35.1323,33.2315],[35.089,33.0693],[34.972,32.9384],[34.9591,32.7967],[34.9566,32.7048],[34.895,32.6628],[34.8429,32.6707],[34.7585,32.3007],[34.6813,32.046],[34.5991,31.8179],[34.5007,31.6211],[34.1953,31.2381],[34.1463,31.2086],[33.917,31.0701],[33.7096,30.9957],[33.5576,30.9677],[33.2546,31.0265],[33.1296,31.0517],[33.0214,31.1321],[32.7687,30.9516],[32.5972,30.9639],[32.3094,31.084],[32.0765,31.0137],[31.8081,31.1783],[31.7174,31.3878],[31.3923,31.4443],[31.1514,31.4437],[30.996,31.4689],[30.8271,31.4367],[30.4761,31.3153],[30.0991,31.2319],[29.6831,31.0532],[29.3594,30.8111],[29.2488,30.7537],[28.9664,30.7848],[28.5172,30.9618],[28.0998,30.9991],[27.9194,30.9987],[27.7633,31.1826],[27.4388,31.2518],[27.0881,31.3067],[26.824,31.3586],[26.1433,31.4906],[25.7895,31.4898],[25.5072,31.4448],[25.2582,31.4379],[25.1066,31.5138],[24.9822,31.647],[24.9515,31.8185],[24.8159,31.9072],[24.2369,31.925],[24.0344,31.9373],[23.7424,32.0641],[23.714,32.0764],[23.2886,32.1327],[23.1533,32.1388],[23.0267,32.2529],[23.0073,32.4816],[22.9228,32.5577],[22.5431,32.7221],[22.216,32.7913],[21.6734,32.8156],[21.0545,32.6301],[20.7651,32.496],[20.5155,32.3875],[20.3657,32.2982],[20.0684,32.0371],[19.9615,31.7955],[19.9416,31.6112],[19.9921,31.3508],[20.1167,31.0715],[20.1168,30.9571],[19.9815,30.7217],[19.6639,30.4415],[19.3228,30.2565],[19.3188,30.2554],[19.1245,30.1989],[18.915,30.2049],[18.8854,30.2212],[18.5372,30.4137],[17.9572,30.7684],[17.709,30.8949],[17.4216,30.996],[16.9838,31.0967],[16.7825,31.1281],[16.3184,31.1653],[16.0134,31.2282],[15.8433,31.285],[15.5334,31.5512],[15.3581,31.805],[15.2414,32.1733],[15.1637,32.2748],[15.0098,32.3634],[14.7908,32.363],[14.4334,32.4639],[14.157,32.6794],[13.4588,32.7796],[13.1871,32.7918],[12.7989,32.7338],[12.5648,32.7396],[12.117,32.8785],[11.4707,33.1441],[11.2089,33.2515],[11.0991,33.5372],[10.9565,33.5751],[10.7781,33.473],[10.6502,33.4982],[10.4126,33.6311],[10.1487,33.8784],[10.0195,34.0815],[10.1164,34.2342],[10.574,34.6481],[10.8394,34.8012],[11.0828,35.145],[11.1251,35.2406],[10.989,35.6223],[10.8308,35.6793],[10.6026,35.8889],[10.5115,36.0862],[10.5092,36.2136],[10.6334,36.424],[10.9201,36.6539],[11.0394,36.909],[11.0238,37.0683],[10.8433,36.9915],[10.5806,36.7934],[10.3928,36.7166],[10.2715,36.7546],[10.1589,36.9965],[10.1327,37.1047],[10.0214,37.2001],[9.7322,37.2824],[9.4161,37.2754],[9.1503,37.1729],[8.8655,36.9684],[8.6367,36.8853],[8.145,36.8139],[7.9132,36.7752],[7.792,36.8324],[7.719,36.9533],[7.5449,37.0421],[7.307,37.0608],[7.2049,36.9905],[7.0632,36.8819],[6.923,36.8178],[6.7705,36.8621],[6.3229,37.0906],[6.0474,36.8416],[5.7302,36.7517],[5.3827,36.6745],[5.1445,36.6677],[4.7772,36.7434],[4.6321,36.7941],[4.5326,36.813],[4.3946,36.8382],[4.1639,36.8314],[3.7412,36.8369],[3.5869,36.792],[3.3238,36.6512],[3.07,36.6189],[2.8099,36.7139],[2.5244,36.5732],[2.2938,36.5408],[1.5797,36.5139],[1.2374,35.8864],[0.8706,33.0739],[0.4578,32.5474],[2.4531,32.6687],[5.6813,32.8154],[6.5029,32.7326],[7.8923,32.5926],[12.5327,30.8049],[17.002,28.751],[17.9705,28.6124],[21.6791,28.0819],[25.4382,28.0082],[27.4283,27.1974],[29.3447,24.028],[30.8189,23.6594],[32.5142,23.7331],[35.1899,24.3999],[34.9974,24.7172],[34.5148,25.5739],[34.1042,26.3545],[33.9288,26.5638],[33.8041,26.9321],[33.5669,27.37],[33.3542,27.9095],[32.9347,28.3788],[32.6493,28.7658],[32.5906,28.9372],[32.3185,29.5402],[32.4384,29.7755],[32.648,29.8522],[32.7373,29.6935],[32.8136,29.4777],[32.9438,29.1984],[33.1785,28.9956],[33.3307,28.5512],[33.5041,28.3292],[33.856,28.025],[34.058,27.7903],[34.2412,27.7589],[34.322,27.829],[34.3988,28.096],[34.5489,28.7316],[34.7643,29.2467],[34.9355,29.4181],[34.9543,29.4368],[34.9847,29.4672],[35.0734,29.4189],[35.0955,29.3427],[35.0721,29.2114],[35.0257,28.9486],[34.8856,28.3575],[34.7989,28.2302],[34.7639,28.0967],[34.8756,28.097],[35.1116,28.0721],[35.4365,27.7297],[35.5948,27.514],[35.8311,27.0952],[36.3122,26.4227],[36.3298,26.4028],[36.6693,26.0168],[37.0053,25.5347],[37.2183,25.1666],[37.2685,24.9698],[37.2015,24.6583],[37.4188,24.3983],[37.5572,24.2715],[37.7818,24.2148],[37.9884,24.1136],[38.3294,23.8347],[38.4901,23.6127],[38.9151,22.8702],[39.0556,22.5719],[39.1022,22.4004],[39.1033,22.0002],[39.1304,21.6508],[39.1667,21.2188],[39.5269,20.6922],[39.7641,20.4068],[40.3363,20.0967],[40.6938,19.8687],[40.8198,19.6847],[41.9226,20.7665],[41.8125,21.7126],[41.138,22.4064],[40.1798,24.028],[39.0742,25.5021],[37.4209,27.8341],[37.3635,27.9574],[36.5935,29.7873],[36.5248,31.1615],[37.2119,33.5665],[38.0364,34.5972],[38.3722,35.1409],[37.0263,35.7499],[36.8778,35.3911],[35.8519,34.4929]]]},"properties":{"NAME":"Fatimid Caliphate","SUBJECTO":"Fatimid Caliphate","PARTOF":"Fatimid Caliphate","BORDERPRECISION":1,"LINK":null}},
{"type":"Feature","geometry":{"type":"Polygon","coordinates":[[[8.3428,44.2202],[8.2889,44.5682],[7.6775,44.7313],[7.5144,45.3834],[8.4927,46.1171],[8.4111,47.4622],[7.2699,47.4622],[6.7808,47.9513],[6.2518,47.9572],[6.0987,48.0268],[6.0569,47.9572],[5.9595,47.985],[5.9595,47.8041],[5.8204,47.7346],[5.9178,47.5954],[5.7925,47.5119],[5.7786,47.3588],[5.7369,47.2336],[5.6673,47.1083],[5.7939,46.9972],[5.757,46.8867],[5.6464,46.8498],[5.6255,46.6491],[5.7397,46.5978],[5.7249,46.48],[5.6457,46.4567],[5.4156,46.5242],[5.2683,46.318],[5.5334,46.097],[5.5334,46.0086],[5.3567,46.0528],[5.3567,45.876],[5.6071,45.8466],[5.8234,45.3962],[5.9345,45.3221],[5.9469,45.2604],[6.0581,45.2233],[6.0334,45.3345],[6.0828,45.3715],[6.1445,45.3221],[6.2187,45.3468],[6.2681,45.3221],[6.2434,45.2974],[6.2804,45.1986],[6.5073,45.1157],[6.6653,44.9545],[6.9426,44.8687],[7.0035,44.7195],[6.9247,44.715],[6.7829,44.5479],[6.8698,44.3492],[6.7869,44.2968],[6.7869,44.198],[6.8363,44.1115],[6.8857,44.1486],[6.9351,44.1362],[6.9722,44.0621],[6.9969,44.0497],[6.9228,43.9756],[6.9598,43.9139],[6.8857,43.9015],[6.9228,43.815],[7.3552,43.9015],[7.3971,43.7641],[7.4675,43.8108],[7.5528,43.8675],[7.6891,43.887],[7.9795,43.9649],[8.0896,44.0508],[8.1864,44.1264],[8.3428,44.2202]]]},"properties":{"NAME":"Burgandy","SUBJECTO":"Burgandy","PARTOF":"Burgandy","BORDERPRECISION":1,"LINK":null}},
{"type":"Feature","geometry":{"type":"Polygon","coordinates":[[[15.9117,45.631],[15.4698,45.7341],[15.4236,45.4297],[14.88,45.484],[14.7985,45.8645],[14.5267,45.783],[14.3545,45.3229],[14.5246,45.2663],[14.8154,45.0779],[14.9455,44.9266],[14.907,44.7233],[14.9891,44.54],[15.2859,44.3289],[15.5482,44.2293],[15.2744,44.2366],[15.1495,44.2399],[15.4123,43.9348],[15.4944,43.8884],[15.9128,43.6522],[16.0594,43.4335],[16.3667,43.513],[16.5485,43.4613],[16.6398,43.3897],[16.7115,43.7713],[16.7015,43.8467],[16.804,44.0962],[16.8651,44.2447],[16.857,44.3426],[16.8077,44.9351],[15.9117,45.631]]]},"properties":{"NAME":"Croatia","SUBJECTO":"Croatia","PARTOF":"Croatia","BORDERPRECISION":1,"LINK":null}},
{"type":"Feature","geometry":{"type":"MultiPolygon","coordinates":[[[[16.8077,44.9351],[16.857,44.3426],[16.8173,44.8202],[18.8887,44.4708],[18.8997,42.4816],[19.8796,42.1397],[19.5203,41.7828],[19.607,41.7615],[19.6194,41.5593],[19.4989,41.5236],[19.417,41.3453],[19.53,41.2184],[19.4454,40.9649],[19.5273,40.8659],[19.3392,40.5887],[19.4945,40.4027],[19.4837,40.2959],[19.3802,40.3236],[19.3691,40.2603],[19.8036,40.017],[20.0286,39.8138],[20.0908,39.6025],[21.5816,39.6892],[22.6951,39.8345],[22.5551,39.9867],[22.5256,40.0642],[22.4674,40.1185],[22.4896,40.2305],[22.6023,40.3972],[22.4921,40.4983],[23.2672,42.0489],[23.7307,42.1754],[27.4947,42.4009],[27.502,42.5163],[27.654,42.6837],[27.8362,42.7355],[27.8699,42.7999],[27.8873,43.0635],[28.0346,43.3919],[28.1871,43.4501],[28.3281,43.4375],[28.4457,43.4764],[28.4805,43.5923],[28.5101,43.7431],[28.5299,43.8435],[28.5731,44.1978],[28.6862,44.4881],[28.9182,44.7658],[29.0897,44.8757],[29.2616,44.8954],[29.4575,44.9151],[29.579,45.0575],[29.7108,45.2583],[29.0644,45.1647],[28.4022,45.3594],[28.3683,45.3309],[28.0186,45.3155],[27.8236,44.8382],[28.0848,44.577],[27.9542,44.2505],[26.4522,44.2505],[25.4726,43.728],[24.6236,43.9893],[24.2318,43.7933],[23.5134,44.0546],[22.9257,43.7933],[22.9257,44.1852],[22.4686,44.3811],[22.6645,44.6423],[22.338,44.7729],[22.0767,44.4464],[21.3584,44.7729],[20.9942,44.7001],[20.7053,44.6423],[20.3137,44.9011],[20.2907,44.8997],[19.7851,44.9361],[17.949,44.8128],[17.8267,45.1389],[17.3376,45.1389],[16.8077,44.9351]]],[[[16.6398,43.3897],[16.9923,43.3227],[17.0751,43.2227],[17.2942,43.0825],[17.0751,43.2228],[16.9923,43.3227],[16.6398,43.3897]]]]},"properties":{"NAME":"Bulgar Khanate","SUBJECTO":"Bulgar Khanate","PARTOF":"Bulgar Khanate","BORDERPRECISION":1,"LINK":null}},
{"type":"Feature","geometry":{"type":"Polygon","coordinates":[[[22.0398,49.5028],[24.1445,51.2936],[24.3483,51.905],[24.1694,54.2802],[23.3529,54.141],[21.4643,53.8191],[21.1049,53.8191],[20.8098,53.6376],[20.7094,53.7581],[20.4282,53.7781],[20.3863,53.5111],[20.0783,53.5111],[20.0783,53.6651],[19.565,53.4598],[19.2057,53.2544],[18.949,53.2544],[18.5897,53.1004],[16.0531,52.7164],[15.8439,52.7103],[14.1341,52.4089],[14.7289,51.1306],[14.6474,50.7637],[12.7725,50.4376],[12.1203,50.0708],[12.1203,49.5409],[13.0578,48.5627],[13.9545,48.4404],[14.892,48.1958],[15.2996,48.2774],[15.5849,48.5627],[16.4001,48.4812],[16.4816,48.1958],[17.3534,48.9631],[17.8698,48.8],[18.1145,48.8544],[18.1145,48.9903],[18.2232,48.9903],[18.2504,49.1805],[18.5222,49.5611],[18.9267,49.622],[19.1082,49.5917],[19.1385,49.7127],[19.3805,49.8035],[19.5621,49.7127],[19.5621,49.5312],[19.7133,49.5312],[19.8949,49.4707],[20.0159,49.8035],[20.3487,49.743],[20.5302,49.8035],[20.6815,49.6522],[20.8933,49.743],[20.8025,49.8337],[20.8933,49.8337],[20.984,49.743],[21.1353,49.8337],[21.2866,49.7732],[21.3169,49.864],[21.7681,49.7437],[21.7707,49.743],[21.7707,49.5917],[22.0398,49.5028]]]},"properties":{"NAME":"Poland","SUBJECTO":"Poland","PARTOF":"Poland","BORDERPRECISION":1,"LINK":null}},
{"type":"Feature","geometry":{"type":"Polygon","coordinates":[[[17.0972,16.219],[14.6674,16.2301],[12.8779,16.0598],[12.639,15.6618],[12.639,14.4676],[13.8332,13.4327],[15.8193,13.1192],[17.6544,13.1939],[18.7689,13.5123],[19.4058,14.4676],[19.167,15.1841],[18.4505,15.7414],[17.0972,16.219]]]},"properties":{"NAME":"Kanem","SUBJECTO":"Kanem","PARTOF":"Kanem","BORDERPRECISION":1,"LINK":null}},
{"type":"Feature","geometry":{"type":"Polygon","coordinates":[[[29.3447,24.028],[29.2774,18.8462],[29.5162,17.652],[30.7899,15.5026],[31.188,16.219],[31.6656,16.6171],[32.3821,16.6967],[33.8151,16.7763],[34.452,16.4579],[35.3277,15.423],[37.0791,17.0947],[37.8951,18.5601],[37.7612,18.6426],[37.48,18.8199],[37.3982,18.915],[37.2546,19.6517],[37.165,20.7643],[37.1278,21.2272],[36.9035,21.7286],[36.8001,21.9149],[36.6604,22.1665],[36.4732,22.3377],[36.2902,22.5724],[36.1114,22.6483],[35.7463,22.9143],[35.6893,23.0213],[35.5759,23.2317],[35.4685,23.7207],[35.4879,23.7906],[35.6163,23.8353],[35.7247,23.9118],[35.6566,23.9943],[35.4535,24.1527],[35.1899,24.3999],[32.5142,23.7331],[30.8189,23.6594],[29.3447,24.028]]]},"properties":{"NAME":"Makkura","SUBJECTO":"Makkura","PARTOF":"Makkura","BORDERPRECISION":1,"LINK":null}},
{"type":"Feature","geometry":{"type":"Polygon","coordinates":[[[30.7899,15.5026],[30.4715,14.3084],[30.4715,13.5123],[30.7899,11.2037],[31.2676,10.6464],[31.7453,10.2484],[33.5763,10.0095],[34.452,10.2484],[35.4073,11.2833],[35.6461,12.7958],[35.3277,15.423],[34.452,16.4579],[33.8151,16.7763],[32.3821,16.6967],[31.6656,16.6171],[31.188,16.219],[30.7899,15.5026]]]},"properties":{"NAME":"Alwa","SUBJECTO":"Alwa","PARTOF":"Alwa","BORDERPRECISION":1,"LINK":null}},
{"type":"Feature","geometry":{"type":"Polygon","coordinates":[[[-16.1322,15.6023],[-16.2241,15.1427],[-16.2241,15.0508],[-16.0402,14.4074],[-15.6726,13.8558],[-15.2129,13.7639],[-14.6614,13.7639],[-14.2018,14.0397],[-13.7422,14.4074],[-13.5583,15.1427],[-13.6503,15.7862],[-13.8341,16.1539],[-14.1099,16.3377],[-14.3856,16.5216],[-14.8453,16.5216],[-15.3968,16.4296],[-15.7645,16.2458],[-16.0402,15.97],[-16.1322,15.6023]]]},"properties":{"NAME":"Takrur","SUBJECTO":"Takrur","PARTOF":"Takrur","BORDERPRECISION":1,"LINK":null}},
{"type":"Feature","geometry":{"type":"Polygon","coordinates":[[[-11.6995,17.1137],[-11.9085,16.3822],[-11.804,15.7553],[-8.8783,14.2925],[-6.9976,14.397],[-4.8033,15.5463],[-5.0123,16.6957],[-7.8335,17.6361],[-11.6995,17.1137]]]},"properties":{"NAME":"Ghana","SUBJECTO":"Ghana","PARTOF":"Ghana","BORDERPRECISION":1,"LINK":null}},
{"type":"Feature","geometry":{"type":"Polygon","coordinates":[[[-9.5799,13.3283],[-9.5799,12.3848],[-9.1308,11.9131],[-7.6336,11.347],[-6.5108,11.347],[-5.0885,11.5357],[-4.6394,12.0074],[-4.5645,12.7622],[-5.0137,13.4227],[-7.7833,13.8945],[-8.7396,13.8945],[-9.0559,13.8945],[-9.5799,13.3283]]]},"properties":{"NAME":"Mali","SUBJECTO":"Mali","PARTOF":"Mali","BORDERPRECISION":1,"LINK":null}},
{"type":"Feature","geometry":{"type":"Polygon","coordinates":[[[-77.9917,-10.2345],[-77.292,-8.9832],[-77.7167,-8.2644],[-79.1476,-8.0929],[-79.0602,-8.2155],[-78.7509,-8.7867],[-78.3021,-9.6689],[-77.9917,-10.2345]]]},"properties":{"NAME":"Chimú Empire","SUBJECTO":"Chimú Empire","PARTOF":"Chimú Empire","BORDERPRECISION":1,"LINK":null}},
{"type":"Feature","geometry":{"type":"Polygon","coordinates":[[[-77.9917,-10.2345],[-77.7587,-10.6589],[-77.6916,-10.8367],[-77.6825,-11.0146],[-77.7072,-11.256],[-77.6739,-11.2941],[-77.4639,-11.389],[-77.3355,-11.5094],[-76.7106,-12.7597],[-76.3592,-13.2291],[-76.238,-13.502],[-76.2382,-13.9086],[-76.2418,-14.1056],[-76.0526,-14.4101],[-75.7853,-14.7272],[-75.2309,-15.2216],[-74.6214,-15.665],[-74.0496,-16.045],[-73.6726,-16.1967],[-73.283,-16.3674],[-72.9801,-16.5319],[-72.5872,-16.7407],[-72.3099,-16.8798],[-72.09,-16.9938],[-71.8632,-17.1203],[-71.6119,-17.2215],[-69.5361,-13.8233],[-71.2308,-12.7267],[-75.5764,-10.6126],[-77.3381,-7.6764],[-77.5147,-6.9702],[-78.8399,-6.6447],[-79.3972,-6.0875],[-79.8749,-6.0875],[-80.3428,-6.5261],[-80.274,-6.5661],[-80.0659,-6.7563],[-79.7971,-7.1941],[-79.6746,-7.3527],[-79.1476,-8.0929],[-77.7167,-8.2644],[-77.292,-8.9832],[-77.9917,-10.2345]]]},"properties":{"NAME":"Huari Empire","SUBJECTO":"Huari Empire","PARTOF":"Huari Empire","BORDERPRECISION":1,"LINK":null}},
{"type":"Feature","geometry":{"type":"Polygon","coordinates":[[[-71.6119,-17.2215],[-71.4702,-17.3927],[-71.3652,-17.6974],[-71.224,-17.8051],[-70.5841,-18.0833],[-70.4539,-18.2228],[-70.3636,-18.455],[-70.296,-18.629],[-70.2085,-19.0672],[-70.1898,-19.7596],[-70.1124,-20.6934],[-70.1106,-21.7479],[-70.1923,-22.161],[-70.2011,-22.2175],[-70.2339,-22.428],[-70.2302,-22.7964],[-70.292,-22.9871],[-70.4731,-23.0764],[-70.5732,-23.1656],[-70.5527,-23.3434],[-70.5796,-23.4896],[-70.4152,-23.5274],[-70.3595,-23.6607],[-70.4628,-23.9341],[-70.4528,-24.347],[-70.5194,-24.4551],[-70.4977,-24.8298],[-70.3981,-25.2489],[-70.4932,-25.4714],[-70.683,-25.7704],[-70.6546,-26.2595],[-70.6913,-26.5137],[-70.748,-26.8759],[-70.849,-27.2807],[-70.8574,-27.3144],[-70.9346,-27.7274],[-71.142,-27.9946],[-71.199,-28.245],[-71.2972,-28.6683],[-71.4301,-29.1005],[-71.3862,-29.2846],[-71.2336,-29.5193],[-71.2367,-29.8496],[-71.3295,-30.1039],[-71.4961,-30.3456],[-71.6816,-30.6],[-71.6954,-30.8541],[-71.6515,-31.2414],[-71.5198,-32.1812],[-70.0275,-30.6778],[-69.4055,-29.6412],[-68.0597,-26.4681],[-68.0339,-26.029],[-67.8248,-22.4749],[-67.3562,-19.1943],[-67.2376,-18.3642],[-67.9423,-15.428],[-69.2342,-14.0186],[-69.5361,-13.8233],[-71.6119,-17.2215]]]},"properties":{"NAME":"Tiahuanaco Empire","SUBJECTO":"Tiahuanaco Empire","PARTOF":"Tiahuanaco Empire","BORDERPRECISION":1,"LINK":null}},
{"type":"Feature","geometry":{"type":"Polygon","coordinates":[[[-90,19.3815],[-91.2197,19.1025],[-91.7025,18.8235],[-91.5256,18.7448],[-91.479,18.6338],[-91.611,18.5445],[-91.7297,18.4157],[-92.107,18.5159],[-90,17.7157],[-89.6763,17.464],[-88.327,17.1566],[-88.2205,17.5143],[-88.3004,17.6354],[-88.1119,18.1939],[-88.1237,18.3871],[-88.3992,18.309],[-88.3205,18.4944],[-88.3114,18.7415],[-88.1377,18.8944],[-88.105,18.8245],[-88.0301,18.6213],[-87.8771,18.3809],[-87.8495,18.489],[-87.8004,18.7434],[-87.6822,19.2813],[-87.6371,19.5747],[-87.7886,19.5125],[-87.8582,19.5823],[-87.774,19.7414],[-87.6597,19.8751],[-87.6507,20.1899],[-87.5081,20.3902],[-87.3133,20.5815],[-87.07,20.8045],[-86.9359,20.9764],[-86.9002,21.1672],[-86.9216,21.3006],[-87.2006,21.5289],[-87.3709,21.5707],[-87.5969,21.4835],[-88.1094,21.5651],[-88.3337,21.59],[-88.6011,21.564],[-89.0581,21.3978],[-89.5475,21.2951],[-89.8628,21.2499],[-90,21.1607],[-90,21.1414],[-90,20.9912],[-90,20.6764],[-90,20.1613],[-90,19.9467],[-90,19.7535],[-90,19.3815]]]},"properties":{"NAME":"Maya city-states","SUBJECTO":"Maya city-states","PARTOF":"Maya city-states","BORDERPRECISION":1,"LINK":null}},
{"type":"Feature","geometry":{"type":"Polygon","coordinates":[[[-95.1302,16.2995],[-94.8347,16.3192],[-94.363,16.2248],[-94.0754,16.1112],[-94.0516,16.0793],[-93.8116,15.9209],[-93.5879,15.7411],[-94.242,18.2402],[-94.5899,18.2712],[-94.8165,18.4995],[-95.0833,18.7024],[-95.3431,18.7718],[-95.5392,18.765],[-95.8439,18.7961],[-96.0123,18.9293],[-96.3407,19.4816],[-96.5788,19.9197],[-96.7952,20.1545],[-96.8815,20.3577],[-97.2234,20.7638],[-97.5042,21.1892],[-97.6281,21.5512],[-97.7093,21.801],[-100.2548,22.5719],[-100.8917,20.7409],[-105.291,20.6704],[-105.312,20.5877],[-105.3928,20.5113],[-105.62,20.4726],[-105.6873,20.4026],[-105.6704,20.3517],[-105.5069,20.1041],[-105.173,19.6599],[-104.9479,19.4378],[-104.6694,19.3176],[-104.1973,19.058],[-103.9749,18.8805],[-103.7483,18.5949],[-103.4939,18.3539],[-102.6682,18.095],[-102.3583,18.0321],[-102.0855,18.0581],[-101.9926,18.0265],[-101.4872,17.5763],[-101.2208,17.4179],[-100.7374,17.2219],[-100.4126,17.0573],[-99.9791,16.893],[-99.2092,16.7166],[-98.8562,16.5966],[-98.4355,16.3623],[-98.1456,16.1722],[-97.8809,16.052],[-97.2938,15.9643],[-97.0776,15.8758],[-96.7517,15.7811],[-96.3329,15.7502],[-95.9927,15.8654],[-95.4977,16.1207],[-95.1302,16.2995]],[[-100.016,21.2981],[-99.0607,21.6166],[-98.2646,21.3777],[-97.5481,20.5816],[-97.7869,19.4671],[-99.2995,18.3526],[-100.4937,18.3526],[-100.6529,18.9098],[-100.016,21.2981]]]},"properties":{"NAME":"Mesoamerican city-states and chiefdoms","SUBJECTO":"Mesoamerican city-states and chiefdoms","PARTOF":"Mesoamerican city-states and chiefdoms","BORDERPRECISION":1,"LINK":null}},
{"type":"Feature","geometry":{"type":"Polygon","coordinates":[[[-100.016,21.2981],[-100.6529,18.9098],[-100.4937,18.3526],[-99.2995,18.3526],[-97.7869,19.4671],[-97.5481,20.5816],[-98.2646,21.3777],[-99.0607,21.6166],[-100.016,21.2981]]]},"properties":{"NAME":"Toltec Empire","SUBJECTO":"Toltec Empire","PARTOF":"Toltec Empire","BORDERPRECISION":1,"LINK":null}},
{"type":"Feature","geometry":{"type":"MultiPolygon","coordinates":[[[[-2.7502,51.644],[-2.9145,53.2671],[-3.3295,53.233],[-3.9567,53.2052],[-4.3175,53.0912],[-4.4919,52.991],[-4.6214,52.831],[-4.4683,52.8113],[-4.1475,52.8319],[-4.0939,52.7455],[-4.1236,52.3733],[-4.2947,52.2003],[-4.6191,52.0935],[-5.0615,52.0064],[-5.2488,51.8602],[-5.1786,51.7875],[-4.999,51.7017],[-4.1593,51.6768],[-3.4991,51.4597],[-3.1728,51.4669],[-2.7502,51.644]]],[[[-7.4275,55.0638],[-7.4978,55.0497],[-7.6573,55.1168],[-7.7562,55.2527],[-8.1183,55.1766],[-8.3454,55.0953],[-8.4763,54.8799],[-8.5037,54.7496],[-8.76,54.7014],[-8.8294,54.6339],[-8.2115,54.6339],[-8.3006,54.4893],[-8.6867,54.3641],[-8.5901,54.2028],[-9.0858,54.2582],[-9.3229,54.2751],[-9.4743,54.2413],[-9.892,54.3256],[-9.9888,54.2537],[-10.1597,54.1331],[-10.1785,53.9119],[-9.9129,53.9696],[-9.6965,53.8734],[-9.8724,53.7677],[-9.8096,53.6324],[-10.1514,53.5756],[-10.0211,53.5119],[-10.1598,53.3741],[-9.8848,53.2974],[-9.8029,53.3454],[-9.6167,53.3459],[-9.4407,53.2662],[-9.2974,53.2798],[-9.1582,53.2207],[-9.0017,53.3004],[-8.9236,53.1606],[-8.997,53.1204],[-9.3093,53.1153],[-9.5258,52.9046],[-9.4416,52.8333],[-9.6157,52.6366],[-9.1343,52.6809],[-9.1926,52.5545],[-9.504,52.5405],[-9.7357,52.4803],[-9.784,52.3407],[-9.8016,52.2411],[-9.8906,52.1944],[-10.4692,52.2066],[-10.4973,52.1017],[-9.9638,52.0921],[-10.294,51.9776],[-10.2169,51.7583],[-9.8354,51.8033],[-9.7952,51.6046],[-9.8191,51.4346],[-9.2433,51.4726],[-8.8478,51.5998],[-8.5652,51.6155],[-8.1588,51.8396],[-7.8616,51.9681],[-7.7506,52.0327],[-7.3724,52.0921],[-6.9617,52.1112],[-6.8939,52.2066],[-6.6168,52.2207],[-6.4892,52.1944],[-6.406,52.2144],[-6.3409,52.4271],[-6.2321,52.6133],[-6.0707,52.7666],[-6.0431,52.8931],[-6.1722,53.4392],[-6.335,53.786],[-6.4434,53.8994],[-6.3431,53.9396],[-6.2064,53.9567],[-6.0717,53.9736],[-5.9122,54.0274],[-5.7314,54.1749],[-5.6615,54.3222],[-5.7999,54.5229],[-5.7637,54.657],[-5.7849,54.7374],[-6.0182,55.093],[-6.1165,55.1602],[-6.2793,55.1397],[-6.4543,55.1865],[-6.6452,55.2064],[-6.9968,55.172],[-7.2255,55.1042],[-7.4275,55.0638]]],[[[-5.6982,55.3307],[-5.6203,55.3295],[-5.4824,55.4427],[-5.5178,55.668],[-5.6887,55.6281],[-5.7557,55.4773],[-5.6982,55.3307]]]]},"properties":{"NAME":"Celtic kingdoms","SUBJECTO":"Celtic kingdoms","PARTOF":"Celtic kingdoms","BORDERPRECISION":1,"LINK":null}},
{"type":"Feature","geometry":{"type":"Polygon","coordinates":[[[-2.7502,51.644],[-2.8947,51.3938],[-3.0331,51.3299],[-3.066,51.1777],[-3.483,51.1811],[-3.8252,51.2348],[-4.281,51.1872],[-4.2773,51.0637],[-4.4426,50.9687],[-4.5515,50.9972],[-4.6046,50.7787],[-4.8153,50.6042],[-5.0166,50.5605],[-5.2378,50.3463],[-5.7778,50.1341],[-5.4292,50.0679],[-5.2823,49.9638],[-4.967,50.2122],[-4.5406,50.358],[-4.3033,50.3235],[-4.2426,50.3915],[-4.0042,50.3141],[-3.8817,50.2004],[-3.715,50.2193],[-3.5632,50.3614],[-3.5215,50.6174],[-3.1109,50.6574],[-2.9606,50.7218],[-2.5505,50.57],[-2.432,50.6459],[-2.0237,50.57],[-2.0854,50.7028],[-1.3725,50.7663],[-1.1034,50.8167],[-0.839,50.7218],[-0.3357,50.8167],[-0.2037,50.7953],[0.1918,50.7313],[0.6726,50.9307],[0.8883,50.8927],[0.886,50.9819],[1.335,51.1207],[1.3647,51.3529],[1.1894,51.4055],[1.0301,51.3588],[0.8043,51.3783],[0.2542,51.4536],[0.6862,51.5604],[1.0313,51.8127],[1.5119,52.0258],[1.6569,52.2118],[1.6917,52.3114],[1.5857,52.65],[1.3759,52.8092],[1.0127,52.8884],[0.7418,52.9012],[0.5047,52.8475],[0.3268,52.7075],[0.0055,52.7867],[0.2509,53.0401],[0.2678,53.1267],[0.1745,53.2931],[0.081,53.3862],[-0.2037,53.5233],[-0.3192,53.5789],[-0.2349,53.7994],[-0.2955,54.0332],[-0.6048,54.3002],[-0.8706,54.5472],[-1.1921,54.5954],[-1.3889,54.6805],[-1.5556,54.9216],[-1.696,55.2725],[-1.666,55.3796],[-1.719,55.4537],[-1.942,55.5561],[-2.0646,55.3003],[-1.8969,54.3362],[-2.8859,54.1687],[-2.8653,54.0283],[-2.9795,53.8209],[-3.0567,53.5136],[-2.9145,53.2671],[-2.7502,51.644]]]},"properties":{"NAME":"England","SUBJECTO":"England","PARTOF":"England","BORDERPRECISION":1,"LINK":null}},
{"type":"Feature","geometry":{"type":"Polygon","coordinates":[[[-1.942,55.5561],[-2.245,55.811],[-2.5403,55.8847],[-2.7421,55.9572],[-2.9279,55.946],[-3.1615,55.8457],[-3.3559,55.8427],[-3.5772,55.8847],[-3.713,55.8847],[-3.895,55.9851],[-3.2935,55.9739],[-3.1698,56.0621],[-2.8953,56.0855],[-2.7729,56.1713],[-2.7209,56.1782],[-2.9494,56.253],[-3.1524,56.3368],[-2.9805,56.3536],[-2.6671,56.471],[-2.5148,56.6673],[-2.4131,56.7173],[-2.1589,57.0143],[-2.2032,57.0648],[-2.1078,57.2103],[-1.9446,57.4017],[-2.1504,57.572],[-2.854,57.5433],[-3.0926,57.577],[-3.4008,57.5764],[-3.7958,57.5415],[-4.1484,57.5545],[-4.2485,57.6363],[-4.1505,57.8348],[-4.8314,57.7737],[-4.9152,56.9352],[-4.6218,56.3484],[-4.1216,54.7624],[-3.9077,54.7897],[-3.5767,54.9245],[-3.3087,54.8847],[-3.1525,54.8381],[-3.4304,54.6431],[-3.5692,54.415],[-3.4793,54.2746],[-3.2615,54.1412],[-2.8859,54.1687],[-1.8969,54.3362],[-2.0646,55.3003],[-1.942,55.5561]]]},"properties":{"NAME":"Scotland","SUBJECTO":"Scotland","PARTOF":"Scotland","BORDERPRECISION":1,"LINK":null}},
{"type":"Feature","geometry":{"type":"MultiPolygon","coordinates":[[[[11.7364,57.6982],[11.7661,57.6727],[11.8811,57.509],[11.8766,57.3252],[12.318,57.6796],[12.5244,57.3907],[12.7308,57.4319],[12.8959,56.9779],[13.2261,57.1017],[13.4324,56.5239],[14.1754,56.8128],[14.485,56.6801],[15.427,56.7657],[16.0632,56.3962],[16.3762,56.8224],[16.3945,57.0743],[16.4942,57.2789],[16.6587,57.443],[16.5505,57.5452],[16.6072,57.6658],[16.4765,57.7021],[16.4595,57.8952],[16.5978,57.8665],[16.7246,57.8893],[16.7735,58.0379],[16.744,58.312],[16.5132,58.4281],[16.4429,58.6344],[17.0807,58.6499],[17.083,58.7481],[17.2454,58.7171],[17.3567,58.743],[17.5822,58.893],[17.6232,59.1001],[17.7391,59.1104],[17.7452,58.9861],[17.7264,58.9137],[17.7665,58.8723],[17.9401,58.9085],[18.0157,59.0379],[18.372,59.1571],[18.2734,59.2867],[18.5982,59.297],[18.6113,59.3333],[18.5155,59.4008],[18.4414,59.4008],[18.4296,59.3333],[18.3282,59.3697],[18.1114,59.323],[17.9776,59.3282],[17.8617,59.24],[17.5844,59.2711],[17.5749,59.2141],[17.3581,59.2452],[17.2658,59.3385],[16.9998,59.3593],[16.7765,59.4787],[16.4076,59.4475],[16.5232,59.5825],[16.7241,59.5306],[16.7855,59.5773],[17.0706,59.5461],[17.368,59.4683],[17.73,59.4164],[17.7953,59.3645],[18.0301,59.3593],[18.2514,59.4319],[18.6393,59.5669],[18.8679,59.7124],[19.0436,59.7124],[19.0373,59.8632],[18.8931,59.9257],[18.8041,60.1084],[18.4169,60.1816],[18.2244,60.323],[17.9307,60.5903],[17.7065,60.5536],[17.605,60.6375],[17.1885,60.6743],[17.3176,60.7531],[17.1462,60.9528],[17.1502,61.1977],[17.0652,61.5384],[17.1626,61.6299],[17.387,61.6584],[17.4968,62.0881],[17.3874,62.2008],[17.2902,62.4407],[17.7181,62.3567],[17.9363,62.548],[17.8682,62.7886],[16.1931,62.7557],[14.3437,62.9481],[13.1549,62.0242],[12.7917,61.3299],[12.5974,61.0286],[12.174,60.9564],[12.431,60.6258],[12.548,60.4339],[12.4359,60.2781],[12.4228,60.0388],[12.4879,58.5629],[11.7364,57.6982]]],[[[18.1689,56.91],[18.2061,56.9119],[18.2156,56.9131],[18.295,56.9347],[18.3025,56.9375],[18.3467,56.9986],[18.3433,57.0144],[18.3358,57.0175],[18.3356,57.0233],[18.3392,57.0686],[18.3414,57.0739],[18.3456,57.0797],[18.3867,57.125],[18.3914,57.13],[18.3972,57.1342],[18.4172,57.1442],[18.4394,57.1528],[18.4556,57.1569],[18.4983,57.1653],[18.5147,57.1694],[18.5519,57.1828],[18.6581,57.2208],[18.7119,57.2417],[18.7144,57.2469],[18.7883,57.4483],[18.7694,57.4672],[18.7681,57.4722],[18.7597,57.508],[18.7933,57.6592],[18.8092,57.7036],[18.8489,57.7211],[18.9294,57.7397],[19.0333,57.8269],[19.0039,57.8989],[19.0061,57.9036],[19.0047,57.9086],[18.9142,57.9175],[18.9025,57.9183],[18.8819,57.9197],[18.725,57.9228],[18.7161,57.9211],[18.69,57.9161],[18.6819,57.9136],[18.4811,57.8186],[18.4672,57.8119],[18.4614,57.8078],[18.4564,57.8028],[18.4197,57.7603],[18.4017,57.7386],[18.3819,57.7186],[18.3558,57.6958],[18.3389,57.6817],[18.2947,57.6458],[18.2761,57.6342],[18.2492,57.6208],[18.2422,57.6175],[18.2278,57.6114],[18.2119,57.6058],[18.1914,57.5961],[18.1792,57.5883],[18.1386,57.5511],[18.1192,57.5311],[18.1114,57.5194],[18.11,57.5131],[18.1103,57.4961],[18.1153,57.4808],[18.1425,57.4094],[18.1581,57.3158],[18.1483,57.2353],[18.1733,57.1419],[18.2544,57.0792],[18.2567,57.0322],[18.2092,56.9892],[18.1583,56.9417],[18.1425,56.9203],[18.1403,56.915],[18.1478,56.9119],[18.1689,56.91]]]]},"properties":{"NAME":"Sweden","SUBJECTO":"Sweden","PARTOF":"Sweden","BORDERPRECISION":1,"LINK":null}},
{"type":"Feature","geometry":{"type":"MultiPolygon","coordinates":[[[[11.8766,57.3252],[12.0051,57.3252],[12.2886,56.8799],[12.526,56.7804],[12.6575,56.6108],[12.7859,56.6167],[12.8716,56.5115],[12.8048,56.4012],[12.6154,56.4356],[12.6524,56.2955],[12.4144,56.243],[12.5134,56.1206],[12.699,55.9051],[12.9859,55.6666],[12.8593,55.5329],[12.8876,55.4516],[12.8019,55.4168],[12.8024,55.3529],[13.3019,55.3007],[13.8233,55.4218],[13.9011,55.4052],[14.1172,55.3471],[14.2864,55.5155],[14.126,55.6666],[14.2589,55.8993],[14.4918,56.018],[14.6052,55.9808],[14.6529,56.1206],[15.2208,56.0804],[15.497,56.1672],[15.6962,56.061],[15.7705,56.0332],[16.0314,56.3531],[16.0632,56.3962],[15.427,56.7657],[14.485,56.6801],[14.1754,56.8128],[13.4324,56.5239],[13.2261,57.1017],[12.8959,56.9779],[12.7308,57.4319],[12.5244,57.3907],[12.318,57.6796],[11.8766,57.3252]]],[[[8.1835,56.7985],[8.3682,56.6669],[8.4709,56.5969],[8.5071,56.6473],[8.666,56.7005],[8.7781,56.7985],[8.847,56.9863],[8.9709,57.0003],[9.0785,57.0368],[9.1412,57.0087],[9.3338,57.0227],[9.503,56.9751],[10.2566,57.0059],[10.3333,57.1715],[10.4628,57.2417],[10.4507,57.458],[10.4012,57.5059],[10.5581,57.7451],[10.4795,57.7591],[10.3901,57.6606],[10.2895,57.6719],[9.8493,57.5818],[9.4487,57.2276],[9.3024,57.1658],[8.9599,57.1322],[8.6613,57.1041],[8.534,57.1406],[8.3589,57.0227],[8.1835,56.7985]]],[[[10.1417,54.3368],[10.0649,54.4339],[9.8648,54.4114],[9.978,54.4901],[9.9867,54.5924],[9.8644,54.7263],[9.6103,54.88],[9.496,54.9383],[9.421,54.9765],[9.5178,55.1287],[9.5166,55.2231],[9.5439,55.3513],[9.6302,55.4594],[9.7607,55.5017],[9.6901,55.6049],[9.9757,55.6203],[10.0071,55.7304],[10.1471,55.7649],[10.2299,55.9509],[10.1752,56.0759],[10.2934,56.1371],[10.4425,56.1509],[10.4961,56.0336],[10.7507,56.0973],[10.8887,56.3687],[10.8258,56.4433],[10.3138,56.4695],[10.2297,56.6051],[10.2162,56.8498],[9.8346,56.8899],[9.3701,56.8823],[9.3221,56.7189],[9.3119,56.4811],[9.1359,56.4604],[9.0027,56.6572],[8.8686,56.6161],[8.6749,56.3577],[8.4522,56.4116],[8.3088,56.4792],[8.1834,56.4315],[8.1245,56.2075],[8.1166,56.0923],[8.317,55.8489],[8.32,55.7677],[8.1251,55.6358],[8.0346,55.4759],[8.214,55.3986],[8.319,55.4811],[8.4813,55.3492],[8.5596,55.3561],[8.6451,55.069],[8.6161,54.8874],[8.596,54.7614],[8.7421,54.6078],[8.9506,54.4186],[8.8524,54.3316],[8.5539,54.2754],[8.5807,54.1937],[8.884,54.2294],[8.9617,54.2759],[9.0562,54.3486],[9.1361,54.2977],[9.1652,54.3195],[9.2161,54.2904],[9.2597,54.305],[9.296,54.2468],[9.4414,54.2468],[9.4487,54.1887],[9.674,54.1887],[9.7394,54.2759],[9.8267,54.2759],[9.8848,54.2541],[10.1417,54.3368]]],[[[12.0526,55.7031],[11.9625,55.5813],[11.7281,55.6619],[11.5677,55.8848],[11.2963,55.6746],[11.1019,55.6337],[11.2301,55.3368],[11.2854,55.1886],[11.5848,55.1622],[11.7672,55.176],[11.9073,55.0213],[11.9696,54.9542],[12.077,54.9947],[12.3014,55.1703],[12.4297,55.2447],[12.1584,55.3791],[12.3444,55.5077],[12.4091,55.5483],[12.4692,55.7106],[12.444,55.9677],[12.2377,55.9876],[12.088,55.967],[12.0526,55.7031]]]]},"properties":{"NAME":"Denmark","SUBJECTO":"Denmark","PARTOF":"Denmark","BORDERPRECISION":1,"LINK":null}},
{"type":"Feature","geometry":{"type":"MultiPolygon","coordinates":[[[[16.4816,48.1958],[16.4001,48.4812],[15.5849,48.5627],[15.2996,48.2774],[14.892,48.1958],[13.9545,48.4404],[13.0578,48.5627],[12.1203,49.5409],[12.1203,50.0708],[12.7725,50.4376],[14.6474,50.7637],[14.7289,51.1306],[14.1341,52.4089],[13.5877,52.3126],[11.6719,52.3534],[11.5497,52.6387],[11.7535,52.8425],[10.5714,53.0463],[10.2046,53.6984],[10.1417,54.3368],[9.8848,54.2541],[9.8267,54.2759],[9.7394,54.2759],[9.674,54.1887],[9.4487,54.1887],[9.4414,54.2468],[9.296,54.2468],[9.2597,54.305],[9.2161,54.2904],[9.1652,54.3195],[9.1361,54.2977],[9.0562,54.3486],[8.9617,54.2759],[8.884,54.2294],[8.8533,54.1682],[8.7788,54.1324],[8.8327,54.066],[8.9463,54.015],[8.819,53.969],[8.8571,53.867],[9.125,53.7905],[8.8485,53.7497],[8.5856,53.7931],[8.5395,53.8007],[8.5162,53.761],[8.4287,53.612],[8.5018,53.449],[8.3057,53.5254],[8.189,53.5305],[8.2608,53.4388],[8.2419,53.3523],[8.175,53.3217],[8.0291,53.3726],[8.0987,53.4439],[8.011,53.5657],[7.9685,53.6375],[7.875,53.6337],[7.8364,53.6321],[7.3324,53.6044],[7.1656,53.5917],[7.0373,53.5101],[6.9807,53.3167],[7.1897,53.2301],[7.1599,53.164],[7.0433,53.164],[7.0091,53.2454],[6.861,53.2658],[6.7507,53.3899],[6.2607,53.3217],[5.9663,53.335],[5.6473,53.2278],[5.3895,53.1386],[5.3321,53.0114],[5.3428,52.9963],[5.358,52.9377],[5.3257,52.7904],[5.5764,52.7599],[5.6534,52.7498],[5.5469,52.6787],[5.5557,52.5873],[5.6113,52.5315],[5.8171,52.5214],[5.7569,52.3337],[5.5744,52.283],[5.4732,52.1766],[4.9498,52.2779],[5.0357,52.3337],[5.0061,52.5569],[5.1082,52.5315],[5.2346,52.6229],[5.1733,52.7434],[5.0084,52.8562],[4.7188,52.8024],[4.641,52.7557],[4.3872,52.2304],[4.2644,52.0709],[3.8781,51.7917],[3.5203,51.5791],[3.7435,51.4605],[3.775,51.3877],[3.6813,51.3214],[3.4384,51.0083],[3.8203,50.0394],[4.2552,49.8872],[5.3611,49.6968],[5.9093,49.2009],[5.9039,49.1958],[5.6116,49.2097],[5.723,48.9592],[5.876,49.0705],[6.0013,48.9035],[5.8343,48.7783],[6.0152,48.653],[5.9456,48.3469],[6.2379,48.2912],[6.2518,47.9572],[6.7808,47.9513],[7.2699,47.4622],[8.4111,47.4622],[8.4927,46.1171],[7.5144,45.3834],[7.6775,44.7313],[8.2889,44.5682],[8.3428,44.2202],[8.6717,44.4174],[8.8966,44.4372],[9.157,44.3732],[9.6919,44.2196],[9.8255,44.1525],[9.9093,44.1105],[10.1367,43.9048],[10.1552,43.8811],[10.2614,43.7452],[10.2925,43.7054],[10.3379,43.5962],[10.4877,43.2359],[10.7428,42.8505],[11.1048,42.5491],[11.4974,42.3764],[11.9601,42.0074],[12.0199,42.0987],[12.0033,42.2481],[12.0697,42.298],[12.0531,42.5304],[12.1297,42.596],[12.1694,42.63],[12.1528,42.6965],[12.186,42.9123],[12.1694,42.9123],[12.1528,43.0617],[12.2192,43.2278],[12.3022,43.2776],[12.3022,43.344],[12.6972,43.9348],[12.5081,44.1315],[12.3451,44.301],[12.2807,44.5501],[12.2736,44.6726],[12.3778,44.7315],[12.476,44.7871],[12.5231,44.8828],[12.409,44.989],[12.3221,45.0424],[12.3125,45.1783],[12.1762,45.2143],[11.9707,45.4362],[12.1448,45.7628],[12.6455,45.9151],[13.0809,45.9804],[13.3677,45.6945],[13.4377,45.6384],[13.5646,45.7265],[13.6732,45.7145],[13.8,45.5664],[13.9951,45.458],[13.9516,45.3927],[13.7992,45.3056],[13.9081,44.9791],[14.1746,45.0104],[14.2386,45.0624],[14.3545,45.3229],[14.5267,45.783],[14.7985,45.8645],[14.88,45.484],[15.4236,45.4297],[15.4698,45.7341],[15.9117,45.631],[16.1222,45.5819],[16.2091,45.7341],[16.0787,45.8863],[16.2091,46.1472],[16.4483,46.1037],[16.5353,46.3647],[16.2961,46.4082],[16.5135,46.6256],[16.4483,46.7778],[16.4483,46.93],[16.557,47.0605],[16.557,47.1909],[16.644,47.2997],[16.557,47.4954],[16.4816,48.1958]]],[[[14.7385,42.0472],[14.72,42.1418],[14.5193,42.2297],[14.4049,42.3531],[14.0928,42.6095],[14.0764,42.6338],[13.9958,42.6134],[13.9294,42.5304],[13.8298,42.5636],[13.8298,42.4806],[13.7634,42.464],[13.7136,42.3976],[13.6305,42.5304],[13.5475,42.4308],[13.4147,42.3644],[13.4645,42.2315],[13.4147,42.1983],[13.5807,42.0987],[13.5807,42.0489],[13.6305,42.0157],[13.6305,41.9327],[13.5641,41.8662],[13.5691,41.8564],[14.4392,41.8787],[14.7385,42.0472]]]]},"properties":{"NAME":"Holy Roman Empire","SUBJECTO":"Holy Roman Empire","PARTOF":"Holy Roman Empire","BORDERPRECISION":1,"LINK":null}},
{"type":"Feature","geometry":{"type":"Polygon","coordinates":[[[19.3344,57.9558],[19.3356,57.9605],[19.3325,57.9653],[19.3075,57.9744],[19.2964,57.9767],[19.2858,57.9767],[19.1047,57.9753],[19.0958,57.9736],[19.0889,57.9703],[19.0361,57.9186],[19.0344,57.9125],[19.0344,57.9011],[19.0375,57.8964],[19.0731,57.8625],[19.0778,57.8583],[19.0933,57.8519],[19.1261,57.8397],[19.14,57.9017],[19.1417,57.9078],[19.1458,57.9136],[19.1508,57.9186],[19.1628,57.9269],[19.1706,57.9294],[19.2381,57.9469],[19.2567,57.9494],[19.2681,57.9486],[19.2744,57.945],[19.2775,57.9403],[19.2867,57.9375],[19.3344,57.9558]]]},"properties":{"NAME":"Sweden","SUBJECTO":"Sweden","PARTOF":"Sweden","BORDERPRECISION":1,"LINK":null}},
{"type":"Feature","geometry":{"type":"MultiPolygon","coordinates":[[[[-61.4681,15.6281],[-61.4747,15.6186],[-61.4825,15.5878],[-61.4914,15.5406],[-61.4764,15.4914],[-61.4747,15.4864],[-61.4625,15.4711],[-61.4506,15.4556],[-61.4228,15.4175],[-61.395,15.3594],[-61.3928,15.3547],[-61.3914,15.3497],[-61.3742,15.2744],[-61.3745,15.2683],[-61.3778,15.2481],[-61.3775,15.2364],[-61.3758,15.2075],[-61.3742,15.2025],[-61.3706,15.1992],[-61.3636,15.1981],[-61.2803,15.2375],[-61.27,15.2483],[-61.265,15.2581],[-61.2569,15.2789],[-61.2553,15.285],[-61.2544,15.2917],[-61.2508,15.3231],[-61.2506,15.3292],[-61.2533,15.4614],[-61.2672,15.5167],[-61.3042,15.5736],[-61.3178,15.5819],[-61.4272,15.6303],[-61.4336,15.6317],[-61.4522,15.6319],[-61.4681,15.6281]]],[[[-61.5964,12.1256],[-61.5997,12.1867],[-61.6047,12.2206],[-61.6064,12.2242],[-61.61,12.2278],[-61.6119,12.2311],[-61.6175,12.2328],[-61.6475,12.2375],[-61.6531,12.2378],[-61.6586,12.2367],[-61.6758,12.2278],[-61.6867,12.2181],[-61.7075,12.1969],[-61.7247,12.1722],[-61.7897,12.0092],[-61.7872,12.0047],[-61.7836,12.0014],[-61.7802,12],[-61.7525,11.9964],[-61.7469,11.9975],[-61.7175,12.0039],[-61.6833,12.0161],[-61.6514,12.0292],[-61.6425,12.0342],[-61.6317,12.0442],[-61.6286,12.0481],[-61.6111,12.0794],[-61.5964,12.1256]]],[[[-60.9408,14.7408],[-61.0344,14.8292],[-61.0397,14.8319],[-61.0947,14.8592],[-61.1,14.8614],[-61.1447,14.8778],[-61.1586,14.88],[-61.165,14.8803],[-61.1747,14.8769],[-61.1986,14.8589],[-61.2128,14.8467],[-61.2267,14.8322],[-61.2314,14.8156],[-61.2317,14.8094],[-61.1725,14.6931],[-61.0339,14.4658],[-61.0111,14.47],[-60.975,14.4714],[-60.8869,14.4656],[-60.8608,14.4028],[-60.855,14.4031],[-60.8394,14.4153],[-60.8292,14.4344],[-60.8269,14.4397],[-60.8206,14.4558],[-60.8167,14.4706],[-60.8172,14.4761],[-60.8297,14.57],[-60.8497,14.5947],[-60.9067,14.6525],[-60.9425,14.7278],[-60.9408,14.7408]]],[[[-61.0117,14.0097],[-61.035,13.9697],[-61.075,13.8969],[-61.0794,13.88],[-61.0797,13.8733],[-61.075,13.8081],[-61.0744,13.8019],[-61.0728,13.7969],[-61.0675,13.7886],[-61.0506,13.7706],[-61.0392,13.7614],[-61.0261,13.7525],[-61.0144,13.75],[-61.0014,13.7508],[-60.995,13.7497],[-60.9864,13.7444],[-60.9681,13.7281],[-60.9561,13.715],[-60.9547,13.7094],[-60.9514,13.71],[-60.9383,13.7178],[-60.9003,13.7783],[-60.89,13.8236],[-60.8861,13.8481],[-60.8853,13.8542],[-60.8781,13.9567],[-60.8786,13.9758],[-60.8881,14.0131],[-60.9145,14.0997],[-60.9158,14.1025],[-60.9197,14.1056],[-60.9303,14.1094],[-60.9364,14.1092],[-60.9458,14.1047],[-61.0117,14.0097]]],[[[-61.4542,12.5939],[-61.4522,12.5903],[-61.4486,12.5869],[-61.4439,12.5844],[-61.4169,12.5903],[-61.4053,12.5992],[-61.4031,12.6039],[-61.407,12.6069],[-61.4125,12.6086],[-61.4258,12.6125],[-61.4378,12.6125],[-61.4433,12.6111],[-61.4464,12.6072],[-61.4542,12.5939]]],[[[-61.5856,12.2944],[-61.58,12.2956],[-61.5742,12.3036],[-61.5725,12.3089],[-61.5722,12.3158],[-61.5739,12.3208],[-61.5789,12.3231],[-61.5833,12.3192],[-61.5856,12.3144],[-61.5889,12.3036],[-61.5892,12.2981],[-61.5856,12.2944]]],[[[-61.4194,12.5075],[-61.4206,12.5128],[-61.4256,12.5269],[-61.4275,12.5289],[-61.4344,12.5292],[-61.4908,12.4789],[-61.4939,12.475],[-61.4956,12.4694],[-61.4969,12.4436],[-61.4956,12.4381],[-61.4917,12.435],[-61.4283,12.4536],[-61.4253,12.4575],[-61.4186,12.495],[-61.4194,12.5075]]],[[[-61.3058,12.7258],[-61.3106,12.735],[-61.3236,12.7375],[-61.3267,12.7364],[-61.3297,12.7325],[-61.3478,12.7017],[-61.3478,12.6989],[-61.3364,12.6894],[-61.3325,12.6867],[-61.3281,12.6878],[-61.3208,12.6942],[-61.3147,12.7022],[-61.3058,12.7142],[-61.305,12.7203],[-61.3058,12.7258]]],[[[-61.2136,13.0022],[-61.1972,13.0336],[-61.1997,13.0447],[-61.2061,13.0428],[-61.2281,13.0233],[-61.2522,12.9886],[-61.2475,12.9808],[-61.2394,12.975],[-61.2167,12.9981],[-61.2136,13.0022]]],[[[-61.2656,13.2731],[-61.2781,13.2503],[-61.2814,13.2078],[-61.2789,13.2036],[-61.2631,13.1783],[-61.2436,13.1561],[-61.1844,13.1303],[-61.1731,13.1325],[-61.1681,13.1344],[-61.165,13.1383],[-61.1481,13.1678],[-61.13,13.2203],[-61.1242,13.2428],[-61.1233,13.2489],[-61.1203,13.3075],[-61.1222,13.3256],[-61.1236,13.3311],[-61.1411,13.3742],[-61.1439,13.3783],[-61.1772,13.3842],[-61.1825,13.3822],[-61.2053,13.3708],[-61.2089,13.3678],[-61.2656,13.2731]]]]},"properties":{"NAME":"Arawaks","SUBJECTO":"Arawaks","PARTOF":"Arawaks","BORDERPRECISION":1,"LINK":null}},
{"type":"Feature","geometry":{"type":"Polygon","coordinates":[[[-58.1277,49.4956],[-57.8142,49.2015],[-57.974,49.0834],[-58.1056,49.0831],[-58.2311,49.1091],[-58.392,49.0368],[-58.6805,48.7026],[-58.1395,48.5991],[-58.4257,48.4482],[-58.6518,48.3759],[-58.982,48.1924],[-59.2345,48.0417],[-59.3185,47.9633],[-59.2217,47.7547],[-59.1566,47.6701],[-58.7004,47.7362],[-58.0905,47.7634],[-57.6354,47.7252],[-57.123,47.6414],[-56.8037,47.616],[-56.3301,47.6365],[-56.1456,47.7346],[-56.0789,47.8652],[-55.7385,47.8724],[-55.7561,47.6506],[-55.6977,47.5791],[-55.5127,47.5859],[-55.3675,47.7949],[-55.0971,47.7693],[-54.7826,47.7112],[-55.067,47.5477],[-55.2767,47.3127],[-55.8296,47.1293],[-55.9039,47.064],[-55.8042,46.9666],[-55.4079,46.9479],[-55.1845,47.098],[-54.9362,47.3394],[-54.7405,47.431],[-54.5762,47.4965],[-54.3858,47.6272],[-54.2114,47.8036],[-54.0857,47.7713],[-53.8963,47.5565],[-53.9013,47.4066],[-54.1251,47.1131],[-54.0824,46.9895],[-53.9142,46.9963],[-53.6437,47.1792],[-53.6249,46.8863],[-53.4893,46.8215],[-53.1696,46.7636],[-53.0696,46.7313],[-52.9165,47.0243],[-52.8042,47.3176],[-52.7286,47.4545],[-52.7352,47.5457],[-52.7737,47.5391],[-53.0958,47.5515],[-53.1628,47.6753],[-53.1184,47.8775],[-53.3556,47.9488],[-53.4943,47.8311],[-53.5768,47.7397],[-53.7029,47.8438],[-53.7587,48.0263],[-53.8817,48.1893],[-53.8125,48.2482],[-53.4113,48.2947],[-53.2293,48.4061],[-53.115,48.5239],[-53.1239,48.5958],[-53.249,48.6478],[-53.4578,48.5886],[-53.6455,48.5163],[-53.7626,48.5226],[-53.9768,48.6856],[-54.1296,48.8357],[-53.8108,49.0457],[-53.6429,49.1507],[-53.5091,49.2819],[-53.7862,49.3862],[-54.1579,49.4771],[-54.4811,49.5027],[-54.6199,49.4763],[-54.7662,49.2926],[-55.1073,49.2788],[-55.7476,49.533],[-55.8508,49.5656],[-55.9684,49.6571],[-55.5654,49.9661],[-56.0671,50.1033],[-56.2731,50.0173],[-56.4904,49.7676],[-56.6831,49.6885],[-56.7326,49.6884],[-56.7836,49.8194],[-56.6615,50.0561],[-56.11,50.7032],[-55.7703,51.0541],[-55.9274,51.2522],[-55.8185,51.3119],[-55.5565,51.3257],[-55.422,51.4252],[-55.4716,51.5245],[-55.5608,51.5574],[-56.1524,51.4701],[-56.3755,51.3836],[-56.7015,51.1845],[-57.3556,50.5952],[-57.8601,49.9879],[-58.0923,49.594],[-58.1277,49.4956]]]},"properties":{"NAME":"Boethuk","SUBJECTO":"Boethuk","PARTOF":"Boethuk","BORDERPRECISION":1,"LINK":null}},
{"type":"Feature","geometry":{"type":"MultiPolygon","coordinates":[[[[-155.9313,20.2837],[-156.0091,20.2631],[-156.0324,20.1959],[-155.9624,20.0789],[-155.9466,19.9892],[-156.1633,19.8084],[-156.0542,19.5035],[-156.0342,19.1057],[-155.7828,18.9455],[-155.6501,19.1367],[-155.482,19.24],[-155.1372,19.3279],[-155.0599,19.4196],[-154.9477,19.4829],[-154.92,19.5552],[-155.0576,19.6224],[-155.1115,19.7515],[-155.2185,19.7722],[-155.2117,19.8962],[-155.4788,20.0874],[-155.7722,20.2129],[-155.9313,20.2837]]],[[[-158.3136,21.5752],[-158.4663,21.5706],[-158.4344,21.452],[-158.2976,21.2765],[-158.1517,21.2993],[-158.0719,21.297],[-158.0218,21.2377],[-157.8964,21.2514],[-157.8416,21.2902],[-157.9465,21.4156],[-158.0468,21.4589],[-158.0947,21.5911],[-158.1791,21.6891],[-158.3136,21.5752]]],[[[-156.1185,20.7901],[-156.3959,20.9502],[-156.5508,20.9747],[-156.7157,21.0691],[-156.78,21.0432],[-156.8225,20.9399],[-156.615,20.7952],[-156.5764,20.6351],[-156.5067,20.5989],[-156.253,20.6299],[-156.1209,20.7126],[-156.1185,20.7901]]]]},"properties":{"NAME":"Polynesians","SUBJECTO":"Polynesians","PARTOF":"Polynesians","BORDERPRECISION":1,"LINK":null}},
{"type":"Feature","geometry":{"type":"Polygon","coordinates":[[[-60.2217,53.3249],[-62.4855,54.5131],[-64.3569,50.3063],[-64.3259,50.3047],[-63.8501,50.299],[-63.3674,50.3329],[-63.2074,50.3464],[-62.2936,50.3086],[-61.6402,50.2769],[-60.8098,50.334],[-60.1378,50.4117],[-59.7155,50.5115],[-59.44,50.644],[-59.1316,50.8361],[-58.7193,51.1938],[-58.5243,51.3795],[-57.8279,51.4139],[-57.4576,51.4676],[-56.9641,51.4884],[-56.6662,51.6149],[-56.1813,51.8943],[-55.8236,52.021],[-55.659,52.1873],[-56.1097,52.6052],[-55.927,52.8053],[-55.9043,52.9652],[-55.7697,53.1587],[-55.7798,53.2387],[-55.8813,53.3519],[-56.127,53.4658],[-58.7882,52.5726],[-60.1715,53.2986],[-60.246,53.2768],[-60.2217,53.3249]]]},"properties":{"NAME":"Innu","SUBJECTO":"Innu","PARTOF":"Innu","BORDERPRECISION":1,"LINK":null}},
{"type":"Feature","geometry":{"type":"Polygon","coordinates":[[[-0.5241,42.7578],[-0.5868,42.7651],[-0.612,42.7309],[-0.84,42.9087],[-0.9074,42.8813],[-1.3973,43.0318],[-1.4476,42.9839],[-1.5151,42.9976],[-1.5577,43.0454],[-1.4657,43.1549],[-1.4914,43.2096],[-1.7024,43.1959],[-1.9146,43.3054],[-2.0656,43.3333],[-2.1429,43.3315],[-2.3674,43.3262],[-2.7684,43.5379],[-3.0072,43.5503],[-3.196,43.4469],[-3.3561,43.3953],[-3.1958,42.3979],[-2.7166,42.4251],[-2.5834,41.3585],[-1.0044,41.9188],[-0.6029,42.4161],[-0.5241,42.7578]]]},"properties":{"NAME":"Navarre","SUBJECTO":"Navarre","PARTOF":"Navarre","BORDERPRECISION":1,"LINK":null}},
{"type":"Feature","geometry":{"type":"Polygon","coordinates":[[[-5.0864,43.4949],[-5.2249,43.5072],[-5.5374,43.5775],[-5.8205,43.7057],[-5.9797,43.7054],[-6.208,43.6405],[-6.4676,43.5627],[-6.808,43.5234],[-7.1513,43.5549],[-7.6363,43.7214],[-7.9795,43.7401],[-8.2202,43.6172],[-8.2507,43.4304],[-8.3104,43.353],[-8.5957,43.3396],[-8.8492,43.3262],[-9.0136,43.2809],[-9.1975,43.1582],[-9.2708,43.0487],[-9.2469,42.9008],[-9.1731,42.8559],[-8.9417,42.8242],[-8.805,42.6316],[-8.6441,42.4197],[-8.7986,42.1945],[-8.8605,42.0145],[-8.8061,41.8892],[-8.9207,41.767],[-8.8548,41.5969],[-8.8518,41.4078],[-8.6941,40.9922],[-7.7705,40.9406],[-7.7705,40.533],[-6.8298,40.6201],[-5.5695,40.7368],[-4.4443,40.8943],[-5.0864,43.4949]]]},"properties":{"NAME":"León","SUBJECTO":"León","PARTOF":"León","BORDERPRECISION":1,"LINK":null}},
{"type":"Feature","geometry":{"type":"Polygon","coordinates":[[[-3.3561,43.3953],[-3.417,43.3757],[-3.8476,43.4392],[-4.1102,43.4515],[-4.8023,43.4694],[-5.0864,43.4949],[-4.4443,40.8943],[-3.5315,41.0221],[-2.5834,41.3585],[-2.7166,42.4251],[-3.1958,42.3979],[-3.3561,43.3953]]]},"properties":{"NAME":"Castilla","SUBJECTO":"Castilla","PARTOF":"Castilla","BORDERPRECISION":1,"LINK":null}},
{"type":"Feature","geometry":{"type":"Polygon","coordinates":[[[6.2518,47.9572],[6.2379,48.2912],[5.9456,48.3469],[6.0152,48.653],[5.8343,48.7783],[6.0013,48.9035],[5.876,49.0705],[5.723,48.9592],[5.6116,49.2097],[5.9039,49.1958],[5.9093,49.2009],[5.3611,49.6968],[4.2552,49.8872],[3.8203,50.0394],[3.4384,51.0083],[3.6813,51.3214],[3.472,51.3144],[3.2136,51.3536],[2.9953,51.3135],[2.5221,51.0911],[2.4426,51.048],[2.0303,51.0067],[1.8236,50.9346],[1.7962,50.9214],[1.5889,50.8219],[1.5283,50.5777],[1.552,50.2288],[1.4162,50.1098],[1.2745,50.0043],[0.8688,49.9072],[0.5286,49.8258],[0.1894,49.681],[0.1151,49.6023],[0.0904,49.5106],[0.3308,49.455],[0.0329,49.3337],[-0.2037,49.2918],[-0.2394,49.2855],[-0.4649,49.3514],[-1.0232,49.3985],[-1.1771,49.3325],[-1.2887,49.521],[-1.251,49.6999],[-1.5242,49.6528],[-1.9413,49.7093],[-1.8915,49.5264],[-1.639,49.2196],[-1.5798,49.229],[-1.5634,49.0362],[-1.5884,48.881],[-1.5755,48.7681],[-1.4566,48.6836],[-1.5914,48.6375],[-1.8576,48.6084],[-1.8706,48.7117],[-2.076,48.6562],[-2.2001,48.599],[-2.3429,48.6741],[-2.6364,48.552],[-2.7905,48.5896],[-2.9145,48.7068],[-3.0912,48.8716],[-3.4351,48.8365],[-3.5577,48.8101],[-3.6079,48.693],[-3.8213,48.7211],[-3.9022,48.646],[-3.9989,48.7305],[-4.2515,48.6519],[-4.4883,48.6123],[-4.6257,48.5467],[-4.762,48.552],[-4.7796,48.3548],[-4.762,48.552],[-4.6257,48.5467],[-4.4883,48.6123],[-4.2515,48.6519],[-3.9989,48.7305],[-3.9022,48.646],[-3.8213,48.7211],[-3.6079,48.693],[-3.5577,48.8101],[-3.4351,48.8365],[-3.0912,48.8716],[-2.9145,48.7068],[-2.7905,48.5896],[-2.6364,48.552],[-2.3429,48.6741],[-2.2001,48.599],[-2.076,48.6562],[-1.9991,48.677],[-1.752,48.1782],[-2.0104,47.7457],[-2.5755,47.324],[-2.4937,47.2469],[-2.2637,47.1829],[-2.1095,47.124],[-2.0046,47.0425],[-2.1297,46.8508],[-1.9425,46.7058],[-1.7107,46.4488],[-1.4027,46.4039],[-1.2561,46.3068],[-1.166,46.1837],[-1.0752,46.0146],[-1.2365,45.8],[-1.2474,45.6881],[-1.1384,45.5832],[-0.8547,45.3214],[-0.7285,45.0186],[-0.8142,45.1218],[-0.9004,45.2939],[-1.1234,45.4316],[-1.1752,45.5005],[-1.2755,45.1287],[-1.3318,44.6138],[-1.2303,44.7304],[-1.1358,44.6001],[-1.3144,44.559],[-1.5614,43.5244],[-1.7461,43.3602],[-1.9146,43.3054],[-1.7024,43.1959],[-1.4914,43.2096],[-1.4657,43.1549],[-1.5577,43.0454],[-1.5151,42.9976],[-1.4476,42.9839],[-1.3973,43.0318],[-0.9074,42.8813],[-0.84,42.9087],[-0.612,42.7309],[-0.5868,42.7651],[-0.5241,42.7578],[-0.4688,42.7514],[-0.4099,42.7856],[-0.2161,42.7172],[-0.2037,42.7003],[-0.1656,42.6488],[0.1796,42.6625],[0.1963,42.6078],[0.3478,42.6352],[0.5919,42.6283],[0.5841,42.7719],[0.7442,42.7719],[1.3075,42.6352],[1.3487,42.5395],[1.3644,42.4096],[1.3665,42.4088],[0.9417,41.8943],[1.0336,41.8781],[1.4421,41.18],[1.6098,41.2092],[2.0807,41.2985],[2.2006,41.4461],[2.6283,41.6195],[3.1289,41.8572],[3.1566,42.0757],[3.0863,42.1207],[3.0865,42.3291],[3.0871,42.3686],[3.0459,42.5395],[3.0019,42.7708],[3.0679,42.9446],[3.3179,43.196],[3.4787,43.3121],[3.8075,43.4672],[4.0782,43.4871],[4.4168,43.3461],[4.6465,43.3209],[4.7506,43.3533],[4.9098,43.3664],[5.0518,43.3281],[5.4345,43.1037],[5.6466,43.0333],[5.8286,43.0208],[6.1878,43.0923],[6.3312,43.1119],[6.523,43.1509],[6.9231,43.4477],[7.2976,43.6673],[7.3971,43.7641],[7.3552,43.9015],[6.9228,43.815],[6.8857,43.9015],[6.9598,43.9139],[6.9228,43.9756],[6.9969,44.0497],[6.9722,44.0621],[6.9351,44.1362],[6.8857,44.1486],[6.8363,44.1115],[6.7869,44.198],[6.7869,44.2968],[6.8698,44.3492],[6.7829,44.5479],[6.9247,44.715],[7.0035,44.7195],[6.9426,44.8687],[6.6653,44.9545],[6.5073,45.1157],[6.2804,45.1986],[6.2434,45.2974],[6.2681,45.3221],[6.2187,45.3468],[6.1445,45.3221],[6.0828,45.3715],[6.0334,45.3345],[6.0581,45.2233],[5.9469,45.2604],[5.9345,45.3221],[5.8234,45.3962],[5.6071,45.8466],[5.3567,45.876],[5.3567,46.0528],[5.5334,46.0086],[5.5334,46.097],[5.2683,46.318],[5.4156,46.5242],[5.6457,46.4567],[5.7249,46.48],[5.7397,46.5978],[5.6255,46.6491],[5.6464,46.8498],[5.757,46.8867],[5.7939,46.9972],[5.6673,47.1083],[5.7369,47.2336],[5.7786,47.3588],[5.7925,47.5119],[5.9178,47.5954],[5.8204,47.7346],[5.9595,47.8041],[5.9595,47.985],[6.0569,47.9572],[6.0987,48.0268],[6.2518,47.9572]]]},"properties":{"NAME":"Kingdom of France","SUBJECTO":"France","PARTOF":"Kingdom of France","BORDERPRECISION":1,"LINK":null}},
{"type":"Feature","geometry":{"type":"Polygon","coordinates":[[[-1.0044,41.9188],[0.3407,42.0003],[0.9417,41.8943],[1.3665,42.4088],[1.3644,42.4096],[1.3487,42.5395],[1.3075,42.6352],[0.7442,42.7719],[0.5841,42.7719],[0.5919,42.6283],[0.3478,42.6352],[0.1963,42.6078],[0.1796,42.6625],[-0.1656,42.6488],[-0.2037,42.7003],[-0.2161,42.7172],[-0.4099,42.7856],[-0.4688,42.7514],[-0.5241,42.7578],[-0.6029,42.4161],[-1.0044,41.9188]]]},"properties":{"NAME":"Aragón","SUBJECTO":"Aragón","PARTOF":"Aragón","BORDERPRECISION":1,"LINK":null}},
{"type":"Feature","geometry":{"type":"MultiPolygon","coordinates":[[[[1.5797,36.5139],[1.0576,36.4619],[0.7812,36.3849],[0.4744,36.225],[0.1987,36.0333],[0.0153,35.8037],[-0.0917,35.7398],[-0.2037,35.7507],[-0.283,35.7585],[-0.4288,35.8601],[-0.7343,35.7385],[-0.9175,35.668],[-1.1467,35.6294],[-1.3291,35.4889],[-1.4951,35.2339],[-1.7383,35.1188],[-2.0353,35.0546],[-2.193,35.0542],[-2.3259,35.054],[-2.3557,35.0539],[-2.7148,35.0977],[-2.8299,35.1421],[-3.009,35.39],[-3.2058,35.2686],[-3.4408,35.1663],[-4.0279,35.1332],[-4.2954,35.1518],[-4.593,35.1512],[-5.1096,35.3793],[-5.1718,35.4238],[-5.4794,35.8052],[-5.565,35.8623],[-5.8079,35.7854],[-5.9288,35.7279],[-6.302,34.8614],[-6.472,34.5309],[-6.5115,34.4543],[-6.753,34.1234],[-7.004,33.875],[-7.3326,33.6964],[-7.9024,33.4855],[-8.3144,33.3385],[-8.6403,33.1217],[-9.2187,32.5804],[-9.2508,32.4214],[-9.2223,32.2562],[-9.3176,31.9637],[-9.6353,31.5754],[-9.8133,31.2891],[-9.8578,31.0602],[-9.817,30.7552],[-9.625,30.4061],[-9.6027,30.1837],[-9.6626,29.9548],[-9.8696,29.643],[-10.3393,29.1463],[-10.8562,28.7512],[-11.3727,28.3689],[-11.5765,28.2286],[-12.0906,28.0242],[-12.6741,27.8959],[-12.8662,27.8573],[-13.0601,27.6726],[-13.1236,27.5463],[-13.316,27.1637],[-13.4663,26.8138],[-13.6287,26.5911],[-14.0058,26.3615],[-14.1878,26.2721],[-14.3673,26.1192],[-14.632,25.6821],[-14.6601,25.6356],[-14.6712,25.596],[-14.7972,25.146],[-14.82,24.7329],[-14.9752,24.5101],[-15.607,23.9813],[-15.714,23.8731],[-16.2425,22.7217],[-16.3525,22.4927],[-16.5719,22.238],[-16.806,21.9897],[-16.9837,21.5953],[-17.0161,21.3141],[-17.0519,21.0041],[-17.0462,20.8325],[-17.0213,20.7436],[-16.8445,20.941],[-16.7109,20.8904],[-16.3473,20.5226],[-16.269,20.3639],[-16.2396,20.1225],[-16.2696,19.6839],[-16.3513,19.4931],[-16.4716,19.3657],[-16.1907,19.0295],[-16.0557,18.6739],[-15.9827,18.1784],[-16.0411,17.6699],[-16.1255,17.3011],[-16.3788,16.7159],[-16.3991,16.5458],[-11.6995,17.1137],[-7.8335,17.6361],[0.4578,32.5474],[0.8706,33.0739],[1.2374,35.8864],[1.5797,36.5139]]],[[[-2.5834,41.3585],[-3.5315,41.0221],[-4.4443,40.8943],[-5.5695,40.7368],[-6.8298,40.6201],[-7.7705,40.533],[-7.7705,40.9406],[-8.6941,40.9922],[-8.9697,40.19],[-8.9156,40.1381],[-9.1179,39.644],[-9.2993,39.4177],[-9.4153,39.3667],[-9.3977,39.2304],[-9.4598,38.9531],[-9.549,38.7745],[-9.5224,38.6899],[-9.3616,38.6711],[-9.1758,38.7322],[-9.0408,38.9202],[-8.9608,38.8185],[-8.9419,38.7419],[-9.0692,38.643],[-9.2852,38.6195],[-9.2366,38.4174],[-9.0223,38.461],[-8.8537,38.4996],[-8.7889,38.436],[-8.8473,38.3846],[-8.823,38.2061],[-8.9328,37.9618],[-8.851,37.9102],[-8.8415,37.5251],[-9.0166,37.0698],[-8.9908,36.99],[-8.6671,37.1214],[-8.5411,37.0886],[-8.2802,37.0886],[-8.0336,37.0088],[-7.836,37.0323],[-7.6034,37.163],[-7.4915,37.2082],[-7.2278,37.2259],[-7.0101,37.1653],[-6.948,37.1493],[-6.6322,37.0218],[-6.4217,36.7922],[-6.5005,36.7188],[-6.444,36.6232],[-6.2889,36.5722],[-6.305,36.4542],[-6.2045,36.2821],[-5.85,36.0717],[-5.6606,36.008],[-5.4855,36.0654],[-5.4879,36.1737],[-5.4571,36.1674],[-5.4243,36.0717],[-5.3867,36.11],[-5.3742,36.2375],[-5.2167,36.4096],[-4.7573,36.4861],[-4.4466,36.722],[-2.9698,36.7411],[-2.9153,36.6901],[-2.7615,36.6901],[-2.6243,36.8113],[-2.3551,36.8241],[-2.2388,36.7284],[-1.9405,36.9516],[-1.8169,37.2925],[-1.6257,37.4395],[-1.3646,37.5484],[-0.9183,37.5703],[-0.8026,37.615],[-0.8723,37.7598],[-0.6647,38.1766],[-0.5641,38.2149],[-0.4352,38.4303],[-0.2037,38.544],[-0.107,38.5915],[0.1726,38.7383],[0.1261,38.8214],[-0.1657,38.9541],[-0.2037,39.0127],[-0.2359,39.0624],[-0.3948,39.4345],[-0.2845,39.6368],[-0.2037,39.7994],[-0.1606,39.886],[0.2379,40.2402],[0.5051,40.5928],[0.7876,40.6569],[0.8271,40.7274],[0.7098,40.7851],[0.7338,40.875],[0.8792,41.0217],[1.3112,41.1573],[1.4421,41.18],[1.0336,41.8781],[0.9417,41.8943],[0.3407,42.0003],[-1.0044,41.9188],[-2.5834,41.3585]]],[[[1.3681,38.8511],[1.3719,38.8308],[1.4058,38.8456],[1.5317,38.9519],[1.615,39.0283],[1.6092,39.0814],[1.6053,39.0917],[1.6006,39.0961],[1.5458,39.118],[1.5197,39.1183],[1.4728,39.1053],[1.3625,39.0728],[1.3292,39.0553],[1.3036,39.0386],[1.2942,39.0314],[1.2425,38.968],[1.2278,38.9481],[1.2119,38.8983],[1.2225,38.8742],[1.2461,38.8603],[1.2525,38.8592],[1.2575,38.8636],[1.2706,38.8781],[1.2772,38.8797],[1.3464,38.8711],[1.3528,38.8683],[1.3575,38.865],[1.3617,38.8606],[1.3681,38.8511]]],[[[1.5761,38.6555],[1.5881,38.6672],[1.5867,38.6725],[1.5778,38.6878],[1.5731,38.6914],[1.4453,38.7411],[1.3992,38.7378],[1.3831,38.7206],[1.3831,38.7156],[1.3831,38.6939],[1.3836,38.6831],[1.3856,38.6581],[1.3864,38.6478],[1.3903,38.6433],[1.4439,38.6828],[1.4567,38.6869],[1.4631,38.6856],[1.4944,38.6756],[1.5053,38.6694],[1.5181,38.6569],[1.5242,38.6547],[1.5306,38.6542],[1.5564,38.6542],[1.5694,38.6542],[1.5761,38.6555]]],[[[4.3139,39.8319],[4.3169,39.8461],[4.3156,39.8789],[4.2733,39.9614],[4.2414,39.9936],[4.1744,40.0503],[4.1225,40.0561],[3.9375,40.0589],[3.8683,40.0581],[3.8361,40.0564],[3.8314,40.0528],[3.7969,40.0172],[3.8267,39.9225],[3.8781,39.92],[3.8847,39.9203],[3.8911,39.9208],[3.9111,39.9258],[3.9242,39.9292],[3.9383,39.9325],[3.9656,39.9336],[3.9847,39.9303],[4.0286,39.92],[4.0411,39.9156],[4.0797,39.8992],[4.0847,39.8956],[4.0883,39.8905],[4.0908,39.8847],[4.1008,39.8778],[4.1164,39.8683],[4.2383,39.8161],[4.2567,39.8106],[4.2631,39.8089],[4.2764,39.8064],[4.2892,39.8075],[4.2953,39.8106],[4.3,39.8142],[4.3139,39.8319]]],[[[3.2933,39.7458],[3.275,39.7378],[3.2608,39.7336],[3.2478,39.7347],[3.2414,39.7361],[3.1808,39.76],[3.1519,39.7758],[3.1383,39.7875],[3.1347,39.7922],[3.1244,39.8122],[3.0894,39.8858],[3.0889,39.8914],[3.0919,39.9014],[3.0969,39.9114],[3.0714,39.9219],[2.9878,39.9111],[2.7778,39.8447],[2.6839,39.7939],[2.5386,39.7003],[2.3861,39.6128],[2.3642,39.5558],[2.3892,39.525],[2.4369,39.5217],[2.5425,39.5203],[2.5464,39.5247],[2.6561,39.5644],[2.6625,39.5636],[2.6753,39.5594],[2.6944,39.5519],[2.7317,39.5275],[2.7364,39.5239],[2.745,39.5158],[2.7536,39.5075],[2.7547,39.5025],[2.7528,39.4967],[2.7464,39.4947],[2.7417,39.4908],[2.7278,39.4731],[2.7431,39.4117],[2.7456,39.4064],[2.7553,39.3925],[2.7814,39.3692],[2.7864,39.3647],[2.7994,39.3606],[2.8297,39.3533],[2.9856,39.3186],[3.0292,39.2831],[3.0569,39.2631],[3.0636,39.2636],[3.0819,39.273],[3.2419,39.3644],[3.2669,39.4128],[3.2881,39.4675],[3.3056,39.5022],[3.3203,39.5206],[3.3319,39.5264],[3.3717,39.5492],[3.3775,39.5528],[3.4475,39.6403],[3.4636,39.6614],[3.4797,39.7111],[3.4803,39.7217],[3.4397,39.7503],[3.3828,39.7733],[3.3439,39.7758],[3.3333,39.7661],[3.3236,39.7594],[3.2933,39.7458]]]]},"properties":{"NAME":"Almoravid dynasty","SUBJECTO":"Almoravid dynasty","PARTOF":"Almoravid dynasty","BORDERPRECISION":1,"LINK":null}},
{"type":"Feature","geometry":{"type":"Polygon","coordinates":[[[-81.3628,23.1209],[-81.4311,23.1367],[-81.6857,23.117],[-82.0568,23.1353],[-82.4356,23.0646],[-82.9593,23.0254],[-83.6904,22.814],[-84.2564,22.5395],[-84.308,22.4949],[-84.4347,22.323],[-84.3772,22.0561],[-84.5899,21.9158],[-84.7064,21.7696],[-84.3525,21.8083],[-84.2086,21.8276],[-84.0305,21.9551],[-83.9453,22.1587],[-83.8506,22.2098],[-83.5567,22.2104],[-83.3897,22.2235],[-82.8527,22.6378],[-82.5624,22.7084],[-82.3387,22.6898],[-82.0456,22.6967],[-81.8798,22.6717],[-81.7394,22.6211],[-81.6626,22.5068],[-82.0406,22.3853],[-82.1772,22.3659],[-81.7923,22.2078],[-81.5723,22.1638],[-81.3513,22.1507],[-81.3628,23.1209]]]},"properties":{"NAME":"Guanahatabeyes","SUBJECTO":"Guanahatabeyes","PARTOF":"Guanahatabeyes","BORDERPRECISION":1,"LINK":null}},
{"type":"Feature","geometry":{"type":"MultiPolygon","coordinates":[[[[-81.3513,22.1507],[-81.0532,22.1331],[-80.7765,22.1019],[-80.4442,21.9945],[-80.014,21.773],[-79.7345,21.6719],[-79.3581,21.6091],[-78.9059,21.6291],[-78.7279,21.6168],[-78.6296,21.5471],[-78.5136,21.3058],[-78.4504,20.969],[-78.1574,20.8171],[-77.8863,20.7668],[-77.5712,20.7675],[-77.2912,20.7045],[-77.2099,20.6475],[-77.0987,20.5333],[-77.1766,20.3551],[-77.5041,20.0748],[-77.663,19.9028],[-77.4608,19.8714],[-77.2432,19.8846],[-76.8187,19.9364],[-76.3985,20.0199],[-75.9934,20.0017],[-75.5191,19.9074],[-75.2372,19.9334],[-74.7196,20.1125],[-74.2782,20.1515],[-74.1734,20.1899],[-74.3448,20.323],[-74.6108,20.4496],[-74.8391,20.6207],[-75.0619,20.6965],[-75.4019,20.664],[-75.6537,20.6825],[-75.7585,20.7522],[-75.6039,21.0132],[-75.7509,21.1209],[-76.2089,21.1962],[-76.9758,21.4298],[-77.1913,21.4484],[-77.3398,21.5117],[-77.5078,21.7592],[-77.7118,21.8986],[-78.1706,22.1201],[-78.7233,22.2779],[-79.069,22.328],[-79.3304,22.4037],[-79.5022,22.5178],[-79.76,22.7588],[-79.9846,22.8791],[-80.199,22.885],[-80.4497,22.9353],[-80.7212,23.0237],[-81.1026,23.0611],[-81.3628,23.1209],[-81.3513,22.1507]]],[[[-62.9858,17.5197],[-62.9911,17.5219],[-62.9967,17.5206],[-62.9981,17.5144],[-62.9975,17.4942],[-62.9953,17.4897],[-62.9794,17.4647],[-62.9767,17.4608],[-62.9719,17.4581],[-62.9611,17.4608],[-62.9519,17.465],[-62.9478,17.4678],[-62.9403,17.4744],[-62.9364,17.4858],[-62.9386,17.4903],[-62.9425,17.4936],[-62.9858,17.5197]]],[[[-61.8872,17.1053],[-61.8911,17.0942],[-61.8872,17.0331],[-61.8858,17.0281],[-61.8836,17.0236],[-61.8806,17.0197],[-61.8761,17.0169],[-61.8292,16.9969],[-61.7381,16.9897],[-61.6867,17.0244],[-61.6825,17.0275],[-61.6675,17.0406],[-61.6664,17.0458],[-61.6689,17.085],[-61.6703,17.0903],[-61.6742,17.0936],[-61.7442,17.1372],[-61.7842,17.1583],[-61.7944,17.1633],[-61.8264,17.1672],[-61.8328,17.1639],[-61.8842,17.1097],[-61.8872,17.1053]]],[[[-61.8475,17.5808],[-61.8428,17.5828],[-61.8394,17.5867],[-61.8347,17.5886],[-61.8156,17.5839],[-61.7519,17.5494],[-61.7389,17.5406],[-61.7328,17.5411],[-61.7311,17.5472],[-61.7292,17.6086],[-61.7317,17.625],[-61.7381,17.6447],[-61.7403,17.6492],[-61.7433,17.6531],[-61.7836,17.6972],[-61.7872,17.7006],[-61.8392,17.7247],[-61.8456,17.725],[-61.8503,17.7228],[-61.8731,17.7039],[-61.8753,17.6986],[-61.8739,17.6889],[-61.8567,17.5925],[-61.8531,17.5831],[-61.8475,17.5808]]],[[[-69.8975,19.5062],[-69.9934,19.6839],[-70.2892,19.6515],[-70.7389,19.7904],[-70.8187,19.8411],[-70.8816,19.9299],[-71.0474,19.9105],[-71.2203,19.8339],[-71.3739,19.8335],[-71.5506,19.8967],[-71.7771,19.771],[-71.8433,19.7308],[-72.1027,19.7557],[-72.5888,19.8882],[-72.9404,19.9446],[-73.2662,19.9185],[-73.4212,19.8737],[-73.4745,19.8354],[-73.4926,19.7528],[-73.3554,19.6577],[-72.9446,19.595],[-72.7672,19.5255],[-72.6765,19.3922],[-72.7594,19.0742],[-72.6984,18.9408],[-72.3869,18.7317],[-72.2978,18.662],[-72.4715,18.5917],[-72.7459,18.5085],[-73.0403,18.5269],[-73.5463,18.6021],[-73.8302,18.6524],[-74.3032,18.6959],[-74.424,18.613],[-74.4418,18.524],[-74.3648,18.3779],[-73.9178,18.131],[-73.857,18.112],[-73.6871,18.2713],[-73.4738,18.3163],[-73.2152,18.2914],[-72.9155,18.2285],[-72.5207,18.223],[-72.1783,18.2873],[-71.9782,18.2622],[-71.677,18.0025],[-71.5307,17.7547],[-71.4008,17.7041],[-71.2165,17.9969],[-71.0615,18.3468],[-70.7654,18.4937],[-70.6955,18.5192],[-70.621,18.5067],[-70.4774,18.2845],[-70.2992,18.2595],[-69.956,18.5017],[-69.808,18.5465],[-69.6401,18.5469],[-69.5107,18.5027],[-69.156,18.5289],[-68.9859,18.5102],[-68.772,18.2437],[-68.6647,18.1994],[-68.5234,18.365],[-68.4588,18.4986],[-68.3729,18.575],[-68.4771,18.7147],[-68.6568,18.8732],[-69.0688,19.0757],[-69.3582,19.1704],[-69.5091,19.2082],[-69.7466,19.3539],[-69.8975,19.5062]]],[[[-65.9515,18.4722],[-66.6288,18.5216],[-66.8106,18.5148],[-67.0552,18.5461],[-67.161,18.5141],[-67.2106,18.4377],[-67.1617,18.3297],[-67.1846,18.0818],[-67.152,17.9865],[-66.9056,17.9362],[-66.7464,18.0128],[-66.4509,18.0452],[-66.1184,18.0078],[-65.9674,18.0272],[-65.84,18.1292],[-65.8085,18.1737],[-65.7241,18.3328],[-65.775,18.3963],[-65.9515,18.4722]]],[[[-77.7695,18.5105],[-78.0864,18.478],[-78.3249,18.3504],[-78.2611,18.2552],[-78.0518,18.2175],[-77.8405,18.0527],[-77.7373,17.9321],[-77.4253,17.8311],[-77.2908,17.806],[-77.1523,17.8635],[-77.0503,17.9781],[-76.8055,18.0041],[-76.4677,17.8713],[-76.3186,17.9034],[-76.3007,17.9924],[-76.4264,18.1193],[-76.7192,18.2394],[-77.1559,18.3974],[-77.7695,18.5105]]],[[[-62.2072,16.8111],[-62.2358,16.7306],[-62.2372,16.7175],[-62.2367,16.7119],[-62.2297,16.7047],[-62.2125,16.6869],[-62.2086,16.6836],[-62.19,16.6725],[-62.1714,16.6714],[-62.1656,16.6717],[-62.1556,16.6753],[-62.1514,16.6781],[-62.1403,16.6883],[-62.1375,16.6928],[-62.1464,16.7467],[-62.1481,16.7517],[-62.1764,16.8086],[-62.2019,16.8136],[-62.2072,16.8111]]],[[[-62.9789,18.2767],[-63.0225,18.2689],[-63.0486,18.2614],[-63.0533,18.2592],[-63.0575,18.2564],[-63.1414,18.1942],[-63.1553,18.1794],[-63.1586,18.1758],[-63.1678,18.1644],[-63.1567,18.165],[-63.1508,18.1656],[-63.14,18.1683],[-63.0742,18.1928],[-63.0308,18.2103],[-63.0211,18.2144],[-62.9931,18.2272],[-62.9867,18.2356],[-62.9695,18.2664],[-62.97,18.2722],[-62.9725,18.2767],[-62.9789,18.2767]]],[[[-62.6261,17.1267],[-62.6253,17.1208],[-62.6219,17.1114],[-62.6172,17.1025],[-62.6106,17.0953],[-62.5914,17.0919],[-62.585,17.0917],[-62.5528,17.0942],[-62.5478,17.0961],[-62.5444,17.0997],[-62.5386,17.1086],[-62.5353,17.1208],[-62.5342,17.1336],[-62.5353,17.145],[-62.5414,17.1769],[-62.5425,17.1822],[-62.5447,17.1867],[-62.5486,17.19],[-62.5761,17.1994],[-62.5828,17.1997],[-62.5997,17.1972],[-62.61,17.1911],[-62.6203,17.1633],[-62.6236,17.1511],[-62.6256,17.1392],[-62.6261,17.1267]]],[[[-62.6711,17.2572],[-62.6622,17.2392],[-62.6539,17.2089],[-62.6253,17.2208],[-62.6217,17.2244],[-62.6206,17.2314],[-62.6225,17.2419],[-62.7017,17.3369],[-62.73,17.3653],[-62.7347,17.3681],[-62.8128,17.4094],[-62.8175,17.4108],[-62.8386,17.4019],[-62.8494,17.3931],[-62.8564,17.3858],[-62.8639,17.3708],[-62.8617,17.3664],[-62.8392,17.3278],[-62.8353,17.3244],[-62.7933,17.3],[-62.7783,17.2922],[-62.7594,17.2875],[-62.7381,17.2847],[-62.725,17.2842],[-62.7139,17.2861],[-62.7075,17.2858],[-62.6925,17.2783],[-62.6772,17.265],[-62.6711,17.2572]]],[[[-64.722,17.7581],[-64.7297,17.7644],[-64.7358,17.7722],[-64.7414,17.7742],[-64.7533,17.7731],[-64.7586,17.7717],[-64.7619,17.7742],[-64.7664,17.7831],[-64.7695,17.7869],[-64.7733,17.79],[-64.787,17.7925],[-64.797,17.7889],[-64.8114,17.7747],[-64.8156,17.7719],[-64.8186,17.7681],[-64.8269,17.7622],[-64.832,17.7608],[-64.8381,17.7603],[-64.8445,17.7617],[-64.862,17.7708],[-64.8645,17.7744],[-64.8708,17.7747],[-64.8797,17.7697],[-64.8825,17.765],[-64.8864,17.7622],[-64.89,17.7583],[-64.8917,17.7525],[-64.8908,17.7467],[-64.8831,17.7339],[-64.88,17.7239],[-64.882,17.7103],[-64.8889,17.6869],[-64.892,17.6825],[-64.8958,17.6794],[-64.8961,17.6767],[-64.8775,17.6856],[-64.8722,17.6869],[-64.8681,17.6897],[-64.8625,17.6892],[-64.8586,17.6858],[-64.8522,17.6844],[-64.8431,17.6889],[-64.8336,17.6833],[-64.8283,17.6833],[-64.8231,17.6847],[-64.8156,17.6917],[-64.8045,17.6936],[-64.7886,17.6978],[-64.7769,17.6992],[-64.7631,17.6981],[-64.7578,17.6994],[-64.7444,17.7067],[-64.7389,17.7081],[-64.7264,17.7053],[-64.7142,17.7042],[-64.692,17.7083],[-64.6683,17.7108],[-64.6442,17.7217],[-64.6281,17.7258],[-64.6189,17.7303],[-64.6108,17.7361],[-64.6006,17.7472],[-64.5958,17.7494],[-64.5906,17.7494],[-64.5781,17.7464],[-64.5642,17.7453],[-64.5603,17.7483],[-64.5608,17.7539],[-64.565,17.7572],[-64.5703,17.7594],[-64.5767,17.7608],[-64.5903,17.7619],[-64.61,17.7622],[-64.6381,17.7653],[-64.6578,17.7692],[-64.6631,17.7678],[-64.6745,17.7581],[-64.6839,17.7539],[-64.6872,17.75],[-64.6897,17.7447],[-64.6967,17.7456],[-64.7092,17.755],[-64.722,17.7581]]],[[[-64.79,18.3369],[-64.7903,18.3308],[-64.7881,18.3264],[-64.7747,18.3178],[-64.7692,18.3158],[-64.7045,18.3075],[-64.6653,18.3322],[-64.6611,18.3353],[-64.6583,18.3397],[-64.6645,18.3475],[-64.6683,18.3508],[-64.7086,18.3706],[-64.7319,18.3719],[-64.7392,18.3708],[-64.7442,18.3686],[-64.782,18.3431],[-64.79,18.3369]]],[[[-65.0119,18.3492],[-64.9794,18.3469],[-64.9286,18.3386],[-64.9231,18.3364],[-64.8864,18.3167],[-64.8781,18.3106],[-64.8417,18.3125],[-64.8358,18.3131],[-64.8331,18.3175],[-64.832,18.3244],[-64.8345,18.3289],[-64.847,18.3386],[-64.9039,18.3647],[-64.95,18.3753],[-64.9767,18.3778],[-65.0242,18.3672],[-65.0269,18.3628],[-65.0261,18.3569],[-65.0183,18.3506],[-65.0119,18.3492]]],[[[-61.31,15.8828],[-61.3056,15.88],[-61.2831,15.8719],[-61.2758,15.8708],[-61.2567,15.87],[-61.2456,15.8717],[-61.2308,15.8772],[-61.2228,15.8828],[-61.1944,15.9028],[-61.1875,15.91],[-61.1864,15.9156],[-61.187,15.9211],[-61.1961,15.9447],[-61.2022,15.9525],[-61.2381,15.9933],[-61.2614,16.0128],[-61.2669,16.015],[-61.2753,16.0092],[-61.3092,15.9728],[-61.3297,15.9344],[-61.3294,15.9286],[-61.3169,15.89],[-61.31,15.8828]]],[[[-61.0822,16.3083],[-61.0858,16.3047],[-61.0878,16.3008],[-61.0867,16.2958],[-61.0817,16.2956],[-61.0372,16.3111],[-60.9989,16.3353],[-60.9908,16.3408],[-60.9886,16.3461],[-61.0019,16.3489],[-61.0153,16.3503],[-61.0208,16.3489],[-61.0253,16.3467],[-61.0472,16.3342],[-61.0594,16.3256],[-61.0822,16.3083]]],[[[-61.2686,16.3189],[-61.2792,16.3233],[-61.2917,16.3267],[-61.3336,16.3336],[-61.3394,16.3331],[-61.3461,16.3342],[-61.3578,16.3381],[-61.3664,16.3442],[-61.3733,16.3514],[-61.3947,16.3789],[-61.3989,16.3878],[-61.4003,16.3928],[-61.3994,16.3997],[-61.3914,16.4219],[-61.3931,16.4328],[-61.4025,16.4681],[-61.4047,16.4728],[-61.4078,16.4767],[-61.4361,16.4989],[-61.4567,16.5131],[-61.4603,16.5142],[-61.4661,16.5136],[-61.4703,16.5108],[-61.5069,16.485],[-61.5261,16.4608],[-61.5317,16.4519],[-61.5333,16.4392],[-61.5328,16.4333],[-61.5294,16.4178],[-61.5225,16.3931],[-61.4989,16.3486],[-61.5419,16.2902],[-61.5567,16.2849],[-61.5579,16.2844],[-61.5815,16.2751],[-61.6067,16.2753],[-61.6103,16.2786],[-61.6097,16.2839],[-61.6558,16.3247],[-61.7267,16.3603],[-61.7308,16.3622],[-61.7425,16.3611],[-61.7478,16.3597],[-61.7597,16.3511],[-61.7836,16.3331],[-61.7936,16.3069],[-61.7961,16.2642],[-61.7939,16.2419],[-61.7614,16.0567],[-61.7569,16.0478],[-61.7369,16.0158],[-61.695,15.9492],[-61.6906,15.9464],[-61.685,15.9478],[-61.6483,15.9653],[-61.6069,15.9897],[-61.5728,16.0183],[-61.5625,16.0294],[-61.5594,16.0339],[-61.5528,16.0544],[-61.5556,16.0761],[-61.5675,16.1425],[-61.5753,16.1608],[-61.5767,16.1661],[-61.5808,16.1931],[-61.5814,16.1986],[-61.5811,16.2047],[-61.5689,16.2243],[-61.5671,16.2269],[-61.5639,16.2281],[-61.5472,16.2295],[-61.5333,16.2317],[-61.5211,16.2222],[-61.5092,16.2128],[-61.4983,16.2083],[-61.4742,16.2014],[-61.4669,16.2003],[-61.4547,16.2006],[-61.2258,16.2531],[-61.2056,16.2672],[-61.26,16.3128],[-61.2686,16.3189]]],[[[-62.8725,17.9175],[-62.87,17.9131],[-62.845,17.8825],[-62.8411,17.8792],[-62.8356,17.8783],[-62.8114,17.8883],[-62.7908,17.9028],[-62.7895,17.9075],[-62.7908,17.9125],[-62.8117,17.9181],[-62.8633,17.9303],[-62.8692,17.9297],[-62.8731,17.9233],[-62.8725,17.9175]]],[[[-63.1467,18.0719],[-63.1461,18.0664],[-63.1439,18.0619],[-63.1398,18.0586],[-63.1161,18.0428],[-63.0792,18.0267],[-63.0728,18.025],[-63.0333,18.0156],[-63.0283,18.0156],[-63.0194,18.0206],[-63.0167,18.025],[-63.0122,18.0356],[-63.0103,18.0478],[-63.0115,18.0673],[-63.0067,18.0806],[-63.0064,18.0869],[-63.0161,18.1139],[-63.0192,18.1178],[-63.0392,18.1219],[-63.045,18.1214],[-63.1422,18.0742],[-63.1467,18.0719]]]]},"properties":{"NAME":"Taino","SUBJECTO":"Taino","PARTOF":"Taino","BORDERPRECISION":1,"LINK":null}},
{"type":"Feature","geometry":{"type":"MultiPolygon","coordinates":[[[[-116.8132,68.9118],[-117.328,68.9786],[-117.8323,69.0078],[-118.5395,69.1346],[-118.818,69.1642],[-119.2789,69.2615],[-119.979,69.3781],[-120.4026,67.9475],[-110.8602,65.9435],[-97.3611,65.1243],[-87.8245,64.347],[-87.4352,64.5689],[-87.1573,65.0596],[-87.6163,65.0734],[-88.1714,65.1304],[-88.9044,65.3252],[-89.6924,65.6733],[-90,65.7679],[-90,65.8931],[-90,65.9716],[-90,65.9736],[-89.7776,65.98],[-89.5087,65.9292],[-89.1774,65.8129],[-88.642,65.7117],[-88.5409,65.6754],[-88.1735,65.4575],[-87.7869,65.3491],[-87.5498,65.3495],[-87.254,65.4301],[-86.3337,65.9279],[-86.0587,66.0748],[-85.9871,66.1628],[-86.5769,66.3524],[-86.8531,66.462],[-86.739,66.5651],[-85.9032,66.6182],[-85.3868,66.6118],[-85.1185,66.3331],[-84.9495,66.2747],[-84.37,66.3125],[-84.0587,66.2764],[-83.7405,66.3063],[-84.4077,66.7094],[-85.0216,66.9441],[-84.7139,67.0703],[-84.4904,67.0485],[-84.2264,66.9309],[-83.482,66.4977],[-83.1387,66.3735],[-82.6335,66.6023],[-82.33,66.6396],[-81.6967,66.9873],[-81.4992,67.0689],[-81.2844,67.3579],[-81.295,67.4987],[-81.7937,67.7578],[-82.1783,67.9954],[-82.493,68.3233],[-82.6318,68.5551],[-82.6873,68.6975],[-82.3278,68.8183],[-82.2096,68.8185],[-81.8865,68.579],[-81.7771,68.5567],[-81.583,68.602],[-81.3699,68.7224],[-81.4799,69.1886],[-81.684,69.2788],[-81.9328,69.2481],[-82.1605,69.2477],[-82.7567,69.5488],[-84.3135,69.8262],[-84.5702,69.8333],[-84.7595,69.8026],[-85.1134,69.8171],[-85.3811,69.6953],[-85.4207,69.2944],[-85.0076,69.1368],[-84.5644,68.987],[-84.6246,68.7539],[-84.7727,68.7236],[-85.3998,68.76],[-85.5063,68.6772],[-85.6695,68.3398],[-85.7817,68.0408],[-86.051,67.854],[-86.395,67.6749],[-86.4884,67.3778],[-86.6545,67.3182],[-87.0579,67.2434],[-87.3254,67.1689],[-87.534,67.2943],[-87.8084,67.5163],[-88.3239,67.8125],[-88.4815,67.991],[-88.462,68.1776],[-88.3711,68.3123],[-88.0131,68.2681],[-87.8615,68.2834],[-87.7903,68.478],[-87.8844,68.6803],[-88.0974,68.8526],[-88.5761,69.1],[-88.905,69.2276],[-89.1404,69.2347],[-89.4411,69.0457],[-89.7356,68.5343],[-90,68.3691],[-90,68.6832],[-90,68.9534],[-90,69.1636],[-90,69.2314],[-90,69.33],[-90,69.489],[-91.1725,69.6467],[-91.441,69.6462],[-91.6151,69.5853],[-91.9773,69.6073],[-92.4593,69.7125],[-92.6712,69.7424],[-92.4842,69.9933],[-92.2708,70.1161],[-91.8278,70.1323],[-91.6577,70.2858],[-92.1681,70.5077],[-92.532,70.7304],[-93.0995,70.9688],[-92.9889,71.2402],[-93.0769,71.411],[-93.2712,71.5585],[-93.8381,71.7603],[-94.1658,71.8457],[-94.4172,71.8843],[-95.2458,71.875],[-95.4106,71.859],[-95.6587,71.71],[-95.7621,71.6942],[-95.6718,71.5696],[-95.3527,71.4067],[-95.4304,71.2512],[-95.493,71.2355],[-95.9575,71.3512],[-96.1316,71.3353],[-96.3983,71.2028],[-96.6592,70.9312],[-96.6997,70.8384],[-96.1653,70.6696],[-95.9467,70.5699],[-96.3255,70.3615],[-96.4741,70.2998],[-96.464,70.1542],[-96.4226,70.093],[-96.127,69.9408],[-95.697,69.843],[-95.3096,69.7375],[-94.7496,69.6552],[-94.4232,69.6937],[-94.0367,69.5505],[-93.7307,69.4981],[-93.3272,69.4837],[-92.9925,69.5146],[-92.9561,69.0843],[-92.9855,68.9638],[-93.1943,69.0387],[-93.5271,69.219],[-93.7844,69.2185],[-93.9798,69.1427],[-94.3425,69.1119],[-94.5831,68.8781],[-94.1384,68.8413],[-93.7739,68.9247],[-93.6358,68.925],[-93.4669,68.7674],[-93.3992,68.6025],[-93.4141,68.5425],[-93.6468,68.4746],[-93.8627,68.4742],[-94.084,68.4513],[-94.637,68.069],[-95.0021,68.0534],[-95.3225,68.0603],[-95.4388,67.9408],[-95.5004,67.7247],[-95.2907,67.2798],[-95.2587,67.0284],[-95.6865,67.1681],[-96.043,67.2118],[-96.1228,67.2412],[-96.2596,67.3151],[-96.3402,67.5448],[-96.211,67.9319],[-96.1681,67.9916],[-96.2079,68.0736],[-96.4321,68.1627],[-96.8183,68.1844],[-97.21,68.2734],[-97.5718,68.3699],[-97.8304,68.3994],[-98.3671,68.361],[-98.4071,68.159],[-97.7876,68.1303],[-97.4582,68.0712],[-97.1586,67.9674],[-97.1512,67.7365],[-97.2607,67.5951],[-97.4955,67.5872],[-97.9231,67.7202],[-98.3549,67.9353],[-98.886,67.8152],[-99.3677,67.7919],[-100.2119,67.8052],[-101.002,67.7963],[-101.3974,67.7063],[-101.913,67.7053],[-102.218,67.7419],[-102.7631,67.8004],[-103.1961,67.8965],[-103.3075,67.9335],[-103.5827,68.1195],[-104.0189,68.0739],[-104.4543,68.1029],[-105.1419,68.2286],[-105.636,68.3549],[-105.912,68.3394],[-106.1186,68.2418],[-106.2119,68.1071],[-106.6296,68.0392],[-107.5045,67.9778],[-107.662,67.9626],[-107.7165,67.6276],[-107.6514,67.4272],[-107.5938,67.3383],[-107.1562,67.043],[-107.1282,66.9618],[-107.4058,66.9022],[-107.6111,66.8797],[-107.6002,66.7396],[-107.5276,66.563],[-108.348,67.0039],[-108.4852,67.0701],[-108.3277,67.1814],[-108.1011,67.2188],[-108.095,67.3596],[-108.6462,67.5589],[-108.8354,67.6106],[-109.4888,67.6911],[-110.1334,67.9058],[-110.532,67.92],[-110.9541,67.8745],[-111.3567,67.8216],[-111.7798,67.7464],[-112.1119,67.7234],[-112.5025,67.693],[-113.2898,67.6989],[-114.0663,67.7346],[-115.5617,67.8957],[-115.4021,68.2169],[-115.0201,68.2775],[-114.7654,68.3004],[-114.3447,68.2862],[-114.1087,68.3465],[-114.1945,68.4962],[-114.3896,68.6083],[-114.8315,68.7651],[-115.2851,68.8921],[-115.6898,68.9365],[-116.32,68.8977],[-116.8132,68.9118]]],[[[-78.0648,58.4076],[-77.9016,58.3529],[-77.6597,58.2365],[-77.4044,58.1136],[-77.1942,57.9905],[-76.7724,57.6625],[-76.665,57.519],[-76.5545,57.2801],[-76.4386,56.8097],[-76.4623,56.5775],[-62.5097,57.9717],[-62.5767,58.0389],[-62.7411,58.3886],[-62.999,58.3744],[-63.042,58.5255],[-62.887,58.6564],[-63.0057,58.8145],[-63.4758,59.1583],[-63.7441,59.517],[-64.0974,59.7446],[-64.3706,60.0144],[-64.6706,60.1809],[-64.9007,59.8816],[-64.9879,59.8191],[-65.429,59.7767],[-65.5517,59.7142],[-65.5554,59.5758],[-65.2626,59.3482],[-65.5051,59.1752],[-65.7187,59.0575],[-65.8614,58.7953],[-65.9102,58.4513],[-65.9291,58.4238],[-66.241,58.7464],[-66.3281,58.8014],[-66.4746,58.808],[-66.6246,58.5599],[-66.8209,58.3877],[-67.107,58.3047],[-67.6347,58.2694],[-67.7724,58.2485],[-68.0046,58.1657],[-68.1294,58.3097],[-68.0927,58.3647],[-68.0947,58.4815],[-68.2648,58.6394],[-68.5694,58.7833],[-68.6982,58.79],[-69.0496,58.7686],[-69.2142,58.7477],[-69.7258,58.5609],[-69.8942,58.6845],[-69.8324,58.9877],[-69.6765,58.981],[-69.476,58.9745],[-69.3647,59.0506],[-69.3426,59.2093],[-69.4461,59.3956],[-69.5073,59.7205],[-69.7043,60.3178],[-69.649,60.5202],[-69.3895,60.6745],[-69.3838,60.8564],[-69.5363,60.9892],[-69.7021,60.8978],[-70.0283,60.8832],[-70.9092,61.0426],[-71.6734,61.2657],[-71.8562,61.3707],[-71.7239,61.5467],[-72.0819,61.7432],[-72.495,61.9116],[-72.8343,62.1157],[-72.9486,62.172],[-73.3946,62.355],[-73.6597,62.3899],[-73.7402,62.3614],[-73.835,62.34],[-74.2219,62.2403],[-74.7078,62.1758],[-75.3559,62.1816],[-75.6946,62.2163],[-76.1882,62.3214],[-76.9896,62.4898],[-77.3616,62.5175],[-77.6182,62.432],[-77.8676,62.29],[-78.0049,62.0989],[-77.9854,61.8589],[-77.8754,61.7393],[-77.6014,61.6201],[-77.4591,61.5289],[-77.4622,61.4726],[-77.6884,61.1561],[-78.1765,60.7418],[-77.3885,60.6943],[-77.391,60.5755],[-77.5072,60.4146],[-77.4854,60.3239],[-77.3434,60.143],[-77.2624,59.983],[-77.2148,59.7475],[-77.3477,59.6227],[-77.5487,59.6154],[-77.6615,59.5736],[-77.7932,59.3867],[-78.042,58.9928],[-78.4326,58.7577],[-78.4688,58.7095],[-78.3368,58.5515],[-78.2687,58.531],[-78.0648,58.4076]]],[[[-85.0579,65.6091],[-85.5575,65.8636],[-85.7066,65.6516],[-85.8208,65.36],[-86.016,65.1054],[-86.1951,64.7295],[-86.2428,64.5423],[-86.1971,64.3555],[-86.0611,64.1405],[-86.8008,63.8884],[-87.0529,63.752],[-87.1012,63.5447],[-86.0321,63.6753],[-85.6007,63.7476],[-85.4321,63.5978],[-85.4628,63.2055],[-85.1568,63.1847],[-84.6547,63.3139],[-84.3901,63.4499],[-84.0871,63.6718],[-83.4958,63.7444],[-83.4393,63.7874],[-83.5174,64.0521],[-83.4259,64.1741],[-83.1885,64.1818],[-82.731,64.0751],[-82.4935,63.9394],[-82.1977,63.6896],[-82.0005,63.6328],[-81.4032,63.5768],[-81.1231,63.5202],[-80.696,63.4996],[-80.4886,63.6214],[-80.3679,63.6788],[-80.1794,63.722],[-80.6377,63.9143],[-80.953,63.9781],[-81.3731,63.9988],[-81.6296,63.9697],[-81.8721,63.9907],[-81.8314,64.4068],[-81.9107,64.5217],[-82.1096,64.6436],[-83.0854,64.865],[-83.3471,64.9799],[-83.7597,65.2113],[-84.1224,65.3414],[-84.424,65.3917],[-84.605,65.1807],[-84.8423,65.202],[-85.1984,65.3758],[-85.0579,65.6091]]],[[[-76.2692,67.2488],[-75.7704,67.3015],[-75.3092,67.458],[-75.1463,67.577],[-75.1288,67.9042],[-75.1195,68.113],[-75.4748,68.2542],[-75.8847,68.3431],[-76.4963,68.2672],[-76.7942,68.1472],[-77.1125,67.8484],[-77.2475,67.6548],[-77.1695,67.4397],[-77.0648,67.3287],[-76.8628,67.2625],[-76.2692,67.2488]]],[[[-97.4074,69.7487],[-97.7416,69.8316],[-98.1154,69.8005],[-98.2526,69.6941],[-98.3043,69.3913],[-98.4774,69.3079],[-99.1715,69.1255],[-99.365,68.9745],[-98.8779,68.8851],[-98.606,68.8631],[-98.1682,68.7812],[-97.6056,68.6396],[-97.2087,68.6103],[-96.7936,68.5286],[-96.4728,68.5143],[-96.2127,68.5372],[-95.6443,68.7559],[-95.5146,68.8087],[-96.0072,69.041],[-96.1488,69.1688],[-96.1822,69.297],[-96.7615,69.4773],[-97.4074,69.7487]]],[[[-110.0794,72.5622],[-110.2299,72.5304],[-110.5709,72.5376],[-110.8403,72.474],[-111.1966,72.371],[-111.4936,72.3625],[-111.7255,72.3306],[-111.6408,72.7253],[-112.0635,72.8432],[-112.8389,72.9527],[-113.2413,72.944],[-113.7535,72.6976],[-114.1044,72.6416],[-114.4727,72.6251],[-114.4629,72.9893],[-114.2164,73.1487],[-114.1851,73.2442],[-114.647,73.3549],[-115.1479,73.3141],[-115.4632,73.1941],[-116.0592,73.1214],[-116.6429,73.0011],[-116.8105,72.9215],[-117.2197,72.8573],[-118.3988,72.4757],[-118.9856,72.0342],[-118.9684,71.9088],[-118.6491,71.7998],[-118.3376,71.8239],[-118.0449,71.7384],[-117.7402,71.5829],[-117.4908,71.4976],[-117.3139,71.4746],[-116.604,71.546],[-115.6935,71.5789],[-115.517,71.4234],[-115.7423,71.2986],[-116.1611,71.2512],[-116.9621,71.1876],[-117.4102,71.2022],[-118.0022,71.108],[-118.3726,71.0841],[-118.4988,71.0528],[-118.5035,70.9599],[-117.7607,70.7217],[-117.4888,70.7222],[-117.059,70.7462],[-116.2966,70.7707],[-115.5905,70.7644],[-113.7641,70.7369],[-112.8902,70.646],[-111.8499,70.4247],[-111.5437,70.3254],[-111.7305,70.2559],[-112.5006,70.2391],[-112.9911,70.2382],[-113.9538,70.2594],[-114.3744,70.2586],[-115.1466,70.2725],[-115.5535,70.2334],[-115.9631,70.225],[-116.2141,70.2322],[-116.4856,70.1473],[-117.1929,70.123],[-117.4318,70.023],[-117.5682,69.9922],[-116.9949,69.7426],[-116.6562,69.5159],[-116.2955,69.4258],[-115.9066,69.3509],[-115.3407,69.2991],[-113.9246,69.2489],[-113.7168,69.204],[-113.5391,69.1138],[-113.54,68.9781],[-113.6291,68.9328],[-113.602,68.7224],[-113.1522,68.5956],[-112.7399,68.5888],[-112.5225,68.6343],[-111.6294,68.6059],[-111.0874,68.6444],[-110.4482,68.6531],[-109.2094,68.8132],[-108.6456,69.0023],[-108.0107,69.0487],[-107.5362,69.0571],[-107.0347,69.2844],[-106.8538,69.4509],[-106.5924,69.4968],[-106.3753,69.4821],[-106.1793,69.3312],[-105.9304,69.2336],[-104.9051,69.0093],[-104.1878,68.8978],[-103.6503,68.8612],[-103.1782,68.8545],[-102.5404,68.9084],[-102.2779,68.954],[-102.0451,69.0674],[-101.8084,69.1356],[-101.8037,69.2413],[-102.198,69.4823],[-102.5023,69.4288],[-102.7784,69.3603],[-103.2675,69.3291],[-103.3613,69.6391],[-103.2461,69.6924],[-102.7867,69.7084],[-102.4875,69.8],[-102.2395,69.8763],[-101.8139,69.7709],[-101.4493,69.6654],[-100.9671,69.6284],[-100.8913,69.674],[-101.0552,70.0308],[-101.5106,70.2061],[-102.4357,70.4654],[-103.1163,70.5103],[-103.6345,70.6248],[-103.8636,70.7015],[-104.4938,70.9939],[-104.5946,71.0479],[-104.6754,71.1873],[-104.5251,71.4596],[-104.4453,71.5688],[-104.4671,71.6545],[-104.8523,71.9274],[-105.0104,72.0447],[-105.2405,72.3349],[-105.3126,72.6501],[-105.4475,72.7922],[-105.6093,72.8711],[-106.5232,73.1949],[-107.3221,73.265],[-108.1815,73.3829],[-108.284,73.2234],[-108.0866,72.6291],[-107.5273,72.0164],[-107.5904,71.8988],[-108.0605,71.7571],[-108.3479,71.913],[-108.7822,72.3912],[-108.8697,72.6198],[-108.9863,72.7302],[-109.29,72.8404],[-109.8335,72.9504],[-110.4546,73.0127],[-110.5246,72.9967],[-110.0794,72.5622]]],[[[-101.042,72.7688],[-101.5207,72.8708],[-101.9852,73.0841],[-102.2792,73.1472],[-102.6687,72.8528],[-101.6537,72.3731],[-101.4063,72.2948],[-100.7592,72.241],[-100.3189,72.1397],[-99.8626,71.9289],[-99.4343,71.6406],[-98.939,71.3922],[-98.7181,71.3538],[-98.3719,71.37],[-98.0039,71.5497],[-98.4784,71.7985],[-98.484,71.8924],[-98.19,71.846],[-97.8419,71.6904],[-97.58,71.644],[-97.284,71.6524],[-97.0552,71.7153],[-96.8496,71.8798],[-96.7279,72.1857],[-96.6575,72.3431],[-96.3509,72.5012],[-96.4346,72.6984],[-96.6885,72.8165],[-96.8641,72.8241],[-97.2546,72.9343],[-97.7405,73.0127],[-98.0519,72.9724],[-98.2797,73.0196],[-98.3937,73.1306],[-98.3628,73.2181],[-98.1863,73.2901],[-97.4889,73.4588],[-97.3435,73.6108],[-97.0824,73.6673],[-96.9367,73.7877],[-97.3471,73.8911],[-97.9566,73.9221],[-98.511,73.8649],[-98.7065,73.7523],[-98.9675,73.7278],[-99.2194,73.7433],[-99.6677,73.9189],[-99.8566,73.9185],[-100.1765,73.8217],[-100.934,73.8603],[-100.9937,73.8121],[-100.9138,73.7081],[-100.4334,73.5171],[-99.955,73.2629],[-99.963,73.1674],[-100.1495,73.1511],[-100.558,72.8726],[-100.8349,72.7455],[-101.042,72.7688]]],[[[-95.0685,74.0641],[-94.9855,73.9356],[-94.7985,73.8157],[-94.758,73.7437],[-95.3234,73.7586],[-95.4931,73.6143],[-95.6145,73.3188],[-95.6408,73.1437],[-95.5476,72.882],[-95.1239,72.5192],[-95.0584,72.2831],[-94.5424,72.1898],[-94.1086,72.222],[-93.7238,72.3879],[-93.6393,72.5299],[-94.2658,72.8527],[-93.6949,72.8776],[-92.6243,72.8083],[-92.0006,72.8411],[-91.3196,73.2552],[-90,73.5908],[-90,73.7835],[-90,73.8639],[-90,73.904],[-90,73.9998],[-91.0514,74.0474],[-91.5242,74.0546],[-92.1163,73.9892],[-92.6933,74.0122],[-93.3523,74.1236],[-93.899,74.1628],[-94.8682,74.1368],[-94.9736,74.1044],[-95.0685,74.0641]]],[[[-72.73,64.015],[-72.3879,63.8582],[-71.8786,63.8019],[-71.2581,63.5673],[-71.5355,63.3599],[-71.6913,63.3311],[-71.6217,63.2101],[-71.3189,63.0613],[-70.7794,62.9556],[-70.6739,62.8622],[-70.6481,62.9274],[-70.3622,62.8641],[-70.0752,62.7723],[-69.5595,62.7094],[-69.1553,62.4196],[-68.6636,62.3073],[-68.014,62.259],[-67.4508,62.1329],[-66.765,61.9436],[-65.9403,61.79],[-66.1332,62.1],[-66.3323,62.3188],[-66.6807,62.5659],[-67.2638,62.8557],[-68.0926,63.1456],[-68.4765,63.3371],[-68.836,63.6504],[-68.8786,63.7503],[-68.486,63.7368],[-68.2308,63.6658],[-67.6816,63.4527],[-67.7657,63.8025],[-67.2879,63.5034],[-67.1442,63.3753],[-66.496,63.0774],[-66.0868,62.9929],[-65.7631,63.0219],[-65.698,63.0078],[-65.298,62.6961],[-65.021,62.5549],[-64.7678,62.4774],[-64.9379,62.711],[-65.1325,62.8952],[-65.1561,62.9875],[-64.7393,62.9315],[-64.735,63.0665],[-65.2095,63.6429],[-65.2628,63.7643],[-65.2507,63.8716],[-65.0015,63.7647],[-64.4154,63.245],[-64.3649,63.4375],[-64.4739,63.7443],[-64.6198,63.8513],[-65.053,64.0509],[-65.3086,64.1794],[-65.4232,64.2652],[-65.3271,64.3587],[-65.0418,64.4095],[-65.6628,64.588],[-65.9261,64.7098],[-66.1925,64.8894],[-66.321,64.9108],[-66.5977,64.7662],[-66.8287,64.9603],[-67.1042,65.3224],[-67.3294,65.584],[-67.5935,65.6199],[-67.8652,65.6267],[-68.2518,66.0642],[-68.3757,66.2837],[-68.085,66.189],[-67.7758,66.0285],[-67.6142,65.9118],[-67.3055,65.9343],[-67.161,65.9858],[-67.6335,66.2925],[-67.7599,66.3729],[-67.7491,66.4757],[-67.4592,66.513],[-67.2559,66.6163],[-66.9128,66.5949],[-66.5669,66.4633],[-66.0407,66.1855],[-65.7174,66.0543],[-65.2711,66.0186],[-65.1703,66.0114],[-65.0338,65.9532],[-65.155,65.785],[-65.1778,65.6536],[-64.8437,65.3776],[-64.4253,65.502],[-64.2837,65.3786],[-64.2758,65.2696],[-64.1836,65.1899],[-63.8456,65.1107],[-63.5406,64.9953],[-63.352,65.0247],[-63.5113,65.431],[-63.3809,65.927],[-63.0123,65.665],[-62.8448,65.6143],[-62.7043,65.7458],[-62.544,65.8483],[-62.0683,65.9368],[-62.094,66.0611],[-62.2196,66.1341],[-62.6551,66.3385],[-62.2977,66.4346],[-62.1868,66.4127],[-61.8636,66.3179],[-61.4948,66.3406],[-61.4488,66.4875],[-61.3341,66.5318],[-61.2106,66.635],[-61.2978,66.679],[-61.788,66.8622],[-62.0961,67.0166],[-62.5205,66.8461],[-62.7519,66.8457],[-63.1649,66.926],[-62.9914,67.1774],[-63.394,67.1989],[-63.6235,67.1393],[-64.2559,67.116],[-64.6138,67.1153],[-64.6014,67.315],[-64.2409,67.3675],[-63.933,67.4126],[-64.1021,67.568],[-64.4902,67.7827],[-64.8289,67.9533],[-65.1033,67.9677],[-65.3958,67.9001],[-65.53,67.8701],[-66.1658,68.0029],[-66.4071,68.0248],[-66.7447,67.9273],[-66.9028,68.0985],[-66.9203,68.2253],[-67.0316,68.3073],[-67.6222,68.4633],[-68.2212,68.627],[-68.4689,68.6415],[-68.6653,68.7161],[-68.7755,68.8436],[-68.077,68.8975],[-67.9797,68.9879],[-68.5332,69.2505],[-68.3907,69.3337],[-68.0199,69.3042],[-67.6261,69.2069],[-67.1712,69.1701],[-66.8347,69.1707],[-66.6681,69.1861],[-66.7728,69.3217],[-67.0175,69.4194],[-67.4398,69.5017],[-68.0399,69.5308],[-68.2072,69.591],[-68.2338,69.7121],[-68.043,69.7731],[-67.5028,69.7968],[-67.0443,69.7977],[-67.3307,70.0327],[-67.5755,70.1853],[-67.805,70.2692],[-68.0208,70.2994],[-68.1832,70.2531],[-68.3659,70.1226],[-68.9217,70.068],[-69.2579,69.9909],[-69.4627,69.9601],[-69.6981,70.0742],[-69.5911,70.1969],[-68.7496,70.3901],[-68.5421,70.4904],[-68.4694,70.5597],[-68.7242,70.6825],[-69.0916,70.782],[-69.6838,70.7423],[-70.0577,70.6491],[-70.2929,70.6179],[-70.6516,70.7636],[-70.6666,71.0805],[-71.1518,71.0331],[-71.3564,70.9553],[-71.8815,70.9312],[-71.5627,71.164],[-71.2755,71.3197],[-71.2525,71.3508],[-71.664,71.5133],[-72.5346,71.6285],[-73.1212,71.2696],[-73.2752,71.1608],[-73.5074,71.3466],[-73.6718,71.5563],[-73.886,71.665],[-74.1119,71.688],[-74.4055,71.6094],[-74.8095,71.4219],[-75.0015,71.4526],[-75.2039,71.569],[-75.1375,71.6705],[-74.7695,71.7882],[-74.5515,71.9137],[-74.3125,71.9533],[-74.3127,72.0394],[-74.6376,72.1956],[-74.8958,72.2816],[-75.1751,72.4305],[-75.322,72.5484],[-75.6319,72.6109],[-76.15,72.5705],[-76.6775,72.6326],[-77.1187,72.7108],[-77.4551,72.726],[-77.896,72.7014],[-78.3634,72.5821],[-78.5683,72.3691],[-78.6664,72.3138],[-78.5744,71.9296],[-78.6625,71.8747],[-79.0563,71.96],[-79.1281,72.1716],[-79.1254,72.2894],[-79.3296,72.3676],[-79.6854,72.3827],[-79.9533,72.3429],[-80.0808,72.1384],[-80.5704,71.9964],[-80.8631,72.0115],[-81.0268,72.0503],[-81.0436,72.3801],[-80.7247,72.6646],[-80.4625,72.9736],[-80.4887,73.037],[-81.1799,73.4733],[-81.5318,73.6884],[-81.9064,73.7517],[-82.1952,73.7752],[-82.6968,73.7822],[-83.4561,73.6368],[-83.9261,73.58],[-84.5055,73.4911],[-84.8623,73.3548],[-84.3076,73.1967],[-83.8848,73.0704],[-84.564,73.0453],[-85.107,73.084],[-85.5057,72.9404],[-85.5295,72.6951],[-85.5044,72.6082],[-85.1473,72.4827],[-84.8311,72.4676],[-84.2893,72.2561],[-84.6658,72.224],[-85.1165,72.2781],[-85.3293,72.1913],[-85.5571,72.0811],[-85.6025,72.0104],[-85.2047,71.7687],[-85.0146,71.7066],[-84.6889,71.6604],[-84.5348,71.5359],[-84.4884,71.3493],[-84.7826,71.0617],[-85.4594,71.107],[-85.891,71.1217],[-85.8585,71.2613],[-85.2862,71.41],[-85.2431,71.4645],[-85.9447,71.7439],[-86.3325,71.9934],[-86.4483,72.1343],[-86.414,72.315],[-86.2142,72.4492],[-86.7794,72.6927],[-86.8554,72.8587],[-86.662,73.0969],[-86.035,73.3845],[-85.668,73.6006],[-85.2542,73.7775],[-85.6398,73.8649],[-86.2462,73.8798],[-86.8924,73.8305],[-87.212,73.7898],[-87.4284,73.7333],[-87.7426,73.7327],[-87.9091,73.6524],[-88.0992,73.6361],[-88.4325,73.4677],[-88.8457,73.3235],[-89.1002,73.1957],[-89.6386,72.7823],[-89.8407,72.4267],[-89.8209,72.348],[-89.3341,72.1681],[-89.3705,72.0661],[-89.661,72.042],[-89.814,71.979],[-89.9458,71.7285],[-89.9972,71.5413],[-89.435,71.4412],[-89.1925,71.4338],[-88.8542,71.45],[-88.3564,71.3965],[-87.9492,71.3506],[-87.5892,71.227],[-87.1688,71.0186],[-87.3091,70.9332],[-87.7047,70.9248],[-88.2504,70.9701],[-88.7595,71.0001],[-89.1498,70.9685],[-89.205,70.8447],[-89.0185,70.6753],[-88.4322,70.4608],[-87.948,70.3849],[-87.4017,70.3629],[-87.1215,70.4018],[-86.9435,70.5559],[-86.5369,70.5336],[-86.3733,70.4647],[-86.3719,70.1961],[-85.9839,70.1126],[-85.4681,70.0982],[-84.8737,70.1146],[-83.976,70.0398],[-83.3129,69.9571],[-82.9262,70.0112],[-82.614,69.9584],[-82.2692,69.8604],[-81.9858,69.9292],[-81.8072,69.9827],[-81.5956,69.9603],[-80.8294,69.7114],[-80.9461,69.9084],[-81.138,70.0145],[-81.1578,70.1063],[-81.0128,70.1831],[-80.7126,70.1531],[-80.1936,70.0316],[-79.8256,69.9181],[-79.485,69.8959],[-79.2414,69.8812],[-78.9403,69.9121],[-78.7129,70.0114],[-78.7438,70.1491],[-78.941,70.2713],[-80.2184,70.5916],[-80.4223,70.6143],[-80.6605,70.7526],[-80.49,70.8147],[-80.2701,70.7765],[-79.7405,70.6695],[-79.3759,70.5855],[-79.1011,70.6553],[-78.928,70.6017],[-78.6188,70.4485],[-78.2058,70.311],[-78.0034,70.2884],[-77.6986,70.1357],[-77.6223,69.8918],[-77.367,69.8088],[-76.9715,69.802],[-76.2732,69.5004],[-75.5517,69.2223],[-75.6247,69.1016],[-76.1783,69.0554],[-76.6426,69.0319],[-76.5464,68.7314],[-75.9815,68.8076],[-75.7023,68.8156],[-75.5704,68.8685],[-75.1991,68.8616],[-74.9511,68.9523],[-74.7523,69.043],[-74.5153,68.8704],[-74.4053,68.6604],[-73.9371,68.444],[-73.371,68.2954],[-73.1849,68.2958],[-72.9417,68.132],[-72.7585,67.9086],[-72.354,67.5303],[-72.3049,67.2636],[-72.527,67.0931],[-72.8735,66.8857],[-73.036,66.6423],[-73.6701,66.3765],[-73.9943,66.2659],[-74.2581,66.2361],[-74.3333,66.1626],[-74.2799,66.0602],[-73.932,65.9],[-73.4199,65.5289],[-73.4942,65.405],[-73.8474,65.4189],[-74.0791,65.4476],[-74.3713,65.3961],[-74.6648,65.3228],[-75.1043,65.2784],[-75.3676,65.2634],[-75.4023,65.1761],[-75.333,65.0892],[-75.3559,64.9155],[-75.789,65.1972],[-76.0215,65.2621],[-76.6551,65.3409],[-77.2659,65.3906],[-77.3584,65.3759],[-77.3007,65.1435],[-77.387,65.0636],[-77.8666,64.9902],[-78.0386,64.8312],[-78.1267,64.651],[-78.1034,64.5072],[-77.7375,64.3929],[-77.133,64.3079],[-76.5261,64.2301],[-75.9355,64.2671],[-75.7371,64.3967],[-75.591,64.5335],[-75.4518,64.5481],[-74.6851,64.3986],[-74.5011,64.3918],[-74.4312,64.435],[-74.5591,64.7801],[-74.2555,64.7662],[-73.6656,64.6018],[-73.1636,64.574],[-73.148,64.3441],[-72.73,64.015]]],[[[-89.3694,75.6516],[-89.5935,75.86],[-89.8017,75.9182],[-90,75.9678],[-90,75.967],[-90,75.9501],[-91.1564,75.9743],[-90,76.1847],[-90,76.2613],[-90,76.2817],[-90,76.2875],[-89.8115,76.3725],[-90,76.4552],[-90,76.4731],[-90,76.5908],[-91.1346,76.6325],[-92.2471,76.6219],[-92.7989,76.5869],[-93.0849,76.527],[-93.0639,76.3748],[-92.7862,76.2403],[-92.2241,75.9472],[-92.0928,75.8051],[-92.1012,75.6381],[-92.3655,75.4213],[-92.1665,75.0988],[-91.8668,74.7889],[-91.3577,74.7574],[-91.054,74.9773],[-90,74.7184],[-90,74.6422],[-90,74.63],[-89.6981,74.6146],[-89.2686,74.7046],[-89.122,74.8509],[-88.9471,74.9324],[-88.3902,74.9905],[-88.3257,74.682],[-88.1436,74.569],[-87.4898,74.5378],[-87.116,74.5709],[-86.3057,74.621],[-86.2116,74.8157],[-85.9891,74.808],[-85.7224,74.7193],[-85.1182,74.6232],[-84.8956,74.6236],[-84.5679,74.6161],[-84.1585,74.6655],[-83.8224,74.6418],[-83.581,74.699],[-83.6136,75.0242],[-83.4487,75.0823],[-83.0738,74.9841],[-82.936,74.684],[-82.7536,74.6276],[-82.373,74.5555],[-82.0274,74.5319],[-81.7345,74.5728],[-81.4683,74.5814],[-80.3493,74.6159],[-80.5605,74.9156],[-80.4999,75.0301],[-79.6751,75.2133],[-79.4952,75.2798],[-79.5766,75.3957],[-79.7392,75.4701],[-79.8338,75.4865],[-80.128,75.5442],[-80.7661,75.6096],[-81.1761,75.7172],[-81.5316,75.8585],[-81.7031,75.875],[-82.8687,75.8811],[-83.5587,75.9049],[-84.4367,75.7945],[-85.2033,75.7429],[-85.8303,75.6166],[-86.179,75.4081],[-86.618,75.4322],[-86.9169,75.548],[-87.2929,75.6555],[-87.6377,75.7049],[-88.0349,75.6208],[-88.5188,75.6199],[-88.6474,75.5946],[-88.6666,75.4532],[-88.7627,75.4198],[-89.0422,75.4608],[-89.3694,75.6516]]],[[[-87.4533,82.1398],[-88.0714,82.1278],[-88.6398,82.0738],[-90,82.0173],[-90,82.0065],[-90,81.9742],[-91.2186,81.8373],[-91.0799,81.5385],[-90,81.4507],[-90,81.4443],[-90,81.4427],[-89.5592,81.4177],[-89.2453,81.2386],[-89.1925,81.0964],[-89.4974,81.0858],[-89.6752,81.0262],[-89.4189,80.9131],[-89.2355,80.8636],[-88.3217,81.1657],[-86.4368,81.3932],[-85.811,81.3945],[-85.1924,81.3245],[-84.9196,81.2133],[-84.923,81.1224],[-85.3641,80.9907],[-85.5038,80.6181],[-84.793,80.7824],[-83.8209,80.7745],[-83.5765,80.8446],[-83.4803,80.8946],[-82.7907,80.6974],[-82.527,80.7276],[-81.8759,80.7488],[-81.2345,80.8395],[-80.6474,80.9105],[-80.0879,81.0218],[-78.9623,81.0342],[-78.3209,80.9654],[-77.5209,80.7499],[-78.1572,80.7268],[-78.6779,80.6762],[-79.5967,80.6447],[-80.2847,80.5449],[-81.0637,80.5335],[-81.7187,80.3854],[-82.2626,80.051],[-81.3557,79.9081],[-80.7316,79.6585],[-81.1063,79.7011],[-81.7581,79.6819],[-82.8985,80.0347],[-83.6184,80.2067],[-84.5268,80.2339],[-85.3841,80.2321],[-86.1701,80.279],[-86.3109,80.2302],[-86.3224,80.1143],[-85.693,79.7192],[-85.5105,79.8279],[-83.9109,79.2566],[-83.1269,79.1156],[-81.5972,78.7546],[-82.1068,78.7363],[-82.3256,78.6653],[-82.9293,78.717],[-83.84,78.8568],[-84.4563,78.891],[-84.98,78.9077],[-85.8068,78.9062],[-86.3038,78.8344],[-86.8254,78.5861],[-86.9172,78.2452],[-86.6332,78.2966],[-86.5099,78.2969],[-85.6262,78.2285],[-84.8434,78.1596],[-84.9385,78.0901],[-84.8683,77.7077],[-84.4071,77.6307],[-83.0486,77.6312],[-83.2798,77.4946],[-83.3188,77.374],[-83.6917,77.313],[-84.4417,77.303],[-84.9299,77.3451],[-85.5376,77.4903],[-86.0361,77.7228],[-86.4357,77.8175],[-87.22,77.8594],[-87.8125,77.8756],[-88.0276,77.8231],[-88.0512,77.7536],[-87.5818,77.4606],[-87.0992,77.2807],[-87.3234,77.2031],[-87.8539,77.2192],[-88.2863,77.1412],[-88.5607,77.0294],[-89.247,76.9768],[-89.3457,76.8742],[-89.4181,76.6103],[-88.5888,76.4678],[-88.3102,76.5361],[-88.1834,76.7401],[-87.8947,76.6811],[-87.2727,76.5042],[-86.8353,76.4712],[-85.8109,76.4562],[-85.0371,76.4069],[-84.6675,76.4668],[-84.5594,76.5432],[-84.7964,76.8658],[-84.6219,76.8917],[-84.1572,76.6798],[-83.7633,76.5363],[-83.088,76.4783],[-82.4236,76.4711],[-82.5724,76.6997],[-82.5719,76.7763],[-81.9179,76.6331],[-81.634,76.6336],[-81.3823,76.6511],[-81.0236,76.3639],[-80.8135,76.2377],[-80.3119,76.2724],[-79.8375,76.3746],[-79.4203,76.426],[-78.2123,76.5468],[-77.8041,76.7258],[-77.8243,76.8876],[-78.1214,77.0407],[-79.0219,77.0561],[-79.7119,77.1318],[-80.5034,77.1903],[-81.4728,77.2399],[-81.6384,77.2654],[-82.1024,77.3161],[-81.5539,77.5411],[-81.1003,77.5765],[-80.4571,77.4742],[-79.5395,77.4242],[-78.8554,77.3738],[-78.5105,77.4434],[-78.2186,77.5733],[-78.1824,77.6772],[-78.3668,78.0329],[-78.1768,78.0681],[-77.4073,77.9911],[-77.0171,77.9745],[-76.2906,78.0107],[-76.1432,78.072],[-76.4848,78.1841],[-76.6185,78.2983],[-76.4376,78.3775],[-76.236,78.3516],[-75.753,78.3612],[-75.5213,78.6783],[-75.0574,78.7321],[-74.9089,78.8208],[-74.9631,79.1223],[-75.2138,79.193],[-76.2538,79.3248],[-76.7334,79.3329],[-77.2992,79.2856],[-77.2388,79.5827],[-76.3347,79.6113],[-75.1737,79.5149],[-74.693,79.5248],[-74.1091,79.5349],[-73.6739,79.5177],[-73.376,79.5811],[-74.5423,79.8941],[-74.2455,80.0427],[-73.1718,79.969],[-72.5138,79.8708],[-71.7998,79.8542],[-71.4545,79.8458],[-70.4205,80.0504],[-70.2185,80.1374],[-70.5111,80.5454],[-69.4975,80.5475],[-69.0818,80.6763],[-68.5462,80.836],[-67.9541,80.937],[-67.0099,81.17],[-66.4817,81.3029],[-65.8606,81.3959],[-65.2998,81.4584],[-65.2243,81.5098],[-65.5879,81.705],[-65.9434,81.7146],[-66.7106,81.5889],[-67.1738,81.5674],[-67.5164,81.5873],[-67.8538,81.752],[-67.5852,81.9613],[-66.7236,82.0367],[-66.3745,82.1007],[-65.3467,82.1029],[-64.3605,82.0313],[-63.9206,82.0112],[-63.0887,82.0973],[-62.5464,82.2574],[-61.9894,82.3119],[-61.8163,82.473],[-62.4271,82.6336],[-63.1851,82.6536],[-63.5199,82.6963],[-64.0098,82.7824],[-64.6485,82.8248],[-64.7053,82.8247],[-65.0458,82.8787],[-65.4809,82.8997],[-66.8249,82.9077],[-67.6963,82.8728],[-68.9231,83.0022],[-70.5843,83.176],[-71.0681,83.1415],[-70.9194,82.9316],[-70.8996,82.8109],[-71.1777,82.8103],[-71.5518,82.9633],[-71.9259,83.0841],[-72.5595,83.1048],[-73.3612,83.103],[-73.2259,82.8605],[-73.2534,82.7729],[-73.4236,82.7835],[-74.1611,82.9906],[-74.905,83.022],[-75.7293,83.0978],[-76.3821,83.1519],[-76.6065,83.0404],[-76.234,82.9088],[-75.8021,82.6801],[-75.9249,82.5174],[-76.0842,82.5387],[-76.6199,82.7436],[-77.0741,82.863],[-77.9488,82.949],[-78.6985,83.0025],[-79.7707,82.9119],[-80.4146,82.8666],[-80.9099,82.756],[-81.5226,82.6893],[-81.6543,82.5805],[-81.287,82.3875],[-80.5353,82.229],[-79.8906,82.0399],[-80.0924,81.9659],[-80.7498,82.0381],[-81.3906,82.0788],[-82.57,82.2246],[-83.7227,82.286],[-84.0581,82.2853],[-84.9466,82.3795],[-85.7382,82.335],[-86.3244,82.2058],[-86.503,82.0362],[-86.6818,81.9937],[-87.4533,82.1398]]],[[[-95.6285,77.0416],[-96.7231,77.0224],[-96.8095,76.9197],[-96.2765,76.7332],[-95.8734,76.5133],[-95.7241,76.4712],[-95.5326,76.497],[-94.5072,76.4228],[-93.9376,76.3985],[-93.8196,76.4833],[-93.8748,76.6273],[-93.7945,76.738],[-94.1951,76.8991],[-94.2718,76.8989],[-94.9345,76.9233],[-95.6285,77.0416]]],[[[-89.042,80.1666],[-89.2721,80.3894],[-89.4247,80.6145],[-89.7991,80.7027],[-90,80.6595],[-90,80.6422],[-90,80.6416],[-91.0162,80.7496],[-91.31,80.8684],[-92.0249,81.2592],[-92.3983,81.35],[-92.822,81.3797],[-93.4347,81.4398],[-93.2034,81.2263],[-93.2686,81.1452],[-93.5317,81.1245],[-94.0401,81.1638],[-94.5859,81.0819],[-95.0599,81.0307],[-94.2503,80.6736],[-94.3207,80.5749],[-94.7353,80.5937],[-95.0813,80.5832],[-95.4091,80.5235],[-95.5804,80.3862],[-95.2401,80.2284],[-94.675,80.1165],[-95.7001,80.0375],[-96.5869,80.0934],[-96.4334,79.9334],[-95.7921,79.718],[-95.3124,79.4853],[-95.0394,79.3962],[-94.5859,79.406],[-94.3175,79.4872],[-93.674,79.4794],[-93.1776,79.5342],[-91.819,79.4382],[-90,79.1261],[-91.4087,79.171],[-91.8085,79.2147],[-93.3026,79.2565],[-94.1893,79.1478],[-94.1034,79.0234],[-92.7015,78.4342],[-92.4791,78.4434],[-92.0797,78.3739],[-91.4238,78.305],[-90,78.2627],[-90,78.281],[-90,78.303],[-90,78.3337],[-90,78.6241],[-89.6096,78.484],[-89.1208,78.3445],[-88.9447,78.3624],[-88.7594,78.4505],[-88.7464,78.5561],[-88.9559,78.7497],[-88.6607,78.9007],[-87.9887,78.7162],[-87.7873,78.7255],[-87.6683,78.8672],[-87.5391,78.9561],[-87.1654,79.1256],[-86.4461,79.225],[-85.7585,79.3782],[-85.2532,79.2592],[-85.9937,79.486],[-86.5681,79.4529],[-86.9967,79.4453],[-87.3406,79.6442],[-87.3656,80.016],[-87.3357,80.093],[-87.5041,80.2278],[-87.8273,80.3728],[-88.1504,80.4601],[-88.3477,80.4108],[-88.3729,80.226],[-88.3364,80.1198],[-88.8498,80.138],[-89.042,80.1666]]]]},"properties":{"NAME":"Dorset","SUBJECTO":"Dorset","PARTOF":"Dorset","BORDERPRECISION":1,"LINK":null}},
{"type":"Feature","geometry":{"type":"Polygon","coordinates":[[[-140.0518,62.4951],[-144.6801,63.1922],[-150.1289,63.324],[-160.9395,63.9849],[-160.89,63.8568],[-160.9739,63.6418],[-161.133,63.5628],[-161.5626,63.5406],[-161.9108,63.5256],[-162.4745,63.4102],[-162.7781,63.2169],[-162.9701,63.1025],[-163.3086,63.0377],[-163.527,63.0801],[-163.968,63.2004],[-164.2918,63.2498],[-164.467,63.171],[-164.7045,62.9568],[-164.8779,62.8212],[-165.0296,62.6504],[-165.4312,62.4295],[-165.5335,62.2734],[-165.5792,62.1388],[-165.8021,62.0393],[-165.8341,61.8343],[-166.1895,61.7489],[-165.9092,61.3055],[-165.8981,61.2703],[-165.512,61.257],[-165.4233,61.2642],[-165.1432,61.1804],[-164.5393,60.9497],[-164.3017,60.9432],[-164.0581,61.0419],[-163.8949,61.0422],[-163.6888,60.9233],[-163.52,60.7063],[-163.627,60.601],[-163.9378,60.6145],[-164.5281,60.7534],[-164.8447,60.8159],[-164.9963,60.6194],[-165.128,60.5422],[-165.0476,60.4165],[-164.5942,60.2078],[-164.3847,60.0617],[-164.2076,59.902],[-164.0274,59.7982],[-163.5364,59.8408],[-163.3538,59.9314],[-163.0218,59.9667],[-162.3781,60.1631],[-161.9891,59.7119],[-161.9252,59.518],[-162.0601,59.2893],[-162.0039,58.8266],[-161.9673,58.7784],[-161.9382,58.7233],[-161.646,58.6825],[-161.1171,58.7455],[-160.8276,58.8978],[-160.8401,58.9599],[-160.4305,59.0022],[-160.0652,58.9545],[-159.8136,58.9412],[-159.5844,58.8105],[-159.3655,58.6317],[-159.1101,58.4875],[-158.9327,58.4328],[-158.8565,58.4536],[-158.8655,58.612],[-158.9731,58.7703],[-158.9119,58.8739],[-158.6362,58.971],[-158.5167,58.9989],[-158.2914,58.7302],[-157.9874,58.717],[-157.4242,58.8008],[-157.1394,58.8558],[-157.1546,58.6703],[-157.2419,58.4911],[-157.5537,58.2703],[-157.6646,57.9334],[-157.6653,57.6042],[-157.7851,57.5081],[-158.1247,57.3432],[-158.4507,57.2127],[-158.6621,57.0756],[-158.671,56.8435],[-158.6173,56.7481],[-159.2487,56.781],[-159.7759,56.5823],[-159.976,56.4185],[-160.1139,56.323],[-160.4573,56.1999],[-160.6066,56.0434],[-160.6074,55.9619],[-160.1694,55.8066],[-159.614,55.8891],[-159.0769,55.992],[-158.7381,56.1896],[-158.6148,56.3667],[-158.5267,56.4485],[-157.9803,56.6539],[-157.7475,56.7702],[-157.3971,56.8459],[-156.9934,56.9149],[-156.4958,57.1002],[-156.4507,57.1755],[-156.6846,57.4007],[-156.3694,57.5656],[-155.9032,57.7173],[-155.5981,57.8962],[-154.9532,58.0347],[-154.6493,58.0765],[-154.4045,58.2488],[-154.2139,58.428],[-153.9636,58.5524],[-153.6823,58.6425],[-153.4886,58.7945],[-153.455,58.8773],[-153.6644,58.9805],[-153.9648,59.0283],[-154.1269,59.0417],[-154.2982,59.1174],[-154.2823,59.2488],[-153.976,59.5192],[-153.7098,59.6444],[-153.4064,59.7074],[-153.1522,59.7425],[-152.8987,59.8956],[-152.8189,60.1324],[-152.8777,60.2789],[-152.7436,60.342],[-152.561,60.3842],[-152.1897,60.6577],[-151.731,60.7847],[-151.3419,60.9537],[-151.0841,61.1507],[-150.8823,61.1933],[-150.7806,61.2919],[-150.3112,61.3139],[-149.8744,61.139],[-149.3169,60.9294],[-149.4247,60.8591],[-149.9128,60.9143],[-150.4372,60.9063],[-150.8284,60.8004],[-151.1596,60.6597],[-151.2304,60.4706],[-151.415,60.2537],[-151.783,59.995],[-151.7847,59.9463],[-151.4899,59.711],[-151.448,59.5379],[-151.7723,59.3573],[-151.8007,59.3019],[-151.881,59.1635],[-151.388,59.2128],[-150.9223,59.4142],[-150.501,59.6158],[-150.0211,59.7138],[-149.5812,59.9852],[-149.3256,60.0275],[-149.0619,60.0001],[-148.6999,59.9036],[-148.4935,59.904],[-148.3009,60.1061],[-148.2575,60.2806],[-148.3361,60.4132],[-148.8397,60.5451],[-148.7278,60.7273],[-148.5527,60.8397],[-148.4659,60.8679],[-148.4926,61.0643],[-148.189,61.1],[-147.9401,61.2059],[-147.638,61.0519],[-147.2701,60.9403],[-146.5783,60.8365],[-146.1859,60.7251],[-145.9984,60.6624],[-145.8932,60.5157],[-145.4927,60.3836],[-145.1384,60.4542],[-145.0029,60.5524],[-144.8108,60.3151],[-144.5179,60.1412],[-144.4064,60.0926],[-144.053,60.0514],[-143.0837,60.0742],[-142.4246,60.0197],[-141.9585,60.0415],[-141.7471,60.1325],[-141.5855,60.1398],[-141.4394,60.0912],[-141.3729,60.0077],[-141.3852,59.8966],[-141.1354,59.8394],[-140.0518,62.4951]]]},"properties":{"NAME":"Thule","SUBJECTO":"Thule","PARTOF":"Thule","BORDERPRECISION":1,"LINK":null}},
{"type":"Feature","geometry":{"type":"Polygon","coordinates":[[[-141.1354,59.8394],[-140.9045,59.7865],[-140.4284,59.7597],[-140.1329,59.7672],[-139.9289,59.8299],[-139.5726,59.9],[-139.3998,59.8309],[-139.3066,59.7063],[-139.3674,59.63],[-139.7851,59.5184],[-139.2001,59.2773],[-138.7802,59.1814],[-138.7445,59.1814],[-138.4457,59.1619],[-138.2012,59.0305],[-137.5767,58.6042],[-137.085,58.4468],[-136.3561,58.5239],[-136.3703,58.6202],[-136.9388,58.9432],[-136.3901,58.8408],[-136.1484,58.9033],[-135.9684,58.6968],[-135.7383,58.47],[-135.6159,58.4358],[-135.3003,58.3745],[-135.2791,58.4433],[-135.3257,58.5809],[-135.5148,58.9735],[-135.4695,59.3397],[-135.3086,59.347],[-135.1438,59.1675],[-135.0459,58.9054],[-134.8303,58.5612],[-134.3801,58.3762],[-134.1235,58.2392],[-134.0166,58.1226],[-133.8404,57.9994],[-133.6403,57.9654],[-133.5048,57.8971],[-133.4741,57.8423],[-133.6413,57.7391],[-133.5969,57.6433],[-133.3408,57.3768],[-133.4004,57.2195],[-133.1967,57.1584],[-132.8713,57.0156],[-132.5593,56.7025],[-132.2711,56.5055],[-132.101,56.3494],[-132.1838,56.2541],[-132.2792,56.1316],[-132.264,55.9372],[-132.2556,55.85],[-132.0325,55.8935],[-131.9636,55.9661],[-131.767,56.01],[-131.1905,56.0348],[-131.101,55.9129],[-130.8924,55.7692],[-130.6954,55.4654],[-130.7339,55.2657],[-130.7734,55.0662],[-130.6903,54.9717],[-130.5457,54.9097],[-130.4129,55.0207],[-130.2673,55.0718],[-130.065,55.1021],[-130.0027,55.2885],[-129.8417,54.9785],[-130.0379,54.8437],[-130.1105,54.7293],[-130.2989,54.5476],[-130.2683,54.353],[-130.1765,54.1721],[-130.0036,53.938],[-129.4339,53.5175],[-129.0604,53.739],[-128.8141,53.7639],[-128.8295,53.5254],[-128.8888,53.4183],[-128.4321,52.9385],[-128.0772,52.9392],[-128.0596,52.4995],[-127.873,52.4133],[-127.8665,52.4125],[-125.7579,53.1308],[-122.4911,54.2436],[-111.2842,58.5531],[-118.1957,62.7114],[-118.1977,62.7126],[-124.9355,64.8346],[-132.4349,62.497],[-139.5242,62.4157],[-140.0518,62.4951],[-141.1354,59.8394]]]},"properties":{"NAME":"Athabaskan","SUBJECTO":"Athabaskan","PARTOF":"Athabaskan","BORDERPRECISION":1,"LINK":null}},
{"type":"Feature","geometry":{"type":"Polygon","coordinates":[[[-4.7796,48.3548],[-4.592,48.3923],[-4.4738,48.3829],[-4.3502,48.3905],[-4.3889,48.2984],[-4.588,48.2515],[-4.351,48.2046],[-4.3129,48.1013],[-4.7003,48.0638],[-4.6754,48.0169],[-4.5101,47.9981],[-4.3909,47.9418],[-4.3644,47.8293],[-3.9548,47.9043],[-3.8581,47.7918],[-3.7119,47.7981],[-3.4335,47.7168],[-3.0627,47.6039],[-2.8425,47.4919],[-2.6137,47.5722],[-2.4655,47.4944],[-2.5765,47.3249],[-2.5755,47.324],[-2.0104,47.7457],[-1.752,48.1782],[-1.9991,48.677],[-2.076,48.6562],[-2.2001,48.599],[-2.3429,48.6741],[-2.6364,48.552],[-2.7905,48.5896],[-2.9145,48.7068],[-3.0912,48.8716],[-3.4351,48.8365],[-3.5577,48.8101],[-3.6079,48.693],[-3.8213,48.7211],[-3.9022,48.646],[-3.9989,48.7305],[-4.2515,48.6519],[-4.4883,48.6123],[-4.6257,48.5467],[-4.762,48.552],[-4.7796,48.3548]]]},"properties":{"NAME":"Britany","SUBJECTO":"Britany","PARTOF":"Britany","BORDERPRECISION":1,"LINK":null}},
{"type":"Feature","geometry":{"type":"Polygon","coordinates":[[[33.3953,-20.0221],[34.7195,-20.0428],[34.7262,-19.8604],[34.8468,-19.8029],[35.3779,-19.4268],[35.9148,-19.0316],[36.3136,-18.6495],[36.8923,-18],[37.2753,-17.7132],[37.8639,-17.4513],[38.1927,-17.3489],[38.859,-17.0552],[39.4713,-16.717],[39.7951,-16.424],[40.0252,-16.1438],[40.3858,-15.7363],[40.5741,-15.4817],[40.6102,-15.3545],[40.5274,-15.1831],[40.781,-14.922],[40.8554,-14.6994],[40.8486,-14.5786],[40.7013,-14.5408],[40.6183,-14.4838],[40.5992,-14.4012],[40.6009,-14.0326],[40.6033,-13.5306],[40.5339,-13.3083],[40.3658,-12.9909],[40.4818,-12.8444],[40.527,-12.5838],[40.4455,-12.0819],[40.4504,-11.8722],[40.3925,-11.5482],[40.3113,-11.345],[40.4004,-11.2304],[39.2482,-11.1449],[38.2375,-9.292],[37.7322,-4.5755],[39.4166,-1.375],[43.4149,2.5148],[34.406,2.4905],[33.9297,2.8436],[22.2245,6.1962],[12.6047,7.732],[5.3595,5.3683],[5.3546,5.3623],[5.333,5.2479],[5.4195,4.9558],[5.6066,4.6321],[5.8513,4.4293],[6.0888,4.3281],[6.6502,4.323],[6.8445,4.2916],[6.9237,4.3427],[7.0462,4.5081],[7.1757,4.5275],[7.4491,4.4073],[7.8883,4.4528],[8.1402,4.466],[8.2987,4.5553],[8.3276,4.6126],[8.263,4.7459],[8.328,4.8413],[8.407,4.7843],[8.5078,4.7655],[8.5918,4.712],[8.6372,4.6832],[8.8747,4.6201],[8.9249,4.5249],[8.9533,4.2835],[9.0322,4.1375],[9.2839,4.0173],[9.543,4.0433],[9.6509,4.0181],[9.7802,3.8532],[9.5857,3.6748],[9.7652,3.3829],[9.8513,3.148],[9.9231,2.824],[9.8008,2.379],[9.8943,2.1377],[9.8812,2.0583],[9.8513,1.8771],[9.7006,1.6162],[9.4995,1.3806],[9.3704,1.1707],[9.5574,1.1266],[9.6222,1.0886],[9.644,0.9552],[9.629,0.8895],[9.5656,0.6119],[9.4435,0.5544],[9.3501,0.5352],[9.6022,0.3323],[9.8542,0.174],[9.8833,0.0788],[9.6604,0.0846],[9.4734,0.116],[9.4337,-0.017],[9.3025,-0.4563],[9.2025,-0.6344],[8.9587,-0.8192],[8.8152,-0.8958],[8.9814,-1.0988],[9.1119,-1.3527],[9.3207,-1.4158],[9.4653,-1.5934],[9.4151,-1.638],[9.2432,-1.7718],[9.6564,-2.4191],[9.8939,-2.444],[10.0601,-2.5707],[9.9314,-2.7108],[10.5247,-3.237],[10.6412,-3.4464],[10.8805,-3.6937],[11.134,-3.9156],[11.1512,-3.9323],[11.7726,-4.537],[11.949,-4.9242],[11.9997,-5.0041],[12.2265,-5.3621],[12.2635,-5.47],[12.1997,-5.7514],[12.1942,-5.7752],[12.3394,-6.1898],[12.3717,-6.2578],[12.6715,-6.6956],[12.7957,-6.8606],[12.877,-7.0511],[12.9686,-7.5148],[13.0231,-7.6054],[13.167,-7.8448],[13.3871,-8.1557],[13.4768,-8.416],[13.4795,-8.6321],[13.4314,-8.8228],[13.3602,-8.8929],[13.1459,-9.0649],[13.0838,-9.2875],[13.2039,-9.6367],[13.418,-9.9858],[13.6394,-10.303],[13.7299,-10.5443],[13.8163,-10.9763],[13.8371,-11.3575],[13.8132,-11.6562],[13.649,-12.1968],[13.459,-12.5022],[13.3386,-12.6486],[13.0507,-12.7509],[12.9305,-12.91],[12.8481,-13.1644],[12.5854,-13.4637],[12.4407,-13.877],[12.3329,-14.3158],[12.3009,-14.5602],[12.2506,-14.9451],[12.1772,-15.2757],[12.06,-15.5937],[11.9607,-15.7146],[11.782,-15.8675],[11.7952,-16.1598],[11.8026,-16.522],[11.7813,-17.336],[11.7746,-17.5961],[11.7947,-17.8439],[11.8497,-18.0217],[12.0795,-18.4914],[12.5243,-19.0624],[12.906,-19.7023],[28.6166,-19.9475],[28.6319,-19.8789],[29.6904,-18.8204],[31.2782,-18.6439],[32.6896,-18.6439],[33.3953,-19.1732],[33.3953,-20.0221]]]},"properties":{"NAME":"Bantou","SUBJECTO":"Bantou","PARTOF":"Bantou","BORDERPRECISION":1,"LINK":null}},
{"type":"Feature","geometry":{"type":"Polygon","coordinates":[[[23.3529,54.141],[23.0985,54.2825],[21.7708,54.3037],[20.0048,54.4366],[19.9775,54.4239],[19.9146,54.3947],[19.7331,54.3103],[19.5704,54.2551],[19.4568,54.2166],[19.3281,54.1615],[19.2303,54.167],[19.2321,54.2221],[19.3176,54.2717],[19.7577,54.4592],[19.7336,54.4612],[19.255,54.2772],[18.965,54.2276],[18.6849,54.254],[18.6731,54.2551],[18.5132,54.3158],[18.4538,54.5254],[18.3385,54.6026],[18.3629,54.6689],[18.7595,54.5364],[18.2794,54.7241],[17.6576,54.6855],[16.9759,54.5493],[16.4732,54.415],[16.1147,54.1996],[15.8984,54.1284],[15.3117,54.071],[15.0797,54.0025],[14.8858,53.9796],[14.5802,53.929],[14.4674,53.9104],[14.4729,53.8768],[14.4825,53.8185],[14.5569,53.7599],[14.5653,53.6936],[14.4953,53.6248],[14.5371,53.5382],[14.4332,53.5942],[14.2802,53.6134],[14.1896,53.6248],[14.1769,53.6834],[14.0097,53.6732],[13.8502,53.7293],[13.7805,53.7752],[13.7643,53.8772],[13.7378,54.0303],[13.6676,54.0842],[13.431,54.0302],[13.3492,54.0635],[13.0638,54.1937],[13.0258,54.2652],[12.9431,54.347],[12.7648,54.2703],[12.6525,54.3214],[12.4625,54.2548],[12.3119,54.2019],[12.0411,54.0967],[11.565,54.0354],[11.4078,53.8593],[11.2025,53.8568],[11.1514,53.9384],[10.9604,53.8984],[10.8935,53.8844],[10.8837,53.8824],[10.8589,53.8772],[10.7709,53.9309],[10.7167,53.9639],[11.0159,54.0967],[11.0414,54.1527],[11.073,54.2196],[11.0386,54.3133],[10.6486,54.259],[10.446,54.292],[10.3402,54.3623],[10.2129,54.3719],[10.1417,54.3368],[10.2046,53.6984],[10.5714,53.0463],[11.7535,52.8425],[11.5497,52.6387],[11.6719,52.3534],[13.5877,52.3126],[14.1341,52.4089],[15.8439,52.7103],[16.0531,52.7164],[18.5897,53.1004],[18.949,53.2544],[19.2057,53.2544],[19.565,53.4598],[20.0783,53.6651],[20.0783,53.5111],[20.3863,53.5111],[20.4282,53.7781],[20.7094,53.7581],[20.8098,53.6376],[21.1049,53.8191],[21.4643,53.8191],[23.3529,54.141]]]},"properties":{"NAME":"Prussians","SUBJECTO":"Prussians","PARTOF":"Prussians","BORDERPRECISION":1,"LINK":null}},
{"type":"Feature","geometry":{"type":"Polygon","coordinates":[[[27.8073,56.3065],[27.3256,56.5154],[26.5239,56.2734],[26.7607,55.938],[26.8913,55.2177],[26.7013,55.1943],[26.6539,54.7038],[26.6368,54.5268],[27.0879,53.6003],[28.731,53.5046],[29.6653,54.3206],[29.0854,55.4875],[28.9657,55.8972],[28.4704,56.0544],[28.1639,56.1518],[27.8073,56.3065]]]},"properties":{"NAME":"Principality of Polotsk","SUBJECTO":"Principality of Polotsk","PARTOF":"Principality of Polotsk","BORDERPRECISION":1,"LINK":null}},
{"type":"Feature","geometry":{"type":"Polygon","coordinates":[[[22.6645,44.6423],[22.4686,44.3811],[22.9257,44.1852],[22.9257,43.7933],[23.5134,44.0546],[24.2318,43.7933],[24.6236,43.9893],[25.4726,43.728],[26.4522,44.2505],[27.9542,44.2505],[28.0848,44.577],[27.8236,44.8382],[28.0186,45.3155],[28.3683,45.3309],[28.4022,45.3594],[29.0644,45.1647],[29.7108,45.2583],[29.6832,45.3748],[29.6159,45.4102],[29.5361,45.4522],[29.5004,45.5234],[29.6295,45.7504],[29.7297,45.77],[30.0688,45.8614],[30.4328,46.1757],[30.5205,46.2514],[30.8329,46.5766],[31.0872,46.6355],[29.0355,48.3531],[27.3911,47.4687],[27.4283,47.3836],[27.6277,46.928],[27.3664,46.3402],[26.5175,45.8178],[23.0563,45.0341],[22.6645,44.6423]]]},"properties":{"NAME":"Alans","SUBJECTO":"Alans","PARTOF":"Alans","BORDERPRECISION":1,"LINK":null}},
{"type":"Feature","geometry":{"type":"MultiPolygon","coordinates":[[[[62.3294,39.7605],[60.9603,44.0752],[60.0772,45.3156],[60.0776,45.3105],[60.0633,45.2019],[60.0552,44.8413],[60.0359,44.7162],[59.9981,44.6703],[59.9957,44.593],[60.0285,44.4844],[60.0344,44.4074],[60.0133,44.3621],[59.9752,44.336],[59.9199,44.3292],[59.8901,44.3162],[59.8857,44.2969],[59.8984,44.2811],[59.9283,44.2687],[59.9357,44.2532],[59.9208,44.2345],[59.8109,44.1824],[59.7179,44.1631],[59.541,44.1482],[59.5299,44.1688],[59.5397,44.1979],[59.567,44.2426],[59.648,44.3199],[59.6486,44.3403],[59.3102,44.5852],[59.2405,44.6547],[59.2046,44.7081],[59.2021,44.7454],[59.261,44.8564],[59.3814,45.0414],[59.446,45.1649],[59.4547,45.227],[59.441,45.3034],[59.405,45.394],[59.3889,45.4722],[59.3926,45.538],[59.3789,45.5703],[59.3479,45.569],[59.3293,45.5882],[59.3231,45.628],[59.2989,45.6559],[59.2566,45.6721],[59.2207,45.7043],[59.1604,45.7862],[59.1295,45.8048],[59.101,45.7832],[59.0748,45.7211],[59.0531,45.6925],[59.0357,45.6975],[59.0276,45.7211],[59.0289,45.7632],[59.0165,45.7819],[58.9904,45.777],[58.9719,45.7391],[58.9605,45.6683],[58.9109,45.605],[58.8229,45.5492],[58.7602,45.4896],[58.7229,45.4263],[58.7123,45.3548],[58.7285,45.2754],[58.7546,45.2239],[58.7905,45.2003],[58.777,45.1656],[58.7136,45.1196],[58.6714,45.0718],[58.6503,45.0222],[58.6472,44.9937],[58.6621,44.9862],[58.8018,45.0495],[58.8129,45.0445],[58.7924,44.9712],[58.772,44.9458],[58.7484,44.9421],[58.7385,44.9055],[58.7422,44.836],[58.7539,44.7888],[58.7738,44.764],[58.7664,44.7473],[58.7315,44.7385],[58.708,44.7447],[58.6956,44.7659],[58.6758,44.7751],[58.6484,44.7727],[58.6273,44.7547],[58.6124,44.7211],[58.6254,44.7035],[58.6894,44.6929],[58.6943,44.6774],[58.5776,44.5467],[58.5138,44.4909],[58.4653,44.461],[58.3686,44.4292],[58.3157,44.4263],[58.278,44.4492],[58.2537,44.4813],[58.2429,44.5242],[58.2571,44.5766],[58.2967,44.6384],[58.2946,44.7083],[58.251,44.7864],[58.2321,44.8513],[58.2381,44.9031],[58.2722,44.9817],[58.3783,45.1775],[58.4041,45.253],[58.4492,45.3224],[58.5136,45.3857],[58.5601,45.4572],[58.5887,45.5371],[58.6113,45.5847],[58.6279,45.6002],[58.6553,45.7157],[58.6813,45.7836],[58.7207,45.8477],[58.7716,45.895],[58.8339,45.9258],[58.8854,45.9382],[58.9263,45.9323],[58.9502,45.9423],[58.9574,45.9682],[58.9816,45.9746],[59.0759,45.9557],[59.1407,45.9572],[59.2018,45.9725],[59.259,46.0015],[59.3032,46.0021],[59.3346,45.9743],[59.3239,45.9344],[59.2715,45.8823],[59.241,45.8292],[59.2329,45.7748],[59.2588,45.7298],[59.3186,45.6942],[59.3514,45.6959],[59.3569,45.7351],[59.3743,45.753],[59.4035,45.7499],[59.4199,45.7338],[59.4236,45.7046],[59.45,45.7108],[59.4991,45.7524],[59.5484,45.7732],[59.598,45.7732],[59.6247,45.795],[59.6284,45.8384],[59.654,45.91],[57.4192,49.0489],[53.256,46.7046],[53.2841,46.6764],[53.1672,46.5865],[53.1223,46.4966],[53.1852,46.4246],[53.2572,46.3167],[53.2032,46.1908],[53.1492,45.957],[53.0503,45.8312],[52.9245,45.7322],[52.8345,45.6423],[52.8435,45.5075],[53.0593,45.4535],[53.2122,45.3636],[53.2841,45.3276],[53.0593,45.3366],[52.6097,45.3996],[52.1062,45.3816],[51.9983,45.3816],[51.8454,45.4355],[51.7735,45.3906],[51.6296,45.3546],[51.5127,45.3726],[51.4588,45.3096],[51.3778,45.1748],[51.3419,45.0579],[51.216,45.0399],[51.0991,44.878],[51.189,44.7701],[51.3689,44.6802],[51.4858,44.6262],[51.5757,44.5543],[51.4138,44.5183],[51.3329,44.4824],[51.0901,44.5633],[50.8743,44.6262],[50.7214,44.6352],[50.5416,44.6442],[50.4067,44.6173],[50.3348,44.5633],[50.3258,44.3655],[50.3887,44.2935],[50.7035,44.2576],[50.9552,44.2036],[50.9912,44.0777],[51.171,43.7181],[51.261,43.6102],[51.3689,43.5562],[51.4588,43.3854],[51.4228,43.2595],[51.4228,43.1696],[51.5847,43.1786],[51.7375,43.1786],[51.8814,43.0527],[51.9803,42.9088],[52.0702,42.8279],[52.1601,42.8459],[52.295,42.8728],[52.3759,42.8009],[52.5828,42.8279],[52.7626,42.7559],[52.8345,42.648],[52.7536,42.5581],[52.7356,42.4232],[52.6727,42.2794],[52.5828,42.1894],[52.5198,42.0726],[52.5738,42.0186],[52.6007,41.9377],[52.5593,41.7578],[52.6826,41.6937],[52.7114,41.6075],[52.6922,41.5309],[52.855,41.3872],[52.97,41.1382],[52.9604,41.2723],[52.9317,41.3776],[52.97,41.5596],[52.9987,41.6841],[52.9412,41.7703],[52.9795,41.9044],[53.0657,42.0289],[53.2669,42.0864],[53.4584,42.096],[53.7362,42.1343],[53.9852,42.1055],[54.0235,42.0481],[54.0235,41.9523],[54.0235,41.8565],[54.1193,41.7799],[54.1385,41.6266],[54.1672,41.483],[54.3588,41.3872],[54.5982,41.2435],[54.7514,41.1382],[54.8281,40.9849],[54.8185,40.8796],[54.7227,40.8508],[54.6078,40.8125],[54.5024,40.8508],[54.4545,40.9179],[54.3683,40.8987],[54.3875,40.8029],[54.4545,40.7167],[54.4162,40.6593],[54.33,40.688],[54.2247,40.7263],[54.1097,40.6784],[53.9756,40.6497],[53.8416,40.6401],[53.7937,40.7263],[53.7649,40.87],[53.6979,40.8796],[53.65,40.8796],[53.6596,40.8125],[53.6117,40.7455],[53.4393,40.8029],[53.2573,40.7646],[53.1807,40.8413],[53.1519,40.8987],[53.0562,41.052],[53.0179,40.9466],[52.97,40.8221],[52.9508,40.7072],[52.9029,40.5635],[52.8263,40.4677],[52.8455,40.3336],[52.8455,40.1804],[52.9125,40.0463],[52.9891,39.9314],[53.0466,39.9984],[53.1903,39.9601],[53.3627,39.9601],[53.5063,39.9984],[53.6883,39.9792],[53.5925,39.893],[53.5159,39.7781],[53.5542,39.6536],[53.6691,39.644],[53.8128,39.5482],[53.7937,39.4908],[53.7362,39.5004],[53.5446,39.5387],[53.3722,39.5195],[53.3148,39.5674],[53.2477,39.4525],[53.2094,39.4046],[53.2477,39.2992],[53.3339,39.3854],[53.4967,39.3375],[53.5829,39.3184],[53.6596,39.3184],[53.6787,39.2513],[53.7745,39.1364],[53.9182,39.0502],[54.0331,38.9927],[54.0714,38.8969],[54.0331,38.7916],[53.9852,38.6575],[53.9373,38.5713],[53.9373,38.3318],[53.9373,38.1594],[53.8799,38.0254],[53.9278,37.8242],[53.9852,37.5177],[54.0151,37.3483],[54.0087,37.3487],[54.0674,36.9415],[54.8676,36.8057],[54.9295,39.1591],[55.4869,39.3449],[62.3294,39.7605]],[[57.8448,41.8378],[57.865,41.7731],[57.8178,41.6999],[57.6849,41.6362],[57.5268,41.5945],[57.4296,41.5786],[57.3456,41.5732],[57.2472,41.6525],[57.1744,41.7346],[57.1159,41.7313],[57.0618,41.7249],[57.0534,41.7734],[57.0938,41.9684],[57.1827,42.1854],[57.2727,42.3033],[57.3923,42.3349],[57.5498,42.2607],[57.6272,42.1496],[57.6131,42.105],[57.6317,42.0655],[57.6824,42.0104],[57.7003,41.9126],[57.8448,41.8378]]],[[[59.8863,45.5837],[59.8112,45.6892],[59.775,45.7401],[59.7687,45.7186],[59.7473,45.6961],[59.7357,45.6629],[59.7339,45.6188],[59.7449,45.591],[59.7689,45.5794],[59.8863,45.5837]]]]},"properties":{"NAME":"Oghuz","SUBJECTO":"Oghuz","PARTOF":"Oghuz","BORDERPRECISION":1,"LINK":null}},
{"type":"Feature","geometry":{"type":"Polygon","coordinates":[[[27.3911,47.4687],[29.0355,48.3531],[31.0872,46.6355],[31.5377,46.7014],[31.781,46.7019],[31.9513,46.8646],[32.1888,46.5922],[31.9259,46.4099],[32.1141,46.2156],[32.2022,46.1704],[32.5164,46.1256],[33.1141,46.5659],[32.9674,47.028],[33.789,47.048],[34.1704,47.5058],[35.2268,47.5653],[35.1974,48.4681],[33.3782,49.0484],[36.2094,51.7827],[36.6578,51.9458],[37.0654,53.1686],[37.7583,53.1686],[37.8398,53.9838],[37.8988,54.0337],[38.5042,54.546],[42.5944,55.6965],[45.7897,58.0982],[45.0527,58.4151],[46.0102,61.1034],[40.0531,64.5277],[39.9971,64.5412],[39.6216,64.476],[39.1934,64.511],[38.2529,64.7031],[37.6041,64.8528],[37.1019,65.0681],[36.8839,65.0677],[36.5685,64.7646],[36.9967,64.4066],[37.262,64.3139],[37.4633,64.3],[37.6681,64.3433],[37.8799,64.3079],[38.0539,64.1293],[38.0541,63.9863],[37.9449,63.8504],[37.5915,63.8069],[37.4105,63.7495],[37.2465,63.7849],[36.9875,63.8415],[36.4206,63.8761],[36.24,63.9186],[36.0155,64.197],[35.6233,64.2536],[35.0818,64.2883],[34.8846,64.3668],[34.8148,64.4598],[34.7729,64.6822],[34.531,64.9778],[34.4257,65.1065],[34.332,65.3455],[34.2934,65.3962],[34.6012,65.4839],[34.7256,65.615],[34.7262,65.797],[34.5437,66.0008],[34.2585,66.1098],[33.8442,66.1821],[33.4697,66.3131],[32.9709,66.5834],[32.7535,66.649],[32.7176,66.6755],[29.769,66.0749],[28.8356,64.1077],[28.6002,63.6117],[29.9304,62.9805],[29.6663,62.1285],[28.2872,61.266],[28.1738,60.5465],[28.4318,60.6035],[28.5215,60.6233],[28.5512,60.5326],[28.4352,60.3373],[28.5694,60.1984],[28.6309,60.1741],[28.6916,60.15],[28.969,60.1088],[29.5107,60.1446],[29.6873,60.131],[29.9529,59.9856],[30.1266,59.806],[29.9632,59.7366],[29.7655,59.7362],[29.4136,59.86],[29.0761,59.9078],[28.9363,59.8246],[28.7959,59.6722],[28.6627,59.6443],[28.4444,59.7337],[28.3091,59.6644],[28.351,59.6021],[28.2663,59.5622],[28.1631,59.5907],[28.0942,59.6647],[27.9417,59.6476],[27.911,59.5306],[27.9734,59.5167],[28.0131,59.4582],[28.0159,59.4542],[27.8936,59.3461],[27.8603,59.3377],[27.7485,58.9116],[27.8137,58.5713],[27.8205,58.4849],[27.7981,58.4468],[27.7479,58.4299],[27.5913,58.3129],[27.571,58.2353],[27.5748,58.2039],[27.5918,58.1746],[27.7144,58.1643],[27.8651,58.1735],[27.973,58.1326],[28.097,58.0444],[28.1492,57.9747],[28.1692,57.9145],[28.1018,57.86],[27.9921,57.8681],[27.9109,57.8958],[27.8754,57.9204],[27.8816,57.937],[27.8027,57.9902],[27.6783,58.0185],[27.6238,58.0143],[27.593,58.0556],[27.8073,56.3065],[28.1639,56.1518],[28.4704,56.0544],[28.9657,55.8972],[29.0854,55.4875],[29.6653,54.3206],[28.731,53.5046],[27.0879,53.6003],[26.6368,54.5268],[26.6539,54.7038],[24.1694,54.2802],[24.3483,51.905],[24.1445,51.2936],[22.0398,49.5028],[21.5531,49.0887],[23.7244,48.5088],[24.3113,48.431],[25.6317,48.2359],[26.6,47.666],[27.3911,47.4687]],[[30.8033,60.4466],[30.776,60.4481],[30.7742,60.4921],[30.7586,60.5245],[30.7237,60.5618],[30.6801,60.5842],[30.6633,60.5928],[30.5339,60.6301],[30.5239,60.6546],[30.504,60.7036],[30.5045,60.7316],[30.5254,60.7389],[30.5332,60.7655],[30.5279,60.8117],[30.5021,60.8432],[30.4559,60.86],[30.4412,60.8736],[30.4358,60.9027],[30.4087,60.928],[30.2927,61.0051],[30.1249,61.0874],[29.8572,61.188],[29.825,61.2156],[29.8367,61.2261],[29.8602,61.2393],[29.8646,61.251],[29.8551,61.2712],[29.8913,61.295],[29.9494,61.2894],[30.0291,61.2545],[30.0793,61.2426],[30.0941,61.2585],[30.0895,61.2706],[30.09,61.2993],[30.13,61.3126],[30.1739,61.3141],[30.193,61.3272],[30.196,61.3478],[30.1826,61.3611],[30.1793,61.3727],[30.2009,61.389],[30.21,61.418],[30.2169,61.4313],[30.2373,61.4463],[30.2521,61.4586],[30.2516,61.4727],[30.2488,61.4759],[30.2349,61.4926],[30.2388,61.5148],[30.2852,61.5166],[30.4662,61.4872],[30.4807,61.49],[30.4863,61.5149],[30.5127,61.5252],[30.5508,61.5354],[30.6059,61.5413],[30.6167,61.5603],[30.5934,61.5795],[30.5943,61.6058],[30.7575,61.7334],[30.852,61.775],[30.8882,61.7648],[30.8959,61.7544],[30.9057,61.7422],[31.0259,61.7144],[31.0567,61.6892],[31.0711,61.6451],[31.0984,61.6204],[31.1606,61.6187],[31.1723,61.6298],[31.2382,61.643],[31.2575,61.6411],[31.2618,61.6372],[31.2859,61.6152],[31.3081,61.605],[31.3278,61.6167],[31.3341,61.6274],[31.3648,61.6274],[31.4861,61.5508],[31.5332,61.4974],[31.5758,61.4372],[31.6036,61.4226],[31.6197,61.427],[31.6165,61.4425],[31.6204,61.4611],[31.6369,61.4627],[31.6979,61.4155],[31.7623,61.3837],[31.8707,61.3474],[31.8986,61.324],[32.3596,61.1805],[32.5269,61.1175],[32.5634,61.0794],[32.5813,61.0449],[32.5806,61.0139],[32.5926,60.9976],[32.6334,60.9867],[32.6407,60.9691],[32.7654,60.886],[32.7763,60.8707],[32.8078,60.8264],[32.8119,60.7565],[32.8436,60.7122],[32.903,60.6935],[32.9365,60.6703],[32.9443,60.6426],[32.9069,60.5859],[32.8414,60.497],[32.8157,60.4819],[32.7818,60.4882],[32.7221,60.5211],[32.6417,60.5369],[32.5999,60.5335],[32.5965,60.5111],[32.6179,60.4756],[32.664,60.4271],[32.6767,60.3924],[32.6559,60.3717],[32.5949,60.3546],[32.5902,60.3302],[32.6144,60.2858],[32.6123,60.2454],[32.5839,60.2089],[32.5004,60.1765],[32.3615,60.1481],[32.2602,60.1543],[32.1961,60.1954],[32.0571,60.2265],[31.8433,60.2479],[31.6994,60.2356],[31.5989,60.1696],[31.5906,60.1556],[31.5969,60.1438],[31.6059,60.1423],[31.6064,60.1336],[31.5482,60.0719],[31.5409,60.0345],[31.565,59.998],[31.5672,59.9666],[31.5472,59.9401],[31.5098,59.9204],[31.4548,59.9072],[31.4014,59.9113],[31.3493,59.9328],[31.2744,59.9376],[31.1764,59.9258],[31.1063,59.9277],[31.064,59.9432],[31.0428,59.951],[31.0632,59.9629],[31.1453,60.0055],[31.1429,60.0317],[31.106,60.0563],[31.0951,60.0837],[31.1149,60.1349],[31.109,60.1464],[31.0189,60.1929],[30.9568,60.2636],[30.8491,60.4426],[30.8321,60.4575],[30.8169,60.4588],[30.8033,60.4466]],[[35.5369,61.2922],[35.4946,61.329],[35.4574,61.3559],[35.3984,61.3858],[35.3039,61.4296],[35.1539,61.4852],[34.9616,61.5434],[34.7725,61.6009],[34.7429,61.612],[34.63,61.6544],[34.5314,61.7043],[34.4482,61.7533],[34.388,61.7961],[34.3445,61.8312],[34.3227,61.8545],[34.3146,61.8687],[34.3356,61.8644],[34.3847,61.843],[34.4453,61.8188],[34.4944,61.8076],[34.5313,61.8116],[34.5624,61.8238],[34.5829,61.846],[34.5943,61.874],[34.5938,61.906],[34.5859,61.9378],[34.5663,61.9689],[34.5373,61.999],[34.4768,62.0385],[34.381,62.0926],[34.294,62.1415],[34.2552,62.1686],[34.2552,62.1857],[34.2621,62.2105],[34.2654,62.2382],[34.2565,62.2623],[34.2226,62.2937],[34.1649,62.3392],[34.0983,62.3789],[34.0424,62.3965],[34.0033,62.4008],[33.9775,62.408],[33.9618,62.4251],[33.9473,62.453],[33.9406,62.4816],[33.944,62.5005],[33.9586,62.51],[33.9787,62.5159],[34.0029,62.5161],[34.0271,62.5118],[34.0539,62.4945],[34.0842,62.4635],[34.1369,62.414],[34.2177,62.3523],[34.2916,62.2973],[34.3275,62.264],[34.3295,62.2457],[34.3212,62.227],[34.3429,62.1989],[34.417,62.1582],[34.5142,62.1196],[34.5914,62.0965],[34.6356,62.095],[34.6532,62.1085],[34.644,62.1361],[34.6324,62.1819],[34.647,62.2126],[34.6581,62.2452],[34.6148,62.3043],[34.609,62.3388],[34.6332,62.3483],[34.6815,62.3388],[34.6956,62.3646],[34.6596,62.4063],[34.5922,62.458],[34.547,62.4978],[34.527,62.5236],[34.5202,62.5417],[34.532,62.5463],[34.5566,62.5399],[34.5953,62.5191],[34.6406,62.4891],[34.6959,62.4427],[34.7585,62.3826],[34.8105,62.3323],[34.8405,62.3101],[34.852,62.2944],[34.8593,62.2604],[34.8708,62.2194],[34.8925,62.1871],[34.928,62.1597],[34.9757,62.1176],[35.0286,62.0779],[35.0749,62.0536],[35.1146,62.0536],[35.1496,62.071],[35.165,62.0807],[35.1678,62.0967],[35.1436,62.1272],[35.0938,62.1722],[35.0518,62.2116],[35.0459,62.2288],[35.0959,62.2181],[35.1884,62.1902],[35.284,62.1616],[35.3413,62.149],[35.3872,62.1578],[35.455,62.1807],[35.5183,62.2105],[35.5535,62.2359],[35.5639,62.2602],[35.5672,62.2871],[35.5586,62.3188],[35.5402,62.3542],[35.4983,62.4036],[35.4331,62.4686],[35.3518,62.5227],[35.2709,62.5454],[35.2014,62.5497],[35.1472,62.5592],[35.093,62.5805],[35.0237,62.6133],[34.967,62.639],[34.9434,62.6428],[34.868,62.6105],[34.8386,62.5912],[34.7761,62.6223],[34.7393,62.6213],[34.7037,62.6434],[34.6582,62.6799],[34.6211,62.7124],[34.5831,62.7557],[34.5355,62.8185],[34.4796,62.8738],[34.4895,62.9036],[34.5325,62.9157],[34.6054,62.8728],[34.7033,62.8442],[34.7879,62.8311],[34.8549,62.8256],[34.9104,62.8154],[34.9581,62.7974],[35.0058,62.773],[35.083,62.7412],[35.202,62.7053],[35.326,62.6662],[35.4157,62.6267],[35.4639,62.6042],[35.4876,62.6059],[35.495,62.6192],[35.5037,62.6247],[35.5194,62.6173],[35.5436,62.5994],[35.5846,62.576],[35.6412,62.5556],[35.698,62.5376],[35.7398,62.5202],[35.7712,62.4959],[35.8029,62.4611],[35.8219,62.4118],[35.8227,62.3522],[35.8004,62.2814],[35.7643,62.2052],[35.7302,62.1392],[35.6744,62.0794],[35.6894,62.0402],[35.7495,61.9991],[35.8184,61.9511],[35.843,61.9019],[35.8707,61.8548],[35.9256,61.8064],[35.9854,61.7559],[36.0256,61.7036],[36.0606,61.6544],[36.0651,61.6504],[36.1087,61.6111],[36.1591,61.5715],[36.2002,61.5312],[36.2473,61.4933],[36.312,61.4595],[36.3715,61.4323],[36.4056,61.4107],[36.4189,61.3924],[36.4279,61.3731],[36.4249,61.3491],[36.4084,61.3191],[36.3956,61.3021],[36.3827,61.285],[36.3801,61.281],[36.3736,61.2711],[36.3712,61.2568],[36.3781,61.2419],[36.3885,61.225],[36.3946,61.2062],[36.3869,61.1841],[36.3639,61.1597],[36.325,61.1355],[36.2793,61.1138],[36.2241,61.0965],[36.1628,61.0828],[36.0987,61.0626],[36.0368,61.0297],[35.9763,60.9939],[35.9148,60.9668],[35.8803,60.9478],[35.8842,60.9311],[35.9045,60.9166],[35.9099,60.9025],[35.899,60.8898],[35.8803,60.8783],[35.8551,60.8705],[35.8287,60.8665],[35.8008,60.8718],[35.7716,60.8864],[35.719,60.9045],[35.6346,60.9185],[35.5506,60.938],[35.4994,60.9698],[35.4733,61.0021],[35.4498,61.023],[35.4262,61.0332],[35.3996,61.0399],[35.3633,61.0382],[35.3161,61.0281],[35.2549,61.0146],[35.1845,61.0049],[35.1329,61.0071],[35.1168,61.0222],[35.0929,61.0447],[35.0224,61.0645],[34.9425,61.0704],[34.8963,61.0469],[34.869,61.027],[34.8464,61.0267],[34.8285,61.0386],[34.8149,61.055],[34.8024,61.0735],[34.7955,61.0965],[34.7967,61.1228],[34.804,61.1496],[34.8188,61.1736],[34.8381,61.1937],[34.8873,61.2061],[34.9742,61.212],[35.0747,61.2071],[35.1566,61.1937],[35.2069,61.1772],[35.2311,61.1652],[35.2077,61.1588],[35.1432,61.1558],[35.0777,61.1513],[35.0526,61.1411],[35.062,61.1256],[35.08,61.1083],[35.1081,61.0916],[35.142,61.0773],[35.1921,61.0689],[35.2593,61.0666],[35.3453,61.0726],[35.4406,61.0626],[35.5273,61.0228],[35.5834,61.0342],[35.6146,61.0761],[35.6322,61.1078],[35.6294,61.15],[35.6114,61.1974],[35.5777,61.2464],[35.5369,61.2922]],[[39.0053,58.3581],[38.8709,58.3311],[38.8305,58.2956],[38.8121,58.2507],[38.8188,58.1348],[38.8052,58.122],[38.7795,58.1348],[38.6917,58.207],[38.6383,58.2203],[38.6192,58.2013],[38.6979,58.133],[38.704,58.1131],[38.681,58.1082],[38.6117,58.1131],[38.3831,58.1219],[38.357,58.1001],[38.4369,58.0356],[38.4371,58.0175],[38.4153,58.0156],[38.3692,58.0316],[38.3102,58.0406],[38.2811,58.0539],[38.2592,58.0709],[38.2496,58.1027],[38.251,58.1987],[38.2205,58.2373],[38.1487,58.2486],[37.944,58.3009],[37.8972,58.2918],[37.5071,58.5354],[37.4169,58.6131],[37.3168,58.6574],[37.1553,58.695],[37.1546,58.7065],[37.1692,58.7256],[37.1508,58.8487],[37.3079,58.76],[37.3723,58.7314],[37.4229,58.7266],[37.4104,58.6891],[37.4104,58.67],[37.4592,58.6339],[37.5377,58.6127],[37.5646,58.5528],[37.6087,58.5453],[37.6611,58.5575],[37.6666,58.5725],[37.6209,58.6262],[37.6323,58.6362],[37.7148,58.6175],[37.7678,58.6176],[37.9949,58.5504],[38.0739,58.5419],[38.0738,58.5916],[38.1031,58.6195],[38.0955,58.6345],[37.9877,58.6722],[37.9842,58.6924],[37.9453,58.7203],[37.9417,58.7355],[37.9613,58.7436],[38.0239,58.7459],[37.9959,58.8617],[37.9176,58.8583],[37.8694,58.8971],[37.8283,58.9141],[37.7772,58.9262],[37.7137,58.9277],[37.6424,58.9189],[37.5813,58.8988],[37.5014,58.8448],[37.4713,58.8571],[37.4658,58.8746],[37.4844,58.9272],[37.4991,58.9442],[37.6089,58.989],[37.6732,59.0252],[37.6956,59.064],[37.6763,59.1023],[37.64,59.1377],[37.6449,59.1568],[37.8429,59.1553],[37.94,59.1741],[37.9873,59.1768],[38.0016,59.1598],[38.0074,59.1438],[38.0272,59.1281],[38.1162,59.1026],[38.1594,59.1016],[38.1797,59.1133],[38.1805,59.1321],[38.1764,59.1482],[38.124,59.2029],[38.1433,59.2098],[38.1829,59.2031],[38.294,59.1613],[38.4146,59.1734],[38.4073,59.1523],[38.3315,59.0926],[38.2395,59.0627],[38.1705,59.065],[37.9102,59.1027],[37.8664,59.0941],[37.8577,59.0751],[37.9199,59.0421],[38.047,58.9942],[38.1194,58.9546],[38.4273,58.747],[38.61,58.6366],[38.7528,58.5469],[38.9893,58.4956],[39.0037,58.4756],[38.9703,58.4408],[39.0004,58.3868],[39.0053,58.3581]],[[31.2983,58.4766],[31.3743,58.4292],[31.4302,58.4166],[31.5107,58.3889],[31.5182,58.3726],[31.6371,58.388],[31.6534,58.3688],[31.6457,58.3514],[31.647,58.3084],[31.6883,58.2023],[31.6306,58.2073],[31.531,58.2302],[31.4465,58.2059],[31.394,58.142],[31.1563,58.1713],[30.8762,58.2141],[30.857,58.2391],[30.9549,58.2844],[31.0194,58.3197],[31.08,58.3316],[31.1702,58.3595],[31.2517,58.4254],[31.2983,58.4766]]]},"properties":{"NAME":"Kievan Rus","SUBJECTO":"Kievan Rus","PARTOF":"Kievan Rus","BORDERPRECISION":1,"LINK":null}},
{"type":"Feature","geometry":{"type":"MultiPolygon","coordinates":[[[[42.4304,47.5752],[42.1003,47.7234],[41.7335,47.6493],[41.6822,47.4166],[42.3277,47.3172],[42.4304,47.5752]]],[[[38.3324,46.0468],[38.2272,46.0201],[37.9899,46.0067],[37.8679,45.7925],[37.7061,45.5784],[37.6613,45.3452],[37.461,45.3125],[37.2277,45.312],[36.9599,45.2274],[37.3179,44.9242],[37.4739,44.6924],[37.6217,44.6733],[37.7741,44.7445],[37.8804,44.7189],[38.1092,44.4938],[38.277,44.4232],[38.5561,44.3851],[38.9237,44.2119],[39.1215,44.0718],[39.7602,45.4347],[38.3324,46.0468]]],[[[35.7935,45.0502],[35.8655,45.0311],[36.0047,45.0443],[36.2648,45.0966],[36.3671,45.1615],[36.4151,45.2716],[36.521,45.3883],[36.3232,45.4397],[35.8498,45.4452],[35.8484,45.4449],[35.7935,45.0502]]],[[[33.4595,44.7316],[33.3955,44.6005],[33.6602,44.5237],[34.0137,44.4921],[34.135,44.5375],[34.2914,44.6823],[33.4595,44.7316]]]]},"properties":{"NAME":"Kievan Rus","SUBJECTO":"Kievan Rus","PARTOF":"Kievan Rus","BORDERPRECISION":1,"LINK":null}},
{"type":"Feature","geometry":{"type":"Polygon","coordinates":[[[14.3437,62.9481],[16.1931,62.7557],[17.8682,62.7886],[17.9674,62.7746],[18.3032,62.7894],[18.3889,62.8534],[18.4866,62.9812],[18.785,63.138],[19.0759,63.2025],[19.3182,63.4448],[19.465,63.4807],[19.6703,63.3885],[19.9849,63.5173],[20.7007,63.8181],[20.8665,64.0256],[20.8733,64.0328],[21.0489,64.2192],[21.3858,64.3846],[21.237,64.5205],[21.0643,64.592],[20.9212,64.7138],[21.3294,64.8944],[21.4894,65.0172],[21.4237,65.1039],[21.2773,65.2123],[21.5223,65.3723],[21.8187,65.3801],[21.9575,65.4457],[22.2016,65.7153],[22.4898,65.8834],[22.6456,65.9348],[22.7982,65.8548],[23.204,65.6808],[23.4057,65.7248],[23.8441,65.7985],[23.9477,65.7967],[24.2148,65.7859],[24.5911,65.5828],[25.1036,65.5401],[25.2515,65.4169],[25.1861,65.2427],[25.1326,65.0759],[25.2934,65.0039],[25.3519,64.9391],[25.3251,64.8024],[24.9319,64.816],[24.4701,64.6355],[24.094,64.3766],[23.5803,64.0821],[23.1306,63.7834],[22.8255,63.5809],[22.7042,63.5806],[22.569,63.723],[22.4758,63.6016],[22.4288,63.395],[22.2924,63.2027],[22.075,63.1028],[21.9513,63.131],[21.6665,63.1873],[21.4947,63.123],[21.546,62.9741],[21.4813,62.8888],[21.1948,62.7607],[21.0618,62.6117],[21.0337,62.4773],[21.2001,62.4352],[21.226,62.418],[21.3376,62.3436],[21.3464,62.1671],[21.2112,61.8709],[21.4052,61.7024],[21.561,61.4849],[21.5208,61.3796],[21.4983,61.1833],[21.4273,61.0151],[21.4432,60.6936],[21.5602,60.5125],[21.7468,60.4083],[21.931,60.3808],[22.2207,60.2588],[22.4215,60.2932],[22.3921,60.1212],[22.6246,60.2011],[23.0052,60.2088],[22.882,60.0556],[22.9821,59.9325],[23.2014,59.8185],[23.4189,59.8298],[23.6647,59.8356],[23.9611,59.9325],[23.9789,59.8811],[24.2814,59.9381],[24.4211,59.8698],[24.516,59.9895],[24.743,60.0382],[24.9695,60.0868],[24.993,60.0296],[25.1458,60.1097],[25.4499,60.1384],[25.5805,60.2623],[25.8455,60.1155],[25.8901,60.2358],[26.0377,60.2493],[26.3227,60.2702],[26.4428,60.3333],[26.5516,60.5707],[26.5259,60.3965],[26.6131,60.3478],[26.9223,60.3161],[26.9456,60.3763],[27.0836,60.4155],[27.1785,60.4424],[27.4062,60.3448],[27.4736,60.4261],[28.0114,60.5107],[28.1738,60.5465],[28.2872,61.266],[29.6663,62.1285],[29.9304,62.9805],[28.6002,63.6117],[28.8356,64.1077],[29.769,66.0749],[32.7176,66.6755],[32.4247,66.891],[32.3578,66.9203],[32.2194,66.9937],[32.6443,67.0461],[32.991,66.9878],[33.1577,66.9145],[33.4375,66.7017],[33.6513,66.6801],[34.153,66.6296],[35.1677,66.4115],[35.7717,66.2589],[36.5052,66.1725],[37.4224,66.0938],[38.0479,66.0074],[38.7821,66.0015],[39.19,66.0387],[39.9775,66.2009],[40.3451,66.3186],[40.8364,66.5614],[41.147,66.7823],[41.2553,66.937],[41.2088,67.0695],[41.0169,67.2019],[40.9508,67.3347],[40.9734,67.5344],[40.8261,67.66],[39.9181,67.9404],[39.3347,68.0359],[38.6685,68.1463],[38.4064,68.2427],[37.6886,68.6296],[37.2459,68.7935],[36.0183,69.0237],[35.4366,69.1504],[34.9341,69.1494],[34.6989,69.1641],[34.3051,69.1708],[33.818,69.1925],[33.6284,69.2147],[33.3156,69.0713],[33.2806,69.342],[33.0096,69.3867],[32.5963,69.4236],[32.3517,69.5137],[32.1906,69.6417],[32.076,69.8154],[32.0716,69.8835],[31.7822,69.777],[31.3313,69.6628],[31.0538,69.6396],[30.7354,69.7524],[30.3613,69.7668],[30.0558,69.7209],[29.7286,69.6976],[29.5559,69.8334],[29.08,69.9612],[28.8171,70.0979],[28.7301,70.1359],[29.7349,70.1149],[30.2519,70.1311],[30.7988,70.308],[30.7542,70.4304],[30.462,70.5373],[30.0414,70.5441],[29.7412,70.605],[28.9843,70.8574],[28.7948,70.8648],[28.3889,70.5718],[28.2897,70.3722],[27.8754,70.4251],[28.0189,70.6095],[27.9853,70.717],[28.1364,70.8327],[28.3084,70.9486],[28.2112,71.0179],[27.9475,71.0174],[27.516,70.9703],[27.1311,70.5771],[26.9344,70.4693],[26.6174,70.392],[26.6191,70.7991],[26.6065,70.9146],[26.2627,70.7907],[25.574,70.3671],[25.263,70.1065],[25.0741,70.1444],[25.1224,70.4352],[25.2307,70.5582],[25.8321,70.8978],[25.389,70.9046],[24.849,70.8266],[24.5705,70.7414],[24.3596,70.6103],[24.2077,70.4719],[23.9549,70.5021],[23.8273,70.4788],[23.5084,70.2791],[23.2925,70.0113],[23.2036,69.9428],[22.7456,70.1706],[22.3064,70.2156],[22.1633,70.0931],[21.9081,69.804],[21.6086,69.9625],[21.412,70.0154],[21.1027,69.8177],[20.7339,69.7792],[20.5527,69.5219],[20.1965,69.3177],[20.2782,69.5818],[20.3583,69.7104],[20.2864,69.7859],[20.1577,69.7478],[19.8212,69.3697],[19.58,69.1811],[17.0094,67.2478],[14.5361,63.0976],[14.3437,62.9481]]]},"properties":{"NAME":"Sámi","SUBJECTO":"Sámi","PARTOF":"Sámi","BORDERPRECISION":1,"LINK":null}},
{"type":"Feature","geometry":{"type":"Polygon","coordinates":[[[42.5944,55.6965],[43.249,54.0474],[43.2667,54.003],[45.3793,52.8491],[46.2235,52.5649],[51.6867,52.0473],[54.1821,52.2784],[55.7091,57.1977],[53.9245,57.6014],[53.9765,57.7086],[48.6079,57.7086],[46.1057,57.7086],[45.7897,58.0982],[42.5944,55.6965]],[[48.4681,54.1244],[48.3873,54.168],[48.378,54.2312],[48.3987,54.3367],[48.4046,54.4525],[48.4158,54.5972],[48.5515,54.6522],[48.7451,54.675],[48.8082,54.7329],[48.8315,54.8037],[48.8638,54.8708],[48.8595,55.0116],[48.9769,55.074],[49.1595,55.1631],[49.1723,55.2927],[49.1035,55.3529],[49.0477,55.4428],[49.059,55.4827],[49.1195,55.4759],[49.1889,55.3812],[49.2335,55.3379],[49.3033,55.3234],[49.358,55.3391],[49.3281,55.3789],[49.3319,55.4516],[49.329,55.5178],[49.3674,55.5444],[49.3677,55.5243],[49.3713,55.4648],[49.4549,55.4036],[49.5828,55.3902],[49.7883,55.3835],[49.9999,55.415],[50.0896,55.4628],[50.2248,55.4384],[50.3791,55.4305],[50.4814,55.46],[50.6752,55.4506],[50.8339,55.4795],[51.1258,55.5011],[51.255,55.5262],[51.3311,55.4989],[51.3534,55.4956],[51.4139,55.4944],[51.4691,55.5113],[51.4666,55.5898],[51.398,55.6849],[51.4137,55.7745],[51.4481,55.8123],[51.4803,55.8327],[51.4716,55.795],[51.4608,55.701],[51.5215,55.6323],[51.635,55.6459],[51.7635,55.7205],[51.8747,55.7036],[51.9365,55.6991],[51.8858,55.6708],[51.7996,55.6839],[51.7484,55.6753],[51.7277,55.643],[51.7145,55.5928],[51.615,55.5654],[51.5502,55.5584],[51.5237,55.503],[51.4104,55.441],[51.2059,55.4887],[51.1742,55.4635],[51.1984,55.4412],[51.2188,55.4001],[51.1843,55.3574],[51.1298,55.393],[51.0711,55.415],[50.8771,55.4521],[50.7636,55.4289],[50.7345,55.4071],[49.892,55.2937],[49.8107,55.2437],[49.6925,55.1907],[49.5232,55.1339],[49.4607,55.1141],[49.4521,55.0736],[49.4455,55.0516],[49.3961,55.0161],[49.3197,55.0138],[49.2244,55.0233],[49.1364,54.9979],[49.0085,54.9701],[48.9398,54.9017],[48.9693,54.8281],[49.0303,54.8087],[49.0979,54.8005],[49.0807,54.7757],[48.9863,54.7276],[48.9761,54.6669],[48.9731,54.6412],[48.9426,54.6166],[48.8955,54.5815],[48.9088,54.5496],[48.895,54.528],[48.863,54.501],[48.8641,54.4623],[48.7865,54.4474],[48.6313,54.435],[48.5296,54.3942],[48.4994,54.3344],[48.5494,54.2405],[48.659,54.1709],[48.7559,54.1503],[48.798,54.1308],[48.8089,54.0987],[48.8477,54.0454],[49.0203,54.0152],[49.2752,54.0707],[49.3953,54.1198],[49.5633,54.1794],[49.7273,54.2251],[49.7422,54.1907],[49.6664,54.1594],[49.5368,54.1267],[49.4412,54.0377],[49.3088,53.973],[49.2179,53.9344],[49.2191,53.878],[49.2697,53.818],[49.3202,53.7913],[49.3507,53.7702],[49.3718,53.7305],[49.3689,53.6948],[49.3445,53.6982],[49.3104,53.7223],[49.2793,53.7281],[49.1898,53.8074],[49.1268,53.8248],[49.0911,53.7939],[49.0719,53.7133],[49.063,53.6066],[49.0867,53.534],[49.2467,53.5021],[49.5608,53.4988],[49.8816,53.4856],[49.9048,53.4567],[49.8519,53.426],[49.4947,53.436],[49.3161,53.4022],[49.2577,53.3521],[49.2299,53.2842],[49.0941,53.2696],[48.8008,53.2806],[48.7594,53.3238],[48.9248,53.309],[49.1365,53.3089],[49.2059,53.3375],[49.205,53.3676],[49.1064,53.405],[48.9919,53.4398],[49.0088,53.4597],[48.9559,53.5354],[48.8654,53.6477],[48.8768,53.7543],[48.9031,53.8275],[48.8828,53.8659],[48.8134,53.9387],[48.6612,54.0379],[48.5668,54.0975],[48.4681,54.1244]]]},"properties":{"NAME":"Volga Bulgars","SUBJECTO":"Volga Bulgars","PARTOF":"Bulgars","BORDERPRECISION":1,"LINK":null}},
{"type":"Feature","geometry":{"type":"Polygon","coordinates":[[[37.8988,54.0337],[41.4181,53.2987],[43.249,54.0474],[42.5944,55.6965],[38.5042,54.546],[37.8988,54.0337]]]},"properties":{"NAME":"Karakalpaks","SUBJECTO":"Karakalpaks","PARTOF":"Karakalpaks","BORDERPRECISION":1,"LINK":null}},
{"type":"Feature","geometry":{"type":"Polygon","coordinates":[[[85.2046,40.7712],[59.8112,45.6892],[59.8863,45.5837],[59.9605,45.5864],[60.0003,45.5777],[60.0362,45.5212],[60.0686,45.4169],[60.0772,45.3156],[60.9603,44.0752],[62.3294,39.7605],[63.1215,39.8087],[63.7291,39.4711],[64.6324,38.8388],[66.5293,38.1162],[66.7099,37.2129],[67.3422,37.2129],[67.8842,36.8516],[72.2104,33.3721],[76.6292,33.1893],[78.2345,32.309],[79.8964,31.3977],[80.0785,31.8835],[79.8076,33.0578],[79.8979,34.0514],[79.8453,35.2252],[79.8331,35.4966],[88.0857,38.1456],[87.6782,38.655],[88.2895,38.9607],[85.8443,39.572],[85.1311,40.1833],[85.2046,40.7712]]]},"properties":{"NAME":"Karkhanids","SUBJECTO":"Karkhanids","PARTOF":"Karkhanids","BORDERPRECISION":1,"LINK":null}},
{"type":"Feature","geometry":{"type":"Polygon","coordinates":[[[108.3605,41.5078],[113.8283,43.2467],[120.0836,43.8041],[123.6138,43.9899],[127.5775,44.4235],[131.9129,46.5292],[133.0277,46.5292],[133.709,45.4144],[133.3993,44.6712],[131.8652,43.2904],[131.6746,43.0266],[131.8831,43.072],[132.1818,43.1946],[132.3331,42.9637],[132.4847,42.8805],[132.5944,42.9],[132.8274,42.8619],[132.9528,42.6695],[133.312,42.7794],[134.1389,42.993],[134.5686,43.2122],[134.9624,43.515],[135.1561,43.7212],[135.4148,44.0368],[135.6928,44.224],[136.034,44.3984],[136.1792,44.5468],[136.2851,44.753],[136.4941,44.966],[137.2969,45.6463],[137.7205,45.9967],[137.9846,46.2693],[138.2429,46.7107],[138.3516,46.8732],[138.685,47.1335],[138.9493,47.3224],[139.0467,47.6152],[139.2137,47.8106],[140.081,48.5026],[140.1466,48.7244],[140.3282,49.3579],[140.3722,49.6913],[140.457,50.104],[140.3488,50.4192],[140.3235,50.5178],[140.4045,50.8274],[140.7303,51.4413],[140.9699,51.6928],[141.1263,51.8716],[141.2571,52.1035],[141.1606,52.2092],[140.9395,52.2618],[141.0905,52.5869],[141.032,52.7261],[140.8282,52.8252],[141.0897,52.9851],[141.1212,53.0516],[140.8937,53.1974],[140.7023,53.2769],[140.3213,53.5356],[140.1025,53.8017],[139.8059,53.9611],[139.378,54.0804],[139.0517,54.0865],[138.7604,54.0859],[138.4168,54.0919],[138.4095,53.8051],[138.234,53.5716],[137.9794,53.4646],[137.2392,53.4565],[137.0713,53.4895],[137.1217,53.5894],[137.3258,53.7431],[137.3829,53.8098],[137.0407,53.8625],[136.7702,53.6954],[136.4871,53.6548],[136.3507,53.7012],[136.3435,53.8878],[136.4916,54.4555],[136.1964,54.475],[135.7258,54.4073],[135.3126,54.4132],[135.0945,54.4328],[134.902,54.5594],[134.8937,54.7199],[134.9852,54.8539],[135.2695,55.0287],[136.1194,55.4206],[136.5213,55.5899],[137.2291,55.9827],[137.6019,56.2403],[138.3459,56.8042],[138.8668,57.1245],[139.2938,57.3362],[140.0287,57.6441],[140.4998,58.1708],[140.5874,58.2393],[140.9943,58.3906],[141.3496,58.5009],[141.5908,58.7275],[141.9238,58.9409],[142.3578,59.141],[142.7215,59.239],[137.178,61.3343],[127.8094,61.8038],[116.9616,59.8827],[115.2055,57.3861],[114.0159,59.5467],[107.9615,59.8184],[99.4854,55.6585],[99.5375,55.2811],[98.8182,55.4294],[105.9424,41.3683],[108.3605,41.5078]]]},"properties":{"NAME":"Mongols","SUBJECTO":"Mongols","PARTOF":"Mongols","BORDERPRECISION":1,"LINK":null}},
{"type":"Feature","geometry":{"type":"Polygon","coordinates":[[[47.8779,41.1677],[49.5404,40.5039],[49.6585,40.659],[49.6052,40.6871],[49.6052,40.7615],[49.4775,40.836],[49.3499,40.953],[49.2861,41.0594],[49.2435,41.2934],[49.1159,41.4317],[48.9989,41.5168],[48.8925,41.687],[48.6832,41.8359],[48.6623,41.9017],[48.6486,41.904],[48.4076,41.6737],[47.8779,41.1677]]]},"properties":{"NAME":"Maskat","SUBJECTO":"Maskat","PARTOF":"Maskat","BORDERPRECISION":1,"LINK":null}},
{"type":"Feature","geometry":{"type":"Polygon","coordinates":[[[47.8779,41.1677],[47.8493,41.1791],[47.745,41.1627],[46.8489,41.0214],[46.8612,40.9353],[47.1368,40.8098],[47.0311,40.795],[46.8725,40.856],[46.8738,40.847],[48.0802,40.0709],[48.3387,39.9461],[48.3732,39.9666],[48.5343,40.0619],[48.8945,39.954],[48.9516,39.8031],[49.0746,39.4782],[49.4035,39.4867],[49.4456,39.6553],[49.4882,39.7616],[49.5414,39.8786],[49.552,40.0914],[49.5733,40.1765],[49.669,40.2403],[49.8499,40.2722],[49.9137,40.3254],[50.0307,40.3467],[50.1264,40.3467],[50.3073,40.3254],[50.4668,40.2616],[50.4668,40.3254],[50.4243,40.4105],[50.3179,40.4956],[50.1902,40.5701],[50.0201,40.602],[49.8073,40.5807],[49.6585,40.659],[49.5404,40.5039],[47.8779,41.1677]]]},"properties":{"NAME":"Shirvan","SUBJECTO":"Shirvan","PARTOF":"Shirvan","BORDERPRECISION":1,"LINK":null}},
{"type":"Feature","geometry":{"type":"Polygon","coordinates":[[[63.6002,28.073],[62.857,28.4446],[61.928,29.7452],[56.5398,35.9386],[55.6108,35.9386],[54.8676,36.8057],[54.0674,36.9415],[53.9845,36.7819],[53.7997,36.679],[53.139,36.6435],[52.6022,36.5769],[51.9931,36.4589],[51.7955,36.4323],[51.417,36.4557],[50.561,36.6864],[50.2522,36.8948],[50.1113,37.0978],[50.0387,37.2247],[49.848,37.2682],[49.4758,37.2916],[49.0595,37.3976],[48.8372,37.511],[48.7448,37.727],[48.8092,37.9886],[48.8315,38.3063],[48.825,38.3096],[48.9882,38.7192],[48.9457,38.8362],[48.9989,38.8787],[49.0521,38.9319],[49.0201,39.0064],[49.0414,39.1447],[49.1159,39.1872],[49.1797,39.1447],[49.2223,39.0383],[49.2754,39.017],[49.3074,39.134],[49.3393,39.283],[49.3818,39.3255],[49.4882,39.2936],[49.4988,39.3787],[49.4031,39.4851],[49.4035,39.4867],[49.0746,39.4782],[48.9516,39.8031],[48.8945,39.954],[48.5343,40.0619],[48.3732,39.9666],[47.9393,39.6743],[47.8175,39.673],[46.5274,38.931],[46.5457,38.8943],[46.8225,38.3408],[46.9068,37.9194],[46.8225,37.6666],[45.5162,37.0345],[44.842,36.7816],[44.4627,36.8238],[42.0187,38.1301],[41.0074,38.3408],[39.6168,37.8351],[37.5942,37.1609],[37.3835,36.6131],[37.0263,35.7499],[38.3722,35.1409],[40.0291,34.391],[44.0832,30.337],[48.6172,25.687],[50.8573,23.8804],[51.5859,24.0032],[51.6064,24.2026],[51.5229,24.1607],[51.4542,24.2182],[51.2914,24.2814],[51.2878,24.4108],[51.412,24.6057],[51.5589,24.8157],[51.6062,24.9873],[51.5529,25.1015],[51.5391,25.4202],[51.5867,25.6091],[51.5345,25.7558],[51.5059,25.8453],[51.3888,25.8873],[51.3577,26.029],[51.217,26.0665],[51.0688,25.9455],[50.989,25.6721],[51.0154,25.5881],[50.9311,25.5386],[50.8473,25.2652],[50.8962,24.9096],[50.9649,24.7127],[50.9683,24.4362],[50.9074,24.4331],[50.7783,24.4709],[50.7059,24.5597],[50.6065,24.6802],[50.6189,24.8709],[50.4292,25.184],[50.3819,25.4612],[50.2143,25.5881],[50.1469,25.5356],[50.0114,25.8352],[49.9369,25.9558],[49.992,26.0448],[50.0762,26.3118],[49.9342,26.4831],[49.984,26.5957],[50.0902,26.6115],[50.1218,26.7376],[49.9314,26.9341],[49.5325,27.0095],[49.4273,27.131],[49.3216,27.1616],[49.2392,27.2885],[49.1519,27.3725],[49.2435,27.479],[49.1319,27.536],[48.855,27.5227],[48.8318,27.5735],[48.7517,27.8719],[48.5875,28.0939],[48.4627,28.3859],[48.4435,28.4402],[48.1291,29.2682],[47.9915,29.2775],[47.8036,29.1849],[47.614,29.2722],[47.8449,29.5032],[47.996,29.4903],[47.9359,29.8014],[47.9114,29.8903],[47.9572,29.9476],[48.0283,29.9731],[48.2118,29.9481],[48.5106,29.9932],[48.5536,29.9946],[48.7138,30],[48.8013,30.0827],[48.9457,30.3879],[49.0202,30.4326],[49.2222,30.4775],[49.2351,30.2234],[49.3214,30.1029],[49.4524,30.0777],[49.511,30.0207],[49.7178,30.0021],[50.1324,30.0664],[50.3598,29.7429],[50.7047,29.4006],[50.7025,29.1338],[50.7968,29.0133],[51.0823,28.512],[51.3501,28.0361],[51.6113,27.827],[51.6989,27.8145],[51.9616,27.7769],[52.4104,27.581],[52.6338,27.3146],[52.7799,27.1878],[52.8908,27.0523],[53.3807,26.9096],[53.6339,26.7479],[54.0649,26.7014],[54.6461,26.3913],[54.7599,26.4106],[54.9255,26.538],[55.0981,26.7374],[55.3401,26.7994],[55.4249,26.9631],[55.6576,26.9969],[55.8053,27.0051],[55.8997,27.1048],[56.0678,27.1122],[56.4309,27.1066],[56.6678,27.0499],[56.6836,26.9684],[56.7904,26.9739],[56.9291,26.7519],[56.935,26.4645],[57.0663,26.3075],[57.1124,26.0762],[57.2451,26.0185],[57.2548,25.7933],[57.328,25.7871],[57.4649,25.7048],[57.8051,25.6483],[57.9005,25.5409],[58.1096,25.5473],[58.3687,25.5479],[58.7444,25.536],[58.818,25.4789],[59.0315,25.3079],[59.3021,25.3402],[59.6546,25.3219],[60.2982,25.3232],[60.4796,25.2982],[60.7522,25.1844],[60.8583,25.0957],[61.344,25.0269],[61.57,25.0396],[61.8133,25.0533],[62.1383,25.1048],[62.4496,25.1626],[63.0181,25.1574],[63.4035,25.1646],[63.6503,25.3366],[64.0592,25.401],[64.1576,26.7724],[63.6002,28.073]]]},"properties":{"NAME":"Seljuk Empire","SUBJECTO":"Seljuk Empire","PARTOF":"Seljuk Empire","BORDERPRECISION":1,"LINK":null}},
{"type":"Feature","geometry":{"type":"Polygon","coordinates":[[[48.6486,41.904],[48.5004,41.9287],[48.4195,42.0905],[48.2217,42.2794],[47.9226,42.1649],[48.4076,41.6737],[48.6486,41.904]]]},"properties":{"NAME":"Derbent","SUBJECTO":"Derbent","PARTOF":"Derbent","BORDERPRECISION":1,"LINK":null}},
{"type":"Feature","geometry":{"type":"MultiPolygon","coordinates":[[[[15.6662,40.0919],[15.757,39.9336],[15.8247,39.6606],[15.9896,39.4284],[16.0826,39.0125],[16.1772,38.931],[16.2122,38.778],[16.1522,38.7013],[15.9898,38.7348],[15.8273,38.6227],[15.9335,38.5399],[15.7909,38.2964],[15.6266,38.2331],[15.6275,38.0042],[15.7102,37.9414],[15.7852,37.9097],[16.0529,37.9312],[16.3307,38.3207],[16.572,38.4571],[16.5222,38.725],[16.6133,38.8273],[16.7977,38.9259],[17.0947,38.915],[17.1807,39.0222],[17.121,39.086],[17.1074,39.2805],[17.1491,39.4218],[16.874,39.5437],[16.5321,39.6975],[16.535,39.8316],[16.6239,39.9678],[16.6044,40.0899],[16.7276,40.1836],[16.8441,40.3631],[16.9487,40.4811],[17.0841,40.5251],[17.2428,40.4958],[17.2042,40.3979],[17.4017,40.2919],[17.6191,40.2878],[17.8496,40.2435],[17.9677,40.1669],[18.0171,39.9479],[18.1601,39.8731],[18.3649,39.7467],[18.4337,39.8984],[18.5226,40.0941],[18.3836,40.3078],[18.0599,40.5135],[18.0339,40.5967],[17.3193,40.9293],[16.946,41.0938],[16.4203,41.2787],[15.991,41.4061],[15.8733,41.5021],[15.9891,41.6346],[16.1984,41.7457],[16.1874,41.8409],[16.0128,41.9043],[15.4486,41.8567],[15.598,41.0798],[15.7665,40.5741],[15.6662,40.0919]]],[[[22.4921,40.4983],[22.7013,40.5774],[22.77,40.6672],[22.8519,40.6513],[22.8755,40.5963],[22.8639,40.5352],[22.7481,40.4825],[22.9602,40.3147],[23.1411,40.2662],[23.2148,40.1818],[23.2763,40.0499],[23.2605,39.9709],[23.3744,39.9551],[23.5969,39.9341],[23.6386,39.9603],[23.5922,40.0025],[23.5233,40.0183],[23.4365,40.0447],[23.3668,40.1079],[23.321,40.1554],[23.2591,40.2292],[23.2931,40.2451],[23.2918,40.2873],[23.3491,40.282],[23.4425,40.2556],[23.5958,40.1923],[23.796,39.9867],[23.9066,39.9972],[23.9201,40.0552],[23.8687,40.1607],[23.8037,40.1554],[23.6517,40.2292],[23.6588,40.2873],[23.6272,40.3453],[23.7222,40.3482],[23.7748,40.3928],[23.9235,40.3453],[24.0478,40.3084],[24.0548,40.2609],[24.2206,40.1448],[24.2954,40.1765],[23.9237,40.4508],[23.7852,40.4772],[23.7091,40.63],[23.633,40.7132],[23.6347,40.7728],[23.7484,40.8044],[23.886,40.7329],[24.0252,40.7464],[24.2191,40.8297],[24.3543,40.971],[24.505,40.9841],[24.5191,40.8731],[24.7007,40.8783],[24.8121,40.9334],[25.0189,41.0171],[25.0463,40.9523],[25.3011,40.8959],[25.6357,40.8774],[25.9929,40.8525],[26.0207,40.6693],[26.124,40.6028],[26.4181,40.5778],[26.4548,40.5843],[26.5565,40.4983],[26.4575,40.435],[26.1948,40.3031],[26.2228,40.224],[26.2143,40.1607],[26.1409,40.0447],[26.2552,40.0816],[26.3759,40.2134],[26.5139,40.282],[26.6136,40.398],[26.8889,40.5247],[27.2638,40.6672],[27.313,40.7899],[27.4742,40.9628],[27.9322,40.9575],[28.0264,41.0262],[28.1733,41.0579],[28.5962,40.947],[28.8278,40.9147],[28.9645,40.9892],[29.0811,41.2005],[29.0124,41.2548],[28.7402,41.3248],[28.3715,41.4331],[28.1044,41.593],[28.0698,41.625],[28.0182,41.7532],[28.0262,41.8824],[27.918,41.9777],[27.9134,42.0781],[27.7377,42.247],[27.7225,42.3162],[27.6079,42.4168],[27.4947,42.4009],[23.7307,42.1754],[23.2672,42.0489],[22.4921,40.4983]]],[[[20.0908,39.6025],[20.1224,39.551],[20.2118,39.4049],[20.6778,39.0804],[20.9011,39.0617],[21.0072,39.113],[21.1595,39.0048],[21.1047,38.9218],[21.0065,38.8705],[20.8926,38.8958],[20.7718,38.8509],[21.1724,38.3478],[21.3645,38.412],[21.6613,38.4381],[21.8265,38.464],[22.3337,38.4267],[22.8756,38.2046],[22.9967,38.1793],[23.1163,38.1574],[22.8987,37.9976],[22.7472,37.9526],[21.9967,38.2508],[21.9058,38.2697],[21.7145,38.1354],[21.4405,38.1795],[21.2284,37.9049],[21.2211,37.8284],[21.2963,37.7265],[21.5173,37.5358],[21.6137,37.4148],[21.6265,37.3065],[21.5314,37.1151],[21.5882,36.9814],[21.7809,36.8225],[21.9842,37.0205],[22.1914,36.8552],[22.3903,36.5244],[22.5244,36.7221],[22.6736,36.7543],[22.9826,36.6148],[22.8869,37.0467],[22.7931,37.1386],[22.8133,37.2121],[22.7262,37.2885],[22.6387,37.4923],[22.6423,37.5849],[22.7133,37.5434],[22.9421,37.5184],[23.0253,37.4798],[22.971,37.3853],[23.1096,37.3466],[23.1858,37.3748],[23.185,37.4273],[23.4181,37.4693],[23.3122,37.5481],[23.3217,37.6374],[23.2205,37.6018],[23.1514,37.5901],[23.0489,37.6426],[23.0454,37.7736],[23.04,37.858],[22.8981,37.9],[22.9806,37.9578],[23.1958,38.005],[23.4193,38.0681],[23.4957,38.0681],[23.5407,38.0041],[23.6341,37.879],[23.7337,37.8579],[23.8355,37.6846],[23.9182,37.6846],[23.9873,37.7634],[23.88,38.1154],[23.967,38.1521],[23.9607,38.2099],[23.8039,38.3465],[23.6828,38.3465],[23.5558,38.3518],[23.4938,38.4831],[23.3562,38.4895],[23.191,38.6103],[23.1695,38.667],[23.0998,38.6723],[22.9842,38.667],[22.8994,38.7669],[22.7233,38.7932],[22.6023,38.8562],[22.4905,38.8769],[22.7842,38.9403],[22.8711,39.0243],[22.8349,39.1664],[22.7661,39.2028],[22.7203,39.2873],[22.8509,39.3661],[22.919,39.3451],[22.9813,39.3293],[23.0453,39.2715],[23.0998,39.1874],[23.0519,39.1033],[23.1585,39.1401],[23.2361,39.2032],[23.0742,39.4135],[22.8134,39.6027],[22.7545,39.8183],[22.6951,39.8345],[21.5816,39.6892],[20.0908,39.6025]]],[[[24.6935,34.9405],[25.5907,35.0164],[25.7417,35.0089],[25.8987,35.0453],[26.1605,35.0243],[26.2427,35.1449],[26.236,35.2288],[26.2735,35.3127],[26.1688,35.2471],[26.0994,35.2156],[26.0642,35.2392],[25.9355,35.213],[25.789,35.137],[25.7418,35.137],[25.6685,35.1868],[25.7135,35.327],[25.6732,35.3494],[25.5116,35.2948],[25.374,35.3179],[25.1001,35.3467],[25.0136,35.3625],[24.9975,35.421],[24.7686,35.428],[24.3883,35.373],[24.2296,35.3913],[24.2197,35.449],[24.1777,35.47],[24.1132,35.4857],[24.0733,35.4962],[24.0915,35.5198],[24.1358,35.5224],[24.1527,35.5644],[24.0819,35.6116],[24.0333,35.5985],[24.039,35.5618],[23.9568,35.5277],[23.8795,35.5524],[23.7429,35.5618],[23.7337,35.6273],[23.6967,35.6981],[23.6651,35.6667],[23.6691,35.6116],[23.6715,35.5722],[23.5294,35.5696],[23.4669,35.3179],[23.5131,35.276],[23.5677,35.255],[23.7856,35.2629],[24.0132,35.2104],[24.3244,35.2078],[24.6901,35.0924],[24.7156,35.0348],[24.6935,34.9405]]]]},"properties":{"NAME":"Byzantine Empire","SUBJECTO":"Byzantine Empire","PARTOF":"Byzantine Empire","BORDERPRECISION":1,"LINK":null}},
{"type":"Feature","geometry":{"type":"Polygon","coordinates":[[[46.4142,42.0723],[46.8206,41.7434],[47.9226,42.1649],[47.4798,42.5947],[46.4142,42.0723]]]},"properties":{"NAME":"Khundzi","SUBJECTO":"Khundzi","PARTOF":"Khundzi","BORDERPRECISION":1,"LINK":null}},
{"type":"Feature","geometry":{"type":"Polygon","coordinates":[[[44.8115,41.3498],[44.7822,41.3031],[44.552,40.9359],[44.4748,40.8127],[44.5882,40.7841],[45.6257,40.5218],[45.8644,40.3906],[46.5496,40.014],[46.7845,40.4503],[46.4948,40.5931],[46.1111,41.008],[45.7737,41.0979],[45.5545,41.1563],[45.336,41.2145],[44.8912,41.3292],[44.8115,41.3498]]]},"properties":{"NAME":"Tashir","SUBJECTO":"Tashir","PARTOF":"Tashir","BORDERPRECISION":1,"LINK":null}},
{"type":"Feature","geometry":{"type":"Polygon","coordinates":[[[46.8725,40.856],[46.8158,40.8779],[46.53,40.9312],[46.5342,40.9428],[46.4243,40.9341],[46.4752,40.7772],[46.4948,40.5931],[46.7845,40.4503],[46.8587,40.4479],[47.0624,40.4414],[47.129,39.6653],[47.8175,39.673],[47.9393,39.6743],[48.3732,39.9666],[48.3387,39.9461],[48.0802,40.0709],[46.8738,40.847],[46.8725,40.856]]]},"properties":{"NAME":"Arran","SUBJECTO":"Arran","PARTOF":"Arran","BORDERPRECISION":1,"LINK":null}},
{"type":"Feature","geometry":{"type":"Polygon","coordinates":[[[47.8175,39.673],[47.129,39.6653],[47.0624,40.4414],[46.8587,40.4479],[46.7845,40.4503],[46.5496,40.014],[45.8644,40.3906],[46.1483,39.6892],[46.5125,38.9607],[46.5274,38.931],[47.8175,39.673]]]},"properties":{"NAME":"Artsakh","SUBJECTO":"Artsakh","PARTOF":"Artsakh","BORDERPRECISION":1,"LINK":null}},
{"type":"Feature","geometry":{"type":"Polygon","coordinates":[[[47.4798,42.5947],[47.0991,42.9642],[45.9389,42.4569],[45.9792,42.4243],[46.2215,42.2282],[46.4142,42.0723],[47.4798,42.5947]]]},"properties":{"NAME":"Durdzuks","SUBJECTO":"Durdzuks","PARTOF":"Durdzuks","BORDERPRECISION":1,"LINK":null}},
{"type":"Feature","geometry":{"type":"Polygon","coordinates":[[[48.4076,41.6737],[47.9226,42.1649],[46.8206,41.7434],[46.7718,41.7247],[47.745,41.1627],[47.8493,41.1791],[47.8779,41.1677],[48.4076,41.6737]]]},"properties":{"NAME":"Leks","SUBJECTO":"Leks","PARTOF":"Leks","BORDERPRECISION":1,"LINK":null}},
{"type":"Feature","geometry":{"type":"Polygon","coordinates":[[[47.745,41.1627],[46.7718,41.7247],[46.8206,41.7434],[46.4142,42.0723],[46.2215,42.2282],[45.8684,42.0629],[45.8323,41.6951],[45.7737,41.0979],[46.1111,41.008],[46.4948,40.5931],[46.4752,40.7772],[46.4243,40.9341],[46.5342,40.9428],[46.5731,41.0494],[46.8119,40.9578],[46.8612,40.9353],[46.8489,41.0214],[47.745,41.1627]]]},"properties":{"NAME":"Kakheti-Hereti","SUBJECTO":"Kakheti-Hereti","PARTOF":"Kakheti-Hereti","BORDERPRECISION":1,"LINK":null}},
{"type":"Feature","geometry":{"type":"Polygon","coordinates":[[[45.7737,41.0979],[45.8323,41.6951],[45.515,41.7081],[45.4319,41.459],[44.8912,41.3292],[45.336,41.2145],[45.5545,41.1563],[45.7737,41.0979]]]},"properties":{"NAME":"Emirate of Tiflis","SUBJECTO":"Emirate of Tiflis","PARTOF":"Emirate of Tiflis","BORDERPRECISION":1,"LINK":null}},
{"type":"Feature","geometry":{"type":"Polygon","coordinates":[[[47.0991,42.9642],[46.0642,43.9689],[42.4,44.306],[42.4784,43.1332],[43.0577,43.0262],[43.6254,42.8163],[45.2598,42.4385],[45.294,42.3698],[45.9792,42.4243],[45.9389,42.4569],[47.0991,42.9642]]]},"properties":{"NAME":"Alans","SUBJECTO":"Alans","PARTOF":"Alans","BORDERPRECISION":1,"LINK":null}},
{"type":"Feature","geometry":{"type":"Polygon","coordinates":[[[42.6711,40.6593],[42.6929,40.7005],[43.325,40.9533],[44.0293,41.1224],[44.552,40.9359],[44.7822,41.3031],[44.8115,41.3498],[44.8912,41.3292],[45.4319,41.459],[45.515,41.7081],[45.8323,41.6951],[45.8684,42.0629],[46.2215,42.2282],[45.9792,42.4243],[45.294,42.3698],[45.2598,42.4385],[43.6254,42.8163],[43.0577,43.0262],[42.4784,43.1332],[41.39,43.3345],[39.7379,43.634],[40.0981,43.3776],[40.2516,43.2682],[40.5571,43.1466],[40.9693,43.0767],[41.1226,43.0191],[41.4097,42.7882],[41.5027,42.6085],[41.6518,42.1206],[41.6805,41.7933],[41.6661,41.7292],[41.5211,41.4658],[41.5163,41.462],[42.6711,40.6593]]]},"properties":{"NAME":"Kingdom of Georgia","SUBJECTO":"Kingdom of Georgia","PARTOF":"Kingdom of Georgia","BORDERPRECISION":1,"LINK":null}},
{"type":"Feature","geometry":{"type":"Polygon","coordinates":[[[44.6548,39.738],[45.5474,38.92],[46.026,38.8206],[45.5396,39.5477],[44.6548,39.738]]]},"properties":{"NAME":"Goghtn","SUBJECTO":"Goghtn","PARTOF":"Goghtn","BORDERPRECISION":1,"LINK":null}},
{"type":"Feature","geometry":{"type":"Polygon","coordinates":[[[41.0074,38.3408],[42.0187,38.1301],[44.4627,36.8238],[44.842,36.7816],[45.5162,37.0345],[46.8225,37.6666],[46.9068,37.9194],[46.8225,38.3408],[46.5457,38.8943],[46.5274,38.931],[46.5125,38.9607],[46.2459,38.7749],[46.026,38.8206],[45.5474,38.92],[44.6548,39.738],[44.5239,39.8579],[44.5882,40.7841],[44.4748,40.8127],[44.552,40.9359],[44.0293,41.1224],[43.325,40.9533],[42.6929,40.7005],[42.6711,40.6593],[42.3137,39.9842],[42.0187,39.1835],[41.808,38.6779],[41.0074,38.3408]],[[45.4475,37.9324],[45.4359,37.8062],[45.4832,37.7536],[45.5461,37.7543],[45.6663,37.7419],[45.7467,37.7012],[45.7487,37.6625],[45.755,37.5777],[45.8577,37.4265],[45.8312,37.3405],[45.7026,37.303],[45.6628,37.2881],[45.6125,37.2117],[45.5355,37.1349],[45.4485,37.1495],[45.3646,37.2266],[45.2925,37.438],[45.2571,37.6154],[45.2532,37.685],[45.2342,37.7637],[45.087,37.8854],[45.0803,37.9876],[45.1555,38.0445],[45.1882,38.1079],[45.1712,38.1438],[45.0918,38.14],[45.0154,38.1444],[45.026,38.1927],[45.1056,38.2643],[45.3569,38.2643],[45.4584,38.1734],[45.4873,38.0729],[45.4475,37.9324]],[[43.2346,38.4072],[43.1477,38.3366],[43.0877,38.3261],[42.9887,38.3456],[42.9228,38.39],[42.9116,38.4261],[42.8822,38.4768],[42.8564,38.4837],[42.781,38.4586],[42.6833,38.4565],[42.5861,38.4816],[42.5385,38.4897],[42.3531,38.4998],[42.3646,38.5485],[42.434,38.6105],[42.4584,38.6428],[42.458,38.6922],[42.526,38.7452],[42.7229,38.7821],[42.845,38.794],[42.9348,38.7942],[43.0794,38.8093],[43.1628,38.8462],[43.1588,38.869],[43.1265,38.8818],[43.0876,38.8814],[43.0752,38.9161],[43.1521,38.9476],[43.285,38.9636],[43.4359,38.9878],[43.5602,38.9776],[43.6107,38.947],[43.5311,38.8975],[43.3828,38.8361],[43.2919,38.8128],[43.21,38.7159],[43.1864,38.6031],[43.2871,38.548],[43.3184,38.4887],[43.2346,38.4072]]]},"properties":{"NAME":"Armenia","SUBJECTO":"Byzantine Empire","PARTOF":"Armenia","BORDERPRECISION":1,"LINK":null}},
{"type":"Feature","geometry":{"type":"Polygon","coordinates":[[[44.5882,40.7841],[44.5239,39.8579],[44.6548,39.738],[45.5396,39.5477],[46.026,38.8206],[46.2459,38.7749],[46.5125,38.9607],[46.1483,39.6892],[45.8644,40.3906],[45.6257,40.5218],[44.5882,40.7841]],[[45.1533,40.4036],[45.1246,40.4282],[45.0953,40.4611],[45.0398,40.4905],[44.9896,40.515],[44.9723,40.5423],[44.9889,40.5823],[44.9862,40.6116],[45.0146,40.6144],[45.0953,40.5903],[45.2417,40.5102],[45.3108,40.4883],[45.3729,40.4792],[45.437,40.4352],[45.5367,40.3647],[45.602,40.3183],[45.6362,40.2787],[45.6558,40.2427],[45.6592,40.2154],[45.6514,40.195],[45.6076,40.1722],[45.5432,40.1555],[45.4807,40.156],[45.3888,40.1514],[45.3127,40.1488],[45.2759,40.1638],[45.2484,40.1975],[45.2183,40.2959],[45.1835,40.3853],[45.1533,40.4036]]]},"properties":{"NAME":"Syunik","SUBJECTO":"Syunik","PARTOF":"Syunik","BORDERPRECISION":1,"LINK":null}},
{"type":"Feature","geometry":{"type":"Polygon","coordinates":[[[105.9424,41.3683],[98.8182,55.4294],[93.7,56.4846],[78.3622,56.4102],[65.3116,55.0466],[59.19,56.4102],[59.0943,56.4318],[59.0001,56.4531],[55.7091,57.1977],[54.1821,52.2784],[51.6867,52.0473],[46.2235,52.5649],[45.3793,52.8491],[43.2667,54.003],[43.249,54.0474],[41.4181,53.2987],[37.8988,54.0337],[37.8398,53.9838],[37.7583,53.1686],[37.0654,53.1686],[36.6578,51.9458],[36.2094,51.7827],[33.3782,49.0484],[35.1974,48.4681],[35.2268,47.5653],[34.1704,47.5058],[33.789,47.048],[32.9674,47.028],[33.1141,46.5659],[32.5164,46.1256],[32.9729,46.1459],[33.3325,46.1661],[33.5279,46.1341],[33.6388,45.9268],[33.5395,45.8747],[33.1916,45.7898],[32.9023,45.6726],[32.5032,45.4451],[32.5753,45.3611],[32.6434,45.3806],[32.9263,45.3877],[33.0135,45.3814],[33.3979,45.2527],[33.5167,45.1235],[33.5594,44.9361],[33.4595,44.7316],[34.2914,44.6823],[34.3722,44.7572],[34.6142,44.8415],[35.0673,44.8617],[35.3867,45.0819],[35.5996,45.1017],[35.7935,45.0502],[35.8484,45.4449],[35.5462,45.3799],[35.3167,45.3212],[35.0634,45.3401],[34.99,45.45],[35.0319,45.5343],[35.0081,45.6119],[34.1273,46.0639],[33.8391,46.1931],[34.0642,46.2649],[34.4957,46.2787],[34.6923,46.2531],[34.9068,46.273],[35.0464,46.3577],[35.2124,46.6371],[35.4161,46.4947],[35.6243,46.5211],[35.8506,46.6644],[36.354,46.7758],[36.8646,46.8093],[37.1926,46.8944],[37.4221,47.0769],[37.8593,47.1037],[38.2097,47.1505],[38.8002,47.2292],[39.1599,47.2689],[39.1941,47.243],[39.2824,47.074],[38.7227,46.8779],[38.4011,46.7214],[38.0319,46.6687],[37.8666,46.6554],[37.7571,46.6032],[37.9702,46.4413],[38.2649,46.3186],[38.459,46.0789],[38.3324,46.0468],[39.7602,45.4347],[39.1215,44.0718],[39.4587,43.8329],[39.7379,43.634],[41.39,43.3345],[42.4784,43.1332],[42.4,44.306],[46.0642,43.9689],[47.0991,42.9642],[47.4798,42.5947],[47.9226,42.1649],[48.2217,42.2794],[48.1318,42.4053],[47.9699,42.5941],[47.844,42.6211],[47.7901,42.8548],[47.7361,42.8998],[47.5653,43.0077],[47.5833,43.1875],[47.6552,43.2775],[47.6013,43.3224],[47.5743,43.5023],[47.6732,43.6641],[47.7361,43.8619],[47.6642,43.8529],[47.6103,43.754],[47.5653,43.6012],[47.5203,43.5113],[47.4934,43.5832],[47.5383,43.6731],[47.5653,43.844],[47.4394,44.0328],[47.3315,44.1856],[47.2236,44.2036],[47.1427,44.3385],[46.9988,44.3565],[46.8459,44.4464],[46.81,44.5363],[46.8729,44.6802],[47.0258,44.7881],[47.1697,44.86],[47.2506,44.9859],[47.3945,45.1748],[47.4754,45.3186],[47.5563,45.4535],[47.6552,45.5434],[47.6013,45.6603],[47.6282,45.7322],[47.6732,45.7502],[47.7541,45.7143],[47.871,45.6783],[48.0149,45.7143],[48.3026,45.7682],[48.4825,45.8851],[48.6353,45.975],[48.7702,45.8851],[48.8331,45.9211],[48.8331,46.02],[48.8331,46.0829],[48.8871,46.0829],[49.0579,46.1369],[49.2378,46.2628],[49.3132,46.3527],[49.4086,46.4336],[49.5345,46.5415],[49.7233,46.5325],[49.9481,46.5595],[50.2718,46.6854],[50.6315,46.9102],[50.8204,46.9192],[51.1171,47.063],[51.3689,47.09],[51.6746,47.0361],[51.7915,47.0091],[51.9353,46.8922],[52.1422,46.8382],[52.3759,46.8742],[52.4659,46.9102],[52.5558,46.9821],[52.8615,46.9372],[53.0234,46.9192],[53.1852,46.8652],[53.2302,46.7303],[53.256,46.7046],[57.4192,49.0489],[59.654,45.91],[59.6555,45.9142],[59.7058,46.0221],[59.6777,46.1369],[59.5717,46.2586],[59.5227,46.3272],[59.5308,46.3427],[59.5488,46.3448],[59.577,46.3335],[59.6988,46.3313],[59.7494,46.3221],[59.7789,46.3015],[59.8008,46.2545],[59.8154,46.1814],[59.8108,46.1261],[59.7874,46.0885],[59.8049,46.0713],[59.8635,46.0745],[60.0287,46.123],[60.1043,46.1286],[60.1647,46.1083],[60.2379,46.0998],[60.3235,46.1028],[60.6512,46.071],[60.685,46.0784],[60.7283,46.1013],[60.8119,46.1687],[60.8241,46.2134],[60.8226,46.2432],[60.7498,46.3537],[60.7283,46.4023],[60.7109,46.4076],[60.696,46.4007],[60.6834,46.3814],[60.6075,46.349],[60.5834,46.3265],[60.5478,46.3226],[60.4498,46.365],[60.3953,46.4056],[60.3029,46.4139],[60.1729,46.3899],[60.0787,46.4018],[60.0207,46.4494],[59.9977,46.5024],[60.0092,46.5606],[60.073,46.6188],[60.1891,46.6768],[60.2705,46.6997],[60.3174,46.6875],[60.3594,46.6353],[60.3963,46.5431],[60.4297,46.5289],[60.4596,46.5928],[60.5012,46.6118],[60.5546,46.5856],[60.6045,46.5781],[60.6512,46.5891],[60.7257,46.6258],[60.728,46.676],[60.6378,46.7208],[60.5852,46.7548],[60.5702,46.7779],[60.623,46.7813],[60.7439,46.765],[60.7973,46.7155],[60.7831,46.6327],[60.7994,46.569],[60.8462,46.5244],[60.9381,46.4898],[61.0751,46.4655],[61.1717,46.4565],[61.2279,46.4628],[61.2645,46.4465],[61.2815,46.4073],[61.2678,46.3485],[61.2232,46.27],[61.1774,46.2305],[61.1305,46.2298],[60.8779,46.1374],[60.8351,46.1318],[60.7795,46.1021],[60.7295,46.0508],[60.6597,46.0075],[60.5702,45.972],[60.5025,45.9268],[60.4569,45.8719],[60.4169,45.8483],[60.316,45.8632],[59.9354,45.92],[59.8826,45.9206],[59.8473,45.9147],[59.8293,45.9023],[59.8326,45.8859],[59.8416,45.8697],[59.842,45.8579],[59.8233,45.835],[59.8184,45.7958],[59.806,45.7845],[59.7927,45.7779],[59.7821,45.7643],[59.775,45.7401],[59.8112,45.6892],[85.2046,40.7712],[85.233,40.9984],[85.9461,41.4059],[88.1876,41.4059],[91.346,42.1191],[92.2629,42.1191],[96.2364,41.5078],[98.9872,41.8134],[101.4324,41.2021],[103.0626,41.2021],[105.9424,41.3683]],[[42.4304,47.5752],[42.3277,47.3172],[41.6822,47.4166],[41.7335,47.6493],[42.1003,47.7234],[42.4304,47.5752]]]},"properties":{"NAME":"Cuman-Kipchak confederation","SUBJECTO":"","PARTOF":"","BORDERPRECISION":1,"LINK":null}},
{"type":"Feature","geometry":{"type":"Polygon","coordinates":[[[124.1108,39.8754],[124.1339,39.8431],[124.209,39.7383],[124.4428,39.573],[124.5481,39.5413],[124.6884,39.6054],[124.86,39.6185],[124.9223,39.6186],[125.2065,39.4853],[125.2961,39.3643],[125.2109,39.2112],[125.0279,38.8156],[125.2937,38.6887],[125.2686,38.5676],[124.9294,38.4649],[124.7362,38.2798],[124.6937,38.1395],[124.7697,37.9359],[125.077,37.7709],[125.1816,37.6564],[125.2694,37.4847],[125.5617,37.8355],[125.7412,37.785],[125.909,37.5115],[126.0525,37.6009],[126.2097,37.7541],[126.3304,37.6614],[126.3717,37.6298],[126.3642,37.7203],[126.3667,37.7847],[126.368,37.7903],[126.3969,37.8167],[126.4005,37.8189],[126.4203,37.8219],[126.428,37.8211],[126.4336,37.8181],[126.438,37.8144],[126.4436,37.8063],[126.4952,37.7797],[126.5005,37.7767],[126.5105,37.77],[126.5139,37.7658],[126.5161,37.7611],[126.5172,37.7558],[126.5214,37.7317],[126.5321,37.7307],[126.5328,37.7625],[126.5467,37.7636],[126.6414,37.7606],[126.6805,37.6844],[126.6885,37.8339],[126.7278,37.9525],[126.7455,37.9578],[126.7667,37.9683],[126.7803,37.9789],[126.8072,38.0005],[126.8244,38.0161],[126.9353,38.1286],[126.9551,38.1544],[126.9669,38.1831],[126.9728,38.1942],[126.9828,38.2094],[126.9905,38.218],[127.0058,38.2292],[127.0422,38.2461],[127.058,38.2539],[127.068,38.26],[127.0958,38.2808],[127.1061,38.2875],[127.1278,38.2972],[127.1339,38.2992],[127.1975,38.3119],[127.2514,38.3189],[127.3664,38.3233],[127.4508,38.3125],[127.5375,38.3075],[127.6619,38.3192],[127.6761,38.3203],[127.8853,38.3136],[127.9714,38.3083],[127.988,38.3061],[128.0105,38.3055],[128.0547,38.3067],[128.08,38.3119],[128.1342,38.3283],[128.14,38.3303],[128.1508,38.3353],[128.1661,38.3439],[128.1761,38.35],[128.2008,38.3655],[128.225,38.3817],[128.2436,38.3953],[128.2605,38.4117],[128.2696,38.4205],[128.1441,38.5346],[127.956,38.6941],[127.4046,39.0753],[127.2769,39.2217],[127.4408,39.6237],[127.5524,39.7642],[127.6715,39.8664],[127.9313,39.9562],[128.2362,39.9696],[128.4466,40.0659],[128.791,40.3543],[129.0148,40.5275],[129.177,40.6302],[129.4778,40.682],[129.5614,41.0727],[129.6311,41.2778],[129.5907,41.4699],[129.6413,41.6558],[129.8247,41.8614],[124.1108,39.8754]]]},"properties":{"NAME":"Korea","SUBJECTO":"Korea","PARTOF":"Korea","BORDERPRECISION":1,"LINK":null}},
{"type":"Feature","geometry":{"type":"Polygon","coordinates":[[[-24.2189,65.5337],[-24.1469,65.4393],[-23.6785,65.3167],[-23.3742,65.3536],[-23.1832,65.4266],[-22.8137,65.4709],[-22.3616,65.4499],[-22.1465,65.3849],[-21.9548,65.378],[-21.7938,65.2985],[-21.7289,65.1825],[-21.8092,65.0374],[-21.9783,64.9503],[-22.4503,64.9062],[-22.7784,64.8552],[-23.1356,64.8473],[-23.4367,64.8036],[-23.6112,64.7457],[-23.6746,64.6593],[-23.5083,64.559],[-23.2575,64.5738],[-22.5536,64.6255],[-22.3924,64.6617],[-22.2786,64.6188],[-22.0862,64.4396],[-21.8567,64.3826],[-21.4885,64.3761],[-21.8041,64.1104],[-22.3113,63.952],[-22.5066,63.8658],[-22.3729,63.7732],[-21.5475,63.7176],[-21.0791,63.7113],[-20.8799,63.7403],[-20.4039,63.6983],[-19.8267,63.4783],[-19.5531,63.4147],[-18.9608,63.3375],[-18.6419,63.3238],[-18.1569,63.3675],[-17.9441,63.4248],[-17.5915,63.6893],[-17.2444,63.7328],[-16.9175,63.7334],[-16.5338,63.7841],[-15.8765,63.9927],[-15.6341,64.0575],[-15.2665,64.2802],[-15.0768,64.2089],[-14.8212,64.195],[-14.5975,64.2671],[-14.3659,64.4756],[-14.3481,64.6695],[-14.2603,64.7128],[-13.8934,64.7207],[-13.6942,64.7786],[-13.6258,64.8939],[-13.5574,65.0094],[-13.5256,65.1833],[-13.5898,65.43],[-13.6469,65.4953],[-14.4001,65.5667],[-14.7541,65.6971],[-14.6407,65.9453],[-14.7633,66.0547],[-15.0708,66.0614],[-15.574,66.2068],[-15.8599,66.4187],[-16.3852,66.4544],[-16.3757,66.1321],[-16.568,66.0293],[-16.9221,65.9776],[-17.5697,66.0129],[-18.0225,66.0778],[-17.861,65.8371],[-17.8838,65.7568],[-18.1279,65.7855],[-18.369,65.8945],[-18.6763,66.0912],[-19.0441,66.0174],[-19.1654,66.0026],[-19.2745,65.9293],[-19.1559,65.7253],[-19.2392,65.6668],[-19.336,65.6739],[-19.556,65.7683],[-19.7477,65.9065],[-19.9733,66.1107],[-20.2174,66.0006],[-20.1413,65.6506],[-20.1684,65.5559],[-20.3889,65.4755],[-20.6725,65.424],[-20.8306,65.3656],[-21.0797,65.2054],[-21.4947,65.568],[-21.2962,65.6994],[-21.2425,65.8818],[-21.4432,66.1299],[-21.7791,66.2537],[-22.2098,66.2896],[-22.6764,66.3913],[-22.8411,66.281],[-22.5601,66.1132],[-22.4741,65.9964],[-22.6093,65.9231],[-22.9109,65.9444],[-23.3411,66.1337],[-23.4656,66.1334],[-23.6083,65.9796],[-23.4261,65.8267],[-23.267,65.7249],[-23.5705,65.6806],[-23.9726,65.6871],[-24.1615,65.6066],[-24.2189,65.5337]]]},"properties":{"NAME":"Icelandic Commonwealth","SUBJECTO":"Icelandic Commonwealth","PARTOF":"Icelandic Commonwealth","BORDERPRECISION":1,"LINK":null}},
{"type":"Feature","geometry":{"type":"Polygon","coordinates":[[[13.7605,41.2067],[13.8132,41.3183],[13.9792,41.3349],[13.9958,41.3515],[14.029,41.4013],[13.9626,41.4677],[13.9626,41.5176],[13.9294,41.6338],[13.8796,41.6338],[13.8796,41.667],[13.9294,41.75],[13.863,41.7832],[13.863,41.75],[13.6471,41.7998],[13.6471,41.75],[13.5973,41.7998],[13.5691,41.8564],[13.5641,41.8662],[13.6305,41.9327],[13.6305,42.0157],[13.5807,42.0489],[13.5807,42.0987],[13.4147,42.1983],[13.4645,42.2315],[13.4147,42.3644],[13.5475,42.4308],[13.6305,42.5304],[13.7136,42.3976],[13.7634,42.464],[13.8298,42.4806],[13.8298,42.5636],[13.9294,42.5304],[13.9958,42.6134],[14.0764,42.6338],[13.9151,42.8728],[13.7916,43.1233],[13.7316,43.3742],[13.6009,43.5348],[12.6972,43.9348],[12.3022,43.344],[12.3022,43.2776],[12.2192,43.2278],[12.1528,43.0617],[12.1694,42.9123],[12.186,42.9123],[12.1528,42.6965],[12.1694,42.63],[12.1297,42.596],[12.0531,42.5304],[12.0697,42.298],[12.0033,42.2481],[12.0199,42.0987],[11.9601,42.0074],[11.9634,42.0047],[12.3948,41.7295],[12.6415,41.5311],[12.9768,41.3714],[13.2714,41.3142],[13.4984,41.3019],[13.7605,41.2067]]]},"properties":{"NAME":"Papal States","SUBJECTO":"Papal States","PARTOF":"Papal States","BORDERPRECISION":1,"LINK":null}},
{"type":"Feature","geometry":{"type":"Polygon","coordinates":[[[16.804,44.0962],[16.7015,43.8467],[16.7115,43.7713],[16.6398,43.3897],[16.9923,43.3227],[17.0751,43.2228],[17.2942,43.0825],[17.3041,43.0762],[17.548,42.9201],[17.5691,42.9063],[17.5957,42.8889],[17.6464,42.8646],[17.7307,42.8242],[18.0014,42.6945],[18.2487,42.5274],[18.5136,42.3621],[18.5144,42.3616],[18.5286,42.3527],[18.9099,42.2178],[19.1355,41.9995],[19.1402,41.9578],[19.143,41.9321],[19.2633,41.889],[19.3385,41.862],[19.3422,41.86],[19.3677,41.8464],[19.4579,41.7981],[19.5203,41.7828],[19.8796,42.1397],[18.8997,42.4816],[18.8887,44.4708],[16.8173,44.8202],[16.857,44.3426],[16.8651,44.2447],[16.804,44.0962]]]},"properties":{"NAME":"Serbia","SUBJECTO":"Serbia","PARTOF":"Serbia","BORDERPRECISION":1,"LINK":null}},
{"type":"Feature","geometry":null,"properties":{"NAME":"Palas","SUBJECTO":"Palas","PARTOF":"Palas","BORDERPRECISION":1,"LINK":null}},
{"type":"Feature","geometry":null,"properties":{"NAME":"Palas","SUBJECTO":"Palas","PARTOF":"Palas","BORDERPRECISION":1,"LINK":null}},
{"type":"Feature","geometry":null,"properties":{"NAME":"Palas","SUBJECTO":"Palas","PARTOF":"Palas","BORDERPRECISION":1,"LINK":null}},
{"type":"Feature","geometry":{"type":"Polygon","coordinates":[[[86.6324,20.2037],[86.4792,20.0876],[86.6324,20.2036],[86.6379,20.3191],[86.7638,20.4561],[86.6379,20.3191],[86.6324,20.2037]]]},"properties":{"NAME":"Palas","SUBJECTO":"Palas","PARTOF":"Palas","BORDERPRECISION":1,"LINK":null}},
{"type":"Feature","geometry":{"type":"Polygon","coordinates":[[[80.4598,15.7731],[80.736,15.8373],[80.9631,15.7234],[81.0879,15.8268],[81.2531,16.2259],[81.3691,16.3469],[81.5968,16.3029],[81.789,16.3287],[82.0814,16.4627],[82.2215,16.6316],[82.2346,16.6473],[82.2674,16.857],[82.354,17.0859],[82.5464,17.2261],[82.7496,17.3345],[82.8461,17.3834],[83.077,17.5004],[83.3814,17.7107],[83.6847,18.0834],[83.9136,18.1771],[83.8888,18.191],[79.2814,20.7644],[78.8427,20.7644],[73.1114,20.7644],[73.1097,20.6873],[72.8644,20.312],[72.7595,20.0576],[72.7825,19.9497],[72.8534,19.2447],[72.9761,18.5386],[73.0642,18.0317],[73.1847,17.5173],[73.3957,16.6164],[73.4093,16.5585],[73.4942,16.288],[73.5081,16.244],[73.5727,16.0379],[73.8414,15.3905],[74.0322,15.0588],[74.1531,14.8495],[74.3771,14.4619],[74.4015,14.4196],[74.4214,14.3755],[74.703,13.7513],[74.7336,13.6834],[74.7776,13.5279],[74.9617,12.877],[75.2109,12.1024],[75.4399,11.7498],[76.6747,13.286],[78.203,14.8143],[80.4598,15.7731]]]},"properties":{"NAME":"Western Chalukyas","SUBJECTO":"Western Chalukyas","PARTOF":"Western Chalukyas","BORDERPRECISION":1,"LINK":null}},
{"type":"Feature","geometry":{"type":"Polygon","coordinates":[[[84.8131,22.2944],[84.7268,21.9058],[84.7268,20.8855],[85.3791,19.6054],[85.7148,19.6977],[85.8615,19.7172],[85.909,19.7235],[85.9093,19.7237],[86.1192,19.8065],[86.3856,20.0167],[86.4792,20.0876],[86.6324,20.2037],[86.6379,20.3191],[86.7638,20.4561],[86.7752,20.4686],[86.7827,20.4796],[86.9261,20.6913],[86.8743,20.8077],[86.8442,20.8753],[86.8426,20.884],[86.7962,21.1357],[86.8025,21.1498],[86.8187,21.1865],[86.9372,21.2884],[87.1942,21.3843],[87.5125,21.5117],[87.6407,21.5631],[87.8675,21.697],[87.9771,21.8398],[88.053,21.9387],[88.1079,21.8778],[88.1216,21.8627],[88.2479,21.5961],[88.2996,21.5518],[88.316,21.5572],[88.3771,21.5773],[88.4348,21.6968],[88.4539,21.7363],[88.5676,21.8954],[88.657,21.8574],[88.7053,21.6266],[88.7235,21.54],[88.7916,21.5291],[88.8809,21.5149],[88.9975,21.5407],[89.0255,21.547],[88.9948,21.6295],[89.0723,21.7743],[89.2339,21.6554],[89.4566,21.9417],[89.579,21.7006],[89.6475,21.715],[89.6702,21.7198],[89.7963,21.8321],[89.8697,22.1332],[89.9027,22.1078],[89.9553,22.0118],[90,21.9303],[90,22.0199],[90,22.0585],[90,22.1348],[90,22.3254],[90,22.561],[90.8569,22.5613],[91.0814,22.5613],[91.3737,22.7031],[91.3035,23.9528],[91.4332,27.1639],[91.4379,27.2806],[89.2251,27.3022],[88.1541,27.3126],[88.0685,27.0261],[87.8678,27.0179],[87.1872,25.1054],[86.2177,25.2131],[85.9325,25.2448],[85.863,25.2912],[85.1321,25.23],[84.7123,25.4479],[84.2567,25.0303],[83.9848,24.7811],[83.9848,24.781],[84.4596,24.2535],[84.8195,23.8535],[84.8888,23.0216],[84.9123,22.7405],[84.8131,22.2944]]]},"properties":{"NAME":"Palas","SUBJECTO":"Palas","PARTOF":"Palas","BORDERPRECISION":1,"LINK":null}},
{"type":"Feature","geometry":{"type":"Polygon","coordinates":[[[94.3708,26.9214],[94.1529,27.6685],[91.8303,27.2768],[91.4379,27.2806],[91.4332,27.1639],[91.3035,23.9528],[91.3737,22.7031],[91.4102,22.7208],[91.5711,22.5433],[91.6241,22.4208],[91.6518,22.3569],[91.6436,22.3759],[91.6241,22.4208],[91.8459,21.9087],[91.9461,21.3626],[92.0669,21.1151],[92.1237,20.9964],[92.1763,20.8866],[92.4034,20.614],[92.4537,20.5734],[93.8098,22.5227],[94.6803,26.5258],[94.4917,26.5069],[94.3708,26.9214]]]},"properties":{"NAME":"Senas","SUBJECTO":"Senas","PARTOF":"Senas","BORDERPRECISION":1,"LINK":null}},
{"type":"Feature","geometry":{"type":"Polygon","coordinates":[[[78.5513,27.6304],[76.3091,27.0451],[74.1174,26.5443],[74.7965,25.7137],[76.9204,23.1158],[79.3071,23.4759],[79.6797,23.5322],[78.5513,27.6304]]]},"properties":{"NAME":"Paramas","SUBJECTO":"Paramas","PARTOF":"Paramas","BORDERPRECISION":1,"LINK":null}},
{"type":"Feature","geometry":{"type":"Polygon","coordinates":[[[79.8964,31.3977],[78.2345,32.309],[77.0864,29.427],[77.0601,29.4208],[79.8537,27.9704],[83.8226,25.9098],[84.7123,25.4479],[85.1321,25.23],[85.863,25.2912],[85.9325,25.2448],[86.2177,25.2131],[87.1872,25.1054],[87.8678,27.0179],[88.0685,27.0261],[88.1541,27.3126],[89.2251,27.3022],[91.4379,27.2806],[91.8303,27.2768],[94.1529,27.6685],[94.3708,26.9214],[94.1529,27.6685],[91.8303,27.2768],[86.4093,27.3297],[84.4285,27.873],[83.74,28.2048],[80.054,29.9815],[80.0066,30.1215],[79.8076,30.7092],[79.8076,31.1609],[79.8964,31.3977]]]},"properties":{"NAME":"Pratiharas","SUBJECTO":"Pratiharas","PARTOF":"Pratiharas","BORDERPRECISION":1,"LINK":null}},
{"type":"Feature","geometry":{"type":"Polygon","coordinates":[[[78.5513,27.6304],[79.8537,27.9704],[77.0601,29.4208],[72.6277,28.3666],[74.1174,26.5443],[76.3091,27.0451],[78.5513,27.6304]]]},"properties":{"NAME":"Chauhans","SUBJECTO":"Chauhans","PARTOF":"Chauhans","BORDERPRECISION":1,"LINK":null}},
{"type":"Feature","geometry":{"type":"Polygon","coordinates":[[[79.6797,23.5322],[83.0086,24.0345],[83.8226,25.9098],[79.8537,27.9704],[78.5513,27.6304],[79.6797,23.5322]]]},"properties":{"NAME":"Chandellas","SUBJECTO":"Chandellas","PARTOF":"Chandellas","BORDERPRECISION":1,"LINK":null}},
{"type":"Feature","geometry":{"type":"Polygon","coordinates":[[[83.9848,24.781],[83.9848,24.7811],[84.2567,25.0303],[84.7123,25.4479],[83.8226,25.9098],[83.0086,24.0345],[79.6797,23.5322],[79.3071,23.4759],[79.8735,22.322],[84.4818,22.7492],[84.8888,23.0216],[84.8195,23.8535],[84.4596,24.2535],[83.9848,24.781]]]},"properties":{"NAME":"Klachuris","SUBJECTO":"Klachuris","PARTOF":"Klachuris","BORDERPRECISION":1,"LINK":null}},
{"type":"Feature","geometry":{"type":"Polygon","coordinates":[[[68.9663,24.7021],[72.1762,24.5684],[74.7965,25.7137],[74.1174,26.5443],[72.6277,28.3666],[77.0601,29.4208],[77.0864,29.427],[78.2345,32.309],[76.6292,33.1893],[72.2104,33.3721],[71.4038,32.5322],[71.2367,30.0679],[71.1561,28.8782],[70.4734,27.8542],[70.289,27.5776],[68.9663,24.7021]]]},"properties":{"NAME":"Hindu Kingdoms","SUBJECTO":"Hindu Kingdoms","PARTOF":"Hindu Kingdoms","BORDERPRECISION":1,"LINK":null}},
{"type":"Feature","geometry":{"type":"Polygon","coordinates":[[[68.0722,23.6752],[68.3729,23.3264],[68.7908,23.0287],[68.8824,22.9971],[69.1072,22.8989],[69.3918,22.8394],[69.6649,22.7892],[70.0459,22.7773],[70.3102,22.8286],[70.3806,22.8606],[70.4106,22.7526],[70.1762,22.479],[69.9685,22.3515],[69.7692,22.2875],[69.4922,22.2488],[69.0142,22.305],[68.8942,22.2857],[69.1261,21.9685],[69.7522,21.3981],[70.2099,20.948],[70.4675,20.777],[70.8551,20.6508],[71.0244,20.6575],[71.3026,20.7724],[71.5289,20.8237],[71.8944,20.9897],[72.1209,21.1553],[72.2562,21.3526],[72.289,21.5496],[72.2557,21.6321],[72.131,21.7462],[72.1271,21.8287],[72.233,22.0196],[72.319,22.115],[72.5318,22.1227],[72.521,22.091],[72.519,22.081],[72.501,21.982],[72.501,21.977],[72.502,21.971],[72.528,21.917],[72.536,21.91],[72.541,21.908],[72.552,21.907],[72.563,21.913],[72.576,21.923],[72.579,21.927],[72.595,21.941],[72.607,21.951],[72.6637,21.968],[72.6956,22.1285],[72.6743,21.9281],[72.674,21.928],[72.669,21.93],[72.657,21.939],[72.652,21.941],[72.646,21.941],[72.64,21.938],[72.626,21.928],[72.623,21.924],[72.567,21.848],[72.565,21.844],[72.558,21.809],[72.556,21.789],[72.557,21.761],[72.551,21.742],[72.547,21.734],[72.529,21.704],[72.525,21.695],[72.524,21.684],[72.526,21.678],[72.529,21.672],[72.537,21.666],[72.542,21.664],[72.553,21.663],[72.573,21.668],[72.589,21.677],[72.602,21.682],[72.615,21.685],[72.627,21.686],[72.6851,21.6865],[72.6878,21.664],[75.7828,22.9441],[76.9204,23.1158],[74.7965,25.7137],[72.1762,24.5684],[68.9663,24.7021],[68.8645,24.4809],[68.0722,23.6752]]]},"properties":{"NAME":"Solankis","SUBJECTO":"Solankis","PARTOF":"Solankis","BORDERPRECISION":1,"LINK":null}},
{"type":"Feature","geometry":{"type":"Polygon","coordinates":[[[115.9559,-3.1993],[116.202,-2.9001],[116.2482,-2.7983],[116.2445,-2.703],[116.0408,-2.4429],[116.3491,-2.4168],[116.2727,-2.2835],[116.2455,-2.1056],[116.0463,-1.9345],[116.3842,-1.6605],[116.5789,-1.3677],[117.0456,-0.9346],[117.2552,-1.004],[117.3703,-1.0038],[117.4298,-0.6224],[117.3777,-0.4318],[117.3182,-0.1397],[117.3389,-0.017],[117.375,0.1973],[117.5343,0.6107],[117.7083,0.8207],[117.8597,0.8655],[118.2183,0.7583],[118.5561,0.7463],[118.7652,0.823],[118.5173,1.1656],[118.2473,1.3874],[117.9128,1.5901],[117.7301,1.7994],[117.6964,1.9009],[117.8483,2.2253],[117.8292,2.3143],[117.5877,2.6505],[117.342,3.0249],[117.236,3.0755],[117.139,3.1706],[117.2151,3.2724],[117.1631,3.4057],[117.074,3.5072],[117.3347,3.5459],[117.5802,3.5655],[117.6839,3.6292],[117.5405,3.9403],[117.5587,3.9807],[117.5892,4.0484],[117.8221,4.0997],[118.1124,4.1448],[118.3187,4.2342],[118.3912,4.3742],[117.9918,4.6846],[117.9484,4.7989],[118.1084,4.939],[118.4156,4.9016],[118.6828,4.9149],[118.8813,4.9788],[118.9714,5.0489],[119.0426,5.1698],[118.998,5.2777],[118.843,5.3409],[118.377,5.6385],[118.256,5.6637],[118.0954,5.6252],[117.7616,5.58],[117.9183,5.8028],[117.8665,5.9043],[117.6543,5.8467],[117.3701,5.7889],[117.3536,5.8778],[117.4593,6.0813],[117.5409,6.2404],[117.5071,6.3928],[117.3257,6.4877],[117.1681,6.6144],[117.0311,6.8365],[116.889,6.6456],[116.7405,6.6897],[116.5956,6.8991],[116.5618,6.8228],[116.3378,6.3585],[116.0987,6.0975],[115.9708,5.8811],[115.7871,5.7401],[115.7173,5.4676],[115.4878,5.4862],[115.2917,5.454],[115.2031,5.2759],[115.4178,5.1111],[115.4339,5.0031],[115.3614,4.8759],[115.1593,4.8381],[115.1211,4.8309],[115.0369,4.8952],[114.9615,4.8765],[114.8778,4.8558],[114.8227,4.8952],[114.854,5.0159],[114.7452,4.9844],[114.4503,4.5626],[114.1666,4.5112],[114.0737,4.455],[114.0233,4.4245],[113.9135,4.3581],[113.8148,4.2626],[113.4231,3.7598],[113.1875,3.6146],[112.9517,3.1552],[112.7592,3.0086],[112.3013,2.8742],[111.6345,2.7202],[111.3718,2.5989],[111.1338,2.0329],[110.9698,1.7593],[110.8934,1.5113],[111.1199,1.2703],[110.9683,1.2255],[111.2632,0.7898],[112.4991,2.2582],[113.7416,3.0865],[114.57,3.5007],[115.3293,3.0865],[116.2266,2.0511],[116.4337,1.3608],[116.0196,0.1873],[114.6347,-1.6592],[115.9559,-3.1993]]]},"properties":{"NAME":"minor Hindu and Buddhist states","SUBJECTO":"minor Hindu and Buddhist states","PARTOF":"minor Hindu and Buddhist states","BORDERPRECISION":1,"LINK":null}},
{"type":"Feature","geometry":{"type":"Polygon","coordinates":[[[99.9303,13.261],[100.04,13.3947],[100.2397,13.4904],[100.4739,13.5099],[100.5855,13.4721],[100.9087,13.4473],[100.9354,14.0527],[100.6463,14.1972],[100.2127,14.1972],[99.8514,13.9082],[99.9303,13.261]]]},"properties":{"NAME":"Lopburi Kingdom","SUBJECTO":"Lopburi Kingdom","PARTOF":"Lopburi Kingdom","BORDERPRECISION":1,"LINK":null}},
{"type":"Feature","geometry":{"type":"Polygon","coordinates":[[[98.5968,12.7372],[98.6765,12.0512],[98.5883,11.8223],[98.5902,11.6952],[98.6371,11.6572],[98.8674,11.645],[98.7384,11.4351],[98.6836,11.0855],[98.6053,10.863],[98.3979,10.5639],[98.4317,10.2019],[98.5932,10.1205],[98.6326,10.1007],[98.5018,9.7192],[98.2506,8.9371],[98.1772,8.6002],[98.1952,8.3271],[98.2924,8.1557],[98.3903,8.2195],[98.5446,8.2643],[98.7496,8.0868],[98.8895,8.0172],[99.0245,7.8714],[99.1186,7.6428],[99.2939,7.3192],[99.4681,7.3386],[99.5717,7.2626],[99.6397,7.0658],[99.6108,6.9386],[99.663,6.71],[99.8338,6.5388],[99.9691,6.5073],[100.1544,6.6031],[100.222,6.5206],[100.1644,6.3871],[100.1587,6.3401],[100.1391,6.1773],[100.2237,5.8535],[100.3797,5.0214],[100.5593,4.7359],[100.6076,4.5517],[100.5942,4.4246],[100.5766,4.2022],[100.6643,3.9037],[101.0669,3.5361],[101.2643,3.2252],[102.4362,3.1708],[103.3078,3.0263],[103.3393,3.3123],[103.3339,3.3937],[103.3078,3.7951],[103.3681,4.1828],[103.3786,4.545],[103.3418,4.8054],[103.1142,5.1481],[102.8023,5.5604],[102.3251,6.0994],[102.0897,6.1434],[102.0738,6.1542],[101.9784,6.2194],[101.6796,6.4643],[101.5599,6.7395],[101.428,6.8282],[101.2175,6.8023],[100.9753,6.8526],[100.6149,6.9789],[100.5396,7.0487],[100.3446,7.4405],[100.2875,7.7724],[100.3019,7.8868],[100.2077,8.325],[100.1315,8.5321],[100.0093,8.4901],[99.9294,8.5849],[99.8659,8.7119],[99.9021,8.9216],[99.898,9.0678],[99.8373,9.2265],[99.724,9.258],[99.5462,9.1941],[99.2985,9.1618],[99.1956,9.2378],[99.1187,9.371],[99.0713,9.8983],[99.1862,10.4894],[99.5013,11.2461],[99.7634,11.7804],[99.8953,12.0792],[99.8711,12.2634],[99.8337,12.5238],[99.9771,12.8418],[100.0232,12.9944],[99.9303,13.261],[98.5968,12.7372]]]},"properties":{"NAME":"minor Hindu and Buddhist states","SUBJECTO":"minor Hindu and Buddhist states","PARTOF":"minor Hindu and Buddhist states","BORDERPRECISION":1,"LINK":null}},
{"type":"Feature","geometry":{"type":"MultiPolygon","coordinates":[[[[-170.5503,-14.2983],[-170.5461,-14.2986],[-170.5425,-14.2975],[-170.5367,-14.2889],[-170.54,-14.2839],[-170.5484,-14.2825],[-170.5608,-14.2878],[-170.5559,-14.295],[-170.5503,-14.2983]]],[[[-170.66,-14.2553],[-170.6681,-14.2556],[-170.6817,-14.2581],[-170.795,-14.2981],[-170.8003,-14.3006],[-170.8092,-14.3081],[-170.8223,-14.3203],[-170.8261,-14.325],[-170.8223,-14.3294],[-170.7664,-14.3636],[-170.7494,-14.3739],[-170.7439,-14.3756],[-170.6373,-14.2894],[-170.5786,-14.2792],[-170.5633,-14.2725],[-170.5608,-14.2692],[-170.56,-14.2658],[-170.5656,-14.2558],[-170.5703,-14.2528],[-170.66,-14.2553]]],[[[-169.5095,-14.2767],[-169.4445,-14.2617],[-169.44,-14.2606],[-169.4383,-14.2567],[-169.4395,-14.2317],[-169.4456,-14.2267],[-169.4498,-14.2264],[-169.5153,-14.2267],[-169.5223,-14.2269],[-169.5339,-14.2297],[-169.5361,-14.2317],[-169.5372,-14.2378],[-169.5356,-14.2428],[-169.5217,-14.2683],[-169.5178,-14.2728],[-169.5131,-14.2758],[-169.5095,-14.2767]]],[[[-169.6231,-14.1839],[-169.6219,-14.1764],[-169.6219,-14.1686],[-169.6261,-14.1669],[-169.6406,-14.1717],[-169.6447,-14.1761],[-169.6442,-14.1811],[-169.6417,-14.1861],[-169.6314,-14.1908],[-169.6256,-14.1897],[-169.6231,-14.1839]]],[[[-169.6831,-14.1667],[-169.6873,-14.1664],[-169.6909,-14.1675],[-169.6942,-14.1736],[-169.6942,-14.1853],[-169.6931,-14.1889],[-169.687,-14.1919],[-169.6856,-14.1919],[-169.6811,-14.1917],[-169.6614,-14.1833],[-169.6598,-14.1806],[-169.6598,-14.1792],[-169.6622,-14.175],[-169.6656,-14.1728],[-169.6831,-14.1667]]],[[[-178.7209,-20.6481],[-178.7245,-20.6447],[-178.7306,-20.6461],[-178.7333,-20.6503],[-178.7378,-20.6597],[-178.7372,-20.6661],[-178.7333,-20.6694],[-178.715,-20.6744],[-178.7078,-20.6744],[-178.7056,-20.6708],[-178.7209,-20.6481]]],[[[-178.2114,-19.8525],[-178.2017,-19.8436],[-178.2003,-19.8408],[-178.1981,-19.8358],[-178.2003,-19.8311],[-178.2039,-19.8275],[-178.2097,-19.8264],[-178.2128,-19.8275],[-178.2217,-19.84],[-178.2231,-19.8456],[-178.2217,-19.8511],[-178.2164,-19.8533],[-178.2114,-19.8525]]],[[[-178.3914,-19.1761],[-178.3864,-19.1594],[-178.3864,-19.1389],[-178.3884,-19.1339],[-178.3928,-19.1306],[-178.3986,-19.1292],[-178.4111,-19.1436],[-178.4231,-19.1725],[-178.425,-19.1775],[-178.4231,-19.1822],[-178.4186,-19.185],[-178.3967,-19.185],[-178.3914,-19.1761]]],[[[179.773,-19.1233],[179.7583,-19.1303],[179.7539,-19.1331],[179.7397,-19.1819],[179.7402,-19.1881],[179.7466,-19.1958],[179.7747,-19.1975],[179.7797,-19.1953],[179.7936,-19.1878],[179.7975,-19.1844],[179.7966,-19.1783],[179.7892,-19.1417],[179.7775,-19.125],[179.773,-19.1233]]],[[[-178.5933,-19.1206],[-178.5992,-19.1286],[-178.6014,-19.1336],[-178.6022,-19.1397],[-178.6014,-19.1458],[-178.597,-19.1558],[-178.5933,-19.1592],[-178.5803,-19.1675],[-178.5561,-19.1792],[-178.5459,-19.1819],[-178.5386,-19.1819],[-178.5508,-19.1178],[-178.5544,-19.1142],[-178.5589,-19.1117],[-178.5639,-19.1094],[-178.5697,-19.1081],[-178.5764,-19.1086],[-178.5858,-19.1136],[-178.5933,-19.1206]]],[[[178.3722,-18.9317],[178.345,-18.9264],[178.3391,-18.9275],[178.3069,-18.9356],[178.1819,-18.9822],[178.178,-18.9856],[178.1753,-18.9897],[178.1714,-19],[178.0686,-19.0661],[177.9722,-19.1028],[177.9677,-19.1056],[177.9522,-19.1253],[177.9511,-19.1314],[177.9533,-19.1364],[177.9561,-19.1406],[177.9605,-19.1433],[177.9988,-19.1625],[178.0047,-19.1628],[178.0158,-19.1594],[178.0327,-19.1478],[178.0389,-19.1481],[178.0855,-19.1583],[178.0941,-19.1628],[178.1361,-19.1378],[178.1705,-19.0939],[178.1691,-19.0883],[178.1703,-19.0753],[178.1725,-19.0706],[178.188,-19.0492],[178.1919,-19.0458],[178.303,-18.9992],[178.3075,-18.9992],[178.3255,-19.0028],[178.3291,-19.0064],[178.3283,-19.0125],[178.328,-19.0278],[178.3375,-19.0506],[178.3416,-19.0508],[178.3738,-19.0525],[178.3805,-19.0519],[178.4172,-19.0469],[178.423,-19.0456],[178.4655,-19.0339],[178.4864,-19.0189],[178.498,-19.0094],[178.4983,-18.99],[178.4963,-18.9781],[178.4941,-18.9733],[178.4905,-18.9697],[178.4683,-18.9564],[178.3722,-18.9317]]],[[[-178.9428,-18.9253],[-178.9494,-18.9258],[-178.9628,-18.9342],[-178.9686,-18.9422],[-178.9723,-18.9528],[-178.9672,-18.9783],[-178.9622,-18.9872],[-178.9586,-18.9908],[-178.9534,-18.9928],[-178.947,-18.9936],[-178.9367,-18.9894],[-178.9336,-18.9853],[-178.9306,-18.9742],[-178.9306,-18.9606],[-178.9314,-18.9486],[-178.9333,-18.9369],[-178.9386,-18.9281],[-178.9428,-18.9253]]],[[[-179.8533,-18.9728],[-179.8525,-18.9667],[-179.8481,-18.9569],[-179.84,-18.9508],[-179.8342,-18.9494],[-179.8269,-18.9494],[-179.8159,-18.9531],[-179.8123,-18.9564],[-179.8095,-18.9608],[-179.8059,-18.9711],[-179.8044,-18.9836],[-179.8031,-18.9864],[-179.795,-18.9803],[-179.7883,-18.9725],[-179.7823,-18.9589],[-179.7836,-18.9464],[-179.7886,-18.9372],[-179.8172,-18.9267],[-179.8217,-18.9253],[-179.8389,-18.9225],[-179.845,-18.9225],[-179.8531,-18.9286],[-179.8575,-18.9383],[-179.8658,-18.9775],[-179.8703,-19.0011],[-179.8689,-19.0053],[-179.8653,-19.0086],[-179.8572,-19.0122],[-179.8508,-19.0131],[-179.8533,-18.9728]]],[[[178.528,-18.8672],[178.5258,-18.8625],[178.5216,-18.8597],[178.5092,-18.8586],[178.5042,-18.8608],[178.4803,-18.8797],[178.4766,-18.8831],[178.4719,-18.8969],[178.4711,-18.91],[178.4733,-18.915],[178.4972,-18.9339],[178.5022,-18.9347],[178.528,-18.9108],[178.5341,-18.9025],[178.5364,-18.8978],[178.5364,-18.8922],[178.528,-18.8672]]],[[[-178.4767,-18.6469],[-178.5014,-18.6372],[-178.5067,-18.6353],[-178.517,-18.6447],[-178.5197,-18.6489],[-178.5214,-18.6544],[-178.5214,-18.6614],[-178.5192,-18.6664],[-178.5161,-18.6706],[-178.512,-18.6733],[-178.5061,-18.6747],[-178.4986,-18.6747],[-178.4864,-18.6725],[-178.4783,-18.6664],[-178.4731,-18.6575],[-178.4731,-18.6506],[-178.4767,-18.6469]]],[[[179.8358,-18.5817],[179.8366,-18.5867],[179.8394,-18.5908],[179.888,-18.6375],[179.8958,-18.6439],[179.9083,-18.6447],[179.9128,-18.6419],[179.9666,-18.56],[179.9697,-18.5489],[179.9675,-18.5442],[179.9639,-18.5406],[179.95,-18.5397],[179.9289,-18.5403],[179.9055,-18.5456],[179.8813,-18.5517],[179.8491,-18.5667],[179.8402,-18.5722],[179.8375,-18.5764],[179.8358,-18.5817]]],[[[177.6361,-18.4914],[177.6308,-18.4919],[177.6152,-18.505],[177.613,-18.5097],[177.6136,-18.5161],[177.6191,-18.5383],[177.6375,-18.5689],[177.648,-18.5864],[177.6552,-18.5936],[177.6602,-18.5942],[177.6633,-18.5903],[177.6642,-18.5839],[177.6636,-18.5778],[177.6516,-18.5097],[177.6497,-18.5047],[177.6447,-18.4958],[177.6361,-18.4914]]],[[[178.1272,-18.3539],[178.1236,-18.3572],[178.1211,-18.3619],[178.1094,-18.4075],[178.1125,-18.4117],[178.1166,-18.4147],[178.1283,-18.4175],[178.1327,-18.4175],[178.1386,-18.4164],[178.1503,-18.4067],[178.1566,-18.3778],[178.1569,-18.3708],[178.1555,-18.3653],[178.1533,-18.3606],[178.1497,-18.3561],[178.1453,-18.3533],[178.1397,-18.3519],[178.1272,-18.3539]]],[[[-178.7475,-18.2014],[-178.7636,-18.1883],[-178.7731,-18.1833],[-178.787,-18.1825],[-178.808,-18.1833],[-178.8189,-18.1853],[-178.8242,-18.1872],[-178.8286,-18.19],[-178.8431,-18.2108],[-178.8439,-18.2169],[-178.8367,-18.2239],[-178.812,-18.2428],[-178.8031,-18.2483],[-178.7981,-18.2503],[-178.7917,-18.2511],[-178.7784,-18.2497],[-178.7653,-18.2483],[-178.7603,-18.2464],[-178.7514,-18.2408],[-178.7478,-18.2375],[-178.7447,-18.2333],[-178.7411,-18.2228],[-178.7411,-18.2161],[-178.7425,-18.2103],[-178.7447,-18.2056],[-178.7475,-18.2014]]],[[[179.2458,-18.0364],[179.3361,-18.1211],[179.3416,-18.1225],[179.3519,-18.1211],[179.3586,-18.1136],[179.3675,-18.0944],[179.3683,-18.0881],[179.3677,-18.0819],[179.3552,-18.0139],[179.3533,-18.0092],[179.308,-17.9483],[179.3003,-17.9419],[179.2922,-17.9372],[179.2733,-17.9356],[179.2667,-17.9361],[179.2433,-17.9511],[179.2364,-17.9683],[179.243,-18.0253],[179.2458,-18.0364]]],[[[-178.9911,-17.9508],[-179.0017,-17.9403],[-179.017,-17.9272],[-179.0214,-17.9244],[-179.027,-17.9231],[-179.0481,-17.9236],[-179.0589,-17.9275],[-179.0684,-17.9325],[-179.0778,-17.9442],[-179.0786,-17.9503],[-179.0764,-17.955],[-179.0706,-17.9633],[-179.06,-17.9739],[-179.0289,-17.9925],[-179.0239,-17.9947],[-179.0181,-17.9961],[-179.0117,-17.9953],[-178.9955,-17.99],[-178.9928,-17.9872],[-178.9897,-17.9797],[-178.9883,-17.9742],[-178.9889,-17.9556],[-178.9911,-17.9508]]],[[[-178.3239,-17.8825],[-178.3347,-17.8858],[-178.3478,-17.8942],[-178.3508,-17.8983],[-178.3544,-17.9086],[-178.358,-17.9261],[-178.3572,-17.9308],[-178.3553,-17.9356],[-178.34,-17.9558],[-178.3306,-17.9606],[-178.3189,-17.9633],[-178.3014,-17.9661],[-178.287,-17.9661],[-178.2628,-17.9614],[-178.2475,-17.9553],[-178.2439,-17.9517],[-178.2408,-17.9475],[-178.2386,-17.9428],[-178.2381,-17.9322],[-178.2386,-17.9261],[-178.2445,-17.9178],[-178.2561,-17.9081],[-178.265,-17.9025],[-178.2975,-17.8853],[-178.31,-17.8831],[-178.3239,-17.8825]]],[[[179.4219,-17.8483],[179.4286,-17.8408],[179.4303,-17.8283],[179.4211,-17.7972],[179.4161,-17.7881],[179.3972,-17.785],[179.3928,-17.7864],[179.3861,-17.7942],[179.3961,-17.8219],[179.4083,-17.8447],[179.4119,-17.8483],[179.4169,-17.8506],[179.4219,-17.8483]]],[[[-179.2883,-17.7811],[-179.2853,-17.777],[-179.2831,-17.772],[-179.2817,-17.7667],[-179.2817,-17.7597],[-179.285,-17.7408],[-179.2881,-17.7367],[-179.2923,-17.7339],[-179.3025,-17.7297],[-179.3133,-17.7261],[-179.3192,-17.7275],[-179.3259,-17.735],[-179.3325,-17.7497],[-179.3347,-17.7614],[-179.3333,-17.767],[-179.3311,-17.772],[-179.2984,-17.7853],[-179.2925,-17.7839],[-179.2883,-17.7811]]],[[[178.8327,-17.6272],[178.8283,-17.6244],[178.8167,-17.6214],[178.8102,-17.6206],[178.7919,-17.6211],[178.778,-17.6286],[178.7605,-17.6394],[178.7567,-17.6428],[178.7508,-17.6511],[178.7486,-17.6558],[178.7441,-17.6725],[178.7477,-17.7197],[178.7719,-17.7544],[178.8203,-17.7428],[178.8377,-17.7319],[178.8497,-17.7153],[178.8533,-17.705],[178.8536,-17.6883],[178.853,-17.6697],[178.8503,-17.6586],[178.8361,-17.6306],[178.8327,-17.6272]]],[[[-179.1478,-17.4783],[-179.142,-17.477],[-179.1325,-17.4722],[-179.1297,-17.4681],[-179.1281,-17.4625],[-179.1275,-17.4561],[-179.1281,-17.45],[-179.1433,-17.4311],[-179.1534,-17.4297],[-179.1681,-17.4297],[-179.1789,-17.4331],[-179.1817,-17.4372],[-179.1833,-17.4497],[-179.1734,-17.4678],[-179.1661,-17.4747],[-179.1617,-17.4775],[-179.1478,-17.4783]]],[[[178.1755,-18.2417],[178.1822,-18.2342],[178.1944,-18.2178],[178.2194,-18.1931],[178.2305,-18.19],[178.2436,-18.1886],[178.2733,-18.1475],[178.3386,-18.12],[178.3488,-18.1161],[178.3958,-18.1042],[178.4008,-18.1036],[178.5322,-18.0922],[178.5533,-18.0975],[178.5575,-18.1003],[178.5608,-18.1156],[178.5883,-18.1353],[178.6611,-18.0897],[178.678,-18.0783],[178.6811,-18.0742],[178.6922,-18.0569],[178.6975,-18.0472],[178.6933,-18.025],[178.6208,-17.8939],[178.5977,-17.7842],[178.5952,-17.6936],[178.5986,-17.6825],[178.6008,-17.6706],[178.6011,-17.6581],[178.5983,-17.6431],[178.5911,-17.6358],[178.3725,-17.475],[178.3028,-17.4303],[178.2808,-17.4031],[178.2816,-17.3897],[178.2797,-17.3781],[178.2714,-17.3489],[178.2691,-17.3439],[178.2441,-17.3261],[178.2397,-17.3233],[178.2175,-17.31],[178.193,-17.3011],[178.1886,-17.3039],[178.1869,-17.3233],[178.1705,-17.3425],[178.1247,-17.3578],[177.9594,-17.4092],[177.9536,-17.4106],[177.9464,-17.4106],[177.8978,-17.4078],[177.8333,-17.3961],[177.835,-17.3864],[177.8352,-17.3797],[177.8344,-17.3733],[177.8311,-17.3628],[177.8253,-17.3628],[177.8203,-17.3647],[177.6247,-17.4447],[177.5191,-17.5039],[177.5103,-17.5094],[177.388,-17.6328],[177.3853,-17.6514],[177.3872,-17.6631],[177.3903,-17.6675],[177.4197,-17.6811],[177.4225,-17.6853],[177.4239,-17.6908],[177.4325,-17.7375],[177.433,-17.7436],[177.4319,-17.7567],[177.4297,-17.7617],[177.3713,-17.8125],[177.2941,-17.8478],[177.2794,-17.8544],[177.275,-17.8572],[177.2594,-17.87],[177.2567,-17.8742],[177.2483,-17.9564],[177.2488,-17.9628],[177.2592,-17.9983],[177.2991,-18.0786],[177.3297,-18.1158],[177.3333,-18.1194],[177.473,-18.1628],[177.5161,-18.1531],[177.6061,-18.1739],[177.6119,-18.1756],[177.6164,-18.1783],[177.62,-18.1817],[177.8641,-18.2639],[177.9602,-18.2683],[178.0191,-18.2678],[178.155,-18.2567],[178.1602,-18.2547],[178.1647,-18.2519],[178.1755,-18.2417]]],[[[177.1,-17.3147],[177.1125,-17.3144],[177.1175,-17.3125],[177.1433,-17.2956],[177.1583,-17.2681],[177.1583,-17.2653],[177.1455,-17.25],[177.1419,-17.2478],[177.1114,-17.2583],[177.1003,-17.2711],[177.1,-17.3147]]],[[[-179.1164,-17.2678],[-179.1178,-17.2622],[-179.1214,-17.2586],[-179.1467,-17.2481],[-179.1526,-17.2467],[-179.1584,-17.2481],[-179.1628,-17.2508],[-179.1634,-17.2572],[-179.1615,-17.2689],[-179.157,-17.2786],[-179.1534,-17.2822],[-179.1484,-17.2842],[-179.1417,-17.285],[-179.1286,-17.2836],[-179.1237,-17.2817],[-179.1201,-17.2781],[-179.1178,-17.2733],[-179.1164,-17.2678]]],[[[179.4417,-17.2478],[179.433,-17.2422],[179.4191,-17.2428],[179.3572,-17.2594],[179.358,-17.2628],[179.3705,-17.2964],[179.3791,-17.3158],[179.3839,-17.3497],[179.3844,-17.3658],[179.3833,-17.3997],[179.3994,-17.3944],[179.4236,-17.3758],[179.4272,-17.3725],[179.4405,-17.3433],[179.4441,-17.3331],[179.448,-17.3158],[179.4497,-17.3033],[179.4466,-17.2569],[179.4453,-17.2514],[179.4417,-17.2478]]],[[[-178.9086,-17.2178],[-178.9092,-17.2131],[-178.9222,-17.1978],[-179.0078,-17.1511],[-179.015,-17.1508],[-179.02,-17.1531],[-179.0114,-17.1822],[-178.9858,-17.3181],[-178.9751,-17.2978],[-178.973,-17.2914],[-178.9713,-17.2891],[-178.9414,-17.26],[-178.9292,-17.2608],[-178.9253,-17.2572],[-178.9231,-17.2525],[-178.9086,-17.2178]]],[[[177.2083,-17.0889],[177.1875,-17.1175],[177.1783,-17.1436],[177.1772,-17.1608],[177.1772,-17.1636],[177.188,-17.1675],[177.1994,-17.1703],[177.2636,-17.1236],[177.2703,-17.1164],[177.2761,-17.1081],[177.2822,-17.0956],[177.2892,-17.0811],[177.2914,-17.0764],[177.2914,-17.0694],[177.288,-17.0589],[177.2852,-17.0547],[177.2811,-17.0519],[177.2461,-17.0556],[177.2402,-17.0567],[177.2358,-17.0594],[177.2083,-17.0889]]],[[[178.3402,-16.8306],[178.3389,-16.8247],[178.3314,-16.8006],[178.33,-16.7964],[178.325,-16.7942],[178.2772,-16.7894],[178.2744,-16.7933],[178.2766,-16.8253],[178.2789,-16.8303],[178.2822,-16.8339],[178.2875,-16.8358],[178.2939,-16.8367],[178.333,-16.8358],[178.338,-16.8353],[178.3402,-16.8306]]],[[[179.8928,-16.9461],[179.8847,-16.9592],[179.8824,-16.9642],[179.883,-16.9703],[179.8867,-16.9739],[179.9186,-16.9992],[179.9291,-17.0061],[179.9475,-17.0028],[179.9575,-16.9986],[179.9847,-16.9831],[180,-16.9657],[180,-16.7874],[179.9688,-16.8525],[179.9594,-16.8711],[179.9541,-16.88],[179.9469,-16.8869],[179.9322,-16.9008],[179.9044,-16.9297],[179.8928,-16.9461]]],[[[-179.8211,-16.7811],[-179.8531,-16.6928],[-179.8616,-16.6803],[-179.8681,-16.6795],[-179.8898,-16.6864],[-179.8951,-16.6884],[-179.9295,-16.7101],[-179.9386,-16.7159],[-180,-16.7874],[-180,-16.9657],[-179.9933,-16.9553],[-179.9876,-16.947],[-179.9359,-16.8997],[-179.9022,-16.8755],[-179.8211,-16.7811]]],[[[177.5705,-16.6983],[177.5672,-16.7094],[177.5583,-16.7219],[177.4766,-16.7961],[177.4314,-16.8444],[177.443,-16.8378],[177.5216,-16.79],[177.5741,-16.7361],[177.5844,-16.7189],[177.5936,-16.6994],[177.5944,-16.6933],[177.593,-16.6878],[177.5839,-16.6828],[177.5664,-16.6783],[177.56,-16.6775],[177.5605,-16.6803],[177.5641,-16.6839],[177.5669,-16.6881],[177.5705,-16.6983]]],[[[179.9433,-16.6519],[179.9491,-16.6436],[179.9505,-16.6381],[179.9505,-16.6242],[179.95,-16.6178],[179.9478,-16.6131],[179.9167,-16.6258],[179.8844,-16.6575],[179.8867,-16.6603],[179.9142,-16.6619],[179.9294,-16.6592],[179.9389,-16.6544],[179.9433,-16.6519]]],[[[180,-16.4943],[179.9952,-16.4961],[179.9864,-16.5017],[179.9836,-16.5058],[179.9819,-16.5114],[179.9811,-16.5244],[179.9819,-16.5308],[179.9847,-16.535],[179.9883,-16.5383],[179.9947,-16.5392],[180,-16.5379],[180,-16.4943]]],[[[-179.9711,-16.4589],[-179.9886,-16.477],[-179.9975,-16.4892],[-180,-16.4943],[-180,-16.5379],[-179.9762,-16.5353],[-179.9698,-16.5345],[-179.932,-16.5208],[-179.9269,-16.5189],[-179.8937,-16.4353],[-179.8964,-16.4311],[-179.9023,-16.4294],[-179.9148,-16.4317],[-179.9445,-16.4444],[-179.9495,-16.4467],[-179.9711,-16.4589]]],[[[179.5686,-16.7581],[179.5597,-16.7636],[179.5466,-16.765],[179.5394,-16.7647],[179.493,-16.7617],[179.4786,-16.7011],[179.4844,-16.6928],[179.5916,-16.5397],[179.653,-16.5017],[179.6747,-16.4947],[179.6891,-16.4881],[179.738,-16.4586],[179.7466,-16.4531],[179.7539,-16.4464],[179.7569,-16.4422],[179.8097,-16.3608],[179.853,-16.2911],[179.8917,-16.2447],[179.8983,-16.2372],[179.958,-16.1975],[179.9797,-16.1836],[179.9927,-16.1756],[180,-16.1727],[180,-16.1547],[179.9677,-16.1525],[179.9611,-16.1531],[179.9561,-16.1558],[179.9155,-16.1792],[179.8711,-16.2058],[179.8422,-16.2075],[179.7708,-16.2036],[179.6728,-16.2283],[179.5033,-16.2739],[179.4633,-16.2922],[179.4014,-16.3492],[179.3917,-16.3819],[179.403,-16.3986],[179.4044,-16.4028],[179.4041,-16.4097],[179.4005,-16.4131],[179.3319,-16.4131],[179.2986,-16.4128],[179.235,-16.4067],[179.2294,-16.3981],[179.2241,-16.3975],[178.9819,-16.4697],[178.9264,-16.4994],[178.93,-16.5031],[178.9278,-16.5147],[178.9255,-16.5197],[178.8975,-16.5483],[178.8939,-16.5519],[178.8894,-16.5547],[178.8633,-16.5667],[178.8269,-16.5747],[178.7775,-16.5992],[178.773,-16.6017],[178.7461,-16.6242],[178.7402,-16.6325],[178.7319,-16.6456],[178.7077,-16.6753],[178.6955,-16.6742],[178.6839,-16.6714],[178.6003,-16.6439],[178.5952,-16.6417],[178.5283,-16.7067],[178.4783,-16.7589],[178.4761,-16.7636],[178.4789,-16.7817],[178.4858,-16.7983],[178.4886,-16.8028],[178.4922,-16.8061],[178.5022,-16.8106],[178.518,-16.8161],[178.5253,-16.8164],[178.5436,-16.8144],[178.5516,-16.8083],[178.625,-16.8356],[178.6708,-16.9217],[178.6791,-16.9619],[178.6819,-16.9731],[178.6902,-16.9925],[178.6966,-17.0003],[178.7003,-17.0025],[178.7097,-17.0072],[178.7269,-17.0117],[178.7472,-17.0119],[178.7539,-17.0114],[178.7589,-17.0094],[178.7883,-16.9903],[178.7961,-16.9842],[178.8097,-16.9497],[178.8114,-16.9317],[178.8116,-16.9261],[178.8094,-16.9144],[178.8102,-16.9081],[178.8697,-16.8608],[178.9066,-16.855],[178.9441,-16.8792],[178.9483,-16.8889],[178.9497,-16.8944],[178.9547,-16.9036],[178.9589,-16.9064],[179.0189,-16.9272],[179.0239,-16.9253],[179.07,-16.8931],[179.0722,-16.8883],[179.0736,-16.8828],[179.0397,-16.8747],[179.0369,-16.8789],[179.0331,-16.8892],[179.0264,-16.8967],[179.0205,-16.8981],[179.0164,-16.8953],[179.0164,-16.8897],[179.0464,-16.8083],[179.0494,-16.8042],[179.053,-16.8006],[179.1683,-16.7242],[179.2064,-16.7053],[179.2658,-16.6906],[179.2722,-16.6914],[179.278,-16.6928],[179.3494,-16.7317],[179.3558,-16.7394],[179.3555,-16.7519],[179.3547,-16.7567],[179.3519,-16.7608],[179.3483,-16.7644],[179.3438,-16.7669],[179.3336,-16.7711],[179.3319,-16.8022],[179.4094,-16.8108],[179.5716,-16.8011],[179.6628,-16.7397],[179.71,-16.7297],[179.7463,-16.7264],[179.7789,-16.7275],[179.8105,-16.7347],[179.8447,-16.7439],[179.8533,-16.7564],[179.8552,-16.7614],[179.8661,-16.7719],[179.8705,-16.7733],[179.898,-16.7708],[179.9022,-16.7694],[179.9372,-16.7544],[179.9453,-16.7497],[179.9519,-16.7419],[179.9505,-16.7364],[179.8872,-16.6708],[179.878,-16.6658],[179.8713,-16.665],[179.8744,-16.6367],[179.9011,-16.5772],[179.9239,-16.5364],[179.9269,-16.5325],[179.9472,-16.5172],[179.9503,-16.5131],[179.9516,-16.5075],[179.9455,-16.475],[179.9441,-16.4694],[179.9419,-16.4644],[179.9375,-16.4617],[179.9325,-16.4608],[179.918,-16.4678],[179.8524,-16.5089],[179.813,-16.5406],[179.7519,-16.5914],[179.7147,-16.625],[179.643,-16.6908],[179.6161,-16.7206],[179.5686,-16.7581]]],[[[-169.8939,-19.1456],[-169.8881,-19.1444],[-169.8592,-19.1306],[-169.8503,-19.1258],[-169.8244,-19.1108],[-169.7981,-19.0872],[-169.7814,-19.0678],[-169.7817,-19.0628],[-169.8128,-18.9722],[-169.8175,-18.9683],[-169.8689,-18.9636],[-169.8848,-18.9633],[-169.8947,-18.9703],[-169.9289,-19.0106],[-169.9317,-19.0167],[-169.9531,-19.0703],[-169.9514,-19.0764],[-169.9309,-19.1244],[-169.8939,-19.1456]]],[[[-174.9747,-21.3658],[-174.9736,-21.3914],[-174.9658,-21.4178],[-174.9339,-21.4461],[-174.9245,-21.4522],[-174.9173,-21.4542],[-174.9109,-21.4267],[-174.9114,-21.3061],[-174.9353,-21.3247],[-174.9706,-21.3539],[-174.9739,-21.3589],[-174.9747,-21.3658]]],[[[-175.0517,-21.1617],[-175.0464,-21.1525],[-175.0456,-21.1458],[-175.0472,-21.1394],[-175.0503,-21.1344],[-175.0608,-21.1272],[-175.067,-21.1247],[-175.0731,-21.1242],[-175.0936,-21.125],[-175.1072,-21.1281],[-175.1195,-21.1325],[-175.1233,-21.135],[-175.1295,-21.1447],[-175.132,-21.1553],[-175.132,-21.1631],[-175.135,-21.1731],[-175.1417,-21.1786],[-175.1458,-21.1781],[-175.1522,-21.1756],[-175.2767,-21.125],[-175.3047,-21.0744],[-175.3022,-21.0714],[-175.3019,-21.0681],[-175.3053,-21.065],[-175.3125,-21.0636],[-175.3161,-21.0647],[-175.3392,-21.0731],[-175.3431,-21.0767],[-175.3514,-21.0861],[-175.355,-21.0914],[-175.3595,-21.0992],[-175.3605,-21.1025],[-175.358,-21.1294],[-175.3569,-21.1339],[-175.3514,-21.1433],[-175.3364,-21.1617],[-175.3236,-21.1744],[-175.3145,-21.18],[-175.1864,-21.2528],[-175.1453,-21.2681],[-175.135,-21.2678],[-175.1236,-21.2639],[-175.118,-21.2603],[-175.0517,-21.1617]]],[[[-174.7675,-20.2781],[-174.7608,-20.2764],[-174.7584,-20.2725],[-174.7561,-20.2644],[-174.7567,-20.2425],[-174.76,-20.2372],[-174.7656,-20.2347],[-174.7792,-20.2308],[-174.7864,-20.2317],[-174.792,-20.2347],[-174.7953,-20.2386],[-174.7959,-20.2453],[-174.7883,-20.2664],[-174.7853,-20.2717],[-174.7775,-20.2756],[-174.7675,-20.2781]]],[[[-174.4186,-19.9283],[-174.4139,-19.9267],[-174.3928,-19.905],[-174.3889,-19.9006],[-174.3867,-19.8939],[-174.3875,-19.8869],[-174.3909,-19.8817],[-174.3958,-19.8806],[-174.4011,-19.8836],[-174.4053,-19.8881],[-174.42,-19.9056],[-174.4225,-19.91],[-174.4239,-19.9147],[-174.4228,-19.9278],[-174.4186,-19.9283]]],[[[-174.3186,-19.8219],[-174.3145,-19.8172],[-174.3117,-19.8114],[-174.3064,-19.7719],[-174.3097,-19.7669],[-174.3159,-19.7642],[-174.3225,-19.7644],[-174.3259,-19.7683],[-174.3544,-19.8064],[-174.355,-19.812],[-174.3531,-19.8156],[-174.3481,-19.8186],[-174.3333,-19.8247],[-174.3275,-19.8253],[-174.3186,-19.8219]]],[[[-175.0784,-19.7081],[-175.0817,-19.7064],[-175.0869,-19.7081],[-175.0903,-19.7119],[-175.0978,-19.7414],[-175.0986,-19.7497],[-175.0914,-19.7681],[-175.0855,-19.7825],[-175.0839,-19.7861],[-175.0809,-19.7894],[-175.0772,-19.7936],[-175.0697,-19.7989],[-175.0633,-19.8008],[-175.0567,-19.8008],[-175.0514,-19.7992],[-175.0475,-19.7961],[-175.0442,-19.7922],[-175.0423,-19.7875],[-175.0425,-19.7814],[-175.0439,-19.7592],[-175.0503,-19.7283],[-175.0547,-19.7219],[-175.0589,-19.7181],[-175.0784,-19.7081]]],[[[-174.2631,-19.7447],[-174.2492,-19.7072],[-174.2475,-19.6972],[-174.2509,-19.6922],[-174.2561,-19.6881],[-174.2617,-19.6911],[-174.3053,-19.7369],[-174.3072,-19.7408],[-174.3047,-19.7447],[-174.2992,-19.7486],[-174.2928,-19.7511],[-174.2792,-19.7536],[-174.2725,-19.7528],[-174.2664,-19.75],[-174.2631,-19.7447]]],[[[-175.015,-19.6517],[-175.0189,-19.6542],[-175.0253,-19.6597],[-175.0314,-19.6681],[-175.0359,-19.6767],[-175.0361,-19.6794],[-175.035,-19.6836],[-175.0339,-19.6867],[-175.032,-19.6888],[-175.0256,-19.6919],[-175.0211,-19.6925],[-175.0183,-19.6914],[-175.0139,-19.6856],[-175.0039,-19.6644],[-175.0028,-19.6603],[-175.0031,-19.6569],[-175.0056,-19.6525],[-175.0106,-19.6514],[-175.015,-19.6517]]],[[[-174.28,-19.5928],[-174.2864,-19.5914],[-174.292,-19.5944],[-174.2939,-19.6011],[-174.2939,-19.6072],[-174.2906,-19.6186],[-174.282,-19.6344],[-174.2739,-19.6433],[-174.2608,-19.6519],[-174.2503,-19.6572],[-174.2445,-19.6561],[-174.2406,-19.6544],[-174.2389,-19.6511],[-174.2392,-19.6469],[-174.2417,-19.6428],[-174.28,-19.5928]]],[[[-174.6498,-18.7831],[-174.6556,-18.7839],[-174.6653,-18.7872],[-174.6709,-18.7903],[-174.6742,-18.7942],[-174.675,-18.8044],[-174.6731,-18.8128],[-174.667,-18.8258],[-174.6537,-18.8303],[-174.647,-18.8303],[-174.6386,-18.8275],[-174.6303,-18.8233],[-174.6244,-18.8142],[-174.6231,-18.8094],[-174.6244,-18.8067],[-174.6456,-18.7856],[-174.6498,-18.7831]]],[[[-174.0736,-18.6811],[-174.0797,-18.6814],[-174.0858,-18.6842],[-174.0942,-18.6911],[-174.0978,-18.6964],[-174.0961,-18.7011],[-174.0903,-18.7031],[-174.0666,-18.7064],[-174.0614,-18.7047],[-174.0617,-18.6986],[-174.0656,-18.6872],[-174.0689,-18.6822],[-174.0736,-18.6811]]],[[[-174.0411,-18.6803],[-174.0433,-18.6808],[-174.045,-18.6836],[-174.0445,-18.6875],[-174.0348,-18.7139],[-174.0334,-18.7156],[-174.0242,-18.7197],[-174.0197,-18.7172],[-174.0164,-18.7119],[-174.015,-18.7053],[-174.0192,-18.6944],[-174.0297,-18.6842],[-174.0375,-18.6808],[-174.0411,-18.6803]]],[[[-174.1236,-18.6775],[-174.1264,-18.6828],[-174.1278,-18.6903],[-174.1284,-18.6972],[-174.1281,-18.7033],[-174.1239,-18.7044],[-174.0897,-18.6742],[-174.0867,-18.6703],[-174.0853,-18.6656],[-174.0911,-18.6639],[-174.1058,-18.6667],[-174.1158,-18.6714],[-174.1236,-18.6775]]],[[[-174.07,-18.6394],[-174.0642,-18.6564],[-174.062,-18.6622],[-174.0544,-18.6697],[-173.987,-18.6842],[-173.9106,-18.6381],[-173.9073,-18.6331],[-173.9062,-18.6269],[-173.9075,-18.6206],[-173.9167,-18.5997],[-173.9317,-18.5753],[-173.9356,-18.5708],[-173.9392,-18.5689],[-173.9675,-18.5681],[-173.9894,-18.5711],[-173.9955,-18.5733],[-174.0009,-18.5764],[-174.0056,-18.58],[-174.0131,-18.5897],[-174.0172,-18.6031],[-174.0234,-18.6144],[-174.0272,-18.6189],[-174.0334,-18.6211],[-174.0414,-18.6211],[-174.0495,-18.6211],[-174.0572,-18.6211],[-174.0625,-18.6236],[-174.0681,-18.6264],[-174.0706,-18.6325],[-174.07,-18.6394]]],[[[-175.6792,-15.615],[-175.67,-15.6242],[-175.6658,-15.6272],[-175.6547,-15.6303],[-175.6447,-15.6292],[-175.6364,-15.625],[-175.612,-15.6044],[-175.6095,-15.6006],[-175.6072,-15.585],[-175.6089,-15.5708],[-175.6167,-15.5633],[-175.6214,-15.5608],[-175.6272,-15.5603],[-175.6678,-15.5661],[-175.6717,-15.5686],[-175.6781,-15.5764],[-175.6839,-15.5897],[-175.6847,-15.5936],[-175.6828,-15.6078],[-175.6792,-15.615]]],[[[-178.1406,-14.3164],[-178.1342,-14.3178],[-178.0608,-14.3239],[-178.0425,-14.3194],[-178.0423,-14.3167],[-178.0448,-14.3144],[-178.1247,-14.2503],[-178.13,-14.2469],[-178.1778,-14.2331],[-178.1856,-14.2317],[-178.1895,-14.2361],[-178.1911,-14.2433],[-178.1883,-14.2561],[-178.1809,-14.2728],[-178.1778,-14.2781],[-178.1711,-14.2878],[-178.1539,-14.3081],[-178.1406,-14.3164]]],[[[-176.1678,-13.3528],[-176.165,-13.3531],[-176.1614,-13.3528],[-176.1445,-13.3467],[-176.1406,-13.3436],[-176.1386,-13.3383],[-176.1211,-13.2633],[-176.1219,-13.2564],[-176.1236,-13.2514],[-176.1458,-13.2181],[-176.1503,-13.2142],[-176.1562,-13.2136],[-176.1606,-13.2161],[-176.1783,-13.2322],[-176.1831,-13.2436],[-176.1858,-13.2578],[-176.1911,-13.2869],[-176.1881,-13.3136],[-176.1772,-13.3414],[-176.1703,-13.3511],[-176.1678,-13.3528]]],[[[-171.4653,-14.0528],[-171.442,-14.0575],[-171.4297,-14.0197],[-171.4286,-14.0128],[-171.4294,-14.0053],[-171.432,-13.9994],[-171.4422,-13.9864],[-171.4461,-13.9825],[-171.6191,-13.8786],[-171.7481,-13.8317],[-171.8223,-13.8075],[-171.8839,-13.8056],[-171.9067,-13.8067],[-172.0278,-13.8394],[-172.0309,-13.8411],[-172.0578,-13.8647],[-172.0617,-13.8692],[-172.0648,-13.8744],[-172.0648,-13.8819],[-172.06,-13.9003],[-172.057,-13.9061],[-172.0528,-13.9106],[-172.0484,-13.9144],[-171.9111,-14.0125],[-171.7681,-14.0358],[-171.6484,-14.0503],[-171.5889,-14.0525],[-171.5461,-14.0503],[-171.5244,-14.0478],[-171.5167,-14.0478],[-171.48,-14.0506],[-171.4653,-14.0528]]],[[[-172.2225,-13.5631],[-172.2859,-13.4864],[-172.2897,-13.4819],[-172.2989,-13.4742],[-172.3044,-13.4711],[-172.3114,-13.4692],[-172.3484,-13.4614],[-172.3608,-13.4606],[-172.3911,-13.4642],[-172.4753,-13.4797],[-172.5519,-13.4972],[-172.5965,-13.5091],[-172.6553,-13.5192],[-172.7286,-13.5133],[-172.7361,-13.5094],[-172.7417,-13.5075],[-172.7531,-13.5094],[-172.7581,-13.5111],[-172.77,-13.5156],[-172.775,-13.5194],[-172.7795,-13.5272],[-172.7803,-13.53],[-172.7806,-13.5333],[-172.7797,-13.5397],[-172.7728,-13.55],[-172.7534,-13.5722],[-172.75,-13.5758],[-172.6911,-13.6261],[-172.59,-13.7397],[-172.5744,-13.7658],[-172.5325,-13.8008],[-172.5272,-13.8039],[-172.5195,-13.8053],[-172.5089,-13.8067],[-172.4892,-13.8069],[-172.4828,-13.8067],[-172.3933,-13.7917],[-172.2623,-13.8019],[-172.2575,-13.8058],[-172.252,-13.8075],[-172.225,-13.8089],[-172.2142,-13.8078],[-172.2105,-13.8053],[-172.1678,-13.6914],[-172.1678,-13.6844],[-172.1689,-13.6775],[-172.1934,-13.6133],[-172.2031,-13.5919],[-172.2225,-13.5631]]]]},"properties":{"NAME":"Tuʻi Tonga Empire","SUBJECTO":"Tuʻi Tonga Empire","PARTOF":"Tuʻi Tonga Empire","BORDERPRECISION":1,"LINK":null}}
]}