{"type":"FeatureCollection", "features": [
{"type":"Feature","geometry":{"type":"MultiPolygon","coordinates":[[[[-83.7597,65.2113],[-84.1224,65.3414],[-84.424,65.3917],[-84.605,65.1807],[-84.8423,65.202],[-85.1984,65.3758],[-85.0579,65.6091],[-85.5575,65.8636],[-85.7066,65.6516],[-85.8208,65.36],[-86.016,65.1054],[-86.1951,64.7295],[-86.2428,64.5423],[-86.1971,64.3555],[-86.0611,64.1405],[-86.8008,63.8884],[-87.0529,63.752],[-87.1012,63.5447],[-86.0321,63.6753],[-85.6007,63.7476],[-85.4321,63.5978],[-85.4628,63.2055],[-85.1568,63.1847],[-84.6547,63.3139],[-84.3901,63.4499],[-84.0871,63.6718],[-83.4958,63.7444],[-83.4393,63.7874],[-83.5174,64.0521],[-83.4259,64.1741],[-83.1885,64.1818],[-82.731,64.0751],[-82.4935,63.9394],[-82.1977,63.6896],[-82.0005,63.6328],[-81.4032,63.5768],[-81.1231,63.5202],[-80.696,63.4996],[-80.4886,63.6214],[-80.3679,63.6788],[-80.1794,63.722],[-80.6377,63.9143],[-80.953,63.9781],[-81.3731,63.9988],[-81.6296,63.9697],[-81.8721,63.9907],[-81.8314,64.4068],[-81.9107,64.5217],[-82.1096,64.6436],[-83.0854,64.865],[-83.3471,64.9799],[-83.7597,65.2113]]],[[[-76.4963,68.2672],[-76.7942,68.1472],[-77.1125,67.8484],[-77.2475,67.6548],[-77.1695,67.4397],[-77.0648,67.3287],[-76.8628,67.2625],[-76.2692,67.2488],[-75.7704,67.3015],[-75.3092,67.458],[-75.1463,67.577],[-75.1288,67.9042],[-75.1195,68.113],[-75.4748,68.2542],[-75.8847,68.3431],[-76.4963,68.2672]]],[[[-98.1682,68.7812],[-97.6056,68.6396],[-97.2087,68.6103],[-96.7936,68.5286],[-96.4728,68.5143],[-96.2127,68.5372],[-95.6443,68.7559],[-95.5146,68.8087],[-96.0072,69.041],[-96.1488,69.1688],[-96.1822,69.297],[-96.7615,69.4773],[-97.4074,69.7487],[-97.7416,69.8316],[-98.1154,69.8005],[-98.2526,69.6941],[-98.3043,69.3913],[-98.4774,69.3079],[-99.1715,69.1255],[-99.365,68.9745],[-98.8779,68.8851],[-98.606,68.8631],[-98.1682,68.7812]]],[[[-98.9675,73.7278],[-99.2194,73.7433],[-99.6677,73.9189],[-99.8566,73.9185],[-100.1765,73.8217],[-100.934,73.8603],[-100.9937,73.8121],[-100.9138,73.7081],[-100.4334,73.5171],[-99.955,73.2629],[-99.963,73.1674],[-100.1495,73.1511],[-100.558,72.8726],[-100.8349,72.7455],[-101.042,72.7688],[-101.5207,72.8708],[-101.9852,73.0841],[-102.2792,73.1472],[-102.6687,72.8528],[-101.6537,72.3731],[-101.4063,72.2948],[-100.7592,72.241],[-100.3189,72.1397],[-99.8626,71.9289],[-99.4343,71.6406],[-98.939,71.3922],[-98.7181,71.3538],[-98.3719,71.37],[-98.0039,71.5497],[-98.4784,71.7985],[-98.484,71.8924],[-98.19,71.846],[-97.8419,71.6904],[-97.58,71.644],[-97.284,71.6524],[-97.0552,71.7153],[-96.8496,71.8798],[-96.7279,72.1857],[-96.6575,72.3431],[-96.3509,72.5012],[-96.4346,72.6984],[-96.6885,72.8165],[-96.8641,72.8241],[-97.2546,72.9343],[-97.7405,73.0127],[-98.0519,72.9724],[-98.2797,73.0196],[-98.3937,73.1306],[-98.3628,73.2181],[-98.1863,73.2901],[-97.4889,73.4588],[-97.3435,73.6108],[-97.0824,73.6673],[-96.9367,73.7877],[-97.3471,73.8911],[-97.9566,73.9221],[-98.511,73.8649],[-98.7065,73.7523],[-98.9675,73.7278]]],[[[-92.0006,72.8411],[-91.3196,73.2552],[-90,73.5908],[-90,73.7835],[-90,73.8639],[-90,73.904],[-90,73.9998],[-91.0514,74.0474],[-91.5242,74.0546],[-92.1163,73.9892],[-92.6933,74.0122],[-93.3523,74.1236],[-93.899,74.1628],[-94.8682,74.1368],[-94.9736,74.1044],[-95.0685,74.0641],[-94.9855,73.9356],[-94.7985,73.8157],[-94.758,73.7437],[-95.3234,73.7586],[-95.4931,73.6143],[-95.6145,73.3188],[-95.6408,73.1437],[-95.5476,72.882],[-95.1239,72.5192],[-95.0584,72.2831],[-94.5424,72.1898],[-94.1086,72.222],[-93.7238,72.3879],[-93.6393,72.5299],[-94.2658,72.8527],[-93.6949,72.8776],[-92.6243,72.8083],[-92.0006,72.8411]]],[[[-84.4367,75.7945],[-85.2033,75.7429],[-85.8303,75.6166],[-86.179,75.4081],[-86.618,75.4322],[-86.9169,75.548],[-87.2929,75.6555],[-87.6377,75.7049],[-88.0349,75.6208],[-88.5188,75.6199],[-88.6474,75.5946],[-88.6666,75.4532],[-88.7627,75.4198],[-89.0422,75.4608],[-89.3694,75.6516],[-89.5935,75.86],[-89.8017,75.9182],[-90,75.9678],[-90,75.967],[-90,75.9501],[-91.1564,75.9743],[-90,76.1847],[-90,76.2613],[-90,76.2817],[-90,76.2875],[-89.8115,76.3725],[-90,76.4552],[-90,76.4731],[-90,76.5908],[-91.1346,76.6325],[-92.2471,76.6219],[-92.7989,76.5869],[-93.0849,76.527],[-93.0639,76.3748],[-92.7862,76.2403],[-92.2241,75.9472],[-92.0928,75.8051],[-92.1012,75.6381],[-92.3655,75.4213],[-92.1665,75.0988],[-91.8668,74.7889],[-91.3577,74.7574],[-91.054,74.9773],[-90,74.7184],[-90,74.6422],[-90,74.63],[-89.6981,74.6146],[-89.2686,74.7046],[-89.122,74.8509],[-88.9471,74.9324],[-88.3902,74.9905],[-88.3257,74.682],[-88.1436,74.569],[-87.4898,74.5378],[-87.116,74.5709],[-86.3057,74.621],[-86.2116,74.8157],[-85.9891,74.808],[-85.7224,74.7193],[-85.1182,74.6232],[-84.8956,74.6236],[-84.5679,74.6161],[-84.1585,74.6655],[-83.8224,74.6418],[-83.581,74.699],[-83.6136,75.0242],[-83.4487,75.0823],[-83.0738,74.9841],[-82.936,74.684],[-82.7536,74.6276],[-82.373,74.5555],[-82.0274,74.5319],[-81.7345,74.5728],[-81.4683,74.5814],[-80.3493,74.6159],[-80.5605,74.9156],[-80.4999,75.0301],[-79.6751,75.2133],[-79.4952,75.2798],[-79.5766,75.3957],[-79.7392,75.4701],[-79.8338,75.4865],[-80.128,75.5442],[-80.7661,75.6096],[-81.1761,75.7172],[-81.5316,75.8585],[-81.7031,75.875],[-82.8687,75.8811],[-83.5587,75.9049],[-84.4367,75.7945]]],[[[-107.5904,71.8988],[-108.0605,71.7571],[-108.3479,71.913],[-108.7822,72.3912],[-108.8697,72.6198],[-108.9863,72.7302],[-109.29,72.8404],[-109.8335,72.9504],[-110.4546,73.0127],[-110.5246,72.9967],[-110.0794,72.5622],[-110.2299,72.5304],[-110.5709,72.5376],[-110.8403,72.474],[-111.1966,72.371],[-111.4936,72.3625],[-111.7255,72.3306],[-111.6408,72.7253],[-112.0635,72.8432],[-112.8389,72.9527],[-113.2413,72.944],[-113.7535,72.6976],[-114.1044,72.6416],[-114.4727,72.6251],[-114.4629,72.9893],[-114.2164,73.1487],[-114.1851,73.2442],[-114.647,73.3549],[-115.1479,73.3141],[-115.4632,73.1941],[-116.0592,73.1214],[-116.6429,73.0011],[-116.8105,72.9215],[-117.2197,72.8573],[-118.3988,72.4757],[-118.9856,72.0342],[-118.9684,71.9088],[-118.6491,71.7998],[-118.3376,71.8239],[-118.0449,71.7384],[-117.7402,71.5829],[-117.4908,71.4976],[-117.3139,71.4746],[-116.604,71.546],[-115.6935,71.5789],[-115.517,71.4234],[-115.7423,71.2986],[-116.1611,71.2512],[-116.9621,71.1876],[-117.4102,71.2022],[-118.0022,71.108],[-118.3726,71.0841],[-118.4988,71.0528],[-118.5035,70.9599],[-117.7607,70.7217],[-117.4888,70.7222],[-117.059,70.7462],[-116.2966,70.7707],[-115.5905,70.7644],[-113.7641,70.7369],[-112.8902,70.646],[-111.8499,70.4247],[-111.5437,70.3254],[-111.7305,70.2559],[-112.5006,70.2391],[-112.9911,70.2382],[-113.9538,70.2594],[-114.3744,70.2586],[-115.1466,70.2725],[-115.5535,70.2334],[-115.9631,70.225],[-116.2141,70.2322],[-116.4856,70.1473],[-117.1929,70.123],[-117.4318,70.023],[-117.5682,69.9922],[-116.9949,69.7426],[-116.6562,69.5159],[-116.2955,69.4258],[-115.9066,69.3509],[-115.3407,69.2991],[-113.9246,69.2489],[-113.7168,69.204],[-113.5391,69.1138],[-113.54,68.9781],[-113.6291,68.9328],[-113.602,68.7224],[-113.1522,68.5956],[-112.7399,68.5888],[-112.5225,68.6343],[-111.6294,68.6059],[-111.0874,68.6444],[-110.4482,68.6531],[-109.2094,68.8132],[-108.6456,69.0023],[-108.0107,69.0487],[-107.5362,69.0571],[-107.0347,69.2844],[-106.8538,69.4509],[-106.5924,69.4968],[-106.3753,69.4821],[-106.1793,69.3312],[-105.9304,69.2336],[-104.9051,69.0093],[-104.1878,68.8978],[-103.6503,68.8612],[-103.1782,68.8545],[-102.5404,68.9084],[-102.2779,68.954],[-102.0451,69.0674],[-101.8084,69.1356],[-101.8037,69.2413],[-102.198,69.4823],[-102.5023,69.4288],[-102.7784,69.3603],[-103.2675,69.3291],[-103.3613,69.6391],[-103.2461,69.6924],[-102.7867,69.7084],[-102.4875,69.8],[-102.2395,69.8763],[-101.8139,69.7709],[-101.4493,69.6654],[-100.9671,69.6284],[-100.8913,69.674],[-101.0552,70.0308],[-101.5106,70.2061],[-102.4357,70.4654],[-103.1163,70.5103],[-103.6345,70.6248],[-103.8636,70.7015],[-104.4938,70.9939],[-104.5946,71.0479],[-104.6754,71.1873],[-104.5251,71.4596],[-104.4453,71.5688],[-104.4671,71.6545],[-104.8523,71.9274],[-105.0104,72.0447],[-105.2405,72.3349],[-105.3126,72.6501],[-105.4475,72.7922],[-105.6093,72.8711],[-106.5232,73.1949],[-107.3221,73.265],[-108.1815,73.3829],[-108.284,73.2234],[-108.0866,72.6291],[-107.5273,72.0164],[-107.5904,71.8988]]],[[[-155.9729,71.1455],[-156.0432,71.223],[-156.3471,71.3313],[-156.474,71.3544],[-156.9047,71.3459],[-157.3179,71.1585],[-157.8119,70.9714],[-158.4169,70.9083],[-158.8552,70.8843],[-159.3694,70.8988],[-160.2403,70.8585],[-160.2483,70.7656],[-159.9096,70.6041],[-159.861,70.5404],[-143.608,68.6496],[-128.3675,66.8766],[-112.0271,66.1886],[-92.8939,62.126],[-92.5792,62.2693],[-92.1022,62.4118],[-91.8909,62.6036],[-92.4553,62.7941],[-92.2902,62.9152],[-92.0604,62.8872],[-91.4175,62.8529],[-90,62.9462],[-90,63.0961],[-90,63.1815],[-90,63.3024],[-91.0267,63.3946],[-91.6417,63.5147],[-92.351,63.5848],[-93.3169,63.9736],[-91.9838,63.8286],[-91.5862,63.7935],[-90,63.6091],[-90,63.5614],[-89.8704,63.5752],[-89.8615,63.6467],[-90,63.9039],[-89.9945,64.0328],[-89.9727,64.1905],[-89.4948,64.0194],[-89.0774,63.9629],[-88.7045,63.9851],[-88.3771,64.0573],[-87.9918,64.2517],[-87.4352,64.5689],[-87.1573,65.0596],[-87.6163,65.0734],[-88.1714,65.1304],[-88.9044,65.3252],[-89.6924,65.6733],[-90,65.7679],[-90,65.8931],[-90,65.9716],[-90,65.9736],[-89.7776,65.98],[-89.5087,65.9292],[-89.1774,65.8129],[-88.642,65.7117],[-88.5409,65.6754],[-88.1735,65.4575],[-87.7869,65.3491],[-87.5498,65.3495],[-87.254,65.4301],[-86.3337,65.9279],[-86.0587,66.0748],[-85.9871,66.1628],[-86.5769,66.3524],[-86.8531,66.462],[-86.739,66.5651],[-85.9032,66.6182],[-85.3868,66.6118],[-85.1185,66.3331],[-84.9495,66.2747],[-84.37,66.3125],[-84.0587,66.2764],[-83.7405,66.3063],[-84.4077,66.7094],[-85.0216,66.9441],[-84.7139,67.0703],[-84.4904,67.0485],[-84.2264,66.9309],[-83.482,66.4977],[-83.1387,66.3735],[-82.6335,66.6023],[-82.33,66.6396],[-81.6967,66.9873],[-81.4992,67.0689],[-81.2844,67.3579],[-81.295,67.4987],[-81.7937,67.7578],[-82.1783,67.9954],[-82.493,68.3233],[-82.6318,68.5551],[-82.6873,68.6975],[-82.3278,68.8183],[-82.2096,68.8185],[-81.8865,68.579],[-81.7771,68.5567],[-81.583,68.602],[-81.3699,68.7224],[-81.4799,69.1886],[-81.684,69.2788],[-81.9328,69.2481],[-82.1605,69.2477],[-82.7567,69.5488],[-84.3135,69.8262],[-84.5702,69.8333],[-84.7595,69.8026],[-85.1134,69.8171],[-85.3811,69.6953],[-85.4207,69.2944],[-85.0076,69.1368],[-84.5644,68.987],[-84.6246,68.7539],[-84.7727,68.7236],[-85.3998,68.76],[-85.5063,68.6772],[-85.6695,68.3398],[-85.7817,68.0408],[-86.051,67.854],[-86.395,67.6749],[-86.4884,67.3778],[-86.6545,67.3182],[-87.0579,67.2434],[-87.3254,67.1689],[-87.534,67.2943],[-87.8084,67.5163],[-88.3239,67.8125],[-88.4815,67.991],[-88.462,68.1776],[-88.3711,68.3123],[-88.0131,68.2681],[-87.8615,68.2834],[-87.7903,68.478],[-87.8844,68.6803],[-88.0974,68.8526],[-88.5761,69.1],[-88.905,69.2276],[-89.1404,69.2347],[-89.4411,69.0457],[-89.7356,68.5343],[-90,68.3691],[-90,68.6832],[-90,68.9534],[-90,69.1636],[-90,69.2314],[-90,69.33],[-90,69.489],[-91.1725,69.6467],[-91.441,69.6462],[-91.6151,69.5853],[-91.9773,69.6073],[-92.4593,69.7125],[-92.6712,69.7424],[-92.4842,69.9933],[-92.2708,70.1161],[-91.8278,70.1323],[-91.6577,70.2858],[-92.1681,70.5077],[-92.532,70.7304],[-93.0995,70.9688],[-92.9889,71.2402],[-93.0769,71.411],[-93.2712,71.5585],[-93.8381,71.7603],[-94.1658,71.8457],[-94.4172,71.8843],[-95.2458,71.875],[-95.4106,71.859],[-95.6587,71.71],[-95.7621,71.6942],[-95.6718,71.5696],[-95.3527,71.4067],[-95.4304,71.2512],[-95.493,71.2355],[-95.9575,71.3512],[-96.1316,71.3353],[-96.3983,71.2028],[-96.6592,70.9312],[-96.6997,70.8384],[-96.1653,70.6696],[-95.9467,70.5699],[-96.3255,70.3615],[-96.4741,70.2998],[-96.464,70.1542],[-96.4226,70.093],[-96.127,69.9408],[-95.697,69.843],[-95.3096,69.7375],[-94.7496,69.6552],[-94.4232,69.6937],[-94.0367,69.5505],[-93.7307,69.4981],[-93.3272,69.4837],[-92.9925,69.5146],[-92.9561,69.0843],[-92.9855,68.9638],[-93.1943,69.0387],[-93.5271,69.219],[-93.7844,69.2185],[-93.9798,69.1427],[-94.3425,69.1119],[-94.5831,68.8781],[-94.1384,68.8413],[-93.7739,68.9247],[-93.6358,68.925],[-93.4669,68.7674],[-93.3992,68.6025],[-93.4141,68.5425],[-93.6468,68.4746],[-93.8627,68.4742],[-94.084,68.4513],[-94.637,68.069],[-95.0021,68.0534],[-95.3225,68.0603],[-95.4388,67.9408],[-95.5004,67.7247],[-95.2907,67.2798],[-95.2587,67.0284],[-95.6865,67.1681],[-96.043,67.2118],[-96.1228,67.2412],[-96.2596,67.3151],[-96.3402,67.5448],[-96.211,67.9319],[-96.1681,67.9916],[-96.2079,68.0736],[-96.4321,68.1627],[-96.8183,68.1844],[-97.21,68.2734],[-97.5718,68.3699],[-97.8304,68.3994],[-98.3671,68.361],[-98.4071,68.159],[-97.7876,68.1303],[-97.4582,68.0712],[-97.1586,67.9674],[-97.1512,67.7365],[-97.2607,67.5951],[-97.4955,67.5872],[-97.9231,67.7202],[-98.3549,67.9353],[-98.886,67.8152],[-99.3677,67.7919],[-100.2119,67.8052],[-101.002,67.7963],[-101.3974,67.7063],[-101.913,67.7053],[-102.218,67.7419],[-102.7631,67.8004],[-103.1961,67.8965],[-103.3075,67.9335],[-103.5827,68.1195],[-104.0189,68.0739],[-104.4543,68.1029],[-105.1419,68.2286],[-105.636,68.3549],[-105.912,68.3394],[-106.1186,68.2418],[-106.2119,68.1071],[-106.6296,68.0392],[-107.5045,67.9778],[-107.662,67.9626],[-107.7165,67.6276],[-107.6514,67.4272],[-107.5938,67.3383],[-107.1562,67.043],[-107.1282,66.9618],[-107.4058,66.9022],[-107.6111,66.8797],[-107.6002,66.7396],[-107.5276,66.563],[-108.348,67.0039],[-108.4852,67.0701],[-108.3277,67.1814],[-108.1011,67.2188],[-108.095,67.3596],[-108.6462,67.5589],[-108.8354,67.6106],[-109.4888,67.6911],[-110.1334,67.9058],[-110.532,67.92],[-110.9541,67.8745],[-111.3567,67.8216],[-111.7798,67.7464],[-112.1119,67.7234],[-112.5025,67.693],[-113.2898,67.6989],[-114.0663,67.7346],[-115.5617,67.8957],[-115.4021,68.2169],[-115.0201,68.2775],[-114.7654,68.3004],[-114.3447,68.2862],[-114.1087,68.3465],[-114.1945,68.4962],[-114.3896,68.6083],[-114.8315,68.7651],[-115.2851,68.8921],[-115.6898,68.9365],[-116.32,68.8977],[-116.8132,68.9118],[-117.328,68.9786],[-117.8323,69.0078],[-118.5395,69.1346],[-118.818,69.1642],[-119.2789,69.2615],[-119.979,69.3781],[-120.2216,69.4184],[-120.8499,69.5686],[-121.6351,69.7643],[-122.3261,69.8845],[-122.8353,69.8911],[-123.0507,69.8603],[-123.2919,69.6399],[-123.8028,69.4345],[-124.2253,69.4034],[-124.6,69.4632],[-124.5081,69.5921],[-124.5344,69.7816],[-124.7069,69.9408],[-124.9893,69.8947],[-125.1396,69.8337],[-125.3862,69.818],[-125.4177,69.6965],[-125.1877,69.4092],[-125.2774,69.341],[-125.4546,69.3331],[-125.974,69.4304],[-126.0579,69.4605],[-126.6185,69.6791],[-126.7952,69.785],[-126.9971,70.0204],[-127.1663,70.2347],[-127.3517,70.3803],[-127.6673,70.5182],[-128.0111,70.6408],[-128.4159,70.6863],[-128.1212,70.4865],[-127.8055,70.3102],[-127.7255,70.1876],[-127.9398,70.0799],[-128.3091,69.995],[-128.7238,69.8725],[-129.0131,69.7202],[-129.9427,69.6426],[-130.4636,69.4674],[-130.8958,69.3003],[-131.673,69.2762],[-131.9994,69.0869],[-132.175,68.981],[-132.7133,68.8671],[-132.789,68.7091],[-132.6904,68.4616],[-133.3389,68.7982],[-133.7196,68.9179],[-133.4132,69.137],[-132.6179,69.2517],[-132.3032,69.4867],[-131.7544,69.6089],[-131.1946,69.6858],[-130.7033,69.8537],[-130.208,69.9154],[-130.0498,69.9689],[-129.8495,70.1507],[-130.2418,70.2059],[-130.7119,70.205],[-131.0591,70.1583],[-131.2355,70.0737],[-131.4462,69.9663],[-131.7766,69.9276],[-132.1665,69.8889],[-132.508,69.8579],[-132.8031,69.7586],[-133.0022,69.7583],[-133.1413,69.6746],[-133.6476,69.5069],[-133.9948,69.5063],[-134.776,69.573],[-134.8438,69.5274],[-135.104,69.4966],[-135.4392,69.5263],[-136.044,69.336],[-136.0149,69.1472],[-135.8595,69.0797],[-135.6989,68.9895],[-135.4958,68.719],[-135.6102,68.7038],[-135.8033,68.7711],[-136.2031,68.8756],[-136.9316,68.9495],[-137.2609,68.964],[-137.7285,69.0158],[-138.2751,69.1355],[-138.9955,69.3683],[-139.9007,69.571],[-140.3346,69.6232],[-140.7394,69.5846],[-141.0593,69.5955],[-141.1614,69.5989],[-141.704,69.7344],[-142.8025,70.0903],[-143.3076,70.1968],[-144.3603,70.1334],[-145.2725,70.1164],[-145.607,70.1924],[-146.1826,70.2681],[-147.7235,70.3267],[-148.1208,70.3798],[-148.7406,70.494],[-149.2863,70.5392],[-149.9385,70.4995],[-150.6386,70.4751],[-151.1442,70.4818],[-151.7256,70.5347],[-151.915,70.4958],[-152.1371,70.5339],[-152.4895,70.6952],[-152.6512,70.8185],[-152.9712,70.934],[-153.2931,70.9489],[-153.7711,70.9712],[-154.4613,70.9932],[-155.0999,71.0773],[-155.2337,70.984],[-155.4748,70.8519],[-155.6658,70.867],[-156.138,70.9281],[-156.1455,71.0831],[-155.9729,71.1455]]],[[[-101.8056,76.4427],[-101.8849,76.3327],[-101.6755,76.0635],[-101.9398,76.0378],[-102.1834,75.9282],[-102.516,75.9193],[-102.5336,75.7686],[-102.1496,75.644],[-102.0009,75.6527],[-101.5779,75.6869],[-100.6194,75.7889],[-100.097,75.7648],[-99.8957,75.615],[-99.9355,75.5399],[-100.1303,75.4896],[-100.474,75.3147],[-100.3871,75.1824],[-99.9442,75.0841],[-99.2935,75.0853],[-98.9058,75.1356],[-98.1638,75.0957],[-98.0016,75.1621],[-98.159,75.4435],[-98.1515,75.6016],[-97.7778,75.7525],[-97.6667,75.8614],[-97.6513,76.1384],[-97.8165,76.4757],[-97.9637,76.5517],[-98.2862,76.6274],[-98.6148,76.6778],[-98.8299,76.6179],[-98.9029,76.4144],[-99.0244,76.4226],[-99.2816,76.4983],[-99.7466,76.6162],[-100.0674,76.675],[-100.4976,76.6487],[-100.6937,76.6059],[-100.5105,76.4452],[-100.3435,76.3863],[-99.9122,76.1678],[-99.8665,76.0585],[-100.0738,76.0162],[-100.2654,76.0998],[-101.1395,76.4355],[-101.526,76.5364],[-101.7463,76.5445],[-101.8056,76.4427]]],[[[-75.9249,82.5174],[-76.0842,82.5387],[-76.6199,82.7436],[-77.0741,82.863],[-77.9488,82.949],[-78.6985,83.0025],[-79.7707,82.9119],[-80.4146,82.8666],[-80.9099,82.756],[-81.5226,82.6893],[-81.6543,82.5805],[-81.287,82.3875],[-80.5353,82.229],[-79.8906,82.0399],[-80.0924,81.9659],[-80.7498,82.0381],[-81.3906,82.0788],[-82.57,82.2246],[-83.7227,82.286],[-84.0581,82.2853],[-84.9466,82.3795],[-85.7382,82.335],[-86.3244,82.2058],[-86.503,82.0362],[-86.6818,81.9937],[-87.4533,82.1398],[-88.0714,82.1278],[-88.6398,82.0738],[-90,82.0173],[-90,82.0065],[-90,81.9742],[-91.2186,81.8373],[-91.0799,81.5385],[-90,81.4507],[-90,81.4443],[-90,81.4427],[-89.5592,81.4177],[-89.2453,81.2386],[-89.1925,81.0964],[-89.4974,81.0858],[-89.6752,81.0262],[-89.4189,80.9131],[-89.2355,80.8636],[-88.3217,81.1657],[-86.4368,81.3932],[-85.811,81.3945],[-85.1924,81.3245],[-84.9196,81.2133],[-84.923,81.1224],[-85.3641,80.9907],[-85.5038,80.6181],[-84.793,80.7824],[-83.8209,80.7745],[-83.5765,80.8446],[-83.4803,80.8946],[-82.7907,80.6974],[-82.527,80.7276],[-81.8759,80.7488],[-81.2345,80.8395],[-80.6474,80.9105],[-80.0879,81.0218],[-78.9623,81.0342],[-78.3209,80.9654],[-77.5209,80.7499],[-78.1572,80.7268],[-78.6779,80.6762],[-79.5967,80.6447],[-80.2847,80.5449],[-81.0637,80.5335],[-81.7187,80.3854],[-82.2626,80.051],[-81.3557,79.9081],[-80.7316,79.6585],[-81.1063,79.7011],[-81.7581,79.6819],[-82.8985,80.0347],[-83.6184,80.2067],[-84.5268,80.2339],[-85.3841,80.2321],[-86.1701,80.279],[-86.3109,80.2302],[-86.3224,80.1143],[-85.693,79.7192],[-85.5105,79.8279],[-83.9109,79.2566],[-83.1269,79.1156],[-81.5972,78.7546],[-82.1068,78.7363],[-82.3256,78.6653],[-82.9293,78.717],[-83.84,78.8568],[-84.4563,78.891],[-84.98,78.9077],[-85.8068,78.9062],[-86.3038,78.8344],[-86.8254,78.5861],[-86.9172,78.2452],[-86.6332,78.2966],[-86.5099,78.2969],[-85.6262,78.2285],[-84.8434,78.1596],[-84.9385,78.0901],[-84.8683,77.7077],[-84.4071,77.6307],[-83.0486,77.6312],[-83.2798,77.4946],[-83.3188,77.374],[-83.6917,77.313],[-84.4417,77.303],[-84.9299,77.3451],[-85.5376,77.4903],[-86.0361,77.7228],[-86.4357,77.8175],[-87.22,77.8594],[-87.8125,77.8756],[-88.0276,77.8231],[-88.0512,77.7536],[-87.5818,77.4606],[-87.0992,77.2807],[-87.3234,77.2031],[-87.8539,77.2192],[-88.2863,77.1412],[-88.5607,77.0294],[-89.247,76.9768],[-89.3457,76.8742],[-89.4181,76.6103],[-88.5888,76.4678],[-88.3102,76.5361],[-88.1834,76.7401],[-87.8947,76.6811],[-87.2727,76.5042],[-86.8353,76.4712],[-85.8109,76.4562],[-85.0371,76.4069],[-84.6675,76.4668],[-84.5594,76.5432],[-84.7964,76.8658],[-84.6219,76.8917],[-84.1572,76.6798],[-83.7633,76.5363],[-83.088,76.4783],[-82.4236,76.4711],[-82.5724,76.6997],[-82.5719,76.7763],[-81.9179,76.6331],[-81.634,76.6336],[-81.3823,76.6511],[-81.0236,76.3639],[-80.8135,76.2377],[-80.3119,76.2724],[-79.8375,76.3746],[-79.4203,76.426],[-78.2123,76.5468],[-77.8041,76.7258],[-77.8243,76.8876],[-78.1214,77.0407],[-79.0219,77.0561],[-79.7119,77.1318],[-80.5034,77.1903],[-81.4728,77.2399],[-81.6384,77.2654],[-82.1024,77.3161],[-81.5539,77.5411],[-81.1003,77.5765],[-80.4571,77.4742],[-79.5395,77.4242],[-78.8554,77.3738],[-78.5105,77.4434],[-78.2186,77.5733],[-78.1824,77.6772],[-78.3668,78.0329],[-78.1768,78.0681],[-77.4073,77.9911],[-77.0171,77.9745],[-76.2906,78.0107],[-76.1432,78.072],[-76.4848,78.1841],[-76.6185,78.2983],[-76.4376,78.3775],[-76.236,78.3516],[-75.753,78.3612],[-75.5213,78.6783],[-75.0574,78.7321],[-74.9089,78.8208],[-74.9631,79.1223],[-75.2138,79.193],[-76.2538,79.3248],[-76.7334,79.3329],[-77.2992,79.2856],[-77.2388,79.5827],[-76.3347,79.6113],[-75.1737,79.5149],[-74.693,79.5248],[-74.1091,79.5349],[-73.6739,79.5177],[-73.376,79.5811],[-74.5423,79.8941],[-74.2455,80.0427],[-73.1718,79.969],[-72.5138,79.8708],[-71.7998,79.8542],[-71.4545,79.8458],[-70.4205,80.0504],[-70.2185,80.1374],[-70.5111,80.5454],[-69.4975,80.5475],[-69.0818,80.6763],[-68.5462,80.836],[-67.9541,80.937],[-67.0099,81.17],[-66.4817,81.3029],[-65.8606,81.3959],[-65.2998,81.4584],[-65.2243,81.5098],[-65.5879,81.705],[-65.9434,81.7146],[-66.7106,81.5889],[-67.1738,81.5674],[-67.5164,81.5873],[-67.8538,81.752],[-67.5852,81.9613],[-66.7236,82.0367],[-66.3745,82.1007],[-65.3467,82.1029],[-64.3605,82.0313],[-63.9206,82.0112],[-63.0887,82.0973],[-62.5464,82.2574],[-61.9894,82.3119],[-61.8163,82.473],[-62.4271,82.6336],[-63.1851,82.6536],[-63.5199,82.6963],[-64.0098,82.7824],[-64.6485,82.8248],[-64.7053,82.8247],[-65.0458,82.8787],[-65.4809,82.8997],[-66.8249,82.9077],[-67.6963,82.8728],[-68.9231,83.0022],[-70.5843,83.176],[-71.0681,83.1415],[-70.9194,82.9316],[-70.8996,82.8109],[-71.1777,82.8103],[-71.5518,82.9633],[-71.9259,83.0841],[-72.5595,83.1048],[-73.3612,83.103],[-73.2259,82.8605],[-73.2534,82.7729],[-73.4236,82.7835],[-74.1611,82.9906],[-74.905,83.022],[-75.7293,83.0978],[-76.3821,83.1519],[-76.6065,83.0404],[-76.234,82.9088],[-75.8021,82.6801],[-75.9249,82.5174]]],[[[-56.1822,74.1206],[-55.9885,73.9205],[-51.8203,74.2131],[-52.0586,74.7049],[-58.8297,78.238],[-65.1527,79.3135],[-65.1645,79.3104],[-65.3041,79.2209],[-65.4849,79.1582],[-66.3587,79.1744],[-66.8543,79.1289],[-67.9691,79.1268],[-68.3485,79.0905],[-68.8385,78.9741],[-69.2663,78.7962],[-69.8468,78.7598],[-70.7802,78.6873],[-71.4628,78.6243],[-72.0188,78.5792],[-72.3832,78.5257],[-72.5453,78.3235],[-72.5254,78.1661],[-71.8884,77.9494],[-71.6695,77.9151],[-71.343,77.9418],[-71.0452,77.9163],[-70.678,77.8301],[-70.3795,77.6661],[-69.9936,77.5804],[-69.6875,77.5551],[-69.2921,77.599],[-68.9532,77.6342],[-68.4412,77.5833],[-67.8518,77.5931],[-67.3523,77.7065],[-66.8047,77.7768],[-66.4356,77.6822],[-66.1534,77.5532],[-66.1778,77.398],[-66.3093,77.3547],[-66.7838,77.2593],[-67.7363,77.1889],[-68.3406,77.1963],[-69.2521,77.2117],[-70.6184,77.2778],[-71.1839,77.2595],[-71.4483,77.1219],[-71.057,77.0285],[-70.5,76.8333],[-70.2167,76.8253],[-69.851,76.792],[-68.8562,76.7854],[-68.3763,76.7778],[-68.1859,76.7016],[-68.1444,76.5998],[-68.353,76.5486],[-69.0448,76.2938],[-67.6191,76.019],[-67.0367,75.9362],[-66.5634,75.9287],[-66.5404,75.9707],[-66.6839,76.3067],[-66.0268,76.1732],[-65.4745,76.0986],[-64.8359,76.167],[-64.4734,76.2519],[-64.0038,76.2949],[-63.6508,76.3799],[-62.9162,76.3645],[-62.4676,76.34],[-61.5075,76.2575],[-60.6511,76.1077],[-59.7835,75.9165],[-59.0683,75.8425],[-58.6357,75.7933],[-58.2285,75.6106],[-58.2053,75.2952],[-58.0746,75.2045],[-57.7743,75.0895],[-56.9394,74.919],[-56.6795,74.7006],[-56.1822,74.1206]]],[[[-79.0823,70.6495],[-79.0717,72.0054],[-79.1281,72.1716],[-79.1254,72.2894],[-79.3296,72.3676],[-79.6854,72.3827],[-79.9533,72.3429],[-80.0808,72.1384],[-80.5704,71.9964],[-80.8631,72.0115],[-81.0268,72.0503],[-81.0436,72.3801],[-80.7247,72.6646],[-80.4625,72.9736],[-80.4887,73.037],[-81.1799,73.4733],[-81.5318,73.6884],[-81.9064,73.7517],[-82.1952,73.7752],[-82.6968,73.7822],[-83.4561,73.6368],[-83.9261,73.58],[-84.5055,73.4911],[-84.8623,73.3548],[-84.3076,73.1967],[-83.8848,73.0704],[-84.564,73.0453],[-85.107,73.084],[-85.5057,72.9404],[-85.5295,72.6951],[-85.5044,72.6082],[-85.1473,72.4827],[-84.8311,72.4676],[-84.2893,72.2561],[-84.6658,72.224],[-85.1165,72.2781],[-85.3293,72.1913],[-85.5571,72.0811],[-85.6025,72.0104],[-85.2047,71.7687],[-85.0146,71.7066],[-84.6889,71.6604],[-84.5348,71.5359],[-84.4884,71.3493],[-84.7826,71.0617],[-85.4594,71.107],[-85.891,71.1217],[-85.8585,71.2613],[-85.2862,71.41],[-85.2431,71.4645],[-85.9447,71.7439],[-86.3325,71.9934],[-86.4483,72.1343],[-86.414,72.315],[-86.2142,72.4492],[-86.7794,72.6927],[-86.8554,72.8587],[-86.662,73.0969],[-86.035,73.3845],[-85.668,73.6006],[-85.2542,73.7775],[-85.6398,73.8649],[-86.2462,73.8798],[-86.8924,73.8305],[-87.212,73.7898],[-87.4284,73.7333],[-87.7426,73.7327],[-87.9091,73.6524],[-88.0992,73.6361],[-88.4325,73.4677],[-88.8457,73.3235],[-89.1002,73.1957],[-89.6386,72.7823],[-89.8407,72.4267],[-89.8209,72.348],[-89.3341,72.1681],[-89.3705,72.0661],[-89.661,72.042],[-89.814,71.979],[-89.9458,71.7285],[-89.9972,71.5413],[-89.435,71.4412],[-89.1925,71.4338],[-88.8542,71.45],[-88.3564,71.3965],[-87.9492,71.3506],[-87.5892,71.227],[-87.1688,71.0186],[-87.3091,70.9332],[-87.7047,70.9248],[-88.2504,70.9701],[-88.7595,71.0001],[-89.1498,70.9685],[-89.205,70.8447],[-89.0185,70.6753],[-88.4322,70.4608],[-87.948,70.3849],[-87.4017,70.3629],[-87.1215,70.4018],[-86.9435,70.5559],[-86.5369,70.5336],[-86.3733,70.4647],[-86.3719,70.1961],[-85.9839,70.1126],[-85.4681,70.0982],[-84.8737,70.1146],[-83.976,70.0398],[-83.3129,69.9571],[-82.9262,70.0112],[-82.614,69.9584],[-82.2692,69.8604],[-81.9858,69.9292],[-81.8072,69.9827],[-81.5956,69.9603],[-80.8294,69.7114],[-80.9461,69.9084],[-81.138,70.0145],[-81.1578,70.1063],[-81.0128,70.1831],[-80.7126,70.1531],[-80.1936,70.0316],[-79.8256,69.9181],[-79.485,69.8959],[-79.2414,69.8812],[-78.9403,69.9121],[-78.7129,70.0114],[-78.7438,70.1491],[-78.941,70.2713],[-80.2184,70.5916],[-80.4223,70.6143],[-80.6605,70.7526],[-80.49,70.8147],[-80.2701,70.7765],[-79.7405,70.6695],[-79.3759,70.5855],[-79.1011,70.6553],[-79.0823,70.6495]]]]},"properties":{"NAME":"Thule","SUBJECTO":"Thule","PARTOF":"Thule","BORDERPRECISION":1,"LINK":null}},
{"type":"Feature","geometry":{"type":"Polygon","coordinates":[[[-58.1277,49.4956],[-57.8142,49.2015],[-57.974,49.0834],[-58.1056,49.0831],[-58.2311,49.1091],[-58.392,49.0368],[-58.6805,48.7026],[-58.1395,48.5991],[-58.4257,48.4482],[-58.6518,48.3759],[-58.982,48.1924],[-59.2345,48.0417],[-59.3185,47.9633],[-59.2217,47.7547],[-59.1566,47.6701],[-58.7004,47.7362],[-58.0905,47.7634],[-57.6354,47.7252],[-57.123,47.6414],[-56.8037,47.616],[-56.3301,47.6365],[-56.1456,47.7346],[-56.0789,47.8652],[-55.7385,47.8724],[-55.7561,47.6506],[-55.6977,47.5791],[-55.5127,47.5859],[-55.3675,47.7949],[-55.0971,47.7693],[-54.7826,47.7112],[-55.067,47.5477],[-55.2767,47.3127],[-55.8296,47.1293],[-55.9039,47.064],[-55.8042,46.9666],[-55.4079,46.9479],[-55.1845,47.098],[-54.9362,47.3394],[-54.7405,47.431],[-54.5762,47.4965],[-54.3858,47.6272],[-54.2114,47.8036],[-54.0857,47.7713],[-53.8963,47.5565],[-53.9013,47.4066],[-54.1251,47.1131],[-54.0824,46.9895],[-53.9142,46.9963],[-53.6437,47.1792],[-53.6249,46.8863],[-53.4893,46.8215],[-53.1696,46.7636],[-53.0696,46.7313],[-52.9165,47.0243],[-52.8042,47.3176],[-52.7286,47.4545],[-52.7352,47.5457],[-52.7737,47.5391],[-53.0958,47.5515],[-53.1628,47.6753],[-53.1184,47.8775],[-53.3556,47.9488],[-53.4943,47.8311],[-53.5768,47.7397],[-53.7029,47.8438],[-53.7587,48.0263],[-53.8817,48.1893],[-53.8125,48.2482],[-53.4113,48.2947],[-53.2293,48.4061],[-53.115,48.5239],[-53.1239,48.5958],[-53.249,48.6478],[-53.4578,48.5886],[-53.6455,48.5163],[-53.7626,48.5226],[-53.9768,48.6856],[-54.1296,48.8357],[-53.8108,49.0457],[-53.6429,49.1507],[-53.5091,49.2819],[-53.7862,49.3862],[-54.1579,49.4771],[-54.4811,49.5027],[-54.6199,49.4763],[-54.7662,49.2926],[-55.1073,49.2788],[-55.7476,49.533],[-55.8508,49.5656],[-55.9684,49.6571],[-55.5654,49.9661],[-56.0671,50.1033],[-56.2731,50.0173],[-56.4904,49.7676],[-56.6831,49.6885],[-56.7326,49.6884],[-56.7836,49.8194],[-56.6615,50.0561],[-56.11,50.7032],[-55.7703,51.0541],[-55.9274,51.2522],[-55.8185,51.3119],[-55.5565,51.3257],[-55.422,51.4252],[-55.4716,51.5245],[-55.5608,51.5574],[-56.1524,51.4701],[-56.3755,51.3836],[-56.7015,51.1845],[-57.3556,50.5952],[-57.8601,49.9879],[-58.0923,49.594],[-58.1277,49.4956]]]},"properties":{"NAME":"Beothuk","SUBJECTO":"Beothuk","PARTOF":"Beothuk","BORDERPRECISION":1,"LINK":null}},
{"type":"Feature","geometry":{"type":"MultiPolygon","coordinates":[[[[-155.9313,20.2837],[-156.0091,20.2631],[-156.0324,20.1959],[-155.9624,20.0789],[-155.9466,19.9892],[-156.1633,19.8084],[-156.0542,19.5035],[-156.0342,19.1057],[-155.7828,18.9455],[-155.6501,19.1367],[-155.482,19.24],[-155.1372,19.3279],[-155.0599,19.4196],[-154.9477,19.4829],[-154.92,19.5552],[-155.0576,19.6224],[-155.1115,19.7515],[-155.2185,19.7722],[-155.2117,19.8962],[-155.4788,20.0874],[-155.7722,20.2129],[-155.9313,20.2837]]],[[[-158.3136,21.5752],[-158.4663,21.5706],[-158.4344,21.452],[-158.2976,21.2765],[-158.1517,21.2993],[-158.0719,21.297],[-158.0218,21.2377],[-157.8964,21.2514],[-157.8416,21.2902],[-157.9465,21.4156],[-158.0468,21.4589],[-158.0947,21.5911],[-158.1791,21.6891],[-158.3136,21.5752]]],[[[-156.1185,20.7901],[-156.3959,20.9502],[-156.5508,20.9747],[-156.7157,21.0691],[-156.78,21.0432],[-156.8225,20.9399],[-156.615,20.7952],[-156.5764,20.6351],[-156.5067,20.5989],[-156.253,20.6299],[-156.1209,20.7126],[-156.1185,20.7901]]]]},"properties":{"NAME":"Polynesians","SUBJECTO":"Polynesians","PARTOF":"Polynesians","BORDERPRECISION":1,"LINK":null}},
{"type":"Feature","geometry":{"type":"Polygon","coordinates":[[[33.7805,35.2081],[34.0484,35.4079],[34.2447,35.5118],[34.4582,35.6446],[34.2173,35.5736],[33.9073,35.4368],[33.539,35.3317],[33.3737,35.3065],[33.0775,35.3186],[32.7951,35.3606],[32.8191,35.2817],[32.7795,35.1529],[32.745,35.1143],[32.597,35.1556],[32.4831,35.1529],[32.301,35.0163],[32.2345,35.0136],[32.1805,35.0583],[32.1437,35.0425],[32.1985,34.8614],[32.271,34.8142],[32.2711,34.7197],[32.3572,34.6803],[32.6034,34.6147],[32.7841,34.6252],[32.8167,34.5386],[32.9145,34.5413],[32.9145,34.6357],[32.9586,34.6593],[33.1314,34.6803],[33.4839,34.7958],[33.5385,34.9442],[33.6858,34.9349],[33.7326,34.9086],[33.792,34.9574],[33.9247,34.9532],[33.7727,35.1293],[33.7805,35.2081]]]},"properties":{"NAME":"Cyprus","SUBJECTO":"Cyprus","PARTOF":"Cyprus","BORDERPRECISION":1,"LINK":null}},
{"type":"Feature","geometry":{"type":"MultiPolygon","coordinates":[[[[140.0126,41.3818],[140.1125,41.2731],[140.2686,41.3247],[140.4429,41.5364],[140.5889,41.6777],[140.706,41.6972],[140.8434,41.6398],[140.9793,41.6529],[141.155,41.7493],[141.0195,41.8709],[140.7677,42.005],[140.2455,42.2284],[140.2234,42.3631],[140.4215,42.4854],[140.5409,42.537],[140.6935,42.5501],[140.8607,42.39],[140.9296,42.2555],[141.3969,42.5194],[141.721,42.5393],[141.9281,42.5013],[142.8423,42.0669],[143.0335,41.9582],[143.2138,41.9265],[143.3304,42.1961],[143.5086,42.421],[143.8479,42.7746],[144.0028,42.8777],[144.1664,42.9422],[144.3701,42.949],[144.5902,42.8596],[144.7542,42.8663],[144.9947,42.9374],[145.1959,43.047],[145.4481,43.1696],[145.3596,43.33],[145.1486,43.5995],[145.0594,43.7858],[145.2099,44.0369],[145.3486,44.198],[145.3476,44.243],[145.14,44.1783],[144.7504,43.8816],[144.6138,43.8428],[144.4866,43.8618],[144.0281,43.9509],[143.7902,44.0276],[143.5082,44.1558],[143.0205,44.4637],[142.539,44.8427],[142.1322,45.2097],[141.904,45.4031],[141.8753,45.4354],[141.5974,45.2797],[141.5228,45.1826],[141.5666,44.9696],[141.7457,44.6286],[141.7427,44.2488],[141.7094,43.9142],[141.5067,43.8045],[141.3019,43.7205],[141.3036,43.187],[141.0642,43.0966],[140.8966,43.1348],[140.5989,43.327],[140.4982,43.3204],[140.3736,43.1852],[140.5168,43.057],[140.4998,42.8964],[140.209,42.7289],[139.974,42.6514],[139.7117,42.4776],[139.7772,42.1121],[139.8525,42.0352],[140.0997,41.946],[140.1245,41.7922],[139.9777,41.5035],[140.0126,41.3818]]],[[[143.0569,53.062],[142.8639,53.3409],[142.6749,53.5402],[142.2141,53.2997],[141.9352,53.2859],[141.767,53.2723],[141.6896,53.1657],[141.841,52.96],[141.8115,52.628],[141.6497,52.3029],[141.5982,52.2167],[141.6432,51.8131],[142.0166,51.4306],[142.1124,51.2196],[142.1529,50.89],[142.0851,50.3043],[142.0828,49.7077],[142.0491,49.3547],[141.9214,48.9431],[141.7396,48.8073],[141.7678,48.7015],[141.8892,48.454],[141.9775,48.2847],[142.0365,47.9593],[141.8106,47.6756],[141.7318,47.4712],[141.9094,47.0734],[141.6228,46.558],[141.7084,46.1398],[141.8983,45.9148],[142.1877,46.3229],[142.3273,46.5631],[142.5138,46.6996],[142.6148,46.7128],[143.0043,46.5774],[143.3034,46.0112],[143.4448,46.5717],[143.2365,46.8633],[142.9933,46.9537],[142.697,47.3623],[142.6146,47.4596],[142.4899,47.9016],[142.5266,48.1621],[142.6461,48.6575],[142.854,49.1277],[143.0326,49.2195],[143.1528,49.2589],[143.5984,49.2336],[143.9729,49.0581],[144.5399,48.7533],[144.0382,49.5088],[143.6331,50.235],[143.3407,50.8858],[143.0742,51.2676],[142.9439,51.6173],[142.9449,51.9611],[143.0334,52.3122],[143.1433,52.5112],[143.1389,52.8562],[143.0569,53.062]]],[[[146.1689,43.4678],[146.2055,43.4811],[146.2102,43.4856],[146.2261,43.5256],[146.2222,43.5297],[146.2141,43.5317],[146.1735,43.5347],[146.1594,43.5458],[146.1522,43.5458],[146.1461,43.5439],[146.0808,43.5181],[146.0761,43.5133],[146.1244,43.4592],[146.1308,43.458],[146.1375,43.4589],[146.1564,43.4642],[146.1689,43.4678]]],[[[146.8749,43.8608],[146.8669,43.868],[146.8505,43.8739],[146.8427,43.875],[146.7847,43.8619],[146.6105,43.8067],[146.6047,43.8039],[146.6005,43.7986],[146.5991,43.7931],[146.5961,43.7367],[146.5986,43.7322],[146.6469,43.7072],[146.6555,43.7044],[146.6633,43.7036],[146.67,43.7044],[146.6827,43.7078],[146.7803,43.7519],[146.7975,43.76],[146.8616,43.7967],[146.905,43.84],[146.8749,43.8608]]],[[[146.36,44.4208],[146.345,44.4219],[146.3283,44.4256],[146.3033,44.4342],[146.273,44.4464],[146.2603,44.4533],[146.2427,44.4692],[146.2327,44.4769],[146.2014,44.4994],[146.195,44.5028],[146.1875,44.5058],[146.1791,44.5078],[146.1714,44.5086],[146.1608,44.5066],[146.148,44.51],[146.1339,44.5092],[146.1274,44.5072],[146.1005,44.4886],[146.0861,44.4753],[146.0816,44.4697],[146.078,44.4636],[146.0508,44.4119],[146.008,44.3392],[145.9738,44.2878],[145.9633,44.2805],[145.9516,44.275],[145.9394,44.2705],[145.9269,44.2669],[145.9211,44.2644],[145.9094,44.2589],[145.8925,44.25],[145.8872,44.2464],[145.8777,44.2372],[145.79,44.1483],[145.7639,44.1169],[145.7594,44.1114],[145.7533,44.0939],[145.7544,44.0786],[145.7558,44.0736],[145.7558,44.0686],[145.7533,44.0625],[145.7494,44.0561],[145.7447,44.0517],[145.6614,43.9922],[145.645,43.9822],[145.5525,43.9261],[145.4883,43.898],[145.4825,43.8953],[145.4097,43.8353],[145.4075,43.8294],[145.4261,43.74],[145.4375,43.7169],[145.5433,43.6508],[145.5486,43.6492],[145.5547,43.6508],[145.5594,43.6555],[145.5619,43.6614],[145.5755,43.7389],[145.5741,43.775],[145.5741,43.7856],[145.5753,43.8175],[145.5778,43.8286],[145.5803,43.8344],[145.5916,43.8536],[145.5958,43.8589],[145.6575,43.8997],[145.6725,43.8989],[145.6883,43.8961],[145.6958,43.8961],[145.7089,43.8989],[145.7628,43.9197],[145.7741,43.925],[145.7794,43.9286],[145.7869,43.9414],[145.7894,43.9472],[145.7958,43.9753],[145.7997,43.9817],[145.808,43.9925],[145.8172,44.0025],[145.8311,44.0169],[145.9308,44.1192],[145.9402,44.128],[146.0919,44.2361],[146.1028,44.2433],[146.12,44.2514],[146.1383,44.2578],[146.1575,44.2631],[146.1772,44.2667],[146.2044,44.27],[146.3297,44.2917],[146.5083,44.358],[146.535,44.3761],[146.54,44.3805],[146.5503,44.3989],[146.568,44.4383],[146.538,44.4425],[146.5205,44.4344],[146.4889,44.4256],[146.4688,44.4222],[146.36,44.4208]]],[[[148.5219,45.2872],[148.5625,45.3097],[148.5822,45.3169],[148.5919,45.3189],[148.6197,45.3203],[148.6561,45.3172],[148.6739,45.3144],[148.6827,45.3122],[148.71,45.3086],[148.7188,45.3078],[148.7561,45.3097],[148.7753,45.3133],[148.785,45.3164],[148.8253,45.335],[148.8336,45.3405],[148.84,45.3467],[148.843,45.3528],[148.8452,45.3655],[148.8589,45.4675],[148.8564,45.4742],[148.8503,45.4811],[148.8422,45.4883],[148.7997,45.5136],[148.7908,45.5169],[148.773,45.5211],[148.7639,45.5219],[148.72,45.5244],[148.7008,45.5208],[148.5589,45.4592],[148.5403,45.4478],[148.4605,45.3922],[148.3972,45.3353],[148.3842,45.3233],[148.3702,45.305],[148.3505,45.2872],[148.3422,45.2814],[148.3219,45.2703],[148.3122,45.2672],[148.0791,45.2486],[148.0697,45.248],[148.0516,45.2494],[148.0344,45.2561],[148.0086,45.2672],[148.0003,45.273],[147.9977,45.2797],[148.0016,45.3053],[148.0019,45.3122],[148.0022,45.3253],[147.9969,45.3386],[147.96,45.4192],[147.9514,45.4225],[147.9422,45.4233],[147.9327,45.4214],[147.9041,45.4042],[147.8794,45.3867],[147.8683,45.3747],[147.8589,45.3625],[147.8561,45.3561],[147.8577,45.343],[147.8733,45.29],[147.8925,45.2367],[147.895,45.23],[147.8941,45.2236],[147.8875,45.2178],[147.878,45.2147],[147.859,45.2106],[147.8402,45.2086],[147.7833,45.1975],[147.7639,45.1897],[147.7539,45.1842],[147.7455,45.1783],[147.7133,45.1483],[147.7022,45.1364],[147.6913,45.1242],[147.6775,45.1058],[147.6691,45.0872],[147.6644,45.0811],[147.6564,45.0753],[147.6177,45.0625],[147.608,45.0594],[147.5986,45.0575],[147.5894,45.0569],[147.505,45.0439],[147.4919,44.993],[147.4864,44.9805],[147.48,44.9747],[147.3936,44.9203],[147.3105,44.8761],[147.2272,44.8361],[147.1119,44.7939],[147.1444,44.7283],[147.153,44.7253],[147.1594,44.7183],[147.1622,44.7117],[147.1639,44.6986],[147.163,44.6922],[147.1602,44.6861],[147.153,44.6736],[147.1441,44.6614],[147.1064,44.6253],[147.0983,44.6194],[147.0064,44.5717],[146.9408,44.5544],[146.8469,44.4769],[146.838,44.4647],[146.8355,44.4583],[146.8322,44.4353],[146.8405,44.4155],[146.8486,44.4083],[146.8655,44.3994],[146.883,44.3969],[146.9105,44.3992],[146.93,44.4022],[146.9489,44.4086],[146.9586,44.4144],[146.9647,44.4203],[146.9736,44.4328],[146.9791,44.4453],[146.9808,44.4522],[146.9889,44.4708],[147.0025,44.4894],[147.0211,44.5075],[147.0405,44.5178],[147.0791,44.5283],[147.0883,44.5292],[147.1064,44.5292],[147.1433,44.5331],[147.1708,44.5361],[147.1803,44.538],[147.1991,44.5444],[147.2091,44.5503],[147.2253,44.5619],[147.2405,44.58],[147.2514,44.6053],[147.2822,44.6544],[147.2911,44.6669],[147.345,44.7003],[147.4694,44.773],[147.4791,44.7775],[147.4977,44.7814],[147.5075,44.7844],[147.5172,44.7889],[147.5272,44.7947],[147.5352,44.8005],[147.548,44.8125],[147.6227,44.8972],[147.6147,44.9044],[147.6061,44.9075],[147.5883,44.9117],[147.5858,44.9183],[147.5877,44.9311],[147.5905,44.9372],[147.6044,44.9556],[147.6205,44.9661],[147.6299,44.9692],[147.6394,44.9711],[147.658,44.9736],[147.6766,44.9747],[147.7039,44.9725],[147.7125,44.9694],[147.7211,44.9558],[147.7274,44.9489],[147.7358,44.9442],[147.7444,44.9411],[147.7533,44.9389],[147.7625,44.9383],[147.8488,44.9653],[147.868,44.9714],[147.8777,44.9747],[147.9167,44.9897],[147.942,45],[147.9461,45.0017],[147.9641,45.0117],[147.9772,45.0308],[147.9847,45.0431],[147.9875,45.0494],[147.9922,45.0555],[147.9986,45.0614],[148.0297,45.0847],[148.038,45.0905],[148.048,45.0964],[148.2155,45.1889],[148.2355,45.1989],[148.2655,45.2133],[148.2852,45.2208],[148.3327,45.2297],[148.3419,45.2303],[148.3713,45.235],[148.428,45.2444],[148.4472,45.248],[148.4666,45.2542],[148.4763,45.2586],[148.493,45.2703],[148.5219,45.2872]]],[[[149.5436,45.5858],[149.6739,45.6286],[149.6841,45.633],[149.6925,45.6386],[149.7841,45.7108],[149.8108,45.7344],[149.8686,45.773],[149.8788,45.7786],[149.9816,45.8336],[149.9911,45.8339],[150.0178,45.8275],[150.0269,45.8267],[150.0664,45.8475],[150.1589,45.9],[150.1941,45.9278],[150.1989,45.9325],[150.2028,45.9517],[150.2022,45.9583],[150.2127,45.9833],[150.2219,46.0019],[150.2269,46.0078],[150.2405,46.0197],[150.2508,46.025],[150.3102,46.0505],[150.4255,46.1189],[150.475,46.1594],[150.4986,46.1925],[150.4372,46.2142],[150.3524,46.2133],[150.3427,46.2117],[150.0728,46.0825],[150.0375,46.065],[149.9688,46.0297],[149.9586,46.0242],[149.9291,46.0075],[149.8905,45.9719],[149.8569,45.9231],[149.6761,45.8553],[149.6678,45.8508],[149.6628,45.8447],[149.6191,45.7903],[149.548,45.7011],[149.4811,45.6083],[149.4735,45.6033],[149.4608,45.5997],[149.4508,45.5955],[149.4422,45.5897],[149.4375,45.5836],[149.4408,45.5808],[149.5244,45.5825],[149.5339,45.5828],[149.5436,45.5858]]],[[[150.8672,46.4353],[150.8741,46.4408],[150.8755,46.4472],[150.8733,46.4508],[150.8511,46.47],[150.8419,46.4711],[150.8322,46.4705],[150.8222,46.4678],[150.7985,46.45],[150.8028,46.443],[150.8119,46.4419],[150.8672,46.4353]]],[[[150.765,46.7039],[150.77,46.7097],[150.7689,46.723],[150.7622,46.7275],[150.7533,46.7297],[150.7436,46.7294],[150.7397,46.7286],[150.7308,46.7228],[150.7333,46.7161],[150.7375,46.7092],[150.7455,46.7019],[150.7544,46.6997],[150.765,46.7039]]],[[[152.4372,47.3825],[152.4269,47.3797],[152.4164,47.3755],[152.4089,47.37],[152.4016,47.3642],[152.3914,47.3503],[152.388,47.3442],[152.3886,47.3308],[152.3944,47.3236],[152.4025,47.3164],[152.4225,47.3034],[152.5083,47.3033],[152.5191,47.3072],[152.5336,47.3189],[152.5419,47.3283],[152.5417,47.335],[152.5375,47.3419],[152.5316,47.3492],[152.5119,47.3711],[152.5039,47.3772],[152.4855,47.3819],[152.4469,47.3825],[152.4372,47.3825]]],[[[153.0741,47.8083],[153.0652,47.8119],[153.0561,47.8144],[153.0461,47.813],[153.0258,47.7955],[153.0147,47.7839],[153.0058,47.7717],[152.9811,47.7233],[152.9866,47.7069],[152.9908,47.7],[152.9966,47.6928],[153.0061,47.6917],[153.0161,47.693],[153.0478,47.7022],[153.0691,47.7089],[153.0803,47.7142],[153.0966,47.7531],[153.0983,47.7592],[153.0977,47.7725],[153.0958,47.7794],[153.0877,47.7933],[153.0819,47.8008],[153.0741,47.8083]]],[[[153.1747,48.135],[153.1636,48.1308],[153.1561,48.1253],[153.1469,48.1133],[153.1378,48.1011],[153.14,48.0944],[153.1464,48.0883],[153.2058,48.0533],[153.215,48.0511],[153.2244,48.05],[153.2367,48.0511],[153.2797,48.0431],[153.2905,48.0536],[153.2875,48.0936],[153.2833,48.0992],[153.275,48.1056],[153.2411,48.1255],[153.2233,48.133],[153.2141,48.1353],[153.2047,48.1364],[153.1847,48.1364],[153.1747,48.135]]],[[[154.1405,48.9097],[154.1294,48.9058],[154.12,48.9005],[154.1122,48.895],[153.988,48.78],[153.9766,48.7617],[153.973,48.7489],[153.973,48.7422],[153.975,48.7356],[153.9808,48.7347],[153.9994,48.723],[154.0092,48.7219],[154.0194,48.7233],[154.0308,48.7269],[154.0536,48.7372],[154.0633,48.7428],[154.1889,48.835],[154.2194,48.8705],[154.2272,48.8828],[154.2308,48.8955],[154.2289,48.9025],[154.2208,48.9086],[154.2114,48.9111],[154.1819,48.9136],[154.1614,48.9125],[154.1405,48.9097]]],[[[154.0089,48.9578],[154.0047,48.9636],[153.9669,48.9722],[153.9189,48.9797],[153.9075,48.9758],[153.9019,48.97],[153.8983,48.9572],[153.9003,48.9503],[153.9041,48.9433],[153.9211,48.9265],[153.9308,48.9239],[153.9405,48.9228],[153.9819,48.9267],[154.0036,48.9319],[154.0111,48.9375],[154.0111,48.9508],[154.0089,48.9578]]],[[[154.593,49.1061],[154.5988,49.1119],[154.6008,49.1183],[154.6008,49.1247],[154.5969,49.1319],[154.5911,49.1394],[154.583,49.1458],[154.5647,49.1522],[154.4983,49.1661],[154.4886,49.1675],[154.4686,49.1686],[154.4647,49.1679],[154.4547,49.1692],[154.4461,49.1678],[154.4422,49.1617],[154.4402,49.1553],[154.4713,49.0983],[154.483,49.0833],[154.4916,49.0783],[154.5005,49.0744],[154.5103,49.0733],[154.5211,49.0758],[154.5833,49.1005],[154.593,49.1061]]],[[[154.7452,49.5792],[154.7511,49.5717],[154.703,49.4808],[154.6383,49.4231],[154.6064,49.3797],[154.6024,49.3736],[154.6005,49.3672],[154.5986,49.3475],[154.5939,49.291],[154.6316,49.2803],[154.6975,49.2636],[154.7072,49.2622],[154.7158,49.2639],[154.7917,49.2922],[154.8033,49.2972],[154.8111,49.3028],[154.815,49.3089],[154.835,49.3458],[154.8269,49.3853],[154.823,49.3925],[154.7997,49.4155],[154.7939,49.4231],[154.7903,49.43],[154.7903,49.4433],[154.7941,49.4561],[154.818,49.5058],[154.83,49.5175],[154.8377,49.523],[154.8477,49.5283],[154.8708,49.5372],[154.8783,49.5417],[154.8822,49.5475],[154.9044,49.6175],[154.9044,49.6242],[154.8953,49.6267],[154.8564,49.6333],[154.8144,49.6364],[154.7491,49.5919],[154.7433,49.5861],[154.7452,49.5792]]],[[[154.4386,49.8314],[154.4289,49.8325],[154.4086,49.8339],[154.3983,49.8339],[154.375,49.825],[154.3672,49.8192],[154.3652,49.8128],[154.355,49.7667],[154.3675,49.7464],[154.3763,49.7425],[154.4044,49.7336],[154.4144,49.7325],[154.425,49.7336],[154.4325,49.738],[154.4561,49.788],[154.4619,49.8069],[154.46,49.8139],[154.4558,49.8211],[154.4386,49.8314]]],[[[152.1741,47.063],[152.2319,47.1025],[152.2536,47.1131],[152.27,47.1244],[152.2772,47.13],[152.2897,47.1417],[152.293,47.1478],[152.2864,47.1525],[152.2686,47.1586],[152.2597,47.1608],[152.2366,47.1453],[152.2066,47.125],[152.2255,47.1747],[152.2169,47.1717],[152.2025,47.1603],[152.1811,47.1431],[152.1202,47.0908],[152.1044,47.0731],[152.0511,47.0206],[152.0448,47.0134],[152.0205,46.9887],[151.8688,46.8664],[151.86,46.8608],[151.8494,46.8567],[151.8394,46.8553],[151.83,46.855],[151.7647,46.8622],[151.7452,46.8617],[151.7253,46.8572],[151.7147,46.8533],[151.7058,46.8475],[151.7044,46.8411],[151.7122,46.8011],[151.7202,46.795],[151.7372,46.7853],[151.7633,46.7747],[151.7722,46.7722],[151.7816,46.7714],[151.8011,46.773],[151.8216,46.7786],[151.8319,46.7828],[152.013,46.8889],[152.0183,46.8947],[152.025,46.9072],[152.0266,46.9136],[152.03,46.9197],[152.0352,46.9256],[152.0874,46.9779],[152.1741,47.063]]],[[[155.4833,50.1194],[155.4994,50.1305],[155.5155,50.1417],[155.5255,50.1469],[155.5963,50.1783],[155.6186,50.1831],[155.6917,50.1836],[155.7019,50.1836],[155.7316,50.1794],[155.7419,50.1792],[155.7636,50.1814],[155.7855,50.185],[155.7953,50.1889],[155.8928,50.2636],[156.1489,50.5189],[156.153,50.525],[156.1247,50.6997],[156.1213,50.72],[156.1164,50.7475],[156.1125,50.7547],[156.1041,50.7611],[156.0769,50.773],[156.0672,50.7758],[156.0455,50.7736],[156.0341,50.7711],[156.0222,50.7675],[156.01,50.7625],[155.9791,50.7469],[155.8969,50.6986],[155.8889,50.693],[155.8827,50.6872],[155.8636,50.6567],[155.8614,50.6503],[155.8608,50.6369],[155.8583,50.6175],[155.8558,50.6044],[155.8516,50.5917],[155.7655,50.4639],[155.7614,50.458],[155.7491,50.4464],[155.6694,50.3908],[155.6614,50.3853],[155.6491,50.3805],[155.638,50.378],[155.6277,50.378],[155.5453,50.375],[155.4491,50.368],[155.4383,50.3669],[155.4272,50.3644],[155.3922,50.3533],[155.2477,50.3014],[155.2216,50.2344],[155.2086,50.0808],[155.2122,50.0669],[155.2241,50.0533],[155.2262,50.0526],[155.245,50.0567],[155.2558,50.0578],[155.2978,50.06],[155.3186,50.0597],[155.3383,50.0572],[155.3575,50.053],[155.4711,50.108],[155.4833,50.1194]]],[[[156.1689,50.7414],[156.1644,50.7286],[156.1636,50.7086],[156.1672,50.695],[156.1728,50.6875],[156.1805,50.6797],[156.1891,50.6744],[156.1983,50.6703],[156.2855,50.6467],[156.3508,50.6371],[156.4008,50.6256],[156.4038,50.6534],[156.4063,50.6571],[156.4142,50.6739],[156.435,50.6908],[156.4519,50.7083],[156.4861,50.7503],[156.4902,50.7561],[156.4955,50.8289],[156.4958,50.8355],[156.4941,50.8425],[156.4886,50.85],[156.473,50.8655],[156.4639,50.8694],[156.4539,50.8708],[156.4427,50.87],[156.3647,50.8586],[156.3533,50.8561],[156.3411,50.8511],[156.1922,50.7714],[156.1858,50.7655],[156.1753,50.7536],[156.1689,50.7414]]],[[[155.4478,50.8978],[155.4477,50.88],[155.4494,50.8722],[155.4611,50.8505],[155.473,50.8355],[155.4808,50.828],[155.4983,50.8175],[155.5272,50.8097],[155.5469,50.8055],[155.5569,50.8042],[155.588,50.8028],[155.6208,50.8061],[155.6444,50.8136],[155.6589,50.8247],[155.6611,50.8311],[155.6697,50.8567],[155.6661,50.8705],[155.6508,50.9058],[155.6469,50.913],[155.6392,50.9208],[155.6005,50.9314],[155.5803,50.9342],[155.5697,50.9342],[155.5056,50.9311],[155.4944,50.93],[155.4827,50.9261],[155.4744,50.9205],[155.4478,50.8978]]]]},"properties":{"NAME":"Ainus","SUBJECTO":"Ainus","PARTOF":"Ainus","BORDERPRECISION":1,"LINK":null}},
{"type":"Feature","geometry":{"type":"Polygon","coordinates":[[[44.6722,-16.2356],[44.4544,-16.2424],[44.4514,-16.7254],[44.378,-16.9226],[44.215,-17.1899],[43.9825,-17.5018],[43.9716,-17.5527],[44.0758,-17.8766],[44.107,-18.099],[44.1595,-18.4039],[44.3942,-18.7911],[44.2809,-19.0202],[44.251,-19.1028],[44.4105,-19.2678],[44.5357,-19.3692],[44.5854,-19.528],[44.5171,-20.0239],[44.4703,-20.1701],[44.1617,-20.6983],[43.8165,-21.3156],[43.6032,-21.3986],[43.501,-21.4942],[43.3248,-22.1111],[43.2913,-22.4098],[43.3764,-22.6321],[43.6554,-23.051],[43.7847,-23.2668],[43.8271,-23.4129],[43.6717,-23.9026],[43.6714,-24.2268],[43.7272,-24.3538],[43.9342,-24.5186],[43.981,-24.6266],[43.9898,-24.8808],[44.0368,-24.9887],[44.4253,-25.3121],[44.5464,-25.3372],[44.713,-25.3051],[44.9585,-25.3872],[45.0468,-25.4506],[45.2105,-25.66],[45.5762,-25.6211],[45.7895,-25.4109],[46.2391,-25.2637],[46.8551,-25.218],[46.9455,-25.1669],[47.1738,-24.8804],[47.2585,-24.7658],[47.4916,-24.0598],[48.0874,-22.0438],[48.6517,-20.3392],[49.0231,-19.1817],[49.3419,-18.2276],[49.4228,-17.8016],[49.4046,-17.4012],[49.4247,-17.1978],[49.7603,-16.7458],[49.8982,-16.4595],[49.8628,-16.2817],[49.685,-16.0469],[49.5977,-15.653],[49.6203,-15.4623],[49.7538,-15.3985],[50.0036,-15.7348],[50.0885,-15.8998],[50.1873,-15.9568],[50.4293,-15.594],[50.4551,-15.5495],[50.4863,-15.4795],[50.5033,-15.3142],[50.4301,-15.1047],[50.2544,-14.7745],[50.1502,-14.4189],[50.1085,-14.1202],[49.9762,-13.3007],[49.8805,-12.9196],[49.8172,-12.8307],[49.5418,-12.7042],[49.3366,-12.4123],[49.1763,-12.2665],[48.9348,-12.4767],[48.9334,-12.5784],[48.9933,-12.7372],[48.9175,-13.0487],[48.8572,-13.2522],[48.7513,-13.4177],[48.4397,-13.6535],[48.3496,-13.838],[48.2236,-13.7938],[48.11,-13.597],[48.0573,-13.5654],[47.9425,-13.5847],[47.9155,-13.7373],[48.049,-14.131],[47.9717,-14.2837],[47.8504,-14.3158],[47.7412,-14.3096],[47.699,-14.4432],[47.8125,-14.6273],[47.8837,-14.7161],[47.6329,-14.9836],[47.5295,-14.9583],[47.4263,-14.8251],[47.1993,-15.0163],[47.1061,-15.1436],[47.2446,-15.3657],[47.0695,-15.4614],[46.9246,-15.36],[46.7344,-15.4494],[46.3875,-15.6917],[46.4644,-15.8568],[46.4192,-15.9395],[46.2819,-15.9525],[46.1423,-15.8257],[45.7323,-15.8901],[45.5546,-16.0557],[45.4335,-16.0941],[45.2778,-16.05],[45.1969,-16.0374],[44.9174,-16.2033],[44.6722,-16.2356]],[[48.0147,-17.0228],[48.4882,-19.4493],[48.4882,-20.0411],[47.1862,-23.1186],[46.0025,-23.5921],[45.529,-23.5921],[45.2923,-22.6452],[46.6535,-17.733],[47.4821,-16.9044],[48.0147,-17.0228]]]},"properties":{"NAME":"Madagascar","SUBJECTO":"Madagascar","PARTOF":"Madagascar","BORDERPRECISION":1,"LINK":null}},
{"type":"Feature","geometry":{"type":"MultiPolygon","coordinates":[[[[175.3077,-37.321],[175.2466,-37.2938],[175.2352,-37.2307],[175.2493,-37.1675],[175.3009,-37.1359],[175.2008,-37.0727],[175.0991,-37.0727],[174.9801,-37.0833],[174.8874,-37.0622],[174.9283,-36.9675],[174.7824,-36.8938],[174.6448,-36.8306],[174.6471,-36.7675],[174.7395,-36.7885],[174.8411,-36.7885],[174.9727,-36.778],[174.8573,-36.6938],[174.7496,-36.536],[174.7064,-36.4623],[174.8238,-36.4833],[174.8155,-36.3886],[174.7869,-36.2834],[174.6289,-36.1572],[174.5251,-36.052],[174.4121,-35.9678],[174.3479,-35.9152],[174.4267,-35.9363],[174.5357,-35.9468],[174.4939,-35.8731],[174.5282,-35.7995],[174.609,-35.789],[174.5038,-35.6628],[174.3919,-35.5786],[174.2902,-35.4209],[174.3002,-35.3473],[174.2169,-35.3368],[174.1513,-35.4209],[174.0679,-35.4104],[174.073,-35.3473],[174.0152,-35.2316],[173.8918,-35.2001],[173.703,-35.1475],[173.4696,-35.0319],[173.3488,-35.0213],[173.3303,-35.0844],[173.2279,-35.0108],[173.1527,-34.9584],[173.0732,-34.8639],[172.9896,-34.7274],[173.0567,-34.6435],[173.0192,-34.5175],[172.9603,-34.5595],[172.7988,-34.5805],[172.7067,-34.5385],[172.6332,-34.5595],[172.7892,-34.675],[172.9598,-34.8639],[173.0485,-35.0424],[173.0701,-35.1265],[173.0644,-35.1896],[173.0462,-35.2526],[173.1667,-35.3683],[173.1665,-35.4209],[173.3993,-35.6733],[173.679,-36.0204],[173.9156,-36.3045],[174.0105,-36.4307],[174.0865,-36.4307],[174.0644,-36.3676],[173.8407,-36.1361],[173.788,-36.0309],[173.9186,-36.1046],[174.0698,-36.1887],[174.2007,-36.3466],[174.2658,-36.4833],[174.2201,-36.557],[174.4786,-36.8622],[174.6941,-37.157],[174.7647,-37.2965],[174.7281,-37.552],[174.9451,-37.9284],[174.9307,-38.1009],[174.7526,-38.2993],[174.7135,-38.4399],[174.7486,-38.753],[174.6547,-38.9833],[174.0299,-39.2914],[173.8413,-39.3621],[173.8048,-39.4197],[173.8547,-39.4963],[173.9921,-39.6112],[174.4331,-39.8149],[174.7,-39.8975],[174.8893,-39.9803],[175.2317,-40.2425],[175.3536,-40.3],[175.3674,-40.4539],[175.1884,-40.679],[175.0502,-40.981],[174.9207,-41.1547],[174.8954,-41.2961],[175.0022,-41.4438],[175.2137,-41.5848],[175.3653,-41.6616],[175.6711,-41.5196],[176.0114,-41.2553],[176.3922,-40.7792],[176.7965,-40.2714],[177.0875,-40.0399],[177.1557,-39.9502],[177.1566,-39.8542],[177.0421,-39.6178],[177.0238,-39.4452],[177.146,-39.3171],[177.3403,-39.2272],[177.6761,-39.2201],[177.8667,-39.2069],[177.9224,-39.1365],[177.9385,-38.8296],[178.2806,-38.8034],[178.4082,-38.7712],[178.589,-38.2148],[178.5995,-38.1254],[178.5692,-37.921],[178.4213,-37.8447],[178.2413,-37.8323],[177.8429,-37.9864],[177.5284,-38.2042],[177.3618,-38.2365],[177.1342,-38.1859],[176.3455,-37.8744],[176.1292,-37.7982],[176.0045,-37.3643],[175.8377,-37.0262],[175.6627,-36.95],[175.5579,-36.9438],[175.5347,-37.0715],[175.6436,-37.3075],[175.64,-37.4097],[175.3077,-37.321]]],[[[172.0627,-43.9231],[172.2212,-43.8518],[172.4406,-43.7933],[172.6673,-43.9263],[172.885,-43.8944],[173.0096,-43.8438],[172.82,-43.7136],[172.6276,-43.6923],[172.4405,-43.5094],[172.5624,-43.3931],[172.7374,-43.3218],[172.8439,-43.2055],[172.9764,-43.1472],[173.2365,-42.9856],[173.6271,-42.6498],[173.8413,-42.4883],[173.9586,-42.3078],[174.2335,-42.0112],[174.2036,-41.8891],[174.0692,-41.6959],[174.1582,-41.5162],[174.0585,-41.2914],[173.8933,-41.2403],[173.7015,-41.2536],[173.264,-41.5437],[173.1232,-41.4347],[173.0193,-41.075],[172.9353,-40.9917],[172.7837,-40.9649],[172.769,-40.8484],[172.6047,-40.774],[172.4374,-40.7531],[172.2071,-41.0445],[172.1479,-41.5781],[172.0868,-41.7068],[171.8866,-41.8294],[171.6255,-41.9457],[171.5955,-42.0141],[171.4584,-41.9929],[171.3836,-42.1907],[171.3491,-42.2873],[171.3984,-42.5125],[171.1968,-42.6482],[171.0771,-42.7128],[171.0806,-42.7901],[171.0241,-42.8869],[170.7249,-43.0679],[170.3709,-43.2169],[170.203,-43.2237],[169.987,-43.3595],[169.9569,-43.4821],[169.6488,-43.7408],[169.4791,-43.7863],[169.2346,-43.9481],[168.9138,-44.0972],[168.4157,-44.2209],[167.9667,-44.4802],[167.9208,-44.616],[167.6686,-44.7845],[167.521,-44.9529],[167.2648,-45.0634],[167.1375,-45.1998],[167.1643,-45.3295],[167.2549,-45.4267],[167.3181,-45.5044],[167.2812,-45.5629],[166.8553,-45.4924],[166.8007,-45.5574],[167.0095,-45.8167],[166.6403,-45.6971],[166.8439,-45.9145],[166.699,-45.9148],[166.5511,-45.9671],[166.6513,-46.0644],[166.457,-46.1041],[166.5228,-46.2327],[166.7541,-46.2756],[166.8505,-46.3501],[167.2016,-46.3078],[167.2291,-46.2323],[167.3376,-46.1684],[167.5475,-46.2121],[167.6205,-46.3507],[167.7884,-46.3808],[168.1541,-46.4516],[168.4173,-46.651],[168.6996,-46.6003],[169.2202,-46.7164],[169.3993,-46.7096],[169.6663,-46.5268],[169.9273,-46.4221],[170.0441,-46.3568],[170.1208,-46.2461],[170.4237,-46.0894],[170.6116,-45.9461],[170.707,-45.699],[170.8992,-45.2962],[171.0245,-45.0754],[170.8222,-44.9658],[170.6341,-44.8627],[171.0733,-44.9071],[171.1712,-44.9392],[171.2003,-44.7452],[171.1912,-44.6289],[171.2546,-44.5512],[171.0615,-44.3642],[170.9942,-44.2675],[171.0662,-44.2286],[171.3779,-44.3377],[171.4884,-44.2277],[171.6334,-44.1822],[171.7723,-44.0528],[172.0235,-43.9942],[172.0627,-43.9231]]]]},"properties":{"NAME":"Maori","SUBJECTO":"Maori","PARTOF":"Maori","BORDERPRECISION":1,"LINK":null}},
{"type":"Feature","geometry":{"type":"Polygon","coordinates":[[[-7.4915,37.2082],[-7.488,37.2164],[-7.3514,37.6444],[-7.2425,37.8109],[-6.8448,38.1002],[-7.0281,38.2396],[-7.3939,38.295],[-7.3173,38.4996],[-7.0894,38.7945],[-6.9334,38.9613],[-7.0069,39.0503],[-7.2114,39.2982],[-7.431,39.5205],[-7.3013,39.5787],[-7.0842,39.5991],[-6.8783,39.7024],[-6.8587,39.7919],[-6.8842,40.214],[-6.8249,40.6566],[-6.8572,40.8616],[-6.8344,41.0605],[-6.7966,41.0928],[-6.2411,41.3205],[-6.1115,41.4175],[-6.1395,41.5264],[-6.5184,41.7491],[-6.5861,41.8579],[-6.7087,41.96],[-6.8595,41.9849],[-7.0984,41.868],[-7.9186,41.8892],[-8.1573,42.087],[-8.405,42.0021],[-8.8061,41.8892],[-8.9207,41.767],[-8.8548,41.5969],[-8.8518,41.4078],[-8.6941,40.9922],[-8.9697,40.19],[-8.9156,40.1381],[-9.1179,39.644],[-9.2993,39.4177],[-9.4153,39.3667],[-9.3977,39.2304],[-9.4598,38.9531],[-9.549,38.7745],[-9.5224,38.6899],[-9.3616,38.6711],[-9.1758,38.7322],[-9.0408,38.9202],[-8.9608,38.8185],[-8.9419,38.7419],[-9.0692,38.643],[-9.2852,38.6195],[-9.2366,38.4174],[-9.0223,38.461],[-8.8537,38.4996],[-8.7889,38.436],[-8.8473,38.3846],[-8.823,38.2061],[-8.9328,37.9618],[-8.851,37.9102],[-8.8415,37.5251],[-9.0166,37.0698],[-8.9908,36.99],[-8.6671,37.1214],[-8.5411,37.0886],[-8.2802,37.0886],[-8.0336,37.0088],[-7.836,37.0323],[-7.6034,37.163],[-7.4915,37.2082]]]},"properties":{"NAME":"Portugal","SUBJECTO":"Portugal","PARTOF":"Portugal","BORDERPRECISION":1,"LINK":null}},
{"type":"Feature","geometry":{"type":"Polygon","coordinates":[[[48.0147,-17.0228],[47.4821,-16.9044],[46.6535,-17.733],[45.2923,-22.6452],[45.529,-23.5921],[46.0025,-23.5921],[47.1862,-23.1186],[48.4882,-20.0411],[48.4882,-19.4493],[48.0147,-17.0228]]]},"properties":{"NAME":"Expansionist Kingdom of Merina","SUBJECTO":"Expansionist Kingdom of Merina","PARTOF":"Expansionist Kingdom of Merina","BORDERPRECISION":1,"LINK":null}},
{"type":"Feature","geometry":{"type":"Polygon","coordinates":[[[8.8196,38.9769],[8.9314,39.0537],[8.9985,39.1751],[9.0625,39.2199],[9.2963,39.2331],[9.4789,39.1442],[9.6483,39.4572],[9.698,39.6935],[9.6308,40.0959],[9.6957,40.3137],[9.7878,40.442],[9.7937,40.5637],[9.5909,40.9029],[9.3062,41.1844],[8.9184,40.94],[8.7661,40.8628],[8.4056,40.8621],[8.2407,40.8553],[8.1595,40.7847],[8.2016,40.663],[8.4282,40.4649],[8.488,40.2088],[8.5085,39.9465],[8.465,39.6399],[8.3742,39.3078],[8.4172,39.2122],[8.5824,39.0658],[8.6961,38.9958],[8.8196,38.9769]]]},"properties":{"NAME":"Sardinia","SUBJECTO":"Sardinia","PARTOF":"Sardinia","BORDERPRECISION":1,"LINK":null}},
{"type":"Feature","geometry":{"type":"Polygon","coordinates":[[[109.4297,18.0966],[109.6691,18.4147],[110.1313,18.5872],[110.2625,18.6256],[110.3615,18.7656],[110.2987,18.8988],[110.427,19.2294],[110.6125,19.4712],[110.8118,19.6304],[110.8854,19.7068],[110.6174,20.0175],[110.2583,19.9405],[110.0606,19.9401],[109.9159,19.8],[109.6577,19.9011],[109.5503,19.9136],[109.4423,19.7355],[109.4201,19.6592],[109.1982,19.6841],[108.8737,19.404],[108.685,19.2956],[108.5769,19.1874],[108.5605,19.0603],[108.6519,18.4824],[108.9386,18.3306],[109.4297,18.0966]]]},"properties":{"NAME":"Hainan","SUBJECTO":"Hainan","PARTOF":"Hainan","BORDERPRECISION":1,"LINK":null}},
{"type":"Feature","geometry":{"type":"Polygon","coordinates":[[[80.5629,5.9317],[80.8518,5.9513],[81.2027,6.0792],[81.4339,6.2703],[81.5999,6.4486],[81.779,6.754],[81.8662,7.0846],[81.8049,7.3132],[81.446,7.9287],[81.3261,8.2589],[81.0601,8.4108],[81.0491,8.4743],[81.0934,8.6269],[81.0149,8.7728],[80.7676,9.1218],[80.6624,9.2995],[80.3476,9.4703],[80.1096,9.6866],[80.1781,9.4452],[80.0765,9.2791],[80.0526,9.1139],[79.896,8.9204],[79.7058,8.9309],[79.6746,8.8049],[79.8087,8.6475],[79.7242,8.4166],[79.8322,8.1031],[79.8407,7.6965],[79.8387,7.3534],[79.8541,7.0612],[80.0168,6.496],[80.1277,6.2167],[80.2222,6.058],[80.3411,5.9693],[80.5629,5.9317]]]},"properties":{"NAME":"Sinhalese kingdom","SUBJECTO":"Sinhalese kingdom","PARTOF":"Sinhalese kingdom","BORDERPRECISION":1,"LINK":null}},
{"type":"Feature","geometry":{"type":"Polygon","coordinates":[[[23.948,59.1689],[23.5702,59.1381],[23.4158,59.119],[23.457,59.0055],[23.3379,58.9724],[23.432,58.8581],[23.3608,58.7674],[23.5119,58.5809],[23.6905,58.6655],[23.6709,58.2414],[23.9081,58.2244],[24.0584,58.1115],[24.3311,58.3079],[24.4968,58.2132],[24.4144,58.1059],[24.4156,57.9479],[24.3456,57.8622],[24.3254,57.8375],[24.2362,57.7282],[24.3229,57.3369],[24.3465,57.1597],[24.2663,57.0301],[24.1584,56.9755],[23.7678,56.8659],[23.4145,56.8924],[23.2154,56.9807],[23.1747,57.0485],[23.0709,57.2613],[22.8814,57.3341],[22.5854,57.5087],[22.5636,57.6156],[22.433,57.6156],[22.3599,57.5857],[22.2854,57.565],[21.8103,57.4754],[21.6773,57.4637],[21.5795,57.3726],[21.4596,57.2496],[21.3397,57.1771],[21.3244,56.8544],[21.0221,56.6839],[20.9648,56.609],[20.949,56.4732],[20.916,56.0967],[20.9454,56.07],[20.996,56.0241],[21.0148,55.6971],[21.0185,55.634],[21.2163,55.3437],[21.2009,55.2614],[21.143,55.2558],[21.1623,55.2214],[21.1931,55.1664],[21.2239,55.1114],[21.1133,55.0892],[21.1919,54.9596],[21.1373,54.8455],[20.9852,54.8116],[20.7972,54.818],[20.1271,54.8456],[19.9426,54.8499],[19.8632,54.7517],[19.8332,54.5309],[19.8818,54.5254],[19.9381,54.6082],[20.0057,54.5475],[20.1942,54.575],[20.3267,54.564],[20.1886,54.522],[19.9775,54.4239],[19.9146,54.3947],[19.7331,54.3103],[19.5704,54.2551],[19.4568,54.2166],[19.3281,54.1615],[19.2303,54.167],[19.2321,54.2221],[19.3176,54.2717],[19.7577,54.4592],[19.7336,54.4612],[19.255,54.2772],[18.965,54.2276],[18.6849,54.254],[18.2817,53.3571],[18.5897,53.1004],[18.949,53.2544],[19.2057,53.2544],[19.565,53.4598],[20.0783,53.6651],[20.0783,53.5111],[20.3863,53.5111],[20.4282,53.7781],[20.7094,53.7581],[20.8098,53.6376],[21.1049,53.8191],[21.4643,53.8191],[22.2343,54.1271],[22.1829,54.5377],[22.0803,54.5891],[22.1316,54.7944],[21.9263,54.9484],[22.0289,55.2564],[21.6696,55.5131],[21.3103,55.5131],[21.1418,56.1273],[21.9045,56.35],[22.7454,56.35],[24.715,56.3404],[25.3074,56.4885],[26.2454,55.8961],[27.3705,55.7193],[27.6508,56.28],[27.6059,56.7069],[27.5107,57.6114],[27.6612,58.9376],[27.6633,58.9561],[26.5463,58.6627],[26.4582,59.1178],[25.3131,59.1517],[24.5204,58.7085],[23.948,59.1689]]]},"properties":{"NAME":"Teutonic Knights","SUBJECTO":"Teutonic Knights","PARTOF":"Teutonic Knights","BORDERPRECISION":1,"LINK":null}},
{"type":"Feature","geometry":{"type":"Polygon","coordinates":[[[-2.1429,43.3315],[-2.1397,43.1358],[-2.5558,43.0763],[-2.6746,42.4226],[-2.1992,42.2443],[-2.0803,42.066],[-2.318,42.066],[-2.2586,41.8283],[-2.13,41.8166],[-1.6049,41.7688],[-1.6643,42.1254],[-0.9074,42.8813],[-1.3973,43.0318],[-1.4476,42.9839],[-1.5151,42.9976],[-1.5577,43.0454],[-1.4657,43.1549],[-1.4914,43.2096],[-1.7024,43.1959],[-1.9146,43.3054],[-2.0656,43.3333],[-2.1429,43.3315]]]},"properties":{"NAME":"Navarre","SUBJECTO":"Navarre","PARTOF":"Navarre","BORDERPRECISION":1,"LINK":null}},
{"type":"Feature","geometry":{"type":"Polygon","coordinates":[[[42.5553,11.5683],[42.81,11.7785],[41.654,11.3502],[41.5066,10.7605],[41.5709,10.2918],[42.4648,9.5074],[43.4967,9.7286],[44.2808,10.3965],[44.1615,10.4915],[44.0524,10.6628],[43.7886,10.9419],[43.3681,11.4556],[43.2985,11.4756],[43.1036,11.5313],[42.9591,11.5374],[42.6688,11.5113],[42.5553,11.5683]]]},"properties":{"NAME":"Shoa","SUBJECTO":"Shoa","PARTOF":"Shoa","BORDERPRECISION":1,"LINK":null}},
{"type":"Feature","geometry":{"type":"Polygon","coordinates":[[[6.764,5.8265],[6.8997,6.1278],[7.3654,6.9396],[7.3654,7.9129],[6.8788,8.6429],[5.3376,8.724],[4.8234,7.9295],[3.9495,6.5794],[4.0721,6.4398],[4.3603,6.3261],[4.6341,6.2123],[4.8863,6.0031],[5.0952,5.7558],[5.1529,5.6415],[5.3834,5.6102],[5.4482,5.4769],[5.3546,5.3623],[5.333,5.2479],[5.4195,4.9558],[5.6066,4.6321],[5.8513,4.4293],[6.0888,4.3281],[6.764,5.8265]]]},"properties":{"NAME":"Benin","SUBJECTO":"Benin","PARTOF":"Benin","BORDERPRECISION":1,"LINK":null}},
{"type":"Feature","geometry":{"type":"MultiPolygon","coordinates":[[[[8.3581,3.0883],[8.5763,3.0665],[8.6417,3.1865],[8.7181,3.3392],[8.7835,3.4483],[8.8708,3.5247],[8.8272,3.6119],[8.729,3.6338],[8.6308,3.6556],[8.5545,3.601],[8.4781,3.5574],[8.4781,3.4265],[8.4672,3.3611],[8.3581,3.3174],[8.3363,3.1865],[8.3581,3.0883]]],[[[10.4619,12.4738],[10.7265,11.2911],[11.9257,11.226],[12.355,11.2027],[14.7126,12.507],[15.8193,13.1192],[15.8193,14.2985],[15.0085,15.0356],[13.3133,20.9729],[12.6399,20.9981],[12.4287,21.0059],[11.9864,20.3426],[11.7653,16.2149],[10.8071,14.5933],[10.07,14.2248],[10.4619,12.4738]]]]},"properties":{"NAME":"Bornu-Kanem","SUBJECTO":"Bornu-Kanem","PARTOF":"Bornu-Kanem","BORDERPRECISION":1,"LINK":null}},
{"type":"Feature","geometry":{"type":"Polygon","coordinates":[[[46.8777,13.4739],[46.7113,13.9357],[46.3353,14.0968],[46.6594,15.4248],[46.2769,17.1178],[45.2404,17.6937],[42.7637,16.6455],[42.8144,16.4041],[42.828,16.3215],[42.8839,15.9849],[42.7635,15.667],[42.7959,15.4701],[43.0533,14.6065],[43.2069,14.0795],[43.3476,13.851],[43.384,13.5652],[43.3028,13.241],[43.3408,13.1267],[43.4836,12.93],[43.5601,12.8603],[43.6049,12.8289],[43.8406,12.6639],[44.0627,12.6136],[44.4405,12.6398],[44.6811,12.8246],[44.7888,12.8057],[44.9636,12.8252],[45.1934,12.9337],[45.396,13.0739],[45.5186,13.2076],[45.6925,13.3478],[45.8259,13.4052],[46.0793,13.3994],[46.6012,13.4005],[46.8777,13.4739]]]},"properties":{"NAME":"Yemen","SUBJECTO":"Yemen","PARTOF":"Yemen","BORDERPRECISION":1,"LINK":null}},
{"type":"Feature","geometry":{"type":"Polygon","coordinates":[[[85.3791,19.6054],[84.6843,20.2125],[84.3039,20.7519],[81.8619,18.7302],[79.3281,17.233],[79.4319,16.0175],[80.4598,15.7731],[80.736,15.8373],[80.9631,15.7234],[81.0879,15.8268],[81.2531,16.2259],[81.3691,16.3469],[81.5968,16.3029],[81.789,16.3287],[82.0814,16.4627],[82.2346,16.6473],[82.2674,16.857],[82.354,17.0859],[82.5464,17.2261],[82.7496,17.3345],[82.8461,17.3834],[83.077,17.5004],[83.3814,17.7107],[83.6847,18.0834],[83.9877,18.2075],[84.2627,18.4558],[84.3245,18.5303],[84.6588,18.9331],[84.9066,19.1814],[85.1132,19.4423],[85.3791,19.6054]]]},"properties":{"NAME":"Orissa","SUBJECTO":"Orissa","PARTOF":"Orissa","BORDERPRECISION":1,"LINK":null}},
{"type":"Feature","geometry":{"type":"Polygon","coordinates":[[[-90,19.3815],[-89.73,19.3622],[-89.0615,19.2667],[-88.8705,18.6937],[-89.1958,18.2289],[-89.539,17.7386],[-89.9211,16.9745],[-89.6345,16.7835],[-88.7418,16.2695],[-88.5798,16.2838],[-88.4445,16.4412],[-88.2834,16.8347],[-88.2419,17.0135],[-88.327,17.1566],[-88.2205,17.5143],[-88.3004,17.6354],[-88.1119,18.1939],[-88.1237,18.3871],[-88.3992,18.309],[-88.3205,18.4944],[-88.3114,18.7415],[-88.1377,18.8944],[-88.105,18.8245],[-88.0301,18.6213],[-87.8771,18.3809],[-87.8495,18.489],[-87.8004,18.7434],[-87.6822,19.2813],[-87.6371,19.5747],[-87.7886,19.5125],[-87.8582,19.5823],[-87.774,19.7414],[-87.6597,19.8751],[-87.6507,20.1899],[-87.5081,20.3902],[-87.3133,20.5815],[-87.07,20.8045],[-86.9359,20.9764],[-86.9002,21.1672],[-86.9216,21.3006],[-87.2006,21.5289],[-87.3709,21.5707],[-87.5969,21.4835],[-88.1094,21.5651],[-88.3337,21.59],[-88.6011,21.564],[-89.0581,21.3978],[-89.5475,21.2951],[-89.8628,21.2499],[-90,21.1607],[-90,21.1414],[-90,20.9912],[-90,20.6764],[-90,20.1613],[-90,19.9467],[-90,19.7535],[-90,19.3815]]]},"properties":{"NAME":"Maya city-states","SUBJECTO":"Maya city-states","PARTOF":"Maya city-states","BORDERPRECISION":1,"LINK":null}},
{"type":"Feature","geometry":{"type":"Polygon","coordinates":[[[-98.6962,19.0023],[-101.9754,21.017],[-102.6184,20.5883],[-102.1898,19.5167],[-99.1077,17.4934],[-98.6962,19.0023]]]},"properties":{"NAME":"Mixtec Empire","SUBJECTO":"Mixtec Empire","PARTOF":"Mixtec Empire","BORDERPRECISION":1,"LINK":null}},
{"type":"Feature","geometry":{"type":"Polygon","coordinates":[[[-99.1077,17.4934],[-99.2092,16.7166],[-98.8562,16.5966],[-98.4355,16.3623],[-98.1456,16.1722],[-97.8809,16.052],[-97.2938,15.9643],[-97.0776,15.8758],[-96.7517,15.7811],[-96.3329,15.7502],[-95.9927,15.8654],[-95.4977,16.1207],[-95.1302,16.2995],[-95.7599,17.159],[-96.8315,18.2307],[-98.6962,19.0023],[-99.1077,17.4934]]]},"properties":{"NAME":"Zapotec Empire","SUBJECTO":"Zapotec Empire","PARTOF":"Zapotec Empire","BORDERPRECISION":1,"LINK":null}},
{"type":"Feature","geometry":{"type":"Polygon","coordinates":[[[-76.7106,-12.7597],[-76.3985,-11.3173],[-76.3985,-10.4952],[-77.9254,-7.9113],[-78.63,-7.2066],[-80.0659,-6.7563],[-79.7971,-7.1941],[-79.6746,-7.3527],[-79.0602,-8.2155],[-78.7509,-8.7867],[-78.3021,-9.6689],[-77.7587,-10.6589],[-77.6916,-10.8367],[-77.6825,-11.0146],[-77.7072,-11.256],[-77.6739,-11.2941],[-77.4639,-11.389],[-77.3355,-11.5094],[-76.7106,-12.7597]]]},"properties":{"NAME":"Chimú Empire","SUBJECTO":"Chimú Empire","PARTOF":"Chimú Empire","BORDERPRECISION":1,"LINK":null}},
{"type":"Feature","geometry":{"type":"Polygon","coordinates":[[[-71.6119,-17.2215],[-71.4702,-17.3927],[-71.3652,-17.6974],[-71.224,-17.8051],[-70.5841,-18.0833],[-70.4539,-18.2228],[-70.3636,-18.455],[-70.296,-18.629],[-70.2085,-19.0672],[-70.1898,-19.7596],[-70.1124,-20.6934],[-70.1106,-21.7479],[-70.1923,-22.161],[-70.2011,-22.2175],[-70.2339,-22.428],[-70.2302,-22.7964],[-70.292,-22.9871],[-70.4731,-23.0764],[-70.5732,-23.1656],[-70.5527,-23.3434],[-70.5796,-23.4896],[-70.4152,-23.5274],[-70.3595,-23.6607],[-70.4628,-23.9341],[-70.4528,-24.347],[-70.5194,-24.4551],[-70.4977,-24.8298],[-70.3981,-25.2489],[-70.4932,-25.4714],[-69.5866,-26.9379],[-68.647,-26.9379],[-68.0597,-26.4681],[-68.0339,-26.029],[-67.8248,-22.4749],[-67.3562,-19.1943],[-67.2376,-18.3642],[-67.9423,-15.428],[-69.2342,-14.0186],[-69.5361,-13.8233],[-71.6119,-17.2215]]]},"properties":{"NAME":"Aymara kingdoms","SUBJECTO":"Aymara kingdoms","PARTOF":"Aymara kingdoms","BORDERPRECISION":1,"LINK":null}},
{"type":"Feature","geometry":{"type":"Polygon","coordinates":[[[-76.7106,-12.7597],[-76.3592,-13.2291],[-76.238,-13.502],[-76.2382,-13.9086],[-76.2418,-14.1056],[-76.0526,-14.4101],[-75.7853,-14.7272],[-75.2309,-15.2216],[-74.6214,-15.665],[-74.0496,-16.045],[-73.6726,-16.1967],[-73.283,-16.3674],[-72.9801,-16.5319],[-72.5872,-16.7407],[-72.3099,-16.8798],[-72.09,-16.9938],[-71.8632,-17.1203],[-71.6119,-17.2215],[-69.5361,-13.8233],[-71.2308,-12.7267],[-75.5764,-10.6126],[-77.3381,-7.6764],[-77.6905,-6.2671],[-78.7475,-6.0322],[-80.0394,-4.2704],[-81.0418,-4.0516],[-81.3036,-4.3317],[-81.4133,-4.5671],[-81.4176,-4.6751],[-81.3015,-4.9989],[-81.1429,-5.1955],[-80.8762,-5.5889],[-80.8234,-5.7159],[-80.8881,-5.9003],[-81.1623,-5.9136],[-81.2436,-5.9646],[-81.297,-6.0409],[-81.0227,-6.2056],[-80.6116,-6.3699],[-80.274,-6.5661],[-80.0659,-6.7563],[-78.63,-7.2066],[-77.9254,-7.9113],[-76.3985,-10.4952],[-76.3985,-11.3173],[-76.7106,-12.7597]]]},"properties":{"NAME":"Andean states and chiefdoms","SUBJECTO":"Andean states and chiefdoms","PARTOF":"Andean states and chiefdoms","BORDERPRECISION":1,"LINK":null}},
{"type":"Feature","geometry":{"type":"Polygon","coordinates":[[[-5.0307,35.3444],[-5.1096,35.3793],[-5.1718,35.4238],[-5.4794,35.8052],[-5.565,35.8623],[-5.8079,35.7854],[-5.9288,35.7279],[-6.302,34.8614],[-6.472,34.5309],[-6.5115,34.4543],[-6.753,34.1234],[-7.004,33.875],[-7.3326,33.6964],[-7.9024,33.4855],[-8.3144,33.3385],[-8.6403,33.1217],[-9.2187,32.5804],[-9.2508,32.4214],[-9.2223,32.2562],[-9.3176,31.9637],[-9.6353,31.5754],[-9.8133,31.2891],[-9.8578,31.0602],[-9.817,30.7552],[-9.625,30.4061],[-4.8104,31.65],[-5.0307,35.3444]]]},"properties":{"NAME":"Merinides","SUBJECTO":"Merinides","PARTOF":"Merinides","BORDERPRECISION":1,"LINK":null}},
{"type":"Feature","geometry":{"type":"Polygon","coordinates":[[[-16.0411,17.6699],[-16.1255,17.3011],[-16.3788,16.7159],[-16.4057,16.49],[-16.4501,16.1184],[-16.6003,15.7495],[-16.8648,15.2977],[-17.1902,14.9602],[-17.4332,14.8072],[-17.2205,14.725],[-17.0501,14.5856],[-17.0333,14.5648],[-16.8704,14.3635],[-16.6967,14.0779],[-16.6711,13.9128],[-16.6404,13.8429],[-16.4709,13.7225],[-16.4583,13.6014],[-16.4551,13.5711],[-16.4524,13.5446],[-16.4943,13.4747],[-16.6894,13.4488],[-16.7671,13.3597],[-16.7756,13.1453],[-16.7763,13.1245],[-16.7682,13.0354],[-16.7255,12.7878],[-16.7721,12.5971],[-16.6958,12.413],[-16.5706,12.3115],[-16.5666,12.3098],[-16.4245,12.2483],[-16.279,12.2105],[-16.2479,12.1025],[-16.086,11.9694],[-15.8086,11.8429],[-15.7363,11.8431],[-15.5496,11.9197],[-15.3254,11.9266],[-15.158,11.8761],[-6.8291,10.1129],[-3.477,10.2894],[-1.36,10.8186],[2.8788,13.203],[4.2856,13.9942],[5.1677,15.0528],[5.3441,17.1699],[4.2856,18.052],[0.7571,18.7577],[-0.4779,18.7577],[-7.7112,17.8755],[-16.0411,17.6699]]]},"properties":{"NAME":"Mali","SUBJECTO":"Mali","PARTOF":"Mali","BORDERPRECISION":1,"LINK":null}},
{"type":"Feature","geometry":{"type":"Polygon","coordinates":[[[39.1416,13.8792],[37.6294,14.5235],[36.7221,13.8792],[35.5124,10.0132],[35.966,8.0803],[37.327,7.1138],[38.7177,7.1138],[39.1416,7.1138],[40.2002,8.0803],[40.805,9.53],[40.7205,10.1153],[40.5026,11.624],[39.1416,13.8792]]]},"properties":{"NAME":"Ethiopia","SUBJECTO":"Ethiopia","PARTOF":"Ethiopia","BORDERPRECISION":1,"LINK":null}},
{"type":"Feature","geometry":{"type":"Polygon","coordinates":[[[33.3953,-20.0221],[33.3953,-19.1732],[32.6896,-18.6439],[31.2782,-18.6439],[29.6904,-18.8204],[28.6319,-19.8789],[28.6166,-19.9475],[28.279,-21.4667],[28.4555,-22.5252],[29.3376,-23.0545],[31.1018,-23.0545],[32.866,-21.996],[33.3953,-20.761],[33.3953,-20.0221]]]},"properties":{"NAME":"Great Zimbabwe","SUBJECTO":"Great Zimbabwe","PARTOF":"Great Zimbabwe","BORDERPRECISION":1,"LINK":null}},
{"type":"Feature","geometry":{"type":"Polygon","coordinates":[[[35.156,15.5115],[38.9039,17.3641],[38.6857,18.0028],[38.6417,18.0607],[38.5275,18.1613],[38.3067,18.2498],[38.0286,18.4779],[37.7612,18.6426],[37.48,18.8199],[33.1236,20.5925],[30.9783,20.9312],[30.075,20.7054],[29.5105,20.0279],[30.9783,15.6244],[32.7849,15.2857],[35.156,15.5115]]]},"properties":{"NAME":"Makkura","SUBJECTO":"Makkura","PARTOF":"Makkura","BORDERPRECISION":1,"LINK":null}},
{"type":"Feature","geometry":{"type":"Polygon","coordinates":[[[30.9783,15.6244],[30.7525,12.35],[31.2041,11.7854],[32.559,11.4467],[33.2365,11.4467],[33.914,12.0113],[35.156,15.5115],[32.7849,15.2857],[30.9783,15.6244]]]},"properties":{"NAME":"Alwa","SUBJECTO":"Alwa","PARTOF":"Alwa","BORDERPRECISION":1,"LINK":null}},
{"type":"Feature","geometry":{"type":"Polygon","coordinates":[[[46.8777,13.4739],[46.9394,13.4902],[47.3696,13.6691],[47.6623,13.8476],[48.0362,14.0454],[48.2701,14.0776],[48.5367,14.0464],[48.7646,14.0977],[48.9604,14.2189],[49.1732,14.4989],[49.3338,14.6327],[49.7129,14.7733],[50.2911,14.9588],[51.3126,15.2469],[51.599,15.3788],[51.9504,15.5405],[52.1352,15.6871],[52.1629,15.8714],[52.2376,16.1003],[52.3566,16.2339],[52.6522,16.4887],[52.8943,16.61],[53.0209,16.6538],[53.2085,16.7186],[53.3357,16.7634],[53.6813,16.8975],[54.0843,17.0191],[54.4069,17.0452],[54.7561,16.9507],[54.9106,16.9701],[55.1948,17.1486],[55.2356,17.2884],[55.2344,17.4473],[55.2904,17.6761],[55.3895,17.8097],[55.5611,17.9372],[55.7081,17.9502],[55.8815,17.9315],[56.0128,17.9318],[56.2576,17.9768],[56.4576,18.0916],[56.5494,18.2188],[56.6086,18.4667],[56.7389,18.6894],[56.9043,18.8168],[57.1862,18.9381],[57.657,18.9709],[57.8386,19.0348],[57.7784,19.3142],[57.7776,19.67],[57.8061,20.172],[57.9313,20.4009],[56.9458,20.6359],[53.955,19.7296],[50.5111,17.1467],[47.8376,16.4217],[46.6594,15.4248],[46.3353,14.0968],[46.7113,13.9357],[46.8777,13.4739]]]},"properties":{"NAME":"Hadramaut","SUBJECTO":"Hadramaut","PARTOF":"Hadramaut","BORDERPRECISION":1,"LINK":null}},
{"type":"Feature","geometry":{"type":"Polygon","coordinates":[[[57.9313,20.4009],[58.0444,20.433],[58.1504,20.3951],[58.4031,20.3575],[58.512,20.4212],[58.7741,20.9412],[58.8614,21.1145],[59.2588,21.4774],[59.5357,21.8021],[59.8373,22.2792],[59.8257,22.3745],[59.4614,22.5389],[59.2543,22.729],[59.0216,23.0208],[58.6285,23.4583],[58.4647,23.5088],[58.2053,23.4955],[58.0807,23.5016],[57.9042,23.5711],[57.451,23.8052],[57.3963,23.837],[57.1462,23.9825],[56.7942,24.2676],[56.6108,24.4769],[56.4054,24.8195],[56.4053,24.9187],[56.4065,25.08],[56.4063,25.3087],[56.366,25.4547],[56.2816,25.4624],[56.1613,25.4733],[56.2148,25.5433],[56.405,25.8614],[56.3671,26.2361],[56.2973,26.1597],[56.1567,25.9665],[56.0155,25.7716],[55.6335,25.4532],[55.5305,25.373],[55.4572,25.4202],[55.0908,25.02],[54.7708,24.7335],[55.5544,23.5191],[56.7829,22.2906],[57.9313,20.4009]]]},"properties":{"NAME":"Muscat","SUBJECTO":"Muscat","PARTOF":"Muscat","BORDERPRECISION":1,"LINK":null}},
{"type":"Feature","geometry":{"type":"Polygon","coordinates":[[[40.4004,-11.2304],[40.5364,-11.0267],[40.6195,-10.766],[40.524,-10.5501],[40.4662,-10.4753],[40.3869,-10.3725],[40.2088,-10.2521],[39.8382,-10.0051],[39.6576,-9.7957],[39.5768,-9.5417],[39.3918,-8.735],[39.4004,-8.3092],[39.4777,-7.9976],[39.4243,-7.8961],[39.2867,-7.8773],[39.2701,-7.8011],[39.4372,-7.3305],[39.5554,-7.1713],[39.5664,-7.0442],[39.2209,-6.7844],[38.9215,-6.3402],[38.8724,-6.0925],[38.9338,-5.6348],[39.1225,-5.037],[39.2291,-4.8449],[39.2673,-4.7762],[39.4174,-4.7314],[39.5298,-4.6167],[39.6814,-4.3241],[39.6401,-4.0827],[40.074,-3.4717],[40.2344,-3.1917],[40.2317,-3.0328],[40.2713,-2.8167],[40.4485,-2.6447],[40.7498,-2.5932],[40.8769,-2.4277],[40.9154,-2.0781],[41.0886,-2.1286],[41.3393,-2.0518],[41.6099,-1.8767],[41.6522,-1.7525],[41.6073,-1.5937],[41.8842,-1.2182],[42.4401,-0.5116],[42.9148,-0.017],[42.9412,0.0106],[43.0993,0.17],[43.7243,0.8003],[44.3007,1.2908],[44.5675,1.463],[45.5413,1.9671],[46.2148,2.5432],[46.2254,2.5523],[46.3605,2.6678],[47.384,3.7948],[47.5564,3.9926],[47.6365,4.096],[46.4493,4.0804],[44.2814,3.3578],[43.4149,2.5148],[39.4166,-1.375],[37.7322,-4.5755],[37.9849,-6.9337],[38.2375,-9.292],[38.7429,-10.2184],[39.2482,-11.1449],[40.4004,-11.2304]]]},"properties":{"NAME":"Islamic city-states","SUBJECTO":"Islamic city-states","PARTOF":"Islamic city-states","BORDERPRECISION":1,"LINK":null}},
{"type":"Feature","geometry":{"type":"Polygon","coordinates":[[[76.0751,10.554],[76.2484,10.1035],[76.294,9.9849],[76.3853,9.7477],[76.4672,9.4101],[76.5379,9.119],[76.6624,8.8842],[76.7035,8.7064],[77.3414,8.0533],[77.4195,8.028],[77.4844,8.0282],[77.5888,8.0983],[77.6186,8.1174],[77.6632,8.1429],[77.7339,8.1773],[77.848,8.2327],[77.8998,8.2578],[78.0649,8.3853],[78.1358,8.4998],[78.1811,8.8112],[78.3138,8.9958],[78.6601,9.1236],[78.7976,9.1302],[79.1596,9.2772],[78.9377,9.4355],[78.9266,9.4927],[79.0723,9.7599],[79.2225,10.1922],[79.3063,10.2559],[79.5009,10.25],[79.7899,10.2506],[79.8263,10.3587],[79.7318,11.1527],[79.7107,11.4449],[78.1596,11.0648],[76.0751,10.554]]]},"properties":{"NAME":"Pandya state","SUBJECTO":"Pandya state","PARTOF":"Pandya state","BORDERPRECISION":1,"LINK":null}},
{"type":"Feature","geometry":{"type":"Polygon","coordinates":[[[79.7107,11.4449],[79.7253,11.5159],[79.7694,11.731],[79.8667,11.9691],[79.9228,12.1062],[80.2238,12.8311],[80.3135,13.1045],[80.3199,13.3332],[80.2018,13.4917],[80.1781,13.5235],[80.0759,13.6694],[80.1697,13.892],[80.1617,14.2541],[80.0871,14.9464],[77.45,14.1972],[77.3055,13.7636],[78.0281,11.7403],[78.1596,11.0648],[79.7107,11.4449]]]},"properties":{"NAME":"Chola state","SUBJECTO":"Chola state","PARTOF":"Chola state","BORDERPRECISION":1,"LINK":null}},
{"type":"Feature","geometry":{"type":"MultiPolygon","coordinates":[[[[84.3039,20.7519],[83.1587,21.568],[82.3639,22.6519],[82.0025,22.8687],[80.7018,22.7965],[80.485,23.3023],[79.9069,23.4468],[79.4011,23.3746],[79.4011,22.2184],[79.112,21.8571],[75.1376,21.2067],[73.7646,21.4957],[73.5478,21.7848],[74.1982,23.9527],[73.9814,24.4585],[73.1865,24.6753],[68.8824,22.9971],[69.1072,22.8989],[69.3918,22.8394],[69.6649,22.7892],[70.0459,22.7773],[70.3102,22.8286],[70.3806,22.8606],[70.4106,22.7526],[70.1762,22.479],[69.9685,22.3515],[69.7692,22.2875],[69.4922,22.2488],[69.0142,22.305],[68.8942,22.2857],[69.1261,21.9685],[69.7522,21.3981],[70.2099,20.948],[70.4675,20.777],[70.8551,20.6508],[71.0244,20.6575],[71.3026,20.7724],[71.5289,20.8237],[71.8944,20.9897],[72.1209,21.1553],[72.2562,21.3526],[72.289,21.5496],[72.2557,21.6321],[72.131,21.7462],[72.1271,21.8287],[72.233,22.0196],[72.319,22.115],[72.6956,22.1285],[72.6659,21.8489],[72.7147,21.4361],[72.7657,21.1504],[72.9311,20.9538],[73.1129,20.8271],[73.1097,20.6873],[72.8644,20.312],[72.7595,20.0576],[72.7825,19.9497],[72.8534,19.2447],[72.9761,18.5386],[73.0642,18.0317],[73.1847,17.5173],[73.3957,16.6164],[73.4093,16.5585],[73.4942,16.288],[73.5081,16.244],[73.5727,16.0379],[73.8414,15.3905],[74.0322,15.0588],[74.1531,14.8495],[74.3771,14.4619],[74.4015,14.4196],[74.4214,14.3755],[74.703,13.7513],[74.7336,13.6834],[74.7776,13.5279],[74.9617,12.877],[75.2109,12.1024],[75.5907,11.5175],[75.6518,11.4235],[76.0751,10.554],[78.1596,11.0648],[78.0281,11.7403],[77.3055,13.7636],[77.45,14.1972],[80.0871,14.9464],[80.0894,15.1752],[80.1634,15.3913],[80.3002,15.6457],[80.4598,15.7731],[79.4319,16.0175],[79.3281,17.233],[81.8619,18.7302],[84.3039,20.7519]]],[[[110.9683,1.2255],[111.2632,0.7898],[112.4991,2.2582],[113.7416,3.0865],[114.57,3.5007],[115.3293,3.0865],[116.2266,2.0511],[116.4337,1.3608],[116.0196,0.1873],[114.6347,-1.6592],[115.9559,-3.1993],[116.202,-2.9001],[116.2482,-2.7983],[116.2445,-2.703],[116.0408,-2.4429],[116.3491,-2.4168],[116.2727,-2.2835],[116.2455,-2.1056],[116.0463,-1.9345],[116.3842,-1.6605],[116.5789,-1.3677],[117.0456,-0.9346],[117.2552,-1.004],[117.3703,-1.0038],[117.4298,-0.6224],[117.3777,-0.4318],[117.3182,-0.1397],[117.3389,-0.017],[117.375,0.1973],[117.5343,0.6107],[117.7083,0.8207],[117.8597,0.8655],[118.2183,0.7583],[118.5561,0.7463],[118.7652,0.823],[118.5173,1.1656],[118.2473,1.3874],[117.9128,1.5901],[117.7301,1.7994],[117.6964,1.9009],[117.8483,2.2253],[117.8292,2.3143],[117.5877,2.6505],[117.342,3.0249],[117.236,3.0755],[117.139,3.1706],[117.2151,3.2724],[117.1631,3.4057],[117.074,3.5072],[117.3347,3.5459],[117.5802,3.5655],[117.6839,3.6292],[117.5405,3.9403],[117.5587,3.9807],[117.5892,4.0484],[117.8221,4.0997],[118.1124,4.1448],[118.3187,4.2342],[118.3912,4.3742],[117.9918,4.6846],[117.9484,4.7989],[118.1084,4.939],[118.4156,4.9016],[118.6828,4.9149],[118.8813,4.9788],[118.9714,5.0489],[119.0426,5.1698],[118.998,5.2777],[118.843,5.3409],[118.377,5.6385],[118.256,5.6637],[118.0954,5.6252],[117.7616,5.58],[117.9183,5.8028],[117.8665,5.9043],[117.6543,5.8467],[117.3701,5.7889],[117.3536,5.8778],[117.4593,6.0813],[117.5409,6.2404],[117.5071,6.3928],[117.3257,6.4877],[117.1681,6.6144],[117.0311,6.8365],[116.889,6.6456],[116.7405,6.6897],[116.5956,6.8991],[116.5618,6.8228],[116.3378,6.3585],[116.0987,6.0975],[115.9708,5.8811],[115.7871,5.7401],[115.7173,5.4676],[115.4878,5.4862],[115.2917,5.454],[115.2031,5.2759],[115.4178,5.1111],[115.4339,5.0031],[115.3614,4.8759],[115.1593,4.8381],[115.1211,4.8309],[115.0369,4.8952],[114.9615,4.8765],[114.8778,4.8558],[114.8227,4.8952],[114.854,5.0159],[114.7452,4.9844],[114.4503,4.5626],[114.1666,4.5112],[114.0737,4.455],[114.0233,4.4245],[113.9135,4.3581],[113.8148,4.2626],[113.4231,3.7598],[113.1875,3.6146],[112.9517,3.1552],[112.7592,3.0086],[112.3013,2.8742],[111.6345,2.7202],[111.3718,2.5989],[111.1338,2.0329],[110.9698,1.7593],[110.8934,1.5113],[111.1199,1.2703],[110.9683,1.2255]]],[[[119.6921,-0.017],[119.5782,-0.4906],[119.5972,-0.8782],[119.3963,-0.9041],[119.2437,-1.2285],[119.2048,-1.4319],[119.2074,-1.5463],[119.2471,-1.9593],[119.1746,-2.1755],[118.9637,-2.5255],[118.7426,-2.7611],[118.6836,-2.9011],[118.7964,-3.4792],[118.7914,-3.6635],[119.0498,-3.6502],[119.2257,-3.5736],[119.3653,-3.6305],[119.4611,-3.8082],[119.448,-3.9608],[119.5045,-4.1894],[119.4773,-4.6725],[119.4462,-5.0666],[119.365,-5.2765],[119.2946,-5.4228],[119.3667,-5.6578],[119.4768,-5.8038],[119.6909,-5.7715],[119.9216,-5.663],[120.2481,-5.586],[120.1244,-5.3321],[120.1327,-5.2304],[120.3022,-4.944],[120.3069,-4.8042],[120.1434,-4.3978],[120.2496,-3.8827],[120.2803,-3.6539],[120.2162,-3.2346],[120.1442,-3.0759],[120.3666,-2.8974],[120.4189,-2.8753],[120.1093,-0.9851],[120.0218,-0.9027],[119.9038,-0.6805],[119.8727,-0.4646],[119.9568,-0.1403],[120.0262,-0.017],[120.143,0.1905],[120.3373,0.3562],[120.4537,0.3841],[120.4319,0.636],[120.2389,0.7881],[120.109,0.7243],[119.9137,0.5396],[119.6975,0.0053],[119.6921,-0.017]]]]},"properties":{"NAME":"minor Hindu kingdoms","SUBJECTO":"minor Hindu kingdoms","PARTOF":"minor Hindu kingdoms","BORDERPRECISION":1,"LINK":null}},
{"type":"Feature","geometry":{"type":"Polygon","coordinates":[[[98.592,25.7582],[94.7208,25.976],[92.034,25.4262],[91.7166,24.0933],[91.4102,22.7208],[91.5711,22.5433],[91.8459,21.9087],[91.946,21.3626],[92.0669,21.1151],[92.1237,20.9964],[92.1763,20.8866],[92.4034,20.614],[92.6628,20.4049],[92.8271,20.4243],[92.9215,20.3737],[92.9333,20.3102],[92.8944,20.1132],[93.0656,19.9928],[93.2485,20.0377],[93.3343,20.0252],[93.416,19.9428],[93.7238,19.594],[93.7478,19.4734],[93.815,19.2576],[93.675,19.2509],[93.4579,19.1742],[93.6947,19.0096],[93.839,18.9527],[93.9656,19.1944],[94.0537,19.0611],[94.2474,18.5788],[94.4205,18.1408],[94.4653,17.6645],[94.4653,17.6428],[94.4649,17.2643],[94.392,16.9084],[94.1434,16.2154],[94.1444,16.0057],[94.3041,15.9489],[94.4156,16.0762],[94.5397,16.1336],[94.8193,16.2105],[94.8196,16.1597],[94.7534,15.9372],[94.828,15.842],[94.9726,15.836],[95.1248,15.9951],[95.2202,16.0017],[95.223,15.8048],[95.3298,15.6779],[95.4182,15.7417],[95.5523,15.8753],[95.7138,16.1552],[96.2039,16.385],[96.4692,16.5126],[96.6629,16.6972],[96.7341,16.888],[96.7704,17.3327],[96.8816,17.3457],[96.9831,17.2442],[97.215,16.9398],[97.352,16.5272],[97.4185,16.4828],[97.5732,16.4451],[98.67,18.3973],[99.8412,20.4819],[99.9654,20.4203],[100.0012,20.4587],[100.2279,20.3891],[101.0076,21.4235],[100.1405,23.3746],[100.5018,24.314],[98.5826,25.4009],[98.592,25.7582]]]},"properties":{"NAME":"Pagan","SUBJECTO":"Pagan","PARTOF":"Pagan","BORDERPRECISION":1,"LINK":null}},
{"type":"Feature","geometry":{"type":"Polygon","coordinates":[[[107.0177,15.0225],[106.8609,15.4979],[106.7887,16.3651],[107.0051,17.038],[106.6223,17.3284],[106.4331,17.5503],[106.3938,17.6645],[106.3752,17.8995],[106.3644,18.0075],[105.8641,18.4892],[105.6533,18.7428],[105.5326,18.8442],[105.707,19.2829],[105.8434,19.7024],[105.9649,19.8805],[106.0417,19.9379],[106.2814,20.0464],[106.3809,20.1101],[106.6443,20.4664],[106.7716,20.6381],[106.7462,20.8159],[106.807,20.905],[107.3743,20.8808],[107.4658,20.9763],[106.2341,21.6966],[105.4124,21.902],[102.98,20.9665],[101.8515,20.5324],[101.6574,19.6612],[101.646,17.9987],[104.1113,17.9987],[104.933,17.4509],[105.777,15.4257],[105.8757,14.4637],[106.066,14.4863],[107.0177,15.0225]]]},"properties":{"NAME":"Đại Việt","SUBJECTO":"Đại Việt","PARTOF":"Đại Việt","BORDERPRECISION":1,"LINK":null}},
{"type":"Feature","geometry":{"type":"Polygon","coordinates":[[[105.8757,14.4637],[101.8025,13.9804],[100.9087,13.4473],[100.957,13.3649],[100.8712,12.8056],[100.8716,12.6785],[101.023,12.6725],[101.1537,12.6093],[101.3291,12.5588],[101.5866,12.661],[101.7235,12.655],[101.9186,12.5855],[102.3239,12.1861],[102.5298,12.1484],[102.6585,12.0661],[102.6708,12.0377],[102.9626,11.3679],[103.0396,10.898],[103.192,10.9046],[103.4001,11.0385],[103.5249,11.0578],[103.6523,10.8802],[103.6703,10.7659],[103.5885,10.6641],[103.5249,10.5242],[103.6069,10.4735],[103.7388,10.4929],[103.831,10.474],[104.0031,10.5379],[104.1603,10.5192],[104.272,10.3987],[104.3872,10.3144],[104.4278,10.2847],[104.7649,10.1774],[104.9785,9.9809],[104.9873,9.8221],[104.8904,9.6948],[104.8224,9.4723],[104.7776,8.8813],[104.7425,8.4937],[104.9071,8.475],[105.0257,8.5197],[105.2084,8.6535],[105.2966,8.7744],[105.5031,9.029],[105.6908,9.1247],[105.9266,9.1888],[106.1184,9.3353],[106.2293,9.5516],[106.3351,9.52],[106.482,9.5521],[106.6563,9.7431],[106.7486,10.0673],[106.727,10.2261],[106.7044,10.4484],[106.7732,10.6392],[106.8538,10.5758],[107.0356,10.4364],[107.2657,10.348],[107.412,10.3674],[107.6729,10.5268],[107.9387,10.8069],[108.1643,10.9662],[108.3528,11.0428],[108.5815,11.0878],[108.6959,11.1452],[108.8973,11.3426],[108.9433,11.4122],[107.5113,11.668],[107.3845,12.3541],[107.4823,12.5833],[107.4578,13.0659],[107.4803,13.2566],[107.5146,13.422],[107.3097,13.878],[107.2967,14.1765],[107.0177,15.0225],[106.066,14.4863],[105.8757,14.4637]]]},"properties":{"NAME":"Khmer Empire","SUBJECTO":"Khmer Empire","PARTOF":"Khmer Empire","BORDERPRECISION":1,"LINK":null}},
{"type":"Feature","geometry":{"type":"Polygon","coordinates":[[[107.0177,15.0225],[107.2967,14.1765],[107.3097,13.878],[107.5146,13.422],[107.4803,13.2566],[107.4578,13.0659],[107.4823,12.5833],[107.3845,12.3541],[107.5113,11.668],[108.9433,11.4122],[109.0613,11.5907],[109.0734,11.6352],[109.0484,11.9338],[109.0909,12.1181],[109.0684,12.4865],[109.1745,12.7091],[109.3071,12.9063],[109.0711,14.17],[108.9178,14.7923],[108.7861,15.0906],[108.4989,15.3631],[108.3631,15.6233],[108.2361,16.0804],[108.0953,16.2516],[107.8092,16.2827],[107.692,16.3714],[107.115,16.9546],[107.0051,17.038],[106.7887,16.3651],[106.8609,15.4979],[107.0177,15.0225]]]},"properties":{"NAME":"Champa","SUBJECTO":"Champa","PARTOF":"Champa","BORDERPRECISION":1,"LINK":null}},
{"type":"Feature","geometry":{"type":"Polygon","coordinates":[[[100.9087,13.4473],[100.9354,14.0527],[100.6463,14.1972],[100.2127,14.1972],[99.8514,13.9082],[99.9303,13.261],[100.04,13.3947],[100.2397,13.4904],[100.4739,13.5099],[100.5855,13.4721],[100.9087,13.4473]]]},"properties":{"NAME":"Luva","SUBJECTO":"Luva","PARTOF":"Luva","BORDERPRECISION":1,"LINK":null}},
{"type":"Feature","geometry":{"type":"Polygon","coordinates":[[[80.054,29.9815],[83.74,28.2048],[86.2314,27.0039],[88.6637,26.4143],[91.8303,27.2768],[95.0821,28.722],[97.6113,28.9388],[98.5507,28.2884],[98.6372,27.4787],[100.6816,28.691],[102.4061,33.7207],[101.6876,36.3074],[95.5186,37.102],[91.6858,36.3649],[90,36.5123],[89.9168,35.9964],[90,35.6278],[89.9168,35.1856],[86.821,35.1119],[82.6934,34.7433],[81.7946,34.768],[81.7948,34.503],[81.2528,34.0514],[79.8979,34.0514],[79.8076,33.0578],[80.0785,31.8835],[79.8076,31.1609],[79.8076,30.7092],[80.054,29.9815]]]},"properties":{"NAME":"Tibet","SUBJECTO":"Mongol Empire","PARTOF":"Tibet","BORDERPRECISION":1,"LINK":null}},
{"type":"Feature","geometry":{"type":"Polygon","coordinates":[[[85.3791,19.6054],[85.7148,19.6977],[85.9089,19.7235],[86.1192,19.8065],[86.3856,20.0167],[86.6324,20.2036],[86.6379,20.3191],[86.7752,20.4686],[86.9261,20.6913],[86.8442,20.8753],[86.7962,21.1357],[86.8187,21.1865],[86.9372,21.2884],[87.1942,21.3843],[87.6407,21.5631],[87.8675,21.697],[88.053,21.9387],[88.1216,21.8627],[88.2479,21.5961],[88.2996,21.5518],[88.3771,21.5773],[88.4539,21.7363],[88.5676,21.8954],[88.657,21.8574],[88.7235,21.54],[88.8809,21.5149],[89.0255,21.547],[88.9948,21.6295],[89.0723,21.7743],[89.2339,21.6554],[89.4566,21.9417],[89.579,21.7006],[89.6702,21.7198],[89.7963,21.8321],[89.8697,22.1332],[89.9027,22.1078],[90,21.9303],[90,22.0199],[90,22.0584],[90,22.1348],[90,22.3254],[90,22.6808],[90,22.9222],[90,22.9795],[90,24.9643],[90,25.3257],[90,25.687],[88.6637,26.4143],[86.2314,27.0039],[83.74,28.2048],[80.054,29.9815],[73.4755,32.9855],[73.1142,33.2746],[72.8252,34.0694],[72.7913,34.2248],[71.669,33.7804],[71.008,33.0546],[69.8263,31.757],[68.2365,29.3724],[67.7482,28.3945],[66.3001,25.4947],[66.4323,25.4886],[66.6205,25.3175],[66.7005,25.1144],[66.6481,24.9046],[66.6542,24.7839],[66.7017,24.7523],[66.9995,24.7148],[67.1536,24.6516],[67.2042,24.5882],[67.3159,24.0929],[67.486,23.9281],[67.6923,23.8142],[68.047,23.7641],[68.0722,23.6752],[68.3729,23.3264],[68.7908,23.0287],[68.8824,22.9971],[73.1865,24.6753],[73.9814,24.4585],[74.1982,23.9527],[73.5478,21.7848],[73.7646,21.4957],[75.1376,21.2067],[79.112,21.8571],[79.4011,22.2184],[79.4011,23.3746],[79.9069,23.4468],[80.485,23.3023],[80.7018,22.7965],[82.0025,22.8687],[82.3639,22.6519],[83.1587,21.568],[84.3039,20.7519],[84.6843,20.2125],[85.3791,19.6054]]]},"properties":{"NAME":"Sultanate of Delhi","SUBJECTO":"Sultanate of Delhi","PARTOF":"Sultanate of Delhi","BORDERPRECISION":1,"LINK":null}},
{"type":"Feature","geometry":{"type":"Polygon","coordinates":[[[81.7946,34.768],[81.2528,35.316],[78.4526,35.1353],[76.0138,35.4966],[74.6592,34.9644],[72.7913,34.2248],[72.8252,34.0694],[73.1142,33.2746],[73.4755,32.9855],[80.054,29.9815],[79.8076,30.7092],[79.8076,31.1609],[80.0785,31.8835],[79.8076,33.0578],[79.8979,34.0514],[81.2528,34.0514],[81.7948,34.503],[81.7946,34.768]]]},"properties":{"NAME":"Kashmir and Ladakh","SUBJECTO":"Kashmir and Ladakh","PARTOF":"Kashmir and Ladakh","BORDERPRECISION":1,"LINK":null}},
{"type":"Feature","geometry":{"type":"Polygon","coordinates":[[[72.7913,34.2248],[74.6592,34.9644],[76.0138,35.4966],[78.4526,35.1353],[81.2528,35.316],[92.0019,41.91],[90,43.8972],[90,46.4264],[93.8085,48.0523],[93.8085,48.5943],[93.2665,49.1362],[93.8085,49.6782],[90,50.0733],[88.3888,50.4008],[85.6789,50.3105],[82.4271,49.5879],[79.1753,49.4072],[70.5037,50.1298],[63.5485,45.2521],[60.0256,42.3616],[61.1096,41.1873],[62.0129,41.1873],[62.1032,40.3744],[63.7291,39.4711],[64.6324,38.8388],[66.5293,38.1162],[66.7099,37.2129],[67.3422,37.2129],[67.8842,36.8516],[69.8263,31.757],[71.008,33.0546],[71.669,33.7804],[72.7913,34.2248]]]},"properties":{"NAME":"Chagatai Khanate","SUBJECTO":"Mongol Empire","PARTOF":"Chagatai Khanate","BORDERPRECISION":1,"LINK":null}},
{"type":"Feature","geometry":{"type":"Polygon","coordinates":[[[18.6849,54.254],[18.6731,54.2551],[18.5132,54.3158],[18.4538,54.5254],[18.3385,54.6026],[18.3629,54.6689],[18.7595,54.5364],[18.2794,54.7241],[17.6576,54.6855],[17.7468,54.4325],[17.1114,54.13],[16.9904,54.1905],[16.6878,54.0392],[16.8089,53.8577],[16.8089,53.4643],[16.6576,53.8577],[16.2038,53.7064],[16.4155,53.5249],[16.2038,53.3433],[16.0531,52.7164],[15.8439,52.7103],[15.816,52.5707],[15.7602,52.5707],[15.7645,52.2655],[15.9565,52.1834],[15.1673,51.5279],[14.9691,50.9766],[16.3784,50.5588],[16.5766,50.2359],[16.995,50.3906],[18.4703,49.9392],[18.712,49.5896],[18.9267,49.622],[19.1082,49.5917],[19.1385,49.7127],[19.3805,49.8035],[19.5621,49.7127],[19.5621,49.5312],[19.7133,49.5312],[19.8949,49.4707],[20.0159,49.8035],[20.3487,49.743],[20.5302,49.8035],[20.6815,49.6522],[20.8933,49.743],[20.8025,49.8337],[20.8933,49.8337],[20.984,49.743],[21.1353,49.8337],[21.2866,49.7732],[21.3169,49.864],[21.7681,49.7437],[21.7502,50.781],[21.4237,51.4993],[21.6849,51.5646],[21.7502,52.0218],[21.3584,52.283],[21.3584,52.6095],[21.3584,53.1973],[21.4643,53.8191],[21.1049,53.8191],[20.8098,53.6376],[20.7094,53.7581],[20.4282,53.7781],[20.3863,53.5111],[20.0783,53.5111],[20.0783,53.6651],[19.565,53.4598],[19.2057,53.2544],[18.949,53.2544],[18.5897,53.1004],[18.2817,53.3571],[18.6849,54.254]]]},"properties":{"NAME":"Poland","SUBJECTO":"Poland","PARTOF":"Poland","BORDERPRECISION":1,"LINK":null}},
{"type":"Feature","geometry":{"type":"Polygon","coordinates":[[[22.2343,54.1271],[22.5992,52.936],[23.3828,52.3483],[25.7991,52.283],[26.1256,52.7401],[27.0399,52.936],[27.1052,53.9156],[27.693,54.5034],[27.693,54.9605],[27.3011,55.3523],[27.3705,55.7193],[26.2454,55.8961],[25.3074,56.4885],[24.715,56.3404],[22.7454,56.35],[21.9045,56.35],[21.1418,56.1273],[21.3103,55.5131],[21.6696,55.5131],[22.0289,55.2564],[21.9263,54.9484],[22.1316,54.7944],[22.0803,54.5891],[22.1829,54.5377],[22.2343,54.1271]]]},"properties":{"NAME":"Lithuania","SUBJECTO":"Lithuania","PARTOF":"Lithuania","BORDERPRECISION":1,"LINK":null}},
{"type":"Feature","geometry":{"type":"Polygon","coordinates":[[[20.9942,44.7001],[21.6849,43.728],[21.489,42.8791],[24.2971,42.0301],[26.0603,42.0954],[26.5828,41.8342],[26.6481,42.5526],[27.8873,43.0635],[28.0346,43.3919],[28.1871,43.4501],[28.3281,43.4375],[28.4457,43.4764],[28.4805,43.5923],[28.5101,43.7431],[28.5299,43.8435],[28.5731,44.1978],[28.6862,44.4881],[28.9182,44.7658],[29.0897,44.8757],[29.2616,44.8954],[29.4575,44.9151],[29.579,45.0575],[29.7108,45.2583],[29.0644,45.1647],[28.4022,45.3594],[28.3683,45.3309],[28.0186,45.3155],[27.8236,44.8382],[28.0848,44.577],[27.9542,44.2505],[26.4522,44.2505],[25.4726,43.728],[24.6236,43.9893],[24.2318,43.7933],[23.5134,44.0546],[22.9257,43.7933],[22.9257,44.1852],[22.4686,44.3811],[22.6645,44.6423],[22.338,44.7729],[22.0767,44.4464],[21.3584,44.7729],[20.9942,44.7001]]]},"properties":{"NAME":"Bulgar Khanate","SUBJECTO":"Bulgar Khanate","PARTOF":"Bulgar Khanate","BORDERPRECISION":1,"LINK":null}},
{"type":"Feature","geometry":{"type":"Polygon","coordinates":[[[27.6059,56.7069],[27.8227,56.7255],[28.0174,56.5669],[28.0926,56.7924],[28.8127,56.8835],[29.0595,56.5379],[29.9482,56.5379],[30.6887,55.8961],[30.9356,56.3898],[30.7381,56.9822],[31.2812,57.2785],[32.4167,57.2785],[32.5255,57.8992],[33.5051,57.9645],[34.2888,57.8339],[36.1173,56.7237],[37.7499,56.985],[38.8601,58.3564],[38.403,59.2706],[36.2479,60.1196],[36.3132,60.642],[37.0969,61.1645],[37.8805,61.0339],[39.8397,60.1196],[40.9499,60.1849],[41.2111,60.4461],[41.2111,61.1645],[45.7171,62.2093],[46.0437,62.0787],[45.9648,57.7345],[54.9216,58.113],[54.7292,58.8788],[53.0966,61.491],[51.2681,63.2542],[48.0028,64.9522],[44.0528,66.0405],[44.0294,66.0112],[43.8762,66.011],[43.2414,66.2509],[42.4185,66.3811],[42.2108,66.41],[42.1334,66.3879],[41.6233,66.0652],[41.3542,65.9552],[40.6814,65.7936],[40.0369,65.6031],[39.9513,65.5812],[39.8231,65.4356],[39.9794,65.1531],[40.366,64.8579],[40.4621,64.7503],[40.4398,64.5636],[40.3222,64.4629],[39.9971,64.5412],[39.6216,64.476],[39.1934,64.511],[38.2529,64.7031],[37.6041,64.8528],[37.1019,65.0681],[36.8839,65.0677],[36.5685,64.7646],[36.9967,64.4066],[37.262,64.3139],[37.4633,64.3],[37.6681,64.3433],[37.8799,64.3079],[38.0539,64.1293],[38.0541,63.9863],[37.9449,63.8504],[37.5915,63.8069],[37.4105,63.7495],[37.2465,63.7849],[36.9875,63.8415],[36.4206,63.8761],[36.24,63.9186],[36.0155,64.197],[35.6233,64.2536],[35.0818,64.2883],[34.8846,64.3668],[34.8148,64.4598],[34.7729,64.6822],[34.4257,65.1065],[34.332,65.3455],[34.2934,65.3962],[30.604,64.938],[27.2316,63.3545],[28.6657,62.2087],[29.6873,60.131],[29.9529,59.9856],[30.1266,59.806],[29.9632,59.7366],[29.7655,59.7362],[29.4136,59.86],[29.0761,59.9078],[28.9363,59.8246],[28.7959,59.6722],[28.6627,59.6443],[28.4444,59.7337],[28.3091,59.6644],[28.351,59.6021],[28.2663,59.5622],[28.1631,59.5907],[28.0942,59.6647],[27.9417,59.6476],[27.8967,59.5338],[27.9734,59.5167],[28.0131,59.4582],[28.0159,59.4542],[27.8936,59.3461],[27.702,59.2975],[27.6633,58.9561],[27.6612,58.9376],[27.5107,57.6114],[27.6059,56.7069]]]},"properties":{"NAME":"Novgorod","SUBJECTO":"Mongol Empire","PARTOF":"Novgorod","BORDERPRECISION":1,"LINK":null}},
{"type":"Feature","geometry":{"type":"Polygon","coordinates":[[[27.3705,55.7193],[27.3011,55.3523],[27.693,54.9605],[27.693,54.5034],[27.1052,53.9156],[27.0399,52.936],[26.1256,52.7401],[25.7991,52.283],[23.3828,52.3483],[22.5992,52.936],[22.2343,54.1271],[21.4643,53.8191],[21.3584,53.1973],[21.3584,52.6095],[21.3584,52.283],[21.7502,52.0218],[21.6849,51.5646],[21.4237,51.4993],[21.7502,50.781],[21.7681,49.7437],[21.7707,49.743],[21.7707,49.5917],[24.2971,48.7565],[27.1705,47.9729],[27.4283,47.3836],[29.4562,48.3647],[29.848,49.279],[34.6806,48.5606],[37.0316,49.7361],[38.1418,49.6055],[38.2724,50.9116],[38.7948,51.0422],[40.6887,50.9769],[43.6274,52.2177],[43.6274,53.9156],[43.1049,54.6993],[43.6274,54.9605],[45.3253,54.8952],[45.7171,55.287],[45.5865,57.3115],[45.9648,57.7345],[46.0437,62.0787],[45.7171,62.2093],[41.2111,61.1645],[41.2111,60.4461],[40.9499,60.1849],[39.8397,60.1196],[37.8805,61.0339],[37.0969,61.1645],[36.3132,60.642],[36.2479,60.1196],[38.403,59.2706],[38.8601,58.3564],[37.7499,56.985],[36.1173,56.7237],[34.2888,57.8339],[33.5051,57.9645],[32.5255,57.8992],[32.4167,57.2785],[31.2812,57.2785],[30.7381,56.9822],[30.9356,56.3898],[30.6887,55.8961],[29.9482,56.5379],[29.0595,56.5379],[28.8127,56.8835],[28.0926,56.7924],[28.0174,56.5669],[27.8227,56.7255],[27.6059,56.7069],[27.6508,56.28],[27.3705,55.7193]]]},"properties":{"NAME":"Ryazan","SUBJECTO":"Mongol Empire","PARTOF":"Ryazan","BORDERPRECISION":1,"LINK":null}},
{"type":"Feature","geometry":{"type":"MultiPolygon","coordinates":[[[[54.9216,58.113],[55.4652,58.1359],[58.2931,58.4245],[61.8813,59.8517],[70.6872,62.5387],[77.0384,61.9741],[85.0833,58.1634],[93.975,56.8932],[109.0768,57.5989],[118.1096,56.8932],[126.4368,54.9172],[136.4871,53.6548],[136.3507,53.7012],[136.3435,53.8878],[136.4916,54.4555],[136.1964,54.475],[135.7258,54.4073],[135.3126,54.4132],[135.0945,54.4328],[134.902,54.5594],[134.8937,54.7199],[134.9852,54.8539],[135.2695,55.0287],[136.1194,55.4206],[136.5213,55.5899],[137.2291,55.9827],[137.6019,56.2403],[138.3459,56.8042],[138.8668,57.1245],[139.2938,57.3362],[140.0287,57.6441],[140.4998,58.1708],[140.5874,58.2393],[140.9943,58.3906],[141.3496,58.5009],[141.5908,58.7275],[141.9238,58.9409],[142.3578,59.141],[142.8459,59.2725],[142.9268,59.2796],[143.3029,59.2665],[143.8241,59.295],[144.3898,59.3099],[144.8457,59.2832],[145.4041,59.3255],[145.4957,59.2088],[145.5128,59.0369],[145.6526,58.9754],[145.957,58.9829],[146.0235,59.196],[146.054,59.2511],[146.3074,59.286],[146.7064,59.2248],[146.9996,59.191],[147.3522,59.2329],[147.9192,59.2615],[148.1028,59.2068],[148.4161,59.0974],[148.6303,59.194],[148.7472,59.2974],[148.7284,59.4763],[149.0453,59.5872],[149.3803,59.6085],[149.7296,59.5953],[150.1201,59.3895],[150.2787,59.3622],[150.6634,59.4318],[151.1402,59.4396],[151.5236,59.3439],[151.8573,59.0558],[151.7833,59.035],[151.3927,58.9794],[151.0562,58.9238],[151.0075,58.7933],[151.1354,58.7318],[151.3545,58.6911],[151.6907,58.7535],[152.1912,58.9259],[152.5042,58.7687],[152.8283,58.9477],[152.9682,58.9961],[153.1399,59.0101],[153.4541,58.9489],[153.9244,58.9223],[154.3871,59.04],[154.9059,59.1028],[154.878,59.1577],[154.7528,59.2812],[154.1818,59.3008],[153.9445,59.3967],[153.943,59.5688],[154.0922,59.7759],[154.3157,59.9833],[154.6933,60.199],[155.1518,60.3944],[155.7339,60.5554],[155.6667,60.778],[155.8508,60.883],[156.4184,61.1213],[156.3812,61.2051],[156.4232,61.401],[156.8252,61.5628],[157.098,61.6334],[157.5283,61.6693],[158.1184,61.7195],[158.8413,61.784],[159.1064,61.7073],[159.2311,61.5463],[159.4546,61.5608],[159.9658,61.765],[160.1183,61.7513],[160.1493,61.6602],[160.0562,61.5129],[159.8569,61.3025],[159.7435,61.0996],[159.8155,60.9811],[160.2356,60.947],[160.077,60.7376],[160.0071,60.5913],[160.1188,60.5636],[160.645,60.7178],[161.5358,61.1868],[162.2352,61.5099],[162.4506,61.5594],[162.7488,61.609],[162.7669,61.6721],[162.7106,61.7632],[163.0092,62.1783],[162.9902,62.3261],[163.3403,62.4113],[163.8184,62.4897],[164.1377,62.5327],[165.0672,62.4357],[165.2857,62.2881],[165.0548,62.2595],[164.2772,62.2229],[164.0083,62.1309],[163.9259,61.955],[163.9423,61.7374],[163.5757,61.3305],[163.8314,61.2331],[163.7927,61.1282],[163.4448,60.8903],[163.3293,60.6949],[162.3811,60.4636],[161.8179,60.268],[161.7008,60.0735],[161.5352,59.9417],[160.8442,59.5542],[160.4519,59.3539],[159.6491,58.9537],[159.5863,58.8027],[159.3927,58.6104],[159.1043,58.4249],[158.3263,58.0268],[157.9617,57.8828],[157.5112,57.7455],[156.7769,57.5805],[156.8395,57.5057],[156.8777,57.3627],[156.8147,57.2606],[156.5579,56.9475],[156.2358,56.7568],[155.703,56.3696],[155.6276,56.2679],[155.5057,55.6396],[155.4535,55.2758],[155.4652,54.9198],[155.5831,54.5521],[155.6302,54.4654],[155.6381,54.3184],[155.7075,54.065],[155.7108,53.8049],[155.9418,53.1931],[156.0381,52.7815],[156.1752,52.6093],[156.3332,52.2716],[156.3619,51.9142],[156.4747,51.6038],[156.5637,51.2344],[156.6964,50.9577],[156.8246,51.0041],[157.2095,51.229],[157.8978,51.666],[158.258,52.0171],[158.3895,52.2027],[158.4624,52.5871],[158.4317,52.7131],[158.4614,52.826],[158.7881,52.9594],[159.3198,53.1265],[159.5918,53.1336],[159.8969,53.2406],[159.9221,53.3005],[159.9048,53.4002],[159.6835,53.5794],[159.6332,53.7058],[159.6951,53.8592],[159.9311,54.0864],[160.0274,54.1533],[160.4043,54.3676],[160.6829,54.4483],[160.8376,54.4486],[161.1364,54.4091],[161.5666,54.4232],[161.8759,54.5641],[162.0082,54.7382],[161.9385,54.8451],[161.6474,54.9851],[161.5027,55.2874],[161.6094,55.5569],[161.8613,55.8609],[162.3176,56.2401],[162.5218,56.3487],[162.7219,56.3423],[162.5472,56.1053],[162.5546,56.0107],[162.7713,55.9166],[163.0091,55.9441],[163.166,56.1065],[163.1723,56.3838],[163.098,56.5597],[162.7443,56.5997],[162.6128,56.8029],[162.5124,57.0335],[162.5933,57.1695],[162.932,57.3742],[163.1278,57.5516],[163.0784,57.6265],[162.8257,57.701],[162.2037,57.6794],[161.9892,57.7199],[161.7999,57.8627],[161.8044,58.1017],[161.9384,58.2592],[162.22,58.4855],[162.6159,58.733],[162.9074,58.8913],[162.7534,58.9665],[162.8352,59.0559],[163.2545,59.2904],[163.0998,59.3589],[163.0429,59.462],[163.1064,59.5792],[163.3887,59.8141],[163.5163,59.8557],[163.7668,59.8838],[163.6497,59.792],[164.1105,60.0782],[164.3281,59.9607],[164.4419,59.7402],[164.5846,59.6647],[164.8816,59.7341],[164.933,59.9619],[165.1136,60.0314],[165.4154,60.1152],[165.78,60.3541],[165.9563,60.3105],[166.2034,60.3526],[165.945,59.7706],[166.0272,59.7087],[166.2685,59.8333],[166.8684,60.1734],[167.104,60.271],[167.6896,60.3554],[168.2109,60.4329],[168.6708,60.4546],[169.1541,60.4346],[169.4557,60.2963],[169.5316,60.1299],[169.6136,60.0122],[169.8775,59.8746],[170.0601,59.8818],[170.2731,60.0134],[170.2684,60.1451],[170.3368,60.2771],[170.5197,60.3399],[171.0724,60.4521],[171.2484,60.6542],[172.0001,60.8576],[172.1082,60.9833],[172.4924,61.2633],[172.9183,61.2781],[173.1263,61.3694],[173.3426,61.5518],[173.4809,61.6011],[173.9268,61.616],[174.2504,61.7147],[174.3487,61.799],[174.5423,61.8907],[174.6527,61.8909],[175.1726,61.9691],[176.5491,62.3797],[176.5805,62.4291],[176.832,62.6764],[176.9683,62.6908],[177.1903,62.67],[177.1349,62.55],[177.2908,62.4868],[177.691,62.4523],[178.2503,62.3829],[178.4519,62.3199],[178.7377,62.2993],[179.0488,62.3914],[179.2422,62.5257],[179.2318,62.6385],[179.2877,62.8151],[178.9316,62.7651],[179.0043,62.9702],[178.9395,63.0833],[178.714,63.1537],[178.5011,63.3802],[178.3444,63.458],[178.0777,63.4291],[178.4026,63.6641],[178.3716,63.7494],[178.2878,63.9129],[178.1765,64.0053],[178.1473,64.1566],[177.8134,64.0474],[178.0111,64.1921],[177.5347,64.0897],[177.1932,64.2104],[177.0816,64.303],[177.0816,64.5174],[176.9305,64.5529],[176.7532,64.5711],[176.4678,64.409],[176.044,64.5012],[175.8998,64.5474],[176.156,64.6779],[175.9651,64.9037],[176.1802,64.868],[176.3317,64.7729],[176.7125,64.7817],[177.1347,64.9274],[177.0263,64.8442],[177.2515,64.8561],[177.3735,64.7614],[177.4267,64.6067],[177.8441,64.5832],[178.0044,64.5477],[178.4738,64.5772],[178.726,64.6063],[179.016,64.7729],[179.3091,64.7865],[180,64.9535],[180,65.0519],[180,65.311],[180,65.3816],[180,65.9631],[180,66.9631],[180,67.9631],[180,68.9199],[179.2815,69.1473],[178.965,69.2291],[178.6289,69.2585],[178.0428,69.4076],[177.705,69.4896],[177.0792,69.5336],[176.546,69.6229],[176.1922,69.7127],[175.611,69.7794],[174.5745,69.7851],[173.6367,69.7607],[173.0083,69.6917],[172.9082,69.8348],[172.3592,69.9092],[171.8484,69.9385],[171.3022,69.9752],[170.4517,70.0192],[170.2363,69.762],[170.0563,69.6109],[170.4313,69.5589],[170.7932,69.184],[170.9049,69.0343],[170.8328,68.9219],[170.0889,68.7785],[169.3886,68.7175],[169.1132,68.7842],[168.9861,68.9634],[168.5924,69.1125],[168.1,69.2315],[167.9216,69.3287],[167.5032,69.5686],[167.3201,69.6586],[166.7004,69.4317],[166.3092,69.3783],[165.3301,69.4066],[164.6365,69.4128],[164.3182,69.4649],[164.0537,69.66],[163.7224,69.6745],[163.0382,69.5452],[162.2749,69.5363],[162.1178,69.5586],[161.961,69.5282],[161.4161,69.3542],[161.1708,69.1586],[160.8623,69.0831],[160.674,69.2703],[160.6816,69.5785],[160.3924,69.6156],[160.0166,69.6224],[159.673,69.6519],[159.4438,69.7646],[159.5727,69.999],[159.6279,70.2198],[159.4656,70.395],[159.2292,70.5475],[158.9341,70.6235],[158.4087,70.8142],[158.078,70.8673],[157.3964,70.9275],[156.0432,70.9866],[155.0492,70.9385],[153.9165,70.7905],[153.4044,70.7282],[152.7906,70.681],[152.134,70.6644],[151.8991,70.733],[151.6448,70.8938],[151.48,71.0858],[151.1195,71.2548],[150.6937,71.3467],[149.7154,71.4376],[148.9622,71.5679],[148.7109,71.6294],[149.722,71.8952],[149.6225,71.9419],[149.5303,72.0274],[149.1045,72.0889],[148.698,72.1662],[148.1595,72.1964],[146.9151,72.2019],[146.1861,71.8421],[145.7462,71.6937],[145.3338,71.6309],[145.1004,71.5762],[144.8013,71.5911],[144.8808,71.7231],[145.2614,71.8404],[145.6782,71.9267],[145.815,72.0984],[145.6646,72.1605],[145.2096,72.1207],[144.8204,72.1433],[145.6,72.4262],[144.5618,72.4556],[144.2674,72.5021],[143.8188,72.5326],[142.9025,72.6172],[142.2002,72.6787],[141.4084,72.7873],[141.294,72.7871],[140.5891,72.4952],[140.215,72.4319],[139.7556,72.4232],[139.3118,72.3832],[139.1683,72.3438],[138.9693,72.2105],[139.05,72.1638],[139.3388,72.1644],[139.8479,72.2356],[139.806,72.0015],[139.7386,71.8379],[139.8257,71.6284],[139.7445,71.4036],[139.1588,71.418],[138.8999,71.5026],[138.6749,71.6184],[138.4461,71.6103],[138.1194,71.4702],[138.1138,71.3851],[138.1754,71.362],[138.0758,71.246],[137.8549,71.1298],[137.7713,71.0988],[137.6297,71.0754],[136.765,71.4058],[136.2266,71.5132],[135.8606,71.5434],[135.5106,71.5118],[134.6229,71.3013],[134.2414,71.2619],[133.7439,71.3228],[133.1384,71.4532],[132.7906,71.592],[132.6843,71.8014],[132.5538,71.809],[132.2836,71.6609],[131.7917,71.1879],[131.4127,70.8638],[131.0548,70.6865],[130.7793,70.6783],[130.1717,70.8153],[129.3552,71.1757],[128.7835,71.538],[128.4325,71.7546],[128.1701,71.8319],[127.7141,72.0101],[127.4175,72.1422],[127.1209,72.2119],[126.69,72.2189],[126.2253,72.2493],[126.1113,72.2804],[126.2164,72.3823],[127.3135,72.7139],[128.1706,72.8965],[128.291,72.9125],[128.5249,72.9523],[128.4989,73.1259],[128.3148,73.2075],[127.7196,73.4015],[127.0968,73.4163],[126.487,73.3834],[125.7173,73.3978],[125.3346,73.5241],[124.8177,73.6582],[124.4567,73.7053],[124.2222,73.6969],[123.4099,73.4808],[123.425,73.4332],[123.4422,73.3302],[123.5148,73.172],[122.8824,72.7528],[122.2433,72.9091],[121.6995,72.9002],[120.5785,72.8351],[120.1128,72.8815],[119.7986,72.9125],[119.4174,72.9669],[118.4978,73.0362],[118.3385,73.1861],[118.4604,73.5192],[117.9188,73.5341],[117.5346,73.5493],[116.6711,73.6192],[115.6115,73.6252],[114.9341,73.5603],[114.1867,73.551],[113.547,73.2009],[113.3117,73.3827],[113.3077,73.613],[113.2216,73.7481],[112.997,73.7796],[112.4768,73.6591],[112.0934,73.6346],[111.7617,73.6578],[111.4949,73.7449],[111.2153,73.7683],[110.9441,73.9433],[110.5513,74.0384],[110.2896,73.9421],[110.1632,73.8301],[110.1784,73.7982],[110.4,73.7429],[110.4423,73.5679],[109.9906,73.44],[109.5952,73.3916],[108.7496,73.2632],[107.8043,73.1428],[107.2499,73.1338],[106.5015,73.0613],[106.087,72.8554],[105.6002,72.7443],[105.2788,72.7515],[106.2083,73.2585],[107.2655,73.5222],[108.3399,73.6912],[108.6969,73.8194],[110.0547,74.2537],[111.5866,74.731],[112.1113,74.7804],[112.5771,74.8862],[113.625,75.2727],[113.2216,75.4368],[113.1134,75.4944],[113.723,75.8688],[113.533,76.0937],[113.1489,76.0595],[112.8223,76.0589],[112.5885,76.2592],[112.0572,76.4514],[111.4273,76.5681],[110.5477,76.6423],[109.9402,76.6327],[109.6564,76.6913],[108.8595,76.6475],[108.2445,76.6464],[107.7715,76.4012],[107.666,76.4431],[107.2908,76.4339],[106.404,76.4323],[106.5374,76.5672],[107.0714,76.771],[107.2401,76.8984],[107.1603,76.9491],[106.2429,76.9135],[105.5281,76.98],[104.7046,76.9275],[104.4851,76.995],[104.7823,77.1488],[105.4697,77.3293],[105.4495,77.4491],[105.0625,77.5685],[104.3937,77.5672],[103.9466,77.5922],[103.3933,77.5578],[102.3897,77.3748],[101.6905,77.2026],[101.1665,77.0058],[101.1115,76.8529],[101.3895,76.625],[100.8303,76.4554],[100.4074,76.4714],[99.9832,76.437],[99.7736,76.2854],[99.8334,76.21],[99.7794,76.0593],[99.4672,75.9669],[99.1586,75.9997],[98.7162,76.074],[98.2887,76.0565],[97.6837,75.9552],[97.1164,75.8708],[96.6582,75.8533],[95.9818,75.902],[96.1394,76.0859],[95.9673,76.1692],[95.4877,76.1683],[94.6943,76.1836],[94.3096,76.0741],[93.5921,75.8808],[92.6705,75.7626],[91.6347,75.6527],[90,75.6015],[90,75.5585],[89.7963,75.5244],[89.6846,75.5082],[89.2847,75.4661],[87.9223,75.0599],[87.4875,74.9609],[86.9583,74.7821],[86.8126,74.5399],[86.8135,74.4353],[86.9776,74.299],[87.394,74.1795],[87.5406,74.0997],[87.6908,73.9],[87.5696,73.7721],[87.1397,73.6041],[86.905,73.5559],[86.1235,73.4511],[86.3264,73.6344],[86.7569,73.7866],[86.4921,73.8738],[85.8562,73.8248],[85.3812,73.6963],[85.0015,73.5762],[84.8295,73.5997],[84.6161,73.7427],[83.9766,73.6698],[83.0204,73.6123],[81.8775,73.6022],[80.8382,73.5526],[80.6201,73.4965],[80.5005,73.4247],[80.464,73.3136],[80.8289,73.0135],[80.8717,72.84],[80.8442,72.5802],[80.9823,72.447],[81.5853,72.354],[82.026,72.2452],[82.3206,72.2223],[82.4363,72.0506],[82.8546,71.9421],[83.2024,71.8259],[83.5611,71.6244],[83.2526,71.2829],[83.168,71.1822],[83.5047,70.8129],[83.5709,70.6517],[83.6571,70.5982],[83.677,70.4603],[83.3707,70.3373],[83.0363,70.2449],[83.0759,70.5818],[82.8037,70.8193],[82.6755,70.8421],[82.5015,70.7111],[82.1957,70.358],[82.0456,70.4189],[82.1036,70.8564],[82.2153,71.2036],[82.5289,71.3202],[82.8801,71.4913],[82.8184,71.6463],[82.4914,71.5681],[81.6714,71.5743],[81.4253,71.6127],[80.8283,71.767],[80.3387,72.0076],[79.7032,72.1783],[79.2226,72.2713],[78.6473,72.2624],[78.2696,72.2147],[78.0857,72.1753],[78.1264,71.8476],[77.7899,71.7769],[77.2749,71.8149],[77.0749,71.8924],[76.4567,71.8679],[76.3329,71.7197],[76.6072,71.5183],[76.8661,71.449],[77.2849,71.4188],[78.1369,71.3739],[78.3716,71.2505],[78.6085,70.8499],[78.2492,70.8339],[78.1047,70.8413],[77.7362,71.0255],[77.0016,71.0626],[76.2932,71.1385],[75.6706,71.1991],[75.452,71.3225],[75.2843,71.4461],[75.2213,71.6477],[75.2966,71.8969],[75.5825,72.1706],[75.6662,72.4135],[75.6173,72.6255],[75.4076,72.6644],[75.1199,72.6875],[75.0161,72.7188],[75.0746,72.4203],[74.9987,72.1304],[74.9212,72.0287],[74.5866,71.8722],[74.1372,71.7545],[73.5914,71.7069],[73.2169,71.4577],[73.2707,71.3726],[73.698,71.1414],[74.1892,70.6726],[74.2496,70.5729],[74.1222,70.3659],[73.791,70.0522],[73.6541,69.7565],[73.9079,69.2745],[73.9145,69.1543],[74.318,69.1625],[74.9017,69.081],[75.1886,69.1266],[75.598,69.21],[76.1775,69.1359],[76.538,69.0841],[77.0299,68.9799],[77.406,68.9356],[77.6358,68.8162],[77.8342,68.4727],[77.9091,68.3237],[78.0072,68.2568],[77.9775,68.1451],[77.5142,67.9733],[77.4832,67.8025],[77.6889,67.7584],[77.946,67.7737],[78.3046,67.6929],[78.5357,67.6118],[78.4779,67.4785],[78.089,67.4113],[77.5048,67.4324],[77.0907,67.5277],[76.9549,67.6533],[77.1079,68.1138],[77.0398,68.4638],[76.6609,68.6722],[76.3278,68.7763],[75.5372,68.7749],[74.9163,68.7064],[74.6121,68.6385],[74.505,68.5935],[74.3951,68.347],[74.6694,68.1017],[74.7706,67.8494],[74.7417,67.6862],[74.3525,67.4044],[73.9845,67.2634],[73.8108,66.9904],[73.6902,66.8651],[73.1655,66.6438],[72.5574,66.496],[72.4211,66.3347],[72.2088,66.1735],[71.7943,66.1581],[71.2595,66.2228],[70.9834,66.2004],[70.4736,66.236],[69.7673,66.3297],[69.4351,66.4242],[69.1726,66.5483],[69.0848,66.6875],[69.3554,66.7394],[69.7915,66.7549],[70.1207,66.7188],[70.8399,66.5514],[71.3495,66.6624],[71.5441,66.7141],[71.3995,66.9491],[71.6471,67.0673],[71.9305,67.1563],[72.485,67.4378],[72.8377,67.6456],[72.9878,67.7941],[73.1752,68.1659],[73.3936,68.3824],[73.3941,68.4421],[73.3086,68.5166],[72.8462,68.6352],[72.6435,68.8069],[72.5255,69.0691],[72.5515,69.6563],[72.4369,70.187],[72.6959,70.3556],[72.7742,70.4552],[72.6797,70.8235],[72.555,70.9772],[72.1362,71.2776],[71.7976,71.4318],[71.8978,71.5872],[72.4983,71.9618],[72.6546,72.1183],[72.8448,72.4946],[72.8527,72.6439],[72.714,72.7696],[72.4553,72.8243],[71.9758,72.7998],[71.6629,72.8307],[70.9403,72.79],[70.2144,72.7335],[69.5116,72.803],[69.3431,72.8343],[69.0567,72.6447],[68.8121,72.0955],[68.5508,71.822],[68.3162,71.6349],[67.8225,71.4167],[67.1555,71.2296],[66.9796,71.2138],[66.818,71.1054],[66.6702,70.8661],[66.7748,70.7356],[67.2853,70.7058],[67.3982,70.5985],[67.4218,70.2234],[67.3833,70.1394],[67.2772,70.0706],[66.9649,69.9558],[66.828,69.8194],[66.799,69.7437],[66.8844,69.6231],[67.7787,69.5569],[68.1059,69.4293],[68.0935,69.1359],[68.2577,68.9411],[68.5118,68.8367],[68.6918,68.8145],[69.109,68.8303],[69.0026,68.6954],[68.4879,68.2242],[68.3846,68.1793],[68.2154,68.2014],[67.8265,68.3721],[67.6455,68.4481],[67.1717,68.6471],[66.5843,68.8855],[66.1255,68.9972],[65.3554,69.1834],[64.873,69.2277],[63.9232,69.4592],[63.4123,69.5487],[62.8539,69.6156],[62.2813,69.7051],[61.3043,69.7335],[61.03,69.7406],[60.8487,69.71],[60.5517,69.5434],[60.3692,69.4677],[60.986,69.0026],[60.9341,68.8151],[60.7563,68.6725],[60.5121,68.5899],[60.0791,68.619],[59.9254,68.5813],[59.892,68.402],[59.7623,68.2974],[59.5019,68.2894],[59.2177,68.3485],[59.1198,68.3931],[59.062,68.4975],[59.3459,68.6999],[59.199,68.7744],[58.7704,68.856],[58.4093,68.8329],[57.9592,68.7048],[57.5259,68.4946],[57.3637,68.457],[57.0242,68.4489],[56.5403,68.5526],[56.1951,68.5669],[55.7229,68.5361],[55.3354,68.4831],[55.1265,68.4006],[54.996,68.2065],[54.8772,68.1095],[54.7523,68.0498],[54.6485,68.0719],[54.576,68.1611],[54.3797,68.1607],[53.854,68.0853],[53.6257,68.0477],[53.3168,68.1364],[53.3162,68.2332],[53.3959,68.3004],[53.7821,68.3384],[53.8084,68.6073],[53.8891,68.787],[53.5024,68.8163],[53.1794,68.7557],[53.0058,68.6806],[52.9388,68.4712],[52.7197,68.3514],[52.4627,68.2987],[52.3374,68.3357],[52.2449,68.5446],[51.8308,68.4094],[51.139,68.2664],[50.4959,68.1535],[49.6301,67.9362],[49.1856,67.8388],[48.6353,67.6524],[48.0807,67.5625],[47.9529,67.3773],[47.8221,67.1113],[47.7062,66.8901],[47.5712,66.8163],[46.9726,66.7785],[46.4021,66.7186],[46.0768,66.7621],[45.7154,66.8496],[45.3856,67.0994],[44.9571,67.2314],[44.8712,67.3124],[45.0925,67.5421],[45.4626,67.6391],[46.1641,67.6774],[46.6341,67.7005],[46.4394,67.9079],[46.162,68.1082],[45.8634,68.3833],[45.5796,68.4425],[44.6678,68.3886],[44.012,68.4919],[43.8532,68.4692],[43.8222,68.3273],[44.1687,68.097],[44.2611,67.8296],[44.2158,67.7183],[43.7036,67.2659],[43.8381,67.1629],[44.2192,67.0898],[44.362,66.906],[44.3836,66.612],[44.1221,66.2672],[44.0528,66.0405],[48.0028,64.9522],[51.2681,63.2542],[53.0966,61.491],[54.7292,58.8788],[54.9216,58.113]]],[[[56.9604,73.3571],[57.3304,73.4849],[57.8228,73.7806],[57.7994,73.9243],[57.4047,74.0516],[57.6712,74.1883],[58.0093,74.1489],[58.1905,74.0851],[58.7331,74.2866],[58.8819,74.3914],[58.6025,74.5035],[58.6564,74.6084],[58.8506,74.6894],[59.7716,74.6588],[60.0088,74.6754],[60.4335,74.8378],[60.6234,74.9353],[60.3337,75.0326],[60.4633,75.1561],[60.887,75.2475],[61.8326,75.3565],[62.6615,75.4986],[63.6165,75.6331],[64.6005,75.7595],[66.5482,75.9799],[67.7225,76.1745],[68.3283,76.3183],[68.5715,76.3944],[68.9368,76.6058],[68.8672,76.7664],[68.6683,76.8678],[68.4567,76.9268],[67.5723,76.8912],[66.4423,76.8296],[66.2733,76.7615],[65.9261,76.5074],[65.0873,76.4552],[64.1046,76.3439],[63.6733,76.3263],[62.8053,76.182],[62.5933,76.1648],[61.8187,76.2892],[61.4255,76.2297],[61.3026,76.2379],[60.949,75.961],[60.6167,75.8936],[60.043,75.9175],[59.4559,75.8664],[59.0176,75.7989],[58.5585,75.6816],[58.1701,75.5316],[57.7287,75.291],[57.3273,75.2985],[57.2261,75.3313],[56.995,75.2731],[56.3026,74.8706],[56.5392,74.7659],[56.652,74.6934],[56.2688,74.612],[55.9645,74.6034],[55.7759,74.5385],[55.6185,74.4175],[55.9456,74.2654],[55.8852,74.1048],[55.1879,74.1035],[54.8936,74.0629],[54.3492,73.8699],[54.0176,73.7336],[54.4787,73.5194],[54.6636,73.472],[54.9936,73.5362],[55.4249,73.5529],[55.7574,73.5774],[56.265,73.5147],[56.6951,73.4201],[56.9604,73.3571]]]]},"properties":{"NAME":"Siberians","SUBJECTO":"Siberians","PARTOF":"Siberians","BORDERPRECISION":1,"LINK":null}},
{"type":"Feature","geometry":{"type":"Polygon","coordinates":[[[20.9942,44.7001],[20.7053,44.6423],[20.3137,44.9011],[20.2907,44.8997],[19.7851,44.9361],[18.9386,44.3928],[17.7538,44.3928],[17.4575,44.146],[16.8651,44.2447],[16.7015,43.8467],[16.7115,43.7713],[16.6398,43.3897],[16.9923,43.3227],[17.0751,43.2227],[17.3041,43.0762],[17.548,42.9201],[17.5957,42.8889],[17.6464,42.8646],[18.0014,42.6945],[18.2487,42.5274],[18.5136,42.3621],[18.5286,42.3527],[18.9099,42.2178],[19.1355,41.9995],[19.143,41.9321],[19.3385,41.862],[19.3677,41.8464],[19.4579,41.7981],[19.607,41.7615],[20.7053,42.8138],[21.489,42.8791],[21.6849,43.728],[20.9942,44.7001]]]},"properties":{"NAME":"Serbia","SUBJECTO":"Serbia","PARTOF":"Serbia","BORDERPRECISION":1,"LINK":null}},
{"type":"Feature","geometry":{"type":"MultiPolygon","coordinates":[[[[24.6564,37.9014],[24.9225,37.6912],[25.3178,37.4018],[25.4699,37.4381],[25.2722,37.5647],[24.7629,38.0033],[24.6564,37.9014]]],[[[22.8699,38.8372],[23.1208,38.8668],[23.4629,38.6237],[23.6377,38.5226],[23.5997,38.4572],[23.6605,38.4036],[24.0254,38.3857],[24.1927,38.1529],[24.3143,37.9853],[24.5272,37.9674],[24.588,38.1529],[24.2915,38.1948],[24.2079,38.5524],[24.1319,38.6534],[23.7898,38.7186],[23.4097,38.9437],[23.2424,39.0441],[23.0143,38.9614],[22.8699,38.8372]]],[[[13.3677,45.6945],[13.0809,45.9804],[12.6455,45.9151],[12.1448,45.7628],[11.9707,45.4362],[12.1762,45.2143],[12.1804,45.2703],[12.2514,45.2903],[12.2797,45.4023],[12.4832,45.4623],[12.4482,45.3943],[12.8987,45.5584],[13.1046,45.5824],[13.1562,45.7265],[13.3677,45.6945]]],[[[14.1746,45.0104],[13.9081,44.9791],[13.7992,45.3056],[13.9516,45.3927],[13.9951,45.458],[13.8,45.5664],[13.7491,45.4943],[13.5563,45.4596],[13.5269,45.4543],[13.6436,45.1791],[13.6721,45.0504],[13.8951,44.7592],[13.9913,44.7831],[14.0604,44.8947],[14.1885,44.9425],[14.1746,45.0104]]],[[[24.6935,34.9405],[25.5907,35.0164],[25.7417,35.0089],[25.8987,35.0453],[26.1605,35.0243],[26.2427,35.1449],[26.236,35.2288],[26.2735,35.3127],[26.1688,35.2471],[26.0994,35.2156],[26.0642,35.2392],[25.9355,35.213],[25.789,35.137],[25.7418,35.137],[25.6685,35.1868],[25.7135,35.327],[25.6732,35.3494],[25.5116,35.2948],[25.374,35.3179],[25.1001,35.3467],[25.0136,35.3625],[24.9975,35.421],[24.7686,35.428],[24.3883,35.373],[24.2296,35.3913],[24.2197,35.449],[24.1777,35.47],[24.1132,35.4857],[24.0733,35.4962],[24.0915,35.5198],[24.1358,35.5224],[24.1527,35.5644],[24.0819,35.6116],[24.0333,35.5985],[24.039,35.5618],[23.9568,35.5277],[23.8795,35.5524],[23.7429,35.5618],[23.7337,35.6273],[23.6967,35.6981],[23.6651,35.6667],[23.6691,35.6116],[23.6715,35.5722],[23.5294,35.5696],[23.4669,35.3179],[23.5131,35.276],[23.5677,35.255],[23.7856,35.2629],[24.0132,35.2104],[24.3244,35.2078],[24.6901,35.0924],[24.7156,35.0348],[24.6935,34.9405]]]]},"properties":{"NAME":"Venice","SUBJECTO":"Venice","PARTOF":"Venice","BORDERPRECISION":1,"LINK":null}},
{"type":"Feature","geometry":{"type":"Polygon","coordinates":[[[9.4322,42.7941],[9.4142,42.9095],[9.3671,42.9881],[9.3032,42.9832],[9.2705,42.8825],[9.2804,42.7279],[9.2377,42.664],[9.1495,42.7107],[9.0184,42.691],[9.0004,42.6346],[8.879,42.6248],[8.6093,42.4873],[8.5004,42.3598],[8.6284,42.2617],[8.5172,42.2077],[8.5107,42.1341],[8.6265,42.0973],[8.6683,42.0287],[8.5896,41.9576],[8.5379,41.9478],[8.5619,41.8816],[8.6928,41.9135],[8.7424,41.8816],[8.6269,41.7321],[8.8233,41.688],[8.8546,41.6537],[8.7269,41.5606],[8.8288,41.492],[9.0133,41.4577],[9.0389,41.3695],[9.173,41.3499],[9.3045,41.5753],[9.3575,41.9012],[9.4525,42.0483],[9.4867,42.4064],[9.4586,42.5561],[9.4055,42.5806],[9.4322,42.7941]]]},"properties":{"NAME":"Corsica","SUBJECTO":"Corsica","PARTOF":"Corsica","BORDERPRECISION":1,"LINK":null}},
{"type":"Feature","geometry":{"type":"Polygon","coordinates":[[[12.6972,43.9348],[12.3022,43.344],[12.3022,43.2776],[12.2192,43.2278],[12.1528,43.0617],[12.1694,42.9123],[12.186,42.9123],[12.1528,42.6965],[12.1694,42.63],[12.1297,42.596],[12.0531,42.5304],[12.0697,42.298],[12.0033,42.2481],[12.0199,42.0987],[11.9601,42.0074],[11.9634,42.0047],[12.3948,41.7295],[12.6415,41.5311],[12.9768,41.3714],[13.2714,41.3142],[13.4984,41.3019],[13.7605,41.2067],[13.8132,41.3183],[13.9792,41.3349],[13.9958,41.3515],[14.029,41.4013],[13.9626,41.4677],[13.9626,41.5176],[13.9294,41.6338],[13.8796,41.6338],[13.8796,41.667],[13.9294,41.75],[13.863,41.7832],[13.863,41.75],[13.6471,41.7998],[13.6471,41.75],[13.5973,41.7998],[13.5641,41.8662],[13.6305,41.9327],[13.6305,42.0157],[13.5807,42.0489],[13.5807,42.0987],[13.4147,42.1983],[13.4645,42.2315],[13.4147,42.3644],[13.5475,42.4308],[13.6305,42.5304],[13.7136,42.3976],[13.7634,42.464],[13.8298,42.4806],[13.8298,42.5636],[13.9294,42.5304],[13.9958,42.6134],[14.0764,42.6338],[13.9151,42.8728],[13.7916,43.1233],[13.7316,43.3742],[13.6009,43.5348],[12.6972,43.9348]]]},"properties":{"NAME":"Papal States","SUBJECTO":"Papal States","PARTOF":"Papal States","BORDERPRECISION":1,"LINK":null}},
{"type":"Feature","geometry":{"type":"MultiPolygon","coordinates":[[[[13.7605,41.2067],[13.797,41.1934],[13.8525,41.091],[13.9419,40.998],[14.0509,40.7675],[14.24,40.8529],[14.3703,40.8515],[14.4946,40.73],[14.3498,40.6425],[14.3341,40.5936],[14.7433,40.7048],[14.951,40.5515],[14.9923,40.3722],[14.8987,40.2415],[15.0273,40.2122],[15.432,39.989],[15.5159,40.0659],[15.6662,40.0919],[15.757,39.9336],[15.8247,39.6606],[15.9896,39.4284],[16.0826,39.0125],[16.1772,38.931],[16.2122,38.778],[16.1522,38.7013],[15.9898,38.7348],[15.8273,38.6227],[15.9335,38.5399],[15.7909,38.2964],[15.6266,38.2331],[15.6275,38.0042],[15.7102,37.9414],[15.7852,37.9097],[16.0529,37.9312],[16.3307,38.3207],[16.572,38.4571],[16.5222,38.725],[16.6133,38.8273],[16.7977,38.9259],[17.0947,38.915],[17.1807,39.0222],[17.121,39.086],[17.1074,39.2805],[17.1491,39.4218],[16.874,39.5437],[16.5321,39.6975],[16.535,39.8316],[16.6239,39.9678],[16.6044,40.0899],[16.7276,40.1836],[16.8441,40.3631],[16.9487,40.4811],[17.0841,40.5251],[17.2428,40.4958],[17.2042,40.3979],[17.4017,40.2919],[17.6191,40.2878],[17.8496,40.2435],[17.9677,40.1669],[18.0171,39.9479],[18.1601,39.8731],[18.3649,39.7467],[18.4337,39.8984],[18.5226,40.0941],[18.3836,40.3078],[18.0599,40.5135],[18.0339,40.5967],[17.3193,40.9293],[16.946,41.0938],[16.4203,41.2787],[15.991,41.4061],[15.8733,41.5021],[15.9891,41.6346],[16.1984,41.7457],[16.1874,41.8409],[16.0128,41.9043],[15.4486,41.8567],[14.9224,41.9718],[14.7385,42.0472],[14.72,42.1418],[14.5193,42.2297],[14.4049,42.3531],[14.0928,42.6095],[14.0764,42.6338],[13.9958,42.6134],[13.9294,42.5304],[13.8298,42.5636],[13.8298,42.4806],[13.7634,42.464],[13.7136,42.3976],[13.6305,42.5304],[13.5475,42.4308],[13.4147,42.3644],[13.4645,42.2315],[13.4147,42.1983],[13.5807,42.0987],[13.5807,42.0489],[13.6305,42.0157],[13.6305,41.9327],[13.5641,41.8662],[13.5973,41.7998],[13.6471,41.75],[13.6471,41.7998],[13.863,41.75],[13.863,41.7832],[13.9294,41.75],[13.8796,41.667],[13.8796,41.6338],[13.9294,41.6338],[13.9626,41.5176],[13.9626,41.4677],[14.029,41.4013],[13.9958,41.3515],[13.9792,41.3349],[13.8132,41.3183],[13.7605,41.2067]]],[[[14.9424,36.7386],[15.0273,36.7451],[15.2206,37.0004],[15.3013,37.0579],[15.1162,37.2869],[15.1122,37.459],[15.181,37.6823],[15.4225,38.0526],[15.4729,38.1101],[15.4537,38.1674],[15.3867,38.2055],[14.7659,38.0576],[14.1345,37.9735],[13.8095,37.9664],[13.628,38.0298],[13.3225,38.2205],[13.066,38.0669],[12.7828,38.1174],[12.6643,38.0725],[12.5166,37.9192],[12.4541,37.766],[12.532,37.6387],[12.6369,37.5815],[13.0116,37.5249],[13.8684,37.157],[14.2159,37.0493],[14.622,36.7761],[14.9424,36.7386]]]]},"properties":{"NAME":"Sicily","SUBJECTO":"Sicily","PARTOF":"Sicily","BORDERPRECISION":1,"LINK":null}},
{"type":"Feature","geometry":{"type":"Polygon","coordinates":[[[18.712,49.5896],[18.5222,49.5611],[18.2504,49.1805],[18.2232,48.9903],[18.1145,48.9903],[18.1145,48.8544],[17.8698,48.8],[17.3534,48.9631],[17.1903,48.4467],[17.2175,48.0662],[17.4621,48.0662],[17.4078,47.8215],[16.7962,47.8433],[16.6223,47.7346],[16.557,47.4954],[16.644,47.2997],[16.557,47.1909],[16.557,47.0605],[16.4483,46.93],[16.4483,46.7778],[16.5135,46.6256],[16.2961,46.4082],[16.5353,46.3647],[16.4483,46.1037],[16.2091,46.1472],[16.0787,45.8863],[16.2091,45.7341],[16.1222,45.5819],[15.4698,45.7341],[15.4236,45.4297],[14.88,45.484],[14.7985,45.8645],[14.5267,45.783],[14.3545,45.3229],[14.5246,45.2663],[14.8154,45.0779],[14.9455,44.9266],[14.907,44.7233],[14.9891,44.54],[15.2859,44.3289],[15.5482,44.2293],[15.2744,44.2366],[15.1495,44.2399],[15.4123,43.9348],[15.4944,43.8884],[15.9128,43.6522],[16.0594,43.4335],[16.3667,43.513],[16.5485,43.4613],[16.6398,43.3897],[16.7115,43.7713],[16.7015,43.8467],[16.8651,44.2447],[17.4575,44.146],[17.7538,44.3928],[18.9386,44.3928],[19.7851,44.9361],[20.2907,44.8997],[20.3137,44.9011],[20.7053,44.6423],[20.9942,44.7001],[21.3584,44.7729],[22.0767,44.4464],[22.338,44.7729],[22.6645,44.6423],[23.0563,45.0341],[26.5175,45.8178],[27.3664,46.3402],[27.6277,46.928],[27.4283,47.3836],[27.1705,47.9729],[24.2971,48.7565],[21.7707,49.5917],[21.7707,49.743],[21.7681,49.7437],[21.3169,49.864],[21.2866,49.7732],[21.1353,49.8337],[20.984,49.743],[20.8933,49.8337],[20.8025,49.8337],[20.8933,49.743],[20.6815,49.6522],[20.5302,49.8035],[20.3487,49.743],[20.0159,49.8035],[19.8949,49.4707],[19.7133,49.5312],[19.5621,49.5312],[19.5621,49.7127],[19.3805,49.8035],[19.1385,49.7127],[19.1082,49.5917],[18.9267,49.622],[18.712,49.5896]]]},"properties":{"NAME":"Hungary","SUBJECTO":"Hungary","PARTOF":"Hungary","BORDERPRECISION":1,"LINK":null}},
{"type":"Feature","geometry":{"type":"Polygon","coordinates":[[[7.3971,43.7641],[7.3552,43.9015],[6.9228,43.815],[6.8857,43.9015],[6.9598,43.9139],[6.9228,43.9756],[6.9969,44.0497],[6.9722,44.0621],[6.9351,44.1362],[6.8857,44.1486],[6.8363,44.1115],[6.7869,44.198],[6.7869,44.2968],[6.8698,44.3492],[6.7829,44.5479],[6.9247,44.715],[7.0035,44.7195],[6.9426,44.8687],[6.6653,44.9545],[6.5073,45.1157],[6.2804,45.1986],[6.2434,45.2974],[6.2681,45.3221],[6.2187,45.3468],[6.1445,45.3221],[6.0828,45.3715],[6.0334,45.3345],[6.0581,45.2233],[5.9469,45.2604],[5.9345,45.3221],[5.8234,45.3962],[5.6071,45.8466],[5.3567,45.876],[5.3567,46.0528],[5.5334,46.0086],[5.5334,46.097],[5.2683,46.318],[5.4156,46.5242],[5.6457,46.4567],[5.7249,46.48],[5.7397,46.5978],[5.6255,46.6491],[5.6464,46.8498],[5.757,46.8867],[5.7939,46.9972],[5.6673,47.1083],[5.7369,47.2336],[5.7786,47.3588],[5.7925,47.5119],[5.9178,47.5954],[5.8204,47.7346],[5.9595,47.8041],[5.9595,47.985],[6.0569,47.9572],[6.0987,48.0268],[6.2518,47.9572],[6.2379,48.2912],[5.9456,48.3469],[6.0152,48.653],[5.8343,48.7783],[6.0013,48.9035],[5.876,49.0705],[5.723,48.9592],[5.6116,49.2097],[5.9039,49.1958],[5.9093,49.2009],[5.3611,49.6968],[4.2552,49.8872],[3.8203,50.0394],[3.4827,49.9205],[2.9073,49.9435],[2.6771,50.1506],[2.4009,50.1967],[2.1477,50.0586],[1.9866,50.0816],[1.9866,50.2197],[1.8255,50.2427],[1.7962,50.9214],[1.5889,50.8219],[1.5283,50.5777],[1.552,50.2288],[1.4162,50.1098],[1.2745,50.0043],[0.8688,49.9072],[0.5286,49.8258],[0.1894,49.681],[0.1151,49.6023],[0.0904,49.5106],[0.3308,49.455],[0.0329,49.3337],[-0.2037,49.2918],[-0.2394,49.2855],[-0.4649,49.3514],[-1.0232,49.3985],[-1.1771,49.3325],[-1.2887,49.521],[-1.251,49.6999],[-1.5242,49.6528],[-1.9413,49.7093],[-1.8915,49.5264],[-1.639,49.2196],[-1.5798,49.229],[-1.5634,49.0362],[-1.5884,48.881],[-1.5755,48.7681],[-1.4566,48.6836],[-1.5914,48.6375],[-1.8576,48.6084],[-1.8706,48.7117],[-2.076,48.6562],[-2.2001,48.599],[-2.3429,48.6741],[-2.6364,48.552],[-2.7905,48.5896],[-2.9145,48.7068],[-3.0912,48.8716],[-3.4351,48.8365],[-3.5577,48.8101],[-3.6079,48.693],[-3.8213,48.7211],[-3.9022,48.646],[-3.9989,48.7305],[-4.2515,48.6519],[-4.4883,48.6123],[-4.6257,48.5467],[-4.762,48.552],[-4.7796,48.3548],[-4.762,48.552],[-4.6257,48.5467],[-4.4883,48.6123],[-4.2515,48.6519],[-3.9989,48.7305],[-3.9022,48.646],[-3.8213,48.7211],[-3.6079,48.693],[-3.5577,48.8101],[-3.4351,48.8365],[-3.0912,48.8716],[-2.9145,48.7068],[-2.7905,48.5896],[-2.6364,48.552],[-2.3429,48.6741],[-2.2001,48.599],[-2.076,48.6562],[-1.9991,48.677],[-1.752,48.1782],[-2.0104,47.7457],[-2.5755,47.324],[-2.4937,47.2469],[-2.2637,47.1829],[-2.1095,47.124],[-2.0046,47.0425],[-2.1297,46.8508],[-1.9425,46.7058],[-1.7107,46.4488],[-1.4027,46.4039],[-1.2561,46.3068],[-0.7189,46.0329],[0.131,46.0329],[0.3629,46.3033],[1.2901,46.3033],[1.6378,46.0329],[1.6378,45.801],[-0.4099,42.7856],[-0.2161,42.7172],[-0.2037,42.7003],[-0.1656,42.6488],[0.1796,42.6625],[0.1963,42.6078],[0.3478,42.6352],[0.5919,42.6283],[0.5841,42.7719],[0.7442,42.7719],[1.3075,42.6352],[1.3205,42.605],[1.4563,42.619],[1.5772,42.6479],[1.7554,42.5967],[1.7917,42.5789],[1.7313,42.5455],[1.7282,42.501],[2.1029,42.6145],[2.2721,42.6901],[2.4806,42.6856],[2.4896,42.7189],[2.7011,42.73],[2.825,42.8498],[2.9489,42.883],[3.0393,42.8692],[3.0679,42.9446],[3.3179,43.196],[3.4787,43.3121],[3.8075,43.4672],[4.0782,43.4871],[4.4168,43.3461],[4.6465,43.3209],[4.7506,43.3533],[4.9098,43.3664],[5.0518,43.3281],[5.4345,43.1037],[5.6466,43.0333],[5.8286,43.0208],[6.1878,43.0923],[6.3312,43.1119],[6.523,43.1509],[6.9231,43.4477],[7.2976,43.6673],[7.3971,43.7641]]]},"properties":{"NAME":"France","SUBJECTO":"France","PARTOF":"France","BORDERPRECISION":1,"LINK":null}},
{"type":"Feature","geometry":{"type":"Polygon","coordinates":[[[-2.6243,36.8113],[-3.9644,37.4557],[-5.2007,37.5329],[-6.6322,37.0218],[-6.4217,36.7922],[-6.5005,36.7188],[-6.444,36.6232],[-6.2889,36.5722],[-6.305,36.4542],[-6.2045,36.2821],[-5.85,36.0717],[-5.6606,36.008],[-5.4855,36.0654],[-5.4879,36.1737],[-5.4571,36.1674],[-5.4243,36.0717],[-5.3867,36.11],[-5.3742,36.2375],[-5.2167,36.4096],[-4.7573,36.4861],[-4.4466,36.722],[-2.9698,36.7411],[-2.9153,36.6901],[-2.7615,36.6901],[-2.6243,36.8113]]]},"properties":{"NAME":"Granada","SUBJECTO":"Granada","PARTOF":"Granada","BORDERPRECISION":1,"LINK":null}},
{"type":"Feature","geometry":{"type":"Polygon","coordinates":[[[-7.4915,37.2082],[-7.2278,37.2259],[-7.0101,37.1653],[-6.948,37.1493],[-6.6322,37.0218],[-5.2007,37.5329],[-3.9644,37.4557],[-2.6243,36.8113],[-2.3551,36.8241],[-2.2388,36.7284],[-1.9405,36.9516],[-2.1493,37.233],[-1.921,37.6514],[-2.0352,37.8416],[-1.883,37.9557],[-1.6548,37.9177],[-1.6548,38.1839],[-1.8069,38.26],[-1.8069,38.5262],[-2.0352,38.6023],[-2.0352,39.2489],[-1.8069,39.1729],[-1.8069,39.4772],[-1.9971,39.5913],[-1.9971,39.7434],[-1.8069,39.8575],[-1.9971,39.9716],[-1.9971,40.0857],[-2.3014,40.2379],[-2.3014,40.39],[-1.921,40.6182],[-2.0352,41.2268],[-2.3014,41.2649],[-2.3014,41.4931],[-2.1493,41.4931],[-2.13,41.8166],[-2.2586,41.8283],[-2.318,42.066],[-2.0803,42.066],[-2.1992,42.2443],[-2.6746,42.4226],[-2.5558,43.0763],[-2.1397,43.1358],[-2.1429,43.3315],[-2.3674,43.3262],[-2.7684,43.5379],[-3.0072,43.5503],[-3.196,43.4469],[-3.417,43.3757],[-3.8476,43.4392],[-4.1102,43.4515],[-4.8023,43.4694],[-5.2249,43.5072],[-5.5374,43.5775],[-5.8205,43.7057],[-5.9797,43.7054],[-6.208,43.6405],[-6.4676,43.5627],[-6.808,43.5234],[-7.1513,43.5549],[-7.6363,43.7214],[-7.9795,43.7401],[-8.2202,43.6172],[-8.2507,43.4304],[-8.3104,43.353],[-8.5957,43.3396],[-8.8492,43.3262],[-9.0136,43.2809],[-9.1975,43.1582],[-9.2708,43.0487],[-9.2469,42.9008],[-9.1731,42.8559],[-8.9417,42.8242],[-8.805,42.6316],[-8.6441,42.4197],[-8.7986,42.1945],[-8.8605,42.0145],[-8.8061,41.8892],[-8.405,42.0021],[-8.1573,42.087],[-7.9186,41.8892],[-7.0984,41.868],[-6.8595,41.9849],[-6.7087,41.96],[-6.5861,41.8579],[-6.5184,41.7491],[-6.1395,41.5264],[-6.1115,41.4175],[-6.2411,41.3205],[-6.7966,41.0928],[-6.8344,41.0605],[-6.8572,40.8616],[-6.8249,40.6566],[-6.8842,40.214],[-6.8587,39.7919],[-6.8783,39.7024],[-7.0842,39.5991],[-7.3013,39.5787],[-7.431,39.5205],[-7.2114,39.2982],[-7.0069,39.0503],[-6.9334,38.9613],[-7.0894,38.7945],[-7.3173,38.4996],[-7.3939,38.295],[-7.0281,38.2396],[-6.8448,38.1002],[-7.2425,37.8109],[-7.3514,37.6444],[-7.488,37.2164],[-7.4915,37.2082]]]},"properties":{"NAME":"Castile","SUBJECTO":"Castile","PARTOF":"Castile","BORDERPRECISION":1,"LINK":null}},
{"type":"Feature","geometry":{"type":"Polygon","coordinates":[[[17.9705,28.6124],[21.6791,28.0819],[25.4382,28.0082],[27.4283,27.1974],[29.3447,24.028],[30.8189,23.6594],[32.5142,23.7331],[35.1899,24.3999],[34.9974,24.7172],[34.5148,25.5739],[34.1042,26.3545],[33.9288,26.5638],[33.8041,26.9321],[33.5669,27.37],[33.3542,27.9095],[32.9347,28.3788],[32.6493,28.7658],[32.5906,28.9372],[32.3185,29.5402],[32.4384,29.7755],[32.648,29.8522],[32.7373,29.6935],[32.8136,29.4777],[32.9438,29.1984],[33.1785,28.9956],[33.3307,28.5512],[33.5041,28.3292],[33.856,28.025],[34.058,27.7903],[34.2412,27.7589],[34.322,27.829],[34.3988,28.096],[34.5489,28.7316],[34.7643,29.2467],[34.9355,29.4181],[34.9543,29.4368],[34.9847,29.4672],[35.0734,29.4189],[35.0955,29.3427],[35.0721,29.2114],[35.0257,28.9486],[34.8856,28.3575],[34.7989,28.2302],[34.7639,28.0967],[34.8756,28.097],[35.1116,28.0721],[35.4365,27.7297],[35.5948,27.514],[35.8311,27.0952],[36.3122,26.4227],[36.3298,26.4028],[36.6693,26.0168],[37.0053,25.5347],[37.2183,25.1666],[37.2685,24.9698],[37.2015,24.6583],[37.4188,24.3983],[37.5572,24.2715],[37.7818,24.2148],[37.9884,24.1136],[38.3294,23.8347],[38.4901,23.6127],[38.9151,22.8702],[39.0556,22.5719],[39.1022,22.4004],[39.1033,22.0002],[39.1304,21.6508],[39.1667,21.2188],[39.5269,20.6922],[39.7641,20.4068],[40.3363,20.0967],[40.6938,19.8687],[40.8198,19.6847],[41.9226,20.7665],[41.8125,21.7126],[41.138,22.4064],[40.1798,24.028],[39.0742,25.5021],[37.4209,27.8341],[37.3635,27.9574],[36.5935,29.7873],[36.5248,31.1615],[37.2119,33.5665],[38.0364,34.5972],[38.3722,35.1409],[35.8141,36.2985],[35.7086,36.2122],[35.6649,36.1335],[35.7185,36.0916],[35.8291,35.8848],[35.8559,35.8345],[35.7395,35.6903],[35.6914,35.685],[35.7332,35.5854],[35.6804,35.5277],[35.664,35.4595],[35.6073,35.4175],[35.7964,35.2707],[35.8414,35.0426],[35.8089,35.0138],[35.7508,34.7468],[35.8519,34.4929],[35.8731,34.4223],[35.821,34.3438],[35.7162,34.3124],[35.5321,34.1187],[35.5244,33.9748],[35.4919,33.8308],[35.4299,33.7445],[35.3486,33.7445],[35.3561,33.6398],[35.2084,33.3336],[35.1323,33.2315],[35.089,33.0693],[34.972,32.9384],[34.9591,32.7967],[34.9566,32.7048],[34.895,32.6628],[34.8429,32.6707],[34.7585,32.3007],[34.6813,32.046],[34.5991,31.8179],[34.5007,31.6211],[34.1953,31.2381],[34.1463,31.2086],[33.917,31.0701],[33.7096,30.9957],[33.5576,30.9677],[33.2546,31.0265],[33.1296,31.0517],[33.0214,31.1321],[32.7687,30.9516],[32.5972,30.9639],[32.3094,31.084],[32.0765,31.0137],[31.8081,31.1783],[31.7174,31.3878],[31.3923,31.4443],[31.1514,31.4437],[30.996,31.4689],[30.8271,31.4367],[30.4761,31.3153],[30.0991,31.2319],[29.6831,31.0532],[29.3594,30.8111],[29.2488,30.7537],[28.9664,30.7848],[28.5172,30.9618],[28.0998,30.9991],[27.9194,30.9987],[27.7633,31.1826],[27.4388,31.2518],[27.0881,31.3067],[26.824,31.3586],[26.1433,31.4906],[25.7895,31.4898],[25.5072,31.4448],[25.2582,31.4379],[25.1066,31.5138],[24.9822,31.647],[24.9515,31.8185],[24.8159,31.9072],[24.2369,31.925],[24.0344,31.9373],[23.7424,32.0641],[23.714,32.0764],[23.2886,32.1327],[23.1533,32.1388],[23.0267,32.2529],[23.0073,32.4816],[22.9228,32.5577],[22.5431,32.7221],[22.216,32.7913],[21.6734,32.8156],[21.0545,32.6301],[20.7651,32.496],[20.5155,32.3875],[20.3657,32.2982],[20.0684,32.0371],[19.9615,31.7955],[19.9416,31.6112],[19.9921,31.3508],[20.1167,31.0715],[20.1168,30.9571],[19.9815,30.7217],[19.6639,30.4415],[19.3228,30.2565],[19.3188,30.2554],[19.1245,30.1989],[18.915,30.2049],[18.8854,30.2212],[18.5372,30.4137],[17.9572,30.7684],[17.9705,28.6124]]]},"properties":{"NAME":"Mamluke Sultanate","SUBJECTO":"Mamluke Sultanate","PARTOF":"Mamluke Sultanate","BORDERPRECISION":1,"LINK":null}},
{"type":"Feature","geometry":{"type":"Polygon","coordinates":[[[17.9572,30.7684],[17.709,30.8949],[17.4216,30.996],[16.9838,31.0967],[16.7825,31.1281],[16.3184,31.1653],[16.0134,31.2282],[15.8433,31.285],[15.5334,31.5512],[15.3581,31.805],[15.2414,32.1733],[15.1637,32.2748],[15.0098,32.3634],[14.7908,32.363],[14.4334,32.4639],[14.157,32.6794],[13.4588,32.7796],[13.1871,32.7918],[12.7989,32.7338],[12.5648,32.7396],[12.117,32.8785],[11.4707,33.1441],[11.2089,33.2515],[11.0991,33.5372],[10.9565,33.5751],[10.7781,33.473],[10.6502,33.4982],[10.4126,33.6311],[10.1487,33.8784],[10.0195,34.0815],[10.1164,34.2342],[10.574,34.6481],[10.8394,34.8012],[11.0828,35.145],[11.1251,35.2406],[10.989,35.6223],[10.8308,35.6793],[10.6026,35.8889],[10.5115,36.0862],[10.5092,36.2136],[10.6334,36.424],[10.9201,36.6539],[11.0394,36.909],[11.0238,37.0683],[10.8433,36.9915],[10.5806,36.7934],[10.3928,36.7166],[10.2715,36.7546],[10.1589,36.9965],[10.1327,37.1047],[10.0214,37.2001],[9.7322,37.2824],[9.4161,37.2754],[9.1503,37.1729],[8.8655,36.9684],[8.6367,36.8853],[8.145,36.8139],[7.9132,36.7752],[7.792,36.8324],[7.719,36.9533],[7.5449,37.0421],[7.307,37.0608],[7.2049,36.9905],[7.0632,36.8819],[6.923,36.8178],[6.7705,36.8621],[6.3229,37.0906],[6.0474,36.8416],[5.7302,36.7517],[5.3827,36.6745],[5.1445,36.6677],[4.7772,36.7434],[4.6321,36.7941],[4.5326,36.813],[4.3946,36.8382],[4.1639,36.8314],[3.7412,36.8369],[3.5869,36.792],[3.3238,36.6512],[3.07,36.6189],[2.8099,36.7139],[2.5244,36.5732],[2.2938,36.5408],[1.5797,36.5139],[1.0576,36.4619],[0.7812,36.3849],[0.4744,36.225],[0.1987,36.0333],[0.0153,35.8037],[-0.0917,35.7398],[-0.2037,35.7507],[-0.283,35.7585],[-0.4288,35.8601],[-0.7343,35.7385],[-0.9175,35.668],[-1.1467,35.6294],[-1.3291,35.4889],[-1.4951,35.2339],[-1.7383,35.1188],[-2.0353,35.0546],[-2.193,35.0542],[-2.0766,34.8257],[-1.8233,34.7],[-1.7382,34.6051],[-1.664,34.2051],[-1.6739,33.83],[-1.6811,33.2578],[-1.6102,33.0485],[-1.8022,32.4272],[-1.0813,32.4539],[2.4531,32.6687],[5.6813,32.8154],[6.5029,32.7326],[7.8923,32.5926],[10.5432,31.5713],[12.5327,30.8049],[17.002,28.751],[17.9705,28.6124],[17.9572,30.7684]]]},"properties":{"NAME":"Hafsid Caliphate","SUBJECTO":"Hafsid Caliphate","PARTOF":"Hafsid Caliphate","BORDERPRECISION":1,"LINK":null}},
{"type":"Feature","geometry":{"type":"MultiPolygon","coordinates":[[[[36.1583,41.3576],[35.9578,41.6856],[35.6779,41.6209],[35.4114,41.6268],[35.2861,41.6715],[35.0988,41.8059],[35.0019,42.0432],[34.6629,41.8756],[34.6619,41.8702],[35.4039,41.4006],[36.1583,41.3576]]],[[[37.2528,41.0277],[37.7661,40.2901],[38.8111,40.1508],[40.2044,40.3598],[40.7618,40.5688],[41.484,41.4365],[41.2931,41.2858],[40.6099,41.028],[40.361,40.9634],[40.0067,40.9563],[39.663,41.0005],[39.3702,41.064],[39.1386,41.0443],[38.6512,40.9216],[38.314,40.9209],[37.8218,41.0096],[37.2528,41.0277]]],[[[33.1899,41.9524],[33.1555,41.9496],[32.6879,41.846],[32.419,41.7492],[31.8713,41.4914],[31.6664,41.3948],[31.3857,41.285],[31.4041,41.1635],[31.2177,41.0541],[31.0354,41.0488],[31.2972,40.9365],[32.8056,41.5491],[33.1899,41.9524]]]]},"properties":{"NAME":"Trebizond","SUBJECTO":"Trebizond","PARTOF":"Trebizond","BORDERPRECISION":1,"LINK":null}},
{"type":"Feature","geometry":{"type":"Polygon","coordinates":[[[69.8263,31.757],[67.8842,36.8516],[67.3422,37.2129],[66.7099,37.2129],[66.5293,38.1162],[64.6324,38.8388],[63.7291,39.4711],[62.1032,40.3744],[62.0129,41.1873],[61.1096,41.1873],[60.0256,42.3616],[56.7687,41.3724],[55.6424,40.0503],[54.0714,38.8969],[54.0331,38.7916],[53.9852,38.6575],[53.9373,38.5713],[53.9373,38.3318],[53.9373,38.1594],[53.8799,38.0254],[53.9278,37.8242],[53.9852,37.5177],[54.0151,37.3483],[54.0087,37.3487],[54.0674,36.9415],[53.9845,36.7819],[53.7997,36.679],[53.139,36.6435],[52.6022,36.5769],[51.9931,36.4589],[51.7955,36.4323],[51.417,36.4557],[50.561,36.6864],[50.2522,36.8948],[50.1113,37.0978],[50.0387,37.2247],[49.848,37.2682],[49.4758,37.2916],[49.0595,37.3976],[48.8372,37.511],[48.7448,37.727],[48.8092,37.9886],[48.8315,38.3063],[48.825,38.3096],[48.9882,38.7192],[48.9457,38.8362],[48.9989,38.8787],[49.0521,38.9319],[49.0201,39.0064],[49.0414,39.1447],[49.1159,39.1872],[49.1797,39.1447],[49.2223,39.0383],[49.2754,39.017],[49.3074,39.134],[49.3393,39.283],[49.3818,39.3255],[49.4882,39.2936],[49.4988,39.3787],[49.4031,39.4851],[49.4456,39.6553],[49.4882,39.7616],[49.5414,39.8786],[49.552,40.0914],[49.5733,40.1765],[49.669,40.2403],[49.8499,40.2722],[49.9137,40.3254],[50.0307,40.3467],[50.1264,40.3467],[50.3073,40.3254],[50.4668,40.2616],[50.4668,40.3254],[50.4243,40.4105],[50.3179,40.4956],[50.1902,40.5701],[50.0201,40.602],[49.8073,40.5807],[49.6052,40.6871],[49.6052,40.7615],[49.4775,40.836],[49.3499,40.953],[49.2861,41.0594],[49.2435,41.2934],[49.1159,41.4317],[48.9989,41.5168],[48.8925,41.687],[48.6832,41.8359],[48.6623,41.9017],[48.5004,41.9287],[48.4195,42.0905],[48.2217,42.2794],[48.1318,42.4053],[47.9699,42.5941],[47.844,42.6211],[47.3949,42.5878],[45.8609,42.4741],[45.8077,42.538],[45.6481,42.5486],[45.4779,42.5486],[45.2598,42.4385],[44.454,42.0317],[41.484,41.4365],[41.2118,40.2438],[39.1479,38.6222],[38.6097,38.368],[36.4944,37.3692],[36.7893,37.0006],[35.8909,36.7711],[35.9568,36.7475],[36.0824,36.6215],[36.1045,36.5612],[36.0953,36.4825],[35.8172,36.301],[35.8141,36.2985],[38.3722,35.1409],[40.0291,34.391],[44.0832,30.337],[48.6172,25.687],[50.8573,23.8804],[51.5859,24.0032],[51.6064,24.2026],[51.5229,24.1607],[51.4542,24.2182],[51.2914,24.2814],[51.2878,24.4108],[51.412,24.6057],[51.5589,24.8157],[51.6062,24.9873],[51.5529,25.1015],[51.5391,25.4202],[51.5867,25.6091],[51.5345,25.7558],[51.5059,25.8453],[51.3888,25.8873],[51.3577,26.029],[51.217,26.0665],[51.0688,25.9455],[50.989,25.6721],[51.0154,25.5881],[50.9311,25.5386],[50.8473,25.2652],[50.8962,24.9096],[50.9649,24.7127],[50.9683,24.4362],[50.9074,24.4331],[50.7783,24.4709],[50.7059,24.5597],[50.6065,24.6802],[50.6189,24.8709],[50.4292,25.184],[50.3819,25.4612],[50.2143,25.5881],[50.1469,25.5356],[50.0114,25.8352],[49.9369,25.9558],[49.992,26.0448],[50.0762,26.3118],[49.9342,26.4831],[49.984,26.5957],[50.0902,26.6115],[50.1218,26.7376],[49.9314,26.9341],[49.5325,27.0095],[49.4273,27.131],[49.3216,27.1616],[49.2392,27.2885],[49.1519,27.3725],[49.2435,27.479],[49.1319,27.536],[48.855,27.5227],[48.8318,27.5735],[48.7517,27.8719],[48.5875,28.0939],[48.4627,28.3859],[48.4435,28.4402],[48.1291,29.2682],[47.9915,29.2775],[47.8036,29.1849],[47.614,29.2722],[47.8449,29.5032],[47.996,29.4903],[47.9359,29.8014],[47.9114,29.8903],[47.9572,29.9476],[48.0283,29.9731],[48.2118,29.9481],[48.5106,29.9932],[48.5536,29.9946],[48.7138,30],[48.8013,30.0827],[48.9457,30.3879],[49.0202,30.4326],[49.2222,30.4775],[49.2351,30.2234],[49.3214,30.1029],[49.4524,30.0777],[49.511,30.0207],[49.7178,30.0021],[50.1324,30.0664],[50.3598,29.7429],[50.7047,29.4006],[50.7025,29.1338],[50.7968,29.0133],[51.0823,28.512],[51.3501,28.0361],[51.6113,27.827],[51.6989,27.8145],[51.9616,27.7769],[52.4104,27.581],[52.6338,27.3146],[52.7799,27.1878],[52.8908,27.0523],[53.3807,26.9096],[53.6339,26.7479],[54.0649,26.7014],[54.6461,26.3913],[54.7599,26.4106],[54.9255,26.538],[55.0981,26.7374],[55.3401,26.7994],[55.4249,26.9631],[55.6576,26.9969],[55.8053,27.0051],[55.8997,27.1048],[56.0678,27.1122],[56.4309,27.1066],[56.6678,27.0499],[56.6836,26.9684],[56.7904,26.9739],[56.9291,26.7519],[56.935,26.4645],[57.0663,26.3075],[57.1124,26.0762],[57.2451,26.0185],[57.2548,25.7933],[57.328,25.7871],[57.4649,25.7048],[57.8051,25.6483],[57.9005,25.5409],[58.1096,25.5473],[58.3687,25.5479],[58.7444,25.536],[58.818,25.4789],[59.0315,25.3079],[59.3021,25.3402],[59.6546,25.3219],[60.2982,25.3232],[60.4796,25.2982],[60.7522,25.1844],[60.8583,25.0957],[61.344,25.0269],[61.57,25.0396],[61.8133,25.0533],[62.1383,25.1048],[62.4496,25.1626],[63.0181,25.1574],[63.4035,25.1646],[63.6503,25.3366],[64.0592,25.401],[64.1201,25.3122],[64.2383,25.2108],[64.425,25.1731],[64.8512,25.2058],[65.2157,25.2701],[65.7688,25.3093],[66.3001,25.4947],[67.7482,28.3945],[68.2365,29.3724],[69.8263,31.757]]]},"properties":{"NAME":"Ilkhanate","SUBJECTO":"Mongol Empire","PARTOF":"Mongol Empire","BORDERPRECISION":1,"LINK":null}},
{"type":"Feature","geometry":{"type":"Polygon","coordinates":[[[45.2598,42.4385],[43.5459,42.8347],[41.1226,43.0191],[41.4097,42.7882],[41.5027,42.6085],[41.6518,42.1206],[41.6805,41.7933],[41.6661,41.7292],[41.5211,41.4658],[41.484,41.4365],[44.454,42.0317],[45.2598,42.4385]]]},"properties":{"NAME":"Georgia","SUBJECTO":"Georgia","PARTOF":"Georgia","BORDERPRECISION":1,"LINK":null}},
{"type":"Feature","geometry":{"type":"Polygon","coordinates":[[[90,50.0733],[93.975,56.8932],[85.0833,58.1634],[77.0384,61.9741],[70.6872,62.5387],[61.8813,59.8517],[58.2931,58.4245],[55.4652,58.1359],[54.9216,58.113],[45.9648,57.7345],[45.5865,57.3115],[45.7171,55.287],[45.3253,54.8952],[43.6274,54.9605],[43.1049,54.6993],[43.6274,53.9156],[43.6274,52.2177],[40.6887,50.9769],[38.7948,51.0422],[38.2724,50.9116],[38.1418,49.6055],[37.0316,49.7361],[34.6806,48.5606],[29.848,49.279],[29.4562,48.3647],[27.4283,47.3836],[27.6277,46.928],[27.3664,46.3402],[26.5175,45.8178],[23.0563,45.0341],[22.6645,44.6423],[22.4686,44.3811],[22.9257,44.1852],[22.9257,43.7933],[23.5134,44.0546],[24.2318,43.7933],[24.6236,43.9893],[25.4726,43.728],[26.4522,44.2505],[27.9542,44.2505],[28.0848,44.577],[27.8236,44.8382],[28.0186,45.3155],[28.3683,45.3309],[28.4022,45.3594],[29.0644,45.1647],[29.7108,45.2583],[29.6832,45.3748],[29.6159,45.4102],[29.5361,45.4522],[29.5004,45.5234],[29.6295,45.7504],[29.7297,45.77],[30.0688,45.8614],[30.4328,46.1757],[30.5205,46.2514],[30.8329,46.5766],[31.0872,46.6355],[31.5377,46.7014],[31.781,46.7019],[31.9513,46.8646],[32.1888,46.5922],[31.9259,46.4099],[32.1141,46.2156],[32.2022,46.1704],[32.5164,46.1256],[32.9729,46.1459],[33.3325,46.1661],[33.5279,46.1341],[33.6388,45.9268],[33.5395,45.8747],[33.1916,45.7898],[32.9023,45.6726],[32.5032,45.4451],[32.5753,45.3611],[32.6434,45.3806],[32.9263,45.3877],[33.0135,45.3814],[33.3979,45.2527],[33.5167,45.1235],[33.5594,44.9361],[33.3955,44.6005],[33.6602,44.5237],[34.0137,44.4921],[34.135,44.5375],[34.3722,44.7572],[34.6142,44.8415],[35.0673,44.8617],[35.3867,45.0819],[35.5996,45.1017],[35.8655,45.0311],[36.0047,45.0443],[36.2648,45.0966],[36.3671,45.1615],[36.4151,45.2716],[36.521,45.3883],[36.3232,45.4397],[35.8498,45.4452],[35.5462,45.3799],[35.3167,45.3212],[35.0634,45.3401],[34.99,45.45],[35.0319,45.5343],[35.0081,45.6119],[34.1273,46.0639],[33.8391,46.1931],[34.0642,46.2649],[34.4957,46.2787],[34.6923,46.2531],[34.9068,46.273],[35.0464,46.3577],[35.2124,46.6371],[35.4161,46.4947],[35.6243,46.5211],[35.8506,46.6644],[36.354,46.7758],[36.8646,46.8093],[37.1926,46.8944],[37.4221,47.0769],[37.8593,47.1037],[38.2097,47.1505],[38.8002,47.2292],[39.1599,47.2689],[39.1941,47.243],[39.2824,47.074],[38.7227,46.8779],[38.4011,46.7214],[38.0319,46.6687],[37.8666,46.6554],[37.7571,46.6032],[37.9702,46.4413],[38.2649,46.3186],[38.459,46.0789],[38.2272,46.0201],[37.9899,46.0067],[37.8679,45.7925],[37.7061,45.5784],[37.6613,45.3452],[37.461,45.3125],[37.2277,45.312],[36.9599,45.2274],[37.3179,44.9242],[37.4739,44.6924],[37.6217,44.6733],[37.7741,44.7445],[37.8804,44.7189],[38.1092,44.4938],[38.277,44.4232],[38.5561,44.3851],[38.9237,44.2119],[39.4587,43.8329],[40.0981,43.3776],[40.2516,43.2682],[40.5571,43.1466],[40.9693,43.0767],[41.1226,43.0191],[43.5459,42.8347],[45.2598,42.4385],[45.4779,42.5486],[45.6481,42.5486],[45.8077,42.538],[45.8609,42.4741],[47.3949,42.5878],[47.844,42.6211],[47.7901,42.8548],[47.7361,42.8998],[47.5653,43.0077],[47.5833,43.1875],[47.6552,43.2775],[47.6013,43.3224],[47.5743,43.5023],[47.6732,43.6641],[47.7361,43.8619],[47.6642,43.8529],[47.6103,43.754],[47.5653,43.6012],[47.5203,43.5113],[47.4934,43.5832],[47.5383,43.6731],[47.5653,43.844],[47.4394,44.0328],[47.3315,44.1856],[47.2236,44.2036],[47.1427,44.3385],[46.9988,44.3565],[46.8459,44.4464],[46.81,44.5363],[46.8729,44.6802],[47.0258,44.7881],[47.1697,44.86],[47.2506,44.9859],[47.3945,45.1748],[47.4754,45.3186],[47.5563,45.4535],[47.6552,45.5434],[47.6013,45.6603],[47.6282,45.7322],[47.6732,45.7502],[47.7541,45.7143],[47.871,45.6783],[48.0149,45.7143],[48.3026,45.7682],[48.4825,45.8851],[48.6353,45.975],[48.7702,45.8851],[48.8331,45.9211],[48.8331,46.02],[48.8331,46.0829],[48.8871,46.0829],[49.0579,46.1369],[49.2378,46.2628],[49.3132,46.3527],[49.4086,46.4336],[49.5345,46.5415],[49.7233,46.5325],[49.9481,46.5595],[50.2718,46.6854],[50.6315,46.9102],[50.8204,46.9192],[51.1171,47.063],[51.3689,47.09],[51.6746,47.0361],[51.7915,47.0091],[51.9353,46.8922],[52.1422,46.8382],[52.3759,46.8742],[52.4659,46.9102],[52.5558,46.9821],[52.8615,46.9372],[53.0234,46.9192],[53.1852,46.8652],[53.2302,46.7303],[53.2841,46.6764],[53.1672,46.5865],[53.1223,46.4966],[53.1852,46.4246],[53.2572,46.3167],[53.2032,46.1908],[53.1492,45.957],[53.0503,45.8312],[52.9245,45.7322],[52.8345,45.6423],[52.8435,45.5075],[53.0593,45.4535],[53.2122,45.3636],[53.2841,45.3276],[53.0593,45.3366],[52.6097,45.3996],[52.1062,45.3816],[51.9983,45.3816],[51.8454,45.4355],[51.7735,45.3906],[51.6296,45.3546],[51.5127,45.3726],[51.4588,45.3096],[51.3778,45.1748],[51.3419,45.0579],[51.216,45.0399],[51.0991,44.878],[51.189,44.7701],[51.3689,44.6802],[51.4858,44.6262],[51.5757,44.5543],[51.4138,44.5183],[51.3329,44.4824],[51.0901,44.5633],[50.8743,44.6262],[50.7214,44.6352],[50.5416,44.6442],[50.4067,44.6173],[50.3348,44.5633],[50.3258,44.3655],[50.3887,44.2935],[50.7035,44.2576],[50.9552,44.2036],[50.9912,44.0777],[51.171,43.7181],[51.261,43.6102],[51.3689,43.5562],[51.4588,43.3854],[51.4228,43.2595],[51.4228,43.1696],[51.5847,43.1786],[51.7375,43.1786],[51.8814,43.0527],[51.9803,42.9088],[52.0702,42.8279],[52.1601,42.8459],[52.295,42.8728],[52.3759,42.8009],[52.5828,42.8279],[52.7626,42.7559],[52.8345,42.648],[52.7536,42.5581],[52.7356,42.4232],[52.6727,42.2794],[52.5828,42.1894],[52.5198,42.0726],[52.5738,42.0186],[52.6007,41.9377],[52.5593,41.7578],[52.6826,41.6937],[52.7114,41.6075],[52.6922,41.5309],[52.855,41.3872],[52.97,41.1382],[52.9604,41.2723],[52.9317,41.3776],[52.97,41.5596],[52.9987,41.6841],[52.9412,41.7703],[52.9795,41.9044],[53.0657,42.0289],[53.2669,42.0864],[53.4584,42.096],[53.7362,42.1343],[53.9852,42.1055],[54.0235,42.0481],[54.0235,41.9523],[54.0235,41.8565],[54.1193,41.7799],[54.1385,41.6266],[54.1672,41.483],[54.3588,41.3872],[54.5982,41.2435],[54.7514,41.1382],[54.8281,40.9849],[54.8185,40.8796],[54.7227,40.8508],[54.6078,40.8125],[54.5024,40.8508],[54.4545,40.9179],[54.3683,40.8987],[54.3875,40.8029],[54.4545,40.7167],[54.4162,40.6593],[54.33,40.688],[54.2247,40.7263],[54.1097,40.6784],[53.9756,40.6497],[53.8416,40.6401],[53.7937,40.7263],[53.7649,40.87],[53.6979,40.8796],[53.65,40.8796],[53.6596,40.8125],[53.6117,40.7455],[53.4393,40.8029],[53.2573,40.7646],[53.1807,40.8413],[53.1519,40.8987],[53.0562,41.052],[53.0179,40.9466],[52.97,40.8221],[52.9508,40.7072],[52.9029,40.5635],[52.8263,40.4677],[52.8455,40.3336],[52.8455,40.1804],[52.9125,40.0463],[52.9891,39.9314],[53.0466,39.9984],[53.1903,39.9601],[53.3627,39.9601],[53.5063,39.9984],[53.6883,39.9792],[53.5925,39.893],[53.5159,39.7781],[53.5542,39.6536],[53.6691,39.644],[53.8128,39.5482],[53.7937,39.4908],[53.7362,39.5004],[53.5446,39.5387],[53.3722,39.5195],[53.3148,39.5674],[53.2477,39.4525],[53.2094,39.4046],[53.2477,39.2992],[53.3339,39.3854],[53.4967,39.3375],[53.5829,39.3184],[53.6596,39.3184],[53.6787,39.2513],[53.7745,39.1364],[53.9182,39.0502],[54.0331,38.9927],[54.0714,38.8969],[55.6424,40.0503],[56.7687,41.3724],[60.0256,42.3616],[63.5485,45.2521],[70.5037,50.1298],[79.1753,49.4072],[82.4271,49.5879],[85.6789,50.3105],[88.3888,50.4008],[90,50.0733]]]},"properties":{"NAME":"Khanate of the Golden Horde","SUBJECTO":"Mongol Empire","PARTOF":"Khanate of the Golden Horde","BORDERPRECISION":1,"LINK":null}},
{"type":"Feature","geometry":{"type":"Polygon","coordinates":[[[98.6253,3.6579],[98.1455,4.0699],[98.1994,4.3114],[98.1738,4.3813],[97.9428,4.5205],[97.5293,5.0407],[97.3841,5.1801],[97.2038,5.1734],[96.9995,5.1094],[96.7527,5.0644],[96.602,5.0768],[96.1873,5.1458],[96.0247,5.2153],[95.7405,5.4689],[95.6277,5.5258],[95.4641,5.5699],[95.2832,5.5505],[95.2161,5.4995],[95.1906,5.4105],[95.2051,5.2453],[95.3082,4.9596],[95.5609,4.5345],[95.8276,4.2237],[96.1184,3.9511],[96.3944,3.6467],[96.7204,3.7046],[96.886,3.5143],[97.2545,3.1402],[97.4277,2.9246],[97.5087,2.7405],[97.5433,2.4101],[97.5971,2.2514],[97.74,2.2072],[97.9825,2.1124],[98.3026,1.9352],[98.6006,1.7071],[98.671,1.6183],[98.7193,1.4786],[98.6891,1.3705],[98.9989,0.5578],[99.1133,0.2212],[99.401,0.0884],[99.6806,1.5178],[98.6457,2.7597],[98.49,3.2267],[98.6253,3.6579]]]},"properties":{"NAME":"Aceh","SUBJECTO":"Aceh","PARTOF":"Aceh","BORDERPRECISION":1,"LINK":null}},
{"type":"Feature","geometry":{"type":"MultiPolygon","coordinates":[[[[110.9683,1.2255],[110.8176,1.2443],[110.4752,1.4405],[110.2895,1.5164],[109.9018,1.5536],[109.7231,1.6168],[109.554,1.8007],[109.5175,1.8205],[109.4259,1.8703],[109.2824,1.8827],[109.1462,1.5202],[108.9555,1.2593],[108.8961,1.1003],[108.8143,0.8078],[108.8703,0.5411],[108.841,0.3313],[108.9991,0.1982],[109.1242,-0.017],[109.1578,-0.0747],[109.0734,-0.4053],[109.1895,-0.5385],[109.4286,-0.7096],[109.1789,-0.869],[109.2445,-0.9324],[109.5998,-1.1223],[109.7828,-1.3062],[109.9409,-1.6426],[109.9462,-1.8587],[110.0659,-2.494],[110.0764,-2.7863],[110.1023,-3.0785],[111.3329,-1.3698],[110.7059,-0.6035],[110.6362,0.1628],[111.2632,0.7898],[110.9683,1.2255]]],[[[99.401,0.0884],[99.5304,-0.017],[99.6966,-0.1524],[99.972,-0.5013],[100.272,-0.9709],[100.6503,-1.631],[100.7963,-2.0247],[100.7788,-2.1772],[100.8121,-2.336],[101.3455,-3.0149],[101.6596,-3.3193],[102.1107,-3.6043],[102.1968,-3.7566],[102.2865,-3.9788],[102.4622,-4.1818],[103.0686,-4.6127],[103.5235,-4.9994],[103.8725,-5.3418],[104.4769,-5.9824],[104.5685,-6.0712],[104.6422,-5.9757],[104.4647,-5.6392],[104.5634,-5.6009],[105.0328,-5.8795],[105.0691,-5.7587],[105.1867,-5.5423],[105.304,-5.5802],[105.4757,-5.815],[105.6407,-5.929],[105.6893,-5.8971],[105.7285,-5.8271],[105.7956,-5.3503],[105.7964,-5.2296],[105.7871,-4.9309],[105.7967,-4.7339],[105.6932,-4.3083],[105.7111,-4.1049],[105.9428,-3.2147],[105.6287,-2.9103],[105.5639,-2.7134],[105.4449,-2.5993],[105.3652,-2.5804],[104.9946,-2.4668],[104.6778,-2.6708],[104.6098,-2.5757],[104.8126,-2.1558],[104.5675,-2.1373],[104.4725,-2.0803],[104.3524,-1.8899],[104.3552,-1.7056],[104.2977,-1.3625],[104.2299,-1.1911],[104.1212,-1.1405],[103.7469,-1.1159],[103.3842,-0.8943],[103.3113,-0.8182],[103.2376,-0.6595],[103.4087,-0.5002],[103.5007,-0.3157],[103.6866,-0.1183],[103.7136,-0.017],[103.7222,0.0152],[103.4631,0.2879],[103.2405,0.459],[103.0466,0.5284],[102.7016,0.5658],[102.4718,0.6225],[102.2783,0.7428],[102.1359,0.9395],[102.0098,1.2697],[101.8681,1.4346],[101.6753,1.5231],[101.4743,1.5481],[101.2758,1.7192],[101.0598,2.081],[100.8317,2.1758],[100.8006,2.0677],[100.8561,1.9661],[100.8543,1.8772],[100.7319,1.8706],[100.4565,2.1178],[100.1214,2.5428],[99.8632,2.5676],[99.8722,2.6376],[99.8584,2.9044],[99.7959,2.9805],[99.4913,3.126],[98.9624,3.4362],[98.6253,3.6579],[98.49,3.2267],[98.6457,2.7597],[99.6806,1.5178],[99.401,0.0884]]],[[[109.217,-7.0144],[109.1611,-7.0231],[108.9534,-6.9387],[108.5558,-6.9205],[108.4754,-6.6855],[108.309,-6.4508],[108.1733,-6.3557],[107.9696,-6.4388],[107.7687,-6.4519],[107.677,-6.3304],[107.5246,-6.3508],[107.3396,-6.1541],[107.0614,-6.0785],[106.9451,-6.026],[106.9351,-6.136],[106.864,-6.2696],[106.628,-6.3094],[106.5213,-6.11],[106.3081,-6.1309],[106.0242,-6.0807],[105.9332,-6.026],[105.8915,-6.1509],[105.7915,-6.2569],[105.8107,-6.4816],[105.6722,-6.4563],[105.664,-6.5193],[105.6335,-6.7552],[105.4674,-6.8132],[105.2862,-6.7712],[105.1439,-6.7817],[105.1848,-6.8657],[105.7522,-6.9202],[105.89,-6.9326],[106.1175,-6.9957],[106.3655,-7.0397],[106.5466,-7.16],[106.3447,-7.3702],[106.3202,-7.4338],[106.4837,-7.5034],[107.2068,-7.5336],[107.3676,-7.565],[107.7297,-7.7867],[108.1602,-7.8556],[108.3607,-7.8361],[108.6104,-7.7021],[109.0372,-7.7203],[109.1153,-7.7388],[109.217,-7.0144]]],[[[98.5446,8.2643],[98.7496,8.0868],[98.8895,8.0172],[99.0245,7.8714],[99.1186,7.6428],[99.2939,7.3192],[99.4681,7.3386],[99.5717,7.2626],[99.6397,7.0658],[99.6108,6.9386],[99.663,6.71],[99.8338,6.5388],[99.9691,6.5073],[100.1544,6.6031],[100.222,6.5206],[100.1644,6.3871],[100.1587,6.3401],[100.1391,6.1773],[100.2237,5.8535],[100.3797,5.0214],[100.5593,4.7359],[100.6076,4.5517],[100.5942,4.4246],[100.5766,4.2022],[100.6643,3.9037],[101.0669,3.5361],[101.2643,3.2252],[101.3364,2.7805],[101.4338,2.6664],[101.8926,2.3369],[102.4467,2.0331],[102.7169,1.8812],[103.1147,1.6088],[103.3491,1.4124],[103.4277,1.3808],[103.6084,1.4447],[104.0107,1.4201],[104.1756,1.3887],[104.1477,1.4459],[103.8304,2.1696],[103.6781,2.4107],[103.4396,2.6326],[103.3511,2.804],[103.3078,3.0263],[103.3393,3.3123],[103.3339,3.3937],[103.3078,3.7951],[103.3681,4.1828],[103.3786,4.545],[103.3418,4.8054],[103.1142,5.1481],[102.8023,5.5604],[102.3251,6.0994],[102.0897,6.1434],[102.0738,6.1542],[101.9784,6.2194],[101.6796,6.4643],[101.5599,6.7395],[101.428,6.8282],[101.2175,6.8023],[100.9753,6.8526],[100.6149,6.9789],[100.5396,7.0487],[100.3446,7.4405],[100.2875,7.7724],[100.3019,7.8868],[100.2077,8.325],[100.1315,8.5321],[100.0093,8.4901],[99.9294,8.5849],[99.8659,8.7119],[99.9021,8.9216],[99.898,9.0678],[99.8373,9.2265],[99.724,9.258],[98.5446,8.2643]]],[[[106.5527,-3.1752],[106.4707,-2.9212],[106.5234,-2.7939],[106.6427,-2.7111],[106.3286,-2.572],[106.0365,-2.204],[105.8963,-1.8039],[105.8634,-1.6261],[105.7224,-1.7471],[105.6557,-1.957],[105.4267,-1.7096],[105.3214,-1.8179],[105.1997,-2.1105],[105.2518,-2.1739],[105.4528,-2.1608],[105.5835,-2.205],[105.8118,-2.3824],[105.8823,-2.5602],[105.9024,-2.7254],[105.9947,-2.8904],[106.1643,-2.9981],[106.5527,-3.1752]]]]},"properties":{"NAME":"Srivijaya Empire","SUBJECTO":"Srivijaya Empire","PARTOF":"Srivijaya Empire","BORDERPRECISION":1,"LINK":null}},
{"type":"Feature","geometry":{"type":"MultiPolygon","coordinates":[[[[114.6347,-1.6592],[113.7718,-1.8749],[112.8011,-1.8749],[111.3329,-1.3698],[110.1023,-3.0785],[110.2384,-3.0655],[110.3651,-2.9954],[110.6525,-2.9884],[110.7968,-3.1724],[111.436,-2.974],[111.5872,-2.7957],[111.7286,-3.2593],[111.7133,-3.3992],[111.7395,-3.647],[111.9034,-3.6148],[112.0469,-3.4556],[112.2456,-3.398],[112.4063,-3.4485],[112.5777,-3.4227],[112.6384,-3.3336],[112.7954,-2.971],[112.9493,-3.0406],[113.1235,-3.2436],[113.32,-3.294],[113.4608,-3.3827],[113.6084,-3.6111],[113.7445,-3.5981],[113.9706,-3.3625],[114.0995,-3.3495],[114.2185,-3.4319],[114.3562,-3.6032],[114.5046,-3.9651],[114.4936,-4.1558],[114.5809,-4.2954],[114.7124,-4.2062],[114.9858,-4.0785],[115.5681,-3.8039],[115.8063,-3.5365],[115.8634,-3.3775],[115.9559,-3.1993],[114.6347,-1.6592]]],[[[109.1153,-7.7388],[109.5436,-7.8399],[110.0382,-7.9914],[110.4154,-8.2067],[110.7777,-8.3203],[111.4391,-8.3824],[112.0934,-8.4446],[112.4144,-8.4884],[112.571,-8.4626],[112.8358,-8.3476],[113.0738,-8.3471],[113.4747,-8.4861],[113.7438,-8.5999],[114.1048,-8.6881],[114.3293,-8.783],[114.0692,-8.434],[114.1376,-8.2114],[114.2522,-8.0204],[114.2308,-7.9315],[113.9484,-7.8241],[113.7614,-7.8308],[113.5587,-7.9139],[113.2626,-7.9082],[113.0727,-7.8768],[112.6784,-7.7188],[112.6246,-7.6744],[112.5009,-7.4649],[112.5366,-7.2645],[112.4049,-7.1346],[112.2748,-7.0269],[111.9168,-6.9577],[111.5683,-6.9204],[111.3297,-6.9082],[111.0447,-6.8516],[110.9145,-6.6294],[110.8146,-6.5343],[110.6133,-6.5411],[110.4915,-6.6621],[110.3959,-6.9547],[110.2426,-7.0313],[110.0273,-7.0445],[109.382,-6.9886],[109.217,-7.0144],[109.1153,-7.7388]]],[[[117.9377,-8.54],[118.0559,-8.608],[118.0331,-8.692],[117.9024,-8.6972],[117.8172,-8.8136],[117.6851,-8.7884],[117.5542,-8.7392],[117.5138,-8.6133],[117.334,-8.5667],[117.0593,-8.561],[116.9584,-8.5293],[116.8534,-8.5995],[116.7495,-8.6506],[116.6627,-8.7025],[116.6989,-8.816],[116.6345,-8.9334],[116.6632,-9.0593],[116.7542,-9.1146],[116.8003,-9.1463],[116.9764,-9.1777],[117.1159,-9.1223],[117.2766,-9.1452],[117.5573,-9.0556],[117.8409,-8.9544],[117.9739,-8.9754],[118.0772,-8.8599],[118.216,-8.7392],[118.254,-8.7655],[118.2107,-8.8862],[118.2746,-8.927],[118.658,-8.8562],[118.6255,-8.7864],[118.6888,-8.7602],[118.8282,-8.7864],[118.9705,-8.881],[118.982,-8.7025],[118.9542,-8.6552],[118.8726,-8.6715],[118.8633,-8.4808],[118.7608,-8.3793],[118.6177,-8.3924],[118.5442,-8.5293],[118.462,-8.5961],[118.4673,-8.3928],[118.42,-8.3246],[118.2671,-8.2774],[118.1301,-8.3426],[118.0483,-8.2984],[118.0247,-8.203],[117.9479,-8.1619],[117.8062,-8.178],[117.691,-8.2672],[117.6774,-8.3626],[117.7054,-8.4388],[117.7968,-8.4958],[117.9377,-8.54]]],[[[115.0724,-8.7814],[115.2437,-8.5903],[115.3482,-8.5456],[115.5005,-8.469],[115.0844,-8.2347],[114.8763,-8.2479],[114.645,-8.331],[114.4575,-8.3314],[114.5107,-8.4521],[114.8956,-8.6546],[115.0724,-8.7814]]]]},"properties":{"NAME":"Kediri","SUBJECTO":"Kediri","PARTOF":"Kediri","BORDERPRECISION":1,"LINK":null}},
{"type":"Feature","geometry":{"type":"Polygon","coordinates":[[[97.5732,16.4451],[97.5961,16.3498],[97.6114,16.0958],[97.6641,15.7909],[97.7423,15.0097],[97.823,14.616],[97.9791,14.2352],[98.1989,13.6448],[98.4027,13.2664],[98.4859,13.1118],[98.5968,12.7372],[98.6765,12.0512],[98.5883,11.8223],[98.5902,11.6952],[98.6371,11.6572],[98.8674,11.645],[98.7384,11.4351],[98.6836,11.0855],[98.6053,10.863],[98.3979,10.5639],[98.4317,10.2019],[98.5932,10.1205],[98.6326,10.1007],[98.5018,9.7192],[98.2506,8.9371],[98.1772,8.6002],[98.1952,8.3271],[98.2924,8.1557],[98.3903,8.2195],[98.5446,8.2643],[99.724,9.258],[99.5462,9.1941],[99.2985,9.1618],[99.1956,9.2378],[99.1187,9.371],[99.0713,9.8983],[99.1862,10.4894],[99.5013,11.2461],[99.7634,11.7804],[99.8953,12.0792],[99.8711,12.2634],[99.8337,12.5238],[99.9771,12.8418],[100.0232,12.9944],[99.9303,13.261],[99.8514,13.9082],[100.2127,14.1972],[100.6463,14.1972],[100.9354,14.0527],[100.9087,13.4473],[101.8025,13.9804],[105.8757,14.4637],[105.777,15.4257],[104.933,17.4509],[104.1113,17.9987],[101.646,17.9987],[101.6574,19.6612],[100.4353,20.0358],[100.4306,20.2262],[100.3775,20.3021],[100.2448,20.3839],[100.2279,20.3891],[100.0012,20.4587],[99.9654,20.4203],[99.8412,20.4819],[98.67,18.3973],[97.5732,16.4451]]]},"properties":{"NAME":"Sukhothai","SUBJECTO":"Sukhothai","PARTOF":"Sukhothai","BORDERPRECISION":1,"LINK":null}},
{"type":"Feature","geometry":{"type":"MultiPolygon","coordinates":[[[[-3.1525,54.8381],[-2.245,55.811],[-2.5403,55.8847],[-2.7421,55.9572],[-2.9279,55.946],[-3.1615,55.8457],[-3.3559,55.8427],[-3.5772,55.8847],[-3.713,55.8847],[-3.895,55.9851],[-3.2935,55.9739],[-3.1698,56.0621],[-2.8953,56.0855],[-2.7729,56.1713],[-2.7209,56.1782],[-2.9494,56.253],[-3.1524,56.3368],[-2.9805,56.3536],[-2.6671,56.471],[-2.5148,56.6673],[-2.4131,56.7173],[-2.1589,57.0143],[-2.2032,57.0648],[-2.1078,57.2103],[-1.9446,57.4017],[-2.1504,57.572],[-2.854,57.5433],[-3.0926,57.577],[-3.4008,57.5764],[-3.7958,57.5415],[-4.1484,57.5545],[-4.2485,57.6363],[-4.1505,57.8348],[-3.9432,57.9584],[-3.1664,58.2751],[-3.0284,58.4057],[-3.165,58.5222],[-3.4405,58.5285],[-3.8305,58.5072],[-4.1389,58.4448],[-4.5099,58.4029],[-4.9256,58.567],[-5.1127,58.3949],[-4.9071,58.169],[-5.3459,58.0927],[-5.0556,57.751],[-5.23,57.7096],[-5.5685,57.7774],[-5.763,57.6198],[-5.4606,57.3881],[-5.5616,57.2993],[-5.7263,57.258],[-5.6253,56.9992],[-5.6659,56.9378],[-5.909,56.7333],[-6.0435,56.4748],[-5.8217,56.4005],[-5.6445,56.5163],[-5.5466,56.6524],[-5.4583,56.6321],[-5.2707,56.5441],[-5.3001,56.4287],[-5.497,56.1773],[-5.6331,55.9399],[-5.5702,55.7505],[-5.3336,55.8795],[-5.1346,55.8934],[-4.8484,56.0972],[-4.7107,56.1313],[-4.6233,55.908],[-4.7584,55.8197],[-4.8951,55.7721],[-4.9078,55.6639],[-4.7705,55.4884],[-4.6384,55.4279],[-4.91,55.1103],[-5.0667,54.9485],[-5.1114,54.7941],[-4.9025,54.7341],[-4.5999,54.6878],[-4.5003,54.7751],[-4.4607,54.8624],[-4.1216,54.7624],[-3.9077,54.7897],[-3.5767,54.9245],[-3.3087,54.8847],[-3.1525,54.8381]]],[[[-5.6982,55.3307],[-5.6203,55.3295],[-5.4824,55.4427],[-5.5178,55.668],[-5.6887,55.6281],[-5.7557,55.4773],[-5.6982,55.3307]]]]},"properties":{"NAME":"Scotland","SUBJECTO":"Scotland","PARTOF":"Scotland","BORDERPRECISION":1,"LINK":null}},
{"type":"Feature","geometry":{"type":"MultiPolygon","coordinates":[[[[-0.9074,42.8813],[-0.84,42.9087],[-0.612,42.7309],[-0.5868,42.7651],[-0.4688,42.7514],[-0.4099,42.7856],[1.6378,45.801],[1.6378,46.0329],[1.2901,46.3033],[0.3629,46.3033],[0.131,46.0329],[-0.7189,46.0329],[-1.2561,46.3068],[-1.166,46.1837],[-1.0752,46.0146],[-1.2365,45.8],[-1.2474,45.6881],[-1.1384,45.5832],[-0.8547,45.3214],[-0.7285,45.0186],[-0.8142,45.1218],[-0.9004,45.2939],[-1.1234,45.4316],[-1.1752,45.5005],[-1.2755,45.1287],[-1.3318,44.6138],[-1.2303,44.7304],[-1.1358,44.6001],[-1.3144,44.559],[-1.5614,43.5244],[-1.7461,43.3602],[-1.9146,43.3054],[-1.7024,43.1959],[-1.4914,43.2096],[-1.4657,43.1549],[-1.5577,43.0454],[-1.5151,42.9976],[-1.4476,42.9839],[-1.3973,43.0318],[-0.9074,42.8813]]],[[[-3.1525,54.8381],[-3.4304,54.6431],[-3.5692,54.415],[-3.4793,54.2746],[-3.2615,54.1412],[-2.8859,54.1687],[-2.8653,54.0283],[-2.9795,53.8209],[-3.0567,53.5136],[-2.9145,53.2671],[-3.3295,53.233],[-3.9567,53.2052],[-4.3175,53.0912],[-4.4919,52.991],[-4.6214,52.831],[-4.4683,52.8113],[-4.1475,52.8319],[-4.0939,52.7455],[-4.1236,52.3733],[-4.2947,52.2003],[-4.6191,52.0935],[-5.0615,52.0064],[-5.2488,51.8602],[-5.1786,51.7875],[-4.999,51.7017],[-4.1593,51.6768],[-3.4991,51.4597],[-3.1728,51.4669],[-2.7502,51.644],[-2.8947,51.3938],[-3.0331,51.3299],[-3.066,51.1777],[-3.483,51.1811],[-3.8252,51.2348],[-4.281,51.1872],[-4.2773,51.0637],[-4.4426,50.9687],[-4.5515,50.9972],[-4.6046,50.7787],[-4.8153,50.6042],[-5.0166,50.5605],[-5.2378,50.3463],[-5.7778,50.1341],[-5.4292,50.0679],[-5.2823,49.9638],[-4.967,50.2122],[-4.5406,50.358],[-4.3033,50.3235],[-4.2426,50.3915],[-4.0042,50.3141],[-3.8817,50.2004],[-3.715,50.2193],[-3.5632,50.3614],[-3.5215,50.6174],[-3.1109,50.6574],[-2.9606,50.7218],[-2.5505,50.57],[-2.432,50.6459],[-2.0237,50.57],[-2.0854,50.7028],[-1.3725,50.7663],[-1.1034,50.8167],[-0.839,50.7218],[-0.3357,50.8167],[-0.2037,50.7953],[0.1918,50.7313],[0.6726,50.9307],[0.8883,50.8927],[0.886,50.9819],[1.335,51.1207],[1.3647,51.3529],[1.1894,51.4055],[1.0301,51.3588],[0.8043,51.3783],[0.2542,51.4536],[0.6862,51.5604],[1.0313,51.8127],[1.5119,52.0258],[1.6569,52.2118],[1.6917,52.3114],[1.5857,52.65],[1.3759,52.8092],[1.0127,52.8884],[0.7418,52.9012],[0.5047,52.8475],[0.3268,52.7075],[0.0055,52.7867],[0.2509,53.0401],[0.2678,53.1267],[0.1745,53.2931],[0.081,53.3862],[-0.2037,53.5233],[-0.3192,53.5789],[-0.2349,53.7994],[-0.2955,54.0332],[-0.6048,54.3002],[-0.8706,54.5472],[-1.1921,54.5954],[-1.3889,54.6805],[-1.5556,54.9216],[-1.696,55.2725],[-1.666,55.3796],[-1.719,55.4537],[-1.942,55.5561],[-2.245,55.811],[-3.1525,54.8381]]],[[[-6.2064,53.9567],[-6.0717,53.9736],[-5.9122,54.0274],[-5.7314,54.1749],[-5.6615,54.3222],[-5.7999,54.5229],[-5.7637,54.657],[-5.7849,54.7374],[-6.0182,55.093],[-6.1165,55.1602],[-6.2793,55.1397],[-6.4543,55.1865],[-6.6452,55.2064],[-6.9968,55.172],[-7.2255,55.1042],[-7.4275,55.0638],[-7.4978,55.0497],[-7.6573,55.1168],[-7.7562,55.2527],[-8.1183,55.1766],[-8.3454,55.0953],[-8.4763,54.8799],[-8.5037,54.7496],[-8.76,54.7014],[-8.8294,54.6339],[-8.2115,54.6339],[-8.3006,54.4893],[-8.6867,54.3641],[-8.5901,54.2028],[-9.0858,54.2582],[-9.3229,54.2751],[-9.4743,54.2413],[-9.892,54.3256],[-9.9888,54.2537],[-10.1597,54.1331],[-10.1785,53.9119],[-9.9129,53.9696],[-9.6965,53.8734],[-9.8724,53.7677],[-9.8096,53.6324],[-10.1514,53.5756],[-10.0211,53.5119],[-10.1598,53.3741],[-9.8848,53.2974],[-9.8029,53.3454],[-9.6167,53.3459],[-9.4407,53.2662],[-9.2974,53.2798],[-9.1582,53.2207],[-9.0017,53.3004],[-8.9236,53.1606],[-8.997,53.1204],[-9.3093,53.1153],[-9.5258,52.9046],[-9.4416,52.8333],[-9.6157,52.6366],[-9.1343,52.6809],[-9.1926,52.5545],[-9.504,52.5405],[-9.7357,52.4803],[-9.784,52.3407],[-9.8016,52.2411],[-9.8906,52.1944],[-10.4692,52.2066],[-10.4973,52.1017],[-9.9638,52.0921],[-10.294,51.9776],[-10.2169,51.7583],[-9.8354,51.8033],[-9.7952,51.6046],[-9.8191,51.4346],[-9.2433,51.4726],[-8.8478,51.5998],[-8.5652,51.6155],[-8.1588,51.8396],[-7.8616,51.9681],[-7.7506,52.0327],[-7.3724,52.0921],[-6.9617,52.1112],[-6.8939,52.2066],[-6.6168,52.2207],[-6.4892,52.1944],[-6.406,52.2144],[-6.3409,52.4271],[-6.2321,52.6133],[-6.0707,52.7666],[-6.0431,52.8931],[-6.1722,53.4392],[-6.335,53.786],[-6.4434,53.8994],[-6.3431,53.9396],[-6.2064,53.9567]]]]},"properties":{"NAME":"English territory","SUBJECTO":"England","PARTOF":"England","BORDERPRECISION":1,"LINK":null}},
{"type":"Feature","geometry":{"type":"MultiPolygon","coordinates":[[[[27.6633,58.9561],[27.702,59.2975],[27.2651,59.338],[26.999,59.3177],[26.8619,59.3717],[26.3433,59.4466],[25.7211,59.4598],[25.49,59.42],[25.4488,59.494],[25.2483,59.3618],[24.7512,59.4485],[24.7138,59.3518],[24.5709,59.3743],[24.5376,59.3234],[24.3416,59.3689],[24.2819,59.2841],[24.0296,59.2354],[24.0321,59.1757],[23.948,59.1689],[24.5204,58.7085],[25.3131,59.1517],[26.4582,59.1178],[26.5463,58.6627],[27.6633,58.9561]]],[[[9.3024,57.1658],[8.9599,57.1322],[8.6613,57.1041],[8.534,57.1406],[8.3589,57.0227],[8.1835,56.7985],[8.3682,56.6669],[8.4709,56.5969],[8.5071,56.6473],[8.666,56.7005],[8.7781,56.7985],[8.847,56.9863],[8.9709,57.0003],[9.0785,57.0368],[9.1412,57.0087],[9.3338,57.0227],[9.503,56.9751],[10.2566,57.0059],[10.3333,57.1715],[10.4628,57.2417],[10.4507,57.458],[10.4012,57.5059],[10.5581,57.7451],[10.4795,57.7591],[10.3901,57.6606],[10.2895,57.6719],[9.8493,57.5818],[9.4487,57.2276],[9.3024,57.1658]]],[[[10.1417,54.3368],[10.0649,54.4339],[9.8648,54.4114],[9.978,54.4901],[9.9867,54.5924],[9.8644,54.7263],[9.6103,54.88],[9.496,54.9383],[9.421,54.9765],[9.5178,55.1287],[9.5166,55.2231],[9.5439,55.3513],[9.6302,55.4594],[9.7045,55.4835],[9.729,55.474],[9.768,55.467],[9.811,55.437],[9.887,55.342],[9.888,55.337],[9.897,55.286],[9.897,55.28],[10.006,55.193],[10.099,55.188],[10.108,55.186],[10.119,55.179],[10.15,55.137],[10.153,55.133],[10.154,55.127],[10.151,55.122],[10.135,55.117],[10.153,55.084],[10.498,55.029],[10.519,55.029],[10.529,55.029],[10.584,55.053],[10.599,55.058],[10.616,55.061],[10.627,55.061],[10.666,55.061],[10.726,55.062],[10.733,55.064],[10.74,55.067],[10.779,55.118],[10.783,55.122],[10.786,55.128],[10.812,55.186],[10.816,55.205],[10.834,55.29],[10.835,55.294],[10.828,55.307],[10.791,55.363],[10.745,55.482],[10.747,55.491],[10.744,55.497],[10.662,55.585],[10.658,55.59],[10.634,55.61],[10.627,55.617],[10.619,55.619],[10.614,55.619],[10.611,55.617],[10.603,55.607],[10.607,55.602],[10.613,55.592],[10.617,55.564],[10.614,55.519],[10.609,55.492],[10.606,55.486],[10.6,55.483],[10.479,55.438],[10.469,55.437],[10.437,55.438],[10.426,55.439],[10.42,55.442],[10.418,55.447],[10.416,55.453],[10.422,55.464],[10.428,55.468],[10.445,55.479],[10.452,55.482],[10.474,55.515],[10.485,55.532],[10.406,55.586],[10.399,55.589],[10.327,55.612],[10.31,55.617],[10.299,55.617],[10.29,55.615],[10.213,55.599],[10.178,55.584],[10.165,55.579],[10.149,55.574],[10.125,55.568],[10.074,55.557],[10,55.541],[9.936,55.515],[9.922,55.51],[9.905,55.506],[9.895,55.506],[9.883,55.506],[9.865,55.51],[9.856,55.512],[9.843,55.519],[9.838,55.522],[9.835,55.527],[9.835,55.54],[9.832,55.545],[9.824,55.547],[9.813,55.547],[9.749,55.54],[9.7383,55.5344],[9.6901,55.6049],[9.9757,55.6203],[10.0071,55.7304],[10.1471,55.7649],[10.2299,55.9509],[10.1752,56.0759],[10.2934,56.1371],[10.4425,56.1509],[10.4961,56.0336],[10.7507,56.0973],[10.8887,56.3687],[10.8258,56.4433],[10.3138,56.4695],[10.2297,56.6051],[10.2162,56.8498],[9.8346,56.8899],[9.3701,56.8823],[9.3221,56.7189],[9.3119,56.4811],[9.1359,56.4604],[9.0027,56.6572],[8.8686,56.6161],[8.6749,56.3577],[8.4522,56.4116],[8.3088,56.4792],[8.1834,56.4315],[8.1245,56.2075],[8.1166,56.0923],[8.317,55.8489],[8.32,55.7677],[8.1251,55.6358],[8.0346,55.4759],[8.214,55.3986],[8.319,55.4811],[8.4813,55.3492],[8.5596,55.3561],[8.6451,55.069],[8.6161,54.8874],[8.596,54.7614],[8.7421,54.6078],[8.9506,54.4186],[8.8524,54.3316],[8.5539,54.2754],[8.5807,54.1937],[8.884,54.2294],[8.9617,54.2759],[9.0562,54.3486],[9.1361,54.2977],[9.1652,54.3195],[9.2161,54.2904],[9.2597,54.305],[9.296,54.2468],[9.4414,54.2468],[9.4487,54.1887],[9.674,54.1887],[9.7394,54.2759],[9.8267,54.2759],[9.8848,54.2541],[10.1417,54.3368]]],[[[16.0632,56.3962],[15.427,56.7657],[14.485,56.6801],[14.1754,56.8128],[13.4324,56.5239],[13.2261,57.1017],[12.8959,56.9779],[12.7308,57.4319],[12.5244,57.3907],[12.318,57.6796],[11.8766,57.3252],[12.0051,57.3252],[12.2886,56.8799],[12.526,56.7804],[12.6575,56.6108],[12.7859,56.6167],[12.8716,56.5115],[12.8048,56.4012],[12.6154,56.4356],[12.6524,56.2955],[12.4144,56.243],[12.5134,56.1206],[12.699,55.9051],[12.9859,55.6666],[12.8593,55.5329],[12.8876,55.4516],[12.8019,55.4168],[12.8024,55.3529],[13.3019,55.3007],[13.8233,55.4218],[13.9011,55.4052],[14.1172,55.3471],[14.2864,55.5155],[14.126,55.6666],[14.2589,55.8993],[14.4918,56.018],[14.6052,55.9808],[14.6529,56.1206],[15.2208,56.0804],[15.497,56.1672],[15.6962,56.061],[15.7705,56.0332],[16.0314,56.3531],[16.0632,56.3962]]],[[[12.4091,55.5483],[12.4692,55.7106],[12.444,55.9677],[12.2377,55.9876],[12.088,55.967],[12.0526,55.7031],[11.9625,55.5813],[11.7281,55.6619],[11.5677,55.8848],[11.2963,55.6746],[11.1019,55.6337],[11.2301,55.3368],[11.2854,55.1886],[11.5848,55.1622],[11.7672,55.176],[11.9073,55.0213],[11.9696,54.9542],[12.077,54.9947],[12.3014,55.1703],[12.4297,55.2447],[12.1584,55.3791],[12.3444,55.5077],[12.4091,55.5483]]],[[[11.844,54.669],[11.856,54.683],[11.858,54.689],[11.862,54.743],[11.862,54.746],[11.849,54.766],[11.845,54.77],[11.735,54.855],[11.709,54.875],[11.657,54.904],[11.649,54.907],[11.644,54.906],[11.642,54.904],[11.642,54.901],[11.643,54.878],[11.564,54.822],[11.514,54.83],[11.409,54.862],[11.393,54.868],[11.361,54.884],[11.351,54.892],[11.347,54.896],[11.34,54.911],[11.336,54.916],[11.331,54.919],[11.288,54.943],[11.276,54.95],[11.24,54.957],[11.193,54.957],[11.164,54.957],[11.136,54.954],[11.119,54.951],[11.071,54.941],[11.058,54.935],[11.042,54.923],[11.032,54.915],[11.027,54.91],[11.014,54.896],[11.014,54.89],[11.025,54.814],[10.99,54.791],[10.991,54.787],[10.995,54.783],[11.02,54.763],[11.026,54.759],[11.032,54.756],[11.099,54.742],[11.126,54.74],[11.144,54.737],[11.191,54.726],[11.246,54.712],[11.262,54.707],[11.278,54.7],[11.315,54.676],[11.35,54.659],[11.377,54.647],[11.451,54.621],[11.456,54.619],[11.461,54.619],[11.466,54.62],[11.473,54.623],[11.522,54.642],[11.579,54.663],[11.588,54.664],[11.641,54.662],[11.694,54.656],[11.723,54.651],[11.736,54.645],[11.776,54.641],[11.785,54.64],[11.834,54.661],[11.844,54.669]]],[[[12.107,54.8],[12.12,54.806],[12.158,54.829],[12.167,54.834],[12.169,54.836],[12.169,54.839],[12.168,54.842],[12.137,54.869],[12.119,54.882],[12.111,54.887],[12.104,54.89],[12.096,54.892],[12.085,54.894],[12.079,54.894],[12.061,54.891],[12.038,54.892],[12.02,54.896],[11.997,54.904],[11.865,54.948],[11.851,54.955],[11.847,54.956],[11.767,54.962],[11.751,54.961],[11.742,54.959],[11.732,54.954],[11.713,54.942],[11.709,54.937],[11.752,54.859],[11.756,54.855],[11.782,54.849],[11.793,54.845],[11.802,54.839],[11.856,54.774],[11.899,54.719],[11.892,54.701],[11.878,54.688],[11.871,54.667],[11.872,54.651],[11.923,54.576],[11.929,54.573],[11.945,54.567],[11.964,54.562],[11.969,54.562],[11.979,54.567],[11.98,54.57],[11.979,54.576],[11.974,54.587],[11.968,54.609],[11.963,54.63],[11.96,54.648],[11.959,54.663],[11.961,54.676],[11.963,54.685],[11.97,54.699],[11.981,54.71],[12.055,54.775],[12.072,54.786],[12.078,54.789],[12.089,54.794],[12.107,54.8]]],[[[14.799,55.282],[14.77,55.306],[14.764,55.306],[14.76,55.304],[14.746,55.296],[14.744,55.292],[14.699,55.215],[14.678,55.102],[14.68,55.1],[14.729,55.073],[14.747,55.065],[14.882,55.029],[14.942,55.013],[15.043,54.995],[15.052,54.995],[15.061,54.996],[15.077,55.001],[15.103,55.021],[15.107,55.026],[15.148,55.082],[15.15,55.089],[15.149,55.129],[15.141,55.139],[15.134,55.144],[15.123,55.149],[15.091,55.155],[15.074,55.16],[15.065,55.162],[14.997,55.187],[14.887,55.229],[14.839,55.251],[14.825,55.257],[14.82,55.261],[14.813,55.269],[14.806,55.276],[14.799,55.282]]],[[[13.677,54.565],[13.672,54.569],[13.647,54.583],[13.639,54.585],[13.634,54.586],[13.618,54.586],[13.593,54.585],[13.516,54.577],[13.482,54.575],[13.456,54.573],[13.433,54.578],[13.407,54.589],[13.391,54.607],[13.383,54.639],[13.386,54.645],[13.391,54.649],[13.397,54.652],[13.422,54.657],[13.429,54.66],[13.442,54.671],[13.444,54.673],[13.443,54.676],[13.438,54.68],[13.43,54.682],[13.424,54.683],[13.384,54.681],[13.364,54.679],[13.292,54.673],[13.279,54.671],[13.263,54.667],[13.245,54.657],[13.231,54.648],[13.226,54.643],[13.225,54.64],[13.225,54.634],[13.245,54.559],[13.246,54.558],[13.251,54.558],[13.282,54.564],[13.286,54.565],[13.311,54.573],[13.33,54.583],[13.355,54.604],[13.375,54.61],[13.384,54.578],[13.426,54.57],[13.459,54.551],[13.503,54.55],[13.517,54.513],[13.503,54.493],[13.484,54.484],[13.447,54.489],[13.42,54.522],[13.395,54.542],[13.378,54.558],[13.367,54.58],[13.338,54.566],[13.304,54.55],[13.256,54.551],[13.231,54.552],[13.147,54.546],[13.167,54.513],[13.232,54.486],[13.229,54.465],[13.165,54.434],[13.208,54.428],[13.239,54.411],[13.268,54.383],[13.265,54.38],[13.261,54.379],[13.236,54.372],[13.223,54.369],[13.217,54.37],[13.201,54.373],[13.157,54.375],[13.151,54.375],[13.142,54.374],[13.134,54.372],[13.131,54.371],[13.129,54.368],[13.118,54.343],[13.117,54.339],[13.118,54.334],[13.122,54.331],[13.156,54.306],[13.25,54.258],[13.257,54.256],[13.268,54.255],[13.319,54.249],[13.393,54.221],[13.398,54.222],[13.424,54.234],[13.429,54.238],[13.429,54.244],[13.426,54.252],[13.422,54.259],[13.42,54.261],[13.413,54.265],[13.408,54.265],[13.403,54.265],[13.357,54.26],[13.355,54.27],[13.357,54.273],[13.359,54.275],[13.469,54.328],[13.504,54.342],[13.508,54.343],[13.684,54.349],[13.689,54.348],[13.712,54.324],[13.713,54.321],[13.711,54.297],[13.696,54.284],[13.694,54.283],[13.696,54.281],[13.711,54.272],[13.715,54.272],[13.727,54.274],[13.731,54.276],[13.744,54.331],[13.731,54.355],[13.714,54.378],[13.707,54.384],[13.702,54.388],[13.676,54.401],[13.667,54.402],[13.646,54.401],[13.631,54.401],[13.621,54.402],[13.617,54.404],[13.584,54.442],[13.578,54.454],[13.577,54.46],[13.576,54.462],[13.578,54.472],[13.581,54.478],[13.585,54.483],[13.591,54.486],[13.641,54.513],[13.647,54.516],[13.667,54.521],[13.67,54.522],[13.675,54.526],[13.678,54.532],[13.679,54.542],[13.678,54.563],[13.677,54.565]]]]},"properties":{"NAME":"Denmark","SUBJECTO":"Denmark","PARTOF":"Denmark","BORDERPRECISION":1,"LINK":null}},
{"type":"Feature","geometry":{"type":"Polygon","coordinates":[[[17.6576,54.6855],[16.9759,54.5493],[16.4732,54.415],[16.1147,54.1996],[15.8984,54.1284],[15.3117,54.071],[15.0797,54.0025],[14.8858,53.9796],[14.5802,53.929],[14.4674,53.9104],[14.4729,53.8768],[14.4825,53.8185],[14.5569,53.7599],[14.5653,53.6936],[14.4953,53.6248],[14.5371,53.5382],[14.4332,53.5942],[14.2802,53.6134],[14.1896,53.6248],[14.1769,53.6834],[14.0097,53.6732],[13.8502,53.7293],[13.7805,53.7752],[13.7643,53.8772],[13.7378,54.0303],[13.6676,54.0842],[13.431,54.0302],[13.3492,54.0635],[13.0638,54.1937],[13.0258,54.2652],[12.9431,54.347],[12.7648,54.2703],[12.6525,54.3214],[12.4625,54.2548],[12.3119,54.2019],[12.0411,54.0967],[11.565,54.0354],[11.4078,53.8593],[11.2025,53.8568],[11.1514,53.9384],[10.9604,53.8984],[10.8935,53.8844],[10.8837,53.8824],[10.8589,53.8772],[10.7709,53.9309],[10.7167,53.9639],[11.0159,54.0967],[11.0414,54.1527],[11.073,54.2196],[11.0386,54.3133],[10.6486,54.259],[10.446,54.292],[10.3402,54.3623],[10.2129,54.3719],[10.1417,54.3368],[9.8848,54.2541],[9.8267,54.2759],[9.7394,54.2759],[9.674,54.1887],[9.4487,54.1887],[9.4414,54.2468],[9.296,54.2468],[9.2597,54.305],[9.2161,54.2904],[9.1652,54.3195],[9.1361,54.2977],[9.0562,54.3486],[8.9617,54.2759],[8.884,54.2294],[8.8533,54.1682],[8.7788,54.1324],[8.8327,54.066],[8.9463,54.015],[8.819,53.969],[8.8571,53.867],[9.125,53.7905],[8.8485,53.7497],[8.5856,53.7931],[8.5395,53.8007],[8.5162,53.761],[8.4287,53.612],[8.5018,53.449],[8.3057,53.5254],[8.189,53.5305],[8.2608,53.4388],[8.2419,53.3523],[8.175,53.3217],[8.0291,53.3726],[8.0987,53.4439],[8.011,53.5657],[7.9685,53.6375],[7.875,53.6337],[7.8364,53.6321],[7.3324,53.6044],[7.1656,53.5917],[7.0373,53.5101],[6.9807,53.3167],[7.1897,53.2301],[7.1599,53.164],[7.0433,53.164],[7.0091,53.2454],[6.861,53.2658],[6.7507,53.3899],[6.2607,53.3217],[5.9663,53.335],[5.6473,53.2278],[5.3895,53.1386],[5.3321,53.0114],[5.3428,52.9963],[5.358,52.9377],[5.3257,52.7904],[5.5764,52.7599],[5.6534,52.7498],[5.5469,52.6787],[5.5557,52.5873],[5.6113,52.5315],[5.8171,52.5214],[5.7569,52.3337],[5.5744,52.283],[5.4732,52.1766],[4.9498,52.2779],[5.0357,52.3337],[5.0061,52.5569],[5.1082,52.5315],[5.2346,52.6229],[5.1733,52.7434],[5.0084,52.8562],[4.7188,52.8024],[4.641,52.7557],[4.3872,52.2304],[4.2644,52.0709],[3.8781,51.7917],[3.5203,51.5791],[3.7435,51.4605],[3.775,51.3877],[3.6813,51.3214],[3.472,51.3144],[3.2136,51.3536],[2.9953,51.3135],[2.5221,51.0911],[2.4426,51.048],[2.0303,51.0067],[1.8236,50.9346],[1.7962,50.9214],[1.8255,50.2427],[1.9866,50.2197],[1.9866,50.0816],[2.1477,50.0586],[2.4009,50.1967],[2.6771,50.1506],[2.9073,49.9435],[3.4827,49.9205],[3.8203,50.0394],[4.2552,49.8872],[5.3611,49.6968],[5.9093,49.2009],[5.9039,49.1958],[5.6116,49.2097],[5.723,48.9592],[5.876,49.0705],[6.0013,48.9035],[5.8343,48.7783],[6.0152,48.653],[5.9456,48.3469],[6.2379,48.2912],[6.2518,47.9572],[6.0987,48.0268],[6.0569,47.9572],[5.9595,47.985],[5.9595,47.8041],[5.8204,47.7346],[5.9178,47.5954],[5.7925,47.5119],[5.7786,47.3588],[5.7369,47.2336],[5.6673,47.1083],[5.7939,46.9972],[5.757,46.8867],[5.6464,46.8498],[5.6255,46.6491],[5.7397,46.5978],[5.7249,46.48],[5.6457,46.4567],[5.4156,46.5242],[5.2683,46.318],[5.5334,46.097],[5.5334,46.0086],[5.3567,46.0528],[5.3567,45.876],[5.6071,45.8466],[5.8234,45.3962],[5.9345,45.3221],[5.9469,45.2604],[6.0581,45.2233],[6.0334,45.3345],[6.0828,45.3715],[6.1445,45.3221],[6.2187,45.3468],[6.2681,45.3221],[6.2434,45.2974],[6.2804,45.1986],[6.5073,45.1157],[6.6653,44.9545],[6.9426,44.8687],[7.0035,44.7195],[6.9247,44.715],[6.7829,44.5479],[6.8698,44.3492],[6.7869,44.2968],[6.7869,44.198],[6.8363,44.1115],[6.8857,44.1486],[6.9351,44.1362],[6.9722,44.0621],[6.9969,44.0497],[6.9228,43.9756],[6.9598,43.9139],[6.8857,43.9015],[6.9228,43.815],[7.3552,43.9015],[7.3971,43.7641],[7.4675,43.8108],[7.5528,43.8675],[7.6891,43.887],[7.9795,43.9649],[8.0896,44.0508],[8.1864,44.1264],[8.6717,44.4174],[8.8966,44.4372],[9.157,44.3732],[9.6919,44.2196],[9.8255,44.1525],[9.9093,44.1105],[10.1367,43.9048],[10.1552,43.8811],[10.2614,43.7452],[10.2925,43.7054],[10.3379,43.5962],[10.4877,43.2359],[10.7428,42.8505],[11.1048,42.5491],[11.4974,42.3764],[11.9601,42.0074],[12.0199,42.0987],[12.0033,42.2481],[12.0697,42.298],[12.0531,42.5304],[12.1297,42.596],[12.1694,42.63],[12.1528,42.6965],[12.186,42.9123],[12.1694,42.9123],[12.1528,43.0617],[12.2192,43.2278],[12.3022,43.2776],[12.3022,43.344],[12.6972,43.9348],[12.5081,44.1315],[12.3451,44.301],[12.2807,44.5501],[12.2736,44.6726],[12.3778,44.7315],[12.476,44.7871],[12.5231,44.8828],[12.409,44.989],[12.3221,45.0424],[12.3125,45.1783],[12.1762,45.2143],[11.9707,45.4362],[12.1448,45.7628],[12.6455,45.9151],[13.0809,45.9804],[13.3677,45.6945],[13.4377,45.6384],[13.5646,45.7265],[13.6732,45.7145],[13.8,45.5664],[13.9951,45.458],[13.9516,45.3927],[13.7992,45.3056],[13.9081,44.9791],[14.1746,45.0104],[14.2386,45.0624],[14.3545,45.3229],[14.5267,45.783],[14.7985,45.8645],[14.88,45.484],[15.4236,45.4297],[15.4698,45.7341],[16.1222,45.5819],[16.2091,45.7341],[16.0787,45.8863],[16.2091,46.1472],[16.4483,46.1037],[16.5353,46.3647],[16.2961,46.4082],[16.5135,46.6256],[16.4483,46.7778],[16.4483,46.93],[16.557,47.0605],[16.557,47.1909],[16.644,47.2997],[16.557,47.4954],[16.6223,47.7346],[16.7962,47.8433],[17.4078,47.8215],[17.4621,48.0662],[17.2175,48.0662],[17.1903,48.4467],[17.3534,48.9631],[17.8698,48.8],[18.1145,48.8544],[18.1145,48.9903],[18.2232,48.9903],[18.2504,49.1805],[18.5222,49.5611],[18.712,49.5896],[18.4703,49.9392],[16.995,50.3906],[16.5766,50.2359],[16.3784,50.5588],[14.9691,50.9766],[15.1673,51.5279],[15.9565,52.1834],[15.7645,52.2655],[15.7602,52.5707],[15.816,52.5707],[15.8439,52.7103],[16.0531,52.7164],[16.2038,53.3433],[16.4155,53.5249],[16.2038,53.7064],[16.6576,53.8577],[16.8089,53.4643],[16.8089,53.8577],[16.6878,54.0392],[16.9904,54.1905],[17.1114,54.13],[17.7468,54.4325],[17.6576,54.6855]]]},"properties":{"NAME":"Holy Roman Empire","SUBJECTO":"Holy Roman Empire","PARTOF":"Holy Roman Empire","BORDERPRECISION":1,"LINK":null}},
{"type":"Feature","geometry":{"type":"MultiPolygon","coordinates":[[[[130.5541,30.97],[130.5793,30.9065],[130.744,30.8878],[130.9597,31.193],[131.0488,31.2758],[131.1231,31.3076],[131.2106,31.3523],[131.3193,31.5112],[131.3687,31.8034],[131.4069,32.0828],[131.4536,32.2479],[131.563,32.4322],[131.831,32.6931],[131.7953,32.8073],[131.5956,33.0037],[131.4136,33.1112],[131.6698,33.3085],[131.5688,33.4861],[131.286,33.3903],[131.0925,33.428],[130.9711,33.5039],[130.8595,33.6751],[130.6444,33.7],[130.4266,33.6742],[130.3177,33.547],[130.1762,33.3372],[129.8583,33.2604],[129.528,33.2978],[129.3434,33.1514],[129.4609,32.9866],[129.6303,32.8663],[129.7337,32.638],[129.8459,32.5874],[130.0346,32.81],[130.1075,32.9308],[130.2574,32.912],[130.4965,32.557],[130.4812,32.3475],[130.444,32.2839],[130.1349,32.023],[130.0589,31.9721],[130.2193,31.5597],[130.2051,31.4264],[130.0601,31.2166],[130.0863,31.1214],[130.2329,31.0265],[130.4044,31.23],[130.4744,31.4396],[130.5819,31.5287],[130.7325,31.4783],[130.6745,31.2115],[130.5541,30.97]]],[[[137.3096,37.4327],[136.8108,37.3107],[136.7219,37.2659],[136.6404,37.1703],[136.6685,36.6675],[136.5015,36.4635],[136.1873,36.202],[135.9779,35.9725],[135.9265,35.7625],[135.928,35.6035],[135.7271,35.4505],[135.4325,35.3608],[135.3577,35.3225],[135.188,35.443],[135.157,35.6465],[134.7558,35.5312],[134.2236,35.4538],[133.8041,35.4275],[133.2286,35.3118],[133.0062,35.2541],[132.9808,35.4449],[132.7887,35.3872],[132.6629,35.3806],[131.6723,34.502],[131.3341,34.2918],[131.1098,34.2405],[130.8923,34.2464],[130.8116,34.1193],[130.7793,33.9669],[130.899,33.9037],[131.3942,33.9364],[131.6549,33.9116],[131.995,33.8043],[131.9973,34.09],[132.1835,34.2872],[132.3867,34.2685],[132.4812,34.1291],[132.8477,34.2631],[133.5891,34.4424],[133.7043,34.4299],[133.8253,34.3857],[134.0217,34.4687],[134.2135,34.5706],[134.4273,34.6282],[134.7825,34.5527],[134.9357,34.5404],[135.2057,34.6171],[135.2868,34.5982],[135.317,34.4713],[135.2367,34.3505],[135.014,34.2041],[134.9692,34.1342],[135.057,33.7662],[135.0629,33.69],[135.1915,33.6014],[135.446,33.5067],[135.7557,33.3423],[135.991,33.7237],[136.1992,34.0034],[136.3938,34.1117],[136.7669,34.1696],[136.8986,34.2587],[136.7113,34.4043],[136.5237,34.4928],[136.5071,34.5182],[136.5866,34.677],[136.6169,34.7596],[136.7339,34.8741],[137.0418,34.7287],[137.2482,34.4816],[137.5317,34.5266],[137.7592,34.5525],[138.1491,34.5279],[138.2952,34.763],[138.4502,34.903],[138.589,34.9731],[138.6837,34.9923],[138.751,34.9226],[138.7498,34.6497],[138.7794,34.5799],[138.8638,34.5674],[139.0228,34.6883],[139.0529,35.0249],[139.2086,35.1651],[139.4226,35.1655],[139.6827,35.4458],[139.9137,35.5544],[140.0029,35.4974],[139.9205,35.2619],[139.7881,34.9628],[139.8301,34.836],[140.3166,35.0338],[140.3949,35.4091],[140.4699,35.4856],[140.5569,35.543],[140.8343,35.6771],[140.6448,35.8358],[140.5554,35.9691],[140.5466,36.2872],[140.6556,36.6183],[140.9639,36.9563],[140.9822,37.2682],[140.9232,37.6246],[140.8809,37.7392],[140.8722,37.9174],[140.9506,38.1214],[141.0245,38.2107],[141.0967,38.2618],[141.4287,38.3899],[141.4964,38.4219],[141.4671,38.5875],[141.5686,38.7852],[141.8878,39.13],[141.9985,39.4489],[141.9981,39.672],[141.6756,40.3162],[141.5662,40.4567],[141.4671,40.5141],[141.4412,40.7892],[141.4483,41.1797],[141.4369,41.2694],[141.2858,41.3715],[141.087,41.4416],[140.7745,41.2552],[140.9368,41.1147],[141.0766,41.1021],[141.1526,40.8654],[140.7933,40.7495],[140.657,40.7236],[140.5672,40.8258],[140.4728,40.9857],[140.3864,40.9855],[140.2391,40.838],[140.1597,40.729],[139.9152,40.575],[139.985,40.1146],[139.9103,39.9866],[139.8046,39.8907],[139.8621,39.7825],[140.0111,39.6935],[140.0301,39.4832],[139.9679,39.209],[139.8961,38.9985],[139.7414,38.7433],[139.7457,38.6796],[139.5039,38.4179],[139.4398,38.1884],[139.3539,38.0672],[139.1979,37.9204],[138.8562,37.7351],[138.699,37.4482],[138.492,37.3013],[138.3172,37.2055],[137.5718,36.8921],[137.464,36.8537],[137.2759,36.6942],[137.1762,36.6431],[137.0453,36.6683],[136.983,36.8336],[137.0138,37.0374],[137.1182,37.1458],[137.3349,37.2735],[137.3096,37.4327]]],[[[132.5676,32.6375],[132.6988,32.5489],[132.9007,32.6699],[132.9697,32.7653],[133.0439,32.9939],[133.1542,33.2164],[133.241,33.2991],[133.5165,33.3949],[133.7269,33.3762],[133.9175,33.2433],[133.9986,33.1483],[134.3877,33.5426],[134.5191,33.6508],[134.5648,33.8413],[134.6098,33.8986],[134.5404,34.0127],[134.1527,34.1135],[134.0102,34.1893],[133.8056,34.1762],[133.603,34.0362],[133.4629,33.8835],[133.2455,33.8006],[132.9687,33.7936],[132.7843,33.9075],[132.5794,33.6405],[132.4499,33.5196],[132.1211,33.3475],[132.3426,33.1068],[132.4219,32.9292],[132.4671,32.7579],[132.5676,32.6375]]]]},"properties":{"NAME":"Shogun Japan (Kamakura)","SUBJECTO":"Shogun Japan (Kamakura)","PARTOF":"Shogun Japan (Kamakura)","BORDERPRECISION":1,"LINK":null}},
{"type":"Feature","geometry":{"type":"Polygon","coordinates":[[[34.2934,65.3962],[34.6012,65.4839],[34.7256,65.615],[34.7262,65.797],[34.5437,66.0008],[34.2585,66.1098],[33.8442,66.1821],[33.4697,66.3131],[32.9709,66.5834],[32.7535,66.649],[32.4247,66.891],[32.3578,66.9203],[32.2194,66.9937],[32.6443,67.0461],[32.991,66.9878],[33.1577,66.9145],[33.4375,66.7017],[33.6513,66.6801],[34.153,66.6296],[35.1677,66.4115],[35.7717,66.2589],[36.5052,66.1725],[37.4224,66.0938],[38.0479,66.0074],[38.7821,66.0015],[39.19,66.0387],[39.9775,66.2009],[40.3451,66.3186],[40.8364,66.5614],[41.147,66.7823],[41.2553,66.937],[41.2088,67.0695],[41.0169,67.2019],[40.9508,67.3347],[40.9734,67.5344],[40.8261,67.66],[39.9181,67.9404],[39.3347,68.0359],[38.6685,68.1463],[38.4064,68.2427],[37.6886,68.6296],[37.2459,68.7935],[36.0183,69.0237],[35.4366,69.1504],[34.9341,69.1494],[34.6989,69.1641],[34.3051,69.1708],[33.818,69.1925],[33.6284,69.2147],[33.3156,69.0713],[33.2806,69.342],[33.0096,69.3867],[32.5963,69.4236],[32.3517,69.5137],[32.1906,69.6417],[32.076,69.8154],[32.0716,69.8835],[31.7822,69.777],[31.3313,69.6628],[31.0538,69.6396],[30.7354,69.7524],[30.3613,69.7668],[30.0558,69.7209],[29.7286,69.6976],[29.5559,69.8334],[29.08,69.9612],[28.8171,70.0979],[28.7301,70.1359],[29.7349,70.1149],[30.2519,70.1311],[30.7988,70.308],[30.7542,70.4304],[30.462,70.5373],[30.0414,70.5441],[29.7412,70.605],[28.9843,70.8574],[28.7948,70.8648],[28.3889,70.5718],[28.2897,70.3722],[27.8754,70.4251],[28.0189,70.6095],[27.9853,70.717],[28.1364,70.8327],[28.3084,70.9486],[28.2112,71.0179],[27.9475,71.0174],[27.516,70.9703],[27.1311,70.5771],[26.9344,70.4693],[26.6174,70.392],[26.6191,70.7991],[26.6065,70.9146],[26.2627,70.7907],[25.574,70.3671],[25.263,70.1065],[25.0741,70.1444],[25.1224,70.4352],[25.2307,70.5582],[25.8321,70.8978],[25.389,70.9046],[24.849,70.8266],[24.5705,70.7414],[24.3596,70.6103],[24.2077,70.4719],[23.9549,70.5021],[23.8273,70.4788],[23.5084,70.2791],[23.2925,70.0113],[23.2036,69.9428],[22.7456,70.1706],[22.3064,70.2156],[22.1633,70.0931],[21.9081,69.804],[21.6086,69.9625],[21.412,70.0154],[21.1027,69.8177],[20.7339,69.7792],[20.5527,69.5219],[20.1965,69.3177],[20.2782,69.5818],[20.3583,69.7104],[20.2864,69.7859],[20.1577,69.7478],[19.8212,69.3697],[18.9587,68.2937],[18.4002,67.2349],[18.534,66.4321],[17.3298,64.8264],[17.7312,64.5588],[17.2609,64.2061],[20.8733,64.0328],[21.0489,64.2192],[21.3858,64.3846],[21.237,64.5205],[21.0643,64.592],[20.9212,64.7138],[21.3294,64.8944],[21.4894,65.0172],[21.4237,65.1039],[21.2773,65.2123],[21.5223,65.3723],[21.8187,65.3801],[21.9575,65.4457],[22.2016,65.7153],[22.4898,65.8834],[22.6456,65.9348],[22.7982,65.8548],[23.204,65.6808],[23.4057,65.7248],[23.8441,65.7985],[23.9477,65.7967],[24.2148,65.7859],[24.5911,65.5828],[25.1036,65.5401],[25.2515,65.4169],[25.1861,65.2427],[25.1326,65.0759],[25.2934,65.0039],[25.3519,64.9391],[25.3251,64.8024],[24.9319,64.816],[24.4701,64.6355],[24.094,64.3766],[23.5803,64.0821],[23.1306,63.7834],[27.2316,63.3545],[30.604,64.938],[34.2934,65.3962]]]},"properties":{"NAME":"Sámi","SUBJECTO":"Sámi","PARTOF":"Sámi","BORDERPRECISION":1,"LINK":null}},
{"type":"Feature","geometry":{"type":"MultiPolygon","coordinates":[[[[-61.4681,15.6281],[-61.4747,15.6186],[-61.4825,15.5878],[-61.4914,15.5406],[-61.4764,15.4914],[-61.4747,15.4864],[-61.4625,15.4711],[-61.4506,15.4556],[-61.4228,15.4175],[-61.395,15.3594],[-61.3928,15.3547],[-61.3914,15.3497],[-61.3742,15.2744],[-61.3745,15.2683],[-61.3778,15.2481],[-61.3775,15.2364],[-61.3758,15.2075],[-61.3742,15.2025],[-61.3706,15.1992],[-61.3636,15.1981],[-61.2803,15.2375],[-61.27,15.2483],[-61.265,15.2581],[-61.2569,15.2789],[-61.2553,15.285],[-61.2544,15.2917],[-61.2508,15.3231],[-61.2506,15.3292],[-61.2533,15.4614],[-61.2672,15.5167],[-61.3042,15.5736],[-61.3178,15.5819],[-61.4272,15.6303],[-61.4336,15.6317],[-61.4522,15.6319],[-61.4681,15.6281]]],[[[-61.5964,12.1256],[-61.5997,12.1867],[-61.6047,12.2206],[-61.6064,12.2242],[-61.61,12.2278],[-61.6119,12.2311],[-61.6175,12.2328],[-61.6475,12.2375],[-61.6531,12.2378],[-61.6586,12.2367],[-61.6758,12.2278],[-61.6867,12.2181],[-61.7075,12.1969],[-61.7247,12.1722],[-61.7897,12.0092],[-61.7872,12.0047],[-61.7836,12.0014],[-61.7802,12],[-61.7525,11.9964],[-61.7469,11.9975],[-61.7175,12.0039],[-61.6833,12.0161],[-61.6514,12.0292],[-61.6425,12.0342],[-61.6317,12.0442],[-61.6286,12.0481],[-61.6111,12.0794],[-61.5964,12.1256]]],[[[-60.9408,14.7408],[-61.0344,14.8292],[-61.0397,14.8319],[-61.0947,14.8592],[-61.1,14.8614],[-61.1447,14.8778],[-61.1586,14.88],[-61.165,14.8803],[-61.1747,14.8769],[-61.1986,14.8589],[-61.2128,14.8467],[-61.2267,14.8322],[-61.2314,14.8156],[-61.2317,14.8094],[-61.1725,14.6931],[-61.0339,14.4658],[-61.0111,14.47],[-60.975,14.4714],[-60.8869,14.4656],[-60.8608,14.4028],[-60.855,14.4031],[-60.8394,14.4153],[-60.8292,14.4344],[-60.8269,14.4397],[-60.8206,14.4558],[-60.8167,14.4706],[-60.8172,14.4761],[-60.8297,14.57],[-60.8497,14.5947],[-60.9067,14.6525],[-60.9425,14.7278],[-60.9408,14.7408]]],[[[-61.0117,14.0097],[-61.035,13.9697],[-61.075,13.8969],[-61.0794,13.88],[-61.0797,13.8733],[-61.075,13.8081],[-61.0744,13.8019],[-61.0728,13.7969],[-61.0675,13.7886],[-61.0506,13.7706],[-61.0392,13.7614],[-61.0261,13.7525],[-61.0144,13.75],[-61.0014,13.7508],[-60.995,13.7497],[-60.9864,13.7444],[-60.9681,13.7281],[-60.9561,13.715],[-60.9547,13.7094],[-60.9514,13.71],[-60.9383,13.7178],[-60.9003,13.7783],[-60.89,13.8236],[-60.8861,13.8481],[-60.8853,13.8542],[-60.8781,13.9567],[-60.8786,13.9758],[-60.8881,14.0131],[-60.9145,14.0997],[-60.9158,14.1025],[-60.9197,14.1056],[-60.9303,14.1094],[-60.9364,14.1092],[-60.9458,14.1047],[-61.0117,14.0097]]],[[[-61.4542,12.5939],[-61.4522,12.5903],[-61.4486,12.5869],[-61.4439,12.5844],[-61.4169,12.5903],[-61.4053,12.5992],[-61.4031,12.6039],[-61.407,12.6069],[-61.4125,12.6086],[-61.4258,12.6125],[-61.4378,12.6125],[-61.4433,12.6111],[-61.4464,12.6072],[-61.4542,12.5939]]],[[[-61.5856,12.2944],[-61.58,12.2956],[-61.5742,12.3036],[-61.5725,12.3089],[-61.5722,12.3158],[-61.5739,12.3208],[-61.5789,12.3231],[-61.5833,12.3192],[-61.5856,12.3144],[-61.5889,12.3036],[-61.5892,12.2981],[-61.5856,12.2944]]],[[[-61.4194,12.5075],[-61.4206,12.5128],[-61.4256,12.5269],[-61.4275,12.5289],[-61.4344,12.5292],[-61.4908,12.4789],[-61.4939,12.475],[-61.4956,12.4694],[-61.4969,12.4436],[-61.4956,12.4381],[-61.4917,12.435],[-61.4283,12.4536],[-61.4253,12.4575],[-61.4186,12.495],[-61.4194,12.5075]]],[[[-61.3058,12.7258],[-61.3106,12.735],[-61.3236,12.7375],[-61.3267,12.7364],[-61.3297,12.7325],[-61.3478,12.7017],[-61.3478,12.6989],[-61.3364,12.6894],[-61.3325,12.6867],[-61.3281,12.6878],[-61.3208,12.6942],[-61.3147,12.7022],[-61.3058,12.7142],[-61.305,12.7203],[-61.3058,12.7258]]],[[[-61.2136,13.0022],[-61.1972,13.0336],[-61.1997,13.0447],[-61.2061,13.0428],[-61.2281,13.0233],[-61.2522,12.9886],[-61.2475,12.9808],[-61.2394,12.975],[-61.2167,12.9981],[-61.2136,13.0022]]],[[[-61.2656,13.2731],[-61.2781,13.2503],[-61.2814,13.2078],[-61.2789,13.2036],[-61.2631,13.1783],[-61.2436,13.1561],[-61.1844,13.1303],[-61.1731,13.1325],[-61.1681,13.1344],[-61.165,13.1383],[-61.1481,13.1678],[-61.13,13.2203],[-61.1242,13.2428],[-61.1233,13.2489],[-61.1203,13.3075],[-61.1222,13.3256],[-61.1236,13.3311],[-61.1411,13.3742],[-61.1439,13.3783],[-61.1772,13.3842],[-61.1825,13.3822],[-61.2053,13.3708],[-61.2089,13.3678],[-61.2656,13.2731]]]]},"properties":{"NAME":"Arawaks","SUBJECTO":"Arawaks","PARTOF":"Arawaks","BORDERPRECISION":1,"LINK":null}},
{"type":"Feature","geometry":{"type":"MultiPolygon","coordinates":[[[[-68.0479,65.8335],[-73.4787,66.4568],[-73.6701,66.3765],[-73.9943,66.2659],[-74.2581,66.2361],[-74.3333,66.1626],[-74.2799,66.0602],[-73.932,65.9],[-73.4199,65.5289],[-73.4942,65.405],[-73.8474,65.4189],[-74.0791,65.4476],[-74.3713,65.3961],[-74.6648,65.3228],[-75.1043,65.2784],[-75.3676,65.2634],[-75.4023,65.1761],[-75.333,65.0892],[-75.3559,64.9155],[-75.789,65.1972],[-76.0215,65.2621],[-76.6551,65.3409],[-77.2659,65.3906],[-77.3584,65.3759],[-77.3007,65.1435],[-77.387,65.0636],[-77.8666,64.9902],[-78.0386,64.8312],[-78.1267,64.651],[-78.1034,64.5072],[-77.7375,64.3929],[-77.133,64.3079],[-76.5261,64.2301],[-75.9355,64.2671],[-75.7371,64.3967],[-75.591,64.5335],[-75.4518,64.5481],[-74.6851,64.3986],[-74.5011,64.3918],[-74.4312,64.435],[-74.5591,64.7801],[-74.2555,64.7662],[-73.6656,64.6018],[-73.1636,64.574],[-73.148,64.3441],[-72.73,64.015],[-72.3879,63.8582],[-71.8786,63.8019],[-71.2581,63.5673],[-71.5355,63.3599],[-71.6913,63.3311],[-71.6217,63.2101],[-71.3189,63.0613],[-70.7794,62.9556],[-70.6739,62.8622],[-70.6481,62.9274],[-70.3622,62.8641],[-70.0752,62.7723],[-69.5595,62.7094],[-69.1553,62.4196],[-68.6636,62.3073],[-68.014,62.259],[-67.4508,62.1329],[-66.765,61.9436],[-65.9403,61.79],[-66.1332,62.1],[-66.3323,62.3188],[-66.6807,62.5659],[-67.2638,62.8557],[-68.0926,63.1456],[-68.4765,63.3371],[-68.836,63.6504],[-68.8786,63.7503],[-68.486,63.7368],[-68.2308,63.6658],[-67.6816,63.4527],[-67.7657,63.8025],[-67.2879,63.5034],[-67.1442,63.3753],[-66.496,63.0774],[-66.0868,62.9929],[-65.7631,63.0219],[-65.698,63.0078],[-65.298,62.6961],[-65.021,62.5549],[-64.7678,62.4774],[-64.9379,62.711],[-65.1325,62.8952],[-65.1561,62.9875],[-64.7393,62.9315],[-64.735,63.0665],[-65.2095,63.6429],[-65.2628,63.7643],[-65.2507,63.8716],[-65.0015,63.7647],[-64.4154,63.245],[-64.3649,63.4375],[-64.4739,63.7443],[-64.6198,63.8513],[-65.053,64.0509],[-65.3086,64.1794],[-65.4232,64.2652],[-65.3271,64.3587],[-65.0418,64.4095],[-65.6628,64.588],[-65.9261,64.7098],[-66.1925,64.8894],[-66.321,64.9108],[-66.5977,64.7662],[-66.8287,64.9603],[-67.1042,65.3224],[-67.3294,65.584],[-67.5935,65.6199],[-67.8652,65.6267],[-68.0479,65.8335]]],[[[-78.4326,58.7577],[-78.4688,58.7095],[-78.3368,58.5515],[-78.2687,58.531],[-78.0648,58.4076],[-77.9016,58.3529],[-77.6597,58.2365],[-77.4044,58.1136],[-77.1942,57.9905],[-76.7724,57.6625],[-76.665,57.519],[-76.5545,57.2801],[-76.4386,56.8097],[-76.4623,56.5775],[-62.5097,57.9717],[-62.5767,58.0389],[-62.7411,58.3886],[-62.999,58.3744],[-63.042,58.5255],[-62.887,58.6564],[-63.0057,58.8145],[-63.4758,59.1583],[-63.7441,59.517],[-64.0974,59.7446],[-64.3706,60.0144],[-64.6706,60.1809],[-64.9007,59.8816],[-64.9879,59.8191],[-65.429,59.7767],[-65.5517,59.7142],[-65.5554,59.5758],[-65.2626,59.3482],[-65.5051,59.1752],[-65.7187,59.0575],[-65.8614,58.7953],[-65.9102,58.4513],[-65.9291,58.4238],[-66.241,58.7464],[-66.3281,58.8014],[-66.4746,58.808],[-66.6246,58.5599],[-66.8209,58.3877],[-67.107,58.3047],[-67.6347,58.2694],[-67.7724,58.2485],[-68.0046,58.1657],[-68.1294,58.3097],[-68.0927,58.3647],[-68.0947,58.4815],[-68.2648,58.6394],[-68.5694,58.7833],[-68.6982,58.79],[-69.0496,58.7686],[-69.2142,58.7477],[-69.7258,58.5609],[-69.8942,58.6845],[-69.8324,58.9877],[-69.6765,58.981],[-69.476,58.9745],[-69.3647,59.0506],[-69.3426,59.2093],[-69.4461,59.3956],[-69.5073,59.7205],[-69.7043,60.3178],[-69.649,60.5202],[-69.3895,60.6745],[-69.3838,60.8564],[-69.5363,60.9892],[-69.7021,60.8978],[-70.0283,60.8832],[-70.9092,61.0426],[-71.6734,61.2657],[-71.8562,61.3707],[-71.7239,61.5467],[-72.0819,61.7432],[-72.495,61.9116],[-72.8343,62.1157],[-72.9486,62.172],[-73.3946,62.355],[-73.6597,62.3899],[-73.7402,62.3614],[-73.835,62.34],[-74.2219,62.2403],[-74.7078,62.1758],[-75.3559,62.1816],[-75.6946,62.2163],[-76.1882,62.3214],[-76.9896,62.4898],[-77.3616,62.5175],[-77.6182,62.432],[-77.8676,62.29],[-78.0049,62.0989],[-77.9854,61.8589],[-77.8754,61.7393],[-77.6014,61.6201],[-77.4591,61.5289],[-77.4622,61.4726],[-77.6884,61.1561],[-78.1765,60.7418],[-77.3885,60.6943],[-77.391,60.5755],[-77.5072,60.4146],[-77.4854,60.3239],[-77.3434,60.143],[-77.2624,59.983],[-77.2148,59.7475],[-77.3477,59.6227],[-77.5487,59.6154],[-77.6615,59.5736],[-77.7932,59.3867],[-78.042,58.9928],[-78.4326,58.7577]]]]},"properties":{"NAME":"Dorset","SUBJECTO":"Dorset","PARTOF":"Dorset","BORDERPRECISION":1,"LINK":null}},
{"type":"Feature","geometry":{"type":"Polygon","coordinates":[[[-61.8537,56.2323],[-62.8062,54.6814],[-62.5939,54.57],[-62.4855,54.5131],[-64.3569,50.3063],[-64.3259,50.3047],[-63.8501,50.299],[-63.3674,50.3329],[-63.2074,50.3464],[-62.2936,50.3086],[-61.6402,50.2769],[-60.8098,50.334],[-60.1378,50.4117],[-59.7155,50.5115],[-59.44,50.644],[-59.1316,50.8361],[-58.7193,51.1938],[-58.5243,51.3795],[-57.8279,51.4139],[-57.4576,51.4676],[-56.9641,51.4884],[-56.6662,51.6149],[-56.1813,51.8943],[-55.8236,52.021],[-55.659,52.1873],[-56.1097,52.6052],[-55.927,52.8053],[-55.9043,52.9652],[-55.7697,53.1587],[-55.7798,53.2387],[-55.8813,53.3519],[-56.3545,53.5713],[-56.6493,53.6576],[-56.8538,53.5837],[-57.1308,53.483],[-57.2689,53.6163],[-57.2852,53.6698],[-57.1058,53.8706],[-57.263,54.0242],[-57.5611,54.1307],[-58.0769,54.0829],[-58.6401,53.8677],[-59.1808,53.5191],[-59.4729,53.4719],[-59.717,53.4313],[-60.246,53.2768],[-60.1242,53.5173],[-60.1372,53.6843],[-59.9915,53.8049],[-59.863,53.8386],[-59.3987,53.8662],[-59.1062,53.9671],[-58.8436,54.1483],[-58.4681,54.2562],[-58.1699,54.2769],[-57.8386,54.3713],[-57.5154,54.4658],[-57.4329,54.5799],[-58.1155,54.7128],[-58.5572,54.7723],[-59.0798,54.993],[-59.3382,55.0802],[-59.6938,55.1537],[-60.0472,55.1192],[-60.3457,55.0445],[-60.5745,55.071],[-60.3733,55.4225],[-60.3576,55.5104],[-60.4683,55.659],[-60.8728,55.8545],[-61.2499,56.0775],[-61.4578,56.1585],[-61.743,56.1715],[-61.8537,56.2323]]]},"properties":{"NAME":"Innu","SUBJECTO":"Innu","PARTOF":"Innu","BORDERPRECISION":1,"LINK":null}},
{"type":"Feature","geometry":{"type":"Polygon","coordinates":[[[-77.8999,-3.1125],[-77.2535,-2.7591],[-77.2535,-2.0979],[-77.8537,-1.6672],[-78.5616,-2.1287],[-78.3923,-2.9128],[-77.8999,-3.1125]]]},"properties":{"NAME":"Shuar","SUBJECTO":"Shuar","PARTOF":"Shuar","BORDERPRECISION":1,"LINK":null}},
{"type":"Feature","geometry":{"type":"Polygon","coordinates":[[[-81.3628,23.1209],[-81.4311,23.1367],[-81.6857,23.117],[-82.0568,23.1353],[-82.4356,23.0646],[-82.9593,23.0254],[-83.6904,22.814],[-84.2564,22.5395],[-84.308,22.4949],[-84.4347,22.323],[-84.3772,22.0561],[-84.5899,21.9158],[-84.7064,21.7696],[-84.3525,21.8083],[-84.2086,21.8276],[-84.0305,21.9551],[-83.9453,22.1587],[-83.8506,22.2098],[-83.5567,22.2104],[-83.3897,22.2235],[-82.8527,22.6378],[-82.5624,22.7084],[-82.3387,22.6898],[-82.0456,22.6967],[-81.8798,22.6717],[-81.7394,22.6211],[-81.6626,22.5068],[-82.0406,22.3853],[-82.1772,22.3659],[-81.7923,22.2078],[-81.5723,22.1638],[-81.3513,22.1507],[-81.3628,23.1209]]]},"properties":{"NAME":"Guanahatabeyes","SUBJECTO":"Guanahatabeyes","PARTOF":"Guanahatabeyes","BORDERPRECISION":1,"LINK":null}},
{"type":"Feature","geometry":{"type":"MultiPolygon","coordinates":[[[[-81.3513,22.1507],[-81.0532,22.1331],[-80.7765,22.1019],[-80.4442,21.9945],[-80.014,21.773],[-79.7345,21.6719],[-79.3581,21.6091],[-78.9059,21.6291],[-78.7279,21.6168],[-78.6296,21.5471],[-78.5136,21.3058],[-78.4504,20.969],[-78.1574,20.8171],[-77.8863,20.7668],[-77.5712,20.7675],[-77.2912,20.7045],[-77.2099,20.6475],[-77.0987,20.5333],[-77.1766,20.3551],[-77.5041,20.0748],[-77.663,19.9028],[-77.4608,19.8714],[-77.2432,19.8846],[-76.8187,19.9364],[-76.3985,20.0199],[-75.9934,20.0017],[-75.5191,19.9074],[-75.2372,19.9334],[-74.7196,20.1125],[-74.2782,20.1515],[-74.1734,20.1899],[-74.3448,20.323],[-74.6108,20.4496],[-74.8391,20.6207],[-75.0619,20.6965],[-75.4019,20.664],[-75.6537,20.6825],[-75.7585,20.7522],[-75.6039,21.0132],[-75.7509,21.1209],[-76.2089,21.1962],[-76.9758,21.4298],[-77.1913,21.4484],[-77.3398,21.5117],[-77.5078,21.7592],[-77.7118,21.8986],[-78.1706,22.1201],[-78.7233,22.2779],[-79.069,22.328],[-79.3304,22.4037],[-79.5022,22.5178],[-79.76,22.7588],[-79.9846,22.8791],[-80.199,22.885],[-80.4497,22.9353],[-80.7212,23.0237],[-81.1026,23.0611],[-81.3628,23.1209],[-81.3513,22.1507]]],[[[-62.9858,17.5197],[-62.9911,17.5219],[-62.9967,17.5206],[-62.9981,17.5144],[-62.9975,17.4942],[-62.9953,17.4897],[-62.9794,17.4647],[-62.9767,17.4608],[-62.9719,17.4581],[-62.9611,17.4608],[-62.9519,17.465],[-62.9478,17.4678],[-62.9403,17.4744],[-62.9364,17.4858],[-62.9386,17.4903],[-62.9425,17.4936],[-62.9858,17.5197]]],[[[-61.8872,17.1053],[-61.8911,17.0942],[-61.8872,17.0331],[-61.8858,17.0281],[-61.8836,17.0236],[-61.8806,17.0197],[-61.8761,17.0169],[-61.8292,16.9969],[-61.7381,16.9897],[-61.6867,17.0244],[-61.6825,17.0275],[-61.6675,17.0406],[-61.6664,17.0458],[-61.6689,17.085],[-61.6703,17.0903],[-61.6742,17.0936],[-61.7442,17.1372],[-61.7842,17.1583],[-61.7944,17.1633],[-61.8264,17.1672],[-61.8328,17.1639],[-61.8842,17.1097],[-61.8872,17.1053]]],[[[-61.8475,17.5808],[-61.8428,17.5828],[-61.8394,17.5867],[-61.8347,17.5886],[-61.8156,17.5839],[-61.7519,17.5494],[-61.7389,17.5406],[-61.7328,17.5411],[-61.7311,17.5472],[-61.7292,17.6086],[-61.7317,17.625],[-61.7381,17.6447],[-61.7403,17.6492],[-61.7433,17.6531],[-61.7836,17.6972],[-61.7872,17.7006],[-61.8392,17.7247],[-61.8456,17.725],[-61.8503,17.7228],[-61.8731,17.7039],[-61.8753,17.6986],[-61.8739,17.6889],[-61.8567,17.5925],[-61.8531,17.5831],[-61.8475,17.5808]]],[[[-69.8975,19.5062],[-69.9934,19.6839],[-70.2892,19.6515],[-70.7389,19.7904],[-70.8187,19.8411],[-70.8816,19.9299],[-71.0474,19.9105],[-71.2203,19.8339],[-71.3739,19.8335],[-71.5506,19.8967],[-71.7771,19.771],[-71.8433,19.7308],[-72.1027,19.7557],[-72.5888,19.8882],[-72.9404,19.9446],[-73.2662,19.9185],[-73.4212,19.8737],[-73.4745,19.8354],[-73.4926,19.7528],[-73.3554,19.6577],[-72.9446,19.595],[-72.7672,19.5255],[-72.6765,19.3922],[-72.7594,19.0742],[-72.6984,18.9408],[-72.3869,18.7317],[-72.2978,18.662],[-72.4715,18.5917],[-72.7459,18.5085],[-73.0403,18.5269],[-73.5463,18.6021],[-73.8302,18.6524],[-74.3032,18.6959],[-74.424,18.613],[-74.4418,18.524],[-74.3648,18.3779],[-73.9178,18.131],[-73.857,18.112],[-73.6871,18.2713],[-73.4738,18.3163],[-73.2152,18.2914],[-72.9155,18.2285],[-72.5207,18.223],[-72.1783,18.2873],[-71.9782,18.2622],[-71.677,18.0025],[-71.5307,17.7547],[-71.4008,17.7041],[-71.2165,17.9969],[-71.0615,18.3468],[-70.7654,18.4937],[-70.6955,18.5192],[-70.621,18.5067],[-70.4774,18.2845],[-70.2992,18.2595],[-69.956,18.5017],[-69.808,18.5465],[-69.6401,18.5469],[-69.5107,18.5027],[-69.156,18.5289],[-68.9859,18.5102],[-68.772,18.2437],[-68.6647,18.1994],[-68.5234,18.365],[-68.4588,18.4986],[-68.3729,18.575],[-68.4771,18.7147],[-68.6568,18.8732],[-69.0688,19.0757],[-69.3582,19.1704],[-69.5091,19.2082],[-69.7466,19.3539],[-69.8975,19.5062]]],[[[-65.9515,18.4722],[-66.6288,18.5216],[-66.8106,18.5148],[-67.0552,18.5461],[-67.161,18.5141],[-67.2106,18.4377],[-67.1617,18.3297],[-67.1846,18.0818],[-67.152,17.9865],[-66.9056,17.9362],[-66.7464,18.0128],[-66.4509,18.0452],[-66.1184,18.0078],[-65.9674,18.0272],[-65.84,18.1292],[-65.8085,18.1737],[-65.7241,18.3328],[-65.775,18.3963],[-65.9515,18.4722]]],[[[-77.7695,18.5105],[-78.0864,18.478],[-78.3249,18.3504],[-78.2611,18.2552],[-78.0518,18.2175],[-77.8405,18.0527],[-77.7373,17.9321],[-77.4253,17.8311],[-77.2908,17.806],[-77.1523,17.8635],[-77.0503,17.9781],[-76.8055,18.0041],[-76.4677,17.8713],[-76.3186,17.9034],[-76.3007,17.9924],[-76.4264,18.1193],[-76.7192,18.2394],[-77.1559,18.3974],[-77.7695,18.5105]]],[[[-62.2072,16.8111],[-62.2358,16.7306],[-62.2372,16.7175],[-62.2367,16.7119],[-62.2297,16.7047],[-62.2125,16.6869],[-62.2086,16.6836],[-62.19,16.6725],[-62.1714,16.6714],[-62.1656,16.6717],[-62.1556,16.6753],[-62.1514,16.6781],[-62.1403,16.6883],[-62.1375,16.6928],[-62.1464,16.7467],[-62.1481,16.7517],[-62.1764,16.8086],[-62.2019,16.8136],[-62.2072,16.8111]]],[[[-62.9789,18.2767],[-63.0225,18.2689],[-63.0486,18.2614],[-63.0533,18.2592],[-63.0575,18.2564],[-63.1414,18.1942],[-63.1553,18.1794],[-63.1586,18.1758],[-63.1678,18.1644],[-63.1567,18.165],[-63.1508,18.1656],[-63.14,18.1683],[-63.0742,18.1928],[-63.0308,18.2103],[-63.0211,18.2144],[-62.9931,18.2272],[-62.9867,18.2356],[-62.9695,18.2664],[-62.97,18.2722],[-62.9725,18.2767],[-62.9789,18.2767]]],[[[-62.6261,17.1267],[-62.6253,17.1208],[-62.6219,17.1114],[-62.6172,17.1025],[-62.6106,17.0953],[-62.5914,17.0919],[-62.585,17.0917],[-62.5528,17.0942],[-62.5478,17.0961],[-62.5444,17.0997],[-62.5386,17.1086],[-62.5353,17.1208],[-62.5342,17.1336],[-62.5353,17.145],[-62.5414,17.1769],[-62.5425,17.1822],[-62.5447,17.1867],[-62.5486,17.19],[-62.5761,17.1994],[-62.5828,17.1997],[-62.5997,17.1972],[-62.61,17.1911],[-62.6203,17.1633],[-62.6236,17.1511],[-62.6256,17.1392],[-62.6261,17.1267]]],[[[-62.6711,17.2572],[-62.6622,17.2392],[-62.6539,17.2089],[-62.6253,17.2208],[-62.6217,17.2244],[-62.6206,17.2314],[-62.6225,17.2419],[-62.7017,17.3369],[-62.73,17.3653],[-62.7347,17.3681],[-62.8128,17.4094],[-62.8175,17.4108],[-62.8386,17.4019],[-62.8494,17.3931],[-62.8564,17.3858],[-62.8639,17.3708],[-62.8617,17.3664],[-62.8392,17.3278],[-62.8353,17.3244],[-62.7933,17.3],[-62.7783,17.2922],[-62.7594,17.2875],[-62.7381,17.2847],[-62.725,17.2842],[-62.7139,17.2861],[-62.7075,17.2858],[-62.6925,17.2783],[-62.6772,17.265],[-62.6711,17.2572]]],[[[-64.722,17.7581],[-64.7297,17.7644],[-64.7358,17.7722],[-64.7414,17.7742],[-64.7533,17.7731],[-64.7586,17.7717],[-64.7619,17.7742],[-64.7664,17.7831],[-64.7695,17.7869],[-64.7733,17.79],[-64.787,17.7925],[-64.797,17.7889],[-64.8114,17.7747],[-64.8156,17.7719],[-64.8186,17.7681],[-64.8269,17.7622],[-64.832,17.7608],[-64.8381,17.7603],[-64.8445,17.7617],[-64.862,17.7708],[-64.8645,17.7744],[-64.8708,17.7747],[-64.8797,17.7697],[-64.8825,17.765],[-64.8864,17.7622],[-64.89,17.7583],[-64.8917,17.7525],[-64.8908,17.7467],[-64.8831,17.7339],[-64.88,17.7239],[-64.882,17.7103],[-64.8889,17.6869],[-64.892,17.6825],[-64.8958,17.6794],[-64.8961,17.6767],[-64.8775,17.6856],[-64.8722,17.6869],[-64.8681,17.6897],[-64.8625,17.6892],[-64.8586,17.6858],[-64.8522,17.6844],[-64.8431,17.6889],[-64.8336,17.6833],[-64.8283,17.6833],[-64.8231,17.6847],[-64.8156,17.6917],[-64.8045,17.6936],[-64.7886,17.6978],[-64.7769,17.6992],[-64.7631,17.6981],[-64.7578,17.6994],[-64.7444,17.7067],[-64.7389,17.7081],[-64.7264,17.7053],[-64.7142,17.7042],[-64.692,17.7083],[-64.6683,17.7108],[-64.6442,17.7217],[-64.6281,17.7258],[-64.6189,17.7303],[-64.6108,17.7361],[-64.6006,17.7472],[-64.5958,17.7494],[-64.5906,17.7494],[-64.5781,17.7464],[-64.5642,17.7453],[-64.5603,17.7483],[-64.5608,17.7539],[-64.565,17.7572],[-64.5703,17.7594],[-64.5767,17.7608],[-64.5903,17.7619],[-64.61,17.7622],[-64.6381,17.7653],[-64.6578,17.7692],[-64.6631,17.7678],[-64.6745,17.7581],[-64.6839,17.7539],[-64.6872,17.75],[-64.6897,17.7447],[-64.6967,17.7456],[-64.7092,17.755],[-64.722,17.7581]]],[[[-64.79,18.3369],[-64.7903,18.3308],[-64.7881,18.3264],[-64.7747,18.3178],[-64.7692,18.3158],[-64.7045,18.3075],[-64.6653,18.3322],[-64.6611,18.3353],[-64.6583,18.3397],[-64.6645,18.3475],[-64.6683,18.3508],[-64.7086,18.3706],[-64.7319,18.3719],[-64.7392,18.3708],[-64.7442,18.3686],[-64.782,18.3431],[-64.79,18.3369]]],[[[-65.0119,18.3492],[-64.9794,18.3469],[-64.9286,18.3386],[-64.9231,18.3364],[-64.8864,18.3167],[-64.8781,18.3106],[-64.8417,18.3125],[-64.8358,18.3131],[-64.8331,18.3175],[-64.832,18.3244],[-64.8345,18.3289],[-64.847,18.3386],[-64.9039,18.3647],[-64.95,18.3753],[-64.9767,18.3778],[-65.0242,18.3672],[-65.0269,18.3628],[-65.0261,18.3569],[-65.0183,18.3506],[-65.0119,18.3492]]],[[[-61.31,15.8828],[-61.3056,15.88],[-61.2831,15.8719],[-61.2758,15.8708],[-61.2567,15.87],[-61.2456,15.8717],[-61.2308,15.8772],[-61.2228,15.8828],[-61.1944,15.9028],[-61.1875,15.91],[-61.1864,15.9156],[-61.187,15.9211],[-61.1961,15.9447],[-61.2022,15.9525],[-61.2381,15.9933],[-61.2614,16.0128],[-61.2669,16.015],[-61.2753,16.0092],[-61.3092,15.9728],[-61.3297,15.9344],[-61.3294,15.9286],[-61.3169,15.89],[-61.31,15.8828]]],[[[-61.0822,16.3083],[-61.0858,16.3047],[-61.0878,16.3008],[-61.0867,16.2958],[-61.0817,16.2956],[-61.0372,16.3111],[-60.9989,16.3353],[-60.9908,16.3408],[-60.9886,16.3461],[-61.0019,16.3489],[-61.0153,16.3503],[-61.0208,16.3489],[-61.0253,16.3467],[-61.0472,16.3342],[-61.0594,16.3256],[-61.0822,16.3083]]],[[[-61.2686,16.3189],[-61.2792,16.3233],[-61.2917,16.3267],[-61.3336,16.3336],[-61.3394,16.3331],[-61.3461,16.3342],[-61.3578,16.3381],[-61.3664,16.3442],[-61.3733,16.3514],[-61.3947,16.3789],[-61.3989,16.3878],[-61.4003,16.3928],[-61.3994,16.3997],[-61.3914,16.4219],[-61.3931,16.4328],[-61.4025,16.4681],[-61.4047,16.4728],[-61.4078,16.4767],[-61.4361,16.4989],[-61.4567,16.5131],[-61.4603,16.5142],[-61.4661,16.5136],[-61.4703,16.5108],[-61.5069,16.485],[-61.5261,16.4608],[-61.5317,16.4519],[-61.5333,16.4392],[-61.5328,16.4333],[-61.5294,16.4178],[-61.5225,16.3931],[-61.4989,16.3486],[-61.5419,16.2902],[-61.5567,16.2849],[-61.5579,16.2844],[-61.5815,16.2751],[-61.6067,16.2753],[-61.6103,16.2786],[-61.6097,16.2839],[-61.6558,16.3247],[-61.7267,16.3603],[-61.7308,16.3622],[-61.7425,16.3611],[-61.7478,16.3597],[-61.7597,16.3511],[-61.7836,16.3331],[-61.7936,16.3069],[-61.7961,16.2642],[-61.7939,16.2419],[-61.7614,16.0567],[-61.7569,16.0478],[-61.7369,16.0158],[-61.695,15.9492],[-61.6906,15.9464],[-61.685,15.9478],[-61.6483,15.9653],[-61.6069,15.9897],[-61.5728,16.0183],[-61.5625,16.0294],[-61.5594,16.0339],[-61.5528,16.0544],[-61.5556,16.0761],[-61.5675,16.1425],[-61.5753,16.1608],[-61.5767,16.1661],[-61.5808,16.1931],[-61.5814,16.1986],[-61.5811,16.2047],[-61.5689,16.2243],[-61.5671,16.2269],[-61.5639,16.2281],[-61.5472,16.2295],[-61.5333,16.2317],[-61.5211,16.2222],[-61.5092,16.2128],[-61.4983,16.2083],[-61.4742,16.2014],[-61.4669,16.2003],[-61.4547,16.2006],[-61.2258,16.2531],[-61.2056,16.2672],[-61.26,16.3128],[-61.2686,16.3189]]],[[[-62.8725,17.9175],[-62.87,17.9131],[-62.845,17.8825],[-62.8411,17.8792],[-62.8356,17.8783],[-62.8114,17.8883],[-62.7908,17.9028],[-62.7895,17.9075],[-62.7908,17.9125],[-62.8117,17.9181],[-62.8633,17.9303],[-62.8692,17.9297],[-62.8731,17.9233],[-62.8725,17.9175]]],[[[-63.1467,18.0719],[-63.1461,18.0664],[-63.1439,18.0619],[-63.1398,18.0586],[-63.1161,18.0428],[-63.0792,18.0267],[-63.0728,18.025],[-63.0333,18.0156],[-63.0283,18.0156],[-63.0194,18.0206],[-63.0167,18.025],[-63.0122,18.0356],[-63.0103,18.0478],[-63.0115,18.0673],[-63.0067,18.0806],[-63.0064,18.0869],[-63.0161,18.1139],[-63.0192,18.1178],[-63.0392,18.1219],[-63.045,18.1214],[-63.1422,18.0742],[-63.1467,18.0719]]]]},"properties":{"NAME":"Taino","SUBJECTO":"Taino","PARTOF":"Taino","BORDERPRECISION":1,"LINK":null}},
{"type":"Feature","geometry":{"type":"Polygon","coordinates":[[[-140.0518,62.4951],[-144.6801,63.1922],[-150.1289,63.324],[-160.9395,63.9849],[-160.89,63.8568],[-160.9739,63.6418],[-161.133,63.5628],[-161.5626,63.5406],[-161.9108,63.5256],[-162.4745,63.4102],[-162.7781,63.2169],[-162.9701,63.1025],[-163.3086,63.0377],[-163.527,63.0801],[-163.968,63.2004],[-164.2918,63.2498],[-164.467,63.171],[-164.7045,62.9568],[-164.8779,62.8212],[-165.0296,62.6504],[-165.4312,62.4295],[-165.5335,62.2734],[-165.5792,62.1388],[-165.8021,62.0393],[-165.8341,61.8343],[-166.1895,61.7489],[-165.9092,61.3055],[-165.8981,61.2703],[-165.512,61.257],[-165.4233,61.2642],[-165.1432,61.1804],[-164.5393,60.9497],[-164.3017,60.9432],[-164.0581,61.0419],[-163.8949,61.0422],[-163.6888,60.9233],[-163.52,60.7063],[-163.627,60.601],[-163.9378,60.6145],[-164.5281,60.7534],[-164.8447,60.8159],[-164.9963,60.6194],[-165.128,60.5422],[-165.0476,60.4165],[-164.5942,60.2078],[-164.3847,60.0617],[-164.2076,59.902],[-164.0274,59.7982],[-163.5364,59.8408],[-163.3538,59.9314],[-163.0218,59.9667],[-162.3781,60.1631],[-161.9891,59.7119],[-161.9252,59.518],[-162.0601,59.2893],[-162.0039,58.8266],[-161.9673,58.7784],[-161.9382,58.7233],[-161.646,58.6825],[-161.1171,58.7455],[-160.8276,58.8978],[-160.8401,58.9599],[-160.4305,59.0022],[-160.0652,58.9545],[-159.8136,58.9412],[-159.5844,58.8105],[-159.3655,58.6317],[-159.1101,58.4875],[-158.9327,58.4328],[-158.8565,58.4536],[-158.8655,58.612],[-158.9731,58.7703],[-158.9119,58.8739],[-158.6362,58.971],[-158.5167,58.9989],[-158.2914,58.7302],[-157.9874,58.717],[-157.4242,58.8008],[-157.1394,58.8558],[-157.1546,58.6703],[-157.2419,58.4911],[-157.5537,58.2703],[-157.6646,57.9334],[-157.6653,57.6042],[-157.7851,57.5081],[-158.1247,57.3432],[-158.4507,57.2127],[-158.6621,57.0756],[-158.671,56.8435],[-158.6173,56.7481],[-159.2487,56.781],[-159.7759,56.5823],[-159.976,56.4185],[-160.1139,56.323],[-160.4573,56.1999],[-160.6066,56.0434],[-160.6074,55.9619],[-160.1694,55.8066],[-159.614,55.8891],[-159.0769,55.992],[-158.7381,56.1896],[-158.6148,56.3667],[-158.5267,56.4485],[-157.9803,56.6539],[-157.7475,56.7702],[-157.3971,56.8459],[-156.9934,56.9149],[-156.4958,57.1002],[-156.4507,57.1755],[-156.6846,57.4007],[-156.3694,57.5656],[-155.9032,57.7173],[-155.5981,57.8962],[-154.9532,58.0347],[-154.6493,58.0765],[-154.4045,58.2488],[-154.2139,58.428],[-153.9636,58.5524],[-153.6823,58.6425],[-153.4886,58.7945],[-153.455,58.8773],[-153.6644,58.9805],[-153.9648,59.0283],[-154.1269,59.0417],[-154.2982,59.1174],[-154.2823,59.2488],[-153.976,59.5192],[-153.7098,59.6444],[-153.4064,59.7074],[-153.1522,59.7425],[-152.8987,59.8956],[-152.8189,60.1324],[-152.8777,60.2789],[-152.7436,60.342],[-152.561,60.3842],[-152.1897,60.6577],[-151.731,60.7847],[-151.3419,60.9537],[-151.0841,61.1507],[-150.8823,61.1933],[-150.7806,61.2919],[-150.3112,61.3139],[-149.8744,61.139],[-149.3169,60.9294],[-149.4247,60.8591],[-149.9128,60.9143],[-150.4372,60.9063],[-150.8284,60.8004],[-151.1596,60.6597],[-151.2304,60.4706],[-151.415,60.2537],[-151.783,59.995],[-151.7847,59.9463],[-151.4899,59.711],[-151.448,59.5379],[-151.7723,59.3573],[-151.8007,59.3019],[-151.881,59.1635],[-151.388,59.2128],[-150.9223,59.4142],[-150.501,59.6158],[-150.0211,59.7138],[-149.5812,59.9852],[-149.3256,60.0275],[-149.0619,60.0001],[-148.6999,59.9036],[-148.4935,59.904],[-148.3009,60.1061],[-148.2575,60.2806],[-148.3361,60.4132],[-148.8397,60.5451],[-148.7278,60.7273],[-148.5527,60.8397],[-148.4659,60.8679],[-148.4926,61.0643],[-148.189,61.1],[-147.9401,61.2059],[-147.638,61.0519],[-147.2701,60.9403],[-146.5783,60.8365],[-146.1859,60.7251],[-145.9984,60.6624],[-145.8932,60.5157],[-145.4927,60.3836],[-145.1384,60.4542],[-145.0029,60.5524],[-144.8108,60.3151],[-144.5179,60.1412],[-144.4064,60.0926],[-144.053,60.0514],[-143.0837,60.0742],[-142.4246,60.0197],[-141.9585,60.0415],[-141.7471,60.1325],[-141.5855,60.1398],[-141.4394,60.0912],[-141.3729,60.0077],[-141.3852,59.8966],[-141.1354,59.8394],[-140.0518,62.4951]]]},"properties":{"NAME":"Thule","SUBJECTO":"Thule","PARTOF":"Thule","BORDERPRECISION":1,"LINK":null}},
{"type":"Feature","geometry":{"type":"Polygon","coordinates":[[[-141.1354,59.8394],[-140.9045,59.7865],[-140.4284,59.7597],[-140.1329,59.7672],[-139.9289,59.8299],[-139.5726,59.9],[-139.3998,59.8309],[-139.3066,59.7063],[-139.3674,59.63],[-139.7851,59.5184],[-139.2001,59.2773],[-138.7802,59.1814],[-138.7445,59.1814],[-138.4457,59.1619],[-138.2012,59.0305],[-137.5767,58.6042],[-137.085,58.4468],[-136.3561,58.5239],[-136.3703,58.6202],[-136.9388,58.9432],[-136.3901,58.8408],[-136.1484,58.9033],[-135.9684,58.6968],[-135.7383,58.47],[-135.6159,58.4358],[-135.3003,58.3745],[-135.2791,58.4433],[-135.3257,58.5809],[-135.5148,58.9735],[-135.4695,59.3397],[-135.3086,59.347],[-135.1438,59.1675],[-135.0459,58.9054],[-134.8303,58.5612],[-134.3801,58.3762],[-134.1235,58.2392],[-134.0166,58.1226],[-133.8404,57.9994],[-133.6403,57.9654],[-133.5048,57.8971],[-133.4741,57.8423],[-133.6413,57.7391],[-133.5969,57.6433],[-133.3408,57.3768],[-133.4004,57.2195],[-133.1967,57.1584],[-132.8713,57.0156],[-132.5593,56.7025],[-132.2711,56.5055],[-132.101,56.3494],[-132.1838,56.2541],[-132.2792,56.1316],[-132.264,55.9372],[-132.2556,55.85],[-132.0325,55.8935],[-131.9636,55.9661],[-131.767,56.01],[-131.1905,56.0348],[-131.101,55.9129],[-130.8924,55.7692],[-130.6954,55.4654],[-130.7339,55.2657],[-130.7734,55.0662],[-130.6903,54.9717],[-130.5457,54.9097],[-130.4129,55.0207],[-130.2673,55.0718],[-130.065,55.1021],[-130.0027,55.2885],[-129.8417,54.9785],[-130.0379,54.8437],[-130.1105,54.7293],[-130.2989,54.5476],[-130.2683,54.353],[-130.1765,54.1721],[-130.0036,53.938],[-129.4339,53.5175],[-129.0604,53.739],[-128.8141,53.7639],[-128.8295,53.5254],[-128.8888,53.4183],[-128.4321,52.9385],[-128.0772,52.9392],[-128.0596,52.4995],[-127.873,52.4133],[-127.8665,52.4125],[-125.7579,53.1308],[-122.4911,54.2436],[-111.2842,58.5531],[-118.1957,62.7114],[-118.1977,62.7126],[-124.9355,64.8346],[-132.4349,62.497],[-139.5242,62.4157],[-140.0518,62.4951],[-141.1354,59.8394]]]},"properties":{"NAME":"Athabaskan","SUBJECTO":"Athabaskan","PARTOF":"Athabaskan","BORDERPRECISION":1,"LINK":null}},
{"type":"Feature","geometry":{"type":"Polygon","coordinates":[[[-4.8104,31.65],[-1.8022,32.4272],[-1.6102,33.0485],[-1.6811,33.2578],[-1.6739,33.83],[-1.664,34.2051],[-1.7382,34.6051],[-1.8233,34.7],[-2.0766,34.8257],[-2.193,35.0542],[-2.3259,35.054],[-2.3557,35.0539],[-2.7148,35.0977],[-2.8299,35.1421],[-3.009,35.39],[-3.2058,35.2686],[-3.4408,35.1663],[-4.0279,35.1332],[-4.2954,35.1518],[-4.593,35.1512],[-5.0307,35.3444],[-4.8104,31.65]]]},"properties":{"NAME":"Abdelouadides","SUBJECTO":"Abdelouadides","PARTOF":"Abdelouadides","BORDERPRECISION":1,"LINK":null}},
{"type":"Feature","geometry":{"type":"Polygon","coordinates":[[[12.6399,20.9981],[10.5432,31.5713],[7.8923,32.5926],[6.5029,32.7326],[5.6813,32.8154],[2.4531,32.6687],[-1.0813,32.4539],[-1.8022,32.4272],[-4.8104,31.65],[-9.625,30.4061],[-9.6027,30.1837],[-9.6626,29.9548],[-9.8696,29.643],[-10.3393,29.1463],[-10.8562,28.7512],[-11.3727,28.3689],[-11.5765,28.2286],[-12.0906,28.0242],[-12.6741,27.8959],[-12.8662,27.8573],[-13.0601,27.6726],[-13.1236,27.5463],[-13.316,27.1637],[-13.4663,26.8138],[-13.6287,26.5911],[-14.0058,26.3615],[-14.1878,26.2721],[-14.3673,26.1192],[-14.6601,25.6356],[-14.6712,25.596],[-14.7972,25.146],[-14.82,24.7329],[-14.9752,24.5101],[-15.607,23.9813],[-15.714,23.8731],[-16.2425,22.7217],[-16.3525,22.4927],[-16.5719,22.238],[-16.806,21.9897],[-16.9837,21.5953],[-17.0161,21.3141],[-17.0519,21.0041],[-17.0462,20.8325],[-17.0213,20.7436],[-16.8445,20.941],[-16.7109,20.8904],[-16.3473,20.5226],[-16.269,20.3639],[-16.2396,20.1225],[-16.2696,19.6839],[-16.3513,19.4931],[-16.4716,19.3657],[-16.1907,19.0295],[-16.0557,18.6739],[-15.9827,18.1784],[-16.0411,17.6699],[-7.7112,17.8755],[-0.4779,18.7577],[0.7571,18.7577],[4.2856,18.052],[5.3441,17.1699],[5.1677,15.0528],[4.2856,13.9942],[2.8788,13.203],[8.2658,12.3673],[10.4619,12.4738],[10.07,14.2248],[10.8071,14.5933],[11.7653,16.2149],[11.9864,20.3426],[12.4287,21.0059],[12.6399,20.9981]]]},"properties":{"NAME":"Touareg","SUBJECTO":"Touareg","PARTOF":"Touareg","BORDERPRECISION":1,"LINK":null}},
{"type":"Feature","geometry":{"type":"Polygon","coordinates":[[[-4.7796,48.3548],[-4.592,48.3923],[-4.4738,48.3829],[-4.3502,48.3905],[-4.3889,48.2984],[-4.588,48.2515],[-4.351,48.2046],[-4.3129,48.1013],[-4.7003,48.0638],[-4.6754,48.0169],[-4.5101,47.9981],[-4.3909,47.9418],[-4.3644,47.8293],[-3.9548,47.9043],[-3.8581,47.7918],[-3.7119,47.7981],[-3.4335,47.7168],[-3.0627,47.6039],[-2.8425,47.4919],[-2.6137,47.5722],[-2.4655,47.4944],[-2.5765,47.3249],[-2.5755,47.324],[-2.0104,47.7457],[-1.752,48.1782],[-1.9991,48.677],[-2.076,48.6562],[-2.2001,48.599],[-2.3429,48.6741],[-2.6364,48.552],[-2.7905,48.5896],[-2.9145,48.7068],[-3.0912,48.8716],[-3.4351,48.8365],[-3.5577,48.8101],[-3.6079,48.693],[-3.8213,48.7211],[-3.9022,48.646],[-3.9989,48.7305],[-4.2515,48.6519],[-4.4883,48.6123],[-4.6257,48.5467],[-4.762,48.552],[-4.7796,48.3548]]]},"properties":{"NAME":"Britany","SUBJECTO":"Britany","PARTOF":"Britany","BORDERPRECISION":1,"LINK":null}},
{"type":"Feature","geometry":{"type":"Polygon","coordinates":[[[6.0888,4.3281],[6.6502,4.323],[6.8445,4.2916],[6.9237,4.3427],[7.0462,4.5081],[7.1757,4.5275],[7.4491,4.4073],[7.8883,4.4528],[8.1402,4.466],[8.2987,4.5553],[8.3276,4.6126],[8.263,4.7459],[8.328,4.8413],[8.407,4.7843],[8.5078,4.7655],[8.5918,4.712],[8.6372,4.6832],[8.8747,4.6201],[8.9249,4.5249],[8.9533,4.2835],[9.0322,4.1375],[9.2839,4.0173],[9.543,4.0433],[9.6509,4.0181],[9.7802,3.8532],[9.5857,3.6748],[9.7652,3.3829],[9.8513,3.148],[9.9231,2.824],[9.8008,2.379],[9.8943,2.1377],[9.8812,2.0583],[9.8513,1.8771],[9.7006,1.6162],[9.4995,1.3806],[9.3704,1.1707],[9.5574,1.1266],[9.6222,1.0886],[9.644,0.9552],[9.629,0.8895],[9.5656,0.6119],[9.4435,0.5544],[9.3501,0.5352],[9.6022,0.3323],[9.8542,0.174],[9.8833,0.0788],[9.6604,0.0846],[9.4734,0.116],[9.4337,-0.017],[9.3025,-0.4563],[9.2025,-0.6344],[8.9587,-0.8192],[8.8152,-0.8958],[8.9814,-1.0988],[9.1119,-1.3527],[9.3207,-1.4158],[9.4653,-1.5934],[9.4151,-1.638],[9.2432,-1.7718],[9.6564,-2.4191],[9.8939,-2.444],[10.0601,-2.5707],[9.9314,-2.7108],[10.5247,-3.237],[10.6412,-3.4464],[10.8805,-3.6937],[11.134,-3.9156],[11.1512,-3.9323],[11.7726,-4.537],[11.949,-4.9242],[11.9997,-5.0041],[12.2265,-5.3621],[12.2635,-5.47],[12.1997,-5.7514],[12.1942,-5.7752],[12.3394,-6.1898],[12.3717,-6.2578],[12.6715,-6.6956],[12.7957,-6.8606],[12.877,-7.0511],[12.9686,-7.5148],[13.0231,-7.6054],[13.167,-7.8448],[13.3871,-8.1557],[13.4768,-8.416],[13.4795,-8.6321],[13.4314,-8.8228],[13.3602,-8.8929],[13.1459,-9.0649],[13.0838,-9.2875],[13.2039,-9.6367],[13.418,-9.9858],[13.6394,-10.303],[13.7299,-10.5443],[13.8163,-10.9763],[13.8371,-11.3575],[13.8132,-11.6562],[13.649,-12.1968],[13.459,-12.5022],[13.3386,-12.6486],[13.0507,-12.7509],[12.9305,-12.91],[12.8481,-13.1644],[12.5854,-13.4637],[12.4407,-13.877],[12.3329,-14.3158],[12.3009,-14.5602],[12.2506,-14.9451],[12.1772,-15.2757],[12.06,-15.5937],[11.9607,-15.7146],[11.782,-15.8675],[11.7952,-16.1598],[11.8026,-16.522],[11.7813,-17.336],[11.7746,-17.5961],[11.7947,-17.8439],[11.8497,-18.0217],[12.0795,-18.4914],[12.5243,-19.0624],[12.906,-19.7023],[28.6166,-19.9475],[28.6319,-19.8789],[29.6904,-18.8204],[31.2782,-18.6439],[32.6896,-18.6439],[33.3953,-19.1732],[33.3953,-20.0221],[34.7195,-20.0428],[34.7262,-19.8604],[34.8468,-19.8029],[35.3779,-19.4268],[35.9148,-19.0316],[36.3136,-18.6495],[36.8923,-18],[37.2753,-17.7132],[37.8639,-17.4513],[38.1927,-17.3489],[38.859,-17.0552],[39.4713,-16.717],[39.7951,-16.424],[40.0252,-16.1438],[40.3858,-15.7363],[40.5741,-15.4817],[40.6102,-15.3545],[40.5274,-15.1831],[40.781,-14.922],[40.8554,-14.6994],[40.8486,-14.5786],[40.7013,-14.5408],[40.6183,-14.4838],[40.5992,-14.4012],[40.6009,-14.0326],[40.6033,-13.5306],[40.5339,-13.3083],[40.3658,-12.9909],[40.4818,-12.8444],[40.527,-12.5838],[40.4455,-12.0819],[40.4504,-11.8722],[40.3925,-11.5482],[40.3113,-11.345],[40.4004,-11.2304],[39.2482,-11.1449],[38.7429,-10.2184],[38.2375,-9.292],[37.9849,-6.9337],[37.7322,-4.5755],[39.4166,-1.375],[43.4149,2.5148],[34.406,2.4905],[33.9297,2.8436],[22.2245,6.1962],[12.6047,7.732],[6.764,5.8265],[6.0888,4.3281]]]},"properties":{"NAME":"Bantou","SUBJECTO":"Bantou","PARTOF":"Bantou","BORDERPRECISION":1,"LINK":null}},
{"type":"Feature","geometry":{"type":"MultiPolygon","coordinates":[[[[27.2316,63.3545],[23.1306,63.7834],[22.8255,63.5809],[22.7042,63.5806],[22.569,63.723],[22.4758,63.6016],[22.4288,63.395],[22.2924,63.2027],[22.075,63.1028],[21.9513,63.131],[21.6665,63.1873],[21.4947,63.123],[21.546,62.9741],[21.4813,62.8888],[21.1948,62.7607],[21.0618,62.6117],[21.0337,62.4773],[21.2001,62.4352],[21.3376,62.3436],[21.3464,62.1671],[21.2112,61.8709],[21.4052,61.7024],[21.561,61.4849],[21.5208,61.3796],[21.4983,61.1833],[21.4273,61.0151],[21.4432,60.6936],[21.5602,60.5125],[21.7468,60.4083],[21.931,60.3808],[22.2207,60.2588],[22.4215,60.2932],[22.3921,60.1212],[22.6246,60.2011],[23.0052,60.2088],[22.882,60.0556],[22.9821,59.9325],[23.2014,59.8185],[23.4189,59.8298],[23.6647,59.8356],[23.9611,59.9325],[23.9789,59.8811],[24.2814,59.9381],[24.4211,59.8698],[24.516,59.9895],[24.743,60.0382],[24.9695,60.0868],[24.993,60.0296],[25.1458,60.1097],[25.4499,60.1384],[25.5805,60.2623],[25.8455,60.1155],[25.8901,60.2358],[26.0377,60.2493],[26.3227,60.2702],[26.4428,60.3333],[26.5516,60.5707],[26.5259,60.3965],[26.6131,60.3478],[26.9223,60.3161],[26.9456,60.3763],[27.1785,60.4424],[27.4062,60.3448],[27.4736,60.4261],[28.0114,60.5107],[28.4318,60.6035],[28.5215,60.6233],[28.5512,60.5326],[28.4352,60.3373],[28.5694,60.1984],[28.6916,60.15],[28.969,60.1088],[29.5107,60.1446],[29.6873,60.131],[28.6657,62.2087],[27.2316,63.3545]]],[[[16.0632,56.3962],[16.3762,56.8224],[16.3945,57.0743],[16.4942,57.2789],[16.6587,57.443],[16.5505,57.5452],[16.6072,57.6658],[16.4765,57.7021],[16.4595,57.8952],[16.5978,57.8665],[16.7246,57.8893],[16.7735,58.0379],[16.744,58.312],[16.5132,58.4281],[16.4429,58.6344],[17.0807,58.6499],[17.083,58.7481],[17.2454,58.7171],[17.3567,58.743],[17.5822,58.893],[17.6232,59.1001],[17.7391,59.1104],[17.7452,58.9861],[17.7264,58.9137],[17.7665,58.8723],[17.9401,58.9085],[18.0157,59.0379],[18.372,59.1571],[18.2734,59.2867],[18.5982,59.297],[18.6113,59.3333],[18.5155,59.4008],[18.4414,59.4008],[18.4296,59.3333],[18.3282,59.3697],[18.1114,59.323],[17.9776,59.3282],[17.8617,59.24],[17.5844,59.2711],[17.5749,59.2141],[17.3581,59.2452],[17.2658,59.3385],[16.9998,59.3593],[16.7765,59.4787],[16.4076,59.4475],[16.5232,59.5825],[16.7241,59.5306],[16.7855,59.5773],[17.0706,59.5461],[17.368,59.4683],[17.73,59.4164],[17.7953,59.3645],[18.0301,59.3593],[18.2514,59.4319],[18.6393,59.5669],[18.8679,59.7124],[19.0436,59.7124],[19.0373,59.8632],[18.8931,59.9257],[18.8041,60.1084],[18.4169,60.1816],[18.2244,60.323],[17.9307,60.5903],[17.7065,60.5536],[17.605,60.6375],[17.1885,60.6743],[17.3176,60.7531],[17.1462,60.9528],[17.1502,61.1977],[17.0652,61.5384],[17.1626,61.6299],[17.387,61.6584],[17.4968,62.0881],[17.3874,62.2008],[17.2902,62.4407],[17.7181,62.3567],[17.9363,62.548],[17.8682,62.7886],[17.9674,62.7746],[18.3032,62.7894],[18.3889,62.8534],[18.4866,62.9812],[18.785,63.138],[19.0759,63.2025],[19.3182,63.4448],[19.465,63.4807],[19.6703,63.3885],[19.9849,63.5173],[20.7007,63.8181],[20.8665,64.0256],[20.8733,64.0328],[17.2609,64.2061],[16.6607,63.7559],[15.0497,63.5258],[13.1549,62.0242],[12.7917,61.3299],[12.5974,61.0286],[12.174,60.9564],[12.431,60.6258],[12.548,60.4339],[12.4359,60.2781],[12.4228,60.0388],[12.4879,58.5629],[11.7364,57.6982],[11.7661,57.6727],[11.8811,57.509],[11.8766,57.3252],[12.318,57.6796],[12.5244,57.3907],[12.7308,57.4319],[12.8959,56.9779],[13.2261,57.1017],[13.4324,56.5239],[14.1754,56.8128],[14.485,56.6801],[15.427,56.7657],[16.0632,56.3962]]],[[[18.1689,56.91],[18.2061,56.9119],[18.2156,56.9131],[18.295,56.9347],[18.3025,56.9375],[18.3467,56.9986],[18.3433,57.0144],[18.3358,57.0175],[18.3356,57.0233],[18.3392,57.0686],[18.3414,57.0739],[18.3456,57.0797],[18.3867,57.125],[18.3914,57.13],[18.3972,57.1342],[18.4172,57.1442],[18.4394,57.1528],[18.4556,57.1569],[18.4983,57.1653],[18.5147,57.1694],[18.5519,57.1828],[18.6581,57.2208],[18.7119,57.2417],[18.7144,57.2469],[18.7883,57.4483],[18.7694,57.4672],[18.7681,57.4722],[18.7597,57.508],[18.7933,57.6592],[18.8092,57.7036],[18.8489,57.7211],[18.9294,57.7397],[19.0333,57.8269],[19.0039,57.8989],[19.0061,57.9036],[19.0047,57.9086],[18.9142,57.9175],[18.9025,57.9183],[18.8819,57.9197],[18.725,57.9228],[18.7161,57.9211],[18.69,57.9161],[18.6819,57.9136],[18.4811,57.8186],[18.4672,57.8119],[18.4614,57.8078],[18.4564,57.8028],[18.4197,57.7603],[18.4017,57.7386],[18.3819,57.7186],[18.3558,57.6958],[18.3389,57.6817],[18.2947,57.6458],[18.2761,57.6342],[18.2492,57.6208],[18.2422,57.6175],[18.2278,57.6114],[18.2119,57.6058],[18.1914,57.5961],[18.1792,57.5883],[18.1386,57.5511],[18.1192,57.5311],[18.1114,57.5194],[18.11,57.5131],[18.1103,57.4961],[18.1153,57.4808],[18.1425,57.4094],[18.1581,57.3158],[18.1483,57.2353],[18.1733,57.1419],[18.2544,57.0792],[18.2567,57.0322],[18.2092,56.9892],[18.1583,56.9417],[18.1425,56.9203],[18.1403,56.915],[18.1478,56.9119],[18.1689,56.91]]]]},"properties":{"NAME":"Sweden","SUBJECTO":"Sweden","PARTOF":"Sweden","BORDERPRECISION":1,"LINK":null}},
{"type":"Feature","geometry":{"type":"MultiPolygon","coordinates":[[[[14.0699,53.9178],[13.7784,54.0444],[13.7774,53.9486],[13.8278,53.8297],[14.0287,53.8655],[14.0684,53.8435],[14.1454,53.8265],[14.2054,53.8132],[14.1742,53.9068],[14.0699,53.9178]]],[[[14.4729,53.8768],[14.4248,53.915],[14.3053,53.915],[14.2272,53.9095],[14.2479,53.816],[14.3339,53.8297],[14.4591,53.8187],[14.4729,53.8768]]]]},"properties":{"NAME":"Holy Roman Empire","SUBJECTO":"Holy Roman Empire","PARTOF":"Holy Roman Empire","BORDERPRECISION":1,"LINK":null}},
{"type":"Feature","geometry":{"type":"Polygon","coordinates":[[[34.6619,41.8702],[34.4919,40.9171],[31.9839,39.6631],[30.7299,39.6631],[30.5906,37.7821],[29.0023,36.6948],[29.2982,36.1731],[29.4719,36.0907],[29.662,36.0783],[30.1661,36.1876],[30.2799,36.1178],[30.3949,36.118],[30.4728,36.1883],[30.4967,36.373],[30.5401,36.647],[30.5936,36.7617],[30.9053,36.7942],[31.3707,36.7123],[31.902,36.4969],[32.335,36.1284],[32.6403,36.008],[32.9041,35.9767],[33.1713,35.9709],[33.4817,36.0543],[33.7532,36.1466],[33.8337,36.0706],[33.8359,36.1073],[33.891,36.1388],[33.9541,36.1598],[33.9517,36.2516],[34.1032,36.3803],[34.4851,36.6268],[34.6624,36.6478],[34.8699,36.5769],[35.0714,36.4877],[35.2205,36.388],[35.3542,36.4142],[35.3887,36.4536],[35.4171,36.4326],[35.4946,36.4431],[35.5476,36.5402],[35.5062,36.5586],[35.5676,36.5874],[35.6717,36.6058],[35.8909,36.7711],[36.7893,37.0006],[36.4944,37.3692],[38.6097,38.368],[39.1479,38.6222],[41.2118,40.2438],[41.484,41.4365],[40.7618,40.5688],[40.2044,40.3598],[38.8111,40.1508],[37.7661,40.2901],[37.2528,41.0277],[36.817,41.2897],[36.6412,41.315],[36.3829,41.2375],[36.1614,41.3525],[36.1583,41.3576],[35.4039,41.4006],[34.6619,41.8702]]]},"properties":{"NAME":"Seljuk Caliphate","SUBJECTO":"Mongol Empire","PARTOF":"Mongol Empire","BORDERPRECISION":1,"LINK":null}},
{"type":"Feature","geometry":{"type":"Polygon","coordinates":[[[-2.13,41.8166],[-2.1493,41.4931],[-2.3014,41.4931],[-2.3014,41.2649],[-2.0352,41.2268],[-1.921,40.6182],[-2.3014,40.39],[-2.3014,40.2379],[-1.9971,40.0857],[-1.9971,39.9716],[-1.8069,39.8575],[-1.9971,39.7434],[-1.9971,39.5913],[-1.8069,39.4772],[-1.8069,39.1729],[-2.0352,39.2489],[-2.0352,38.6023],[-1.8069,38.5262],[-1.8069,38.26],[-1.6548,38.1839],[-1.6548,37.9177],[-1.883,37.9557],[-2.0352,37.8416],[-1.921,37.6514],[-2.1493,37.233],[-1.9405,36.9516],[-1.8169,37.2925],[-1.6257,37.4395],[-1.3646,37.5484],[-0.9183,37.5703],[-0.8026,37.615],[-0.8723,37.7598],[-0.6647,38.1766],[-0.5641,38.2149],[-0.4352,38.4303],[-0.2037,38.544],[-0.107,38.5915],[0.1726,38.7383],[0.1261,38.8214],[-0.1657,38.9541],[-0.2037,39.0127],[-0.2359,39.0624],[-0.3948,39.4345],[-0.2845,39.6368],[-0.2037,39.7994],[-0.1606,39.886],[0.2379,40.2402],[0.5051,40.5928],[0.7876,40.6569],[0.8271,40.7274],[0.7098,40.7851],[0.7338,40.875],[0.8792,41.0217],[1.3112,41.1573],[1.6098,41.2092],[2.0807,41.2985],[2.2006,41.4461],[2.6283,41.6195],[3.1289,41.8572],[3.1566,42.0757],[3.0863,42.1207],[3.0865,42.3291],[3.0871,42.3686],[3.0459,42.5395],[3.0019,42.7708],[3.0393,42.8692],[2.9489,42.883],[2.825,42.8498],[2.7011,42.73],[2.4896,42.7189],[2.4806,42.6856],[2.2721,42.6901],[2.1029,42.6145],[1.7282,42.501],[1.7313,42.5455],[1.7917,42.5789],[1.7554,42.5967],[1.5772,42.6479],[1.4563,42.619],[1.3205,42.605],[1.3075,42.6352],[0.7442,42.7719],[0.5841,42.7719],[0.5919,42.6283],[0.3478,42.6352],[0.1963,42.6078],[0.1796,42.6625],[-0.1656,42.6488],[-0.2037,42.7003],[-0.2161,42.7172],[-0.4099,42.7856],[-0.4688,42.7514],[-0.5868,42.7651],[-0.612,42.7309],[-0.84,42.9087],[-0.9074,42.8813],[-1.6643,42.1254],[-1.6049,41.7688],[-2.13,41.8166]]]},"properties":{"NAME":"Aragón","SUBJECTO":"Aragón","PARTOF":"Aragón","BORDERPRECISION":1,"LINK":null}},
{"type":"Feature","geometry":{"type":"MultiPolygon","coordinates":[[[[19.8212,69.3697],[19.58,69.1811],[19.2892,69.2106],[19.1702,69.2555],[18.9848,69.3154],[18.5532,69.2469],[18.3191,69.3594],[18.0974,69.058],[18.0515,69.0279],[17.9281,69.0051],[17.8947,69.0351],[17.5659,68.9744],[17.4489,68.887],[17.4069,68.7715],[17.0397,68.6585],[16.8548,68.5578],[17.1264,68.4161],[17.0333,68.3376],[16.7191,68.3114],[16.5219,68.3409],[16.6485,68.0457],[16.4116,67.8742],[16.2327,67.9111],[16.0711,68.0447],[15.9197,68.049],[15.8542,67.9252],[15.5722,67.8207],[15.7618,67.6763],[15.7457,67.5973],[15.5799,67.5833],[15.3845,67.4644],[15.2267,67.5086],[14.9762,67.5229],[14.6991,67.3744],[14.5692,67.3293],[14.6165,67.2453],[14.7777,67.2165],[14.6393,67.1231],[14.3731,67.0931],[14.0547,66.9746],[13.8591,66.9594],[13.7472,66.9224],[13.9916,66.6875],[13.592,66.6573],[13.3832,66.679],[13.2421,66.5685],[13.1686,66.4583],[13.2554,66.3925],[13.4028,66.3488],[13.581,66.1881],[13.1519,66.1361],[13.1088,66.0337],[13.0874,65.8804],[12.7091,65.9089],[12.4792,65.617],[12.2841,65.4349],[12.4962,65.3845],[12.5265,65.109],[12.2222,65.1011],[12.1121,65.1299],[11.8956,64.9127],[11.6897,64.7757],[11.4699,64.6746],[11.4065,64.617],[11.5077,64.5167],[11.3641,64.416],[11.2135,64.4157],[10.9966,64.4942],[10.8906,64.4725],[10.7398,64.3862],[10.0662,64.0555],[9.8701,63.8764],[9.8321,63.6836],[9.4409,63.4975],[9.2161,63.2836],[9.1542,63.319],[8.9572,63.404],[8.6059,63.3251],[8.4723,63.1755],[8.258,63.0543],[8.2313,62.8414],[7.9892,62.9403],[7.6065,62.9041],[7.0882,62.9102],[6.9819,62.8461],[7.1016,62.7046],[7.5467,62.5993],[7.2893,62.4856],[6.9887,62.5416],[6.613,62.5833],[6.5325,62.3357],[6.3084,62.2858],[6.0535,62.3348],[5.8236,62.179],[5.5646,62.1503],[5.4697,62.0937],[5.4257,62.0093],[5.5282,61.9326],[5.7195,61.8795],[5.8339,61.8194],[5.7971,61.7699],[5.5924,61.7897],[5.416,61.7695],[5.149,61.7409],[5.1011,61.6986],[5.141,61.3896],[5.0183,61.3051],[5.1196,61.1371],[5.387,61.0256],[5.1085,60.9061],[4.9804,60.6892],[5.0755,60.5917],[5.2552,60.5641],[5.4558,60.5924],[5.5511,60.5089],[5.2618,60.3271],[5.0962,60.2641],[5.2791,60.1253],[5.5246,60.1675],[5.8941,60.1613],[5.8058,59.9493],[5.6317,59.8838],[5.5433,59.8243],[5.694,59.7529],[5.9105,59.7529],[6.1854,59.8243],[5.9699,59.7113],[5.6666,59.6756],[5.7411,59.628],[5.6462,59.5865],[5.4493,59.6578],[5.4186,59.5152],[5.3826,59.7113],[5.0866,59.5092],[5.1766,59.3074],[5.2826,59.2718],[5.3503,59.3905],[5.3438,59.2659],[5.5285,59.2659],[5.7171,59.3371],[5.6829,59.4142],[5.6805,59.5092],[5.7995,59.432],[5.8159,59.3134],[6.1134,59.527],[6.0763,59.4202],[5.8775,59.3134],[6.0203,59.254],[6.2375,59.2837],[6.0326,59.2007],[5.7719,59.0762],[5.8223,59.017],[5.9404,58.9341],[6.0505,58.9814],[6.2661,58.9933],[6.0412,58.9518],[5.9837,58.8867],[6.0936,58.798],[5.7937,58.9163],[5.6658,58.8216],[5.6275,58.9637],[5.4746,58.9755],[5.531,58.8808],[5.3997,58.7152],[5.6155,58.4552],[5.8738,58.4316],[6.2313,58.2782],[6.6517,58.172],[6.4791,58.0895],[6.6437,58.0424],[6.7257,58.1367],[6.8742,58.0778],[6.9586,57.9717],[7.9084,58.066],[8.0302,58.066],[8.1537,58.0895],[8.1752,58.172],[8.9217,58.5379],[9.1459,58.6561],[9.3716,58.7861],[9.3462,58.8453],[9.6976,58.9992],[9.9376,58.94],[10.1723,58.9874],[10.2111,59.0703],[10.3633,59.2125],[10.4296,59.26],[10.3786,59.3667],[10.4071,59.4973],[10.5697,59.5805],[10.6336,59.4499],[10.5493,59.3786],[10.6568,59.2244],[10.7689,59.1177],[10.8292,59.1058],[11.1121,59.1651],[11.1789,59.0703],[11.0392,58.9104],[11.1404,58.8512],[11.2214,58.3083],[11.4067,58.3313],[11.4311,58.2015],[11.6139,58.2473],[11.8019,58.1779],[11.7091,58.0247],[11.6098,57.8069],[11.7364,57.6982],[12.4879,58.5629],[12.4228,60.0388],[12.4359,60.2781],[12.548,60.4339],[12.431,60.6258],[12.174,60.9564],[12.5974,61.0286],[12.7917,61.3299],[13.1549,62.0242],[15.0497,63.5258],[16.6607,63.7559],[17.2609,64.2061],[17.7312,64.5588],[17.3298,64.8264],[18.534,66.4321],[18.4002,67.2349],[18.9587,68.2937],[19.8212,69.3697]]],[[[-24.1615,65.6066],[-24.2189,65.5337],[-24.1469,65.4393],[-23.6785,65.3167],[-23.3742,65.3536],[-23.1832,65.4266],[-22.8137,65.4709],[-22.3616,65.4499],[-22.1465,65.3849],[-21.9548,65.378],[-21.7938,65.2985],[-21.7289,65.1825],[-21.8092,65.0374],[-21.9783,64.9503],[-22.4503,64.9062],[-22.7784,64.8552],[-23.1356,64.8473],[-23.4367,64.8036],[-23.6112,64.7457],[-23.6746,64.6593],[-23.5083,64.559],[-23.2575,64.5738],[-22.5536,64.6255],[-22.3924,64.6617],[-22.2786,64.6188],[-22.0862,64.4396],[-21.8567,64.3826],[-21.4885,64.3761],[-21.8041,64.1104],[-22.3113,63.952],[-22.5066,63.8658],[-22.3729,63.7732],[-21.5475,63.7176],[-21.0791,63.7113],[-20.8799,63.7403],[-20.4039,63.6983],[-19.8267,63.4783],[-19.5531,63.4147],[-18.9608,63.3375],[-18.6419,63.3238],[-18.1569,63.3675],[-17.9441,63.4248],[-17.5915,63.6893],[-17.2444,63.7328],[-16.9175,63.7334],[-16.5338,63.7841],[-15.8765,63.9927],[-15.6341,64.0575],[-15.2665,64.2802],[-15.0768,64.2089],[-14.8212,64.195],[-14.5975,64.2671],[-14.3659,64.4756],[-14.3481,64.6695],[-14.2603,64.7128],[-13.8934,64.7207],[-13.6942,64.7786],[-13.6258,64.8939],[-13.5574,65.0094],[-13.5256,65.1833],[-13.5898,65.43],[-13.6469,65.4953],[-14.4001,65.5667],[-14.7541,65.6971],[-14.6407,65.9453],[-14.7633,66.0547],[-15.0708,66.0614],[-15.574,66.2068],[-15.8599,66.4187],[-16.3852,66.4544],[-16.3757,66.1321],[-16.568,66.0293],[-16.9221,65.9776],[-17.5697,66.0129],[-18.0225,66.0778],[-17.861,65.8371],[-17.8838,65.7568],[-18.1279,65.7855],[-18.369,65.8945],[-18.6763,66.0912],[-19.0441,66.0174],[-19.1654,66.0026],[-19.2745,65.9293],[-19.1559,65.7253],[-19.2392,65.6668],[-19.336,65.6739],[-19.556,65.7683],[-19.7477,65.9065],[-19.9733,66.1107],[-20.2174,66.0006],[-20.1413,65.6506],[-20.1684,65.5559],[-20.3889,65.4755],[-20.6725,65.424],[-20.8306,65.3656],[-21.0797,65.2054],[-21.4947,65.568],[-21.2962,65.6994],[-21.2425,65.8818],[-21.4432,66.1299],[-21.7791,66.2537],[-22.2098,66.2896],[-22.6764,66.3913],[-22.8411,66.281],[-22.5601,66.1132],[-22.4741,65.9964],[-22.6093,65.9231],[-22.9109,65.9444],[-23.3411,66.1337],[-23.4656,66.1334],[-23.6083,65.9796],[-23.4261,65.8267],[-23.267,65.7249],[-23.5705,65.6806],[-23.9726,65.6871],[-24.1615,65.6066]]],[[[13.283,79.4871],[13.2522,79.8007],[12.7174,79.7817],[12.4577,79.7543],[12.0003,79.7714],[11.5165,79.7165],[11.2843,79.7071],[10.9194,79.5452],[11.3352,79.2071],[11.5452,79.172],[12.157,79.3154],[12.5248,79.0586],[11.7603,78.8802],[12.0746,78.6957],[12.4375,78.5909],[12.9101,78.4252],[13.0621,78.3468],[13.6184,78.2692],[13.8718,78.2959],[14.3528,78.4279],[14.819,78.7185],[15.0839,78.7807],[15.4803,78.6494],[16.617,78.4673],[15.9209,78.2649],[14.9534,78.1236],[14.3365,78.0268],[13.9051,77.9999],[14.131,77.7664],[14.8934,77.7852],[15.5981,77.8384],[16.418,77.9006],[16.7116,77.7886],[16.2868,77.6152],[15.4821,77.5533],[14.7779,77.5348],[14.4846,77.3709],[15.0989,77.1153],[15.9461,76.8868],[16.6629,76.7269],[16.913,76.7189],[17.267,76.8129],[17.2799,76.983],[17.4849,77.2481],[17.8294,77.4889],[18.3886,77.5416],[18.7868,77.9398],[19.1158,78.4545],[19.4291,78.5866],[20.3212,78.685],[20.9081,78.8094],[20.6842,78.9149],[19.9319,79.1082],[19.5049,79.1606],[19.1516,79.2309],[18.8465,79.3817],[18.5487,79.5597],[18.3505,79.5146],[18.016,79.3623],[17.769,79.4153],[17.7222,79.4866],[17.7982,79.6209],[17.8341,79.8095],[17.5706,79.8899],[16.9953,79.8978],[16.7766,79.9786],[16.3263,80.0251],[15.9166,79.8418],[15.935,79.7429],[16.082,79.5282],[16.2892,79.3679],[16.3888,79.2346],[16.1332,79.1364],[15.7741,79.2423],[15.2372,79.5892],[14.8101,79.8037],[14.5747,79.7853],[14.3166,79.7219],[14.2581,79.5336],[14.1589,79.3638],[13.3967,79.4337],[13.283,79.4871]]],[[[21.2526,79.789],[21.9708,79.7829],[21.6549,79.4781],[20.9833,79.3609],[20.9983,79.1911],[23.8205,79.1475],[24.4163,79.3122],[24.8552,79.3753],[25.3367,79.403],[26.067,79.5741],[26.9686,79.8539],[27.1968,79.9444],[26.9486,80.1137],[26.2544,80.1989],[25.3513,80.1489],[25.034,80.1675],[24.7829,80.3797],[24.4214,80.4373],[23.9442,80.3198],[23.4983,80.0971],[23.1154,80.0963],[23.0768,80.2406],[23.2164,80.6108],[22.826,80.473],[22.5874,80.2686],[22.1977,80.1233],[21.8812,80.2768],[21.4759,80.3147],[20.9737,80.275],[20.5245,80.3224],[19.9154,80.6334],[19.3988,80.3686],[19.0676,80.165],[18.6958,80.0874],[18.3306,79.8824],[19.2181,79.7402],[19.5617,79.7678],[20.3442,79.7963],[21.2526,79.789]]]]},"properties":{"NAME":"Norway","SUBJECTO":"Norway","PARTOF":"Norway","BORDERPRECISION":1,"LINK":null}},
{"type":"Feature","geometry":{"type":"MultiPolygon","coordinates":[[[[21.489,42.8791],[20.7053,42.8138],[19.607,41.7615],[19.6194,41.5593],[19.4989,41.5236],[19.417,41.3453],[19.53,41.2184],[19.4454,40.9649],[19.5273,40.8659],[19.3392,40.5887],[19.4945,40.4027],[19.4837,40.2959],[19.3802,40.3236],[19.3691,40.2603],[19.8036,40.017],[20.0286,39.8138],[20.0908,39.6025],[20.1224,39.551],[20.2118,39.4049],[20.6778,39.0804],[20.9011,39.0617],[21.0072,39.113],[21.1595,39.0048],[21.1047,38.9218],[21.0065,38.8705],[20.8926,38.8958],[20.7718,38.8509],[21.1724,38.3478],[21.3645,38.412],[21.6613,38.4381],[21.8265,38.464],[22.3337,38.4267],[22.8756,38.2046],[22.9967,38.1793],[23.1163,38.1574],[22.8987,37.9976],[22.7472,37.9526],[21.9967,38.2508],[21.9058,38.2697],[21.7145,38.1354],[21.4405,38.1795],[21.2284,37.9049],[21.2211,37.8284],[21.2963,37.7265],[21.5173,37.5358],[21.6137,37.4148],[21.6265,37.3065],[21.5314,37.1151],[21.5882,36.9814],[21.7809,36.8225],[21.9842,37.0205],[22.1914,36.8552],[22.3903,36.5244],[22.5244,36.7221],[22.6736,36.7543],[22.9826,36.6148],[22.8869,37.0467],[22.7931,37.1386],[22.8133,37.2121],[22.7262,37.2885],[22.6387,37.4923],[22.6423,37.5849],[22.7133,37.5434],[22.9421,37.5184],[23.0253,37.4798],[22.971,37.3853],[23.1096,37.3466],[23.1858,37.3748],[23.185,37.4273],[23.4181,37.4693],[23.3122,37.5481],[23.3217,37.6374],[23.2205,37.6018],[23.1514,37.5901],[23.0489,37.6426],[23.0454,37.7736],[23.04,37.858],[22.8981,37.9],[22.9806,37.9578],[23.1958,38.005],[23.4193,38.0681],[23.4957,38.0681],[23.5407,38.0041],[23.6341,37.879],[23.7337,37.8579],[23.8355,37.6846],[23.9182,37.6846],[23.9873,37.7634],[23.88,38.1154],[23.967,38.1521],[23.9607,38.2099],[23.8039,38.3465],[23.6828,38.3465],[23.5558,38.3518],[23.4938,38.4831],[23.3562,38.4895],[23.191,38.6103],[23.1695,38.667],[23.0998,38.6723],[22.9842,38.667],[22.8994,38.7669],[22.7233,38.7932],[22.6023,38.8562],[22.4905,38.8769],[22.7842,38.9403],[22.8711,39.0243],[22.8349,39.1664],[22.7661,39.2028],[22.7203,39.2873],[22.8509,39.3661],[22.919,39.3451],[22.9813,39.3293],[23.0453,39.2715],[23.0998,39.1874],[23.0519,39.1033],[23.1585,39.1401],[23.2361,39.2032],[23.0742,39.4135],[22.8134,39.6027],[22.7545,39.8183],[22.6951,39.8345],[22.5551,39.9867],[22.5256,40.0642],[22.4674,40.1185],[22.4896,40.2305],[22.6023,40.3972],[22.4921,40.4983],[22.7013,40.5774],[22.77,40.6672],[22.8519,40.6513],[22.8755,40.5963],[22.8639,40.5352],[22.7481,40.4825],[22.9602,40.3147],[23.1411,40.2662],[23.2148,40.1818],[23.2763,40.0499],[23.2605,39.9709],[23.3744,39.9551],[23.5969,39.9341],[23.6386,39.9603],[23.5922,40.0025],[23.5233,40.0183],[23.4365,40.0447],[23.3668,40.1079],[23.321,40.1554],[23.2591,40.2292],[23.2931,40.2451],[23.2918,40.2873],[23.3491,40.282],[23.4425,40.2556],[23.5958,40.1923],[23.796,39.9867],[23.9066,39.9972],[23.9201,40.0552],[23.8687,40.1607],[23.8037,40.1554],[23.6517,40.2292],[23.6588,40.2873],[23.6272,40.3453],[23.7222,40.3482],[23.7748,40.3928],[23.9235,40.3453],[24.0478,40.3084],[24.0548,40.2609],[24.2206,40.1448],[24.2954,40.1765],[23.9237,40.4508],[23.7852,40.4772],[23.7091,40.63],[23.633,40.7132],[23.6347,40.7728],[23.7484,40.8044],[23.886,40.7329],[24.0252,40.7464],[24.2191,40.8297],[24.3543,40.971],[24.505,40.9841],[24.5191,40.8731],[24.7007,40.8783],[24.8121,40.9334],[25.0189,41.0171],[25.0463,40.9523],[25.3011,40.8959],[25.6357,40.8774],[25.9929,40.8525],[26.0207,40.6693],[26.124,40.6028],[26.4181,40.5778],[26.4548,40.5843],[26.5565,40.4983],[26.4575,40.435],[26.1948,40.3031],[26.2228,40.224],[26.2143,40.1607],[26.1409,40.0447],[26.2552,40.0816],[26.3759,40.2134],[26.5139,40.282],[26.6136,40.398],[26.8889,40.5247],[27.2638,40.6672],[27.313,40.7899],[27.4742,40.9628],[27.9322,40.9575],[28.0264,41.0262],[28.1733,41.0579],[28.5962,40.947],[28.8278,40.9147],[28.9645,40.9892],[29.0811,41.2005],[29.0124,41.2548],[28.7402,41.3248],[28.3715,41.4331],[28.1044,41.593],[28.0698,41.625],[28.0182,41.7532],[28.0262,41.8824],[27.918,41.9777],[27.9134,42.0781],[27.7377,42.247],[27.7225,42.3162],[27.6079,42.4168],[27.4947,42.4009],[27.502,42.5163],[27.654,42.6837],[27.8362,42.7355],[27.8699,42.7999],[27.8873,43.0635],[26.6481,42.5526],[26.5828,41.8342],[26.0603,42.0954],[24.2971,42.0301],[21.489,42.8791]]],[[[34.6629,41.8756],[34.6526,41.8761],[34.3039,41.8941],[33.8967,41.9511],[33.5555,41.9825],[33.1899,41.9524],[32.8056,41.5491],[31.2972,40.9365],[31.0354,41.0488],[30.7448,41.0403],[30.2561,41.1847],[30.1376,41.1318],[29.5778,41.1534],[29.1612,41.2164],[29.0145,40.9787],[29.2896,40.8067],[29.3204,40.7411],[29.4172,40.7411],[29.6834,40.7516],[29.8827,40.7464],[29.7131,40.6936],[29.5252,40.6883],[28.9016,40.6201],[28.778,40.5247],[28.8732,40.4719],[29.0835,40.4561],[29.1223,40.4139],[29.0524,40.3347],[28.9268,40.3558],[28.7564,40.3765],[28.4777,40.3951],[28.004,40.3621],[27.9082,40.3506],[28.0065,40.4508],[27.9538,40.4877],[27.8078,40.5036],[27.6793,40.4614],[27.7998,40.4033],[27.8302,40.3453],[27.7639,40.2873],[27.526,40.2971],[27.4496,40.3098],[27.3292,40.3558],[27.2718,40.4508],[27.0561,40.4297],[26.9965,40.3717],[26.7653,40.3769],[26.4817,40.187],[26.4031,40.1765],[26.3203,39.9919],[26.186,39.9972],[26.1276,39.8786],[26.1407,39.75],[26.1419,39.6606],[26.0849,39.604],[26.0641,39.4555],[26.139,39.4397],[26.5462,39.5133],[26.8043,39.5672],[26.9575,39.5483],[26.9262,39.4765],[26.8535,39.4608],[26.7202,39.3372],[26.6022,39.2557],[26.7041,39.2505],[26.7079,39.1821],[26.7971,39.1296],[26.8708,39.056],[26.7898,39.0244],[26.7853,38.9403],[26.9368,38.9246],[27.0042,38.8848],[27.0349,38.8211],[26.9664,38.7699],[26.7095,38.6986],[26.6957,38.6408],[26.8288,38.583],[26.8197,38.5273],[26.9974,38.4001],[26.7425,38.2784],[26.5274,38.4182],[26.4687,38.4448],[26.3916,38.2191],[26.3932,38.1044],[26.5123,38.0663],[26.6793,38.1049],[26.9614,37.9461],[27.1398,37.8891],[27.1798,37.7744],[27.1411,37.6469],[27.1226,37.4939],[27.1604,37.3601],[27.3646,37.3286],[27.4925,37.2397],[27.5256,37.1314],[27.2686,37.0417],[27.3081,36.9207],[27.5535,36.9148],[27.9988,36.9094],[28.051,36.833],[27.9419,36.7563],[27.9119,36.6989],[28.0142,36.5272],[28.2669,36.7124],[28.4698,36.7383],[28.8135,36.5352],[29.0023,36.6948],[30.5906,37.7821],[30.7299,39.6631],[31.9839,39.6631],[34.4919,40.9171],[34.6619,41.8702],[34.6629,41.8756]]],[[[25.7664,36.3376],[25.8728,36.3559],[25.7892,36.4049],[25.7359,36.3865],[25.7131,36.3498],[25.7664,36.3376]]],[[[25.333,36.4599],[25.3178,36.3988],[25.3862,36.3192],[25.4927,36.3314],[25.4927,36.4232],[25.371,36.4966],[25.333,36.4599]]],[[[26.0248,36.9597],[25.9488,36.9111],[25.8576,36.8381],[25.7511,36.8138],[25.7511,36.7833],[25.8348,36.7833],[25.9564,36.8442],[26.0856,36.8989],[26.0248,36.9597]]],[[[24.2991,36.7529],[24.4664,36.6493],[24.6792,36.759],[24.588,36.8685],[24.4284,36.7955],[24.2991,36.7529]]],[[[24.9453,36.5699],[24.9757,36.6371],[24.8769,36.6797],[24.8237,36.6614],[24.8237,36.6371],[24.9453,36.5699]]],[[[25.105,36.6371],[25.1962,36.6736],[25.1658,36.7407],[25.0441,36.6614],[25.0593,36.6187],[25.105,36.6371]]],[[[25.2494,36.759],[25.2418,36.7529],[25.2646,36.7041],[25.3862,36.6371],[25.4319,36.698],[25.295,36.8077],[25.2494,36.759]]],[[[24.4284,37.2083],[24.4436,37.0993],[24.5348,37.1175],[24.4284,37.2083]]],[[[24.4892,37.3958],[24.398,37.4682],[24.3599,37.3958],[24.3599,37.3052],[24.4892,37.3958]]],[[[24.8617,37.5286],[24.8465,37.3656],[25.0441,37.3777],[24.9453,37.5105],[24.8617,37.5286]]],[[[24.6792,36.905],[24.7857,36.9475],[24.7172,37.0508],[24.6488,37.0143],[24.6792,36.905]]]]},"properties":{"NAME":"Byzantine Empire","SUBJECTO":"Byzantine Empire","PARTOF":"Byzantine Empire","BORDERPRECISION":1,"LINK":null}},
{"type":"Feature","geometry":{"type":"MultiPolygon","coordinates":[[[[-170.5503,-14.2983],[-170.5461,-14.2986],[-170.5425,-14.2975],[-170.5367,-14.2889],[-170.54,-14.2839],[-170.5484,-14.2825],[-170.5608,-14.2878],[-170.5559,-14.295],[-170.5503,-14.2983]]],[[[-170.66,-14.2553],[-170.6681,-14.2556],[-170.6817,-14.2581],[-170.795,-14.2981],[-170.8003,-14.3006],[-170.8092,-14.3081],[-170.8223,-14.3203],[-170.8261,-14.325],[-170.8223,-14.3294],[-170.7664,-14.3636],[-170.7494,-14.3739],[-170.7439,-14.3756],[-170.6373,-14.2894],[-170.5786,-14.2792],[-170.5633,-14.2725],[-170.5608,-14.2692],[-170.56,-14.2658],[-170.5656,-14.2558],[-170.5703,-14.2528],[-170.66,-14.2553]]],[[[-169.5095,-14.2767],[-169.4445,-14.2617],[-169.44,-14.2606],[-169.4383,-14.2567],[-169.4395,-14.2317],[-169.4456,-14.2267],[-169.4498,-14.2264],[-169.5153,-14.2267],[-169.5223,-14.2269],[-169.5339,-14.2297],[-169.5361,-14.2317],[-169.5372,-14.2378],[-169.5356,-14.2428],[-169.5217,-14.2683],[-169.5178,-14.2728],[-169.5131,-14.2758],[-169.5095,-14.2767]]],[[[-169.6231,-14.1839],[-169.6219,-14.1764],[-169.6219,-14.1686],[-169.6261,-14.1669],[-169.6406,-14.1717],[-169.6447,-14.1761],[-169.6442,-14.1811],[-169.6417,-14.1861],[-169.6314,-14.1908],[-169.6256,-14.1897],[-169.6231,-14.1839]]],[[[-169.6831,-14.1667],[-169.6873,-14.1664],[-169.6909,-14.1675],[-169.6942,-14.1736],[-169.6942,-14.1853],[-169.6931,-14.1889],[-169.687,-14.1919],[-169.6856,-14.1919],[-169.6811,-14.1917],[-169.6614,-14.1833],[-169.6598,-14.1806],[-169.6598,-14.1792],[-169.6622,-14.175],[-169.6656,-14.1728],[-169.6831,-14.1667]]],[[[-178.7209,-20.6481],[-178.7245,-20.6447],[-178.7306,-20.6461],[-178.7333,-20.6503],[-178.7378,-20.6597],[-178.7372,-20.6661],[-178.7333,-20.6694],[-178.715,-20.6744],[-178.7078,-20.6744],[-178.7056,-20.6708],[-178.7209,-20.6481]]],[[[-178.2114,-19.8525],[-178.2017,-19.8436],[-178.2003,-19.8408],[-178.1981,-19.8358],[-178.2003,-19.8311],[-178.2039,-19.8275],[-178.2097,-19.8264],[-178.2128,-19.8275],[-178.2217,-19.84],[-178.2231,-19.8456],[-178.2217,-19.8511],[-178.2164,-19.8533],[-178.2114,-19.8525]]],[[[-178.3914,-19.1761],[-178.3864,-19.1594],[-178.3864,-19.1389],[-178.3884,-19.1339],[-178.3928,-19.1306],[-178.3986,-19.1292],[-178.4111,-19.1436],[-178.4231,-19.1725],[-178.425,-19.1775],[-178.4231,-19.1822],[-178.4186,-19.185],[-178.3967,-19.185],[-178.3914,-19.1761]]],[[[179.773,-19.1233],[179.7583,-19.1303],[179.7539,-19.1331],[179.7397,-19.1819],[179.7402,-19.1881],[179.7466,-19.1958],[179.7747,-19.1975],[179.7797,-19.1953],[179.7936,-19.1878],[179.7975,-19.1844],[179.7966,-19.1783],[179.7892,-19.1417],[179.7775,-19.125],[179.773,-19.1233]]],[[[-178.5933,-19.1206],[-178.5992,-19.1286],[-178.6014,-19.1336],[-178.6022,-19.1397],[-178.6014,-19.1458],[-178.597,-19.1558],[-178.5933,-19.1592],[-178.5803,-19.1675],[-178.5561,-19.1792],[-178.5459,-19.1819],[-178.5386,-19.1819],[-178.5508,-19.1178],[-178.5544,-19.1142],[-178.5589,-19.1117],[-178.5639,-19.1094],[-178.5697,-19.1081],[-178.5764,-19.1086],[-178.5858,-19.1136],[-178.5933,-19.1206]]],[[[178.3722,-18.9317],[178.345,-18.9264],[178.3391,-18.9275],[178.3069,-18.9356],[178.1819,-18.9822],[178.178,-18.9856],[178.1753,-18.9897],[178.1714,-19],[178.0686,-19.0661],[177.9722,-19.1028],[177.9677,-19.1056],[177.9522,-19.1253],[177.9511,-19.1314],[177.9533,-19.1364],[177.9561,-19.1406],[177.9605,-19.1433],[177.9988,-19.1625],[178.0047,-19.1628],[178.0158,-19.1594],[178.0327,-19.1478],[178.0389,-19.1481],[178.0855,-19.1583],[178.0941,-19.1628],[178.1361,-19.1378],[178.1705,-19.0939],[178.1691,-19.0883],[178.1703,-19.0753],[178.1725,-19.0706],[178.188,-19.0492],[178.1919,-19.0458],[178.303,-18.9992],[178.3075,-18.9992],[178.3255,-19.0028],[178.3291,-19.0064],[178.3283,-19.0125],[178.328,-19.0278],[178.3375,-19.0506],[178.3416,-19.0508],[178.3738,-19.0525],[178.3805,-19.0519],[178.4172,-19.0469],[178.423,-19.0456],[178.4655,-19.0339],[178.4864,-19.0189],[178.498,-19.0094],[178.4983,-18.99],[178.4963,-18.9781],[178.4941,-18.9733],[178.4905,-18.9697],[178.4683,-18.9564],[178.3722,-18.9317]]],[[[-178.9428,-18.9253],[-178.9494,-18.9258],[-178.9628,-18.9342],[-178.9686,-18.9422],[-178.9723,-18.9528],[-178.9672,-18.9783],[-178.9622,-18.9872],[-178.9586,-18.9908],[-178.9534,-18.9928],[-178.947,-18.9936],[-178.9367,-18.9894],[-178.9336,-18.9853],[-178.9306,-18.9742],[-178.9306,-18.9606],[-178.9314,-18.9486],[-178.9333,-18.9369],[-178.9386,-18.9281],[-178.9428,-18.9253]]],[[[-179.8533,-18.9728],[-179.8525,-18.9667],[-179.8481,-18.9569],[-179.84,-18.9508],[-179.8342,-18.9494],[-179.8269,-18.9494],[-179.8159,-18.9531],[-179.8123,-18.9564],[-179.8095,-18.9608],[-179.8059,-18.9711],[-179.8044,-18.9836],[-179.8031,-18.9864],[-179.795,-18.9803],[-179.7883,-18.9725],[-179.7823,-18.9589],[-179.7836,-18.9464],[-179.7886,-18.9372],[-179.8172,-18.9267],[-179.8217,-18.9253],[-179.8389,-18.9225],[-179.845,-18.9225],[-179.8531,-18.9286],[-179.8575,-18.9383],[-179.8658,-18.9775],[-179.8703,-19.0011],[-179.8689,-19.0053],[-179.8653,-19.0086],[-179.8572,-19.0122],[-179.8508,-19.0131],[-179.8533,-18.9728]]],[[[178.528,-18.8672],[178.5258,-18.8625],[178.5216,-18.8597],[178.5092,-18.8586],[178.5042,-18.8608],[178.4803,-18.8797],[178.4766,-18.8831],[178.4719,-18.8969],[178.4711,-18.91],[178.4733,-18.915],[178.4972,-18.9339],[178.5022,-18.9347],[178.528,-18.9108],[178.5341,-18.9025],[178.5364,-18.8978],[178.5364,-18.8922],[178.528,-18.8672]]],[[[-178.4767,-18.6469],[-178.5014,-18.6372],[-178.5067,-18.6353],[-178.517,-18.6447],[-178.5197,-18.6489],[-178.5214,-18.6544],[-178.5214,-18.6614],[-178.5192,-18.6664],[-178.5161,-18.6706],[-178.512,-18.6733],[-178.5061,-18.6747],[-178.4986,-18.6747],[-178.4864,-18.6725],[-178.4783,-18.6664],[-178.4731,-18.6575],[-178.4731,-18.6506],[-178.4767,-18.6469]]],[[[179.8358,-18.5817],[179.8366,-18.5867],[179.8394,-18.5908],[179.888,-18.6375],[179.8958,-18.6439],[179.9083,-18.6447],[179.9128,-18.6419],[179.9666,-18.56],[179.9697,-18.5489],[179.9675,-18.5442],[179.9639,-18.5406],[179.95,-18.5397],[179.9289,-18.5403],[179.9055,-18.5456],[179.8813,-18.5517],[179.8491,-18.5667],[179.8402,-18.5722],[179.8375,-18.5764],[179.8358,-18.5817]]],[[[177.6361,-18.4914],[177.6308,-18.4919],[177.6152,-18.505],[177.613,-18.5097],[177.6136,-18.5161],[177.6191,-18.5383],[177.6375,-18.5689],[177.648,-18.5864],[177.6552,-18.5936],[177.6602,-18.5942],[177.6633,-18.5903],[177.6642,-18.5839],[177.6636,-18.5778],[177.6516,-18.5097],[177.6497,-18.5047],[177.6447,-18.4958],[177.6361,-18.4914]]],[[[178.1272,-18.3539],[178.1236,-18.3572],[178.1211,-18.3619],[178.1094,-18.4075],[178.1125,-18.4117],[178.1166,-18.4147],[178.1283,-18.4175],[178.1327,-18.4175],[178.1386,-18.4164],[178.1503,-18.4067],[178.1566,-18.3778],[178.1569,-18.3708],[178.1555,-18.3653],[178.1533,-18.3606],[178.1497,-18.3561],[178.1453,-18.3533],[178.1397,-18.3519],[178.1272,-18.3539]]],[[[-178.7475,-18.2014],[-178.7636,-18.1883],[-178.7731,-18.1833],[-178.787,-18.1825],[-178.808,-18.1833],[-178.8189,-18.1853],[-178.8242,-18.1872],[-178.8286,-18.19],[-178.8431,-18.2108],[-178.8439,-18.2169],[-178.8367,-18.2239],[-178.812,-18.2428],[-178.8031,-18.2483],[-178.7981,-18.2503],[-178.7917,-18.2511],[-178.7784,-18.2497],[-178.7653,-18.2483],[-178.7603,-18.2464],[-178.7514,-18.2408],[-178.7478,-18.2375],[-178.7447,-18.2333],[-178.7411,-18.2228],[-178.7411,-18.2161],[-178.7425,-18.2103],[-178.7447,-18.2056],[-178.7475,-18.2014]]],[[[179.2458,-18.0364],[179.3361,-18.1211],[179.3416,-18.1225],[179.3519,-18.1211],[179.3586,-18.1136],[179.3675,-18.0944],[179.3683,-18.0881],[179.3677,-18.0819],[179.3552,-18.0139],[179.3533,-18.0092],[179.308,-17.9483],[179.3003,-17.9419],[179.2922,-17.9372],[179.2733,-17.9356],[179.2667,-17.9361],[179.2433,-17.9511],[179.2364,-17.9683],[179.243,-18.0253],[179.2458,-18.0364]]],[[[-178.9911,-17.9508],[-179.0017,-17.9403],[-179.017,-17.9272],[-179.0214,-17.9244],[-179.027,-17.9231],[-179.0481,-17.9236],[-179.0589,-17.9275],[-179.0684,-17.9325],[-179.0778,-17.9442],[-179.0786,-17.9503],[-179.0764,-17.955],[-179.0706,-17.9633],[-179.06,-17.9739],[-179.0289,-17.9925],[-179.0239,-17.9947],[-179.0181,-17.9961],[-179.0117,-17.9953],[-178.9955,-17.99],[-178.9928,-17.9872],[-178.9897,-17.9797],[-178.9883,-17.9742],[-178.9889,-17.9556],[-178.9911,-17.9508]]],[[[-178.3239,-17.8825],[-178.3347,-17.8858],[-178.3478,-17.8942],[-178.3508,-17.8983],[-178.3544,-17.9086],[-178.358,-17.9261],[-178.3572,-17.9308],[-178.3553,-17.9356],[-178.34,-17.9558],[-178.3306,-17.9606],[-178.3189,-17.9633],[-178.3014,-17.9661],[-178.287,-17.9661],[-178.2628,-17.9614],[-178.2475,-17.9553],[-178.2439,-17.9517],[-178.2408,-17.9475],[-178.2386,-17.9428],[-178.2381,-17.9322],[-178.2386,-17.9261],[-178.2445,-17.9178],[-178.2561,-17.9081],[-178.265,-17.9025],[-178.2975,-17.8853],[-178.31,-17.8831],[-178.3239,-17.8825]]],[[[179.4219,-17.8483],[179.4286,-17.8408],[179.4303,-17.8283],[179.4211,-17.7972],[179.4161,-17.7881],[179.3972,-17.785],[179.3928,-17.7864],[179.3861,-17.7942],[179.3961,-17.8219],[179.4083,-17.8447],[179.4119,-17.8483],[179.4169,-17.8506],[179.4219,-17.8483]]],[[[-179.2883,-17.7811],[-179.2853,-17.777],[-179.2831,-17.772],[-179.2817,-17.7667],[-179.2817,-17.7597],[-179.285,-17.7408],[-179.2881,-17.7367],[-179.2923,-17.7339],[-179.3025,-17.7297],[-179.3133,-17.7261],[-179.3192,-17.7275],[-179.3259,-17.735],[-179.3325,-17.7497],[-179.3347,-17.7614],[-179.3333,-17.767],[-179.3311,-17.772],[-179.2984,-17.7853],[-179.2925,-17.7839],[-179.2883,-17.7811]]],[[[178.8327,-17.6272],[178.8283,-17.6244],[178.8167,-17.6214],[178.8102,-17.6206],[178.7919,-17.6211],[178.778,-17.6286],[178.7605,-17.6394],[178.7567,-17.6428],[178.7508,-17.6511],[178.7486,-17.6558],[178.7441,-17.6725],[178.7477,-17.7197],[178.7719,-17.7544],[178.8203,-17.7428],[178.8377,-17.7319],[178.8497,-17.7153],[178.8533,-17.705],[178.8536,-17.6883],[178.853,-17.6697],[178.8503,-17.6586],[178.8361,-17.6306],[178.8327,-17.6272]]],[[[-179.1478,-17.4783],[-179.142,-17.477],[-179.1325,-17.4722],[-179.1297,-17.4681],[-179.1281,-17.4625],[-179.1275,-17.4561],[-179.1281,-17.45],[-179.1433,-17.4311],[-179.1534,-17.4297],[-179.1681,-17.4297],[-179.1789,-17.4331],[-179.1817,-17.4372],[-179.1833,-17.4497],[-179.1734,-17.4678],[-179.1661,-17.4747],[-179.1617,-17.4775],[-179.1478,-17.4783]]],[[[178.1755,-18.2417],[178.1822,-18.2342],[178.1944,-18.2178],[178.2194,-18.1931],[178.2305,-18.19],[178.2436,-18.1886],[178.2733,-18.1475],[178.3386,-18.12],[178.3488,-18.1161],[178.3958,-18.1042],[178.4008,-18.1036],[178.5322,-18.0922],[178.5533,-18.0975],[178.5575,-18.1003],[178.5608,-18.1156],[178.5883,-18.1353],[178.6611,-18.0897],[178.678,-18.0783],[178.6811,-18.0742],[178.6922,-18.0569],[178.6975,-18.0472],[178.6933,-18.025],[178.6208,-17.8939],[178.5977,-17.7842],[178.5952,-17.6936],[178.5986,-17.6825],[178.6008,-17.6706],[178.6011,-17.6581],[178.5983,-17.6431],[178.5911,-17.6358],[178.3725,-17.475],[178.3028,-17.4303],[178.2808,-17.4031],[178.2816,-17.3897],[178.2797,-17.3781],[178.2714,-17.3489],[178.2691,-17.3439],[178.2441,-17.3261],[178.2397,-17.3233],[178.2175,-17.31],[178.193,-17.3011],[178.1886,-17.3039],[178.1869,-17.3233],[178.1705,-17.3425],[178.1247,-17.3578],[177.9594,-17.4092],[177.9536,-17.4106],[177.9464,-17.4106],[177.8978,-17.4078],[177.8333,-17.3961],[177.835,-17.3864],[177.8352,-17.3797],[177.8344,-17.3733],[177.8311,-17.3628],[177.8253,-17.3628],[177.8203,-17.3647],[177.6247,-17.4447],[177.5191,-17.5039],[177.5103,-17.5094],[177.388,-17.6328],[177.3853,-17.6514],[177.3872,-17.6631],[177.3903,-17.6675],[177.4197,-17.6811],[177.4225,-17.6853],[177.4239,-17.6908],[177.4325,-17.7375],[177.433,-17.7436],[177.4319,-17.7567],[177.4297,-17.7617],[177.3713,-17.8125],[177.2941,-17.8478],[177.2794,-17.8544],[177.275,-17.8572],[177.2594,-17.87],[177.2567,-17.8742],[177.2483,-17.9564],[177.2488,-17.9628],[177.2592,-17.9983],[177.2991,-18.0786],[177.3297,-18.1158],[177.3333,-18.1194],[177.473,-18.1628],[177.5161,-18.1531],[177.6061,-18.1739],[177.6119,-18.1756],[177.6164,-18.1783],[177.62,-18.1817],[177.8641,-18.2639],[177.9602,-18.2683],[178.0191,-18.2678],[178.155,-18.2567],[178.1602,-18.2547],[178.1647,-18.2519],[178.1755,-18.2417]]],[[[177.1,-17.3147],[177.1125,-17.3144],[177.1175,-17.3125],[177.1433,-17.2956],[177.1583,-17.2681],[177.1583,-17.2653],[177.1455,-17.25],[177.1419,-17.2478],[177.1114,-17.2583],[177.1003,-17.2711],[177.1,-17.3147]]],[[[-179.1164,-17.2678],[-179.1178,-17.2622],[-179.1214,-17.2586],[-179.1467,-17.2481],[-179.1526,-17.2467],[-179.1584,-17.2481],[-179.1628,-17.2508],[-179.1634,-17.2572],[-179.1615,-17.2689],[-179.157,-17.2786],[-179.1534,-17.2822],[-179.1484,-17.2842],[-179.1417,-17.285],[-179.1286,-17.2836],[-179.1237,-17.2817],[-179.1201,-17.2781],[-179.1178,-17.2733],[-179.1164,-17.2678]]],[[[179.4417,-17.2478],[179.433,-17.2422],[179.4191,-17.2428],[179.3572,-17.2594],[179.358,-17.2628],[179.3705,-17.2964],[179.3791,-17.3158],[179.3839,-17.3497],[179.3844,-17.3658],[179.3833,-17.3997],[179.3994,-17.3944],[179.4236,-17.3758],[179.4272,-17.3725],[179.4405,-17.3433],[179.4441,-17.3331],[179.448,-17.3158],[179.4497,-17.3033],[179.4466,-17.2569],[179.4453,-17.2514],[179.4417,-17.2478]]],[[[-178.9086,-17.2178],[-178.9092,-17.2131],[-178.9222,-17.1978],[-179.0078,-17.1511],[-179.015,-17.1508],[-179.02,-17.1531],[-179.0114,-17.1822],[-178.9858,-17.3181],[-178.9751,-17.2978],[-178.973,-17.2914],[-178.9713,-17.2891],[-178.9414,-17.26],[-178.9292,-17.2608],[-178.9253,-17.2572],[-178.9231,-17.2525],[-178.9086,-17.2178]]],[[[177.2083,-17.0889],[177.1875,-17.1175],[177.1783,-17.1436],[177.1772,-17.1608],[177.1772,-17.1636],[177.188,-17.1675],[177.1994,-17.1703],[177.2636,-17.1236],[177.2703,-17.1164],[177.2761,-17.1081],[177.2822,-17.0956],[177.2892,-17.0811],[177.2914,-17.0764],[177.2914,-17.0694],[177.288,-17.0589],[177.2852,-17.0547],[177.2811,-17.0519],[177.2461,-17.0556],[177.2402,-17.0567],[177.2358,-17.0594],[177.2083,-17.0889]]],[[[178.3402,-16.8306],[178.3389,-16.8247],[178.3314,-16.8006],[178.33,-16.7964],[178.325,-16.7942],[178.2772,-16.7894],[178.2744,-16.7933],[178.2766,-16.8253],[178.2789,-16.8303],[178.2822,-16.8339],[178.2875,-16.8358],[178.2939,-16.8367],[178.333,-16.8358],[178.338,-16.8353],[178.3402,-16.8306]]],[[[179.8928,-16.9461],[179.8847,-16.9592],[179.8824,-16.9642],[179.883,-16.9703],[179.8867,-16.9739],[179.9186,-16.9992],[179.9291,-17.0061],[179.9475,-17.0028],[179.9575,-16.9986],[179.9847,-16.9831],[180,-16.9657],[180,-16.7874],[179.9688,-16.8525],[179.9594,-16.8711],[179.9541,-16.88],[179.9469,-16.8869],[179.9322,-16.9008],[179.9044,-16.9297],[179.8928,-16.9461]]],[[[-179.8211,-16.7811],[-179.8531,-16.6928],[-179.8616,-16.6803],[-179.8681,-16.6795],[-179.8898,-16.6864],[-179.8951,-16.6884],[-179.9295,-16.7101],[-179.9386,-16.7159],[-180,-16.7874],[-180,-16.9657],[-179.9933,-16.9553],[-179.9876,-16.947],[-179.9359,-16.8997],[-179.9022,-16.8755],[-179.8211,-16.7811]]],[[[177.5705,-16.6983],[177.5672,-16.7094],[177.5583,-16.7219],[177.4766,-16.7961],[177.4314,-16.8444],[177.443,-16.8378],[177.5216,-16.79],[177.5741,-16.7361],[177.5844,-16.7189],[177.5936,-16.6994],[177.5944,-16.6933],[177.593,-16.6878],[177.5839,-16.6828],[177.5664,-16.6783],[177.56,-16.6775],[177.5605,-16.6803],[177.5641,-16.6839],[177.5669,-16.6881],[177.5705,-16.6983]]],[[[179.9433,-16.6519],[179.9491,-16.6436],[179.9505,-16.6381],[179.9505,-16.6242],[179.95,-16.6178],[179.9478,-16.6131],[179.9167,-16.6258],[179.8844,-16.6575],[179.8867,-16.6603],[179.9142,-16.6619],[179.9294,-16.6592],[179.9389,-16.6544],[179.9433,-16.6519]]],[[[180,-16.4943],[179.9952,-16.4961],[179.9864,-16.5017],[179.9836,-16.5058],[179.9819,-16.5114],[179.9811,-16.5244],[179.9819,-16.5308],[179.9847,-16.535],[179.9883,-16.5383],[179.9947,-16.5392],[180,-16.5379],[180,-16.4943]]],[[[-179.9711,-16.4589],[-179.9886,-16.477],[-179.9975,-16.4892],[-180,-16.4943],[-180,-16.5379],[-179.9762,-16.5353],[-179.9698,-16.5345],[-179.932,-16.5208],[-179.9269,-16.5189],[-179.8937,-16.4353],[-179.8964,-16.4311],[-179.9023,-16.4294],[-179.9148,-16.4317],[-179.9445,-16.4444],[-179.9495,-16.4467],[-179.9711,-16.4589]]],[[[179.5686,-16.7581],[179.5597,-16.7636],[179.5466,-16.765],[179.5394,-16.7647],[179.493,-16.7617],[179.4786,-16.7011],[179.4844,-16.6928],[179.5916,-16.5397],[179.653,-16.5017],[179.6747,-16.4947],[179.6891,-16.4881],[179.738,-16.4586],[179.7466,-16.4531],[179.7539,-16.4464],[179.7569,-16.4422],[179.8097,-16.3608],[179.853,-16.2911],[179.8917,-16.2447],[179.8983,-16.2372],[179.958,-16.1975],[179.9797,-16.1836],[179.9927,-16.1756],[180,-16.1727],[180,-16.1547],[179.9677,-16.1525],[179.9611,-16.1531],[179.9561,-16.1558],[179.9155,-16.1792],[179.8711,-16.2058],[179.8422,-16.2075],[179.7708,-16.2036],[179.6728,-16.2283],[179.5033,-16.2739],[179.4633,-16.2922],[179.4014,-16.3492],[179.3917,-16.3819],[179.403,-16.3986],[179.4044,-16.4028],[179.4041,-16.4097],[179.4005,-16.4131],[179.3319,-16.4131],[179.2986,-16.4128],[179.235,-16.4067],[179.2294,-16.3981],[179.2241,-16.3975],[178.9819,-16.4697],[178.9264,-16.4994],[178.93,-16.5031],[178.9278,-16.5147],[178.9255,-16.5197],[178.8975,-16.5483],[178.8939,-16.5519],[178.8894,-16.5547],[178.8633,-16.5667],[178.8269,-16.5747],[178.7775,-16.5992],[178.773,-16.6017],[178.7461,-16.6242],[178.7402,-16.6325],[178.7319,-16.6456],[178.7077,-16.6753],[178.6955,-16.6742],[178.6839,-16.6714],[178.6003,-16.6439],[178.5952,-16.6417],[178.5283,-16.7067],[178.4783,-16.7589],[178.4761,-16.7636],[178.4789,-16.7817],[178.4858,-16.7983],[178.4886,-16.8028],[178.4922,-16.8061],[178.5022,-16.8106],[178.518,-16.8161],[178.5253,-16.8164],[178.5436,-16.8144],[178.5516,-16.8083],[178.625,-16.8356],[178.6708,-16.9217],[178.6791,-16.9619],[178.6819,-16.9731],[178.6902,-16.9925],[178.6966,-17.0003],[178.7003,-17.0025],[178.7097,-17.0072],[178.7269,-17.0117],[178.7472,-17.0119],[178.7539,-17.0114],[178.7589,-17.0094],[178.7883,-16.9903],[178.7961,-16.9842],[178.8097,-16.9497],[178.8114,-16.9317],[178.8116,-16.9261],[178.8094,-16.9144],[178.8102,-16.9081],[178.8697,-16.8608],[178.9066,-16.855],[178.9441,-16.8792],[178.9483,-16.8889],[178.9497,-16.8944],[178.9547,-16.9036],[178.9589,-16.9064],[179.0189,-16.9272],[179.0239,-16.9253],[179.07,-16.8931],[179.0722,-16.8883],[179.0736,-16.8828],[179.0397,-16.8747],[179.0369,-16.8789],[179.0331,-16.8892],[179.0264,-16.8967],[179.0205,-16.8981],[179.0164,-16.8953],[179.0164,-16.8897],[179.0464,-16.8083],[179.0494,-16.8042],[179.053,-16.8006],[179.1683,-16.7242],[179.2064,-16.7053],[179.2658,-16.6906],[179.2722,-16.6914],[179.278,-16.6928],[179.3494,-16.7317],[179.3558,-16.7394],[179.3555,-16.7519],[179.3547,-16.7567],[179.3519,-16.7608],[179.3483,-16.7644],[179.3438,-16.7669],[179.3336,-16.7711],[179.3319,-16.8022],[179.4094,-16.8108],[179.5716,-16.8011],[179.6628,-16.7397],[179.71,-16.7297],[179.7463,-16.7264],[179.7789,-16.7275],[179.8105,-16.7347],[179.8447,-16.7439],[179.8533,-16.7564],[179.8552,-16.7614],[179.8661,-16.7719],[179.8705,-16.7733],[179.898,-16.7708],[179.9022,-16.7694],[179.9372,-16.7544],[179.9453,-16.7497],[179.9519,-16.7419],[179.9505,-16.7364],[179.8872,-16.6708],[179.878,-16.6658],[179.8713,-16.665],[179.8744,-16.6367],[179.9011,-16.5772],[179.9239,-16.5364],[179.9269,-16.5325],[179.9472,-16.5172],[179.9503,-16.5131],[179.9516,-16.5075],[179.9455,-16.475],[179.9441,-16.4694],[179.9419,-16.4644],[179.9375,-16.4617],[179.9325,-16.4608],[179.918,-16.4678],[179.8524,-16.5089],[179.813,-16.5406],[179.7519,-16.5914],[179.7147,-16.625],[179.643,-16.6908],[179.6161,-16.7206],[179.5686,-16.7581]]],[[[-169.8939,-19.1456],[-169.8881,-19.1444],[-169.8592,-19.1306],[-169.8503,-19.1258],[-169.8244,-19.1108],[-169.7981,-19.0872],[-169.7814,-19.0678],[-169.7817,-19.0628],[-169.8128,-18.9722],[-169.8175,-18.9683],[-169.8689,-18.9636],[-169.8848,-18.9633],[-169.8947,-18.9703],[-169.9289,-19.0106],[-169.9317,-19.0167],[-169.9531,-19.0703],[-169.9514,-19.0764],[-169.9309,-19.1244],[-169.8939,-19.1456]]],[[[-174.9747,-21.3658],[-174.9736,-21.3914],[-174.9658,-21.4178],[-174.9339,-21.4461],[-174.9245,-21.4522],[-174.9173,-21.4542],[-174.9109,-21.4267],[-174.9114,-21.3061],[-174.9353,-21.3247],[-174.9706,-21.3539],[-174.9739,-21.3589],[-174.9747,-21.3658]]],[[[-175.0517,-21.1617],[-175.0464,-21.1525],[-175.0456,-21.1458],[-175.0472,-21.1394],[-175.0503,-21.1344],[-175.0608,-21.1272],[-175.067,-21.1247],[-175.0731,-21.1242],[-175.0936,-21.125],[-175.1072,-21.1281],[-175.1195,-21.1325],[-175.1233,-21.135],[-175.1295,-21.1447],[-175.132,-21.1553],[-175.132,-21.1631],[-175.135,-21.1731],[-175.1417,-21.1786],[-175.1458,-21.1781],[-175.1522,-21.1756],[-175.2767,-21.125],[-175.3047,-21.0744],[-175.3022,-21.0714],[-175.3019,-21.0681],[-175.3053,-21.065],[-175.3125,-21.0636],[-175.3161,-21.0647],[-175.3392,-21.0731],[-175.3431,-21.0767],[-175.3514,-21.0861],[-175.355,-21.0914],[-175.3595,-21.0992],[-175.3605,-21.1025],[-175.358,-21.1294],[-175.3569,-21.1339],[-175.3514,-21.1433],[-175.3364,-21.1617],[-175.3236,-21.1744],[-175.3145,-21.18],[-175.1864,-21.2528],[-175.1453,-21.2681],[-175.135,-21.2678],[-175.1236,-21.2639],[-175.118,-21.2603],[-175.0517,-21.1617]]],[[[-174.7675,-20.2781],[-174.7608,-20.2764],[-174.7584,-20.2725],[-174.7561,-20.2644],[-174.7567,-20.2425],[-174.76,-20.2372],[-174.7656,-20.2347],[-174.7792,-20.2308],[-174.7864,-20.2317],[-174.792,-20.2347],[-174.7953,-20.2386],[-174.7959,-20.2453],[-174.7883,-20.2664],[-174.7853,-20.2717],[-174.7775,-20.2756],[-174.7675,-20.2781]]],[[[-174.4186,-19.9283],[-174.4139,-19.9267],[-174.3928,-19.905],[-174.3889,-19.9006],[-174.3867,-19.8939],[-174.3875,-19.8869],[-174.3909,-19.8817],[-174.3958,-19.8806],[-174.4011,-19.8836],[-174.4053,-19.8881],[-174.42,-19.9056],[-174.4225,-19.91],[-174.4239,-19.9147],[-174.4228,-19.9278],[-174.4186,-19.9283]]],[[[-174.3186,-19.8219],[-174.3145,-19.8172],[-174.3117,-19.8114],[-174.3064,-19.7719],[-174.3097,-19.7669],[-174.3159,-19.7642],[-174.3225,-19.7644],[-174.3259,-19.7683],[-174.3544,-19.8064],[-174.355,-19.812],[-174.3531,-19.8156],[-174.3481,-19.8186],[-174.3333,-19.8247],[-174.3275,-19.8253],[-174.3186,-19.8219]]],[[[-175.0784,-19.7081],[-175.0817,-19.7064],[-175.0869,-19.7081],[-175.0903,-19.7119],[-175.0978,-19.7414],[-175.0986,-19.7497],[-175.0914,-19.7681],[-175.0855,-19.7825],[-175.0839,-19.7861],[-175.0809,-19.7894],[-175.0772,-19.7936],[-175.0697,-19.7989],[-175.0633,-19.8008],[-175.0567,-19.8008],[-175.0514,-19.7992],[-175.0475,-19.7961],[-175.0442,-19.7922],[-175.0423,-19.7875],[-175.0425,-19.7814],[-175.0439,-19.7592],[-175.0503,-19.7283],[-175.0547,-19.7219],[-175.0589,-19.7181],[-175.0784,-19.7081]]],[[[-174.2631,-19.7447],[-174.2492,-19.7072],[-174.2475,-19.6972],[-174.2509,-19.6922],[-174.2561,-19.6881],[-174.2617,-19.6911],[-174.3053,-19.7369],[-174.3072,-19.7408],[-174.3047,-19.7447],[-174.2992,-19.7486],[-174.2928,-19.7511],[-174.2792,-19.7536],[-174.2725,-19.7528],[-174.2664,-19.75],[-174.2631,-19.7447]]],[[[-175.015,-19.6517],[-175.0189,-19.6542],[-175.0253,-19.6597],[-175.0314,-19.6681],[-175.0359,-19.6767],[-175.0361,-19.6794],[-175.035,-19.6836],[-175.0339,-19.6867],[-175.032,-19.6888],[-175.0256,-19.6919],[-175.0211,-19.6925],[-175.0183,-19.6914],[-175.0139,-19.6856],[-175.0039,-19.6644],[-175.0028,-19.6603],[-175.0031,-19.6569],[-175.0056,-19.6525],[-175.0106,-19.6514],[-175.015,-19.6517]]],[[[-174.28,-19.5928],[-174.2864,-19.5914],[-174.292,-19.5944],[-174.2939,-19.6011],[-174.2939,-19.6072],[-174.2906,-19.6186],[-174.282,-19.6344],[-174.2739,-19.6433],[-174.2608,-19.6519],[-174.2503,-19.6572],[-174.2445,-19.6561],[-174.2406,-19.6544],[-174.2389,-19.6511],[-174.2392,-19.6469],[-174.2417,-19.6428],[-174.28,-19.5928]]],[[[-174.6498,-18.7831],[-174.6556,-18.7839],[-174.6653,-18.7872],[-174.6709,-18.7903],[-174.6742,-18.7942],[-174.675,-18.8044],[-174.6731,-18.8128],[-174.667,-18.8258],[-174.6537,-18.8303],[-174.647,-18.8303],[-174.6386,-18.8275],[-174.6303,-18.8233],[-174.6244,-18.8142],[-174.6231,-18.8094],[-174.6244,-18.8067],[-174.6456,-18.7856],[-174.6498,-18.7831]]],[[[-174.0736,-18.6811],[-174.0797,-18.6814],[-174.0858,-18.6842],[-174.0942,-18.6911],[-174.0978,-18.6964],[-174.0961,-18.7011],[-174.0903,-18.7031],[-174.0666,-18.7064],[-174.0614,-18.7047],[-174.0617,-18.6986],[-174.0656,-18.6872],[-174.0689,-18.6822],[-174.0736,-18.6811]]],[[[-174.0411,-18.6803],[-174.0433,-18.6808],[-174.045,-18.6836],[-174.0445,-18.6875],[-174.0348,-18.7139],[-174.0334,-18.7156],[-174.0242,-18.7197],[-174.0197,-18.7172],[-174.0164,-18.7119],[-174.015,-18.7053],[-174.0192,-18.6944],[-174.0297,-18.6842],[-174.0375,-18.6808],[-174.0411,-18.6803]]],[[[-174.1236,-18.6775],[-174.1264,-18.6828],[-174.1278,-18.6903],[-174.1284,-18.6972],[-174.1281,-18.7033],[-174.1239,-18.7044],[-174.0897,-18.6742],[-174.0867,-18.6703],[-174.0853,-18.6656],[-174.0911,-18.6639],[-174.1058,-18.6667],[-174.1158,-18.6714],[-174.1236,-18.6775]]],[[[-174.07,-18.6394],[-174.0642,-18.6564],[-174.062,-18.6622],[-174.0544,-18.6697],[-173.987,-18.6842],[-173.9106,-18.6381],[-173.9073,-18.6331],[-173.9062,-18.6269],[-173.9075,-18.6206],[-173.9167,-18.5997],[-173.9317,-18.5753],[-173.9356,-18.5708],[-173.9392,-18.5689],[-173.9675,-18.5681],[-173.9894,-18.5711],[-173.9955,-18.5733],[-174.0009,-18.5764],[-174.0056,-18.58],[-174.0131,-18.5897],[-174.0172,-18.6031],[-174.0234,-18.6144],[-174.0272,-18.6189],[-174.0334,-18.6211],[-174.0414,-18.6211],[-174.0495,-18.6211],[-174.0572,-18.6211],[-174.0625,-18.6236],[-174.0681,-18.6264],[-174.0706,-18.6325],[-174.07,-18.6394]]],[[[-175.6792,-15.615],[-175.67,-15.6242],[-175.6658,-15.6272],[-175.6547,-15.6303],[-175.6447,-15.6292],[-175.6364,-15.625],[-175.612,-15.6044],[-175.6095,-15.6006],[-175.6072,-15.585],[-175.6089,-15.5708],[-175.6167,-15.5633],[-175.6214,-15.5608],[-175.6272,-15.5603],[-175.6678,-15.5661],[-175.6717,-15.5686],[-175.6781,-15.5764],[-175.6839,-15.5897],[-175.6847,-15.5936],[-175.6828,-15.6078],[-175.6792,-15.615]]],[[[-178.1406,-14.3164],[-178.1342,-14.3178],[-178.0608,-14.3239],[-178.0425,-14.3194],[-178.0423,-14.3167],[-178.0448,-14.3144],[-178.1247,-14.2503],[-178.13,-14.2469],[-178.1778,-14.2331],[-178.1856,-14.2317],[-178.1895,-14.2361],[-178.1911,-14.2433],[-178.1883,-14.2561],[-178.1809,-14.2728],[-178.1778,-14.2781],[-178.1711,-14.2878],[-178.1539,-14.3081],[-178.1406,-14.3164]]],[[[-176.1678,-13.3528],[-176.165,-13.3531],[-176.1614,-13.3528],[-176.1445,-13.3467],[-176.1406,-13.3436],[-176.1386,-13.3383],[-176.1211,-13.2633],[-176.1219,-13.2564],[-176.1236,-13.2514],[-176.1458,-13.2181],[-176.1503,-13.2142],[-176.1562,-13.2136],[-176.1606,-13.2161],[-176.1783,-13.2322],[-176.1831,-13.2436],[-176.1858,-13.2578],[-176.1911,-13.2869],[-176.1881,-13.3136],[-176.1772,-13.3414],[-176.1703,-13.3511],[-176.1678,-13.3528]]],[[[-171.4653,-14.0528],[-171.442,-14.0575],[-171.4297,-14.0197],[-171.4286,-14.0128],[-171.4294,-14.0053],[-171.432,-13.9994],[-171.4422,-13.9864],[-171.4461,-13.9825],[-171.6191,-13.8786],[-171.7481,-13.8317],[-171.8223,-13.8075],[-171.8839,-13.8056],[-171.9067,-13.8067],[-172.0278,-13.8394],[-172.0309,-13.8411],[-172.0578,-13.8647],[-172.0617,-13.8692],[-172.0648,-13.8744],[-172.0648,-13.8819],[-172.06,-13.9003],[-172.057,-13.9061],[-172.0528,-13.9106],[-172.0484,-13.9144],[-171.9111,-14.0125],[-171.7681,-14.0358],[-171.6484,-14.0503],[-171.5889,-14.0525],[-171.5461,-14.0503],[-171.5244,-14.0478],[-171.5167,-14.0478],[-171.48,-14.0506],[-171.4653,-14.0528]]],[[[-172.2225,-13.5631],[-172.2859,-13.4864],[-172.2897,-13.4819],[-172.2989,-13.4742],[-172.3044,-13.4711],[-172.3114,-13.4692],[-172.3484,-13.4614],[-172.3608,-13.4606],[-172.3911,-13.4642],[-172.4753,-13.4797],[-172.5519,-13.4972],[-172.5965,-13.5091],[-172.6553,-13.5192],[-172.7286,-13.5133],[-172.7361,-13.5094],[-172.7417,-13.5075],[-172.7531,-13.5094],[-172.7581,-13.5111],[-172.77,-13.5156],[-172.775,-13.5194],[-172.7795,-13.5272],[-172.7803,-13.53],[-172.7806,-13.5333],[-172.7797,-13.5397],[-172.7728,-13.55],[-172.7534,-13.5722],[-172.75,-13.5758],[-172.6911,-13.6261],[-172.59,-13.7397],[-172.5744,-13.7658],[-172.5325,-13.8008],[-172.5272,-13.8039],[-172.5195,-13.8053],[-172.5089,-13.8067],[-172.4892,-13.8069],[-172.4828,-13.8067],[-172.3933,-13.7917],[-172.2623,-13.8019],[-172.2575,-13.8058],[-172.252,-13.8075],[-172.225,-13.8089],[-172.2142,-13.8078],[-172.2105,-13.8053],[-172.1678,-13.6914],[-172.1678,-13.6844],[-172.1689,-13.6775],[-172.1934,-13.6133],[-172.2031,-13.5919],[-172.2225,-13.5631]]]]},"properties":{"NAME":"Tuʻi Tonga Empire","SUBJECTO":"Tuʻi Tonga Empire","PARTOF":"Tuʻi Tonga Empire","BORDERPRECISION":1,"LINK":null}},
{"type":"Feature","geometry":{"type":"Polygon","coordinates":[[[-109.2414,-27.1331],[-109.2358,-27.1311],[-109.2242,-27.1211],[-109.2183,-27.1119],[-109.2172,-27.1056],[-109.2178,-27.0994],[-109.2214,-27.0958],[-109.3658,-27.0633],[-109.3714,-27.0639],[-109.3908,-27.0667],[-109.3961,-27.0683],[-109.4092,-27.0844],[-109.4156,-27.0925],[-109.4206,-27.1019],[-109.4225,-27.1075],[-109.4453,-27.1753],[-109.447,-27.1808],[-109.4492,-27.1931],[-109.447,-27.1981],[-109.4425,-27.2008],[-109.4278,-27.2019],[-109.4158,-27.1933],[-109.3889,-27.1772],[-109.3339,-27.1514],[-109.3217,-27.1492],[-109.2908,-27.15],[-109.2414,-27.1331]]]},"properties":{"NAME":"Polynesians","SUBJECTO":"Polynesians","PARTOF":"Polynesians","BORDERPRECISION":1,"LINK":null}},
{"type":"Feature","geometry":{"type":"MultiPolygon","coordinates":[[[[100.2279,20.3891],[100.2448,20.3839],[100.3775,20.3021],[100.4306,20.2262],[100.4353,20.0358],[101.6574,19.6612],[101.8515,20.5324],[102.98,20.9665],[105.4124,21.902],[106.2341,21.6966],[107.4658,20.9763],[107.4178,21.1858],[107.7898,21.4025],[107.8756,21.4621],[107.9,21.479],[108.1167,21.4985],[108.2659,21.4734],[108.3873,21.5309],[108.4589,21.7089],[108.4666,21.7851],[108.555,21.8234],[108.813,21.4936],[109.1174,21.399],[109.3219,21.4312],[109.4143,21.5648],[109.5161,21.5968],[109.7798,21.483],[109.7868,21.4068],[109.6081,21.057],[109.6029,20.8792],[109.7116,20.5682],[109.9283,20.2447],[110.2713,20.3153],[110.4337,20.4363],[110.4141,20.5252],[110.2932,20.5821],[110.0772,20.8675],[110.0724,20.9183],[110.2026,21.0964],[110.2338,21.2553],[110.2388,21.2807],[110.3634,21.2429],[110.5664,21.2306],[110.7496,21.3771],[111.0856,21.4794],[111.4342,21.4611],[111.5361,21.4931],[111.734,21.7095],[111.8312,21.7541],[112.0395,21.6593],[112.3079,21.6789],[112.4725,21.7301],[112.7495,21.7561],[112.8153,21.8261],[112.8156,21.9341],[112.8713,22.0612],[113.0967,21.9791],[113.2837,22.0303],[113.3777,22.1639],[113.3991,22.4752],[113.4193,22.5705],[113.3766,22.6466],[113.4626,22.7739],[113.536,22.7041],[113.7168,22.4822],[113.8452,22.4634],[113.9891,22.5527],[114.3039,22.6486],[114.5375,22.6745],[114.5587,22.4649],[114.8478,22.51],[115.0435,22.5994],[115.1855,22.7458],[115.3088,22.7714],[115.5425,22.6957],[115.7067,22.6389],[115.86,22.8361],[116.0847,22.8874],[116.3406,22.9133],[116.4002,22.9833],[116.4039,23.1993],[116.4521,23.2502],[116.7091,23.346],[116.9627,23.5562],[117.2454,23.633],[117.4059,23.6905],[117.7532,23.9834],[117.8491,24.0471],[117.7961,24.4217],[117.8613,24.5108],[117.9249,24.5617],[118.1242,24.5304],[118.3456,24.4673],[118.5312,24.69],[118.8129,24.8494],[118.9454,25.1355],[119.0237,25.3135],[119.0959,25.4407],[119.3354,25.5301],[119.4286,25.6509],[119.4703,25.7717],[119.436,26.0383],[119.5549,26.2672],[119.4289,26.5908],[119.6007,26.6928],[119.857,26.706],[119.9714,26.7888],[120.0841,26.9859],[120.3518,27.177],[120.4089,27.3105],[120.5059,27.5901],[120.6865,27.8699],[120.9424,28.2133],[121.0086,28.277],[121.1659,28.1249],[121.2597,28.1823],[121.3585,28.3857],[121.3458,28.5444],[121.4325,28.8367],[121.5668,29.1735],[121.6492,29.3197],[121.5582,29.3576],[121.4115,29.3446],[121.3619,29.4144],[121.4984,29.5226],[121.6704,29.6245],[121.7744,29.7645],[121.7703,29.8343],[121.5652,29.8466],[121.3913,29.9224],[121.1552,30.1886],[121.0825,30.2138],[120.8627,30.188],[120.4379,29.9966],[120.2676,30.0216],[119.9437,30.1162],[120.2269,30.2502],[120.6087,30.3462],[121.0355,30.5947],[121.3284,30.6905],[121.5689,30.7101],[121.6319,30.7928],[121.6402,30.9261],[121.4989,31.2814],[121.3079,31.4207],[121.2683,31.4523],[121.6233,31.6182],[121.645,31.688],[121.606,31.8276],[121.4837,31.948],[121.2305,32.0618],[121.0508,32.328],[120.7383,32.4607],[120.6609,32.5431],[120.7194,32.848],[120.6406,33.0446],[120.3403,33.3361],[120.1494,33.8943],[119.9736,34.1352],[119.6205,34.3694],[119.2999,34.5909],[119.0209,34.6919],[119.0032,34.9395],[119.0602,35.0413],[119.6888,35.545],[119.9073,35.7681],[119.9756,35.9336],[119.9138,36.1434],[120.1393,36.1948],[120.1965,36.1567],[120.2037,36.0359],[120.2697,35.9851],[120.5048,36.0556],[120.5373,36.3865],[120.8555,36.5844],[121.6099,36.8342],[121.8467,36.8602],[121.9801,36.8222],[122.2556,36.7337],[122.2813,36.982],[122.3929,37.3006],[122.2695,37.3003],[122.0576,37.3636],[121.8948,37.376],[121.4343,37.3368],[121.1898,37.4255],[120.7874,37.7049],[120.6581,37.7365],[120.4181,37.6787],[120.1694,37.5763],[119.9407,37.3529],[119.5989,37.1166],[119.2844,37.046],[118.9546,37.0771],[118.837,37.2042],[118.8116,37.4461],[118.8673,37.7074],[118.8752,37.9494],[118.7446,38.0638],[118.2003,38.0436],[117.8407,38.1639],[117.5895,38.2845],[117.479,38.4499],[117.4395,38.6028],[117.5751,38.9153],[117.7529,39.2025],[117.9101,39.2602],[118.0699,39.2542],[118.2746,38.9996],[118.4124,39.0509],[118.5593,39.1723],[118.7813,39.1664],[118.9776,39.2241],[119.0906,39.3391],[119.1494,39.454],[119.2107,39.639],[119.3855,39.8434],[119.5478,39.933],[119.8238,40.0422],[120.1127,40.0811],[120.2727,40.1518],[120.7884,40.6838],[121.0106,40.8507],[121.0853,40.8572],[121.368,40.8706],[121.4267,40.8643],[121.7536,40.737],[122.0824,40.488],[122.1079,40.3537],[122.0365,40.264],[121.789,40.0781],[121.6681,39.9054],[121.2394,39.5538],[121.2133,39.4836],[121.2822,39.3499],[121.449,39.3821],[121.6602,39.3315],[121.5118,39.1719],[121.1237,38.8651],[121.0653,38.7503],[121.2165,38.757],[121.4884,38.8786],[121.7432,39.0894],[122.0275,39.2558],[123.0391,39.6722],[123.3664,39.7494],[123.9165,39.8079],[124.1041,39.8848],[124.1339,39.8431],[124.209,39.7383],[124.4428,39.573],[124.5481,39.5413],[124.6884,39.6054],[124.86,39.6185],[124.9223,39.6186],[125.2065,39.4853],[125.2219,39.4645],[125.3321,39.5112],[125.3976,39.3763],[125.2943,39.1453],[125.1278,38.8062],[125.2937,38.6887],[125.1451,38.6181],[124.9294,38.4649],[124.7362,38.2798],[124.6937,38.1395],[124.7697,37.9359],[125.077,37.7709],[125.3373,37.6815],[125.4866,37.7315],[125.6186,37.7723],[125.7678,37.983],[125.9141,37.8063],[126.0749,37.7474],[126.2097,37.7541],[126.3304,37.6614],[126.3668,37.688],[126.3719,37.6269],[126.373,37.6217],[126.3753,37.6172],[126.3819,37.6089],[126.3864,37.6053],[126.3975,37.5989],[126.4103,37.5939],[126.4189,37.5925],[126.4486,37.5922],[126.5014,37.5944],[126.5139,37.5972],[126.5394,37.6278],[126.5294,37.6856],[126.5386,37.6869],[126.5464,37.6522],[126.5475,37.6472],[126.55,37.6425],[126.5533,37.6383],[126.5725,37.62],[126.6292,37.5914],[126.6521,37.5668],[126.6589,37.555],[126.6628,37.5406],[126.6744,37.488],[126.6708,37.485],[126.6641,37.4839],[126.6319,37.4875],[126.6258,37.4858],[126.6219,37.4814],[126.6255,37.4714],[126.6564,37.4111],[126.6608,37.4075],[126.6661,37.4044],[126.6728,37.4019],[126.7169,37.3861],[126.7255,37.3847],[126.7328,37.385],[126.7419,37.3868],[126.7222,37.328],[126.7705,37.3047],[126.8019,37.2955],[126.8091,37.2955],[126.815,37.2975],[126.8361,37.308],[126.8433,37.3083],[126.8475,37.3044],[126.8636,37.2717],[126.8658,37.2669],[126.8619,37.2628],[126.8561,37.2608],[126.7661,37.2319],[126.7528,37.245],[126.6994,37.2622],[126.6681,37.2556],[126.6619,37.2539],[126.6589,37.2486],[126.6608,37.1619],[126.6611,37.1561],[126.6878,37.1244],[126.6944,37.1217],[126.7075,37.1236],[126.7186,37.128],[126.723,37.1317],[126.7386,37.1489],[126.7594,37.1689],[126.7639,37.1722],[126.77,37.1742],[126.8691,37.1764],[126.8697,37.1722],[126.8686,37.1458],[126.8653,37.1408],[126.8594,37.1389],[126.853,37.138],[126.8194,37.1339],[126.7822,37.1255],[126.7764,37.1236],[126.773,37.1186],[126.7542,37.0542],[126.7528,37.0486],[126.7561,37.0444],[126.8658,36.9505],[126.8702,36.9469],[126.908,36.9194],[126.9144,36.9169],[126.9217,36.9169],[127.0002,36.9297],[126.9922,36.9108],[126.9061,36.8169],[126.8464,36.7525],[126.8386,36.7533],[126.8342,36.7569],[126.8308,36.7611],[126.8286,36.7658],[126.8272,36.8411],[126.8289,36.8536],[126.8317,36.8597],[126.8342,36.8728],[126.8342,36.8783],[126.8306,36.8942],[126.8255,36.9092],[126.8233,36.9139],[126.7811,36.9636],[126.7767,36.9672],[126.7692,36.9692],[126.7614,36.97],[126.6822,36.9717],[126.62,36.9728],[126.5717,37.0214],[126.5675,37.025],[126.5253,37.0503],[126.5178,37.0522],[126.5025,37.0528],[126.4992,37.0497],[126.4905,36.9955],[126.5142,36.9414],[126.4975,36.8708],[126.4955,36.8642],[126.4905,36.8522],[126.4833,36.8425],[126.4789,36.8392],[126.4725,36.8394],[126.4683,36.843],[126.4633,36.8639],[126.4622,36.8947],[126.462,36.8982],[126.4685,36.9064],[126.4766,36.9222],[126.4792,36.9283],[126.478,36.9336],[126.4491,36.9914],[126.4425,36.9997],[126.4372,37.0028],[126.4294,37.0047],[126.4225,37.0047],[126.3928,37.0047],[126.3558,36.9964],[126.35,36.9944],[126.3397,36.9892],[126.335,36.9856],[126.345,36.9567],[126.3483,36.9525],[126.3528,36.9489],[126.383,36.9294],[126.3897,36.9305],[126.4072,36.9358],[126.4136,36.9333],[126.4138,36.9149],[126.4151,36.912],[126.4151,36.8967],[126.4011,36.8519],[126.3247,36.8039],[126.2944,36.7872],[126.2894,36.7858],[126.2839,36.7947],[126.2803,36.8044],[126.2792,36.8097],[126.2805,36.8153],[126.2972,36.8436],[126.3144,36.8678],[126.3208,36.878],[126.3217,36.8844],[126.3089,36.9422],[126.3044,36.9622],[126.2978,36.9636],[126.2911,36.9625],[126.2861,36.96],[126.1883,36.8825],[126.1844,36.8783],[126.1917,36.8199],[126.1643,36.8097],[126.1289,36.7517],[126.1236,36.7092],[126.128,36.7053],[126.1661,36.6753],[126.1728,36.6728],[126.1861,36.6703],[126.1927,36.6714],[126.2292,36.6808],[126.235,36.6825],[126.24,36.6853],[126.2439,36.6897],[126.2483,36.7025],[126.2514,36.7075],[126.2561,36.7111],[126.2728,36.7175],[126.275,36.7128],[126.2989,36.6394],[126.2991,36.6278],[126.2931,36.5819],[126.3155,36.5994],[126.3369,36.6455],[126.3347,36.6503],[126.3228,36.6617],[126.3094,36.6783],[126.3047,36.6875],[126.3036,36.6928],[126.3075,36.6972],[126.343,36.7367],[126.3475,36.74],[126.3547,36.7403],[126.4694,36.7436],[126.4753,36.7419],[126.4972,36.7239],[126.5161,36.6597],[126.5269,36.5986],[126.5272,36.5928],[126.5247,36.5869],[126.5189,36.585],[126.5125,36.5875],[126.5069,36.5908],[126.5003,36.5919],[126.4742,36.588],[126.4658,36.58],[126.4644,36.5747],[126.4806,36.4811],[126.4958,36.3942],[126.5366,36.2192],[126.5444,36.1364],[126.6736,36.0047],[126.6853,36],[126.6889,36],[126.7073,36.0008],[126.7395,36.0058],[126.8591,36.0555],[126.8692,36.0606],[126.871,36.0578],[126.873,36.0547],[126.8688,36.0431],[126.8536,36.0353],[126.7619,35.9953],[126.7053,35.9847],[126.6425,35.9717],[126.6317,35.9672],[126.6283,35.9619],[126.6153,35.9258],[126.6142,35.9194],[126.6142,35.8961],[126.6153,35.8908],[126.62,35.8886],[126.7258,35.8825],[126.733,35.8825],[126.7825,35.8931],[126.7883,35.8947],[126.8011,35.8617],[126.7519,35.7783],[126.7383,35.7764],[126.7067,35.7708],[126.6958,35.7664],[126.6425,35.7422],[126.6322,35.7369],[126.4794,35.64],[126.4747,35.6358],[126.4686,35.6092],[126.4708,35.6044],[126.4772,35.5961],[126.488,35.5842],[126.4986,35.578],[126.5072,35.5764],[126.515,35.5758],[126.5214,35.5767],[126.5358,35.5855],[126.5469,35.59],[126.6439,35.5947],[126.6511,35.595],[126.6586,35.5942],[126.665,35.5917],[126.6691,35.588],[126.675,35.5736],[126.6875,35.5392],[126.6878,35.5333],[126.6839,35.5289],[126.6786,35.5322],[126.6194,35.5469],[126.5289,35.5269],[126.523,35.525],[126.4969,35.5125],[126.4917,35.5097],[126.4842,35.5011],[126.4569,35.4625],[126.4469,35.4478],[126.4414,35.4302],[126.4289,35.4161],[126.425,35.4117],[126.4219,35.4067],[126.3875,35.3369],[126.3783,35.3122],[126.3636,35.2278],[126.3605,35.1803],[126.3875,35.1478],[126.4114,35.1192],[126.4208,35.1117],[126.4314,35.1056],[126.4439,35.1005],[126.4556,35.0947],[126.4589,35.0905],[126.4572,35.0689],[126.4314,35.0233],[126.4211,35.0181],[126.4164,35.0203],[126.3597,35.0692],[126.343,35.0955],[126.3408,35.1003],[126.3433,35.1064],[126.3497,35.1167],[126.3533,35.1208],[126.3542,35.1272],[126.353,35.1325],[126.3494,35.148],[126.345,35.1517],[126.2694,35.1367],[126.2636,35.1347],[126.2542,35.1286],[126.2511,35.1233],[126.2492,35.1167],[126.2483,35.1103],[126.3042,34.9619],[126.318,34.9322],[126.3225,34.9286],[126.3328,34.9225],[126.338,34.9194],[126.3439,34.9175],[126.3694,34.9308],[126.3761,34.9405],[126.3769,34.9467],[126.4336,34.9636],[126.4133,34.8944],[126.3786,34.8092],[126.3711,34.8005],[126.3691,34.7939],[126.3714,34.7892],[126.3758,34.7856],[126.3814,34.7836],[126.4992,34.7761],[126.5105,34.7756],[126.515,34.7789],[126.5186,34.7833],[126.5311,34.8039],[126.5336,34.8169],[126.54,34.873],[126.5908,34.8775],[126.6597,34.8128],[126.6608,34.8075],[126.635,34.7822],[126.6292,34.7805],[126.608,34.7794],[126.4941,34.7505],[126.4769,34.725],[126.4925,34.7217],[126.5031,34.7153],[126.6202,34.6242],[126.6183,34.6194],[126.6125,34.6178],[126.6061,34.6167],[126.5367,34.6136],[126.5289,34.6142],[126.5217,34.6164],[126.4728,34.6372],[126.4619,34.6422],[126.4514,34.6483],[126.4325,34.6194],[126.4517,34.578],[126.4175,34.5958],[126.3511,34.6992],[126.3433,34.7128],[126.3283,34.7347],[126.3167,34.7461],[126.3114,34.7492],[126.3039,34.7511],[126.2969,34.7511],[126.2928,34.7475],[126.2894,34.7422],[126.2669,34.6833],[126.2653,34.6708],[126.273,34.6339],[126.2883,34.5903],[126.3128,34.5681],[126.3183,34.565],[126.3914,34.5439],[126.4633,34.4847],[126.4619,34.4792],[126.4619,34.4733],[126.4783,34.3453],[126.525,34.3161],[126.5564,34.3005],[126.5941,34.2994],[126.6003,34.3003],[126.6839,34.4344],[126.7561,34.5578],[126.7655,34.5733],[126.7725,34.5828],[126.7775,34.5855],[126.7833,34.5872],[126.7897,34.5861],[126.795,34.5831],[126.7991,34.5794],[126.8028,34.5694],[126.8042,34.5583],[126.805,34.5297],[126.8,34.4919],[126.8008,34.4631],[126.8117,34.4455],[126.8169,34.4425],[126.8894,34.4125],[126.8878,34.435],[126.8969,34.4492],[126.9383,34.4872],[126.9664,34.5042],[126.9855,34.5264],[126.9886,34.5317],[126.9894,34.5378],[127.0097,34.6022],[127.0369,34.62],[127.0917,34.6505],[127.1125,34.6603],[127.2167,34.7075],[127.2739,34.7275],[127.3286,34.743],[127.3353,34.7419],[127.3383,34.7378],[127.3516,34.698],[127.3528,34.6928],[127.3325,34.6564],[127.3286,34.6522],[127.2422,34.5694],[127.2072,34.5689],[127.1927,34.5694],[127.1917,34.5747],[127.2028,34.5969],[127.2111,34.6142],[127.213,34.6208],[127.213,34.6272],[127.2119,34.6325],[127.2064,34.6356],[127.2017,34.633],[127.1317,34.5653],[127.1253,34.555],[127.1233,34.5481],[127.1247,34.5372],[127.1292,34.5278],[127.1355,34.5194],[127.1397,34.5158],[127.1683,34.5119],[127.2436,34.5114],[127.3153,34.4436],[127.3894,34.4711],[127.51,34.5786],[127.5144,34.5914],[127.5133,34.5967],[127.4889,34.6378],[127.4858,34.6419],[127.4294,34.6769],[127.4086,34.6894],[127.3919,34.6983],[127.3875,34.7019],[127.3639,34.7514],[127.3989,34.8022],[127.4183,34.8186],[127.4939,34.8517],[127.5225,34.8569],[127.5678,34.7667],[127.5628,34.7175],[127.5583,34.7047],[127.5564,34.6922],[127.5542,34.6561],[127.5564,34.6514],[127.5764,34.6383],[127.635,34.615],[127.6408,34.6169],[127.7439,34.7233],[127.7478,34.7275],[127.7694,34.795],[127.7739,34.8264],[127.7736,34.8439],[127.7172,34.8417],[127.7108,34.8405],[127.705,34.8389],[127.6903,34.8303],[127.6864,34.8258],[127.673,34.8155],[127.6675,34.8139],[127.6547,34.8119],[127.6386,34.8142],[127.6114,34.8408],[127.605,34.8492],[127.5764,34.8869],[127.5686,34.9119],[127.5692,34.9178],[127.5889,34.9383],[127.5933,34.9417],[127.6005,34.9419],[127.6056,34.9386],[127.6092,34.9231],[127.6186,34.9105],[127.628,34.9036],[127.6353,34.9017],[127.6431,34.9008],[127.6608,34.9053],[127.7674,34.9603],[127.8308,34.9467],[127.8639,34.9403],[127.883,34.943],[127.8939,34.9475],[127.9094,34.9553],[128.0205,34.9864],[128.0469,34.9475],[128.048,34.9422],[128.0503,34.9375],[128.0561,34.9308],[128.0667,34.9244],[128.0728,34.9217],[128.1541,34.8944],[128.1764,34.8894],[128.2039,34.8883],[128.2066,34.8944],[128.208,34.8997],[128.2089,34.9119],[128.2077,34.9228],[128.2111,34.928],[128.2161,34.9305],[128.2278,34.9342],[128.3291,34.9494],[128.3408,34.9436],[128.3511,34.9314],[128.3561,34.9097],[128.3566,34.9053],[128.3463,34.9],[128.3355,34.8714],[128.403,34.8336],[128.4089,34.8319],[128.435,34.8347],[128.4458,34.8389],[128.4519,34.8455],[128.463,34.8686],[128.47,34.8858],[128.5014,35.0083],[128.4875,35.0475],[128.4833,35.0511],[128.4772,35.0539],[128.4655,35.0503],[128.4155,35.0322],[128.4105,35.0297],[128.4072,35.0244],[128.4052,35.0178],[128.3961,35.0108],[128.3911,35.0083],[128.3794,35.0047],[128.3725,35.0047],[128.3711,35.0094],[128.378,35.0361],[128.3861,35.0422],[128.5728,35.17],[128.6114,35.1733],[128.62,35.1486],[128.7105,35.1011],[128.735,35.0928],[128.8105,35.0842],[128.9191,35.0892],[128.925,35.0908],[128.9294,35.0942],[128.9739,35.1348],[128.9786,35.085],[129.1369,35.1122],[129.1747,35.1469],[129.2375,35.1899],[129.2416,35.2089],[129.2778,35.2958],[129.2811,35.3008],[129.3422,35.3425],[129.3475,35.345],[129.4394,35.4758],[129.4664,35.5372],[129.4694,35.5503],[129.4744,35.5803],[129.4753,35.5922],[129.4733,35.6028],[129.4648,35.6446],[129.4866,35.6833],[129.5839,35.9889],[129.5869,35.9996],[129.5883,36.0076],[129.5883,36.0193],[129.5853,36.0349],[129.5739,36.064],[129.5645,36.0766],[129.5573,36.0788],[129.5511,36.0771],[129.5281,36.051],[129.4903,36.0157],[129.4816,36.008],[129.4718,36],[129.463,35.9947],[129.4572,35.993],[129.45,35.993],[129.4255,35.9972],[129.419,36.0005],[129.3983,36.013],[129.3941,36.0166],[129.3889,36.0257],[129.3869,36.036],[129.3819,36.3086],[129.3819,36.3144],[129.3853,36.3275],[129.3905,36.3394],[129.4058,36.3572],[129.418,36.3697],[129.4352,36.3942],[129.438,36.4003],[129.4391,36.4064],[129.4505,36.5005],[129.4505,36.5064],[129.4411,36.5361],[129.4369,36.5458],[129.4272,36.5583],[129.423,36.5678],[129.42,36.5778],[129.4189,36.5831],[129.4169,36.6167],[129.4178,36.6228],[129.4222,36.6342],[129.4386,36.6603],[129.4425,36.6647],[129.4519,36.6714],[129.4622,36.6764],[129.4669,36.6797],[129.4697,36.6858],[129.4716,36.6925],[129.473,36.7103],[129.475,36.7689],[129.475,36.7744],[129.4686,36.7889],[129.4591,36.8072],[129.4539,36.8161],[129.4308,36.8689],[129.4278,36.8789],[129.4236,36.9],[129.4161,36.9422],[129.4139,37.0161],[129.4139,37.0217],[129.415,37.028],[129.4172,37.0347],[129.4239,37.045],[129.4286,37.0483],[129.4319,37.0533],[129.4336,37.0589],[129.4294,37.0683],[129.3763,37.135],[129.3658,37.1469],[129.3625,37.15],[129.3541,37.2283],[129.353,37.2336],[129.3425,37.2572],[129.2589,37.3714],[129.1897,37.4647],[129.1361,37.5256],[129.0664,37.6244],[129.06,37.6386],[129.063,37.6575],[129.063,37.6689],[129.05,37.6858],[129.0105,37.7244],[128.9986,37.7361],[128.8827,37.848],[128.8783,37.8519],[128.8633,37.8561],[128.858,37.8594],[128.6411,38.1172],[128.6378,38.1214],[128.6344,38.1255],[128.6258,38.1444],[128.5325,38.3306],[128.3892,38.5794],[128.3636,38.6252],[128.3574,38.6839],[127.9976,38.8665],[127.745,39.1185],[127.4973,39.1368],[127.2769,39.2217],[127.5441,39.3741],[127.4408,39.6237],[127.5524,39.7642],[127.6715,39.8664],[127.9313,39.9562],[128.2362,39.9696],[128.4466,40.0659],[128.791,40.3543],[129.0148,40.5275],[129.177,40.6302],[129.4778,40.682],[129.7596,40.8858],[129.8284,41.3958],[129.5907,41.4699],[129.6413,41.6558],[129.8247,41.8614],[130.4351,42.2768],[130.4676,42.2988],[131.0646,42.7492],[131.3568,42.9939],[131.5842,43.2127],[131.8652,43.2904],[131.6746,43.0266],[131.8831,43.072],[132.1818,43.1946],[132.3331,42.9637],[132.4847,42.8805],[132.5944,42.9],[132.8274,42.8619],[132.9528,42.6695],[133.312,42.7794],[134.1389,42.993],[134.5686,43.2122],[134.9624,43.515],[135.1561,43.7212],[135.4148,44.0368],[135.6928,44.224],[136.034,44.3984],[136.1792,44.5468],[136.2851,44.753],[136.4941,44.966],[137.2969,45.6463],[137.7205,45.9967],[137.9846,46.2693],[138.2429,46.7107],[138.3516,46.8732],[138.685,47.1335],[138.9493,47.3224],[139.0467,47.6152],[139.2137,47.8106],[140.081,48.5026],[140.1466,48.7244],[140.3282,49.3579],[140.3722,49.6913],[140.457,50.104],[140.3488,50.4192],[140.3235,50.5178],[140.4045,50.8274],[140.7303,51.4413],[140.9699,51.6928],[141.1263,51.8716],[141.2571,52.1035],[141.1606,52.2092],[140.9395,52.2618],[141.0905,52.5869],[141.032,52.7261],[140.8282,52.8252],[141.0897,52.9851],[141.1212,53.0516],[140.8937,53.1974],[140.7023,53.2769],[140.3213,53.5356],[140.1025,53.8017],[139.8059,53.9611],[139.378,54.0804],[139.0517,54.0865],[138.7604,54.0859],[138.4168,54.0919],[138.4095,53.8051],[138.234,53.5716],[137.9794,53.4646],[137.2392,53.4565],[137.0713,53.4895],[137.1217,53.5894],[137.3258,53.7431],[137.3829,53.8098],[137.0407,53.8625],[136.7702,53.6954],[136.4871,53.6548],[126.4368,54.9172],[118.1096,56.8932],[109.0768,57.5989],[93.975,56.8932],[90,50.0733],[93.8085,49.6782],[93.2665,49.1362],[93.8085,48.5943],[93.8085,48.0523],[90,46.4264],[90,43.8972],[92.0019,41.91],[81.2528,35.316],[81.7946,34.768],[82.6934,34.7433],[86.821,35.1119],[89.9168,35.1856],[90,35.6278],[89.9168,35.9964],[90,36.5123],[91.6858,36.3649],[95.5186,37.102],[101.6876,36.3074],[102.4061,33.7207],[100.6816,28.691],[98.6372,27.4787],[98.592,25.7582],[98.5826,25.4009],[100.5018,24.314],[100.1405,23.3746],[101.0076,21.4235],[100.2279,20.3891]]],[[[114.0307,22.3101],[114.0465,22.34],[113.9496,22.3028],[113.9015,22.2909],[113.8585,22.2577],[113.8362,22.2139],[113.8671,22.1973],[113.9037,22.2185],[113.9317,22.2059],[113.9546,22.2338],[113.9891,22.2145],[114.0221,22.2285],[114.0307,22.3101]]],[[[114.1663,22.5608],[114.0845,22.5283],[114.0292,22.5085],[114.0421,22.4985],[113.9812,22.4687],[113.9014,22.4065],[113.9254,22.3672],[113.9467,22.3659],[114.0077,22.3719],[114.0866,22.3606],[114.1024,22.3287],[114.144,22.3314],[114.1607,22.3138],[114.1533,22.2987],[114.1159,22.2784],[114.1275,22.2544],[114.0988,22.2165],[114.134,22.1717],[114.2072,22.2218],[114.2163,22.1923],[114.2312,22.2223],[114.2631,22.2044],[114.2588,22.2218],[114.3291,22.2723],[114.398,22.3964],[114.4131,22.4369],[114.3578,22.5051],[114.309,22.5535],[114.2186,22.5509],[114.1663,22.5608]]],[[[126.4455,33.2294],[126.4761,33.2225],[126.4825,33.2214],[126.5086,33.2236],[126.5869,33.2314],[126.5994,33.2333],[126.6222,33.24],[126.7253,33.2703],[126.7647,33.2828],[126.843,33.3083],[126.8475,33.3117],[126.9083,33.3792],[126.9158,33.3878],[126.9189,33.3928],[126.9367,33.4244],[126.9411,33.4539],[126.898,33.5233],[126.8908,33.5253],[126.8397,33.5364],[126.8358,33.5406],[126.8275,33.5478],[126.8214,33.5505],[126.813,33.5519],[126.7931,33.5508],[126.6958,33.54],[126.6336,33.5317],[126.378,33.4747],[126.3722,33.473],[126.3175,33.4528],[126.3125,33.4503],[126.2703,33.4228],[126.1836,33.3528],[126.1764,33.3442],[126.1583,33.3147],[126.1553,33.2894],[126.1578,33.2789],[126.1705,33.2625],[126.1861,33.2475],[126.2072,33.2294],[126.2269,33.2164],[126.2611,33.1939],[126.2664,33.1908],[126.2739,33.1903],[126.2858,33.193],[126.2905,33.1955],[126.2972,33.2053],[126.3011,33.2094],[126.3097,33.2164],[126.3147,33.2192],[126.3308,33.2255],[126.3406,33.2272],[126.4169,33.2356],[126.4247,33.2347],[126.4455,33.2294]]],[[[126.648,34.3203],[126.6514,34.3161],[126.6955,34.2872],[126.7008,34.2842],[126.7314,34.2792],[126.7392,34.2786],[126.7655,34.2808],[126.7719,34.2819],[126.775,34.2869],[126.7708,34.2964],[126.7308,34.3639],[126.7139,34.3783],[126.7014,34.3869],[126.6941,34.3892],[126.6872,34.3889],[126.6689,34.385],[126.6639,34.3825],[126.6578,34.3755],[126.6547,34.3705],[126.6491,34.35],[126.6458,34.325],[126.648,34.3203]]],[[[127.1142,34.4639],[127.1114,34.4603],[127.1158,34.4344],[127.1336,34.4203],[127.1458,34.415],[127.1605,34.4144],[127.2136,34.4189],[127.2194,34.4205],[127.2289,34.4267],[127.2328,34.4311],[127.2417,34.4472],[127.2441,34.4533],[127.2458,34.4658],[127.2436,34.4705],[127.2394,34.4742],[127.2227,34.4836],[127.213,34.4856],[127.1991,34.4853],[127.1317,34.4736],[127.1258,34.4717],[127.1142,34.4639]]],[[[127.7119,34.5267],[127.713,34.5214],[127.7161,34.5172],[127.7583,34.4875],[127.7808,34.4747],[127.7855,34.4739],[127.7908,34.4764],[127.7953,34.4797],[127.7983,34.485],[127.7983,34.4908],[127.7864,34.5194],[127.7763,34.5337],[127.7708,34.5383],[127.7644,34.5408],[127.7511,34.5419],[127.7414,34.5389],[127.7158,34.5308],[127.7119,34.5267]]],[[[126.1061,34.3872],[126.1125,34.3789],[126.1436,34.3556],[126.1503,34.3544],[126.1719,34.3519],[126.1797,34.3511],[126.1867,34.3514],[126.1991,34.3533],[126.2564,34.3697],[126.2619,34.3714],[126.3425,34.4014],[126.3469,34.4047],[126.3678,34.4417],[126.3828,34.4719],[126.3836,34.4783],[126.3833,34.4839],[126.3811,34.4917],[126.3803,34.4947],[126.3769,34.4989],[126.335,34.54],[126.2983,34.5558],[126.2733,34.5658],[126.2533,34.5731],[126.2433,34.5733],[126.2389,34.57],[126.1019,34.425],[126.0997,34.4192],[126.0989,34.4128],[126.0992,34.4069],[126.1016,34.3967],[126.1061,34.3872]]],[[[127.74,34.6044],[127.7483,34.5969],[127.7586,34.5908],[127.7867,34.5761],[127.7931,34.5733],[127.7997,34.5722],[127.8039,34.5756],[127.8066,34.5817],[127.8128,34.6219],[127.8122,34.6414],[127.7941,34.6614],[127.7681,34.6642],[127.7369,34.64],[127.733,34.6358],[127.7333,34.6186],[127.7344,34.6133],[127.7366,34.6086],[127.74,34.6044]]],[[[125.9144,34.6858],[125.9155,34.6808],[125.9178,34.6761],[125.9264,34.6689],[125.9636,34.6486],[125.9719,34.6472],[125.9914,34.6681],[126.0025,34.6811],[126.0061,34.6855],[126.0086,34.6914],[126.0064,34.6961],[126.0031,34.7003],[125.9938,34.7078],[125.9814,34.7169],[125.9561,34.7128],[125.9233,34.7],[125.9181,34.6975],[125.915,34.6922],[125.9144,34.6858]]],[[[126.0053,34.7683],[126.0031,34.773],[126.0064,34.7853],[126.0039,34.79],[126.0008,34.7919],[126.0005,34.79],[125.993,34.7919],[125.9855,34.7925],[125.9792,34.7917],[125.9736,34.7897],[125.9558,34.7758],[125.9508,34.773],[125.9444,34.7719],[125.9217,34.7739],[125.9153,34.7728],[125.9083,34.7728],[125.898,34.7672],[125.8939,34.7639],[125.8922,34.7511],[125.8889,34.7389],[125.8883,34.7325],[125.8905,34.728],[125.9044,34.7178],[125.9119,34.7169],[125.9322,34.7183],[125.9361,34.7228],[125.9391,34.728],[125.9383,34.7453],[125.9408,34.7511],[125.9453,34.7547],[125.9511,34.7567],[125.9669,34.7544],[125.9739,34.7519],[125.9803,34.7528],[125.9836,34.758],[125.9883,34.7606],[125.9958,34.7586],[126.0033,34.758],[126.0092,34.76],[126.0086,34.7642],[126.0053,34.7683]]],[[[127.9733,34.8519],[127.9797,34.8436],[127.99,34.8372],[127.9972,34.8353],[128.0133,34.8328],[128.0808,34.8278],[128.0858,34.8303],[128.0789,34.8697],[128.0758,34.8739],[128.0658,34.8785],[128.0358,34.908],[128.0314,34.9117],[128.0241,34.9139],[128.0172,34.9139],[128.0078,34.9078],[127.9769,34.8642],[127.9742,34.8583],[127.9733,34.8519]]],[[[126.0022,34.8903],[125.9853,34.8683],[125.9836,34.865],[125.9869,34.8608],[125.993,34.8583],[126.0425,34.8539],[126.0636,34.8544],[126.0742,34.8592],[126.0786,34.8625],[126.0822,34.8669],[126.0897,34.885],[126.0911,34.8903],[126.0944,34.9097],[126.0766,34.9213],[126.0753,34.9231],[126.07,34.9261],[126.0628,34.9283],[126.0577,34.9256],[126.0022,34.8903]]],[[[128.0555,34.8133],[128.0325,34.8178],[128.0019,34.8208],[127.9903,34.8172],[127.968,34.8],[127.9622,34.7983],[127.9561,34.8008],[127.9164,34.8328],[127.9103,34.8419],[127.9091,34.8472],[127.9066,34.8692],[127.9097,34.8742],[127.9377,34.9019],[127.9361,34.9114],[127.9339,34.9161],[127.9308,34.9205],[127.9267,34.9242],[127.9214,34.9272],[127.9153,34.93],[127.8986,34.9331],[127.8858,34.9311],[127.88,34.9294],[127.8755,34.9261],[127.8678,34.9175],[127.8369,34.8797],[127.8269,34.8558],[127.8222,34.843],[127.8528,34.7389],[127.8572,34.7239],[127.8605,34.7197],[127.8803,34.7122],[127.8886,34.7105],[127.9772,34.6978],[127.985,34.6969],[128.0444,34.695],[128.0566,34.6975],[128.0608,34.7011],[128.0625,34.7064],[128.0755,34.8],[128.0733,34.8047],[128.0691,34.8083],[128.0555,34.8133]]],[[[128.6361,34.7072],[128.6419,34.7092],[128.68,34.7222],[128.6855,34.7242],[128.7419,34.7817],[128.743,34.788],[128.7544,34.8769],[128.7544,34.8828],[128.7352,34.9333],[128.73,34.9422],[128.7282,34.943],[128.7111,34.9767],[128.6636,34.9603],[128.6411,34.9525],[128.5072,34.89],[128.5019,34.8875],[128.4944,34.8803],[128.4905,34.8689],[128.4886,34.8564],[128.4905,34.8458],[128.495,34.8364],[128.498,34.8322],[128.5211,34.8092],[128.5261,34.8058],[128.5358,34.8119],[128.5397,34.8161],[128.5522,34.8236],[128.5919,34.8367],[128.5977,34.835],[128.6008,34.8306],[128.6041,34.8092],[128.6011,34.7603],[128.5852,34.7039],[128.5883,34.6994],[128.5941,34.6978],[128.6125,34.7011],[128.6361,34.7072]]],[[[126.06,35.0908],[126.0583,35.0839],[126.0561,35.0594],[126.0594,35.0553],[126.093,35.0472],[126.0997,35.0458],[126.1061,35.0469],[126.1155,35.053],[126.1444,35.0803],[126.1469,35.1325],[126.1497,35.1333],[126.1622,35.1433],[126.1558,35.1461],[126.1489,35.1458],[126.1372,35.1422],[126.1175,35.1305],[126.068,35.0986],[126.0639,35.095],[126.06,35.0908]]],[[[126.3358,36.4386],[126.3383,36.4342],[126.3655,36.4105],[126.3753,36.4039],[126.3822,36.4028],[126.4211,36.3994],[126.4283,36.3997],[126.4319,36.4039],[126.4339,36.4108],[126.3786,36.5861],[126.3764,36.5908],[126.36,36.593],[126.3528,36.5928],[126.3469,36.5911],[126.3419,36.5883],[126.3344,36.5811],[126.3275,36.5717],[126.325,36.5655],[126.3253,36.5597],[126.3358,36.4386]]],[[[126.1724,36.8368],[126.1669,36.84],[126.1611,36.838],[126.158,36.8331],[126.1591,36.8278],[126.1636,36.8242],[126.1694,36.8258],[126.1739,36.8294],[126.1724,36.8368]]],[[[130.8058,37.5072],[130.8116,37.4814],[130.8158,37.4719],[130.8188,37.4678],[130.8686,37.4508],[130.8755,37.45],[130.8875,37.4533],[130.9208,37.4767],[130.9225,37.4819],[130.9221,37.5153],[130.9241,37.5192],[130.9194,37.5453],[130.9122,37.5455],[130.8447,37.5314],[130.8386,37.53],[130.8075,37.5183],[130.8058,37.5131],[130.8058,37.5072]]],[[[124.6097,37.9572],[124.6133,37.9475],[124.633,37.9225],[124.6367,37.9183],[124.6433,37.9158],[124.6519,37.9144],[124.6955,37.9161],[124.7014,37.9181],[124.7392,37.9461],[124.7436,37.9497],[124.7466,37.9547],[124.7455,37.96],[124.743,37.9647],[124.7317,37.9764],[124.7255,37.978],[124.7255,37.9817],[124.718,37.9836],[124.71,37.9842],[124.6889,37.9825],[124.6239,37.9742],[124.6153,37.9686],[124.6097,37.9572]]]]},"properties":{"NAME":"Great Khanate","SUBJECTO":"Mongol Empire","PARTOF":"Great Khanate","BORDERPRECISION":1,"LINK":null}}
]}