{"type":"FeatureCollection", "features": [
{"type":"Feature","geometry":{"type":"Polygon","coordinates":[[[33.7805,35.2081],[34.0484,35.4079],[34.2447,35.5118],[34.4582,35.6446],[34.2173,35.5736],[33.9073,35.4368],[33.539,35.3317],[33.3737,35.3065],[33.0775,35.3186],[32.7951,35.3606],[32.8191,35.2817],[32.7795,35.1529],[32.745,35.1143],[32.597,35.1556],[32.4831,35.1529],[32.301,35.0163],[32.2345,35.0136],[32.1805,35.0583],[32.1437,35.0425],[32.1985,34.8614],[32.271,34.8142],[32.2711,34.7197],[32.3572,34.6803],[32.6034,34.6147],[32.7841,34.6252],[32.8167,34.5386],[32.9145,34.5413],[32.9145,34.6357],[32.9586,34.6593],[33.1314,34.6803],[33.4839,34.7958],[33.5385,34.9442],[33.6858,34.9349],[33.7326,34.9086],[33.792,34.9574],[33.9247,34.9532],[33.7727,35.1293],[33.7805,35.2081]]]},"properties":{"NAME":"Cyprus","SUBJECTO":"Cyprus","PARTOF":"Cyprus","BORDERPRECISION":1,"LINK":null}},
{"type":"Feature","geometry":{"type":"MultiPolygon","coordinates":[[[[136.8108,37.3107],[136.7219,37.2659],[136.6404,37.1703],[136.6685,36.6675],[136.5015,36.4635],[136.1873,36.202],[135.9779,35.9725],[135.9265,35.7625],[135.928,35.6035],[135.7271,35.4505],[135.4325,35.3608],[135.3577,35.3225],[135.188,35.443],[135.157,35.6465],[134.7558,35.5312],[134.2236,35.4538],[133.8041,35.4275],[133.2286,35.3118],[133.0062,35.2541],[132.9808,35.4449],[132.7887,35.3872],[132.6629,35.3806],[131.6723,34.502],[131.3341,34.2918],[131.1098,34.2405],[130.8923,34.2464],[130.8116,34.1193],[130.7793,33.9669],[130.899,33.9037],[131.3942,33.9364],[131.6549,33.9116],[131.995,33.8043],[131.9973,34.09],[132.1835,34.2872],[132.3867,34.2685],[132.4812,34.1291],[132.8477,34.2631],[133.5891,34.4424],[133.7043,34.4299],[133.8253,34.3857],[134.0217,34.4687],[134.2135,34.5706],[134.4273,34.6282],[134.7825,34.5527],[134.9357,34.5404],[135.2057,34.6171],[135.2868,34.5982],[135.317,34.4713],[135.2367,34.3505],[135.014,34.2041],[134.9692,34.1342],[135.057,33.7662],[135.0629,33.69],[135.1915,33.6014],[135.446,33.5067],[135.7557,33.3423],[135.991,33.7237],[136.1992,34.0034],[136.3938,34.1117],[136.7669,34.1696],[136.8986,34.2587],[136.7113,34.4043],[136.5237,34.4928],[136.5071,34.5182],[136.5866,34.677],[136.6169,34.7596],[136.7339,34.8741],[137.0418,34.7287],[137.2482,34.4816],[137.5317,34.5266],[137.7592,34.5525],[138.1491,34.5279],[138.2952,34.763],[138.4502,34.903],[138.589,34.9731],[138.6837,34.9923],[138.751,34.9226],[138.7498,34.6497],[138.7794,34.5799],[138.8638,34.5674],[139.0228,34.6883],[139.0529,35.0249],[139.2086,35.1651],[139.4226,35.1655],[139.6827,35.4458],[139.9137,35.5544],[140.0029,35.4974],[139.9205,35.2619],[139.7881,34.9628],[139.8301,34.836],[140.3166,35.0338],[140.3949,35.4091],[140.4699,35.4856],[140.5569,35.543],[140.8343,35.6771],[140.6448,35.8358],[140.5554,35.9691],[140.5466,36.2872],[140.6556,36.6183],[140.9639,36.9563],[140.9822,37.2682],[140.9232,37.6246],[140.8809,37.7392],[140.8722,37.9174],[140.9506,38.1214],[141.0245,38.2107],[141.0967,38.2618],[141.4287,38.3899],[141.4964,38.4219],[141.4671,38.5875],[141.5686,38.7852],[141.8878,39.13],[141.9985,39.4489],[141.9981,39.672],[141.6756,40.3162],[141.5662,40.4567],[141.4671,40.5141],[141.4412,40.7892],[141.4483,41.1797],[141.4369,41.2694],[141.2858,41.3715],[141.087,41.4416],[140.7745,41.2552],[140.9368,41.1147],[141.0766,41.1021],[141.1526,40.8654],[140.7933,40.7495],[140.657,40.7236],[140.5672,40.8258],[140.4728,40.9857],[140.3864,40.9855],[140.2391,40.838],[140.1597,40.729],[139.9152,40.575],[139.985,40.1146],[139.9103,39.9866],[139.8046,39.8907],[139.8621,39.7825],[140.0111,39.6935],[140.0301,39.4832],[139.9679,39.209],[139.8961,38.9985],[139.7414,38.7433],[139.7457,38.6796],[139.5039,38.4179],[139.4398,38.1884],[139.3539,38.0672],[139.1979,37.9204],[138.8562,37.7351],[138.699,37.4482],[138.492,37.3013],[138.3172,37.2055],[137.5718,36.8921],[137.464,36.8537],[137.2759,36.6942],[137.1762,36.6431],[137.0453,36.6683],[136.983,36.8336],[137.0138,37.0374],[137.1182,37.1458],[137.3349,37.2735],[137.3096,37.4327],[136.8108,37.3107]]],[[[132.5676,32.6375],[132.6988,32.5489],[132.9007,32.6699],[132.9697,32.7653],[133.0439,32.9939],[133.1542,33.2164],[133.241,33.2991],[133.5165,33.3949],[133.7269,33.3762],[133.9175,33.2433],[133.9986,33.1483],[134.3877,33.5426],[134.5191,33.6508],[134.5648,33.8413],[134.6098,33.8986],[134.5404,34.0127],[134.1527,34.1135],[134.0102,34.1893],[133.8056,34.1762],[133.603,34.0362],[133.4629,33.8835],[133.2455,33.8006],[132.9687,33.7936],[132.7843,33.9075],[132.5794,33.6405],[132.4499,33.5196],[132.1211,33.3475],[132.3426,33.1068],[132.4219,32.9292],[132.4671,32.7579],[132.5676,32.6375]]],[[[130.5793,30.9065],[130.744,30.8878],[130.9597,31.193],[131.0488,31.2758],[131.1231,31.3076],[131.2106,31.3523],[131.3193,31.5112],[131.3687,31.8034],[131.4069,32.0828],[131.4536,32.2479],[131.563,32.4322],[131.831,32.6931],[131.7953,32.8073],[131.5956,33.0037],[131.4136,33.1112],[131.6698,33.3085],[131.5688,33.4861],[131.286,33.3903],[131.0925,33.428],[130.9711,33.5039],[130.8595,33.6751],[130.6444,33.7],[130.4266,33.6742],[130.3177,33.547],[130.1762,33.3372],[129.8583,33.2604],[129.528,33.2978],[129.3434,33.1514],[129.4609,32.9866],[129.6303,32.8663],[129.7337,32.638],[129.8459,32.5874],[130.0346,32.81],[130.1075,32.9308],[130.2574,32.912],[130.4965,32.557],[130.4812,32.3475],[130.444,32.2839],[130.1349,32.023],[130.0589,31.9721],[130.2193,31.5597],[130.2051,31.4264],[130.0601,31.2166],[130.0863,31.1214],[130.2329,31.0265],[130.4044,31.23],[130.4744,31.4396],[130.5819,31.5287],[130.7325,31.4783],[130.6745,31.2115],[130.5541,30.97],[130.5793,30.9065]]],[[[140.0126,41.3818],[140.1125,41.2731],[140.2686,41.3247],[140.4429,41.5364],[140.5889,41.6777],[140.706,41.6972],[140.8434,41.6398],[140.9793,41.6529],[141.155,41.7493],[141.0195,41.8709],[140.7677,42.005],[140.2455,42.2284],[140.2234,42.3631],[140.4215,42.4854],[140.5409,42.537],[140.6935,42.5501],[140.8607,42.39],[140.9296,42.2555],[141.3969,42.5194],[141.721,42.5393],[141.9281,42.5013],[142.8423,42.0669],[143.0335,41.9582],[143.2138,41.9265],[143.3304,42.1961],[143.5086,42.421],[143.8479,42.7746],[144.0028,42.8777],[144.1664,42.9422],[144.3701,42.949],[144.5902,42.8596],[144.7542,42.8663],[144.9947,42.9374],[145.1959,43.047],[145.4481,43.1696],[145.3596,43.33],[145.1486,43.5995],[145.0594,43.7858],[145.2099,44.0369],[145.3486,44.198],[145.3476,44.243],[145.14,44.1783],[144.7504,43.8816],[144.6138,43.8428],[144.4866,43.8618],[144.0281,43.9509],[143.7902,44.0276],[143.5082,44.1558],[143.0205,44.4637],[142.539,44.8427],[142.1322,45.2097],[141.904,45.4031],[141.8753,45.4354],[141.5974,45.2797],[141.5228,45.1826],[141.5666,44.9696],[141.7457,44.6286],[141.7427,44.2488],[141.7094,43.9142],[141.5067,43.8045],[141.3019,43.7205],[141.3036,43.187],[141.0642,43.0966],[140.8966,43.1348],[140.5989,43.327],[140.4982,43.3204],[140.3736,43.1852],[140.5168,43.057],[140.4998,42.8964],[140.209,42.7289],[139.974,42.6514],[139.7117,42.4776],[139.7772,42.1121],[139.8525,42.0352],[140.0997,41.946],[140.1245,41.7922],[139.9777,41.5035],[140.0126,41.3818]]]]},"properties":{"NAME":"Japan","SUBJECTO":"Japan","PARTOF":"Japan","BORDERPRECISION":1,"LINK":null}},
{"type":"Feature","geometry":{"type":"Polygon","coordinates":[[[120.6224,21.9252],[120.7246,21.9889],[120.7758,22.1859],[120.782,22.3447],[120.9697,22.7199],[121.1824,23.0379],[121.3253,23.4002],[121.3701,23.6226],[121.3994,23.9339],[121.4815,24.0929],[121.5726,24.2264],[121.6031,24.506],[121.5927,24.6457],[121.6304,24.7093],[121.7805,24.9001],[121.5314,25.0774],[121.4289,25.1344],[121.2676,25.0324],[121.1646,24.9496],[120.9732,24.8921],[120.857,24.8093],[120.2663,23.976],[120.0208,23.6198],[119.9503,23.283],[119.9641,23.0861],[120.1134,22.6419],[120.5281,22.0965],[120.5766,21.9505],[120.6224,21.9252]]]},"properties":{"NAME":"Taiwan","SUBJECTO":"Taiwan","PARTOF":"Taiwan","BORDERPRECISION":1,"LINK":null}},
{"type":"Feature","geometry":{"type":"MultiPolygon","coordinates":[[[[120.3636,14.5309],[120.4714,14.8043],[120.7064,14.7286],[120.8966,14.5511],[121.2172,14.4184],[121.2854,14.3424],[121.105,14.253],[120.9438,14.2908],[120.7986,14.3858],[120.5106,14.112],[120.5985,13.9216],[120.8645,13.757],[121.0094,13.6557],[121.1871,13.6815],[121.2497,13.7134],[121.3317,13.8279],[121.4862,13.8918],[121.6249,13.8984],[122.0673,13.6516],[122.3941,13.3029],[122.492,13.4302],[122.3253,13.7792],[122.3693,13.881],[122.4854,13.8812],[122.8242,13.6215],[123.0937,13.3806],[123.197,13.2411],[123.239,13.0252],[123.4212,12.9811],[123.677,12.8927],[123.8189,12.9756],[123.3976,13.5274],[123.4914,13.6229],[123.6612,13.6931],[123.7369,13.7632],[123.7019,13.8203],[123.6385,13.8329],[123.3592,13.953],[123.1318,13.692],[122.9851,13.7298],[122.8563,13.8883],[122.7762,14.174],[122.6746,14.2691],[122.4865,14.3195],[122.3974,14.3066],[122.1793,14.0648],[122.1066,13.9185],[121.9735,13.95],[121.7704,14.0956],[121.7288,14.1083],[121.6116,14.3875],[121.4568,14.8827],[121.2993,15.2127],[121.2422,15.3078],[121.3682,15.4987],[121.4036,15.7528],[121.4023,15.8735],[121.439,15.9181],[121.6886,16.0584],[122.064,16.3323],[122.2033,16.5422],[122.3956,17.1143],[122.3136,17.2602],[122.0703,17.4376],[122.0074,17.7932],[122.0278,18.0092],[122.1472,18.2063],[122.139,18.3842],[122.0496,18.4475],[121.9247,18.371],[121.8398,18.2756],[121.5808,18.2941],[121.0364,18.5279],[120.8004,18.5528],[120.6489,18.489],[120.5644,18.4316],[120.3931,18.0438],[120.3598,17.7579],[120.323,17.3703],[120.3115,17.0718],[120.2466,16.8747],[120.2581,16.6143],[120.3034,16.4175],[120.2931,16.2332],[120.2021,16.0425],[119.762,16.3591],[119.6814,16.1875],[119.813,15.9781],[119.7887,15.6604],[119.7718,15.4698],[119.9717,14.9049],[120.3051,14.5753],[120.3636,14.5309]]],[[[121.094,12.2011],[121.1773,12.3982],[121.2736,12.5255],[121.3168,12.7416],[121.3045,13.129],[121.1807,13.3321],[121.0392,13.408],[120.6486,13.4135],[120.3405,13.3874],[120.547,13.1528],[120.711,12.6513],[120.7337,12.5497],[120.8908,12.3658],[121.094,12.2011]]],[[[125.3231,11.1239],[125.3984,11.1494],[125.4487,11.2067],[125.3331,11.5622],[125.2777,11.9242],[125.2464,12.2926],[125.1191,12.4766],[124.9521,12.527],[124.4945,12.4625],[124.264,12.4176],[124.3304,12.2081],[124.6281,11.9927],[124.8755,11.8344],[124.9166,11.6439],[124.8542,11.4913],[124.8833,11.4342],[124.9898,11.3582],[125.07,11.244],[125.3231,11.1239]]],[[[121.873,10.4684],[122.2973,10.6472],[122.7062,10.9403],[122.7887,11.0295],[122.8968,11.1504],[122.9324,11.3284],[122.9199,11.5253],[122.635,11.4421],[122.4702,11.4544],[122.2106,11.5809],[121.9936,11.7583],[121.9663,11.231],[121.8831,10.6273],[121.873,10.4684]]],[[[118.8646,10.0236],[119.0338,10.1256],[119.217,10.2911],[119.5155,10.4506],[119.5643,10.5016],[119.4689,10.7555],[119.3445,11.003],[119.4167,11.1302],[119.3539,11.2126],[119.207,11.1297],[119.1452,10.9009],[119.1081,10.6276],[118.9892,10.3923],[118.8478,10.2141],[118.7566,10.1694],[118.6997,10.0359],[118.8646,10.0236]]],[[[122.9416,9.0476],[123.0371,9.0669],[123.133,9.2513],[123.0366,9.4608],[122.9622,9.594],[123.1044,10.2296],[123.1443,10.3314],[123.3121,10.7383],[123.2903,10.8654],[123.2391,10.9224],[123.1176,10.9349],[122.9202,10.8518],[122.7007,10.0318],[122.6021,9.9109],[122.3475,9.8151],[122.3031,9.6498],[122.3956,9.4784],[122.7686,9.2124],[122.9416,9.0476]]],[[[117.2706,8.4508],[117.4441,8.6355],[117.7101,8.7123],[117.8571,8.8333],[117.9672,9.1131],[118.0442,9.1704],[118.2763,9.2662],[118.3845,9.3491],[118.5046,9.4828],[118.5577,9.6735],[118.5081,9.9211],[118.0885,9.431],[117.8021,9.208],[117.5359,9.0486],[117.3788,8.8958],[117.2245,8.6858],[117.1278,8.4696],[117.2706,8.4508]]],[[[126.0452,6.6082],[126.1946,6.8881],[126.3217,7.1488],[126.372,7.3396],[126.3727,7.5365],[126.2799,7.7333],[126.2545,8.0445],[126.3063,8.2353],[126.2719,8.4258],[126.03,8.3808],[125.9232,8.4822],[126.0746,8.8129],[126.0371,8.959],[125.9339,9.1748],[125.6138,9.5362],[125.4281,9.7836],[125.3623,9.6246],[125.4395,9.3706],[125.461,9.053],[125.4013,8.9512],[125.2248,8.9953],[125.1326,8.9316],[124.9909,8.7153],[124.8721,8.9247],[124.7416,8.918],[124.6706,8.4287],[124.5872,8.4666],[124.3716,8.5615],[124.2104,8.4467],[124.1172,8.1924],[124.0239,8.1096],[123.8055,8.0837],[123.6628,8.0135],[123.6169,8.3375],[123.4859,8.496],[123.1358,8.4508],[122.8888,8.3422],[122.7965,8.2722],[122.7363,8.0624],[122.638,8.005],[122.384,7.9854],[122.2117,7.9024],[122.0937,7.7751],[122.0105,7.5335],[121.8488,7.1964],[121.8245,7.0565],[121.8399,6.9676],[121.8936,6.9105],[121.9919,6.8726],[122.2283,7.2607],[122.4552,7.6932],[122.6351,7.7826],[122.7133,7.6748],[122.7254,7.4524],[123.023,7.4784],[123.2479,7.5933],[123.3062,7.6951],[123.3337,7.7714],[123.465,7.7907],[123.8153,7.6581],[124.0248,7.4743],[124.0736,7.2584],[123.8642,6.8513],[123.8806,6.5654],[123.9735,6.3369],[124.2241,6.0896],[124.7253,5.8111],[124.803,5.7859],[124.9658,6.0848],[125.1295,6.0534],[125.1635,5.9074],[125.0728,5.7229],[125.152,5.6024],[125.2893,5.4883],[125.4615,5.7174],[125.5329,5.9399],[125.466,6.2448],[125.3913,6.4225],[125.2804,6.5938],[125.4432,6.9627],[125.6146,7.2363],[125.7478,7.1857],[125.9108,6.8493],[125.9546,6.6525],[126.0452,6.6082]]]]},"properties":{"NAME":"Philippines","SUBJECTO":"Philippines","PARTOF":"Philippines","BORDERPRECISION":1,"LINK":null}},
{"type":"Feature","geometry":{"type":"Polygon","coordinates":[[[44.6722,-16.2356],[44.4544,-16.2424],[44.4514,-16.7254],[44.378,-16.9226],[44.215,-17.1899],[43.9825,-17.5018],[43.9716,-17.5527],[44.0758,-17.8766],[44.107,-18.099],[44.1595,-18.4039],[44.3942,-18.7911],[44.2809,-19.0202],[44.251,-19.1028],[44.4105,-19.2678],[44.5357,-19.3692],[44.5854,-19.528],[44.5171,-20.0239],[44.4703,-20.1701],[44.1617,-20.6983],[43.8165,-21.3156],[43.6032,-21.3986],[43.501,-21.4942],[43.3248,-22.1111],[43.2913,-22.4098],[43.3764,-22.6321],[43.6554,-23.051],[43.7847,-23.2668],[43.8271,-23.4129],[43.6717,-23.9026],[43.6714,-24.2268],[43.7272,-24.3538],[43.9342,-24.5186],[43.981,-24.6266],[43.9898,-24.8808],[44.0368,-24.9887],[44.4253,-25.3121],[44.5464,-25.3372],[44.713,-25.3051],[44.9585,-25.3872],[45.0468,-25.4506],[45.2105,-25.66],[45.5762,-25.6211],[45.7895,-25.4109],[46.2391,-25.2637],[46.8551,-25.218],[46.9455,-25.1669],[47.1738,-24.8804],[47.2585,-24.7658],[47.4916,-24.0598],[48.0874,-22.0438],[48.6517,-20.3392],[49.0231,-19.1817],[49.3419,-18.2276],[49.4228,-17.8016],[49.4046,-17.4012],[49.4247,-17.1978],[49.7603,-16.7458],[49.8982,-16.4595],[49.8628,-16.2817],[49.685,-16.0469],[49.5977,-15.653],[49.6203,-15.4623],[49.7538,-15.3985],[50.0036,-15.7348],[50.0885,-15.8998],[50.1873,-15.9568],[50.4293,-15.594],[50.4551,-15.5495],[50.4863,-15.4795],[50.5033,-15.3142],[50.4301,-15.1047],[50.2544,-14.7745],[50.1502,-14.4189],[50.1085,-14.1202],[49.9762,-13.3007],[49.8805,-12.9196],[49.8172,-12.8307],[49.5418,-12.7042],[49.3366,-12.4123],[49.1763,-12.2665],[48.9348,-12.4767],[48.9334,-12.5784],[48.9933,-12.7372],[48.9175,-13.0487],[48.8572,-13.2522],[48.7513,-13.4177],[48.4397,-13.6535],[48.3496,-13.838],[48.2236,-13.7938],[48.11,-13.597],[48.0573,-13.5654],[47.9425,-13.5847],[47.9155,-13.7373],[48.049,-14.131],[47.9717,-14.2837],[47.8504,-14.3158],[47.7412,-14.3096],[47.699,-14.4432],[47.8125,-14.6273],[47.8837,-14.7161],[47.6329,-14.9836],[47.5295,-14.9583],[47.4263,-14.8251],[47.1993,-15.0163],[47.1061,-15.1436],[47.2446,-15.3657],[47.0695,-15.4614],[46.9246,-15.36],[46.7344,-15.4494],[46.3875,-15.6917],[46.4644,-15.8568],[46.4192,-15.9395],[46.2819,-15.9525],[46.1423,-15.8257],[45.7323,-15.8901],[45.5546,-16.0557],[45.4335,-16.0941],[45.2778,-16.05],[45.1969,-16.0374],[44.9174,-16.2033],[44.6722,-16.2356]],[[48.0147,-17.0228],[48.4882,-19.4493],[48.4882,-20.0411],[47.1862,-23.1186],[46.0025,-23.5921],[45.529,-23.5921],[45.2923,-22.6452],[46.6535,-17.733],[47.4821,-16.9044],[48.0147,-17.0228]]]},"properties":{"NAME":"Madagascar","SUBJECTO":"Madagascar","PARTOF":"Madagascar","BORDERPRECISION":1,"LINK":null}},
{"type":"Feature","geometry":{"type":"MultiPolygon","coordinates":[[[[175.3077,-37.321],[175.2466,-37.2938],[175.2352,-37.2307],[175.2493,-37.1675],[175.3009,-37.1359],[175.2008,-37.0727],[175.0991,-37.0727],[174.9801,-37.0833],[174.8874,-37.0622],[174.9283,-36.9675],[174.7824,-36.8938],[174.6448,-36.8306],[174.6471,-36.7675],[174.7395,-36.7885],[174.8411,-36.7885],[174.9727,-36.778],[174.8573,-36.6938],[174.7496,-36.536],[174.7064,-36.4623],[174.8238,-36.4833],[174.8155,-36.3886],[174.7869,-36.2834],[174.6289,-36.1572],[174.5251,-36.052],[174.4121,-35.9678],[174.3479,-35.9152],[174.4267,-35.9363],[174.5357,-35.9468],[174.4939,-35.8731],[174.5282,-35.7995],[174.609,-35.789],[174.5038,-35.6628],[174.3919,-35.5786],[174.2902,-35.4209],[174.3002,-35.3473],[174.2169,-35.3368],[174.1513,-35.4209],[174.0679,-35.4104],[174.073,-35.3473],[174.0152,-35.2316],[173.8918,-35.2001],[173.703,-35.1475],[173.4696,-35.0319],[173.3488,-35.0213],[173.3303,-35.0844],[173.2279,-35.0108],[173.1527,-34.9584],[173.0732,-34.8639],[172.9896,-34.7274],[173.0567,-34.6435],[173.0192,-34.5175],[172.9603,-34.5595],[172.7988,-34.5805],[172.7067,-34.5385],[172.6332,-34.5595],[172.7892,-34.675],[172.9598,-34.8639],[173.0485,-35.0424],[173.0701,-35.1265],[173.0644,-35.1896],[173.0462,-35.2526],[173.1667,-35.3683],[173.1665,-35.4209],[173.3993,-35.6733],[173.679,-36.0204],[173.9156,-36.3045],[174.0105,-36.4307],[174.0865,-36.4307],[174.0644,-36.3676],[173.8407,-36.1361],[173.788,-36.0309],[173.9186,-36.1046],[174.0698,-36.1887],[174.2007,-36.3466],[174.2658,-36.4833],[174.2201,-36.557],[174.4786,-36.8622],[174.6941,-37.157],[174.7647,-37.2965],[174.7281,-37.552],[174.9451,-37.9284],[174.9307,-38.1009],[174.7526,-38.2993],[174.7135,-38.4399],[174.7486,-38.753],[174.6547,-38.9833],[174.0299,-39.2914],[173.8413,-39.3621],[173.8048,-39.4197],[173.8547,-39.4963],[173.9921,-39.6112],[174.4331,-39.8149],[174.7,-39.8975],[174.8893,-39.9803],[175.2317,-40.2425],[175.3536,-40.3],[175.3674,-40.4539],[175.1884,-40.679],[175.0502,-40.981],[174.9207,-41.1547],[174.8954,-41.2961],[175.0022,-41.4438],[175.2137,-41.5848],[175.3653,-41.6616],[175.6711,-41.5196],[176.0114,-41.2553],[176.3922,-40.7792],[176.7965,-40.2714],[177.0875,-40.0399],[177.1557,-39.9502],[177.1566,-39.8542],[177.0421,-39.6178],[177.0238,-39.4452],[177.146,-39.3171],[177.3403,-39.2272],[177.6761,-39.2201],[177.8667,-39.2069],[177.9224,-39.1365],[177.9385,-38.8296],[178.2806,-38.8034],[178.4082,-38.7712],[178.589,-38.2148],[178.5995,-38.1254],[178.5692,-37.921],[178.4213,-37.8447],[178.2413,-37.8323],[177.8429,-37.9864],[177.5284,-38.2042],[177.3618,-38.2365],[177.1342,-38.1859],[176.3455,-37.8744],[176.1292,-37.7982],[176.0045,-37.3643],[175.8377,-37.0262],[175.6627,-36.95],[175.5579,-36.9438],[175.5347,-37.0715],[175.6436,-37.3075],[175.64,-37.4097],[175.3077,-37.321]]],[[[172.0627,-43.9231],[172.2212,-43.8518],[172.4406,-43.7933],[172.6673,-43.9263],[172.885,-43.8944],[173.0096,-43.8438],[172.82,-43.7136],[172.6276,-43.6923],[172.4405,-43.5094],[172.5624,-43.3931],[172.7374,-43.3218],[172.8439,-43.2055],[172.9764,-43.1472],[173.2365,-42.9856],[173.6271,-42.6498],[173.8413,-42.4883],[173.9586,-42.3078],[174.2335,-42.0112],[174.2036,-41.8891],[174.0692,-41.6959],[174.1582,-41.5162],[174.0585,-41.2914],[173.8933,-41.2403],[173.7015,-41.2536],[173.264,-41.5437],[173.1232,-41.4347],[173.0193,-41.075],[172.9353,-40.9917],[172.7837,-40.9649],[172.769,-40.8484],[172.6047,-40.774],[172.4374,-40.7531],[172.2071,-41.0445],[172.1479,-41.5781],[172.0868,-41.7068],[171.8866,-41.8294],[171.6255,-41.9457],[171.5955,-42.0141],[171.4584,-41.9929],[171.3836,-42.1907],[171.3491,-42.2873],[171.3984,-42.5125],[171.1968,-42.6482],[171.0771,-42.7128],[171.0806,-42.7901],[171.0241,-42.8869],[170.7249,-43.0679],[170.3709,-43.2169],[170.203,-43.2237],[169.987,-43.3595],[169.9569,-43.4821],[169.6488,-43.7408],[169.4791,-43.7863],[169.2346,-43.9481],[168.9138,-44.0972],[168.4157,-44.2209],[167.9667,-44.4802],[167.9208,-44.616],[167.6686,-44.7845],[167.521,-44.9529],[167.2648,-45.0634],[167.1375,-45.1998],[167.1643,-45.3295],[167.2549,-45.4267],[167.3181,-45.5044],[167.2812,-45.5629],[166.8553,-45.4924],[166.8007,-45.5574],[167.0095,-45.8167],[166.6403,-45.6971],[166.8439,-45.9145],[166.699,-45.9148],[166.5511,-45.9671],[166.6513,-46.0644],[166.457,-46.1041],[166.5228,-46.2327],[166.7541,-46.2756],[166.8505,-46.3501],[167.2016,-46.3078],[167.2291,-46.2323],[167.3376,-46.1684],[167.5475,-46.2121],[167.6205,-46.3507],[167.7884,-46.3808],[168.1541,-46.4516],[168.4173,-46.651],[168.6996,-46.6003],[169.2202,-46.7164],[169.3993,-46.7096],[169.6663,-46.5268],[169.9273,-46.4221],[170.0441,-46.3568],[170.1208,-46.2461],[170.4237,-46.0894],[170.6116,-45.9461],[170.707,-45.699],[170.8992,-45.2962],[171.0245,-45.0754],[170.8222,-44.9658],[170.6341,-44.8627],[171.0733,-44.9071],[171.1712,-44.9392],[171.2003,-44.7452],[171.1912,-44.6289],[171.2546,-44.5512],[171.0615,-44.3642],[170.9942,-44.2675],[171.0662,-44.2286],[171.3779,-44.3377],[171.4884,-44.2277],[171.6334,-44.1822],[171.7723,-44.0528],[172.0235,-43.9942],[172.0627,-43.9231]]]]},"properties":{"NAME":"Maori","SUBJECTO":"Maori","PARTOF":"Maori","BORDERPRECISION":1,"LINK":null}},
{"type":"Feature","geometry":{"type":"MultiPolygon","coordinates":[[[[13.283,79.4871],[13.2522,79.8007],[12.7174,79.7817],[12.4577,79.7543],[12.0003,79.7714],[11.5165,79.7165],[11.2843,79.7071],[10.9194,79.5452],[11.3352,79.2071],[11.5452,79.172],[12.157,79.3154],[12.5248,79.0586],[11.7603,78.8802],[12.0746,78.6957],[12.4375,78.5909],[12.9101,78.4252],[13.0621,78.3468],[13.6184,78.2692],[13.8718,78.2959],[14.3528,78.4279],[14.819,78.7185],[15.0839,78.7807],[15.4803,78.6494],[16.617,78.4673],[15.9209,78.2649],[14.9534,78.1236],[14.3365,78.0268],[13.9051,77.9999],[14.131,77.7664],[14.8934,77.7852],[15.5981,77.8384],[16.418,77.9006],[16.7116,77.7886],[16.2868,77.6152],[15.4821,77.5533],[14.7779,77.5348],[14.4846,77.3709],[15.0989,77.1153],[15.9461,76.8868],[16.6629,76.7269],[16.913,76.7189],[17.267,76.8129],[17.2799,76.983],[17.4849,77.2481],[17.8294,77.4889],[18.3886,77.5416],[18.7868,77.9398],[19.1158,78.4545],[19.4291,78.5866],[20.3212,78.685],[20.9081,78.8094],[20.6842,78.9149],[19.9319,79.1082],[19.5049,79.1606],[19.1516,79.2309],[18.8465,79.3817],[18.5487,79.5597],[18.3505,79.5146],[18.016,79.3623],[17.769,79.4153],[17.7222,79.4866],[17.7982,79.6209],[17.8341,79.8095],[17.5706,79.8899],[16.9953,79.8978],[16.7766,79.9786],[16.3263,80.0251],[15.9166,79.8418],[15.935,79.7429],[16.082,79.5282],[16.2892,79.3679],[16.3888,79.2346],[16.1332,79.1364],[15.7741,79.2423],[15.2372,79.5892],[14.8101,79.8037],[14.5747,79.7853],[14.3166,79.7219],[14.2581,79.5336],[14.1589,79.3638],[13.3967,79.4337],[13.283,79.4871]]],[[[21.2526,79.789],[21.9708,79.7829],[21.6549,79.4781],[20.9833,79.3609],[20.9983,79.1911],[23.8205,79.1475],[24.4163,79.3122],[24.8552,79.3753],[25.3367,79.403],[26.067,79.5741],[26.9686,79.8539],[27.1968,79.9444],[26.9486,80.1137],[26.2544,80.1989],[25.3513,80.1489],[25.034,80.1675],[24.7829,80.3797],[24.4214,80.4373],[23.9442,80.3198],[23.4983,80.0971],[23.1154,80.0963],[23.0768,80.2406],[23.2164,80.6108],[22.826,80.473],[22.5874,80.2686],[22.1977,80.1233],[21.8812,80.2768],[21.4759,80.3147],[20.9737,80.275],[20.5245,80.3224],[19.9154,80.6334],[19.3988,80.3686],[19.0676,80.165],[18.6958,80.0874],[18.3306,79.8824],[19.2181,79.7402],[19.5617,79.7678],[20.3442,79.7963],[21.2526,79.789]]],[[[10.1752,56.0759],[10.2934,56.1371],[10.4425,56.1509],[10.4961,56.0336],[10.7507,56.0973],[10.8887,56.3687],[10.7507,56.0973],[10.4961,56.0336],[10.4425,56.1509],[10.2934,56.1371],[10.1752,56.0759]]],[[[8.884,54.2294],[8.9617,54.2759],[9.0562,54.3486],[9.1361,54.2977],[9.1652,54.3195],[9.2161,54.2904],[9.2597,54.305],[9.296,54.2468],[9.4414,54.2468],[9.296,54.2468],[9.2597,54.305],[9.2161,54.2904],[9.1652,54.3195],[9.1361,54.2977],[9.0562,54.3486],[8.9617,54.2759],[8.884,54.2294],[8.5807,54.1937],[8.884,54.2294]]],[[[12.8716,56.5115],[12.7859,56.6167],[12.6575,56.6108],[12.526,56.7804],[12.2886,56.8799],[12.0051,57.3252],[11.8766,57.3252],[12.0051,57.3252],[12.2886,56.8799],[12.526,56.7804],[12.6575,56.6108],[12.7859,56.6167],[12.8716,56.5115]]],[[[16.0632,56.3962],[16.0314,56.3531],[15.7705,56.0332],[15.6962,56.061],[15.497,56.1672],[15.2208,56.0804],[14.6529,56.1206],[14.6052,55.9808],[14.4918,56.018],[14.2589,55.8993],[14.126,55.6666],[14.2589,55.8993],[14.4918,56.018],[14.6052,55.9808],[14.6529,56.1206],[15.2208,56.0804],[15.497,56.1672],[15.6962,56.061],[15.7705,56.0332],[16.0314,56.3531],[16.0632,56.3962]]],[[[13.3019,55.3007],[12.8024,55.3529],[13.3019,55.3007],[13.8233,55.4218],[13.9011,55.4052],[14.1172,55.3471],[14.2864,55.5155],[14.1172,55.3471],[13.9011,55.4052],[13.8233,55.4218],[13.3019,55.3007]]],[[[11.5848,55.1622],[11.2854,55.1886],[11.5848,55.1622],[11.7672,55.176],[11.9073,55.0213],[11.9696,54.9542],[12.077,54.9947],[12.3014,55.1703],[12.4297,55.2447],[12.3014,55.1703],[12.077,54.9947],[11.9696,54.9542],[11.9073,55.0213],[11.7672,55.176],[11.5848,55.1622]]],[[[-24.1469,65.4393],[-24.2189,65.5337],[-24.1469,65.4393],[-23.6785,65.3167],[-23.3742,65.3536],[-23.1832,65.4266],[-22.8137,65.4709],[-22.3616,65.4499],[-22.1465,65.3849],[-21.9548,65.378],[-21.7938,65.2985],[-21.7289,65.1825],[-21.7938,65.2985],[-21.9548,65.378],[-22.1465,65.3849],[-22.3616,65.4499],[-22.8137,65.4709],[-23.1832,65.4266],[-23.3742,65.3536],[-23.6785,65.3167],[-24.1469,65.4393]]],[[[-22.3729,63.7732],[-22.5066,63.8658],[-22.3729,63.7732],[-21.5475,63.7176],[-21.0791,63.7113],[-20.8799,63.7403],[-20.4039,63.6983],[-19.8267,63.4783],[-19.5531,63.4147],[-18.9608,63.3375],[-18.6419,63.3238],[-18.1569,63.3675],[-17.9441,63.4248],[-17.5915,63.6893],[-17.2444,63.7328],[-16.9175,63.7334],[-16.5338,63.7841],[-15.8765,63.9927],[-15.6341,64.0575],[-15.2665,64.2802],[-15.0768,64.2089],[-14.8212,64.195],[-14.5975,64.2671],[-14.3659,64.4756],[-14.3481,64.6695],[-14.2603,64.7128],[-13.8934,64.7207],[-13.6942,64.7786],[-13.6258,64.8939],[-13.5574,65.0094],[-13.5256,65.1833],[-13.5898,65.43],[-13.5256,65.1833],[-13.5574,65.0094],[-13.6258,64.8939],[-13.6942,64.7786],[-13.8934,64.7207],[-14.2603,64.7128],[-14.3481,64.6695],[-14.3659,64.4756],[-14.5975,64.2671],[-14.8212,64.195],[-15.0768,64.2089],[-15.2665,64.2802],[-15.6341,64.0575],[-15.8765,63.9927],[-16.5338,63.7841],[-16.9175,63.7334],[-17.2444,63.7328],[-17.5915,63.6893],[-17.9441,63.4248],[-18.1569,63.3675],[-18.6419,63.3238],[-18.9608,63.3375],[-19.5531,63.4147],[-19.8267,63.4783],[-20.4039,63.6983],[-20.8799,63.7403],[-21.0791,63.7113],[-21.5475,63.7176],[-22.3729,63.7732]]]]},"properties":{"NAME":"Denmark-Norway","SUBJECTO":"Denmark-Norway","PARTOF":"Denmark-Norway","BORDERPRECISION":1,"LINK":null}},
{"type":"Feature","geometry":{"type":"MultiPolygon","coordinates":[[[[-6.3431,53.9396],[-6.2064,53.9567],[-6.0717,53.9736],[-5.9122,54.0274],[-5.7314,54.1749],[-5.6615,54.3222],[-5.7999,54.5229],[-5.7637,54.657],[-5.7849,54.7374],[-6.0182,55.093],[-6.1165,55.1602],[-6.2793,55.1397],[-6.4543,55.1865],[-6.6452,55.2064],[-6.9968,55.172],[-7.2255,55.1042],[-7.4275,55.0638],[-7.4978,55.0497],[-7.6573,55.1168],[-7.7562,55.2527],[-8.1183,55.1766],[-8.3454,55.0953],[-8.4763,54.8799],[-8.5037,54.7496],[-8.76,54.7014],[-8.8294,54.6339],[-8.2115,54.6339],[-8.3006,54.4893],[-8.6867,54.3641],[-8.5901,54.2028],[-9.0858,54.2582],[-9.3229,54.2751],[-9.4743,54.2413],[-9.892,54.3256],[-9.9888,54.2537],[-10.1597,54.1331],[-10.1785,53.9119],[-9.9129,53.9696],[-9.6965,53.8734],[-9.8724,53.7677],[-9.8096,53.6324],[-10.1514,53.5756],[-10.0211,53.5119],[-10.1598,53.3741],[-9.8848,53.2974],[-9.8029,53.3454],[-9.6167,53.3459],[-9.4407,53.2662],[-9.2974,53.2798],[-9.1582,53.2207],[-9.0017,53.3004],[-8.9236,53.1606],[-8.997,53.1204],[-9.3093,53.1153],[-9.5258,52.9046],[-9.4416,52.8333],[-9.6157,52.6366],[-9.1343,52.6809],[-9.1926,52.5545],[-9.504,52.5405],[-9.7357,52.4803],[-9.784,52.3407],[-9.8016,52.2411],[-9.8906,52.1944],[-10.4692,52.2066],[-10.4973,52.1017],[-9.9638,52.0921],[-10.294,51.9776],[-10.2169,51.7583],[-9.8354,51.8033],[-9.7952,51.6046],[-9.8191,51.4346],[-9.2433,51.4726],[-8.8478,51.5998],[-8.5652,51.6155],[-8.1588,51.8396],[-7.8616,51.9681],[-7.7506,52.0327],[-7.3724,52.0921],[-6.9617,52.1112],[-6.8939,52.2066],[-6.6168,52.2207],[-6.4892,52.1944],[-6.406,52.2144],[-6.3409,52.4271],[-6.2321,52.6133],[-6.0707,52.7666],[-6.0431,52.8931],[-6.1722,53.4392],[-6.335,53.786],[-6.4434,53.8994],[-6.3431,53.9396]]],[[[-1.982,55.5897],[-3.3193,54.8863],[-3.3087,54.8847],[-3.1525,54.8381],[-3.4304,54.6431],[-3.5692,54.415],[-3.4793,54.2746],[-3.2615,54.1412],[-2.8859,54.1687],[-2.8653,54.0283],[-2.9795,53.8209],[-3.0567,53.5136],[-2.9145,53.2671],[-3.3295,53.233],[-3.9567,53.2052],[-4.3175,53.0912],[-4.4919,52.991],[-4.6214,52.831],[-4.4683,52.8113],[-4.1475,52.8319],[-4.0939,52.7455],[-4.1236,52.3733],[-4.2947,52.2003],[-4.6191,52.0935],[-5.0615,52.0064],[-5.2488,51.8602],[-5.1786,51.7875],[-4.999,51.7017],[-4.1593,51.6768],[-3.4991,51.4597],[-3.1728,51.4669],[-2.7502,51.644],[-2.8947,51.3938],[-3.0331,51.3299],[-3.066,51.1777],[-3.483,51.1811],[-3.8252,51.2348],[-4.281,51.1872],[-4.2773,51.0637],[-4.4426,50.9687],[-4.5515,50.9972],[-4.6046,50.7787],[-4.8153,50.6042],[-5.0166,50.5605],[-5.2378,50.3463],[-5.7778,50.1341],[-5.4292,50.0679],[-5.2823,49.9638],[-4.967,50.2122],[-4.5406,50.358],[-4.3033,50.3235],[-4.2426,50.3915],[-4.0042,50.3141],[-3.8817,50.2004],[-3.715,50.2193],[-3.5632,50.3614],[-3.5215,50.6174],[-3.1109,50.6574],[-2.9606,50.7218],[-2.5505,50.57],[-2.432,50.6459],[-2.0237,50.57],[-2.0854,50.7028],[-1.3725,50.7663],[-1.1034,50.8167],[-0.839,50.7218],[-0.3357,50.8167],[-0.2037,50.7953],[0.1918,50.7313],[0.6726,50.9307],[0.8883,50.8927],[0.886,50.9819],[1.335,51.1207],[1.3647,51.3529],[1.1894,51.4055],[1.0301,51.3588],[0.8043,51.3783],[0.2542,51.4536],[0.6862,51.5604],[1.0313,51.8127],[1.5119,52.0258],[1.6569,52.2118],[1.6917,52.3114],[1.5857,52.65],[1.3759,52.8092],[1.0127,52.8884],[0.7418,52.9012],[0.5047,52.8475],[0.3268,52.7075],[0.0055,52.7867],[0.2509,53.0401],[0.2678,53.1267],[0.1745,53.2931],[0.081,53.3862],[-0.2037,53.5233],[-0.3192,53.5789],[-0.2349,53.7994],[-0.2955,54.0332],[-0.6048,54.3002],[-0.8706,54.5472],[-1.1921,54.5954],[-1.3889,54.6805],[-1.5556,54.9216],[-1.696,55.2725],[-1.666,55.3796],[-1.719,55.4537],[-1.942,55.5561],[-1.982,55.5897]]]]},"properties":{"NAME":"England","SUBJECTO":"England","PARTOF":"England","BORDERPRECISION":1,"LINK":null}},
{"type":"Feature","geometry":{"type":"MultiPolygon","coordinates":[[[[-1.982,55.5897],[-2.245,55.811],[-2.5403,55.8847],[-2.7421,55.9572],[-2.9279,55.946],[-3.1615,55.8457],[-3.3559,55.8427],[-3.5772,55.8847],[-3.713,55.8847],[-3.895,55.9851],[-3.2935,55.9739],[-3.1698,56.0621],[-2.8953,56.0855],[-2.7729,56.1713],[-2.7209,56.1782],[-2.9494,56.253],[-3.1524,56.3368],[-2.9805,56.3536],[-2.6671,56.471],[-2.5148,56.6673],[-2.4131,56.7173],[-2.1589,57.0143],[-2.2032,57.0648],[-2.1078,57.2103],[-1.9446,57.4017],[-2.1504,57.572],[-2.854,57.5433],[-3.0926,57.577],[-3.4008,57.5764],[-3.7958,57.5415],[-4.1484,57.5545],[-4.2485,57.6363],[-4.1505,57.8348],[-3.9432,57.9584],[-3.1664,58.2751],[-3.0284,58.4057],[-3.165,58.5222],[-3.4405,58.5285],[-3.8305,58.5072],[-4.1389,58.4448],[-4.5099,58.4029],[-4.9256,58.567],[-5.1127,58.3949],[-4.9071,58.169],[-5.3459,58.0927],[-5.0556,57.751],[-5.23,57.7096],[-5.5685,57.7774],[-5.763,57.6198],[-5.4606,57.3881],[-5.5616,57.2993],[-5.7263,57.258],[-5.6253,56.9992],[-5.6659,56.9378],[-5.909,56.7333],[-6.0435,56.4748],[-5.8217,56.4005],[-5.6445,56.5163],[-5.5466,56.6524],[-5.4583,56.6321],[-5.2707,56.5441],[-5.3001,56.4287],[-5.497,56.1773],[-5.6331,55.9399],[-5.5702,55.7505],[-5.3336,55.8795],[-5.1346,55.8934],[-4.8484,56.0972],[-4.7107,56.1313],[-4.6233,55.908],[-4.7584,55.8197],[-4.8951,55.7721],[-4.9078,55.6639],[-4.7705,55.4884],[-4.6384,55.4279],[-4.91,55.1103],[-5.0667,54.9485],[-5.1114,54.7941],[-4.9025,54.7341],[-4.5999,54.6878],[-4.5003,54.7751],[-4.4607,54.8624],[-4.1216,54.7624],[-3.9077,54.7897],[-3.5767,54.9245],[-3.3193,54.8863],[-1.982,55.5897]]],[[[-5.7557,55.4773],[-5.6982,55.3307],[-5.6203,55.3295],[-5.4824,55.4427],[-5.5178,55.668],[-5.6887,55.6281],[-5.7557,55.4773]]]]},"properties":{"NAME":"Scottland","SUBJECTO":"Scottland","PARTOF":"Scottland","BORDERPRECISION":1,"LINK":null}},
{"type":"Feature","geometry":{"type":"Polygon","coordinates":[[[-7.4915,37.2082],[-7.488,37.2164],[-7.3514,37.6444],[-7.2425,37.8109],[-6.8448,38.1002],[-7.0281,38.2396],[-7.3939,38.295],[-7.3173,38.4996],[-7.0894,38.7945],[-6.9334,38.9613],[-7.0069,39.0503],[-7.2114,39.2982],[-7.431,39.5205],[-7.3013,39.5787],[-7.0842,39.5991],[-6.8783,39.7024],[-6.8587,39.7919],[-6.8842,40.214],[-6.8249,40.6566],[-6.8572,40.8616],[-6.8344,41.0605],[-6.7966,41.0928],[-6.2411,41.3205],[-6.1115,41.4175],[-6.1395,41.5264],[-6.5184,41.7491],[-6.5861,41.8579],[-6.7087,41.96],[-6.8595,41.9849],[-7.0984,41.868],[-7.9186,41.8892],[-8.1573,42.087],[-8.405,42.0021],[-8.8061,41.8892],[-8.9207,41.767],[-8.8548,41.5969],[-8.8518,41.4078],[-8.6941,40.9922],[-8.9697,40.19],[-8.9156,40.1381],[-9.1179,39.644],[-9.2993,39.4177],[-9.4153,39.3667],[-9.3977,39.2304],[-9.4598,38.9531],[-9.549,38.7745],[-9.5224,38.6899],[-9.3616,38.6711],[-9.1758,38.7322],[-9.0408,38.9202],[-8.9608,38.8185],[-8.9419,38.7419],[-9.0692,38.643],[-9.2852,38.6195],[-9.2366,38.4174],[-9.0223,38.461],[-8.8537,38.4996],[-8.7889,38.436],[-8.8473,38.3846],[-8.823,38.2061],[-8.9328,37.9618],[-8.851,37.9102],[-8.8415,37.5251],[-9.0166,37.0698],[-8.9908,36.99],[-8.6671,37.1214],[-8.5411,37.0886],[-8.2802,37.0886],[-8.0336,37.0088],[-7.836,37.0323],[-7.6034,37.163],[-7.4915,37.2082]]]},"properties":{"NAME":"Portugal","SUBJECTO":"Portugal","PARTOF":"Portugal","BORDERPRECISION":1,"LINK":null}},
{"type":"Feature","geometry":{"type":"MultiPolygon","coordinates":[[[[149.5542,-6.4061],[149.9172,-6.3544],[150.2763,-6.3409],[150.4941,-6.2769],[150.9319,-6.0853],[151.0557,-6.0151],[151.2393,-5.7923],[151.2801,-5.6714],[151.4673,-5.671],[151.8015,-5.7084],[151.9199,-5.6573],[152.0587,-5.4981],[151.8622,-5.2825],[151.8349,-5.2063],[151.9066,-5.1044],[152.1355,-5.0849],[152.1797,-5.0021],[152.2682,-4.7795],[152.2332,-4.6207],[152.0899,-4.3604],[151.9442,-4.5196],[151.7623,-4.4946],[151.5393,-4.4061],[151.5588,-4.6476],[151.5876,-4.9017],[151.5699,-5.0289],[151.4516,-5.0863],[151.1574,-5.0997],[151.0492,-5.1952],[150.8865,-5.5197],[150.7216,-5.6218],[150.2893,-5.7117],[150.1808,-5.7056],[150.0519,-5.6232],[149.8942,-5.4456],[149.8693,-5.4012],[149.7644,-5.6302],[149.6485,-5.7131],[149.4128,-5.739],[149.0786,-5.7016],[148.8365,-5.6449],[148.5072,-5.6711],[148.3766,-5.6586],[148.3063,-5.7732],[148.4157,-5.881],[148.7125,-5.9884],[148.8416,-6.0707],[149.0215,-6.242],[149.2086,-6.1526],[149.379,-6.2094],[149.4801,-6.2982],[149.5542,-6.4061]]],[[[140.9476,-9.2739],[141.4962,-9.3154],[142.3066,-9.3327],[142.6074,-9.3766],[142.8133,-9.2808],[143.146,-9.0894],[143.3311,-9],[143.2327,-8.8223],[143.0507,-8.6701],[142.7528,-8.5118],[142.4637,-8.4362],[142.3556,-8.3665],[142.2489,-8.3095],[142.464,-8.2964],[142.97,-8.3779],[143.4368,-8.3578],[143.4893,-8.3069],[143.3561,-8.1292],[143.4959,-8.0844],[143.6674,-8.1412],[143.7796,-8.1092],[143.7918,-8.0138],[143.6648,-7.6709],[144.016,-7.8735],[144.1932,-7.8414],[144.3798,-7.7583],[144.6274,-7.7832],[144.9294,-7.9224],[145.6152,-8.0735],[145.8196,-8.0984],[146.0955,-8.4665],[146.5855,-9.19],[146.6461,-9.2789],[146.8584,-9.431],[147.185,-9.5701],[147.293,-9.6906],[147.3933,-9.9256],[147.6155,-10.084],[147.8736,-10.1788],[148.222,-10.1908],[148.5605,-10.1837],[148.8499,-10.2403],[149.3286,-10.36],[149.7834,-10.4099],[149.8401,-10.4543],[149.9057,-10.6639],[150.0024,-10.7336],[150.4946,-10.7389],[150.5234,-10.6371],[150.4176,-10.2941],[150.1756,-10.1611],[149.6964,-10.035],[149.5674,-9.9273],[149.859,-9.8313],[149.8729,-9.7677],[149.8299,-9.7106],[149.5464,-9.6349],[149.3565,-9.6163],[149.1757,-9.5531],[149.0779,-9.458],[149.2368,-9.2097],[149.1977,-9.1208],[149.0455,-9.1148],[148.7251,-9.1536],[148.5887,-9.1603],[148.4588,-9.097],[148.1327,-8.6274],[148.0347,-8.2462],[147.376,-7.7963],[147.1512,-7.5617],[146.886,-7.1173],[146.865,-6.9648],[146.9091,-6.8948],[147.1623,-6.8244],[147.6638,-6.7915],[147.7386,-6.7405],[147.6439,-6.4801],[147.458,-6.239],[147.3765,-6.1248],[147.0529,-6.0428],[146.8934,-6.0305],[146.0445,-5.6764],[145.7454,-5.6262],[145.6081,-5.5248],[145.5934,-5.4231],[145.7282,-4.997],[145.3775,-4.6736],[145.0684,-4.4963],[144.783,-4.3381],[144.6595,-4.2239],[144.5427,-3.9954],[144.3717,-4.0212],[144.1029,-3.9836],[143.827,-3.8381],[143.4455,-3.6101],[142.8813,-3.4397],[142.4133,-3.3073],[142.0308,-3.1556],[140.8698,-2.7948],[140.9455,-6.3792],[140.7473,-6.7492],[140.9411,-7.365],[140.9618,-7.7274],[140.9476,-9.2739]]]]},"properties":{"NAME":"Papua New Guinea","SUBJECTO":"Papua New Guinea","PARTOF":"Papua New Guinea","BORDERPRECISION":1,"LINK":null}},
{"type":"Feature","geometry":{"type":"Polygon","coordinates":[[[12.3778,44.7315],[12.1362,45.1041],[12.0365,45.1373],[12.0531,45.021],[11.9701,45.0376],[11.8871,45.0875],[11.7709,45.0709],[11.6048,44.9048],[11.2395,45.0709],[11.1698,45.0672],[11.3392,44.855],[11.2561,44.7886],[11.1731,44.6059],[11.2893,44.4565],[11.2893,44.3735],[11.1399,44.3403],[11.202,44.1426],[11.3226,44.1576],[11.2893,44.224],[11.4554,44.2739],[11.5716,44.224],[11.555,44.1908],[11.7045,44.224],[11.6879,44.2572],[11.7377,44.3569],[11.8041,44.3403],[11.8539,44.3569],[11.9037,44.3237],[11.8871,44.2572],[11.9369,44.0912],[12.0199,44.1742],[12.0864,44.1742],[12.0531,44.1078],[12.0531,44.0746],[12.0365,43.9252],[12.0864,43.8421],[12.1694,43.892],[12.2192,43.892],[12.1196,43.7425],[12.103,43.6097],[12.1196,43.4769],[12.2192,43.344],[12.3022,43.344],[12.3022,43.2776],[12.2192,43.2278],[12.1528,43.0617],[12.1694,42.9123],[12.186,42.9123],[12.1528,42.6965],[12.1694,42.63],[12.1297,42.596],[12.0531,42.5304],[12.0697,42.298],[12.0033,42.2481],[12.0199,42.0987],[11.9601,42.0074],[11.9634,42.0047],[12.3948,41.7295],[12.6415,41.5311],[12.9768,41.3714],[13.2714,41.3142],[13.4984,41.3019],[13.7605,41.2067],[13.8132,41.3183],[13.9792,41.3349],[13.9958,41.3515],[14.029,41.4013],[13.9626,41.4677],[13.9626,41.5176],[13.9294,41.6338],[13.8796,41.6338],[13.8796,41.667],[13.9294,41.75],[13.863,41.7832],[13.863,41.75],[13.6471,41.7998],[13.6471,41.75],[13.5973,41.7998],[13.5641,41.8662],[13.6305,41.9327],[13.6305,42.0157],[13.5807,42.0489],[13.5807,42.0987],[13.4147,42.1983],[13.4645,42.2315],[13.4147,42.3644],[13.5475,42.4308],[13.6305,42.5304],[13.7136,42.3976],[13.7634,42.464],[13.8298,42.4806],[13.8298,42.5636],[13.9294,42.5304],[13.9958,42.6134],[14.0764,42.6338],[13.9151,42.8728],[13.7916,43.1233],[13.7316,43.3742],[13.6009,43.5348],[12.6972,43.9348],[12.5081,44.1315],[12.3451,44.301],[12.2807,44.5501],[12.2736,44.6726],[12.3778,44.7315]]]},"properties":{"NAME":"Papal States","SUBJECTO":"Papal States","PARTOF":"Papal States","BORDERPRECISION":1,"LINK":null}},
{"type":"Feature","geometry":{"type":"Polygon","coordinates":[[[48.0147,-17.0228],[47.4821,-16.9044],[46.6535,-17.733],[45.2923,-22.6452],[45.529,-23.5921],[46.0025,-23.5921],[47.1862,-23.1186],[48.4882,-20.0411],[48.4882,-19.4493],[48.0147,-17.0228]]]},"properties":{"NAME":"Expansionist Kingdom of Merina","SUBJECTO":"Expansionist Kingdom of Merina","PARTOF":"Expansionist Kingdom of Merina","BORDERPRECISION":1,"LINK":null}},
{"type":"Feature","geometry":{"type":"Polygon","coordinates":[[[-3.0202,13.6561],[-3.8332,12.6953],[-3.1681,10.9215],[-1.1726,10.8476],[0.0839,11.7345],[-0.064,13.2866],[-1.6899,13.8039],[-3.0202,13.6561]]]},"properties":{"NAME":"Mossi States","SUBJECTO":"Mossi States","PARTOF":"Mossi States","BORDERPRECISION":1,"LINK":null}},
{"type":"Feature","geometry":{"type":"Polygon","coordinates":[[[12.3717,-6.2578],[12.6715,-6.6956],[12.7957,-6.8606],[12.877,-7.0511],[12.9686,-7.5148],[13.0231,-7.6054],[13.167,-7.8448],[13.3871,-8.1557],[13.4768,-8.416],[13.4795,-8.6321],[13.4314,-8.8228],[13.3602,-8.8929],[13.1459,-9.0649],[13.0838,-9.2875],[14.3291,-9.3681],[14.2665,-8.9393],[14.3253,-8.2343],[14.0903,-7.7055],[14.1027,-7.3759],[14.3986,-7.1984],[14.8721,-7.3759],[14.9905,-7.1984],[15.0496,-6.0147],[14.5762,-4.7718],[14.1027,-4.9494],[13.2741,-5.778],[13.215,-6.1331],[12.8007,-5.9555],[12.3717,-6.2578]]]},"properties":{"NAME":"Congo","SUBJECTO":"Congo","PARTOF":"Congo","BORDERPRECISION":1,"LINK":null}},
{"type":"Feature","geometry":{"type":"Polygon","coordinates":[[[102.6708,12.0377],[102.9626,11.3679],[103.0396,10.898],[103.192,10.9046],[103.4001,11.0385],[103.5249,11.0578],[103.6523,10.8802],[103.6703,10.7659],[103.5885,10.6641],[103.5249,10.5242],[103.6069,10.4735],[103.7388,10.4929],[103.831,10.474],[104.0031,10.5379],[104.1603,10.5192],[104.272,10.3987],[104.3872,10.3144],[104.4278,10.2847],[104.7649,10.1774],[104.9785,9.9809],[104.9873,9.8221],[104.8904,9.6948],[104.8224,9.4723],[104.7776,8.8813],[104.7425,8.4937],[104.9071,8.475],[105.0257,8.5197],[105.2084,8.6535],[105.2966,8.7744],[105.5031,9.029],[105.6908,9.1247],[105.9266,9.1888],[106.1184,9.3353],[106.2293,9.5516],[106.3351,9.52],[106.482,9.5521],[106.6563,9.7431],[106.7486,10.0673],[106.727,10.2261],[106.7044,10.4484],[106.7732,10.6392],[106.8538,10.5758],[107.3845,12.3541],[107.4823,12.5833],[107.4578,13.0659],[107.4803,13.2566],[106.0607,13.3427],[105.0156,13.406],[103.6565,12.8464],[102.7359,12.117],[102.6708,12.0377]]]},"properties":{"NAME":"Cambodia","SUBJECTO":"Cambodia","PARTOF":"Cambodia","BORDERPRECISION":1,"LINK":null}},
{"type":"Feature","geometry":{"type":"Polygon","coordinates":[[[7.3971,43.7641],[7.3552,43.9015],[6.9228,43.815],[6.8857,43.9015],[6.9598,43.9139],[6.9228,43.9756],[6.9969,44.0497],[6.9722,44.0621],[6.9351,44.1362],[6.8857,44.1486],[6.8363,44.1115],[6.7869,44.198],[6.7869,44.2968],[6.8698,44.3492],[6.7829,44.5479],[6.9247,44.715],[7.0035,44.7195],[6.9426,44.8687],[6.6653,44.9545],[6.5073,45.1157],[6.2804,45.1986],[6.2434,45.2974],[6.2681,45.3221],[6.2187,45.3468],[6.1445,45.3221],[6.0828,45.3715],[6.0334,45.3345],[6.0581,45.2233],[5.9469,45.2604],[5.9345,45.3221],[5.8234,45.3962],[5.6071,45.8466],[5.3567,45.876],[5.3567,46.0528],[5.5334,46.0086],[5.5334,46.097],[5.2683,46.318],[5.4156,46.5242],[5.6457,46.4567],[5.7249,46.48],[5.7397,46.5978],[5.6255,46.6491],[5.6464,46.8498],[5.757,46.8867],[5.7939,46.9972],[5.6673,47.1083],[5.7369,47.2336],[5.7786,47.3588],[5.7925,47.5119],[5.9178,47.5954],[5.8204,47.7346],[5.9595,47.8041],[5.9595,47.985],[6.0569,47.9572],[6.0987,48.0268],[6.2518,47.9572],[6.2379,48.2912],[5.9456,48.3469],[6.0152,48.653],[5.8343,48.7783],[6.0013,48.9035],[5.876,49.0705],[5.723,48.9592],[5.6116,49.2097],[5.9039,49.1958],[5.9093,49.2009],[5.3611,49.6968],[4.2552,49.8872],[3.8203,50.0394],[3.4827,49.9205],[2.9073,49.9435],[2.6771,50.1506],[2.4009,50.1967],[2.1477,50.0586],[1.9866,50.0816],[1.9866,50.2197],[1.8255,50.2427],[1.7962,50.9214],[1.5889,50.8219],[1.5283,50.5777],[1.552,50.2288],[1.4162,50.1098],[1.2745,50.0043],[0.8688,49.9072],[0.5286,49.8258],[0.1894,49.681],[0.1151,49.6023],[0.0904,49.5106],[0.3308,49.455],[0.0329,49.3337],[-0.2037,49.2918],[-0.2394,49.2855],[-0.4649,49.3514],[-1.0232,49.3985],[-1.1771,49.3325],[-1.2887,49.521],[-1.251,49.6999],[-1.5242,49.6528],[-1.9413,49.7093],[-1.8915,49.5264],[-1.639,49.2196],[-1.5798,49.229],[-1.5634,49.0362],[-1.5884,48.881],[-1.5755,48.7681],[-1.4566,48.6836],[-1.5914,48.6375],[-1.8576,48.6084],[-1.8706,48.7117],[-1.9991,48.677],[-1.752,48.1782],[-2.0104,47.7457],[-2.5755,47.324],[-2.4937,47.2469],[-2.2637,47.1829],[-2.1095,47.124],[-2.0046,47.0425],[-2.1297,46.8508],[-1.9425,46.7058],[-1.7107,46.4488],[-1.4027,46.4039],[-1.2561,46.3068],[-1.166,46.1837],[-1.0752,46.0146],[-1.2365,45.8],[-1.2474,45.6881],[-1.1384,45.5832],[-0.8547,45.3214],[-0.7285,45.0186],[-0.8142,45.1218],[-0.9004,45.2939],[-1.1234,45.4316],[-1.1752,45.5005],[-1.2755,45.1287],[-1.3318,44.6138],[-1.2303,44.7304],[-1.1358,44.6001],[-1.3144,44.559],[-1.5614,43.5244],[-1.7461,43.3602],[-1.9146,43.3054],[-1.7024,43.1959],[-1.4914,43.2096],[-1.4657,43.1549],[-1.5577,43.0454],[-1.5151,42.9976],[-1.4476,42.9839],[-1.3973,43.0318],[-0.9074,42.8813],[-0.84,42.9087],[-0.612,42.7309],[-0.5868,42.7651],[-0.4688,42.7514],[-0.4099,42.7856],[-0.2161,42.7172],[-0.2037,42.7003],[-0.1656,42.6488],[0.1796,42.6625],[0.1963,42.6078],[0.3478,42.6352],[0.5919,42.6283],[0.5841,42.7719],[0.7442,42.7719],[1.3075,42.6352],[1.3205,42.605],[1.4563,42.619],[1.5772,42.6479],[1.7554,42.5967],[1.7917,42.5789],[1.7313,42.5455],[1.7282,42.501],[2.1029,42.6145],[2.2721,42.6901],[2.4806,42.6856],[2.4896,42.7189],[2.7011,42.73],[2.825,42.8498],[2.9489,42.883],[3.0393,42.8692],[3.0679,42.9446],[3.3179,43.196],[3.4787,43.3121],[3.8075,43.4672],[4.0782,43.4871],[4.4168,43.3461],[4.6465,43.3209],[4.7506,43.3533],[4.9098,43.3664],[5.0518,43.3281],[5.4345,43.1037],[5.6466,43.0333],[5.8286,43.0208],[6.1878,43.0923],[6.3312,43.1119],[6.523,43.1509],[6.9231,43.4477],[7.2976,43.6673],[7.3971,43.7641]]]},"properties":{"NAME":"France","SUBJECTO":"France","PARTOF":"France","BORDERPRECISION":1,"LINK":null}},
{"type":"Feature","geometry":{"type":"MultiPolygon","coordinates":[[[[12.3778,44.7315],[12.476,44.7871],[12.5231,44.8828],[12.409,44.989],[12.3221,45.0424],[12.3125,45.1783],[12.1762,45.2143],[12.1804,45.2703],[12.2514,45.2903],[12.2797,45.4023],[12.4832,45.4623],[12.4482,45.3943],[12.8987,45.5584],[13.1046,45.5824],[13.1562,45.7265],[13.3677,45.6945],[13.5004,45.94],[13.6063,46.1321],[13.6211,46.4209],[13.7251,46.6464],[13.7091,46.8391],[13.5807,46.8391],[13.5164,46.9996],[13.2917,47.0638],[12.6977,46.9514],[12.4072,46.9641],[12.3284,46.9675],[12.2178,46.8843],[12.0748,46.9275],[11.7397,46.7517],[11.9084,46.4141],[11.5709,46.2454],[11.5709,45.9754],[11.3346,46.0091],[11.2334,46.0091],[11.1659,45.7391],[10.9296,45.8403],[10.7946,45.6378],[10.6596,45.8066],[10.5246,45.7391],[10.4571,46.2116],[10.5583,46.3129],[10.5583,46.7179],[10.3957,46.8874],[10.3387,46.7483],[10.3892,46.6528],[10.3721,46.5663],[10.2303,46.5893],[10.1512,46.6619],[10.0237,46.6209],[9.9874,46.4981],[10.0971,46.4389],[9.9945,46.2525],[9.885,46.4025],[9.6737,46.3798],[9.642,46.3252],[9.5449,46.3116],[9.5817,45.893],[9.6951,45.7796],[9.5061,45.5148],[9.8464,45.7039],[9.9221,45.6661],[9.9977,45.4014],[10.3767,45.3744],[10.675,45.3531],[10.8244,45.3531],[10.8561,45.0507],[11.1698,45.0672],[11.2395,45.0709],[11.6048,44.9048],[11.7709,45.0709],[11.8871,45.0875],[11.9701,45.0376],[12.0531,45.021],[12.0365,45.1373],[12.1362,45.1041],[12.3778,44.7315]]],[[[16.6398,43.3897],[16.7115,43.7713],[16.7015,43.8467],[16.1847,43.9076],[15.7498,44.0978],[15.4944,43.8884],[15.9128,43.6522],[16.0594,43.4335],[16.3667,43.513],[16.5485,43.4613],[16.6398,43.3897]]],[[[16.9923,43.3227],[17.0751,43.2227],[17.3041,43.0762],[17.3262,43.3368],[17.1632,43.3911],[17.0544,43.4727],[16.9923,43.3227]]],[[[13.6732,45.7145],[13.8,45.5664],[13.7491,45.4943],[13.5563,45.4596],[13.5269,45.4543],[13.6436,45.1791],[13.6721,45.0504],[13.8951,44.7592],[13.9913,44.7831],[14.0604,44.8947],[14.1885,44.9425],[14.1746,45.0104],[14.2386,45.0624],[14.3545,45.3229],[14.0759,45.2762],[13.9898,45.4197],[14.2194,45.4771],[14.0759,45.678],[13.6732,45.7145]]]]},"properties":{"NAME":"Venice","SUBJECTO":"Venice","PARTOF":"Venice","BORDERPRECISION":1,"LINK":null}},
{"type":"Feature","geometry":{"type":"Polygon","coordinates":[[[40.4004,-11.2304],[40.5364,-11.0267],[40.6195,-10.766],[40.524,-10.5501],[40.4662,-10.4753],[40.3869,-10.3725],[40.2088,-10.2521],[39.8382,-10.0051],[39.6576,-9.7957],[39.5768,-9.5417],[39.3918,-8.735],[39.4004,-8.3092],[39.4777,-7.9976],[39.4243,-7.8961],[39.2867,-7.8773],[39.2701,-7.8011],[39.4372,-7.3305],[39.5554,-7.1713],[39.5664,-7.0442],[39.2209,-6.7844],[38.9215,-6.3402],[38.8724,-6.0925],[38.9338,-5.6348],[39.1225,-5.037],[39.2291,-4.8449],[39.2673,-4.7762],[39.4174,-4.7314],[39.5298,-4.6167],[39.6814,-4.3241],[39.6401,-4.0827],[40.074,-3.4717],[40.2344,-3.1917],[40.2317,-3.0328],[40.2713,-2.8167],[40.4485,-2.6447],[40.7498,-2.5932],[40.8769,-2.4277],[40.9154,-2.0781],[41.0886,-2.1286],[41.3393,-2.0518],[41.6099,-1.8767],[41.6522,-1.7525],[41.6073,-1.5937],[41.8842,-1.2182],[42.4401,-0.5116],[42.9148,-0.017],[42.9412,0.0106],[43.0993,0.17],[43.7243,0.8003],[44.3007,1.2908],[42.7856,1.3201],[39.4166,-1.375],[37.7322,-4.5755],[38.2375,-9.292],[39.2482,-11.1449],[40.4004,-11.2304]]]},"properties":{"NAME":"Islamic city-states","SUBJECTO":"Islamic city-states","PARTOF":"Islamic city-states","BORDERPRECISION":1,"LINK":null}},
{"type":"Feature","geometry":{"type":"Polygon","coordinates":[[[80.5629,5.9317],[80.8518,5.9513],[81.2027,6.0792],[81.4339,6.2703],[81.5999,6.4486],[81.779,6.754],[81.8662,7.0846],[81.8049,7.3132],[81.446,7.9287],[81.3261,8.2589],[81.0601,8.4108],[81.0491,8.4743],[81.0934,8.6269],[81.0149,8.7728],[80.7676,9.1218],[80.6624,9.2995],[80.3476,9.4703],[80.1096,9.6866],[80.1781,9.4452],[80.0765,9.2791],[80.0526,9.1139],[79.896,8.9204],[79.7058,8.9309],[79.6746,8.8049],[79.8087,8.6475],[79.7242,8.4166],[79.8322,8.1031],[79.8407,7.6965],[79.8387,7.3534],[79.8541,7.0612],[80.0168,6.496],[80.1277,6.2167],[80.2222,6.058],[80.3411,5.9693],[80.5629,5.9317]]]},"properties":{"NAME":"Sinhalese kingdoms","SUBJECTO":"Sinhalese kingdoms","PARTOF":"Sinhalese kingdoms","BORDERPRECISION":1,"LINK":null}},
{"type":"Feature","geometry":{"type":"Polygon","coordinates":[[[96.1184,3.9511],[96.5441,4.4721],[96.602,5.0768],[96.1873,5.1458],[96.0247,5.2153],[95.7405,5.4689],[95.6277,5.5258],[95.4641,5.5699],[95.2832,5.5505],[95.2161,5.4995],[95.1906,5.4105],[95.2051,5.2453],[95.3082,4.9596],[95.5609,4.5345],[95.8276,4.2237],[96.1184,3.9511]]]},"properties":{"NAME":"Aceh","SUBJECTO":"Aceh","PARTOF":"Aceh","BORDERPRECISION":1,"LINK":null}},
{"type":"Feature","geometry":{"type":"MultiPolygon","coordinates":[[[[103.3113,-0.8182],[103.2376,-0.6595],[103.4087,-0.5002],[103.5007,-0.3157],[103.6866,-0.1183],[103.7136,-0.017],[103.7222,0.0152],[103.4631,0.2879],[103.2405,0.459],[103.0466,0.5284],[102.7016,0.5658],[102.4718,0.6225],[102.2783,0.7428],[102.1359,0.9395],[102.0098,1.2697],[101.8681,1.4346],[101.6753,1.5231],[101.4743,1.5481],[101.2758,1.7192],[101.0598,2.081],[100.8317,2.1758],[100.8006,2.0677],[100.8561,1.9661],[100.8543,1.8772],[100.7319,1.8706],[100.4565,2.1178],[100.1214,2.5428],[99.8632,2.5676],[99.8722,2.6376],[99.8584,2.9044],[99.7959,2.9805],[99.4913,3.126],[98.9624,3.4362],[98.6253,3.6579],[98.49,3.2267],[98.6457,2.7597],[100.2024,0.8916],[101.1365,-1.3656],[101.7592,-1.2878],[103.3113,-0.8182]]],[[[103.3339,3.3937],[101.837,3.4602],[101.2643,3.2252],[101.3364,2.7805],[101.4338,2.6664],[101.8926,2.3369],[102.4467,2.0331],[102.7169,1.8812],[103.1147,1.6088],[103.3491,1.4124],[103.4277,1.3808],[103.6084,1.4447],[104.0107,1.4201],[104.1756,1.3887],[104.1477,1.4459],[103.8304,2.1696],[103.6781,2.4107],[103.4396,2.6326],[103.3511,2.804],[103.3078,3.0263],[103.3393,3.3123],[103.3339,3.3937]]],[[[108.9991,0.1982],[109.932,0.1911],[110.3476,0.8519],[110.5486,0.726],[110.8176,1.2443],[110.4752,1.4405],[110.2895,1.5164],[109.9018,1.5536],[109.7231,1.6168],[109.554,1.8007],[109.5175,1.8205],[109.4259,1.8703],[109.2824,1.8827],[109.1462,1.5202],[108.9555,1.2593],[108.8961,1.1003],[108.8143,0.8078],[108.8703,0.5411],[108.841,0.3313],[108.9991,0.1982]]]]},"properties":{"NAME":"Malacca","SUBJECTO":"Malacca","PARTOF":"Malacca","BORDERPRECISION":1,"LINK":null}},
{"type":"Feature","geometry":{"type":"MultiPolygon","coordinates":[[[[140.8698,-2.7948],[140.2852,-2.6128],[139.592,-2.3792],[138.6343,-1.9554],[137.8543,-1.614],[137.7039,-1.6333],[137.2088,-1.9077],[137.1107,-1.9842],[137.1044,-2.213],[137.0842,-2.2511],[136.9141,-2.315],[136.4288,-2.4114],[136.2709,-2.4181],[135.7342,-3.2518],[135.5076,-3.4493],[135.2464,-3.5389],[135.0867,-3.5138],[134.9544,-3.4632],[134.8491,-3.3809],[134.7731,-3.3047],[134.634,-2.822],[134.5952,-2.7586],[134.557,-2.7078],[134.4554,-3.0004],[134.3664,-2.9434],[134.2831,-2.8546],[134.1863,-2.6196],[134.1343,-2.4037],[134.0828,-2.1814],[133.9834,-2.01],[134.0139,-1.8383],[134.141,-1.5013],[134.0792,-1.3235],[133.9073,-1.0061],[133.4963,-0.9371],[133.265,-0.8613],[132.5924,-0.5704],[132.4123,-0.5391],[132.254,-0.5267],[132.0542,-0.6542],[131.8336,-0.8263],[131.4197,-1.0115],[131.2114,-1.0246],[131.2095,-1.2915],[131.1834,-1.406],[131.0644,-1.5397],[131.6268,-1.5957],[131.8156,-1.6652],[131.9063,-1.8175],[131.9734,-2.116],[132.034,-2.2049],[132.219,-2.3443],[132.6807,-2.3814],[133.0251,-2.3616],[133.3207,-2.38],[133.5928,-2.3477],[133.7476,-2.2584],[133.855,-2.2454],[133.8836,-2.4297],[133.843,-2.6649],[133.7808,-2.7222],[133.3213,-2.7423],[133.1867,-2.6218],[133.1208,-2.5965],[132.8843,-2.7814],[132.7187,-2.9342],[132.6474,-2.9471],[132.3763,-2.8397],[132.2019,-2.8019],[132.0158,-2.8214],[131.9989,-2.9231],[132.025,-3.0184],[132.1772,-3.0434],[132.4954,-3.2207],[132.7493,-3.3981],[132.8272,-3.506],[132.8956,-3.6965],[132.723,-3.8176],[132.7128,-3.8875],[132.8618,-4.1923],[132.9316,-4.2684],[133.2449,-4.1088],[133.3955,-3.9878],[133.5083,-3.7142],[133.5632,-3.4154],[133.6688,-3.2372],[133.7525,-3.1862],[133.8225,-3.2877],[133.7627,-3.5103],[133.857,-3.7707],[134.0406,-3.9482],[134.2261,-4.0368],[134.4009,-4.0682],[134.6786,-4.0231],[134.7658,-4.0356],[134.8097,-4.1563],[134.7768,-4.3089],[135.0605,-4.4545],[135.3778,-4.5618],[135.6536,-4.593],[136.2206,-4.7634],[137.1129,-5.0347],[137.3852,-5.1231],[137.5953,-5.2498],[137.8236,-5.4272],[138.2975,-6.1889],[138.4214,-6.481],[138.5506,-6.6523],[138.8181,-6.836],[139.0283,-7.0199],[138.9678,-7.0709],[138.8614,-7.0902],[138.6624,-7.0398],[138.6496,-7.1415],[138.904,-7.4905],[139.1561,-7.7251],[139.1536,-7.8522],[138.958,-8.145],[138.917,-8.3167],[139.1124,-8.3227],[139.4451,-8.2584],[139.7941,-8.2132],[139.9769,-8.2382],[140.299,-8.6443],[140.716,-9.0438],[140.9476,-9.2739],[140.9618,-7.7274],[140.9411,-7.365],[140.7473,-6.7492],[140.9455,-6.3792],[140.8698,-2.7948]]],[[[96.1184,3.9511],[96.3944,3.6467],[96.7204,3.7046],[96.886,3.5143],[97.2545,3.1402],[97.4277,2.9246],[97.5087,2.7405],[97.5433,2.4101],[97.5971,2.2514],[97.74,2.2072],[97.9825,2.1124],[98.3026,1.9352],[98.6006,1.7071],[98.671,1.6183],[98.7193,1.4786],[98.6891,1.3705],[98.9989,0.5578],[99.1133,0.2212],[99.401,0.0884],[99.5304,-0.017],[99.6966,-0.1524],[99.972,-0.5013],[100.272,-0.9709],[100.6503,-1.631],[100.7963,-2.0247],[100.7788,-2.1772],[100.8121,-2.336],[101.3455,-3.0149],[101.6596,-3.3193],[102.1107,-3.6043],[102.1968,-3.7566],[102.2865,-3.9788],[102.4622,-4.1818],[103.0686,-4.6127],[103.5235,-4.9994],[103.8725,-5.3418],[104.4769,-5.9824],[104.5685,-6.0712],[104.6422,-5.9757],[104.4647,-5.6392],[104.5634,-5.6009],[105.0328,-5.8795],[105.0691,-5.7587],[105.1867,-5.5423],[105.304,-5.5802],[105.4757,-5.815],[105.6407,-5.929],[105.6893,-5.8971],[105.7285,-5.8271],[105.7956,-5.3503],[105.7964,-5.2296],[105.7871,-4.9309],[105.7967,-4.7339],[105.6932,-4.3083],[105.7111,-4.1049],[105.9428,-3.2147],[105.6287,-2.9103],[105.5639,-2.7134],[105.4449,-2.5993],[105.3652,-2.5804],[104.9946,-2.4668],[104.6778,-2.6708],[104.6098,-2.5757],[104.8126,-2.1558],[104.5675,-2.1373],[104.4725,-2.0803],[104.3524,-1.8899],[104.3552,-1.7056],[104.2977,-1.3625],[104.2299,-1.1911],[104.1212,-1.1405],[103.7469,-1.1159],[103.3842,-0.8943],[103.3113,-0.8182],[101.7592,-1.2878],[101.1365,-1.3656],[100.2024,0.8916],[98.6457,2.7597],[98.49,3.2267],[98.6253,3.6579],[98.1455,4.0699],[98.1994,4.3114],[98.1738,4.3813],[97.9428,4.5205],[97.5293,5.0407],[97.3841,5.1801],[97.2038,5.1734],[96.9995,5.1094],[96.7527,5.0644],[96.602,5.0768],[96.5441,4.4721],[96.1184,3.9511]]],[[[108.9991,0.1982],[109.1242,-0.017],[109.1578,-0.0747],[109.0734,-0.4053],[109.1895,-0.5385],[109.4286,-0.7096],[109.1789,-0.869],[109.2445,-0.9324],[109.5998,-1.1223],[109.7828,-1.3062],[109.9409,-1.6426],[109.9462,-1.8587],[110.0659,-2.494],[110.0764,-2.7863],[110.1023,-3.0785],[110.2384,-3.0655],[110.3651,-2.9954],[110.6525,-2.9884],[110.7968,-3.1724],[111.436,-2.974],[111.5872,-2.7957],[111.7286,-3.2593],[111.7133,-3.3992],[111.7395,-3.647],[111.9034,-3.6148],[112.0469,-3.4556],[112.2456,-3.398],[112.4063,-3.4485],[112.5777,-3.4227],[112.6384,-3.3336],[112.7954,-2.971],[112.9493,-3.0406],[113.1235,-3.2436],[113.32,-3.294],[113.4608,-3.3827],[113.6084,-3.6111],[113.7445,-3.5981],[113.9706,-3.3625],[114.0995,-3.3495],[114.2185,-3.4319],[114.3562,-3.6032],[114.5046,-3.9651],[114.4936,-4.1558],[114.5809,-4.2954],[114.7124,-4.2062],[114.9858,-4.0785],[115.5681,-3.8039],[115.8063,-3.5365],[115.8634,-3.3775],[115.9559,-3.1993],[116.202,-2.9001],[116.2482,-2.7983],[116.2445,-2.703],[116.0408,-2.4429],[116.3491,-2.4168],[116.2727,-2.2835],[116.2455,-2.1056],[116.0463,-1.9345],[116.3842,-1.6605],[116.5789,-1.3677],[117.0456,-0.9346],[117.2552,-1.004],[117.3703,-1.0038],[117.4298,-0.6224],[117.3777,-0.4318],[117.3182,-0.1397],[117.3389,-0.017],[117.375,0.1973],[117.5343,0.6107],[117.7083,0.8207],[117.8597,0.8655],[118.2183,0.7583],[118.5561,0.7463],[118.7652,0.823],[118.5173,1.1656],[118.2473,1.3874],[117.9128,1.5901],[117.7301,1.7994],[117.6964,1.9009],[117.8483,2.2253],[117.8292,2.3143],[117.5877,2.6505],[117.342,3.0249],[117.236,3.0755],[117.139,3.1706],[117.2151,3.2724],[117.1631,3.4057],[117.074,3.5072],[117.3347,3.5459],[117.5802,3.5655],[117.6839,3.6292],[117.5405,3.9403],[117.5587,3.9807],[117.5892,4.0484],[117.8221,4.0997],[118.1124,4.1448],[118.3187,4.2342],[118.3912,4.3742],[117.9918,4.6846],[117.9484,4.7989],[118.1084,4.939],[118.4156,4.9016],[118.6828,4.9149],[118.8813,4.9788],[118.9714,5.0489],[119.0426,5.1698],[118.998,5.2777],[118.843,5.3409],[118.377,5.6385],[118.256,5.6637],[118.0954,5.6252],[117.7616,5.58],[117.9183,5.8028],[117.8665,5.9043],[117.6543,5.8467],[117.3701,5.7889],[117.3536,5.8778],[117.4593,6.0813],[117.5409,6.2404],[117.5071,6.3928],[117.3257,6.4877],[117.1681,6.6144],[117.0311,6.8365],[116.889,6.6456],[116.7405,6.6897],[116.5956,6.8991],[116.5618,6.8228],[116.3378,6.3585],[116.0987,6.0975],[115.9708,5.8811],[115.7871,5.7401],[115.7173,5.4676],[115.4878,5.4862],[115.2917,5.454],[115.2031,5.2759],[115.4178,5.1111],[115.4339,5.0031],[115.3614,4.8759],[115.1593,4.8381],[115.1211,4.8309],[115.0369,4.8952],[114.9615,4.8765],[114.8778,4.8558],[114.8227,4.8952],[114.854,5.0159],[114.7452,4.9844],[114.4503,4.5626],[114.1666,4.5112],[114.0737,4.455],[114.0233,4.4245],[113.9135,4.3581],[113.8148,4.2626],[113.4231,3.7598],[113.1875,3.6146],[112.9517,3.1552],[112.7592,3.0086],[112.3013,2.8742],[111.6345,2.7202],[111.3718,2.5989],[111.1338,2.0329],[110.9698,1.7593],[110.8934,1.5113],[111.1199,1.2703],[110.9683,1.2255],[110.8176,1.2443],[110.5486,0.726],[110.3476,0.8519],[109.932,0.1911],[108.9991,0.1982]]],[[[119.6921,-0.017],[119.5782,-0.4906],[119.5972,-0.8782],[119.3963,-0.9041],[119.2437,-1.2285],[119.2048,-1.4319],[119.2074,-1.5463],[119.2471,-1.9593],[119.1746,-2.1755],[118.9637,-2.5255],[118.7426,-2.7611],[118.6836,-2.9011],[118.7964,-3.4792],[118.7914,-3.6635],[119.0498,-3.6502],[119.2257,-3.5736],[119.3653,-3.6305],[119.4611,-3.8082],[119.448,-3.9608],[119.5045,-4.1894],[119.4773,-4.6725],[119.4462,-5.0666],[119.365,-5.2765],[119.2946,-5.4228],[119.3667,-5.6578],[119.4768,-5.8038],[119.6909,-5.7715],[119.9216,-5.663],[120.2481,-5.586],[120.1244,-5.3321],[120.1327,-5.2304],[120.3022,-4.944],[120.3069,-4.8042],[120.1434,-4.3978],[120.2496,-3.8827],[120.2803,-3.6539],[120.2162,-3.2346],[120.1442,-3.0759],[120.3666,-2.8974],[120.5928,-2.8016],[120.9247,-2.8263],[120.999,-3.0486],[120.9464,-3.3093],[120.8185,-3.4875],[120.8025,-3.5956],[120.8808,-3.7162],[121.0683,-3.8556],[121.508,-4.2359],[121.4165,-4.4967],[121.3928,-4.7891],[121.4413,-4.8653],[121.6487,-4.9474],[121.8728,-4.9597],[121.9735,-4.648],[122.159,-4.5142],[122.4524,-4.4881],[122.6484,-4.5131],[122.6689,-4.3859],[122.6409,-4.2843],[122.3914,-4.0878],[122.1903,-3.8468],[122.1443,-3.6626],[122.2149,-3.3574],[122.2582,-3.2111],[121.8743,-2.6527],[121.664,-2.418],[121.3602,-2.1581],[121.2649,-2.1011],[121.2535,-1.9613],[121.2671,-1.9359],[121.4773,-1.9926],[121.5858,-2.0114],[121.6501,-1.9986],[121.7465,-1.8522],[122.2229,-1.6542],[122.4196,-1.4631],[122.5943,-1.2276],[122.7571,-1.0938],[123.0019,-1.1123],[123.2127,-1.2326],[123.25,-0.9021],[123.1911,-0.8069],[122.9815,-0.7184],[122.8596,-0.744],[122.7392,-0.8778],[122.4598,-0.9419],[122.1589,-1.0125],[121.9954,-1.1145],[121.7721,-1.0959],[121.6341,-1.0136],[121.4611,-0.9886],[121.1676,-1.4277],[121.0554,-1.5487],[120.6884,-1.5367],[120.5873,-1.5179],[120.5066,-1.4482],[120.4075,-1.1751],[120.2908,-1.0864],[120.1093,-0.9851],[120.0218,-0.9027],[119.9038,-0.6805],[119.8727,-0.4646],[119.9568,-0.1403],[120.0262,-0.017],[120.143,0.1905],[120.3373,0.3562],[120.5243,0.4011],[120.8263,0.4144],[121.0851,0.3769],[121.5524,0.397],[121.9478,0.3788],[122.4656,0.4053],[122.9831,0.3746],[123.2489,0.1846],[123.4718,0.1533],[124.0254,0.2562],[124.234,0.3011],[124.4214,0.4794],[124.8574,1.0459],[124.8941,1.1032],[124.9308,1.1605],[124.9832,1.3004],[125.0162,1.5419],[124.9825,1.6499],[124.8525,1.6242],[124.7195,1.4396],[124.5451,1.3312],[124.4569,1.2039],[124.5271,1.0833],[124.4322,0.956],[124.1502,0.7966],[123.8262,0.7387],[122.9925,0.775],[122.7329,0.6728],[122.3959,0.7928],[122.1809,0.8686],[121.7924,0.8486],[121.5912,0.8609],[121.2631,1.1017],[120.9907,1.1646],[120.7674,1.1387],[120.6355,0.9224],[120.5623,0.7761],[120.4319,0.636],[120.2389,0.7881],[120.109,0.7243],[119.9137,0.5396],[119.6975,0.0053],[119.6921,-0.017]]],[[[105.1848,-6.8657],[105.7522,-6.9202],[105.89,-6.9326],[106.1175,-6.9957],[106.3655,-7.0397],[106.5466,-7.16],[106.3447,-7.3702],[106.3202,-7.4338],[106.4837,-7.5034],[107.2068,-7.5336],[107.3676,-7.565],[107.7297,-7.7867],[108.1602,-7.8556],[108.3607,-7.8361],[108.6104,-7.7021],[109.0372,-7.7203],[109.5436,-7.8399],[110.0382,-7.9914],[110.4154,-8.2067],[110.7777,-8.3203],[111.4391,-8.3824],[112.0934,-8.4446],[112.4144,-8.4884],[112.571,-8.4626],[112.8358,-8.3476],[113.0738,-8.3471],[113.4747,-8.4861],[113.7438,-8.5999],[114.1048,-8.6881],[114.3293,-8.783],[114.0692,-8.434],[114.1376,-8.2114],[114.2522,-8.0204],[114.2308,-7.9315],[113.9484,-7.8241],[113.7614,-7.8308],[113.5587,-7.9139],[113.2626,-7.9082],[113.0727,-7.8768],[112.6784,-7.7188],[112.6246,-7.6744],[112.5009,-7.4649],[112.5366,-7.2645],[112.4049,-7.1346],[112.2748,-7.0269],[111.9168,-6.9577],[111.5683,-6.9204],[111.3297,-6.9082],[111.0447,-6.8516],[110.9145,-6.6294],[110.8146,-6.5343],[110.6133,-6.5411],[110.4915,-6.6621],[110.3959,-6.9547],[110.2426,-7.0313],[110.0273,-7.0445],[109.382,-6.9886],[109.1611,-7.0231],[108.9534,-6.9387],[108.5558,-6.9205],[108.4754,-6.6855],[108.309,-6.4508],[108.1733,-6.3557],[107.9696,-6.4388],[107.7687,-6.4519],[107.677,-6.3304],[107.5246,-6.3508],[107.3396,-6.1541],[107.0614,-6.0785],[106.9451,-6.026],[106.9351,-6.136],[106.864,-6.2696],[106.628,-6.3094],[106.5213,-6.11],[106.3081,-6.1309],[106.0242,-6.0807],[105.9332,-6.026],[105.8915,-6.1509],[105.7915,-6.2569],[105.8107,-6.4816],[105.6722,-6.4563],[105.664,-6.5193],[105.6335,-6.7552],[105.4674,-6.8132],[105.2862,-6.7712],[105.1439,-6.7817],[105.1848,-6.8657]]],[[[123.4919,-10.3522],[123.7079,-10.3453],[123.9563,-10.2431],[124.1542,-10.2045],[124.4481,-9.9878],[124.9385,-9.5545],[125.2115,-9.3951],[125.5323,-9.28],[126.1482,-9.0816],[126.8725,-8.8067],[127.0349,-8.692],[127.1415,-8.5964],[127.0972,-8.5075],[127.0438,-8.4758],[126.6529,-8.5403],[126.4094,-8.5598],[125.9998,-8.6561],[125.2898,-8.7021],[125.0798,-8.7725],[124.9179,-9.0461],[124.6199,-9.2501],[123.9688,-9.5312],[123.6654,-9.748],[123.6145,-9.8879],[123.6041,-10.1295],[123.4919,-10.3522]]],[[[127.6307,-0.017],[127.6353,-0.13],[127.6363,-0.3079],[127.8839,-0.6378],[128.1828,-0.9295],[128.2994,-1.0246],[128.3697,-0.9291],[128.2815,-0.8022],[128.0992,-0.6056],[127.9456,-0.3263],[127.8868,-0.017],[127.8647,0.0992],[127.9007,0.2963],[128.0374,0.3665],[128.2028,0.3478],[128.3967,0.2783],[128.7058,0.2091],[128.6342,0.3678],[128.6416,0.4314],[128.4623,0.5263],[128.2612,0.5831],[128.1896,0.6274],[128.2626,0.7673],[128.4726,0.9267],[128.6319,1.0223],[128.5851,1.27],[128.6086,1.3845],[128.545,1.4479],[128.1823,1.2628],[128.1022,1.1991],[128.0417,0.9638],[127.8457,0.7792],[127.802,0.7155],[127.7162,0.7789],[127.6889,0.925],[127.8517,1.2684],[127.9626,1.4466],[127.9866,1.5738],[127.9181,1.7325],[127.7998,1.8974],[127.5686,1.5284],[127.4397,1.1278],[127.4235,0.9816],[127.4868,0.8483],[127.5222,0.7848],[127.4414,0.5368],[127.6275,0.0606],[127.6307,-0.017]]],[[[122.9486,-8.3771],[122.9431,-8.2407],[122.8632,-8.1409],[122.7644,-8.099],[122.6924,-8.0937],[122.6402,-8.1829],[122.7228,-8.1724],[122.757,-8.2249],[122.715,-8.2931],[122.5331,-8.3981],[122.3436,-8.4821],[122.376,-8.5818],[122.1659,-8.6343],[121.9798,-8.5503],[121.7868,-8.5825],[121.5782,-8.5893],[121.4314,-8.7231],[121.2794,-8.7171],[121.0788,-8.5714],[120.565,-8.3881],[120.3275,-8.395],[120.0251,-8.4847],[119.8525,-8.574],[119.8404,-8.6821],[119.9353,-8.9361],[120.0779,-8.9167],[120.5486,-8.9348],[120.8092,-9.0232],[120.9709,-9.0546],[121.1057,-9.0289],[121.2755,-8.9141],[121.4678,-8.9646],[121.6944,-8.9959],[121.8985,-8.8494],[122.0507,-8.868],[122.3126,-8.7445],[122.7112,-8.5975],[122.6962,-8.4926],[122.9486,-8.3771]]],[[[130.7838,-3.879],[130.8058,-3.7646],[130.7252,-3.4851],[130.5935,-3.3074],[130.3687,-3.13],[129.9829,-3.0355],[129.7428,-2.9788],[129.5561,-2.9856],[129.3114,-3.1323],[129.1678,-3.1389],[128.9094,-2.9997],[128.4122,-2.9817],[128.2888,-2.9565],[128.1527,-2.9695],[128.0418,-3.0588],[128.1524,-3.2619],[128.2924,-3.465],[128.376,-3.5474],[128.5226,-3.4645],[128.6529,-3.3434],[128.9146,-3.2539],[129.0307,-3.4125],[129.4867,-3.5958],[129.5795,-3.5829],[129.5685,-3.3796],[129.5949,-3.335],[129.7813,-3.3219],[129.9141,-3.3852],[130.2971,-3.6767],[130.6093,-3.8476],[130.7838,-3.879]]],[[[117.9377,-8.54],[118.0559,-8.608],[118.0331,-8.692],[117.9024,-8.6972],[117.8172,-8.8136],[117.6851,-8.7884],[117.5542,-8.7392],[117.5138,-8.6133],[117.334,-8.5667],[117.0593,-8.561],[116.9584,-8.5293],[116.8534,-8.5995],[116.7495,-8.6506],[116.6627,-8.7025],[116.6989,-8.816],[116.6345,-8.9334],[116.6632,-9.0593],[116.7542,-9.1146],[116.8003,-9.1463],[116.9764,-9.1777],[117.1159,-9.1223],[117.2766,-9.1452],[117.5573,-9.0556],[117.8409,-8.9544],[117.9739,-8.9754],[118.0772,-8.8599],[118.216,-8.7392],[118.254,-8.7655],[118.2107,-8.8862],[118.2746,-8.927],[118.658,-8.8562],[118.6255,-8.7864],[118.6888,-8.7602],[118.8282,-8.7864],[118.9705,-8.881],[118.982,-8.7025],[118.9542,-8.6552],[118.8726,-8.6715],[118.8633,-8.4808],[118.7608,-8.3793],[118.6177,-8.3924],[118.5442,-8.5293],[118.462,-8.5961],[118.4673,-8.3928],[118.42,-8.3246],[118.2671,-8.2774],[118.1301,-8.3426],[118.0483,-8.2984],[118.0247,-8.203],[117.9479,-8.1619],[117.8062,-8.178],[117.691,-8.2672],[117.6774,-8.3626],[117.7054,-8.4388],[117.7968,-8.4958],[117.9377,-8.54]]],[[[106.5527,-3.1752],[106.4707,-2.9212],[106.5234,-2.7939],[106.6427,-2.7111],[106.3286,-2.572],[106.0365,-2.204],[105.8963,-1.8039],[105.8634,-1.6261],[105.7224,-1.7471],[105.6557,-1.957],[105.4267,-1.7096],[105.3214,-1.8179],[105.1997,-2.1105],[105.2518,-2.1739],[105.4528,-2.1608],[105.5835,-2.205],[105.8118,-2.3824],[105.8823,-2.5602],[105.9024,-2.7254],[105.9947,-2.8904],[106.1643,-2.9981],[106.5527,-3.1752]]],[[[120.2798,-10.3782],[120.4142,-10.3525],[120.525,-10.2441],[120.5813,-10.0978],[120.4624,-9.9265],[119.9458,-9.5907],[119.7887,-9.4576],[119.5626,-9.5089],[119.1163,-9.5226],[118.949,-9.5865],[118.9004,-9.682],[119.0317,-9.7707],[119.2539,-9.8274],[119.4098,-9.8716],[119.7698,-10.0742],[120.1824,-10.3466],[120.2798,-10.3782]]],[[[138.1759,-8.5535],[138.2972,-8.5405],[138.5838,-8.2285],[138.699,-8.152],[138.8448,-7.8656],[138.8948,-7.7829],[138.8054,-7.675],[138.568,-7.523],[138.3763,-7.5552],[138.1927,-7.6764],[137.9411,-7.9947],[137.6759,-8.4592],[138.1759,-8.5535]]],[[[126.6605,-3.8752],[127.056,-3.7473],[127.1122,-3.7217],[127.1425,-3.62],[127.0938,-3.5184],[126.9524,-3.4297],[126.8373,-3.2902],[126.7266,-3.2332],[126.3823,-3.253],[126.1111,-3.2981],[126.0457,-3.4253],[126.15,-3.6285],[126.4719,-3.8502],[126.6605,-3.8752]]],[[[115.0724,-8.7814],[115.2437,-8.5903],[115.3482,-8.5456],[115.5005,-8.469],[115.0844,-8.2347],[114.8763,-8.2479],[114.645,-8.331],[114.4575,-8.3314],[114.5107,-8.4521],[114.8956,-8.6546],[115.0724,-8.7814]]]]},"properties":{"NAME":"Malaysian Islamic states","SUBJECTO":"Malaysian Islamic states","PARTOF":"Malaysian Islamic states","BORDERPRECISION":1,"LINK":null}},
{"type":"Feature","geometry":{"type":"Polygon","coordinates":[[[41.484,41.4365],[42.029,41.3998],[42.2501,41.369],[42.3515,41.4016],[42.6938,41.5637],[42.8784,41.5455],[43.9568,42.5912],[44.0525,42.5592],[44.1695,42.6124],[44.2972,42.6124],[44.3716,42.6869],[44.4142,42.7294],[44.5099,42.7614],[44.6695,42.7614],[44.7865,42.7294],[44.8716,42.6656],[44.9354,42.7401],[44.978,42.772],[45.0312,42.772],[45.1375,42.7188],[45.2014,42.6763],[45.2971,42.6763],[45.3822,42.6231],[43.6169,43.7728],[41.3096,43.5572],[41.1226,43.0191],[41.4097,42.7882],[41.5027,42.6085],[41.6518,42.1206],[41.6805,41.7933],[41.6661,41.7292],[41.5211,41.4658],[41.484,41.4365]]]},"properties":{"NAME":"Georgia","SUBJECTO":"Georgia","PARTOF":"Georgia","BORDERPRECISION":1,"LINK":null}},
{"type":"Feature","geometry":{"type":"Polygon","coordinates":[[[27.8227,56.7255],[27.9294,56.9399],[27.6334,57.0962],[27.7726,57.2109],[27.795,57.4659],[27.5323,57.4058],[27.5107,57.6114],[27.581,58.2311],[27.6505,58.8433],[27.6612,58.9376],[27.702,59.2975],[27.2651,59.338],[26.999,59.3177],[26.8619,59.3717],[26.3433,59.4466],[25.7211,59.4598],[25.49,59.42],[25.4488,59.494],[25.2483,59.3618],[24.7512,59.4485],[24.7138,59.3518],[24.5709,59.3743],[24.5376,59.3234],[24.3416,59.3689],[24.2819,59.2841],[24.0296,59.2354],[24.0321,59.1757],[23.5702,59.1381],[23.4158,59.119],[23.457,59.0055],[23.3379,58.9724],[23.432,58.8581],[23.3608,58.7674],[23.5119,58.5809],[23.6905,58.6655],[23.6709,58.2414],[23.9081,58.2244],[24.0584,58.1115],[24.3311,58.3079],[24.4968,58.2132],[24.4144,58.1059],[24.4156,57.9479],[24.3456,57.8622],[24.3254,57.8375],[24.2362,57.7282],[24.3229,57.3369],[24.3465,57.1597],[24.2663,57.0301],[24.1584,56.9755],[23.7678,56.8659],[23.4145,56.8924],[23.2154,56.9807],[23.1747,57.0485],[23.0709,57.2613],[22.8814,57.3341],[22.5854,57.5087],[22.5636,57.6156],[22.433,57.6156],[22.3599,57.5857],[22.2854,57.565],[21.8103,57.4754],[21.6773,57.4637],[21.5795,57.3726],[21.4596,57.2496],[21.3397,57.1771],[21.3244,56.8544],[21.0221,56.6839],[20.9648,56.609],[20.949,56.4732],[20.916,56.0967],[20.9454,56.07],[20.996,56.0241],[21.0148,55.6971],[21.0185,55.634],[21.2163,55.3437],[21.2009,55.2614],[21.143,55.2558],[21.1623,55.2214],[21.1931,55.1664],[21.2239,55.1114],[21.1133,55.0892],[21.1919,54.9596],[21.1373,54.8455],[20.9852,54.8116],[20.7972,54.818],[20.1271,54.8456],[19.9426,54.8499],[19.8632,54.7517],[19.8332,54.5309],[19.8818,54.5254],[19.9381,54.6082],[20.0057,54.5475],[20.1942,54.575],[20.3267,54.564],[20.1886,54.522],[19.9775,54.4239],[19.9146,54.3947],[19.7331,54.3103],[19.5704,54.2551],[19.4568,54.2166],[19.3281,54.1615],[19.2303,54.167],[19.2321,54.2221],[19.3176,54.2717],[19.7577,54.4592],[19.7336,54.4612],[19.255,54.2772],[18.965,54.2276],[18.6849,54.254],[18.2817,53.3571],[18.5897,53.1004],[18.949,53.2544],[19.2057,53.2544],[19.565,53.4598],[20.0783,53.6651],[20.0783,53.5111],[20.3863,53.5111],[20.4282,53.7781],[20.7094,53.7581],[20.8098,53.6376],[21.1049,53.8191],[21.4643,53.8191],[22.2343,54.1271],[22.1829,54.5377],[22.0803,54.5891],[22.1316,54.7944],[21.9263,54.9484],[22.0289,55.2564],[21.6696,55.5131],[21.3103,55.5131],[21.1418,56.1273],[21.9045,56.35],[22.7454,56.35],[24.715,56.3404],[25.3074,56.4885],[26.2454,55.8961],[27.3705,55.7193],[27.6508,56.28],[27.6059,56.7069],[27.8227,56.7255]]]},"properties":{"NAME":"Teutonic Knights","SUBJECTO":"Teutonic Knights","PARTOF":"Teutonic Knights","BORDERPRECISION":1,"LINK":null}},
{"type":"Feature","geometry":{"type":"Polygon","coordinates":[[[18.6849,54.254],[18.6731,54.2551],[18.5132,54.3158],[18.4538,54.5254],[18.3385,54.6026],[18.3629,54.6689],[18.7595,54.5364],[18.2794,54.7241],[17.6576,54.6855],[17.7468,54.4325],[17.1114,54.13],[16.9904,54.1905],[16.6878,54.0392],[16.8089,53.8577],[16.8089,53.4643],[16.6576,53.8577],[16.2038,53.7064],[16.4155,53.5249],[16.2038,53.3433],[16.0531,52.7164],[15.8439,52.7103],[15.816,52.5707],[15.7602,52.5707],[15.7645,52.2655],[16.0951,52.1242],[16.5059,52.0038],[16.5059,52.1783],[16.8548,51.9166],[16.8548,51.6549],[17.2037,51.6113],[17.2909,51.7858],[17.5525,51.6549],[17.6398,51.4369],[18.1401,50.9877],[18.646,50.6445],[18.7456,50.266],[18.7691,50.177],[18.7963,49.7134],[18.8965,49.7127],[18.9267,49.622],[19.1082,49.5917],[19.1385,49.7127],[19.3805,49.8035],[19.5621,49.7127],[19.5621,49.5312],[19.7133,49.5312],[19.8949,49.4707],[20.0159,49.8035],[20.3487,49.743],[20.5302,49.8035],[20.6815,49.6522],[20.8933,49.743],[20.8025,49.8337],[20.8933,49.8337],[20.984,49.743],[21.1353,49.8337],[21.2866,49.7732],[21.3169,49.864],[21.7707,49.743],[21.7707,49.5917],[23.8885,49.2589],[24.1608,48.9866],[25.6663,48.692],[25.9019,46.8763],[26.699,45.7924],[26.7308,45.4735],[26.5395,45.2504],[28.3683,45.3309],[30.8862,47.4538],[32.0074,46.9059],[32.0935,46.927],[36.0701,47.8981],[37.5018,48.4412],[37.6993,48.9349],[38.1361,49.049],[38.2917,51.2059],[37.6006,51.4034],[36.86,52.0946],[36.8243,52.3896],[36.5252,52.3646],[36.3401,51.9631],[35.7948,51.7983],[35.3495,51.9243],[34.8344,51.8419],[34.8714,51.4565],[34.5541,51.5195],[34.1925,51.5046],[34.1167,51.2541],[33.693,51.3424],[33.5265,51.5711],[33.0499,51.3749],[32.4178,51.5553],[31.9939,51.3791],[31.5292,51.5652],[30.8541,51.5406],[30.5084,51.7964],[30.7865,51.9029],[31.3039,52.1545],[31.8887,52.138],[31.5617,52.3979],[31.3711,53.0654],[31.6381,53.2873],[31.87,53.0965],[32.1498,53.0377],[32.5553,53.3192],[32.5012,53.6611],[32.635,53.9702],[32.2648,54.3167],[32.208,54.864],[31.3512,54.8244],[31.3654,54.9442],[31.0425,55.324],[31.7228,55.5494],[31.8037,56.0299],[30.9017,55.8995],[30.7767,56.0721],[30.6887,55.8961],[29.9482,56.5379],[29.0595,56.5379],[28.8127,56.8835],[28.0926,56.7924],[28.0174,56.5669],[27.8227,56.7255],[27.6059,56.7069],[27.6508,56.28],[27.3705,55.7193],[26.2454,55.8961],[25.3074,56.4885],[24.715,56.3404],[22.7454,56.35],[21.9045,56.35],[21.1418,56.1273],[21.3103,55.5131],[21.6696,55.5131],[22.0289,55.2564],[21.9263,54.9484],[22.1316,54.7944],[22.0803,54.5891],[22.1829,54.5377],[22.2343,54.1271],[21.4643,53.8191],[21.1049,53.8191],[20.8098,53.6376],[20.7094,53.7581],[20.4282,53.7781],[20.3863,53.5111],[20.0783,53.5111],[20.0783,53.6651],[19.565,53.4598],[19.2057,53.2544],[18.949,53.2544],[18.5897,53.1004],[18.2817,53.3571],[18.6849,54.254]]]},"properties":{"NAME":"Poland-Lithuania","SUBJECTO":"Poland-Lithuania","PARTOF":"Poland-Lithuania","BORDERPRECISION":1,"LINK":null}},
{"type":"Feature","geometry":{"type":"Polygon","coordinates":[[[16.7015,43.8467],[16.8651,44.2447],[17.4575,44.146],[17.7538,44.3928],[18.9386,44.3928],[19.7851,44.9361],[20.2907,44.8997],[20.8008,44.9315],[23.5426,45.8561],[24.1803,45.8561],[26.5395,45.2504],[26.7308,45.4735],[26.699,45.7924],[25.9019,46.8763],[25.6663,48.692],[24.1608,48.9866],[23.8885,49.2589],[21.7707,49.5917],[21.7707,49.743],[21.3169,49.864],[21.2866,49.7732],[21.1353,49.8337],[20.984,49.743],[20.8933,49.8337],[20.8025,49.8337],[20.8933,49.743],[20.6815,49.6522],[20.5302,49.8035],[20.3487,49.743],[20.0159,49.8035],[19.8949,49.4707],[19.7133,49.5312],[19.5621,49.5312],[19.5621,49.7127],[19.3805,49.8035],[19.1385,49.7127],[19.1082,49.5917],[18.9267,49.622],[18.5222,49.5611],[18.2504,49.1805],[18.2232,48.9903],[18.1145,48.9903],[18.1145,48.8544],[17.8698,48.8],[17.3534,48.9631],[17.1903,48.4467],[17.2175,48.0662],[17.4621,48.0662],[17.4078,47.8215],[16.7962,47.8433],[16.6223,47.7346],[16.557,47.4954],[16.644,47.2997],[16.557,47.1909],[16.557,47.0605],[16.4483,46.93],[16.4483,46.7778],[16.5135,46.6256],[16.2961,46.4082],[16.5353,46.3647],[16.4483,46.1037],[16.2091,46.1472],[16.0787,45.8863],[16.2091,45.7341],[16.1222,45.5819],[15.4698,45.7341],[15.4236,45.4297],[14.88,45.484],[14.7985,45.8645],[14.5267,45.783],[14.3545,45.3229],[14.5246,45.2663],[14.8154,45.0779],[14.9455,44.9266],[14.907,44.7233],[14.9891,44.54],[15.2859,44.3289],[15.5482,44.2293],[15.2744,44.2366],[15.1495,44.2399],[15.4123,43.9348],[15.4944,43.8884],[15.7498,44.0978],[16.1847,43.9076],[16.7015,43.8467]],[[17.1726,46.1879],[17.1267,46.1072],[17.136,46.1907],[17.1726,46.1879]]]},"properties":{"NAME":"Imperial Hungary","SUBJECTO":"Imperial Hungary","PARTOF":"Imperial Hungary","BORDERPRECISION":1,"LINK":null}},
{"type":"Feature","geometry":{"type":"Polygon","coordinates":[[[-1.9146,43.3054],[-2.0656,43.3333],[-2.1429,43.3315],[-2.1397,43.1358],[-2.5558,43.0763],[-2.6746,42.4226],[-2.1992,42.2443],[-2.0803,42.066],[-2.318,42.066],[-2.2586,41.8283],[-2.13,41.8166],[-1.6049,41.7688],[-1.6643,42.1254],[-0.9074,42.8813],[-1.3973,43.0318],[-1.4476,42.9839],[-1.5151,42.9976],[-1.5577,43.0454],[-1.4657,43.1549],[-1.4914,43.2096],[-1.7024,43.1959],[-1.9146,43.3054]]]},"properties":{"NAME":"Navarre","SUBJECTO":"Navarre","PARTOF":"Navarre","BORDERPRECISION":1,"LINK":null}},
{"type":"Feature","geometry":{"type":"Polygon","coordinates":[[[-7.4915,37.2082],[-7.2278,37.2259],[-7.0101,37.1653],[-6.948,37.1493],[-6.6322,37.0218],[-6.4217,36.7922],[-6.5005,36.7188],[-6.444,36.6232],[-6.2889,36.5722],[-6.305,36.4542],[-6.2045,36.2821],[-5.85,36.0717],[-5.6606,36.008],[-5.4855,36.0654],[-5.4879,36.1737],[-5.4571,36.1674],[-5.4243,36.0717],[-5.3867,36.11],[-5.3742,36.2375],[-5.2167,36.4096],[-4.7573,36.4861],[-4.4466,36.722],[-2.9698,36.7411],[-2.9153,36.6901],[-2.7615,36.6901],[-2.6243,36.8113],[-2.3551,36.8241],[-2.2388,36.7284],[-1.9405,36.9516],[-2.1493,37.233],[-1.921,37.6514],[-2.0352,37.8416],[-1.883,37.9557],[-1.6548,37.9177],[-1.6548,38.1839],[-1.8069,38.26],[-1.8069,38.5262],[-2.0352,38.6023],[-2.0352,39.2489],[-1.8069,39.1729],[-1.8069,39.4772],[-1.9971,39.5913],[-1.9971,39.7434],[-1.8069,39.8575],[-1.9971,39.9716],[-1.9971,40.0857],[-2.3014,40.2379],[-2.3014,40.39],[-1.921,40.6182],[-2.0352,41.2268],[-2.3014,41.2649],[-2.3014,41.4931],[-2.1493,41.4931],[-2.13,41.8166],[-2.2586,41.8283],[-2.318,42.066],[-2.0803,42.066],[-2.1992,42.2443],[-2.6746,42.4226],[-2.5558,43.0763],[-2.1397,43.1358],[-2.1429,43.3315],[-2.3674,43.3262],[-2.7684,43.5379],[-3.0072,43.5503],[-3.196,43.4469],[-3.417,43.3757],[-3.8476,43.4392],[-4.1102,43.4515],[-4.8023,43.4694],[-5.2249,43.5072],[-5.5374,43.5775],[-5.8205,43.7057],[-5.9797,43.7054],[-6.208,43.6405],[-6.4676,43.5627],[-6.808,43.5234],[-7.1513,43.5549],[-7.6363,43.7214],[-7.9795,43.7401],[-8.2202,43.6172],[-8.2507,43.4304],[-8.3104,43.353],[-8.5957,43.3396],[-8.8492,43.3262],[-9.0136,43.2809],[-9.1975,43.1582],[-9.2708,43.0487],[-9.2469,42.9008],[-9.1731,42.8559],[-8.9417,42.8242],[-8.805,42.6316],[-8.6441,42.4197],[-8.7986,42.1945],[-8.8605,42.0145],[-8.8061,41.8892],[-8.405,42.0021],[-8.1573,42.087],[-7.9186,41.8892],[-7.0984,41.868],[-6.8595,41.9849],[-6.7087,41.96],[-6.5861,41.8579],[-6.5184,41.7491],[-6.1395,41.5264],[-6.1115,41.4175],[-6.2411,41.3205],[-6.7966,41.0928],[-6.8344,41.0605],[-6.8572,40.8616],[-6.8249,40.6566],[-6.8842,40.214],[-6.8587,39.7919],[-6.8783,39.7024],[-7.0842,39.5991],[-7.3013,39.5787],[-7.431,39.5205],[-7.2114,39.2982],[-7.0069,39.0503],[-6.9334,38.9613],[-7.0894,38.7945],[-7.3173,38.4996],[-7.3939,38.295],[-7.0281,38.2396],[-6.8448,38.1002],[-7.2425,37.8109],[-7.3514,37.6444],[-7.488,37.2164],[-7.4915,37.2082]]]},"properties":{"NAME":"Castille","SUBJECTO":"Castille","PARTOF":"Castille","BORDERPRECISION":1,"LINK":null}},
{"type":"Feature","geometry":{"type":"Polygon","coordinates":[[[-2.193,35.0542],[-2.3259,35.054],[-2.3557,35.0539],[-2.7148,35.0977],[-2.8299,35.1421],[-3.009,35.39],[-3.2058,35.2686],[-3.4408,35.1663],[-4.0279,35.1332],[-4.2954,35.1518],[-4.593,35.1512],[-5.1096,35.3793],[-5.1718,35.4238],[-5.4794,35.8052],[-5.565,35.8623],[-5.8079,35.7854],[-5.9288,35.7279],[-6.302,34.8614],[-6.472,34.5309],[-6.5115,34.4543],[-6.753,34.1234],[-7.004,33.875],[-7.3326,33.6964],[-7.9024,33.4855],[-8.3144,33.3385],[-4.8879,32.4024],[-4.0511,32.2883],[-2.8719,32.2883],[-1.8022,32.4272],[-1.6102,33.0485],[-1.6811,33.2578],[-1.6739,33.83],[-1.664,34.2051],[-1.7382,34.6051],[-1.8233,34.7],[-2.0766,34.8257],[-2.193,35.0542]]]},"properties":{"NAME":"Wattasid Caliphate","SUBJECTO":"Wattasid Caliphate","PARTOF":"Wattasid Caliphate","BORDERPRECISION":1,"LINK":null}},
{"type":"Feature","geometry":{"type":"Polygon","coordinates":[[[-1.8022,32.4272],[-1.0813,32.4539],[2.4531,32.6687],[5.6813,32.8154],[6.5029,32.7326],[6.923,36.8178],[6.7705,36.8621],[6.3229,37.0906],[6.0474,36.8416],[5.7302,36.7517],[5.3827,36.6745],[5.1445,36.6677],[4.7772,36.7434],[4.6321,36.7941],[4.5326,36.813],[4.3946,36.8382],[4.1639,36.8314],[3.7412,36.8369],[3.5869,36.792],[3.3238,36.6512],[3.07,36.6189],[2.8099,36.7139],[2.5244,36.5732],[2.2938,36.5408],[1.5797,36.5139],[1.0576,36.4619],[0.7812,36.3849],[0.4744,36.225],[0.1987,36.0333],[0.0153,35.8037],[-0.0917,35.7398],[-0.2037,35.7507],[-0.283,35.7585],[-0.4288,35.8601],[-0.7343,35.7385],[-0.9175,35.668],[-1.1467,35.6294],[-1.3291,35.4889],[-1.4951,35.2339],[-1.7383,35.1188],[-2.0353,35.0546],[-2.193,35.0542],[-2.0766,34.8257],[-1.8233,34.7],[-1.7382,34.6051],[-1.664,34.2051],[-1.6739,33.83],[-1.6811,33.2578],[-1.6102,33.0485],[-1.8022,32.4272]]]},"properties":{"NAME":"Zayyanid Caliphate","SUBJECTO":"Zayyanid Caliphate","PARTOF":"Zayyanid Caliphate","BORDERPRECISION":1,"LINK":null}},
{"type":"Feature","geometry":{"type":"Polygon","coordinates":[[[6.5029,32.7326],[7.8923,32.5926],[12.5327,30.8049],[12.4134,32.4643],[12.117,32.8785],[11.4707,33.1441],[11.2089,33.2515],[11.0991,33.5372],[10.9565,33.5751],[10.7781,33.473],[10.6502,33.4982],[10.4126,33.6311],[10.1487,33.8784],[10.0195,34.0815],[10.1164,34.2342],[10.574,34.6481],[10.8394,34.8012],[11.0828,35.145],[11.1251,35.2406],[10.989,35.6223],[10.8308,35.6793],[10.6026,35.8889],[10.5115,36.0862],[10.5092,36.2136],[10.6334,36.424],[10.9201,36.6539],[11.0394,36.909],[11.0238,37.0683],[10.8433,36.9915],[10.5806,36.7934],[10.3928,36.7166],[10.2715,36.7546],[10.1589,36.9965],[10.1327,37.1047],[10.0214,37.2001],[9.7322,37.2824],[9.4161,37.2754],[9.1503,37.1729],[8.8655,36.9684],[8.6367,36.8853],[8.145,36.8139],[7.9132,36.7752],[7.792,36.8324],[7.719,36.9533],[7.5449,37.0421],[7.307,37.0608],[7.2049,36.9905],[7.0632,36.8819],[6.923,36.8178],[6.5029,32.7326]]]},"properties":{"NAME":"Hafsid Caliphate","SUBJECTO":"Hafsid Caliphate","PARTOF":"Hafsid Caliphate","BORDERPRECISION":1,"LINK":null}},
{"type":"Feature","geometry":{"type":"MultiPolygon","coordinates":[[[[12.5327,30.8049],[17.002,28.751],[21.6791,28.0819],[25.4382,28.0082],[27.4283,27.1974],[29.3447,24.028],[30.8189,23.6594],[32.5142,23.7331],[35.1899,24.3999],[34.9974,24.7172],[34.5148,25.5739],[34.1042,26.3545],[33.9288,26.5638],[33.8041,26.9321],[33.5669,27.37],[33.3542,27.9095],[32.9347,28.3788],[32.6493,28.7658],[32.5906,28.9372],[32.3185,29.5402],[32.4384,29.7755],[32.648,29.8522],[32.7373,29.6935],[32.8136,29.4777],[32.9438,29.1984],[33.1785,28.9956],[33.3307,28.5512],[33.5041,28.3292],[33.856,28.025],[34.058,27.7903],[34.2412,27.7589],[34.322,27.829],[34.3988,28.096],[34.5489,28.7316],[34.7643,29.2467],[34.9355,29.4181],[34.9543,29.4368],[34.9847,29.4672],[35.0734,29.4189],[35.0955,29.3427],[35.0721,29.2114],[35.0257,28.9486],[34.8856,28.3575],[34.7989,28.2302],[34.7639,28.0967],[34.8756,28.097],[35.1116,28.0721],[35.4365,27.7297],[35.5948,27.514],[35.8311,27.0952],[36.3122,26.4227],[36.3298,26.4028],[36.6693,26.0168],[37.0053,25.5347],[37.2183,25.1666],[37.2685,24.9698],[37.2015,24.6583],[37.4188,24.3983],[37.5572,24.2715],[37.7818,24.2148],[37.9884,24.1136],[38.3294,23.8347],[38.4901,23.6127],[38.9151,22.8702],[39.0556,22.5719],[39.1022,22.4004],[39.1033,22.0002],[39.1304,21.6508],[39.1667,21.2188],[39.5269,20.6922],[39.7641,20.4068],[40.3363,20.0967],[40.6938,19.8687],[40.8198,19.6847],[41.9226,20.7665],[41.8125,21.7126],[41.138,22.4064],[40.1798,24.028],[39.0742,25.5021],[37.4209,27.8341],[37.3635,27.9574],[36.5935,29.7873],[36.5248,31.1615],[37.2119,33.5665],[38.0364,34.5972],[38.9061,36.0056],[38.0999,35.9964],[38.3947,36.586],[37.9525,37.102],[37.9525,37.3231],[38.9844,37.6179],[39.2055,38.2076],[38.6097,38.368],[36.4944,37.3692],[36.7893,37.0006],[35.8909,36.7711],[35.9568,36.7475],[36.0824,36.6215],[36.1045,36.5612],[36.0953,36.4825],[35.8172,36.301],[35.7086,36.2122],[35.6649,36.1335],[35.7185,36.0916],[35.8291,35.8848],[35.8559,35.8345],[35.7395,35.6903],[35.6914,35.685],[35.7332,35.5854],[35.6804,35.5277],[35.664,35.4595],[35.6073,35.4175],[35.7964,35.2707],[35.8414,35.0426],[35.8089,35.0138],[35.7508,34.7468],[35.8519,34.4929],[35.8731,34.4223],[35.821,34.3438],[35.7162,34.3124],[35.5321,34.1187],[35.5244,33.9748],[35.4919,33.8308],[35.4299,33.7445],[35.3486,33.7445],[35.3561,33.6398],[35.2084,33.3336],[35.1323,33.2315],[35.089,33.0693],[34.972,32.9384],[34.9591,32.7967],[34.9566,32.7048],[34.895,32.6628],[34.8429,32.6707],[34.7585,32.3007],[34.6813,32.046],[34.5991,31.8179],[34.5007,31.6211],[34.1953,31.2381],[34.1463,31.2086],[33.917,31.0701],[33.7096,30.9957],[33.5576,30.9677],[33.2546,31.0265],[33.1296,31.0517],[33.0214,31.1321],[32.7687,30.9516],[32.5972,30.9639],[32.3094,31.084],[32.0765,31.0137],[31.8081,31.1783],[31.7174,31.3878],[31.3923,31.4443],[31.1514,31.4437],[30.996,31.4689],[30.8271,31.4367],[30.4761,31.3153],[30.0991,31.2319],[29.6831,31.0532],[29.3594,30.8111],[29.2488,30.7537],[28.9664,30.7848],[28.5172,30.9618],[28.0998,30.9991],[27.9194,30.9987],[27.7633,31.1826],[27.4388,31.2518],[27.0881,31.3067],[26.824,31.3586],[26.1433,31.4906],[25.7895,31.4898],[25.5072,31.4448],[25.2582,31.4379],[25.1066,31.5138],[24.9822,31.647],[24.9515,31.8185],[24.8159,31.9072],[24.2369,31.925],[24.0344,31.9373],[23.7424,32.0641],[23.714,32.0764],[23.2886,32.1327],[23.1533,32.1388],[23.0267,32.2529],[23.0073,32.4816],[22.9228,32.5577],[22.5431,32.7221],[22.216,32.7913],[21.6734,32.8156],[21.0545,32.6301],[20.7651,32.496],[20.5155,32.3875],[20.3657,32.2982],[20.0684,32.0371],[19.9615,31.7955],[19.9416,31.6112],[19.9921,31.3508],[20.1167,31.0715],[20.1168,30.9571],[19.9815,30.7217],[19.6639,30.4415],[19.3228,30.2565],[19.3188,30.2554],[19.1245,30.1989],[18.915,30.2049],[18.8854,30.2212],[18.5372,30.4137],[17.9572,30.7684],[17.709,30.8949],[17.4216,30.996],[16.9838,31.0967],[16.7825,31.1281],[16.3184,31.1653],[16.0134,31.2282],[15.8433,31.285],[15.5334,31.5512],[15.3581,31.805],[15.2414,32.1733],[15.1637,32.2748],[15.0098,32.3634],[14.7908,32.363],[14.4334,32.4639],[14.157,32.6794],[13.4588,32.7796],[13.1871,32.7918],[12.7989,32.7338],[12.5648,32.7396],[12.117,32.8785],[12.4134,32.4643],[12.5327,30.8049]]],[[[37.3982,18.915],[37.2546,19.6517],[37.165,20.7643],[36.6953,20.3983],[35.96,19.418],[36.4502,18.0701],[37.4305,17.7025],[38.5275,18.1613],[38.3067,18.2498],[38.0286,18.4779],[37.7612,18.6426],[37.48,18.8199],[37.3982,18.915]]]]},"properties":{"NAME":"Mamluke Sultanate","SUBJECTO":"Mamluke Sultanate","PARTOF":"Mamluke Sultanate","BORDERPRECISION":1,"LINK":null}},
{"type":"Feature","geometry":{"type":"Polygon","coordinates":[[[42.4648,9.5074],[43.4967,9.7286],[44.2808,10.3965],[44.1615,10.4915],[44.0524,10.6628],[43.7886,10.9419],[43.3681,11.4556],[43.2985,11.4756],[43.1036,11.5313],[42.9591,11.5374],[42.6688,11.5113],[42.5553,11.5683],[42.81,11.7785],[41.654,11.3502],[41.5066,10.7605],[42.0225,10.3919],[42.4648,9.5074]]]},"properties":{"NAME":"Adal","SUBJECTO":"Adal","PARTOF":"Adal","BORDERPRECISION":1,"LINK":null}},
{"type":"Feature","geometry":{"type":"Polygon","coordinates":[[[42.4648,9.5074],[42.0225,10.3919],[41.5066,10.7605],[40.9169,10.9079],[40.6958,11.2764],[41.2118,11.8661],[41.4329,12.7506],[41.138,13.8562],[39.4428,14.9619],[38.8531,15.6252],[38.1897,15.6252],[37.4526,15.4041],[36.4207,14.8882],[35.6099,12.2347],[35.4625,9.5812],[35.6099,8.107],[35.9785,7.4436],[38.116,6.4854],[38.3187,6.4961],[39.5165,6.5591],[40.1061,6.854],[42.17,7.1488],[42.4648,9.5074]]]},"properties":{"NAME":"Ethiopia","SUBJECTO":"Ethiopia","PARTOF":"Ethiopia","BORDERPRECISION":1,"LINK":null}},
{"type":"Feature","geometry":{"type":"Polygon","coordinates":[[[33.6935,16.436],[34.2095,17.2468],[33.9146,17.9839],[33.0301,18.2787],[31.9245,17.7628],[31.6297,17.3942],[31.7034,16.5097],[32.1456,16.2886],[33.2513,16.5097],[33.6935,16.436]]]},"properties":{"NAME":"Alwa","SUBJECTO":"Alwa","PARTOF":"Alwa","BORDERPRECISION":1,"LINK":null}},
{"type":"Feature","geometry":{"type":"Polygon","coordinates":[[[32.1456,16.2886],[31.8508,14.8882],[31.7771,12.3821],[32.3668,10.9816],[33.6198,10.9816],[34.578,12.7506],[34.578,13.5614],[34.2095,15.6989],[33.6935,16.436],[33.2513,16.5097],[32.1456,16.2886]]]},"properties":{"NAME":"Funj","SUBJECTO":"Funj","PARTOF":"Funj","BORDERPRECISION":1,"LINK":null}},
{"type":"Feature","geometry":{"type":"Polygon","coordinates":[[[28.1654,-19.681],[28.1407,-19.9401],[28.018,-21.2289],[28.0917,-22.7768],[28.6445,-24.9143],[29.3816,-25.8725],[30.4135,-25.8725],[31.3717,-25.2828],[33.0577,-23.0817],[33.3602,-20.8428],[33.3953,-20.5834],[33.4006,-20.5437],[33.471,-20.0233],[33.6567,-18.6491],[33.3556,-16.5389],[32.9564,-16.0693],[31.6297,-16.0693],[30.0818,-16.3641],[28.9025,-18.2069],[28.1654,-19.681]]]},"properties":{"NAME":"Mwenemutapa","SUBJECTO":"Mwenemutapa","PARTOF":"Mwenemutapa","BORDERPRECISION":1,"LINK":null}},
{"type":"Feature","geometry":{"type":"Polygon","coordinates":[[[16.1956,-9.1211],[15.9981,-9.1211],[15.5183,-9.1776],[15.3207,-9.3469],[15.2361,-9.6009],[15.2361,-9.8831],[15.4618,-10.1089],[15.6594,-10.1936],[15.9134,-10.2218],[16.1956,-10.1936],[16.4496,-10.0807],[16.5907,-9.8831],[16.6189,-9.7138],[16.5907,-9.4598],[16.4214,-9.234],[16.1956,-9.1211]]]},"properties":{"NAME":"Ndongo","SUBJECTO":"Ndongo","PARTOF":"Ndongo","BORDERPRECISION":1,"LINK":null}},
{"type":"Feature","geometry":{"type":"Polygon","coordinates":[[[4.8234,7.9295],[3.9495,6.5794],[4.0721,6.4398],[4.3603,6.3261],[4.6341,6.2123],[4.8863,6.0031],[5.0952,5.7558],[5.1529,5.6415],[5.3834,5.6102],[5.4482,5.4769],[5.3546,5.3623],[5.333,5.2479],[5.4195,4.9558],[5.6066,4.6321],[5.8513,4.4293],[6.0888,4.3281],[6.764,5.8265],[6.8997,6.1278],[7.3654,6.9396],[7.3654,7.9129],[6.8788,8.6429],[5.3376,8.724],[4.8234,7.9295]]]},"properties":{"NAME":"Benin","SUBJECTO":"Benin","PARTOF":"Benin","BORDERPRECISION":1,"LINK":null}},
{"type":"Feature","geometry":{"type":"Polygon","coordinates":[[[5.3376,8.724],[4.8494,9.4889],[4.3208,9.8023],[3.2151,9.876],[2.6453,9.686],[2.3307,9.5812],[1.9621,8.8441],[1.9621,8.4018],[2.6255,7.8122],[3.3626,7.6647],[4.2471,7.6647],[4.8234,7.9295],[5.3376,8.724]]]},"properties":{"NAME":"Oyo","SUBJECTO":"Oyo","PARTOF":"Oyo","BORDERPRECISION":1,"LINK":null}},
{"type":"Feature","geometry":{"type":"Polygon","coordinates":[[[0.0898,5.656],[0.5361,5.7205],[-0.3966,6.1169],[-0.5984,6.1572],[-1.1336,6.2643],[-1.797,6.2643],[-2.9026,6.1169],[-3.4923,5.8957],[-3.9416,5.266],[-3.6678,5.2284],[-3.3506,5.1529],[-3.1346,5.1406],[-3.0914,5.1598],[-3.0271,5.268],[-2.9335,5.2745],[-2.8035,5.1858],[-2.7497,5.0956],[-2.7165,5.0399],[-2.291,4.8438],[-2.0312,4.6982],[-1.6002,4.9533],[-1.1761,5.1385],[-0.6078,5.3177],[-0.477,5.3859],[-0.3007,5.478],[-0.2037,5.5286],[-0.1189,5.5729],[0.0898,5.656]]]},"properties":{"NAME":"Akan","SUBJECTO":"Akan","PARTOF":"Akan","BORDERPRECISION":1,"LINK":null}},
{"type":"Feature","geometry":{"type":"Polygon","coordinates":[[[-9.389,12.2347],[-8.7256,11.645],[-6.8829,12.3084],[-5.0949,12.8493],[-3.7134,14.1511],[-2.5341,15.0356],[-1.9444,15.183],[-0.8388,15.183],[-0.1017,14.5933],[1.1299,12.7118],[1.9315,12.3258],[2.7445,12.4736],[3.394,13.1231],[3.5575,13.2866],[3.4097,14.0996],[1.1925,17.0559],[-0.3966,18.9421],[-1.5759,19.3844],[-3.6397,19.0158],[-5.9026,17.7949],[-8.2096,15.183],[-8.9467,13.9299],[-9.389,12.2347]]]},"properties":{"NAME":"Songhai","SUBJECTO":"Songhai","PARTOF":"Songhai","BORDERPRECISION":1,"LINK":null}},
{"type":"Feature","geometry":{"type":"Polygon","coordinates":[[[-5.9026,17.7949],[-7.104,18.4261],[-9.0941,18.6473],[-12.0425,18.4261],[-16.0557,18.6739],[-15.9827,18.1784],[-16.0411,17.6699],[-16.1255,17.3011],[-16.3788,16.7159],[-16.4057,16.49],[-16.4501,16.1184],[-16.6003,15.7495],[-16.8648,15.2977],[-17.1902,14.9602],[-17.4332,14.8072],[-17.2205,14.725],[-17.0501,14.5856],[-16.8704,14.3635],[-16.6967,14.0779],[-16.6711,13.9128],[-16.6404,13.8429],[-16.4709,13.7225],[-14.2537,13.4877],[-12.7058,12.0135],[-11.7476,11.4239],[-10.9487,11.4269],[-9.389,12.2347],[-8.9467,13.9299],[-8.2096,15.183],[-5.9026,17.7949]]]},"properties":{"NAME":"Mali","SUBJECTO":"Mali","PARTOF":"Mali","BORDERPRECISION":1,"LINK":null}},
{"type":"Feature","geometry":{"type":"Polygon","coordinates":[[[10.07,14.2248],[9.1118,14.5196],[8.301,14.5196],[6.9572,14.2474],[3.7792,13.6561],[3.5575,12.178],[4.6661,11.5128],[7.1834,11.0492],[9.0086,10.9524],[9.8489,10.9079],[10.7265,11.2911],[10.07,14.2248]]]},"properties":{"NAME":"Hausa States","SUBJECTO":"Hausa States","PARTOF":"Hausa States","BORDERPRECISION":1,"LINK":null}},
{"type":"Feature","geometry":{"type":"MultiPolygon","coordinates":[[[[10.7265,11.2911],[11.9257,11.226],[12.355,11.2027],[14.7126,12.507],[15.8193,13.1192],[15.8193,14.2985],[15.0085,15.0356],[13.3133,20.9729],[12.4287,21.0059],[11.9864,20.3426],[11.7653,16.2149],[10.8071,14.5933],[10.07,14.2248],[10.7265,11.2911]]],[[[8.3581,3.0883],[8.5763,3.0665],[8.6417,3.1865],[8.7181,3.3392],[8.7835,3.4483],[8.8708,3.5247],[8.8272,3.6119],[8.729,3.6338],[8.6308,3.6556],[8.5545,3.601],[8.4781,3.5574],[8.4781,3.4265],[8.4672,3.3611],[8.3581,3.3174],[8.3363,3.1865],[8.3581,3.0883]]]]},"properties":{"NAME":"Bornu-Kanem","SUBJECTO":"Bornu-Kanem","PARTOF":"Bornu-Kanem","BORDERPRECISION":1,"LINK":null}},
{"type":"Feature","geometry":{"type":"Polygon","coordinates":[[[46.8777,13.4739],[46.7113,13.9357],[46.3353,14.0968],[46.6594,15.4248],[46.2769,17.1178],[45.2404,17.6937],[42.7637,16.6455],[42.8144,16.4041],[42.828,16.3215],[42.8839,15.9849],[42.7635,15.667],[42.7959,15.4701],[43.0533,14.6065],[43.2069,14.0795],[43.3476,13.851],[43.384,13.5652],[43.3028,13.241],[43.3408,13.1267],[43.4836,12.93],[43.5601,12.8603],[43.6049,12.8289],[43.8406,12.6639],[44.0627,12.6136],[44.4405,12.6398],[44.6811,12.8246],[44.7888,12.8057],[44.9636,12.8252],[45.1934,12.9337],[45.396,13.0739],[45.5186,13.2076],[45.6925,13.3478],[45.8259,13.4052],[46.0793,13.3994],[46.6012,13.4005],[46.8777,13.4739]]]},"properties":{"NAME":"Yemen","SUBJECTO":"Yemen","PARTOF":"Yemen","BORDERPRECISION":1,"LINK":null}},
{"type":"Feature","geometry":{"type":"Polygon","coordinates":[[[46.8777,13.4739],[46.9394,13.4902],[47.3696,13.6691],[47.6623,13.8476],[48.0362,14.0454],[48.2701,14.0776],[48.5367,14.0464],[48.7646,14.0977],[48.9604,14.2189],[49.1732,14.4989],[49.3338,14.6327],[49.7129,14.7733],[50.2911,14.9588],[51.3126,15.2469],[51.599,15.3788],[51.9504,15.5405],[52.1352,15.6871],[52.1629,15.8714],[52.2376,16.1003],[52.3566,16.2339],[52.6522,16.4887],[52.8943,16.61],[53.0209,16.6538],[53.2085,16.7186],[53.3357,16.7634],[53.6813,16.8975],[54.0843,17.0191],[54.4069,17.0452],[54.7561,16.9507],[54.9106,16.9701],[55.1948,17.1486],[55.2356,17.2884],[55.2344,17.4473],[55.2904,17.6761],[55.3895,17.8097],[55.5611,17.9372],[55.7081,17.9502],[55.8815,17.9315],[56.0128,17.9318],[56.2576,17.9768],[56.4576,18.0916],[56.5494,18.2188],[56.6086,18.4667],[56.7389,18.6894],[56.9043,18.8168],[57.1862,18.9381],[57.657,18.9709],[57.8386,19.0348],[57.7784,19.3142],[57.7776,19.67],[57.8061,20.172],[57.9313,20.4009],[58.0444,20.433],[58.1504,20.3951],[58.4031,20.3575],[58.512,20.4212],[58.7741,20.9412],[58.8614,21.1145],[59.2588,21.4774],[59.5357,21.8021],[59.8373,22.2792],[58.1803,21.8492],[56.9458,20.6359],[53.955,19.7296],[50.5111,17.1467],[47.8376,16.4217],[46.6594,15.4248],[46.3353,14.0968],[46.7113,13.9357],[46.8777,13.4739]]]},"properties":{"NAME":"Hadramaut","SUBJECTO":"Hadramaut","PARTOF":"Hadramaut","BORDERPRECISION":1,"LINK":null}},
{"type":"Feature","geometry":{"type":"Polygon","coordinates":[[[59.8373,22.2792],[59.8257,22.3745],[59.4614,22.5389],[59.2543,22.729],[59.0216,23.0208],[58.6285,23.4583],[58.4647,23.5088],[58.2053,23.4955],[58.0807,23.5016],[57.9042,23.5711],[57.451,23.8052],[57.3963,23.837],[57.1462,23.9825],[56.7942,24.2676],[56.6108,24.4769],[56.4054,24.8195],[56.4053,24.9187],[56.4065,25.08],[56.4063,25.3087],[56.366,25.4547],[56.2816,25.4624],[56.1613,25.4733],[56.2148,25.5433],[56.405,25.8614],[56.3671,26.2361],[56.2973,26.1597],[56.1567,25.9665],[56.0155,25.7716],[55.6335,25.4532],[55.5305,25.373],[55.4572,25.4202],[55.0908,25.02],[54.7708,24.7335],[54.7121,24.5999],[54.5922,24.3773],[54.4874,24.3443],[54.3471,24.1545],[54.276,24.1098],[54.1075,24.1029],[54.0063,24.1817],[54.0165,24.0505],[53.6868,23.9875],[53.0757,24.0872],[53.0402,24.04],[52.9394,24.0244],[52.6716,24.0747],[52.4812,24.0557],[52.383,24.1082],[52.301,24.0819],[52.2546,23.9875],[51.9456,23.9455],[51.7646,24.0029],[51.5859,24.0032],[51.6064,24.2026],[51.5229,24.1607],[51.4542,24.2182],[51.2914,24.2814],[51.2878,24.4108],[51.412,24.6057],[51.5589,24.8157],[51.6062,24.9873],[51.5529,25.1015],[51.5391,25.4202],[51.5867,25.6091],[51.5345,25.7558],[51.5059,25.8453],[51.3888,25.8873],[51.3577,26.029],[51.217,26.0665],[51.0688,25.9455],[50.989,25.6721],[51.0154,25.5881],[50.9311,25.5386],[50.8473,25.2652],[50.8962,24.9096],[50.9649,24.7127],[50.9683,24.4362],[50.5688,23.8545],[53.9932,23.1066],[56.4118,23.4521],[57.621,22.7046],[58.1803,21.8492],[59.8373,22.2792]]]},"properties":{"NAME":"Muscat","SUBJECTO":"Muscat","PARTOF":"Muscat","BORDERPRECISION":1,"LINK":null}},
{"type":"Feature","geometry":{"type":"Polygon","coordinates":[[[40.8198,19.6847],[41.033,19.2849],[41.3992,18.4406],[41.6286,18.0472],[42.0094,17.7367],[42.2065,17.5147],[42.5353,17.0707],[42.7637,16.6455],[45.2404,17.6937],[46.2769,17.1178],[46.6594,15.4248],[47.8376,16.4217],[50.5111,17.1467],[53.955,19.7296],[56.9458,20.6359],[58.1803,21.8492],[57.621,22.7046],[56.4118,23.4521],[53.9932,23.1066],[50.5688,23.8545],[50.9683,24.4362],[50.9074,24.4331],[50.7783,24.4709],[50.7059,24.5597],[50.6065,24.6802],[50.6189,24.8709],[50.4292,25.184],[50.3819,25.4612],[50.2143,25.5881],[50.1469,25.5356],[50.0114,25.8352],[49.9369,25.9558],[49.992,26.0448],[50.0762,26.3118],[49.9342,26.4831],[49.984,26.5957],[50.0902,26.6115],[50.1218,26.7376],[49.9314,26.9341],[49.5325,27.0095],[49.4273,27.131],[49.3216,27.1616],[49.2392,27.2885],[49.1519,27.3725],[49.2435,27.479],[49.1319,27.536],[48.855,27.5227],[48.8318,27.5735],[48.7517,27.8719],[48.5875,28.0939],[48.4627,28.3859],[48.4435,28.4402],[48.1291,29.2682],[47.9915,29.2775],[47.8036,29.1849],[47.614,29.2722],[47.8449,29.5032],[46.9051,29.4376],[45.8697,29.856],[44.839,29.9934],[44.0832,30.337],[40.0291,34.391],[39.342,34.5972],[38.0364,34.5972],[37.2119,33.5665],[36.5248,31.1615],[36.5935,29.7873],[37.3635,27.9574],[37.4209,27.8341],[39.0742,25.5021],[40.1798,24.028],[41.138,22.4064],[41.8125,21.7126],[41.9226,20.7665],[40.8198,19.6847]]]},"properties":{"NAME":"Arabs","SUBJECTO":"Arabs","PARTOF":"Arabs","BORDERPRECISION":1,"LINK":null}},
{"type":"Feature","geometry":{"type":"Polygon","coordinates":[[[41.484,41.4365],[41.2118,40.2438],[39.1479,38.6222],[38.6097,38.368],[39.2055,38.2076],[38.9844,37.6179],[37.9525,37.3231],[37.9525,37.102],[38.3947,36.586],[38.0999,35.9964],[38.9061,36.0056],[38.0364,34.5972],[39.342,34.5972],[40.0291,34.391],[44.0832,30.337],[44.839,29.9934],[45.8697,29.856],[46.9051,29.4376],[47.8449,29.5032],[47.996,29.4903],[47.9359,29.8014],[47.9114,29.8903],[47.9572,29.9476],[48.0283,29.9731],[48.2118,29.9481],[48.5106,29.9932],[48.5536,29.9946],[48.7138,30],[48.8013,30.0827],[48.9457,30.3879],[49.0202,30.4326],[49.2222,30.4775],[49.2351,30.2234],[49.3214,30.1029],[49.4524,30.0777],[49.511,30.0207],[49.7178,30.0021],[50.1324,30.0664],[50.3598,29.7429],[50.7047,29.4006],[50.7025,29.1338],[50.7968,29.0133],[51.0823,28.512],[51.3501,28.0361],[51.6113,27.827],[51.6989,27.8145],[51.9616,27.7769],[52.4104,27.581],[52.6338,27.3146],[52.7799,27.1878],[52.8908,27.0523],[53.3807,26.9096],[53.6339,26.7479],[54.0649,26.7014],[54.6461,26.3913],[54.7599,26.4106],[54.9255,26.538],[55.0981,26.7374],[55.3401,26.7994],[55.4249,26.9631],[55.6576,26.9969],[55.8053,27.0051],[55.8997,27.1048],[56.0678,27.1122],[56.4309,27.1066],[56.6678,27.0499],[56.6836,26.9684],[56.7904,26.9739],[56.9291,26.7519],[56.935,26.4645],[57.0663,26.3075],[57.1124,26.0762],[57.2451,26.0185],[57.2548,25.7933],[57.328,25.7871],[57.4649,25.7048],[57.8051,25.6483],[57.9005,25.5409],[58.1096,25.5473],[58.3687,25.5479],[58.7444,25.536],[58.818,25.4789],[59.0315,25.3079],[59.3021,25.3402],[59.6546,25.3219],[60.2982,25.3232],[60.4796,25.2982],[59.9837,26.5119],[59.1804,28.4781],[57.1903,30.7631],[53.9845,36.7819],[53.7997,36.679],[53.139,36.6435],[52.6022,36.5769],[51.9931,36.4589],[51.7955,36.4323],[51.417,36.4557],[50.561,36.6864],[50.2522,36.8948],[50.1113,37.0978],[50.0387,37.2247],[49.848,37.2682],[49.4758,37.2916],[49.0595,37.3976],[48.8372,37.511],[48.7448,37.727],[48.8092,37.9886],[48.8315,38.3063],[48.825,38.3096],[48.9882,38.7192],[48.9457,38.8362],[48.9989,38.8787],[49.0521,38.9319],[49.0201,39.0064],[49.0414,39.1447],[49.1159,39.1872],[49.1797,39.1447],[49.2223,39.0383],[49.2754,39.017],[49.3074,39.134],[49.3393,39.283],[49.3818,39.3255],[49.4882,39.2936],[49.4988,39.3787],[49.4031,39.4851],[49.4456,39.6553],[49.4882,39.7616],[49.5414,39.8786],[49.552,40.0914],[49.5733,40.1765],[49.669,40.2403],[49.8499,40.2722],[49.9137,40.3254],[50.0307,40.3467],[50.1264,40.3467],[50.3073,40.3254],[50.4668,40.2616],[50.4668,40.3254],[50.4243,40.4105],[50.3179,40.4956],[50.1902,40.5701],[50.0201,40.602],[49.8073,40.5807],[49.6052,40.6871],[49.6052,40.7615],[49.4775,40.836],[49.3499,40.953],[49.2861,41.0594],[49.2435,41.2934],[49.1159,41.4317],[48.9989,41.5168],[48.8925,41.687],[48.6832,41.8359],[48.6623,41.9017],[48.5004,41.9287],[48.4195,42.0905],[48.2217,42.2794],[48.1318,42.4053],[47.9699,42.5941],[47.844,42.6211],[47.7901,42.8548],[47.7361,42.8998],[47.5653,43.0077],[47.5833,43.1875],[47.6552,43.2775],[47.6013,43.3224],[47.5743,43.5023],[47.6732,43.6641],[47.7361,43.8619],[47.6642,43.8529],[47.6103,43.754],[47.5653,43.6012],[47.5203,43.5113],[47.4934,43.5832],[47.1948,43.3759],[47.2486,42.7849],[48.2237,41.4711],[48.2011,41.4636],[48.0628,41.3147],[47.9883,41.2189],[47.8181,41.1977],[47.616,41.2615],[47.3501,41.304],[47.3501,41.4423],[47.2224,41.57],[47.1693,41.57],[47.1267,41.6232],[46.914,41.7508],[46.8501,41.8359],[46.765,41.8359],[46.6693,41.8146],[46.6587,41.8891],[46.5558,41.8785],[46.4991,41.9636],[46.3927,41.9955],[46.2864,41.9848],[46.1587,42.0061],[46.0417,42.0487],[45.9141,42.1231],[45.7545,42.2508],[45.8077,42.389],[45.8609,42.4741],[45.8077,42.538],[45.6481,42.5486],[45.4779,42.5486],[45.3822,42.6231],[45.2971,42.6763],[45.2014,42.6763],[45.1375,42.7188],[45.0312,42.772],[44.978,42.772],[44.9354,42.7401],[44.8716,42.6656],[44.7865,42.7294],[44.6695,42.7614],[44.5099,42.7614],[44.4142,42.7294],[44.3716,42.6869],[44.2972,42.6124],[44.1695,42.6124],[44.0525,42.5592],[43.9568,42.5912],[42.8784,41.5455],[42.6938,41.5637],[42.3515,41.4016],[42.2501,41.369],[42.029,41.3998],[41.484,41.4365]]]},"properties":{"NAME":"Emirate of the White Sheep Turks","SUBJECTO":"Emirate of the White Sheep Turks","PARTOF":"Emirate of the White Sheep Turks","BORDERPRECISION":1,"LINK":null}},
{"type":"Feature","geometry":{"type":"Polygon","coordinates":[[[60.4796,25.2982],[60.7522,25.1844],[60.8583,25.0957],[61.344,25.0269],[61.57,25.0396],[61.8133,25.0533],[62.1383,25.1048],[62.4496,25.1626],[63.0181,25.1574],[63.4035,25.1646],[63.6503,25.3366],[64.0592,25.401],[64.1201,25.3122],[64.2383,25.2108],[64.425,25.1731],[64.8512,25.2058],[65.2157,25.2701],[65.7688,25.3093],[66.3001,25.4947],[66.4323,25.4886],[66.6205,25.3175],[66.7005,25.1144],[66.6481,24.9046],[66.6542,24.7839],[66.7017,24.7523],[66.9995,24.7148],[67.1536,24.6516],[67.2042,24.5882],[67.3159,24.0929],[67.486,23.9281],[67.6923,23.8142],[68.047,23.7641],[68.0722,23.6752],[68.3729,23.3264],[68.7908,23.0287],[68.8824,22.9971],[69.1072,22.8989],[69.0126,24.633],[69.3522,26.1932],[70.1344,28.1044],[71.7846,29.9523],[72.8165,31.0579],[71.4897,31.2053],[70.3416,31.3842],[70.2423,31.1351],[69.5685,29.9559],[68.5659,29.1026],[66.9935,27.741],[65.5194,26.9302],[60.9283,26.5833],[59.9837,26.5119],[60.4796,25.2982]]]},"properties":{"NAME":"Islamic states","SUBJECTO":"Islamic states","PARTOF":"Islamic states","BORDERPRECISION":1,"LINK":null}},
{"type":"Feature","geometry":{"type":"Polygon","coordinates":[[[72.8165,31.0579],[73.5536,30.9842],[74.5855,30.6894],[74.7329,28.9941],[74.8803,27.9622],[75.6375,27.775],[76.4282,27.5199],[77.7718,25.6437],[78.2771,24.2962],[78.9509,23.9593],[80.9244,23.6871],[82.546,23.2448],[83.7253,23.6871],[83.6516,23.9082],[82.6934,24.2767],[82.546,24.7927],[83.1356,24.7927],[84.9783,24.203],[85.2732,24.203],[85.7891,25.6772],[86.2314,27.0039],[83.74,28.2048],[80.054,29.9815],[77.5338,32.0898],[77.239,33.1217],[77.3127,34.0062],[77.9776,34.8731],[75.9133,34.9299],[74.6592,34.9644],[72.0265,35.608],[70.3416,31.3842],[71.4897,31.2053],[72.8165,31.0579]]]},"properties":{"NAME":"Sultanate of Delhi","SUBJECTO":"Sultanate of Delhi","PARTOF":"Sultanate of Delhi","BORDERPRECISION":1,"LINK":null}},
{"type":"Feature","geometry":{"type":"Polygon","coordinates":[[[82.546,23.2448],[84.3039,20.7519],[84.6843,20.2125],[85.3791,19.6054],[85.7148,19.6977],[85.9089,19.7235],[86.1192,19.8065],[86.3856,20.0167],[86.6324,20.2036],[86.6379,20.3191],[86.7752,20.4686],[86.9261,20.6913],[86.8442,20.8753],[86.7962,21.1357],[86.8187,21.1865],[86.9372,21.2884],[87.1942,21.3843],[87.6407,21.5631],[87.8675,21.697],[88.053,21.9387],[88.1216,21.8627],[88.2479,21.5961],[88.2996,21.5518],[88.3771,21.5773],[88.4539,21.7363],[88.5676,21.8954],[88.657,21.8574],[88.7235,21.54],[88.8809,21.5149],[89.0255,21.547],[88.9948,21.6295],[89.0723,21.7743],[89.2339,21.6554],[89.4566,21.9417],[89.579,21.7006],[89.6702,21.7198],[89.7963,21.8321],[89.8697,22.1332],[89.9027,22.1078],[90,21.9303],[90,22.0199],[90,22.0584],[90,22.1348],[90,22.3254],[90,22.561],[91.0814,22.5613],[91.4102,22.7208],[91.7166,24.0933],[92.034,25.4262],[91.5468,26.2851],[91.0224,26.4143],[88.6637,26.4143],[86.2314,27.0039],[85.7891,25.6772],[85.2732,24.203],[84.9783,24.203],[83.1356,24.7927],[82.546,24.7927],[82.6934,24.2767],[83.6516,23.9082],[83.7253,23.6871],[82.546,23.2448]]]},"properties":{"NAME":"Bengal","SUBJECTO":"Bengal","PARTOF":"Bengal","BORDERPRECISION":1,"LINK":null}},
{"type":"Feature","geometry":{"type":"Polygon","coordinates":[[[86.2314,27.0039],[88.6637,26.4143],[91.0224,26.4143],[91.5468,26.2851],[92.4015,26.5842],[94.3244,26.8833],[94.8371,27.567],[95.4781,27.9089],[97.3404,28.1821],[97.3407,28.2392],[97.4785,28.3923],[97.603,28.4121],[97.83,28.2865],[98.0087,28.0908],[98.1181,27.6852],[98.216,27.5461],[98.3451,27.5278],[98.5717,27.5418],[98.6372,27.4787],[100.6816,28.691],[102.4061,33.7207],[101.6876,36.3074],[95.5186,37.102],[91.6858,36.3649],[90,36.5123],[89.9168,35.9964],[90,35.6278],[89.9168,35.1856],[86.821,35.1119],[82.6934,34.7433],[79.4844,34.8316],[77.9776,34.8731],[77.3127,34.0062],[77.239,33.1217],[77.5338,32.0898],[80.054,29.9815],[83.74,28.2048],[86.2314,27.0039]]]},"properties":{"NAME":"Tibet","SUBJECTO":"Tibet","PARTOF":"Tibet","BORDERPRECISION":1,"LINK":null}},
{"type":"Feature","geometry":{"type":"Polygon","coordinates":[[[125.2961,39.3643],[125.2109,39.2112],[125.0279,38.8156],[125.2937,38.6887],[125.2686,38.5676],[124.9294,38.4649],[124.7362,38.2798],[124.6937,38.1395],[124.7697,37.9359],[125.077,37.7709],[125.1816,37.6564],[125.2694,37.4847],[125.5617,37.8355],[125.7412,37.785],[125.909,37.5115],[126.0525,37.6009],[126.2097,37.7541],[126.3304,37.6614],[126.3919,37.6143],[126.443,37.4743],[126.7863,37.0739],[126.7996,36.9466],[126.6854,36.8382],[126.3909,36.9585],[126.2548,36.9073],[125.9603,36.7221],[126.2315,36.6845],[126.3614,36.6275],[126.4006,36.4748],[126.3938,36.2648],[126.4367,36.1313],[126.6069,35.9916],[126.6264,35.9281],[126.5248,35.737],[126.525,35.578],[126.3003,35.3677],[126.2254,35.164],[126.2866,34.9861],[126.3601,34.6688],[126.385,34.5229],[126.4096,34.269],[126.6168,34.4091],[126.8245,34.4286],[127.3591,34.8042],[127.596,34.8935],[127.8405,34.9385],[127.9707,34.8372],[128.1645,34.7995],[128.438,35.0604],[128.553,35.1052],[128.8085,35.0103],[128.9178,35.0296],[129.06,35.1698],[129.2853,35.5073],[129.4122,35.7429],[129.4668,35.9275],[129.2417,35.9079],[129.1775,35.9587],[129.2353,36.2451],[129.2508,36.6715],[129.25,37.0089],[129.1293,37.3079],[128.9809,37.5304],[128.4511,38.2554],[128.1441,38.5346],[127.956,38.6941],[127.4046,39.0753],[127.2769,39.2217],[127.4408,39.6237],[127.5524,39.7642],[127.6715,39.8664],[127.9313,39.9562],[128.2362,39.9696],[128.4466,40.0659],[128.791,40.3543],[129.0148,40.5275],[129.177,40.6302],[129.4778,40.682],[129.5614,41.0727],[129.6311,41.2778],[129.5907,41.4699],[129.6413,41.6558],[125.2961,39.3643]]]},"properties":{"NAME":"Korea","SUBJECTO":"Korea","PARTOF":"Korea","BORDERPRECISION":1,"LINK":null}},
{"type":"Feature","geometry":{"type":"Polygon","coordinates":[[[69.1072,22.8989],[69.3918,22.8394],[69.6649,22.7892],[70.0459,22.7773],[70.3102,22.8286],[70.3806,22.8606],[73.0376,24.203],[73.4798,22.8763],[73.7131,22.9453],[76.9282,23.8969],[78.2771,24.2962],[77.7718,25.6437],[76.4282,27.5199],[75.6375,27.775],[74.8803,27.9622],[74.7329,28.9941],[74.5855,30.6894],[73.5536,30.9842],[72.8165,31.0579],[71.7846,29.9523],[70.1344,28.1044],[69.3522,26.1932],[69.0126,24.633],[69.1072,22.8989]]]},"properties":{"NAME":"Rajastan","SUBJECTO":"Rajastan","PARTOF":"Rajastan","BORDERPRECISION":1,"LINK":null}},
{"type":"Feature","geometry":{"type":"Polygon","coordinates":[[[84.3039,20.7519],[81.8619,18.7302],[79.9555,17.6037],[82.3231,17.0041],[82.354,17.0859],[82.5464,17.2261],[82.7496,17.3345],[82.8461,17.3834],[83.077,17.5004],[83.3814,17.7107],[83.6847,18.0834],[83.9877,18.2075],[84.2627,18.4558],[84.3245,18.5303],[84.6588,18.9331],[84.9066,19.1814],[85.1132,19.4423],[85.3791,19.6054],[84.6843,20.2125],[84.3039,20.7519]]]},"properties":{"NAME":"Orissa","SUBJECTO":"Orissa","PARTOF":"Orissa","BORDERPRECISION":1,"LINK":null}},
{"type":"Feature","geometry":{"type":"Polygon","coordinates":[[[70.3806,22.8606],[70.4106,22.7526],[70.1762,22.479],[69.9685,22.3515],[69.7692,22.2875],[69.4922,22.2488],[69.0142,22.305],[68.8942,22.2857],[69.1261,21.9685],[69.7522,21.3981],[70.2099,20.948],[70.4675,20.777],[70.8551,20.6508],[71.0244,20.6575],[71.3026,20.7724],[71.5289,20.8237],[71.8944,20.9897],[72.1209,21.1553],[72.2562,21.3526],[72.289,21.5496],[72.2557,21.6321],[72.131,21.7462],[72.1271,21.8287],[72.233,22.0196],[72.319,22.115],[72.6956,22.1285],[72.6659,21.8489],[72.7147,21.4361],[72.7657,21.1504],[72.9311,20.9538],[73.1129,20.8271],[73.1097,20.6873],[72.8644,20.312],[72.7595,20.0576],[72.7825,19.9497],[72.7892,19.8832],[73.4853,19.9066],[74.2714,21.9057],[73.7131,22.9453],[73.4798,22.8763],[73.0376,24.203],[70.3806,22.8606]]]},"properties":{"NAME":"Islamic states","SUBJECTO":"Islamic states","PARTOF":"Islamic states","BORDERPRECISION":1,"LINK":null}},
{"type":"Feature","geometry":{"type":"Polygon","coordinates":[[[77.9224,16.2456],[77.4854,16.3116],[77.2246,16.3116],[76.9096,16.3116],[76.1034,15.9661],[75.0669,15.9661],[74.3759,16.3116],[73.4942,16.288],[73.5081,16.244],[73.5727,16.0379],[73.8414,15.3905],[74.0322,15.0588],[74.1531,14.8495],[74.3771,14.4619],[74.4015,14.4196],[74.4214,14.3755],[74.703,13.7513],[74.7336,13.6834],[74.7776,13.5279],[74.9617,12.877],[75.2109,12.1024],[75.5907,11.5175],[75.6518,11.4235],[76.0751,10.554],[76.2484,10.1035],[76.294,9.9849],[76.3853,9.7477],[76.4672,9.4101],[76.5379,9.119],[76.6624,8.8842],[76.7035,8.7064],[77.3414,8.0533],[77.4195,8.028],[77.4844,8.0282],[77.5888,8.0983],[77.6186,8.1174],[77.6632,8.1429],[77.7339,8.1773],[77.848,8.2327],[77.8998,8.2578],[78.0649,8.3853],[78.1358,8.4998],[78.1811,8.8112],[78.3138,8.9958],[78.6601,9.1236],[78.7976,9.1302],[79.1596,9.2772],[78.9377,9.4355],[78.9266,9.4927],[79.0723,9.7599],[79.2225,10.1922],[79.3063,10.2559],[79.5009,10.25],[79.7899,10.2506],[79.8263,10.3587],[79.7318,11.1527],[79.7107,11.4449],[79.7253,11.5159],[79.7694,11.731],[79.8667,11.9691],[79.9228,12.1062],[80.2238,12.8311],[80.3135,13.1045],[80.3199,13.3332],[80.2018,13.4917],[80.1781,13.5235],[80.0759,13.6694],[80.1697,13.892],[80.1617,14.2541],[80.0871,14.9464],[80.0894,15.1752],[80.1634,15.3913],[80.3002,15.6457],[80.4598,15.7731],[79.4319,16.0175],[77.9224,16.2456]]]},"properties":{"NAME":"Vijayanagara","SUBJECTO":"Vijayanagara","PARTOF":"Vijayanagara","BORDERPRECISION":1,"LINK":null}},
{"type":"Feature","geometry":{"type":"Polygon","coordinates":[[[91.4102,22.7208],[91.5711,22.5433],[91.8459,21.9087],[91.946,21.3626],[92.0669,21.1151],[92.1237,20.9964],[92.1763,20.8866],[92.4034,20.614],[92.6628,20.4049],[92.8271,20.4243],[92.8807,21.902],[91.7166,24.0933],[91.4102,22.7208]]]},"properties":{"NAME":"Arakan","SUBJECTO":"Arakan","PARTOF":"Arakan","BORDERPRECISION":1,"LINK":null}},
{"type":"Feature","geometry":{"type":"Polygon","coordinates":[[[106.8538,10.5758],[107.0356,10.4364],[107.2657,10.348],[107.412,10.3674],[107.6729,10.5268],[107.9387,10.8069],[108.1643,10.9662],[108.3528,11.0428],[108.5815,11.0878],[108.6959,11.1452],[108.8973,11.3426],[109.0613,11.5907],[109.0734,11.6352],[109.0484,11.9338],[107.3845,12.3541],[106.8538,10.5758]]]},"properties":{"NAME":"Champa","SUBJECTO":"Champa","PARTOF":"Champa","BORDERPRECISION":1,"LINK":null}},
{"type":"Feature","geometry":{"type":"Polygon","coordinates":[[[105.5735,17.8809],[105.4127,18.0837],[105.0986,18.4312],[104.8122,18.7216],[104.5277,18.9358],[103.972,19.2691],[103.8993,19.3131],[103.358,20.0531],[102.98,20.9665],[101.8515,20.5324],[101.6574,19.6612],[101.646,17.9987],[104.1113,17.9987],[104.933,17.4509],[105.5735,17.8809]]]},"properties":{"NAME":"Laos","SUBJECTO":"Laos","PARTOF":"Laos","BORDERPRECISION":1,"LINK":null}},
{"type":"Feature","geometry":{"type":"Polygon","coordinates":[[[107.3845,12.3541],[109.0484,11.9338],[109.0909,12.1181],[109.0684,12.4865],[109.1745,12.7091],[109.3071,12.9063],[109.0711,14.17],[108.9178,14.7923],[108.7861,15.0906],[108.4989,15.3631],[108.3631,15.6233],[108.2361,16.0804],[108.0953,16.2516],[107.8092,16.2827],[107.692,16.3714],[107.115,16.9546],[106.6223,17.3284],[106.4331,17.5503],[106.3938,17.6645],[106.3752,17.8995],[106.3644,18.0075],[105.8641,18.4892],[105.6533,18.7428],[105.5326,18.8442],[105.707,19.2829],[105.8434,19.7024],[105.9649,19.8805],[106.0417,19.9379],[106.2814,20.0464],[106.3809,20.1101],[106.6443,20.4664],[106.7716,20.6381],[106.7462,20.8159],[106.807,20.905],[107.3743,20.8808],[107.4658,20.9763],[106.2341,21.6966],[105.4124,21.902],[102.98,20.9665],[103.358,20.0531],[103.8993,19.3131],[103.972,19.2691],[104.5277,18.9358],[104.8122,18.7216],[105.0986,18.4312],[105.4127,18.0837],[105.5735,17.8809],[106.1698,17.1293],[106.4264,16.7181],[106.6382,16.4843],[106.9463,16.3083],[107.1075,16.1696],[107.1686,15.9921],[107.0671,15.7946],[107.0998,15.6678],[107.3381,15.4533],[107.434,15.257],[107.4634,14.9968],[107.3933,14.5835],[107.2967,14.1765],[107.3097,13.878],[107.5146,13.422],[107.4803,13.2566],[107.4578,13.0659],[107.4823,12.5833],[107.3845,12.3541]]]},"properties":{"NAME":"Đại Việt","SUBJECTO":"Đại Việt","PARTOF":"Đại Việt","BORDERPRECISION":1,"LINK":null}},
{"type":"Feature","geometry":{"type":"MultiPolygon","coordinates":[[[[98.6372,27.4787],[98.5645,24.7097],[99.5917,22.9977],[99.8412,20.4819],[99.9654,20.4203],[100.0012,20.4587],[100.2448,20.3839],[100.3775,20.3021],[100.4306,20.2262],[100.4353,20.0358],[101.6574,19.6612],[101.8515,20.5324],[102.98,20.9665],[105.4124,21.902],[106.2341,21.6966],[107.4658,20.9763],[107.4178,21.1858],[107.7898,21.4025],[107.8756,21.4621],[107.9,21.479],[108.1167,21.4985],[108.2659,21.4734],[108.3873,21.5309],[108.4589,21.7089],[108.4666,21.7851],[108.555,21.8234],[108.813,21.4936],[109.1174,21.399],[109.3219,21.4312],[109.4143,21.5648],[109.5161,21.5968],[109.7798,21.483],[109.7868,21.4068],[109.6081,21.057],[109.6029,20.8792],[109.7116,20.5682],[109.9283,20.2447],[110.2713,20.3153],[110.4337,20.4363],[110.4141,20.5252],[110.2932,20.5821],[110.0772,20.8675],[110.0724,20.9183],[110.2026,21.0964],[110.2338,21.2553],[110.2388,21.2807],[110.3634,21.2429],[110.5664,21.2306],[110.7496,21.3771],[111.0856,21.4794],[111.4342,21.4611],[111.5361,21.4931],[111.734,21.7095],[111.8312,21.7541],[112.0395,21.6593],[112.3079,21.6789],[112.4725,21.7301],[112.7495,21.7561],[112.8153,21.8261],[112.8156,21.9341],[112.8713,22.0612],[113.0967,21.9791],[113.2837,22.0303],[113.3777,22.1639],[113.3991,22.4752],[113.4193,22.5705],[113.3766,22.6466],[113.4626,22.7739],[113.536,22.7041],[113.7168,22.4822],[113.8452,22.4634],[113.9891,22.5527],[114.3039,22.6486],[114.5375,22.6745],[114.5587,22.4649],[114.8478,22.51],[115.0435,22.5994],[115.1855,22.7458],[115.3088,22.7714],[115.5425,22.6957],[115.7067,22.6389],[115.86,22.8361],[116.0847,22.8874],[116.3406,22.9133],[116.4002,22.9833],[116.4039,23.1993],[116.4521,23.2502],[116.7091,23.346],[116.9627,23.5562],[117.2454,23.633],[117.4059,23.6905],[117.7532,23.9834],[117.8491,24.0471],[117.7961,24.4217],[117.8613,24.5108],[117.9249,24.5617],[118.1242,24.5304],[118.3456,24.4673],[118.5312,24.69],[118.8129,24.8494],[118.9454,25.1355],[119.0237,25.3135],[119.0959,25.4407],[119.3354,25.5301],[119.4286,25.6509],[119.4703,25.7717],[119.436,26.0383],[119.5549,26.2672],[119.4289,26.5908],[119.6007,26.6928],[119.857,26.706],[119.9714,26.7888],[120.0841,26.9859],[120.3518,27.177],[120.4089,27.3105],[120.5059,27.5901],[120.6865,27.8699],[120.9424,28.2133],[121.0086,28.277],[121.1659,28.1249],[121.2597,28.1823],[121.3585,28.3857],[121.3458,28.5444],[121.4325,28.8367],[121.5668,29.1735],[121.6492,29.3197],[121.5582,29.3576],[121.4115,29.3446],[121.3619,29.4144],[121.4984,29.5226],[121.6704,29.6245],[121.7744,29.7645],[121.7703,29.8343],[121.5652,29.8466],[121.3913,29.9224],[121.1552,30.1886],[121.0825,30.2138],[120.8627,30.188],[120.4379,29.9966],[120.2676,30.0216],[119.9437,30.1162],[120.2269,30.2502],[120.6087,30.3462],[121.0355,30.5947],[121.3284,30.6905],[121.5689,30.7101],[121.6319,30.7928],[121.6402,30.9261],[121.4989,31.2814],[121.3079,31.4207],[121.2683,31.4523],[121.6233,31.6182],[121.645,31.688],[121.606,31.8276],[121.4837,31.948],[121.2305,32.0618],[121.0508,32.328],[120.7383,32.4607],[120.6609,32.5431],[120.7194,32.848],[120.6406,33.0446],[120.3403,33.3361],[120.1494,33.8943],[119.9736,34.1352],[119.6205,34.3694],[119.2999,34.5909],[119.0209,34.6919],[119.0032,34.9395],[119.0602,35.0413],[119.6888,35.545],[119.9073,35.7681],[119.9756,35.9336],[119.9138,36.1434],[120.1393,36.1948],[120.1965,36.1567],[120.2037,36.0359],[120.2697,35.9851],[120.5048,36.0556],[120.5373,36.3865],[120.8555,36.5844],[121.6099,36.8342],[121.8467,36.8602],[121.9801,36.8222],[122.2556,36.7337],[122.2813,36.982],[122.3929,37.3006],[122.2695,37.3003],[122.0576,37.3636],[121.8948,37.376],[121.4343,37.3368],[121.1898,37.4255],[120.7874,37.7049],[120.6581,37.7365],[120.4181,37.6787],[120.1694,37.5763],[119.9407,37.3529],[119.5989,37.1166],[119.2844,37.046],[118.9546,37.0771],[118.837,37.2042],[118.8116,37.4461],[118.8673,37.7074],[118.8752,37.9494],[118.7446,38.0638],[118.2003,38.0436],[117.8407,38.1639],[117.5895,38.2845],[117.479,38.4499],[117.4395,38.6028],[117.5751,38.9153],[117.7529,39.2025],[117.9101,39.2602],[118.0699,39.2542],[118.2746,38.9996],[118.4124,39.0509],[118.5593,39.1723],[118.7813,39.1664],[118.9776,39.2241],[119.0906,39.3391],[119.1494,39.454],[119.2107,39.639],[119.3855,39.8434],[119.5478,39.933],[119.8238,40.0422],[120.1127,40.0811],[120.2727,40.1518],[120.7884,40.6838],[121.0106,40.8507],[121.0853,40.8572],[121.368,40.8706],[121.4267,40.8643],[121.7536,40.737],[122.0824,40.488],[122.1079,40.3537],[122.0365,40.264],[121.789,40.0781],[121.6681,39.9054],[121.2394,39.5538],[121.2133,39.4836],[121.2822,39.3499],[121.449,39.3821],[121.6602,39.3315],[121.5118,39.1719],[121.1237,38.8651],[121.0653,38.7503],[121.2165,38.757],[121.4884,38.8786],[121.7432,39.0894],[122.0275,39.2558],[123.0391,39.6722],[123.3664,39.7494],[123.9165,39.8079],[124.1041,39.8848],[124.1339,39.8431],[124.209,39.7383],[124.4428,39.573],[124.5481,39.5413],[124.6884,39.6054],[124.86,39.6185],[124.9223,39.6186],[125.2065,39.4853],[125.2961,39.3643],[129.6413,41.6558],[129.8247,41.8614],[130.4351,42.2768],[130.4676,42.2988],[131.0646,42.7492],[131.3568,42.9939],[131.5842,43.2127],[131.8652,43.2904],[119.6043,42.0296],[102.9263,39.0184],[99.2776,38.9817],[95.5923,38.9447],[95.1501,37.6916],[95.5186,37.102],[101.6876,36.3074],[102.4061,33.7207],[100.6816,28.691],[98.6372,27.4787]]],[[[114.0465,22.34],[113.9496,22.3028],[113.9015,22.2909],[113.8585,22.2577],[113.8362,22.2139],[113.8671,22.1973],[113.9037,22.2185],[113.9317,22.2059],[113.9546,22.2338],[113.9891,22.2145],[114.0221,22.2285],[114.0307,22.3101],[114.0465,22.34]]],[[[114.0845,22.5283],[114.0292,22.5085],[114.0421,22.4985],[113.9812,22.4687],[113.9014,22.4065],[113.9254,22.3672],[113.9467,22.3659],[114.0077,22.3719],[114.0866,22.3606],[114.1024,22.3287],[114.144,22.3314],[114.1607,22.3138],[114.1533,22.2987],[114.1159,22.2784],[114.1275,22.2544],[114.0988,22.2165],[114.134,22.1717],[114.2072,22.2218],[114.2163,22.1923],[114.2312,22.2223],[114.2631,22.2044],[114.2588,22.2218],[114.3291,22.2723],[114.398,22.3964],[114.4131,22.4369],[114.3578,22.5051],[114.309,22.5535],[114.2186,22.5509],[114.1663,22.5608],[114.0845,22.5283]]]]},"properties":{"NAME":"Ming Chinese Empire","SUBJECTO":"Ming Chinese Empire","PARTOF":"Ming Chinese Empire","BORDERPRECISION":1,"LINK":null}},
{"type":"Feature","geometry":{"type":"Polygon","coordinates":[[[91.7166,24.0933],[92.8807,21.902],[92.8271,20.4243],[92.9215,20.3737],[92.9333,20.3102],[92.8944,20.1132],[93.0656,19.9928],[93.2485,20.0377],[93.3343,20.0252],[93.416,19.9428],[93.7238,19.594],[93.7478,19.4734],[93.815,19.2576],[93.675,19.2509],[93.4579,19.1742],[93.6947,19.0096],[93.839,18.9527],[93.9656,19.1944],[94.0537,19.0611],[94.2474,18.5788],[94.4205,18.1408],[94.4653,17.6645],[94.4653,17.6428],[94.4649,17.2643],[95.8938,17.7933],[98.67,18.3973],[99.8412,20.4819],[99.5917,22.9977],[98.5645,24.7097],[98.6372,27.4787],[98.5717,27.5418],[98.3451,27.5278],[98.216,27.5461],[98.1181,27.6852],[98.0087,28.0908],[97.83,28.2865],[97.603,28.4121],[97.4785,28.3923],[97.3407,28.2392],[97.3404,28.1821],[95.4781,27.9089],[94.8371,27.567],[94.3244,26.8833],[92.4015,26.5842],[91.5468,26.2851],[92.034,25.4262],[91.7166,24.0933]]]},"properties":{"NAME":"Burmese kingdoms","SUBJECTO":"Burmese kingdoms","PARTOF":"Burmese kingdoms","BORDERPRECISION":1,"LINK":null}},
{"type":"Feature","geometry":{"type":"Polygon","coordinates":[[[94.4649,17.2643],[94.392,16.9084],[94.1434,16.2154],[94.1444,16.0057],[94.3041,15.9489],[94.4156,16.0762],[94.5397,16.1336],[94.8193,16.2105],[94.8196,16.1597],[94.7534,15.9372],[94.828,15.842],[94.9726,15.836],[95.1248,15.9951],[95.2202,16.0017],[95.223,15.8048],[95.3298,15.6779],[95.4182,15.7417],[95.5523,15.8753],[95.7138,16.1552],[96.2039,16.385],[96.4692,16.5126],[96.6629,16.6972],[96.7341,16.888],[96.7704,17.3327],[96.8816,17.3457],[96.9831,17.2442],[97.215,16.9398],[97.352,16.5272],[97.4185,16.4828],[97.5732,16.4451],[98.67,18.3973],[95.8938,17.7933],[94.4649,17.2643]]]},"properties":{"NAME":"Pegu","SUBJECTO":"Pegu","PARTOF":"Pegu","BORDERPRECISION":1,"LINK":null}},
{"type":"Feature","geometry":{"type":"Polygon","coordinates":[[[-98.1456,16.1722],[-97.6573,17.261],[-97.0843,17.6431],[-95.1741,16.9745],[-94.1235,16.879],[-93.7414,17.1655],[-93.7849,18.3492],[-94.242,18.2402],[-94.5899,18.2712],[-94.8165,18.4995],[-95.0833,18.7024],[-95.3431,18.7718],[-95.5392,18.765],[-95.8439,18.7961],[-96.0123,18.9293],[-96.3407,19.4816],[-96.5788,19.9197],[-96.7952,20.1545],[-96.8815,20.3577],[-97.2234,20.7638],[-97.5042,21.1892],[-97.6281,21.5512],[-97.882,22.3326],[-99.9495,22.8961],[-99.9495,19.8398],[-100.9046,19.6488],[-100.9046,18.7892],[-103.1013,19.8398],[-105.5069,20.1041],[-105.173,19.6599],[-104.9479,19.4378],[-104.6694,19.3176],[-104.1973,19.058],[-103.9749,18.8805],[-103.7483,18.5949],[-103.4939,18.3539],[-102.6682,18.095],[-102.3583,18.0321],[-102.0855,18.0581],[-101.9926,18.0265],[-101.4872,17.5763],[-101.2208,17.4179],[-100.7374,17.2219],[-100.4126,17.0573],[-99.9791,16.893],[-99.2092,16.7166],[-98.8562,16.5966],[-98.4355,16.3623],[-98.1456,16.1722]]]},"properties":{"NAME":"Aztec Empire","SUBJECTO":"Aztec Empire","PARTOF":"Aztec Empire","BORDERPRECISION":1,"LINK":null}},
{"type":"Feature","geometry":{"type":"Polygon","coordinates":[[[-98.1456,16.1722],[-97.8809,16.052],[-97.2938,15.9643],[-97.0776,15.8758],[-96.7517,15.7811],[-96.3329,15.7502],[-95.9927,15.8654],[-95.4977,16.1207],[-95.1302,16.2995],[-95.1741,16.9745],[-97.0843,17.6431],[-97.6573,17.261],[-98.1456,16.1722]]]},"properties":{"NAME":"Mixtec Empire","SUBJECTO":"Mixtec Empire","PARTOF":"Mixtec Empire","BORDERPRECISION":1,"LINK":null}},
{"type":"Feature","geometry":{"type":"Polygon","coordinates":[[[-90,19.3815],[-89.73,19.3622],[-89.0615,19.2667],[-88.8705,18.6937],[-89.1958,18.2289],[-89.539,17.7386],[-89.9211,16.9745],[-89.6345,16.7835],[-88.7418,16.2695],[-88.5798,16.2838],[-88.4445,16.4412],[-88.2834,16.8347],[-88.2419,17.0135],[-88.327,17.1566],[-88.2205,17.5143],[-88.3004,17.6354],[-88.1119,18.1939],[-88.1237,18.3871],[-88.3992,18.309],[-88.3205,18.4944],[-88.3114,18.7415],[-88.1377,18.8944],[-88.105,18.8245],[-88.0301,18.6213],[-87.8771,18.3809],[-87.8495,18.489],[-87.8004,18.7434],[-87.6822,19.2813],[-87.6371,19.5747],[-87.7886,19.5125],[-87.8582,19.5823],[-87.774,19.7414],[-87.6597,19.8751],[-87.6507,20.1899],[-87.5081,20.3902],[-87.3133,20.5815],[-87.07,20.8045],[-86.9359,20.9764],[-86.9002,21.1672],[-86.9216,21.3006],[-87.2006,21.5289],[-87.3709,21.5707],[-87.5969,21.4835],[-88.1094,21.5651],[-88.3337,21.59],[-88.6011,21.564],[-89.0581,21.3978],[-89.5475,21.2951],[-89.8628,21.2499],[-90,21.1607],[-90,21.1414],[-90,20.9912],[-90,20.6764],[-90,20.1613],[-90,19.9467],[-90,19.7535],[-90,19.3815]]]},"properties":{"NAME":"Maya city-states","SUBJECTO":"Maya city-states","PARTOF":"Maya city-states","BORDERPRECISION":1,"LINK":null}},
{"type":"Feature","geometry":{"type":"Polygon","coordinates":[[[-71.4454,-32.543],[-71.4034,-32.6446],[-71.4133,-32.7289],[-71.4161,-32.7526],[-71.5086,-32.9052],[-71.7134,-33.1088],[-71.7504,-33.1915],[-71.6099,-33.5723],[-71.6157,-33.7057],[-71.7386,-33.8774],[-71.8228,-33.9347],[-71.9627,-34.2462],[-72.0761,-34.6719],[-72.1666,-34.9579],[-72.33,-35.2826],[-72.6288,-35.6459],[-72.7096,-35.9388],[-72.8464,-36.3592],[-72.96,-36.5759],[-73.1442,-37.1558],[-73.1879,-37.2196],[-73.2779,-37.2835],[-71.0271,-37.2117],[-70.2893,-36.4739],[-69.367,-34.445],[-69.367,-32.6004],[-68.4447,-30.9404],[-68.2603,-28.5425],[-67.1536,-25.2223],[-65.4935,-19.1354],[-66.0469,-16.5531],[-67.1536,-14.7086],[-68.6292,-13.0485],[-74.3472,-12.1263],[-77.8852,-6.9773],[-77.915,-4.1935],[-78.7741,-3.6415],[-78.7741,-2.1658],[-78.4051,-0.3213],[-78.9585,0.4165],[-79.7769,0.8631],[-80.0856,0.818],[-80.1349,0.7162],[-80.0982,0.6337],[-80.0462,0.4304],[-80.109,0.049],[-80.1798,-0.017],[-80.4031,-0.2249],[-80.4822,-0.3839],[-80.4823,-0.4856],[-80.3388,-0.6632],[-80.6632,-0.8672],[-80.8794,-0.9567],[-80.9661,-1.0331],[-80.803,-1.3251],[-80.7539,-1.452],[-80.8138,-1.6619],[-80.8163,-1.8589],[-80.7412,-2.1192],[-80.7862,-2.2273],[-80.961,-2.3548],[-80.7776,-2.5387],[-80.5073,-2.6843],[-80.3573,-2.7284],[-80.0279,-2.4481],[-79.813,-2.1705],[-79.839,-2.346],[-79.7448,-2.6763],[-79.7618,-2.797],[-80.0252,-3.2742],[-80.1442,-3.4142],[-80.2289,-3.4712],[-80.3716,-3.5672],[-80.5829,-3.6566],[-81.0418,-4.0516],[-81.3036,-4.3317],[-81.4133,-4.5671],[-81.4176,-4.6751],[-81.3015,-4.9989],[-81.1429,-5.1955],[-80.8762,-5.5889],[-80.8234,-5.7159],[-80.8881,-5.9003],[-81.1623,-5.9136],[-81.2436,-5.9646],[-81.297,-6.0409],[-81.0227,-6.2056],[-80.6116,-6.3699],[-80.274,-6.5661],[-80.0659,-6.7563],[-79.7971,-7.1941],[-79.6746,-7.3527],[-79.0602,-8.2155],[-78.7509,-8.7867],[-78.3021,-9.6689],[-77.7587,-10.6589],[-77.6916,-10.8367],[-77.6825,-11.0146],[-77.7072,-11.256],[-77.6739,-11.2941],[-77.4639,-11.389],[-77.3355,-11.5094],[-76.7106,-12.7597],[-76.3592,-13.2291],[-76.238,-13.502],[-76.2382,-13.9086],[-76.2418,-14.1056],[-76.0526,-14.4101],[-75.7853,-14.7272],[-75.2309,-15.2216],[-74.6214,-15.665],[-74.0496,-16.045],[-73.6726,-16.1967],[-73.283,-16.3674],[-72.9801,-16.5319],[-72.5872,-16.7407],[-72.3099,-16.8798],[-72.09,-16.9938],[-71.8632,-17.1203],[-71.6119,-17.2215],[-71.4702,-17.3927],[-71.3652,-17.6974],[-71.224,-17.8051],[-70.5841,-18.0833],[-70.4539,-18.2228],[-70.3636,-18.455],[-70.296,-18.629],[-70.2085,-19.0672],[-70.1898,-19.7596],[-70.1124,-20.6934],[-70.1106,-21.7479],[-70.1923,-22.161],[-70.2011,-22.2175],[-70.2339,-22.428],[-70.2302,-22.7964],[-70.292,-22.9871],[-70.4731,-23.0764],[-70.5732,-23.1656],[-70.5527,-23.3434],[-70.5796,-23.4896],[-70.4152,-23.5274],[-70.3595,-23.6607],[-70.4628,-23.9341],[-70.4528,-24.347],[-70.5194,-24.4551],[-70.4977,-24.8298],[-70.3981,-25.2489],[-70.4932,-25.4714],[-70.683,-25.7704],[-70.6546,-26.2595],[-70.6913,-26.5137],[-70.748,-26.8759],[-70.849,-27.2807],[-70.8574,-27.3144],[-70.9346,-27.7274],[-71.142,-27.9946],[-71.199,-28.245],[-71.2972,-28.6683],[-71.4301,-29.1005],[-71.3862,-29.2846],[-71.2336,-29.5193],[-71.2367,-29.8496],[-71.3295,-30.1039],[-71.4961,-30.3456],[-71.6816,-30.6],[-71.6954,-30.8541],[-71.6515,-31.2414],[-71.5198,-32.1812],[-71.4454,-32.543]]]},"properties":{"NAME":"Inca Empire","SUBJECTO":"Inca Empire","PARTOF":"Inca Empire","BORDERPRECISION":1,"LINK":null}},
{"type":"Feature","geometry":{"type":"MultiPolygon","coordinates":[[[[9.4487,54.1887],[9.4414,54.2468],[9.296,54.2468],[9.2597,54.305],[9.2161,54.2904],[9.1652,54.3195],[9.1361,54.2977],[9.0562,54.3486],[8.9617,54.2759],[8.884,54.2294],[8.8533,54.1682],[8.7788,54.1324],[8.8327,54.066],[8.9463,54.015],[8.819,53.969],[8.8571,53.867],[9.125,53.7905],[8.8485,53.7497],[8.5856,53.7931],[8.5395,53.8007],[8.5162,53.761],[8.4287,53.612],[8.5018,53.449],[8.3057,53.5254],[8.189,53.5305],[8.2608,53.4388],[8.2419,53.3523],[8.175,53.3217],[8.0291,53.3726],[8.0987,53.4439],[8.011,53.5657],[7.9685,53.6375],[7.875,53.6337],[7.8364,53.6321],[7.3324,53.6044],[7.1656,53.5917],[7.0373,53.5101],[6.9807,53.3167],[7.1897,53.2301],[7.1599,53.164],[7.0433,53.164],[7.0091,53.2454],[6.861,53.2658],[6.7507,53.3899],[6.2607,53.3217],[5.9663,53.335],[5.6473,53.2278],[5.3895,53.1386],[5.3321,53.0114],[5.3428,52.9963],[5.358,52.9377],[5.3257,52.7904],[5.5764,52.7599],[5.6534,52.7498],[5.5469,52.6787],[5.5557,52.5873],[5.6113,52.5315],[5.8171,52.5214],[5.7569,52.3337],[5.5744,52.283],[5.4732,52.1766],[4.9498,52.2779],[5.0357,52.3337],[5.0061,52.5569],[5.1082,52.5315],[5.2346,52.6229],[5.1733,52.7434],[5.0084,52.8562],[4.7188,52.8024],[4.641,52.7557],[4.3872,52.2304],[4.2644,52.0709],[3.8781,51.7917],[3.5203,51.5791],[3.7435,51.4605],[3.775,51.3877],[3.6813,51.3214],[3.472,51.3144],[3.2136,51.3536],[2.9953,51.3135],[2.5221,51.0911],[2.4426,51.048],[2.0303,51.0067],[1.8236,50.9346],[1.7962,50.9214],[1.8255,50.2427],[1.9866,50.2197],[1.9866,50.0816],[2.1477,50.0586],[2.4009,50.1967],[2.6771,50.1506],[2.9073,49.9435],[3.4827,49.9205],[3.8203,50.0394],[4.2552,49.8872],[5.3611,49.6968],[5.9093,49.2009],[5.9039,49.1958],[5.6116,49.2097],[5.723,48.9592],[5.876,49.0705],[6.0013,48.9035],[5.8343,48.7783],[6.0152,48.653],[5.9456,48.3469],[6.2379,48.2912],[6.2518,47.9572],[6.0987,48.0268],[6.0569,47.9572],[5.9595,47.985],[5.9595,47.8041],[5.8204,47.7346],[5.9178,47.5954],[5.7925,47.5119],[5.7786,47.3588],[5.7369,47.2336],[5.6673,47.1083],[5.7939,46.9972],[5.757,46.8867],[5.6464,46.8498],[5.6255,46.6491],[5.7397,46.5978],[5.7249,46.48],[5.6457,46.4567],[5.4156,46.5242],[5.2683,46.318],[5.5334,46.097],[5.5334,46.0086],[5.3567,46.0528],[5.3567,45.876],[5.6071,45.8466],[5.8234,45.3962],[5.9345,45.3221],[5.9469,45.2604],[6.0581,45.2233],[6.0334,45.3345],[6.0828,45.3715],[6.1445,45.3221],[6.2187,45.3468],[6.2681,45.3221],[6.2434,45.2974],[6.2804,45.1986],[6.5073,45.1157],[6.6653,44.9545],[6.9426,44.8687],[7.0035,44.7195],[6.9247,44.715],[6.7829,44.5479],[6.8698,44.3492],[6.7869,44.2968],[6.7869,44.198],[6.8363,44.1115],[6.8857,44.1486],[6.9351,44.1362],[6.9722,44.0621],[6.9969,44.0497],[6.9228,43.9756],[6.9598,43.9139],[6.8857,43.9015],[6.9228,43.815],[7.3552,43.9015],[7.3971,43.7641],[7.4675,43.8108],[7.5528,43.8675],[7.6891,43.887],[7.9795,43.9649],[8.0896,44.0508],[8.1864,44.1264],[8.6717,44.4174],[8.8966,44.4372],[9.157,44.3732],[9.6919,44.2196],[9.8255,44.1525],[9.9093,44.1105],[10.1367,43.9048],[10.1552,43.8811],[10.2614,43.7452],[10.2925,43.7054],[10.3379,43.5962],[10.4877,43.2359],[10.7428,42.8505],[11.1048,42.5491],[11.4974,42.3764],[11.9601,42.0074],[12.0199,42.0987],[12.0033,42.2481],[12.0697,42.298],[12.0531,42.5304],[12.1297,42.596],[12.1694,42.63],[12.1528,42.6965],[12.186,42.9123],[12.1694,42.9123],[12.1528,43.0617],[12.2192,43.2278],[12.3022,43.2776],[12.3022,43.344],[12.2192,43.344],[12.1196,43.4769],[12.103,43.6097],[12.1196,43.7425],[12.2192,43.892],[12.1694,43.892],[12.0864,43.8421],[12.0365,43.9252],[12.0531,44.0746],[12.0531,44.1078],[12.0864,44.1742],[12.0199,44.1742],[11.9369,44.0912],[11.8871,44.2572],[11.9037,44.3237],[11.8539,44.3569],[11.8041,44.3403],[11.7377,44.3569],[11.6879,44.2572],[11.7045,44.224],[11.555,44.1908],[11.5716,44.224],[11.4554,44.2739],[11.2893,44.224],[11.3226,44.1576],[11.202,44.1426],[11.1399,44.3403],[11.2893,44.3735],[11.2893,44.4565],[11.1731,44.6059],[11.2561,44.7886],[11.3392,44.855],[11.1698,45.0672],[10.8561,45.0507],[10.8244,45.3531],[10.675,45.3531],[10.3767,45.3744],[9.9977,45.4014],[9.9221,45.6661],[9.8464,45.7039],[9.5061,45.5148],[9.6951,45.7796],[9.5817,45.893],[9.5449,46.3116],[9.642,46.3252],[9.6737,46.3798],[9.885,46.4025],[9.9945,46.2525],[10.0971,46.4389],[9.9874,46.4981],[10.0237,46.6209],[10.1512,46.6619],[10.2303,46.5893],[10.3721,46.5663],[10.3892,46.6528],[10.3387,46.7483],[10.3957,46.8874],[10.5583,46.7179],[10.5583,46.3129],[10.4571,46.2116],[10.5246,45.7391],[10.6596,45.8066],[10.7946,45.6378],[10.9296,45.8403],[11.1659,45.7391],[11.2334,46.0091],[11.3346,46.0091],[11.5709,45.9754],[11.5709,46.2454],[11.9084,46.4141],[11.7397,46.7517],[12.0748,46.9275],[12.2178,46.8843],[12.3284,46.9675],[12.4072,46.9641],[12.6977,46.9514],[13.2917,47.0638],[13.5164,46.9996],[13.5807,46.8391],[13.7091,46.8391],[13.7251,46.6464],[13.6211,46.4209],[13.6063,46.1321],[13.5004,45.94],[13.3677,45.6945],[13.4377,45.6384],[13.5646,45.7265],[13.6732,45.7145],[14.0759,45.678],[14.2194,45.4771],[13.9898,45.4197],[14.0759,45.2762],[14.3545,45.3229],[14.5267,45.783],[14.7985,45.8645],[14.88,45.484],[15.4236,45.4297],[15.4698,45.7341],[16.1222,45.5819],[16.2091,45.7341],[16.0787,45.8863],[16.2091,46.1472],[16.4483,46.1037],[16.5353,46.3647],[16.2961,46.4082],[16.5135,46.6256],[16.4483,46.7778],[16.4483,46.93],[16.557,47.0605],[16.557,47.1909],[16.644,47.2997],[16.557,47.4954],[16.6223,47.7346],[16.7962,47.8433],[17.4078,47.8215],[17.4621,48.0662],[17.2175,48.0662],[17.1903,48.4467],[17.3534,48.9631],[17.8698,48.8],[18.1145,48.8544],[18.1145,48.9903],[18.2232,48.9903],[18.2504,49.1805],[18.5222,49.5611],[18.9267,49.622],[18.8965,49.7127],[18.7963,49.7134],[18.7691,50.177],[18.7456,50.266],[18.646,50.6445],[18.1401,50.9877],[17.6398,51.4369],[17.5525,51.6549],[17.2909,51.7858],[17.2037,51.6113],[16.8548,51.6549],[16.8548,51.9166],[16.5059,52.1783],[16.5059,52.0038],[16.0951,52.1242],[15.7645,52.2655],[15.7602,52.5707],[15.816,52.5707],[15.8439,52.7103],[16.0531,52.7164],[16.2038,53.3433],[16.4155,53.5249],[16.2038,53.7064],[16.6576,53.8577],[16.8089,53.4643],[16.8089,53.8577],[16.6878,54.0392],[16.9904,54.1905],[17.1114,54.13],[17.7468,54.4325],[17.6576,54.6855],[16.9759,54.5493],[16.4732,54.415],[16.1147,54.1996],[15.8984,54.1284],[15.3117,54.071],[15.0797,54.0025],[14.8858,53.9796],[14.5802,53.929],[14.4674,53.9104],[14.4729,53.8768],[14.4825,53.8185],[14.5569,53.7599],[14.5653,53.6936],[14.4953,53.6248],[14.5371,53.5382],[14.4332,53.5942],[14.2802,53.6134],[14.1896,53.6248],[14.1769,53.6834],[14.0097,53.6732],[13.8502,53.7293],[13.7805,53.7752],[13.7643,53.8772],[13.7378,54.0303],[13.6676,54.0842],[13.431,54.0302],[13.3492,54.0635],[13.0638,54.1937],[13.0258,54.2652],[12.9431,54.347],[12.7648,54.2703],[12.6525,54.3214],[12.4625,54.2548],[12.3119,54.2019],[12.0411,54.0967],[11.565,54.0354],[11.4078,53.8593],[11.2025,53.8568],[11.1514,53.9384],[10.9604,53.8984],[10.8935,53.8844],[10.8837,53.8824],[10.8589,53.8772],[10.7709,53.9309],[10.7167,53.9639],[11.0159,54.0967],[11.0414,54.1527],[11.073,54.2196],[11.0386,54.3133],[10.6486,54.259],[10.446,54.292],[10.3402,54.3623],[10.2129,54.3719],[10.1417,54.3368],[9.8848,54.2541],[9.8267,54.2759],[9.7394,54.2759],[9.674,54.1887],[9.4487,54.1887]],[[9.6169,47.4958],[9.6807,47.4355],[9.5708,47.2668],[9.4829,47.1822],[9.5195,47.0726],[9.5049,47.0377],[9.4976,46.7925],[8.8238,46.5815],[8.9996,46.309],[8.8897,46.2736],[8.6553,46.5312],[8.3551,46.4303],[8.2892,46.3899],[8.2745,46.3394],[8.15,46.2938],[8.0768,46.2938],[8.1427,46.152],[7.9742,46.025],[7.8205,45.9283],[7.6374,45.9639],[7.4396,45.9232],[7.2565,46.4404],[7.0075,46.6369],[7.2126,47.1224],[6.7292,46.8777],[6.5461,46.9577],[6.7365,47.0427],[6.7146,47.0876],[6.8537,47.1523],[6.8684,47.1872],[6.9489,47.227],[7.3371,47.4404],[7.4689,47.485],[7.5714,47.5839],[7.7252,47.6036],[7.7326,47.5246],[8.5089,47.5987],[8.4063,47.6924],[8.5308,47.8057],[8.8018,47.7466],[8.897,47.653],[8.9366,47.6594],[8.9946,47.6844],[9.0064,47.6948],[8.9943,47.7067],[8.94,47.7262],[8.9592,47.7374],[9.014,47.7196],[8.9872,47.7434],[9.1009,47.7024],[9.109,47.6902],[9.0845,47.6897],[9.0482,47.7083],[9.0433,47.6935],[9.0814,47.6832],[9.1125,47.6857],[9.1243,47.6707],[9.2179,47.6663],[9.2115,47.6828],[9.188,47.6993],[9.2013,47.7074],[9.1798,47.7046],[9.1736,47.7344],[9.0669,47.7795],[9.0306,47.805],[9.043,47.8176],[9.1057,47.7924],[9.1324,47.7723],[9.2258,47.7393],[9.2372,47.7115],[9.2878,47.6838],[9.3476,47.6609],[9.4212,47.6659],[9.4661,47.648],[9.4882,47.6515],[9.5023,47.6464],[9.5339,47.5968],[9.5634,47.5847],[9.6009,47.5853],[9.6067,47.5725],[9.6282,47.5704],[9.6532,47.5562],[9.6802,47.5563],[9.6803,47.5427],[9.7124,47.5506],[9.7524,47.5108],[9.7428,47.5046],[9.6992,47.5063],[9.6781,47.4888],[9.6658,47.496],[9.6478,47.4881],[9.6413,47.5071],[9.6169,47.4958]],[[6.3994,46.4587],[6.4486,46.4736],[6.5111,46.5159],[6.5588,46.5072],[6.592,46.5177],[6.6894,46.5002],[6.7209,46.4856],[6.7427,46.4886],[6.7765,46.4734],[6.832,46.4668],[6.8579,46.4495],[6.9009,46.4397],[6.9309,46.4084],[6.9187,46.3952],[6.8605,46.3957],[6.8569,46.3853],[6.7255,46.4083],[6.6368,46.4067],[6.5451,46.3948],[6.5149,46.4049],[6.4843,46.3934],[6.4773,46.3756],[6.4135,46.36],[6.3892,46.34],[6.3609,46.3479],[6.3435,46.3701],[6.3035,46.366],[6.2778,46.3504],[6.2353,46.2891],[6.1991,46.264],[6.1938,46.2384],[6.1722,46.2119],[6.1478,46.2067],[6.1714,46.2958],[6.2482,46.3861],[6.2589,46.3925],[6.2741,46.3901],[6.2913,46.4227],[6.3469,46.4609],[6.3848,46.4643],[6.3994,46.4587]]],[[[17.1726,46.1879],[17.136,46.1907],[17.1267,46.1072],[17.1726,46.1879]]],[[[9.4867,42.4064],[9.4586,42.5561],[9.4055,42.5806],[9.4322,42.7941],[9.4142,42.9095],[9.3671,42.9881],[9.3032,42.9832],[9.2705,42.8825],[9.2804,42.7279],[9.2377,42.664],[9.1495,42.7107],[9.0184,42.691],[9.0004,42.6346],[8.879,42.6248],[8.6093,42.4873],[8.5004,42.3598],[8.6284,42.2617],[8.5172,42.2077],[8.5107,42.1341],[8.6265,42.0973],[8.6683,42.0287],[8.5896,41.9576],[8.5379,41.9478],[8.5619,41.8816],[8.6928,41.9135],[8.7424,41.8816],[8.6269,41.7321],[8.8233,41.688],[8.8546,41.6537],[8.7269,41.5606],[8.8288,41.492],[9.0133,41.4577],[9.0389,41.3695],[9.173,41.3499],[9.3045,41.5753],[9.3575,41.9012],[9.4525,42.0483],[9.4867,42.4064]]],[[[14.1454,53.8265],[14.2054,53.8132],[14.1742,53.9068],[14.0699,53.9178],[13.7784,54.0444],[13.7774,53.9486],[13.8278,53.8297],[14.0287,53.8655],[14.0684,53.8435],[14.1454,53.8265]]],[[[14.4729,53.8768],[14.4248,53.915],[14.3053,53.915],[14.2272,53.9095],[14.2479,53.816],[14.3339,53.8297],[14.4591,53.8187],[14.4729,53.8768]]],[[[9.189,47.6508],[9.1779,47.6643],[9.1399,47.6651],[9.189,47.6508]]],[[[9.0109,47.6714],[8.9835,47.67],[8.9764,47.6658],[9.0109,47.6714]]]]},"properties":{"NAME":"Holy Roman Empire","SUBJECTO":"Holy Roman Empire","PARTOF":"Holy Roman Empire","BORDERPRECISION":1,"LINK":null}},
{"type":"Feature","geometry":{"type":"Polygon","coordinates":[[[-132.5688,53.2795],[-132.3514,53.3649],[-132.0898,53.3988],[-132.0772,53.5392],[-131.9995,53.7935],[-131.8942,53.8942],[-131.9564,53.9677],[-132.0823,54.0211],[-132.3785,53.987],[-132.7299,54.0667],[-132.8701,54.0463],[-133.0539,54.0661],[-133.0967,54.0191],[-133.086,53.8048],[-132.997,53.6511],[-132.5688,53.2795]]]},"properties":{"NAME":"Bella","SUBJECTO":"Bella","PARTOF":"Bella","BORDERPRECISION":1,"LINK":null}},
{"type":"Feature","geometry":{"type":"MultiPolygon","coordinates":[[[[-61.2485,45.7928],[-61.025,45.67],[-60.8141,45.6444],[-60.5074,45.6645],[-59.9972,45.8536],[-59.8866,45.9252],[-59.8072,46.0812],[-60.0299,46.2886],[-60.169,46.3143],[-60.4465,46.1708],[-60.6357,46.0081],[-60.7613,45.8911],[-60.837,45.8779],[-61.072,45.9878],[-60.9626,46.1893],[-60.7016,46.3327],[-60.5839,46.3849],[-60.4788,46.5346],[-60.4285,46.7428],[-60.2598,46.9383],[-60.6271,47.1329],[-61.0466,46.6636],[-61.3806,46.3314],[-61.4088,46.0456],[-61.2485,45.7928]]],[[[-66.4035,45.1078],[-66.0492,45.2885],[-66.1525,45.3788],[-66.0507,45.3487],[-65.8876,45.2583],[-65.7597,45.2945],[-64.8714,45.6621],[-64.7238,45.6682],[-64.5618,45.8853],[-64.7009,46.0845],[-64.4748,45.8552],[-64.5186,45.7948],[-64.2832,45.9215],[-64.2598,45.8431],[-64.3732,45.8069],[-64.3977,45.7164],[-64.9055,45.4632],[-64.9201,45.3668],[-64.8093,45.409],[-64.6962,45.4451],[-64.5586,45.4572],[-64.1968,45.4511],[-64.0077,45.427],[-63.7399,45.4511],[-63.4461,45.427],[-63.3775,45.3849],[-63.4685,45.3487],[-63.5549,45.3788],[-63.8835,45.3186],[-64.1681,45.2222],[-64.1603,45.1439],[-64.1406,45.0536],[-64.2565,45.18],[-64.3369,45.156],[-64.3068,45.3487],[-64.4579,45.3909],[-64.7538,45.2282],[-65.2531,44.9753],[-65.7493,44.7412],[-65.6333,44.6932],[-65.721,44.6512],[-65.777,44.7172],[-66.193,44.4892],[-66.159,44.4412],[-65.9982,44.5612],[-65.8408,44.6152],[-65.8566,44.5612],[-65.9845,44.4892],[-66.1895,44.1413],[-66.0009,43.7517],[-65.9387,43.8596],[-65.7816,43.6438],[-65.7126,43.56],[-65.5576,43.6199],[-65.4671,43.518],[-65.4283,43.6498],[-65.3189,43.7517],[-65.2487,43.7037],[-65.2197,43.7637],[-65.1529,43.7637],[-65.0874,43.7277],[-64.9876,43.7577],[-65.0309,43.8715],[-64.9681,43.8236],[-64.8705,43.8596],[-64.9076,43.9375],[-64.8351,43.8835],[-64.842,43.9794],[-64.7547,44.0034],[-64.649,44.0574],[-64.7063,44.1293],[-64.3608,44.3332],[-64.2823,44.3032],[-64.2361,44.3572],[-64.2506,44.4532],[-64.3911,44.4892],[-64.2863,44.5072],[-64.3058,44.6152],[-64.1465,44.6272],[-64.0876,44.5132],[-63.9967,44.5672],[-63.8878,44.7292],[-63.9021,44.5732],[-63.8259,44.5492],[-63.7897,44.5132],[-63.5589,44.5132],[-63.5165,44.5972],[-63.4185,44.6332],[-63.3877,44.7472],[-63.3033,44.6632],[-63.23,44.7832],[-63.1067,44.8313],[-63.0533,44.7112],[-62.8152,44.7712],[-62.7945,44.7952],[-62.4769,44.9213],[-62.4362,44.8733],[-62.2705,44.9874],[-62.0681,45.0054],[-62.0105,45.0717],[-61.811,45.0777],[-61.8363,45.1258],[-61.6337,45.1439],[-61.6828,45.2162],[-61.5789,45.1981],[-61.3471,45.1981],[-61.4001,45.2403],[-61.2652,45.3005],[-61.1928,45.2463],[-60.9584,45.3005],[-61.0321,45.3788],[-61.4034,45.3909],[-61.4437,45.4391],[-61.2615,45.5536],[-61.4812,45.7405],[-61.7234,45.6863],[-61.8932,45.7586],[-61.9398,45.9215],[-62.0763,45.8853],[-62.3896,45.7224],[-62.4999,45.7164],[-62.617,45.7285],[-62.7261,45.6802],[-62.6331,45.7707],[-62.7416,45.819],[-63.1211,45.8491],[-63.0874,45.8009],[-63.2756,45.7828],[-63.336,45.8612],[-63.4312,45.8551],[-63.4922,45.9155],[-63.7484,45.8793],[-63.8435,45.9879],[-64.08,46.0543],[-64.0587,46.1147],[-63.8909,46.1086],[-63.7492,46.169],[-64.0763,46.2354],[-64.0945,46.2052],[-64.1639,46.2475],[-64.5348,46.2717],[-64.5388,46.3381],[-64.6966,46.5435],[-64.7181,46.6342],[-64.6898,46.6947],[-64.7973,46.7552],[-64.8505,46.7189],[-64.8916,46.9124],[-64.8075,47.0395],[-64.8422,47.1242],[-65.3896,47.1303],[-64.9801,47.3301],[-64.9469,47.4331],[-64.8736,47.4391],[-64.9239,47.5603],[-64.8201,47.6755],[-64.6579,47.7785],[-64.8251,47.8513],[-65.0404,47.7846],[-65.0279,47.8817],[-65.6123,47.6634],[-65.6454,47.7058],[-65.7607,47.9059],[-65.8372,47.9605],[-66.3457,48.0637],[-66.4715,48.0994],[-66.1814,48.1848],[-65.8546,48.2051],[-65.4744,48.1013],[-65.2131,48.1214],[-64.8742,48.3245],[-64.3977,48.4561],[-64.2509,48.5545],[-64.1943,48.6526],[-64.2592,48.8618],[-64.3205,48.9467],[-64.5497,49.0771],[-64.9524,49.2073],[-65.3674,49.2326],[-66.0299,49.1659],[-66.4934,49.0602],[-66.9727,48.9546],[-67.354,48.8459],[-66.4352,45.133],[-66.4035,45.1078]]]]},"properties":{"NAME":"Mi'kma'ki","SUBJECTO":"Mi'kma'ki","PARTOF":"Mi'kma'ki","BORDERPRECISION":1,"LINK":null}},
{"type":"Feature","geometry":{"type":"Polygon","coordinates":[[[-103.0037,33.1451],[-108.9301,32.2392],[-108.6936,30.9984],[-112.7213,30.0726],[-112.6543,29.9185],[-112.3232,29.4359],[-112.0329,29.0613],[-111.9064,28.8136],[-111.6916,28.4961],[-111.2709,28.1091],[-111.0642,27.9951],[-110.8569,27.951],[-110.6044,27.8561],[-110.5214,27.7546],[-110.5591,27.6337],[-110.5819,27.462],[-110.5255,27.3476],[-110.3821,27.2144],[-110.1073,27.1387],[-109.9459,27.0436],[-109.8927,26.8848],[-109.7242,26.6054],[-109.5266,26.7202],[-109.1888,26.4412],[-109.1319,26.2887],[-109.2575,26.0872],[-101.2281,28.3031],[-101.1651,29.6139],[-101.0827,31.3263],[-101.0739,31.5095],[-101.0704,31.5824],[-102.3339,32.3254],[-102.963,32.6953],[-102.9833,32.9195],[-103.0037,33.1451]]]},"properties":{"NAME":"Apache","SUBJECTO":"Apache","PARTOF":"Apache","BORDERPRECISION":1,"LINK":null}},
{"type":"Feature","geometry":{"type":"Polygon","coordinates":[[[-83.414,29.5936],[-83.1182,29.2425],[-82.8949,29.1857],[-82.7789,29.1097],[-82.647,28.9065],[-82.7181,28.437],[-82.7844,28.096],[-82.8413,27.838],[-82.7165,27.7446],[-82.5047,27.9277],[-82.4293,27.8261],[-82.4508,27.7244],[-82.6196,27.5276],[-82.7527,27.5276],[-82.5839,27.3106],[-82.3101,26.8249],[-82.1423,26.8668],[-82.0776,26.5511],[-81.8873,26.4478],[-81.8366,26.0791],[-81.7447,25.9207],[-81.401,25.8587],[-81.1456,25.3782],[-81.1518,25.2732],[-81.0979,25.125],[-80.8689,25.187],[-80.738,25.1302],[-80.567,25.1918],[-80.4517,25.2077],[-80.4402,25.1457],[-80.4984,25.0372],[-80.4908,24.9959],[-80.3141,25.2439],[-80.3053,25.3576],[-80.354,25.5482],[-80.2144,25.7347],[-80.1854,25.8601],[-80.05,26.5511],[-80.0779,26.9231],[-80.1333,27.0729],[-80.2621,27.1969],[-80.2285,27.2383],[-80.4472,27.7756],[-80.6055,28.561],[-81.0259,29.2637],[-81.2311,29.6564],[-81.4054,30.0726],[-81.4629,30.427],[-82.5187,29.976],[-83.414,29.5936]]]},"properties":{"NAME":"Calusa","SUBJECTO":"Calusa","PARTOF":"Calusa","BORDERPRECISION":1,"LINK":null}},
{"type":"Feature","geometry":{"type":"Polygon","coordinates":[[[-108.9301,32.2392],[-109.7251,36.4108],[-115.7705,35.5224],[-116.6322,35.3957],[-114.3397,31.5897],[-114.1951,31.5243],[-114.0823,31.5436],[-113.9521,31.6901],[-113.7463,31.6079],[-113.6886,31.538],[-113.6617,31.3346],[-113.304,31.2463],[-113.0521,31.1387],[-113.0663,30.9988],[-113.085,30.7698],[-113.0167,30.5664],[-112.908,30.414],[-112.7371,30.1091],[-112.7213,30.0726],[-108.6936,30.9984],[-108.9301,32.2392]]]},"properties":{"NAME":"Hopi","SUBJECTO":"Hopi","PARTOF":"Hopi","BORDERPRECISION":1,"LINK":null}},
{"type":"Feature","geometry":{"type":"Polygon","coordinates":[[[-103.0037,33.1451],[-103.3836,37.3428],[-109.7251,36.4108],[-108.9301,32.2392],[-103.0037,33.1451]]]},"properties":{"NAME":"Navajo","SUBJECTO":"Navajo","PARTOF":"Navajo","BORDERPRECISION":1,"LINK":null}},
{"type":"Feature","geometry":{"type":"Polygon","coordinates":[[[-81.4629,30.427],[-81.5115,30.7272],[-81.3048,31.2891],[-81.1992,31.5912],[-81.182,31.6404],[-80.818,32.1466],[-80.7383,32.2358],[-80.5806,32.4968],[-80.2219,32.5357],[-80.0291,32.6251],[-79.7171,32.7974],[-79.3485,33.1097],[-79.3054,33.2688],[-79.2041,33.4597],[-78.8989,33.702],[-78.6211,33.8107],[-78.3836,33.8684],[-78.253,33.8884],[-77.9629,33.9328],[-77.9046,33.9901],[-77.6852,34.264],[-77.4594,34.4976],[-79.2323,39.3622],[-80.261,38.7745],[-86.1313,35.4207],[-86.004,35.2289],[-82.5187,29.976],[-81.4629,30.427]]]},"properties":{"NAME":"Cherookee","SUBJECTO":"Cherookee","PARTOF":"Cherookee","BORDERPRECISION":1,"LINK":null}},
{"type":"Feature","geometry":{"type":"Polygon","coordinates":[[[-120.7106,40.9224],[-120.1804,41.0143],[-120.9968,48.5332],[-122.422,48.3942],[-122.3744,48.2661],[-122.3453,48.0767],[-122.3911,47.8676],[-122.4859,47.6064],[-122.6628,47.469],[-122.7353,47.3645],[-122.7483,47.2622],[-122.8611,47.3382],[-122.944,47.4228],[-123.1834,47.4883],[-122.9973,47.6445],[-122.8084,47.8276],[-122.826,48.0235],[-123.072,48.1667],[-123.2589,48.2056],[-123.5046,48.1855],[-123.793,48.198],[-124.1461,48.2496],[-124.4305,48.3471],[-124.6753,48.3858],[-124.7334,48.3269],[-124.7261,48.1178],[-124.3088,47.4593],[-124.249,47.0189],[-124.1948,47.0421],[-124.2141,47.0942],[-124.1903,47.1145],[-124.1323,47.1145],[-124.0605,47.0508],[-123.9053,47.0421],[-124.1696,46.9407],[-124.1771,46.8162],[-124.1307,46.6686],[-124.1586,46.3505],[-123.8821,46.2956],[-123.7871,46.2985],[-123.8151,46.2551],[-123.9093,46.2464],[-124.0542,46.2898],[-124.0522,46.2638],[-124.0384,46.2175],[-124.0173,46.1337],[-124.0037,46.05],[-124.0743,46.0153],[-124.0279,45.9402],[-124.0638,45.8363],[-123.9947,45.7641],[-124.0034,45.6836],[-124.0445,45.3332],[-124.0717,45.0479],[-124.1405,44.7891],[-124.2305,44.451],[-124.3313,44.072],[-124.3017,43.9236],[-124.1373,43.666],[-124.3017,43.3433],[-124.4828,43.2527],[-124.5868,43.1429],[-124.6297,43.014],[-124.5607,42.602],[-124.3059,42.0548],[-124.2494,41.9335],[-124.1526,41.5802],[-124.1791,41.1946],[-124.2539,41.034],[-124.3672,40.7513],[-124.4119,40.4689],[-124.3648,40.3343],[-124.3284,40.2957],[-120.7106,40.9224]]]},"properties":{"NAME":"Coqs","SUBJECTO":"Coqs","PARTOF":"Coqs","BORDERPRECISION":1,"LINK":null}},
{"type":"Feature","geometry":{"type":"Polygon","coordinates":[[[-104.5526,45.0717],[-104.3488,45.2104],[-104.6977,46.1697],[-104.537,47.134],[-103.9945,47.6363],[-106.2849,47.9176],[-107.8118,47.1943],[-110.1624,46.7925],[-111.5487,45.5067],[-110.9628,45.0671],[-110.2791,44.7481],[-109.0257,44.4898],[-107.7495,44.0416],[-107.1798,43.958],[-106.8227,43.7149],[-105.977,43.3121],[-105.4362,43.7539],[-105.1163,44.4318],[-104.903,44.7137],[-104.5526,45.0717]]]},"properties":{"NAME":"Crow","SUBJECTO":"Crow","PARTOF":"Crow","BORDERPRECISION":1,"LINK":null}},
{"type":"Feature","geometry":{"type":"Polygon","coordinates":[[[-105.977,43.3121],[-105.4286,42.9007],[-104.8344,42.238],[-104.1641,41.9714],[-103.4785,42.6113],[-102.9529,42.9845],[-102.8844,43.2664],[-102.5035,43.7463],[-102.2293,44.1652],[-102.3131,44.4852],[-102.7549,44.8965],[-103.2196,45.1936],[-103.6995,45.3002],[-104.225,45.2393],[-104.5526,45.0717],[-104.903,44.7137],[-105.1163,44.4318],[-105.4362,43.7539],[-105.977,43.3121]]]},"properties":{"NAME":"Cheyenne","SUBJECTO":"Cheyenne","PARTOF":"Cheyenne","BORDERPRECISION":1,"LINK":null}},
{"type":"Feature","geometry":{"type":"Polygon","coordinates":[[[-117.8521,46.3474],[-117.5705,46.0236],[-117.7113,45.6364],[-117.3945,44.7915],[-116.3948,44.6789],[-114.2052,45.5308],[-114.4657,45.9954],[-114.4727,46.3686],[-115.0571,46.6784],[-116.0427,46.6643],[-116.6271,46.8684],[-117.134,46.7699],[-117.3171,46.4108],[-117.8521,46.3474]]]},"properties":{"NAME":"Nez Perce","SUBJECTO":"Nez Perce","PARTOF":"Nez Perce","BORDERPRECISION":1,"LINK":null}},
{"type":"Feature","geometry":{"type":"Polygon","coordinates":[[[-82.5187,29.976],[-86.004,35.2289],[-95.4069,35.2963],[-95.2518,33.7279],[-94.8618,29.7831],[-94.8574,29.7839],[-94.7969,29.5634],[-94.6021,29.5492],[-94.4258,29.5427],[-94.1415,29.69],[-94.0606,29.6991],[-93.4455,29.7678],[-93.0422,29.6923],[-92.6433,29.5787],[-92.4574,29.5656],[-92.1167,29.5416],[-91.9783,29.6254],[-92.2278,29.8021],[-91.951,29.832],[-91.429,29.5431],[-91.2404,29.3209],[-90,29.1087],[-90,29.119],[-90,29.1416],[-90,29.2223],[-90,29.2395],[-90,29.3044],[-90,29.3257],[-90,29.3737],[-90,29.5014],[-89.9779,29.4062],[-89.6223,29.2843],[-89.4982,29.0957],[-89.2715,29.058],[-89.0315,29.119],[-89.189,29.2692],[-89.2917,29.367],[-89.5589,29.4325],[-89.677,29.5912],[-89.686,29.7057],[-89.38,29.8734],[-89.6843,30.0904],[-89.8667,30.1317],[-90,30.0387],[-90,30.142],[-90,30.3797],[-90,30.3859],[-90,30.39],[-89.7107,30.1834],[-89.5355,30.2083],[-89.2328,30.406],[-88.6352,30.3882],[-88.3429,30.3888],[-88.1418,30.328],[-88.0346,30.6794],[-87.7746,30.2628],[-87.6922,30.263],[-87.404,30.3074],[-87.383,30.4416],[-87.0891,30.359],[-86.6155,30.4107],[-86.3887,30.4727],[-86.2896,30.3676],[-86.0576,30.2346],[-85.7192,30.2035],[-85.6003,30.1529],[-85.4867,30.0387],[-85.4276,29.7597],[-85.3048,29.6639],[-84.7638,29.7986],[-84.5587,29.9579],[-84.3174,30.092],[-84.1238,30.1242],[-83.8862,30.0483],[-83.4924,29.6868],[-83.414,29.5936],[-82.5187,29.976]]]},"properties":{"NAME":"Natchez","SUBJECTO":"Natchez","PARTOF":"Natchez","BORDERPRECISION":1,"LINK":null}},
{"type":"Feature","geometry":{"type":"MultiPolygon","coordinates":[[[[-77.4594,34.4976],[-77.2959,34.6666],[-76.6218,34.763],[-76.5042,34.7955],[-76.4984,34.8339],[-76.3058,34.9788],[-76.3275,35.0143],[-76.4253,35.0321],[-76.4431,35.112],[-76.4927,35.0202],[-76.6242,35.0321],[-76.7599,34.9551],[-76.9535,35.0291],[-77.0626,35.2068],[-76.8462,35.038],[-76.7787,35.038],[-76.6525,35.1002],[-76.567,35.2127],[-76.6781,35.2156],[-76.4995,35.2808],[-76.4843,35.3341],[-76.8594,35.4852],[-76.9805,35.497],[-77.0533,35.58],[-76.8572,35.5118],[-76.6152,35.4556],[-76.5815,35.4615],[-76.6448,35.5711],[-76.5769,35.5774],[-76.5158,35.4674],[-76.4495,35.4378],[-76.3583,35.4082],[-76.141,35.3845],[-76.0268,35.4733],[-75.8842,35.6866],[-75.8559,35.6422],[-75.7828,35.6362],[-75.7082,35.7488],[-75.7292,35.8821],[-75.8488,36.0214],[-75.9298,35.974],[-75.9906,35.8081],[-76.0321,35.6925],[-76.095,35.7221],[-76.0625,35.888],[-76.0117,35.974],[-76.0677,36.048],[-76.3247,35.9829],[-76.7269,35.9918],[-76.6788,36.0629],[-76.7311,36.1577],[-76.7509,36.2614],[-76.7098,36.3533],[-76.6734,36.3296],[-76.7107,36.2584],[-76.7,36.1607],[-76.587,36.0658],[-76.5092,36.0569],[-76.3404,36.1518],[-76.4417,36.2436],[-76.2048,36.1518],[-76.0937,36.2051],[-76.2132,36.3414],[-76.1862,36.3681],[-75.9525,36.2318],[-75.9532,36.3325],[-75.8581,36.1607],[-75.7933,36.1369],[-75.896,36.3977],[-75.9606,36.4422],[-76.0383,36.5696],[-75.907,36.54],[-75.922,36.6289],[-75.9828,36.6289],[-75.9575,36.7682],[-75.8912,36.6437],[-75.7295,36.1162],[-75.7033,36.0569],[-75.5852,35.8999],[-75.5221,35.8584],[-75.7238,36.2199],[-75.9065,36.7653],[-75.9746,36.9372],[-76.3112,36.9906],[-76.3254,36.9372],[-76.5244,36.9224],[-76.5032,37.0291],[-76.723,37.2011],[-76.921,37.2664],[-76.9419,37.2864],[-76.8523,37.3583],[-76.6388,37.2693],[-76.4173,37.0291],[-76.2831,37.0558],[-76.2909,37.1952],[-76.3771,37.2901],[-76.4591,37.2782],[-76.5982,37.3494],[-76.7868,37.5629],[-76.7766,37.5748],[-76.4815,37.3227],[-76.3841,37.3316],[-76.431,37.4265],[-76.3992,37.4591],[-76.2585,37.3731],[-76.2433,37.4858],[-76.2705,37.5125],[-76.2504,37.5481],[-76.3956,37.5837],[-76.2843,37.6252],[-76.5661,37.7023],[-76.885,38.0672],[-76.4162,37.7053],[-76.3142,37.732],[-76.2152,37.9426],[-76.2864,38.0019],[-76.5356,38.0761],[-76.5143,38.1177],[-76.9435,38.2512],[-77.0344,38.3639],[-77.2401,38.3847],[-77.3318,38.4886],[-77.2464,38.6993],[-77.0537,38.7349],[-77.2459,38.5895],[-77.2525,38.4589],[-77.104,38.4767],[-76.8605,38.3313],[-76.8903,38.4441],[-76.8205,38.4203],[-76.7675,38.2927],[-76.6079,38.2898],[-76.324,38.1088],[-76.3835,38.3372],[-76.5731,38.4441],[-76.6517,38.542],[-76.6633,38.634],[-76.6181,38.539],[-76.4083,38.3966],[-76.3838,38.4589],[-76.5063,38.6785],[-76.5379,38.7854],[-76.4055,39.0852],[-76.5866,39.3109],[-76.3852,39.2752],[-76.3389,39.4623],[-76.2952,39.4326],[-76.2724,39.3613],[-76.236,39.3999],[-76.2591,39.5009],[-76.2172,39.5247],[-76.2014,39.4237],[-76.0595,39.5098],[-76.109,39.5455],[-76.066,39.6049],[-75.9401,39.6464],[-76.0057,39.4623],[-75.8581,39.4356],[-76.1515,39.3673],[-76.2601,39.201],[-76.1887,39.1743],[-76.0626,39.1951],[-76.1495,39.0674],[-76.301,39.0763],[-76.3439,39.0258],[-76.3146,38.9754],[-76.1556,38.9457],[-76.1117,38.8448],[-76.1706,38.818],[-76.2651,38.8893],[-76.3052,38.8804],[-76.3535,38.7349],[-76.321,38.7349],[-76.2793,38.8091],[-76.0076,38.6667],[-76.0053,38.6399],[-76.1663,38.6162],[-76.3261,38.539],[-76.2227,38.361],[-76.1519,38.3847],[-76.0435,38.2927],[-75.8459,38.4263],[-75.8114,38.2779],[-75.9203,38.2601],[-75.9259,38.174],[-75.8465,38.1325],[-75.7484,38.1503],[-75.85,37.9782],[-75.6817,38.0316],[-75.64,38.0049],[-75.6675,37.8981],[-75.7784,37.8447],[-75.8661,37.7142],[-76.0199,37.3257],[-75.9581,37.207],[-75.8566,37.2248],[-75.8685,37.2812],[-75.7001,37.6074],[-75.652,37.5511],[-75.5934,37.6104],[-75.6087,37.6341],[-75.4308,37.993],[-75.2115,38.2927],[-75.1554,38.2868],[-75.0874,38.3907],[-75.0421,38.4975],[-75.0887,38.8418],[-75.2149,38.8715],[-75.3888,39.1327],[-75.4038,39.293],[-75.6238,39.6732],[-75.461,39.8395],[-75.3395,39.893],[-75.4073,39.7831],[-75.5491,39.6672],[-75.4011,39.4237],[-75.3344,39.3999],[-75.1332,39.2455],[-74.94,39.2515],[-74.8892,39.1713],[-74.969,39.0318],[-74.9353,38.9783],[-74.8601,38.9902],[-74.7285,39.1268],[-74.5206,39.3524],[-74.4139,39.4178],[-74.3862,39.5009],[-74.4056,39.6138],[-74.2889,39.5722],[-74.1528,39.7652],[-73.9457,40.4468],[-74.1945,40.4885],[-74.2929,40.6316],[-74.1101,40.7628],[-74.0744,40.727],[-73.89,41.1744],[-73.8581,41.1863],[-73.8687,41.1386],[-74.0072,40.7986],[-73.993,40.7807],[-73.928,40.8582],[-73.784,40.882],[-73.7405,40.9775],[-73.3865,41.1386],[-73.2505,41.1782],[-76.9405,43.2371],[-77.0297,43.238],[-77.2374,43.2664],[-77.3893,43.2696],[-77.4855,43.2475],[-77.53,43.221],[-77.523,43.1902],[-77.5795,43.2164],[-77.6998,43.2996],[-77.8458,43.3498],[-78.0175,43.3669],[-78.2367,43.371],[-78.5034,43.362],[-78.5501,43.354],[-79.8402,42.8286],[-79.637,42.8531],[-79.3568,42.8661],[-79.1825,42.8456],[-79.047,42.8524],[-78.9502,42.8865],[-78.8929,42.8705],[-78.8749,42.8043],[-78.9768,42.7044],[-79.1984,42.5707],[-79.5639,42.387],[-80.0734,42.1534],[-80.5664,41.9698],[-81.0429,41.8361],[-81.3968,41.699],[-81.628,41.5582],[-81.8108,41.4948],[-81.9452,41.5088],[-82.1308,41.482],[-82.3677,41.4145],[-82.4679,41.4095],[-80.261,38.7745],[-79.2323,39.3622],[-77.4594,34.4976]]],[[[-80.4652,42.5741],[-80.4064,42.5687],[-80.0876,42.543],[-80.0577,42.5471],[-80.1458,42.5654],[-80.3517,42.5979],[-80.3644,42.6151],[-80.4652,42.5741]]]]},"properties":{"NAME":"Delaware","SUBJECTO":"Delaware","PARTOF":"Delaware","BORDERPRECISION":1,"LINK":null}},
{"type":"Feature","geometry":{"type":"Polygon","coordinates":[[[-101.2281,28.3031],[-95.3765,28.9602],[-95.2392,29.0583],[-94.8446,29.3463],[-95.0577,29.6754],[-95.007,29.7582],[-94.8618,29.7831],[-95.2518,33.7279],[-96.5098,33.6333],[-99.4371,33.4132],[-103.0037,33.1451],[-102.9833,32.9195],[-102.963,32.6953],[-102.3339,32.3254],[-101.0704,31.5824],[-101.0739,31.5095],[-101.0827,31.3263],[-101.1651,29.6139],[-101.2281,28.3031]]]},"properties":{"NAME":"Comanche","SUBJECTO":"Comanche","PARTOF":"Comanche","BORDERPRECISION":1,"LINK":null}},
{"type":"Feature","geometry":{"type":"MultiPolygon","coordinates":[[[[-73.2505,41.1782],[-72.8544,41.2937],[-72.0922,41.3654],[-71.4492,41.4251],[-71.4098,41.7236],[-71.373,41.8371],[-71.3036,41.7714],[-71.1044,41.8252],[-71.1936,41.6758],[-71.1732,41.5265],[-71.0409,41.5445],[-70.9671,41.5624],[-70.8955,41.6818],[-70.8479,41.634],[-70.8346,41.6758],[-70.7608,41.6938],[-70.7116,41.7953],[-70.6562,41.7654],[-70.6416,41.5922],[-69.922,41.7236],[-69.9358,41.9148],[-70.0341,42.0761],[-70.1378,42.1359],[-70.226,42.1359],[-70.2218,42.106],[-70.1782,42.088],[-70.0641,41.9626],[-70.0008,41.9506],[-69.991,41.867],[-70.3021,41.7594],[-70.4816,41.8072],[-70.5062,41.9865],[-70.7759,42.3032],[-70.9026,42.3451],[-71.0544,42.357],[-71.0238,42.4288],[-70.8475,42.5603],[-70.8715,42.6022],[-70.6252,42.6501],[-70.5702,42.7159],[-70.6463,42.7218],[-70.6837,42.686],[-70.7594,42.7099],[-70.7902,42.8056],[-70.8681,42.8714],[-70.6863,43.0989],[-70.5363,43.4042],[-70.3782,43.4521],[-70.3059,43.6199],[-70.1873,43.6378],[-70.2165,43.7996],[-69.922,43.9135],[-69.9693,43.8116],[-69.8261,43.7517],[-69.6797,43.8835],[-69.7537,43.9554],[-69.6075,44.0694],[-69.6623,43.9315],[-69.5066,43.8955],[-69.3945,44.0933],[-69.2489,43.9914],[-69.0947,44.1413],[-68.9455,44.3932],[-68.7817,44.6272],[-68.7146,44.6092],[-68.8041,44.3932],[-68.5043,44.2972],[-68.5583,44.4832],[-68.4666,44.4412],[-68.131,44.5672],[-68.0524,44.4112],[-67.985,44.4832],[-67.908,44.4772],[-67.8627,44.6032],[-67.7382,44.6632],[-67.6341,44.6272],[-67.5996,44.5792],[-67.5373,44.6092],[-67.5317,44.7232],[-67.3978,44.6692],[-67.1689,44.7112],[-66.9389,44.8793],[-67.0158,44.9213],[-67.1503,44.9033],[-67.0298,45.0295],[-67.1868,45.2523],[-67.0159,45.1439],[-66.9603,45.2102],[-66.8311,45.2034],[-67.8801,46.1951],[-70.0158,46.1713],[-70.715,45.7016],[-71.7382,45.0143],[-75.045,44.868],[-76.4622,44.2454],[-76.463,44.2435],[-76.3571,44.2601],[-76.1308,44.3273],[-76.017,44.3359],[-76.0154,44.2859],[-76.1035,44.2218],[-76.2811,44.1435],[-76.3478,44.0685],[-76.3035,43.9969],[-76.2624,43.9909],[-76.2245,44.0505],[-76.182,44.0718],[-76.1349,44.0547],[-76.1336,44.0267],[-76.1781,43.9877],[-76.1898,43.9661],[-76.1688,43.9617],[-76.1357,43.9739],[-76.0906,44.0026],[-76.0624,44.014],[-76.051,44.008],[-76.0854,43.9661],[-76.1655,43.8882],[-76.2189,43.8574],[-76.2455,43.8737],[-76.2689,43.8712],[-76.289,43.8498],[-76.2634,43.7932],[-76.192,43.7013],[-76.1739,43.6252],[-76.2092,43.5647],[-76.2743,43.5312],[-76.3693,43.5247],[-76.519,43.4593],[-76.7236,43.3348],[-76.8625,43.2737],[-76.9357,43.2758],[-76.9607,43.2636],[-76.9375,43.237],[-76.9405,43.2371],[-73.2505,41.1782]]],[[[-76.9111,44.0482],[-77.2778,43.8871],[-77.2696,43.8786],[-77.2231,43.8513],[-77.1754,43.8433],[-77.0786,43.8628],[-76.9328,43.9097],[-76.8967,43.9355],[-76.9704,43.9402],[-77.0138,43.9353],[-77.0268,43.9209],[-77.0358,43.9129],[-77.041,43.911],[-77.0456,43.9124],[-77.0497,43.9168],[-76.9996,43.9669],[-76.9111,44.0482]]]]},"properties":{"NAME":"Iroquois","SUBJECTO":"Iroquois","PARTOF":"Iroquois","BORDERPRECISION":1,"LINK":null}},
{"type":"Feature","geometry":{"type":"Polygon","coordinates":[[[-115.7705,35.5224],[-118.8423,38.8801],[-120.7106,40.9224],[-124.3284,40.2957],[-124.0328,39.9824],[-123.9339,39.8228],[-123.8197,39.6074],[-123.8921,39.4138],[-123.7449,39.076],[-123.7963,39.0304],[-123.741,38.9668],[-123.4605,38.7041],[-123.2216,38.5334],[-123.052,38.3019],[-122.9908,38.1388],[-122.7586,37.9568],[-122.705,37.9757],[-122.5731,37.8885],[-122.5314,37.8961],[-122.553,38.0971],[-122.5483,38.1616],[-122.4898,38.1645],[-122.4668,38.0099],[-122.3838,37.9606],[-122.3746,37.8544],[-122.2926,37.7899],[-122.1192,37.5359],[-122.2106,37.5435],[-122.2629,37.5965],[-122.3909,37.6534],[-122.4601,37.7444],[-122.4212,37.7899],[-122.4541,37.8241],[-122.4987,37.8544],[-122.5521,37.843],[-122.5781,37.7748],[-122.5581,37.5662],[-122.5,37.5359],[-122.4591,37.3956],[-122.4941,37.3008],[-122.2533,37.0696],[-122.1172,37.0128],[-122.0184,37.0293],[-121.9321,37.009],[-121.8383,36.8957],[-121.8515,36.749],[-121.9179,36.6755],[-121.998,36.6785],[-121.9972,36.5764],[-121.9268,36.3383],[-121.7429,36.2398],[-121.6517,36.0996],[-121.5611,36.0655],[-121.3852,35.7853],[-121.1985,35.6868],[-121.0841,35.5581],[-120.9277,35.4747],[-120.9148,35.3763],[-120.9486,35.3347],[-120.9486,35.2892],[-120.8368,35.2287],[-120.7796,35.2324],[-120.6773,35.1893],[-120.7372,34.9807],[-120.6663,34.754],[-120.7084,34.7011],[-120.6879,34.6217],[-120.5825,34.5915],[-120.5287,34.5083],[-120.2044,34.531],[-119.7849,34.4592],[-119.6128,34.4781],[-119.4202,34.3685],[-119.2915,34.2211],[-118.8724,34.07],[-118.7317,34.1078],[-118.6044,34.0964],[-118.502,33.983],[-118.4691,33.8924],[-118.5031,33.8583],[-118.4377,33.7942],[-118.3927,33.7752],[-118.3527,33.7865],[-118.3537,33.8281],[-118.2884,33.8432],[-118.2371,33.82],[-118.0066,33.7315],[-117.7093,33.5285],[-117.4967,33.3254],[-117.3481,33.0534],[-117.3491,32.7549],[-117.3312,32.7133],[-117.3184,32.736],[-117.3041,32.7549],[-117.2821,32.7246],[-117.193,32.5628],[-117.1737,32.5206],[-117.0746,32.3023],[-116.9603,32.1563],[-116.6107,31.8771],[-116.7061,31.7052],[-116.7047,31.5907],[-116.5095,31.2732],[-116.2293,30.943],[-116.1378,30.7651],[-116.1258,30.4981],[-116.0584,30.3392],[-115.8571,30.2824],[-115.8161,30.2125],[-115.6937,29.9203],[-115.6023,29.6852],[-115.4214,29.5329],[-114.9778,29.3113],[-114.4829,28.9117],[-114.2732,28.7086],[-114.0673,28.4229],[-114.0627,28.3402],[-114.1047,28.054],[-114.2144,27.9075],[-114.4792,27.7798],[-114.7489,27.7856],[-115.0546,27.8532],[-114.944,27.739],[-114.8813,27.6819],[-114.4779,27.2439],[-114.1533,27.1047],[-113.5853,26.7689],[-113.4221,26.7438],[-113.285,26.8077],[-112.9812,26.5031],[-112.7558,26.3637],[-112.558,26.3196],[-112.411,26.1928],[-112.3038,26.0213],[-112.0843,25.5704],[-112.0685,25.4559],[-112.1658,25.0107],[-112.0928,24.89],[-111.9057,24.687],[-111.3915,24.243],[-111.0159,24.0149],[-110.7837,23.7993],[-110.5024,23.66],[-110.2247,23.3999],[-110.1166,23.0696],[-110.0036,22.8854],[-109.8892,22.8666],[-109.5783,23.1343],[-109.5169,23.1916],[-109.4289,23.4334],[-109.4886,23.5731],[-109.6152,23.5792],[-109.8242,23.6932],[-109.9403,23.9536],[-110.2049,24.3155],[-110.3105,24.2262],[-110.4852,24.1496],[-110.6557,24.2192],[-110.7724,24.3778],[-110.7664,24.6131],[-110.7976,24.88],[-111.0898,25.4199],[-111.3287,25.8962],[-111.4835,26.5572],[-111.5938,26.7604],[-111.6941,26.6966],[-111.9149,26.6644],[-112.1151,27.02],[-112.1873,27.3123],[-112.2841,27.5093],[-112.3438,27.5346],[-112.5671,27.5595],[-112.6778,27.6292],[-112.7236,27.7055],[-112.8699,28.3347],[-112.9764,28.4107],[-113.1241,28.4295],[-113.3219,28.5563],[-113.5929,29.1026],[-113.8291,29.401],[-114.0996,29.6421],[-114.3887,29.7623],[-114.453,29.8385],[-114.6828,30.1432],[-114.7224,30.3721],[-114.7347,30.8427],[-114.8535,30.976],[-114.9727,31.1284],[-114.9875,31.1665],[-114.9671,31.3637],[-114.8387,31.8155],[-114.3397,31.5897],[-116.6322,35.3957],[-115.7705,35.5224]]]},"properties":{"NAME":"Pomo","SUBJECTO":"Pomo","PARTOF":"Pomo","BORDERPRECISION":1,"LINK":null}},
{"type":"Feature","geometry":{"type":"Polygon","coordinates":[[[-138.7511,62.4246],[-144.1738,63.3338],[-150.1376,61.2444],[-149.8744,61.139],[-149.3169,60.9294],[-149.4247,60.8591],[-149.9128,60.9143],[-150.4372,60.9063],[-150.8284,60.8004],[-151.1596,60.6597],[-151.2304,60.4706],[-151.415,60.2537],[-151.783,59.995],[-151.7847,59.9463],[-151.4899,59.711],[-151.448,59.5379],[-151.7723,59.3573],[-151.8007,59.3019],[-151.881,59.1635],[-151.388,59.2128],[-150.9223,59.4142],[-150.501,59.6158],[-150.0211,59.7138],[-149.5812,59.9852],[-149.3256,60.0275],[-149.0619,60.0001],[-148.6999,59.9036],[-148.4935,59.904],[-148.3009,60.1061],[-148.2575,60.2806],[-148.3361,60.4132],[-148.8397,60.5451],[-148.7278,60.7273],[-148.5527,60.8397],[-148.4659,60.8679],[-148.4926,61.0643],[-148.189,61.1],[-147.9401,61.2059],[-147.638,61.0519],[-147.2701,60.9403],[-146.5783,60.8365],[-146.1859,60.7251],[-145.9984,60.6624],[-145.8932,60.5157],[-145.4927,60.3836],[-145.1384,60.4542],[-145.0029,60.5524],[-144.8108,60.3151],[-144.5179,60.1412],[-144.4064,60.0926],[-144.053,60.0514],[-143.0837,60.0742],[-142.4246,60.0197],[-141.9585,60.0415],[-141.7471,60.1325],[-141.5855,60.1398],[-141.4394,60.0912],[-141.3729,60.0077],[-141.3852,59.8966],[-140.9045,59.7865],[-140.4284,59.7597],[-140.1329,59.7672],[-139.9289,59.8299],[-139.5726,59.9],[-139.3998,59.8309],[-139.3066,59.7063],[-139.3674,59.63],[-139.7851,59.5184],[-139.2001,59.2773],[-138.7802,59.1814],[-138.7445,59.1814],[-138.4457,59.1619],[-138.2012,59.0305],[-137.5767,58.6042],[-137.085,58.4468],[-136.3561,58.5239],[-136.3703,58.6202],[-136.9388,58.9432],[-136.3901,58.8408],[-136.1484,58.9033],[-135.9684,58.6968],[-135.7383,58.47],[-135.6159,58.4358],[-135.3003,58.3745],[-135.2791,58.4433],[-135.3257,58.5809],[-135.5148,58.9735],[-135.4695,59.3397],[-135.3086,59.347],[-135.1438,59.1675],[-135.0459,58.9054],[-134.8303,58.5612],[-134.3801,58.3762],[-134.1235,58.2392],[-134.0166,58.1226],[-133.8404,57.9994],[-133.6403,57.9654],[-133.5048,57.8971],[-133.4741,57.8423],[-133.6413,57.7391],[-133.5969,57.6433],[-133.3408,57.3768],[-133.4004,57.2195],[-133.1967,57.1584],[-132.8713,57.0156],[-132.5593,56.7025],[-132.2711,56.5055],[-132.101,56.3494],[-132.1838,56.2541],[-132.2792,56.1316],[-132.264,55.9372],[-132.2556,55.85],[-132.0325,55.8935],[-131.9636,55.9661],[-131.767,56.01],[-131.1905,56.0348],[-131.101,55.9129],[-130.8924,55.7692],[-130.8674,55.7307],[-128.7045,60.74],[-138.7511,62.4246]]]},"properties":{"NAME":"Tlinoit","SUBJECTO":"Tlinoit","PARTOF":"Tlinoit","BORDERPRECISION":1,"LINK":null}},
{"type":"Feature","geometry":{"type":"Polygon","coordinates":[[[-67.354,48.8459],[-67.7813,48.7241],[-68.3413,48.5465],[-69.2539,48.1201],[-69.7475,47.7667],[-70.2241,47.342],[-70.5337,47.1265],[-70.7023,47.0675],[-71.0392,46.7359],[-70.8061,47.1715],[-70.5988,47.4325],[-70.4108,47.5567],[-70.1923,47.8115],[-69.8017,48.1908],[-69.6533,48.2956],[-69.5071,48.4592],[-69.2228,48.6781],[-81.1731,50.0324],[-81.2702,49.7388],[-81.9198,47.775],[-70.715,45.7016],[-70.0158,46.1713],[-67.8801,46.1951],[-66.8311,45.2034],[-66.502,45.1861],[-66.4352,45.133],[-67.354,48.8459]]]},"properties":{"NAME":"Algonquin","SUBJECTO":"Algonquin","PARTOF":"Algonquin","BORDERPRECISION":1,"LINK":null}},
{"type":"Feature","geometry":{"type":"Polygon","coordinates":[[[-78.5501,43.354],[-78.8208,43.308],[-79.1891,43.2089],[-79.4775,43.1948],[-79.6861,43.2657],[-79.7925,43.3001],[-79.7967,43.2979],[-79.7944,43.2898],[-79.7857,43.2758],[-79.7831,43.2673],[-79.7866,43.2644],[-79.8226,43.2651],[-79.8911,43.2695],[-79.8961,43.2824],[-79.8377,43.3038],[-79.8068,43.3101],[-79.8033,43.3013],[-79.799,43.2982],[-79.7937,43.3006],[-79.743,43.3648],[-79.6469,43.4908],[-79.5301,43.5697],[-79.3924,43.6014],[-79.2667,43.669],[-79.1529,43.7724],[-78.7384,43.8777],[-78.0231,43.9847],[-77.6228,44.0102],[-77.5375,43.9542],[-77.4434,43.9344],[-77.3405,43.9509],[-77.2895,43.956],[-77.2904,43.9497],[-77.2937,43.9447],[-77.2992,43.9411],[-77.288,43.9445],[-77.2599,43.955],[-77.2529,43.9478],[-77.2669,43.923],[-77.2845,43.9173],[-77.3057,43.9308],[-77.3109,43.9403],[-77.3003,43.9459],[-77.3056,43.9487],[-77.327,43.9486],[-77.315,43.9253],[-77.2778,43.8871],[-76.9111,44.0482],[-76.8954,44.0626],[-76.8808,44.0927],[-76.9557,44.0571],[-77.0223,44.0402],[-77.0804,44.0419],[-77.1162,44.0343],[-77.1298,44.0172],[-77.1191,44.05],[-77.0844,44.1325],[-77.1274,44.1488],[-77.2484,44.0989],[-77.3098,44.0926],[-77.3118,44.13],[-77.3852,44.128],[-77.5301,44.0865],[-77.5398,44.0906],[-77.4144,44.14],[-77.3115,44.1629],[-77.2309,44.1592],[-77.152,44.168],[-77.0749,44.1893],[-77.0248,44.1998],[-77.0018,44.1995],[-76.9848,44.2085],[-76.9738,44.2269],[-76.9625,44.2396],[-76.951,44.2465],[-76.9758,44.2138],[-77.0372,44.1414],[-77.0341,44.1293],[-76.9667,44.1776],[-76.9325,44.1951],[-76.9316,44.1816],[-76.9198,44.1749],[-76.8972,44.1749],[-76.8855,44.1695],[-76.8848,44.1588],[-76.9327,44.1359],[-77.0292,44.1008],[-77.0633,44.0751],[-77.0349,44.0589],[-76.8758,44.1117],[-76.5862,44.2335],[-76.4486,44.2774],[-76.4622,44.2454],[-75.045,44.868],[-71.7382,45.0143],[-70.715,45.7016],[-81.9198,47.775],[-81.2702,49.7388],[-83.271,50.2316],[-83.7608,49.0151],[-84.6108,46.9037],[-84.6047,46.9029],[-84.5824,46.9307],[-84.519,46.9312],[-84.4146,46.9043],[-84.3724,46.8724],[-84.3925,46.8354],[-84.4422,46.817],[-84.5215,46.8171],[-84.5624,46.7852],[-84.5648,46.7214],[-84.5451,46.7076],[-84.503,46.7438],[-84.4668,46.7441],[-84.4362,46.7084],[-84.4657,46.6548],[-84.5552,46.5833],[-84.564,46.5233],[-84.4922,46.475],[-84.6,46.4597],[-84.785,46.471],[-84.9828,45.9796],[-84.9484,45.9678],[-84.8177,45.882],[-84.763,45.8167],[-84.7843,45.7719],[-84.8496,45.7532],[-84.9586,45.7605],[-84.9957,45.7508],[-84.9608,45.7241],[-84.9872,45.678],[-85.0746,45.6124],[-85.1044,45.5474],[-85.0765,45.4831],[-85.0257,45.4367],[-84.9519,45.4082],[-85.0269,45.3673],[-85.2506,45.3141],[-85.2508,45.3139],[-85.5047,44.6833],[-82.5226,41.945],[-82.4842,41.9601],[-82.4345,42.0608],[-82.2844,42.1472],[-82.0341,42.2194],[-81.9005,42.2753],[-81.8836,42.315],[-81.883,42.316],[-81.8985,42.2785],[-81.8922,42.2589],[-81.864,42.2571],[-81.8384,42.2903],[-81.8153,42.3585],[-81.6823,42.4574],[-81.4395,42.5871],[-81.0142,42.6242],[-80.4652,42.5741],[-80.3644,42.6151],[-80.395,42.6565],[-80.2756,42.7411],[-80.0229,42.8066],[-79.8402,42.8286],[-78.5501,43.354]],[[-84.1272,45.9508],[-83.9716,45.9505],[-83.9273,45.9614],[-83.9147,45.9909],[-83.9339,46.039],[-83.9274,46.0867],[-83.8953,46.1342],[-83.8627,46.1508],[-83.8297,46.1366],[-83.8066,46.1719],[-83.7936,46.257],[-83.6136,46.266],[-83.2666,46.199],[-82.9765,46.1765],[-82.7433,46.1985],[-82.6463,46.1989],[-82.6856,46.1777],[-82.4596,46.1525],[-81.9684,46.1235],[-81.7402,46.0978],[-81.775,46.0756],[-81.7883,46.0525],[-81.7802,46.0286],[-81.8215,46.0241],[-81.9122,46.0389],[-81.9207,46.0278],[-81.8469,45.9908],[-81.773,46.0079],[-81.6989,46.079],[-81.6295,46.101],[-81.5645,46.0737],[-81.5784,46.047],[-81.6712,46.0209],[-81.708,46.0081],[-81.6886,46.0085],[-81.6684,46.0123],[-81.6471,46.0197],[-81.5973,46.0301],[-81.5189,46.0437],[-81.4784,46.0497],[-81.4759,46.0483],[-81.5238,46.0381],[-81.6222,46.0191],[-81.6426,46.0069],[-81.585,46.0016],[-81.5897,45.9864],[-81.6565,45.9613],[-81.686,45.9466],[-81.6781,45.9421],[-81.6342,45.9575],[-81.5544,45.9926],[-81.5109,45.9996],[-81.5038,45.9784],[-81.4809,45.9749],[-81.4421,45.9889],[-81.4182,45.9942],[-81.4091,45.9908],[-81.3938,45.9913],[-81.3725,45.9957],[-81.3334,45.9977],[-81.2767,45.9971],[-81.2449,45.9958],[-81.2379,45.9937],[-81.2748,45.9895],[-81.3556,45.9832],[-81.3673,45.9726],[-81.3098,45.9577],[-81.2495,45.963],[-81.1863,45.9887],[-81.1654,45.9836],[-81.1867,45.9478],[-81.1011,45.9371],[-80.9085,45.9514],[-80.8071,45.9548],[-80.7969,45.9475],[-80.7954,45.9357],[-80.8025,45.9194],[-80.8044,45.9118],[-80.8011,45.9129],[-80.8008,45.9106],[-80.8036,45.9049],[-80.8032,45.9003],[-80.7998,45.8966],[-80.7975,45.8991],[-80.7965,45.9078],[-80.7941,45.9089],[-80.7904,45.9024],[-80.7819,45.9169],[-80.7688,45.9525],[-80.7607,45.9701],[-80.7579,45.9699],[-80.753,45.9507],[-80.7462,45.9127],[-80.7336,45.892],[-80.7152,45.8887],[-80.6964,45.8878],[-80.6773,45.8894],[-80.6623,45.89],[-80.6513,45.8897],[-80.6455,45.8892],[-80.6449,45.8886],[-80.6588,45.8874],[-80.6872,45.8854],[-80.7102,45.885],[-80.7279,45.8861],[-80.735,45.8783],[-80.7315,45.8617],[-80.7177,45.8503],[-80.6935,45.8443],[-80.6668,45.8478],[-80.6374,45.8607],[-80.6194,45.8662],[-80.6127,45.8643],[-80.6266,45.8556],[-80.6612,45.8403],[-80.69,45.8332],[-80.7133,45.8345],[-80.7095,45.8204],[-80.6789,45.7909],[-80.6226,45.7757],[-80.5409,45.7747],[-80.5315,45.772],[-80.5945,45.7677],[-80.6337,45.7571],[-80.6491,45.7405],[-80.6157,45.7048],[-80.5334,45.6502],[-80.4979,45.608],[-80.5089,45.5783],[-80.4899,45.5789],[-80.4408,45.6099],[-80.3974,45.6093],[-80.3596,45.5772],[-80.3549,45.5361],[-80.3831,45.4861],[-80.369,45.4517],[-80.3126,45.4329],[-80.2885,45.4068],[-80.2967,45.3734],[-80.2676,45.3507],[-80.2014,45.3389],[-80.1861,45.3493],[-80.2217,45.3821],[-80.2103,45.4016],[-80.1519,45.4077],[-80.0986,45.3957],[-80.0504,45.3653],[-80.0551,45.3129],[-80.1127,45.2384],[-80.087,45.1771],[-79.978,45.129],[-79.9671,45.1001],[-80.0543,45.0904],[-80.0421,45.0689],[-79.9307,45.0355],[-79.8941,45.0087],[-79.9323,44.9885],[-79.9181,44.9668],[-79.8513,44.9437],[-79.8117,44.9018],[-79.7991,44.8411],[-79.7775,44.806],[-79.7468,44.7964],[-79.7321,44.7985],[-79.7333,44.8122],[-79.7211,44.8215],[-79.6955,44.8263],[-79.6887,44.8308],[-79.7007,44.8349],[-79.7054,44.8369],[-79.7027,44.8367],[-79.7096,44.842],[-79.7262,44.8528],[-79.7375,44.8625],[-79.7436,44.8712],[-79.729,44.8777],[-79.6937,44.882],[-79.6759,44.8668],[-79.6753,44.8321],[-79.687,44.8096],[-79.7109,44.7993],[-79.7056,44.7794],[-79.6713,44.7498],[-79.7133,44.7393],[-79.8315,44.7478],[-79.8893,44.7671],[-79.8865,44.7973],[-79.8969,44.8113],[-79.9203,44.8093],[-79.9338,44.7989],[-79.9373,44.7801],[-79.9416,44.7695],[-79.9467,44.767],[-79.9497,44.7911],[-79.9507,44.8417],[-79.9944,44.8526],[-80.0808,44.8238],[-80.0878,44.774],[-80.0154,44.7031],[-80.0099,44.6184],[-80.0713,44.52],[-80.2243,44.5046],[-80.4689,44.5722],[-80.605,44.635],[-80.6326,44.6929],[-80.6837,44.7175],[-80.7583,44.7087],[-80.8328,44.67],[-80.9072,44.6015],[-80.9343,44.6235],[-80.9139,44.736],[-80.9627,44.7808],[-81.0807,44.7581],[-81.0949,44.7992],[-81.0052,44.9042],[-80.9907,44.9405],[-81.0513,44.9079],[-81.1174,44.9086],[-81.1888,44.9426],[-81.2524,45.0053],[-81.3082,45.0967],[-81.3248,45.1681],[-81.3023,45.2195],[-81.3904,45.248],[-81.5892,45.2538],[-81.698,45.2461],[-81.7168,45.225],[-81.6892,45.2087],[-81.6151,45.1973],[-81.5428,45.1366],[-81.4723,45.0265],[-81.4196,44.9788],[-81.3848,44.9934],[-81.344,44.9049],[-81.297,44.7131],[-81.3546,44.5462],[-81.5167,44.4042],[-81.6381,44.2683],[-81.7186,44.1386],[-81.7522,43.8923],[-81.7387,43.5294],[-81.8079,43.3176],[-81.9598,43.2569],[-82.0699,43.1845],[-82.138,43.1004],[-82.2328,43.044],[-82.3544,43.0154],[-82.4647,43.1954],[-82.5636,43.5841],[-82.6581,43.8396],[-82.7481,43.962],[-82.8356,44.0345],[-82.9207,44.0573],[-83.0735,44.0305],[-83.294,43.9542],[-83.3839,43.9106],[-83.3434,43.8997],[-83.412,43.8178],[-83.5899,43.6651],[-83.7441,43.6207],[-83.8745,43.6845],[-83.917,43.7844],[-83.8716,43.9202],[-83.7814,44.0034],[-83.6465,44.0339],[-83.5686,44.099],[-83.5478,44.1987],[-83.4868,44.2699],[-83.3856,44.3127],[-83.3186,44.429],[-83.2859,44.6188],[-83.2802,44.7561],[-83.3014,44.8406],[-83.3484,44.9134],[-83.4213,44.9744],[-83.4379,45.0229],[-83.398,45.0588],[-83.3687,45.0681],[-83.35,45.0506],[-83.3217,45.0363],[-83.2836,45.0252],[-83.2632,45.0211],[-83.2605,45.0238],[-83.3164,45.1084],[-83.4309,45.275],[-83.6365,45.3917],[-83.9331,45.4586],[-84.1151,45.5278],[-84.1823,45.5995],[-84.3552,45.6738],[-84.6338,45.751],[-84.7468,45.8544],[-84.6942,45.9842],[-84.6328,46.0289],[-84.5627,45.9884],[-84.3941,45.9624],[-84.1272,45.9508]]]},"properties":{"NAME":"Huron","SUBJECTO":"Huron","PARTOF":"Huron","BORDERPRECISION":1,"LINK":null}},
{"type":"Feature","geometry":{"type":"MultiPolygon","coordinates":[[[[-155.9313,20.2837],[-156.0091,20.2631],[-156.0324,20.1959],[-155.9624,20.0789],[-155.9466,19.9892],[-156.1633,19.8084],[-156.0542,19.5035],[-156.0342,19.1057],[-155.7828,18.9455],[-155.6501,19.1367],[-155.482,19.24],[-155.1372,19.3279],[-155.0599,19.4196],[-154.9477,19.4829],[-154.92,19.5552],[-155.0576,19.6224],[-155.1115,19.7515],[-155.2185,19.7722],[-155.2117,19.8962],[-155.4788,20.0874],[-155.7722,20.2129],[-155.9313,20.2837]]],[[[-158.3136,21.5752],[-158.4663,21.5706],[-158.4344,21.452],[-158.2976,21.2765],[-158.1517,21.2993],[-158.0719,21.297],[-158.0218,21.2377],[-157.8964,21.2514],[-157.8416,21.2902],[-157.9465,21.4156],[-158.0468,21.4589],[-158.0947,21.5911],[-158.1791,21.6891],[-158.3136,21.5752]]],[[[-156.1185,20.7901],[-156.3959,20.9502],[-156.5508,20.9747],[-156.7157,21.0691],[-156.78,21.0432],[-156.8225,20.9399],[-156.615,20.7952],[-156.5764,20.6351],[-156.5067,20.5989],[-156.253,20.6299],[-156.1209,20.7126],[-156.1185,20.7901]]]]},"properties":{"NAME":"Polynesians","SUBJECTO":"Polynesians","PARTOF":"Polynesians","BORDERPRECISION":1,"LINK":null}},
{"type":"Feature","geometry":{"type":"Polygon","coordinates":[[[-53.115,48.5239],[-53.1239,48.5958],[-53.249,48.6478],[-53.4578,48.5886],[-53.6455,48.5163],[-53.7626,48.5226],[-53.9768,48.6856],[-54.1296,48.8357],[-53.8108,49.0457],[-53.6429,49.1507],[-53.5091,49.2819],[-53.7862,49.3862],[-54.1579,49.4771],[-54.4811,49.5027],[-54.6199,49.4763],[-54.7662,49.2926],[-55.1073,49.2788],[-55.7476,49.533],[-55.8508,49.5656],[-55.9684,49.6571],[-55.5654,49.9661],[-56.0671,50.1033],[-56.2731,50.0173],[-56.4904,49.7676],[-56.6831,49.6885],[-56.7326,49.6884],[-56.7836,49.8194],[-56.6615,50.0561],[-56.11,50.7032],[-55.7703,51.0541],[-55.9274,51.2522],[-55.8185,51.3119],[-55.5565,51.3257],[-55.422,51.4252],[-55.4716,51.5245],[-55.5608,51.5574],[-56.1524,51.4701],[-56.3755,51.3836],[-56.7015,51.1845],[-57.3556,50.5952],[-57.8601,49.9879],[-58.0923,49.594],[-58.1277,49.4956],[-57.8142,49.2015],[-57.974,49.0834],[-58.1056,49.0831],[-58.2311,49.1091],[-58.392,49.0368],[-58.6805,48.7026],[-58.1395,48.5991],[-58.4257,48.4482],[-58.6518,48.3759],[-58.982,48.1924],[-59.2345,48.0417],[-59.3185,47.9633],[-59.2217,47.7547],[-59.1566,47.6701],[-58.7004,47.7362],[-58.0905,47.7634],[-57.6354,47.7252],[-57.123,47.6414],[-56.8037,47.616],[-56.3301,47.6365],[-56.1456,47.7346],[-56.0789,47.8652],[-55.7385,47.8724],[-55.7561,47.6506],[-55.6977,47.5791],[-55.5127,47.5859],[-55.3675,47.7949],[-55.0971,47.7693],[-54.7826,47.7112],[-55.067,47.5477],[-55.2767,47.3127],[-55.8296,47.1293],[-55.9039,47.064],[-55.8042,46.9666],[-55.4079,46.9479],[-55.1845,47.098],[-54.9362,47.3394],[-54.7405,47.431],[-54.5762,47.4965],[-54.3858,47.6272],[-54.2114,47.8036],[-54.0857,47.7713],[-53.8963,47.5565],[-53.9013,47.4066],[-54.1251,47.1131],[-54.0824,46.9895],[-53.9142,46.9963],[-53.6437,47.1792],[-53.6249,46.8863],[-53.4893,46.8215],[-53.1696,46.7636],[-53.0696,46.7313],[-52.9165,47.0243],[-52.8042,47.3176],[-52.7286,47.4545],[-52.7352,47.5457],[-52.7737,47.5391],[-53.0958,47.5515],[-53.1628,47.6753],[-53.1184,47.8775],[-53.3556,47.9488],[-53.4943,47.8311],[-53.5768,47.7397],[-53.7029,47.8438],[-53.7587,48.0263],[-53.8817,48.1893],[-53.8125,48.2482],[-53.4113,48.2947],[-53.2293,48.4061],[-53.115,48.5239]]]},"properties":{"NAME":"Beothuk","SUBJECTO":"Beothuk","PARTOF":"Beothuk","BORDERPRECISION":1,"LINK":null}},
{"type":"Feature","geometry":{"type":"Polygon","coordinates":[[[-61.9328,56.2808],[-62.2767,55.5871],[-62.7423,54.6479],[-63.195,53.7347],[-64.8809,50.334],[-64.3259,50.3047],[-63.8501,50.299],[-63.3674,50.3329],[-63.2074,50.3464],[-62.2936,50.3086],[-61.6402,50.2769],[-60.8098,50.334],[-60.1378,50.4117],[-59.7155,50.5115],[-59.44,50.644],[-59.1316,50.8361],[-58.7193,51.1938],[-58.5243,51.3795],[-57.8279,51.4139],[-57.4576,51.4676],[-56.9641,51.4884],[-56.6662,51.6149],[-56.1813,51.8943],[-55.8236,52.021],[-55.659,52.1873],[-56.1097,52.6052],[-55.927,52.8053],[-55.9043,52.9652],[-55.7697,53.1587],[-55.7798,53.2387],[-55.8813,53.3519],[-56.3545,53.5713],[-56.6493,53.6576],[-56.8538,53.5837],[-57.1308,53.483],[-57.2689,53.6163],[-57.2852,53.6698],[-57.1058,53.8706],[-57.263,54.0242],[-57.5611,54.1307],[-58.0769,54.0829],[-58.6401,53.8677],[-59.1808,53.5191],[-59.4729,53.4719],[-59.717,53.4313],[-60.246,53.2768],[-60.1242,53.5173],[-60.1372,53.6843],[-59.9915,53.8049],[-59.863,53.8386],[-59.3987,53.8662],[-59.1062,53.9671],[-58.8436,54.1483],[-58.4681,54.2562],[-58.1699,54.2769],[-57.8386,54.3713],[-57.5154,54.4658],[-57.4329,54.5799],[-58.1155,54.7128],[-58.5572,54.7723],[-59.0798,54.993],[-59.3382,55.0802],[-59.6938,55.1537],[-60.0472,55.1192],[-60.3457,55.0445],[-60.5745,55.071],[-60.3733,55.4225],[-60.3576,55.5104],[-60.4683,55.659],[-60.8728,55.8545],[-61.2499,56.0775],[-61.4578,56.1585],[-61.743,56.1715],[-61.9277,56.273],[-61.9328,56.2808]]]},"properties":{"NAME":"Innu","SUBJECTO":"Innu","PARTOF":"Innu","BORDERPRECISION":1,"LINK":null}},
{"type":"Feature","geometry":{"type":"Polygon","coordinates":[[[-77.8999,-3.1125],[-77.2535,-2.7591],[-77.2535,-2.0979],[-77.8537,-1.6672],[-78.5616,-2.1287],[-78.3923,-2.9128],[-77.8999,-3.1125]]]},"properties":{"NAME":"Shuar","SUBJECTO":"Shuar","PARTOF":"Shuar","BORDERPRECISION":1,"LINK":null}},
{"type":"Feature","geometry":{"type":"Polygon","coordinates":[[[9.6169,47.4958],[9.5984,47.4873],[9.561,47.5005],[9.5299,47.4814],[9.4819,47.4817],[9.4662,47.4963],[9.4358,47.5065],[9.4374,47.5189],[9.3868,47.5443],[9.3824,47.5712],[9.3001,47.6107],[9.1912,47.648],[9.189,47.6508],[9.1399,47.6651],[9.0963,47.666],[9.0902,47.673],[9.0657,47.6742],[9.0109,47.6714],[8.9764,47.6658],[8.961,47.6568],[8.9065,47.6447],[8.8598,47.6572],[8.8942,47.652],[8.9357,47.659],[8.9366,47.6594],[8.897,47.653],[8.8018,47.7466],[8.5308,47.8057],[8.4063,47.6924],[8.5089,47.5987],[7.7326,47.5246],[7.7252,47.6036],[7.5714,47.5839],[7.4689,47.485],[7.3371,47.4404],[6.9489,47.227],[6.8684,47.1872],[6.8537,47.1523],[6.7146,47.0876],[6.7365,47.0427],[6.5461,46.9577],[6.7292,46.8777],[7.2126,47.1224],[7.0075,46.6369],[7.2565,46.4404],[7.4396,45.9232],[7.6374,45.9639],[7.8205,45.9283],[7.9742,46.025],[8.1427,46.152],[8.0768,46.2938],[8.15,46.2938],[8.2745,46.3394],[8.2892,46.3899],[8.3551,46.4303],[8.6553,46.5312],[8.8897,46.2736],[8.9996,46.309],[8.8238,46.5815],[9.4976,46.7925],[9.5049,47.0377],[9.5195,47.0726],[9.4829,47.1822],[9.5708,47.2668],[9.6807,47.4355],[9.6169,47.4958]]]},"properties":{"NAME":"Swiss Confederation","SUBJECTO":"Swiss Confederation","PARTOF":"Swiss Confederation","BORDERPRECISION":1,"LINK":null}},
{"type":"Feature","geometry":{"type":"Polygon","coordinates":[[[-130.8674,55.7307],[-130.6954,55.4654],[-130.7339,55.2657],[-130.7734,55.0662],[-130.6903,54.9717],[-130.5457,54.9097],[-130.4129,55.0207],[-130.2673,55.0718],[-130.065,55.1021],[-130.0027,55.2885],[-129.8417,54.9785],[-130.0379,54.8437],[-130.1105,54.7293],[-130.2989,54.5476],[-130.2683,54.353],[-130.1765,54.1721],[-130.0036,53.938],[-129.4339,53.5175],[-129.0604,53.739],[-128.8141,53.7639],[-128.8295,53.5254],[-128.8888,53.4183],[-128.4321,52.9385],[-128.0772,52.9392],[-128.0596,52.4995],[-127.873,52.4133],[-127.8665,52.4125],[-125.7579,53.1308],[-122.4911,54.2436],[-111.2842,58.5531],[-118.1957,62.7114],[-118.1977,62.7126],[-124.9355,64.8346],[-132.4349,62.497],[-138.7511,62.4246],[-128.7045,60.74],[-130.8674,55.7307]]]},"properties":{"NAME":"Athabaskan","SUBJECTO":"Athabaskan","PARTOF":"Athabaskan","BORDERPRECISION":1,"LINK":null}},
{"type":"Feature","geometry":{"type":"MultiPolygon","coordinates":[[[[140.4998,42.8964],[140.209,42.7289],[139.974,42.6514],[139.7117,42.4776],[139.7772,42.1121],[139.7117,42.4776],[139.974,42.6514],[140.209,42.7289],[140.4998,42.8964]]],[[[143.1389,52.8562],[143.0569,53.062],[142.8639,53.3409],[142.6749,53.5402],[142.2141,53.2997],[141.9352,53.2859],[141.767,53.2723],[141.6896,53.1657],[141.841,52.96],[141.8115,52.628],[141.6497,52.3029],[141.5982,52.2167],[141.6432,51.8131],[142.0166,51.4306],[142.1124,51.2196],[142.1529,50.89],[142.0851,50.3043],[142.0828,49.7077],[142.0491,49.3547],[141.9214,48.9431],[141.7396,48.8073],[141.7678,48.7015],[141.8892,48.454],[141.9775,48.2847],[142.0365,47.9593],[141.8106,47.6756],[141.7318,47.4712],[141.9094,47.0734],[141.6228,46.558],[141.7084,46.1398],[141.8983,45.9148],[142.1877,46.3229],[142.3273,46.5631],[142.5138,46.6996],[142.6148,46.7128],[143.0043,46.5774],[143.3034,46.0112],[143.4448,46.5717],[143.2365,46.8633],[142.9933,46.9537],[142.697,47.3623],[142.6146,47.4596],[142.4899,47.9016],[142.5266,48.1621],[142.6461,48.6575],[142.854,49.1277],[143.0326,49.2195],[143.1528,49.2589],[143.5984,49.2336],[143.9729,49.0581],[144.5399,48.7533],[144.0382,49.5088],[143.6331,50.235],[143.3407,50.8858],[143.0742,51.2676],[142.9439,51.6173],[142.9449,51.9611],[143.0334,52.3122],[143.1433,52.5112],[143.1389,52.8562]]],[[[146.1564,43.4642],[146.1689,43.4678],[146.2055,43.4811],[146.2102,43.4856],[146.2261,43.5256],[146.2222,43.5297],[146.2141,43.5317],[146.1735,43.5347],[146.1594,43.5458],[146.1522,43.5458],[146.1461,43.5439],[146.0808,43.5181],[146.0761,43.5133],[146.1244,43.4592],[146.1308,43.458],[146.1375,43.4589],[146.1564,43.4642]]],[[[146.905,43.84],[146.8749,43.8608],[146.8669,43.868],[146.8505,43.8739],[146.8427,43.875],[146.7847,43.8619],[146.6105,43.8067],[146.6047,43.8039],[146.6005,43.7986],[146.5991,43.7931],[146.5961,43.7367],[146.5986,43.7322],[146.6469,43.7072],[146.6555,43.7044],[146.6633,43.7036],[146.67,43.7044],[146.6827,43.7078],[146.7803,43.7519],[146.7975,43.76],[146.8616,43.7967],[146.905,43.84]]],[[[146.4688,44.4222],[146.36,44.4208],[146.345,44.4219],[146.3283,44.4256],[146.3033,44.4342],[146.273,44.4464],[146.2603,44.4533],[146.2427,44.4692],[146.2327,44.4769],[146.2014,44.4994],[146.195,44.5028],[146.1875,44.5058],[146.1791,44.5078],[146.1714,44.5086],[146.1608,44.5066],[146.148,44.51],[146.1339,44.5092],[146.1274,44.5072],[146.1005,44.4886],[146.0861,44.4753],[146.0816,44.4697],[146.078,44.4636],[146.0508,44.4119],[146.008,44.3392],[145.9738,44.2878],[145.9633,44.2805],[145.9516,44.275],[145.9394,44.2705],[145.9269,44.2669],[145.9211,44.2644],[145.9094,44.2589],[145.8925,44.25],[145.8872,44.2464],[145.8777,44.2372],[145.79,44.1483],[145.7639,44.1169],[145.7594,44.1114],[145.7533,44.0939],[145.7544,44.0786],[145.7558,44.0736],[145.7558,44.0686],[145.7533,44.0625],[145.7494,44.0561],[145.7447,44.0517],[145.6614,43.9922],[145.645,43.9822],[145.5525,43.9261],[145.4883,43.898],[145.4825,43.8953],[145.4097,43.8353],[145.4075,43.8294],[145.4261,43.74],[145.4375,43.7169],[145.5433,43.6508],[145.5486,43.6492],[145.5547,43.6508],[145.5594,43.6555],[145.5619,43.6614],[145.5755,43.7389],[145.5741,43.775],[145.5741,43.7856],[145.5753,43.8175],[145.5778,43.8286],[145.5803,43.8344],[145.5916,43.8536],[145.5958,43.8589],[145.6575,43.8997],[145.6725,43.8989],[145.6883,43.8961],[145.6958,43.8961],[145.7089,43.8989],[145.7628,43.9197],[145.7741,43.925],[145.7794,43.9286],[145.7869,43.9414],[145.7894,43.9472],[145.7958,43.9753],[145.7997,43.9817],[145.808,43.9925],[145.8172,44.0025],[145.8311,44.0169],[145.9308,44.1192],[145.9402,44.128],[146.0919,44.2361],[146.1028,44.2433],[146.12,44.2514],[146.1383,44.2578],[146.1575,44.2631],[146.1772,44.2667],[146.2044,44.27],[146.3297,44.2917],[146.5083,44.358],[146.535,44.3761],[146.54,44.3805],[146.5503,44.3989],[146.568,44.4383],[146.538,44.4425],[146.5205,44.4344],[146.4889,44.4256],[146.4688,44.4222]]],[[[148.493,45.2703],[148.5219,45.2872],[148.5625,45.3097],[148.5822,45.3169],[148.5919,45.3189],[148.6197,45.3203],[148.6561,45.3172],[148.6739,45.3144],[148.6827,45.3122],[148.71,45.3086],[148.7188,45.3078],[148.7561,45.3097],[148.7753,45.3133],[148.785,45.3164],[148.8253,45.335],[148.8336,45.3405],[148.84,45.3467],[148.843,45.3528],[148.8452,45.3655],[148.8589,45.4675],[148.8564,45.4742],[148.8503,45.4811],[148.8422,45.4883],[148.7997,45.5136],[148.7908,45.5169],[148.773,45.5211],[148.7639,45.5219],[148.72,45.5244],[148.7008,45.5208],[148.5589,45.4592],[148.5403,45.4478],[148.4605,45.3922],[148.3972,45.3353],[148.3842,45.3233],[148.3702,45.305],[148.3505,45.2872],[148.3422,45.2814],[148.3219,45.2703],[148.3122,45.2672],[148.0791,45.2486],[148.0697,45.248],[148.0516,45.2494],[148.0344,45.2561],[148.0086,45.2672],[148.0003,45.273],[147.9977,45.2797],[148.0016,45.3053],[148.0019,45.3122],[148.0022,45.3253],[147.9969,45.3386],[147.96,45.4192],[147.9514,45.4225],[147.9422,45.4233],[147.9327,45.4214],[147.9041,45.4042],[147.8794,45.3867],[147.8683,45.3747],[147.8589,45.3625],[147.8561,45.3561],[147.8577,45.343],[147.8733,45.29],[147.8925,45.2367],[147.895,45.23],[147.8941,45.2236],[147.8875,45.2178],[147.878,45.2147],[147.859,45.2106],[147.8402,45.2086],[147.7833,45.1975],[147.7639,45.1897],[147.7539,45.1842],[147.7455,45.1783],[147.7133,45.1483],[147.7022,45.1364],[147.6913,45.1242],[147.6775,45.1058],[147.6691,45.0872],[147.6644,45.0811],[147.6564,45.0753],[147.6177,45.0625],[147.608,45.0594],[147.5986,45.0575],[147.5894,45.0569],[147.505,45.0439],[147.4919,44.993],[147.4864,44.9805],[147.48,44.9747],[147.3936,44.9203],[147.3105,44.8761],[147.2272,44.8361],[147.1119,44.7939],[147.1444,44.7283],[147.153,44.7253],[147.1594,44.7183],[147.1622,44.7117],[147.1639,44.6986],[147.163,44.6922],[147.1602,44.6861],[147.153,44.6736],[147.1441,44.6614],[147.1064,44.6253],[147.0983,44.6194],[147.0064,44.5717],[146.9408,44.5544],[146.8469,44.4769],[146.838,44.4647],[146.8355,44.4583],[146.8322,44.4353],[146.8405,44.4155],[146.8486,44.4083],[146.8655,44.3994],[146.883,44.3969],[146.9105,44.3992],[146.93,44.4022],[146.9489,44.4086],[146.9586,44.4144],[146.9647,44.4203],[146.9736,44.4328],[146.9791,44.4453],[146.9808,44.4522],[146.9889,44.4708],[147.0025,44.4894],[147.0211,44.5075],[147.0405,44.5178],[147.0791,44.5283],[147.0883,44.5292],[147.1064,44.5292],[147.1433,44.5331],[147.1708,44.5361],[147.1803,44.538],[147.1991,44.5444],[147.2091,44.5503],[147.2253,44.5619],[147.2405,44.58],[147.2514,44.6053],[147.2822,44.6544],[147.2911,44.6669],[147.345,44.7003],[147.4694,44.773],[147.4791,44.7775],[147.4977,44.7814],[147.5075,44.7844],[147.5172,44.7889],[147.5272,44.7947],[147.5352,44.8005],[147.548,44.8125],[147.6227,44.8972],[147.6147,44.9044],[147.6061,44.9075],[147.5883,44.9117],[147.5858,44.9183],[147.5877,44.9311],[147.5905,44.9372],[147.6044,44.9556],[147.6205,44.9661],[147.6299,44.9692],[147.6394,44.9711],[147.658,44.9736],[147.6766,44.9747],[147.7039,44.9725],[147.7125,44.9694],[147.7211,44.9558],[147.7274,44.9489],[147.7358,44.9442],[147.7444,44.9411],[147.7533,44.9389],[147.7625,44.9383],[147.8488,44.9653],[147.868,44.9714],[147.8777,44.9747],[147.9167,44.9897],[147.942,45],[147.9461,45.0017],[147.9641,45.0117],[147.9772,45.0308],[147.9847,45.0431],[147.9875,45.0494],[147.9922,45.0555],[147.9986,45.0614],[148.0297,45.0847],[148.038,45.0905],[148.048,45.0964],[148.2155,45.1889],[148.2355,45.1989],[148.2655,45.2133],[148.2852,45.2208],[148.3327,45.2297],[148.3419,45.2303],[148.3713,45.235],[148.428,45.2444],[148.4472,45.248],[148.4666,45.2542],[148.4763,45.2586],[148.493,45.2703]]],[[[149.5339,45.5828],[149.5436,45.5858],[149.6739,45.6286],[149.6841,45.633],[149.6925,45.6386],[149.7841,45.7108],[149.8108,45.7344],[149.8686,45.773],[149.8788,45.7786],[149.9816,45.8336],[149.9911,45.8339],[150.0178,45.8275],[150.0269,45.8267],[150.0664,45.8475],[150.1589,45.9],[150.1941,45.9278],[150.1989,45.9325],[150.2028,45.9517],[150.2022,45.9583],[150.2127,45.9833],[150.2219,46.0019],[150.2269,46.0078],[150.2405,46.0197],[150.2508,46.025],[150.3102,46.0505],[150.4255,46.1189],[150.475,46.1594],[150.4986,46.1925],[150.4372,46.2142],[150.3524,46.2133],[150.3427,46.2117],[150.0728,46.0825],[150.0375,46.065],[149.9688,46.0297],[149.9586,46.0242],[149.9291,46.0075],[149.8905,45.9719],[149.8569,45.9231],[149.6761,45.8553],[149.6678,45.8508],[149.6628,45.8447],[149.6191,45.7903],[149.548,45.7011],[149.4811,45.6083],[149.4735,45.6033],[149.4608,45.5997],[149.4508,45.5955],[149.4422,45.5897],[149.4375,45.5836],[149.4408,45.5808],[149.5244,45.5825],[149.5339,45.5828]]],[[[150.8119,46.4419],[150.8672,46.4353],[150.8741,46.4408],[150.8755,46.4472],[150.8733,46.4508],[150.8511,46.47],[150.8419,46.4711],[150.8322,46.4705],[150.8222,46.4678],[150.7985,46.45],[150.8028,46.443],[150.8119,46.4419]]],[[[150.7544,46.6997],[150.765,46.7039],[150.77,46.7097],[150.7689,46.723],[150.7622,46.7275],[150.7533,46.7297],[150.7436,46.7294],[150.7397,46.7286],[150.7308,46.7228],[150.7333,46.7161],[150.7375,46.7092],[150.7455,46.7019],[150.7544,46.6997]]],[[[152.4469,47.3825],[152.4372,47.3825],[152.4269,47.3797],[152.4164,47.3755],[152.4089,47.37],[152.4016,47.3642],[152.3914,47.3503],[152.388,47.3442],[152.3886,47.3308],[152.3944,47.3236],[152.4025,47.3164],[152.4225,47.3034],[152.5083,47.3033],[152.5191,47.3072],[152.5336,47.3189],[152.5419,47.3283],[152.5417,47.335],[152.5375,47.3419],[152.5316,47.3492],[152.5119,47.3711],[152.5039,47.3772],[152.4855,47.3819],[152.4469,47.3825]]],[[[153.0819,47.8008],[153.0741,47.8083],[153.0652,47.8119],[153.0561,47.8144],[153.0461,47.813],[153.0258,47.7955],[153.0147,47.7839],[153.0058,47.7717],[152.9811,47.7233],[152.9866,47.7069],[152.9908,47.7],[152.9966,47.6928],[153.0061,47.6917],[153.0161,47.693],[153.0478,47.7022],[153.0691,47.7089],[153.0803,47.7142],[153.0966,47.7531],[153.0983,47.7592],[153.0977,47.7725],[153.0958,47.7794],[153.0877,47.7933],[153.0819,47.8008]]],[[[153.1847,48.1364],[153.1747,48.135],[153.1636,48.1308],[153.1561,48.1253],[153.1469,48.1133],[153.1378,48.1011],[153.14,48.0944],[153.1464,48.0883],[153.2058,48.0533],[153.215,48.0511],[153.2244,48.05],[153.2367,48.0511],[153.2797,48.0431],[153.2905,48.0536],[153.2875,48.0936],[153.2833,48.0992],[153.275,48.1056],[153.2411,48.1255],[153.2233,48.133],[153.2141,48.1353],[153.2047,48.1364],[153.1847,48.1364]]],[[[154.1614,48.9125],[154.1405,48.9097],[154.1294,48.9058],[154.12,48.9005],[154.1122,48.895],[153.988,48.78],[153.9766,48.7617],[153.973,48.7489],[153.973,48.7422],[153.975,48.7356],[153.9808,48.7347],[153.9994,48.723],[154.0092,48.7219],[154.0194,48.7233],[154.0308,48.7269],[154.0536,48.7372],[154.0633,48.7428],[154.1889,48.835],[154.2194,48.8705],[154.2272,48.8828],[154.2308,48.8955],[154.2289,48.9025],[154.2208,48.9086],[154.2114,48.9111],[154.1819,48.9136],[154.1614,48.9125]]],[[[154.0111,48.9508],[154.0089,48.9578],[154.0047,48.9636],[153.9669,48.9722],[153.9189,48.9797],[153.9075,48.9758],[153.9019,48.97],[153.8983,48.9572],[153.9003,48.9503],[153.9041,48.9433],[153.9211,48.9265],[153.9308,48.9239],[153.9405,48.9228],[153.9819,48.9267],[154.0036,48.9319],[154.0111,48.9375],[154.0111,48.9508]]],[[[154.5833,49.1005],[154.593,49.1061],[154.5988,49.1119],[154.6008,49.1183],[154.6008,49.1247],[154.5969,49.1319],[154.5911,49.1394],[154.583,49.1458],[154.5647,49.1522],[154.4983,49.1661],[154.4886,49.1675],[154.4686,49.1686],[154.4647,49.1679],[154.4547,49.1692],[154.4461,49.1678],[154.4422,49.1617],[154.4402,49.1553],[154.4713,49.0983],[154.483,49.0833],[154.4916,49.0783],[154.5005,49.0744],[154.5103,49.0733],[154.5211,49.0758],[154.5833,49.1005]]],[[[154.7433,49.5861],[154.7452,49.5792],[154.7511,49.5717],[154.703,49.4808],[154.6383,49.4231],[154.6064,49.3797],[154.6024,49.3736],[154.6005,49.3672],[154.5986,49.3475],[154.5939,49.291],[154.6316,49.2803],[154.6975,49.2636],[154.7072,49.2622],[154.7158,49.2639],[154.7917,49.2922],[154.8033,49.2972],[154.8111,49.3028],[154.815,49.3089],[154.835,49.3458],[154.8269,49.3853],[154.823,49.3925],[154.7997,49.4155],[154.7939,49.4231],[154.7903,49.43],[154.7903,49.4433],[154.7941,49.4561],[154.818,49.5058],[154.83,49.5175],[154.8377,49.523],[154.8477,49.5283],[154.8708,49.5372],[154.8783,49.5417],[154.8822,49.5475],[154.9044,49.6175],[154.9044,49.6242],[154.8953,49.6267],[154.8564,49.6333],[154.8144,49.6364],[154.7491,49.5919],[154.7433,49.5861]]],[[[154.4558,49.8211],[154.4386,49.8314],[154.4289,49.8325],[154.4086,49.8339],[154.3983,49.8339],[154.375,49.825],[154.3672,49.8192],[154.3652,49.8128],[154.355,49.7667],[154.3675,49.7464],[154.3763,49.7425],[154.4044,49.7336],[154.4144,49.7325],[154.425,49.7336],[154.4325,49.738],[154.4561,49.788],[154.4619,49.8069],[154.46,49.8139],[154.4558,49.8211]]],[[[152.0874,46.9779],[152.1741,47.063],[152.2319,47.1025],[152.2536,47.1131],[152.27,47.1244],[152.2772,47.13],[152.2897,47.1417],[152.293,47.1478],[152.2864,47.1525],[152.2686,47.1586],[152.2597,47.1608],[152.2366,47.1453],[152.2066,47.125],[152.2255,47.1747],[152.2169,47.1717],[152.2025,47.1603],[152.1811,47.1431],[152.1202,47.0908],[152.1044,47.0731],[152.0511,47.0206],[152.0448,47.0134],[152.0205,46.9887],[151.8688,46.8664],[151.86,46.8608],[151.8494,46.8567],[151.8394,46.8553],[151.83,46.855],[151.7647,46.8622],[151.7452,46.8617],[151.7253,46.8572],[151.7147,46.8533],[151.7058,46.8475],[151.7044,46.8411],[151.7122,46.8011],[151.7202,46.795],[151.7372,46.7853],[151.7633,46.7747],[151.7722,46.7722],[151.7816,46.7714],[151.8011,46.773],[151.8216,46.7786],[151.8319,46.7828],[152.013,46.8889],[152.0183,46.8947],[152.025,46.9072],[152.0266,46.9136],[152.03,46.9197],[152.0352,46.9256],[152.0874,46.9779]]],[[[155.4711,50.108],[155.4833,50.1194],[155.4994,50.1305],[155.5155,50.1417],[155.5255,50.1469],[155.5963,50.1783],[155.6186,50.1831],[155.6917,50.1836],[155.7019,50.1836],[155.7316,50.1794],[155.7419,50.1792],[155.7636,50.1814],[155.7855,50.185],[155.7953,50.1889],[155.8928,50.2636],[156.1489,50.5189],[156.153,50.525],[156.1247,50.6997],[156.1213,50.72],[156.1164,50.7475],[156.1125,50.7547],[156.1041,50.7611],[156.0769,50.773],[156.0672,50.7758],[156.0455,50.7736],[156.0341,50.7711],[156.0222,50.7675],[156.01,50.7625],[155.9791,50.7469],[155.8969,50.6986],[155.8889,50.693],[155.8827,50.6872],[155.8636,50.6567],[155.8614,50.6503],[155.8608,50.6369],[155.8583,50.6175],[155.8558,50.6044],[155.8516,50.5917],[155.7655,50.4639],[155.7614,50.458],[155.7491,50.4464],[155.6694,50.3908],[155.6614,50.3853],[155.6491,50.3805],[155.638,50.378],[155.6277,50.378],[155.5453,50.375],[155.4491,50.368],[155.4383,50.3669],[155.4272,50.3644],[155.3922,50.3533],[155.2477,50.3014],[155.2216,50.2344],[155.2086,50.0808],[155.2122,50.0669],[155.2241,50.0533],[155.2262,50.0526],[155.245,50.0567],[155.2558,50.0578],[155.2978,50.06],[155.3186,50.0597],[155.3383,50.0572],[155.3575,50.053],[155.4711,50.108]]],[[[156.1753,50.7536],[156.1689,50.7414],[156.1644,50.7286],[156.1636,50.7086],[156.1672,50.695],[156.1728,50.6875],[156.1805,50.6797],[156.1891,50.6744],[156.1983,50.6703],[156.2855,50.6467],[156.3508,50.6371],[156.4008,50.6256],[156.4038,50.6534],[156.4063,50.6571],[156.4142,50.6739],[156.435,50.6908],[156.4519,50.7083],[156.4861,50.7503],[156.4902,50.7561],[156.4955,50.8289],[156.4958,50.8355],[156.4941,50.8425],[156.4886,50.85],[156.473,50.8655],[156.4639,50.8694],[156.4539,50.8708],[156.4427,50.87],[156.3647,50.8586],[156.3533,50.8561],[156.3411,50.8511],[156.1922,50.7714],[156.1858,50.7655],[156.1753,50.7536]]],[[[155.4744,50.9205],[155.4478,50.8978],[155.4477,50.88],[155.4494,50.8722],[155.4611,50.8505],[155.473,50.8355],[155.4808,50.828],[155.4983,50.8175],[155.5272,50.8097],[155.5469,50.8055],[155.5569,50.8042],[155.588,50.8028],[155.6208,50.8061],[155.6444,50.8136],[155.6589,50.8247],[155.6611,50.8311],[155.6697,50.8567],[155.6661,50.8705],[155.6508,50.9058],[155.6469,50.913],[155.6392,50.9208],[155.6005,50.9314],[155.5803,50.9342],[155.5697,50.9342],[155.5056,50.9311],[155.4944,50.93],[155.4827,50.9261],[155.4744,50.9205]]]]},"properties":{"NAME":"Ainus","SUBJECTO":"Ainus","PARTOF":"Ainus","BORDERPRECISION":1,"LINK":null}},
{"type":"Feature","geometry":{"type":"Polygon","coordinates":[[[41.3096,43.5572],[42.4115,46.7268],[42.5242,47.051],[44.3643,49.4286],[43.6731,50.8603],[42.587,50.9097],[40.0265,49.0804],[38.1361,49.049],[37.6993,48.9349],[37.5018,48.4412],[36.0701,47.8981],[32.0935,46.927],[32.0586,46.86],[31.9936,46.8418],[31.9602,46.6868],[32.1888,46.5922],[32.2635,46.4723],[31.6332,46.5538],[31.5939,46.5022],[31.9259,46.4099],[32.1141,46.2156],[32.2022,46.1704],[32.5164,46.1256],[32.9729,46.1459],[33.3325,46.1661],[33.5279,46.1341],[33.6388,45.9268],[33.5395,45.8747],[33.1916,45.7898],[32.9023,45.6726],[32.5032,45.4451],[32.5753,45.3611],[32.6434,45.3806],[32.9263,45.3877],[33.0135,45.3814],[33.2245,45.1809],[33.3979,45.2527],[33.5167,45.1235],[33.5594,44.9361],[33.3955,44.6005],[33.776,44.3672],[34.1384,44.4294],[34.3747,44.5759],[34.5165,44.7558],[34.6142,44.8415],[35.0673,44.8617],[35.3867,45.0819],[35.5996,45.1017],[35.8655,45.0311],[36.0047,45.0443],[36.2648,45.0966],[36.3671,45.1615],[36.4151,45.2716],[36.521,45.3883],[36.3232,45.4397],[35.8498,45.4452],[35.5462,45.3799],[35.3167,45.3212],[35.0634,45.3401],[34.99,45.45],[35.0319,45.5343],[35.0081,45.6119],[34.1273,46.0639],[33.8391,46.1931],[34.0642,46.2649],[34.4957,46.2787],[34.6923,46.2531],[34.9068,46.273],[35.0464,46.3577],[35.3358,46.3401],[35.3121,46.6882],[35.4161,46.4947],[35.6243,46.5211],[35.8506,46.6644],[36.354,46.7758],[36.8646,46.8093],[37.1926,46.8944],[37.4221,47.0769],[37.8593,47.1037],[38.2097,47.1505],[38.8002,47.2292],[39.1599,47.2689],[39.1941,47.243],[39.2824,47.074],[38.7227,46.8779],[38.4011,46.7214],[38.0319,46.6687],[37.8666,46.6554],[37.7571,46.6032],[37.9702,46.4413],[38.2649,46.3186],[38.459,46.0789],[38.2272,46.0201],[37.9899,46.0067],[37.8679,45.7925],[37.7061,45.5784],[37.6613,45.3452],[37.461,45.3125],[37.2277,45.312],[36.9599,45.2274],[37.3179,44.9242],[37.4739,44.6924],[37.6217,44.6733],[37.7741,44.7445],[37.8804,44.7189],[38.1092,44.4938],[38.277,44.4232],[38.5561,44.3851],[38.9237,44.2119],[39.4587,43.8329],[40.0981,43.3776],[40.2516,43.2682],[40.5571,43.1466],[40.9693,43.0767],[41.1226,43.0191],[41.3096,43.5572]]]},"properties":{"NAME":"Crimean Khanate","SUBJECTO":"Ottoman Empire","PARTOF":"Ottoman Empire","BORDERPRECISION":1,"LINK":"https://en.wikipedia.org/wiki/Crimean_Khanate"}},
{"type":"Feature","geometry":{"type":"Polygon","coordinates":[[[-2.5755,47.324],[-2.0104,47.7457],[-1.752,48.1782],[-1.9991,48.677],[-2.076,48.6562],[-2.2001,48.599],[-2.3429,48.6741],[-2.6364,48.552],[-2.7905,48.5896],[-2.9145,48.7068],[-3.0912,48.8716],[-3.4351,48.8365],[-3.5577,48.8101],[-3.6079,48.693],[-3.8213,48.7211],[-3.9022,48.646],[-3.9989,48.7305],[-4.2515,48.6519],[-4.4883,48.6123],[-4.6257,48.5467],[-4.762,48.552],[-4.7796,48.3548],[-4.592,48.3923],[-4.4738,48.3829],[-4.3502,48.3905],[-4.3889,48.2984],[-4.588,48.2515],[-4.351,48.2046],[-4.3129,48.1013],[-4.7003,48.0638],[-4.6754,48.0169],[-4.5101,47.9981],[-4.3909,47.9418],[-4.3644,47.8293],[-3.9548,47.9043],[-3.8581,47.7918],[-3.7119,47.7981],[-3.4335,47.7168],[-3.0627,47.6039],[-2.8425,47.4919],[-2.6137,47.5722],[-2.4655,47.4944],[-2.5765,47.3249],[-2.5755,47.324]]]},"properties":{"NAME":"Britany","SUBJECTO":"Britany","PARTOF":"Britany","BORDERPRECISION":1,"LINK":null}},
{"type":"Feature","geometry":{"type":"Polygon","coordinates":[[[13.0838,-9.2875],[13.2039,-9.6367],[13.418,-9.9858],[13.6394,-10.303],[13.7299,-10.5443],[13.8163,-10.9763],[13.8371,-11.3575],[13.8132,-11.6562],[13.649,-12.1968],[13.459,-12.5022],[13.3386,-12.6486],[13.0507,-12.7509],[12.9305,-12.91],[12.8481,-13.1644],[12.5854,-13.4637],[12.4407,-13.877],[12.3329,-14.3158],[12.3009,-14.5602],[12.2506,-14.9451],[12.1772,-15.2757],[12.06,-15.5937],[11.9607,-15.7146],[11.782,-15.8675],[11.7952,-16.1598],[11.8026,-16.522],[11.7813,-17.336],[11.7746,-17.5961],[11.7947,-17.8439],[11.8497,-18.0217],[12.0795,-18.4914],[12.5243,-19.0624],[12.906,-19.7023],[28.1407,-19.9401],[28.1654,-19.681],[28.9025,-18.2069],[30.0818,-16.3641],[31.6297,-16.0693],[32.9564,-16.0693],[33.3556,-16.5389],[33.6567,-18.6491],[33.471,-20.0233],[34.7195,-20.0428],[34.7262,-19.8604],[34.8468,-19.8029],[35.3779,-19.4268],[35.9148,-19.0316],[36.3136,-18.6495],[36.8923,-18],[37.2753,-17.7132],[37.8639,-17.4513],[38.1927,-17.3489],[38.859,-17.0552],[39.4713,-16.717],[39.7951,-16.424],[40.0252,-16.1438],[40.3858,-15.7363],[40.5741,-15.4817],[40.6102,-15.3545],[40.5274,-15.1831],[40.781,-14.922],[40.8554,-14.6994],[40.8486,-14.5786],[40.7013,-14.5408],[40.6183,-14.4838],[40.5992,-14.4012],[40.6009,-14.0326],[40.6033,-13.5306],[40.5339,-13.3083],[40.3658,-12.9909],[40.4818,-12.8444],[40.527,-12.5838],[40.4455,-12.0819],[40.4504,-11.8722],[40.3925,-11.5482],[40.3113,-11.345],[40.4004,-11.2304],[39.2482,-11.1449],[38.2375,-9.292],[37.7322,-4.5755],[39.4166,-1.375],[43.4149,2.5148],[34.406,2.4905],[33.9297,2.8436],[22.2245,6.1962],[12.6047,7.732],[6.764,5.8265],[6.0888,4.3281],[6.6502,4.323],[6.8445,4.2916],[6.9237,4.3427],[7.0462,4.5081],[7.1757,4.5275],[7.4491,4.4073],[7.8883,4.4528],[8.1402,4.466],[8.2987,4.5553],[8.3276,4.6126],[8.263,4.7459],[8.328,4.8413],[8.407,4.7843],[8.5078,4.7655],[8.5918,4.712],[8.6372,4.6832],[8.8747,4.6201],[8.9249,4.5249],[8.9533,4.2835],[9.0322,4.1375],[9.2839,4.0173],[9.543,4.0433],[9.6509,4.0181],[9.7802,3.8532],[9.5857,3.6748],[9.7652,3.3829],[9.8513,3.148],[9.9231,2.824],[9.8008,2.379],[9.8943,2.1377],[9.8812,2.0583],[9.8513,1.8771],[9.7006,1.6162],[9.4995,1.3806],[9.3704,1.1707],[9.5574,1.1266],[9.6222,1.0886],[9.644,0.9552],[9.629,0.8895],[9.5656,0.6119],[9.4435,0.5544],[9.3501,0.5352],[9.6022,0.3323],[9.8542,0.174],[9.8833,0.0788],[9.6604,0.0846],[9.4734,0.116],[9.4337,-0.017],[9.3025,-0.4563],[9.2025,-0.6344],[8.9587,-0.8192],[8.8152,-0.8958],[8.9814,-1.0988],[9.1119,-1.3527],[9.3207,-1.4158],[9.4653,-1.5934],[9.4151,-1.638],[9.2432,-1.7718],[9.6564,-2.4191],[9.8939,-2.444],[10.0601,-2.5707],[9.9314,-2.7108],[10.5247,-3.237],[10.6412,-3.4464],[10.8805,-3.6937],[11.134,-3.9156],[11.1512,-3.9323],[11.7726,-4.537],[11.949,-4.9242],[11.9997,-5.0041],[12.2265,-5.3621],[12.2635,-5.47],[12.1997,-5.7514],[12.1942,-5.7752],[12.3394,-6.1898],[12.3717,-6.2578],[12.8007,-5.9555],[13.215,-6.1331],[13.2741,-5.778],[14.1027,-4.9494],[14.5762,-4.7718],[15.0496,-6.0147],[14.9905,-7.1984],[14.8721,-7.3759],[14.3986,-7.1984],[14.1027,-7.3759],[14.0903,-7.7055],[14.3253,-8.2343],[14.2665,-8.9393],[14.3291,-9.3681],[13.0838,-9.2875]],[[16.1956,-9.1211],[16.4214,-9.234],[16.5907,-9.4598],[16.6189,-9.7138],[16.5907,-9.8831],[16.4496,-10.0807],[16.1956,-10.1936],[15.9134,-10.2218],[15.6594,-10.1936],[15.4618,-10.1089],[15.2361,-9.8831],[15.2361,-9.6009],[15.3207,-9.3469],[15.5183,-9.1776],[15.9981,-9.1211],[16.1956,-9.1211]]]},"properties":{"NAME":"Bantou","SUBJECTO":"Bantou","PARTOF":"Bantou","BORDERPRECISION":1,"LINK":null}},
{"type":"Feature","geometry":{"type":"MultiPolygon","coordinates":[[[[11.1789,59.0703],[11.0392,58.9104],[11.1404,58.8512],[11.2214,58.3083],[11.4067,58.3313],[11.4311,58.2015],[11.6139,58.2473],[11.8019,58.1779],[11.7091,58.0247],[11.6098,57.8069],[11.7364,57.6982],[11.7661,57.6727],[11.8811,57.509],[11.8766,57.3252],[12.0051,57.3252],[12.2886,56.8799],[12.526,56.7804],[12.6575,56.6108],[12.7859,56.6167],[12.8716,56.5115],[12.8048,56.4012],[12.6154,56.4356],[12.6524,56.2955],[12.4144,56.243],[12.5134,56.1206],[12.699,55.9051],[12.9859,55.6666],[12.8593,55.5329],[12.8876,55.4516],[12.8019,55.4168],[12.8024,55.3529],[13.3019,55.3007],[13.8233,55.4218],[13.9011,55.4052],[14.1172,55.3471],[14.2864,55.5155],[14.126,55.6666],[14.2589,55.8993],[14.4918,56.018],[14.6052,55.9808],[14.6529,56.1206],[15.2208,56.0804],[15.497,56.1672],[15.6962,56.061],[15.7705,56.0332],[16.0314,56.3531],[16.0632,56.3962],[16.3762,56.8224],[16.3945,57.0743],[16.4942,57.2789],[16.6587,57.443],[16.5505,57.5452],[16.6072,57.6658],[16.4765,57.7021],[16.4595,57.8952],[16.5978,57.8665],[16.7246,57.8893],[16.7735,58.0379],[16.744,58.312],[16.5132,58.4281],[16.4429,58.6344],[17.0807,58.6499],[17.083,58.7481],[17.2454,58.7171],[17.3567,58.743],[17.5822,58.893],[17.6232,59.1001],[17.7391,59.1104],[17.7452,58.9861],[17.7264,58.9137],[17.7665,58.8723],[17.9401,58.9085],[18.0157,59.0379],[18.372,59.1571],[18.2734,59.2867],[18.5982,59.297],[18.6113,59.3333],[18.5155,59.4008],[18.4414,59.4008],[18.4296,59.3333],[18.3282,59.3697],[18.1114,59.323],[17.9776,59.3282],[17.8617,59.24],[17.5844,59.2711],[17.5749,59.2141],[17.3581,59.2452],[17.2658,59.3385],[16.9998,59.3593],[16.7765,59.4787],[16.4076,59.4475],[16.5232,59.5825],[16.7241,59.5306],[16.7855,59.5773],[17.0706,59.5461],[17.368,59.4683],[17.73,59.4164],[17.7953,59.3645],[18.0301,59.3593],[18.2514,59.4319],[18.6393,59.5669],[18.8679,59.7124],[19.0436,59.7124],[19.0373,59.8632],[18.8931,59.9257],[18.8041,60.1084],[18.4169,60.1816],[18.2244,60.323],[17.9307,60.5903],[17.7065,60.5536],[17.605,60.6375],[17.1885,60.6743],[17.3176,60.7531],[17.1462,60.9528],[17.1502,61.1977],[17.0652,61.5384],[17.1626,61.6299],[17.387,61.6584],[17.4968,62.0881],[17.3874,62.2008],[17.2902,62.4407],[17.7181,62.3567],[17.9363,62.548],[17.8682,62.7886],[17.9674,62.7746],[18.3032,62.7894],[18.3889,62.8534],[18.4866,62.9812],[18.785,63.138],[19.0759,63.2025],[19.3182,63.4448],[19.465,63.4807],[19.6703,63.3885],[19.9849,63.5173],[20.7007,63.8181],[20.8665,64.0256],[21.0489,64.2192],[21.3858,64.3846],[21.237,64.5205],[21.0643,64.592],[20.9212,64.7138],[21.3294,64.8944],[21.4894,65.0172],[21.4237,65.1039],[21.2773,65.2123],[21.5223,65.3723],[21.8187,65.3801],[21.9575,65.4457],[22.2016,65.7153],[22.4898,65.8834],[22.6456,65.9348],[22.7982,65.8548],[23.204,65.6808],[23.4057,65.7248],[23.8441,65.7985],[23.9477,65.7967],[24.2148,65.7859],[24.5911,65.5828],[25.1036,65.5401],[25.2515,65.4169],[25.1861,65.2427],[25.1326,65.0759],[25.2934,65.0039],[25.3519,64.9391],[25.3251,64.8024],[24.9319,64.816],[24.4701,64.6355],[24.094,64.3766],[23.1306,63.7834],[22.8255,63.5809],[22.7042,63.5806],[22.569,63.723],[22.4758,63.6016],[22.4288,63.395],[22.3368,63.2653],[22.2924,63.2027],[22.075,63.1028],[21.9513,63.131],[21.6665,63.1873],[21.4947,63.123],[21.546,62.9741],[21.4813,62.8888],[21.1948,62.7607],[21.0618,62.6117],[21.0337,62.4773],[21.2001,62.4352],[21.3376,62.3436],[21.3464,62.1671],[21.2112,61.8709],[21.4052,61.7024],[21.561,61.4849],[21.5208,61.3796],[21.4983,61.1833],[21.4273,61.0151],[21.4432,60.6936],[21.5602,60.5125],[21.7468,60.4083],[21.931,60.3808],[22.2207,60.2588],[22.4215,60.2932],[22.3921,60.1212],[22.6246,60.2011],[23.0052,60.2088],[22.882,60.0556],[22.9821,59.9325],[23.2014,59.8185],[23.4189,59.8298],[23.6647,59.8356],[23.9611,59.9325],[23.9789,59.8811],[24.2814,59.9381],[24.4211,59.8698],[24.516,59.9895],[24.743,60.0382],[24.9695,60.0868],[24.993,60.0296],[25.1458,60.1097],[25.4499,60.1384],[25.5805,60.2623],[25.8455,60.1155],[25.8901,60.2358],[26.0377,60.2493],[26.3227,60.2702],[26.4428,60.3333],[26.5516,60.5707],[26.5259,60.3965],[26.6131,60.3478],[26.9223,60.3161],[26.9456,60.3763],[27.1785,60.4424],[27.4062,60.3448],[27.4736,60.4261],[28.0114,60.5107],[28.4318,60.6035],[28.5215,60.6233],[28.5512,60.5326],[28.4352,60.3373],[28.5694,60.1984],[28.6916,60.15],[28.969,60.1088],[29.5107,60.1446],[29.6873,60.131],[29.9529,59.9856],[30.1266,59.806],[29.9632,59.7366],[29.7655,59.7362],[29.4136,59.86],[29.0761,59.9078],[28.9363,59.8246],[28.7959,59.6722],[28.6627,59.6443],[28.4444,59.7337],[28.3091,59.6644],[28.351,59.6021],[28.2663,59.5622],[28.1631,59.5907],[28.0942,59.6647],[27.9417,59.6476],[27.8967,59.5338],[27.9734,59.5167],[28.0131,59.4582],[28.0159,59.4542],[27.8936,59.3461],[27.702,59.2975],[27.6612,58.9376],[27.7715,58.8912],[28.2655,59.0866],[29.2823,59.1156],[29.8859,59.1104],[30.2282,58.8384],[30.6613,59.2526],[31.6538,59.5256],[31.6064,60.1336],[30.9285,61.0997],[30.1793,61.3727],[29.7271,61.8479],[31.0598,62.3069],[31.3953,62.5428],[32.267,62.6622],[32.2231,62.8476],[31.2837,62.9592],[31.1812,63.3298],[30.4343,63.4158],[30.4455,63.7148],[30.8694,64.1616],[30.065,64.5598],[30.3975,65.1587],[30.4069,65.7896],[30.9965,65.7619],[31.1551,65.9142],[30.7887,66.2299],[30.8673,66.7514],[31.116,67.0668],[30.4687,67.4859],[27.0978,66.8335],[26.4793,65.5718],[26.4287,65.6292],[25.6259,66.6997],[21.8792,66.9673],[18.534,66.4321],[18.4002,67.2349],[18.9587,68.2937],[19.8212,69.3697],[19.58,69.1811],[19.2892,69.2106],[19.1702,69.2555],[18.9848,69.3154],[18.5532,69.2469],[18.3191,69.3594],[18.0974,69.058],[18.0515,69.0279],[17.9281,69.0051],[17.8947,69.0351],[17.5659,68.9744],[17.4489,68.887],[17.4069,68.7715],[17.0397,68.6585],[16.8548,68.5578],[17.1264,68.4161],[17.0333,68.3376],[16.7191,68.3114],[16.5219,68.3409],[16.6485,68.0457],[16.4116,67.8742],[16.2327,67.9111],[16.0711,68.0447],[15.9197,68.049],[15.8542,67.9252],[15.5722,67.8207],[15.7618,67.6763],[15.7457,67.5973],[15.5799,67.5833],[15.3845,67.4644],[15.2267,67.5086],[14.9762,67.5229],[14.6991,67.3744],[14.5692,67.3293],[14.6165,67.2453],[14.7777,67.2165],[14.6393,67.1231],[14.3731,67.0931],[14.0547,66.9746],[13.8591,66.9594],[13.7472,66.9224],[13.9916,66.6875],[13.592,66.6573],[13.3832,66.679],[13.2421,66.5685],[13.1686,66.4583],[13.2554,66.3925],[13.4028,66.3488],[13.581,66.1881],[13.1519,66.1361],[13.1088,66.0337],[13.0874,65.8804],[12.7091,65.9089],[12.4792,65.617],[12.2841,65.4349],[12.4962,65.3845],[12.5265,65.109],[12.2222,65.1011],[12.1121,65.1299],[11.8956,64.9127],[11.6897,64.7757],[11.4699,64.6746],[11.4065,64.617],[11.5077,64.5167],[11.3641,64.416],[11.2135,64.4157],[10.9966,64.4942],[10.8906,64.4725],[10.7398,64.3862],[10.0662,64.0555],[9.8701,63.8764],[9.8321,63.6836],[9.4409,63.4975],[9.2161,63.2836],[9.1542,63.319],[8.9572,63.404],[8.6059,63.3251],[8.4723,63.1755],[8.258,63.0543],[8.2313,62.8414],[7.9892,62.9403],[7.6065,62.9041],[7.0882,62.9102],[6.9819,62.8461],[7.1016,62.7046],[7.5467,62.5993],[7.2893,62.4856],[6.9887,62.5416],[6.613,62.5833],[6.5325,62.3357],[6.3084,62.2858],[6.0535,62.3348],[5.8236,62.179],[5.5646,62.1503],[5.4697,62.0937],[5.4257,62.0093],[5.5282,61.9326],[5.7195,61.8795],[5.8339,61.8194],[5.7971,61.7699],[5.5924,61.7897],[5.416,61.7695],[5.149,61.7409],[5.1011,61.6986],[5.141,61.3896],[5.0183,61.3051],[5.1196,61.1371],[5.387,61.0256],[5.1085,60.9061],[4.9804,60.6892],[5.0755,60.5917],[5.2552,60.5641],[5.4558,60.5924],[5.5511,60.5089],[5.2618,60.3271],[5.0962,60.2641],[5.2791,60.1253],[5.5246,60.1675],[5.8941,60.1613],[5.8058,59.9493],[5.6317,59.8838],[5.5433,59.8243],[5.694,59.7529],[5.9105,59.7529],[6.1854,59.8243],[5.9699,59.7113],[5.6666,59.6756],[5.7411,59.628],[5.6462,59.5865],[5.4493,59.6578],[5.4186,59.5152],[5.3826,59.7113],[5.0866,59.5092],[5.1766,59.3074],[5.2826,59.2718],[5.3503,59.3905],[5.3438,59.2659],[5.5285,59.2659],[5.7171,59.3371],[5.6829,59.4142],[5.6805,59.5092],[5.7995,59.432],[5.8159,59.3134],[6.1134,59.527],[6.0763,59.4202],[5.8775,59.3134],[6.0203,59.254],[6.2375,59.2837],[6.0326,59.2007],[5.7719,59.0762],[5.8223,59.017],[5.9404,58.9341],[6.0505,58.9814],[6.2661,58.9933],[6.0412,58.9518],[5.9837,58.8867],[6.0936,58.798],[5.7937,58.9163],[5.6658,58.8216],[5.6275,58.9637],[5.4746,58.9755],[5.531,58.8808],[5.3997,58.7152],[5.6155,58.4552],[5.8738,58.4316],[6.2313,58.2782],[6.6517,58.172],[6.4791,58.0895],[6.6437,58.0424],[6.7257,58.1367],[6.8742,58.0778],[6.9586,57.9717],[7.9084,58.066],[8.0302,58.066],[8.1537,58.0895],[8.1752,58.172],[8.9217,58.5379],[9.1459,58.6561],[9.3716,58.7861],[9.3462,58.8453],[9.6976,58.9992],[9.9376,58.94],[10.1723,58.9874],[10.2111,59.0703],[10.3633,59.2125],[10.4296,59.26],[10.3786,59.3667],[10.4071,59.4973],[10.5697,59.5805],[10.6336,59.4499],[10.5493,59.3786],[10.6568,59.2244],[10.7689,59.1177],[10.8292,59.1058],[11.1121,59.1651],[11.1789,59.0703]]],[[[8.5596,55.3561],[8.6451,55.069],[8.6161,54.8874],[8.596,54.7614],[8.7421,54.6078],[8.9506,54.4186],[8.8524,54.3316],[8.5539,54.2754],[8.5807,54.1937],[8.884,54.2294],[8.9617,54.2759],[9.0562,54.3486],[9.1361,54.2977],[9.1652,54.3195],[9.2161,54.2904],[9.2597,54.305],[9.296,54.2468],[9.4414,54.2468],[9.4487,54.1887],[9.674,54.1887],[9.7394,54.2759],[9.8267,54.2759],[9.8848,54.2541],[10.1417,54.3368],[10.0649,54.4339],[9.8648,54.4114],[9.978,54.4901],[9.9867,54.5924],[9.8644,54.7263],[9.6103,54.88],[9.496,54.9383],[9.421,54.9765],[9.5178,55.1287],[9.5166,55.2231],[9.5439,55.3513],[9.6302,55.4594],[9.7045,55.4835],[9.729,55.474],[9.768,55.467],[9.811,55.437],[9.887,55.342],[9.888,55.337],[9.897,55.286],[9.897,55.28],[10.006,55.193],[10.099,55.188],[10.108,55.186],[10.119,55.179],[10.15,55.137],[10.153,55.133],[10.154,55.127],[10.151,55.122],[10.135,55.117],[10.153,55.084],[10.498,55.029],[10.519,55.029],[10.529,55.029],[10.584,55.053],[10.599,55.058],[10.616,55.061],[10.627,55.061],[10.666,55.061],[10.726,55.062],[10.733,55.064],[10.74,55.067],[10.779,55.118],[10.783,55.122],[10.786,55.128],[10.812,55.186],[10.816,55.205],[10.834,55.29],[10.835,55.294],[10.828,55.307],[10.791,55.363],[10.745,55.482],[10.747,55.491],[10.744,55.497],[10.662,55.585],[10.658,55.59],[10.634,55.61],[10.627,55.617],[10.619,55.619],[10.614,55.619],[10.611,55.617],[10.603,55.607],[10.607,55.602],[10.613,55.592],[10.617,55.564],[10.614,55.519],[10.609,55.492],[10.606,55.486],[10.6,55.483],[10.479,55.438],[10.469,55.437],[10.437,55.438],[10.426,55.439],[10.42,55.442],[10.418,55.447],[10.416,55.453],[10.422,55.464],[10.428,55.468],[10.445,55.479],[10.452,55.482],[10.474,55.515],[10.485,55.532],[10.406,55.586],[10.399,55.589],[10.327,55.612],[10.31,55.617],[10.299,55.617],[10.29,55.615],[10.213,55.599],[10.178,55.584],[10.165,55.579],[10.149,55.574],[10.125,55.568],[10.074,55.557],[10,55.541],[9.936,55.515],[9.922,55.51],[9.905,55.506],[9.895,55.506],[9.883,55.506],[9.865,55.51],[9.856,55.512],[9.843,55.519],[9.838,55.522],[9.835,55.527],[9.835,55.54],[9.832,55.545],[9.824,55.547],[9.813,55.547],[9.749,55.54],[9.7383,55.5344],[9.6901,55.6049],[9.9757,55.6203],[10.0071,55.7304],[10.1471,55.7649],[10.2299,55.9509],[10.1752,56.0759],[10.2934,56.1371],[10.4425,56.1509],[10.4961,56.0336],[10.7507,56.0973],[10.8887,56.3687],[10.8258,56.4433],[10.3138,56.4695],[10.2297,56.6051],[10.2162,56.8498],[9.8346,56.8899],[9.3701,56.8823],[9.3221,56.7189],[9.3119,56.4811],[9.1359,56.4604],[9.0027,56.6572],[8.8686,56.6161],[8.6749,56.3577],[8.4522,56.4116],[8.3088,56.4792],[8.1834,56.4315],[8.1245,56.2075],[8.1166,56.0923],[8.317,55.8489],[8.32,55.7677],[8.1251,55.6358],[8.0346,55.4759],[8.214,55.3986],[8.319,55.4811],[8.4813,55.3492],[8.5596,55.3561]]],[[[10.4507,57.458],[10.4012,57.5059],[10.5581,57.7451],[10.4795,57.7591],[10.3901,57.6606],[10.2895,57.6719],[9.8493,57.5818],[9.4487,57.2276],[9.3024,57.1658],[8.9599,57.1322],[8.6613,57.1041],[8.534,57.1406],[8.3589,57.0227],[8.1835,56.7985],[8.3682,56.6669],[8.4709,56.5969],[8.5071,56.6473],[8.666,56.7005],[8.7781,56.7985],[8.847,56.9863],[8.9709,57.0003],[9.0785,57.0368],[9.1412,57.0087],[9.3338,57.0227],[9.503,56.9751],[10.2566,57.0059],[10.3333,57.1715],[10.4628,57.2417],[10.4507,57.458]]],[[[12.4297,55.2447],[12.1584,55.3791],[12.3444,55.5077],[12.4091,55.5483],[12.4692,55.7106],[12.444,55.9677],[12.2377,55.9876],[12.088,55.967],[12.0526,55.7031],[11.9625,55.5813],[11.7281,55.6619],[11.5677,55.8848],[11.2963,55.6746],[11.1019,55.6337],[11.2301,55.3368],[11.2854,55.1886],[11.5848,55.1622],[11.7672,55.176],[11.9073,55.0213],[11.9696,54.9542],[12.077,54.9947],[12.3014,55.1703],[12.4297,55.2447]]],[[[-21.7289,65.1825],[-21.8092,65.0374],[-21.9783,64.9503],[-22.4503,64.9062],[-22.7784,64.8552],[-23.1356,64.8473],[-23.4367,64.8036],[-23.6112,64.7457],[-23.6746,64.6593],[-23.5083,64.559],[-23.2575,64.5738],[-22.5536,64.6255],[-22.3924,64.6617],[-22.2786,64.6188],[-22.0862,64.4396],[-21.8567,64.3826],[-21.4885,64.3761],[-21.8041,64.1104],[-22.3113,63.952],[-22.5066,63.8658],[-22.3729,63.7732],[-21.5475,63.7176],[-21.0791,63.7113],[-20.8799,63.7403],[-20.4039,63.6983],[-19.8267,63.4783],[-19.5531,63.4147],[-18.9608,63.3375],[-18.6419,63.3238],[-18.1569,63.3675],[-17.9441,63.4248],[-17.5915,63.6893],[-17.2444,63.7328],[-16.9175,63.7334],[-16.5338,63.7841],[-15.8765,63.9927],[-15.6341,64.0575],[-15.2665,64.2802],[-15.0768,64.2089],[-14.8212,64.195],[-14.5975,64.2671],[-14.3659,64.4756],[-14.3481,64.6695],[-14.2603,64.7128],[-13.8934,64.7207],[-13.6942,64.7786],[-13.6258,64.8939],[-13.5574,65.0094],[-13.5256,65.1833],[-13.5898,65.43],[-13.6469,65.4953],[-14.4001,65.5667],[-14.7541,65.6971],[-14.6407,65.9453],[-14.7633,66.0547],[-15.0708,66.0614],[-15.574,66.2068],[-15.8599,66.4187],[-16.3852,66.4544],[-16.3757,66.1321],[-16.568,66.0293],[-16.9221,65.9776],[-17.5697,66.0129],[-18.0225,66.0778],[-17.861,65.8371],[-17.8838,65.7568],[-18.1279,65.7855],[-18.369,65.8945],[-18.6763,66.0912],[-19.0441,66.0174],[-19.1654,66.0026],[-19.2745,65.9293],[-19.1559,65.7253],[-19.2392,65.6668],[-19.336,65.6739],[-19.556,65.7683],[-19.7477,65.9065],[-19.9733,66.1107],[-20.2174,66.0006],[-20.1413,65.6506],[-20.1684,65.5559],[-20.3889,65.4755],[-20.6725,65.424],[-20.8306,65.3656],[-21.0797,65.2054],[-21.4947,65.568],[-21.2962,65.6994],[-21.2425,65.8818],[-21.4432,66.1299],[-21.7791,66.2537],[-22.2098,66.2896],[-22.6764,66.3913],[-22.8411,66.281],[-22.5601,66.1132],[-22.4741,65.9964],[-22.6093,65.9231],[-22.9109,65.9444],[-23.3411,66.1337],[-23.4656,66.1334],[-23.6083,65.9796],[-23.4261,65.8267],[-23.267,65.7249],[-23.5705,65.6806],[-23.9726,65.6871],[-24.1615,65.6066],[-24.2189,65.5337],[-24.1469,65.4393],[-23.6785,65.3167],[-23.3742,65.3536],[-23.1832,65.4266],[-22.8137,65.4709],[-22.3616,65.4499],[-22.1465,65.3849],[-21.9548,65.378],[-21.7938,65.2985],[-21.7289,65.1825]]],[[[-42.8244,60.8016],[-42.8171,61.0256],[-43.0373,61.2917],[-42.6703,61.2643],[-42.4783,61.3068],[-42.3062,61.7289],[-42.2714,62.1944],[-42.4204,62.286],[-42.9191,62.4619],[-43.226,62.6809],[-42.7395,62.6889],[-42.2988,62.7394],[-42.2589,62.7324],[-41.9637,62.6904],[-41.8344,62.6906],[-41.7891,62.8468],[-41.9039,63.0525],[-41.9156,63.1236],[-41.6531,63.0957],[-41.4345,63.0392],[-41.227,63.253],[-41.223,63.3099],[-41.3782,63.5234],[-41.1634,63.5667],[-40.8939,63.5244],[-40.7657,63.5745],[-40.5162,63.7821],[-40.6912,63.9319],[-40.8926,64.0317],[-41.1042,64.0886],[-41.4841,64.2742],[-41.0111,64.3324],[-40.4724,64.3478],[-40.3553,64.427],[-40.3507,64.5275],[-40.4836,64.6854],[-40.8277,64.8935],[-41.0603,65.0375],[-40.2537,64.9667],[-40.0424,64.9815],[-39.8978,64.9529],[-39.7269,64.9965],[-39.6863,65.1706],[-39.7818,65.3519],[-39.992,65.5333],[-39.4271,65.5707],[-38.9894,65.5716],[-38.4674,65.6454],[-38.1103,65.821],[-37.9367,66.004],[-37.9249,66.2088],[-38.0418,66.3992],[-37.5673,66.3194],[-37.2094,66.3128],[-37.1548,66.3202],[-37.5789,65.5451],[-37.0479,65.7428],[-36.7705,65.7652],[-36.3244,65.7223],[-35.9719,65.8469],[-35.7745,66.1031],[-35.708,66.3522],[-35.2477,66.2285],[-34.7823,66.266],[-34.4331,66.384],[-33.9601,66.7669],[-33.6642,67.0624],[-33.214,67.47],[-32.956,67.641],[-32.578,67.7531],[-32.2675,67.8652],[-32.1238,67.8729],[-32.0372,67.9847],[-32.3555,68.4542],[-32.3591,68.544],[-32.3099,68.5441],[-32.0188,68.4474],[-31.6346,68.2538],[-31.3547,68.0456],[-31.0203,67.9568],[-30.7365,67.9276],[-30.305,67.9805],[-29.9945,68.3914],[-29.8254,68.4141],[-29.3997,68.2281],[-29.1621,68.251],[-28.8631,68.3262],[-28.4212,68.4167],[-28.3762,68.4168],[-28.1953,68.4171],[-27.9591,68.4774],[-26.9636,68.5017],[-26.8687,68.5267],[-26.3621,68.66],[-25.8016,68.8636],[-25.3244,69.0899],[-24.8966,69.3921],[-24.5835,69.3399],[-24.3333,69.3328],[-23.4444,69.5685],[-22.7323,69.7741],[-22.1575,70.0561],[-22.434,70.0785],[-23.0089,70.0927],[-23.4595,70.0919],[-23.5874,70.084],[-23.7753,70.1448],[-24.1952,70.2435],[-24.5847,70.304],[-25.4533,70.2871],[-26.252,70.1784],[-26.5226,70.1779],[-27.4749,70.2068],[-27.912,70.2825],[-28.3845,70.458],[-28.2218,70.6273],[-28.0835,70.8973],[-27.9162,70.998],[-27.6061,71.0682],[-27.0844,71.0846],[-26.3294,71.1324],[-26.086,71.1948],[-25.6949,71.273],[-25.8496,71.4357],[-26.7875,71.5583],[-26.3545,71.6058],[-26.1202,71.6686],[-25.6276,71.6306],[-25.2913,71.5689],[-24.913,71.4374],[-24.3864,71.1825],[-24.227,71.059],[-24.0402,70.7737],[-23.7537,70.5896],[-23.0842,70.4679],[-22.6157,70.4841],[-22.2032,70.4849],[-21.9573,70.4316],[-21.7138,70.3861],[-21.5471,70.4401],[-21.4708,70.5323],[-21.5601,71.0562],[-21.5918,71.211],[-21.726,71.4046],[-21.9044,71.4975],[-22.0297,71.4351],[-22.4309,71.3412],[-22.6485,71.7452],[-22.8178,71.8697],[-23.3813,72.0407],[-23.9196,72.1885],[-24.1365,72.2901],[-24.4778,72.3915],[-25.073,72.6344],[-25.7782,72.6095],[-26.4601,72.7265],[-27.0377,72.7491],[-27.3572,72.8591],[-27.5164,73.0963],[-27.5189,73.1598],[-27.4406,73.287],[-27.2628,73.343],[-26.8266,73.4075],[-26.4156,73.3685],[-25.7629,73.3538],[-25.498,73.4339],[-25.0099,73.4746],[-24.5689,73.6269],[-24.0764,73.7557],[-23.9086,73.724],[-23.4938,73.5093],[-22.8203,73.3275],[-22.2692,73.2649],[-21.7085,73.2739],[-21.4405,73.3937],[-20.8796,73.4425],[-20.3881,73.4221],[-20.3296,73.4196],[-20.3138,73.6668],[-20.3536,73.8106],[-20.6794,73.9221],[-21.1525,73.9933],[-21.7809,74.0162],[-22.0288,74.104],[-21.7623,74.3055],[-21.0315,74.2666],[-20.5022,74.2274],[-19.7162,74.2128],[-19.4251,74.2696],[-19.051,74.3347],[-18.8987,74.4398],[-19.0709,74.6089],[-19.4092,74.6811],[-19.8206,74.745],[-20.146,74.8416],[-20.424,74.8816],[-20.6158,74.9543],[-20.6689,75.0608],[-20.6792,75.3082],[-20.5118,75.3582],[-20.143,75.3093],[-19.5616,75.2277],[-19.3888,75.2611],[-19.1935,75.4435],[-19.1998,75.6928],[-19.3222,75.8927],[-19.5702,76.11],[-19.8835,76.1766],[-20.6328,76.2088],[-21.217,76.2666],[-21.751,76.3666],[-22.3777,76.6359],[-22.2502,76.8058],[-21.7733,76.8238],[-21.553,76.7562],[-21.1827,76.6975],[-20.5606,76.9112],[-19.9779,76.9463],[-19.6266,76.913],[-18.8829,76.8888],[-18.057,76.8053],[-17.942,76.8651],[-17.9201,77.0611],[-18.0164,77.2063],[-18.2534,77.3001],[-19.0644,77.2386],[-19.3147,77.2981],[-20.1049,77.3825],[-20.2351,77.5112],[-20.1743,77.5975],[-19.9437,77.6411],[-19.6409,77.6331],[-19.0857,77.5996],[-19.0592,77.6946],[-19.1773,77.8242],[-19.3358,77.8672],[-20.3913,77.9867],[-20.7767,77.9686],[-21.1112,77.8032],[-21.382,77.5866],[-21.5635,77.6294],[-21.7676,77.7673],[-21.7,77.9235],[-21.2557,78.4126],[-20.8788,78.8179],[-20.545,78.8362],[-20.0682,78.8018],[-19.7632,78.8731],[-19.5515,79.1926],[-19.4813,79.4603],[-19.3854,79.5499],[-19.1768,79.613],[-18.1023,79.6689],[-17.7677,79.7774],[-17.7692,79.9666],[-18.6046,80.0118],[-19.3159,79.9912],[-20.193,79.8538],[-20.2674,79.9989],[-20.0447,80.2397],[-19.7158,80.3373],[-19.045,80.4262],[-18.0492,80.4087],[-17.3327,80.4297],[-16.9196,80.411],[-16.4409,80.451],[-15.7344,80.6978],[-15.0126,80.8577],[-14.7622,80.9879],[-14.2019,81.2101],[-13.531,81.2723],[-12.6445,81.3858],[-12.5631,81.5086],[-12.7051,81.6213],[-13.2033,81.6718],[-13.714,81.7742],[-14.2525,81.8354],[-14.7463,81.8552],[-15.4988,81.9057],[-16.4654,81.9036],[-16.9734,81.7984],[-17.2897,81.6528],[-17.9635,81.5177],[-18.5894,81.5471],[-19.3174,81.597],[-20.0654,81.5235],[-20.4141,81.4307],[-21.1817,81.2866],[-21.8173,81.1135],[-22.6119,80.8718],[-23.3388,80.623],[-23.5533,80.6028],[-23.9117,80.5628],[-24.0554,80.6313],[-24.1096,80.7694],[-23.5329,81.0999],[-23.0953,81.2521],[-22.0529,81.5398],[-21.7979,81.757],[-22.0636,81.9648],[-22.9476,81.9002],[-23.6388,81.7738],[-24.3873,81.679],[-24.8766,81.5954],[-25.1785,81.636],[-25.9747,81.8311],[-26.3933,81.8615],[-26.8417,81.8501],[-27.8905,81.8479],[-28.8907,81.7937],[-30.6513,81.8107],[-31.2665,81.7783],[-32.4145,81.6516],[-32.7487,81.7647],[-32.5981,81.9736],[-32.0028,82.0695],[-31.8031,82.1226],[-31.1347,82.1981],[-30.6127,82.2099],[-29.7428,82.2224],[-29.0164,82.2345],[-28.3914,82.3104],[-27.3924,82.2806],[-26.1184,82.2514],[-25.4572,82.221],[-24.9023,82.2434],[-24.3837,82.2977],[-23.3474,82.3533],[-22.59,82.4191],[-22.3688,82.5055],[-22.2319,82.5596],[-22.4324,82.7433],[-23.5996,82.8499],[-24.1026,82.9255],[-24.7079,82.8913],[-25.3236,82.9999],[-26.4208,83.3423],[-27.1738,83.3856],[-27.9419,83.4064],[-28.8177,83.4721],[-29.0653,83.4264],[-29.344,83.4709],[-29.936,83.5035],[-30.7572,83.479],[-31.5937,83.5791],[-32.5132,83.577],[-33.5784,83.4839],[-34.4269,83.403],[-35.322,83.4687],[-36.4871,83.5113],[-37.3966,83.4753],[-38.5872,83.3824],[-38.4521,83.17],[-38.5872,82.8277],[-39.4894,82.8915],[-40.1946,82.9668],[-41.194,83.1862],[-41.8811,83.2628],[-42.4794,83.2279],[-43.8125,83.0803],[-44.8941,83.0779],[-45.2129,82.9667],[-44.6835,82.727],[-44.102,82.5764],[-43.9554,82.4905],[-44.3228,81.8231],[-44.683,81.7289],[-45.5252,81.8205],[-46.3703,81.944],[-47.3192,82.0891],[-47.897,82.2148],[-49.1365,82.3826],[-49.6476,82.4781],[-50.4385,82.4871],[-50.7724,82.4971],[-50.9054,82.3681],[-50.503,82.188],[-50.1359,81.9464],[-49.846,81.8113],[-49.938,81.6762],[-50.6261,81.7888],[-51.4623,81.975],[-52.3643,82.1205],[-52.816,82.1301],[-53.0104,81.68],[-53.2527,81.5352],[-53.6635,81.4626],[-53.7679,82.2446],[-54.2467,82.2968],[-54.5752,82.3281],[-55.7092,82.2404],[-56.5433,82.1432],[-57.0681,82.0892],[-58.0578,82.0344],[-58.1333,82.0132],[-57.8196,81.7838],[-57.074,81.5477],[-57.4442,81.4239],[-57.8053,81.505],[-58.3887,81.6066],[-59.3519,81.791],[-60.0387,81.8833],[-60.8873,81.8606],[-61.1224,81.7976],[-61.1122,81.7042],[-60.9517,81.3655],[-60.9567,81.2637],[-61.1118,81.1824],[-61.7053,81.1509],[-62.2513,81.1195],[-62.7748,81.1587],[-63.7254,81.0862],[-64.6083,80.9739],[-65.2413,80.8728],[-66.5217,80.7113],[-67.1428,80.5621],[-67.4103,80.2107],[-66.8512,80.0385],[-66.4194,79.9819],[-65.8996,80.0692],[-65.0237,80.0518],[-64.6232,79.9492],[-64.6755,79.9039],[-64.7995,79.6784],[-64.8905,79.3824],[-65.1645,79.3104],[-65.1527,79.3135],[-58.8297,78.238],[-52.0586,74.7049],[-51.8203,74.2131],[-55.9885,73.9205],[-55.7793,73.7045],[-55.3535,73.3463],[-55.15,73.283],[-54.7304,73.0376],[-54.5582,72.8716],[-54.6261,72.7213],[-54.7931,72.6657],[-55.104,72.752],[-55.3661,72.7278],[-55.2976,72.1612],[-55.4296,71.8713],[-55.6264,71.7304],[-55.6143,71.5979],[-55.4766,71.4891],[-55.0124,71.3346],[-54.3816,71.3047],[-53.9882,71.4141],[-53.8646,71.5466],[-53.7187,71.617],[-53.3229,71.8908],[-52.8134,71.7434],[-52.532,71.7049],[-52.0368,71.698],[-51.7201,71.5896],[-51.7914,71.5427],[-52.0356,71.48],[-52.198,71.3554],[-51.8934,71.2473],[-51.6754,71.2244],[-51.4038,71.0236],[-51.3264,70.823],[-50.9392,70.5772],[-50.7995,70.3854],[-50.8245,70.2473],[-51.1528,70.3233],[-51.8057,70.5294],[-52.3675,70.6669],[-52.6898,70.6817],[-53.6281,70.8186],[-53.8855,70.8104],[-54.158,70.8099],[-54.3032,70.7402],[-54.3735,70.7247],[-54.0085,70.5099],[-53.6663,70.357],[-53.2599,70.3347],[-52.9091,70.2894],[-52.1668,70.0688],[-51.6365,69.9402],[-51.1171,69.9411],[-50.5726,69.8663],[-50.4566,69.7376],[-50.6944,69.5329],[-50.7674,69.3364],[-50.3665,69.1939],[-50.2788,69.1112],[-50.2665,68.9532],[-50.3688,68.9079],[-50.6066,68.9601],[-50.8744,68.9446],[-50.9138,68.8093],[-50.9538,68.5393],[-51.0052,68.5092],[-51.2137,68.4789],[-51.6787,68.5005],[-52.3369,68.6641],[-52.6912,68.6634],[-52.8425,68.5058],[-52.6834,68.4537],[-51.9667,68.3055],[-51.5605,68.2316],[-50.9499,68.091],[-50.491,67.9726],[-50.3567,67.8909],[-50.4911,67.6454],[-50.4771,67.4822],[-50.9394,67.5258],[-51.3565,67.5918],[-51.5268,67.6509],[-51.876,67.6651],[-52.26,67.7386],[-52.8079,67.7748],[-53.1801,67.6626],[-53.319,67.6178],[-53.4358,67.6176],[-53.4684,67.5582],[-53.4941,67.4735],[-53.395,67.3623],[-53.1467,67.3951],[-52.9781,67.3103],[-53.1703,67.2858],[-53.2512,67.2139],[-53.3494,67.2103],[-53.4496,67.0844],[-53.3974,66.9959],[-53.2673,66.9224],[-53.1042,66.908],[-52.8468,66.9306],[-52.3032,66.9095],[-52.448,66.6073],[-52.6532,66.5678],[-52.9169,66.5445],[-53.2217,66.5309],[-53.3943,66.4518],[-53.3481,66.3243],[-52.8604,66.3532],[-52.6105,66.268],[-52.7297,66.2764],[-53.1084,66.034],[-53.1025,65.8732],[-52.8354,65.6549],[-52.536,65.4952],[-52.4138,65.4809],[-52.1869,65.5177],[-52.0777,65.3724],[-52.0843,65.2126],[-51.9917,65.0097],[-51.9402,64.6568],[-51.9574,64.3766],[-51.8048,64.2333],[-51.5214,64.3702],[-51.2797,64.4281],[-50.9937,64.6154],[-50.7718,64.659],[-50.3574,64.6957],[-50.1445,64.7393],[-50.0199,64.6101],[-50.0426,64.4376],[-50.2569,64.3797],[-50.439,64.2431],[-50.9879,64.0915],[-51.266,63.9264],[-51.355,63.8118],[-51.3658,63.726],[-51.1005,63.4695],[-50.8231,63.4915],[-50.6167,63.4348],[-50.5909,63.15],[-50.5188,63.0928],[-50.4658,63.0507],[-50.2217,63.0085],[-49.9737,62.9947],[-49.8575,62.9665],[-49.8893,62.8457],[-50.0959,62.668],[-50.1589,62.4624],[-50.0967,62.3564],[-50.0479,62.3141],[-49.6115,62.1947],[-49.4013,62.2163],[-49.206,62.1743],[-49.1164,62.1038],[-49.1483,61.7723],[-48.9155,61.421],[-48.5679,61.2461],[-48.2,61.1416],[-47.9692,61.0369],[-47.8694,60.939],[-47.8224,60.7782],[-47.6305,60.5968],[-47.4162,60.723],[-47.1594,60.8564],[-46.9721,60.8637],[-46.531,60.8926],[-46.3311,60.8719],[-46.1959,60.9352],[-46.0719,60.9424],[-45.7709,61.1041],[-45.6065,61.0204],[-45.4603,60.8946],[-45.4899,60.7966],[-45.6041,60.6845],[-45.6217,60.6006],[-45.362,60.4615],[-44.8562,60.3787],[-44.6822,60.2884],[-44.7531,60.0307],[-44.4674,59.7609],[-44.2761,60.0316],[-44.0523,60.1642],[-43.5788,59.9357],[-43.1436,59.8188],[-43.0145,59.8329],[-42.962,60.0341],[-43.1541,60.3053],[-43.4971,60.479],[-43.1499,60.5145],[-42.9272,60.501],[-42.7849,60.5292],[-42.7541,60.6969],[-42.8244,60.8016]]],[[[20.094,60.093],[20.008,60.067],[20.003,60.062],[19.999,60.055],[20.004,60.051],[20.129,59.995],[20.137,59.992],[20.203,59.977],[20.211,59.98],[20.226,60],[20.227,60.003],[20.212,60.06],[20.205,60.064],[20.193,60.065],[20.164,60.069],[20.123,60.081],[20.11,60.088],[20.109,60.092],[20.103,60.096],[20.094,60.093]]],[[[19.627,60.244],[19.612,60.253],[19.602,60.256],[19.589,60.257],[19.58,60.255],[19.572,60.252],[19.565,60.249],[19.541,60.23],[19.536,60.225],[19.512,60.181],[19.511,60.175],[19.523,60.151],[19.543,60.128],[19.551,60.125],[19.563,60.123],[19.575,60.122],[19.604,60.153],[19.673,60.15],[19.677,60.157],[19.674,60.173],[19.669,60.189],[19.666,60.193],[19.627,60.244]]],[[[19.808,60.377],[19.783,60.354],[19.78,60.349],[19.834,60.322],[19.839,60.32],[19.862,60.312],[19.868,60.317],[19.872,60.323],[19.874,60.329],[19.878,60.336],[19.883,60.342],[19.892,60.343],[19.899,60.34],[19.931,60.304],[19.937,60.295],[19.937,60.289],[19.935,60.283],[19.931,60.277],[19.817,60.188],[19.809,60.185],[19.796,60.187],[19.793,60.191],[19.761,60.238],[19.762,60.244],[19.768,60.249],[19.777,60.261],[19.783,60.293],[19.749,60.305],[19.649,60.262],[19.648,60.257],[19.696,60.164],[19.699,60.159],[19.722,60.126],[19.751,60.095],[19.772,60.081],[19.848,60.076],[19.859,60.076],[19.868,60.077],[19.873,60.081],[19.87,60.086],[19.869,60.091],[19.875,60.095],[19.895,60.097],[19.908,60.095],[19.918,60.093],[19.925,60.089],[19.928,60.084],[19.939,60.059],[19.944,60.043],[19.948,60.079],[19.951,60.085],[19.958,60.089],[19.968,60.09],[19.999,60.089],[20.022,60.086],[20.044,60.086],[20.051,60.09],[20.053,60.096],[20.051,60.101],[20.026,60.154],[19.987,60.17],[19.946,60.181],[19.937,60.184],[19.931,60.188],[19.927,60.193],[19.914,60.212],[19.914,60.217],[20.025,60.311],[20.037,60.311],[20.047,60.308],[20.062,60.301],[20.067,60.296],[20.12,60.24],[20.123,60.226],[20.106,60.221],[20.101,60.216],[20.082,60.179],[20.086,60.174],[20.092,60.17],[20.162,60.162],[20.172,60.164],[20.218,60.208],[20.277,60.274],[20.085,60.35],[19.906,60.4],[19.869,60.404],[19.857,60.404],[19.825,60.392],[19.808,60.377]]],[[[20.343,60.247],[20.341,60.241],[20.342,60.235],[20.345,60.231],[20.387,60.193],[20.397,60.195],[20.409,60.204],[20.441,60.243],[20.442,60.248],[20.441,60.253],[20.436,60.258],[20.394,60.267],[20.376,60.267],[20.366,60.266],[20.348,60.252],[20.343,60.247]]],[[[-8.511,71.013],[-8.581,70.992],[-8.764,70.951],[-8.888,70.932],[-8.921,70.926],[-8.934,70.923],[-9.106,70.872],[-9.114,70.867],[-9.12,70.863],[-9.12,70.858],[-9.076,70.809],[-9.071,70.807],[-9.059,70.804],[-9.043,70.804],[-9.006,70.808],[-8.989,70.811],[-8.955,70.822],[-8.949,70.831],[-8.938,70.84],[-8.632,70.956],[-8.62,70.959],[-8.566,70.964],[-8.495,70.969],[-8.46,70.971],[-8.432,70.968],[-8.419,70.965],[-8.409,70.96],[-8.394,70.959],[-8.291,70.974],[-8.119,71.004],[-8.008,71.03],[-7.991,71.038],[-7.985,71.043],[-7.982,71.048],[-7.928,71.146],[-7.927,71.151],[-7.932,71.157],[-7.95,71.168],[-7.96,71.172],[-7.971,71.176],[-7.984,71.179],[-7.997,71.181],[-8.109,71.173],[-8.129,71.171],[-8.326,71.141],[-8.344,71.137],[-8.356,71.133],[-8.382,71.121],[-8.434,71.082],[-8.443,71.072],[-8.452,71.058],[-8.499,71.022],[-8.511,71.013]]],[[[20.199,60.091],[20.2,60.086],[20.205,60.081],[20.263,60.054],[20.271,60.057],[20.298,60.104],[20.298,60.11],[20.295,60.121],[20.292,60.125],[20.287,60.129],[20.276,60.137],[20.269,60.141],[20.223,60.142],[20.216,60.139],[20.205,60.109],[20.199,60.091]]],[[[12.055,54.775],[12.072,54.786],[12.078,54.789],[12.089,54.794],[12.107,54.8],[12.12,54.806],[12.158,54.829],[12.167,54.834],[12.169,54.836],[12.169,54.839],[12.168,54.842],[12.137,54.869],[12.119,54.882],[12.111,54.887],[12.104,54.89],[12.096,54.892],[12.085,54.894],[12.079,54.894],[12.061,54.891],[12.038,54.892],[12.02,54.896],[11.997,54.904],[11.865,54.948],[11.851,54.955],[11.847,54.956],[11.767,54.962],[11.751,54.961],[11.742,54.959],[11.732,54.954],[11.713,54.942],[11.709,54.937],[11.752,54.859],[11.756,54.855],[11.782,54.849],[11.793,54.845],[11.802,54.839],[11.856,54.774],[11.899,54.719],[11.892,54.701],[11.878,54.688],[11.871,54.667],[11.872,54.651],[11.923,54.576],[11.929,54.573],[11.945,54.567],[11.964,54.562],[11.969,54.562],[11.979,54.567],[11.98,54.57],[11.979,54.576],[11.974,54.587],[11.968,54.609],[11.963,54.63],[11.96,54.648],[11.959,54.663],[11.961,54.676],[11.963,54.685],[11.97,54.699],[11.981,54.71],[12.055,54.775]]],[[[11.657,54.904],[11.649,54.907],[11.644,54.906],[11.642,54.904],[11.642,54.901],[11.643,54.878],[11.564,54.822],[11.514,54.83],[11.409,54.862],[11.393,54.868],[11.361,54.884],[11.351,54.892],[11.347,54.896],[11.34,54.911],[11.336,54.916],[11.331,54.919],[11.288,54.943],[11.276,54.95],[11.24,54.957],[11.193,54.957],[11.164,54.957],[11.136,54.954],[11.119,54.951],[11.071,54.941],[11.058,54.935],[11.042,54.923],[11.032,54.915],[11.027,54.91],[11.014,54.896],[11.014,54.89],[11.025,54.814],[10.99,54.791],[10.991,54.787],[10.995,54.783],[11.02,54.763],[11.026,54.759],[11.032,54.756],[11.099,54.742],[11.126,54.74],[11.144,54.737],[11.191,54.726],[11.246,54.712],[11.262,54.707],[11.278,54.7],[11.315,54.676],[11.35,54.659],[11.377,54.647],[11.451,54.621],[11.456,54.619],[11.461,54.619],[11.466,54.62],[11.473,54.623],[11.522,54.642],[11.579,54.663],[11.588,54.664],[11.641,54.662],[11.694,54.656],[11.723,54.651],[11.736,54.645],[11.776,54.641],[11.785,54.64],[11.834,54.661],[11.844,54.669],[11.856,54.683],[11.858,54.689],[11.862,54.743],[11.862,54.746],[11.849,54.766],[11.845,54.77],[11.735,54.855],[11.709,54.875],[11.657,54.904]]],[[[14.882,55.029],[14.942,55.013],[15.043,54.995],[15.052,54.995],[15.061,54.996],[15.077,55.001],[15.103,55.021],[15.107,55.026],[15.148,55.082],[15.15,55.089],[15.149,55.129],[15.141,55.139],[15.134,55.144],[15.123,55.149],[15.091,55.155],[15.074,55.16],[15.065,55.162],[14.997,55.187],[14.887,55.229],[14.839,55.251],[14.825,55.257],[14.82,55.261],[14.813,55.269],[14.806,55.276],[14.799,55.282],[14.77,55.306],[14.764,55.306],[14.76,55.304],[14.746,55.296],[14.744,55.292],[14.699,55.215],[14.678,55.102],[14.68,55.1],[14.729,55.073],[14.747,55.065],[14.882,55.029]]],[[[16.636,56.519],[16.727,56.702],[16.77,56.796],[16.779,56.806],[16.785,56.81],[16.808,56.824],[16.817,56.826],[16.828,56.825],[16.837,56.827],[16.841,56.832],[16.848,56.844],[16.88,56.93],[16.927,57.038],[16.961,57.075],[17.009,57.132],[17.051,57.187],[17.124,57.321],[17.106,57.348],[17.099,57.351],[17.057,57.359],[17.036,57.352],[17.022,57.345],[17.01,57.337],[16.993,57.325],[16.983,57.316],[16.973,57.305],[16.966,57.294],[16.961,57.28],[16.959,57.274],[16.96,57.257],[16.966,57.242],[16.963,57.229],[16.959,57.224],[16.9,57.135],[16.848,57.064],[16.749,56.94],[16.645,56.884],[16.629,56.879],[16.617,56.874],[16.612,56.868],[16.543,56.776],[16.42,56.586],[16.396,56.536],[16.393,56.529],[16.392,56.465],[16.403,56.274],[16.411,56.225],[16.416,56.215],[16.421,56.211],[16.43,56.209],[16.437,56.211],[16.474,56.224],[16.486,56.231],[16.496,56.241],[16.553,56.326],[16.572,56.355],[16.576,56.361],[16.575,56.367],[16.572,56.372],[16.57,56.377],[16.569,56.388],[16.571,56.394],[16.577,56.407],[16.636,56.519]]],[[[18.4556,57.1569],[18.4983,57.1653],[18.5147,57.1694],[18.5519,57.1828],[18.6581,57.2208],[18.7119,57.2417],[18.7144,57.2469],[18.7883,57.4483],[18.7694,57.4672],[18.7681,57.4722],[18.7597,57.508],[18.7933,57.6592],[18.8092,57.7036],[18.8489,57.7211],[18.9294,57.7397],[19.0333,57.8269],[19.0039,57.8989],[19.0061,57.9036],[19.0047,57.9086],[18.9142,57.9175],[18.9025,57.9183],[18.8819,57.9197],[18.725,57.9228],[18.7161,57.9211],[18.69,57.9161],[18.6819,57.9136],[18.4811,57.8186],[18.4672,57.8119],[18.4614,57.8078],[18.4564,57.8028],[18.4197,57.7603],[18.4017,57.7386],[18.3819,57.7186],[18.3558,57.6958],[18.3389,57.6817],[18.2947,57.6458],[18.2761,57.6342],[18.2492,57.6208],[18.2422,57.6175],[18.2278,57.6114],[18.2119,57.6058],[18.1914,57.5961],[18.1792,57.5883],[18.1386,57.5511],[18.1192,57.5311],[18.1114,57.5194],[18.11,57.5131],[18.1103,57.4961],[18.1153,57.4808],[18.1425,57.4094],[18.1581,57.3158],[18.1483,57.2353],[18.1733,57.1419],[18.2544,57.0792],[18.2567,57.0322],[18.2092,56.9892],[18.1583,56.9417],[18.1425,56.9203],[18.1403,56.915],[18.1478,56.9119],[18.1689,56.91],[18.2061,56.9119],[18.2156,56.9131],[18.295,56.9347],[18.3025,56.9375],[18.3467,56.9986],[18.3433,57.0144],[18.3358,57.0175],[18.3356,57.0233],[18.3392,57.0686],[18.3414,57.0739],[18.3456,57.0797],[18.3867,57.125],[18.3914,57.13],[18.3972,57.1342],[18.4172,57.1442],[18.4394,57.1528],[18.4556,57.1569]]],[[[-2.9394,58.73],[-2.9183,58.7319],[-2.9139,58.7339],[-2.8767,58.8203],[-2.8778,58.8242],[-2.8864,58.8319],[-2.8942,58.8369],[-2.8992,58.8383],[-2.9161,58.8389],[-2.9747,58.8353],[-3.0044,58.8331],[-3.01,58.8317],[-3.0289,58.8231],[-3.0336,58.8208],[-3.0369,58.8181],[-2.98,58.7503],[-2.9706,58.7419],[-2.9578,58.7347],[-2.9481,58.7306],[-2.9394,58.73]]],[[[-3.2283,58.885],[-3.2331,58.8872],[-3.3356,58.9275],[-3.3492,58.9269],[-3.3981,58.9172],[-3.4122,58.9106],[-3.4181,58.9042],[-3.4331,58.8789],[-3.4331,58.8747],[-3.4311,58.8714],[-3.3008,58.7781],[-3.2958,58.7761],[-3.2889,58.7756],[-3.2314,58.7756],[-3.1808,58.7792],[-3.1603,58.7811],[-3.1417,58.7847],[-3.1369,58.7867],[-3.1347,58.8008],[-3.1364,58.8042],[-3.2147,58.8742],[-3.2283,58.885]]],[[[-3.3611,58.9922],[-3.3456,58.9658],[-3.3133,58.95],[-3.3033,58.9458],[-3.195,58.9111],[-3.1883,58.91],[-3.1722,58.9108],[-3.1197,58.9192],[-3.1197,58.9233],[-3.1106,58.9281],[-3.0572,58.9358],[-3.0083,58.94],[-2.97,58.9394],[-2.8692,58.8933],[-2.8244,58.8789],[-2.7558,58.9178],[-2.7931,58.9514],[-2.8522,58.9756],[-2.9472,58.9983],[-2.9958,59.0558],[-2.9953,59.0667],[-2.9983,59.0697],[-3.0731,59.1192],[-3.0769,59.1217],[-3.1958,59.1472],[-3.2025,59.1486],[-3.2189,59.1486],[-3.2389,59.1461],[-3.2722,59.1414],[-3.2778,59.14],[-3.3175,59.1294],[-3.3503,59.11],[-3.3514,59.1064],[-3.3681,59.0142],[-3.3681,59.01],[-3.3631,58.9956],[-3.3611,58.9922]]],[[[-2.6917,59.19],[-2.6897,59.1867],[-2.6858,59.1842],[-2.6814,59.1958],[-2.625,59.2336],[-2.6206,59.2361],[-2.5772,59.2422],[-2.5708,59.2422],[-2.4956,59.245],[-2.39,59.2797],[-2.3903,59.2831],[-2.3972,59.3033],[-2.4,59.3103],[-2.4022,59.3128],[-2.4072,59.3139],[-2.4144,59.3136],[-2.5344,59.305],[-2.5556,59.3031],[-2.5928,59.2906],[-2.6844,59.2208],[-2.6906,59.2144],[-2.6925,59.2103],[-2.6936,59.1975],[-2.6917,59.19]]],[[[-3.0764,59.3314],[-3.0756,59.3275],[-3.0736,59.3242],[-3.0283,59.285],[-3.0033,59.2636],[-2.9992,59.2611],[-2.9922,59.2617],[-2.9881,59.2642],[-2.9769,59.2728],[-2.9742,59.2814],[-2.9764,59.2847],[-2.9719,59.2872],[-2.9656,59.2881],[-2.9586,59.2878],[-2.9367,59.2836],[-2.8769,59.2586],[-2.8731,59.2561],[-2.8731,59.2519],[-2.8775,59.2286],[-2.8531,59.2494],[-2.8497,59.2681],[-2.89,59.2953],[-2.8972,59.2997],[-3.0489,59.3292],[-3.0717,59.3314],[-3.0764,59.3314]]],[[[-1.2683,60.0936],[-1.3058,60.0128],[-1.3081,60.0089],[-1.3114,60.0067],[-1.3164,60.0089],[-1.3225,60.0075],[-1.3264,60.0044],[-1.33,60],[-1.3317,59.9969],[-1.3778,59.9064],[-1.3781,59.9022],[-1.3719,59.8917],[-1.3069,59.8575],[-1.2686,59.8511],[-1.2625,59.8583],[-1.2603,59.8622],[-1.2206,60.0225],[-1.2122,60.1028],[-1.1872,60.1272],[-1.1706,60.1372],[-1.1631,60.1375],[-1.1531,60.133],[-1.1467,60.1319],[-1.1286,60.1442],[-1.1256,60.1478],[-1.1261,60.1517],[-1.1575,60.1947],[-1.1806,60.225],[-1.1856,60.2306],[-1.1981,60.2558],[-1.2006,60.2633],[-1.1989,60.2678],[-1.195,60.2708],[-1.1869,60.2697],[-1.1658,60.2619],[-1.1642,60.2583],[-1.1011,60.2758],[-1.0661,60.3581],[-1.0378,60.44],[-1.0372,60.4442],[-1.0414,60.4469],[-1.1639,60.4544],[-1.2867,60.4711],[-1.2961,60.4911],[-1.2875,60.6133],[-1.2942,60.6311],[-1.2958,60.6347],[-1.3019,60.6367],[-1.4106,60.6069],[-1.4161,60.605],[-1.5469,60.5358],[-1.5931,60.5078],[-1.61,60.4814],[-1.6117,60.4767],[-1.6097,60.4742],[-1.565,60.4731],[-1.5583,60.4731],[-1.5536,60.4756],[-1.5022,60.4697],[-1.4458,60.4605],[-1.3203,60.3564],[-1.3458,60.34],[-1.4269,60.3214],[-1.4458,60.3186],[-1.4747,60.315],[-1.5897,60.3064],[-1.5967,60.3081],[-1.6283,60.3072],[-1.6553,60.3031],[-1.6669,60.2997],[-1.6914,60.2883],[-1.6928,60.2839],[-1.6931,60.2797],[-1.6781,60.2464],[-1.6744,60.2394],[-1.6647,60.2308],[-1.655,60.2261],[-1.6478,60.2247],[-1.5889,60.2158],[-1.5197,60.2011],[-1.5267,60.1944],[-1.5278,60.1908],[-1.5272,60.1869],[-1.5203,60.1814],[-1.4906,60.1678],[-1.4536,60.1525],[-1.4486,60.1511],[-1.3583,60.1925],[-1.3531,60.2089],[-1.3636,60.2297],[-1.3875,60.2372],[-1.4103,60.2494],[-1.4142,60.2519],[-1.4103,60.255],[-1.4033,60.2558],[-1.2914,60.2414],[-1.285,60.22],[-1.2617,60.1308],[-1.2603,60.1242],[-1.2611,60.1158],[-1.2631,60.1069],[-1.2683,60.0936]]],[[[-0.9967,60.7247],[-1.0569,60.7308],[-1.0847,60.7317],[-1.0925,60.7314],[-1.0986,60.73],[-1.11,60.7258],[-1.1772,60.6367],[-1.1794,60.6325],[-1.1814,60.6236],[-1.1836,60.6028],[-1.1825,60.595],[-1.1703,60.5272],[-1.1428,60.4925],[-1.14,60.4894],[-1.1275,60.4864],[-1.1047,60.4856],[-1.0294,60.4958],[-1.0256,60.4989],[-1.0233,60.5031],[-1.0192,60.515],[-1.0178,60.5194],[-0.9828,60.6514],[-0.9825,60.6555],[-0.9911,60.72],[-0.9967,60.7247]]],[[[-0.8831,60.8422],[-0.9389,60.7944],[-0.9597,60.7114],[-0.9656,60.688],[-0.9586,60.6825],[-0.9356,60.6744],[-0.835,60.6733],[-0.8197,60.6889],[-0.7636,60.7933],[-0.7572,60.8139],[-0.7581,60.8178],[-0.7678,60.8289],[-0.7728,60.8311],[-0.8061,60.8406],[-0.8783,60.8444],[-0.8831,60.8422]]],[[[-6.6417,61.4008],[-6.6553,61.4331],[-6.7094,61.5583],[-6.7244,61.5733],[-6.7289,61.5758],[-6.8894,61.645],[-6.9122,61.6436],[-6.9264,61.6414],[-6.9447,61.6367],[-6.96,61.6228],[-6.9628,61.6192],[-6.9583,61.5986],[-6.8458,61.468],[-6.7192,61.4075],[-6.6681,61.3894],[-6.6603,61.3883],[-6.6553,61.3894],[-6.6422,61.3972],[-6.6417,61.4008]]],[[[-6.7769,61.8953],[-6.7833,61.8969],[-6.8558,61.9069],[-6.8644,61.9075],[-6.9047,61.9078],[-6.9083,61.9047],[-6.9089,61.9011],[-6.8661,61.8375],[-6.8411,61.8175],[-6.8361,61.8178],[-6.7047,61.7775],[-6.6522,61.7428],[-6.6389,61.7505],[-6.63,61.7611],[-6.6042,61.8217],[-6.6042,61.8261],[-6.6522,61.8539],[-6.6614,61.8589],[-6.7769,61.8953]]],[[[-7.0414,62.0914],[-7.045,62.0944],[-7.0561,62.0986],[-7.1631,62.1288],[-7.2233,62.1594],[-7.2311,62.16],[-7.4264,62.1447],[-7.4336,62.1436],[-7.435,62.1403],[-7.4344,62.1278],[-7.4339,62.1236],[-7.4311,62.1161],[-7.3817,62.0681],[-7.3781,62.065],[-7.3522,62.0539],[-7.3456,62.0522],[-7.2511,62.0428],[-7.2333,62.0603],[-7.2325,62.0647],[-7.2267,62.0644],[-7.2119,62.0575],[-7.1983,62.05],[-7.1936,62.0433],[-7.1922,62.0397],[-7.1917,62.0311],[-7.2017,62.0186],[-7.1858,62.0197],[-7.1653,62.0236],[-7.0628,62.0494],[-7.055,62.0603],[-7.0497,62.0678],[-7.0411,62.0831],[-7.0403,62.0878],[-7.0414,62.0914]]],[[[-6.9739,62.1825],[-6.9908,62.1931],[-7.0367,62.2336],[-7.0425,62.24],[-7.045,62.2433],[-7.0522,62.2575],[-7.0575,62.2725],[-7.0625,62.2792],[-7.0658,62.2822],[-7.0706,62.2847],[-7.0875,62.2908],[-7.1281,62.3022],[-7.135,62.3039],[-7.1922,62.3078],[-7.1956,62.3047],[-7.2108,62.2847],[-7.2328,62.1981],[-7.2336,62.1933],[-7.235,62.18],[-7.2347,62.1758],[-7.2322,62.1725],[-7.1303,62.1256],[-7.0346,62.1121],[-6.9611,62.0467],[-6.8692,61.9975],[-6.7731,61.95],[-6.7253,61.9344],[-6.7178,61.9333],[-6.7069,61.9375],[-6.7025,61.9403],[-6.6961,61.9753],[-6.6964,61.9794],[-6.7189,62.0286],[-6.7247,62.035],[-6.735,62.0436],[-6.8414,62.1244],[-6.9164,62.1539],[-6.9458,62.1681],[-6.9739,62.1825]]],[[[-6.6322,62.2275],[-6.6236,62.2267],[-6.62,62.2297],[-6.6192,62.2344],[-6.6203,62.2381],[-6.6256,62.2533],[-6.6322,62.2592],[-6.7208,62.3314],[-6.7117,62.2939],[-6.6858,62.245],[-6.6814,62.2425],[-6.6581,62.2344],[-6.6322,62.2275]]],[[[-6.6575,62.0558],[-6.6575,62.0925],[-6.6569,62.0961],[-6.6542,62.0997],[-6.6497,62.1025],[-6.5881,62.1342],[-6.5978,62.1942],[-6.6011,62.1969],[-6.735,62.26],[-6.8072,62.2903],[-6.9381,62.3342],[-6.9503,62.3381],[-6.9581,62.3392],[-7.0603,62.3136],[-7.0625,62.2958],[-7.0294,62.2444],[-7.025,62.2378],[-7.0111,62.2264],[-6.9642,62.1933],[-6.9481,62.1825],[-6.9219,62.1672],[-6.7528,62.0928],[-6.6697,62.0586],[-6.6575,62.0558]]],[[[-6.4086,62.1886],[-6.4072,62.1917],[-6.3897,62.2461],[-6.3886,62.2508],[-6.3889,62.255],[-6.3922,62.258],[-6.3978,62.26],[-6.43,62.2689],[-6.4889,62.2883],[-6.4928,62.2914],[-6.5222,62.3181],[-6.5367,62.3425],[-6.5417,62.3575],[-6.5744,62.3499],[-6.549,62.3009],[-6.5509,62.251],[-6.5881,62.2397],[-6.5819,62.225],[-6.5725,62.2117],[-6.5556,62.1969],[-6.5272,62.1739],[-6.5181,62.1689],[-6.4186,62.1839],[-6.4122,62.1853],[-6.4086,62.1886]]],[[[-6.5656,62.2653],[-6.5617,62.2733],[-6.5611,62.2769],[-6.5614,62.2814],[-6.5664,62.2964],[-6.5736,62.3064],[-6.6322,62.3708],[-6.6381,62.3731],[-6.6458,62.3742],[-6.6547,62.3742],[-6.6608,62.3725],[-6.6658,62.3519],[-6.6667,62.3472],[-6.6683,62.3339],[-6.6681,62.3297],[-6.6644,62.3225],[-6.62,62.2669],[-6.6131,62.2611],[-6.6083,62.2586],[-6.595,62.2561],[-6.5858,62.2564],[-6.5725,62.2589],[-6.5656,62.2653]]],[[[-6.5469,62.3836],[-6.4886,62.3075],[-6.4803,62.2978],[-6.4228,62.2856],[-6.415,62.2844],[-6.4061,62.2844],[-6.3917,62.2969],[-6.4892,62.3814],[-6.4983,62.3864],[-6.5192,62.3969],[-6.5253,62.3961],[-6.5308,62.3942],[-6.5453,62.3869],[-6.5469,62.3836]]],[[[-22.2505,72.498],[-22.7294,72.6152],[-23.131,72.6775],[-23.7984,72.6605],[-23.657,72.4717],[-23.5854,72.4404],[-23.2649,72.3702],[-22.8328,72.269],[-22.1457,72.0273],[-21.9061,72.0512],[-21.8095,72.1454],[-21.8821,72.365],[-22.2505,72.498]]],[[[-51.9279,69.5155],[-51.8774,69.5307],[-51.8129,69.6216],[-52.084,69.7725],[-52.4336,69.8704],[-52.7012,69.9154],[-53.0375,70.0366],[-53.6167,70.1578],[-54.1375,70.1875],[-54.4283,70.2482],[-54.5937,70.2402],[-54.7227,70.0869],[-54.6869,69.707],[-54.5744,69.6089],[-54.4859,69.5636],[-54.1253,69.4812],[-53.8071,69.3383],[-53.5515,69.2784],[-53.3217,69.3241],[-52.8674,69.3928],[-52.5211,69.4766],[-52.1726,69.4923],[-51.9279,69.5155]]]]},"properties":{"NAME":"Kalmar Union","SUBJECTO":"Kalmar Union","PARTOF":"Kalmar Union","BORDERPRECISION":1,"LINK":null}},
{"type":"Feature","geometry":{"type":"MultiPolygon","coordinates":[[[[-61.9328,56.2808],[-62.0778,56.5037],[-62.1628,56.6123],[-62.2856,56.6937],[-62.3264,56.7685],[-62.1841,56.796],[-61.8488,56.7422],[-61.5446,56.7292],[-61.3606,56.7772],[-61.3353,56.8113],[-61.3506,57.002],[-61.4761,57.1041],[-61.8224,57.1921],[-62.0014,57.2941],[-62.186,57.4372],[-61.9992,57.5128],[-61.8284,57.5541],[-61.8881,57.725],[-62.0147,57.8412],[-62.3492,57.9022],[-62.4948,57.9568],[-62.5097,57.9717],[-62.5767,58.0389],[-62.7411,58.3886],[-62.999,58.3744],[-63.042,58.5255],[-62.887,58.6564],[-63.0057,58.8145],[-63.4758,59.1583],[-63.7441,59.517],[-64.0974,59.7446],[-64.3706,60.0144],[-64.6706,60.1809],[-64.9007,59.8816],[-64.9879,59.8191],[-65.429,59.7767],[-65.5517,59.7142],[-65.5554,59.5758],[-65.2626,59.3482],[-65.5051,59.1752],[-65.7187,59.0575],[-65.8614,58.7953],[-65.9102,58.4513],[-65.9291,58.4238],[-66.241,58.7464],[-66.3281,58.8014],[-66.4746,58.808],[-66.6246,58.5599],[-66.8209,58.3877],[-67.107,58.3047],[-67.6347,58.2694],[-67.7724,58.2485],[-68.0046,58.1657],[-68.1294,58.3097],[-68.0927,58.3647],[-68.0947,58.4815],[-68.2648,58.6394],[-68.5694,58.7833],[-68.6982,58.79],[-69.0496,58.7686],[-69.2142,58.7477],[-69.7258,58.5609],[-69.8942,58.6845],[-69.8324,58.9877],[-69.6765,58.981],[-69.476,58.9745],[-69.3647,59.0506],[-69.3426,59.2093],[-69.4461,59.3956],[-69.5073,59.7205],[-69.7043,60.3178],[-69.649,60.5202],[-69.3895,60.6745],[-69.3838,60.8564],[-69.5363,60.9892],[-69.7021,60.8978],[-70.0283,60.8832],[-70.9092,61.0426],[-71.6734,61.2657],[-71.8562,61.3707],[-71.7239,61.5467],[-72.0819,61.7432],[-72.495,61.9116],[-72.8343,62.1157],[-72.9486,62.172],[-73.3946,62.355],[-73.6597,62.3899],[-73.7402,62.3614],[-73.835,62.34],[-74.2219,62.2403],[-74.7078,62.1758],[-75.3559,62.1816],[-75.6946,62.2163],[-76.1882,62.3214],[-76.9896,62.4898],[-77.3616,62.5175],[-77.6182,62.432],[-77.8676,62.29],[-78.0049,62.0989],[-77.9854,61.8589],[-77.8754,61.7393],[-77.6014,61.6201],[-77.4591,61.5289],[-77.4622,61.4726],[-77.6884,61.1561],[-78.1765,60.7418],[-77.3885,60.6943],[-77.391,60.5755],[-77.5072,60.4146],[-77.4854,60.3239],[-77.3434,60.143],[-77.2624,59.983],[-77.2148,59.7475],[-77.3477,59.6227],[-77.5487,59.6154],[-77.6615,59.5736],[-77.7932,59.3867],[-78.042,58.9928],[-78.4326,58.7577],[-78.4688,58.7095],[-78.3368,58.5515],[-78.2687,58.531],[-78.0648,58.4076],[-77.9016,58.3529],[-77.6597,58.2365],[-77.4044,58.1136],[-77.1942,57.9905],[-76.7724,57.6625],[-76.665,57.519],[-76.5545,57.2801],[-76.4386,56.8097],[-76.4623,56.5775],[-76.4629,56.5714],[-76.5694,56.2721],[-76.7645,56.0274],[-77.2338,55.6065],[-77.5169,55.4707],[-78.3079,55.0438],[-78.5893,54.922],[-78.9818,54.8138],[-79.5451,54.6919],[-79.3987,54.2764],[-79.5451,54.6919],[-75.3701,54.6621],[-75.0514,56.7185],[-74.5237,60.1234],[-68.8329,57.3399],[-68.2138,57.037],[-66.4598,57.577],[-64.5972,58.1504],[-64.2872,57.7941],[-62.3657,55.5861],[-62.2767,55.5871],[-61.9328,56.2808]]],[[[-65.1645,79.3104],[-65.3041,79.2209],[-65.4849,79.1582],[-66.3587,79.1744],[-66.8543,79.1289],[-67.9691,79.1268],[-68.3485,79.0905],[-68.8385,78.9741],[-69.2663,78.7962],[-69.8468,78.7598],[-70.7802,78.6873],[-71.4628,78.6243],[-72.0188,78.5792],[-72.3832,78.5257],[-72.5453,78.3235],[-72.5254,78.1661],[-71.8884,77.9494],[-71.6695,77.9151],[-71.343,77.9418],[-71.0452,77.9163],[-70.678,77.8301],[-70.3795,77.6661],[-69.9936,77.5804],[-69.6875,77.5551],[-69.2921,77.599],[-68.9532,77.6342],[-68.4412,77.5833],[-67.8518,77.5931],[-67.3523,77.7065],[-66.8047,77.7768],[-66.4356,77.6822],[-66.1534,77.5532],[-66.1778,77.398],[-66.3093,77.3547],[-66.7838,77.2593],[-67.7363,77.1889],[-68.3406,77.1963],[-69.2521,77.2117],[-70.6184,77.2778],[-71.1839,77.2595],[-71.4483,77.1219],[-71.057,77.0285],[-70.5,76.8333],[-70.2167,76.8253],[-69.851,76.792],[-68.8562,76.7854],[-68.3763,76.7778],[-68.1859,76.7016],[-68.1444,76.5998],[-68.353,76.5486],[-69.0448,76.2938],[-67.6191,76.019],[-67.0367,75.9362],[-66.5634,75.9287],[-66.5404,75.9707],[-66.6839,76.3067],[-66.0268,76.1732],[-65.4745,76.0986],[-64.8359,76.167],[-64.4734,76.2519],[-64.0038,76.2949],[-63.6508,76.3799],[-62.9162,76.3645],[-62.4676,76.34],[-61.5075,76.2575],[-60.6511,76.1077],[-59.7835,75.9165],[-59.0683,75.8425],[-58.6357,75.7933],[-58.2285,75.6106],[-58.2053,75.2952],[-58.0746,75.2045],[-57.7743,75.0895],[-56.9394,74.919],[-56.6795,74.7006],[-56.1822,74.1206],[-55.9885,73.9205],[-51.8203,74.2131],[-52.0586,74.7049],[-58.8297,78.238],[-65.1527,79.3135],[-65.1645,79.3104]]],[[[-75.3092,67.458],[-75.1463,67.577],[-75.1288,67.9042],[-75.1195,68.113],[-75.4748,68.2542],[-75.8847,68.3431],[-76.4963,68.2672],[-76.7942,68.1472],[-77.1125,67.8484],[-77.2475,67.6548],[-77.1695,67.4397],[-77.0648,67.3287],[-76.8628,67.2625],[-76.2692,67.2488],[-75.7704,67.3015],[-75.3092,67.458]]],[[[-98.3043,69.3913],[-98.4774,69.3079],[-99.1715,69.1255],[-99.365,68.9745],[-98.8779,68.8851],[-98.606,68.8631],[-98.1682,68.7812],[-97.6056,68.6396],[-97.2087,68.6103],[-96.7936,68.5286],[-96.4728,68.5143],[-96.2127,68.5372],[-95.6443,68.7559],[-95.5146,68.8087],[-96.0072,69.041],[-96.1488,69.1688],[-96.1822,69.297],[-96.7615,69.4773],[-97.4074,69.7487],[-97.7416,69.8316],[-98.1154,69.8005],[-98.2526,69.6941],[-98.3043,69.3913]]],[[[-97.0824,73.6673],[-96.9367,73.7877],[-97.3471,73.8911],[-97.9566,73.9221],[-98.511,73.8649],[-98.7065,73.7523],[-98.9675,73.7278],[-99.2194,73.7433],[-99.6677,73.9189],[-99.8566,73.9185],[-100.1765,73.8217],[-100.934,73.8603],[-100.9937,73.8121],[-100.9138,73.7081],[-100.4334,73.5171],[-99.955,73.2629],[-99.963,73.1674],[-100.1495,73.1511],[-100.558,72.8726],[-100.8349,72.7455],[-101.042,72.7688],[-101.5207,72.8708],[-101.9852,73.0841],[-102.2792,73.1472],[-102.6687,72.8528],[-101.6537,72.3731],[-101.4063,72.2948],[-100.7592,72.241],[-100.3189,72.1397],[-99.8626,71.9289],[-99.4343,71.6406],[-98.939,71.3922],[-98.7181,71.3538],[-98.3719,71.37],[-98.0039,71.5497],[-98.4784,71.7985],[-98.484,71.8924],[-98.19,71.846],[-97.8419,71.6904],[-97.58,71.644],[-97.284,71.6524],[-97.0552,71.7153],[-96.8496,71.8798],[-96.7279,72.1857],[-96.6575,72.3431],[-96.3509,72.5012],[-96.4346,72.6984],[-96.6885,72.8165],[-96.8641,72.8241],[-97.2546,72.9343],[-97.7405,73.0127],[-98.0519,72.9724],[-98.2797,73.0196],[-98.3937,73.1306],[-98.3628,73.2181],[-98.1863,73.2901],[-97.4889,73.4588],[-97.3435,73.6108],[-97.0824,73.6673]]],[[[-108.3963,76.3034],[-108.3887,76.4895],[-108.7368,76.7947],[-108.965,76.871],[-109.4585,76.8189],[-109.7145,76.7502],[-109.9506,76.5798],[-110.3825,76.4349],[-109.7764,76.2755],[-109.353,76.0994],[-109.1026,75.8481],[-109.1438,75.7142],[-109.6459,75.6382],[-109.9119,75.6294],[-110.5498,75.6699],[-110.9818,75.644],[-111.3856,75.6599],[-111.8427,75.8178],[-112.5736,76.1606],[-112.8512,76.2275],[-113.5486,76.1335],[-113.8451,76.2171],[-114.1377,76.3855],[-114.3724,76.4696],[-114.948,76.4431],[-115.3767,76.3831],[-115.8021,76.34],[-116.0698,76.2635],[-116.2964,76.2378],[-116.15,75.9345],[-115.1503,75.7568],[-115.5822,75.6853],[-116.5036,75.6752],[-116.9978,75.6492],[-117.386,75.457],[-117.3966,75.4071],[-117.0124,75.2585],[-116.5721,75.2014],[-116.158,75.2353],[-115.9421,75.3103],[-115.1859,75.1543],[-114.828,75.1964],[-114.2467,75.2141],[-113.5153,75.29],[-112.8115,75.4158],[-112.3954,75.3916],[-111.1497,75.3525],[-111.3673,75.1037],[-111.8577,75.0368],[-112.1374,75.0445],[-112.662,75.0188],[-113.045,74.985],[-113.3774,74.9193],[-113.9258,74.902],[-114.2173,74.8446],[-114.0933,74.6744],[-113.4428,74.546],[-113.1061,74.5143],[-112.2028,74.4998],[-111.6006,74.5899],[-110.8692,74.721],[-110.4296,74.8354],[-110.0877,74.9173],[-109.5782,75.0081],[-109.0703,75.1329],[-108.7905,75.1251],[-107.9998,75.0441],[-107.4796,75.0121],[-106.7228,75.0548],[-106.371,75.0554],[-106.0312,75.1056],[-105.7735,75.2301],[-105.6122,75.4377],[-105.6295,75.6625],[-105.498,75.8466],[-105.9172,76.0218],[-106.59,76.1299],[-106.774,76.0959],[-106.8419,75.9697],[-106.6915,75.7607],[-107.5036,75.9433],[-107.9087,75.9593],[-108.1633,76.0092],[-108.3963,76.3034]]],[[[-94.1086,72.222],[-93.7238,72.3879],[-93.6393,72.5299],[-94.2658,72.8527],[-93.6949,72.8776],[-92.6243,72.8083],[-92.0006,72.8411],[-91.3196,73.2552],[-90,73.5908],[-90,73.7835],[-90,73.8639],[-90,73.904],[-90,73.9998],[-91.0514,74.0474],[-91.5242,74.0546],[-92.1163,73.9892],[-92.6933,74.0122],[-93.3523,74.1236],[-93.899,74.1628],[-94.8682,74.1368],[-94.9736,74.1044],[-95.0685,74.0641],[-94.9855,73.9356],[-94.7985,73.8157],[-94.758,73.7437],[-95.3234,73.7586],[-95.4931,73.6143],[-95.6145,73.3188],[-95.6408,73.1437],[-95.5476,72.882],[-95.1239,72.5192],[-95.0584,72.2831],[-94.5424,72.1898],[-94.1086,72.222]]],[[[-80.7661,75.6096],[-81.1761,75.7172],[-81.5316,75.8585],[-81.7031,75.875],[-82.8687,75.8811],[-83.5587,75.9049],[-84.4367,75.7945],[-85.2033,75.7429],[-85.8303,75.6166],[-86.179,75.4081],[-86.618,75.4322],[-86.9169,75.548],[-87.2929,75.6555],[-87.6377,75.7049],[-88.0349,75.6208],[-88.5188,75.6199],[-88.6474,75.5946],[-88.6666,75.4532],[-88.7627,75.4198],[-89.0422,75.4608],[-89.3694,75.6516],[-89.5935,75.86],[-89.8017,75.9182],[-90,75.9678],[-90,75.967],[-90,75.9501],[-91.1564,75.9743],[-90,76.1847],[-90,76.2613],[-90,76.2817],[-90,76.2875],[-89.8115,76.3725],[-90,76.4552],[-90,76.4731],[-90,76.5908],[-91.1346,76.6325],[-92.2471,76.6219],[-92.7989,76.5869],[-93.0849,76.527],[-93.0639,76.3748],[-92.7862,76.2403],[-92.2241,75.9472],[-92.0928,75.8051],[-92.1012,75.6381],[-92.3655,75.4213],[-92.1665,75.0988],[-91.8668,74.7889],[-91.3577,74.7574],[-91.054,74.9773],[-90,74.7184],[-90,74.6422],[-90,74.63],[-89.6981,74.6146],[-89.2686,74.7046],[-89.122,74.8509],[-88.9471,74.9324],[-88.3902,74.9905],[-88.3257,74.682],[-88.1436,74.569],[-87.4898,74.5378],[-87.116,74.5709],[-86.3057,74.621],[-86.2116,74.8157],[-85.9891,74.808],[-85.7224,74.7193],[-85.1182,74.6232],[-84.8956,74.6236],[-84.5679,74.6161],[-84.1585,74.6655],[-83.8224,74.6418],[-83.581,74.699],[-83.6136,75.0242],[-83.4487,75.0823],[-83.0738,74.9841],[-82.936,74.684],[-82.7536,74.6276],[-82.373,74.5555],[-82.0274,74.5319],[-81.7345,74.5728],[-81.4683,74.5814],[-80.3493,74.6159],[-80.5605,74.9156],[-80.4999,75.0301],[-79.6751,75.2133],[-79.4952,75.2798],[-79.5766,75.3957],[-79.7392,75.4701],[-79.8338,75.4865],[-80.128,75.5442],[-80.7661,75.6096]]],[[[-107.5273,72.0164],[-107.5904,71.8988],[-108.0605,71.7571],[-108.3479,71.913],[-108.7822,72.3912],[-108.8697,72.6198],[-108.9863,72.7302],[-109.29,72.8404],[-109.8335,72.9504],[-110.4546,73.0127],[-110.5246,72.9967],[-110.0794,72.5622],[-110.2299,72.5304],[-110.5709,72.5376],[-110.8403,72.474],[-111.1966,72.371],[-111.4936,72.3625],[-111.7255,72.3306],[-111.6408,72.7253],[-112.0635,72.8432],[-112.8389,72.9527],[-113.2413,72.944],[-113.7535,72.6976],[-114.1044,72.6416],[-114.4727,72.6251],[-114.4629,72.9893],[-114.2164,73.1487],[-114.1851,73.2442],[-114.647,73.3549],[-115.1479,73.3141],[-115.4632,73.1941],[-116.0592,73.1214],[-116.6429,73.0011],[-116.8105,72.9215],[-117.2197,72.8573],[-118.3988,72.4757],[-118.9856,72.0342],[-118.9684,71.9088],[-118.6491,71.7998],[-118.3376,71.8239],[-118.0449,71.7384],[-117.7402,71.5829],[-117.4908,71.4976],[-117.3139,71.4746],[-116.604,71.546],[-115.6935,71.5789],[-115.517,71.4234],[-115.7423,71.2986],[-116.1611,71.2512],[-116.9621,71.1876],[-117.4102,71.2022],[-118.0022,71.108],[-118.3726,71.0841],[-118.4988,71.0528],[-118.5035,70.9599],[-117.7607,70.7217],[-117.4888,70.7222],[-117.059,70.7462],[-116.2966,70.7707],[-115.5905,70.7644],[-113.7641,70.7369],[-112.8902,70.646],[-111.8499,70.4247],[-111.5437,70.3254],[-111.7305,70.2559],[-112.5006,70.2391],[-112.9911,70.2382],[-113.9538,70.2594],[-114.3744,70.2586],[-115.1466,70.2725],[-115.5535,70.2334],[-115.9631,70.225],[-116.2141,70.2322],[-116.4856,70.1473],[-117.1929,70.123],[-117.4318,70.023],[-117.5682,69.9922],[-116.9949,69.7426],[-116.6562,69.5159],[-116.2955,69.4258],[-115.9066,69.3509],[-115.3407,69.2991],[-113.9246,69.2489],[-113.7168,69.204],[-113.5391,69.1138],[-113.54,68.9781],[-113.6291,68.9328],[-113.602,68.7224],[-113.1522,68.5956],[-112.7399,68.5888],[-112.5225,68.6343],[-111.6294,68.6059],[-111.0874,68.6444],[-110.4482,68.6531],[-109.2094,68.8132],[-108.6456,69.0023],[-108.0107,69.0487],[-107.5362,69.0571],[-107.0347,69.2844],[-106.8538,69.4509],[-106.5924,69.4968],[-106.3753,69.4821],[-106.1793,69.3312],[-105.9304,69.2336],[-104.9051,69.0093],[-104.1878,68.8978],[-103.6503,68.8612],[-103.1782,68.8545],[-102.5404,68.9084],[-102.2779,68.954],[-102.0451,69.0674],[-101.8084,69.1356],[-101.8037,69.2413],[-102.198,69.4823],[-102.5023,69.4288],[-102.7784,69.3603],[-103.2675,69.3291],[-103.3613,69.6391],[-103.2461,69.6924],[-102.7867,69.7084],[-102.4875,69.8],[-102.2395,69.8763],[-101.8139,69.7709],[-101.4493,69.6654],[-100.9671,69.6284],[-100.8913,69.674],[-101.0552,70.0308],[-101.5106,70.2061],[-102.4357,70.4654],[-103.1163,70.5103],[-103.6345,70.6248],[-103.8636,70.7015],[-104.4938,70.9939],[-104.5946,71.0479],[-104.6754,71.1873],[-104.5251,71.4596],[-104.4453,71.5688],[-104.4671,71.6545],[-104.8523,71.9274],[-105.0104,72.0447],[-105.2405,72.3349],[-105.3126,72.6501],[-105.4475,72.7922],[-105.6093,72.8711],[-106.5232,73.1949],[-107.3221,73.265],[-108.1815,73.3829],[-108.284,73.2234],[-108.0866,72.6291],[-107.5273,72.0164]]],[[[-156.1455,71.0831],[-155.9729,71.1455],[-156.0432,71.223],[-156.3471,71.3313],[-156.474,71.3544],[-156.9047,71.3459],[-157.3179,71.1585],[-157.8119,70.9714],[-158.4169,70.9083],[-158.8552,70.8843],[-159.3694,70.8988],[-160.2403,70.8585],[-160.2483,70.7656],[-159.9096,70.6041],[-159.861,70.5404],[-143.608,68.6496],[-128.3675,66.8766],[-98.7343,65.6289],[-92.8939,62.126],[-92.5792,62.2693],[-92.1022,62.4118],[-91.8909,62.6036],[-92.4553,62.7941],[-92.2902,62.9152],[-92.0604,62.8872],[-91.4175,62.8529],[-90,62.9462],[-90,63.0961],[-90,63.1815],[-90,63.3024],[-91.0267,63.3946],[-91.6417,63.5147],[-92.351,63.5848],[-93.3169,63.9736],[-91.9838,63.8286],[-91.5862,63.7935],[-90,63.6091],[-90,63.5614],[-89.8704,63.5752],[-89.8615,63.6467],[-90,63.9039],[-89.9945,64.0328],[-89.9727,64.1905],[-89.4948,64.0194],[-89.0774,63.9629],[-88.7045,63.9851],[-88.3771,64.0573],[-87.9918,64.2517],[-87.4352,64.5689],[-87.1573,65.0596],[-87.6163,65.0734],[-88.1714,65.1304],[-88.9044,65.3252],[-89.6924,65.6733],[-90,65.7679],[-90,65.8931],[-90,65.9716],[-90,65.9736],[-89.7776,65.98],[-89.5087,65.9292],[-89.1774,65.8129],[-88.642,65.7117],[-88.5409,65.6754],[-88.1735,65.4575],[-87.7869,65.3491],[-87.5498,65.3495],[-87.254,65.4301],[-86.3337,65.9279],[-86.0587,66.0748],[-85.9871,66.1628],[-86.5769,66.3524],[-86.8531,66.462],[-86.739,66.5651],[-85.9032,66.6182],[-85.3868,66.6118],[-85.1185,66.3331],[-84.9495,66.2747],[-84.37,66.3125],[-84.0587,66.2764],[-83.7405,66.3063],[-84.4077,66.7094],[-85.0216,66.9441],[-84.7139,67.0703],[-84.4904,67.0485],[-84.2264,66.9309],[-83.482,66.4977],[-83.1387,66.3735],[-82.6335,66.6023],[-82.33,66.6396],[-81.6967,66.9873],[-81.4992,67.0689],[-81.2844,67.3579],[-81.295,67.4987],[-81.7937,67.7578],[-82.1783,67.9954],[-82.493,68.3233],[-82.6318,68.5551],[-82.6873,68.6975],[-82.3278,68.8183],[-82.2096,68.8185],[-81.8865,68.579],[-81.7771,68.5567],[-81.583,68.602],[-81.3699,68.7224],[-81.4799,69.1886],[-81.684,69.2788],[-81.9328,69.2481],[-82.1605,69.2477],[-82.7567,69.5488],[-84.3135,69.8262],[-84.5702,69.8333],[-84.7595,69.8026],[-85.1134,69.8171],[-85.3811,69.6953],[-85.4207,69.2944],[-85.0076,69.1368],[-84.5644,68.987],[-84.6246,68.7539],[-84.7727,68.7236],[-85.3998,68.76],[-85.5063,68.6772],[-85.6695,68.3398],[-85.7817,68.0408],[-86.051,67.854],[-86.395,67.6749],[-86.4884,67.3778],[-86.6545,67.3182],[-87.0579,67.2434],[-87.3254,67.1689],[-87.534,67.2943],[-87.8084,67.5163],[-88.3239,67.8125],[-88.4815,67.991],[-88.462,68.1776],[-88.3711,68.3123],[-88.0131,68.2681],[-87.8615,68.2834],[-87.7903,68.478],[-87.8844,68.6803],[-88.0974,68.8526],[-88.5761,69.1],[-88.905,69.2276],[-89.1404,69.2347],[-89.4411,69.0457],[-89.7356,68.5343],[-90,68.3691],[-90,68.6832],[-90,68.9534],[-90,69.1636],[-90,69.2314],[-90,69.33],[-90,69.489],[-91.1725,69.6467],[-91.441,69.6462],[-91.6151,69.5853],[-91.9773,69.6073],[-92.4593,69.7125],[-92.6712,69.7424],[-92.4842,69.9933],[-92.2708,70.1161],[-91.8278,70.1323],[-91.6577,70.2858],[-92.1681,70.5077],[-92.532,70.7304],[-93.0995,70.9688],[-92.9889,71.2402],[-93.0769,71.411],[-93.2712,71.5585],[-93.8381,71.7603],[-94.1658,71.8457],[-94.4172,71.8843],[-95.2458,71.875],[-95.4106,71.859],[-95.6587,71.71],[-95.7621,71.6942],[-95.6718,71.5696],[-95.3527,71.4067],[-95.4304,71.2512],[-95.493,71.2355],[-95.9575,71.3512],[-96.1316,71.3353],[-96.3983,71.2028],[-96.6592,70.9312],[-96.6997,70.8384],[-96.1653,70.6696],[-95.9467,70.5699],[-96.3255,70.3615],[-96.4741,70.2998],[-96.464,70.1542],[-96.4226,70.093],[-96.127,69.9408],[-95.697,69.843],[-95.3096,69.7375],[-94.7496,69.6552],[-94.4232,69.6937],[-94.0367,69.5505],[-93.7307,69.4981],[-93.3272,69.4837],[-92.9925,69.5146],[-92.9561,69.0843],[-92.9855,68.9638],[-93.1943,69.0387],[-93.5271,69.219],[-93.7844,69.2185],[-93.9798,69.1427],[-94.3425,69.1119],[-94.5831,68.8781],[-94.1384,68.8413],[-93.7739,68.9247],[-93.6358,68.925],[-93.4669,68.7674],[-93.3992,68.6025],[-93.4141,68.5425],[-93.6468,68.4746],[-93.8627,68.4742],[-94.084,68.4513],[-94.637,68.069],[-95.0021,68.0534],[-95.3225,68.0603],[-95.4388,67.9408],[-95.5004,67.7247],[-95.2907,67.2798],[-95.2587,67.0284],[-95.6865,67.1681],[-96.043,67.2118],[-96.1228,67.2412],[-96.2596,67.3151],[-96.3402,67.5448],[-96.211,67.9319],[-96.1681,67.9916],[-96.2079,68.0736],[-96.4321,68.1627],[-96.8183,68.1844],[-97.21,68.2734],[-97.5718,68.3699],[-97.8304,68.3994],[-98.3671,68.361],[-98.4071,68.159],[-97.7876,68.1303],[-97.4582,68.0712],[-97.1586,67.9674],[-97.1512,67.7365],[-97.2607,67.5951],[-97.4955,67.5872],[-97.9231,67.7202],[-98.3549,67.9353],[-98.886,67.8152],[-99.3677,67.7919],[-100.2119,67.8052],[-101.002,67.7963],[-101.3974,67.7063],[-101.913,67.7053],[-102.218,67.7419],[-102.7631,67.8004],[-103.1961,67.8965],[-103.3075,67.9335],[-103.5827,68.1195],[-104.0189,68.0739],[-104.4543,68.1029],[-105.1419,68.2286],[-105.636,68.3549],[-105.912,68.3394],[-106.1186,68.2418],[-106.2119,68.1071],[-106.6296,68.0392],[-107.5045,67.9778],[-107.662,67.9626],[-107.7165,67.6276],[-107.6514,67.4272],[-107.5938,67.3383],[-107.1562,67.043],[-107.1282,66.9618],[-107.4058,66.9022],[-107.6111,66.8797],[-107.6002,66.7396],[-107.5276,66.563],[-108.348,67.0039],[-108.4852,67.0701],[-108.3277,67.1814],[-108.1011,67.2188],[-108.095,67.3596],[-108.6462,67.5589],[-108.8354,67.6106],[-109.4888,67.6911],[-110.1334,67.9058],[-110.532,67.92],[-110.9541,67.8745],[-111.3567,67.8216],[-111.7798,67.7464],[-112.1119,67.7234],[-112.5025,67.693],[-113.2898,67.6989],[-114.0663,67.7346],[-115.5617,67.8957],[-115.4021,68.2169],[-115.0201,68.2775],[-114.7654,68.3004],[-114.3447,68.2862],[-114.1087,68.3465],[-114.1945,68.4962],[-114.3896,68.6083],[-114.8315,68.7651],[-115.2851,68.8921],[-115.6898,68.9365],[-116.32,68.8977],[-116.8132,68.9118],[-117.328,68.9786],[-117.8323,69.0078],[-118.5395,69.1346],[-118.818,69.1642],[-119.2789,69.2615],[-120.2216,69.4184],[-120.8499,69.5686],[-121.6351,69.7643],[-122.3261,69.8845],[-122.8353,69.8911],[-123.0507,69.8603],[-123.2919,69.6399],[-123.8028,69.4345],[-124.2253,69.4034],[-124.6,69.4632],[-124.5081,69.5921],[-124.5344,69.7816],[-124.7069,69.9408],[-124.9893,69.8947],[-125.1396,69.8337],[-125.3862,69.818],[-125.4177,69.6965],[-125.1877,69.4092],[-125.2774,69.341],[-125.4546,69.3331],[-125.974,69.4304],[-126.0579,69.4605],[-126.6185,69.6791],[-126.7952,69.785],[-126.9971,70.0204],[-127.1663,70.2347],[-127.3517,70.3803],[-127.6673,70.5182],[-128.0111,70.6408],[-128.4159,70.6863],[-128.1212,70.4865],[-127.8055,70.3102],[-127.7255,70.1876],[-127.9398,70.0799],[-128.3091,69.995],[-128.7238,69.8725],[-129.0131,69.7202],[-129.9427,69.6426],[-130.4636,69.4674],[-130.8958,69.3003],[-131.673,69.2762],[-131.9994,69.0869],[-132.175,68.981],[-132.7133,68.8671],[-132.789,68.7091],[-132.6904,68.4616],[-133.3389,68.7982],[-133.7196,68.9179],[-133.4132,69.137],[-132.6179,69.2517],[-132.3032,69.4867],[-131.7544,69.6089],[-131.1946,69.6858],[-130.7033,69.8537],[-130.208,69.9154],[-130.0498,69.9689],[-129.8495,70.1507],[-130.2418,70.2059],[-130.7119,70.205],[-131.0591,70.1583],[-131.2355,70.0737],[-131.4462,69.9663],[-131.7766,69.9276],[-132.1665,69.8889],[-132.508,69.8579],[-132.8031,69.7586],[-133.0022,69.7583],[-133.1413,69.6746],[-133.6476,69.5069],[-133.9948,69.5063],[-134.776,69.573],[-134.8438,69.5274],[-135.104,69.4966],[-135.4392,69.5263],[-136.044,69.336],[-136.0149,69.1472],[-135.8595,69.0797],[-135.6989,68.9895],[-135.4958,68.719],[-135.6102,68.7038],[-135.8033,68.7711],[-136.2031,68.8756],[-136.9316,68.9495],[-137.2609,68.964],[-137.7285,69.0158],[-138.2751,69.1355],[-138.9955,69.3683],[-139.9007,69.571],[-140.3346,69.6232],[-140.7394,69.5846],[-141.0593,69.5955],[-141.1614,69.5989],[-141.704,69.7344],[-142.8025,70.0903],[-143.3076,70.1968],[-144.3603,70.1334],[-145.2725,70.1164],[-145.607,70.1924],[-146.1826,70.2681],[-147.7235,70.3267],[-148.1208,70.3798],[-148.7406,70.494],[-149.2863,70.5392],[-149.9385,70.4995],[-150.6386,70.4751],[-151.1442,70.4818],[-151.7256,70.5347],[-151.915,70.4958],[-152.1371,70.5339],[-152.4895,70.6952],[-152.6512,70.8185],[-152.9712,70.934],[-153.2931,70.9489],[-153.7711,70.9712],[-154.4613,70.9932],[-155.0999,71.0773],[-155.2337,70.984],[-155.4748,70.8519],[-155.6658,70.867],[-156.138,70.9281],[-156.1455,71.0831]]],[[[-101.7463,76.5445],[-101.8056,76.4427],[-101.8849,76.3327],[-101.6755,76.0635],[-101.9398,76.0378],[-102.1834,75.9282],[-102.516,75.9193],[-102.5336,75.7686],[-102.1496,75.644],[-102.0009,75.6527],[-101.5779,75.6869],[-100.6194,75.7889],[-100.097,75.7648],[-99.8957,75.615],[-99.9355,75.5399],[-100.1303,75.4896],[-100.474,75.3147],[-100.3871,75.1824],[-99.9442,75.0841],[-99.2935,75.0853],[-98.9058,75.1356],[-98.1638,75.0957],[-98.0016,75.1621],[-98.159,75.4435],[-98.1515,75.6016],[-97.7778,75.7525],[-97.6667,75.8614],[-97.6513,76.1384],[-97.8165,76.4757],[-97.9637,76.5517],[-98.2862,76.6274],[-98.6148,76.6778],[-98.8299,76.6179],[-98.9029,76.4144],[-99.0244,76.4226],[-99.2816,76.4983],[-99.7466,76.6162],[-100.0674,76.675],[-100.4976,76.6487],[-100.6937,76.6059],[-100.5105,76.4452],[-100.3435,76.3863],[-99.9122,76.1678],[-99.8665,76.0585],[-100.0738,76.0162],[-100.2654,76.0998],[-101.1395,76.4355],[-101.526,76.5364],[-101.7463,76.5445]]],[[[-74.5591,64.7801],[-74.2555,64.7662],[-73.6656,64.6018],[-73.1636,64.574],[-73.148,64.3441],[-72.73,64.015],[-72.3879,63.8582],[-71.8786,63.8019],[-71.2581,63.5673],[-71.5355,63.3599],[-71.6913,63.3311],[-71.6217,63.2101],[-71.3189,63.0613],[-70.7794,62.9556],[-70.6739,62.8622],[-70.6481,62.9274],[-70.3622,62.8641],[-70.0752,62.7723],[-69.5595,62.7094],[-69.1553,62.4196],[-68.6636,62.3073],[-68.014,62.259],[-67.4508,62.1329],[-66.765,61.9436],[-65.9403,61.79],[-66.1332,62.1],[-66.3323,62.3188],[-66.6807,62.5659],[-67.2638,62.8557],[-68.0926,63.1456],[-68.4765,63.3371],[-68.836,63.6504],[-68.8786,63.7503],[-68.486,63.7368],[-68.2308,63.6658],[-67.6816,63.4527],[-67.7657,63.8025],[-67.2879,63.5034],[-67.1442,63.3753],[-66.496,63.0774],[-66.0868,62.9929],[-65.7631,63.0219],[-65.698,63.0078],[-65.298,62.6961],[-65.021,62.5549],[-64.7678,62.4774],[-64.9379,62.711],[-65.1325,62.8952],[-65.1561,62.9875],[-64.7393,62.9315],[-64.735,63.0665],[-65.2095,63.6429],[-65.2628,63.7643],[-65.2507,63.8716],[-65.0015,63.7647],[-64.4154,63.245],[-64.3649,63.4375],[-64.4739,63.7443],[-64.6198,63.8513],[-65.053,64.0509],[-65.3086,64.1794],[-65.4232,64.2652],[-65.3271,64.3587],[-65.0418,64.4095],[-65.6628,64.588],[-65.9261,64.7098],[-66.1925,64.8894],[-66.321,64.9108],[-66.5977,64.7662],[-66.8287,64.9603],[-67.1042,65.3224],[-67.3294,65.584],[-67.5935,65.6199],[-67.8652,65.6267],[-68.2518,66.0642],[-68.3757,66.2837],[-68.085,66.189],[-67.7758,66.0285],[-67.6142,65.9118],[-67.3055,65.9343],[-67.161,65.9858],[-67.6335,66.2925],[-67.7599,66.3729],[-67.7491,66.4757],[-67.4592,66.513],[-67.2559,66.6163],[-66.9128,66.5949],[-66.5669,66.4633],[-66.0407,66.1855],[-65.7174,66.0543],[-65.2711,66.0186],[-65.1703,66.0114],[-65.0338,65.9532],[-65.155,65.785],[-65.1778,65.6536],[-64.8437,65.3776],[-64.4253,65.502],[-64.2837,65.3786],[-64.2758,65.2696],[-64.1836,65.1899],[-63.8456,65.1107],[-63.5406,64.9953],[-63.352,65.0247],[-63.5113,65.431],[-63.3809,65.927],[-63.0123,65.665],[-62.8448,65.6143],[-62.7043,65.7458],[-62.544,65.8483],[-62.0683,65.9368],[-62.094,66.0611],[-62.2196,66.1341],[-62.6551,66.3385],[-62.2977,66.4346],[-62.1868,66.4127],[-61.8636,66.3179],[-61.4948,66.3406],[-61.4488,66.4875],[-61.3341,66.5318],[-61.2106,66.635],[-61.2978,66.679],[-61.788,66.8622],[-62.0961,67.0166],[-62.5205,66.8461],[-62.7519,66.8457],[-63.1649,66.926],[-62.9914,67.1774],[-63.394,67.1989],[-63.6235,67.1393],[-64.2559,67.116],[-64.6138,67.1153],[-64.6014,67.315],[-64.2409,67.3675],[-63.933,67.4126],[-64.1021,67.568],[-64.4902,67.7827],[-64.8289,67.9533],[-65.1033,67.9677],[-65.3958,67.9001],[-65.53,67.8701],[-66.1658,68.0029],[-66.4071,68.0248],[-66.7447,67.9273],[-66.9028,68.0985],[-66.9203,68.2253],[-67.0316,68.3073],[-67.6222,68.4633],[-68.2212,68.627],[-68.4689,68.6415],[-68.6653,68.7161],[-68.7755,68.8436],[-68.077,68.8975],[-67.9797,68.9879],[-68.5332,69.2505],[-68.3907,69.3337],[-68.0199,69.3042],[-67.6261,69.2069],[-67.1712,69.1701],[-66.8347,69.1707],[-66.6681,69.1861],[-66.7728,69.3217],[-67.0175,69.4194],[-67.4398,69.5017],[-68.0399,69.5308],[-68.2072,69.591],[-68.2338,69.7121],[-68.043,69.7731],[-67.5028,69.7968],[-67.0443,69.7977],[-67.3307,70.0327],[-67.5755,70.1853],[-67.805,70.2692],[-68.0208,70.2994],[-68.1832,70.2531],[-68.3659,70.1226],[-68.9217,70.068],[-69.2579,69.9909],[-69.4627,69.9601],[-69.6981,70.0742],[-69.5911,70.1969],[-68.7496,70.3901],[-68.5421,70.4904],[-68.4694,70.5597],[-68.7242,70.6825],[-69.0916,70.782],[-69.6838,70.7423],[-70.0577,70.6491],[-70.2929,70.6179],[-70.6516,70.7636],[-70.6666,71.0805],[-71.1518,71.0331],[-71.3564,70.9553],[-71.8815,70.9312],[-71.5627,71.164],[-71.2755,71.3197],[-71.2525,71.3508],[-71.664,71.5133],[-72.5346,71.6285],[-73.1212,71.2696],[-73.2752,71.1608],[-73.5074,71.3466],[-73.6718,71.5563],[-73.886,71.665],[-74.1119,71.688],[-74.4055,71.6094],[-74.8095,71.4219],[-75.0015,71.4526],[-75.2039,71.569],[-75.1375,71.6705],[-74.7695,71.7882],[-74.5515,71.9137],[-74.3125,71.9533],[-74.3127,72.0394],[-74.6376,72.1956],[-74.8958,72.2816],[-75.1751,72.4305],[-75.322,72.5484],[-75.6319,72.6109],[-76.15,72.5705],[-76.6775,72.6326],[-77.1187,72.7108],[-77.4551,72.726],[-77.896,72.7014],[-78.3634,72.5821],[-78.5683,72.3691],[-78.6664,72.3138],[-78.5744,71.9296],[-78.6625,71.8747],[-79.0563,71.96],[-79.1281,72.1716],[-79.1254,72.2894],[-79.3296,72.3676],[-79.6854,72.3827],[-79.9533,72.3429],[-80.0808,72.1384],[-80.5704,71.9964],[-80.8631,72.0115],[-81.0268,72.0503],[-81.0436,72.3801],[-80.7247,72.6646],[-80.4625,72.9736],[-80.4887,73.037],[-81.1799,73.4733],[-81.5318,73.6884],[-81.9064,73.7517],[-82.1952,73.7752],[-82.6968,73.7822],[-83.4561,73.6368],[-83.9261,73.58],[-84.5055,73.4911],[-84.8623,73.3548],[-84.3076,73.1967],[-83.8848,73.0704],[-84.564,73.0453],[-85.107,73.084],[-85.5057,72.9404],[-85.5295,72.6951],[-85.5044,72.6082],[-85.1473,72.4827],[-84.8311,72.4676],[-84.2893,72.2561],[-84.6658,72.224],[-85.1165,72.2781],[-85.3293,72.1913],[-85.5571,72.0811],[-85.6025,72.0104],[-85.2047,71.7687],[-85.0146,71.7066],[-84.6889,71.6604],[-84.5348,71.5359],[-84.4884,71.3493],[-84.7826,71.0617],[-85.4594,71.107],[-85.891,71.1217],[-85.8585,71.2613],[-85.2862,71.41],[-85.2431,71.4645],[-85.9447,71.7439],[-86.3325,71.9934],[-86.4483,72.1343],[-86.414,72.315],[-86.2142,72.4492],[-86.7794,72.6927],[-86.8554,72.8587],[-86.662,73.0969],[-86.035,73.3845],[-85.668,73.6006],[-85.2542,73.7775],[-85.6398,73.8649],[-86.2462,73.8798],[-86.8924,73.8305],[-87.212,73.7898],[-87.4284,73.7333],[-87.7426,73.7327],[-87.9091,73.6524],[-88.0992,73.6361],[-88.4325,73.4677],[-88.8457,73.3235],[-89.1002,73.1957],[-89.6386,72.7823],[-89.8407,72.4267],[-89.8209,72.348],[-89.3341,72.1681],[-89.3705,72.0661],[-89.661,72.042],[-89.814,71.979],[-89.9458,71.7285],[-89.9972,71.5413],[-89.435,71.4412],[-89.1925,71.4338],[-88.8542,71.45],[-88.3564,71.3965],[-87.9492,71.3506],[-87.5892,71.227],[-87.1688,71.0186],[-87.3091,70.9332],[-87.7047,70.9248],[-88.2504,70.9701],[-88.7595,71.0001],[-89.1498,70.9685],[-89.205,70.8447],[-89.0185,70.6753],[-88.4322,70.4608],[-87.948,70.3849],[-87.4017,70.3629],[-87.1215,70.4018],[-86.9435,70.5559],[-86.5369,70.5336],[-86.3733,70.4647],[-86.3719,70.1961],[-85.9839,70.1126],[-85.4681,70.0982],[-84.8737,70.1146],[-83.976,70.0398],[-83.3129,69.9571],[-82.9262,70.0112],[-82.614,69.9584],[-82.2692,69.8604],[-81.9858,69.9292],[-81.8072,69.9827],[-81.5956,69.9603],[-80.8294,69.7114],[-80.9461,69.9084],[-81.138,70.0145],[-81.1578,70.1063],[-81.0128,70.1831],[-80.7126,70.1531],[-80.1936,70.0316],[-79.8256,69.9181],[-79.485,69.8959],[-79.2414,69.8812],[-78.9403,69.9121],[-78.7129,70.0114],[-78.7438,70.1491],[-78.941,70.2713],[-80.2184,70.5916],[-80.4223,70.6143],[-80.6605,70.7526],[-80.49,70.8147],[-80.2701,70.7765],[-79.7405,70.6695],[-79.3759,70.5855],[-79.1011,70.6553],[-78.928,70.6017],[-78.6188,70.4485],[-78.2058,70.311],[-78.0034,70.2884],[-77.6986,70.1357],[-77.6223,69.8918],[-77.367,69.8088],[-76.9715,69.802],[-76.2732,69.5004],[-75.5517,69.2223],[-75.6247,69.1016],[-76.1783,69.0554],[-76.6426,69.0319],[-76.5464,68.7314],[-75.9815,68.8076],[-75.7023,68.8156],[-75.5704,68.8685],[-75.1991,68.8616],[-74.9511,68.9523],[-74.7523,69.043],[-74.5153,68.8704],[-74.4053,68.6604],[-73.9371,68.444],[-73.371,68.2954],[-73.1849,68.2958],[-72.9417,68.132],[-72.7585,67.9086],[-72.354,67.5303],[-72.3049,67.2636],[-72.527,67.0931],[-72.8735,66.8857],[-73.036,66.6423],[-73.6701,66.3765],[-73.9943,66.2659],[-74.2581,66.2361],[-74.3333,66.1626],[-74.2799,66.0602],[-73.932,65.9],[-73.4199,65.5289],[-73.4942,65.405],[-73.8474,65.4189],[-74.0791,65.4476],[-74.3713,65.3961],[-74.6648,65.3228],[-75.1043,65.2784],[-75.3676,65.2634],[-75.4023,65.1761],[-75.333,65.0892],[-75.3559,64.9155],[-75.789,65.1972],[-76.0215,65.2621],[-76.6551,65.3409],[-77.2659,65.3906],[-77.3584,65.3759],[-77.3007,65.1435],[-77.387,65.0636],[-77.8666,64.9902],[-78.0386,64.8312],[-78.1267,64.651],[-78.1034,64.5072],[-77.7375,64.3929],[-77.133,64.3079],[-76.5261,64.2301],[-75.9355,64.2671],[-75.7371,64.3967],[-75.591,64.5335],[-75.4518,64.5481],[-74.6851,64.3986],[-74.5011,64.3918],[-74.4312,64.435],[-74.5591,64.7801]]],[[[-84.1224,65.3414],[-84.424,65.3917],[-84.605,65.1807],[-84.8423,65.202],[-85.1984,65.3758],[-85.0579,65.6091],[-85.5575,65.8636],[-85.7066,65.6516],[-85.8208,65.36],[-86.016,65.1054],[-86.1951,64.7295],[-86.2428,64.5423],[-86.1971,64.3555],[-86.0611,64.1405],[-86.8008,63.8884],[-87.0529,63.752],[-87.1012,63.5447],[-86.0321,63.6753],[-85.6007,63.7476],[-85.4321,63.5978],[-85.4628,63.2055],[-85.1568,63.1847],[-84.6547,63.3139],[-84.3901,63.4499],[-84.0871,63.6718],[-83.4958,63.7444],[-83.4393,63.7874],[-83.5174,64.0521],[-83.4259,64.1741],[-83.1885,64.1818],[-82.731,64.0751],[-82.4935,63.9394],[-82.1977,63.6896],[-82.0005,63.6328],[-81.4032,63.5768],[-81.1231,63.5202],[-80.696,63.4996],[-80.4886,63.6214],[-80.3679,63.6788],[-80.1794,63.722],[-80.6377,63.9143],[-80.953,63.9781],[-81.3731,63.9988],[-81.6296,63.9697],[-81.8721,63.9907],[-81.8314,64.4068],[-81.9107,64.5217],[-82.1096,64.6436],[-83.0854,64.865],[-83.3471,64.9799],[-83.7597,65.2113],[-84.1224,65.3414]]]]},"properties":{"NAME":"Thule","SUBJECTO":"Thule","PARTOF":"Thule","BORDERPRECISION":1,"LINK":null}},
{"type":"Feature","geometry":{"type":"Polygon","coordinates":[[[77.9776,34.8731],[79.4844,34.8316],[82.6934,34.7433],[86.821,35.1119],[89.9168,35.1856],[90,35.6278],[89.9168,35.9964],[90,36.5123],[91.6858,36.3649],[95.5186,37.102],[95.1501,37.6916],[95.5923,38.9447],[99.2776,38.9817],[102.9263,39.0184],[119.6043,42.0296],[131.8652,43.2904],[131.6746,43.0266],[131.8831,43.072],[132.1818,43.1946],[132.3331,42.9637],[132.4847,42.8805],[132.5944,42.9],[132.8274,42.8619],[132.9528,42.6695],[133.312,42.7794],[134.1389,42.993],[134.5686,43.2122],[134.9624,43.515],[135.1561,43.7212],[135.4148,44.0368],[135.6928,44.224],[136.034,44.3984],[136.1792,44.5468],[136.2851,44.753],[136.4941,44.966],[137.2969,45.6463],[137.7205,45.9967],[137.9846,46.2693],[138.2429,46.7107],[138.3516,46.8732],[138.685,47.1335],[138.9493,47.3224],[139.0467,47.6152],[139.2137,47.8106],[140.081,48.5026],[140.1466,48.7244],[140.3282,49.3579],[140.3722,49.6913],[140.457,50.104],[140.3488,50.4192],[140.3235,50.5178],[140.4045,50.8274],[140.7303,51.4413],[140.9699,51.6928],[141.1263,51.8716],[141.2571,52.1035],[141.1606,52.2092],[140.9395,52.2618],[141.0905,52.5869],[141.032,52.7261],[140.8282,52.8252],[141.0897,52.9851],[141.1212,53.0516],[140.8937,53.1974],[140.7023,53.2769],[140.3213,53.5356],[140.1025,53.8017],[139.8059,53.9611],[139.378,54.0804],[139.0517,54.0865],[138.7604,54.0859],[138.4168,54.0919],[138.4095,53.8051],[138.234,53.5716],[137.9794,53.4646],[137.2392,53.4565],[137.0713,53.4895],[137.1217,53.5894],[137.3258,53.7431],[137.3829,53.8098],[137.0407,53.8625],[136.7702,53.6954],[136.4871,53.6548],[126.4368,54.9172],[118.1096,56.8932],[109.0768,57.5989],[102.5857,57.2955],[87.2063,49.606],[87.7744,49.2823],[85.5156,48.411],[77.1813,46.7829],[74.0657,45.5421],[68.2275,42.2424],[64.5311,40.1532],[65.0771,39.5343],[68.5784,37.1284],[71.3423,35.7752],[72.0265,35.608],[74.6592,34.9644],[75.9133,34.9299],[77.9776,34.8731]]]},"properties":{"NAME":"Chagatai Khanate","SUBJECTO":"Chagatai Khanate","PARTOF":"Chagatai Khanate","BORDERPRECISION":1,"LINK":null}},
{"type":"Feature","geometry":{"type":"Polygon","coordinates":[[[102.5857,57.2955],[93.975,56.8932],[85.0833,58.1634],[77.0384,61.9741],[75.2386,62.1341],[75.6641,58.615],[78.3979,58.5889],[82.5362,57.0804],[79.3008,54.399],[78.8045,54.3936],[87.2063,49.606],[102.5857,57.2955]]]},"properties":{"NAME":"Oirat Confederation","SUBJECTO":"Oirat Confederation","PARTOF":"Oirat Confederation","BORDERPRECISION":1,"LINK":null}},
{"type":"Feature","geometry":{"type":"Polygon","coordinates":[[[59.9837,26.5119],[60.9283,26.5833],[65.5194,26.9302],[66.9935,27.741],[68.5659,29.1026],[69.5685,29.9559],[70.2423,31.1351],[70.3416,31.3842],[72.0265,35.608],[71.3423,35.7752],[68.5784,37.1284],[65.0771,39.5343],[64.5311,40.1532],[68.2275,42.2424],[66.6661,44.4266],[61.2712,46.2556],[61.2694,46.2516],[61.218,46.2215],[61.1588,46.1833],[61.1193,46.1039],[60.9989,46.0779],[61.0344,46.0149],[60.9989,45.9216],[61.0403,45.7386],[61.0206,45.4873],[61.1746,45.1876],[61.68,45.1068],[61.8616,45.0483],[61.7274,44.9338],[61.1094,44.7167],[60.9436,44.4411],[60.5162,44.0306],[60.0769,43.6086],[59.7157,43.6693],[59.5054,43.9141],[59.2478,43.854],[59.1264,44.0022],[59.0079,43.9795],[59.0188,43.8611],[58.9102,43.8525],[58.8786,43.8493],[55.6424,40.0503],[54.0714,38.8969],[54.0331,38.7916],[53.9852,38.6575],[53.9373,38.5713],[53.9373,38.3318],[53.9373,38.1594],[53.8799,38.0254],[53.9278,37.8242],[53.9852,37.5177],[54.0151,37.3483],[54.0087,37.3487],[54.0674,36.9415],[53.9845,36.7819],[57.1903,30.7631],[59.1804,28.4781],[59.9837,26.5119]]]},"properties":{"NAME":"Timurid Emirates","SUBJECTO":"Timurid Emirates","PARTOF":"Timurid Emirates","BORDERPRECISION":1,"LINK":null}},
{"type":"Feature","geometry":{"type":"MultiPolygon","coordinates":[[[[13.7605,41.2067],[13.797,41.1934],[13.8525,41.091],[13.9419,40.998],[14.0509,40.7675],[14.24,40.8529],[14.3703,40.8515],[14.4946,40.73],[14.3498,40.6425],[14.3341,40.5936],[14.7433,40.7048],[14.951,40.5515],[14.9923,40.3722],[14.8987,40.2415],[15.0273,40.2122],[15.432,39.989],[15.5159,40.0659],[15.6662,40.0919],[15.757,39.9336],[15.8247,39.6606],[15.9896,39.4284],[16.0826,39.0125],[16.1772,38.931],[16.2122,38.778],[16.1522,38.7013],[15.9898,38.7348],[15.8273,38.6227],[15.9335,38.5399],[15.7909,38.2964],[15.6266,38.2331],[15.6275,38.0042],[15.7102,37.9414],[15.7852,37.9097],[16.0529,37.9312],[16.3307,38.3207],[16.572,38.4571],[16.5222,38.725],[16.6133,38.8273],[16.7977,38.9259],[17.0947,38.915],[17.1807,39.0222],[17.121,39.086],[17.1074,39.2805],[17.1491,39.4218],[16.874,39.5437],[16.5321,39.6975],[16.535,39.8316],[16.6239,39.9678],[16.6044,40.0899],[16.7276,40.1836],[16.8441,40.3631],[16.9487,40.4811],[17.0841,40.5251],[17.2428,40.4958],[17.2042,40.3979],[17.4017,40.2919],[17.6191,40.2878],[17.8496,40.2435],[17.9677,40.1669],[18.0171,39.9479],[18.1601,39.8731],[18.3649,39.7467],[18.4337,39.8984],[18.5226,40.0941],[18.3836,40.3078],[18.0599,40.5135],[18.0339,40.5967],[17.3193,40.9293],[16.946,41.0938],[16.4203,41.2787],[15.991,41.4061],[15.8733,41.5021],[15.9891,41.6346],[16.1984,41.7457],[16.1874,41.8409],[16.0128,41.9043],[15.4486,41.8567],[14.9224,41.9718],[14.7385,42.0472],[14.72,42.1418],[14.5193,42.2297],[14.4049,42.3531],[14.0928,42.6095],[14.0764,42.6338],[13.9958,42.6134],[13.9294,42.5304],[13.8298,42.5636],[13.8298,42.4806],[13.7634,42.464],[13.7136,42.3976],[13.6305,42.5304],[13.5475,42.4308],[13.4147,42.3644],[13.4645,42.2315],[13.4147,42.1983],[13.5807,42.0987],[13.5807,42.0489],[13.6305,42.0157],[13.6305,41.9327],[13.5641,41.8662],[13.5973,41.7998],[13.6471,41.75],[13.6471,41.7998],[13.863,41.75],[13.863,41.7832],[13.9294,41.75],[13.8796,41.667],[13.8796,41.6338],[13.9294,41.6338],[13.9626,41.5176],[13.9626,41.4677],[14.029,41.4013],[13.9958,41.3515],[13.9792,41.3349],[13.8132,41.3183],[13.7605,41.2067]]],[[[3.0393,42.8692],[2.9489,42.883],[2.825,42.8498],[2.7011,42.73],[2.4896,42.7189],[2.4806,42.6856],[2.2721,42.6901],[2.1029,42.6145],[1.7282,42.501],[1.7313,42.5455],[1.7917,42.5789],[1.7554,42.5967],[1.5772,42.6479],[1.4563,42.619],[1.3205,42.605],[1.3075,42.6352],[0.7442,42.7719],[0.5841,42.7719],[0.5919,42.6283],[0.3478,42.6352],[0.1963,42.6078],[0.1796,42.6625],[-0.1656,42.6488],[-0.2037,42.7003],[-0.2161,42.7172],[-0.4099,42.7856],[-0.4688,42.7514],[-0.5868,42.7651],[-0.612,42.7309],[-0.84,42.9087],[-0.9074,42.8813],[-1.6643,42.1254],[-1.6049,41.7688],[-2.13,41.8166],[-2.1493,41.4931],[-2.3014,41.4931],[-2.3014,41.2649],[-2.0352,41.2268],[-1.921,40.6182],[-2.3014,40.39],[-2.3014,40.2379],[-1.9971,40.0857],[-1.9971,39.9716],[-1.8069,39.8575],[-1.9971,39.7434],[-1.9971,39.5913],[-1.8069,39.4772],[-1.8069,39.1729],[-2.0352,39.2489],[-2.0352,38.6023],[-1.8069,38.5262],[-1.8069,38.26],[-1.6548,38.1839],[-1.6548,37.9177],[-1.883,37.9557],[-2.0352,37.8416],[-1.921,37.6514],[-2.1493,37.233],[-1.9405,36.9516],[-1.8169,37.2925],[-1.6257,37.4395],[-1.3646,37.5484],[-0.9183,37.5703],[-0.8026,37.615],[-0.8723,37.7598],[-0.6647,38.1766],[-0.5641,38.2149],[-0.4352,38.4303],[-0.2037,38.544],[-0.107,38.5915],[0.1726,38.7383],[0.1261,38.8214],[-0.1657,38.9541],[-0.2037,39.0127],[-0.2359,39.0624],[-0.3948,39.4345],[-0.2845,39.6368],[-0.2037,39.7994],[-0.1606,39.886],[0.2379,40.2402],[0.5051,40.5928],[0.7876,40.6569],[0.8271,40.7274],[0.7098,40.7851],[0.7338,40.875],[0.8792,41.0217],[1.3112,41.1573],[1.6098,41.2092],[2.0807,41.2985],[2.2006,41.4461],[2.6283,41.6195],[3.1289,41.8572],[3.1566,42.0757],[3.0863,42.1207],[3.0865,42.3291],[3.0871,42.3686],[3.0459,42.5395],[3.0019,42.7708],[3.0393,42.8692]]],[[[8.5824,39.0658],[8.6961,38.9958],[8.8196,38.9769],[8.9314,39.0537],[8.9985,39.1751],[9.0625,39.2199],[9.2963,39.2331],[9.4789,39.1442],[9.6483,39.4572],[9.698,39.6935],[9.6308,40.0959],[9.6957,40.3137],[9.7878,40.442],[9.7937,40.5637],[9.5909,40.9029],[9.3062,41.1844],[8.9184,40.94],[8.7661,40.8628],[8.4056,40.8621],[8.2407,40.8553],[8.1595,40.7847],[8.2016,40.663],[8.4282,40.4649],[8.488,40.2088],[8.5085,39.9465],[8.465,39.6399],[8.3742,39.3078],[8.4172,39.2122],[8.5824,39.0658]]],[[[14.2159,37.0493],[14.622,36.7761],[14.9424,36.7386],[15.0273,36.7451],[15.2206,37.0004],[15.3013,37.0579],[15.1162,37.2869],[15.1122,37.459],[15.181,37.6823],[15.4225,38.0526],[15.4729,38.1101],[15.4537,38.1674],[15.3867,38.2055],[14.7659,38.0576],[14.1345,37.9735],[13.8095,37.9664],[13.628,38.0298],[13.3225,38.2205],[13.066,38.0669],[12.7828,38.1174],[12.6643,38.0725],[12.5166,37.9192],[12.4541,37.766],[12.532,37.6387],[12.6369,37.5815],[13.0116,37.5249],[13.8684,37.157],[14.2159,37.0493]]]]},"properties":{"NAME":"Aragón","SUBJECTO":"Aragón","PARTOF":"Aragón","BORDERPRECISION":1,"LINK":null}},
{"type":"Feature","geometry":{"type":"Polygon","coordinates":[[[77.9974,16.4653],[78.3217,17.4154],[78.1733,19.0127],[77.3874,18.7709],[77.0712,17.3612],[77.1739,16.6583],[77.9974,16.4653]]]},"properties":{"NAME":"Bidar","SUBJECTO":"Bidar","PARTOF":"Deccan Sultanates","BORDERPRECISION":1,"LINK":null}},
{"type":"Feature","geometry":{"type":"Polygon","coordinates":[[[77.9224,16.2456],[77.9974,16.4653],[77.1739,16.6583],[77.0712,17.3612],[77.3874,18.7709],[77.2551,18.7302],[75.4124,18.4999],[73.3957,16.6164],[73.4093,16.5585],[73.4942,16.288],[74.3759,16.3116],[75.0669,15.9661],[76.1034,15.9661],[76.9096,16.3116],[77.2246,16.3116],[77.4854,16.3116],[77.9224,16.2456]]]},"properties":{"NAME":"Bijapur","SUBJECTO":"Bijapur","PARTOF":"Deccan Sultanates","BORDERPRECISION":1,"LINK":null}},
{"type":"Feature","geometry":{"type":"Polygon","coordinates":[[[73.7131,22.9453],[74.2714,21.9057],[73.4853,19.9066],[72.7892,19.8832],[72.8534,19.2447],[72.9761,18.5386],[73.0642,18.0317],[73.1847,17.5173],[73.3957,16.6164],[75.4124,18.4999],[77.2551,18.7302],[77.3874,18.7709],[78.1733,19.0127],[78.5334,19.1235],[78.5728,20.4383],[76.0926,21.047],[76.9282,23.8969],[73.7131,22.9453]]]},"properties":{"NAME":"Ahmadnagar","SUBJECTO":"Ahmadnagar","PARTOF":"Deccan Sultanates","BORDERPRECISION":1,"LINK":null}},
{"type":"Feature","geometry":{"type":"Polygon","coordinates":[[[79.9555,17.6037],[79.3281,17.233],[78.8675,18.2695],[79.213,18.8454],[78.7523,19.1909],[78.5334,19.1235],[78.1733,19.0127],[78.3217,17.4154],[77.9974,16.4653],[77.9224,16.2456],[79.4319,16.0175],[80.4598,15.7731],[80.736,15.8373],[80.9631,15.7234],[81.0879,15.8268],[81.2531,16.2259],[81.3691,16.3469],[81.5968,16.3029],[81.789,16.3287],[82.0814,16.4627],[82.2346,16.6473],[82.2674,16.857],[82.3231,17.0041],[79.9555,17.6037]]]},"properties":{"NAME":"Golkonda","SUBJECTO":"Golkonda","PARTOF":"Deccan Sultanates","BORDERPRECISION":1,"LINK":null}},
{"type":"Feature","geometry":{"type":"Polygon","coordinates":[[[78.2771,24.2962],[76.9282,23.8969],[76.0926,21.047],[78.5728,20.4383],[78.5334,19.1235],[78.7523,19.1909],[79.213,18.8454],[78.8675,18.2695],[79.3281,17.233],[79.9555,17.6037],[81.8619,18.7302],[84.3039,20.7519],[82.546,23.2448],[80.9244,23.6871],[78.9509,23.9593],[78.2771,24.2962]]]},"properties":{"NAME":"Islamic states","SUBJECTO":"Islamic states","PARTOF":"Islamic states","BORDERPRECISION":1,"LINK":null}},
{"type":"Feature","geometry":{"type":"Polygon","coordinates":[[[107.4803,13.2566],[107.5146,13.422],[107.3097,13.878],[107.2967,14.1765],[107.3933,14.5835],[107.4634,14.9968],[107.434,15.257],[107.3381,15.4533],[107.0998,15.6678],[107.0671,15.7946],[107.1686,15.9921],[107.1075,16.1696],[106.9463,16.3083],[106.6382,16.4843],[106.4264,16.7181],[106.1698,17.1293],[105.5735,17.8809],[104.933,17.4509],[104.1113,17.9987],[101.646,17.9987],[101.6574,19.6612],[100.4353,20.0358],[100.4306,20.2262],[100.3775,20.3021],[100.2448,20.3839],[100.0012,20.4587],[99.9654,20.4203],[99.8412,20.4819],[98.67,18.3973],[97.5732,16.4451],[97.5961,16.3498],[97.6114,16.0958],[97.6641,15.7909],[97.7423,15.0097],[97.823,14.616],[97.9791,14.2352],[98.1989,13.6448],[98.4027,13.2664],[98.4859,13.1118],[98.5968,12.7372],[98.6765,12.0512],[98.5883,11.8223],[98.5902,11.6952],[98.6371,11.6572],[98.8674,11.645],[98.7384,11.4351],[98.6836,11.0855],[98.6053,10.863],[98.3979,10.5639],[98.4317,10.2019],[98.5932,10.1205],[98.6326,10.1007],[98.5018,9.7192],[98.2506,8.9371],[98.1772,8.6002],[98.1952,8.3271],[98.2924,8.1557],[98.3903,8.2195],[98.5446,8.2643],[98.7496,8.0868],[98.8895,8.0172],[99.0245,7.8714],[99.1186,7.6428],[99.2939,7.3192],[99.4681,7.3386],[99.5717,7.2626],[99.6397,7.0658],[99.6108,6.9386],[99.663,6.71],[99.8338,6.5388],[99.9691,6.5073],[100.1544,6.6031],[100.222,6.5206],[100.1644,6.3871],[100.1587,6.3401],[100.1391,6.1773],[100.2237,5.8535],[100.3797,5.0214],[100.5593,4.7359],[100.6076,4.5517],[100.5942,4.4246],[100.5766,4.2022],[100.6643,3.9037],[101.0669,3.5361],[101.2643,3.2252],[101.837,3.4602],[103.3339,3.3937],[103.3078,3.7951],[103.3681,4.1828],[103.3786,4.545],[103.3418,4.8054],[103.1142,5.1481],[102.8023,5.5604],[102.3251,6.0994],[102.0897,6.1434],[102.0738,6.1542],[101.9784,6.2194],[101.6796,6.4643],[101.5599,6.7395],[101.428,6.8282],[101.2175,6.8023],[100.9753,6.8526],[100.6149,6.9789],[100.5396,7.0487],[100.3446,7.4405],[100.2875,7.7724],[100.3019,7.8868],[100.2077,8.325],[100.1315,8.5321],[100.0093,8.4901],[99.9294,8.5849],[99.8659,8.7119],[99.9021,8.9216],[99.898,9.0678],[99.8373,9.2265],[99.724,9.258],[99.5462,9.1941],[99.2985,9.1618],[99.1956,9.2378],[99.1187,9.371],[99.0713,9.8983],[99.1862,10.4894],[99.5013,11.2461],[99.7634,11.7804],[99.8953,12.0792],[99.8711,12.2634],[99.8337,12.5238],[99.9771,12.8418],[100.0232,12.9944],[99.9303,13.261],[100.04,13.3947],[100.2397,13.4904],[100.4739,13.5099],[100.5855,13.4721],[100.9087,13.4473],[100.957,13.3649],[100.8712,12.8056],[100.8716,12.6785],[101.023,12.6725],[101.1537,12.6093],[101.3291,12.5588],[101.5866,12.661],[101.7235,12.655],[101.9186,12.5855],[102.3239,12.1861],[102.5298,12.1484],[102.6585,12.0661],[102.6708,12.0377],[102.7359,12.117],[103.6565,12.8464],[105.0156,13.406],[106.0607,13.3427],[107.4803,13.2566]]]},"properties":{"NAME":"Ayutthaya","SUBJECTO":"Ayutthaya","PARTOF":"Ayutthaya","BORDERPRECISION":1,"LINK":null}},
{"type":"Feature","geometry":{"type":"Polygon","coordinates":[[[18.534,66.4321],[21.8792,66.9673],[25.6259,66.6997],[26.4287,65.6292],[26.4793,65.5718],[27.0978,66.8335],[30.4687,67.4859],[30.1091,67.7188],[28.9022,68.356],[30.1442,69.2621],[32.1587,69.6901],[32.076,69.8154],[32.0716,69.8835],[31.7822,69.777],[31.3313,69.6628],[31.0538,69.6396],[30.7354,69.7524],[30.3613,69.7668],[30.0558,69.7209],[29.7286,69.6976],[29.5559,69.8334],[29.08,69.9612],[28.8171,70.0979],[28.7301,70.1359],[29.7349,70.1149],[30.2519,70.1311],[30.7988,70.308],[30.7542,70.4304],[30.462,70.5373],[30.0414,70.5441],[29.7412,70.605],[28.9843,70.8574],[28.7948,70.8648],[28.3889,70.5718],[28.2897,70.3722],[27.8754,70.4251],[28.0189,70.6095],[27.9853,70.717],[28.1364,70.8327],[28.3084,70.9486],[28.2112,71.0179],[27.9475,71.0174],[27.516,70.9703],[27.1311,70.5771],[26.9344,70.4693],[26.6174,70.392],[26.6191,70.7991],[26.6065,70.9146],[26.2627,70.7907],[25.574,70.3671],[25.263,70.1065],[25.0741,70.1444],[25.1224,70.4352],[25.2307,70.5582],[25.8321,70.8978],[25.389,70.9046],[24.849,70.8266],[24.5705,70.7414],[24.3596,70.6103],[24.2077,70.4719],[23.9549,70.5021],[23.8273,70.4788],[23.5084,70.2791],[23.2925,70.0113],[23.2036,69.9428],[22.7456,70.1706],[22.3064,70.2156],[22.1633,70.0931],[21.9081,69.804],[21.6086,69.9625],[21.412,70.0154],[21.1027,69.8177],[20.7339,69.7792],[20.5527,69.5219],[20.1965,69.3177],[20.2782,69.5818],[20.3583,69.7104],[20.2864,69.7859],[20.1577,69.7478],[19.8212,69.3697],[18.9587,68.2937],[18.4002,67.2349],[18.534,66.4321]]]},"properties":{"NAME":"Sámi","SUBJECTO":"Sámi","PARTOF":"Sámi","BORDERPRECISION":1,"LINK":null}},
{"type":"Feature","geometry":{"type":"Polygon","coordinates":[[[136.4871,53.6548],[136.3507,53.7012],[136.3435,53.8878],[136.4916,54.4555],[136.1964,54.475],[135.7258,54.4073],[135.3126,54.4132],[135.0945,54.4328],[134.902,54.5594],[134.8937,54.7199],[134.9852,54.8539],[135.2695,55.0287],[136.1194,55.4206],[136.5213,55.5899],[137.2291,55.9827],[137.6019,56.2403],[138.3459,56.8042],[138.8668,57.1245],[139.2938,57.3362],[140.0287,57.6441],[140.4998,58.1708],[140.5874,58.2393],[140.9943,58.3906],[141.3496,58.5009],[141.5908,58.7275],[141.9238,58.9409],[142.3578,59.141],[142.8459,59.2725],[142.9268,59.2796],[143.3029,59.2665],[143.8241,59.295],[144.3898,59.3099],[144.8457,59.2832],[145.4041,59.3255],[145.4957,59.2088],[145.5128,59.0369],[145.6526,58.9754],[145.957,58.9829],[146.0235,59.196],[146.054,59.2511],[146.3074,59.286],[146.7064,59.2248],[146.9996,59.191],[147.3522,59.2329],[147.9192,59.2615],[148.1028,59.2068],[148.4161,59.0974],[148.6303,59.194],[148.7472,59.2974],[148.7284,59.4763],[149.0453,59.5872],[149.3803,59.6085],[149.7296,59.5953],[150.1201,59.3895],[150.2787,59.3622],[150.6634,59.4318],[151.1402,59.4396],[151.5236,59.3439],[151.8573,59.0558],[151.7833,59.035],[151.3927,58.9794],[151.0562,58.9238],[151.0075,58.7933],[151.1354,58.7318],[151.3545,58.6911],[151.6907,58.7535],[152.1912,58.9259],[152.5042,58.7687],[152.8283,58.9477],[152.9682,58.9961],[153.1399,59.0101],[153.4541,58.9489],[153.9244,58.9223],[154.3871,59.04],[154.9059,59.1028],[154.878,59.1577],[154.7528,59.2812],[154.1818,59.3008],[153.9445,59.3967],[153.943,59.5688],[154.0922,59.7759],[154.3157,59.9833],[154.6933,60.199],[155.1518,60.3944],[155.7339,60.5554],[155.6667,60.778],[155.8508,60.883],[156.4184,61.1213],[156.3812,61.2051],[156.4232,61.401],[156.8252,61.5628],[157.098,61.6334],[157.5283,61.6693],[158.1184,61.7195],[158.8413,61.784],[159.1064,61.7073],[159.2311,61.5463],[159.4546,61.5608],[159.9658,61.765],[160.1183,61.7513],[160.1493,61.6602],[160.0562,61.5129],[159.8569,61.3025],[159.7435,61.0996],[159.8155,60.9811],[160.2356,60.947],[160.077,60.7376],[160.0071,60.5913],[160.1188,60.5636],[160.645,60.7178],[161.5358,61.1868],[162.2352,61.5099],[162.4506,61.5594],[162.7488,61.609],[162.7669,61.6721],[162.7106,61.7632],[163.0092,62.1783],[162.9902,62.3261],[163.3403,62.4113],[163.8184,62.4897],[164.1377,62.5327],[165.0672,62.4357],[165.2857,62.2881],[165.0548,62.2595],[164.2772,62.2229],[164.0083,62.1309],[163.9259,61.955],[163.9423,61.7374],[163.5757,61.3305],[163.8314,61.2331],[163.7927,61.1282],[163.4448,60.8903],[163.3293,60.6949],[162.3811,60.4636],[161.8179,60.268],[161.7008,60.0735],[161.5352,59.9417],[160.8442,59.5542],[160.4519,59.3539],[159.6491,58.9537],[159.5863,58.8027],[159.3927,58.6104],[159.1043,58.4249],[158.3263,58.0268],[157.9617,57.8828],[157.5112,57.7455],[156.7769,57.5805],[156.8395,57.5057],[156.8777,57.3627],[156.8147,57.2606],[156.5579,56.9475],[156.2358,56.7568],[155.703,56.3696],[155.6276,56.2679],[155.5057,55.6396],[155.4535,55.2758],[155.4652,54.9198],[155.5831,54.5521],[155.6302,54.4654],[155.6381,54.3184],[155.7075,54.065],[155.7108,53.8049],[155.9418,53.1931],[156.0381,52.7815],[156.1752,52.6093],[156.3332,52.2716],[156.3619,51.9142],[156.4747,51.6038],[156.5637,51.2344],[156.6964,50.9577],[156.8246,51.0041],[157.2095,51.229],[157.8978,51.666],[158.258,52.0171],[158.3895,52.2027],[158.4624,52.5871],[158.4317,52.7131],[158.4614,52.826],[158.7881,52.9594],[159.3198,53.1265],[159.5918,53.1336],[159.8969,53.2406],[159.9221,53.3005],[159.9048,53.4002],[159.6835,53.5794],[159.6332,53.7058],[159.6951,53.8592],[159.9311,54.0864],[160.0274,54.1533],[160.4043,54.3676],[160.6829,54.4483],[160.8376,54.4486],[161.1364,54.4091],[161.5666,54.4232],[161.8759,54.5641],[162.0082,54.7382],[161.9385,54.8451],[161.6474,54.9851],[161.5027,55.2874],[161.6094,55.5569],[161.8613,55.8609],[162.3176,56.2401],[162.5218,56.3487],[162.7219,56.3423],[162.5472,56.1053],[162.5546,56.0107],[162.7713,55.9166],[163.0091,55.9441],[163.166,56.1065],[163.1723,56.3838],[163.098,56.5597],[162.7443,56.5997],[162.6128,56.8029],[162.5124,57.0335],[162.5933,57.1695],[162.932,57.3742],[163.1278,57.5516],[163.0784,57.6265],[162.8257,57.701],[162.2037,57.6794],[161.9892,57.7199],[161.7999,57.8627],[161.8044,58.1017],[161.9384,58.2592],[162.22,58.4855],[162.6159,58.733],[162.9074,58.8913],[162.7534,58.9665],[162.8352,59.0559],[163.2545,59.2904],[163.0998,59.3589],[163.0429,59.462],[163.1064,59.5792],[163.3887,59.8141],[163.5163,59.8557],[163.7668,59.8838],[163.6497,59.792],[164.1105,60.0782],[164.3281,59.9607],[164.4419,59.7402],[164.5846,59.6647],[164.8816,59.7341],[164.933,59.9619],[165.1136,60.0314],[165.4154,60.1152],[165.78,60.3541],[165.9563,60.3105],[166.2034,60.3526],[165.945,59.7706],[166.0272,59.7087],[166.2685,59.8333],[166.8684,60.1734],[167.104,60.271],[167.6896,60.3554],[168.2109,60.4329],[168.6708,60.4546],[169.1541,60.4346],[169.4557,60.2963],[169.5316,60.1299],[169.6136,60.0122],[169.8775,59.8746],[170.0601,59.8818],[170.2731,60.0134],[170.2684,60.1451],[170.3368,60.2771],[170.5197,60.3399],[171.0724,60.4521],[171.2484,60.6542],[172.0001,60.8576],[172.1082,60.9833],[172.4924,61.2633],[172.9183,61.2781],[173.1263,61.3694],[173.3426,61.5518],[173.4809,61.6011],[173.9268,61.616],[174.2504,61.7147],[174.3487,61.799],[174.5423,61.8907],[174.6527,61.8909],[175.1726,61.9691],[176.5491,62.3797],[176.5805,62.4291],[176.832,62.6764],[176.9683,62.6908],[177.1903,62.67],[177.1349,62.55],[177.2908,62.4868],[177.691,62.4523],[178.2503,62.3829],[178.4519,62.3199],[178.7377,62.2993],[179.0488,62.3914],[179.2422,62.5257],[179.2318,62.6385],[179.2877,62.8151],[178.9316,62.7651],[179.0043,62.9702],[178.9395,63.0833],[178.714,63.1537],[178.5011,63.3802],[178.3444,63.458],[178.0777,63.4291],[178.4026,63.6641],[178.3716,63.7494],[178.2878,63.9129],[178.1765,64.0053],[178.1473,64.1566],[177.8134,64.0474],[178.0111,64.1921],[177.5347,64.0897],[177.1932,64.2104],[177.0816,64.303],[177.0816,64.5174],[176.9305,64.5529],[176.7532,64.5711],[176.4678,64.409],[176.044,64.5012],[175.8998,64.5474],[176.156,64.6779],[175.9651,64.9037],[176.1802,64.868],[176.3317,64.7729],[176.7125,64.7817],[177.1347,64.9274],[177.0263,64.8442],[177.2515,64.8561],[177.3735,64.7614],[177.4267,64.6067],[177.8441,64.5832],[178.0044,64.5477],[178.4738,64.5772],[178.726,64.6063],[179.016,64.7729],[179.3091,64.7865],[180,64.9535],[180,65.0519],[180,65.311],[180,65.3816],[180,65.9631],[180,66.9631],[180,67.9631],[180,68.9199],[179.2815,69.1473],[178.965,69.2291],[178.6289,69.2585],[178.0428,69.4076],[177.705,69.4896],[177.0792,69.5336],[176.546,69.6229],[176.1922,69.7127],[175.611,69.7794],[174.5745,69.7851],[173.6367,69.7607],[173.0083,69.6917],[172.9082,69.8348],[172.3592,69.9092],[171.8484,69.9385],[171.3022,69.9752],[170.4517,70.0192],[170.2363,69.762],[170.0563,69.6109],[170.4313,69.5589],[170.7932,69.184],[170.9049,69.0343],[170.8328,68.9219],[170.0889,68.7785],[169.3886,68.7175],[169.1132,68.7842],[168.9861,68.9634],[168.5924,69.1125],[168.1,69.2315],[167.9216,69.3287],[167.5032,69.5686],[167.3201,69.6586],[166.7004,69.4317],[166.3092,69.3783],[165.3301,69.4066],[164.6365,69.4128],[164.3182,69.4649],[164.0537,69.66],[163.7224,69.6745],[163.0382,69.5452],[162.2749,69.5363],[162.1178,69.5586],[161.961,69.5282],[161.4161,69.3542],[161.1708,69.1586],[160.8623,69.0831],[160.674,69.2703],[160.6816,69.5785],[160.3924,69.6156],[160.0166,69.6224],[159.673,69.6519],[159.4438,69.7646],[159.5727,69.999],[159.6279,70.2198],[159.4656,70.395],[159.2292,70.5475],[158.9341,70.6235],[158.4087,70.8142],[158.078,70.8673],[157.3964,70.9275],[156.0432,70.9866],[155.0492,70.9385],[153.9165,70.7905],[153.4044,70.7282],[152.7906,70.681],[152.134,70.6644],[151.8991,70.733],[151.6448,70.8938],[151.48,71.0858],[151.1195,71.2548],[150.6937,71.3467],[149.7154,71.4376],[148.9622,71.5679],[148.7109,71.6294],[149.722,71.8952],[149.6225,71.9419],[149.5303,72.0274],[149.1045,72.0889],[148.698,72.1662],[148.1595,72.1964],[146.9151,72.2019],[146.1861,71.8421],[145.7462,71.6937],[145.3338,71.6309],[145.1004,71.5762],[144.8013,71.5911],[144.8808,71.7231],[145.2614,71.8404],[145.6782,71.9267],[145.815,72.0984],[145.6646,72.1605],[145.2096,72.1207],[144.8204,72.1433],[145.6,72.4262],[144.5618,72.4556],[144.2674,72.5021],[143.8188,72.5326],[142.9025,72.6172],[142.2002,72.6787],[141.4084,72.7873],[141.294,72.7871],[140.5891,72.4952],[140.215,72.4319],[139.7556,72.4232],[139.3118,72.3832],[139.1683,72.3438],[138.9693,72.2105],[139.05,72.1638],[139.3388,72.1644],[139.8479,72.2356],[139.806,72.0015],[139.7386,71.8379],[139.8257,71.6284],[139.7445,71.4036],[139.1588,71.418],[138.8999,71.5026],[138.6749,71.6184],[138.4461,71.6103],[138.1194,71.4702],[138.1138,71.3851],[138.1754,71.362],[138.0758,71.246],[137.8549,71.1298],[137.7713,71.0988],[137.6297,71.0754],[136.765,71.4058],[136.2266,71.5132],[135.8606,71.5434],[135.5106,71.5118],[134.6229,71.3013],[134.2414,71.2619],[133.7439,71.3228],[133.1384,71.4532],[132.7906,71.592],[132.6843,71.8014],[132.5538,71.809],[132.2836,71.6609],[131.7917,71.1879],[131.4127,70.8638],[131.0548,70.6865],[130.7793,70.6783],[130.1717,70.8153],[129.3552,71.1757],[128.7835,71.538],[128.4325,71.7546],[128.1701,71.8319],[127.7141,72.0101],[127.4175,72.1422],[127.1209,72.2119],[126.69,72.2189],[126.2253,72.2493],[126.1113,72.2804],[126.2164,72.3823],[127.3135,72.7139],[128.1706,72.8965],[128.291,72.9125],[128.5249,72.9523],[128.4989,73.1259],[128.3148,73.2075],[127.7196,73.4015],[127.0968,73.4163],[126.487,73.3834],[125.7173,73.3978],[125.3346,73.5241],[124.8177,73.6582],[124.4567,73.7053],[124.2222,73.6969],[123.4099,73.4808],[123.425,73.4332],[123.4422,73.3302],[123.5148,73.172],[122.8824,72.7528],[122.2433,72.9091],[121.6995,72.9002],[120.5785,72.8351],[120.1128,72.8815],[119.7986,72.9125],[119.4174,72.9669],[118.4978,73.0362],[118.3385,73.1861],[118.4604,73.5192],[117.9188,73.5341],[117.5346,73.5493],[116.6711,73.6192],[115.6115,73.6252],[114.9341,73.5603],[114.1867,73.551],[113.547,73.2009],[113.3117,73.3827],[113.3077,73.613],[113.2216,73.7481],[112.997,73.7796],[112.4768,73.6591],[112.0934,73.6346],[111.7617,73.6578],[111.4949,73.7449],[111.2153,73.7683],[110.9441,73.9433],[110.5513,74.0384],[110.2896,73.9421],[110.1632,73.8301],[110.1784,73.7982],[110.4,73.7429],[110.4423,73.5679],[109.9906,73.44],[109.5952,73.3916],[108.7496,73.2632],[107.8043,73.1428],[107.2499,73.1338],[106.5015,73.0613],[106.087,72.8554],[105.6002,72.7443],[105.2788,72.7515],[106.2083,73.2585],[107.2655,73.5222],[108.3399,73.6912],[108.6969,73.8194],[110.0547,74.2537],[111.5866,74.731],[112.1113,74.7804],[112.5771,74.8862],[113.625,75.2727],[113.2216,75.4368],[113.1134,75.4944],[113.723,75.8688],[113.533,76.0937],[113.1489,76.0595],[112.8223,76.0589],[112.5885,76.2592],[112.0572,76.4514],[111.4273,76.5681],[110.5477,76.6423],[109.9402,76.6327],[109.6564,76.6913],[108.8595,76.6475],[108.2445,76.6464],[107.7715,76.4012],[107.666,76.4431],[107.2908,76.4339],[106.404,76.4323],[106.5374,76.5672],[107.0714,76.771],[107.2401,76.8984],[107.1603,76.9491],[106.2429,76.9135],[105.5281,76.98],[104.7046,76.9275],[104.4851,76.995],[104.7823,77.1488],[105.4697,77.3293],[105.4495,77.4491],[105.0625,77.5685],[104.3937,77.5672],[103.9466,77.5922],[103.3933,77.5578],[102.3897,77.3748],[101.6905,77.2026],[101.1665,77.0058],[101.1115,76.8529],[101.3895,76.625],[100.8303,76.4554],[100.4074,76.4714],[99.9832,76.437],[99.7736,76.2854],[99.8334,76.21],[99.7794,76.0593],[99.4672,75.9669],[99.1586,75.9997],[98.7162,76.074],[98.2887,76.0565],[97.6837,75.9552],[97.1164,75.8708],[96.6582,75.8533],[95.9818,75.902],[96.1394,76.0859],[95.9673,76.1692],[95.4877,76.1683],[94.6943,76.1836],[94.3096,76.0741],[93.5921,75.8808],[92.6705,75.7626],[91.6347,75.6527],[90,75.6015],[90,75.5585],[89.7963,75.5244],[89.6846,75.5082],[89.2847,75.4661],[87.9223,75.0599],[87.4875,74.9609],[86.9583,74.7821],[86.8126,74.5399],[86.8135,74.4353],[86.9776,74.299],[87.394,74.1795],[87.5406,74.0997],[87.6908,73.9],[87.5696,73.7721],[87.1397,73.6041],[86.905,73.5559],[86.1235,73.4511],[86.3264,73.6344],[86.7569,73.7866],[86.4921,73.8738],[85.8562,73.8248],[85.3812,73.6963],[85.0015,73.5762],[84.8295,73.5997],[84.6161,73.7427],[83.9766,73.6698],[83.0204,73.6123],[81.8775,73.6022],[80.8382,73.5526],[80.6201,73.4965],[80.5005,73.4247],[80.464,73.3136],[80.8289,73.0135],[80.8717,72.84],[80.8442,72.5802],[80.9823,72.447],[81.5853,72.354],[82.026,72.2452],[82.3206,72.2223],[82.4363,72.0506],[82.8546,71.9421],[83.2024,71.8259],[83.5611,71.6244],[83.2526,71.2829],[83.168,71.1822],[83.5047,70.8129],[83.5709,70.6517],[83.6571,70.5982],[83.677,70.4603],[83.3707,70.3373],[83.0363,70.2449],[83.0759,70.5818],[82.8037,70.8193],[82.6755,70.8421],[82.5015,70.7111],[82.1957,70.358],[82.0456,70.4189],[82.1036,70.8564],[82.2153,71.2036],[82.5289,71.3202],[82.8801,71.4913],[82.8184,71.6463],[82.4914,71.5681],[81.6714,71.5743],[81.4253,71.6127],[80.8283,71.767],[80.3387,72.0076],[79.7032,72.1783],[79.2226,72.2713],[78.6473,72.2624],[78.2696,72.2147],[78.0857,72.1753],[78.1264,71.8476],[77.7899,71.7769],[77.2749,71.8149],[77.0749,71.8924],[76.4567,71.8679],[76.3329,71.7197],[76.6072,71.5183],[76.8661,71.449],[77.2849,71.4188],[78.1369,71.3739],[78.3716,71.2505],[78.6085,70.8499],[78.2492,70.8339],[78.1047,70.8413],[77.7362,71.0255],[77.0016,71.0626],[76.2932,71.1385],[75.6706,71.1991],[75.452,71.3225],[75.2843,71.4461],[75.2213,71.6477],[75.2966,71.8969],[75.5825,72.1706],[75.6662,72.4135],[75.6173,72.6255],[75.4076,72.6644],[75.1199,72.6875],[75.0161,72.7188],[75.0746,72.4203],[74.9987,72.1304],[74.9212,72.0287],[74.5866,71.8722],[74.1372,71.7545],[73.5914,71.7069],[73.2169,71.4577],[73.2707,71.3726],[73.698,71.1414],[74.1892,70.6726],[74.2496,70.5729],[74.1222,70.3659],[73.791,70.0522],[73.6541,69.7565],[73.9079,69.2745],[73.9145,69.1543],[74.318,69.1625],[74.9017,69.081],[75.1886,69.1266],[75.598,69.21],[76.1775,69.1359],[76.538,69.0841],[77.0299,68.9799],[77.406,68.9356],[77.6358,68.8162],[77.8342,68.4727],[77.9091,68.3237],[78.0072,68.2568],[77.9775,68.1451],[77.5142,67.9733],[77.4832,67.8025],[77.6889,67.7584],[77.946,67.7737],[78.3046,67.6929],[78.5357,67.6118],[78.4779,67.4785],[78.089,67.4113],[77.5048,67.4324],[77.0907,67.5277],[76.9549,67.6533],[77.1079,68.1138],[77.0398,68.4638],[76.6609,68.6722],[76.3278,68.7763],[75.5372,68.7749],[74.9163,68.7064],[74.6121,68.6385],[74.505,68.5935],[74.3951,68.347],[74.6694,68.1017],[74.7706,67.8494],[74.7417,67.6862],[74.3525,67.4044],[73.9845,67.2634],[73.8108,66.9904],[73.6902,66.8651],[73.1655,66.6438],[72.5574,66.496],[72.4211,66.3347],[72.2088,66.1735],[71.7943,66.1581],[71.2595,66.2228],[70.9834,66.2004],[70.4736,66.236],[69.7673,66.3297],[69.4351,66.4242],[69.1726,66.5483],[69.0848,66.6875],[68.0973,66.3766],[66.7043,66.521],[66.508,66.5316],[65.6379,65.6878],[65.4767,64.6878],[66.0417,63.5991],[65.0623,62.9693],[65.9787,62.3885],[66.9892,62.2165],[67.8521,61.6736],[67.8899,61.6851],[68.8059,62.5848],[70.9703,64.2448],[72.3617,62.9386],[74.3715,63.079],[75.2386,62.1341],[77.0384,61.9741],[85.0833,58.1634],[93.975,56.8932],[102.5857,57.2955],[109.0768,57.5989],[118.1096,56.8932],[126.4368,54.9172],[136.4871,53.6548]]]},"properties":{"NAME":"Siberians","SUBJECTO":"Siberians","PARTOF":"Siberians","BORDERPRECISION":1,"LINK":null}},
{"type":"Feature","geometry":{"type":"Polygon","coordinates":[[[87.2063,49.606],[78.8045,54.3936],[68.5914,54.282],[64.6788,55.9738],[64.2273,57.6618],[64.6316,58.4846],[65.8985,59.729],[65.406,60.0017],[62.9728,59.3185],[61.3074,58.8358],[60.1421,58.1467],[58.581,57.5802],[56.3718,57.3639],[52.8539,46.9383],[52.8615,46.9372],[53.0234,46.9192],[53.1852,46.8652],[53.2302,46.7303],[53.2841,46.6764],[53.1672,46.5865],[53.1223,46.4966],[53.1852,46.4246],[53.2572,46.3167],[53.2032,46.1908],[53.1492,45.957],[53.0503,45.8312],[52.9245,45.7322],[52.8345,45.6423],[52.8435,45.5075],[53.0593,45.4535],[53.2122,45.3636],[53.2841,45.3276],[53.0593,45.3366],[52.6097,45.3996],[52.1062,45.3816],[51.9983,45.3816],[51.8454,45.4355],[51.7735,45.3906],[51.6296,45.3546],[51.5127,45.3726],[51.4588,45.3096],[51.3778,45.1748],[51.3419,45.0579],[51.216,45.0399],[51.0991,44.878],[51.189,44.7701],[51.3689,44.6802],[51.4858,44.6262],[51.5757,44.5543],[51.4138,44.5183],[51.3329,44.4824],[51.0901,44.5633],[50.8743,44.6262],[50.7214,44.6352],[50.5416,44.6442],[50.4067,44.6173],[50.3348,44.5633],[50.3258,44.3655],[50.3887,44.2935],[50.7035,44.2576],[50.9552,44.2036],[50.9912,44.0777],[51.171,43.7181],[51.261,43.6102],[51.3689,43.5562],[51.4588,43.3854],[51.4228,43.2595],[51.4228,43.1696],[51.5847,43.1786],[51.7375,43.1786],[51.8814,43.0527],[51.9803,42.9088],[52.0702,42.8279],[52.1601,42.8459],[52.295,42.8728],[52.3759,42.8009],[52.5828,42.8279],[52.7626,42.7559],[52.8345,42.648],[52.7536,42.5581],[52.7356,42.4232],[52.6727,42.2794],[52.5828,42.1894],[52.5198,42.0726],[52.5738,42.0186],[52.6007,41.9377],[52.5593,41.7578],[52.6826,41.6937],[52.7114,41.6075],[52.6922,41.5309],[52.855,41.3872],[52.97,41.1382],[52.9604,41.2723],[52.9317,41.3776],[52.97,41.5596],[52.9987,41.6841],[52.9412,41.7703],[52.9795,41.9044],[53.0657,42.0289],[53.2669,42.0864],[53.4584,42.096],[53.7362,42.1343],[53.9852,42.1055],[54.0235,42.0481],[54.0235,41.9523],[54.0235,41.8565],[54.1193,41.7799],[54.1385,41.6266],[54.1672,41.483],[54.3588,41.3872],[54.5982,41.2435],[54.7514,41.1382],[54.8281,40.9849],[54.8185,40.8796],[54.7227,40.8508],[54.6078,40.8125],[54.5024,40.8508],[54.4545,40.9179],[54.3683,40.8987],[54.3875,40.8029],[54.4545,40.7167],[54.4162,40.6593],[54.33,40.688],[54.2247,40.7263],[54.1097,40.6784],[53.9756,40.6497],[53.8416,40.6401],[53.7937,40.7263],[53.7649,40.87],[53.6979,40.8796],[53.65,40.8796],[53.6596,40.8125],[53.6117,40.7455],[53.4393,40.8029],[53.2573,40.7646],[53.1807,40.8413],[53.1519,40.8987],[53.0562,41.052],[53.0179,40.9466],[52.97,40.8221],[52.9508,40.7072],[52.9029,40.5635],[52.8263,40.4677],[52.8455,40.3336],[52.8455,40.1804],[52.9125,40.0463],[52.9891,39.9314],[53.0466,39.9984],[53.1903,39.9601],[53.3627,39.9601],[53.5063,39.9984],[53.6883,39.9792],[53.5925,39.893],[53.5159,39.7781],[53.5542,39.6536],[53.6691,39.644],[53.8128,39.5482],[53.7937,39.4908],[53.7362,39.5004],[53.5446,39.5387],[53.3722,39.5195],[53.3148,39.5674],[53.2477,39.4525],[53.2094,39.4046],[53.2477,39.2992],[53.3339,39.3854],[53.4967,39.3375],[53.5829,39.3184],[53.6596,39.3184],[53.6787,39.2513],[53.7745,39.1364],[53.9182,39.0502],[54.0331,38.9927],[54.0714,38.8969],[55.6424,40.0503],[58.8786,43.8493],[58.8273,43.844],[58.7799,43.7471],[58.5963,43.7571],[58.3673,43.7371],[58.3446,43.8657],[58.3762,44.0391],[58.3999,44.1667],[58.2419,44.359],[58.2301,44.4521],[58.1985,44.5197],[58.2571,44.5766],[58.2967,44.6384],[58.2946,44.7083],[58.251,44.7864],[58.2321,44.8513],[58.2381,44.9031],[58.2722,44.9817],[58.3783,45.1775],[58.4041,45.253],[58.4492,45.3224],[58.5136,45.3857],[58.5601,45.4572],[58.5887,45.5371],[58.6113,45.5847],[58.6279,45.6002],[58.6553,45.7157],[58.6813,45.7836],[58.7207,45.8477],[58.7716,45.895],[58.8154,45.9312],[58.8806,45.9559],[58.9574,45.9682],[58.9816,45.9746],[59.0701,46.0012],[59.1432,46.0067],[59.1984,46.0231],[59.2636,46.0272],[59.3287,46.0259],[59.3662,45.9902],[59.3603,45.9326],[59.3011,45.8804],[59.2873,45.835],[59.4314,45.8034],[59.5498,45.9943],[59.5459,46.2393],[59.4807,46.3171],[59.5308,46.3427],[59.5488,46.3448],[59.577,46.3335],[59.6988,46.3313],[59.7494,46.3221],[59.7789,46.3015],[59.8008,46.2545],[59.8154,46.1814],[60.0187,46.213],[60.3,46.1638],[60.4787,46.2048],[60.5527,46.1549],[60.605,46.1269],[60.7235,46.1679],[60.7857,46.1518],[60.8241,46.2134],[60.8226,46.2432],[60.5665,46.2652],[60.456,46.2734],[60.2112,46.2871],[60.0787,46.4018],[60.0207,46.4494],[59.9977,46.5024],[60.0092,46.5606],[60.073,46.6188],[60.1891,46.6768],[60.2705,46.6997],[60.3174,46.6875],[60.3594,46.6353],[60.3963,46.5431],[60.4297,46.5289],[60.4596,46.5928],[60.5012,46.6118],[60.5546,46.5856],[60.6045,46.5781],[60.6512,46.5891],[60.7257,46.6258],[60.728,46.676],[60.6378,46.7208],[60.5231,46.7273],[60.5034,46.8057],[60.6574,46.8219],[60.8429,46.7733],[60.8587,46.6975],[60.7831,46.6327],[60.7994,46.569],[60.8462,46.5244],[60.9381,46.4898],[61.1233,46.5653],[61.2496,46.6115],[61.3128,46.6819],[61.4658,46.7669],[61.6543,46.7689],[61.5615,46.5972],[61.3681,46.3552],[61.2891,46.2952],[61.2712,46.2556],[66.6661,44.4266],[68.2275,42.2424],[74.0657,45.5421],[77.1813,46.7829],[85.5156,48.411],[87.7744,49.2823],[87.2063,49.606]]]},"properties":{"NAME":"White Horde","SUBJECTO":"White Horde","PARTOF":"White Horde","BORDERPRECISION":1,"LINK":null}},
{"type":"Feature","geometry":{"type":"Polygon","coordinates":[[[39.1262,55.1714],[38.9072,55.1381],[38.4562,55.1445],[38.2154,55.1479],[38.2309,55.0652],[38.3198,54.5943],[38.1761,53.9731],[38.7922,53.9833],[39.5757,53.8911],[40.5136,53.8517],[40.983,54.1163],[41.2282,54.5282],[41.3054,54.7606],[41.3634,54.9352],[41.1599,54.998],[41.0014,54.7957],[40.991,54.7606],[40.9214,54.5262],[40.2074,54.5867],[39.6982,54.7877],[39.5977,55.0256],[39.3563,55.0262],[39.1262,55.1714]]]},"properties":{"NAME":"Ryazan","SUBJECTO":"Ryazan","PARTOF":"Ryazan","BORDERPRECISION":1,"LINK":null}},
{"type":"Feature","geometry":{"type":"Polygon","coordinates":[[[45.3822,42.6231],[45.4779,42.5486],[45.6481,42.5486],[45.8077,42.538],[45.8609,42.4741],[45.8077,42.389],[45.7545,42.2508],[45.9141,42.1231],[46.0417,42.0487],[46.1587,42.0061],[46.2864,41.9848],[46.3927,41.9955],[46.4991,41.9636],[46.5558,41.8785],[46.6587,41.8891],[46.6693,41.8146],[46.765,41.8359],[46.8501,41.8359],[46.914,41.7508],[47.1267,41.6232],[47.1693,41.57],[47.2224,41.57],[47.3501,41.4423],[47.3501,41.304],[47.616,41.2615],[47.8181,41.1977],[47.9883,41.2189],[48.0628,41.3147],[48.2011,41.4636],[48.2237,41.4711],[47.2486,42.7849],[47.1948,43.3759],[47.4934,43.5832],[47.5383,43.6731],[47.5653,43.844],[47.4394,44.0328],[47.3315,44.1856],[47.2236,44.2036],[47.1427,44.3385],[46.9988,44.3565],[46.8459,44.4464],[46.81,44.5363],[46.8729,44.6802],[47.0258,44.7881],[47.1697,44.86],[47.2506,44.9859],[47.3945,45.1748],[47.4754,45.3186],[47.5563,45.4535],[47.6552,45.5434],[47.6013,45.6603],[47.6282,45.7322],[47.6732,45.7502],[47.7541,45.7143],[47.871,45.6783],[48.0149,45.7143],[48.3026,45.7682],[48.4825,45.8851],[48.6353,45.975],[48.7702,45.8851],[48.8331,45.9211],[48.8331,46.02],[48.8331,46.0829],[48.8871,46.0829],[49.0579,46.1369],[49.2378,46.2628],[49.3132,46.3527],[49.4086,46.4336],[49.5345,46.5415],[49.7233,46.5325],[49.9481,46.5595],[50.2718,46.6854],[50.6315,46.9102],[50.8204,46.9192],[51.1171,47.063],[51.3689,47.09],[51.6746,47.0361],[51.7915,47.0091],[51.9353,46.8922],[52.1422,46.8382],[52.3759,46.8742],[52.4659,46.9102],[52.5558,46.9821],[52.7836,46.9486],[56.3438,57.3592],[54.596,57.0694],[51.6942,57.0301],[49.7474,56.7308],[46.8753,56.4454],[46.715,56.5299],[46.677,56.2602],[45.7182,55.3481],[44.9039,55.0923],[44.8875,55.0181],[43.9739,54.8232],[43.6312,54.5411],[43.8632,54.2957],[43.5594,53.9836],[43.6536,53.8366],[43.9581,53.7743],[44.4351,53.7193],[44.3366,53.1129],[43.9907,52.6185],[43.2678,52.3112],[42.07,52.2921],[41.3005,52.3053],[40.3162,51.993],[39.6399,51.7485],[37.6993,52.7364],[36.86,52.0946],[37.6006,51.4034],[38.2917,51.2059],[38.1361,49.049],[40.0265,49.0804],[42.587,50.9097],[43.6731,50.8603],[44.3643,49.4286],[42.5242,47.051],[42.4115,46.7268],[41.3096,43.5572],[43.6169,43.7728],[45.3822,42.6231]]]},"properties":{"NAME":"Golden Horde","SUBJECTO":"Golden Horde","PARTOF":"Golden Horde","BORDERPRECISION":1,"LINK":null}},
{"type":"Feature","geometry":{"type":"Polygon","coordinates":[[[32.9073,52.4009],[32.6885,52.2061],[32.9435,51.8968],[33.3956,51.7799],[33.6208,52.0705],[33.6545,52.3626],[33.2585,52.4189],[32.9073,52.4009]]]},"properties":{"NAME":"Novgorod-Seversky","SUBJECTO":"Novgorod-Seversky","PARTOF":"Novgorod-Seversky","BORDERPRECISION":1,"LINK":null}},
{"type":"Feature","geometry":{"type":"MultiPolygon","coordinates":[[[[27.581,58.2311],[27.973,58.1326],[28.3789,58.2116],[28.3832,58.179],[29.8727,58.1144],[29.9201,57.763],[30.4858,57.3757],[31.0071,57.2592],[31.1698,57.112],[30.9914,56.8107],[30.6431,56.9536],[30.5762,56.8078],[31.107,56.4098],[31.2291,56.1664],[30.7767,56.0721],[30.9017,55.8995],[31.8037,56.0299],[31.7228,55.5494],[31.0425,55.324],[31.3654,54.9442],[31.3512,54.8244],[32.208,54.864],[32.2648,54.3167],[32.635,53.9702],[32.5012,53.6611],[32.5553,53.3192],[32.1498,53.0377],[31.87,53.0965],[31.6381,53.2873],[31.3711,53.0654],[31.5617,52.3979],[31.8887,52.138],[31.3039,52.1545],[30.7865,51.9029],[30.5084,51.7964],[30.8541,51.5406],[31.5292,51.5652],[31.9939,51.3791],[32.4178,51.5553],[33.0499,51.3749],[33.5265,51.5711],[33.693,51.3424],[34.1167,51.2541],[34.1925,51.5046],[34.5541,51.5195],[34.8714,51.4565],[34.8344,51.8419],[35.3495,51.9243],[35.7948,51.7983],[36.3401,51.9631],[36.5252,52.3646],[36.8243,52.3896],[36.86,52.0946],[37.6993,52.7364],[39.6399,51.7485],[40.3162,51.993],[41.3005,52.3053],[42.07,52.2921],[43.2678,52.3112],[43.9907,52.6185],[44.3366,53.1129],[44.4351,53.7193],[43.9581,53.7743],[43.6536,53.8366],[43.5594,53.9836],[43.8632,54.2957],[43.6312,54.5411],[43.9739,54.8232],[44.8875,55.0181],[44.9039,55.0923],[45.7182,55.3481],[46.677,56.2602],[46.715,56.5299],[46.8753,56.4454],[49.7474,56.7308],[51.6942,57.0301],[54.596,57.0694],[56.3438,57.3592],[56.3444,57.3612],[56.3718,57.3639],[58.581,57.5802],[60.1421,58.1467],[61.3074,58.8358],[62.9728,59.3185],[65.406,60.0017],[65.8985,59.729],[66.1236,59.6045],[66.8163,59.6313],[68.6218,59.808],[69.666,60.671],[69.3847,60.9141],[68.4428,61.0981],[68.2275,61.5325],[67.8387,61.6348],[67.7777,61.6509],[67.8521,61.6736],[66.9892,62.2165],[65.9787,62.3885],[65.0623,62.9693],[66.0417,63.5991],[65.4767,64.6878],[65.6379,65.6878],[66.508,66.5316],[66.7043,66.521],[68.0973,66.3766],[69.0848,66.6875],[69.3554,66.7394],[69.7915,66.7549],[70.1207,66.7188],[70.8399,66.5514],[71.3495,66.6624],[71.5441,66.7141],[71.3995,66.9491],[71.6471,67.0673],[71.9305,67.1563],[72.485,67.4378],[72.8377,67.6456],[72.9878,67.7941],[73.1752,68.1659],[73.3936,68.3824],[73.3941,68.4421],[73.3086,68.5166],[72.8462,68.6352],[72.6435,68.8069],[72.5255,69.0691],[72.5515,69.6563],[72.4369,70.187],[72.6959,70.3556],[72.7742,70.4552],[72.6797,70.8235],[72.555,70.9772],[72.1362,71.2776],[71.7976,71.4318],[71.8978,71.5872],[72.4983,71.9618],[72.6546,72.1183],[72.8448,72.4946],[72.8527,72.6439],[72.714,72.7696],[72.4553,72.8243],[71.9758,72.7998],[71.6629,72.8307],[70.9403,72.79],[70.2144,72.7335],[69.5116,72.803],[69.3431,72.8343],[69.0567,72.6447],[68.8121,72.0955],[68.5508,71.822],[68.3162,71.6349],[67.8225,71.4167],[67.1555,71.2296],[66.9796,71.2138],[66.818,71.1054],[66.6702,70.8661],[66.7748,70.7356],[67.2853,70.7058],[67.3982,70.5985],[67.4218,70.2234],[67.3833,70.1394],[67.2772,70.0706],[66.9649,69.9558],[66.828,69.8194],[66.799,69.7437],[66.8844,69.6231],[67.7787,69.5569],[68.1059,69.4293],[68.0935,69.1359],[68.2577,68.9411],[68.5118,68.8367],[68.6918,68.8145],[69.109,68.8303],[69.0026,68.6954],[68.4879,68.2242],[68.3846,68.1793],[68.2154,68.2014],[67.8265,68.3721],[67.6455,68.4481],[67.1717,68.6471],[66.5843,68.8855],[66.1255,68.9972],[65.3554,69.1834],[64.873,69.2277],[63.9232,69.4592],[63.4123,69.5487],[62.8539,69.6156],[62.2813,69.7051],[61.3043,69.7335],[61.03,69.7406],[60.8487,69.71],[60.5517,69.5434],[60.3692,69.4677],[60.986,69.0026],[60.9341,68.8151],[60.7563,68.6725],[60.5121,68.5899],[60.0791,68.619],[59.9254,68.5813],[59.892,68.402],[59.7623,68.2974],[59.5019,68.2894],[59.2177,68.3485],[59.1198,68.3931],[59.062,68.4975],[59.3459,68.6999],[59.199,68.7744],[58.7704,68.856],[58.4093,68.8329],[57.9592,68.7048],[57.5259,68.4946],[57.3637,68.457],[57.0242,68.4489],[56.5403,68.5526],[56.1951,68.5669],[55.7229,68.5361],[55.3354,68.4831],[55.1265,68.4006],[54.996,68.2065],[54.8772,68.1095],[54.7523,68.0498],[54.6485,68.0719],[54.576,68.1611],[54.3797,68.1607],[53.854,68.0853],[53.6257,68.0477],[53.3168,68.1364],[53.3162,68.2332],[53.3959,68.3004],[53.7821,68.3384],[53.8084,68.6073],[53.8891,68.787],[53.5024,68.8163],[53.1794,68.7557],[53.0058,68.6806],[52.9388,68.4712],[52.7197,68.3514],[52.4627,68.2987],[52.3374,68.3357],[52.2449,68.5446],[51.8308,68.4094],[51.139,68.2664],[50.4959,68.1535],[49.6301,67.9362],[49.1856,67.8388],[48.6353,67.6524],[48.0807,67.5625],[47.9529,67.3773],[47.8221,67.1113],[47.7062,66.8901],[47.5712,66.8163],[46.9726,66.7785],[46.4021,66.7186],[46.0768,66.7621],[45.7154,66.8496],[45.3856,67.0994],[44.9571,67.2314],[44.8712,67.3124],[45.0925,67.5421],[45.4626,67.6391],[46.1641,67.6774],[46.6341,67.7005],[46.4394,67.9079],[46.162,68.1082],[45.8634,68.3833],[45.5796,68.4425],[44.6678,68.3886],[44.012,68.4919],[43.8532,68.4692],[43.8222,68.3273],[44.1687,68.097],[44.2611,67.8296],[44.2158,67.7183],[43.7036,67.2659],[43.8381,67.1629],[44.2192,67.0898],[44.362,66.906],[44.3836,66.612],[44.1221,66.2672],[44.0528,66.0405],[44.0294,66.0112],[43.8762,66.011],[43.2414,66.2509],[42.4185,66.3811],[42.2108,66.41],[42.1334,66.3879],[41.6233,66.0652],[41.3542,65.9552],[40.6814,65.7936],[40.0369,65.6031],[39.9513,65.5812],[39.8231,65.4356],[39.9794,65.1531],[40.366,64.8579],[40.4621,64.7503],[40.4398,64.5636],[40.3222,64.4629],[39.9971,64.5412],[39.6216,64.476],[39.1934,64.511],[38.2529,64.7031],[37.6041,64.8528],[37.1019,65.0681],[36.8839,65.0677],[36.5685,64.7646],[36.9967,64.4066],[37.262,64.3139],[37.4633,64.3],[37.6681,64.3433],[37.8799,64.3079],[38.0539,64.1293],[38.0541,63.9863],[37.9449,63.8504],[37.5915,63.8069],[37.4105,63.7495],[37.2465,63.7849],[36.9875,63.8415],[36.4206,63.8761],[36.24,63.9186],[36.0155,64.197],[35.6233,64.2536],[35.0818,64.2883],[34.8846,64.3668],[34.8148,64.4598],[34.7729,64.6822],[34.4257,65.1065],[34.332,65.3455],[34.2934,65.3962],[34.6012,65.4839],[34.7256,65.615],[34.7262,65.797],[34.5437,66.0008],[34.2585,66.1098],[33.8442,66.1821],[33.4697,66.3131],[32.9709,66.5834],[32.7535,66.649],[32.4247,66.891],[32.3578,66.9203],[32.2194,66.9937],[32.6443,67.0461],[32.991,66.9878],[33.1577,66.9145],[33.4375,66.7017],[33.6513,66.6801],[34.153,66.6296],[35.1677,66.4115],[35.7717,66.2589],[36.5052,66.1725],[37.4224,66.0938],[38.0479,66.0074],[38.7821,66.0015],[39.19,66.0387],[39.9775,66.2009],[40.3451,66.3186],[40.8364,66.5614],[41.147,66.7823],[41.2553,66.937],[41.2088,67.0695],[41.0169,67.2019],[40.9508,67.3347],[40.9734,67.5344],[40.8261,67.66],[39.9181,67.9404],[39.3347,68.0359],[38.6685,68.1463],[38.4064,68.2427],[37.6886,68.6296],[37.2459,68.7935],[36.0183,69.0237],[35.4366,69.1504],[34.9341,69.1494],[34.6989,69.1641],[34.3051,69.1708],[33.818,69.1925],[33.6284,69.2147],[33.3156,69.0713],[33.2806,69.342],[33.0096,69.3867],[32.5963,69.4236],[32.3517,69.5137],[32.1906,69.6417],[32.1587,69.6901],[30.1442,69.2621],[28.9022,68.356],[30.1091,67.7188],[30.4687,67.4859],[31.116,67.0668],[30.8673,66.7514],[30.7887,66.2299],[31.1551,65.9142],[30.9965,65.7619],[30.4069,65.7896],[30.3975,65.1587],[30.065,64.5598],[30.8694,64.1616],[30.4455,63.7148],[30.4343,63.4158],[31.1812,63.3298],[31.2837,62.9592],[32.2231,62.8476],[32.267,62.6622],[31.3953,62.5428],[31.0598,62.3069],[29.7271,61.8479],[30.1793,61.3727],[30.9285,61.0997],[31.6064,60.1336],[31.6538,59.5256],[30.6613,59.2526],[30.2282,58.8384],[29.8859,59.1104],[29.2823,59.1156],[28.2655,59.0866],[27.7715,58.8912],[27.6505,58.8433],[27.581,58.2311]],[[39.1262,55.1714],[39.3563,55.0262],[39.5977,55.0256],[39.6982,54.7877],[40.2074,54.5867],[40.9214,54.5262],[40.991,54.7606],[41.0014,54.7957],[41.1599,54.998],[41.3634,54.9352],[41.3054,54.7606],[41.2282,54.5282],[40.983,54.1163],[40.5136,53.8517],[39.5757,53.8911],[38.7922,53.9833],[38.1761,53.9731],[38.3198,54.5943],[38.2309,55.0652],[38.2154,55.1479],[38.4562,55.1445],[38.9072,55.1381],[39.1262,55.1714]],[[32.9073,52.4009],[33.2585,52.4189],[33.6545,52.3626],[33.6208,52.0705],[33.3956,51.7799],[32.9435,51.8968],[32.6885,52.2061],[32.9073,52.4009]]],[[[50.3203,69.1505],[50.3053,69.1619],[50.1936,69.2405],[50.1753,69.2514],[50.1428,69.2667],[50.1042,69.2811],[49.9069,69.3311],[49.7247,69.3783],[49.6933,69.3869],[49.5705,69.4216],[49.4789,69.448],[49.3794,69.4797],[49.3475,69.4883],[49.3128,69.4964],[49.2919,69.4997],[49.2442,69.5056],[49.1194,69.5092],[49.0186,69.51],[48.9994,69.5094],[48.9433,69.5069],[48.9097,69.5025],[48.8328,69.4892],[48.6639,69.4519],[48.635,69.4441],[48.6078,69.4353],[48.5825,69.425],[48.4375,69.3589],[48.4139,69.3478],[48.3917,69.3353],[48.3711,69.3219],[48.3222,69.2864],[48.3128,69.2792],[48.2892,69.2539],[48.2753,69.2303],[48.2692,69.215],[48.2647,69.193],[48.2664,69.1864],[48.2667,69.1725],[48.2669,69.1444],[48.2669,69.1303],[48.2655,69.123],[48.2608,69.115],[48.2321,69.0841],[48.2167,69.0641],[48.2122,69.0564],[48.2161,68.895],[48.2178,68.8883],[48.2255,68.8828],[48.5761,68.733],[48.59,68.7286],[48.7761,68.7228],[48.7947,68.7233],[48.8119,68.725],[48.8289,68.7267],[48.9128,68.7361],[49.1472,68.7675],[49.4358,68.8086],[49.4517,68.8114],[49.4814,68.8178],[49.4955,68.8217],[49.6783,68.873],[49.6911,68.878],[49.7022,68.8842],[49.7553,68.9172],[49.8055,68.9522],[49.8678,69.0047],[49.9594,69.0761],[50.13,69.1383],[50.1894,69.1522],[50.2069,69.1539],[50.2239,69.1497],[50.225,69.1431],[50.1825,69.0955],[50.1658,69.0789],[50.1475,69.0633],[50.1278,69.0489],[50.1194,69.0405],[50.1172,69.0333],[50.1133,68.995],[50.1272,68.9903],[50.1431,68.993],[50.1772,69.0114],[50.2622,69.0647],[50.3119,69.1008],[50.3289,69.1175],[50.3311,69.1247],[50.3289,69.1383],[50.3203,69.1505]]],[[[59.6408,70.1964],[59.4611,70.2767],[59.4303,70.2928],[59.4155,70.3044],[59.4042,70.3161],[59.3528,70.35],[59.3344,70.3611],[59.3089,70.3714],[59.2494,70.3844],[59.1061,70.428],[59.0442,70.4475],[59.035,70.453],[59.0447,70.4672],[59.0425,70.4733],[59.0331,70.4789],[59.0189,70.4775],[59.0036,70.473],[58.8675,70.4319],[58.7567,70.3936],[58.6317,70.3258],[58.648,70.2975],[58.6808,70.288],[58.788,70.2539],[58.8247,70.218],[58.8214,70.2136],[58.7828,70.2133],[58.6733,70.23],[58.6547,70.2333],[58.6383,70.238],[58.6106,70.2544],[58.5942,70.2592],[58.4903,70.27],[58.4364,70.2692],[58.4214,70.2647],[58.4097,70.2569],[58.4086,70.2503],[58.495,70.1903],[58.5172,70.1797],[58.5683,70.1828],[58.5822,70.1803],[58.588,70.1744],[58.6067,70.1436],[58.6089,70.1375],[58.5939,70.1133],[58.5753,70.085],[58.5705,70.0778],[58.5728,70.0714],[58.588,70.06],[58.6214,70.0375],[58.6492,70.0208],[58.6711,70.0103],[59.0178,69.8539],[59.0386,69.8522],[59.1133,69.8542],[59.1272,69.8597],[59.1283,69.8664],[59.1228,69.8722],[59.1139,69.8778],[59.0853,69.8878],[59.0692,69.8925],[59.0178,69.9066],[58.9983,69.9108],[58.9411,69.9308],[58.9425,69.9375],[58.9586,69.9405],[59.0033,69.9339],[59.1239,69.9119],[59.2758,69.8842],[59.2955,69.8836],[59.3325,69.885],[59.3842,69.8908],[59.4039,69.8903],[59.4231,69.8858],[59.4392,69.8811],[59.6108,69.8144],[59.6164,69.8086],[59.6258,69.79],[59.6208,69.7828],[59.6114,69.7767],[59.5919,69.7769],[59.5761,69.7819],[59.5567,69.7825],[59.5483,69.775],[59.5339,69.7536],[59.5428,69.748],[59.5783,69.7258],[59.6017,69.7125],[59.7455,69.6914],[59.7661,69.6897],[59.8392,69.6925],[59.8586,69.6919],[59.8767,69.6886],[59.8856,69.683],[59.9119,69.6664],[59.9208,69.6855],[59.9306,69.6919],[59.9433,69.6986],[59.9714,69.7094],[60.0017,69.718],[60.02,69.7186],[60.0403,69.7169],[60.0855,69.7086],[60.1044,69.7042],[60.1428,69.695],[60.1583,69.6903],[60.1672,69.6847],[60.1861,69.68],[60.2056,69.6794],[60.2542,69.6886],[60.2692,69.6927],[60.4397,69.7436],[60.5461,69.7991],[60.5478,69.8058],[60.4775,69.9161],[60.425,69.9497],[60.4128,69.955],[60.3736,69.9561],[60.3572,69.953],[60.3211,69.9636],[60.2561,69.9894],[60.0794,70.0625],[59.9286,70.0975],[59.8703,70.1108],[59.8153,70.1247],[59.7786,70.1561],[59.773,70.1619],[59.7642,70.1678],[59.6408,70.1964]]]]},"properties":{"NAME":"Grand Duchy of Moscow","SUBJECTO":"Grand Duchy of Moscow","PARTOF":"Grand Duchy of Moscow","BORDERPRECISION":1,"LINK":null}},
{"type":"Feature","geometry":{"type":"Polygon","coordinates":[[[75.2386,62.1341],[74.3715,63.079],[72.3617,62.9386],[70.9703,64.2448],[68.8059,62.5848],[67.8899,61.6851],[67.8521,61.6736],[67.7777,61.6509],[67.8387,61.6348],[68.2275,61.5325],[68.4428,61.0981],[69.3847,60.9141],[69.666,60.671],[68.6218,59.808],[66.8163,59.6313],[66.1236,59.6045],[65.8985,59.729],[64.6316,58.4846],[64.2273,57.6618],[64.6788,55.9738],[68.5914,54.282],[78.8045,54.3936],[79.3008,54.399],[82.5362,57.0804],[78.3979,58.5889],[75.6641,58.615],[75.2386,62.1341]]]},"properties":{"NAME":"Khanate of Sibir","SUBJECTO":"Khanate of Sibir","PARTOF":"Khanate of Sibir","BORDERPRECISION":1,"LINK":null}},
{"type":"Feature","geometry":{"type":"MultiPolygon","coordinates":[[[[27.6505,58.8433],[27.7715,58.8912],[27.6612,58.9376],[27.6505,58.8433]]],[[[27.8227,56.7255],[28.0174,56.5669],[28.0926,56.7924],[28.8127,56.8835],[29.0595,56.5379],[29.9482,56.5379],[30.6887,55.8961],[30.7767,56.0721],[31.2291,56.1664],[31.107,56.4098],[30.5762,56.8078],[30.6431,56.9536],[30.9914,56.8107],[31.1698,57.112],[31.0071,57.2592],[30.4858,57.3757],[29.9201,57.763],[29.8727,58.1144],[28.3832,58.179],[28.3789,58.2116],[27.973,58.1326],[27.581,58.2311],[27.5107,57.6114],[27.5323,57.4058],[27.795,57.4659],[27.7726,57.2109],[27.6334,57.0962],[27.9294,56.9399],[27.8227,56.7255]]]]},"properties":{"NAME":"Pskov","SUBJECTO":"Pskov","PARTOF":"Pskov","BORDERPRECISION":1,"LINK":null}},
{"type":"Feature","geometry":{"type":"MultiPolygon","coordinates":[[[[-170.5503,-14.2983],[-170.5461,-14.2986],[-170.5425,-14.2975],[-170.5367,-14.2889],[-170.54,-14.2839],[-170.5484,-14.2825],[-170.5608,-14.2878],[-170.5559,-14.295],[-170.5503,-14.2983]]],[[[-170.66,-14.2553],[-170.6681,-14.2556],[-170.6817,-14.2581],[-170.795,-14.2981],[-170.8003,-14.3006],[-170.8092,-14.3081],[-170.8223,-14.3203],[-170.8261,-14.325],[-170.8223,-14.3294],[-170.7664,-14.3636],[-170.7494,-14.3739],[-170.7439,-14.3756],[-170.6373,-14.2894],[-170.5786,-14.2792],[-170.5633,-14.2725],[-170.5608,-14.2692],[-170.56,-14.2658],[-170.5656,-14.2558],[-170.5703,-14.2528],[-170.66,-14.2553]]],[[[-169.5095,-14.2767],[-169.4445,-14.2617],[-169.44,-14.2606],[-169.4383,-14.2567],[-169.4395,-14.2317],[-169.4456,-14.2267],[-169.4498,-14.2264],[-169.5153,-14.2267],[-169.5223,-14.2269],[-169.5339,-14.2297],[-169.5361,-14.2317],[-169.5372,-14.2378],[-169.5356,-14.2428],[-169.5217,-14.2683],[-169.5178,-14.2728],[-169.5131,-14.2758],[-169.5095,-14.2767]]],[[[-169.6231,-14.1839],[-169.6219,-14.1764],[-169.6219,-14.1686],[-169.6261,-14.1669],[-169.6406,-14.1717],[-169.6447,-14.1761],[-169.6442,-14.1811],[-169.6417,-14.1861],[-169.6314,-14.1908],[-169.6256,-14.1897],[-169.6231,-14.1839]]],[[[-169.6831,-14.1667],[-169.6873,-14.1664],[-169.6909,-14.1675],[-169.6942,-14.1736],[-169.6942,-14.1853],[-169.6931,-14.1889],[-169.687,-14.1919],[-169.6856,-14.1919],[-169.6811,-14.1917],[-169.6614,-14.1833],[-169.6598,-14.1806],[-169.6598,-14.1792],[-169.6622,-14.175],[-169.6656,-14.1728],[-169.6831,-14.1667]]],[[[-178.7209,-20.6481],[-178.7245,-20.6447],[-178.7306,-20.6461],[-178.7333,-20.6503],[-178.7378,-20.6597],[-178.7372,-20.6661],[-178.7333,-20.6694],[-178.715,-20.6744],[-178.7078,-20.6744],[-178.7056,-20.6708],[-178.7209,-20.6481]]],[[[-178.2114,-19.8525],[-178.2017,-19.8436],[-178.2003,-19.8408],[-178.1981,-19.8358],[-178.2003,-19.8311],[-178.2039,-19.8275],[-178.2097,-19.8264],[-178.2128,-19.8275],[-178.2217,-19.84],[-178.2231,-19.8456],[-178.2217,-19.8511],[-178.2164,-19.8533],[-178.2114,-19.8525]]],[[[-178.3914,-19.1761],[-178.3864,-19.1594],[-178.3864,-19.1389],[-178.3884,-19.1339],[-178.3928,-19.1306],[-178.3986,-19.1292],[-178.4111,-19.1436],[-178.4231,-19.1725],[-178.425,-19.1775],[-178.4231,-19.1822],[-178.4186,-19.185],[-178.3967,-19.185],[-178.3914,-19.1761]]],[[[179.773,-19.1233],[179.7583,-19.1303],[179.7539,-19.1331],[179.7397,-19.1819],[179.7402,-19.1881],[179.7466,-19.1958],[179.7747,-19.1975],[179.7797,-19.1953],[179.7936,-19.1878],[179.7975,-19.1844],[179.7966,-19.1783],[179.7892,-19.1417],[179.7775,-19.125],[179.773,-19.1233]]],[[[-178.5933,-19.1206],[-178.5992,-19.1286],[-178.6014,-19.1336],[-178.6022,-19.1397],[-178.6014,-19.1458],[-178.597,-19.1558],[-178.5933,-19.1592],[-178.5803,-19.1675],[-178.5561,-19.1792],[-178.5459,-19.1819],[-178.5386,-19.1819],[-178.5508,-19.1178],[-178.5544,-19.1142],[-178.5589,-19.1117],[-178.5639,-19.1094],[-178.5697,-19.1081],[-178.5764,-19.1086],[-178.5858,-19.1136],[-178.5933,-19.1206]]],[[[178.3722,-18.9317],[178.345,-18.9264],[178.3391,-18.9275],[178.3069,-18.9356],[178.1819,-18.9822],[178.178,-18.9856],[178.1753,-18.9897],[178.1714,-19],[178.0686,-19.0661],[177.9722,-19.1028],[177.9677,-19.1056],[177.9522,-19.1253],[177.9511,-19.1314],[177.9533,-19.1364],[177.9561,-19.1406],[177.9605,-19.1433],[177.9988,-19.1625],[178.0047,-19.1628],[178.0158,-19.1594],[178.0327,-19.1478],[178.0389,-19.1481],[178.0855,-19.1583],[178.0941,-19.1628],[178.1361,-19.1378],[178.1705,-19.0939],[178.1691,-19.0883],[178.1703,-19.0753],[178.1725,-19.0706],[178.188,-19.0492],[178.1919,-19.0458],[178.303,-18.9992],[178.3075,-18.9992],[178.3255,-19.0028],[178.3291,-19.0064],[178.3283,-19.0125],[178.328,-19.0278],[178.3375,-19.0506],[178.3416,-19.0508],[178.3738,-19.0525],[178.3805,-19.0519],[178.4172,-19.0469],[178.423,-19.0456],[178.4655,-19.0339],[178.4864,-19.0189],[178.498,-19.0094],[178.4983,-18.99],[178.4963,-18.9781],[178.4941,-18.9733],[178.4905,-18.9697],[178.4683,-18.9564],[178.3722,-18.9317]]],[[[-178.9428,-18.9253],[-178.9494,-18.9258],[-178.9628,-18.9342],[-178.9686,-18.9422],[-178.9723,-18.9528],[-178.9672,-18.9783],[-178.9622,-18.9872],[-178.9586,-18.9908],[-178.9534,-18.9928],[-178.947,-18.9936],[-178.9367,-18.9894],[-178.9336,-18.9853],[-178.9306,-18.9742],[-178.9306,-18.9606],[-178.9314,-18.9486],[-178.9333,-18.9369],[-178.9386,-18.9281],[-178.9428,-18.9253]]],[[[-179.8533,-18.9728],[-179.8525,-18.9667],[-179.8481,-18.9569],[-179.84,-18.9508],[-179.8342,-18.9494],[-179.8269,-18.9494],[-179.8159,-18.9531],[-179.8123,-18.9564],[-179.8095,-18.9608],[-179.8059,-18.9711],[-179.8044,-18.9836],[-179.8031,-18.9864],[-179.795,-18.9803],[-179.7883,-18.9725],[-179.7823,-18.9589],[-179.7836,-18.9464],[-179.7886,-18.9372],[-179.8172,-18.9267],[-179.8217,-18.9253],[-179.8389,-18.9225],[-179.845,-18.9225],[-179.8531,-18.9286],[-179.8575,-18.9383],[-179.8658,-18.9775],[-179.8703,-19.0011],[-179.8689,-19.0053],[-179.8653,-19.0086],[-179.8572,-19.0122],[-179.8508,-19.0131],[-179.8533,-18.9728]]],[[[178.528,-18.8672],[178.5258,-18.8625],[178.5216,-18.8597],[178.5092,-18.8586],[178.5042,-18.8608],[178.4803,-18.8797],[178.4766,-18.8831],[178.4719,-18.8969],[178.4711,-18.91],[178.4733,-18.915],[178.4972,-18.9339],[178.5022,-18.9347],[178.528,-18.9108],[178.5341,-18.9025],[178.5364,-18.8978],[178.5364,-18.8922],[178.528,-18.8672]]],[[[-178.4767,-18.6469],[-178.5014,-18.6372],[-178.5067,-18.6353],[-178.517,-18.6447],[-178.5197,-18.6489],[-178.5214,-18.6544],[-178.5214,-18.6614],[-178.5192,-18.6664],[-178.5161,-18.6706],[-178.512,-18.6733],[-178.5061,-18.6747],[-178.4986,-18.6747],[-178.4864,-18.6725],[-178.4783,-18.6664],[-178.4731,-18.6575],[-178.4731,-18.6506],[-178.4767,-18.6469]]],[[[179.8358,-18.5817],[179.8366,-18.5867],[179.8394,-18.5908],[179.888,-18.6375],[179.8958,-18.6439],[179.9083,-18.6447],[179.9128,-18.6419],[179.9666,-18.56],[179.9697,-18.5489],[179.9675,-18.5442],[179.9639,-18.5406],[179.95,-18.5397],[179.9289,-18.5403],[179.9055,-18.5456],[179.8813,-18.5517],[179.8491,-18.5667],[179.8402,-18.5722],[179.8375,-18.5764],[179.8358,-18.5817]]],[[[177.6361,-18.4914],[177.6308,-18.4919],[177.6152,-18.505],[177.613,-18.5097],[177.6136,-18.5161],[177.6191,-18.5383],[177.6375,-18.5689],[177.648,-18.5864],[177.6552,-18.5936],[177.6602,-18.5942],[177.6633,-18.5903],[177.6642,-18.5839],[177.6636,-18.5778],[177.6516,-18.5097],[177.6497,-18.5047],[177.6447,-18.4958],[177.6361,-18.4914]]],[[[178.1272,-18.3539],[178.1236,-18.3572],[178.1211,-18.3619],[178.1094,-18.4075],[178.1125,-18.4117],[178.1166,-18.4147],[178.1283,-18.4175],[178.1327,-18.4175],[178.1386,-18.4164],[178.1503,-18.4067],[178.1566,-18.3778],[178.1569,-18.3708],[178.1555,-18.3653],[178.1533,-18.3606],[178.1497,-18.3561],[178.1453,-18.3533],[178.1397,-18.3519],[178.1272,-18.3539]]],[[[-178.7475,-18.2014],[-178.7636,-18.1883],[-178.7731,-18.1833],[-178.787,-18.1825],[-178.808,-18.1833],[-178.8189,-18.1853],[-178.8242,-18.1872],[-178.8286,-18.19],[-178.8431,-18.2108],[-178.8439,-18.2169],[-178.8367,-18.2239],[-178.812,-18.2428],[-178.8031,-18.2483],[-178.7981,-18.2503],[-178.7917,-18.2511],[-178.7784,-18.2497],[-178.7653,-18.2483],[-178.7603,-18.2464],[-178.7514,-18.2408],[-178.7478,-18.2375],[-178.7447,-18.2333],[-178.7411,-18.2228],[-178.7411,-18.2161],[-178.7425,-18.2103],[-178.7447,-18.2056],[-178.7475,-18.2014]]],[[[179.2458,-18.0364],[179.3361,-18.1211],[179.3416,-18.1225],[179.3519,-18.1211],[179.3586,-18.1136],[179.3675,-18.0944],[179.3683,-18.0881],[179.3677,-18.0819],[179.3552,-18.0139],[179.3533,-18.0092],[179.308,-17.9483],[179.3003,-17.9419],[179.2922,-17.9372],[179.2733,-17.9356],[179.2667,-17.9361],[179.2433,-17.9511],[179.2364,-17.9683],[179.243,-18.0253],[179.2458,-18.0364]]],[[[-178.9911,-17.9508],[-179.0017,-17.9403],[-179.017,-17.9272],[-179.0214,-17.9244],[-179.027,-17.9231],[-179.0481,-17.9236],[-179.0589,-17.9275],[-179.0684,-17.9325],[-179.0778,-17.9442],[-179.0786,-17.9503],[-179.0764,-17.955],[-179.0706,-17.9633],[-179.06,-17.9739],[-179.0289,-17.9925],[-179.0239,-17.9947],[-179.0181,-17.9961],[-179.0117,-17.9953],[-178.9955,-17.99],[-178.9928,-17.9872],[-178.9897,-17.9797],[-178.9883,-17.9742],[-178.9889,-17.9556],[-178.9911,-17.9508]]],[[[-178.3239,-17.8825],[-178.3347,-17.8858],[-178.3478,-17.8942],[-178.3508,-17.8983],[-178.3544,-17.9086],[-178.358,-17.9261],[-178.3572,-17.9308],[-178.3553,-17.9356],[-178.34,-17.9558],[-178.3306,-17.9606],[-178.3189,-17.9633],[-178.3014,-17.9661],[-178.287,-17.9661],[-178.2628,-17.9614],[-178.2475,-17.9553],[-178.2439,-17.9517],[-178.2408,-17.9475],[-178.2386,-17.9428],[-178.2381,-17.9322],[-178.2386,-17.9261],[-178.2445,-17.9178],[-178.2561,-17.9081],[-178.265,-17.9025],[-178.2975,-17.8853],[-178.31,-17.8831],[-178.3239,-17.8825]]],[[[179.4219,-17.8483],[179.4286,-17.8408],[179.4303,-17.8283],[179.4211,-17.7972],[179.4161,-17.7881],[179.3972,-17.785],[179.3928,-17.7864],[179.3861,-17.7942],[179.3961,-17.8219],[179.4083,-17.8447],[179.4119,-17.8483],[179.4169,-17.8506],[179.4219,-17.8483]]],[[[-179.2883,-17.7811],[-179.2853,-17.777],[-179.2831,-17.772],[-179.2817,-17.7667],[-179.2817,-17.7597],[-179.285,-17.7408],[-179.2881,-17.7367],[-179.2923,-17.7339],[-179.3025,-17.7297],[-179.3133,-17.7261],[-179.3192,-17.7275],[-179.3259,-17.735],[-179.3325,-17.7497],[-179.3347,-17.7614],[-179.3333,-17.767],[-179.3311,-17.772],[-179.2984,-17.7853],[-179.2925,-17.7839],[-179.2883,-17.7811]]],[[[178.8327,-17.6272],[178.8283,-17.6244],[178.8167,-17.6214],[178.8102,-17.6206],[178.7919,-17.6211],[178.778,-17.6286],[178.7605,-17.6394],[178.7567,-17.6428],[178.7508,-17.6511],[178.7486,-17.6558],[178.7441,-17.6725],[178.7477,-17.7197],[178.7719,-17.7544],[178.8203,-17.7428],[178.8377,-17.7319],[178.8497,-17.7153],[178.8533,-17.705],[178.8536,-17.6883],[178.853,-17.6697],[178.8503,-17.6586],[178.8361,-17.6306],[178.8327,-17.6272]]],[[[-179.1478,-17.4783],[-179.142,-17.477],[-179.1325,-17.4722],[-179.1297,-17.4681],[-179.1281,-17.4625],[-179.1275,-17.4561],[-179.1281,-17.45],[-179.1433,-17.4311],[-179.1534,-17.4297],[-179.1681,-17.4297],[-179.1789,-17.4331],[-179.1817,-17.4372],[-179.1833,-17.4497],[-179.1734,-17.4678],[-179.1661,-17.4747],[-179.1617,-17.4775],[-179.1478,-17.4783]]],[[[178.1755,-18.2417],[178.1822,-18.2342],[178.1944,-18.2178],[178.2194,-18.1931],[178.2305,-18.19],[178.2436,-18.1886],[178.2733,-18.1475],[178.3386,-18.12],[178.3488,-18.1161],[178.3958,-18.1042],[178.4008,-18.1036],[178.5322,-18.0922],[178.5533,-18.0975],[178.5575,-18.1003],[178.5608,-18.1156],[178.5883,-18.1353],[178.6611,-18.0897],[178.678,-18.0783],[178.6811,-18.0742],[178.6922,-18.0569],[178.6975,-18.0472],[178.6933,-18.025],[178.6208,-17.8939],[178.5977,-17.7842],[178.5952,-17.6936],[178.5986,-17.6825],[178.6008,-17.6706],[178.6011,-17.6581],[178.5983,-17.6431],[178.5911,-17.6358],[178.3725,-17.475],[178.3028,-17.4303],[178.2808,-17.4031],[178.2816,-17.3897],[178.2797,-17.3781],[178.2714,-17.3489],[178.2691,-17.3439],[178.2441,-17.3261],[178.2397,-17.3233],[178.2175,-17.31],[178.193,-17.3011],[178.1886,-17.3039],[178.1869,-17.3233],[178.1705,-17.3425],[178.1247,-17.3578],[177.9594,-17.4092],[177.9536,-17.4106],[177.9464,-17.4106],[177.8978,-17.4078],[177.8333,-17.3961],[177.835,-17.3864],[177.8352,-17.3797],[177.8344,-17.3733],[177.8311,-17.3628],[177.8253,-17.3628],[177.8203,-17.3647],[177.6247,-17.4447],[177.5191,-17.5039],[177.5103,-17.5094],[177.388,-17.6328],[177.3853,-17.6514],[177.3872,-17.6631],[177.3903,-17.6675],[177.4197,-17.6811],[177.4225,-17.6853],[177.4239,-17.6908],[177.4325,-17.7375],[177.433,-17.7436],[177.4319,-17.7567],[177.4297,-17.7617],[177.3713,-17.8125],[177.2941,-17.8478],[177.2794,-17.8544],[177.275,-17.8572],[177.2594,-17.87],[177.2567,-17.8742],[177.2483,-17.9564],[177.2488,-17.9628],[177.2592,-17.9983],[177.2991,-18.0786],[177.3297,-18.1158],[177.3333,-18.1194],[177.473,-18.1628],[177.5161,-18.1531],[177.6061,-18.1739],[177.6119,-18.1756],[177.6164,-18.1783],[177.62,-18.1817],[177.8641,-18.2639],[177.9602,-18.2683],[178.0191,-18.2678],[178.155,-18.2567],[178.1602,-18.2547],[178.1647,-18.2519],[178.1755,-18.2417]]],[[[177.1,-17.3147],[177.1125,-17.3144],[177.1175,-17.3125],[177.1433,-17.2956],[177.1583,-17.2681],[177.1583,-17.2653],[177.1455,-17.25],[177.1419,-17.2478],[177.1114,-17.2583],[177.1003,-17.2711],[177.1,-17.3147]]],[[[-179.1164,-17.2678],[-179.1178,-17.2622],[-179.1214,-17.2586],[-179.1467,-17.2481],[-179.1526,-17.2467],[-179.1584,-17.2481],[-179.1628,-17.2508],[-179.1634,-17.2572],[-179.1615,-17.2689],[-179.157,-17.2786],[-179.1534,-17.2822],[-179.1484,-17.2842],[-179.1417,-17.285],[-179.1286,-17.2836],[-179.1237,-17.2817],[-179.1201,-17.2781],[-179.1178,-17.2733],[-179.1164,-17.2678]]],[[[179.4417,-17.2478],[179.433,-17.2422],[179.4191,-17.2428],[179.3572,-17.2594],[179.358,-17.2628],[179.3705,-17.2964],[179.3791,-17.3158],[179.3839,-17.3497],[179.3844,-17.3658],[179.3833,-17.3997],[179.3994,-17.3944],[179.4236,-17.3758],[179.4272,-17.3725],[179.4405,-17.3433],[179.4441,-17.3331],[179.448,-17.3158],[179.4497,-17.3033],[179.4466,-17.2569],[179.4453,-17.2514],[179.4417,-17.2478]]],[[[-178.9086,-17.2178],[-178.9092,-17.2131],[-178.9222,-17.1978],[-179.0078,-17.1511],[-179.015,-17.1508],[-179.02,-17.1531],[-179.0114,-17.1822],[-178.9858,-17.3181],[-178.9751,-17.2978],[-178.973,-17.2914],[-178.9713,-17.2891],[-178.9414,-17.26],[-178.9292,-17.2608],[-178.9253,-17.2572],[-178.9231,-17.2525],[-178.9086,-17.2178]]],[[[177.2083,-17.0889],[177.1875,-17.1175],[177.1783,-17.1436],[177.1772,-17.1608],[177.1772,-17.1636],[177.188,-17.1675],[177.1994,-17.1703],[177.2636,-17.1236],[177.2703,-17.1164],[177.2761,-17.1081],[177.2822,-17.0956],[177.2892,-17.0811],[177.2914,-17.0764],[177.2914,-17.0694],[177.288,-17.0589],[177.2852,-17.0547],[177.2811,-17.0519],[177.2461,-17.0556],[177.2402,-17.0567],[177.2358,-17.0594],[177.2083,-17.0889]]],[[[178.3402,-16.8306],[178.3389,-16.8247],[178.3314,-16.8006],[178.33,-16.7964],[178.325,-16.7942],[178.2772,-16.7894],[178.2744,-16.7933],[178.2766,-16.8253],[178.2789,-16.8303],[178.2822,-16.8339],[178.2875,-16.8358],[178.2939,-16.8367],[178.333,-16.8358],[178.338,-16.8353],[178.3402,-16.8306]]],[[[179.8928,-16.9461],[179.8847,-16.9592],[179.8824,-16.9642],[179.883,-16.9703],[179.8867,-16.9739],[179.9186,-16.9992],[179.9291,-17.0061],[179.9475,-17.0028],[179.9575,-16.9986],[179.9847,-16.9831],[180,-16.9657],[180,-16.7874],[179.9688,-16.8525],[179.9594,-16.8711],[179.9541,-16.88],[179.9469,-16.8869],[179.9322,-16.9008],[179.9044,-16.9297],[179.8928,-16.9461]]],[[[-179.8211,-16.7811],[-179.8531,-16.6928],[-179.8616,-16.6803],[-179.8681,-16.6795],[-179.8898,-16.6864],[-179.8951,-16.6884],[-179.9295,-16.7101],[-179.9386,-16.7159],[-180,-16.7874],[-180,-16.9657],[-179.9933,-16.9553],[-179.9876,-16.947],[-179.9359,-16.8997],[-179.9022,-16.8755],[-179.8211,-16.7811]]],[[[177.5705,-16.6983],[177.5672,-16.7094],[177.5583,-16.7219],[177.4766,-16.7961],[177.4314,-16.8444],[177.443,-16.8378],[177.5216,-16.79],[177.5741,-16.7361],[177.5844,-16.7189],[177.5936,-16.6994],[177.5944,-16.6933],[177.593,-16.6878],[177.5839,-16.6828],[177.5664,-16.6783],[177.56,-16.6775],[177.5605,-16.6803],[177.5641,-16.6839],[177.5669,-16.6881],[177.5705,-16.6983]]],[[[179.9433,-16.6519],[179.9491,-16.6436],[179.9505,-16.6381],[179.9505,-16.6242],[179.95,-16.6178],[179.9478,-16.6131],[179.9167,-16.6258],[179.8844,-16.6575],[179.8867,-16.6603],[179.9142,-16.6619],[179.9294,-16.6592],[179.9389,-16.6544],[179.9433,-16.6519]]],[[[180,-16.4943],[179.9952,-16.4961],[179.9864,-16.5017],[179.9836,-16.5058],[179.9819,-16.5114],[179.9811,-16.5244],[179.9819,-16.5308],[179.9847,-16.535],[179.9883,-16.5383],[179.9947,-16.5392],[180,-16.5379],[180,-16.4943]]],[[[-179.9711,-16.4589],[-179.9886,-16.477],[-179.9975,-16.4892],[-180,-16.4943],[-180,-16.5379],[-179.9762,-16.5353],[-179.9698,-16.5345],[-179.932,-16.5208],[-179.9269,-16.5189],[-179.8937,-16.4353],[-179.8964,-16.4311],[-179.9023,-16.4294],[-179.9148,-16.4317],[-179.9445,-16.4444],[-179.9495,-16.4467],[-179.9711,-16.4589]]],[[[179.5686,-16.7581],[179.5597,-16.7636],[179.5466,-16.765],[179.5394,-16.7647],[179.493,-16.7617],[179.4786,-16.7011],[179.4844,-16.6928],[179.5916,-16.5397],[179.653,-16.5017],[179.6747,-16.4947],[179.6891,-16.4881],[179.738,-16.4586],[179.7466,-16.4531],[179.7539,-16.4464],[179.7569,-16.4422],[179.8097,-16.3608],[179.853,-16.2911],[179.8917,-16.2447],[179.8983,-16.2372],[179.958,-16.1975],[179.9797,-16.1836],[179.9927,-16.1756],[180,-16.1727],[180,-16.1547],[179.9677,-16.1525],[179.9611,-16.1531],[179.9561,-16.1558],[179.9155,-16.1792],[179.8711,-16.2058],[179.8422,-16.2075],[179.7708,-16.2036],[179.6728,-16.2283],[179.5033,-16.2739],[179.4633,-16.2922],[179.4014,-16.3492],[179.3917,-16.3819],[179.403,-16.3986],[179.4044,-16.4028],[179.4041,-16.4097],[179.4005,-16.4131],[179.3319,-16.4131],[179.2986,-16.4128],[179.235,-16.4067],[179.2294,-16.3981],[179.2241,-16.3975],[178.9819,-16.4697],[178.9264,-16.4994],[178.93,-16.5031],[178.9278,-16.5147],[178.9255,-16.5197],[178.8975,-16.5483],[178.8939,-16.5519],[178.8894,-16.5547],[178.8633,-16.5667],[178.8269,-16.5747],[178.7775,-16.5992],[178.773,-16.6017],[178.7461,-16.6242],[178.7402,-16.6325],[178.7319,-16.6456],[178.7077,-16.6753],[178.6955,-16.6742],[178.6839,-16.6714],[178.6003,-16.6439],[178.5952,-16.6417],[178.5283,-16.7067],[178.4783,-16.7589],[178.4761,-16.7636],[178.4789,-16.7817],[178.4858,-16.7983],[178.4886,-16.8028],[178.4922,-16.8061],[178.5022,-16.8106],[178.518,-16.8161],[178.5253,-16.8164],[178.5436,-16.8144],[178.5516,-16.8083],[178.625,-16.8356],[178.6708,-16.9217],[178.6791,-16.9619],[178.6819,-16.9731],[178.6902,-16.9925],[178.6966,-17.0003],[178.7003,-17.0025],[178.7097,-17.0072],[178.7269,-17.0117],[178.7472,-17.0119],[178.7539,-17.0114],[178.7589,-17.0094],[178.7883,-16.9903],[178.7961,-16.9842],[178.8097,-16.9497],[178.8114,-16.9317],[178.8116,-16.9261],[178.8094,-16.9144],[178.8102,-16.9081],[178.8697,-16.8608],[178.9066,-16.855],[178.9441,-16.8792],[178.9483,-16.8889],[178.9497,-16.8944],[178.9547,-16.9036],[178.9589,-16.9064],[179.0189,-16.9272],[179.0239,-16.9253],[179.07,-16.8931],[179.0722,-16.8883],[179.0736,-16.8828],[179.0397,-16.8747],[179.0369,-16.8789],[179.0331,-16.8892],[179.0264,-16.8967],[179.0205,-16.8981],[179.0164,-16.8953],[179.0164,-16.8897],[179.0464,-16.8083],[179.0494,-16.8042],[179.053,-16.8006],[179.1683,-16.7242],[179.2064,-16.7053],[179.2658,-16.6906],[179.2722,-16.6914],[179.278,-16.6928],[179.3494,-16.7317],[179.3558,-16.7394],[179.3555,-16.7519],[179.3547,-16.7567],[179.3519,-16.7608],[179.3483,-16.7644],[179.3438,-16.7669],[179.3336,-16.7711],[179.3319,-16.8022],[179.4094,-16.8108],[179.5716,-16.8011],[179.6628,-16.7397],[179.71,-16.7297],[179.7463,-16.7264],[179.7789,-16.7275],[179.8105,-16.7347],[179.8447,-16.7439],[179.8533,-16.7564],[179.8552,-16.7614],[179.8661,-16.7719],[179.8705,-16.7733],[179.898,-16.7708],[179.9022,-16.7694],[179.9372,-16.7544],[179.9453,-16.7497],[179.9519,-16.7419],[179.9505,-16.7364],[179.8872,-16.6708],[179.878,-16.6658],[179.8713,-16.665],[179.8744,-16.6367],[179.9011,-16.5772],[179.9239,-16.5364],[179.9269,-16.5325],[179.9472,-16.5172],[179.9503,-16.5131],[179.9516,-16.5075],[179.9455,-16.475],[179.9441,-16.4694],[179.9419,-16.4644],[179.9375,-16.4617],[179.9325,-16.4608],[179.918,-16.4678],[179.8524,-16.5089],[179.813,-16.5406],[179.7519,-16.5914],[179.7147,-16.625],[179.643,-16.6908],[179.6161,-16.7206],[179.5686,-16.7581]]],[[[-169.8939,-19.1456],[-169.8881,-19.1444],[-169.8592,-19.1306],[-169.8503,-19.1258],[-169.8244,-19.1108],[-169.7981,-19.0872],[-169.7814,-19.0678],[-169.7817,-19.0628],[-169.8128,-18.9722],[-169.8175,-18.9683],[-169.8689,-18.9636],[-169.8848,-18.9633],[-169.8947,-18.9703],[-169.9289,-19.0106],[-169.9317,-19.0167],[-169.9531,-19.0703],[-169.9514,-19.0764],[-169.9309,-19.1244],[-169.8939,-19.1456]]],[[[-174.9747,-21.3658],[-174.9736,-21.3914],[-174.9658,-21.4178],[-174.9339,-21.4461],[-174.9245,-21.4522],[-174.9173,-21.4542],[-174.9109,-21.4267],[-174.9114,-21.3061],[-174.9353,-21.3247],[-174.9706,-21.3539],[-174.9739,-21.3589],[-174.9747,-21.3658]]],[[[-175.0517,-21.1617],[-175.0464,-21.1525],[-175.0456,-21.1458],[-175.0472,-21.1394],[-175.0503,-21.1344],[-175.0608,-21.1272],[-175.067,-21.1247],[-175.0731,-21.1242],[-175.0936,-21.125],[-175.1072,-21.1281],[-175.1195,-21.1325],[-175.1233,-21.135],[-175.1295,-21.1447],[-175.132,-21.1553],[-175.132,-21.1631],[-175.135,-21.1731],[-175.1417,-21.1786],[-175.1458,-21.1781],[-175.1522,-21.1756],[-175.2767,-21.125],[-175.3047,-21.0744],[-175.3022,-21.0714],[-175.3019,-21.0681],[-175.3053,-21.065],[-175.3125,-21.0636],[-175.3161,-21.0647],[-175.3392,-21.0731],[-175.3431,-21.0767],[-175.3514,-21.0861],[-175.355,-21.0914],[-175.3595,-21.0992],[-175.3605,-21.1025],[-175.358,-21.1294],[-175.3569,-21.1339],[-175.3514,-21.1433],[-175.3364,-21.1617],[-175.3236,-21.1744],[-175.3145,-21.18],[-175.1864,-21.2528],[-175.1453,-21.2681],[-175.135,-21.2678],[-175.1236,-21.2639],[-175.118,-21.2603],[-175.0517,-21.1617]]],[[[-174.7675,-20.2781],[-174.7608,-20.2764],[-174.7584,-20.2725],[-174.7561,-20.2644],[-174.7567,-20.2425],[-174.76,-20.2372],[-174.7656,-20.2347],[-174.7792,-20.2308],[-174.7864,-20.2317],[-174.792,-20.2347],[-174.7953,-20.2386],[-174.7959,-20.2453],[-174.7883,-20.2664],[-174.7853,-20.2717],[-174.7775,-20.2756],[-174.7675,-20.2781]]],[[[-174.4186,-19.9283],[-174.4139,-19.9267],[-174.3928,-19.905],[-174.3889,-19.9006],[-174.3867,-19.8939],[-174.3875,-19.8869],[-174.3909,-19.8817],[-174.3958,-19.8806],[-174.4011,-19.8836],[-174.4053,-19.8881],[-174.42,-19.9056],[-174.4225,-19.91],[-174.4239,-19.9147],[-174.4228,-19.9278],[-174.4186,-19.9283]]],[[[-174.3186,-19.8219],[-174.3145,-19.8172],[-174.3117,-19.8114],[-174.3064,-19.7719],[-174.3097,-19.7669],[-174.3159,-19.7642],[-174.3225,-19.7644],[-174.3259,-19.7683],[-174.3544,-19.8064],[-174.355,-19.812],[-174.3531,-19.8156],[-174.3481,-19.8186],[-174.3333,-19.8247],[-174.3275,-19.8253],[-174.3186,-19.8219]]],[[[-175.0784,-19.7081],[-175.0817,-19.7064],[-175.0869,-19.7081],[-175.0903,-19.7119],[-175.0978,-19.7414],[-175.0986,-19.7497],[-175.0914,-19.7681],[-175.0855,-19.7825],[-175.0839,-19.7861],[-175.0809,-19.7894],[-175.0772,-19.7936],[-175.0697,-19.7989],[-175.0633,-19.8008],[-175.0567,-19.8008],[-175.0514,-19.7992],[-175.0475,-19.7961],[-175.0442,-19.7922],[-175.0423,-19.7875],[-175.0425,-19.7814],[-175.0439,-19.7592],[-175.0503,-19.7283],[-175.0547,-19.7219],[-175.0589,-19.7181],[-175.0784,-19.7081]]],[[[-174.2631,-19.7447],[-174.2492,-19.7072],[-174.2475,-19.6972],[-174.2509,-19.6922],[-174.2561,-19.6881],[-174.2617,-19.6911],[-174.3053,-19.7369],[-174.3072,-19.7408],[-174.3047,-19.7447],[-174.2992,-19.7486],[-174.2928,-19.7511],[-174.2792,-19.7536],[-174.2725,-19.7528],[-174.2664,-19.75],[-174.2631,-19.7447]]],[[[-175.015,-19.6517],[-175.0189,-19.6542],[-175.0253,-19.6597],[-175.0314,-19.6681],[-175.0359,-19.6767],[-175.0361,-19.6794],[-175.035,-19.6836],[-175.0339,-19.6867],[-175.032,-19.6888],[-175.0256,-19.6919],[-175.0211,-19.6925],[-175.0183,-19.6914],[-175.0139,-19.6856],[-175.0039,-19.6644],[-175.0028,-19.6603],[-175.0031,-19.6569],[-175.0056,-19.6525],[-175.0106,-19.6514],[-175.015,-19.6517]]],[[[-174.28,-19.5928],[-174.2864,-19.5914],[-174.292,-19.5944],[-174.2939,-19.6011],[-174.2939,-19.6072],[-174.2906,-19.6186],[-174.282,-19.6344],[-174.2739,-19.6433],[-174.2608,-19.6519],[-174.2503,-19.6572],[-174.2445,-19.6561],[-174.2406,-19.6544],[-174.2389,-19.6511],[-174.2392,-19.6469],[-174.2417,-19.6428],[-174.28,-19.5928]]],[[[-174.6498,-18.7831],[-174.6556,-18.7839],[-174.6653,-18.7872],[-174.6709,-18.7903],[-174.6742,-18.7942],[-174.675,-18.8044],[-174.6731,-18.8128],[-174.667,-18.8258],[-174.6537,-18.8303],[-174.647,-18.8303],[-174.6386,-18.8275],[-174.6303,-18.8233],[-174.6244,-18.8142],[-174.6231,-18.8094],[-174.6244,-18.8067],[-174.6456,-18.7856],[-174.6498,-18.7831]]],[[[-174.0736,-18.6811],[-174.0797,-18.6814],[-174.0858,-18.6842],[-174.0942,-18.6911],[-174.0978,-18.6964],[-174.0961,-18.7011],[-174.0903,-18.7031],[-174.0666,-18.7064],[-174.0614,-18.7047],[-174.0617,-18.6986],[-174.0656,-18.6872],[-174.0689,-18.6822],[-174.0736,-18.6811]]],[[[-174.0411,-18.6803],[-174.0433,-18.6808],[-174.045,-18.6836],[-174.0445,-18.6875],[-174.0348,-18.7139],[-174.0334,-18.7156],[-174.0242,-18.7197],[-174.0197,-18.7172],[-174.0164,-18.7119],[-174.015,-18.7053],[-174.0192,-18.6944],[-174.0297,-18.6842],[-174.0375,-18.6808],[-174.0411,-18.6803]]],[[[-174.1236,-18.6775],[-174.1264,-18.6828],[-174.1278,-18.6903],[-174.1284,-18.6972],[-174.1281,-18.7033],[-174.1239,-18.7044],[-174.0897,-18.6742],[-174.0867,-18.6703],[-174.0853,-18.6656],[-174.0911,-18.6639],[-174.1058,-18.6667],[-174.1158,-18.6714],[-174.1236,-18.6775]]],[[[-174.07,-18.6394],[-174.0642,-18.6564],[-174.062,-18.6622],[-174.0544,-18.6697],[-173.987,-18.6842],[-173.9106,-18.6381],[-173.9073,-18.6331],[-173.9062,-18.6269],[-173.9075,-18.6206],[-173.9167,-18.5997],[-173.9317,-18.5753],[-173.9356,-18.5708],[-173.9392,-18.5689],[-173.9675,-18.5681],[-173.9894,-18.5711],[-173.9955,-18.5733],[-174.0009,-18.5764],[-174.0056,-18.58],[-174.0131,-18.5897],[-174.0172,-18.6031],[-174.0234,-18.6144],[-174.0272,-18.6189],[-174.0334,-18.6211],[-174.0414,-18.6211],[-174.0495,-18.6211],[-174.0572,-18.6211],[-174.0625,-18.6236],[-174.0681,-18.6264],[-174.0706,-18.6325],[-174.07,-18.6394]]],[[[-175.6792,-15.615],[-175.67,-15.6242],[-175.6658,-15.6272],[-175.6547,-15.6303],[-175.6447,-15.6292],[-175.6364,-15.625],[-175.612,-15.6044],[-175.6095,-15.6006],[-175.6072,-15.585],[-175.6089,-15.5708],[-175.6167,-15.5633],[-175.6214,-15.5608],[-175.6272,-15.5603],[-175.6678,-15.5661],[-175.6717,-15.5686],[-175.6781,-15.5764],[-175.6839,-15.5897],[-175.6847,-15.5936],[-175.6828,-15.6078],[-175.6792,-15.615]]],[[[-178.1406,-14.3164],[-178.1342,-14.3178],[-178.0608,-14.3239],[-178.0425,-14.3194],[-178.0423,-14.3167],[-178.0448,-14.3144],[-178.1247,-14.2503],[-178.13,-14.2469],[-178.1778,-14.2331],[-178.1856,-14.2317],[-178.1895,-14.2361],[-178.1911,-14.2433],[-178.1883,-14.2561],[-178.1809,-14.2728],[-178.1778,-14.2781],[-178.1711,-14.2878],[-178.1539,-14.3081],[-178.1406,-14.3164]]],[[[-176.1678,-13.3528],[-176.165,-13.3531],[-176.1614,-13.3528],[-176.1445,-13.3467],[-176.1406,-13.3436],[-176.1386,-13.3383],[-176.1211,-13.2633],[-176.1219,-13.2564],[-176.1236,-13.2514],[-176.1458,-13.2181],[-176.1503,-13.2142],[-176.1562,-13.2136],[-176.1606,-13.2161],[-176.1783,-13.2322],[-176.1831,-13.2436],[-176.1858,-13.2578],[-176.1911,-13.2869],[-176.1881,-13.3136],[-176.1772,-13.3414],[-176.1703,-13.3511],[-176.1678,-13.3528]]],[[[-171.4653,-14.0528],[-171.442,-14.0575],[-171.4297,-14.0197],[-171.4286,-14.0128],[-171.4294,-14.0053],[-171.432,-13.9994],[-171.4422,-13.9864],[-171.4461,-13.9825],[-171.6191,-13.8786],[-171.7481,-13.8317],[-171.8223,-13.8075],[-171.8839,-13.8056],[-171.9067,-13.8067],[-172.0278,-13.8394],[-172.0309,-13.8411],[-172.0578,-13.8647],[-172.0617,-13.8692],[-172.0648,-13.8744],[-172.0648,-13.8819],[-172.06,-13.9003],[-172.057,-13.9061],[-172.0528,-13.9106],[-172.0484,-13.9144],[-171.9111,-14.0125],[-171.7681,-14.0358],[-171.6484,-14.0503],[-171.5889,-14.0525],[-171.5461,-14.0503],[-171.5244,-14.0478],[-171.5167,-14.0478],[-171.48,-14.0506],[-171.4653,-14.0528]]],[[[-172.2225,-13.5631],[-172.2859,-13.4864],[-172.2897,-13.4819],[-172.2989,-13.4742],[-172.3044,-13.4711],[-172.3114,-13.4692],[-172.3484,-13.4614],[-172.3608,-13.4606],[-172.3911,-13.4642],[-172.4753,-13.4797],[-172.5519,-13.4972],[-172.5965,-13.5091],[-172.6553,-13.5192],[-172.7286,-13.5133],[-172.7361,-13.5094],[-172.7417,-13.5075],[-172.7531,-13.5094],[-172.7581,-13.5111],[-172.77,-13.5156],[-172.775,-13.5194],[-172.7795,-13.5272],[-172.7803,-13.53],[-172.7806,-13.5333],[-172.7797,-13.5397],[-172.7728,-13.55],[-172.7534,-13.5722],[-172.75,-13.5758],[-172.6911,-13.6261],[-172.59,-13.7397],[-172.5744,-13.7658],[-172.5325,-13.8008],[-172.5272,-13.8039],[-172.5195,-13.8053],[-172.5089,-13.8067],[-172.4892,-13.8069],[-172.4828,-13.8067],[-172.3933,-13.7917],[-172.2623,-13.8019],[-172.2575,-13.8058],[-172.252,-13.8075],[-172.225,-13.8089],[-172.2142,-13.8078],[-172.2105,-13.8053],[-172.1678,-13.6914],[-172.1678,-13.6844],[-172.1689,-13.6775],[-172.1934,-13.6133],[-172.2031,-13.5919],[-172.2225,-13.5631]]]]},"properties":{"NAME":"Tuʻi Tonga Empire","SUBJECTO":"Tuʻi Tonga Empire","PARTOF":"Tuʻi Tonga Empire","BORDERPRECISION":1,"LINK":null}},
{"type":"Feature","geometry":{"type":"Polygon","coordinates":[[[-109.2414,-27.1331],[-109.2358,-27.1311],[-109.2242,-27.1211],[-109.2183,-27.1119],[-109.2172,-27.1056],[-109.2178,-27.0994],[-109.2214,-27.0958],[-109.3658,-27.0633],[-109.3714,-27.0639],[-109.3908,-27.0667],[-109.3961,-27.0683],[-109.4092,-27.0844],[-109.4156,-27.0925],[-109.4206,-27.1019],[-109.4225,-27.1075],[-109.4453,-27.1753],[-109.447,-27.1808],[-109.4492,-27.1931],[-109.447,-27.1981],[-109.4425,-27.2008],[-109.4278,-27.2019],[-109.4158,-27.1933],[-109.3889,-27.1772],[-109.3339,-27.1514],[-109.3217,-27.1492],[-109.2908,-27.15],[-109.2414,-27.1331]]]},"properties":{"NAME":"Polynesians","SUBJECTO":"Polynesians","PARTOF":"Polynesians","BORDERPRECISION":1,"LINK":null}},
{"type":"Feature","geometry":{"type":"MultiPolygon","coordinates":[[[[16.6398,43.3897],[16.9923,43.3227],[17.0544,43.4727],[17.1632,43.3911],[17.3262,43.3368],[17.3041,43.0762],[17.548,42.9201],[17.5957,42.8889],[17.6464,42.8646],[18.0014,42.6945],[18.2487,42.5274],[18.5136,42.3621],[18.5286,42.3527],[18.9099,42.2178],[19.1355,41.9995],[19.143,41.9321],[19.3385,41.862],[19.3677,41.8464],[19.4579,41.7981],[19.607,41.7615],[19.6194,41.5593],[19.4989,41.5236],[19.417,41.3453],[19.53,41.2184],[19.4454,40.9649],[19.5273,40.8659],[19.3392,40.5887],[19.4945,40.4027],[19.4837,40.2959],[19.3802,40.3236],[19.3691,40.2603],[19.8036,40.017],[20.0286,39.8138],[20.0908,39.6025],[20.1224,39.551],[20.2118,39.4049],[20.6778,39.0804],[20.9011,39.0617],[21.0072,39.113],[21.1595,39.0048],[21.1047,38.9218],[21.0065,38.8705],[20.8926,38.8958],[20.7718,38.8509],[21.1724,38.3478],[21.3645,38.412],[21.6613,38.4381],[21.8265,38.464],[22.3337,38.4267],[22.8756,38.2046],[22.9967,38.1793],[23.1163,38.1574],[22.8987,37.9976],[22.7472,37.9526],[21.9967,38.2508],[21.9058,38.2697],[21.7145,38.1354],[21.4405,38.1795],[21.2284,37.9049],[21.2211,37.8284],[21.2963,37.7265],[21.5173,37.5358],[21.6137,37.4148],[21.6265,37.3065],[21.5314,37.1151],[21.5882,36.9814],[21.7809,36.8225],[21.9842,37.0205],[22.1914,36.8552],[22.3903,36.5244],[22.5244,36.7221],[22.6736,36.7543],[22.9826,36.6148],[22.8869,37.0467],[22.7931,37.1386],[22.8133,37.2121],[22.7262,37.2885],[22.6387,37.4923],[22.6423,37.5849],[22.7133,37.5434],[22.9421,37.5184],[23.0253,37.4798],[22.971,37.3853],[23.1096,37.3466],[23.1858,37.3748],[23.185,37.4273],[23.4181,37.4693],[23.3122,37.5481],[23.3217,37.6374],[23.2205,37.6018],[23.1514,37.5901],[23.0489,37.6426],[23.0454,37.7736],[23.04,37.858],[22.8981,37.9],[22.9806,37.9578],[23.1958,38.005],[23.4193,38.0681],[23.4957,38.0681],[23.5407,38.0041],[23.6341,37.879],[23.7337,37.8579],[23.8355,37.6846],[23.9182,37.6846],[23.9873,37.7634],[23.88,38.1154],[23.967,38.1521],[23.9607,38.2099],[23.8039,38.3465],[23.6828,38.3465],[23.5558,38.3518],[23.4938,38.4831],[23.3562,38.4895],[23.191,38.6103],[23.1695,38.667],[23.0998,38.6723],[22.9842,38.667],[22.8994,38.7669],[22.7233,38.7932],[22.6023,38.8562],[22.4905,38.8769],[22.7842,38.9403],[22.8711,39.0243],[22.8349,39.1664],[22.7661,39.2028],[22.7203,39.2873],[22.8509,39.3661],[22.919,39.3451],[22.9813,39.3293],[23.0453,39.2715],[23.0998,39.1874],[23.0519,39.1033],[23.1585,39.1401],[23.2361,39.2032],[23.0742,39.4135],[22.8134,39.6027],[22.7545,39.8183],[22.6951,39.8345],[22.5551,39.9867],[22.5256,40.0642],[22.4674,40.1185],[22.4896,40.2305],[22.6023,40.3972],[22.4921,40.4983],[22.7013,40.5774],[22.77,40.6672],[22.8519,40.6513],[22.8755,40.5963],[22.8639,40.5352],[22.7481,40.4825],[22.9602,40.3147],[23.1411,40.2662],[23.2148,40.1818],[23.2763,40.0499],[23.2605,39.9709],[23.3744,39.9551],[23.5969,39.9341],[23.6386,39.9603],[23.5922,40.0025],[23.5233,40.0183],[23.4365,40.0447],[23.3668,40.1079],[23.321,40.1554],[23.2591,40.2292],[23.2931,40.2451],[23.2918,40.2873],[23.3491,40.282],[23.4425,40.2556],[23.5958,40.1923],[23.796,39.9867],[23.9066,39.9972],[23.9201,40.0552],[23.8687,40.1607],[23.8037,40.1554],[23.6517,40.2292],[23.6588,40.2873],[23.6272,40.3453],[23.7222,40.3482],[23.7748,40.3928],[23.9235,40.3453],[24.0478,40.3084],[24.0548,40.2609],[24.2206,40.1448],[24.2954,40.1765],[23.9237,40.4508],[23.7852,40.4772],[23.7091,40.63],[23.633,40.7132],[23.6347,40.7728],[23.7484,40.8044],[23.886,40.7329],[24.0252,40.7464],[24.2191,40.8297],[24.3543,40.971],[24.505,40.9841],[24.5191,40.8731],[24.7007,40.8783],[24.8121,40.9334],[25.0189,41.0171],[25.0463,40.9523],[25.3011,40.8959],[25.6357,40.8774],[25.9929,40.8525],[26.0207,40.6693],[26.124,40.6028],[26.4181,40.5778],[26.4548,40.5843],[26.5565,40.4983],[26.4575,40.435],[26.1948,40.3031],[26.2228,40.224],[26.2143,40.1607],[26.1409,40.0447],[26.2552,40.0816],[26.3759,40.2134],[26.5139,40.282],[26.6136,40.398],[26.8889,40.5247],[27.2638,40.6672],[27.313,40.7899],[27.4742,40.9628],[27.9322,40.9575],[28.0264,41.0262],[28.1733,41.0579],[28.5962,40.947],[28.8278,40.9147],[28.9645,40.9892],[29.0811,41.2005],[29.0124,41.2548],[28.7402,41.3248],[28.3715,41.4331],[28.1044,41.593],[28.0698,41.625],[28.0182,41.7532],[28.0262,41.8824],[27.918,41.9777],[27.9134,42.0781],[27.7377,42.247],[27.7225,42.3162],[27.6079,42.4168],[27.4947,42.4009],[27.502,42.5163],[27.654,42.6837],[27.8362,42.7355],[27.8699,42.7999],[27.8873,43.0635],[28.0346,43.3919],[28.1871,43.4501],[28.3281,43.4375],[28.4457,43.4764],[28.4805,43.5923],[28.5101,43.7431],[28.5299,43.8435],[28.5731,44.1978],[28.6862,44.4881],[28.9182,44.7658],[29.0897,44.8757],[29.2616,44.8954],[29.4575,44.9151],[29.579,45.0575],[29.7108,45.2583],[29.6832,45.3748],[29.6159,45.4102],[29.5361,45.4522],[29.5004,45.5234],[29.6295,45.7504],[29.7297,45.77],[30.0688,45.8614],[30.4328,46.1757],[30.5205,46.2514],[30.8329,46.5766],[31.0872,46.6355],[31.5151,46.6082],[31.8499,46.6299],[31.8735,46.8087],[32.0074,46.9059],[30.8862,47.4538],[28.3683,45.3309],[26.5395,45.2504],[24.1803,45.8561],[23.5426,45.8561],[20.8008,44.9315],[20.2907,44.8997],[19.7851,44.9361],[18.9386,44.3928],[17.7538,44.3928],[17.4575,44.146],[16.8651,44.2447],[16.7015,43.8467],[16.7115,43.7713],[16.6398,43.3897]]],[[[38.6097,38.368],[39.1479,38.6222],[41.2118,40.2438],[41.484,41.4365],[41.2931,41.2858],[40.6099,41.028],[40.361,40.9634],[40.0067,40.9563],[39.663,41.0005],[39.3702,41.064],[39.1386,41.0443],[38.6512,40.9216],[38.314,40.9209],[37.8218,41.0096],[37.2528,41.0277],[36.817,41.2897],[36.6412,41.315],[36.3829,41.2375],[36.1614,41.3525],[35.9578,41.6856],[35.6779,41.6209],[35.4114,41.6268],[35.2861,41.6715],[35.0988,41.8059],[35.0019,42.0432],[34.6629,41.8756],[34.3039,41.8941],[33.8967,41.9511],[33.5555,41.9825],[33.1555,41.9496],[32.6879,41.846],[32.419,41.7492],[31.8713,41.4914],[31.6664,41.3948],[31.3857,41.285],[31.4041,41.1635],[31.2177,41.0541],[30.7448,41.0403],[30.2561,41.1847],[30.1376,41.1318],[29.5778,41.1534],[29.1612,41.2164],[29.0145,40.9787],[29.2896,40.8067],[29.3204,40.7411],[29.4172,40.7411],[29.6834,40.7516],[29.8827,40.7464],[29.7131,40.6936],[29.5252,40.6883],[28.9016,40.6201],[28.778,40.5247],[28.8732,40.4719],[29.0835,40.4561],[29.1223,40.4139],[29.0524,40.3347],[28.9268,40.3558],[28.7564,40.3765],[28.4777,40.3951],[28.004,40.3621],[27.9082,40.3506],[28.0065,40.4508],[27.9538,40.4877],[27.8078,40.5036],[27.6793,40.4614],[27.7998,40.4033],[27.8302,40.3453],[27.7639,40.2873],[27.526,40.2971],[27.4496,40.3098],[27.3292,40.3558],[27.2718,40.4508],[27.0561,40.4297],[26.9965,40.3717],[26.7653,40.3769],[26.4817,40.187],[26.4031,40.1765],[26.3203,39.9919],[26.186,39.9972],[26.1276,39.8786],[26.1407,39.75],[26.1419,39.6606],[26.0849,39.604],[26.0641,39.4555],[26.139,39.4397],[26.5462,39.5133],[26.8043,39.5672],[26.9575,39.5483],[26.9262,39.4765],[26.8535,39.4608],[26.7202,39.3372],[26.6022,39.2557],[26.7041,39.2505],[26.7079,39.1821],[26.7971,39.1296],[26.8708,39.056],[26.7898,39.0244],[26.7853,38.9403],[26.9368,38.9246],[27.0042,38.8848],[27.0349,38.8211],[26.9664,38.7699],[26.7095,38.6986],[26.6957,38.6408],[26.8288,38.583],[26.8197,38.5273],[26.9974,38.4001],[26.7425,38.2784],[26.5274,38.4182],[26.4687,38.4448],[26.3916,38.2191],[26.3932,38.1044],[26.5123,38.0663],[26.6793,38.1049],[26.9614,37.9461],[27.1398,37.8891],[27.1798,37.7744],[27.1411,37.6469],[27.1226,37.4939],[27.1604,37.3601],[27.3646,37.3286],[27.4925,37.2397],[27.5256,37.1314],[27.2686,37.0417],[27.3081,36.9207],[27.5535,36.9148],[27.9988,36.9094],[28.051,36.833],[27.9419,36.7563],[27.9119,36.6989],[28.0142,36.5272],[28.2669,36.7124],[28.4698,36.7383],[28.8135,36.5352],[29.0023,36.6948],[29.2982,36.1731],[29.4719,36.0907],[29.662,36.0783],[30.1661,36.1876],[30.2799,36.1178],[30.3949,36.118],[30.4728,36.1883],[30.4967,36.373],[30.5401,36.647],[30.5936,36.7617],[30.9053,36.7942],[31.3707,36.7123],[31.902,36.4969],[32.335,36.1284],[32.6403,36.008],[32.9041,35.9767],[33.1713,35.9709],[33.4817,36.0543],[33.7532,36.1466],[33.8337,36.0706],[33.8359,36.1073],[33.891,36.1388],[33.9541,36.1598],[33.9517,36.2516],[34.1032,36.3803],[34.4851,36.6268],[34.6624,36.6478],[34.8699,36.5769],[35.0714,36.4877],[35.2205,36.388],[35.3542,36.4142],[35.3887,36.4536],[35.4171,36.4326],[35.4946,36.4431],[35.5476,36.5402],[35.5062,36.5586],[35.5676,36.5874],[35.6717,36.6058],[35.8909,36.7711],[36.7893,37.0006],[36.4944,37.3692],[38.6097,38.368]]],[[[25.3862,36.3192],[25.4927,36.3314],[25.4927,36.4232],[25.371,36.4966],[25.333,36.4599],[25.3178,36.3988],[25.3862,36.3192]]],[[[25.8348,36.7833],[25.9564,36.8442],[26.0856,36.8989],[26.0248,36.9597],[25.9488,36.9111],[25.8576,36.8381],[25.7511,36.8138],[25.7511,36.7833],[25.8348,36.7833]]],[[[24.588,36.8685],[24.4284,36.7955],[24.2991,36.7529],[24.4664,36.6493],[24.6792,36.759],[24.588,36.8685]]],[[[24.8769,36.6797],[24.8237,36.6614],[24.8237,36.6371],[24.9453,36.5699],[24.9757,36.6371],[24.8769,36.6797]]],[[[25.1658,36.7407],[25.0441,36.6614],[25.0593,36.6187],[25.105,36.6371],[25.1962,36.6736],[25.1658,36.7407]]],[[[25.295,36.8077],[25.2494,36.759],[25.2418,36.7529],[25.2646,36.7041],[25.3862,36.6371],[25.4319,36.698],[25.295,36.8077]]],[[[24.5348,37.1175],[24.4284,37.2083],[24.4436,37.0993],[24.5348,37.1175]]],[[[24.2611,37.5406],[24.3827,37.5707],[24.398,37.6671],[24.2991,37.6611],[24.2611,37.5406]]],[[[24.3599,37.3958],[24.3599,37.3052],[24.4892,37.3958],[24.398,37.4682],[24.3599,37.3958]]],[[[25.0441,37.3777],[24.9453,37.5105],[24.8617,37.5286],[24.8465,37.3656],[25.0441,37.3777]]],[[[24.9225,37.6912],[25.3178,37.4018],[25.4699,37.4381],[25.2722,37.5647],[24.7629,38.0033],[24.6564,37.9014],[24.9225,37.6912]]],[[[24.6488,37.0143],[24.6792,36.905],[24.7857,36.9475],[24.7172,37.0508],[24.6488,37.0143]]],[[[25.1506,37.172],[24.9377,36.9597],[25.1126,36.9415],[25.3102,37.0022],[25.3102,37.1962],[25.1506,37.172]]],[[[25.3634,37.0083],[25.4547,36.9232],[25.5459,36.9597],[25.5991,37.0265],[25.6067,37.1235],[25.5383,37.2204],[25.3786,37.1175],[25.3406,37.0871],[25.3634,37.0083]]],[[[23.6605,38.4036],[24.0254,38.3857],[24.1927,38.1529],[24.3143,37.9853],[24.5272,37.9674],[24.588,38.1529],[24.2915,38.1948],[24.2079,38.5524],[24.1319,38.6534],[23.7898,38.7186],[23.4097,38.9437],[23.2424,39.0441],[23.0143,38.9614],[22.8699,38.8372],[23.1208,38.8668],[23.4629,38.6237],[23.6377,38.5226],[23.5997,38.4572],[23.6605,38.4036]]],[[[27.7889,36.2517],[27.7197,36.1661],[27.7408,36.1044],[27.7308,35.9789],[27.7214,35.9494],[27.7192,35.9408],[27.7222,35.9297],[27.7286,35.9167],[27.7303,35.9133],[27.7331,35.9111],[27.7686,35.8936],[27.7814,35.8903],[27.7867,35.8905],[27.7997,35.8933],[27.8394,35.9117],[27.8428,35.9136],[27.8656,35.9322],[27.8928,35.9608],[27.8989,35.9756],[27.9061,35.9881],[27.9317,36.0186],[27.9458,36.0347],[27.9567,36.045],[28.0092,36.0689],[28.0636,36.1119],[28.1228,36.1858],[28.1414,36.2105],[28.1869,36.3],[28.2069,36.3436],[28.238,36.4311],[28.2339,36.4414],[28.2258,36.453],[28.2192,36.4569],[28.2158,36.4578],[28.2128,36.4555],[28.2108,36.4525],[28.2072,36.4425],[28.1075,36.4186],[28.0683,36.405],[27.9092,36.3397],[27.8958,36.3322],[27.8761,36.3197],[27.8058,36.2706],[27.8031,36.2683],[27.7889,36.2517]]],[[[27.05,36.9492],[27.05,36.9906],[27.0483,36.9936],[26.9858,37.0442],[26.9605,37.0561],[26.8908,37.0764],[26.8867,37.0733],[26.8819,37.0689],[26.9192,36.9467],[26.9356,36.9322],[26.9464,36.9281],[26.9697,36.9244],[26.9756,36.9244],[27.0458,36.9442],[27.0494,36.9461],[27.05,36.9492]]],[[[26.9186,36.7161],[26.9208,36.7089],[26.9231,36.7061],[26.9464,36.6792],[26.9531,36.6753],[26.9667,36.6725],[26.9714,36.6722],[26.9658,36.6817],[26.9664,36.7036],[26.9706,36.7364],[26.9719,36.7403],[26.9742,36.7428],[26.9806,36.7469],[26.9922,36.7514],[27.028,36.7636],[27.0361,36.7661],[27.2183,36.8197],[27.2433,36.8269],[27.2794,36.8342],[27.3025,36.8375],[27.3294,36.8428],[27.3442,36.8494],[27.3553,36.8589],[27.3556,36.8653],[27.3528,36.8722],[27.3467,36.8811],[27.3405,36.8853],[27.2844,36.9006],[27.1775,36.8889],[27.1681,36.8872],[27.1525,36.8814],[27.0642,36.8389],[27.0608,36.8372],[26.9219,36.7611],[26.9178,36.7553],[26.9186,36.7161]]],[[[26.8206,37.1106],[26.8494,37.0978],[26.8539,37.0967],[26.8639,37.0953],[26.8867,37.0967],[26.8892,37.0986],[26.8897,37.1017],[26.8889,37.1092],[26.8725,37.1506],[26.8606,37.1772],[26.8583,37.1811],[26.855,37.1828],[26.8206,37.1872],[26.7856,37.1908],[26.7808,37.19],[26.778,37.1878],[26.7692,37.1764],[26.7683,37.1733],[26.7694,37.1694],[26.8206,37.1106]]],[[[25.7892,36.4049],[25.7359,36.3865],[25.7131,36.3498],[25.7664,36.3376],[25.8728,36.3559],[25.7892,36.4049]]]]},"properties":{"NAME":"Ottoman Empire","SUBJECTO":"Ottoman Empire","PARTOF":"Ottoman Empire","BORDERPRECISION":1,"LINK":null}}
]}