{"type":"FeatureCollection", "features": [
{"type":"Feature","geometry":{"type":"Polygon","coordinates":[[[40.3899,14.9058],[40.2175,15.0833],[40.0372,15.3879],[39.8979,15.502],[39.8562,15.4002],[39.8885,15.1843],[39.7964,15.0888],[39.5179,15.463],[39.2079,16.3265],[39.0088,17.0568],[38.9628,17.1916],[38.0432,16.232],[38.0432,15.0066],[38.7784,14.3939],[39.6362,14.1489],[40.3899,14.9058]]]},"properties":{"NAME":"Ottoman Empire","SUBJECTO":"Ottoman Empire","PARTOF":"Ottoman Empire","BORDERPRECISION":3,"LINK":null}},
{"type":"Feature","geometry":{"type":"MultiPolygon","coordinates":[[[[136.7219,37.2659],[136.6404,37.1703],[136.6685,36.6675],[136.5015,36.4635],[136.1873,36.202],[135.9779,35.9725],[135.9265,35.7625],[135.928,35.6035],[135.7271,35.4505],[135.4325,35.3608],[135.3577,35.3225],[135.188,35.443],[135.157,35.6465],[134.7558,35.5312],[134.2236,35.4538],[133.8041,35.4275],[133.2286,35.3118],[133.0062,35.2541],[132.9808,35.4449],[132.7887,35.3872],[132.6629,35.3806],[131.6723,34.502],[131.3341,34.2918],[131.1098,34.2405],[130.8923,34.2464],[130.8116,34.1193],[130.7793,33.9669],[130.899,33.9037],[131.3942,33.9364],[131.6549,33.9116],[131.995,33.8043],[131.9973,34.09],[132.1835,34.2872],[132.3867,34.2685],[132.4812,34.1291],[132.8477,34.2631],[133.5891,34.4424],[133.7043,34.4299],[133.8253,34.3857],[134.0217,34.4687],[134.2135,34.5706],[134.4273,34.6282],[134.7825,34.5527],[134.9357,34.5404],[135.2057,34.6171],[135.2868,34.5982],[135.317,34.4713],[135.2367,34.3505],[135.014,34.2041],[134.9692,34.1342],[135.057,33.7662],[135.0629,33.69],[135.1915,33.6014],[135.446,33.5067],[135.7557,33.3423],[135.991,33.7237],[136.1992,34.0034],[136.3938,34.1117],[136.7669,34.1696],[136.8986,34.2587],[136.7113,34.4043],[136.5237,34.4928],[136.5071,34.5182],[136.5866,34.677],[136.6169,34.7596],[136.7339,34.8741],[137.0418,34.7287],[137.2482,34.4816],[137.5317,34.5266],[137.7592,34.5525],[138.1491,34.5279],[138.2952,34.763],[138.4502,34.903],[138.589,34.9731],[138.6837,34.9923],[138.751,34.9226],[138.7498,34.6497],[138.7794,34.5799],[138.8638,34.5674],[139.0228,34.6883],[139.0529,35.0249],[139.2086,35.1651],[139.4226,35.1655],[139.6827,35.4458],[139.9137,35.5544],[140.0029,35.4974],[139.9205,35.2619],[139.7881,34.9628],[139.8301,34.836],[140.3166,35.0338],[140.3949,35.4091],[140.4699,35.4856],[140.5569,35.543],[140.8343,35.6771],[140.6448,35.8358],[140.5554,35.9691],[140.5466,36.2872],[140.6556,36.6183],[140.9639,36.9563],[140.9822,37.2682],[140.9232,37.6246],[140.8809,37.7392],[140.8722,37.9174],[140.9506,38.1214],[141.0245,38.2107],[141.0967,38.2618],[141.4287,38.3899],[141.4964,38.4219],[141.4671,38.5875],[141.5686,38.7852],[141.8878,39.13],[141.9985,39.4489],[141.9981,39.672],[141.6756,40.3162],[141.5662,40.4567],[141.4671,40.5141],[141.4412,40.7892],[141.4483,41.1797],[141.4369,41.2694],[141.2858,41.3715],[141.087,41.4416],[140.7745,41.2552],[140.9368,41.1147],[141.0766,41.1021],[141.1526,40.8654],[140.7933,40.7495],[140.657,40.7236],[140.5672,40.8258],[140.4728,40.9857],[140.3864,40.9855],[140.2391,40.838],[140.1597,40.729],[139.9152,40.575],[139.985,40.1146],[139.9103,39.9866],[139.8046,39.8907],[139.8621,39.7825],[140.0111,39.6935],[140.0301,39.4832],[139.9679,39.209],[139.8961,38.9985],[139.7414,38.7433],[139.7457,38.6796],[139.5039,38.4179],[139.4398,38.1884],[139.3539,38.0672],[139.1979,37.9204],[138.8562,37.7351],[138.699,37.4482],[138.492,37.3013],[138.3172,37.2055],[137.5718,36.8921],[137.464,36.8537],[137.2759,36.6942],[137.1762,36.6431],[137.0453,36.6683],[136.983,36.8336],[137.0138,37.0374],[137.1182,37.1458],[137.3349,37.2735],[137.3096,37.4327],[136.8108,37.3107],[136.7219,37.2659]]],[[[132.6988,32.5489],[132.9007,32.6699],[132.9697,32.7653],[133.0439,32.9939],[133.1542,33.2164],[133.241,33.2991],[133.5165,33.3949],[133.7269,33.3762],[133.9175,33.2433],[133.9986,33.1483],[134.3877,33.5426],[134.5191,33.6508],[134.5648,33.8413],[134.6098,33.8986],[134.5404,34.0127],[134.1527,34.1135],[134.0102,34.1893],[133.8056,34.1762],[133.603,34.0362],[133.4629,33.8835],[133.2455,33.8006],[132.9687,33.7936],[132.7843,33.9075],[132.5794,33.6405],[132.4499,33.5196],[132.1211,33.3475],[132.3426,33.1068],[132.4219,32.9292],[132.4671,32.7579],[132.5676,32.6375],[132.6988,32.5489]]],[[[130.744,30.8878],[130.9597,31.193],[131.0488,31.2758],[131.1231,31.3076],[131.2106,31.3523],[131.3193,31.5112],[131.3687,31.8034],[131.4069,32.0828],[131.4536,32.2479],[131.563,32.4322],[131.831,32.6931],[131.7953,32.8073],[131.5956,33.0037],[131.4136,33.1112],[131.6698,33.3085],[131.5688,33.4861],[131.286,33.3903],[131.0925,33.428],[130.9711,33.5039],[130.8595,33.6751],[130.6444,33.7],[130.4266,33.6742],[130.3177,33.547],[130.1762,33.3372],[129.8583,33.2604],[129.528,33.2978],[129.3434,33.1514],[129.4609,32.9866],[129.6303,32.8663],[129.7337,32.638],[129.8459,32.5874],[130.0346,32.81],[130.1075,32.9308],[130.2574,32.912],[130.4965,32.557],[130.4812,32.3475],[130.444,32.2839],[130.1349,32.023],[130.0589,31.9721],[130.2193,31.5597],[130.2051,31.4264],[130.0601,31.2166],[130.0863,31.1214],[130.2329,31.0265],[130.4044,31.23],[130.4744,31.4396],[130.5819,31.5287],[130.7325,31.4783],[130.6745,31.2115],[130.5541,30.97],[130.5793,30.9065],[130.744,30.8878]]],[[[140.1125,41.2731],[140.2686,41.3247],[140.4429,41.5364],[140.5889,41.6777],[140.706,41.6972],[140.8434,41.6398],[140.9793,41.6529],[141.155,41.7493],[141.0195,41.8709],[140.7677,42.005],[140.2455,42.2284],[140.2234,42.3631],[140.4215,42.4854],[140.5409,42.537],[140.6935,42.5501],[140.8607,42.39],[140.9296,42.2555],[141.3969,42.5194],[141.721,42.5393],[141.9281,42.5013],[142.8423,42.0669],[143.0335,41.9582],[143.2138,41.9265],[143.3304,42.1961],[143.5086,42.421],[143.8479,42.7746],[144.0028,42.8777],[144.1664,42.9422],[144.3701,42.949],[144.5902,42.8596],[144.7542,42.8663],[144.9947,42.9374],[145.1959,43.047],[145.4481,43.1696],[145.3596,43.33],[145.1486,43.5995],[145.0594,43.7858],[145.2099,44.0369],[145.3486,44.198],[145.3476,44.243],[145.14,44.1783],[144.7504,43.8816],[144.6138,43.8428],[144.4866,43.8618],[144.0281,43.9509],[143.7902,44.0276],[143.5082,44.1558],[143.0205,44.4637],[142.539,44.8427],[142.1322,45.2097],[141.904,45.4031],[141.8753,45.4354],[141.5974,45.2797],[141.5228,45.1826],[141.5666,44.9696],[141.7457,44.6286],[141.7427,44.2488],[141.7094,43.9142],[141.5067,43.8045],[141.3019,43.7205],[141.3036,43.187],[141.0642,43.0966],[140.8966,43.1348],[140.5989,43.327],[140.4982,43.3204],[140.3736,43.1852],[140.5168,43.057],[140.4998,42.8964],[140.209,42.7289],[139.974,42.6514],[139.7117,42.4776],[139.7772,42.1121],[139.8525,42.0352],[140.0997,41.946],[140.1245,41.7922],[139.9777,41.5035],[140.0126,41.3818],[140.1125,41.2731]]]]},"properties":{"NAME":"Tokugawa Shogunate","SUBJECTO":"Tokugawa Shogunate","PARTOF":"Tokugawa Shogunate","BORDERPRECISION":3,"LINK":null}},
{"type":"Feature","geometry":{"type":"MultiPolygon","coordinates":[[[[-82.1772,22.3659],[-81.7923,22.2078],[-81.5723,22.1638],[-81.0532,22.1331],[-80.7765,22.1019],[-80.4442,21.9945],[-80.014,21.773],[-79.7345,21.6719],[-79.3581,21.6091],[-78.9059,21.6291],[-78.7279,21.6168],[-78.6296,21.5471],[-78.5136,21.3058],[-78.4504,20.969],[-78.1574,20.8171],[-77.8863,20.7668],[-77.5712,20.7675],[-77.2912,20.7045],[-77.2099,20.6475],[-77.0987,20.5333],[-77.1766,20.3551],[-77.5041,20.0748],[-77.663,19.9028],[-77.4608,19.8714],[-77.2432,19.8846],[-76.8187,19.9364],[-76.3985,20.0199],[-75.9934,20.0017],[-75.5191,19.9074],[-75.2372,19.9334],[-74.7196,20.1125],[-74.2782,20.1515],[-74.1734,20.1899],[-74.3448,20.323],[-74.6108,20.4496],[-74.8391,20.6207],[-75.0619,20.6965],[-75.4019,20.664],[-75.6537,20.6825],[-75.7585,20.7522],[-75.6039,21.0132],[-75.7509,21.1209],[-76.2089,21.1962],[-76.9758,21.4298],[-77.1913,21.4484],[-77.3398,21.5117],[-77.5078,21.7592],[-77.7118,21.8986],[-78.1706,22.1201],[-78.7233,22.2779],[-79.069,22.328],[-79.3304,22.4037],[-79.5022,22.5178],[-79.76,22.7588],[-79.9846,22.8791],[-80.199,22.885],[-80.4497,22.9353],[-80.7212,23.0237],[-81.1026,23.0611],[-81.4311,23.1367],[-81.6857,23.117],[-82.0568,23.1353],[-82.4356,23.0646],[-82.9593,23.0254],[-83.6904,22.814],[-84.2564,22.5395],[-84.308,22.4949],[-84.4347,22.323],[-84.3772,22.0561],[-84.5899,21.9158],[-84.7064,21.7696],[-84.3525,21.8083],[-84.2086,21.8276],[-84.0305,21.9551],[-83.9453,22.1587],[-83.8506,22.2098],[-83.5567,22.2104],[-83.3897,22.2235],[-82.8527,22.6378],[-82.5624,22.7084],[-82.3387,22.6898],[-82.0456,22.6967],[-81.8798,22.6717],[-81.7394,22.6211],[-81.6626,22.5068],[-82.0406,22.3853],[-82.1772,22.3659]]],[[[-77.2908,17.806],[-77.1523,17.8635],[-77.0503,17.9781],[-76.8055,18.0041],[-76.4677,17.8713],[-76.3186,17.9034],[-76.3007,17.9924],[-76.4264,18.1193],[-76.7192,18.2394],[-77.1559,18.3974],[-77.7695,18.5105],[-78.0864,18.478],[-78.3249,18.3504],[-78.2611,18.2552],[-78.0518,18.2175],[-77.8405,18.0527],[-77.7373,17.9321],[-77.4253,17.8311],[-77.2908,17.806]]]]},"properties":{"NAME":"Cuba (Spain)","SUBJECTO":"Spanish Habsburg","PARTOF":"Cuba (Spain)","BORDERPRECISION":3,"LINK":null}},
{"type":"Feature","geometry":{"type":"MultiPolygon","coordinates":[[[[-66.9056,17.9362],[-66.7464,18.0128],[-66.4509,18.0452],[-66.1184,18.0078],[-65.9674,18.0272],[-65.84,18.1292],[-65.8085,18.1737],[-65.7241,18.3328],[-65.775,18.3963],[-65.9515,18.4722],[-66.6288,18.5216],[-66.8106,18.5148],[-67.0552,18.5461],[-67.161,18.5141],[-67.2106,18.4377],[-67.1617,18.3297],[-67.1846,18.0818],[-67.152,17.9865],[-66.9056,17.9362]]],[[[-71.5506,19.8967],[-71.7771,19.771],[-71.8433,19.7308],[-72.1027,19.7557],[-72.5888,19.8882],[-72.9404,19.9446],[-73.2662,19.9185],[-73.4212,19.8737],[-73.4745,19.8354],[-73.4926,19.7528],[-73.3554,19.6577],[-72.9446,19.595],[-72.7672,19.5255],[-72.6765,19.3922],[-72.7594,19.0742],[-72.6984,18.9408],[-72.3869,18.7317],[-72.2978,18.662],[-72.4715,18.5917],[-72.7459,18.5085],[-73.0403,18.5269],[-73.5463,18.6021],[-73.8302,18.6524],[-74.3032,18.6959],[-74.424,18.613],[-74.4418,18.524],[-74.3648,18.3779],[-73.9178,18.131],[-73.857,18.112],[-73.6871,18.2713],[-73.4738,18.3163],[-73.2152,18.2914],[-72.9155,18.2285],[-72.5207,18.223],[-72.1783,18.2873],[-71.9782,18.2622],[-71.677,18.0025],[-71.5307,17.7547],[-71.4008,17.7041],[-71.2165,17.9969],[-71.0615,18.3468],[-70.7654,18.4937],[-70.6955,18.5192],[-70.621,18.5067],[-70.4774,18.2845],[-70.2992,18.2595],[-69.956,18.5017],[-69.808,18.5465],[-69.6401,18.5469],[-69.5107,18.5027],[-69.156,18.5289],[-68.9859,18.5102],[-68.772,18.2437],[-68.6647,18.1994],[-68.5234,18.365],[-68.4588,18.4986],[-68.3729,18.575],[-68.4771,18.7147],[-68.6568,18.8732],[-69.0688,19.0757],[-69.3582,19.1704],[-69.5091,19.2082],[-69.7466,19.3539],[-69.8975,19.5062],[-69.9934,19.6839],[-70.2892,19.6515],[-70.7389,19.7904],[-70.8187,19.8411],[-70.8816,19.9299],[-71.0474,19.9105],[-71.2203,19.8339],[-71.3739,19.8335],[-71.5506,19.8967]]]]},"properties":{"NAME":"Hispaniola (Spain)","SUBJECTO":"Spanish Habsburg","PARTOF":"Hispaniola (Spain)","BORDERPRECISION":3,"LINK":null}},
{"type":"Feature","geometry":{"type":"MultiPolygon","coordinates":[[[[120.3636,14.5309],[120.4714,14.8043],[120.7064,14.7286],[120.8966,14.5511],[121.2172,14.4184],[121.2854,14.3424],[121.105,14.253],[120.9438,14.2908],[120.7986,14.3858],[120.5106,14.112],[120.5985,13.9216],[120.8645,13.757],[121.0094,13.6557],[121.1871,13.6815],[121.2497,13.7134],[121.3317,13.8279],[121.4862,13.8918],[121.6249,13.8984],[122.0673,13.6516],[122.3941,13.3029],[122.492,13.4302],[122.3253,13.7792],[122.3693,13.881],[122.4854,13.8812],[122.8242,13.6215],[123.0937,13.3806],[123.197,13.2411],[123.239,13.0252],[123.4212,12.9811],[123.677,12.8927],[123.8189,12.9756],[123.3976,13.5274],[123.4914,13.6229],[123.6612,13.6931],[123.7369,13.7632],[123.7019,13.8203],[123.6385,13.8329],[123.3592,13.953],[123.1318,13.692],[122.9851,13.7298],[122.8563,13.8883],[122.7762,14.174],[122.6746,14.2691],[122.4865,14.3195],[122.3974,14.3066],[122.1793,14.0648],[122.1066,13.9185],[121.9735,13.95],[121.7704,14.0956],[121.7288,14.1083],[121.6116,14.3875],[121.4568,14.8827],[121.2993,15.2127],[121.2422,15.3078],[121.3682,15.4987],[121.4036,15.7528],[121.4023,15.8735],[121.439,15.9181],[121.6886,16.0584],[122.064,16.3323],[122.2033,16.5422],[122.3956,17.1143],[122.3136,17.2602],[122.0703,17.4376],[122.0074,17.7932],[122.0278,18.0092],[122.1472,18.2063],[122.139,18.3842],[122.0496,18.4475],[121.9247,18.371],[121.8398,18.2756],[121.5808,18.2941],[121.0364,18.5279],[120.8004,18.5528],[120.6489,18.489],[120.5644,18.4316],[120.3931,18.0438],[120.3598,17.7579],[120.323,17.3703],[120.3115,17.0718],[120.2466,16.8747],[120.2581,16.6143],[120.3034,16.4175],[120.2931,16.2332],[120.2021,16.0425],[119.762,16.3591],[119.6814,16.1875],[119.813,15.9781],[119.7887,15.6604],[119.7718,15.4698],[119.9717,14.9049],[120.3051,14.5753],[120.3636,14.5309]]],[[[121.094,12.2011],[121.1773,12.3982],[121.2736,12.5255],[121.3168,12.7416],[121.3045,13.129],[121.1807,13.3321],[121.0392,13.408],[120.6486,13.4135],[120.3405,13.3874],[120.547,13.1528],[120.711,12.6513],[120.7337,12.5497],[120.8908,12.3658],[121.094,12.2011]]],[[[125.3231,11.1239],[125.3984,11.1494],[125.4487,11.2067],[125.3331,11.5622],[125.2777,11.9242],[125.2464,12.2926],[125.1191,12.4766],[124.9521,12.527],[124.4945,12.4625],[124.264,12.4176],[124.3304,12.2081],[124.6281,11.9927],[124.8755,11.8344],[124.9166,11.6439],[124.8542,11.4913],[124.8833,11.4342],[124.9898,11.3582],[125.07,11.244],[125.3231,11.1239]]],[[[121.873,10.4684],[122.2973,10.6472],[122.7062,10.9403],[122.7887,11.0295],[122.8968,11.1504],[122.9324,11.3284],[122.9199,11.5253],[122.635,11.4421],[122.4702,11.4544],[122.2106,11.5809],[121.9936,11.7583],[121.9663,11.231],[121.8831,10.6273],[121.873,10.4684]]],[[[118.8646,10.0236],[119.0338,10.1256],[119.217,10.2911],[119.5155,10.4506],[119.5643,10.5016],[119.4689,10.7555],[119.3445,11.003],[119.4167,11.1302],[119.3539,11.2126],[119.207,11.1297],[119.1452,10.9009],[119.1081,10.6276],[118.9892,10.3923],[118.8478,10.2141],[118.7566,10.1694],[118.6997,10.0359],[118.8646,10.0236]]],[[[122.9416,9.0476],[123.0371,9.0669],[123.133,9.2513],[123.0366,9.4608],[122.9622,9.594],[123.1044,10.2296],[123.1443,10.3314],[123.3121,10.7383],[123.2903,10.8654],[123.2391,10.9224],[123.1176,10.9349],[122.9202,10.8518],[122.7007,10.0318],[122.6021,9.9109],[122.3475,9.8151],[122.3031,9.6498],[122.3956,9.4784],[122.7686,9.2124],[122.9416,9.0476]]],[[[117.2706,8.4508],[117.4441,8.6355],[117.7101,8.7123],[117.8571,8.8333],[117.9672,9.1131],[118.0442,9.1704],[118.2763,9.2662],[118.3845,9.3491],[118.5046,9.4828],[118.5577,9.6735],[118.5081,9.9211],[118.0885,9.431],[117.8021,9.208],[117.5359,9.0486],[117.3788,8.8958],[117.2245,8.6858],[117.1278,8.4696],[117.2706,8.4508]]],[[[126.0452,6.6082],[126.1946,6.8881],[126.3217,7.1488],[126.372,7.3396],[126.3727,7.5365],[126.2799,7.7333],[126.2545,8.0445],[126.3063,8.2353],[126.2719,8.4258],[126.03,8.3808],[125.9232,8.4822],[126.0746,8.8129],[126.0371,8.959],[125.9339,9.1748],[125.6138,9.5362],[125.4281,9.7836],[125.3623,9.6246],[125.4395,9.3706],[125.461,9.053],[125.4013,8.9512],[125.2248,8.9953],[125.1326,8.9316],[124.9909,8.7153],[124.8721,8.9247],[124.7416,8.918],[124.6706,8.4287],[124.5872,8.4666],[124.3716,8.5615],[124.2104,8.4467],[124.1172,8.1924],[124.0239,8.1096],[123.8055,8.0837],[123.6628,8.0135],[123.6169,8.3375],[123.4859,8.496],[123.1358,8.4508],[122.8888,8.3422],[122.7965,8.2722],[122.7363,8.0624],[122.638,8.005],[122.384,7.9854],[122.2117,7.9024],[122.0937,7.7751],[122.0105,7.5335],[121.8488,7.1964],[121.8245,7.0565],[121.8399,6.9676],[121.8936,6.9105],[121.9919,6.8726],[122.2283,7.2607],[122.4552,7.6932],[122.6351,7.7826],[122.7133,7.6748],[122.7254,7.4524],[123.023,7.4784],[123.2479,7.5933],[123.3062,7.6951],[123.3337,7.7714],[123.465,7.7907],[123.8153,7.6581],[124.0248,7.4743],[124.0736,7.2584],[123.8642,6.8513],[123.8806,6.5654],[123.9735,6.3369],[124.2241,6.0896],[124.7253,5.8111],[124.803,5.7859],[124.9658,6.0848],[125.1295,6.0534],[125.1635,5.9074],[125.0728,5.7229],[125.152,5.6024],[125.2893,5.4883],[125.4615,5.7174],[125.5329,5.9399],[125.466,6.2448],[125.3913,6.4225],[125.2804,6.5938],[125.4432,6.9627],[125.6146,7.2363],[125.7478,7.1857],[125.9108,6.8493],[125.9546,6.6525],[126.0452,6.6082]]]]},"properties":{"NAME":"Philippines","SUBJECTO":"Philippines","PARTOF":"Philippines","BORDERPRECISION":3,"LINK":null}},
{"type":"Feature","geometry":{"type":"Polygon","coordinates":[[[44.6722,-16.2356],[44.4544,-16.2424],[44.4514,-16.7254],[44.378,-16.9226],[44.215,-17.1899],[43.9825,-17.5018],[43.9716,-17.5527],[44.0758,-17.8766],[44.107,-18.099],[44.1595,-18.4039],[44.3942,-18.7911],[44.2809,-19.0202],[44.251,-19.1028],[44.4105,-19.2678],[44.5357,-19.3692],[44.5854,-19.528],[44.5171,-20.0239],[44.4703,-20.1701],[44.1617,-20.6983],[43.8165,-21.3156],[43.6032,-21.3986],[43.501,-21.4942],[43.3248,-22.1111],[43.2913,-22.4098],[43.3764,-22.6321],[43.6554,-23.051],[43.7847,-23.2668],[43.8271,-23.4129],[43.6717,-23.9026],[43.6714,-24.2268],[43.7272,-24.3538],[43.9342,-24.5186],[43.981,-24.6266],[43.9898,-24.8808],[44.0368,-24.9887],[44.4253,-25.3121],[44.5464,-25.3372],[44.713,-25.3051],[44.9585,-25.3872],[45.0468,-25.4506],[45.2105,-25.66],[45.5762,-25.6211],[45.7895,-25.4109],[46.2391,-25.2637],[46.8551,-25.218],[46.9455,-25.1669],[47.1738,-24.8804],[47.2585,-24.7658],[47.4916,-24.0598],[48.0874,-22.0438],[48.6517,-20.3392],[49.0231,-19.1817],[49.3419,-18.2276],[49.4228,-17.8016],[49.4046,-17.4012],[49.4247,-17.1978],[49.7603,-16.7458],[49.8982,-16.4595],[49.8628,-16.2817],[49.685,-16.0469],[49.5977,-15.653],[49.6203,-15.4623],[49.7538,-15.3985],[50.0036,-15.7348],[50.0885,-15.8998],[50.1873,-15.9568],[50.4293,-15.594],[50.4551,-15.5495],[50.4863,-15.4795],[50.5033,-15.3142],[50.4301,-15.1047],[50.2544,-14.7745],[50.1502,-14.4189],[50.1085,-14.1202],[49.9762,-13.3007],[49.8805,-12.9196],[49.8172,-12.8307],[49.5418,-12.7042],[49.3366,-12.4123],[49.1763,-12.2665],[48.9348,-12.4767],[48.9334,-12.5784],[48.9933,-12.7372],[48.9175,-13.0487],[48.8572,-13.2522],[48.7513,-13.4177],[48.4397,-13.6535],[48.3496,-13.838],[48.2236,-13.7938],[48.11,-13.597],[48.0573,-13.5654],[47.9425,-13.5847],[47.9155,-13.7373],[48.049,-14.131],[47.9717,-14.2837],[47.8504,-14.3158],[47.7412,-14.3096],[47.699,-14.4432],[47.8125,-14.6273],[47.8837,-14.7161],[47.6329,-14.9836],[47.5295,-14.9583],[47.4263,-14.8251],[47.1993,-15.0163],[47.1061,-15.1436],[47.2446,-15.3657],[47.0695,-15.4614],[46.9246,-15.36],[46.7344,-15.4494],[46.3875,-15.6917],[46.4644,-15.8568],[46.4192,-15.9395],[46.2819,-15.9525],[46.1423,-15.8257],[45.7323,-15.8901],[45.5546,-16.0557],[45.4335,-16.0941],[45.2778,-16.05],[45.1969,-16.0374],[44.9174,-16.2033],[44.6722,-16.2356]],[[48.0147,-17.0228],[48.4882,-19.4493],[48.4882,-20.0411],[47.1862,-23.1186],[46.0025,-23.5921],[45.529,-23.5921],[45.2923,-22.6452],[46.6535,-17.733],[47.4821,-16.9044],[48.0147,-17.0228]]]},"properties":{"NAME":"Madagascar","SUBJECTO":"Madagascar","PARTOF":"Madagascar","BORDERPRECISION":3,"LINK":null}},
{"type":"Feature","geometry":{"type":"MultiPolygon","coordinates":[[[[175.3077,-37.321],[175.2466,-37.2938],[175.2352,-37.2307],[175.2493,-37.1675],[175.3009,-37.1359],[175.2008,-37.0727],[175.0991,-37.0727],[174.9801,-37.0833],[174.8874,-37.0622],[174.9283,-36.9675],[174.7824,-36.8938],[174.6448,-36.8306],[174.6471,-36.7675],[174.7395,-36.7885],[174.8411,-36.7885],[174.9727,-36.778],[174.8573,-36.6938],[174.7496,-36.536],[174.7064,-36.4623],[174.8238,-36.4833],[174.8155,-36.3886],[174.7869,-36.2834],[174.6289,-36.1572],[174.5251,-36.052],[174.4121,-35.9678],[174.3479,-35.9152],[174.4267,-35.9363],[174.5357,-35.9468],[174.4939,-35.8731],[174.5282,-35.7995],[174.609,-35.789],[174.5038,-35.6628],[174.3919,-35.5786],[174.2902,-35.4209],[174.3002,-35.3473],[174.2169,-35.3368],[174.1513,-35.4209],[174.0679,-35.4104],[174.073,-35.3473],[174.0152,-35.2316],[173.8918,-35.2001],[173.703,-35.1475],[173.4696,-35.0319],[173.3488,-35.0213],[173.3303,-35.0844],[173.2279,-35.0108],[173.1527,-34.9584],[173.0732,-34.8639],[172.9896,-34.7274],[173.0567,-34.6435],[173.0192,-34.5175],[172.9603,-34.5595],[172.7988,-34.5805],[172.7067,-34.5385],[172.6332,-34.5595],[172.7892,-34.675],[172.9598,-34.8639],[173.0485,-35.0424],[173.0701,-35.1265],[173.0644,-35.1896],[173.0462,-35.2526],[173.1667,-35.3683],[173.1665,-35.4209],[173.3993,-35.6733],[173.679,-36.0204],[173.9156,-36.3045],[174.0105,-36.4307],[174.0865,-36.4307],[174.0644,-36.3676],[173.8407,-36.1361],[173.788,-36.0309],[173.9186,-36.1046],[174.0698,-36.1887],[174.2007,-36.3466],[174.2658,-36.4833],[174.2201,-36.557],[174.4786,-36.8622],[174.6941,-37.157],[174.7647,-37.2965],[174.7281,-37.552],[174.9451,-37.9284],[174.9307,-38.1009],[174.7526,-38.2993],[174.7135,-38.4399],[174.7486,-38.753],[174.6547,-38.9833],[174.0299,-39.2914],[173.8413,-39.3621],[173.8048,-39.4197],[173.8547,-39.4963],[173.9921,-39.6112],[174.4331,-39.8149],[174.7,-39.8975],[174.8893,-39.9803],[175.2317,-40.2425],[175.3536,-40.3],[175.3674,-40.4539],[175.1884,-40.679],[175.0502,-40.981],[174.9207,-41.1547],[174.8954,-41.2961],[175.0022,-41.4438],[175.2137,-41.5848],[175.3653,-41.6616],[175.6711,-41.5196],[176.0114,-41.2553],[176.3922,-40.7792],[176.7965,-40.2714],[177.0875,-40.0399],[177.1557,-39.9502],[177.1566,-39.8542],[177.0421,-39.6178],[177.0238,-39.4452],[177.146,-39.3171],[177.3403,-39.2272],[177.6761,-39.2201],[177.8667,-39.2069],[177.9224,-39.1365],[177.9385,-38.8296],[178.2806,-38.8034],[178.4082,-38.7712],[178.589,-38.2148],[178.5995,-38.1254],[178.5692,-37.921],[178.4213,-37.8447],[178.2413,-37.8323],[177.8429,-37.9864],[177.5284,-38.2042],[177.3618,-38.2365],[177.1342,-38.1859],[176.3455,-37.8744],[176.1292,-37.7982],[176.0045,-37.3643],[175.8377,-37.0262],[175.6627,-36.95],[175.5579,-36.9438],[175.5347,-37.0715],[175.6436,-37.3075],[175.64,-37.4097],[175.3077,-37.321]]],[[[172.0627,-43.9231],[172.2212,-43.8518],[172.4406,-43.7933],[172.6673,-43.9263],[172.885,-43.8944],[173.0096,-43.8438],[172.82,-43.7136],[172.6276,-43.6923],[172.4405,-43.5094],[172.5624,-43.3931],[172.7374,-43.3218],[172.8439,-43.2055],[172.9764,-43.1472],[173.2365,-42.9856],[173.6271,-42.6498],[173.8413,-42.4883],[173.9586,-42.3078],[174.2335,-42.0112],[174.2036,-41.8891],[174.0692,-41.6959],[174.1582,-41.5162],[174.0585,-41.2914],[173.8933,-41.2403],[173.7015,-41.2536],[173.264,-41.5437],[173.1232,-41.4347],[173.0193,-41.075],[172.9353,-40.9917],[172.7837,-40.9649],[172.769,-40.8484],[172.6047,-40.774],[172.4374,-40.7531],[172.2071,-41.0445],[172.1479,-41.5781],[172.0868,-41.7068],[171.8866,-41.8294],[171.6255,-41.9457],[171.5955,-42.0141],[171.4584,-41.9929],[171.3836,-42.1907],[171.3491,-42.2873],[171.3984,-42.5125],[171.1968,-42.6482],[171.0771,-42.7128],[171.0806,-42.7901],[171.0241,-42.8869],[170.7249,-43.0679],[170.3709,-43.2169],[170.203,-43.2237],[169.987,-43.3595],[169.9569,-43.4821],[169.6488,-43.7408],[169.4791,-43.7863],[169.2346,-43.9481],[168.9138,-44.0972],[168.4157,-44.2209],[167.9667,-44.4802],[167.9208,-44.616],[167.6686,-44.7845],[167.521,-44.9529],[167.2648,-45.0634],[167.1375,-45.1998],[167.1643,-45.3295],[167.2549,-45.4267],[167.3181,-45.5044],[167.2812,-45.5629],[166.8553,-45.4924],[166.8007,-45.5574],[167.0095,-45.8167],[166.6403,-45.6971],[166.8439,-45.9145],[166.699,-45.9148],[166.5511,-45.9671],[166.6513,-46.0644],[166.457,-46.1041],[166.5228,-46.2327],[166.7541,-46.2756],[166.8505,-46.3501],[167.2016,-46.3078],[167.2291,-46.2323],[167.3376,-46.1684],[167.5475,-46.2121],[167.6205,-46.3507],[167.7884,-46.3808],[168.1541,-46.4516],[168.4173,-46.651],[168.6996,-46.6003],[169.2202,-46.7164],[169.3993,-46.7096],[169.6663,-46.5268],[169.9273,-46.4221],[170.0441,-46.3568],[170.1208,-46.2461],[170.4237,-46.0894],[170.6116,-45.9461],[170.707,-45.699],[170.8992,-45.2962],[171.0245,-45.0754],[170.8222,-44.9658],[170.6341,-44.8627],[171.0733,-44.9071],[171.1712,-44.9392],[171.2003,-44.7452],[171.1912,-44.6289],[171.2546,-44.5512],[171.0615,-44.3642],[170.9942,-44.2675],[171.0662,-44.2286],[171.3779,-44.3377],[171.4884,-44.2277],[171.6334,-44.1822],[171.7723,-44.0528],[172.0235,-43.9942],[172.0627,-43.9231]]]]},"properties":{"NAME":"Maori","SUBJECTO":"Maori","PARTOF":"Maori","BORDERPRECISION":3,"LINK":null}},
{"type":"Feature","geometry":{"type":"Polygon","coordinates":[[[3.039,42.8686],[2.9489,42.883],[2.825,42.8498],[2.7011,42.73],[2.4896,42.7189],[2.4806,42.6856],[2.2721,42.6901],[2.1029,42.6145],[1.7282,42.501],[1.7313,42.5455],[1.7917,42.5789],[1.7554,42.5967],[1.5772,42.6479],[1.4563,42.619],[1.3164,42.6145],[1.3075,42.6352],[0.7442,42.7719],[0.5841,42.7719],[0.5919,42.6283],[0.3478,42.6352],[0.1963,42.6078],[0.1796,42.6625],[-0.1656,42.6488],[-0.2037,42.7003],[-0.2161,42.7172],[-0.4099,42.7856],[-0.4688,42.7514],[-0.5868,42.7651],[-0.612,42.7309],[-0.84,42.9087],[-0.9074,42.8813],[-1.3973,43.0318],[-1.4476,42.9839],[-1.5151,42.9976],[-1.5577,43.0454],[-1.4657,43.1549],[-1.4914,43.2096],[-1.7024,43.1959],[-1.9146,43.3054],[-2.0656,43.3333],[-2.3674,43.3262],[-2.7684,43.5379],[-3.0072,43.5503],[-3.196,43.4469],[-3.417,43.3757],[-3.8476,43.4392],[-4.1102,43.4515],[-4.8023,43.4694],[-5.2249,43.5072],[-5.5374,43.5775],[-5.8205,43.7057],[-5.9797,43.7054],[-6.208,43.6405],[-6.4676,43.5627],[-6.808,43.5234],[-7.1513,43.5549],[-7.6363,43.7214],[-7.9795,43.7401],[-8.2202,43.6172],[-8.2507,43.4304],[-8.3104,43.353],[-8.5957,43.3396],[-8.8492,43.3262],[-9.0136,43.2809],[-9.1975,43.1582],[-9.2708,43.0487],[-9.2469,42.9008],[-9.1731,42.8559],[-8.9417,42.8242],[-8.805,42.6316],[-8.6441,42.4197],[-8.7986,42.1945],[-8.8605,42.0145],[-8.8061,41.8892],[-8.405,42.0021],[-8.1573,42.087],[-7.9186,41.8892],[-7.0984,41.868],[-6.8595,41.9849],[-6.7087,41.96],[-6.5861,41.8579],[-6.5184,41.7491],[-6.1395,41.5264],[-6.1115,41.4175],[-6.2411,41.3205],[-6.7966,41.0928],[-6.8344,41.0605],[-6.8572,40.8616],[-6.8249,40.6566],[-6.8842,40.214],[-6.8587,39.7919],[-6.8783,39.7024],[-7.0842,39.5991],[-7.3013,39.5787],[-7.431,39.5205],[-7.2114,39.2982],[-7.0069,39.0503],[-6.9334,38.9613],[-7.0894,38.7945],[-7.3173,38.4996],[-7.3939,38.295],[-7.0281,38.2396],[-6.8448,38.1002],[-7.2425,37.8109],[-7.3514,37.6444],[-7.488,37.2164],[-7.4915,37.2082],[-7.2278,37.2259],[-7.0101,37.1653],[-6.948,37.1493],[-6.6322,37.0218],[-6.4217,36.7922],[-6.5005,36.7188],[-6.444,36.6232],[-6.2889,36.5722],[-6.305,36.4542],[-6.2045,36.2821],[-5.85,36.0717],[-5.6606,36.008],[-5.4855,36.0654],[-5.4879,36.1737],[-5.4571,36.1674],[-5.4243,36.0717],[-5.3867,36.11],[-5.3742,36.2375],[-5.2167,36.4096],[-4.7573,36.4861],[-4.4466,36.722],[-2.9698,36.7411],[-2.9153,36.6901],[-2.7615,36.6901],[-2.6243,36.8113],[-2.3551,36.8241],[-2.2388,36.7284],[-1.9405,36.9516],[-1.8169,37.2925],[-1.6257,37.4395],[-1.3646,37.5484],[-0.9183,37.5703],[-0.8026,37.615],[-0.8723,37.7598],[-0.6647,38.1766],[-0.5641,38.2149],[-0.4352,38.4303],[-0.2037,38.544],[-0.107,38.5915],[0.1726,38.7383],[0.1261,38.8214],[-0.1657,38.9541],[-0.2037,39.0127],[-0.2359,39.0624],[-0.3948,39.4345],[-0.2845,39.6368],[-0.2037,39.7994],[-0.1606,39.886],[0.2379,40.2402],[0.5051,40.5928],[0.7876,40.6569],[0.8271,40.7274],[0.7098,40.7851],[0.7338,40.875],[0.8792,41.0217],[1.3112,41.1573],[1.6098,41.2092],[2.0807,41.2985],[2.2006,41.4461],[2.6283,41.6195],[3.1289,41.8572],[3.1566,42.0757],[3.0863,42.1207],[3.0865,42.3291],[3.0871,42.3686],[3.0459,42.5395],[3.0019,42.7708],[3.039,42.8686]]]},"properties":{"NAME":"Spain","SUBJECTO":"Spanish Habsburg","PARTOF":"Spanish Habsburg","BORDERPRECISION":3,"LINK":null}},
{"type":"Feature","geometry":{"type":"Polygon","coordinates":[[[-8.8061,41.8892],[-8.9207,41.767],[-8.8548,41.5969],[-8.8518,41.4078],[-8.6941,40.9922],[-8.9697,40.19],[-8.9156,40.1381],[-9.1179,39.644],[-9.2993,39.4177],[-9.4153,39.3667],[-9.3977,39.2304],[-9.4598,38.9531],[-9.549,38.7745],[-9.5224,38.6899],[-9.3616,38.6711],[-9.1758,38.7322],[-9.0408,38.9202],[-8.9608,38.8185],[-8.9419,38.7419],[-9.0692,38.643],[-9.2852,38.6195],[-9.2366,38.4174],[-9.0223,38.461],[-8.8537,38.4996],[-8.7889,38.436],[-8.8473,38.3846],[-8.823,38.2061],[-8.9328,37.9618],[-8.851,37.9102],[-8.8415,37.5251],[-9.0166,37.0698],[-8.9908,36.99],[-8.6671,37.1214],[-8.5411,37.0886],[-8.2802,37.0886],[-8.0336,37.0088],[-7.836,37.0323],[-7.6034,37.163],[-7.4915,37.2082],[-7.488,37.2164],[-7.3514,37.6444],[-7.2425,37.8109],[-6.8448,38.1002],[-7.0281,38.2396],[-7.3939,38.295],[-7.3173,38.4996],[-7.0894,38.7945],[-6.9334,38.9613],[-7.0069,39.0503],[-7.2114,39.2982],[-7.431,39.5205],[-7.3013,39.5787],[-7.0842,39.5991],[-6.8783,39.7024],[-6.8587,39.7919],[-6.8842,40.214],[-6.8249,40.6566],[-6.8572,40.8616],[-6.8344,41.0605],[-6.7966,41.0928],[-6.2411,41.3205],[-6.1115,41.4175],[-6.1395,41.5264],[-6.5184,41.7491],[-6.5861,41.8579],[-6.7087,41.96],[-6.8595,41.9849],[-7.0984,41.868],[-7.9186,41.8892],[-8.1573,42.087],[-8.405,42.0021],[-8.8061,41.8892]]]},"properties":{"NAME":"Portugal","SUBJECTO":"Portugal","PARTOF":"Portugal","BORDERPRECISION":3,"LINK":null}},
{"type":"Feature","geometry":{"type":"Polygon","coordinates":[[[-88.9408,15.9046],[-88.9408,16.0334],[-88.7661,16.1407],[-88.7418,16.2695],[-88.5798,16.2838],[-88.4445,16.4412],[-88.2834,16.8347],[-88.2419,17.0135],[-88.327,17.1566],[-88.2205,17.5143],[-88.3004,17.6354],[-88.1119,18.1939],[-88.1237,18.3871],[-88.3992,18.309],[-88.3205,18.4944],[-88.5168,18.4872],[-88.5969,18.2861],[-88.8667,17.9006],[-89.0404,18.0222],[-89.1656,17.9793],[-89.1543,17.8312],[-89.2511,15.8975],[-88.9408,15.9046]]]},"properties":{"NAME":"Belize","SUBJECTO":"Belize","PARTOF":"Belize","BORDERPRECISION":3,"LINK":null}},
{"type":"Feature","geometry":{"type":"MultiPolygon","coordinates":[[[[102.0738,6.1542],[102.0349,6.0025],[101.8123,5.8451],[101.7626,5.5862],[101.4729,5.5463],[101.4508,5.7611],[101.3117,5.8346],[101.1862,5.7086],[101.0764,5.5313],[100.9844,5.5689],[100.9314,5.6766],[101.0271,5.8556],[101.0083,5.9503],[100.9841,6.0518],[100.8667,6.1591],[100.6653,6.2124],[100.6174,6.4223],[100.3604,6.4166],[100.1587,6.3401],[100.1391,6.1773],[100.2237,5.8535],[100.3797,5.0214],[100.5593,4.7359],[100.6076,4.5517],[100.5942,4.4246],[100.5766,4.2022],[100.6643,3.9037],[101.0669,3.5361],[101.2643,3.2252],[101.3364,2.7805],[101.4338,2.6664],[101.8926,2.3369],[102.4467,2.0331],[102.7169,1.8812],[103.1147,1.6088],[103.3491,1.4124],[103.4277,1.3808],[103.6084,1.4447],[104.0107,1.4201],[104.1756,1.3887],[104.1477,1.4459],[103.8304,2.1696],[103.6781,2.4107],[103.4396,2.6326],[103.3511,2.804],[103.3078,3.0263],[103.3393,3.3123],[103.3078,3.7951],[103.3681,4.1828],[103.3786,4.545],[103.3418,4.8054],[103.1142,5.1481],[102.8023,5.5604],[102.3251,6.0994],[102.0897,6.1434],[102.0738,6.1542]]],[[[109.5175,1.8205],[109.6475,1.4643],[109.7612,1.3315],[110.2112,0.8893],[110.3476,0.8519],[110.5486,0.726],[110.9659,0.9128],[111.0809,0.9135],[111.3178,0.8132],[111.562,0.7638],[111.7419,0.8412],[111.9797,0.9951],[112.1609,1.2314],[112.4,1.4298],[112.616,1.4629],[112.8095,1.4132],[113.0599,1.3003],[113.2963,1.2],[113.5473,1.1316],[113.6768,1.1451],[113.8865,1.3052],[114.0957,1.3827],[114.4847,1.4613],[114.6589,1.5958],[115.0763,2.3991],[115.0419,2.7357],[115.1399,2.8888],[115.4309,2.9985],[115.53,3.1707],[115.4818,3.6153],[115.5355,3.8698],[115.7068,4.1567],[115.8181,4.2273],[116.027,4.2349],[116.3634,4.1988],[116.6566,4.1624],[116.9376,4.1704],[117.1381,4.1525],[117.4772,4.0211],[117.5587,3.9807],[117.5892,4.0484],[117.8221,4.0997],[118.1124,4.1448],[118.3187,4.2342],[118.3912,4.3742],[117.9918,4.6846],[117.9484,4.7989],[118.1084,4.939],[118.4156,4.9016],[118.6828,4.9149],[118.8813,4.9788],[118.9714,5.0489],[119.0426,5.1698],[118.998,5.2777],[118.843,5.3409],[118.377,5.6385],[118.256,5.6637],[118.0954,5.6252],[117.7616,5.58],[117.9183,5.8028],[117.8665,5.9043],[117.6543,5.8467],[117.3701,5.7889],[117.3536,5.8778],[117.4593,6.0813],[117.5409,6.2404],[117.5071,6.3928],[117.3257,6.4877],[117.1681,6.6144],[117.0311,6.8365],[116.889,6.6456],[116.7405,6.6897],[116.5956,6.8991],[116.5618,6.8228],[116.3378,6.3585],[116.0987,6.0975],[115.9708,5.8811],[115.7871,5.7401],[115.7173,5.4676],[115.4878,5.4862],[115.2917,5.454],[115.2031,5.2759],[115.4178,5.1111],[115.4339,5.0031],[115.3614,4.8759],[115.1593,4.8381],[115.1211,4.8309],[115.0369,4.8952],[114.9615,4.8765],[115.0114,4.7982],[115.078,4.5982],[115.0669,4.5482],[115.0614,4.4371],[115.1502,4.3483],[115.1613,4.3094],[114.6059,4.1205],[114.4337,3.9983],[114.2949,4.1205],[114.2449,4.2372],[114.1393,4.2316],[114.1116,4.3983],[114.0737,4.455],[114.0233,4.4245],[113.9135,4.3581],[113.8148,4.2626],[113.4231,3.7598],[113.1875,3.6146],[112.9517,3.1552],[112.7592,3.0086],[112.3013,2.8742],[111.6345,2.7202],[111.3718,2.5989],[111.1338,2.0329],[110.9698,1.7593],[110.8934,1.5113],[111.1199,1.2703],[110.9683,1.2255],[110.8176,1.2443],[110.4752,1.4405],[110.2895,1.5164],[109.9018,1.5536],[109.7231,1.6168],[109.554,1.8007],[109.5175,1.8205]]]]},"properties":{"NAME":"Malaya","SUBJECTO":"Malaya","PARTOF":"Malaya","BORDERPRECISION":3,"LINK":null}},
{"type":"Feature","geometry":{"type":"MultiPolygon","coordinates":[[[[149.5542,-6.4061],[149.9172,-6.3544],[150.2763,-6.3409],[150.4941,-6.2769],[150.9319,-6.0853],[151.0557,-6.0151],[151.2393,-5.7923],[151.2801,-5.6714],[151.4673,-5.671],[151.8015,-5.7084],[151.9199,-5.6573],[152.0587,-5.4981],[151.8622,-5.2825],[151.8349,-5.2063],[151.9066,-5.1044],[152.1355,-5.0849],[152.1797,-5.0021],[152.2682,-4.7795],[152.2332,-4.6207],[152.0899,-4.3604],[151.9442,-4.5196],[151.7623,-4.4946],[151.5393,-4.4061],[151.5588,-4.6476],[151.5876,-4.9017],[151.5699,-5.0289],[151.4516,-5.0863],[151.1574,-5.0997],[151.0492,-5.1952],[150.8865,-5.5197],[150.7216,-5.6218],[150.2893,-5.7117],[150.1808,-5.7056],[150.0519,-5.6232],[149.8942,-5.4456],[149.8693,-5.4012],[149.7644,-5.6302],[149.6485,-5.7131],[149.4128,-5.739],[149.0786,-5.7016],[148.8365,-5.6449],[148.5072,-5.6711],[148.3766,-5.6586],[148.3063,-5.7732],[148.4157,-5.881],[148.7125,-5.9884],[148.8416,-6.0707],[149.0215,-6.242],[149.2086,-6.1526],[149.379,-6.2094],[149.4801,-6.2982],[149.5542,-6.4061]]],[[[140.9476,-9.2739],[141.4962,-9.3154],[142.3066,-9.3327],[142.6074,-9.3766],[142.8133,-9.2808],[143.146,-9.0894],[143.3311,-9],[143.2327,-8.8223],[143.0507,-8.6701],[142.7528,-8.5118],[142.4637,-8.4362],[142.3556,-8.3665],[142.2489,-8.3095],[142.464,-8.2964],[142.97,-8.3779],[143.4368,-8.3578],[143.4893,-8.3069],[143.3561,-8.1292],[143.4959,-8.0844],[143.6674,-8.1412],[143.7796,-8.1092],[143.7918,-8.0138],[143.6648,-7.6709],[144.016,-7.8735],[144.1932,-7.8414],[144.3798,-7.7583],[144.6274,-7.7832],[144.9294,-7.9224],[145.6152,-8.0735],[145.8196,-8.0984],[146.0955,-8.4665],[146.5855,-9.19],[146.6461,-9.2789],[146.8584,-9.431],[147.185,-9.5701],[147.293,-9.6906],[147.3933,-9.9256],[147.6155,-10.084],[147.8736,-10.1788],[148.222,-10.1908],[148.5605,-10.1837],[148.8499,-10.2403],[149.3286,-10.36],[149.7834,-10.4099],[149.8401,-10.4543],[149.9057,-10.6639],[150.0024,-10.7336],[150.4946,-10.7389],[150.5234,-10.6371],[150.4176,-10.2941],[150.1756,-10.1611],[149.6964,-10.035],[149.5674,-9.9273],[149.859,-9.8313],[149.8729,-9.7677],[149.8299,-9.7106],[149.5464,-9.6349],[149.3565,-9.6163],[149.1757,-9.5531],[149.0779,-9.458],[149.2368,-9.2097],[149.1977,-9.1208],[149.0455,-9.1148],[148.7251,-9.1536],[148.5887,-9.1603],[148.4588,-9.097],[148.1327,-8.6274],[148.0347,-8.2462],[147.376,-7.7963],[147.1512,-7.5617],[146.886,-7.1173],[146.865,-6.9648],[146.9091,-6.8948],[147.1623,-6.8244],[147.6638,-6.7915],[147.7386,-6.7405],[147.6439,-6.4801],[147.458,-6.239],[147.3765,-6.1248],[147.0529,-6.0428],[146.8934,-6.0305],[146.0445,-5.6764],[145.7454,-5.6262],[145.6081,-5.5248],[145.5934,-5.4231],[145.7282,-4.997],[145.3775,-4.6736],[145.0684,-4.4963],[144.783,-4.3381],[144.6595,-4.2239],[144.5427,-3.9954],[144.3717,-4.0212],[144.1029,-3.9836],[143.827,-3.8381],[143.4455,-3.6101],[142.8813,-3.4397],[142.4133,-3.3073],[142.0308,-3.1556],[140.8698,-2.7948],[140.9455,-6.3792],[140.7473,-6.7492],[140.9411,-7.365],[140.9618,-7.7274],[140.9476,-9.2739]]]]},"properties":{"NAME":"Papous","SUBJECTO":"Papous","PARTOF":"Papous","BORDERPRECISION":3,"LINK":null}},
{"type":"Feature","geometry":{"type":"Polygon","coordinates":[[[7.1599,53.164],[7.0433,53.164],[7.0091,53.2454],[6.861,53.2658],[6.7507,53.3899],[6.2607,53.3217],[5.9663,53.335],[5.6473,53.2278],[5.3895,53.1386],[5.3321,53.0114],[5.3428,52.9963],[5.358,52.9377],[5.3257,52.7904],[5.5764,52.7599],[5.6534,52.7498],[5.5469,52.6787],[5.5557,52.5873],[5.6113,52.5315],[5.8171,52.5214],[5.7569,52.3337],[5.5744,52.283],[5.4732,52.1766],[4.9498,52.2779],[5.0357,52.3337],[5.0061,52.5569],[5.1082,52.5315],[5.2346,52.6229],[5.1733,52.7434],[5.0084,52.8562],[4.7188,52.8024],[4.641,52.7557],[4.3872,52.2304],[4.2644,52.0709],[3.8781,51.7917],[3.5203,51.5791],[3.7435,51.4605],[3.775,51.3877],[3.9895,51.3437],[4.173,51.3249],[4.4067,51.3401],[4.3954,51.4109],[4.5331,51.4055],[4.6711,51.4055],[4.7914,51.4872],[4.9321,51.3782],[5.0101,51.4327],[5.1125,51.4055],[5.2437,51.2366],[5.4844,51.2856],[5.8239,51.1168],[5.7742,50.9264],[5.6968,50.8829],[5.6971,50.7307],[5.9996,50.7416],[6.0739,50.8666],[6.0097,50.9645],[5.9279,50.9808],[5.9642,51.0243],[6.0702,51.0842],[6.1762,51.1441],[6.0892,51.1985],[6.1796,51.3223],[6.2223,51.3891],[6.1538,51.5207],[6.1169,51.6399],[5.9479,51.7217],[5.9794,51.8035],[6.1327,51.8384],[6.2114,51.8799],[6.3814,51.8199],[6.6804,51.8878],[6.8246,51.9564],[6.8822,52.1257],[7.0677,52.2186],[7.0682,52.2726],[7.069,52.3663],[6.9969,52.4429],[6.9119,52.4155],[6.7136,52.4757],[6.7268,52.5583],[6.7781,52.6399],[7.0348,52.6235],[7.0729,52.8043],[7.228,52.9667],[7.1599,53.164]]]},"properties":{"NAME":"Dutch Republic","SUBJECTO":"Dutch Republic","PARTOF":"Dutch Republic","BORDERPRECISION":3,"LINK":null}},
{"type":"Feature","geometry":{"type":"MultiPolygon","coordinates":[[[[-88.3205,18.4944],[-88.3114,18.7415],[-88.1377,18.8944],[-88.105,18.8245],[-88.0301,18.6213],[-87.8771,18.3809],[-87.8495,18.489],[-87.8004,18.7434],[-87.6822,19.2813],[-87.6371,19.5747],[-87.7886,19.5125],[-87.8582,19.5823],[-87.774,19.7414],[-87.6597,19.8751],[-87.6507,20.1899],[-87.5081,20.3902],[-87.3133,20.5815],[-87.07,20.8045],[-86.9359,20.9764],[-86.9002,21.1672],[-86.9216,21.3006],[-87.2006,21.5289],[-87.3709,21.5707],[-87.5969,21.4835],[-88.1094,21.5651],[-88.3337,21.59],[-88.6011,21.564],[-89.0581,21.3978],[-89.5475,21.2951],[-89.8628,21.2499],[-90,21.1607],[-90,21.1414],[-90,20.9912],[-90,20.6764],[-90,20.1613],[-90,19.9467],[-90,19.7535],[-90,19.3815],[-91.2197,19.1025],[-91.7025,18.8235],[-91.5256,18.7448],[-91.479,18.6338],[-91.611,18.5445],[-91.7297,18.4157],[-92.107,18.5159],[-92.0979,18.7596],[-92.4591,18.6889],[-93.0875,18.5541],[-93.7849,18.3492],[-94.242,18.2402],[-94.5899,18.2712],[-94.8165,18.4995],[-95.0833,18.7024],[-95.3431,18.7718],[-95.5392,18.765],[-95.8439,18.7961],[-96.0123,18.9293],[-96.3407,19.4816],[-96.5788,19.9197],[-96.7952,20.1545],[-96.8815,20.3577],[-97.2234,20.7638],[-97.5042,21.1892],[-97.6281,21.5512],[-97.882,22.3326],[-97.8747,22.8412],[-97.8148,23.3753],[-97.8225,24.2081],[-97.7419,24.7296],[-97.6581,25.073],[-97.4249,25.4423],[-97.26,25.8114],[-99.136,26.1772],[-104.7043,29.4505],[-105.1001,30.341],[-106.3863,31.4294],[-106.6821,32.0948],[-106.9136,32.4231],[-107.103,32.6101],[-107.2841,32.6559],[-107.3196,33.1633],[-107.2067,33.1941],[-106.98,34.1009],[-106.3863,35.8819],[-105.9313,36.6699],[-105.9313,37.1282],[-106.3795,37.1815],[-106.4548,37.1905],[-107.3806,36.9156],[-107.8005,36.7197],[-107.8799,36.47],[-108.5621,33.2501],[-108.3515,29.0376],[-109.6153,28.6164],[-110.6684,31.1439],[-113.031,33.0882],[-113.8093,32.9408],[-113.8281,32.9496],[-114.3344,33.1869],[-114.2553,33.421],[-115.1748,33.4721],[-117.4967,33.3254],[-117.3481,33.0534],[-117.3491,32.7549],[-117.3312,32.7133],[-117.3184,32.736],[-117.3041,32.7549],[-117.2821,32.7246],[-117.193,32.5628],[-117.1737,32.5206],[-117.0746,32.3023],[-116.9603,32.1563],[-116.6107,31.8771],[-116.7061,31.7052],[-116.7047,31.5907],[-116.5095,31.2732],[-116.2293,30.943],[-116.1378,30.7651],[-116.1258,30.4981],[-116.0584,30.3392],[-115.8571,30.2824],[-115.8161,30.2125],[-115.6937,29.9203],[-115.6023,29.6852],[-115.4214,29.5329],[-114.9778,29.3113],[-114.4829,28.9117],[-114.2732,28.7086],[-114.0673,28.4229],[-114.0627,28.3402],[-114.1047,28.054],[-114.2144,27.9075],[-114.4792,27.7798],[-114.7489,27.7856],[-115.0546,27.8532],[-114.944,27.739],[-114.8813,27.6819],[-114.4779,27.2439],[-114.1533,27.1047],[-113.5853,26.7689],[-113.4221,26.7438],[-113.285,26.8077],[-112.9812,26.5031],[-112.7558,26.3637],[-112.558,26.3196],[-112.411,26.1928],[-112.3038,26.0213],[-112.0843,25.5704],[-112.0685,25.4559],[-112.1658,25.0107],[-112.0928,24.89],[-111.9057,24.687],[-111.3915,24.243],[-111.0159,24.0149],[-110.7837,23.7993],[-110.5024,23.66],[-110.2247,23.3999],[-110.1166,23.0696],[-110.0036,22.8854],[-109.8892,22.8666],[-109.5783,23.1343],[-109.5169,23.1916],[-109.4289,23.4334],[-109.4886,23.5731],[-109.6152,23.5792],[-109.8242,23.6932],[-109.9403,23.9536],[-110.2049,24.3155],[-110.3105,24.2262],[-110.4852,24.1496],[-110.6557,24.2192],[-110.7724,24.3778],[-110.7664,24.6131],[-110.7976,24.88],[-111.0898,25.4199],[-111.3287,25.8962],[-111.4835,26.5572],[-111.5938,26.7604],[-111.6941,26.6966],[-111.9149,26.6644],[-112.1151,27.02],[-112.1873,27.3123],[-112.2841,27.5093],[-112.3438,27.5346],[-112.5671,27.5595],[-112.6778,27.6292],[-112.7236,27.7055],[-112.8699,28.3347],[-112.9764,28.4107],[-113.1241,28.4295],[-113.3219,28.5563],[-113.5929,29.1026],[-113.8291,29.401],[-114.0996,29.6421],[-114.3887,29.7623],[-114.453,29.8385],[-114.6828,30.1432],[-114.7224,30.3721],[-114.7347,30.8427],[-114.8535,30.976],[-114.9727,31.1284],[-114.9875,31.1665],[-114.9671,31.3637],[-114.8387,31.8155],[-114.1951,31.5243],[-114.0823,31.5436],[-113.9521,31.6901],[-113.7463,31.6079],[-113.6886,31.538],[-113.6617,31.3346],[-113.304,31.2463],[-113.0521,31.1387],[-113.0663,30.9988],[-113.085,30.7698],[-113.0167,30.5664],[-112.908,30.414],[-112.7371,30.1091],[-112.6543,29.9185],[-112.3232,29.4359],[-112.0329,29.0613],[-111.9064,28.8136],[-111.6916,28.4961],[-111.2709,28.1091],[-111.0642,27.9951],[-110.8569,27.951],[-110.6044,27.8561],[-110.5214,27.7546],[-110.5591,27.6337],[-110.5819,27.462],[-110.5255,27.3476],[-110.3821,27.2144],[-110.1073,27.1387],[-109.9459,27.0436],[-109.8927,26.8848],[-109.7242,26.6054],[-109.5266,26.7202],[-109.1888,26.4412],[-109.1319,26.2887],[-109.3383,25.9576],[-109.3361,25.8114],[-109.2627,25.6462],[-109.1556,25.5765],[-108.9692,25.6278],[-108.8476,25.6153],[-108.683,25.3804],[-108.4993,25.2409],[-108.2255,25.1525],[-108.0775,25.0638],[-108.0126,24.9813],[-107.9867,24.7652],[-107.9157,24.6445],[-107.7706,24.5558],[-107.4038,24.2959],[-107.1906,24.0612],[-106.7573,23.5853],[-106.5116,23.3633],[-105.8389,22.5637],[-105.5399,22.2846],[-105.5084,22.1639],[-105.574,22.0874],[-105.6283,21.9538],[-105.2936,21.5223],[-105.2161,21.3126],[-105.2343,21.141],[-105.4397,20.8354],[-105.291,20.6704],[-105.312,20.5877],[-105.3928,20.5113],[-105.62,20.4726],[-105.6873,20.4026],[-105.6704,20.3517],[-105.5069,20.1041],[-105.173,19.6599],[-104.9479,19.4378],[-104.6694,19.3176],[-104.1973,19.058],[-103.9749,18.8805],[-103.7483,18.5949],[-103.4939,18.3539],[-102.6682,18.095],[-102.3583,18.0321],[-102.0855,18.0581],[-101.9926,18.0265],[-101.4872,17.5763],[-101.2208,17.4179],[-100.7374,17.2219],[-100.4126,17.0573],[-99.9791,16.893],[-99.2092,16.7166],[-98.8562,16.5966],[-98.4355,16.3623],[-98.1456,16.1722],[-97.8809,16.052],[-97.2938,15.9643],[-97.0776,15.8758],[-96.7517,15.7811],[-96.3329,15.7502],[-95.9927,15.8654],[-95.4977,16.1207],[-95.1302,16.2995],[-94.8347,16.3192],[-94.363,16.2248],[-94.0754,16.1112],[-94.0516,16.0793],[-93.8116,15.9209],[-93.3305,15.5342],[-92.9005,15.1919],[-92.4721,14.7923],[-92.1554,14.5428],[-91.9247,14.3541],[-91.5157,14.0589],[-91.242,13.9516],[-90,13.9372],[-90,13.7978],[-90,13.7727],[-89.9892,13.6782],[-89.402,13.4824],[-88.6381,13.2552],[-88.2546,13.1925],[-87.9487,13.1718],[-87.8417,13.322],[-87.8463,13.4413],[-87.7548,13.4669],[-87.7706,13.5009],[-87.5555,13.3656],[-87.5442,13.3275],[-87.4043,13.0299],[-87.6854,13.0165],[-87.6749,12.9149],[-87.5868,12.8324],[-87.2614,12.6234],[-86.885,12.2556],[-86.4336,11.7671],[-86.0141,11.3676],[-85.8397,11.0776],[-85.7327,11.0855],[-85.707,10.9832],[-85.8702,10.9279],[-85.6209,10.8266],[-85.6173,10.6516],[-85.7665,10.5502],[-85.8243,10.3607],[-85.7778,10.1384],[-85.7116,10.0305],[-85.5664,9.9227],[-85.3141,9.8279],[-85.1536,9.7012],[-85.0888,9.5831],[-84.8442,9.841],[-84.9256,9.9608],[-85.1156,9.9809],[-85.1543,10.0805],[-85.2555,10.3108],[-85.0683,10.191],[-84.8089,10.0324],[-84.6971,9.9884],[-84.6313,9.8739],[-84.6347,9.6844],[-84.4925,9.5374],[-84.1823,9.491],[-84.1467,9.4265],[-83.8338,9.2973],[-83.6149,9.1516],[-83.5329,8.9992],[-83.5508,8.8276],[-83.6639,8.6748],[-83.6055,8.5478],[-83.279,8.4133],[-83.2282,8.441],[-83.2661,8.5422],[-83.4124,8.7265],[-83.3623,8.7634],[-83.2549,8.7173],[-83.0851,8.6506],[-83.0896,8.3949],[-82.9561,8.2568],[-82.9575,8.0472],[-82.8656,8.3212],[-82.975,8.4041],[-82.8067,8.5699],[-82.8627,8.8094],[-82.6843,8.9752],[-82.9126,9.1134],[-82.9126,9.3744],[-82.9066,9.5186],[-82.8078,9.6107],[-82.593,9.5278],[-82.5599,9.5831],[-82.5535,9.586],[-82.752,9.7445],[-82.9615,10.0344],[-83.0627,10.0552],[-83.2041,10.2002],[-83.3772,10.4804],[-83.7466,10.8785],[-83.8313,11.0418],[-83.9141,11.2514],[-83.9283,11.4992],[-83.9001,11.8883],[-83.8831,12.1222],[-83.7982,12.4529],[-83.6881,12.9616],[-83.7073,13.3683],[-83.6624,13.7053],[-83.418,14.0681],[-83.3219,14.3861],[-83.2964,14.615],[-83.3135,14.7675],[-83.4172,15.0009],[-83.5272,15.2366],[-83.7779,15.2678],[-84.132,15.3751],[-84.2344,15.502],[-84.1885,15.6038],[-84.1714,15.7628],[-84.4253,15.8767],[-84.6505,15.9334],[-84.934,15.9328],[-85.2774,15.8875],[-85.632,15.8741],[-85.8871,15.9943],[-86.0577,15.9049],[-86.372,15.8026],[-87.0214,15.8202],[-87.2362,15.8516],[-87.5706,15.908],[-87.8581,15.882],[-88.1335,15.7606],[-88.2739,15.7472],[-88.4802,15.9125],[-88.6313,15.9833],[-88.6014,15.8116],[-88.6643,15.7258],[-88.8043,15.8617],[-88.9408,15.9046],[-89.2511,15.8975],[-89.1543,17.8312],[-89.1656,17.9793],[-89.0404,18.0222],[-88.8667,17.9006],[-88.5969,18.2861],[-88.5168,18.4872],[-88.3205,18.4944]]],[[[-59.8344,8.4402],[-60.2125,8.5633],[-60.5389,8.6007],[-60.9567,8.5871],[-61.1053,8.5232],[-61.2706,8.5102],[-61.5396,8.5541],[-61.7647,8.5828],[-61.2899,8.7707],[-61.1937,8.8726],[-61.1211,9.1651],[-60.7927,9.3882],[-61.0015,9.5212],[-61.4147,9.6983],[-61.5309,9.8506],[-61.6993,9.8947],[-61.9166,9.9069],[-62.1033,10.0209],[-62.1864,9.9572],[-62.2969,9.7218],[-62.3846,10.014],[-62.6585,10.2549],[-62.9253,10.3687],[-62.9519,10.4513],[-62.9143,10.5467],[-62.7196,10.5535],[-62.3356,10.5352],[-62.2032,10.6181],[-62.1782,10.6817],[-62.2897,10.7323],[-62.7031,10.7569],[-63.2215,10.724],[-63.6531,10.6913],[-63.8566,10.7099],[-64.0683,10.6268],[-64.5374,10.2635],[-64.7118,10.1615],[-64.8837,10.1357],[-65.3759,10.1537],[-65.5965,10.2168],[-65.8563,10.3306],[-65.9767,10.4066],[-66.1565,10.6223],[-66.4781,10.6788],[-66.8378,10.6526],[-67.1035,10.6266],[-67.5209,10.6003],[-67.9796,10.5421],[-68.1411,10.5799],[-68.3025,10.7257],[-68.3724,11.0116],[-68.5491,11.2654],[-68.6946,11.3795],[-68.9613,11.4679],[-69.1661,11.4992],[-69.4807,11.5494],[-69.6289,11.5406],[-69.7429,11.6566],[-69.7447,11.7456],[-69.7752,11.786],[-69.787,11.8729],[-69.7863,11.9396],[-69.87,12.0123],[-69.933,12.178],[-69.9735,12.2284],[-70.1385,12.209],[-70.2903,12.1133],[-70.3393,11.9988],[-70.1974,11.7512],[-70.0946,11.7456],[-70.0243,11.758],[-69.9228,11.79],[-69.8652,11.7577],[-69.8479,11.7092],[-69.7915,11.693],[-69.7668,11.6041],[-69.7478,11.5335],[-69.812,11.5296],[-70.1224,11.4909],[-70.1614,11.3899],[-70.6101,11.2673],[-71.0984,11.1201],[-71.5482,10.9493],[-71.4563,10.8847],[-71.4993,10.7715],[-71.6067,10.727],[-71.4956,10.6462],[-71.4425,10.4684],[-71.3812,10.4077],[-71.1839,10.0458],[-71.0894,9.9189],[-71.0144,9.6267],[-71.0442,9.3915],[-71.0983,9.3279],[-71.2867,9.2131],[-71.3694,9.143],[-71.6047,9.0916],[-71.758,9.2502],[-71.8705,9.574],[-72,9.6882],[-72.114,9.904],[-72.0522,10.0694],[-71.8959,10.4401],[-71.7487,10.6039],[-71.688,10.7693],[-71.757,11.0297],[-71.7376,11.0948],[-71.8382,11.1514],[-71.9022,11.3344],[-71.9879,11.6076],[-71.9228,11.703],[-71.5936,11.8436],[-71.1887,11.9116],[-71.0606,12.0608],[-71.1305,12.2132],[-71.2002,12.2702],[-71.4368,12.4223],[-72.7231,10.9834],[-73.127,8.829],[-72.7231,6.6746],[-71.5112,6.5399],[-68.5918,5.2009],[-67.7977,5.2009],[-66.2599,7.3478],[-65.3173,8.0211],[-59.8344,8.4402]]],[[[-61.224,10.6903],[-61.172,10.7206],[-61.1142,10.8217],[-61.224,10.8246],[-61.3583,10.7943],[-61.406,10.777],[-61.5794,10.7856],[-61.6314,10.7466],[-61.7354,10.7336],[-61.8091,10.725],[-61.8611,10.6816],[-61.7354,10.66],[-61.6921,10.5993],[-61.6617,10.5429],[-61.6747,10.4606],[-61.6964,10.4043],[-61.6531,10.2786],[-61.7137,10.2136],[-61.7831,10.2179],[-61.8307,10.2266],[-61.8394,10.1876],[-61.9391,10.1269],[-62.0301,10.1139],[-62.0474,10.0836],[-62.0388,10.0575],[-61.8784,10.0575],[-61.8394,10.0359],[-61.7527,10.0532],[-61.536,10.0359],[-61.471,10.0532],[-61.4104,10.0489],[-61.2067,10.1182],[-61.1893,10.3089],[-61.2457,10.4779],[-61.2197,10.5169],[-61.237,10.6296],[-61.224,10.6903]]]]},"properties":{"NAME":"Vice-Royalty of New Spain","SUBJECTO":"Spanish Habsburg","PARTOF":"Vice-Royalty of New Spain","BORDERPRECISION":3,"LINK":null}},
{"type":"Feature","geometry":{"type":"Polygon","coordinates":[[[114.9615,4.8765],[114.8778,4.8558],[114.8227,4.8952],[114.854,5.0159],[114.7452,4.9844],[114.4503,4.5626],[114.1666,4.5112],[114.0737,4.455],[114.1116,4.3983],[114.1393,4.2316],[114.2449,4.2372],[114.2949,4.1205],[114.4337,3.9983],[114.6059,4.1205],[115.1613,4.3094],[115.1502,4.3483],[115.0614,4.4371],[115.0669,4.5482],[115.078,4.5982],[115.0114,4.7982],[114.9615,4.8765]]]},"properties":{"NAME":"Brunei","SUBJECTO":"Brunei","PARTOF":"Brunei","BORDERPRECISION":3,"LINK":null}},
{"type":"Feature","geometry":{"type":"MultiPolygon","coordinates":[[[[109.5175,1.8205],[109.4259,1.8703],[109.2824,1.8827],[109.1462,1.5202],[108.9555,1.2593],[108.8961,1.1003],[108.8143,0.8078],[108.8703,0.5411],[108.841,0.3313],[108.9991,0.1982],[109.1242,-0.017],[109.1578,-0.0747],[109.0734,-0.4053],[109.1895,-0.5385],[109.4286,-0.7096],[109.1789,-0.869],[109.2445,-0.9324],[109.5998,-1.1223],[109.7828,-1.3062],[109.9409,-1.6426],[109.9462,-1.8587],[110.0659,-2.494],[110.0764,-2.7863],[110.1023,-3.0785],[110.2384,-3.0655],[110.3651,-2.9954],[110.6525,-2.9884],[110.7968,-3.1724],[111.436,-2.974],[111.5872,-2.7957],[111.7286,-3.2593],[111.7133,-3.3992],[111.7395,-3.647],[111.9034,-3.6148],[112.0469,-3.4556],[112.2456,-3.398],[112.4063,-3.4485],[112.5777,-3.4227],[112.6384,-3.3336],[112.7954,-2.971],[112.9493,-3.0406],[113.1235,-3.2436],[113.32,-3.294],[113.4608,-3.3827],[113.6084,-3.6111],[113.7445,-3.5981],[113.9706,-3.3625],[114.0995,-3.3495],[114.2185,-3.4319],[114.3562,-3.6032],[114.5046,-3.9651],[114.4936,-4.1558],[114.5809,-4.2954],[114.7124,-4.2062],[114.9858,-4.0785],[115.5681,-3.8039],[115.8063,-3.5365],[115.8634,-3.3775],[115.9559,-3.1993],[116.202,-2.9001],[116.2482,-2.7983],[116.2445,-2.703],[116.0408,-2.4429],[116.3491,-2.4168],[116.2727,-2.2835],[116.2455,-2.1056],[116.0463,-1.9345],[116.3842,-1.6605],[116.5789,-1.3677],[117.0456,-0.9346],[117.2552,-1.004],[117.3703,-1.0038],[117.4298,-0.6224],[117.3777,-0.4318],[117.3182,-0.1397],[117.3389,-0.017],[117.375,0.1973],[117.5343,0.6107],[117.7083,0.8207],[117.8597,0.8655],[118.2183,0.7583],[118.5561,0.7463],[118.7652,0.823],[118.5173,1.1656],[118.2473,1.3874],[117.9128,1.5901],[117.7301,1.7994],[117.6964,1.9009],[117.8483,2.2253],[117.8292,2.3143],[117.5877,2.6505],[117.342,3.0249],[117.236,3.0755],[117.139,3.1706],[117.2151,3.2724],[117.1631,3.4057],[117.074,3.5072],[117.3347,3.5459],[117.5802,3.5655],[117.6839,3.6292],[117.5405,3.9403],[117.5587,3.9807],[117.4772,4.0211],[117.1381,4.1525],[116.9376,4.1704],[116.6566,4.1624],[116.3634,4.1988],[116.027,4.2349],[115.8181,4.2273],[115.7068,4.1567],[115.5355,3.8698],[115.4818,3.6153],[115.53,3.1707],[115.4309,2.9985],[115.1399,2.8888],[115.0419,2.7357],[115.0763,2.3991],[114.6589,1.5958],[114.4847,1.4613],[114.0957,1.3827],[113.8865,1.3052],[113.6768,1.1451],[113.5473,1.1316],[113.2963,1.2],[113.0599,1.3003],[112.8095,1.4132],[112.616,1.4629],[112.4,1.4298],[112.1609,1.2314],[111.9797,0.9951],[111.7419,0.8412],[111.562,0.7638],[111.3178,0.8132],[111.0809,0.9135],[110.9659,0.9128],[110.5486,0.726],[110.3476,0.8519],[110.2112,0.8893],[109.7612,1.3315],[109.6475,1.4643],[109.5175,1.8205]]],[[[140.8698,-2.7948],[140.2852,-2.6128],[139.592,-2.3792],[138.6343,-1.9554],[137.8543,-1.614],[137.7039,-1.6333],[137.2088,-1.9077],[137.1107,-1.9842],[137.1044,-2.213],[137.0842,-2.2511],[136.9141,-2.315],[136.4288,-2.4114],[136.2709,-2.4181],[135.7342,-3.2518],[135.5076,-3.4493],[135.2464,-3.5389],[135.0867,-3.5138],[134.9544,-3.4632],[134.8491,-3.3809],[134.7731,-3.3047],[134.634,-2.822],[134.5952,-2.7586],[134.557,-2.7078],[134.4554,-3.0004],[134.3664,-2.9434],[134.2831,-2.8546],[134.1863,-2.6196],[134.1343,-2.4037],[134.0828,-2.1814],[133.9834,-2.01],[134.0139,-1.8383],[134.141,-1.5013],[134.0792,-1.3235],[133.9073,-1.0061],[133.4963,-0.9371],[133.265,-0.8613],[132.5924,-0.5704],[132.4123,-0.5391],[132.254,-0.5267],[132.0542,-0.6542],[131.8336,-0.8263],[131.4197,-1.0115],[131.2114,-1.0246],[131.2095,-1.2915],[131.1834,-1.406],[131.0644,-1.5397],[131.6268,-1.5957],[131.8156,-1.6652],[131.9063,-1.8175],[131.9734,-2.116],[132.034,-2.2049],[132.219,-2.3443],[132.6807,-2.3814],[133.0251,-2.3616],[133.3207,-2.38],[133.5928,-2.3477],[133.7476,-2.2584],[133.855,-2.2454],[133.8836,-2.4297],[133.843,-2.6649],[133.7808,-2.7222],[133.3213,-2.7423],[133.1867,-2.6218],[133.1208,-2.5965],[132.8843,-2.7814],[132.7187,-2.9342],[132.6474,-2.9471],[132.3763,-2.8397],[132.2019,-2.8019],[132.0158,-2.8214],[131.9989,-2.9231],[132.025,-3.0184],[132.1772,-3.0434],[132.4954,-3.2207],[132.7493,-3.3981],[132.8272,-3.506],[132.8956,-3.6965],[132.723,-3.8176],[132.7128,-3.8875],[132.8618,-4.1923],[132.9316,-4.2684],[133.2449,-4.1088],[133.3955,-3.9878],[133.5083,-3.7142],[133.5632,-3.4154],[133.6688,-3.2372],[133.7525,-3.1862],[133.8225,-3.2877],[133.7627,-3.5103],[133.857,-3.7707],[134.0406,-3.9482],[134.2261,-4.0368],[134.4009,-4.0682],[134.6786,-4.0231],[134.7658,-4.0356],[134.8097,-4.1563],[134.7768,-4.3089],[135.0605,-4.4545],[135.3778,-4.5618],[135.6536,-4.593],[136.2206,-4.7634],[137.1129,-5.0347],[137.3852,-5.1231],[137.5953,-5.2498],[137.8236,-5.4272],[138.2975,-6.1889],[138.4214,-6.481],[138.5506,-6.6523],[138.8181,-6.836],[139.0283,-7.0199],[138.9678,-7.0709],[138.8614,-7.0902],[138.6624,-7.0398],[138.6496,-7.1415],[138.904,-7.4905],[139.1561,-7.7251],[139.1536,-7.8522],[138.958,-8.145],[138.917,-8.3167],[139.1124,-8.3227],[139.4451,-8.2584],[139.7941,-8.2132],[139.9769,-8.2382],[140.299,-8.6443],[140.716,-9.0438],[140.9476,-9.2739],[140.9618,-7.7274],[140.9411,-7.365],[140.7473,-6.7492],[140.9455,-6.3792],[140.8698,-2.7948]]],[[[130.7838,-3.879],[130.8058,-3.7646],[130.7252,-3.4851],[130.5935,-3.3074],[130.3687,-3.13],[129.9829,-3.0355],[129.7428,-2.9788],[129.5561,-2.9856],[129.3114,-3.1323],[129.1678,-3.1389],[128.9094,-2.9997],[128.4122,-2.9817],[128.2888,-2.9565],[128.1527,-2.9695],[128.0418,-3.0588],[128.1524,-3.2619],[128.2924,-3.465],[128.376,-3.5474],[128.5226,-3.4645],[128.6529,-3.3434],[128.9146,-3.2539],[129.0307,-3.4125],[129.4867,-3.5958],[129.5795,-3.5829],[129.5685,-3.3796],[129.5949,-3.335],[129.7813,-3.3219],[129.9141,-3.3852],[130.2971,-3.6767],[130.6093,-3.8476],[130.7838,-3.879]]],[[[126.6605,-3.8752],[127.056,-3.7473],[127.1122,-3.7217],[127.1425,-3.62],[127.0938,-3.5184],[126.9524,-3.4297],[126.8373,-3.2902],[126.7266,-3.2332],[126.3823,-3.253],[126.1111,-3.2981],[126.0457,-3.4253],[126.15,-3.6285],[126.4719,-3.8502],[126.6605,-3.8752]]],[[[138.1759,-8.5535],[138.2972,-8.5405],[138.5838,-8.2285],[138.699,-8.152],[138.8448,-7.8656],[138.8948,-7.7829],[138.8054,-7.675],[138.568,-7.523],[138.3763,-7.5552],[138.1927,-7.6764],[137.9411,-7.9947],[137.6759,-8.4592],[138.1759,-8.5535]]],[[[122.9486,-8.3771],[122.9431,-8.2407],[122.8632,-8.1409],[122.7644,-8.099],[122.6924,-8.0937],[122.6402,-8.1829],[122.7228,-8.1724],[122.757,-8.2249],[122.715,-8.2931],[122.5331,-8.3981],[122.3436,-8.4821],[122.376,-8.5818],[122.1659,-8.6343],[121.9798,-8.5503],[121.7868,-8.5825],[121.5782,-8.5893],[121.4314,-8.7231],[121.2794,-8.7171],[121.0788,-8.5714],[120.565,-8.3881],[120.3275,-8.395],[120.0251,-8.4847],[119.8525,-8.574],[119.8404,-8.6821],[119.9353,-8.9361],[120.0779,-8.9167],[120.5486,-8.9348],[120.8092,-9.0232],[120.9709,-9.0546],[121.1057,-9.0289],[121.2755,-8.9141],[121.4678,-8.9646],[121.6944,-8.9959],[121.8985,-8.8494],[122.0507,-8.868],[122.3126,-8.7445],[122.7112,-8.5975],[122.6962,-8.4926],[122.9486,-8.3771]]],[[[117.9377,-8.54],[118.0559,-8.608],[118.0331,-8.692],[117.9024,-8.6972],[117.8172,-8.8136],[117.6851,-8.7884],[117.5542,-8.7392],[117.5138,-8.6133],[117.334,-8.5667],[117.0593,-8.561],[116.9584,-8.5293],[116.8534,-8.5995],[116.7495,-8.6506],[116.6627,-8.7025],[116.6989,-8.816],[116.6345,-8.9334],[116.6632,-9.0593],[116.7542,-9.1146],[116.8003,-9.1463],[116.9764,-9.1777],[117.1159,-9.1223],[117.2766,-9.1452],[117.5573,-9.0556],[117.8409,-8.9544],[117.9739,-8.9754],[118.0772,-8.8599],[118.216,-8.7392],[118.254,-8.7655],[118.2107,-8.8862],[118.2746,-8.927],[118.658,-8.8562],[118.6255,-8.7864],[118.6888,-8.7602],[118.8282,-8.7864],[118.9705,-8.881],[118.982,-8.7025],[118.9542,-8.6552],[118.8726,-8.6715],[118.8633,-8.4808],[118.7608,-8.3793],[118.6177,-8.3924],[118.5442,-8.5293],[118.462,-8.5961],[118.4673,-8.3928],[118.42,-8.3246],[118.2671,-8.2774],[118.1301,-8.3426],[118.0483,-8.2984],[118.0247,-8.203],[117.9479,-8.1619],[117.8062,-8.178],[117.691,-8.2672],[117.6774,-8.3626],[117.7054,-8.4388],[117.7968,-8.4958],[117.9377,-8.54]]],[[[115.0724,-8.7814],[115.2437,-8.5903],[115.3482,-8.5456],[115.5005,-8.469],[115.0844,-8.2347],[114.8763,-8.2479],[114.645,-8.331],[114.4575,-8.3314],[114.5107,-8.4521],[114.8956,-8.6546],[115.0724,-8.7814]]],[[[103.7136,-0.017],[103.7222,0.0152],[103.4631,0.2879],[103.2405,0.459],[103.0466,0.5284],[102.7016,0.5658],[102.4718,0.6225],[102.2783,0.7428],[102.1359,0.9395],[102.0098,1.2697],[101.8681,1.4346],[101.6753,1.5231],[101.4743,1.5481],[101.2758,1.7192],[101.0598,2.081],[100.8317,2.1758],[100.8006,2.0677],[100.8561,1.9661],[100.8543,1.8772],[100.7319,1.8706],[100.4565,2.1178],[100.1214,2.5428],[99.8632,2.5676],[99.8722,2.6376],[99.8584,2.9044],[99.7959,2.9805],[99.4913,3.126],[98.9624,3.4362],[98.6253,3.6579],[98.1455,4.0699],[98.1994,4.3114],[98.1738,4.3813],[97.9428,4.5205],[97.5293,5.0407],[97.3841,5.1801],[97.2038,5.1734],[96.9995,5.1094],[96.7527,5.0644],[96.602,5.0768],[96.1873,5.1458],[96.0247,5.2153],[95.7405,5.4689],[95.6277,5.5258],[95.4641,5.5699],[95.2832,5.5505],[95.2161,5.4995],[95.1906,5.4105],[95.2051,5.2453],[95.3082,4.9596],[95.5609,4.5345],[95.8276,4.2237],[96.1184,3.9511],[96.3944,3.6467],[96.7204,3.7046],[96.886,3.5143],[97.2545,3.1402],[97.4277,2.9246],[97.5087,2.7405],[97.5433,2.4101],[97.5971,2.2514],[97.74,2.2072],[97.9825,2.1124],[98.3026,1.9352],[98.6006,1.7071],[98.671,1.6183],[98.7193,1.4786],[98.6891,1.3705],[98.9989,0.5578],[99.1133,0.2212],[99.401,0.0884],[99.5304,-0.017],[99.6966,-0.1524],[99.972,-0.5013],[100.272,-0.9709],[100.6503,-1.631],[100.7963,-2.0247],[100.7788,-2.1772],[100.8121,-2.336],[101.3455,-3.0149],[101.6596,-3.3193],[102.1107,-3.6043],[102.1968,-3.7566],[102.2865,-3.9788],[102.4622,-4.1818],[103.0686,-4.6127],[103.5235,-4.9994],[103.8725,-5.3418],[104.4769,-5.9824],[104.5685,-6.0712],[104.6422,-5.9757],[104.4647,-5.6392],[104.5634,-5.6009],[105.0328,-5.8795],[105.0691,-5.7587],[105.1867,-5.5423],[105.304,-5.5802],[105.4757,-5.815],[105.6407,-5.929],[105.6893,-5.8971],[105.7285,-5.8271],[105.7956,-5.3503],[105.7964,-5.2296],[105.7871,-4.9309],[105.7967,-4.7339],[105.6932,-4.3083],[105.7111,-4.1049],[105.9428,-3.2147],[105.6287,-2.9103],[105.5639,-2.7134],[105.4449,-2.5993],[105.3652,-2.5804],[104.9946,-2.4668],[104.6778,-2.6708],[104.6098,-2.5757],[104.8126,-2.1558],[104.5675,-2.1373],[104.4725,-2.0803],[104.3524,-1.8899],[104.3552,-1.7056],[104.2977,-1.3625],[104.2299,-1.1911],[104.1212,-1.1405],[103.7469,-1.1159],[103.3842,-0.8943],[103.3113,-0.8182],[103.2376,-0.6595],[103.4087,-0.5002],[103.5007,-0.3157],[103.6866,-0.1183],[103.7136,-0.017]]],[[[127.6307,-0.017],[127.6353,-0.13],[127.6363,-0.3079],[127.8839,-0.6378],[128.1828,-0.9295],[128.2994,-1.0246],[128.3697,-0.9291],[128.2815,-0.8022],[128.0992,-0.6056],[127.9456,-0.3263],[127.8868,-0.017],[127.8647,0.0992],[127.9007,0.2963],[128.0374,0.3665],[128.2028,0.3478],[128.3967,0.2783],[128.7058,0.2091],[128.6342,0.3678],[128.6416,0.4314],[128.4623,0.5263],[128.2612,0.5831],[128.1896,0.6274],[128.2626,0.7673],[128.4726,0.9267],[128.6319,1.0223],[128.5851,1.27],[128.6086,1.3845],[128.545,1.4479],[128.1823,1.2628],[128.1022,1.1991],[128.0417,0.9638],[127.8457,0.7792],[127.802,0.7155],[127.7162,0.7789],[127.6889,0.925],[127.8517,1.2684],[127.9626,1.4466],[127.9866,1.5738],[127.9181,1.7325],[127.7998,1.8974],[127.5686,1.5284],[127.4397,1.1278],[127.4235,0.9816],[127.4868,0.8483],[127.5222,0.7848],[127.4414,0.5368],[127.6275,0.0606],[127.6307,-0.017]]],[[[106.5527,-3.1752],[106.4707,-2.9212],[106.5234,-2.7939],[106.6427,-2.7111],[106.3286,-2.572],[106.0365,-2.204],[105.8963,-1.8039],[105.8634,-1.6261],[105.7224,-1.7471],[105.6557,-1.957],[105.4267,-1.7096],[105.3214,-1.8179],[105.1997,-2.1105],[105.2518,-2.1739],[105.4528,-2.1608],[105.5835,-2.205],[105.8118,-2.3824],[105.8823,-2.5602],[105.9024,-2.7254],[105.9947,-2.8904],[106.1643,-2.9981],[106.5527,-3.1752]]],[[[105.1848,-6.8657],[105.7522,-6.9202],[105.89,-6.9326],[106.1175,-6.9957],[106.3655,-7.0397],[106.5466,-7.16],[106.3447,-7.3702],[106.3202,-7.4338],[106.4837,-7.5034],[107.2068,-7.5336],[107.3676,-7.565],[107.7297,-7.7867],[108.1602,-7.8556],[108.3607,-7.8361],[108.6104,-7.7021],[109.0372,-7.7203],[109.5436,-7.8399],[110.0382,-7.9914],[110.4154,-8.2067],[110.7777,-8.3203],[111.4391,-8.3824],[112.0934,-8.4446],[112.4144,-8.4884],[112.571,-8.4626],[112.8358,-8.3476],[113.0738,-8.3471],[113.4747,-8.4861],[113.7438,-8.5999],[114.1048,-8.6881],[114.3293,-8.783],[114.0692,-8.434],[114.1376,-8.2114],[114.2522,-8.0204],[114.2308,-7.9315],[113.9484,-7.8241],[113.7614,-7.8308],[113.5587,-7.9139],[113.2626,-7.9082],[113.0727,-7.8768],[112.6784,-7.7188],[112.6246,-7.6744],[112.5009,-7.4649],[112.5366,-7.2645],[112.4049,-7.1346],[112.2748,-7.0269],[111.9168,-6.9577],[111.5683,-6.9204],[111.3297,-6.9082],[111.0447,-6.8516],[110.9145,-6.6294],[110.8146,-6.5343],[110.6133,-6.5411],[110.4915,-6.6621],[110.3959,-6.9547],[110.2426,-7.0313],[110.0273,-7.0445],[109.382,-6.9886],[109.1611,-7.0231],[108.9534,-6.9387],[108.5558,-6.9205],[108.4754,-6.6855],[108.309,-6.4508],[108.1733,-6.3557],[107.9696,-6.4388],[107.7687,-6.4519],[107.677,-6.3304],[107.5246,-6.3508],[107.3396,-6.1541],[107.0614,-6.0785],[106.9451,-6.026],[106.9351,-6.136],[106.864,-6.2696],[106.628,-6.3094],[106.5213,-6.11],[106.3081,-6.1309],[106.0242,-6.0807],[105.9332,-6.026],[105.8915,-6.1509],[105.7915,-6.2569],[105.8107,-6.4816],[105.6722,-6.4563],[105.664,-6.5193],[105.6335,-6.7552],[105.4674,-6.8132],[105.2862,-6.7712],[105.1439,-6.7817],[105.1848,-6.8657]]],[[[123.4919,-10.3522],[123.7079,-10.3453],[123.9563,-10.2431],[124.1542,-10.2045],[124.4481,-9.9878],[124.9385,-9.5545],[125.2115,-9.3951],[125.5323,-9.28],[126.1482,-9.0816],[126.8725,-8.8067],[127.0349,-8.692],[127.1415,-8.5964],[127.0972,-8.5075],[127.0438,-8.4758],[126.6529,-8.5403],[126.4094,-8.5598],[125.9998,-8.6561],[125.2898,-8.7021],[125.0798,-8.7725],[124.9179,-9.0461],[124.6199,-9.2501],[123.9688,-9.5312],[123.6654,-9.748],[123.6145,-9.8879],[123.6041,-10.1295],[123.4919,-10.3522]]],[[[120.2798,-10.3782],[120.4142,-10.3525],[120.525,-10.2441],[120.5813,-10.0978],[120.4624,-9.9265],[119.9458,-9.5907],[119.7887,-9.4576],[119.5626,-9.5089],[119.1163,-9.5226],[118.949,-9.5865],[118.9004,-9.682],[119.0317,-9.7707],[119.2539,-9.8274],[119.4098,-9.8716],[119.7698,-10.0742],[120.1824,-10.3466],[120.2798,-10.3782]]],[[[119.6921,-0.017],[119.5782,-0.4906],[119.5972,-0.8782],[119.3963,-0.9041],[119.2437,-1.2285],[119.2048,-1.4319],[119.2074,-1.5463],[119.2471,-1.9593],[119.1746,-2.1755],[118.9637,-2.5255],[118.7426,-2.7611],[118.6836,-2.9011],[118.7964,-3.4792],[118.7914,-3.6635],[119.0498,-3.6502],[119.2257,-3.5736],[119.3653,-3.6305],[119.4611,-3.8082],[119.448,-3.9608],[119.5045,-4.1894],[119.4773,-4.6725],[119.4462,-5.0666],[119.365,-5.2765],[119.2946,-5.4228],[119.3667,-5.6578],[119.4768,-5.8038],[119.6909,-5.7715],[119.9216,-5.663],[120.2481,-5.586],[120.1244,-5.3321],[120.1327,-5.2304],[120.3022,-4.944],[120.3069,-4.8042],[120.1434,-4.3978],[120.2496,-3.8827],[120.2803,-3.6539],[120.2162,-3.2346],[120.1442,-3.0759],[120.3666,-2.8974],[120.5928,-2.8016],[120.9247,-2.8263],[120.999,-3.0486],[120.9464,-3.3093],[120.8185,-3.4875],[120.8025,-3.5956],[120.8808,-3.7162],[121.0683,-3.8556],[121.508,-4.2359],[121.4165,-4.4967],[121.3928,-4.7891],[121.4413,-4.8653],[121.6487,-4.9474],[121.8728,-4.9597],[121.9735,-4.648],[122.159,-4.5142],[122.4524,-4.4881],[122.6484,-4.5131],[122.6689,-4.3859],[122.6409,-4.2843],[122.3914,-4.0878],[122.1903,-3.8468],[122.1443,-3.6626],[122.2149,-3.3574],[122.2582,-3.2111],[121.8743,-2.6527],[121.664,-2.418],[121.3602,-2.1581],[121.2649,-2.1011],[121.2535,-1.9613],[121.2671,-1.9359],[121.4773,-1.9926],[121.5858,-2.0114],[121.6501,-1.9986],[121.7465,-1.8522],[122.2229,-1.6542],[122.4196,-1.4631],[122.5943,-1.2276],[122.7571,-1.0938],[123.0019,-1.1123],[123.2127,-1.2326],[123.25,-0.9021],[123.1911,-0.8069],[122.9815,-0.7184],[122.8596,-0.744],[122.7392,-0.8778],[122.4598,-0.9419],[122.1589,-1.0125],[121.9954,-1.1145],[121.7721,-1.0959],[121.6341,-1.0136],[121.4611,-0.9886],[121.1676,-1.4277],[121.0554,-1.5487],[120.6884,-1.5367],[120.5873,-1.5179],[120.5066,-1.4482],[120.4075,-1.1751],[120.2908,-1.0864],[120.1093,-0.9851],[120.0218,-0.9027],[119.9038,-0.6805],[119.8727,-0.4646],[119.9568,-0.1403],[120.0262,-0.017],[120.143,0.1905],[120.3373,0.3562],[120.5243,0.4011],[120.8263,0.4144],[121.0851,0.3769],[121.5524,0.397],[121.9478,0.3788],[122.4656,0.4053],[122.9831,0.3746],[123.2489,0.1846],[123.4718,0.1533],[124.0254,0.2562],[124.234,0.3011],[124.4214,0.4794],[124.8574,1.0459],[124.8941,1.1032],[124.9308,1.1605],[124.9832,1.3004],[125.0162,1.5419],[124.9825,1.6499],[124.8525,1.6242],[124.7195,1.4396],[124.5451,1.3312],[124.4569,1.2039],[124.5271,1.0833],[124.4322,0.956],[124.1502,0.7966],[123.8262,0.7387],[122.9925,0.775],[122.7329,0.6728],[122.3959,0.7928],[122.1809,0.8686],[121.7924,0.8486],[121.5912,0.8609],[121.2631,1.1017],[120.9907,1.1646],[120.7674,1.1387],[120.6355,0.9224],[120.5623,0.7761],[120.4319,0.636],[120.2389,0.7881],[120.109,0.7243],[119.9137,0.5396],[119.6975,0.0053],[119.6921,-0.017]]]]},"properties":{"NAME":"Dutch East Indies","SUBJECTO":"Netherlands","PARTOF":"Dutch East Indies","BORDERPRECISION":3,"LINK":null}},
{"type":"Feature","geometry":{"type":"Polygon","coordinates":[[[11.0754,14.3515],[7.1595,16.0392],[5.1784,15.6488],[4.8246,12.5824],[5.7681,11.1671],[7.1834,11.0492],[8.7166,9.0442],[9.4242,9.0442],[10.3678,9.5159],[10.8395,10.5774],[10.2498,11.6389],[10.2498,12.7003],[11.0754,14.3515]]]},"properties":{"NAME":"Hausa States","SUBJECTO":"Hausa States","PARTOF":"Hausa States","BORDERPRECISION":3,"LINK":null}},
{"type":"Feature","geometry":{"type":"Polygon","coordinates":[[[94.4653,17.6428],[95.1639,17.6428],[95.3616,18.0383],[94.7024,20.016],[93.318,21.73],[93.1277,22.2029],[93.0046,22.0371],[92.8923,21.9793],[92.7778,22.0421],[92.51,22.1104],[92.5976,21.387],[92.237,21.15],[92.1237,20.9964],[92.1763,20.8866],[92.4034,20.614],[92.6628,20.4049],[92.8271,20.4243],[92.9215,20.3737],[92.9333,20.3102],[92.8944,20.1132],[93.0656,19.9928],[93.2485,20.0377],[93.3343,20.0252],[93.416,19.9428],[93.7238,19.594],[93.7478,19.4734],[93.815,19.2576],[93.675,19.2509],[93.4579,19.1742],[93.6947,19.0096],[93.839,18.9527],[93.9656,19.1944],[94.0537,19.0611],[94.2474,18.5788],[94.4205,18.1408],[94.4653,17.6645],[94.4653,17.6428]]]},"properties":{"NAME":"Arakan","SUBJECTO":"Arakan","PARTOF":"Arakan","BORDERPRECISION":3,"LINK":null}},
{"type":"Feature","geometry":{"type":"Polygon","coordinates":[[[9.5724,44.437],[9.5957,44.5727],[9.7452,44.6059],[9.8946,44.5561],[9.9776,44.4067],[10.0565,44.3804],[10.1271,44.3569],[10.1935,44.4897],[10.2433,44.4897],[10.3595,44.689],[10.2765,44.9048],[10.3933,45.0263],[10.2931,45.021],[9.6621,45.2203],[9.1308,45.1207],[9.1308,44.7886],[9.2304,44.772],[9.2968,44.5395],[9.3633,44.5561],[9.3965,44.4399],[9.4795,44.4731],[9.5724,44.437]]]},"properties":{"NAME":"Parma","SUBJECTO":"Parma","PARTOF":"Parma","BORDERPRECISION":3,"LINK":null}},
{"type":"Feature","geometry":{"type":"Polygon","coordinates":[[[12.3778,44.7315],[12.1362,45.1041],[12.0365,45.1373],[12.0531,45.021],[11.9701,45.0376],[11.8871,45.0875],[11.7709,45.0709],[11.6048,44.9048],[11.2395,45.0709],[11.1698,45.0672],[11.3392,44.855],[11.2561,44.7886],[11.1731,44.6059],[11.2893,44.4565],[11.2893,44.3735],[11.1399,44.3403],[11.202,44.1426],[11.3226,44.1576],[11.2893,44.224],[11.4554,44.2739],[11.5716,44.224],[11.555,44.1908],[11.7045,44.224],[11.6879,44.2572],[11.7377,44.3569],[11.8041,44.3403],[11.8539,44.3569],[11.9037,44.3237],[11.8871,44.2572],[11.9369,44.0912],[12.0199,44.1742],[12.0864,44.1742],[12.0531,44.1078],[12.0531,44.0746],[12.0365,43.9252],[12.0864,43.8421],[12.1694,43.892],[12.2192,43.892],[12.1196,43.7425],[12.103,43.6097],[12.1196,43.4769],[12.2192,43.344],[12.3022,43.344],[12.3022,43.2776],[12.2192,43.2278],[12.1528,43.0617],[12.1694,42.9123],[12.186,42.9123],[12.1528,42.6965],[12.1694,42.63],[12.1297,42.596],[12.0531,42.5304],[12.0697,42.298],[12.0033,42.2481],[12.0199,42.0987],[11.9601,42.0074],[11.9634,42.0047],[12.3948,41.7295],[12.6415,41.5311],[12.9768,41.3714],[13.2714,41.3142],[13.4984,41.3019],[13.7605,41.2067],[13.8132,41.3183],[13.9792,41.3349],[13.9958,41.3515],[14.029,41.4013],[13.9626,41.4677],[13.9626,41.5176],[13.9294,41.6338],[13.8796,41.6338],[13.8796,41.667],[13.9294,41.75],[13.863,41.7832],[13.863,41.75],[13.6471,41.7998],[13.6471,41.75],[13.5973,41.7998],[13.5641,41.8662],[13.6305,41.9327],[13.6305,42.0157],[13.5807,42.0489],[13.5807,42.0987],[13.4147,42.1983],[13.4645,42.2315],[13.4147,42.3644],[13.5475,42.4308],[13.6305,42.5304],[13.7136,42.3976],[13.7634,42.464],[13.8298,42.4806],[13.8298,42.5636],[13.9294,42.5304],[13.9958,42.6134],[14.0764,42.6338],[13.9151,42.8728],[13.7916,43.1233],[13.7316,43.3742],[13.6009,43.5348],[12.6972,43.9348],[12.5081,44.1315],[12.3451,44.301],[12.2807,44.5501],[12.2736,44.6726],[12.3778,44.7315]]]},"properties":{"NAME":"Papal States","SUBJECTO":"Papal States","PARTOF":"Papal States","BORDERPRECISION":3,"LINK":null}},
{"type":"Feature","geometry":{"type":"Polygon","coordinates":[[[9.5724,44.437],[9.7784,44.3569],[9.8282,44.2905],[9.878,44.2905],[9.8924,44.3434],[9.9545,44.333],[9.9776,44.4067],[9.8946,44.5561],[9.7452,44.6059],[9.5957,44.5727],[9.5724,44.437]]]},"properties":{"NAME":"Pontremoli","SUBJECTO":"Pontremoli","PARTOF":"Pontremoli","BORDERPRECISION":3,"LINK":null}},
{"type":"Feature","geometry":{"type":"Polygon","coordinates":[[[10.0565,44.3804],[10.0372,44.2916],[10.1407,44.2192],[10.1717,44.3123],[10.1271,44.3569],[10.0565,44.3804]]]},"properties":{"NAME":"Fivizzano","SUBJECTO":"Fivizzano","PARTOF":"Fivizzano","BORDERPRECISION":3,"LINK":null}},
{"type":"Feature","geometry":{"type":"Polygon","coordinates":[[[10.3379,43.5962],[10.5028,43.6088],[10.5959,43.5778],[10.7511,43.6295],[10.689,43.8675],[10.7304,43.9813],[10.6916,44.0912],[10.592,44.141],[10.5422,44.0912],[10.509,44.0912],[10.4101,43.9374],[10.3595,43.8587],[10.3263,43.892],[10.2614,43.7452],[10.2925,43.7054],[10.3379,43.5962]]]},"properties":{"NAME":"Lucca","SUBJECTO":"Lucca","PARTOF":"Lucca","BORDERPRECISION":3,"LINK":null}},
{"type":"Feature","geometry":{"type":"Polygon","coordinates":[[[11.202,44.1426],[11.0569,44.1244],[11.0569,44.1576],[10.9573,44.1576],[10.8244,44.2074],[10.7082,44.1742],[10.6916,44.0912],[10.7304,43.9813],[10.689,43.8675],[10.7511,43.6295],[10.5959,43.5778],[10.5028,43.6088],[10.3379,43.5962],[10.4877,43.2359],[10.7428,42.8505],[11.1048,42.5491],[11.4974,42.3764],[11.9601,42.0074],[12.0199,42.0987],[12.0033,42.2481],[12.0697,42.298],[12.0531,42.5304],[12.1297,42.596],[12.1694,42.63],[12.1528,42.6965],[12.186,42.9123],[12.1694,42.9123],[12.1528,43.0617],[12.2192,43.2278],[12.3022,43.2776],[12.3022,43.344],[12.2192,43.344],[12.1196,43.4769],[12.103,43.6097],[12.1196,43.7425],[12.2192,43.892],[12.1694,43.892],[12.0864,43.8421],[12.0365,43.9252],[12.0531,44.0746],[12.0531,44.1078],[12.0864,44.1742],[12.0199,44.1742],[11.9369,44.0912],[11.8871,44.2572],[11.9037,44.3237],[11.8539,44.3569],[11.8041,44.3403],[11.7377,44.3569],[11.6879,44.2572],[11.7045,44.224],[11.555,44.1908],[11.5716,44.224],[11.4554,44.2739],[11.2893,44.224],[11.3226,44.1576],[11.202,44.1426]]]},"properties":{"NAME":"Tuscany","SUBJECTO":"Tuscany","PARTOF":"Tuscany","BORDERPRECISION":3,"LINK":null}},
{"type":"Feature","geometry":{"type":"Polygon","coordinates":[[[10.1271,44.3569],[10.1717,44.3123],[10.1407,44.2192],[10.0372,44.2916],[10.0565,44.3804],[9.9776,44.4067],[9.9545,44.333],[9.8924,44.3434],[9.878,44.2905],[9.8255,44.1525],[9.9093,44.1105],[10.1367,43.9048],[10.1552,43.8811],[10.2855,43.9813],[10.4101,43.9374],[10.509,44.0912],[10.5422,44.0912],[10.592,44.141],[10.6916,44.0912],[10.7082,44.1742],[10.8244,44.2074],[10.9573,44.1576],[11.0569,44.1576],[11.0569,44.1244],[11.202,44.1426],[11.1399,44.3403],[11.2893,44.3735],[11.2893,44.4565],[11.1731,44.6059],[11.2561,44.7886],[11.3392,44.855],[11.1698,45.0672],[10.8561,45.0507],[10.3933,45.0263],[10.2765,44.9048],[10.3595,44.689],[10.2433,44.4897],[10.1935,44.4897],[10.1271,44.3569]]]},"properties":{"NAME":"Modena","SUBJECTO":"Modena","PARTOF":"Modena","BORDERPRECISION":3,"LINK":null}},
{"type":"Feature","geometry":{"type":"Polygon","coordinates":[[[10.4101,43.9374],[10.2855,43.9813],[10.1552,43.8811],[10.2614,43.7452],[10.3263,43.892],[10.3595,43.8587],[10.4101,43.9374]]]},"properties":{"NAME":"Massa","SUBJECTO":"Massa","PARTOF":"Massa","BORDERPRECISION":3,"LINK":null}},
{"type":"Feature","geometry":{"type":"Polygon","coordinates":[[[32.9449,-25.5396],[32.6271,-25.3676],[32.0944,-25.6043],[32.0944,-26.2554],[32.5679,-26.6105],[32.8874,-26.7151],[32.916,-26.5185],[32.896,-26.3723],[32.631,-26.2203],[32.4997,-26.0681],[32.6511,-25.839],[32.9449,-25.5396]]]},"properties":{"NAME":"Delagoa Bay","SUBJECTO":"Delagoa Bay","PARTOF":"Delagoa Bay","BORDERPRECISION":3,"LINK":null}},
{"type":"Feature","geometry":{"type":"Polygon","coordinates":[[[48.0147,-17.0228],[47.4821,-16.9044],[46.6535,-17.733],[45.2923,-22.6452],[45.529,-23.5921],[46.0025,-23.5921],[47.1862,-23.1186],[48.4882,-20.0411],[48.4882,-19.4493],[48.0147,-17.0228]]]},"properties":{"NAME":"Expansionist Kingdom of Merina","SUBJECTO":"Expansionist Kingdom of Merina","PARTOF":"Expansionist Kingdom of Merina","BORDERPRECISION":3,"LINK":null}},
{"type":"Feature","geometry":{"type":"Polygon","coordinates":[[[-16.8704,14.3635],[-16.0512,15.0694],[-15.7553,16.253],[-16.4501,16.1184],[-16.6003,15.7495],[-16.8648,15.2977],[-17.1902,14.9602],[-17.4332,14.8072],[-17.2205,14.725],[-17.0501,14.5856],[-16.8704,14.3635]]]},"properties":{"NAME":"Senegal","SUBJECTO":"Senegal","PARTOF":"Senegal","BORDERPRECISION":3,"LINK":null}},
{"type":"Feature","geometry":{"type":"Polygon","coordinates":[[[-15.158,11.8761],[-15.4593,12.4801],[-16.5666,12.3098],[-16.4245,12.2483],[-16.279,12.2105],[-16.2479,12.1025],[-16.086,11.9694],[-15.8086,11.8429],[-15.7363,11.8431],[-15.5496,11.9197],[-15.3254,11.9266],[-15.158,11.8761]]]},"properties":{"NAME":"Portuguese Guinea","SUBJECTO":"Portuguese Guinea","PARTOF":"Portuguese Guinea","BORDERPRECISION":3,"LINK":null}},
{"type":"Feature","geometry":{"type":"Polygon","coordinates":[[[10.8395,10.5774],[12.0189,9.8698],[14.9674,9.9877],[16.6186,11.0492],[16.6323,11.104],[14.9927,12.0974],[14.603,12.9906],[14.6196,12.9916],[14.6606,12.9824],[14.6855,12.9931],[14.6943,13.0236],[14.716,13.0466],[14.7428,13.0624],[14.7423,13.078],[14.7276,13.1022],[16.905,13.4339],[16.8429,14.3277],[16.8523,14.3489],[16.8447,14.3665],[16.7103,14.6803],[16.2648,16.1206],[13.5521,16.1206],[12.2548,15.1771],[11.0754,14.3515],[10.2498,12.7003],[10.2498,11.6389],[10.8395,10.5774]]]},"properties":{"NAME":"Bornu-Kanem","SUBJECTO":"Bornu-Kanem","PARTOF":"Bornu-Kanem","BORDERPRECISION":3,"LINK":null}},
{"type":"Feature","geometry":{"type":"Polygon","coordinates":[[[1.2009,15.6185],[-0.0969,15.2941],[-0.4213,14.1585],[0.6486,13.1551],[0.9576,12.5363],[2.4987,12.6985],[3.1476,13.2663],[3.0665,15.0508],[1.2009,15.6185]]]},"properties":{"NAME":"Songhai","SUBJECTO":"Songhai","PARTOF":"Songhai","BORDERPRECISION":3,"LINK":null}},
{"type":"Feature","geometry":{"type":"Polygon","coordinates":[[[-2.7736,12.5363],[-2.6925,10.1029],[-1.5569,9.8596],[-0.5024,10.2651],[-0.0969,12.3741],[-0.8365,13.408],[-2.0436,13.4285],[-2.7736,12.5363]]]},"properties":{"NAME":"Mossi States","SUBJECTO":"Mossi States","PARTOF":"Mossi States","BORDERPRECISION":3,"LINK":null}},
{"type":"Feature","geometry":{"type":"Polygon","coordinates":[[[19.845,13.2234],[20.0249,12.6368],[22.6288,13.2155],[22.81,13.7589],[22.3269,15.329],[21.5419,16.5971],[20.5153,16.4763],[19.7907,14.9666],[19.368,13.3966],[19.4634,13.2588],[19.845,13.2234]]]},"properties":{"NAME":"Wadai","SUBJECTO":"Wadai","PARTOF":"Wadai","BORDERPRECISION":3,"LINK":null}},
{"type":"Feature","geometry":{"type":"Polygon","coordinates":[[[22.6892,15.329],[23.1723,13.5778],[24.3196,12.7928],[29.09,13.1551],[29.9958,14.242],[29.1504,17.9255],[27.4596,18.1671],[23.1119,16.5971],[22.6892,15.329]]]},"properties":{"NAME":"Darfur","SUBJECTO":"Darfur","PARTOF":"Darfur","BORDERPRECISION":3,"LINK":null}},
{"type":"Feature","geometry":{"type":"Polygon","coordinates":[[[23.5044,-10.3348],[23.2628,-9.6705],[23.6252,-6.772],[21.3305,-6.7117],[17.8886,-7.3759],[17.4659,-8.1609],[18.2509,-11.1198],[23.0213,-10.8179],[23.5044,-10.3348]]]},"properties":{"NAME":"Lunda","SUBJECTO":"Lunda","PARTOF":"Lunda","BORDERPRECISION":3,"LINK":null}},
{"type":"Feature","geometry":{"type":"Polygon","coordinates":[[[23.5044,-10.3348],[25.4669,-10.3952],[25.6481,-9.9725],[26.3727,-10.2744],[27.3388,-9.6102],[28.0031,-9.7913],[28.7277,-9.7309],[29.2712,-9.1875],[30.3581,-9.2478],[31.0827,-8.7044],[29.3316,-5.3228],[25.9802,-5.1416],[25.3159,-6.5305],[23.6252,-6.772],[23.2628,-9.6705],[23.5044,-10.3348]]]},"properties":{"NAME":"Luba","SUBJECTO":"Luba","PARTOF":"Luba","BORDERPRECISION":3,"LINK":null}},
{"type":"Feature","geometry":{"type":"Polygon","coordinates":[[[13.0231,-7.6054],[13.167,-7.8448],[13.3871,-8.1557],[13.4768,-8.416],[13.4795,-8.6321],[13.4314,-8.8228],[13.3602,-8.8929],[13.1459,-9.0649],[13.0838,-9.2875],[14.3291,-9.3681],[14.2665,-8.9393],[14.3253,-8.2343],[14.0903,-7.7055],[14.1027,-7.3759],[14.3986,-7.1984],[14.8721,-7.3759],[14.9905,-7.1984],[15.0496,-6.0147],[14.5762,-4.7718],[14.1027,-4.9494],[13.2741,-5.778],[13.215,-6.1331],[12.8007,-5.9555],[12.3717,-6.2578],[12.6715,-6.6956],[12.7957,-6.8606],[12.877,-7.0511],[12.9686,-7.5148],[13.0231,-7.6054]]]},"properties":{"NAME":"Congo","SUBJECTO":"Congo","PARTOF":"Congo","BORDERPRECISION":3,"LINK":null}},
{"type":"Feature","geometry":{"type":"Polygon","coordinates":[[[26.9463,-18.6679],[26.2821,-20.6607],[26.886,-21.9288],[29.9052,-22.0495],[30.6902,-20.0568],[30.1468,-18.5472],[27.671,-18.0037],[26.9463,-18.6679]]]},"properties":{"NAME":"Rozwi","SUBJECTO":"Rozwi","PARTOF":"Rozwi","BORDERPRECISION":3,"LINK":null}},
{"type":"Feature","geometry":{"type":"Polygon","coordinates":[[[37.2753,-17.7132],[36.3856,-16.9657],[35.5462,-16.9657],[34.287,-15.9164],[33.3427,-15.7065],[33.9722,-16.6509],[34.8117,-17.5952],[34.9166,-18.3297],[35.3779,-19.4268],[35.9148,-19.0316],[36.3136,-18.6495],[36.8923,-18],[37.2753,-17.7132]]]},"properties":{"NAME":"Portuguese East Africa","SUBJECTO":"Portuguese East Africa","PARTOF":"Portuguese East Africa","BORDERPRECISION":3,"LINK":null}},
{"type":"Feature","geometry":{"type":"Polygon","coordinates":[[[39.6362,14.1489],[39.3911,10.5953],[40.3714,10.4727],[40.4939,9.86],[42.6688,11.5113],[42.5553,11.5683],[42.81,11.7785],[43.0618,11.9188],[43.2591,11.9637],[43.4219,12.0467],[43.4748,12.0976],[43.4587,12.2247],[43.3305,12.4341],[43.048,12.7023],[42.6364,13.0934],[42.4084,13.1755],[42.355,13.2707],[42.3664,13.3597],[42.3571,13.4677],[42.079,13.861],[41.7611,13.8858],[41.7053,13.9301],[41.3413,14.3423],[40.7391,14.9192],[40.6305,14.9254],[40.3899,14.9058],[39.6362,14.1489]]]},"properties":{"NAME":"Awsa","SUBJECTO":"Awsa","PARTOF":"Awsa","BORDERPRECISION":3,"LINK":null}},
{"type":"Feature","geometry":{"type":"Polygon","coordinates":[[[38.0432,16.232],[36.0826,16.1095],[35.96,14.7616],[36.4623,8.5475],[37.308,7.8994],[38.1845,8.3178],[39.2178,8.4326],[39.5622,9.1215],[39.3911,10.5953],[39.6362,14.1489],[38.7784,14.3939],[38.0432,15.0066],[38.0432,16.232]]]},"properties":{"NAME":"Ethiopia","SUBJECTO":"Ethiopia","PARTOF":"Ethiopia","BORDERPRECISION":3,"LINK":null}},
{"type":"Feature","geometry":{"type":"Polygon","coordinates":[[[39.3911,10.5953],[39.5622,9.1215],[39.2178,8.4326],[38.1845,8.3178],[37.308,7.8994],[36.4623,8.5475],[35.1023,8.3896],[34.9797,7.2868],[38.0432,6.7966],[38.0432,5.6938],[36.0826,5.6938],[36.4502,2.6303],[38.4108,1.0373],[42.332,1.7726],[43.8025,2.8754],[43.4349,3.8557],[42.8222,4.5909],[41.7193,4.7135],[42.5771,5.8163],[42.9447,6.9191],[41.8419,8.7572],[40.4939,9.86],[40.3714,10.4727],[39.3911,10.5953]]]},"properties":{"NAME":"Oromo","SUBJECTO":"Oromo","PARTOF":"Oromo","BORDERPRECISION":3,"LINK":null}},
{"type":"Feature","geometry":{"type":"Polygon","coordinates":[[[19.5704,54.2551],[19.6831,53.8577],[19.9251,53.9182],[20.0764,53.5854],[20.4092,53.4341],[20.5605,53.8274],[21.0143,54.0997],[20.4697,54.3417],[20.0461,54.1905],[19.9146,54.3947],[19.7331,54.3103],[19.5704,54.2551]]]},"properties":{"NAME":"Austrian Empire","SUBJECTO":"Austrian Empire","PARTOF":"Austrian Empire","BORDERPRECISION":3,"LINK":null}},
{"type":"Feature","geometry":{"type":"Polygon","coordinates":[[[19.5704,54.2551],[19.4568,54.2166],[19.3281,54.1615],[19.2303,54.167],[19.2321,54.2221],[19.3176,54.2717],[19.7577,54.4592],[19.7336,54.4612],[19.255,54.2772],[18.965,54.2276],[18.9872,53.8577],[18.8057,53.7366],[18.9267,53.4946],[19.8041,53.5249],[20.0108,53.0441],[20.0972,53.1824],[20.4774,53.1305],[20.702,53.3206],[21.1168,53.2688],[22.8066,53.8076],[22.7397,53.9499],[22.699,54.4149],[22.6702,54.4939],[22.6625,54.5709],[22.7241,54.7328],[22.8243,54.7868],[22.7935,54.9024],[22.6316,54.9487],[22.5839,55.0094],[21.684,55.3535],[21.2755,55.8611],[20.9454,56.07],[20.996,56.0241],[21.0148,55.6971],[21.0185,55.634],[21.2163,55.3437],[21.2009,55.2614],[21.143,55.2558],[21.1623,55.2214],[21.1931,55.1664],[21.2239,55.1114],[21.1133,55.0892],[21.1919,54.9596],[21.1373,54.8455],[20.9852,54.8116],[20.7972,54.818],[20.1271,54.8456],[19.9426,54.8499],[19.8632,54.7517],[19.8332,54.5309],[19.8818,54.5254],[19.9381,54.6082],[20.0057,54.5475],[20.1942,54.575],[20.3267,54.564],[20.1886,54.522],[19.9775,54.4239],[19.9146,54.3947],[20.0461,54.1905],[20.4697,54.3417],[21.0143,54.0997],[20.5605,53.8274],[20.4092,53.4341],[20.0764,53.5854],[19.9251,53.9182],[19.6831,53.8577],[19.5704,54.2551]]]},"properties":{"NAME":"Prussia","SUBJECTO":"Prussia","PARTOF":"Prussia","BORDERPRECISION":3,"LINK":null}},
{"type":"Feature","geometry":{"type":"Polygon","coordinates":[[[10.8561,45.0507],[10.8244,45.3531],[10.675,45.3531],[10.3767,45.3744],[10.3933,45.0263],[10.8561,45.0507]]]},"properties":{"NAME":"Lombardy","SUBJECTO":"Lombardy","PARTOF":"Lombardy","BORDERPRECISION":3,"LINK":null}},
{"type":"Feature","geometry":{"type":"Polygon","coordinates":[[[9.1308,44.7886],[8.7644,44.8644],[8.7002,44.8162],[8.5557,44.8644],[8.4915,44.8002],[8.3951,44.8002],[8.363,44.7199],[8.2507,44.736],[8.2185,44.6717],[7.9135,44.4149],[7.8493,44.463],[7.769,44.3667],[7.9617,44.2222],[8.0896,44.0508],[8.1864,44.1264],[8.6717,44.4174],[8.8966,44.4372],[9.157,44.3732],[9.6919,44.2196],[9.8255,44.1525],[9.878,44.2905],[9.8282,44.2905],[9.7784,44.3569],[9.5724,44.437],[9.4795,44.4731],[9.3965,44.4399],[9.3633,44.5561],[9.2968,44.5395],[9.2304,44.772],[9.1308,44.7886]]]},"properties":{"NAME":"Genoa","SUBJECTO":"Genoa","PARTOF":"Genoa","BORDERPRECISION":3,"LINK":null}},
{"type":"Feature","geometry":{"type":"Polygon","coordinates":[[[8.8196,38.9769],[8.9314,39.0537],[8.9985,39.1751],[9.0625,39.2199],[9.2963,39.2331],[9.4789,39.1442],[9.6483,39.4572],[9.698,39.6935],[9.6308,40.0959],[9.6957,40.3137],[9.7878,40.442],[9.7937,40.5637],[9.5909,40.9029],[9.3062,41.1844],[8.9184,40.94],[8.7661,40.8628],[8.4056,40.8621],[8.2407,40.8553],[8.1595,40.7847],[8.2016,40.663],[8.4282,40.4649],[8.488,40.2088],[8.5085,39.9465],[8.465,39.6399],[8.3742,39.3078],[8.4172,39.2122],[8.5824,39.0658],[8.6961,38.9958],[8.8196,38.9769]]]},"properties":{"NAME":"Sardinia","SUBJECTO":"Spanish Habsburg","PARTOF":"Spanish Habsburg","BORDERPRECISION":3,"LINK":null}},
{"type":"Feature","geometry":{"type":"Polygon","coordinates":[[[13.7605,41.2067],[13.797,41.1934],[13.8525,41.091],[13.9419,40.998],[14.0509,40.7675],[14.24,40.8529],[14.3703,40.8515],[14.4946,40.73],[14.3498,40.6425],[14.3341,40.5936],[14.7433,40.7048],[14.951,40.5515],[14.9923,40.3722],[14.8987,40.2415],[15.0273,40.2122],[15.432,39.989],[15.5159,40.0659],[15.6662,40.0919],[15.757,39.9336],[15.8247,39.6606],[15.9896,39.4284],[16.0826,39.0125],[16.1772,38.931],[16.2122,38.778],[16.1522,38.7013],[15.9898,38.7348],[15.8273,38.6227],[15.9335,38.5399],[15.7909,38.2964],[15.6266,38.2331],[15.6275,38.0042],[15.7102,37.9414],[15.7852,37.9097],[16.0529,37.9312],[16.3307,38.3207],[16.572,38.4571],[16.5222,38.725],[16.6133,38.8273],[16.7977,38.9259],[17.0947,38.915],[17.1807,39.0222],[17.121,39.086],[17.1074,39.2805],[17.1491,39.4218],[16.874,39.5437],[16.5321,39.6975],[16.535,39.8316],[16.6239,39.9678],[16.6044,40.0899],[16.7276,40.1836],[16.8441,40.3631],[16.9487,40.4811],[17.0841,40.5251],[17.2428,40.4958],[17.2042,40.3979],[17.4017,40.2919],[17.6191,40.2878],[17.8496,40.2435],[17.9677,40.1669],[18.0171,39.9479],[18.1601,39.8731],[18.3649,39.7467],[18.4337,39.8984],[18.5226,40.0941],[18.3836,40.3078],[18.0599,40.5135],[18.0339,40.5967],[17.3193,40.9293],[16.946,41.0938],[16.4203,41.2787],[15.991,41.4061],[15.8733,41.5021],[15.9891,41.6346],[16.1984,41.7457],[16.1874,41.8409],[16.0128,41.9043],[15.4486,41.8567],[14.9224,41.9718],[14.7385,42.0472],[14.72,42.1418],[14.5193,42.2297],[14.4049,42.3531],[14.0928,42.6095],[14.0764,42.6338],[13.9958,42.6134],[13.9294,42.5304],[13.8298,42.5636],[13.8298,42.4806],[13.7634,42.464],[13.7136,42.3976],[13.6305,42.5304],[13.5475,42.4308],[13.4147,42.3644],[13.4645,42.2315],[13.4147,42.1983],[13.5807,42.0987],[13.5807,42.0489],[13.6305,42.0157],[13.6305,41.9327],[13.5641,41.8662],[13.5973,41.7998],[13.6471,41.75],[13.6471,41.7998],[13.863,41.75],[13.863,41.7832],[13.9294,41.75],[13.8796,41.667],[13.8796,41.6338],[13.9294,41.6338],[13.9626,41.5176],[13.9626,41.4677],[14.029,41.4013],[13.9958,41.3515],[13.9792,41.3349],[13.8132,41.3183],[13.7605,41.2067]]]},"properties":{"NAME":"Naples","SUBJECTO":"Spanish Habsburg","PARTOF":"Spanish Habsburg","BORDERPRECISION":3,"LINK":null}},
{"type":"Feature","geometry":{"type":"Polygon","coordinates":[[[14.9424,36.7386],[15.0273,36.7451],[15.2206,37.0004],[15.3013,37.0579],[15.1162,37.2869],[15.1122,37.459],[15.181,37.6823],[15.4225,38.0526],[15.4729,38.1101],[15.4537,38.1674],[15.3867,38.2055],[14.7659,38.0576],[14.1345,37.9735],[13.8095,37.9664],[13.628,38.0298],[13.3225,38.2205],[13.066,38.0669],[12.7828,38.1174],[12.6643,38.0725],[12.5166,37.9192],[12.4541,37.766],[12.532,37.6387],[12.6369,37.5815],[13.0116,37.5249],[13.8684,37.157],[14.2159,37.0493],[14.622,36.7761],[14.9424,36.7386]]]},"properties":{"NAME":"Sicily","SUBJECTO":"Spanish Habsburg","PARTOF":"Spanish Habsburg","BORDERPRECISION":3,"LINK":null}},
{"type":"Feature","geometry":{"type":"Polygon","coordinates":[[[101.9679,22.5337],[102.1706,22.1984],[102.4464,21.9397],[102.6907,21.6681],[102.8429,21.2499],[102.9929,20.9396],[103.2662,20.7444],[103.4779,20.6567],[103.6071,20.6829],[103.8361,20.9001],[104.0112,20.9773],[104.1291,20.9399],[104.3241,20.6363],[104.7158,20.2004],[104.7197,19.9719],[104.6051,19.8252],[104.4875,19.7419],[104.3585,19.7158],[104.1446,19.7463],[104.0048,19.701],[103.8801,19.5352],[103.8993,19.3131],[103.972,19.2691],[104.5277,18.9358],[104.8122,18.7216],[105.0986,18.4312],[105.4127,18.0837],[106.1698,17.1293],[106.4264,16.7181],[106.6382,16.4843],[106.9463,16.3083],[107.1075,16.1696],[107.1686,15.9921],[107.0671,15.7946],[107.0998,15.6678],[107.3381,15.4533],[107.434,15.257],[107.4634,14.9968],[107.3933,14.5835],[107.2967,14.1765],[107.3097,13.878],[107.5146,13.422],[107.4803,13.2566],[107.4578,13.0659],[107.4823,12.5833],[107.3845,12.3541],[106.8538,10.5758],[107.0356,10.4364],[107.2657,10.348],[107.412,10.3674],[107.6729,10.5268],[107.9387,10.8069],[108.1643,10.9662],[108.3528,11.0428],[108.5815,11.0878],[108.6959,11.1452],[108.8973,11.3426],[109.0613,11.5907],[109.0734,11.6352],[109.0484,11.9338],[109.0909,12.1181],[109.0684,12.4865],[109.1745,12.7091],[109.3071,12.9063],[109.0711,14.17],[108.9178,14.7923],[108.7861,15.0906],[108.4989,15.3631],[108.3631,15.6233],[108.2361,16.0804],[108.0953,16.2516],[107.8092,16.2827],[107.692,16.3714],[107.115,16.9546],[106.6223,17.3284],[106.4331,17.5503],[106.3938,17.6645],[106.3752,17.8995],[106.3644,18.0075],[105.8641,18.4892],[105.6533,18.7428],[105.5326,18.8442],[105.707,19.2829],[105.8434,19.7024],[105.9649,19.8805],[106.0417,19.9379],[106.2814,20.0464],[106.3809,20.1101],[106.6443,20.4664],[106.7716,20.6381],[106.7462,20.8159],[106.807,20.905],[107.3743,20.8808],[107.4658,20.9763],[107.4178,21.1858],[107.7898,21.4025],[107.8756,21.4621],[107.7866,21.5263],[107.3775,21.5747],[107.0981,21.6493],[106.6734,21.9262],[106.5506,22.0905],[106.5074,22.3252],[106.7198,22.6629],[106.6945,22.8342],[106.588,22.9288],[106.2381,22.9077],[105.9411,22.9314],[105.594,23.0373],[105.3134,23.296],[105.1794,23.2508],[104.9446,23.1034],[104.6314,22.854],[104.4781,22.7832],[104.115,22.7303],[103.3973,22.7071],[103.2478,22.6554],[102.9851,22.4698],[102.8388,22.5134],[102.5704,22.6896],[102.417,22.6951],[102.1855,22.6366],[101.9679,22.5337]]]},"properties":{"NAME":"Đại Việt","SUBJECTO":"Đại Việt","PARTOF":"Đại Việt","BORDERPRECISION":3,"LINK":null}},
{"type":"Feature","geometry":{"type":"Polygon","coordinates":[[[107.4803,13.2566],[106.0607,13.3427],[105.0156,13.406],[103.6565,12.8464],[102.7359,12.117],[102.6708,12.0377],[102.9626,11.3679],[103.0396,10.898],[103.192,10.9046],[103.4001,11.0385],[103.5249,11.0578],[103.6523,10.8802],[103.6703,10.7659],[103.5885,10.6641],[103.5249,10.5242],[103.6069,10.4735],[103.7388,10.4929],[103.831,10.474],[104.0031,10.5379],[104.1603,10.5192],[104.272,10.3987],[104.3872,10.3144],[104.4278,10.2847],[104.7649,10.1774],[104.9785,9.9809],[104.9873,9.8221],[104.8904,9.6948],[104.8224,9.4723],[104.7776,8.8813],[104.7425,8.4937],[104.9071,8.475],[105.0257,8.5197],[105.2084,8.6535],[105.2966,8.7744],[105.5031,9.029],[105.6908,9.1247],[105.9266,9.1888],[106.1184,9.3353],[106.2293,9.5516],[106.3351,9.52],[106.482,9.5521],[106.6563,9.7431],[106.7486,10.0673],[106.727,10.2261],[106.7044,10.4484],[106.7732,10.6392],[106.8538,10.5758],[107.3845,12.3541],[107.4823,12.5833],[107.4578,13.0659],[107.4803,13.2566]]]},"properties":{"NAME":"Cambodia","SUBJECTO":"Cambodia","PARTOF":"Cambodia","BORDERPRECISION":3,"LINK":null}},
{"type":"Feature","geometry":{"type":"Polygon","coordinates":[[[101.9679,22.5337],[101.6624,22.3923],[101.5544,22.2837],[101.535,22.1375],[101.5969,21.8712],[101.6995,21.7067],[101.7529,21.4721],[101.7038,21.3194],[101.5842,21.2235],[101.2385,21.2596],[101.0937,21.354],[101.014,21.4424],[100.7878,21.2824],[100.5493,21.0079],[100.3504,20.7464],[100.0884,20.5417],[100.0012,20.4587],[100.2448,20.3839],[100.3775,20.3021],[100.4306,20.2262],[100.4353,20.0358],[100.3871,19.6735],[100.4172,19.5086],[100.5004,19.4393],[100.6907,19.4404],[100.9108,19.5305],[101.0971,19.5507],[101.1176,19.5],[101.2294,18.9101],[101.1916,18.7258],[100.9536,18.0195],[100.9009,17.8223],[100.8884,17.6],[100.9132,17.5446],[100.9536,17.4543],[101.1701,17.3921],[101.3368,17.5772],[101.8646,18.1074],[102.02,18.121],[102.3961,17.9645],[102.6615,17.8454],[102.7614,17.8777],[103.0059,17.9934],[103.0962,18.2353],[103.2245,18.4392],[103.4061,18.4339],[103.8077,18.3474],[103.9276,18.2782],[103.9505,18.1514],[104.0791,17.9108],[104.3887,17.6142],[104.5842,17.3296],[104.6104,16.6439],[104.6586,16.4791],[104.7734,16.2702],[105.2143,15.6948],[105.4027,15.3784],[105.4732,15.1502],[105.9679,14.3338],[106.0162,14.2007],[106.1001,14.1186],[106.1462,14.0236],[106.1037,13.9154],[106.0607,13.3427],[107.4803,13.2566],[107.5146,13.422],[107.3097,13.878],[107.2967,14.1765],[107.3933,14.5835],[107.4634,14.9968],[107.434,15.257],[107.3381,15.4533],[107.0998,15.6678],[107.0671,15.7946],[107.1686,15.9921],[107.1075,16.1696],[106.9463,16.3083],[106.6382,16.4843],[106.4264,16.7181],[106.1698,17.1293],[105.4127,18.0837],[105.0986,18.4312],[104.8122,18.7216],[104.5277,18.9358],[103.972,19.2691],[103.8993,19.3131],[103.8801,19.5352],[104.0048,19.701],[104.1446,19.7463],[104.3585,19.7158],[104.4875,19.7419],[104.6051,19.8252],[104.7197,19.9719],[104.7158,20.2004],[104.3241,20.6363],[104.1291,20.9399],[104.0112,20.9773],[103.8361,20.9001],[103.6071,20.6829],[103.4779,20.6567],[103.2662,20.7444],[102.9929,20.9396],[102.8429,21.2499],[102.6907,21.6681],[102.4464,21.9397],[102.1706,22.1984],[101.9679,22.5337]]]},"properties":{"NAME":"Laotian states","SUBJECTO":"Laotian states","PARTOF":"Laotian states","BORDERPRECISION":3,"LINK":null}},
{"type":"Feature","geometry":{"type":"Polygon","coordinates":[[[102.0738,6.1542],[101.9784,6.2194],[101.6796,6.4643],[101.5599,6.7395],[101.428,6.8282],[101.2175,6.8023],[100.9753,6.8526],[100.6149,6.9789],[100.5396,7.0487],[100.3446,7.4405],[100.2875,7.7724],[100.3019,7.8868],[100.2077,8.325],[100.1315,8.5321],[100.0093,8.4901],[99.9294,8.5849],[99.8659,8.7119],[99.9021,8.9216],[99.898,9.0678],[99.8373,9.2265],[99.724,9.258],[99.5462,9.1941],[99.2985,9.1618],[99.1956,9.2378],[99.1187,9.371],[99.0713,9.8983],[99.1862,10.4894],[99.5013,11.2461],[99.7634,11.7804],[99.8953,12.0792],[99.8711,12.2634],[99.8337,12.5238],[99.9771,12.8418],[100.0232,12.9944],[99.9303,13.261],[100.04,13.3947],[100.2397,13.4904],[100.4739,13.5099],[100.5855,13.4721],[100.9087,13.4473],[100.957,13.3649],[100.8712,12.8056],[100.8716,12.6785],[101.023,12.6725],[101.1537,12.6093],[101.3291,12.5588],[101.5866,12.661],[101.7235,12.655],[101.9186,12.5855],[102.3239,12.1861],[102.5298,12.1484],[102.6585,12.0661],[102.6708,12.0377],[102.7359,12.117],[103.6565,12.8464],[105.0156,13.406],[106.0607,13.3427],[106.1037,13.9154],[106.1462,14.0236],[106.1001,14.1186],[106.0162,14.2007],[105.9679,14.3338],[105.4732,15.1502],[105.4027,15.3784],[105.2143,15.6948],[104.7734,16.2702],[104.6586,16.4791],[104.6104,16.6439],[104.5842,17.3296],[104.3887,17.6142],[104.0791,17.9108],[103.9505,18.1514],[103.9276,18.2782],[103.8077,18.3474],[103.4061,18.4339],[103.2245,18.4392],[103.0962,18.2353],[103.0059,17.9934],[102.7614,17.8777],[102.6615,17.8454],[102.3961,17.9645],[102.02,18.121],[101.8646,18.1074],[101.3368,17.5772],[101.1701,17.3921],[100.9536,17.4543],[100.9132,17.5446],[99.7166,16.841],[98.6384,16.6497],[98.7501,16.4697],[98.8236,16.3177],[98.736,16.2093],[98.5329,16.1064],[98.4756,16.0045],[98.5798,15.4716],[98.5029,15.3822],[98.137,15.1896],[98.2172,15.0185],[98.4869,14.3723],[98.73,14.1577],[99.003,13.8862],[99.0945,13.6708],[99.1336,13.3725],[99.0953,13.0864],[99.0976,12.9721],[99.3173,12.4398],[99.5811,11.8887],[99.5466,11.7551],[99.0919,11.0536],[98.6372,10.2886],[98.5932,10.1205],[98.6326,10.1007],[98.5018,9.7192],[98.2506,8.9371],[98.1772,8.6002],[98.1952,8.3271],[98.2924,8.1557],[98.3903,8.2195],[98.5446,8.2643],[98.7496,8.0868],[98.8895,8.0172],[99.0245,7.8714],[99.1186,7.6428],[99.2939,7.3192],[99.4681,7.3386],[99.5717,7.2626],[99.6397,7.0658],[99.6108,6.9386],[99.663,6.71],[99.8338,6.5388],[99.9691,6.5073],[100.1544,6.6031],[100.222,6.5206],[100.1644,6.3871],[100.1587,6.3401],[100.3604,6.4166],[100.6174,6.4223],[100.6653,6.2124],[100.8667,6.1591],[100.9841,6.0518],[101.0083,5.9503],[101.0271,5.8556],[100.9314,5.6766],[100.9844,5.5689],[101.0764,5.5313],[101.1862,5.7086],[101.3117,5.8346],[101.4508,5.7611],[101.4729,5.5463],[101.7626,5.5862],[101.8123,5.8451],[102.0349,6.0025],[102.0738,6.1542]]]},"properties":{"NAME":"Ayutthaya","SUBJECTO":"Ayutthaya","PARTOF":"Ayutthaya","BORDERPRECISION":3,"LINK":null}},
{"type":"Feature","geometry":{"type":"Polygon","coordinates":[[[98.6372,27.4787],[98.5717,27.5418],[98.3451,27.5278],[98.216,27.5461],[98.1181,27.6852],[98.0087,28.0908],[97.83,28.2865],[97.603,28.4121],[97.4785,28.3923],[97.3407,28.2392],[97.3404,28.1821],[95.4781,27.9089],[94.8371,27.567],[94.3244,26.8833],[92.4015,26.5842],[91.5468,26.2851],[90,26.3603],[90,25.9662],[91.4343,26.0976],[91.5657,26.0538],[91.4343,25.7911],[91.5657,25.7036],[91.4781,25.4847],[91.4343,25.2658],[91.7408,25.0031],[91.5219,25.0031],[91.5657,24.3464],[91.303,24.3464],[91.2592,24.1275],[91.4781,24.0837],[91.8283,23.7335],[91.8283,23.5584],[91.9159,23.5146],[92.0472,23.6897],[94.383,24.1985],[95.3423,24.1186],[95.742,24.0386],[96.6214,21.3205],[97.261,20.9208],[99.0997,21.2406],[100.0402,21.6209],[99.8867,21.9565],[99.7555,22.1272],[99.5389,22.1069],[99.3109,22.1056],[99.2086,22.1494],[99.1559,22.3078],[99.4836,23.0209],[99.4689,23.1414],[99.234,23.1845],[98.985,23.1513],[98.894,23.2968],[98.7692,24.0898],[98.6988,24.1465],[98.4835,24.1389],[98.1368,24.0988],[97.7679,23.8998],[97.628,23.8609],[97.5306,23.8921],[97.5309,24.0127],[97.6312,24.2736],[97.5581,24.5907],[97.5241,24.8],[97.8018,25.1825],[97.888,25.2719],[98.1072,25.3938],[98.3823,25.6302],[98.5754,25.9551],[98.7337,26.3432],[98.7254,26.7367],[98.6372,27.4787]]]},"properties":{"NAME":"Shan states","SUBJECTO":"Shan states","PARTOF":"Shan states","BORDERPRECISION":3,"LINK":null}},
{"type":"Feature","geometry":{"type":"Polygon","coordinates":[[[94.4653,17.6428],[94.4649,17.2643],[94.392,16.9084],[94.1434,16.2154],[94.1444,16.0057],[94.3041,15.9489],[94.4156,16.0762],[94.5397,16.1336],[94.8193,16.2105],[94.8196,16.1597],[94.7534,15.9372],[94.828,15.842],[94.9726,15.836],[95.1248,15.9951],[95.2202,16.0017],[95.223,15.8048],[95.3298,15.6779],[95.4182,15.7417],[95.5523,15.8753],[95.7138,16.1552],[96.2039,16.385],[96.4692,16.5126],[96.6629,16.6972],[96.7341,16.888],[96.7704,17.3327],[96.8816,17.3457],[96.9831,17.2442],[97.215,16.9398],[97.352,16.5272],[97.4185,16.4828],[97.5732,16.4451],[97.5961,16.3498],[97.6114,16.0958],[97.6641,15.7909],[97.7423,15.0097],[97.823,14.616],[97.9791,14.2352],[98.1989,13.6448],[98.4859,13.1118],[98.5968,12.7372],[98.6765,12.0512],[98.5883,11.8223],[98.5902,11.6952],[98.6371,11.6572],[98.8674,11.645],[98.7384,11.4351],[98.6836,11.0855],[98.6053,10.863],[98.3979,10.5639],[98.4317,10.2019],[98.5932,10.1205],[98.6372,10.2886],[99.0919,11.0536],[99.5466,11.7551],[99.5811,11.8887],[99.3173,12.4398],[99.0976,12.9721],[99.0953,13.0864],[99.1336,13.3725],[99.0945,13.6708],[99.003,13.8862],[98.73,14.1577],[98.4869,14.3723],[98.2172,15.0185],[98.137,15.1896],[98.5029,15.3822],[98.5798,15.4716],[98.4756,16.0045],[98.5329,16.1064],[98.736,16.2093],[98.8236,16.3177],[98.7501,16.4697],[98.6384,16.6497],[98.4595,16.938],[98.3931,17.0837],[97.9022,17.5126],[97.7876,17.5755],[97.7373,17.9689],[97.706,18.0513],[97.3735,18.4494],[97.6381,18.5081],[97.7111,18.5085],[97.7501,18.6167],[97.7209,18.8007],[97.7723,19.0296],[97.7888,19.398],[97.8529,19.5635],[98.0157,19.7486],[98.2288,19.7117],[98.5081,19.7197],[98.9933,19.8622],[99.1702,20.13],[99.408,20.2837],[99.604,20.3611],[99.8941,20.3882],[99.9654,20.4203],[100.0012,20.4587],[100.0884,20.5417],[100.3504,20.7464],[100.5493,21.0079],[100.7878,21.2824],[101.014,21.4424],[100.945,21.55],[100.8947,21.7211],[100.6122,21.5353],[100.3208,21.4638],[100.21,21.5012],[100.0402,21.6209],[99.0997,21.2406],[97.261,20.9208],[96.6214,21.3205],[95.742,24.0386],[95.3423,24.1186],[94.383,24.1985],[92.0472,23.6897],[92.1786,23.4271],[92.2661,22.9455],[92.5288,22.5953],[92.51,22.1104],[92.7778,22.0421],[92.8923,21.9793],[93.0046,22.0371],[93.1277,22.2029],[93.318,21.73],[94.7024,20.016],[95.3616,18.0383],[95.1639,17.6428],[94.4653,17.6428]]]},"properties":{"NAME":"Ava","SUBJECTO":"Ava","PARTOF":"Ava","BORDERPRECISION":3,"LINK":null}},
{"type":"Feature","geometry":{"type":"Polygon","coordinates":[[[58.7741,20.9412],[58.8614,21.1145],[59.2588,21.4774],[59.5357,21.8021],[59.8373,22.2792],[59.8257,22.3745],[59.4614,22.5389],[59.2543,22.729],[59.0216,23.0208],[58.6285,23.4583],[58.4647,23.5088],[58.2053,23.4955],[58.0807,23.5016],[57.9042,23.5711],[57.451,23.8052],[57.3963,23.837],[57.621,22.7046],[58.1803,21.8492],[58.7741,20.9412]]]},"properties":{"NAME":"Oman","SUBJECTO":"Oman","PARTOF":"Oman","BORDERPRECISION":3,"LINK":null}},
{"type":"Feature","geometry":{"type":"Polygon","coordinates":[[[-81.5115,30.7272],[-81.3048,31.2891],[-81.1992,31.5912],[-83.247,31.3736],[-85.7796,31.4485],[-87.5284,31.3236],[-87.383,30.4416],[-87.0891,30.359],[-86.6155,30.4107],[-86.3887,30.4727],[-86.2896,30.3676],[-86.0576,30.2346],[-85.7192,30.2035],[-85.6003,30.1529],[-85.4867,30.0387],[-85.4276,29.7597],[-85.3048,29.6639],[-84.7638,29.7986],[-84.5587,29.9579],[-84.3174,30.092],[-84.1238,30.1242],[-83.8862,30.0483],[-83.4924,29.6868],[-83.1182,29.2425],[-82.8949,29.1857],[-82.7789,29.1097],[-82.647,28.9065],[-82.7181,28.437],[-82.7844,28.096],[-82.8413,27.838],[-82.7165,27.7446],[-82.5047,27.9277],[-82.4293,27.8261],[-82.4508,27.7244],[-82.6196,27.5276],[-82.7527,27.5276],[-82.5839,27.3106],[-82.3101,26.8249],[-82.1423,26.8668],[-82.0776,26.5511],[-81.8873,26.4478],[-81.8366,26.0791],[-81.7447,25.9207],[-81.401,25.8587],[-81.1456,25.3782],[-81.1518,25.2732],[-81.0979,25.125],[-80.8689,25.187],[-80.738,25.1302],[-80.567,25.1918],[-80.4517,25.2077],[-80.4402,25.1457],[-80.4984,25.0372],[-80.4908,24.9959],[-80.3141,25.2439],[-80.3053,25.3576],[-80.354,25.5482],[-80.2144,25.7347],[-80.1854,25.8601],[-80.05,26.5511],[-80.0779,26.9231],[-80.1333,27.0729],[-80.2621,27.1969],[-80.2285,27.2383],[-80.4472,27.7756],[-80.6055,28.561],[-81.0259,29.2637],[-81.2311,29.6564],[-81.4054,30.0726],[-81.5115,30.7272]]]},"properties":{"NAME":"Florida","SUBJECTO":"Spanish Habsburg","PARTOF":"Florida","BORDERPRECISION":3,"LINK":null}},
{"type":"Feature","geometry":{"type":"Polygon","coordinates":[[[-78.253,33.8884],[-78.3504,34.2715],[-79.2498,34.3715],[-79.7494,33.8718],[-79.3054,33.2688],[-79.2041,33.4597],[-78.8989,33.702],[-78.6211,33.8107],[-78.3836,33.8684],[-78.253,33.8884]]]},"properties":{"NAME":"South Carolina","SUBJECTO":"South Carolina","PARTOF":"South Carolina","BORDERPRECISION":3,"LINK":null}},
{"type":"Feature","geometry":{"type":"MultiPolygon","coordinates":[[[[8.2507,44.736],[8.2733,44.9038],[8.0671,44.9038],[8.0523,45.0069],[8.2291,45.0511],[8.2586,45.1837],[8.1113,45.7877],[7.9787,45.8466],[7.8314,45.8171],[7.7899,45.927],[7.5649,45.987],[7.1957,45.8605],[7.0486,45.9239],[7.0405,45.9301],[6.9553,45.9389],[6.9391,46.0068],[6.8763,46.0545],[6.9031,46.1254],[6.804,46.1368],[6.8553,46.2704],[6.8393,46.3118],[6.7761,46.3622],[6.8094,46.3802],[6.8092,46.3891],[6.8074,46.394],[6.7255,46.4083],[6.6368,46.4067],[6.5451,46.3948],[6.5149,46.4049],[6.4843,46.3934],[6.4773,46.3756],[6.4135,46.36],[6.3892,46.34],[6.3837,46.3416],[6.1079,46.1255],[5.9415,46.1755],[5.8287,46.2127],[5.6762,46.1822],[5.6457,46.4567],[5.4156,46.5242],[5.2683,46.318],[5.5334,46.097],[5.5334,46.0086],[5.3567,46.0528],[5.3567,45.876],[5.6071,45.8466],[5.8234,45.3962],[5.9345,45.3221],[5.9469,45.2604],[6.0581,45.2233],[6.0334,45.3345],[6.0828,45.3715],[6.1445,45.3221],[6.2187,45.3468],[6.2681,45.3221],[6.2434,45.2974],[6.2804,45.1986],[6.5073,45.1157],[6.6653,44.9545],[6.9426,44.8687],[7.0035,44.7195],[6.9247,44.715],[6.7829,44.5479],[6.8698,44.3492],[6.7869,44.2968],[6.7869,44.198],[6.8363,44.1115],[6.8857,44.1486],[6.9351,44.1362],[6.9722,44.0621],[6.9969,44.0497],[6.9228,43.9756],[6.9598,43.9139],[6.8857,43.9015],[6.9228,43.815],[7.3552,43.9015],[7.3971,43.7641],[7.4675,43.8108],[7.4672,43.9204],[7.6342,44.036],[7.6727,43.9814],[7.7048,44.0617],[7.6888,44.2383],[7.8975,44.0938],[7.9795,43.9649],[8.0896,44.0508],[7.9617,44.2222],[7.769,44.3667],[7.8493,44.463],[7.9135,44.4149],[8.2185,44.6717],[8.2507,44.736]]],[[[6.7765,46.4734],[6.7691,46.4926],[6.7461,46.4871],[6.7765,46.4734]]]]},"properties":{"NAME":"Sardinia-Piedmont","SUBJECTO":"Sardinia-Piedmont","PARTOF":"Sardinia-Piedmont","BORDERPRECISION":3,"LINK":null}},
{"type":"Feature","geometry":{"type":"MultiPolygon","coordinates":[[[[10.3933,45.0263],[10.3767,45.3744],[9.9977,45.4014],[9.9221,45.6661],[9.8464,45.7039],[9.5061,45.5148],[9.6951,45.7796],[9.5817,45.893],[9.5449,46.3116],[9.441,46.3752],[9.3768,46.5345],[9.2101,46.4981],[9.2183,46.348],[9.027,46.1752],[9.0189,45.9344],[8.8907,45.8662],[8.7176,46.007],[8.7617,46.0888],[8.6366,46.1173],[8.6219,46.1207],[8.3816,46.2843],[8.3745,46.4708],[8.2732,46.4181],[8.3141,46.3958],[8.2434,46.3556],[8.0886,46.2678],[8.154,46.1457],[7.8733,45.9214],[7.8071,45.937],[7.7899,45.927],[7.8314,45.8171],[7.9787,45.8466],[8.1113,45.7877],[8.2586,45.1837],[8.2291,45.0511],[8.0523,45.0069],[8.0671,44.9038],[8.2733,44.9038],[8.2507,44.736],[8.363,44.7199],[8.3951,44.8002],[8.4915,44.8002],[8.5557,44.8644],[8.7002,44.8162],[8.7644,44.8644],[9.1308,44.7886],[9.1308,45.1207],[9.6621,45.2203],[10.2931,45.021],[10.3933,45.0263]]],[[[9.4055,42.5806],[9.4322,42.7941],[9.4142,42.9095],[9.3671,42.9881],[9.3032,42.9832],[9.2705,42.8825],[9.2804,42.7279],[9.2377,42.664],[9.1495,42.7107],[9.0184,42.691],[9.0004,42.6346],[8.879,42.6248],[8.6093,42.4873],[8.5004,42.3598],[8.6284,42.2617],[8.5172,42.2077],[8.5107,42.1341],[8.6265,42.0973],[8.6683,42.0287],[8.5896,41.9576],[8.5379,41.9478],[8.5619,41.8816],[8.6928,41.9135],[8.7424,41.8816],[8.6269,41.7321],[8.8233,41.688],[8.8546,41.6537],[8.7269,41.5606],[8.8288,41.492],[9.0133,41.4577],[9.0389,41.3695],[9.173,41.3499],[9.3045,41.5753],[9.3575,41.9012],[9.4525,42.0483],[9.4867,42.4064],[9.4586,42.5561],[9.4055,42.5806]]]]},"properties":{"NAME":"Milan","SUBJECTO":"Spanish Habsburg","PARTOF":"Milan","BORDERPRECISION":3,"LINK":null}},
{"type":"Feature","geometry":{"type":"Polygon","coordinates":[[[5.9415,46.1755],[6.049,46.2772],[6.0546,46.4219],[6.0186,46.4835],[6.0584,46.6161],[6.3815,46.8041],[6.3643,46.946],[6.6233,47.054],[6.6287,47.088],[6.8663,47.3102],[6.9442,47.3257],[6.892,47.3658],[6.823,47.3782],[6.6275,47.5119],[6.7806,47.6789],[6.6971,47.7624],[6.7945,47.8598],[6.6414,47.985],[6.2518,47.9572],[6.0987,48.0268],[6.0569,47.9572],[5.9595,47.985],[5.9595,47.8041],[5.8204,47.7346],[5.9178,47.5954],[5.7925,47.5119],[5.7786,47.3588],[5.7369,47.2336],[5.6673,47.1083],[5.7939,46.9972],[5.757,46.8867],[5.6464,46.8498],[5.6255,46.6491],[5.7397,46.5978],[5.7249,46.48],[5.6457,46.4567],[5.6762,46.1822],[5.8287,46.2127],[5.9415,46.1755]]]},"properties":{"NAME":"Franche-Comté","SUBJECTO":"Spanish Habsburg","PARTOF":"Franche-Comté","BORDERPRECISION":3,"LINK":null}},
{"type":"Feature","geometry":{"type":"MultiPolygon","coordinates":[[[[6.3837,46.3416],[6.3609,46.3479],[6.3435,46.3701],[6.3035,46.366],[6.2778,46.3504],[6.2353,46.2891],[6.1991,46.264],[6.1938,46.2384],[6.1722,46.2119],[6.1478,46.2067],[6.1714,46.2958],[6.2482,46.3861],[6.2589,46.3925],[6.2741,46.3901],[6.2913,46.4227],[6.3469,46.4609],[6.3848,46.4643],[6.3994,46.4587],[6.4486,46.4736],[6.5111,46.5159],[6.5588,46.5072],[6.592,46.5177],[6.6894,46.5002],[6.7209,46.4856],[6.7427,46.4886],[6.7461,46.4871],[6.7691,46.4926],[6.7765,46.4734],[6.832,46.4668],[6.8579,46.4495],[6.9009,46.4397],[6.9309,46.4084],[6.9187,46.3952],[6.8605,46.3957],[6.8579,46.3882],[6.8639,46.3875],[6.8644,46.3955],[6.8665,46.3956],[6.8724,46.3934],[6.8784,46.3942],[7.0332,46.1837],[7.2213,46.3274],[7.5001,46.3728],[7.547,46.3874],[7.5467,46.3879],[7.535,46.4087],[7.6102,46.4432],[7.6942,46.426],[7.705,46.3805],[7.709,46.3639],[7.7517,46.3629],[7.7503,46.3212],[7.9066,46.3018],[7.9995,46.3232],[8.065,46.3639],[8.1764,46.4331],[8.1764,46.4707],[8.2732,46.4181],[8.3745,46.4708],[8.3816,46.2843],[8.6219,46.1207],[8.6366,46.1173],[8.7617,46.0888],[8.7176,46.007],[8.8907,45.8662],[9.0189,45.9344],[9.027,46.1752],[9.2183,46.348],[9.2101,46.4981],[9.3768,46.5345],[9.441,46.3752],[9.5449,46.3116],[9.642,46.3252],[9.6737,46.3798],[9.885,46.4025],[9.9945,46.2525],[10.0971,46.4389],[9.9874,46.4981],[10.0237,46.6209],[10.1512,46.6619],[10.2303,46.5893],[10.3721,46.5663],[10.3892,46.6528],[10.3387,46.7483],[10.3957,46.8874],[10.4086,46.9645],[10.3118,47.017],[10.0515,46.8677],[9.8042,46.9769],[9.8006,47.0417],[9.5208,47.0694],[9.5608,47.1559],[9.4646,47.2855],[9.5843,47.4091],[9.5393,47.4872],[9.5299,47.4814],[9.4819,47.4817],[9.4662,47.4963],[9.4358,47.5065],[9.4374,47.5189],[9.3868,47.5443],[9.3824,47.5712],[9.3001,47.6107],[9.1912,47.648],[9.1779,47.6643],[9.0963,47.666],[9.0902,47.673],[9.0657,47.6742],[8.9835,47.67],[8.961,47.6568],[8.9065,47.6447],[8.8598,47.6572],[8.8942,47.652],[8.9357,47.659],[8.9835,47.6796],[8.8154,47.681],[8.748,47.7212],[8.6586,47.715],[8.6351,47.7786],[8.332,47.6933],[8.4123,47.6037],[8.2531,47.5944],[8.128,47.6439],[7.8727,47.5728],[7.751,47.6161],[7.6284,47.5635],[7.5066,47.6037],[7.3334,47.4647],[7.1209,47.4678],[7.1229,47.511],[6.9219,47.5141],[6.8808,47.4576],[6.823,47.3782],[6.892,47.3658],[6.9442,47.3257],[6.8663,47.3102],[6.6287,47.088],[6.6233,47.054],[6.3643,46.946],[6.3815,46.8041],[6.0584,46.6161],[6.0186,46.4835],[6.0546,46.4219],[6.049,46.2772],[5.9415,46.1755],[6.1079,46.1255],[6.3837,46.3416]]],[[[6.8092,46.3891],[6.8091,46.3937],[6.8074,46.394],[6.8092,46.3891]]],[[[6.8553,46.2704],[6.8637,46.2923],[6.8393,46.3118],[6.8553,46.2704]]],[[[7.0405,45.9301],[6.9391,46.0068],[6.9553,45.9389],[7.0405,45.9301]]],[[[7.7899,45.927],[7.8071,45.937],[7.5769,45.9911],[7.5649,45.987],[7.7899,45.927]]],[[[9.2161,47.671],[9.1986,47.6779],[9.1181,47.6785],[9.1243,47.6707],[9.2179,47.6663],[9.2161,47.671]]]]},"properties":{"NAME":"Swiss Confederation","SUBJECTO":"Swiss Confederation","PARTOF":"Swiss Confederation","BORDERPRECISION":3,"LINK":null}},
{"type":"Feature","geometry":{"type":"Polygon","coordinates":[[[3.775,51.3877],[3.6813,51.3214],[3.472,51.3144],[3.2136,51.3536],[2.9953,51.3135],[2.5221,51.0911],[2.4426,51.048],[2.0303,51.0067],[1.8236,50.9346],[1.7962,50.9214],[1.8255,50.2427],[1.9866,50.2197],[1.9866,50.0816],[2.1477,50.0586],[2.4009,50.1967],[2.6771,50.1506],[2.9073,49.9435],[3.4827,49.9205],[3.8203,50.0394],[4.2552,49.8872],[5.3611,49.6968],[5.9093,49.2009],[6.1256,49.4052],[6.4514,49.3871],[6.4514,49.1262],[6.7993,49.1044],[7.0602,49.9525],[6.6471,49.9307],[6.4079,50.2569],[6.7558,51.605],[6.3814,51.8199],[6.2114,51.8799],[6.1327,51.8384],[5.9794,51.8035],[5.9479,51.7217],[6.1169,51.6399],[6.1538,51.5207],[6.2223,51.3891],[6.1796,51.3223],[6.0892,51.1985],[6.1762,51.1441],[6.0702,51.0842],[5.9642,51.0243],[5.9279,50.9808],[6.0097,50.9645],[6.0739,50.8666],[5.9996,50.7416],[5.6971,50.7307],[5.6968,50.8829],[5.7742,50.9264],[5.8239,51.1168],[5.4844,51.2856],[5.2437,51.2366],[5.1125,51.4055],[5.0101,51.4327],[4.9321,51.3782],[4.7914,51.4872],[4.6711,51.4055],[4.5331,51.4055],[4.3954,51.4109],[4.4067,51.3401],[4.173,51.3249],[3.9895,51.3437],[3.775,51.3877]]]},"properties":{"NAME":"Luxembourg","SUBJECTO":"Luxembourg","PARTOF":"Luxembourg","BORDERPRECISION":3,"LINK":null}},
{"type":"Feature","geometry":{"type":"Polygon","coordinates":[[[12.3778,44.7315],[12.476,44.7871],[12.5231,44.8828],[12.409,44.989],[12.3221,45.0424],[12.3125,45.1783],[12.1762,45.2143],[12.1804,45.2703],[12.2514,45.2903],[12.2797,45.4023],[12.4832,45.4623],[12.4482,45.3943],[12.8987,45.5584],[13.1046,45.5824],[13.1562,45.7265],[13.3677,45.6945],[13.5004,45.94],[13.6063,46.1321],[13.6211,46.4209],[13.7251,46.6464],[13.7091,46.8391],[13.5807,46.8391],[13.5208,46.9886],[13.5164,46.9996],[13.2917,47.0638],[12.6977,46.9514],[12.4072,46.9641],[12.3284,46.9675],[12.2178,46.8843],[12.0748,46.9275],[11.7397,46.7517],[11.9084,46.4141],[11.5709,46.2454],[11.5709,45.9754],[11.3346,46.0091],[11.2334,46.0091],[11.1659,45.7391],[10.9296,45.8403],[10.7946,45.6378],[10.6596,45.8066],[10.5246,45.7391],[10.4571,46.2116],[10.5583,46.3129],[10.5583,46.7179],[10.3957,46.8874],[10.3387,46.7483],[10.3892,46.6528],[10.3721,46.5663],[10.2303,46.5893],[10.1512,46.6619],[10.0237,46.6209],[9.9874,46.4981],[10.0971,46.4389],[9.9945,46.2525],[9.885,46.4025],[9.6737,46.3798],[9.642,46.3252],[9.5449,46.3116],[9.5817,45.893],[9.6951,45.7796],[9.5061,45.5148],[9.8464,45.7039],[9.9221,45.6661],[9.9977,45.4014],[10.3767,45.3744],[10.675,45.3531],[10.8244,45.3531],[10.8561,45.0507],[11.1698,45.0672],[11.2395,45.0709],[11.6048,44.9048],[11.7709,45.0709],[11.8871,45.0875],[11.9701,45.0376],[12.0531,45.021],[12.0365,45.1373],[12.1362,45.1041],[12.3778,44.7315]]]},"properties":{"NAME":"Venice","SUBJECTO":"Venice","PARTOF":"Venice","BORDERPRECISION":3,"LINK":null}},
{"type":"Feature","geometry":{"type":"Polygon","coordinates":[[[-46.3577,-3.1937],[-45.1098,-4.5549],[-44.2023,-4.8952],[-41.7066,-4.328],[-40.0051,-4.5549],[-38.0766,-6.2565],[-36.375,-6.9372],[-36.1481,-7.6178],[-37.8497,-9.8866],[-40.6857,-12.6091],[-40.5723,-15.4451],[-41.1395,-19.5289],[-42.6142,-21.4574],[-48.9668,-23.2724],[-50.1793,-24.6376],[-50.0544,-27.7604],[-48.8522,-28.563],[-48.7284,-28.3671],[-48.6391,-28.0873],[-48.5894,-27.8204],[-48.5639,-27.6806],[-48.5863,-27.2105],[-48.6026,-26.6769],[-48.7754,-26.385],[-48.7375,-26.3151],[-48.6106,-26.2449],[-48.5662,-26.1178],[-48.5162,-25.8763],[-48.5703,-25.635],[-48.7218,-25.5336],[-48.7245,-25.4256],[-48.5995,-25.4317],[-48.3444,-25.3994],[-48.1255,-25.2909],[-47.8862,-24.9855],[-47.6091,-24.788],[-47.2829,-24.6157],[-47.0451,-24.4373],[-46.2062,-23.8828],[-45.9529,-23.7679],[-45.7953,-23.7358],[-45.4592,-23.8558],[-45.3644,-23.6968],[-45.1482,-23.493],[-44.7901,-23.3525],[-44.6575,-23.2633],[-44.5613,-22.9899],[-44.23,-22.9892],[-43.8152,-22.9565],[-43.6058,-23.0069],[-43.2619,-23.0316],[-42.9674,-23.031],[-42.5271,-22.9538],[-42.1384,-22.972],[-41.9578,-22.9208],[-41.9673,-22.7556],[-41.9292,-22.5459],[-41.7696,-22.3804],[-41.5249,-22.2528],[-40.9835,-22.0864],[-41.0481,-21.6609],[-41.0234,-21.521],[-40.9328,-21.2794],[-40.4783,-20.6494],[-40.1398,-19.9752],[-39.8355,-19.7014],[-39.739,-19.5741],[-39.6913,-19.4088],[-39.8014,-18.7483],[-39.7835,-18.583],[-39.6661,-18.227],[-39.4842,-17.9978],[-39.1425,-17.7747],[-39.1621,-17.7366],[-39.225,-17.4445],[-39.2077,-17.1458],[-38.9482,-16.0016],[-38.9832,-15.5569],[-39.1262,-14.3245],[-39.0918,-14.0512],[-39.0697,-13.7208],[-38.8279,-12.9832],[-38.7989,-12.6273],[-38.6338,-12.6651],[-38.5088,-12.7983],[-38.4731,-12.9888],[-38.3859,-12.9823],[-38.2661,-12.8867],[-37.9063,-12.3903],[-37.6366,-11.9513],[-37.4097,-11.4679],[-37.4043,-11.309],[-37.3621,-11.131],[-37.1865,-10.8447],[-37.0269,-10.8253],[-36.8289,-10.7359],[-36.2046,-10.1563],[-35.5986,-9.6276],[-35.3656,-9.2459],[-35.1142,-8.6607],[-35.005,-8.2792],[-34.9246,-7.8724],[-34.8907,-7.6118],[-34.9184,-7.167],[-35.0391,-6.6526],[-35.3057,-5.7509],[-35.3449,-5.4777],[-35.4644,-5.2683],[-35.6648,-5.1797],[-36.0749,-5.1616],[-36.6359,-5.1183],[-36.9661,-5.0428],[-37.1806,-4.9543],[-37.3651,-4.8022],[-37.7348,-4.5297],[-38.0684,-4.2318],[-38.7864,-3.6043],[-39.0501,-3.4078],[-39.3929,-3.1925],[-39.7218,-3.009],[-40.2309,-2.8512],[-40.418,-2.858],[-40.6777,-2.9348],[-40.8936,-2.948],[-41.1025,-2.9738],[-41.6056,-2.9368],[-42.1083,-2.8616],[-42.3165,-2.8176],[-42.7245,-2.6215],[-43.0681,-2.4507],[-43.2332,-2.4193],[-43.334,-2.4322],[-43.7819,-2.6365],[-44.0559,-2.707],[-44.2221,-2.7772],[-44.5934,-3.1466],[-44.6703,-2.9689],[-44.711,-2.7592],[-44.6587,-2.5685],[-44.5203,-2.3839],[-44.4617,-2.2694],[-44.5538,-2.0917],[-44.7959,-1.7364],[-44.9319,-1.6223],[-45.0756,-1.6035],[-45.2563,-1.7628],[-45.3354,-1.7693],[-45.3713,-1.7567],[-46.3577,-3.1937]]]},"properties":{"NAME":"Portuguese Brazil","SUBJECTO":"Portugal","PARTOF":"Portuguese Brazil","BORDERPRECISION":3,"LINK":null}},
{"type":"Feature","geometry":{"type":"Polygon","coordinates":[[[-71.4368,12.4223],[-71.6979,12.4281],[-71.9089,12.3513],[-72.0588,12.2366],[-72.1838,11.9885],[-72.3797,11.8101],[-72.7614,11.6949],[-72.9753,11.5609],[-73.0822,11.4463],[-73.3623,11.325],[-73.6154,11.3244],[-74,11.3426],[-74.1201,11.3996],[-74.2189,11.3676],[-74.3085,11.1195],[-74.3228,10.9225],[-74.449,10.7697],[-74.5482,10.9689],[-74.7163,11.0615],[-74.7669,11.0613],[-75.0335,10.9527],[-75.2264,10.8252],[-75.4504,10.6277],[-75.5433,10.4114],[-75.5733,10.119],[-75.6516,9.7693],[-75.6049,9.5978],[-75.7027,9.426],[-76.0104,9.3808],[-76.1577,9.3106],[-76.3834,8.9796],[-76.5631,8.8458],[-76.7635,8.6928],[-76.8425,8.5592],[-76.8515,8.4638],[-76.7023,8.1146],[-76.7685,8.0064],[-76.8582,7.93],[-76.9639,8.0187],[-77.063,8.2473],[-77.2417,8.4757],[-77.4308,8.6278],[-77.4947,8.6615],[-77.6775,8.961],[-77.9672,9.2146],[-78.2665,9.3855],[-78.6118,9.4801],[-78.9667,9.4726],[-78.9984,9.5429],[-79.3325,9.5739],[-79.5004,9.6384],[-80.1243,9.2239],[-80.3557,9.2031],[-80.9625,8.8649],[-81.1684,8.8278],[-81.495,8.8647],[-81.674,9.0581],[-81.7836,8.966],[-82.0664,8.977],[-82.2296,9.0465],[-82.2384,9.2147],[-82.326,9.4449],[-82.5599,9.5831],[-82.593,9.5278],[-82.8078,9.6107],[-82.9066,9.5186],[-82.9126,9.3744],[-82.9126,9.1134],[-82.6843,8.9752],[-82.8627,8.8094],[-82.8067,8.5699],[-82.975,8.4041],[-82.8656,8.3212],[-82.9575,8.0472],[-82.7951,8.2699],[-82.6539,8.3211],[-82.3844,8.3212],[-82.1894,8.2015],[-81.7574,8.1462],[-81.6643,8.1646],[-81.5621,7.8238],[-81.1969,7.6396],[-81.1173,7.9431],[-81.0074,7.7844],[-80.8505,7.4094],[-80.899,7.3357],[-80.8138,7.2701],[-80.6614,7.2513],[-80.4058,7.2988],[-80.2118,7.4747],[-80.1027,7.4559],[-79.9763,7.4923],[-79.9712,7.5579],[-80.0513,7.7317],[-80.2601,7.9252],[-80.4026,8.059],[-80.4246,8.1924],[-80.2694,8.3771],[-80.1187,8.3901],[-79.9504,8.4731],[-79.7121,8.616],[-79.7487,8.7214],[-79.7169,8.8831],[-79.5449,8.9316],[-79.3206,9.0401],[-79.0676,9.0343],[-78.8624,8.9476],[-78.8032,8.8278],[-78.7535,8.8739],[-78.652,8.7449],[-78.5924,8.8129],[-78.5055,8.6859],[-78.4912,8.5652],[-78.3815,8.3949],[-78.1837,8.4133],[-78.0448,8.5515],[-78.0019,8.3397],[-77.9456,8.266],[-77.7942,8.1793],[-78.1478,8.2355],[-78.2466,8.1971],[-78.3271,8.0889],[-78.2655,7.8857],[-78.0669,7.5429],[-77.8967,7.1718],[-77.7328,6.9938],[-77.4002,6.6704],[-77.3222,6.5435],[-77.3385,6.4291],[-77.4471,6.2827],[-77.4935,6.1936],[-77.4746,6.092],[-77.2203,5.8764],[-77.1805,5.7875],[-77.2413,5.6921],[-77.4619,5.6281],[-77.5004,5.5136],[-77.3337,5.1263],[-77.2666,4.7388],[-77.3067,4.5035],[-77.4445,4.1791],[-77.4125,4.0966],[-77.1608,3.9128],[-77.106,3.7922],[-77.3991,3.3149],[-77.6018,2.8823],[-77.8021,2.5769],[-77.9865,2.4748],[-78.0733,2.4937],[-78.4682,2.4674],[-78.6095,2.3654],[-78.6483,2.1747],[-78.4918,1.9208],[-78.5753,1.7745],[-78.7848,1.8249],[-79.0139,1.7735],[-79.0625,1.6781],[-78.9811,1.5512],[-78.9285,1.4115],[-78.9435,1.3808],[-78.9843,1.297],[-79.1976,1.1249],[-79.376,1.0165],[-79.7769,0.8631],[-80.0856,0.818],[-80.1349,0.7162],[-80.0982,0.6337],[-80.0462,0.4304],[-80.109,0.049],[-80.1798,-0.017],[-80.4031,-0.2249],[-80.4822,-0.3839],[-80.4823,-0.4856],[-80.3388,-0.6632],[-80.6632,-0.8672],[-80.8794,-0.9567],[-80.9661,-1.0331],[-80.803,-1.3251],[-80.7539,-1.452],[-80.8138,-1.6619],[-80.8163,-1.8589],[-80.7412,-2.1192],[-80.7862,-2.2273],[-80.961,-2.3548],[-80.7776,-2.5387],[-80.5073,-2.6843],[-80.3573,-2.7284],[-80.0279,-2.4481],[-79.813,-2.1705],[-79.839,-2.346],[-79.7448,-2.6763],[-79.7618,-2.797],[-80.0252,-3.2742],[-80.1442,-3.4142],[-80.2289,-3.4712],[-80.3716,-3.5672],[-80.5829,-3.6566],[-81.0418,-4.0516],[-81.3036,-4.3317],[-81.4133,-4.5671],[-81.4176,-4.6751],[-81.3015,-4.9989],[-81.1429,-5.1955],[-80.8762,-5.5889],[-80.8234,-5.7159],[-80.8881,-5.9003],[-81.1623,-5.9136],[-81.2436,-5.9646],[-81.297,-6.0409],[-81.0227,-6.2056],[-80.6116,-6.3699],[-80.274,-6.5661],[-80.0659,-6.7563],[-79.7971,-7.1941],[-79.6746,-7.3527],[-79.0602,-8.2155],[-78.7509,-8.7867],[-78.3021,-9.6689],[-77.7587,-10.6589],[-77.6916,-10.8367],[-77.6825,-11.0146],[-77.7072,-11.256],[-77.6739,-11.2941],[-77.4639,-11.389],[-77.3355,-11.5094],[-76.7106,-12.7597],[-76.3592,-13.2291],[-76.238,-13.502],[-76.2382,-13.9086],[-76.2418,-14.1056],[-76.0526,-14.4101],[-75.7853,-14.7272],[-75.2309,-15.2216],[-74.6214,-15.665],[-74.0496,-16.045],[-73.6726,-16.1967],[-73.283,-16.3674],[-72.9801,-16.5319],[-72.5872,-16.7407],[-72.3099,-16.8798],[-72.09,-16.9938],[-71.8632,-17.1203],[-71.6119,-17.2215],[-71.4702,-17.3927],[-71.3652,-17.6974],[-71.224,-17.8051],[-70.5841,-18.0833],[-70.4539,-18.2228],[-70.3636,-18.455],[-70.296,-18.629],[-70.2085,-19.0672],[-70.1898,-19.7596],[-70.1124,-20.6934],[-70.1106,-21.7479],[-70.1923,-22.161],[-70.2011,-22.2175],[-70.2339,-22.428],[-70.2302,-22.7964],[-70.292,-22.9871],[-70.4731,-23.0764],[-70.5732,-23.1656],[-70.5527,-23.3434],[-70.5796,-23.4896],[-70.4152,-23.5274],[-70.3595,-23.6607],[-70.4628,-23.9341],[-70.4528,-24.347],[-70.5194,-24.4551],[-70.4977,-24.8298],[-70.3981,-25.2489],[-70.4932,-25.4714],[-70.683,-25.7704],[-70.6546,-26.2595],[-70.6913,-26.5137],[-70.748,-26.8759],[-70.849,-27.2807],[-70.8574,-27.3144],[-70.9346,-27.7274],[-71.142,-27.9946],[-71.199,-28.245],[-71.2972,-28.6683],[-71.4301,-29.1005],[-71.3862,-29.2846],[-71.2336,-29.5193],[-71.2367,-29.8496],[-71.3295,-30.1039],[-71.4961,-30.3456],[-71.6816,-30.6],[-71.6954,-30.8541],[-71.6515,-31.2414],[-71.5198,-32.1812],[-71.4454,-32.543],[-71.4034,-32.6446],[-71.4161,-32.7526],[-71.5086,-32.9052],[-71.7134,-33.1088],[-71.7504,-33.1915],[-71.6099,-33.5723],[-71.6157,-33.7057],[-71.7386,-33.8774],[-71.8228,-33.9347],[-71.9627,-34.2462],[-72.0761,-34.6719],[-72.1666,-34.9579],[-72.33,-35.2826],[-72.6288,-35.6459],[-72.7096,-35.9388],[-72.8464,-36.3592],[-72.96,-36.5759],[-73.1442,-37.1558],[-73.1879,-37.2196],[-73.2779,-37.2835],[-73.3597,-37.3219],[-73.5841,-37.2777],[-73.6903,-37.3671],[-73.6725,-37.5009],[-73.435,-37.9018],[-73.4007,-38.0993],[-73.4404,-38.3543],[-73.4412,-38.6284],[-73.1963,-39.4187],[-73.1938,-39.5654],[-73.4343,-39.9104],[-73.7594,-40.2434],[-73.8208,-40.4291],[-73.9052,-40.839],[-73.8453,-41.1528],[-73.6656,-41.4794],[-73.5936,-41.6972],[-73.4636,-41.7868],[-73.4242,-41.7867],[-73.1777,-41.7606],[-72.9634,-41.5741],[-72.8909,-41.5291],[-72.7675,-41.5353],[-72.5872,-41.6183],[-71.8048,-41.5737],[-71.8602,-40.7482],[-71.8155,-40.5817],[-71.7987,-40.553],[-71.6733,-40.3379],[-71.5513,-39.7584],[-71.4434,-39.2459],[-71.4195,-39.1056],[-71.3628,-39.0288],[-70.9349,-38.7907],[-70.8441,-38.7265],[-71.0408,-38.3072],[-71.1526,-37.8112],[-71.1588,-37.2892],[-71.1491,-37.2156],[-71.0951,-36.8052],[-70.9912,-36.6647],[-70.3907,-36.1651],[-70.3558,-36.0186],[-70.4409,-35.5421],[-70.4804,-35.358],[-70.3368,-35.0902],[-69.8493,-34.2559],[-69.8155,-34.0717],[-69.0412,-32.3822],[-67.7921,-31.6328],[-67.5344,-31.6177],[-67.3653,-31.6078],[-66.4364,-31.5535],[-61.4451,-32.3476],[-58.836,-32.3476],[-58.6091,-31.2132],[-59.1763,-30.646],[-59.0315,-29.777],[-58.7226,-27.9234],[-53.8018,-28.0103],[-53.1772,-27.5106],[-53.6769,-26.3864],[-53.3021,-23.5134],[-52.053,-21.8895],[-52.053,-19.2663],[-53.6769,-18.5169],[-55.0509,-19.5162],[-56.1751,-19.5162],[-58.4236,-17.3926],[-60.7969,-16.2684],[-61.6713,-17.3926],[-60.7969,-19.1414],[-61.0467,-20.1407],[-61.0467,-26.0117],[-65.7935,-27.011],[-67.5439,-26.3932],[-67.917,-26.2615],[-67.6672,-23.7632],[-67.917,-22.0144],[-66.5429,-19.766],[-66.5429,-18.267],[-66.6935,-17.206],[-67.0036,-15.7854],[-69.2724,-15.2182],[-69.6019,-14.2298],[-70.5202,-13.7435],[-74.2876,-12.6459],[-77.8852,-6.9773],[-76.6559,-6.9773],[-74.3204,-7.9607],[-73.2141,-6.7315],[-70.8785,-6.3627],[-69.9607,-6.1791],[-69.6493,-6.1169],[-69.2805,-4.5189],[-69.7861,-3.9771],[-71.0014,-2.675],[-76.0413,-2.7979],[-76.415,-1.6343],[-76.3057,2.138],[-74.9444,5.8815],[-72.7231,6.6746],[-73.127,8.829],[-72.7231,10.9834],[-71.4368,12.4223]],[[-77.2535,-2.7591],[-77.8999,-3.1125],[-78.3923,-2.9128],[-78.5616,-2.1287],[-77.8537,-1.6672],[-77.2535,-2.0979],[-77.2535,-2.7591]]]},"properties":{"NAME":"Vice Royalty of Peru","SUBJECTO":"Spanish Habsburg","PARTOF":"Vice Royalty of Peru","BORDERPRECISION":3,"LINK":null}},
{"type":"Feature","geometry":{"type":"Polygon","coordinates":[[[-59.8344,8.4402],[-59.9729,6.0951],[-59.6301,5.4277],[-58.836,5.2009],[-57.5882,5.4277],[-57.2332,6.1294],[-57.4137,6.3514],[-57.7322,6.5986],[-57.9603,6.7315],[-58.0057,6.7886],[-58.2753,6.8707],[-58.3746,6.826],[-58.5085,6.559],[-58.5751,6.9844],[-58.5589,7.3149],[-58.6166,7.4991],[-58.8811,7.7972],[-59.1938,8.0317],[-59.4043,8.1597],[-59.5789,8.266],[-59.802,8.418],[-59.8344,8.4402]]]},"properties":{"NAME":"Essequibo","SUBJECTO":"Essequibo","PARTOF":"Essequibo","BORDERPRECISION":3,"LINK":null}},
{"type":"Feature","geometry":{"type":"Polygon","coordinates":[[[-55.6581,5.9866],[-55.8098,5.999],[-55.8734,5.9607],[-55.9108,5.7763],[-55.6254,5.1666],[-55.1242,5.0347],[-54.5701,5.2193],[-54.2862,5.8815],[-54.5697,5.9635],[-54.8948,5.9946],[-55.2834,5.9811],[-55.6581,5.9866]]]},"properties":{"NAME":"Surinam","SUBJECTO":"Surinam","PARTOF":"Surinam","BORDERPRECISION":3,"LINK":null}},
{"type":"Feature","geometry":{"type":"Polygon","coordinates":[[[-53.0267,5.4267],[-53.2268,5.4982],[-53.1983,4.7708],[-52.7235,4.507],[-52.2239,4.7996],[-52.4216,4.9692],[-52.6669,5.1796],[-53.0267,5.4267]]]},"properties":{"NAME":"Cayenne","SUBJECTO":"Cayenne","PARTOF":"Cayenne","BORDERPRECISION":3,"LINK":null}},
{"type":"Feature","geometry":{"type":"Polygon","coordinates":[[[-74.4056,39.6138],[-74.6513,40.2133],[-75.0698,40.3993],[-77.7203,39.1438],[-76.9419,37.2864],[-76.8523,37.3583],[-76.6388,37.2693],[-76.4173,37.0291],[-76.2831,37.0558],[-76.2909,37.1952],[-76.3771,37.2901],[-76.4591,37.2782],[-76.5982,37.3494],[-76.7868,37.5629],[-76.7766,37.5748],[-76.4815,37.3227],[-76.3841,37.3316],[-76.431,37.4265],[-76.3992,37.4591],[-76.2585,37.3731],[-76.2433,37.4858],[-76.2705,37.5125],[-76.2504,37.5481],[-76.3956,37.5837],[-76.2843,37.6252],[-76.5661,37.7023],[-76.885,38.0672],[-76.4162,37.7053],[-76.3142,37.732],[-76.2152,37.9426],[-76.2864,38.0019],[-76.5356,38.0761],[-76.5143,38.1177],[-76.9435,38.2512],[-77.0344,38.3639],[-77.2401,38.3847],[-77.3318,38.4886],[-77.2464,38.6993],[-77.0537,38.7349],[-77.2459,38.5895],[-77.2525,38.4589],[-77.104,38.4767],[-76.8605,38.3313],[-76.8903,38.4441],[-76.8205,38.4203],[-76.7675,38.2927],[-76.6079,38.2898],[-76.324,38.1088],[-76.3835,38.3372],[-76.5731,38.4441],[-76.6517,38.542],[-76.6633,38.634],[-76.6181,38.539],[-76.4083,38.3966],[-76.3838,38.4589],[-76.5063,38.6785],[-76.5379,38.7854],[-76.4055,39.0852],[-76.5866,39.3109],[-76.3852,39.2752],[-76.3389,39.4623],[-76.2952,39.4326],[-76.2724,39.3613],[-76.236,39.3999],[-76.2591,39.5009],[-76.2172,39.5247],[-76.2014,39.4237],[-76.0595,39.5098],[-76.109,39.5455],[-76.066,39.6049],[-75.9401,39.6464],[-76.0057,39.4623],[-75.8581,39.4356],[-76.1515,39.3673],[-76.2601,39.201],[-76.1887,39.1743],[-76.0626,39.1951],[-76.1495,39.0674],[-76.301,39.0763],[-76.3439,39.0258],[-76.3146,38.9754],[-76.1556,38.9457],[-76.1117,38.8448],[-76.1706,38.818],[-76.2651,38.8893],[-76.3052,38.8804],[-76.3535,38.7349],[-76.321,38.7349],[-76.2793,38.8091],[-76.0076,38.6667],[-76.0053,38.6399],[-76.1663,38.6162],[-76.3261,38.539],[-76.2227,38.361],[-76.1519,38.3847],[-76.0435,38.2927],[-75.8459,38.4263],[-75.8114,38.2779],[-75.9203,38.2601],[-75.9259,38.174],[-75.8465,38.1325],[-75.7484,38.1503],[-75.85,37.9782],[-75.6817,38.0316],[-75.64,38.0049],[-75.6675,37.8981],[-75.7784,37.8447],[-75.8661,37.7142],[-76.0199,37.3257],[-75.9581,37.207],[-75.8566,37.2248],[-75.8685,37.2812],[-75.7001,37.6074],[-75.652,37.5511],[-75.5934,37.6104],[-75.6087,37.6341],[-75.4308,37.993],[-75.2115,38.2927],[-75.1554,38.2868],[-75.0874,38.3907],[-75.0421,38.4975],[-75.0887,38.8418],[-75.2149,38.8715],[-75.3888,39.1327],[-75.4038,39.293],[-75.6238,39.6732],[-75.461,39.8395],[-75.3395,39.893],[-75.4073,39.7831],[-75.5491,39.6672],[-75.4011,39.4237],[-75.3344,39.3999],[-75.1332,39.2455],[-74.94,39.2515],[-74.8892,39.1713],[-74.969,39.0318],[-74.9353,38.9783],[-74.8601,38.9902],[-74.7285,39.1268],[-74.5206,39.3524],[-74.4139,39.4178],[-74.3862,39.5009],[-74.4056,39.6138]]]},"properties":{"NAME":"Virginia","SUBJECTO":"England","PARTOF":"Virginia","BORDERPRECISION":3,"LINK":null}},
{"type":"Feature","geometry":{"type":"Polygon","coordinates":[[[-73.3865,41.1386],[-72.8544,41.2937],[-72.0922,41.3654],[-71.4492,41.4251],[-71.4098,41.7236],[-71.373,41.8371],[-71.3036,41.7714],[-71.1044,41.8252],[-71.1936,41.6758],[-71.1732,41.5265],[-71.0409,41.5445],[-70.9671,41.5624],[-70.8955,41.6818],[-70.8479,41.634],[-70.8346,41.6758],[-70.7608,41.6938],[-70.7116,41.7953],[-70.6562,41.7654],[-70.6416,41.5922],[-69.922,41.7236],[-69.9358,41.9148],[-70.0341,42.0761],[-70.1378,42.1359],[-70.226,42.1359],[-70.2218,42.106],[-70.1782,42.088],[-70.0641,41.9626],[-70.0008,41.9506],[-69.991,41.867],[-70.3021,41.7594],[-70.4816,41.8072],[-70.5062,41.9865],[-70.7759,42.3032],[-70.9026,42.3451],[-71.0544,42.357],[-71.0238,42.4288],[-70.8475,42.5603],[-70.8715,42.6022],[-70.6252,42.6501],[-70.5702,42.7159],[-70.6463,42.7218],[-70.6837,42.686],[-70.7594,42.7099],[-70.7902,42.8056],[-70.8681,42.8714],[-70.6863,43.0989],[-70.5363,43.4042],[-70.3782,43.4521],[-70.3059,43.6199],[-70.1873,43.6378],[-70.2165,43.7996],[-69.922,43.9135],[-69.9693,43.8116],[-69.8261,43.7517],[-69.6797,43.8835],[-69.7537,43.9554],[-69.6075,44.0694],[-69.6623,43.9315],[-69.5066,43.8955],[-69.3945,44.0933],[-69.2489,43.9914],[-69.0947,44.1413],[-68.9455,44.3932],[-68.7817,44.6272],[-70.0699,44.694],[-70.9936,44.3073],[-71.681,42.4599],[-72.1321,42.3739],[-72.5588,42.4452],[-73.3865,41.1386]]]},"properties":{"NAME":"Massachusetts Bay","SUBJECTO":"England","PARTOF":"Massachusetts Bay","BORDERPRECISION":3,"LINK":null}},
{"type":"Feature","geometry":{"type":"Polygon","coordinates":[[[-70.4108,47.5567],[-70.1923,47.8115],[-69.8017,48.1908],[-73.4487,47.0639],[-73.6833,45.6567],[-71.6311,46.0085],[-69.5202,46.3017],[-69.2539,48.1201],[-69.7475,47.7667],[-70.2241,47.342],[-70.5337,47.1265],[-70.7023,47.0675],[-71.0392,46.7359],[-70.8061,47.1715],[-70.5988,47.4325],[-70.4108,47.5567]]]},"properties":{"NAME":"New France","SUBJECTO":"France","PARTOF":"New France","BORDERPRECISION":3,"LINK":null}},
{"type":"Feature","geometry":{"type":"MultiPolygon","coordinates":[[[[-158.4663,21.5706],[-158.4344,21.452],[-158.2976,21.2765],[-158.1517,21.2993],[-158.0719,21.297],[-158.0218,21.2377],[-157.8964,21.2514],[-157.8416,21.2902],[-157.9465,21.4156],[-158.0468,21.4589],[-158.0947,21.5911],[-158.1791,21.6891],[-158.3136,21.5752],[-158.4663,21.5706]]],[[[-156.78,21.0432],[-156.8225,20.9399],[-156.615,20.7952],[-156.5764,20.6351],[-156.5067,20.5989],[-156.253,20.6299],[-156.1209,20.7126],[-156.1185,20.7901],[-156.3959,20.9502],[-156.5508,20.9747],[-156.7157,21.0691],[-156.78,21.0432]]],[[[-155.0599,19.4196],[-154.9477,19.4829],[-154.92,19.5552],[-155.0576,19.6224],[-155.1115,19.7515],[-155.2185,19.7722],[-155.2117,19.8962],[-155.4788,20.0874],[-155.7722,20.2129],[-155.9313,20.2837],[-156.0091,20.2631],[-156.0324,20.1959],[-155.9624,20.0789],[-155.9466,19.9892],[-156.1633,19.8084],[-156.0542,19.5035],[-156.0342,19.1057],[-155.7828,18.9455],[-155.6501,19.1367],[-155.482,19.24],[-155.1372,19.3279],[-155.0599,19.4196]]]]},"properties":{"NAME":"Polynesians","SUBJECTO":"Polynesians","PARTOF":"Polynesians","BORDERPRECISION":3,"LINK":null}},
{"type":"Feature","geometry":{"type":"Polygon","coordinates":[[[3.9495,6.5794],[5.3376,8.724],[4.6434,9.8117],[4.0398,10.2651],[2.8232,10.184],[2.4176,9.0485],[2.6168,6.3414],[2.7668,6.3481],[3.0634,6.3614],[3.4136,6.379],[3.4597,6.3813],[3.611,6.4134],[3.7189,6.5471],[3.9495,6.5794]]]},"properties":{"NAME":"Oyo","SUBJECTO":"Oyo","PARTOF":"Oyo","BORDERPRECISION":3,"LINK":null}},
{"type":"Feature","geometry":{"type":"Polygon","coordinates":[[[3.9495,6.5794],[4.0721,6.4398],[4.3603,6.3261],[4.6341,6.2123],[4.8863,6.0031],[5.0952,5.7558],[5.1529,5.6415],[5.3834,5.6102],[6.8997,6.1278],[7.3654,6.9396],[7.3654,7.9129],[6.8788,8.6429],[5.3376,8.724],[3.9495,6.5794]]]},"properties":{"NAME":"Benin","SUBJECTO":"Benin","PARTOF":"Benin","BORDERPRECISION":3,"LINK":null}},
{"type":"Feature","geometry":{"type":"Polygon","coordinates":[[[1.1764,6.0841],[0.552,8.2373],[-0.0158,8.6429],[-0.7458,8.4807],[-1.8813,7.9129],[-2.4491,7.0207],[-2.2869,6.2095],[-1.7191,5.9662],[-0.5024,5.9662],[-0.3007,5.478],[-0.2037,5.5286],[-0.1189,5.5729],[0.0898,5.656],[0.5361,5.7205],[0.8026,5.7147],[0.9394,5.7595],[1.1657,6.0663],[1.1764,6.0841]]]},"properties":{"NAME":"Akan","SUBJECTO":"Akan","PARTOF":"Akan","BORDERPRECISION":3,"LINK":null}},
{"type":"Feature","geometry":{"type":"Polygon","coordinates":[[[1.2009,15.6185],[0.0653,20.0797],[-1.0702,21.7831],[-1.1513,24.4598],[-0.4213,25.4331],[-0.3402,26.4064],[-1.3437,29.0415],[-1.7136,30.0587],[-1.2343,31.989],[-1.0813,32.4539],[-1.1126,32.5491],[-1.3409,32.694],[-1.6102,33.0485],[-1.6811,33.2578],[-1.6739,33.83],[-1.664,34.2051],[-1.7382,34.6051],[-1.8233,34.7],[-2.0766,34.8257],[-2.193,35.0542],[-2.3259,35.054],[-2.3557,35.0539],[-2.7148,35.0977],[-2.8299,35.1421],[-3.009,35.39],[-3.2058,35.2686],[-3.4408,35.1663],[-4.0279,35.1332],[-4.2954,35.1518],[-4.593,35.1512],[-5.1096,35.3793],[-5.1718,35.4238],[-5.4794,35.8052],[-5.565,35.8623],[-5.8079,35.7854],[-5.9288,35.7279],[-6.302,34.8614],[-6.472,34.5309],[-6.5115,34.4543],[-6.753,34.1234],[-7.004,33.875],[-7.3326,33.6964],[-7.9024,33.4855],[-8.3144,33.3385],[-8.6403,33.1217],[-9.2187,32.5804],[-9.2508,32.4214],[-9.2223,32.2562],[-9.3176,31.9637],[-9.6353,31.5754],[-9.8133,31.2891],[-9.8578,31.0602],[-9.817,30.7552],[-9.625,30.4061],[-9.6027,30.1837],[-9.6626,29.9548],[-9.8696,29.643],[-10.3393,29.1463],[-8.3703,27.7042],[-3.5036,17.7275],[-3.7469,15.6185],[-3.2603,14.9696],[-0.7458,15.3752],[-0.0969,15.2941],[1.2009,15.6185]]]},"properties":{"NAME":"Morocco","SUBJECTO":"Morocco","PARTOF":"Morocco","BORDERPRECISION":3,"LINK":null}},
{"type":"Feature","geometry":{"type":"Polygon","coordinates":[[[18.965,54.2276],[18.6731,54.2551],[18.5132,54.3158],[18.4538,54.5254],[18.3385,54.6026],[18.3629,54.6689],[18.7595,54.5364],[18.2794,54.7241],[17.6576,54.6855],[17.7468,54.4325],[17.1114,54.13],[16.9904,54.1905],[16.6878,54.0392],[16.8089,53.8577],[16.8089,53.4643],[16.6576,53.8577],[16.2038,53.7064],[16.4155,53.5249],[16.2038,53.3433],[16.0531,52.7164],[15.8439,52.7103],[15.816,52.5707],[15.7602,52.5707],[15.7645,52.2655],[15.8939,52.2102],[16.0951,52.1242],[16.5059,52.0038],[16.5059,52.1783],[16.8548,51.9166],[16.8548,51.6549],[17.2037,51.6113],[17.2909,51.7858],[17.5525,51.6549],[17.6398,51.4369],[18.1401,50.9877],[18.646,50.6445],[18.7456,50.266],[18.7691,50.177],[18.7963,49.7134],[18.8965,49.7127],[18.9267,49.622],[19.1082,49.5917],[19.1385,49.7127],[19.3805,49.8035],[19.5621,49.7127],[19.5621,49.5312],[19.7133,49.5312],[19.8949,49.4707],[20.0159,49.8035],[20.3487,49.743],[20.5302,49.8035],[20.6815,49.6522],[20.8933,49.743],[20.8025,49.8337],[20.8933,49.8337],[20.984,49.743],[21.1353,49.8337],[21.2866,49.7732],[21.3169,49.864],[21.7707,49.743],[21.7707,49.5917],[23.8885,49.2589],[24.1608,48.9866],[25.6663,48.692],[26.1627,48.9406],[26.5242,48.827],[26.9894,48.6808],[27.1077,48.6436],[27.1077,48.8326],[27.4858,48.6706],[27.4858,48.7516],[27.6478,48.7516],[29.3164,48.2864],[32.865,48.185],[34.1631,47.8106],[36.0081,48.9961],[36.3994,49.0358],[36.2109,49.9087],[35.7039,50.4156],[33.8789,50.2128],[33.8789,51.1253],[33.1692,51.4295],[31.3442,50.9226],[31.3834,52.0015],[31.2967,52.9559],[31.3834,53.2596],[32.468,53.0861],[32.2077,54.431],[31.557,54.3008],[31.4268,54.9082],[31.7305,54.9516],[31.5136,55.5589],[31.2533,55.6023],[31.2099,55.7325],[31.8607,55.9928],[32.0776,56.7737],[31.557,57.034],[31.1665,56.7303],[30.3856,57.2943],[30.4724,57.7715],[29.9952,58.2053],[29.5179,58.0752],[28.0907,56.7484],[25.856,56.5569],[25.7901,56.5832],[25.4342,56.5883],[24.3798,56.7194],[23.1183,56.8247],[23.2109,56.9883],[23.1747,57.0485],[23.0709,57.2613],[22.8814,57.3341],[22.5854,57.5087],[22.5636,57.6156],[22.433,57.6156],[22.3599,57.5857],[22.2854,57.565],[21.8103,57.4754],[21.6773,57.4637],[21.5795,57.3726],[21.4596,57.2496],[21.3397,57.1771],[21.3244,56.8544],[21.0221,56.6839],[20.9648,56.609],[20.949,56.4732],[20.916,56.0967],[20.9454,56.07],[21.2755,55.8611],[21.684,55.3535],[22.5839,55.0094],[22.6316,54.9487],[22.7935,54.9024],[22.8243,54.7868],[22.7241,54.7328],[22.6625,54.5709],[22.6702,54.4939],[22.699,54.4149],[22.7397,53.9499],[22.8066,53.8076],[21.1168,53.2688],[20.702,53.3206],[20.4774,53.1305],[20.0972,53.1824],[20.0108,53.0441],[19.8041,53.5249],[18.9267,53.4946],[18.8057,53.7366],[18.9872,53.8577],[18.965,54.2276]]]},"properties":{"NAME":"Polish–Lithuanian Commonwealth","SUBJECTO":"Polish–Lithuanian Commonwealth","PARTOF":"Polish–Lithuanian Commonwealth","BORDERPRECISION":3,"LINK":null}},
{"type":"Feature","geometry":{"type":"MultiPolygon","coordinates":[[[[107.8756,21.4621],[107.9,21.479],[108.1167,21.4985],[108.2659,21.4734],[108.3873,21.5309],[108.4589,21.7089],[108.4666,21.7851],[108.555,21.8234],[108.813,21.4936],[109.1174,21.399],[109.3219,21.4312],[109.4143,21.5648],[109.5161,21.5968],[109.7798,21.483],[109.7868,21.4068],[109.6081,21.057],[109.6029,20.8792],[109.7116,20.5682],[109.9283,20.2447],[110.2713,20.3153],[110.4337,20.4363],[110.4141,20.5252],[110.2932,20.5821],[110.0772,20.8675],[110.0724,20.9183],[110.2026,21.0964],[110.2338,21.2553],[110.2388,21.2807],[110.3634,21.2429],[110.5664,21.2306],[110.7496,21.3771],[111.0856,21.4794],[111.4342,21.4611],[111.5361,21.4931],[111.734,21.7095],[111.8312,21.7541],[112.0395,21.6593],[112.3079,21.6789],[112.4725,21.7301],[112.7495,21.7561],[112.8153,21.8261],[112.8156,21.9341],[112.8713,22.0612],[113.0967,21.9791],[113.2837,22.0303],[113.3777,22.1639],[113.3991,22.4752],[113.4193,22.5705],[113.3766,22.6466],[113.4626,22.7739],[113.536,22.7041],[113.7168,22.4822],[113.8452,22.4634],[113.9891,22.5527],[114.3039,22.6486],[114.5375,22.6745],[114.5587,22.4649],[114.8478,22.51],[115.0435,22.5994],[115.1855,22.7458],[115.3088,22.7714],[115.5425,22.6957],[115.7067,22.6389],[115.86,22.8361],[116.0847,22.8874],[111.5152,24.5611],[108.0299,28.0464],[106.1288,28.8385],[103.7525,28.3633],[101.3762,26.9375],[98.5754,25.9551],[98.3823,25.6302],[98.1072,25.3938],[97.888,25.2719],[97.8018,25.1825],[97.5241,24.8],[97.5581,24.5907],[97.6312,24.2736],[97.5309,24.0127],[97.5306,23.8921],[97.628,23.8609],[97.7679,23.8998],[98.1368,24.0988],[98.4835,24.1389],[98.6988,24.1465],[98.7692,24.0898],[98.894,23.2968],[98.985,23.1513],[99.234,23.1845],[99.4689,23.1414],[99.4836,23.0209],[99.1559,22.3078],[99.2086,22.1494],[99.3109,22.1056],[99.5389,22.1069],[99.7555,22.1272],[99.8867,21.9565],[100.0402,21.6209],[100.21,21.5012],[100.3208,21.4638],[100.6122,21.5353],[100.8947,21.7211],[100.945,21.55],[101.014,21.4424],[101.0937,21.354],[101.2385,21.2596],[101.5842,21.2235],[101.7038,21.3194],[101.7529,21.4721],[101.6995,21.7067],[101.5969,21.8712],[101.535,22.1375],[101.5544,22.2837],[101.6624,22.3923],[101.9679,22.5337],[102.1855,22.6366],[102.417,22.6951],[102.5704,22.6896],[102.8388,22.5134],[102.9851,22.4698],[103.2478,22.6554],[103.3973,22.7071],[104.115,22.7303],[104.4781,22.7832],[104.6314,22.854],[104.9446,23.1034],[105.1794,23.2508],[105.3134,23.296],[105.594,23.0373],[105.9411,22.9314],[106.2381,22.9077],[106.588,22.9288],[106.6945,22.8342],[106.7198,22.6629],[106.5074,22.3252],[106.5506,22.0905],[106.6734,21.9262],[107.0981,21.6493],[107.3775,21.5747],[107.7866,21.5263],[107.8756,21.4621]]],[[[109.4297,18.0966],[109.6691,18.4147],[110.1313,18.5872],[110.2625,18.6256],[110.3615,18.7656],[110.2987,18.8988],[110.427,19.2294],[110.6125,19.4712],[110.8118,19.6304],[110.8854,19.7068],[110.6174,20.0175],[110.2583,19.9405],[110.0606,19.9401],[109.9159,19.8],[109.6577,19.9011],[109.5503,19.9136],[109.4423,19.7355],[109.4201,19.6592],[109.1982,19.6841],[108.8737,19.404],[108.685,19.2956],[108.5769,19.1874],[108.5605,19.0603],[108.6519,18.4824],[108.9386,18.3306],[109.4297,18.0966]]]]},"properties":{"NAME":"Post-Ming Warlords","SUBJECTO":"Post-Ming Warlords","PARTOF":"Post-Ming Warlords","BORDERPRECISION":3,"LINK":null}},
{"type":"Feature","geometry":{"type":"Polygon","coordinates":[[[98.5754,25.9551],[101.3762,26.9375],[103.7525,28.3633],[106.1288,28.8385],[108.0299,28.0464],[111.5152,24.5611],[116.0847,22.8874],[116.3406,22.9133],[116.4002,22.9833],[116.4039,23.1993],[116.4521,23.2502],[116.7091,23.346],[116.9627,23.5562],[117.2454,23.633],[117.4059,23.6905],[117.7532,23.9834],[117.8491,24.0471],[117.7961,24.4217],[117.8613,24.5108],[117.9249,24.5617],[118.1242,24.5304],[118.3456,24.4673],[118.5312,24.69],[118.8129,24.8494],[118.9454,25.1355],[119.0237,25.3135],[119.0959,25.4407],[119.3354,25.5301],[119.4286,25.6509],[119.4703,25.7717],[119.436,26.0383],[119.5549,26.2672],[119.4289,26.5908],[119.6007,26.6928],[119.857,26.706],[119.9714,26.7888],[120.0841,26.9859],[120.3518,27.177],[120.4089,27.3105],[120.5059,27.5901],[120.6865,27.8699],[120.9424,28.2133],[121.0086,28.277],[121.1659,28.1249],[121.2597,28.1823],[121.3585,28.3857],[121.3458,28.5444],[121.4325,28.8367],[121.5668,29.1735],[121.6492,29.3197],[121.5582,29.3576],[121.4115,29.3446],[121.3619,29.4144],[121.4984,29.5226],[121.6704,29.6245],[121.7744,29.7645],[121.7703,29.8343],[121.5652,29.8466],[121.3913,29.9224],[121.1552,30.1886],[121.0825,30.2138],[120.8627,30.188],[120.4379,29.9966],[120.2676,30.0216],[119.9437,30.1162],[120.2269,30.2502],[120.6087,30.3462],[121.0355,30.5947],[121.3284,30.6905],[121.5689,30.7101],[121.6319,30.7928],[121.6402,30.9261],[121.4989,31.2814],[121.3079,31.4207],[121.2683,31.4523],[121.6233,31.6182],[121.645,31.688],[121.606,31.8276],[121.4837,31.948],[121.2305,32.0618],[121.0508,32.328],[120.7383,32.4607],[120.6609,32.5431],[120.7194,32.848],[120.6406,33.0446],[120.3403,33.3361],[120.1494,33.8943],[119.9736,34.1352],[119.6205,34.3694],[119.2999,34.5909],[119.0209,34.6919],[119.0032,34.9395],[119.0602,35.0413],[119.6888,35.545],[119.9073,35.7681],[119.9756,35.9336],[119.9138,36.1434],[120.1393,36.1948],[120.1965,36.1567],[120.2037,36.0359],[120.2697,35.9851],[120.5048,36.0556],[120.5373,36.3865],[120.8555,36.5844],[121.6099,36.8342],[121.8467,36.8602],[121.9801,36.8222],[122.2556,36.7337],[122.2813,36.982],[122.3929,37.3006],[122.2695,37.3003],[122.0576,37.3636],[121.8948,37.376],[121.4343,37.3368],[121.1898,37.4255],[120.7874,37.7049],[120.6581,37.7365],[120.4181,37.6787],[120.1694,37.5763],[119.9407,37.3529],[119.5989,37.1166],[119.2844,37.046],[118.9546,37.0771],[118.837,37.2042],[118.8116,37.4461],[118.8673,37.7074],[118.8752,37.9494],[118.7446,38.0638],[118.2003,38.0436],[117.8407,38.1639],[117.5895,38.2845],[117.479,38.4499],[117.4395,38.6028],[117.5751,38.9153],[117.7529,39.2025],[117.9101,39.2602],[118.0699,39.2542],[118.2746,38.9996],[118.4124,39.0509],[118.5593,39.1723],[118.7813,39.1664],[118.9776,39.2241],[119.0906,39.3391],[119.1494,39.454],[119.2107,39.639],[119.3855,39.8434],[119.5478,39.933],[119.8238,40.0422],[120.1127,40.0811],[120.2727,40.1518],[120.7884,40.6838],[121.0106,40.8507],[121.0853,40.8572],[121.368,40.8706],[121.4267,40.8643],[121.7536,40.737],[122.0824,40.488],[122.1079,40.3537],[122.0365,40.264],[121.789,40.0781],[121.6681,39.9054],[121.2394,39.5538],[121.2133,39.4836],[121.2822,39.3499],[121.449,39.3821],[121.6602,39.3315],[121.5118,39.1719],[121.1237,38.8651],[121.0653,38.7503],[121.2165,38.757],[121.4884,38.8786],[121.7432,39.0894],[122.0275,39.2558],[123.0391,39.6722],[123.3664,39.7494],[123.9165,39.8079],[124.1041,39.8848],[124.1339,39.8431],[124.3043,40.0807],[124.4911,40.2796],[124.7251,40.4277],[125.415,40.6997],[125.8795,40.945],[126.1655,41.1894],[126.4742,41.6515],[126.6475,41.71],[126.8493,41.7175],[126.9724,41.5391],[127.1943,41.4252],[127.4228,41.3562],[127.8615,41.3777],[128.0985,41.4494],[128.0781,41.5004],[127.8493,41.8445],[127.8608,41.9982],[127.984,42.1076],[128.1603,42.1342],[128.31,42.0774],[128.5136,42.0529],[128.7555,42.0606],[129.0345,42.1774],[129.4645,42.4166],[129.5682,42.7374],[129.7405,42.8985],[129.8543,42.9568],[129.9656,42.9574],[130.2259,42.6513],[130.3599,42.4535],[130.4351,42.2768],[130.4676,42.2988],[131.0646,42.7492],[131.3568,42.9939],[131.5842,43.2127],[131.8652,43.2904],[131.6746,43.0266],[131.8831,43.072],[132.1818,43.1946],[132.3331,42.9637],[132.4847,42.8805],[132.5944,42.9],[132.8274,42.8619],[132.9528,42.6695],[133.312,42.7794],[134.1389,42.993],[134.5686,43.2122],[134.9624,43.515],[135.1561,43.7212],[135.4148,44.0368],[135.6928,44.224],[136.034,44.3984],[136.1792,44.5468],[136.2851,44.753],[136.4941,44.966],[137.2969,45.6463],[137.7205,45.9967],[137.9846,46.2693],[138.2429,46.7107],[138.3516,46.8732],[138.685,47.1335],[138.9493,47.3224],[139.0467,47.6152],[139.2137,47.8106],[140.081,48.5026],[140.1466,48.7244],[140.3282,49.3579],[140.3722,49.6913],[140.457,50.104],[140.3488,50.4192],[140.3235,50.5178],[140.4045,50.8274],[140.7303,51.4413],[140.9699,51.6928],[141.1263,51.8716],[141.2571,52.1035],[141.1606,52.2092],[140.9395,52.2618],[141.0905,52.5869],[141.032,52.7261],[140.8282,52.8252],[141.0897,52.9851],[141.1212,53.0516],[140.8937,53.1974],[140.7023,53.2769],[140.3213,53.5356],[140.1025,53.8017],[139.8059,53.9611],[139.378,54.0804],[139.0517,54.0865],[138.7604,54.0859],[138.4168,54.0919],[138.4095,53.8051],[138.234,53.5716],[137.9794,53.4646],[137.2392,53.4565],[136.1608,53.0206],[135.273,53.0206],[134.6812,52.9466],[134.2373,53.4645],[133.4236,52.6507],[133.1277,52.6507],[132.3879,52.3548],[132.018,52.4288],[131.1302,53.9084],[130.5384,53.9084],[130.9083,55.24],[130.3904,56.0538],[129.2068,56.8675],[128.8369,56.6456],[128.1711,56.7196],[127.581,56.6154],[120.3868,46.4234],[107.7131,43.2549],[103.5557,39.9],[102.1187,39.7563],[100.5379,40.3311],[99.3883,39.7563],[99.2446,38.7504],[100.3942,37.7444],[101.6876,36.3074],[102.4061,33.7207],[100.6816,28.691],[98.6372,27.4787],[98.7254,26.7367],[98.7337,26.3432],[98.5754,25.9551]]]},"properties":{"NAME":"Manchu Empire","SUBJECTO":"Manchu Empire","PARTOF":"Manchu Empire","BORDERPRECISION":3,"LINK":null}},
{"type":"Feature","geometry":{"type":"Polygon","coordinates":[[[50.5111,17.1467],[47.8376,16.4217],[46.6594,15.4248],[46.3353,14.0968],[46.7113,13.9357],[46.8777,13.4739],[46.9394,13.4902],[47.3696,13.6691],[47.6623,13.8476],[48.0362,14.0454],[48.2701,14.0776],[48.5367,14.0464],[48.7646,14.0977],[48.9604,14.2189],[49.1732,14.4989],[49.3338,14.6327],[49.7129,14.7733],[50.2911,14.9588],[51.3126,15.2469],[51.599,15.3788],[50.5111,17.1467]]]},"properties":{"NAME":"Hadramaut","SUBJECTO":"Hadramaut","PARTOF":"Hadramaut","BORDERPRECISION":3,"LINK":null}},
{"type":"Feature","geometry":{"type":"Polygon","coordinates":[[[51.599,15.3788],[51.9504,15.5405],[52.1352,15.6871],[52.1629,15.8714],[52.2376,16.1003],[52.3566,16.2339],[52.6522,16.4887],[52.8943,16.61],[53.0209,16.6538],[53.2085,16.7186],[53.3357,16.7634],[53.6813,16.8975],[54.0843,17.0191],[54.4069,17.0452],[54.7561,16.9507],[54.9106,16.9701],[55.1948,17.1486],[55.2356,17.2884],[55.2344,17.4473],[55.2904,17.6761],[55.3895,17.8097],[53.955,19.7296],[50.5111,17.1467],[51.599,15.3788]]]},"properties":{"NAME":"Mahra","SUBJECTO":"Mahra","PARTOF":"Mahra","BORDERPRECISION":3,"LINK":null}},
{"type":"Feature","geometry":{"type":"Polygon","coordinates":[[[58.1803,21.8492],[56.9458,20.6359],[53.955,19.7296],[55.3895,17.8097],[55.5611,17.9372],[55.7081,17.9502],[55.8815,17.9315],[56.0128,17.9318],[56.2576,17.9768],[56.4576,18.0916],[56.5494,18.2188],[56.6086,18.4667],[56.7389,18.6894],[56.9043,18.8168],[57.1862,18.9381],[57.657,18.9709],[57.8386,19.0348],[57.7784,19.3142],[57.7776,19.67],[57.8061,20.172],[57.9313,20.4009],[58.0444,20.433],[58.1504,20.3951],[58.4031,20.3575],[58.512,20.4212],[58.7741,20.9412],[58.1803,21.8492]]]},"properties":{"NAME":"Gharra","SUBJECTO":"Gharra","PARTOF":"Gharra","BORDERPRECISION":3,"LINK":null}},
{"type":"Feature","geometry":{"type":"Polygon","coordinates":[[[86.8442,20.8753],[85.3508,21.5337],[85.2092,22.3834],[85.7048,23.1622],[85.634,23.8702],[84.2888,24.2243],[82.3771,23.6578],[77.4916,23.6578],[77.0668,22.8082],[77.2792,22.0293],[76.996,21.1089],[77.0527,20.8113],[78.5728,20.4383],[78.5334,19.1235],[78.7523,19.1909],[79.213,18.8454],[78.8675,18.2695],[79.3048,17.2855],[79.417,17.2855],[79.9555,17.6037],[80.636,17.4314],[81.0809,17.6009],[83.2267,18.4183],[84.3245,18.5303],[84.6588,18.9331],[84.9066,19.1814],[85.1132,19.4423],[85.3791,19.6054],[85.7148,19.6977],[85.9089,19.7235],[86.1192,19.8065],[86.3856,20.0167],[86.6324,20.2036],[86.6379,20.3191],[86.7752,20.4686],[86.9261,20.6913],[86.8442,20.8753]]]},"properties":{"NAME":"Islamic and Hindu states","SUBJECTO":"Islamic and Hindu states","PARTOF":"Islamic and Hindu states","BORDERPRECISION":3,"LINK":null}},
{"type":"Feature","geometry":{"type":"Polygon","coordinates":[[[-11.2856,10.5847],[-10.9487,9.4055],[-9.938,8.5633],[-7.9167,8.5633],[-6.906,9.9109],[-6.906,11.09],[-8.0851,11.7638],[-9.938,11.5953],[-11.2856,10.5847]]]},"properties":{"NAME":"Mali","SUBJECTO":"Mali","PARTOF":"Mali","BORDERPRECISION":3,"LINK":null}},
{"type":"Feature","geometry":{"type":"Polygon","coordinates":[[[-2.2969,55.8239],[-2.5403,55.8847],[-2.7421,55.9572],[-2.9279,55.946],[-3.1615,55.8457],[-3.3559,55.8427],[-3.5772,55.8847],[-3.713,55.8847],[-3.895,55.9851],[-3.2935,55.9739],[-3.1698,56.0621],[-2.8953,56.0855],[-2.7729,56.1713],[-2.7209,56.1782],[-2.9494,56.253],[-3.1524,56.3368],[-2.9805,56.3536],[-2.6671,56.471],[-2.5148,56.6673],[-2.4131,56.7173],[-2.1589,57.0143],[-2.2032,57.0648],[-2.1078,57.2103],[-1.9446,57.4017],[-2.1504,57.572],[-2.854,57.5433],[-3.0926,57.577],[-3.4008,57.5764],[-3.7958,57.5415],[-4.1484,57.5545],[-4.2485,57.6363],[-4.1505,57.8348],[-3.9432,57.9584],[-3.1664,58.2751],[-3.0284,58.4057],[-3.165,58.5222],[-3.4405,58.5285],[-3.8305,58.5072],[-4.1389,58.4448],[-4.5099,58.4029],[-4.9256,58.567],[-5.1127,58.3949],[-4.9071,58.169],[-5.3459,58.0927],[-5.0556,57.751],[-5.23,57.7096],[-5.5685,57.7774],[-5.763,57.6198],[-5.4606,57.3881],[-5.5616,57.2993],[-5.7263,57.258],[-5.6253,56.9992],[-5.6659,56.9378],[-5.909,56.7333],[-6.0435,56.4748],[-5.8217,56.4005],[-5.6445,56.5163],[-5.5466,56.6524],[-5.4583,56.6321],[-5.2707,56.5441],[-5.3001,56.4287],[-5.497,56.1773],[-5.6331,55.9399],[-5.5702,55.7505],[-5.3336,55.8795],[-5.1346,55.8934],[-4.8484,56.0972],[-4.7107,56.1313],[-4.6233,55.908],[-4.7584,55.8197],[-4.8951,55.7721],[-4.9078,55.6639],[-4.7705,55.4884],[-4.6384,55.4279],[-4.91,55.1103],[-5.0667,54.9485],[-5.1114,54.7941],[-4.9025,54.7341],[-4.5999,54.6878],[-4.5003,54.7751],[-4.4607,54.8624],[-4.1216,54.7624],[-3.9077,54.7897],[-3.5767,54.9245],[-3.3087,54.8847],[-3.1744,54.8446],[-2.7551,54.9159],[-2.4538,55.3819],[-2.2969,55.8239]]]},"properties":{"NAME":"Scottalnd","SUBJECTO":"Scottalnd","PARTOF":"Scottalnd","BORDERPRECISION":3,"LINK":null}},
{"type":"Feature","geometry":{"type":"Polygon","coordinates":[[[-92.0171,29.8249],[-91.9813,30.2332],[-92.4599,30.5836],[-93.1265,30.4981],[-93.4683,30.6007],[-94.7075,30.7545],[-95.1282,31.0097],[-95.4682,31.216],[-96.2117,31.1647],[-95.9724,30.84],[-95.7758,30.0024],[-95.8211,29.6449],[-95.5382,29.4736],[-95.2627,29.3619],[-95.1743,29.1056],[-94.8446,29.3463],[-95.0577,29.6754],[-95.007,29.7582],[-94.8574,29.7839],[-94.7969,29.5634],[-94.6021,29.5492],[-94.4258,29.5427],[-94.1415,29.69],[-94.0606,29.6991],[-93.4455,29.7678],[-93.0422,29.6923],[-92.6433,29.5787],[-92.4574,29.5656],[-92.1167,29.5416],[-91.9783,29.6254],[-92.2278,29.8021],[-92.0171,29.8249]]]},"properties":{"NAME":"Atakapa","SUBJECTO":"Atakapa","PARTOF":"Atakapa","BORDERPRECISION":3,"LINK":null}},
{"type":"Feature","geometry":{"type":"Polygon","coordinates":[[[-95.8211,29.6449],[-97.3994,28.8482],[-97.5275,28.6817],[-97.5361,28.6915],[-97.6526,28.5579],[-98.0871,28.2972],[-98.1737,28.2452],[-97.8313,28.0144],[-97.5456,27.923],[-97.4471,27.9854],[-97.1154,28.1069],[-96.8315,28.1584],[-96.7143,28.2296],[-96.6845,28.2477],[-96.5771,28.426],[-96.7736,28.6227],[-96.7166,28.7118],[-96.3891,28.6616],[-96.2031,28.6366],[-96.0146,28.6561],[-95.6028,28.7987],[-95.2392,29.0583],[-95.1743,29.1056],[-95.2627,29.3619],[-95.5382,29.4736],[-95.8211,29.6449]]]},"properties":{"NAME":"Atakapa","SUBJECTO":"Atakapa","PARTOF":"Atakapa","BORDERPRECISION":3,"LINK":null}},
{"type":"Feature","geometry":{"type":"Polygon","coordinates":[[[-81.8769,37.3632],[-81.8492,37.5434],[-82.0621,38.334],[-83.0959,38.9573],[-84.6922,39.2462],[-86.0757,39.2006],[-87.5504,38.6989],[-87.7785,38.3644],[-88.0369,37.5282],[-88.4322,37.3762],[-88.3714,37.0873],[-88.3258,37.0113],[-87.9609,36.8745],[-87.6873,35.7951],[-86.6925,35.1121],[-86.6686,35.0957],[-85.2395,35.6886],[-84.0081,36.2968],[-83.2528,36.669],[-81.8796,37.3458],[-81.8769,37.3632]]]},"properties":{"NAME":"Shawnee","SUBJECTO":"Shawnee","PARTOF":"Shawnee","BORDERPRECISION":3,"LINK":null}},
{"type":"Feature","geometry":{"type":"Polygon","coordinates":[[[-92.0171,29.8249],[-91.951,29.832],[-91.429,29.5431],[-91.2404,29.3209],[-90,29.1087],[-90,29.119],[-90,29.1416],[-90,29.2223],[-90,29.2395],[-90,29.3044],[-90,29.3257],[-90,29.3737],[-90,29.5014],[-89.9779,29.4062],[-89.6223,29.2843],[-89.4982,29.0957],[-89.2715,29.058],[-89.0315,29.119],[-89.189,29.2692],[-89.2917,29.367],[-89.5589,29.4325],[-89.677,29.5912],[-89.686,29.7057],[-89.38,29.8734],[-89.5233,29.9756],[-90.372,29.8563],[-91.1837,29.8563],[-91.9813,30.2332],[-92.0171,29.8249]]]},"properties":{"NAME":"Chtimacha","SUBJECTO":"Chtimacha","PARTOF":"Chtimacha","BORDERPRECISION":3,"LINK":null}},
{"type":"Feature","geometry":{"type":"Polygon","coordinates":[[[-100.1061,31.0401],[-99.7755,30.7757],[-98.4232,29.6938],[-97.7501,30.2197],[-97.4346,30.956],[-97.4786,31.1041],[-98.3978,31.3829],[-99.454,32.2391],[-99.6853,33.943],[-100.5478,34.7633],[-101.2665,35.9457],[-101.6837,37.6241],[-103.3034,35.9203],[-104.1675,35.39],[-104.3552,34.8896],[-103.8293,34.2164],[-103.637,32.9087],[-103.6189,32.786],[-103.3665,32.3864],[-100.3042,31.1234],[-100.1061,31.0401]]]},"properties":{"NAME":"Comanche","SUBJECTO":"Comanche","PARTOF":"Comanche","BORDERPRECISION":3,"LINK":null}},
{"type":"Feature","geometry":{"type":"MultiPolygon","coordinates":[[[[-98.9813,42.4809],[-99.8368,42.6811],[-100.8556,42.7616],[-100.8743,42.763],[-101.0563,42.4172],[-101.4749,42.1988],[-101.5932,41.9895],[-101.393,41.7165],[-101.2672,41.1414],[-100.7104,41.0157],[-100.2008,40.4697],[-99.8459,39.8144],[-99.5183,38.7679],[-98.6355,38.8316],[-97.8073,38.777],[-97.7709,38.9226],[-97.6071,39.3139],[-97.3341,39.7598],[-97.0793,40.1148],[-97.043,40.2494],[-97.0156,40.3514],[-96.8154,40.8064],[-96.7152,41.1886],[-96.7234,41.1916],[-97.1976,41.3615],[-97.5343,42.0077],[-97.9256,42.035],[-98.2533,42.308],[-98.2931,42.3175],[-98.9813,42.4809]]],[[[-101.2656,41.134],[-101.2672,41.1414],[-101.2747,41.1431],[-101.2656,41.134]]]]},"properties":{"NAME":"Pawnee","SUBJECTO":"Pawnee","PARTOF":"Pawnee","BORDERPRECISION":3,"LINK":null}},
{"type":"Feature","geometry":{"type":"Polygon","coordinates":[[[-103.4785,42.6113],[-102.9529,42.9845],[-102.8844,43.2664],[-102.2293,44.1652],[-102.3131,44.4852],[-102.7549,44.8965],[-103.2196,45.1936],[-103.6995,45.3002],[-104.225,45.2393],[-104.5526,45.0717],[-104.903,44.7137],[-105.1163,44.4318],[-105.4362,43.7539],[-105.977,43.3121],[-105.4286,42.9007],[-104.8344,42.238],[-104.1641,41.9714],[-103.4785,42.6113]]]},"properties":{"NAME":"Cheyenne","SUBJECTO":"Cheyenne","PARTOF":"Cheyenne","BORDERPRECISION":3,"LINK":null}},
{"type":"Feature","geometry":{"type":"Polygon","coordinates":[[[-85.6676,32.7616],[-86.1071,32.9135],[-87.1621,32.9535],[-87.202,32.6578],[-87.1541,32.418],[-87.282,32.1063],[-87.3219,31.8666],[-85.8274,31.8586],[-85.6676,32.1143],[-85.6436,32.402],[-85.6676,32.7616]]]},"properties":{"NAME":"Alabama","SUBJECTO":"Alabama","PARTOF":"Alabama","BORDERPRECISION":3,"LINK":null}},
{"type":"Feature","geometry":{"type":"Polygon","coordinates":[[[-91.626,32.9571],[-91.626,31.9386],[-91.22,31.9759],[-90.4087,32.0504],[-90.3963,32.51],[-89.974,32.5721],[-89.9735,32.5798],[-89.9506,32.9575],[-89.9491,32.982],[-90.7627,32.9699],[-91.626,32.9571]]]},"properties":{"NAME":"Tunica","SUBJECTO":"Tunica","PARTOF":"Tunica","BORDERPRECISION":3,"LINK":null}},
{"type":"Feature","geometry":{"type":"Polygon","coordinates":[[[-104.5526,45.0717],[-104.3488,45.2104],[-104.6977,46.1697],[-104.537,47.134],[-103.9945,47.6363],[-104.5964,47.7102],[-105.0073,47.7607],[-105.8034,47.8585],[-106.189,47.9058],[-106.2849,47.9176],[-107.8118,47.1943],[-110.1624,46.7925],[-110.1762,46.7797],[-111.5487,45.5067],[-110.9628,45.0671],[-110.2791,44.7481],[-109.0257,44.4898],[-107.7495,44.0416],[-107.309,43.977],[-107.1798,43.958],[-107.0351,43.8595],[-106.8227,43.7149],[-105.977,43.3121],[-105.4362,43.7539],[-105.1163,44.4318],[-104.903,44.7137],[-104.5526,45.0717]]]},"properties":{"NAME":"Crow","SUBJECTO":"Crow","PARTOF":"Crow","BORDERPRECISION":3,"LINK":null}},
{"type":"Feature","geometry":{"type":"Polygon","coordinates":[[[-97.4786,31.1041],[-97.303,31.4552],[-96.9518,31.9406],[-96.8279,32.3538],[-96.6007,32.7152],[-96.1463,33.3246],[-95.7641,33.4898],[-95.3923,33.6138],[-95.3542,34.0142],[-95.351,34.0475],[-95.4543,35.132],[-96.0017,35.1939],[-96.7763,34.8738],[-97.5095,34.8841],[-98.9555,34.9977],[-99.4512,34.7705],[-99.6853,33.943],[-99.454,32.2391],[-98.3978,31.3829],[-97.4786,31.1041]]]},"properties":{"NAME":"Wichita","SUBJECTO":"Wichita","PARTOF":"Wichita","BORDERPRECISION":3,"LINK":null}},
{"type":"Feature","geometry":{"type":"Polygon","coordinates":[[[-82.3736,43.0467],[-82.4647,43.1954],[-82.5636,43.5841],[-82.6581,43.8396],[-82.7481,43.962],[-82.8356,44.0345],[-82.9203,44.0571],[-83.1185,43.9946],[-83.3951,43.6961],[-83.5771,43.5505],[-83.7237,43.6265],[-83.7441,43.6207],[-83.8745,43.6845],[-83.917,43.7844],[-83.8716,43.9202],[-83.7814,44.0034],[-83.6465,44.0339],[-83.5686,44.099],[-83.5478,44.1987],[-83.4868,44.2699],[-83.3856,44.3127],[-83.3186,44.429],[-83.2859,44.6188],[-83.2802,44.7561],[-83.3014,44.8406],[-83.3484,44.9134],[-83.4213,44.9744],[-83.4379,45.0229],[-83.398,45.0588],[-83.3687,45.0681],[-83.35,45.0506],[-83.3217,45.0363],[-83.2859,45.0259],[-83.2859,45.0355],[-83.2682,45.0355],[-83.3164,45.1084],[-83.4309,45.275],[-83.6365,45.3917],[-83.9331,45.4586],[-84.1151,45.5278],[-84.1823,45.5995],[-84.3552,45.6738],[-84.6338,45.751],[-84.6922,45.8045],[-84.982,45.647],[-84.9456,45.4505],[-84.9961,45.4252],[-84.9519,45.4082],[-85.0269,45.3673],[-85.1891,45.3287],[-85.2077,45.3194],[-85.3606,44.8317],[-85.4687,44.8317],[-85.4916,44.7982],[-85.5384,44.7515],[-85.5638,44.7578],[-85.5511,44.8187],[-85.5004,44.9339],[-85.5048,44.9357],[-85.5645,44.824],[-85.6088,44.7886],[-85.6379,44.8294],[-85.6308,44.8991],[-85.5873,44.9976],[-85.5778,45.0668],[-85.591,45.0884],[-85.8119,44.9627],[-86.1395,44.6643],[-86.3579,44.0965],[-86.4234,43.6015],[-86.1395,42.99],[-86.1613,42.4149],[-85.4406,41.6724],[-83.7445,42.626],[-82.3736,43.0467]]]},"properties":{"NAME":"Potawatomi","SUBJECTO":"Potawatomi","PARTOF":"Potawatomi","BORDERPRECISION":3,"LINK":null}},
{"type":"Feature","geometry":{"type":"Polygon","coordinates":[[[-87.7785,38.3644],[-87.7746,39.3598],[-87.7449,40.3368],[-87.3749,41.6247],[-87.382,41.6378],[-87.4771,41.6854],[-87.5538,41.7662],[-87.6051,41.8768],[-87.6816,42.0226],[-87.7832,42.2036],[-87.8149,42.4161],[-87.7766,42.66],[-87.7913,42.8289],[-88.8256,42.9423],[-89.1048,42.8906],[-89.2253,42.8682],[-89.8323,42.6758],[-91.135,43.9341],[-91.816,43.1199],[-92.4525,42.6906],[-91.4163,42.1725],[-91.4105,42.1312],[-91.3676,42.1082],[-91.3275,41.5359],[-91.6827,41.2028],[-92.038,40.8697],[-92.7955,40.3367],[-92.8374,40.3072],[-92.2157,40.0851],[-91.7864,39.2857],[-91.626,38.4695],[-91.6235,38.4567],[-90.5281,37.9386],[-90.807,37.1753],[-90.8093,37.1688],[-89.1036,36.9482],[-89.0921,36.9467],[-88.8552,37.1392],[-88.3714,37.0873],[-88.4322,37.3762],[-88.0369,37.5282],[-87.7785,38.3644]]]},"properties":{"NAME":"Illinnois","SUBJECTO":"Illinnois","PARTOF":"Illinnois","BORDERPRECISION":3,"LINK":null}},
{"type":"Feature","geometry":{"type":"Polygon","coordinates":[[[-86.1613,42.4149],[-86.3172,42.1159],[-86.9182,41.6007],[-87.3749,41.6247],[-87.7449,40.3368],[-87.7625,38.9104],[-87.6481,38.8817],[-87.3475,39.1536],[-87.0041,39.4685],[-86.3172,40.0266],[-85.5158,40.3986],[-85.1724,40.6419],[-85.1008,40.9281],[-85.3155,41.2859],[-85.4406,41.6724],[-86.1613,42.4149]]]},"properties":{"NAME":"Miami","SUBJECTO":"Miami","PARTOF":"Miami","BORDERPRECISION":3,"LINK":null}},
{"type":"Feature","geometry":{"type":"Polygon","coordinates":[[[-85.4406,41.6724],[-85.3155,41.2859],[-85.1008,40.9281],[-85.1724,40.6419],[-84.2775,40.7071],[-82.9646,40.5877],[-80.7465,40.6772],[-79.9209,40.4186],[-79.145,38.5984],[-79.1437,38.5991],[-78.2896,39.0857],[-77.842,39.6229],[-77.7995,39.937],[-78.7895,40.6601],[-78.1337,42.4035],[-79.0065,42.6104],[-79.6126,42.3647],[-80.0734,42.1534],[-80.5664,41.9698],[-80.6322,41.9513],[-81.1742,41.7316],[-81.6616,41.4133],[-82.2757,41.4407],[-82.3677,41.4145],[-82.5676,41.4045],[-82.7303,41.4521],[-82.8449,41.4619],[-82.9112,41.4339],[-82.972,41.4279],[-83.0273,41.4439],[-82.969,41.473],[-82.8768,41.4957],[-83.4221,41.6719],[-83.3978,41.7036],[-83.4428,41.7022],[-83.4499,41.7539],[-83.3928,41.8595],[-83.3365,41.9205],[-83.281,41.937],[-83.2634,41.9583],[-83.2838,41.9846],[-83.2637,42.0021],[-83.2031,42.0108],[-83.1777,42.03],[-83.1874,42.0596],[-83.1313,42.0519],[-82.3719,43.044],[-82.3736,43.0467],[-83.7445,42.626],[-85.4406,41.6724]]]},"properties":{"NAME":"Erie","SUBJECTO":"Erie","PARTOF":"Erie","BORDERPRECISION":3,"LINK":null}},
{"type":"Feature","geometry":{"type":"Polygon","coordinates":[[[-87.7913,42.8289],[-87.7924,42.8415],[-87.8623,42.9606],[-87.901,43.0774],[-87.9084,43.1918],[-87.86,43.3578],[-87.7558,43.5754],[-87.7073,43.7482],[-87.7146,43.8761],[-87.6667,44.0032],[-87.5637,44.1295],[-87.5203,44.2257],[-87.5367,44.2915],[-87.487,44.4415],[-87.3712,44.6756],[-87.3433,44.8177],[-87.4033,44.8678],[-87.4693,44.8825],[-87.7043,44.711],[-87.7182,44.6951],[-87.8239,44.6167],[-87.848,44.6062],[-87.8564,44.6001],[-87.9736,44.3699],[-87.9237,44.3497],[-88.1355,44.0518],[-88.2177,43.8904],[-89.1725,43.026],[-89.1048,42.8906],[-88.8256,42.9423],[-87.7913,42.8289]]]},"properties":{"NAME":"Winebago","SUBJECTO":"Winebago","PARTOF":"Winebago","BORDERPRECISION":3,"LINK":null}},
{"type":"Feature","geometry":{"type":"Polygon","coordinates":[[[-100.7104,41.0157],[-101.2656,41.134],[-103.1966,41.6073],[-104.1641,41.9714],[-104.8344,42.238],[-105.4286,42.9007],[-105.977,43.3121],[-106.8227,43.7149],[-106.526,42.1219],[-106.2524,41.8018],[-105.2553,41.0282],[-105.1737,40.9294],[-105.0881,40.8602],[-105.1169,40.8608],[-104.2581,39.8219],[-104.1616,37.7793],[-102.8749,37.6023],[-102.8749,36.3799],[-101.6837,37.6241],[-100.1889,38.3904],[-99.5616,38.5352],[-99.5183,38.7679],[-99.8459,39.8144],[-100.2008,40.4697],[-100.7104,41.0157]]]},"properties":{"NAME":"Arapaho","SUBJECTO":"Arapaho","PARTOF":"Arapaho","BORDERPRECISION":3,"LINK":null}},
{"type":"Feature","geometry":{"type":"Polygon","coordinates":[[[-99.6853,33.943],[-99.4512,34.7705],[-98.9555,34.9977],[-97.5095,34.8841],[-97.4063,35.5757],[-96.7469,36.6855],[-96.586,37.2485],[-97.0525,38.2135],[-97.1604,38.2941],[-97.8073,38.777],[-98.6355,38.8316],[-99.5183,38.7679],[-99.5616,38.5352],[-100.1889,38.3904],[-101.6837,37.6241],[-101.2665,35.9457],[-100.5478,34.7633],[-99.6853,33.943]]]},"properties":{"NAME":"Kiowa","SUBJECTO":"Kiowa","PARTOF":"Kiowa","BORDERPRECISION":3,"LINK":null}},
{"type":"Feature","geometry":{"type":"Polygon","coordinates":[[[-95.4682,31.216],[-95.5605,31.6696],[-95.527,32.0075],[-95.2261,32.2754],[-94.5184,32.5077],[-94.6016,32.6654],[-95.0019,33.4245],[-95.2337,33.5369],[-95.3923,33.6138],[-96.1463,33.3246],[-96.8279,32.3538],[-96.9518,31.9406],[-97.303,31.4552],[-97.4786,31.1041],[-97.4346,30.956],[-97.7501,30.2197],[-98.4232,29.6938],[-97.5361,28.6915],[-97.5275,28.6817],[-97.3994,28.8482],[-95.8211,29.6449],[-95.7758,30.0024],[-95.9724,30.84],[-96.2117,31.1647],[-95.4682,31.216]]]},"properties":{"NAME":"Tonkawa","SUBJECTO":"Tonkawa","PARTOF":"Tonkawa","BORDERPRECISION":3,"LINK":null}},
{"type":"Feature","geometry":{"type":"Polygon","coordinates":[[[-117.8521,46.3474],[-117.5705,46.0236],[-117.7113,45.6364],[-117.3945,44.7915],[-117.0037,44.7475],[-116.3032,44.7145],[-116.1242,44.706],[-114.2052,45.5308],[-114.4657,45.9954],[-114.4727,46.3686],[-115.0571,46.6784],[-116.0427,46.6643],[-116.6271,46.8684],[-117.134,46.7699],[-117.3171,46.4108],[-117.8521,46.3474]]]},"properties":{"NAME":"Nez Perce","SUBJECTO":"Nez Perce","PARTOF":"Nez Perce","BORDERPRECISION":3,"LINK":null}},
{"type":"Feature","geometry":{"type":"Polygon","coordinates":[[[-101.272,46.3463],[-100.9989,45.551],[-101.1435,44.7154],[-99.9786,44.7878],[-100.2115,46.3544],[-101.272,46.3463]]]},"properties":{"NAME":"Arikara","SUBJECTO":"Arikara","PARTOF":"Arikara","BORDERPRECISION":3,"LINK":null}},
{"type":"Feature","geometry":{"type":"Polygon","coordinates":[[[-117.3164,48.9251],[-117.9908,48.3651],[-117.8907,48.2838],[-117.4136,47.8965],[-116.2821,47.885],[-116.1458,47.829],[-115.2535,47.4621],[-115.602,48.2908],[-115.7942,48.3458],[-115.9866,48.4009],[-116.9793,48.6851],[-117.3164,48.9251]]]},"properties":{"NAME":"Kalispel","SUBJECTO":"Kalispel","PARTOF":"Kalispel","BORDERPRECISION":3,"LINK":null}},
{"type":"Feature","geometry":{"type":"Polygon","coordinates":[[[-121.381,47.0139],[-121.391,47.0164],[-121.511,46.7478],[-120.5966,45.7135],[-120.5876,45.7152],[-120.1748,45.7955],[-118.9511,46.0334],[-118.9508,46.0335],[-119.048,46.7478],[-120.3566,46.9993],[-120.6024,46.8221],[-121.381,47.0139]]]},"properties":{"NAME":"Yakima","SUBJECTO":"Yakima","PARTOF":"Yakima","BORDERPRECISION":3,"LINK":null}},
{"type":"Feature","geometry":{"type":"Polygon","coordinates":[[[-88.6674,46.1344],[-87.8672,44.8848],[-87.7866,44.9441],[-87.6807,44.9676],[-87.6398,45.0048],[-87.6202,45.0252],[-87.6068,45.1074],[-87.4649,45.29],[-87.1948,45.5699],[-87.0383,45.7612],[-86.9952,45.8638],[-86.9721,45.8532],[-86.9689,45.7294],[-86.9596,45.7162],[-86.8145,45.8681],[-85.5539,46.0597],[-85.5512,46.0616],[-85.5301,46.0633],[-85.3669,46.0881],[-85.0426,46.0997],[-84.6918,45.9859],[-84.6328,46.0289],[-84.5627,45.9884],[-84.4418,45.9698],[-83.9173,45.9974],[-83.9339,46.039],[-83.9274,46.0867],[-83.8953,46.1342],[-83.8627,46.1508],[-83.8297,46.1366],[-83.8066,46.1719],[-83.7936,46.257],[-83.7416,46.2596],[-84.2204,46.505],[-84.5622,46.5361],[-84.564,46.5233],[-84.4922,46.475],[-84.6,46.4597],[-84.8876,46.4773],[-85.0149,46.5578],[-84.9818,46.7012],[-85.1002,46.7487],[-85.3702,46.7002],[-85.6678,46.6748],[-85.7518,46.6741],[-86.2841,46.6024],[-86.5221,46.4754],[-86.7345,46.4411],[-86.9148,46.5029],[-87.0942,46.5265],[-87.2726,46.5119],[-87.4189,46.574],[-87.5136,46.6895],[-88.6674,46.1344]]]},"properties":{"NAME":"Menomini","SUBJECTO":"Menomini","PARTOF":"Menomini","BORDERPRECISION":3,"LINK":null}},
{"type":"Feature","geometry":{"type":"Polygon","coordinates":[[[-97.9666,42.7181],[-97.2718,42.9034],[-96.3453,42.4749],[-96.098,41.9373],[-95.7531,41.9701],[-95.7349,41.9721],[-94.6568,42.0937],[-94.353,42.2783],[-94.1086,42.4269],[-94.0263,42.6289],[-93.9945,43.2508],[-94.6661,43.7835],[-94.5851,44.212],[-95.8126,44.5131],[-95.8259,44.5121],[-97.2834,44.3973],[-99.655,44.5164],[-99.8195,44.5247],[-99.8617,44.3276],[-99.889,44.2004],[-99.4489,43.992],[-98.0116,42.7568],[-97.9666,42.7181]]]},"properties":{"NAME":"Yankton","SUBJECTO":"Yankton","PARTOF":"Yankton","BORDERPRECISION":3,"LINK":null}},
{"type":"Feature","geometry":{"type":"MultiPolygon","coordinates":[[[[-61.025,45.67],[-60.8141,45.6444],[-60.5074,45.6645],[-59.9972,45.8536],[-59.8866,45.9252],[-59.8072,46.0812],[-60.0299,46.2886],[-60.169,46.3143],[-60.4465,46.1708],[-60.6357,46.0081],[-60.7613,45.8911],[-60.837,45.8779],[-61.072,45.9878],[-60.9626,46.1893],[-60.7016,46.3327],[-60.5839,46.3849],[-60.4788,46.5346],[-60.4285,46.7428],[-60.2598,46.9383],[-60.6271,47.1329],[-61.0466,46.6636],[-61.3806,46.3314],[-61.4088,46.0456],[-61.2485,45.7928],[-61.025,45.67]]],[[[-53.115,48.5239],[-53.1239,48.5958],[-53.249,48.6478],[-53.4578,48.5886],[-53.6455,48.5163],[-53.7626,48.5226],[-53.9768,48.6856],[-54.1296,48.8357],[-53.8108,49.0457],[-53.6429,49.1507],[-53.5091,49.2819],[-53.7862,49.3862],[-54.1579,49.4771],[-54.4811,49.5027],[-54.6199,49.4763],[-54.7662,49.2926],[-55.1073,49.2788],[-55.7476,49.533],[-55.8508,49.5656],[-55.9684,49.6571],[-55.5654,49.9661],[-56.0671,50.1033],[-56.2731,50.0173],[-56.4904,49.7676],[-56.6831,49.6885],[-56.7326,49.6884],[-56.7836,49.8194],[-56.6615,50.0561],[-56.11,50.7032],[-55.7703,51.0541],[-55.9274,51.2522],[-55.8185,51.3119],[-55.5565,51.3257],[-55.422,51.4252],[-55.4716,51.5245],[-55.5608,51.5574],[-56.1524,51.4701],[-56.3755,51.3836],[-56.7015,51.1845],[-57.3556,50.5952],[-57.8601,49.9879],[-58.0923,49.594],[-58.1277,49.4956],[-57.8142,49.2015],[-57.974,49.0834],[-58.1056,49.0831],[-58.2311,49.1091],[-58.392,49.0368],[-58.6805,48.7026],[-58.1395,48.5991],[-58.4257,48.4482],[-58.6518,48.3759],[-58.982,48.1924],[-59.2345,48.0417],[-59.3185,47.9633],[-59.2217,47.7547],[-59.1566,47.6701],[-58.7004,47.7362],[-58.0905,47.7634],[-57.6354,47.7252],[-57.123,47.6414],[-56.8037,47.616],[-56.3301,47.6365],[-56.1456,47.7346],[-56.0789,47.8652],[-55.7385,47.8724],[-55.7561,47.6506],[-55.6977,47.5791],[-55.5127,47.5859],[-55.3675,47.7949],[-55.0971,47.7693],[-54.7826,47.7112],[-55.067,47.5477],[-55.2767,47.3127],[-55.8296,47.1293],[-55.9039,47.064],[-55.8042,46.9666],[-55.4079,46.9479],[-55.1845,47.098],[-54.9362,47.3394],[-54.7405,47.431],[-54.5762,47.4965],[-54.3858,47.6272],[-54.2114,47.8036],[-54.0857,47.7713],[-53.8963,47.5565],[-53.9013,47.4066],[-54.1251,47.1131],[-54.0824,46.9895],[-53.9142,46.9963],[-53.6437,47.1792],[-53.6249,46.8863],[-53.4893,46.8215],[-53.1696,46.7636],[-53.0696,46.7313],[-52.9165,47.0243],[-52.8042,47.3176],[-52.7286,47.4545],[-52.7352,47.5457],[-52.7737,47.5391],[-53.0958,47.5515],[-53.1628,47.6753],[-53.1184,47.8775],[-53.3556,47.9488],[-53.4943,47.8311],[-53.5768,47.7397],[-53.7029,47.8438],[-53.7587,48.0263],[-53.8817,48.1893],[-53.8125,48.2482],[-53.4113,48.2947],[-53.2293,48.4061],[-53.115,48.5239]]],[[[-66.9727,48.9546],[-67.354,48.8459],[-66.4352,45.133],[-66.4035,45.1078],[-66.0492,45.2885],[-66.1525,45.3788],[-66.0507,45.3487],[-65.8876,45.2583],[-65.7597,45.2945],[-64.8714,45.6621],[-64.7238,45.6682],[-64.5618,45.8853],[-64.7009,46.0845],[-64.4748,45.8552],[-64.5186,45.7948],[-64.2832,45.9215],[-64.2598,45.8431],[-64.3732,45.8069],[-64.3977,45.7164],[-64.9055,45.4632],[-64.9201,45.3668],[-64.8093,45.409],[-64.6962,45.4451],[-64.5586,45.4572],[-64.1968,45.4511],[-64.0077,45.427],[-63.7399,45.4511],[-63.4461,45.427],[-63.3775,45.3849],[-63.4685,45.3487],[-63.5549,45.3788],[-63.8835,45.3186],[-64.1681,45.2222],[-64.1603,45.1439],[-64.1406,45.0536],[-64.2565,45.18],[-64.3369,45.156],[-64.3068,45.3487],[-64.4579,45.3909],[-64.7538,45.2282],[-65.2531,44.9753],[-65.7493,44.7412],[-65.6333,44.6932],[-65.721,44.6512],[-65.777,44.7172],[-66.193,44.4892],[-66.159,44.4412],[-65.9982,44.5612],[-65.8408,44.6152],[-65.8566,44.5612],[-65.9845,44.4892],[-66.1895,44.1413],[-66.0009,43.7517],[-65.9387,43.8596],[-65.7816,43.6438],[-65.7126,43.56],[-65.5576,43.6199],[-65.4671,43.518],[-65.4283,43.6498],[-65.3189,43.7517],[-65.2487,43.7037],[-65.2197,43.7637],[-65.1529,43.7637],[-65.0874,43.7277],[-64.9876,43.7577],[-65.0309,43.8715],[-64.9681,43.8236],[-64.8705,43.8596],[-64.9076,43.9375],[-64.8351,43.8835],[-64.842,43.9794],[-64.7547,44.0034],[-64.649,44.0574],[-64.7063,44.1293],[-64.3608,44.3332],[-64.2823,44.3032],[-64.2361,44.3572],[-64.2506,44.4532],[-64.3911,44.4892],[-64.2863,44.5072],[-64.3058,44.6152],[-64.1465,44.6272],[-64.0876,44.5132],[-63.9967,44.5672],[-63.8878,44.7292],[-63.9021,44.5732],[-63.8259,44.5492],[-63.7897,44.5132],[-63.5589,44.5132],[-63.5165,44.5972],[-63.4185,44.6332],[-63.3877,44.7472],[-63.3033,44.6632],[-63.23,44.7832],[-63.1067,44.8313],[-63.0533,44.7112],[-62.8152,44.7712],[-62.7945,44.7952],[-62.4769,44.9213],[-62.4362,44.8733],[-62.2705,44.9874],[-62.0681,45.0054],[-62.0105,45.0717],[-61.811,45.0777],[-61.8363,45.1258],[-61.6337,45.1439],[-61.6828,45.2162],[-61.5789,45.1981],[-61.3471,45.1981],[-61.4001,45.2403],[-61.2652,45.3005],[-61.1928,45.2463],[-60.9584,45.3005],[-61.0321,45.3788],[-61.4034,45.3909],[-61.4437,45.4391],[-61.2615,45.5536],[-61.4812,45.7405],[-61.7234,45.6863],[-61.8932,45.7586],[-61.9398,45.9215],[-62.0763,45.8853],[-62.3896,45.7224],[-62.4999,45.7164],[-62.617,45.7285],[-62.7261,45.6802],[-62.6331,45.7707],[-62.7416,45.819],[-63.1211,45.8491],[-63.0874,45.8009],[-63.2756,45.7828],[-63.336,45.8612],[-63.4312,45.8551],[-63.4922,45.9155],[-63.7484,45.8793],[-63.8435,45.9879],[-64.08,46.0543],[-64.0587,46.1147],[-63.8909,46.1086],[-63.7492,46.169],[-64.0763,46.2354],[-64.0945,46.2052],[-64.1639,46.2475],[-64.5348,46.2717],[-64.5388,46.3381],[-64.6966,46.5435],[-64.7181,46.6342],[-64.6898,46.6947],[-64.7973,46.7552],[-64.8505,46.7189],[-64.8916,46.9124],[-64.8075,47.0395],[-64.8422,47.1242],[-65.3896,47.1303],[-64.9801,47.3301],[-64.9469,47.4331],[-64.8736,47.4391],[-64.9239,47.5603],[-64.8201,47.6755],[-64.6579,47.7785],[-64.8251,47.8513],[-65.0404,47.7846],[-65.0279,47.8817],[-65.6123,47.6634],[-65.6454,47.7058],[-65.7607,47.9059],[-65.8372,47.9605],[-66.3457,48.0637],[-66.4715,48.0994],[-66.1814,48.1848],[-65.8546,48.2051],[-65.4744,48.1013],[-65.2131,48.1214],[-64.8742,48.3245],[-64.3977,48.4561],[-64.2509,48.5545],[-64.1943,48.6526],[-64.2592,48.8618],[-64.3205,48.9467],[-64.5497,49.0771],[-64.9524,49.2073],[-65.3674,49.2326],[-66.0299,49.1659],[-66.4934,49.0602],[-66.9727,48.9546]]]]},"properties":{"NAME":"Mi'kma'ki","SUBJECTO":"Mi'kma'ki","PARTOF":"Mi'kma'ki","BORDERPRECISION":3,"LINK":null}},
{"type":"Feature","geometry":{"type":"Polygon","coordinates":[[[-120.2011,40.2377],[-120.5037,40.6723],[-120.5108,40.6825],[-121.5412,40.5699],[-121.3948,40.3278],[-121.977,40.0612],[-121.9972,40.0519],[-121.9862,39.5951],[-121.9803,39.3481],[-121.7326,39.0328],[-121.1358,39.4607],[-120.9556,39.7085],[-120.4939,39.7704],[-120.3907,39.6627],[-120.3644,39.6353],[-120.1617,39.7423],[-120.1901,40.0992],[-120.2011,40.2377]]]},"properties":{"NAME":"Maiou","SUBJECTO":"Maiou","PARTOF":"Maiou","BORDERPRECISION":3,"LINK":null}},
{"type":"Feature","geometry":{"type":"Polygon","coordinates":[[[-119.4801,38.3156],[-119.5024,38.3656],[-120.1076,38.8699],[-120.1167,38.8775],[-120.9699,38.8861],[-121.3069,38.7026],[-121.5117,38.6984],[-121.5458,38.3699],[-121.9383,38.1779],[-121.8231,37.8793],[-121.1747,38.1353],[-120.7822,38.2248],[-120.2733,37.7699],[-119.8181,37.3631],[-119.7365,37.3947],[-119.7216,37.4924],[-119.7025,37.6181],[-119.6118,37.6394],[-119.3665,37.968],[-119.3403,38.003],[-119.4801,38.3156]]]},"properties":{"NAME":"Miwok","SUBJECTO":"Miwok","PARTOF":"Miwok","BORDERPRECISION":3,"LINK":null}},
{"type":"Feature","geometry":{"type":"Polygon","coordinates":[[[-122.0151,44.3497],[-122.1085,44.3518],[-122.5883,44.3628],[-122.9952,45.6297],[-122.9967,45.6343],[-123.3516,45.5375],[-123.3591,45.5355],[-123.5567,44.7647],[-123.2339,43.5064],[-122.6805,43.4998],[-122,43.5058],[-121.9295,43.5064],[-122.0143,44.3417],[-122.0151,44.3497]]]},"properties":{"NAME":"Kalapuya","SUBJECTO":"Kalapuya","PARTOF":"Kalapuya","BORDERPRECISION":3,"LINK":null}},
{"type":"Feature","geometry":{"type":"Polygon","coordinates":[[[-120.3945,42.09],[-121.3827,42.3272],[-121.401,42.3201],[-121.8843,42.133],[-122.1996,42.011],[-122.1944,41.9958],[-121.9888,41.3917],[-121.9684,41.3974],[-120.4997,41.8115],[-120.4933,41.8133],[-120.3945,42.09]]]},"properties":{"NAME":"Modoc","SUBJECTO":"Modoc","PARTOF":"Modoc","BORDERPRECISION":3,"LINK":null}},
{"type":"Feature","geometry":{"type":"Polygon","coordinates":[[[-119.0424,35.2175],[-118.7338,34.593],[-117.9328,34.6224],[-116.8821,34.1594],[-115.2362,34.0125],[-115.4933,34.593],[-116.2134,34.7105],[-116.4559,35.1955],[-116.1326,35.46],[-116.5808,35.7539],[-117.5067,35.1147],[-118.2121,35.3864],[-118.4031,35.46],[-119.0424,35.2175]]]},"properties":{"NAME":"Serano","SUBJECTO":"Serano","PARTOF":"Serano","BORDERPRECISION":3,"LINK":null}},
{"type":"Feature","geometry":{"type":"Polygon","coordinates":[[[-122.7169,38.9924],[-122.7815,39.5299],[-122.9794,39.549],[-123.1113,39.7141],[-123.9329,39.821],[-123.8197,39.6074],[-123.8921,39.4138],[-123.7449,39.076],[-123.7963,39.0304],[-123.741,38.9668],[-123.4605,38.7041],[-123.2472,38.5517],[-122.6908,38.6982],[-122.9134,38.9808],[-122.7155,38.9808],[-122.7169,38.9924]]]},"properties":{"NAME":"Pomo","SUBJECTO":"Pomo","PARTOF":"Pomo","BORDERPRECISION":3,"LINK":null}},
{"type":"Feature","geometry":{"type":"Polygon","coordinates":[[[-111.5487,45.5067],[-112.0407,45.3173],[-112.399,45.2267],[-113.3506,45.3409],[-113.4292,45.3584],[-114.2052,45.5308],[-116.1242,44.706],[-116.1602,43.0174],[-116.3635,42.7252],[-116.8809,41.9814],[-117.1241,41.2405],[-117.1061,40.9281],[-117.5746,39.4695],[-117.7367,38.6933],[-117.7007,37.8162],[-118.007,37.3879],[-117.8989,36.8204],[-118.0083,36.6215],[-118.034,36.5748],[-117.9799,36.1831],[-117.9081,35.7801],[-117.505,35.951],[-117.474,36.3716],[-117.1205,36.5312],[-117.0647,36.7104],[-116.8786,36.7501],[-116.7548,36.8276],[-116.2053,36.4662],[-115.9554,36.4704],[-115.7729,36.4734],[-115.6558,36.7266],[-115.6828,37.5452],[-115.3945,38.2702],[-114.6378,38.6863],[-113.7279,38.8408],[-113.5208,38.8759],[-113.5171,38.8859],[-113.4126,39.1698],[-112.6019,39.6778],[-112.2415,40.3127],[-111.8722,40.5664],[-109.557,40.8941],[-107.8364,40.9145],[-106.4861,40.8878],[-105.1169,40.8608],[-105.0881,40.8602],[-105.1737,40.9294],[-105.2553,41.0282],[-106.2524,41.8018],[-106.526,42.1219],[-106.8227,43.7149],[-107.0351,43.8595],[-107.1798,43.958],[-107.309,43.977],[-107.7495,44.0416],[-109.0257,44.4898],[-110.2791,44.7481],[-110.9628,45.0671],[-111.5487,45.5067]]]},"properties":{"NAME":"Shoshoni","SUBJECTO":"Shoshoni","PARTOF":"Shoshoni","BORDERPRECISION":3,"LINK":null}},
{"type":"Feature","geometry":{"type":"Polygon","coordinates":[[[-121.8231,37.8793],[-121.5153,37.5965],[-121.4346,37.4045],[-121.1522,37.3564],[-121.0614,36.9303],[-120.9303,36.9061],[-120.8295,36.6233],[-120.9202,36.5585],[-120.6883,36.4207],[-120.5975,36.2419],[-120.3353,36.079],[-120.1739,35.875],[-119.7407,35.5663],[-119.6797,35.5228],[-119.3973,35.2844],[-119.0424,35.2175],[-118.4031,35.46],[-118.5779,35.4271],[-118.6089,35.629],[-118.5702,36.1524],[-118.7619,36.25],[-118.5501,36.4369],[-118.6408,36.8173],[-119.2056,36.9545],[-119.5284,37.4125],[-119.5714,37.6489],[-119.6118,37.6394],[-119.7025,37.6181],[-119.7216,37.4924],[-119.7365,37.3947],[-119.8181,37.3631],[-120.2733,37.7699],[-120.7822,38.2248],[-121.1747,38.1353],[-121.8231,37.8793]]]},"properties":{"NAME":"Yokuts","SUBJECTO":"Yokuts","PARTOF":"Yokuts","BORDERPRECISION":3,"LINK":null}},
{"type":"Feature","geometry":{"type":"Polygon","coordinates":[[[-116.5808,35.7539],[-116.705,35.9861],[-116.5872,36.1866],[-116.7918,36.4165],[-116.8786,36.7501],[-117.0647,36.7104],[-117.1205,36.5312],[-117.474,36.3716],[-117.505,35.951],[-117.9081,35.7801],[-118.6089,35.629],[-118.5779,35.4271],[-118.4031,35.46],[-118.2121,35.3864],[-117.5067,35.1147],[-116.5808,35.7539]]]},"properties":{"NAME":"Kawahsu","SUBJECTO":"Kawahsu","PARTOF":"Kawahsu","BORDERPRECISION":3,"LINK":null}},
{"type":"Feature","geometry":{"type":"Polygon","coordinates":[[[-77.2535,-2.7591],[-77.2535,-2.0979],[-77.8537,-1.6672],[-78.5616,-2.1287],[-78.3923,-2.9128],[-77.8999,-3.1125],[-77.2535,-2.7591]]]},"properties":{"NAME":"Shuar","SUBJECTO":"Shuar","PARTOF":"Shuar","BORDERPRECISION":3,"LINK":null}},
{"type":"Feature","geometry":{"type":"Polygon","coordinates":[[[-97.5361,28.6915],[-98.4232,29.6938],[-99.7755,30.7757],[-100.1061,31.0401],[-100.3042,31.1234],[-101.2709,29.6675],[-100.8566,29.347],[-100.8187,29.3017],[-100.3349,28.7231],[-98.1737,28.2452],[-98.0871,28.2972],[-97.6526,28.5579],[-97.5361,28.6915]]]},"properties":{"NAME":"Lipan","SUBJECTO":"Lipan","PARTOF":"Lipan","BORDERPRECISION":3,"LINK":null}},
{"type":"Feature","geometry":{"type":"Polygon","coordinates":[[[-92.4599,30.5836],[-92.4746,30.8521],[-92.7369,31.2502],[-92.6994,31.6147],[-92.2947,31.7933],[-91.8451,31.8378],[-91.626,31.9386],[-91.626,32.9571],[-92.1167,33.9034],[-92.8465,34.6553],[-92.8489,34.6578],[-94.2047,34.6057],[-94.9368,34.6206],[-95.4159,34.7395],[-95.351,34.0475],[-95.3542,34.0142],[-95.3923,33.6138],[-95.2337,33.5369],[-95.0019,33.4245],[-94.6016,32.6654],[-94.5184,32.5077],[-95.2261,32.2754],[-95.527,32.0075],[-95.5605,31.6696],[-95.4682,31.216],[-95.1282,31.0097],[-94.7075,30.7545],[-93.4683,30.6007],[-93.1265,30.4981],[-92.4599,30.5836]]]},"properties":{"NAME":"Caddo","SUBJECTO":"Caddo","PARTOF":"Caddo","BORDERPRECISION":3,"LINK":null}},
{"type":"Feature","geometry":{"type":"Polygon","coordinates":[[[-97.8073,38.777],[-97.1604,38.2941],[-96.7343,38.4884],[-95.7423,38.6782],[-94.9192,38.7852],[-94.4738,38.79],[-94.5348,39.1599],[-94.7691,39.1599],[-95.065,39.5698],[-94.8924,39.8543],[-95.0773,39.8259],[-95.2592,39.9596],[-95.6392,39.9546],[-96.0235,40.0172],[-96.3213,40.1238],[-96.6,40.1421],[-97.043,40.2494],[-97.0793,40.1148],[-97.3341,39.7598],[-97.6071,39.3139],[-97.7709,38.9226],[-97.8073,38.777]]]},"properties":{"NAME":"Kansa","SUBJECTO":"Kansa","PARTOF":"Kansa","BORDERPRECISION":3,"LINK":null}},
{"type":"Feature","geometry":{"type":"Polygon","coordinates":[[[-95.351,34.0475],[-95.4159,34.7395],[-94.9368,34.6206],[-94.2047,34.6057],[-92.8489,34.6578],[-92.8465,34.6553],[-92.6215,35.0459],[-91.8373,35.7197],[-91.5253,36.2927],[-91.3398,36.6047],[-90.807,37.1753],[-90.5281,37.9386],[-91.6235,38.4567],[-91.626,38.4695],[-94.4732,38.7861],[-94.4738,38.79],[-94.9192,38.7852],[-95.7423,38.6782],[-96.7343,38.4884],[-97.1604,38.2941],[-97.0525,38.2135],[-96.586,37.2485],[-96.7469,36.6855],[-97.4063,35.5757],[-97.5095,34.8841],[-96.7763,34.8738],[-96.0017,35.1939],[-95.4543,35.132],[-95.351,34.0475]]]},"properties":{"NAME":"Osage","SUBJECTO":"Osage","PARTOF":"Osage","BORDERPRECISION":3,"LINK":null}},
{"type":"Feature","geometry":{"type":"Polygon","coordinates":[[[-90.7627,32.9699],[-90.7109,33.3771],[-90.704,33.4309],[-90.4804,33.8839],[-90.4639,33.9174],[-89.7957,35.0191],[-89.8688,35.5899],[-89.6705,36.1904],[-89.5243,36.3504],[-89.4825,36.51],[-89.1036,36.9482],[-90.8093,37.1688],[-90.807,37.1753],[-91.3398,36.6047],[-91.5253,36.2927],[-91.8373,35.7197],[-92.6215,35.0459],[-92.8465,34.6553],[-92.1167,33.9034],[-91.626,32.9571],[-90.7627,32.9699]]]},"properties":{"NAME":"Quapaw","SUBJECTO":"Quapaw","PARTOF":"Quapaw","BORDERPRECISION":3,"LINK":null}},
{"type":"Feature","geometry":{"type":"Polygon","coordinates":[[[-103.9945,47.6363],[-103.3354,47.6104],[-101.9109,47.1576],[-101.3756,47.5655],[-100.4723,47.6858],[-99.0651,47.9346],[-98.7164,48.2791],[-98.3525,48.6049],[-98.4877,52.3525],[-100.0897,52.3086],[-101.1221,52.8279],[-102.5873,53.5647],[-106.2773,51.5166],[-108.6423,50.2039],[-106.189,47.9058],[-105.8034,47.8585],[-105.0073,47.7607],[-104.5964,47.7102],[-103.9945,47.6363]]]},"properties":{"NAME":"Assiniboin","SUBJECTO":"Assiniboin","PARTOF":"Assiniboin","BORDERPRECISION":3,"LINK":null}},
{"type":"Feature","geometry":{"type":"Polygon","coordinates":[[[-110.1762,46.7797],[-110.1907,47.9881],[-110.532,49.155],[-109.6445,49.6476],[-110.6111,50.3374],[-114.0826,49.7737],[-114.0349,49.6243],[-113.6771,48.5039],[-113.4291,47.7275],[-112.5919,46.6732],[-113.4292,45.3584],[-113.3506,45.3409],[-112.399,45.2267],[-112.0407,45.3173],[-111.5487,45.5067],[-110.1762,46.7797]]]},"properties":{"NAME":"Blackfoot","SUBJECTO":"Blackfoot","PARTOF":"Blackfoot","BORDERPRECISION":3,"LINK":null}},
{"type":"Feature","geometry":{"type":"Polygon","coordinates":[[[-106.189,47.9058],[-108.6423,50.2039],[-109.6445,49.6476],[-110.532,49.155],[-110.1907,47.9881],[-110.1762,46.7797],[-110.1624,46.7925],[-107.8118,47.1943],[-106.2849,47.9176],[-106.189,47.9058]]]},"properties":{"NAME":"Gros Ventre","SUBJECTO":"Gros Ventre","PARTOF":"Gros Ventre","BORDERPRECISION":3,"LINK":null}},
{"type":"Feature","geometry":{"type":"Polygon","coordinates":[[[-97.043,40.2494],[-96.6,40.1421],[-96.3213,40.1238],[-96.0235,40.0172],[-95.6392,39.9546],[-95.2592,39.9596],[-95.3732,40.0433],[-95.3979,40.2601],[-95.2376,40.6354],[-95.0157,40.6821],[-95.4888,40.8246],[-95.6455,40.943],[-96.1055,40.9504],[-96.4873,41.1055],[-96.5185,41.211],[-96.7234,41.1916],[-96.7152,41.1886],[-96.8154,40.8064],[-97.0156,40.3514],[-97.043,40.2494]]]},"properties":{"NAME":"Oto","SUBJECTO":"Oto","PARTOF":"Oto","BORDERPRECISION":3,"LINK":null}},
{"type":"Feature","geometry":{"type":"Polygon","coordinates":[[[-92.4525,42.6906],[-93.1101,42.7656],[-94.0205,42.6433],[-94.0263,42.6289],[-94.1086,42.4269],[-94.353,42.2783],[-94.6568,42.0937],[-95.7349,41.9721],[-95.7531,41.9701],[-96.098,41.9373],[-96.2132,41.9264],[-96.5852,41.4366],[-96.5185,41.211],[-96.4873,41.1055],[-96.1055,40.9504],[-95.6455,40.943],[-95.4888,40.8246],[-95.0157,40.6821],[-94.324,40.4139],[-93.7088,40.1753],[-93.35,40.2387],[-92.7955,40.3367],[-92.038,40.8697],[-91.6827,41.2028],[-91.3275,41.5359],[-91.3676,42.1082],[-91.4105,42.1312],[-91.4163,42.1725],[-92.4525,42.6906]]]},"properties":{"NAME":"Iowa","SUBJECTO":"Iowa","PARTOF":"Iowa","BORDERPRECISION":3,"LINK":null}},
{"type":"Feature","geometry":{"type":"Polygon","coordinates":[[[-91.135,43.9341],[-91.1337,43.9346],[-91.7838,44.5749],[-92.7915,45.4245],[-93.528,46.1005],[-93.4763,46.3418],[-93.3471,47.2353],[-93.8639,47.646],[-95.0655,47.6547],[-96.7955,47.1654],[-96.7968,47.165],[-96.4867,46.8567],[-96.5125,46.6442],[-97.1973,45.903],[-97.236,45.3428],[-95.9053,44.63],[-95.8259,44.5121],[-95.8126,44.5131],[-94.5851,44.212],[-94.6661,43.7835],[-93.9945,43.2508],[-94.0263,42.6289],[-94.0205,42.6433],[-93.1101,42.7656],[-92.4525,42.6906],[-91.816,43.1199],[-91.135,43.9341]]]},"properties":{"NAME":"Santee","SUBJECTO":"Santee","PARTOF":"Santee","BORDERPRECISION":3,"LINK":null}},
{"type":"Feature","geometry":{"type":"Polygon","coordinates":[[[-100.2115,46.3544],[-100.287,46.6248],[-100.305,46.8992],[-101.5763,46.8229],[-101.272,46.3463],[-100.2115,46.3544]]]},"properties":{"NAME":"Mandan","SUBJECTO":"Mandan","PARTOF":"Mandan","BORDERPRECISION":3,"LINK":null}},
{"type":"Feature","geometry":{"type":"Polygon","coordinates":[[[-99.9786,44.7878],[-99.8195,44.5247],[-99.655,44.5164],[-97.2834,44.3973],[-95.8259,44.5121],[-95.9053,44.63],[-97.236,45.3428],[-97.1973,45.903],[-96.5125,46.6442],[-96.4867,46.8567],[-96.7968,47.165],[-96.7955,47.1654],[-97.1518,47.1654],[-98.1342,47.5966],[-98.7164,48.2791],[-99.0651,47.9346],[-100.4723,47.6858],[-100.305,46.8992],[-100.287,46.6248],[-100.2115,46.3544],[-99.9786,44.7878]]]},"properties":{"NAME":"Yankontai","SUBJECTO":"Yankontai","PARTOF":"Yankontai","BORDERPRECISION":3,"LINK":null}},
{"type":"Feature","geometry":{"type":"Polygon","coordinates":[[[-98.7164,48.2791],[-98.1342,47.5966],[-97.1518,47.1654],[-96.7955,47.1654],[-95.0655,47.6547],[-93.8639,47.646],[-93.3471,47.2353],[-93.4763,46.3418],[-93.528,46.1005],[-92.7915,45.4245],[-91.7838,44.5749],[-91.1337,43.9346],[-91.0557,43.9613],[-90.7041,44.0817],[-90.4357,44.4013],[-90.3202,44.8943],[-90.017,45.3324],[-91.4079,46.7556],[-91.4138,46.803],[-91.558,46.7615],[-91.8682,46.7078],[-92.0225,46.7346],[-92.111,46.7337],[-92.1339,46.705],[-92.1492,46.6957],[-92.1568,46.7056],[-92.1636,46.7105],[-92.1696,46.7103],[-92.1629,46.7002],[-92.1434,46.68],[-92.1454,46.6776],[-92.1689,46.6929],[-92.1866,46.6881],[-92.1985,46.6629],[-92.2161,46.649],[-92.2395,46.6464],[-92.256,46.6469],[-92.2655,46.6505],[-91.8969,46.8908],[-91.1503,47.3676],[-91.1254,47.3798],[-90.4567,47.7051],[-89.8159,47.9034],[-89.5167,48.0037],[-89.5592,48.006],[-89.5426,48.0199],[-89.5016,48.0542],[-89.3441,48.1482],[-89.2556,48.2498],[-89.236,48.3589],[-89.1136,48.4539],[-88.8883,48.5347],[-88.8165,48.5071],[-88.8983,48.3711],[-88.8917,48.3144],[-88.8364,48.3276],[-88.7967,48.3371],[-88.7795,48.3572],[-88.6802,48.4732],[-88.5421,48.7228],[-88.43,48.825],[-88.3442,48.7798],[-88.3641,48.7023],[-88.4897,48.5926],[-88.5544,48.5058],[-88.5564,48.4733],[-88.5583,48.442],[-88.5269,48.4496],[-88.4682,48.5192],[-88.4602,48.5287],[-88.3959,48.5678],[-88.3753,48.5675],[-88.3342,48.5669],[-88.312,48.5865],[-88.3169,48.5979],[-88.3292,48.6265],[-88.3022,48.6323],[-88.2731,48.6207],[-88.231,48.6039],[-88.1695,48.6364],[-88.1396,48.6901],[-88.1176,48.7296],[-88.1258,48.7925],[-88.1941,48.825],[-88.2361,48.8715],[-88.2517,48.9321],[-88.2047,48.9765],[-88.095,49.0046],[-87.8474,48.9537],[-87.7173,48.9098],[-81.5064,52.1412],[-81.7474,52.1701],[-81.7129,52.3297],[-81.7338,52.5491],[-81.8524,52.7086],[-81.9875,52.8039],[-92.1351,52.5263],[-98.4877,52.3525],[-98.3525,48.6049],[-98.7164,48.2791]]]},"properties":{"NAME":"Obiwa","SUBJECTO":"Obiwa","PARTOF":"Obiwa","BORDERPRECISION":3,"LINK":null}},
{"type":"Feature","geometry":{"type":"Polygon","coordinates":[[[-111.1778,35.4762],[-111.1852,35.4546],[-110.3895,35.1652],[-109.8832,35.5848],[-110.4619,36.2357],[-110.9948,36.0096],[-111.1778,35.4762]]]},"properties":{"NAME":"Hopie","SUBJECTO":"Hopie","PARTOF":"Hopie","BORDERPRECISION":3,"LINK":null}},
{"type":"Feature","geometry":{"type":"Polygon","coordinates":[[[-113.031,33.0882],[-112.774,33.1369],[-112.7262,33.1459],[-112.718,33.3839],[-111.7704,33.492],[-111.2319,33.5535],[-111.2082,33.5562],[-111.289,33.9111],[-111.3969,34.3849],[-111.545,34.3968],[-111.8072,34.4177],[-111.9467,34.7295],[-111.8777,35.1053],[-111.8728,35.1316],[-112.8237,35.1562],[-112.8246,35.1562],[-113.1529,34.7213],[-113.5877,34.5819],[-114.1439,34.8325],[-114.1703,34.8444],[-113.9406,34.3521],[-114.2553,33.421],[-114.3344,33.1869],[-113.8281,32.9496],[-113.8093,32.9408],[-113.031,33.0882]]]},"properties":{"NAME":"Yavapai","SUBJECTO":"Yavapai","PARTOF":"Yavapai","BORDERPRECISION":3,"LINK":null}},
{"type":"Feature","geometry":{"type":"Polygon","coordinates":[[[-106.6821,32.0948],[-106.4454,31.7592],[-106.1813,31.7378],[-104.7849,30.5861],[-104.2063,29.6175],[-103.7408,29.234],[-102.9609,29.3437],[-102.7218,29.7486],[-101.7281,29.8032],[-101.2709,29.6675],[-100.3042,31.1234],[-103.3665,32.3864],[-103.6189,32.786],[-103.637,32.9087],[-103.8293,34.2164],[-104.3552,34.8896],[-104.1675,35.39],[-104.229,35.3523],[-105.3639,35.8284],[-105.4268,35.2658],[-105.7881,34.7726],[-105.79,34.7707],[-106.0643,34.4847],[-106.5868,33.9802],[-106.9893,33.2534],[-107.1284,33.2155],[-107.2067,33.1941],[-107.3196,33.1633],[-107.2841,32.6559],[-107.103,32.6101],[-106.9136,32.4231],[-106.6821,32.0948]]]},"properties":{"NAME":"Mescalero","SUBJECTO":"Mescalero","PARTOF":"Mescalero","BORDERPRECISION":3,"LINK":null}},
{"type":"Feature","geometry":{"type":"Polygon","coordinates":[[[-103.3034,35.9203],[-102.8749,36.3799],[-102.8749,37.6023],[-104.1616,37.7793],[-104.632,36.9735],[-105.2685,36.4527],[-105.3153,36.1431],[-105.3639,35.8284],[-104.229,35.3523],[-104.1675,35.39],[-103.3034,35.9203]]]},"properties":{"NAME":"Jicarilla","SUBJECTO":"Jicarilla","PARTOF":"Jicarilla","BORDERPRECISION":3,"LINK":null}},
{"type":"Feature","geometry":{"type":"Polygon","coordinates":[[[-105.9313,37.1282],[-104.632,36.9735],[-104.1616,37.7793],[-104.2581,39.8219],[-105.1169,40.8608],[-106.4861,40.8878],[-107.8364,40.9145],[-109.557,40.8941],[-111.8722,40.5664],[-112.2415,40.3127],[-112.6019,39.6778],[-113.4126,39.1698],[-113.5171,38.8859],[-113.3385,38.7828],[-112.4609,38.6752],[-112.1976,38.2236],[-111.7463,37.8682],[-111.1195,37.8583],[-110.8437,37.1821],[-110.3384,37.1737],[-110.3172,37.3352],[-109.8688,37.0892],[-109.3335,37.1905],[-108.7983,36.7854],[-108.0316,36.6119],[-107.8005,36.7197],[-107.3806,36.9156],[-106.4548,37.1905],[-106.3795,37.1815],[-105.9313,37.1282]]]},"properties":{"NAME":"Ute","SUBJECTO":"Ute","PARTOF":"Ute","BORDERPRECISION":3,"LINK":null}},
{"type":"Feature","geometry":{"type":"Polygon","coordinates":[[[-115.9554,36.4704],[-114.926,35.5566],[-114.7279,35.7424],[-114.6656,35.8008],[-114.7663,36.1917],[-114.2227,36.0535],[-114.0214,36.2161],[-113.4074,35.8008],[-113.3711,35.889],[-113.2665,36.1429],[-112.582,36.3783],[-111.7868,36.0209],[-111.1973,35.4658],[-111.1778,35.4762],[-110.9948,36.0096],[-110.4619,36.2357],[-110.3384,37.1737],[-110.8437,37.1821],[-111.1195,37.8583],[-111.7463,37.8682],[-112.1976,38.2236],[-112.4609,38.6752],[-113.3385,38.7828],[-113.5171,38.8859],[-113.5208,38.8759],[-113.7279,38.8408],[-114.6378,38.6863],[-115.3945,38.2702],[-115.6828,37.5452],[-115.6558,36.7266],[-115.7729,36.4734],[-115.9554,36.4704]]]},"properties":{"NAME":"Southern Paiute","SUBJECTO":"Southern Paiute","PARTOF":"Southern Paiute","BORDERPRECISION":3,"LINK":null}},
{"type":"Feature","geometry":{"type":"Polygon","coordinates":[[[-117.3945,44.7915],[-117.9939,44.9244],[-118.3425,44.8929],[-118.9953,44.9296],[-118.9966,44.9339],[-119.4152,44.7689],[-119.4668,44.7651],[-120.747,44.6722],[-120.8107,44.6556],[-122.0143,44.3417],[-121.9295,43.5064],[-122,43.5058],[-121.9024,43.3097],[-121.8852,43.3058],[-121.2923,43.1709],[-120.7941,42.7155],[-120.3945,42.09],[-120.4933,41.8133],[-120.4997,41.8115],[-120.2628,41.748],[-120.1991,41.1747],[-120.434,40.9703],[-120.4753,40.9343],[-120.5037,40.6723],[-120.2011,40.2377],[-120.1901,40.0992],[-119.9335,40.0049],[-119.5722,39.4],[-119.3598,38.8643],[-119.4801,38.3156],[-119.3403,38.003],[-119.3665,37.968],[-118.9134,37.6559],[-118.3433,37.2426],[-118.3283,37.2318],[-118.0083,36.6215],[-117.8989,36.8204],[-118.007,37.3879],[-117.7007,37.8162],[-117.7367,38.6933],[-117.5746,39.4695],[-117.1061,40.9281],[-117.1241,41.2405],[-116.8809,41.9814],[-116.3635,42.7252],[-116.1602,43.0174],[-116.1242,44.706],[-116.3032,44.7145],[-117.0037,44.7475],[-117.3945,44.7915]]]},"properties":{"NAME":"Northern Paiute","SUBJECTO":"Northern Paiute","PARTOF":"Northern Paiute","BORDERPRECISION":3,"LINK":null}},
{"type":"Feature","geometry":{"type":"Polygon","coordinates":[[[-78.1337,42.4035],[-77.279,42.2415],[-76.0193,42.1875],[-75.3657,42.0613],[-75.296,42.1766],[-75.0908,42.4469],[-74.6038,42.6445],[-73.6997,43.2459],[-73.6616,43.2713],[-73.3626,43.7329],[-73.3108,43.8128],[-73.2001,44.2989],[-73.1078,44.6558],[-72.9961,45.0218],[-74.7776,45.0218],[-75.7764,44.4189],[-76.0164,44.3178],[-76.0154,44.2859],[-76.1035,44.2218],[-76.2811,44.1435],[-76.2985,44.1239],[-76.3478,44.0685],[-76.3035,43.9969],[-76.2624,43.9909],[-76.2447,44.0187],[-76.2245,44.0505],[-76.182,44.0718],[-76.1349,44.0547],[-76.1336,44.0267],[-76.1781,43.9877],[-76.1791,43.9859],[-76.1898,43.9661],[-76.1688,43.9617],[-76.1468,43.9698],[-76.1357,43.9739],[-76.0906,44.0026],[-76.0624,44.014],[-76.051,44.008],[-76.0854,43.9661],[-76.1037,43.9483],[-76.1655,43.8882],[-76.2189,43.8574],[-76.2455,43.8737],[-76.2689,43.8712],[-76.289,43.8498],[-76.2634,43.7932],[-76.192,43.7013],[-76.1739,43.6252],[-76.2092,43.5647],[-76.2743,43.5312],[-76.3693,43.5247],[-76.519,43.4593],[-76.7236,43.3348],[-76.7695,43.3146],[-76.8625,43.2737],[-76.9357,43.2758],[-76.9607,43.2636],[-76.9375,43.237],[-77.0297,43.238],[-77.2374,43.2664],[-77.2674,43.267],[-77.3893,43.2696],[-77.4833,43.248],[-77.4855,43.2475],[-77.53,43.221],[-77.523,43.1902],[-77.5795,43.2164],[-77.6998,43.2996],[-77.7607,43.3205],[-78.0348,43.3662],[-78.9795,43.2312],[-78.7636,42.7544],[-79.0065,42.6104],[-78.1337,42.4035]]]},"properties":{"NAME":"Iroquois","SUBJECTO":"Iroquois","PARTOF":"Iroquois","BORDERPRECISION":3,"LINK":null}},
{"type":"Feature","geometry":{"type":"Polygon","coordinates":[[[-87.9736,44.3699],[-89.3241,44.9148],[-90.017,45.3324],[-90.3202,44.8943],[-90.4357,44.4013],[-90.7041,44.0817],[-88.1355,44.0518],[-87.9237,44.3497],[-87.9736,44.3699]]]},"properties":{"NAME":"Fox","SUBJECTO":"Fox","PARTOF":"Fox","BORDERPRECISION":3,"LINK":null}},
{"type":"Feature","geometry":{"type":"Polygon","coordinates":[[[-83.2528,36.669],[-82.9092,36.3615],[-83.1589,35.9583],[-83.9329,35.5327],[-84.295,35.2274],[-85.0441,34.972],[-85.094,34.1908],[-85.0066,33.9219],[-84.4073,33.8805],[-84.2076,33.9116],[-83.6957,34.0461],[-82.5597,34.9004],[-82.4915,35.0017],[-81.9979,35.7357],[-80.6745,36.7826],[-80.5821,36.8718],[-80.3125,37.1317],[-80.1752,37.6673],[-80.2215,37.6425],[-80.7494,37.3603],[-81.5235,37.261],[-81.8769,37.3632],[-81.8796,37.3458],[-83.2528,36.669]]]},"properties":{"NAME":"Cherokee","SUBJECTO":"Cherokee","PARTOF":"Cherokee","BORDERPRECISION":3,"LINK":null}},
{"type":"Feature","geometry":{"type":"Polygon","coordinates":[[[-86.6686,35.0957],[-86.2301,34.972],[-85.0513,34.972],[-85.0441,34.972],[-84.295,35.2274],[-83.9329,35.5327],[-83.1589,35.9583],[-82.9092,36.3615],[-83.2528,36.669],[-84.0081,36.2968],[-85.2395,35.6886],[-86.6686,35.0957]]]},"properties":{"NAME":"Yuchi","SUBJECTO":"Yuchi","PARTOF":"Yuchi","BORDERPRECISION":3,"LINK":null}},
{"type":"Feature","geometry":{"type":"Polygon","coordinates":[[[-61.4077,57.0484],[-64.3329,56.951],[-66.0724,50.332],[-65.5815,50.3616],[-65.1687,50.3492],[-64.3259,50.3047],[-63.8501,50.299],[-63.3674,50.3329],[-63.2074,50.3464],[-62.2936,50.3086],[-61.6402,50.2769],[-60.8098,50.334],[-60.1378,50.4117],[-59.7155,50.5115],[-59.44,50.644],[-59.1316,50.8361],[-58.7193,51.1938],[-58.5243,51.3795],[-57.8279,51.4139],[-57.4576,51.4676],[-56.9641,51.4884],[-56.6662,51.6149],[-56.1813,51.8943],[-55.8236,52.021],[-55.659,52.1873],[-56.1097,52.6052],[-55.927,52.8053],[-55.9043,52.9652],[-55.7697,53.1587],[-55.7798,53.2387],[-55.8813,53.3519],[-56.3545,53.5713],[-56.6493,53.6576],[-56.8538,53.5837],[-57.1308,53.483],[-57.2689,53.6163],[-57.2852,53.6698],[-57.1058,53.8706],[-57.263,54.0242],[-57.5611,54.1307],[-58.0769,54.0829],[-58.6401,53.8677],[-59.1808,53.5191],[-59.4729,53.4719],[-59.717,53.4313],[-60.246,53.2768],[-60.1242,53.5173],[-60.1372,53.6843],[-59.9915,53.8049],[-59.863,53.8386],[-59.3987,53.8662],[-59.1062,53.9671],[-58.8436,54.1483],[-58.4681,54.2562],[-58.1699,54.2769],[-57.8386,54.3713],[-57.5154,54.4658],[-57.4329,54.5799],[-58.1155,54.7128],[-58.5572,54.7723],[-59.0798,54.993],[-59.3382,55.0802],[-59.6938,55.1537],[-60.0472,55.1192],[-60.3457,55.0445],[-60.5745,55.071],[-60.3733,55.4225],[-60.3576,55.5104],[-60.4683,55.659],[-60.8728,55.8545],[-61.2499,56.0775],[-61.4578,56.1585],[-61.743,56.1715],[-61.9277,56.273],[-62.0778,56.5037],[-62.1628,56.6123],[-62.2856,56.6937],[-62.3264,56.7685],[-62.1841,56.796],[-61.8488,56.7422],[-61.5446,56.7292],[-61.3606,56.7772],[-61.3353,56.8113],[-61.3506,57.002],[-61.4077,57.0484]]]},"properties":{"NAME":"Montagnais Innu","SUBJECTO":"Montagnais Innu","PARTOF":"Montagnais Innu","BORDERPRECISION":3,"LINK":null}},
{"type":"Feature","geometry":{"type":"Polygon","coordinates":[[[-117.8521,46.3474],[-118.7283,45.8982],[-118.9508,46.0335],[-118.9511,46.0334],[-118.9509,46.0332],[-119.0027,45.8052],[-119.3069,45.468],[-119.0695,45.1707],[-118.9966,44.9339],[-118.9953,44.9296],[-118.3425,44.8929],[-117.9939,44.9244],[-117.3945,44.7915],[-117.7113,45.6364],[-117.5705,46.0236],[-117.8521,46.3474]]]},"properties":{"NAME":"Cayuse","SUBJECTO":"Cayuse","PARTOF":"Cayuse","BORDERPRECISION":3,"LINK":null}},
{"type":"Feature","geometry":{"type":"Polygon","coordinates":[[[-92.7955,40.3367],[-93.35,40.2387],[-93.7088,40.1753],[-94.324,40.4139],[-95.0157,40.6821],[-95.2376,40.6354],[-95.3979,40.2601],[-95.3732,40.0433],[-95.2592,39.9596],[-95.0773,39.8259],[-94.8924,39.8543],[-95.065,39.5698],[-94.7691,39.1599],[-94.5348,39.1599],[-94.4738,38.79],[-94.4732,38.7861],[-91.626,38.4695],[-91.7864,39.2857],[-92.2157,40.0851],[-92.8374,40.3072],[-92.7955,40.3367]]]},"properties":{"NAME":"Missouri","SUBJECTO":"Missouri","PARTOF":"Missouri","BORDERPRECISION":3,"LINK":null}},
{"type":"Feature","geometry":{"type":"Polygon","coordinates":[[[-96.7234,41.1916],[-96.5185,41.211],[-96.5852,41.4366],[-96.2132,41.9264],[-96.098,41.9373],[-96.3453,42.4749],[-97.2718,42.9034],[-97.9666,42.7181],[-98.0116,42.7568],[-98.2931,42.3175],[-98.2533,42.308],[-97.9256,42.035],[-97.5343,42.0077],[-97.1976,41.3615],[-96.7234,41.1916]]]},"properties":{"NAME":"Omaha","SUBJECTO":"Omaha","PARTOF":"Omaha","BORDERPRECISION":3,"LINK":null}},
{"type":"Feature","geometry":{"type":"Polygon","coordinates":[[[-98.2931,42.3175],[-98.0116,42.7568],[-99.4489,43.992],[-99.889,44.2004],[-99.8617,44.3276],[-100.4509,44.1481],[-100.6119,44.0603],[-100.9331,43.8852],[-100.8556,42.7616],[-99.8368,42.6811],[-98.9813,42.4809],[-98.2931,42.3175]]]},"properties":{"NAME":"Ponca","SUBJECTO":"Ponca","PARTOF":"Ponca","BORDERPRECISION":3,"LINK":null}},
{"type":"Feature","geometry":{"type":"Polygon","coordinates":[[[-100.8743,42.763],[-100.9331,43.8852],[-100.6119,44.0603],[-100.4509,44.1481],[-99.8617,44.3276],[-99.8195,44.5247],[-99.9786,44.7878],[-101.1435,44.7154],[-100.9989,45.551],[-101.272,46.3463],[-101.5763,46.8229],[-101.9109,47.1576],[-103.3354,47.6104],[-103.9945,47.6363],[-104.537,47.134],[-104.6977,46.1697],[-104.3488,45.2104],[-104.5526,45.0717],[-104.225,45.2393],[-103.6995,45.3002],[-103.2196,45.1936],[-102.7549,44.8965],[-102.3131,44.4852],[-102.2293,44.1652],[-102.8844,43.2664],[-102.9529,42.9845],[-103.4785,42.6113],[-104.1641,41.9714],[-103.1966,41.6073],[-101.2747,41.1431],[-101.393,41.7165],[-101.5932,41.9895],[-101.4749,42.1988],[-101.0563,42.4172],[-100.8743,42.763]]]},"properties":{"NAME":"Teton","SUBJECTO":"Teton","PARTOF":"Teton","BORDERPRECISION":3,"LINK":null}},
{"type":"Feature","geometry":{"type":"Polygon","coordinates":[[[-120.1748,45.7955],[-119.4668,44.7651],[-119.4152,44.7689],[-118.9966,44.9339],[-119.0695,45.1707],[-119.3069,45.468],[-119.0027,45.8052],[-118.9509,46.0332],[-118.9511,46.0334],[-120.1748,45.7955]]]},"properties":{"NAME":"Umatilla","SUBJECTO":"Umatilla","PARTOF":"Umatilla","BORDERPRECISION":3,"LINK":null}},
{"type":"Feature","geometry":{"type":"Polygon","coordinates":[[[-120.5876,45.7152],[-120.5778,45.6567],[-120.9983,45.6311],[-121.1141,45.3063],[-121.2405,45.2788],[-121.8575,45.1561],[-121.8687,45.0998],[-121.9854,44.5123],[-122.1085,44.3518],[-122.0151,44.3497],[-122.0143,44.3417],[-120.8107,44.6556],[-120.747,44.6722],[-119.4668,44.7651],[-120.1748,45.7955],[-120.5876,45.7152]]]},"properties":{"NAME":"Tenimo","SUBJECTO":"Tenimo","PARTOF":"Tenimo","BORDERPRECISION":3,"LINK":null}},
{"type":"Feature","geometry":{"type":"Polygon","coordinates":[[[-105.4268,35.2658],[-106.1369,35.5423],[-106.2739,35.2734],[-106.4929,35.1228],[-105.7881,34.7726],[-105.4268,35.2658]]]},"properties":{"NAME":"Tano","SUBJECTO":"Tano","PARTOF":"Tano","BORDERPRECISION":3,"LINK":null}},
{"type":"Feature","geometry":{"type":"MultiPolygon","coordinates":[[[[-160.9266,63.9516],[-157.1779,64.0125],[-138.2996,69.1434],[-138.9955,69.3683],[-139.9007,69.571],[-140.3346,69.6232],[-140.7394,69.5846],[-141.0593,69.5955],[-141.1614,69.5989],[-141.704,69.7344],[-142.8025,70.0903],[-143.3076,70.1968],[-144.3603,70.1334],[-145.2725,70.1164],[-145.607,70.1924],[-146.1826,70.2681],[-147.7235,70.3267],[-148.1208,70.3798],[-148.7406,70.494],[-149.2863,70.5392],[-149.9385,70.4995],[-150.6386,70.4751],[-151.1442,70.4818],[-151.7256,70.5347],[-151.915,70.4958],[-152.1371,70.5339],[-152.4895,70.6952],[-152.6512,70.8185],[-152.9712,70.934],[-153.2931,70.9489],[-153.7711,70.9712],[-154.4613,70.9932],[-155.0999,71.0773],[-155.2337,70.984],[-155.4748,70.8519],[-155.6658,70.867],[-156.138,70.9281],[-156.1455,71.0831],[-155.9729,71.1455],[-156.0432,71.223],[-156.3471,71.3313],[-156.474,71.3544],[-156.9047,71.3459],[-157.3179,71.1585],[-157.8119,70.9714],[-158.4169,70.9083],[-158.8552,70.8843],[-159.3694,70.8988],[-160.2403,70.8585],[-160.2483,70.7656],[-159.9096,70.6041],[-159.8391,70.5117],[-159.9047,70.4269],[-160.7166,70.4562],[-161.1876,70.4399],[-161.6974,70.3312],[-162.1772,70.2842],[-162.511,70.1837],[-162.8791,69.9991],[-163.1562,69.7628],[-163.5107,69.5042],[-163.7142,69.2239],[-164.0672,69.0647],[-164.8902,68.935],[-165.3355,68.904],[-166.2968,68.8796],[-166.3354,68.6614],[-166.7011,68.4805],[-166.8435,68.4052],[-165.94,68.1598],[-164.743,67.8633],[-164.5127,67.7967],[-164.044,67.589],[-163.826,67.4482],[-163.7387,67.2183],[-163.0309,67.1752],[-162.5987,67.1612],[-161.9357,67.0884],[-161.7956,66.7486],[-161.2184,66.7276],[-160.3427,66.5965],[-160.0323,66.5676],[-160.0354,66.4866],[-160.1252,66.3393],[-160.5847,66.3164],[-160.923,66.3672],[-161.2614,66.396],[-161.3792,66.359],[-161.6268,66.2263],[-161.9795,66.1156],[-162.2751,66.071],[-162.7585,66.0628],[-163.37,66.1056],[-163.8431,66.1781],[-163.8534,66.3029],[-163.7824,66.5385],[-164.4631,66.5962],[-165.0927,66.4698],[-165.5214,66.366],[-165.9972,66.2034],[-166.4282,66.1072],[-167.0242,65.9595],[-167.73,65.863],[-168.0813,65.7452],[-168.1798,65.6939],[-167.6016,65.6],[-166.9991,65.4917],[-166.1387,65.3548],[-165.6633,65.2465],[-165.8638,65.1661],[-166.3174,65.1652],[-166.6038,65.1501],[-166.6685,65.0846],[-166.586,64.7304],[-166.3477,64.6371],[-165.7407,64.559],[-165.1712,64.5457],[-164.5999,64.6188],[-164.2651,64.605],[-163.8834,64.5913],[-163.0252,64.4417],[-162.8019,64.4709],[-162.5615,64.601],[-162.1366,64.7892],[-161.2906,64.9641],[-161.1257,64.9283],[-160.9022,64.8132],[-160.7897,64.6403],[-160.9439,64.5248],[-161.361,64.5096],[-161.3729,64.4664],[-161.0063,64.1579],[-160.9266,63.9516]]],[[[-171.8584,63.4998],[-171.7277,63.4571],[-171.3226,63.4865],[-170.9664,63.4586],[-170.629,63.3663],[-169.9031,63.0752],[-169.6659,63.2397],[-169.3753,63.2545],[-169.1192,63.2407],[-169.1399,63.2906],[-169.3329,63.3973],[-170.1089,63.5603],[-170.4815,63.6884],[-170.7235,63.6879],[-170.9681,63.6517],[-171.2286,63.6512],[-171.7394,63.7504],[-171.9716,63.7285],[-172.0523,63.5995],[-171.8584,63.4998]]]]},"properties":{"NAME":"Inupiaq","SUBJECTO":"Inupiaq","PARTOF":"Inupiaq","BORDERPRECISION":3,"LINK":null}},
{"type":"Feature","geometry":{"type":"MultiPolygon","coordinates":[[[[-163.0909,55.2727],[-163.2624,55.171],[-163.1997,55.0427],[-162.968,54.9487],[-162.8006,54.9962],[-162.7459,55.0639],[-162.7876,55.1516],[-163.0909,55.2727]]],[[[-160.3557,55.6571],[-160.676,55.7649],[-161.3181,55.8791],[-161.6089,55.8446],[-161.8105,55.7831],[-162.0773,55.5928],[-162.2238,55.4977],[-162.5846,55.3887],[-162.5897,55.2534],[-162.5462,55.1453],[-162.2183,55.1324],[-161.6959,55.3769],[-161.5751,55.4786],[-161.0903,55.5608],[-160.8671,55.5748],[-160.5278,55.5416],[-160.3913,55.5622],[-160.3557,55.6571]]],[[[-166.9272,53.4589],[-166.7419,53.5326],[-166.6428,53.5729],[-166.6101,53.7068],[-166.4932,53.7338],[-166.3835,53.8546],[-166.5797,53.9614],[-166.7706,54.0012],[-167.1484,53.9402],[-167.0026,53.7262],[-166.9272,53.4589]]],[[[-164.5609,54.8313],[-164.7862,54.6897],[-165.0097,54.528],[-164.9488,54.4274],[-164.5645,54.3341],[-164.425,54.4015],[-164.246,54.5966],[-164.0719,54.6575],[-163.5727,54.6315],[-163.3218,54.6992],[-163.2064,54.7372],[-163.3602,54.9211],[-163.5674,55.0218],[-163.7428,55.0619],[-164.1312,54.9061],[-164.5609,54.8313]]],[[[-151.7841,59.9625],[-151.7847,59.9463],[-151.4899,59.711],[-151.448,59.5379],[-151.7723,59.3573],[-151.8007,59.3019],[-151.881,59.1635],[-151.388,59.2128],[-150.9223,59.4142],[-150.501,59.6158],[-150.0211,59.7138],[-149.5812,59.9852],[-149.3256,60.0275],[-149.0619,60.0001],[-148.6999,59.9036],[-148.4935,59.904],[-148.3009,60.1061],[-148.2575,60.2806],[-148.3361,60.4132],[-148.8397,60.5451],[-148.7551,60.6828],[-151.7841,59.9625]]],[[[-154.342,57.4873],[-154.5852,57.3637],[-154.6614,57.2336],[-154.5926,57.1448],[-154.1601,56.9817],[-153.8778,56.9413],[-153.67,56.969],[-153.4921,57.0513],[-153.2712,57.2636],[-153.2264,57.3662],[-153.1771,57.4074],[-152.9116,57.49],[-152.7185,57.4904],[-152.3783,57.5184],[-152.4384,57.6142],[-152.6795,57.7645],[-153.1778,57.8253],[-153.3959,57.8043],[-153.4248,57.6397],[-153.5218,57.5436],[-153.7313,57.4269],[-153.8664,57.4677],[-154.1886,57.6314],[-154.342,57.4873]]],[[[-167.9608,53.4901],[-168.2235,53.59],[-168.3559,53.5495],[-168.5073,53.4289],[-168.554,53.3753],[-168.5141,53.2951],[-168.3743,53.2353],[-168.0407,53.3094],[-167.8654,53.3234],[-167.9608,53.4901]]],[[[-157.1533,58.6857],[-157.1546,58.6703],[-157.2419,58.4911],[-157.5537,58.2703],[-157.6646,57.9334],[-157.6653,57.6042],[-157.7851,57.5081],[-158.1247,57.3432],[-158.4507,57.2127],[-158.6621,57.0756],[-158.671,56.8435],[-158.6173,56.7481],[-159.2487,56.781],[-159.7759,56.5823],[-159.976,56.4185],[-160.1139,56.323],[-160.4573,56.1999],[-160.6066,56.0434],[-160.6074,55.9619],[-160.1694,55.8066],[-159.614,55.8891],[-159.0769,55.992],[-158.7381,56.1896],[-158.6148,56.3667],[-158.5267,56.4485],[-157.9803,56.6539],[-157.7475,56.7702],[-157.3971,56.8459],[-156.9934,56.9149],[-156.4958,57.1002],[-156.4507,57.1755],[-156.6846,57.4007],[-156.3694,57.5656],[-155.9032,57.7173],[-155.5981,57.8962],[-154.9532,58.0347],[-154.6493,58.0765],[-154.4045,58.2488],[-154.2139,58.428],[-153.9636,58.5524],[-153.6823,58.6425],[-153.4886,58.7945],[-153.455,58.8773],[-153.6644,58.9805],[-153.9648,59.0283],[-154.1269,59.0417],[-154.2982,59.1174],[-154.2823,59.2488],[-154.0969,59.4125],[-157.1533,58.6857]]]]},"properties":{"NAME":"Suspiaq","SUBJECTO":"Suspiaq","PARTOF":"Suspiaq","BORDERPRECISION":3,"LINK":null}},
{"type":"Feature","geometry":{"type":"Polygon","coordinates":[[[-154.0969,59.4125],[-153.976,59.5192],[-153.7098,59.6444],[-153.4064,59.7074],[-153.1696,59.7401],[-161.0012,63.6283],[-161.133,63.5628],[-161.5626,63.5406],[-161.9108,63.5256],[-162.4745,63.4102],[-162.7781,63.2169],[-162.9701,63.1025],[-163.3086,63.0377],[-163.527,63.0801],[-163.968,63.2004],[-164.2918,63.2498],[-164.467,63.171],[-164.7045,62.9568],[-164.8779,62.8212],[-165.0296,62.6504],[-165.4312,62.4295],[-165.5335,62.2734],[-165.5792,62.1388],[-165.8021,62.0393],[-165.8341,61.8343],[-166.1895,61.7489],[-165.9092,61.3055],[-165.8981,61.2703],[-165.512,61.257],[-165.4233,61.2642],[-165.1432,61.1804],[-164.5393,60.9497],[-164.3017,60.9432],[-164.0581,61.0419],[-163.8949,61.0422],[-163.6888,60.9233],[-163.52,60.7063],[-163.627,60.601],[-163.9378,60.6145],[-164.5281,60.7534],[-164.8447,60.8159],[-164.9963,60.6194],[-165.128,60.5422],[-165.0476,60.4165],[-164.5942,60.2078],[-164.3847,60.0617],[-164.2076,59.902],[-164.0274,59.7982],[-163.5364,59.8408],[-163.3538,59.9314],[-163.0218,59.9667],[-162.3781,60.1631],[-161.9891,59.7119],[-161.9252,59.518],[-162.0601,59.2893],[-162.0039,58.8266],[-161.9673,58.7784],[-161.9382,58.7233],[-161.646,58.6825],[-161.1171,58.7455],[-160.8276,58.8978],[-160.8401,58.9599],[-160.4305,59.0022],[-160.0652,58.9545],[-159.8136,58.9412],[-159.5844,58.8105],[-159.3655,58.6317],[-159.1101,58.4875],[-158.9327,58.4328],[-158.8565,58.4536],[-158.8655,58.612],[-158.9731,58.7703],[-158.9119,58.8739],[-158.6362,58.971],[-158.5167,58.9989],[-158.2914,58.7302],[-157.9874,58.717],[-157.4242,58.8008],[-157.1394,58.8558],[-157.1533,58.6857],[-154.0969,59.4125]]]},"properties":{"NAME":"Yup'ik & Cup'ik","SUBJECTO":"Yup'ik & Cup'ik","PARTOF":"Yup'ik & Cup'ik","BORDERPRECISION":3,"LINK":null}},
{"type":"Feature","geometry":{"type":"MultiPolygon","coordinates":[[[[-134.9457,56.4535],[-134.8028,56.671],[-134.7638,56.7937],[-134.8213,56.9163],[-135.0023,57.3258],[-135.2581,57.4142],[-135.4412,57.4275],[-135.4839,57.3317],[-135.4661,57.2292],[-135.1973,56.8201],[-134.9457,56.4535]]],[[[-132.0898,53.3988],[-132.0772,53.5392],[-131.9995,53.7935],[-131.8942,53.8942],[-131.9564,53.9677],[-132.0823,54.0211],[-132.3785,53.987],[-132.7299,54.0667],[-132.8701,54.0463],[-133.0539,54.0661],[-133.0967,54.0191],[-133.086,53.8048],[-132.997,53.6511],[-132.5688,53.2795],[-132.3514,53.3649],[-132.0898,53.3988]]],[[[-132.5547,55.4531],[-132.6881,55.6492],[-132.6208,55.751],[-132.5944,55.812],[-132.6333,55.9001],[-133.1573,56.1163],[-133.2807,56.2316],[-133.4856,56.2583],[-133.5178,56.2107],[-133.2663,55.8311],[-133.271,55.621],[-133.016,55.371],[-132.1738,54.8463],[-132.1772,55.2848],[-132.5547,55.4531]]],[[[-136.3001,58.1801],[-136.4182,58.1112],[-136.5964,57.9049],[-136.237,57.7273],[-135.8164,57.4542],[-135.7914,57.5569],[-135.8217,57.7555],[-135.5425,57.7218],[-135.147,57.5992],[-135.115,57.6746],[-135.3249,58.0927],[-135.6718,58.0439],[-136.0245,58.215],[-136.3001,58.1801]]],[[[-128.4272,55.6681],[-130.0751,57.5657],[-132.0546,59.8452],[-134.7986,60.5527],[-138.6074,61.5346],[-145.5113,62.5764],[-147.0678,60.9099],[-146.5783,60.8365],[-146.1859,60.7251],[-145.9984,60.6624],[-145.8932,60.5157],[-145.4927,60.3836],[-145.1384,60.4542],[-145.0029,60.5524],[-144.8108,60.3151],[-144.5179,60.1412],[-144.4064,60.0926],[-144.053,60.0514],[-143.0837,60.0742],[-142.4246,60.0197],[-141.9585,60.0415],[-141.7471,60.1325],[-141.5855,60.1398],[-141.4394,60.0912],[-141.3729,60.0077],[-141.3852,59.8966],[-140.9045,59.7865],[-140.4284,59.7597],[-140.1329,59.7672],[-139.9289,59.8299],[-139.5726,59.9],[-139.3998,59.8309],[-139.3066,59.7063],[-139.3674,59.63],[-139.7851,59.5184],[-139.2001,59.2773],[-138.7802,59.1814],[-138.7445,59.1814],[-138.4457,59.1619],[-138.2012,59.0305],[-137.5767,58.6042],[-137.085,58.4468],[-136.3561,58.5239],[-136.3703,58.6202],[-136.9388,58.9432],[-136.3901,58.8408],[-136.1484,58.9033],[-135.9684,58.6968],[-135.7383,58.47],[-135.6159,58.4358],[-135.3003,58.3745],[-135.2791,58.4433],[-135.3257,58.5809],[-135.5148,58.9735],[-135.4695,59.3397],[-135.3086,59.347],[-135.1438,59.1675],[-135.0459,58.9054],[-134.8303,58.5612],[-134.3801,58.3762],[-134.1235,58.2392],[-134.0166,58.1226],[-133.8404,57.9994],[-133.6403,57.9654],[-133.5048,57.8971],[-133.4741,57.8423],[-133.6413,57.7391],[-133.5969,57.6433],[-133.3408,57.3768],[-133.4004,57.2195],[-133.1967,57.1584],[-132.8713,57.0156],[-132.5593,56.7025],[-132.2711,56.5055],[-132.101,56.3494],[-132.1838,56.2541],[-132.2792,56.1316],[-132.264,55.9372],[-132.2556,55.85],[-132.0325,55.8935],[-131.9636,55.9661],[-131.767,56.01],[-131.1905,56.0348],[-131.101,55.9129],[-130.8924,55.7692],[-130.6954,55.4654],[-130.7339,55.2657],[-130.7734,55.0662],[-130.6903,54.9717],[-130.5457,54.9097],[-130.4129,55.0207],[-130.2673,55.0718],[-130.065,55.1021],[-130.0027,55.2885],[-129.8417,54.9785],[-130.0379,54.8437],[-130.1105,54.7293],[-130.2989,54.5476],[-130.2683,54.353],[-130.1765,54.1721],[-130.0036,53.938],[-129.9696,53.9128],[-128.4272,55.6681]]]]},"properties":{"NAME":"Eyaq","SUBJECTO":"Eyaq","PARTOF":"Eyaq","BORDERPRECISION":3,"LINK":null}},
{"type":"Feature","geometry":{"type":"MultiPolygon","coordinates":[[[[-94.7406,59.856],[-94.7532,59.95],[-94.6076,60.2497],[-94.4843,60.4942],[-94.376,60.7951],[-94.252,60.9284],[-94.0138,61.2165],[-93.8743,61.3432],[-93.4656,61.4353],[-93.3246,61.5411],[-93.4226,61.858],[-93.2333,61.9713],[-92.5792,62.2693],[-92.1022,62.4118],[-91.8909,62.6036],[-92.4553,62.7941],[-92.2902,62.9152],[-92.0604,62.8872],[-91.4175,62.8529],[-90,62.9462],[-90,63.0961],[-90,63.1815],[-90,63.3024],[-91.0267,63.3946],[-91.6417,63.5147],[-92.351,63.5848],[-93.3169,63.9736],[-91.9838,63.8286],[-91.5862,63.7935],[-90,63.6091],[-90,63.5614],[-89.8704,63.5752],[-89.8615,63.6467],[-90,63.9039],[-89.9945,64.0328],[-89.9727,64.1905],[-89.4948,64.0194],[-89.0774,63.9629],[-88.7045,63.9851],[-88.3771,64.0573],[-87.9918,64.2517],[-87.4352,64.5689],[-87.1573,65.0596],[-87.6163,65.0734],[-88.1714,65.1304],[-88.9044,65.3252],[-89.6924,65.6733],[-90,65.7679],[-90,65.8931],[-90,65.9716],[-90,65.9736],[-89.7776,65.98],[-89.5087,65.9292],[-89.1774,65.8129],[-88.642,65.7117],[-88.5409,65.6754],[-88.1735,65.4575],[-87.7869,65.3491],[-87.5498,65.3495],[-87.254,65.4301],[-86.3337,65.9279],[-86.0587,66.0748],[-85.9871,66.1628],[-86.5769,66.3524],[-86.8531,66.462],[-86.739,66.5651],[-85.9032,66.6182],[-85.3868,66.6118],[-85.1185,66.3331],[-84.9495,66.2747],[-84.37,66.3125],[-84.0587,66.2764],[-83.7405,66.3063],[-84.4077,66.7094],[-85.0216,66.9441],[-84.7139,67.0703],[-84.4904,67.0485],[-84.2264,66.9309],[-83.482,66.4977],[-83.1387,66.3735],[-82.6335,66.6023],[-82.33,66.6396],[-81.6967,66.9873],[-81.4992,67.0689],[-81.2844,67.3579],[-81.295,67.4987],[-81.7937,67.7578],[-82.1783,67.9954],[-82.493,68.3233],[-82.6318,68.5551],[-82.6873,68.6975],[-82.3278,68.8183],[-82.2096,68.8185],[-81.8865,68.579],[-81.7771,68.5567],[-81.583,68.602],[-81.3699,68.7224],[-81.4799,69.1886],[-81.684,69.2788],[-81.9328,69.2481],[-82.1605,69.2477],[-82.7567,69.5488],[-84.3135,69.8262],[-84.5702,69.8333],[-84.7595,69.8026],[-85.1134,69.8171],[-85.3811,69.6953],[-85.4207,69.2944],[-85.0076,69.1368],[-84.5644,68.987],[-84.6246,68.7539],[-84.7727,68.7236],[-85.3998,68.76],[-85.5063,68.6772],[-85.6695,68.3398],[-85.7817,68.0408],[-86.051,67.854],[-86.395,67.6749],[-86.4884,67.3778],[-86.6545,67.3182],[-87.0579,67.2434],[-87.3254,67.1689],[-87.534,67.2943],[-87.8084,67.5163],[-88.3239,67.8125],[-88.4815,67.991],[-88.462,68.1776],[-88.3711,68.3123],[-88.0131,68.2681],[-87.8615,68.2834],[-87.7903,68.478],[-87.8844,68.6803],[-88.0974,68.8526],[-88.5761,69.1],[-88.905,69.2276],[-89.1404,69.2347],[-89.4411,69.0457],[-89.7356,68.5343],[-90,68.3691],[-90,68.6832],[-90,68.9534],[-90,69.1636],[-90,69.2314],[-90,69.33],[-90,69.489],[-91.1725,69.6467],[-91.441,69.6462],[-91.6151,69.5853],[-91.9773,69.6073],[-92.4593,69.7125],[-92.6712,69.7424],[-92.4842,69.9933],[-92.2708,70.1161],[-91.8278,70.1323],[-91.6577,70.2858],[-92.1681,70.5077],[-92.532,70.7304],[-93.0995,70.9688],[-92.9889,71.2402],[-93.0769,71.411],[-93.2712,71.5585],[-93.8381,71.7603],[-94.1658,71.8457],[-94.4172,71.8843],[-95.2458,71.875],[-95.4106,71.859],[-95.6587,71.71],[-95.7621,71.6942],[-95.6718,71.5696],[-95.3527,71.4067],[-95.4304,71.2512],[-95.493,71.2355],[-95.9575,71.3512],[-96.1316,71.3353],[-96.3983,71.2028],[-96.6592,70.9312],[-96.6997,70.8384],[-96.1653,70.6696],[-95.9467,70.5699],[-96.3255,70.3615],[-96.4741,70.2998],[-96.464,70.1542],[-96.4226,70.093],[-96.127,69.9408],[-95.697,69.843],[-95.3096,69.7375],[-94.7496,69.6552],[-94.4232,69.6937],[-94.0367,69.5505],[-93.7307,69.4981],[-93.3272,69.4837],[-92.9925,69.5146],[-92.9561,69.0843],[-92.9855,68.9638],[-93.1943,69.0387],[-93.5271,69.219],[-93.7844,69.2185],[-93.9798,69.1427],[-94.3425,69.1119],[-94.5831,68.8781],[-94.1384,68.8413],[-93.7739,68.9247],[-93.6358,68.925],[-93.4669,68.7674],[-93.3992,68.6025],[-93.4141,68.5425],[-93.6468,68.4746],[-93.8627,68.4742],[-94.084,68.4513],[-94.637,68.069],[-95.0021,68.0534],[-95.3225,68.0603],[-95.4388,67.9408],[-95.5004,67.7247],[-95.2907,67.2798],[-95.2587,67.0284],[-95.6865,67.1681],[-96.043,67.2118],[-96.1228,67.2412],[-96.2596,67.3151],[-96.3402,67.5448],[-96.211,67.9319],[-96.1681,67.9916],[-96.2079,68.0736],[-96.4321,68.1627],[-96.8183,68.1844],[-97.21,68.2734],[-97.5718,68.3699],[-97.8304,68.3994],[-98.3671,68.361],[-98.4071,68.159],[-97.7876,68.1303],[-97.4582,68.0712],[-97.1586,67.9674],[-97.1512,67.7365],[-97.2607,67.5951],[-97.4955,67.5872],[-97.9231,67.7202],[-98.3549,67.9353],[-98.886,67.8152],[-99.3677,67.7919],[-100.2119,67.8052],[-101.002,67.7963],[-101.3974,67.7063],[-101.913,67.7053],[-102.218,67.7419],[-102.7631,67.8004],[-103.1961,67.8965],[-103.3075,67.9335],[-103.5827,68.1195],[-104.0189,68.0739],[-104.4543,68.1029],[-105.1419,68.2286],[-105.636,68.3549],[-105.912,68.3394],[-106.1186,68.2418],[-106.2119,68.1071],[-106.6296,68.0392],[-107.5045,67.9778],[-107.662,67.9626],[-107.7165,67.6276],[-107.6514,67.4272],[-107.5938,67.3383],[-107.1562,67.043],[-107.1282,66.9618],[-107.4058,66.9022],[-107.6111,66.8797],[-107.6002,66.7396],[-107.5276,66.563],[-108.348,67.0039],[-108.4852,67.0701],[-108.3277,67.1814],[-108.1011,67.2188],[-108.095,67.3596],[-108.6462,67.5589],[-108.8354,67.6106],[-109.4888,67.6911],[-110.1334,67.9058],[-110.532,67.92],[-110.9541,67.8745],[-111.3567,67.8216],[-111.7798,67.7464],[-112.1119,67.7234],[-112.5025,67.693],[-113.2898,67.6989],[-114.0663,67.7346],[-115.5617,67.8957],[-115.4021,68.2169],[-115.0201,68.2775],[-114.7654,68.3004],[-114.3447,68.2862],[-114.1087,68.3465],[-114.1945,68.4962],[-114.3896,68.6083],[-114.8315,68.7651],[-115.2851,68.8921],[-115.6898,68.9365],[-116.32,68.8977],[-116.8132,68.9118],[-117.328,68.9786],[-117.8323,69.0078],[-118.5395,69.1346],[-118.818,69.1642],[-119.2789,69.2615],[-120.2216,69.4184],[-120.8499,69.5686],[-121.6351,69.7643],[-122.3261,69.8845],[-122.8353,69.8911],[-123.0507,69.8603],[-123.0781,69.8352],[-107.5128,58.8957],[-94.7406,59.856]]],[[[-71.2581,63.5673],[-71.5355,63.3599],[-71.6913,63.3311],[-71.6217,63.2101],[-71.3189,63.0613],[-70.7794,62.9556],[-70.6739,62.8622],[-70.6481,62.9274],[-70.3622,62.8641],[-70.0752,62.7723],[-69.5595,62.7094],[-69.1553,62.4196],[-68.6636,62.3073],[-68.014,62.259],[-67.4508,62.1329],[-66.765,61.9436],[-65.9403,61.79],[-66.1332,62.1],[-66.3323,62.3188],[-66.6807,62.5659],[-67.2638,62.8557],[-68.0926,63.1456],[-68.4765,63.3371],[-68.836,63.6504],[-68.8786,63.7503],[-68.486,63.7368],[-68.2308,63.6658],[-67.6816,63.4527],[-67.7657,63.8025],[-67.2879,63.5034],[-67.1442,63.3753],[-66.496,63.0774],[-66.0868,62.9929],[-65.7631,63.0219],[-65.698,63.0078],[-65.298,62.6961],[-65.021,62.5549],[-64.7678,62.4774],[-64.9379,62.711],[-65.1325,62.8952],[-65.1561,62.9875],[-64.7393,62.9315],[-64.735,63.0665],[-65.2095,63.6429],[-65.2628,63.7643],[-65.2507,63.8716],[-65.0015,63.7647],[-64.4154,63.245],[-64.3649,63.4375],[-64.4739,63.7443],[-64.6198,63.8513],[-65.053,64.0509],[-65.3086,64.1794],[-65.4232,64.2652],[-65.3271,64.3587],[-65.0418,64.4095],[-65.6628,64.588],[-65.9261,64.7098],[-66.1925,64.8894],[-66.321,64.9108],[-66.5977,64.7662],[-66.8287,64.9603],[-67.1042,65.3224],[-67.3294,65.584],[-67.5935,65.6199],[-67.8652,65.6267],[-68.2518,66.0642],[-68.3757,66.2837],[-68.085,66.189],[-67.7758,66.0285],[-67.6142,65.9118],[-67.3055,65.9343],[-67.161,65.9858],[-67.6335,66.2925],[-67.7599,66.3729],[-67.7491,66.4757],[-67.4592,66.513],[-67.2559,66.6163],[-66.9128,66.5949],[-66.5669,66.4633],[-66.0407,66.1855],[-65.7174,66.0543],[-65.2711,66.0186],[-65.1703,66.0114],[-65.0338,65.9532],[-65.155,65.785],[-65.1778,65.6536],[-64.8437,65.3776],[-64.4253,65.502],[-64.2837,65.3786],[-64.2758,65.2696],[-64.1836,65.1899],[-63.8456,65.1107],[-63.5406,64.9953],[-63.352,65.0247],[-63.5113,65.431],[-63.3809,65.927],[-63.0123,65.665],[-62.8448,65.6143],[-62.7043,65.7458],[-62.544,65.8483],[-62.0683,65.9368],[-62.094,66.0611],[-62.2196,66.1341],[-62.6551,66.3385],[-62.2977,66.4346],[-62.1868,66.4127],[-61.8636,66.3179],[-61.4948,66.3406],[-61.4488,66.4875],[-61.3341,66.5318],[-61.2106,66.635],[-61.2978,66.679],[-61.788,66.8622],[-62.0961,67.0166],[-62.5205,66.8461],[-62.7519,66.8457],[-63.1649,66.926],[-62.9914,67.1774],[-63.394,67.1989],[-63.6235,67.1393],[-64.2559,67.116],[-64.6138,67.1153],[-64.6014,67.315],[-64.2409,67.3675],[-63.933,67.4126],[-64.1021,67.568],[-64.4902,67.7827],[-64.8289,67.9533],[-65.1033,67.9677],[-65.3958,67.9001],[-65.53,67.8701],[-66.1658,68.0029],[-66.4071,68.0248],[-66.7447,67.9273],[-66.9028,68.0985],[-66.9203,68.2253],[-67.0316,68.3073],[-67.6222,68.4633],[-68.2212,68.627],[-68.4689,68.6415],[-68.6653,68.7161],[-68.7755,68.8436],[-68.077,68.8975],[-67.9797,68.9879],[-68.5332,69.2505],[-68.3907,69.3337],[-68.0199,69.3042],[-67.6261,69.2069],[-67.1712,69.1701],[-66.8347,69.1707],[-66.6681,69.1861],[-66.7728,69.3217],[-67.0175,69.4194],[-67.4398,69.5017],[-68.0399,69.5308],[-68.2072,69.591],[-68.2338,69.7121],[-68.043,69.7731],[-67.5028,69.7968],[-67.0443,69.7977],[-67.3307,70.0327],[-67.5755,70.1853],[-67.805,70.2692],[-68.0208,70.2994],[-68.1832,70.2531],[-68.3659,70.1226],[-68.9217,70.068],[-69.2579,69.9909],[-69.4627,69.9601],[-69.6981,70.0742],[-69.5911,70.1969],[-68.7496,70.3901],[-68.5421,70.4904],[-68.4694,70.5597],[-68.7242,70.6825],[-69.0916,70.782],[-69.6838,70.7423],[-70.0577,70.6491],[-70.2929,70.6179],[-70.6516,70.7636],[-70.6666,71.0805],[-71.1518,71.0331],[-71.3564,70.9553],[-71.8815,70.9312],[-71.5627,71.164],[-71.2755,71.3197],[-71.2525,71.3508],[-71.664,71.5133],[-72.5346,71.6285],[-73.1212,71.2696],[-73.2752,71.1608],[-73.5074,71.3466],[-73.6718,71.5563],[-73.886,71.665],[-74.1119,71.688],[-74.4055,71.6094],[-74.8095,71.4219],[-75.0015,71.4526],[-75.2039,71.569],[-75.1375,71.6705],[-74.7695,71.7882],[-74.5515,71.9137],[-74.3125,71.9533],[-74.3127,72.0394],[-74.6376,72.1956],[-74.8958,72.2816],[-75.1751,72.4305],[-75.322,72.5484],[-75.6319,72.6109],[-76.15,72.5705],[-76.6775,72.6326],[-77.1187,72.7108],[-77.4551,72.726],[-77.896,72.7014],[-78.3634,72.5821],[-78.5683,72.3691],[-78.6664,72.3138],[-78.5744,71.9296],[-78.6625,71.8747],[-79.0563,71.96],[-79.1281,72.1716],[-79.1254,72.2894],[-79.3296,72.3676],[-79.6854,72.3827],[-79.9533,72.3429],[-80.0808,72.1384],[-80.5704,71.9964],[-80.8631,72.0115],[-81.0268,72.0503],[-81.0436,72.3801],[-80.7247,72.6646],[-80.4625,72.9736],[-80.4887,73.037],[-81.1799,73.4733],[-81.5318,73.6884],[-81.9064,73.7517],[-82.1952,73.7752],[-82.6968,73.7822],[-83.4561,73.6368],[-83.9261,73.58],[-84.5055,73.4911],[-84.8623,73.3548],[-84.3076,73.1967],[-83.8848,73.0704],[-84.564,73.0453],[-85.107,73.084],[-85.5057,72.9404],[-85.5295,72.6951],[-85.5044,72.6082],[-85.1473,72.4827],[-84.8311,72.4676],[-84.2893,72.2561],[-84.6658,72.224],[-85.1165,72.2781],[-85.3293,72.1913],[-85.5571,72.0811],[-85.6025,72.0104],[-85.2047,71.7687],[-85.0146,71.7066],[-84.6889,71.6604],[-84.5348,71.5359],[-84.4884,71.3493],[-84.7826,71.0617],[-85.4594,71.107],[-85.891,71.1217],[-85.8585,71.2613],[-85.2862,71.41],[-85.2431,71.4645],[-85.9447,71.7439],[-86.3325,71.9934],[-86.4483,72.1343],[-86.414,72.315],[-86.2142,72.4492],[-86.7794,72.6927],[-86.8554,72.8587],[-86.662,73.0969],[-86.035,73.3845],[-85.668,73.6006],[-85.2542,73.7775],[-85.6398,73.8649],[-86.2462,73.8798],[-86.8924,73.8305],[-87.212,73.7898],[-87.4284,73.7333],[-87.7426,73.7327],[-87.9091,73.6524],[-88.0992,73.6361],[-88.4325,73.4677],[-88.8457,73.3235],[-89.1002,73.1957],[-89.6386,72.7823],[-89.8407,72.4267],[-89.8209,72.348],[-89.3341,72.1681],[-89.3705,72.0661],[-89.661,72.042],[-89.814,71.979],[-89.9458,71.7285],[-89.9972,71.5413],[-89.435,71.4412],[-89.1925,71.4338],[-88.8542,71.45],[-88.3564,71.3965],[-87.9492,71.3506],[-87.5892,71.227],[-87.1688,71.0186],[-87.3091,70.9332],[-87.7047,70.9248],[-88.2504,70.9701],[-88.7595,71.0001],[-89.1498,70.9685],[-89.205,70.8447],[-89.0185,70.6753],[-88.4322,70.4608],[-87.948,70.3849],[-87.4017,70.3629],[-87.1215,70.4018],[-86.9435,70.5559],[-86.5369,70.5336],[-86.3733,70.4647],[-86.3719,70.1961],[-85.9839,70.1126],[-85.4681,70.0982],[-84.8737,70.1146],[-83.976,70.0398],[-83.3129,69.9571],[-82.9262,70.0112],[-82.614,69.9584],[-82.2692,69.8604],[-81.9858,69.9292],[-81.8072,69.9827],[-81.5956,69.9603],[-80.8294,69.7114],[-80.9461,69.9084],[-81.138,70.0145],[-81.1578,70.1063],[-81.0128,70.1831],[-80.7126,70.1531],[-80.1936,70.0316],[-79.8256,69.9181],[-79.485,69.8959],[-79.2414,69.8812],[-78.9403,69.9121],[-78.7129,70.0114],[-78.7438,70.1491],[-78.941,70.2713],[-80.2184,70.5916],[-80.4223,70.6143],[-80.6605,70.7526],[-80.49,70.8147],[-80.2701,70.7765],[-79.7405,70.6695],[-79.3759,70.5855],[-79.1011,70.6553],[-78.928,70.6017],[-78.6188,70.4485],[-78.2058,70.311],[-78.0034,70.2884],[-77.6986,70.1357],[-77.6223,69.8918],[-77.367,69.8088],[-76.9715,69.802],[-76.2732,69.5004],[-75.5517,69.2223],[-75.6247,69.1016],[-76.1783,69.0554],[-76.6426,69.0319],[-76.5464,68.7314],[-75.9815,68.8076],[-75.7023,68.8156],[-75.5704,68.8685],[-75.1991,68.8616],[-74.9511,68.9523],[-74.7523,69.043],[-74.5153,68.8704],[-74.4053,68.6604],[-73.9371,68.444],[-73.371,68.2954],[-73.1849,68.2958],[-72.9417,68.132],[-72.7585,67.9086],[-72.354,67.5303],[-72.3049,67.2636],[-72.527,67.0931],[-72.8735,66.8857],[-73.036,66.6423],[-73.6701,66.3765],[-73.9943,66.2659],[-74.2581,66.2361],[-74.3333,66.1626],[-74.2799,66.0602],[-73.932,65.9],[-73.4199,65.5289],[-73.4942,65.405],[-73.8474,65.4189],[-74.0791,65.4476],[-74.3713,65.3961],[-74.6648,65.3228],[-75.1043,65.2784],[-75.3676,65.2634],[-75.4023,65.1761],[-75.333,65.0892],[-75.3559,64.9155],[-75.789,65.1972],[-76.0215,65.2621],[-76.6551,65.3409],[-77.2659,65.3906],[-77.3584,65.3759],[-77.3007,65.1435],[-77.387,65.0636],[-77.8666,64.9902],[-78.0386,64.8312],[-78.1267,64.651],[-78.1034,64.5072],[-77.7375,64.3929],[-77.133,64.3079],[-76.5261,64.2301],[-75.9355,64.2671],[-75.7371,64.3967],[-75.591,64.5335],[-75.4518,64.5481],[-74.6851,64.3986],[-74.5011,64.3918],[-74.4312,64.435],[-74.5591,64.7801],[-74.2555,64.7662],[-73.6656,64.6018],[-73.1636,64.574],[-73.148,64.3441],[-72.73,64.015],[-72.3879,63.8582],[-71.8786,63.8019],[-71.2581,63.5673]]]]},"properties":{"NAME":"T'atsaot'ine","SUBJECTO":"T'atsaot'ine","PARTOF":"T'atsaot'ine","BORDERPRECISION":3,"LINK":null}},
{"type":"Feature","geometry":{"type":"Polygon","coordinates":[[[-98.4877,52.3525],[-92.1351,52.5263],[-81.9875,52.8039],[-82.0691,52.8614],[-82.3412,52.9808],[-82.3511,53.0741],[-82.2122,53.3413],[-82.1604,53.8024],[-82.1921,53.9897],[-82.3301,54.1434],[-82.3993,54.2706],[-82.3357,54.653],[-82.2021,54.9689],[-82.3827,55.0562],[-83.016,55.1494],[-83.576,55.2226],[-83.9486,55.1881],[-84.1524,55.208],[-84.4684,55.1669],[-84.7172,55.2137],[-85.161,55.3276],[-85.6029,55.5093],[-85.8924,55.6102],[-87.4672,55.912],[-87.9142,56.3319],[-88.7675,56.7385],[-89.7255,56.9342],[-90,57.074],[-90,57.1443],[-90,57.1779],[-91.3369,57.1631],[-92.1801,56.9705],[-92.4831,56.9767],[-92.4236,57.3865],[-92.5227,57.6873],[-92.8884,58.2077],[-93.0742,58.551],[-93.2395,58.6815],[-93.3638,58.7019],[-93.8876,58.6596],[-94.1865,58.6659],[-94.3023,58.707],[-94.4149,58.7137],[-94.6838,58.8785],[-94.745,59.1198],[-94.8003,59.5135],[-94.7281,59.7629],[-94.7406,59.856],[-107.5128,58.8957],[-111.3714,58.6056],[-112.4492,58.5246],[-111.9766,58.2869],[-102.5873,53.5647],[-101.1221,52.8279],[-100.0897,52.3086],[-98.4877,52.3525]]]},"properties":{"NAME":"Cree","SUBJECTO":"Cree","PARTOF":"Cree","BORDERPRECISION":3,"LINK":null}},
{"type":"Feature","geometry":{"type":"Polygon","coordinates":[[[-61.4077,57.0484],[-61.4761,57.1041],[-61.8224,57.1921],[-62.0014,57.2941],[-62.186,57.4372],[-61.9992,57.5128],[-61.8284,57.5541],[-61.8881,57.725],[-62.0147,57.8412],[-62.3492,57.9022],[-62.4948,57.9568],[-62.5767,58.0389],[-62.7411,58.3886],[-62.999,58.3744],[-63.042,58.5255],[-62.887,58.6564],[-63.0057,58.8145],[-63.4758,59.1583],[-63.7441,59.517],[-64.0974,59.7446],[-64.3706,60.0144],[-64.6706,60.1809],[-64.9007,59.8816],[-64.9879,59.8191],[-65.429,59.7767],[-65.5517,59.7142],[-65.5554,59.5758],[-65.2626,59.3482],[-65.5051,59.1752],[-65.7187,59.0575],[-65.8614,58.7953],[-65.9102,58.4513],[-65.9291,58.4238],[-66.241,58.7464],[-66.3281,58.8014],[-66.4746,58.808],[-66.6246,58.5599],[-66.8209,58.3877],[-67.107,58.3047],[-67.6347,58.2694],[-67.7724,58.2485],[-68.0046,58.1657],[-68.1294,58.3097],[-68.0927,58.3647],[-68.0947,58.4815],[-68.2648,58.6394],[-68.5694,58.7833],[-68.6982,58.79],[-69.0496,58.7686],[-69.2142,58.7477],[-69.7258,58.5609],[-69.8942,58.6845],[-69.8324,58.9877],[-69.6765,58.981],[-69.476,58.9745],[-69.3647,59.0506],[-69.3426,59.2093],[-69.4461,59.3956],[-69.5073,59.7205],[-69.7043,60.3178],[-69.649,60.5202],[-69.3895,60.6745],[-69.3838,60.8564],[-69.5363,60.9892],[-69.7021,60.8978],[-70.0283,60.8832],[-70.9092,61.0426],[-71.6734,61.2657],[-71.8562,61.3707],[-71.7239,61.5467],[-72.0819,61.7432],[-72.495,61.9116],[-72.8343,62.1157],[-72.9486,62.172],[-73.3946,62.355],[-73.6597,62.3899],[-73.7402,62.3614],[-73.835,62.34],[-74.2219,62.2403],[-74.7078,62.1758],[-75.3559,62.1816],[-75.6946,62.2163],[-76.1882,62.3214],[-76.9896,62.4898],[-77.3616,62.5175],[-77.6182,62.432],[-77.8676,62.29],[-78.0049,62.0989],[-77.9854,61.8589],[-77.8754,61.7393],[-77.6014,61.6201],[-77.4591,61.5289],[-77.4622,61.4726],[-77.6884,61.1561],[-78.1765,60.7418],[-77.3885,60.6943],[-77.391,60.5755],[-77.5072,60.4146],[-77.4854,60.3239],[-77.3434,60.143],[-77.2624,59.983],[-77.2148,59.7475],[-77.3477,59.6227],[-77.5487,59.6154],[-77.6615,59.5736],[-77.7932,59.3867],[-78.042,58.9928],[-78.4326,58.7577],[-78.4688,58.7095],[-78.3368,58.5515],[-78.2687,58.531],[-78.0648,58.4076],[-77.9016,58.3529],[-77.6597,58.2365],[-77.4044,58.1136],[-77.1942,57.9905],[-76.7724,57.6625],[-76.665,57.519],[-76.5545,57.2801],[-76.4386,56.8097],[-76.4629,56.5714],[-76.4717,56.5468],[-64.3329,56.951],[-61.4077,57.0484]]]},"properties":{"NAME":"Naskapi Innu","SUBJECTO":"Naskapi Innu","PARTOF":"Naskapi Innu","BORDERPRECISION":3,"LINK":null}},
{"type":"Feature","geometry":{"type":"Polygon","coordinates":[[[80.0786,7.7445],[80.0344,8.1241],[80.1115,8.3296],[80.2914,8.3039],[80.4199,8.4324],[80.5227,8.8693],[80.7283,8.7922],[80.7283,8.1755],[81.1394,8.1755],[81.1651,7.5844],[81.3964,7.276],[81.345,6.6079],[81.0564,6.4732],[81.4765,6.3161],[81.5999,6.4486],[81.779,6.754],[81.8662,7.0846],[81.8049,7.3132],[81.446,7.9287],[81.3261,8.2589],[81.0601,8.4108],[81.0491,8.4743],[81.0934,8.6269],[81.0149,8.7728],[80.7676,9.1218],[80.6624,9.2995],[80.3476,9.4703],[80.1096,9.6866],[80.1781,9.4452],[80.0765,9.2791],[80.0526,9.1139],[79.896,8.9204],[79.7058,8.9309],[79.6746,8.8049],[79.8087,8.6475],[79.7242,8.4166],[79.8322,8.1031],[79.8382,7.816],[79.9811,7.9056],[80.0786,7.7445]]]},"properties":{"NAME":"Ceylon","SUBJECTO":"Ceylon","PARTOF":"Ceylon","BORDERPRECISION":3,"LINK":null}},
{"type":"Feature","geometry":{"type":"Polygon","coordinates":[[[80.0786,7.7445],[80.7864,6.5742],[81.0564,6.4732],[81.345,6.6079],[81.3964,7.276],[81.1651,7.5844],[81.1394,8.1755],[80.7283,8.1755],[80.7283,8.7922],[80.5227,8.8693],[80.4199,8.4324],[80.2914,8.3039],[80.1115,8.3296],[80.0344,8.1241],[80.0786,7.7445]]]},"properties":{"NAME":"Kandy","SUBJECTO":"Kandy","PARTOF":"Kandy","BORDERPRECISION":3,"LINK":null}},
{"type":"Feature","geometry":{"type":"Polygon","coordinates":[[[79.8382,7.816],[79.8407,7.6965],[79.8387,7.3534],[79.8541,7.0612],[80.0168,6.496],[80.1277,6.2167],[80.2222,6.058],[80.3411,5.9693],[80.5629,5.9317],[80.8518,5.9513],[81.2027,6.0792],[81.4339,6.2703],[81.4765,6.3161],[81.0564,6.4732],[80.7864,6.5742],[80.0786,7.7445],[79.9811,7.9056],[79.8382,7.816]]]},"properties":{"NAME":"Ceylon (Dutch)","SUBJECTO":"Netherlands","PARTOF":"Ceylon (Dutch)","BORDERPRECISION":3,"LINK":null}},
{"type":"Feature","geometry":{"type":"Polygon","coordinates":[[[-45.3713,-1.7567],[-45.4921,-1.49],[-45.6426,-1.3633],[-46.1236,-1.161],[-46.4899,-1.0347],[-46.6338,-1.0477],[-46.9283,-0.9276],[-47.2371,-0.6804],[-47.3162,-0.6806],[-47.4745,-0.7699],[-47.9274,-0.7709],[-48.0425,-0.8156],[-48.1651,-0.9938],[-48.3895,-1.4137],[-48.527,-1.5856],[-48.6569,-1.6558],[-49.2211,-2.1081],[-49.4228,-2.3588],[-49.4152,-2.0959],[-49.2906,-1.7906],[-49.6223,-1.9247],[-49.8849,-1.9504],[-49.8886,-1.9507],[-50.3993,-1.9645],[-50.5285,-1.9331],[-50.6431,-1.8825],[-50.842,-1.5143],[-50.9768,-1.1143],[-51.0271,-1.1271],[-51.5678,-1.446],[-51.7913,-1.5355],[-52.0216,-1.5677],[-52.1435,-1.5172],[-51.9626,-1.3134],[-51.7742,-0.8555],[-51.5294,-0.4292],[-51.1704,-0.0789],[-51.0605,-0.017],[-50.8761,0.0869],[-50.6468,0.2717],[-50.5397,0.4181],[-50.1201,1.0545],[-49.8843,1.2139],[-49.8639,1.3283],[-49.881,1.5761],[-49.9692,1.7284],[-50.4091,1.8228],[-50.5549,1.9686],[-52.6776,-0.0297],[-58.4218,-2.3057],[-59.298,-2.6529],[-59.6727,-3.2774],[-58.9232,-3.6522],[-53.0523,-2.5279],[-50.1012,-3.1937],[-48.7399,-3.4205],[-47.1517,-2.9668],[-46.3577,-3.1937],[-45.3713,-1.7567]]]},"properties":{"NAME":"Dutch Brazil","SUBJECTO":"Netherlands","PARTOF":"Dutch Brazil","BORDERPRECISION":3,"LINK":null}},
{"type":"Feature","geometry":{"type":"MultiPolygon","coordinates":[[[[-72.5588,42.4452],[-72.2798,43.3752],[-72.9773,43.7007],[-73.3626,43.7329],[-73.6616,43.2713],[-73.6997,43.2459],[-74.4653,40.9108],[-74.2929,40.6316],[-74.1101,40.7628],[-74.0744,40.727],[-73.89,41.1744],[-73.8581,41.1863],[-73.8687,41.1386],[-74.0072,40.7986],[-73.993,40.7807],[-73.928,40.8582],[-73.784,40.882],[-73.7405,40.9775],[-73.3865,41.1386],[-72.5588,42.4452]]],[[[-72.285,41.1158],[-72.2786,41.1172],[-72.2622,41.1253],[-72.2531,41.133],[-72.2419,41.1489],[-72.2389,41.1553],[-72.2397,41.1605],[-72.2461,41.1636],[-72.2853,41.1619],[-72.3508,41.1408],[-72.4531,41.0889],[-72.5279,41.0452],[-72.5775,41.0155],[-72.6111,40.9917],[-72.6161,40.9886],[-72.6281,40.9836],[-72.6472,40.9797],[-72.7511,40.9639],[-72.7656,40.9636],[-72.7814,40.9655],[-72.8936,40.97],[-73.0372,40.9686],[-73.1461,40.9592],[-73.1445,40.9539],[-73.1442,40.9486],[-73.1464,40.9428],[-73.1556,40.935],[-73.19,40.9203],[-73.2078,40.9147],[-73.2267,40.9105],[-73.3542,40.9258],[-73.4906,40.9342],[-73.5894,40.9205],[-73.6122,40.9117],[-73.623,40.9064],[-73.7317,40.8517],[-73.8356,40.805],[-73.9114,40.795],[-73.9225,40.7897],[-73.94,40.773],[-73.966,40.7215],[-73.9799,40.7072],[-74.0011,40.6978],[-74.0039,40.6911],[-74.005,40.68],[-74.0261,40.6586],[-74.03,40.6539],[-74.0331,40.6475],[-74.035,40.6358],[-74.0325,40.6258],[-74.0078,40.5803],[-74.0011,40.5806],[-73.9467,40.585],[-73.94,40.5855],[-73.8881,40.598],[-73.8803,40.6],[-73.8755,40.6031],[-73.8719,40.6086],[-73.875,40.6131],[-73.8836,40.615],[-73.8878,40.6189],[-73.8997,40.6358],[-73.8689,40.6544],[-73.8506,40.6592],[-73.8439,40.6597],[-73.8289,40.6592],[-73.8128,40.6567],[-73.7739,40.6447],[-73.7675,40.6417],[-73.7718,40.6293],[-73.7713,40.6261],[-73.7711,40.6196],[-73.7715,40.6163],[-73.7748,40.6149],[-73.7918,40.6088],[-73.831,40.5976],[-73.8577,40.5845],[-73.9293,40.572],[-73.9331,40.5672],[-73.929,40.5642],[-73.9141,40.5632],[-73.8529,40.5781],[-73.7972,40.5922],[-73.6536,40.5939],[-73.6181,40.5944],[-73.5828,40.5961],[-73.5767,40.5975],[-73.5797,40.6017],[-73.5858,40.6047],[-73.5933,40.6072],[-73.6528,40.62],[-73.5611,40.6453],[-73.4386,40.6658],[-73.1403,40.7189],[-73.0953,40.7305],[-73.0217,40.75],[-73.0158,40.7522],[-73.0031,40.7547],[-72.8942,40.7739],[-72.8869,40.7736],[-72.8678,40.7561],[-72.8195,40.77],[-72.6986,40.7897],[-72.6658,40.7944],[-72.5428,40.8256],[-72.4467,40.8556],[-72.3528,40.8872],[-72.0842,40.9817],[-71.8603,41.0644],[-71.8561,41.0692],[-71.8592,41.0736],[-71.8656,41.0767],[-71.8733,41.0786],[-71.9161,41.0822],[-71.9239,41.0819],[-71.998,41.0525],[-72.0033,41.0494],[-72.0128,41.0419],[-72.0208,41.0325],[-72.0258,41.0294],[-72.0533,41.0161],[-72.1019,41.0025],[-72.11,41.0039],[-72.1139,41.0078],[-72.135,41.0353],[-72.2636,41.0194],[-72.3458,40.9997],[-72.4019,40.9647],[-72.4344,40.9286],[-72.4319,40.9236],[-72.4364,40.9197],[-72.4422,40.9175],[-72.4844,40.905],[-72.498,40.9042],[-72.5847,40.9061],[-72.6072,40.9075],[-72.6158,40.9097],[-72.6211,40.913],[-72.6217,40.9183],[-72.6178,40.9231],[-72.3883,41.085],[-72.2894,41.125],[-72.2889,41.1197],[-72.285,41.1158]]],[[[-74.2325,40.5089],[-74.22,40.5117],[-74.145,40.5389],[-74.1233,40.5497],[-74.1086,40.5597],[-74.0575,40.5997],[-74.0536,40.6044],[-74.0539,40.6153],[-74.0569,40.6244],[-74.0628,40.6394],[-74.0689,40.6458],[-74.0739,40.6492],[-74.0828,40.6514],[-74.1708,40.6428],[-74.1769,40.6419],[-74.1817,40.6375],[-74.185,40.6317],[-74.2311,40.5422],[-74.2339,40.5356],[-74.2364,40.5183],[-74.2355,40.5133],[-74.2325,40.5089]]]]},"properties":{"NAME":"New Amsterdam","SUBJECTO":"Netherlands","PARTOF":"New Amsterdam","BORDERPRECISION":3,"LINK":null}},
{"type":"Feature","geometry":{"type":"Polygon","coordinates":[[[-91.626,31.9386],[-91.8451,31.8378],[-92.2947,31.7933],[-92.6994,31.6147],[-92.7369,31.2502],[-92.4746,30.8521],[-92.4599,30.5836],[-91.95,30.5751],[-91.5753,30.7298],[-91.5409,30.7957],[-91.4478,30.9743],[-91.253,31.1797],[-90.7209,31.2246],[-90.2562,31.3207],[-90.1663,31.5253],[-90.2262,32.0223],[-90.2296,32.0228],[-90.4087,32.0504],[-91.22,31.9759],[-91.626,31.9386]]]},"properties":{"NAME":"Natchez","SUBJECTO":"Natchez","PARTOF":"Natchez","BORDERPRECISION":3,"LINK":null}},
{"type":"Feature","geometry":{"type":"Polygon","coordinates":[[[-91.5409,30.7957],[-91.0642,30.758],[-90.3698,30.758],[-90.1962,31.0829],[-90.2562,31.3207],[-90.7209,31.2246],[-91.253,31.1797],[-91.4478,30.9743],[-91.5409,30.7957]]]},"properties":{"NAME":"Houma","SUBJECTO":"Houma","PARTOF":"Houma","BORDERPRECISION":3,"LINK":null}},
{"type":"Feature","geometry":{"type":"Polygon","coordinates":[[[-77.1994,34.6804],[-76.6218,34.763],[-76.5042,34.7955],[-76.4984,34.8339],[-76.3058,34.9788],[-76.3275,35.0143],[-76.4253,35.0321],[-76.4431,35.112],[-76.4927,35.0202],[-76.6242,35.0321],[-76.7599,34.9551],[-76.9535,35.0291],[-77.0626,35.2068],[-77.1191,35.3227],[-77.1277,35.3189],[-77.4173,35.1896],[-77.4653,35.2036],[-77.4503,35.0661],[-77.1994,34.6804]]]},"properties":{"NAME":"Catawba","SUBJECTO":"Catawba","PARTOF":"Catawba","BORDERPRECISION":3,"LINK":null}},
{"type":"Feature","geometry":{"type":"Polygon","coordinates":[[[6.8393,46.3118],[6.8637,46.2923],[6.8553,46.2704],[6.804,46.1368],[6.9031,46.1254],[6.8763,46.0545],[6.9391,46.0068],[7.0405,45.9301],[7.0486,45.9239],[7.1957,45.8605],[7.5649,45.987],[7.5769,45.9911],[7.8071,45.937],[7.8733,45.9214],[8.154,46.1457],[8.0886,46.2678],[8.2434,46.3556],[8.3141,46.3958],[8.2732,46.4181],[8.1764,46.4707],[8.1764,46.4331],[8.065,46.3639],[7.9995,46.3232],[7.9066,46.3018],[7.7503,46.3212],[7.7517,46.3629],[7.709,46.3639],[7.705,46.3805],[7.6942,46.426],[7.6102,46.4432],[7.535,46.4087],[7.5467,46.3879],[7.547,46.3874],[7.5001,46.3728],[7.2213,46.3274],[7.0332,46.1837],[6.8784,46.3942],[6.8724,46.3934],[6.8665,46.3956],[6.8644,46.3955],[6.8639,46.3875],[6.8579,46.3882],[6.8569,46.3853],[6.8091,46.3937],[6.8092,46.3891],[6.8094,46.3802],[6.7761,46.3622],[6.8393,46.3118]]]},"properties":{"NAME":"Republic of the Seven Zenden","SUBJECTO":"Republic of the Seven Zenden","PARTOF":"Republic of the Seven Zenden","BORDERPRECISION":3,"LINK":null}},
{"type":"Feature","geometry":{"type":"Polygon","coordinates":[[[-160.9266,63.9516],[-160.89,63.8568],[-160.9739,63.6418],[-161.0012,63.6283],[-153.1696,59.7401],[-153.1522,59.7425],[-152.8987,59.8956],[-152.8189,60.1324],[-152.8777,60.2789],[-152.7436,60.342],[-152.561,60.3842],[-152.1897,60.6577],[-151.731,60.7847],[-151.3419,60.9537],[-151.0841,61.1507],[-150.8823,61.1933],[-150.7806,61.2919],[-150.3112,61.3139],[-149.8744,61.139],[-149.3169,60.9294],[-149.4247,60.8591],[-149.9128,60.9143],[-150.4372,60.9063],[-150.8284,60.8004],[-151.1596,60.6597],[-151.2304,60.4706],[-151.415,60.2537],[-151.783,59.995],[-151.7841,59.9625],[-148.7551,60.6828],[-148.7278,60.7273],[-148.5527,60.8397],[-148.4659,60.8679],[-148.4926,61.0643],[-148.189,61.1],[-147.9401,61.2059],[-147.638,61.0519],[-147.4467,60.9939],[-147.2701,60.9403],[-147.0678,60.9099],[-145.5113,62.5764],[-138.6074,61.5346],[-134.7986,60.5527],[-134.3112,61.4339],[-133.4636,61.538],[-128.7045,60.74],[-130.0751,57.5657],[-128.4272,55.6681],[-129.9696,53.9128],[-129.4339,53.5175],[-129.0604,53.739],[-128.8141,53.7639],[-128.8295,53.5254],[-128.8888,53.4183],[-128.4321,52.9385],[-128.0772,52.9392],[-128.0596,52.4995],[-127.873,52.4133],[-127.8665,52.4125],[-122.4911,54.2436],[-111.9766,58.2869],[-112.4492,58.5246],[-111.3714,58.6056],[-118.1957,62.7114],[-118.1977,62.7126],[-124.9355,64.8346],[-132.302,62.5384],[-133.4815,62.9342],[-129.763,69.6576],[-129.9427,69.6426],[-130.4636,69.4674],[-130.8958,69.3003],[-131.673,69.2762],[-131.9994,69.0869],[-132.175,68.981],[-132.7133,68.8671],[-132.789,68.7091],[-132.6904,68.4616],[-133.3389,68.7982],[-133.7196,68.9179],[-133.4132,69.137],[-132.6179,69.2517],[-132.3032,69.4867],[-131.7544,69.6089],[-131.1946,69.6858],[-130.7033,69.8537],[-130.208,69.9154],[-130.0498,69.9689],[-129.8495,70.1507],[-130.2418,70.2059],[-130.7119,70.205],[-131.0591,70.1583],[-131.2355,70.0737],[-131.4462,69.9663],[-131.7766,69.9276],[-132.1665,69.8889],[-132.508,69.8579],[-132.8031,69.7586],[-133.0022,69.7583],[-133.1413,69.6746],[-133.6476,69.5069],[-133.9948,69.5063],[-134.776,69.573],[-134.8438,69.5274],[-135.104,69.4966],[-135.4392,69.5263],[-136.044,69.336],[-136.0149,69.1472],[-135.8595,69.0797],[-135.6989,68.9895],[-135.4958,68.719],[-135.6102,68.7038],[-135.8033,68.7711],[-136.2031,68.8756],[-136.9316,68.9495],[-137.2609,68.964],[-137.7285,69.0158],[-138.2751,69.1355],[-138.2996,69.1434],[-157.1779,64.0125],[-160.9266,63.9516]]]},"properties":{"NAME":"Athabaskan","SUBJECTO":"Athabaskan","PARTOF":"Athabaskan","BORDERPRECISION":3,"LINK":null}},
{"type":"Feature","geometry":{"type":"Polygon","coordinates":[[[120.395,-32.7612],[120.406,-32.7756],[120.4609,-32.877],[120.5296,-32.9594],[120.5377,-32.9692],[120.5816,-33.052],[120.7134,-33.1715],[120.8077,-33.1426],[120.9739,-33.125],[121.1278,-33.1243],[121.2608,-33.1151],[121.4048,-33.1152],[121.5584,-33.1594],[121.7024,-33.2151],[121.7471,-33.2358],[121.8414,-33.283],[121.9904,-33.3263],[122.2011,-33.3738],[122.3006,-33.4004],[122.4668,-33.382],[122.6219,-33.382],[122.7548,-33.3913],[122.7995,-33.1645],[122.8275,-33.0552],[122.8282,-33.0553],[122.8326,-33.0354],[122.8876,-32.9061],[122.9097,-32.7581],[122.9317,-32.4893],[122.9208,-32.3685],[122.9648,-32.2289],[122.9979,-32.0985],[123.0089,-31.9865],[123.0419,-31.8744],[123.108,-31.7529],[123.1521,-31.603],[123.1851,-31.4623],[123.2292,-31.3495],[123.2842,-31.2273],[123.3062,-31.1143],[123.3833,-30.9917],[123.2512,-30.9539],[123.1941,-30.9376],[122.8052,-30.9776],[122.2778,-31.0435],[121.6187,-31.1],[121.2394,-31.1],[121.215,-31.1139],[121.0939,-31.1892],[120.9618,-31.2457],[120.6976,-31.4054],[120.4224,-31.6399],[120.2792,-31.7429],[120.1691,-31.8925],[120.0232,-32.0589],[119.9166,-32.1804],[119.9888,-32.2294],[120.0657,-32.3407],[120.1711,-32.4765],[120.2303,-32.5538],[120.3121,-32.6534],[120.395,-32.7612]]]},"properties":{"NAME":"Kalaako/Malpa","SUBJECTO":"Kalaako/Malpa","PARTOF":"Kalaako/Malpa","BORDERPRECISION":3,"LINK":null}},
{"type":"Feature","geometry":{"type":"Polygon","coordinates":[[[128.1814,-15.2493],[128.0856,-15.3552],[128.0819,-15.3594],[128.0676,-15.4166],[128.0552,-15.4406],[128.0511,-15.4484],[128.1226,-15.5172],[128.1193,-15.5578],[128.1396,-15.5638],[128.1445,-15.5595],[128.3148,-15.5384],[128.4412,-15.4907],[128.4521,-15.3319],[128.4631,-15.2497],[128.4643,-15.2408],[128.4741,-15.1676],[128.573,-15.0986],[128.7817,-15.0827],[128.9136,-15.1252],[129.0729,-15.2312],[129.2816,-15.2948],[129.5068,-15.2948],[129.7156,-15.2895],[129.7583,-15.2734],[129.7321,-15.2312],[129.6724,-15.1544],[129.6323,-15.278],[129.4829,-15.2148],[129.1964,-14.9929],[128.9809,-14.9234],[128.4589,-14.8864],[128.389,-14.9438],[128.1814,-15.2493]]]},"properties":{"NAME":"Kadjerong","SUBJECTO":"Kadjerong","PARTOF":"Kadjerong","BORDERPRECISION":3,"LINK":null}},
{"type":"Feature","geometry":{"type":"Polygon","coordinates":[[[151.3102,-33.7738],[151.1911,-33.7837],[151.1032,-33.7654],[151.0263,-33.7426],[151.0219,-33.7408],[151.0126,-33.7563],[150.9796,-33.843],[150.9254,-33.9362],[151.0922,-33.9342],[151.2241,-33.9661],[151.2635,-33.9914],[151.3102,-33.7738]]]},"properties":{"NAME":"Eora","SUBJECTO":"Eora","PARTOF":"Eora","BORDERPRECISION":3,"LINK":null}},
{"type":"Feature","geometry":{"type":"Polygon","coordinates":[[[125.9385,-18.0475],[125.9253,-18.0466],[125.744,-18.0466],[125.6846,-18.0898],[125.744,-18.1197],[125.7282,-18.1414],[125.6561,-18.2398],[125.5627,-18.3493],[125.4965,-18.4104],[125.4968,-18.4171],[125.4989,-18.4222],[125.5463,-18.4275],[125.6342,-18.5421],[125.766,-18.7451],[125.8759,-18.8543],[126.0571,-18.9271],[126.2219,-18.9271],[126.2868,-18.9438],[126.3032,-18.9398],[126.2988,-18.8855],[126.3867,-18.8335],[126.5076,-18.7815],[126.7163,-18.6671],[126.7729,-18.5557],[126.7754,-18.4796],[126.7383,-18.4796],[126.7053,-18.3858],[126.5955,-18.2502],[126.4856,-18.1354],[126.2549,-18.0936],[125.9912,-18.1145],[125.9363,-18.0623],[125.9488,-18.0482],[125.9385,-18.0475]]]},"properties":{"NAME":"Gooniyandi","SUBJECTO":"Gooniyandi","PARTOF":"Gooniyandi","BORDERPRECISION":3,"LINK":null}},
{"type":"Feature","geometry":{"type":"Polygon","coordinates":[[[115.9854,-22.4681],[116.0156,-22.4669],[115.9497,-22.5481],[115.9123,-22.6023],[115.9269,-22.6307],[115.9552,-22.6394],[116.0046,-22.7205],[116.087,-22.7964],[116.2518,-22.8926],[116.4551,-22.9685],[116.5416,-23.0175],[116.6087,-23.0043],[116.6528,-22.923],[116.7407,-22.9078],[116.8396,-22.7812],[116.8614,-22.7712],[116.7517,-22.6647],[116.6089,-22.5836],[116.532,-22.4923],[116.4221,-22.4313],[116.3013,-22.4212],[116.1694,-22.4212],[115.9999,-22.4525],[115.9854,-22.4681]]]},"properties":{"NAME":"Pinikura","SUBJECTO":"Pinikura","PARTOF":"Pinikura","BORDERPRECISION":3,"LINK":null}},
{"type":"Feature","geometry":{"type":"Polygon","coordinates":[[[128.0819,-15.3594],[128.0661,-15.3767],[127.9849,-15.2879],[128.0176,-15.0209],[127.9892,-14.8571],[127.8589,-15.0191],[127.6653,-15.2267],[127.6606,-15.2413],[127.7161,-15.2948],[127.7161,-15.4643],[127.8259,-15.5595],[128.0237,-15.4219],[128.048,-15.4453],[128.0552,-15.4406],[128.0676,-15.4166],[128.0819,-15.3594]]]},"properties":{"NAME":"Yiiji","SUBJECTO":"Yiiji","PARTOF":"Yiiji","BORDERPRECISION":3,"LINK":null}},
{"type":"Feature","geometry":{"type":"Polygon","coordinates":[[[138.9627,-16.9936],[138.927,-16.9853],[138.6101,-16.9117],[138.4108,-16.8994],[138.3546,-16.8781],[138.3183,-16.8644],[138.312,-16.8781],[138.2904,-16.9254],[138.2245,-17.23],[138.175,-17.4031],[138.1091,-17.555],[138.0769,-17.5657],[138.186,-17.6021],[138.3179,-17.7591],[138.3793,-17.9274],[138.4167,-17.8847],[138.7903,-17.9578],[139.3073,-17.8791],[139.335,-17.8749],[139.3781,-17.7801],[139.4659,-17.644],[139.5102,-17.5898],[139.4774,-17.5716],[139.4763,-17.571],[139.2483,-17.4316],[139.1731,-17.3555],[139.0753,-17.076],[139.0498,-17.0573],[138.9627,-16.9936]]]},"properties":{"NAME":"Ganggalida","SUBJECTO":"Ganggalida","PARTOF":"Ganggalida","BORDERPRECISION":3,"LINK":null}},
{"type":"Feature","geometry":{"type":"Polygon","coordinates":[[[143.4735,-13.6654],[143.4569,-13.395],[143.421,-13.395],[143.421,-13.4804],[143.4045,-13.7687],[143.3959,-13.8123],[143.4348,-13.7967],[143.4983,-13.7728],[143.4735,-13.6654]]]},"properties":{"NAME":"Umpila","SUBJECTO":"Umpila","PARTOF":"Umpila","BORDERPRECISION":3,"LINK":null}},
{"type":"Feature","geometry":{"type":"Polygon","coordinates":[[[116.7744,-20.7855],[116.7553,-20.7883],[116.4188,-20.8371],[116.2513,-20.9236],[116.3013,-20.982],[116.4441,-21.2075],[116.4485,-21.293],[116.5179,-21.3407],[116.6858,-21.3764],[116.8414,-21.4041],[116.8818,-21.3857],[116.889,-21.3405],[116.911,-21.2843],[116.9769,-21.1767],[117.0099,-21.1101],[117.0264,-21.0435],[117.0736,-21.0403],[117.0704,-21.0253],[116.9879,-20.9768],[116.922,-20.8999],[116.8341,-20.8691],[116.7792,-20.828],[116.8116,-20.7847],[116.7744,-20.7855]]]},"properties":{"NAME":"Martuthunira","SUBJECTO":"Martuthunira","PARTOF":"Martuthunira","BORDERPRECISION":3,"LINK":null}},
{"type":"Feature","geometry":{"type":"Polygon","coordinates":[[[141.8476,-12.8425],[141.8331,-12.8494],[141.8939,-12.8707],[142.0148,-12.8707],[142.04,-12.8994],[142.0439,-12.8968],[142.0505,-12.8814],[142.0944,-12.8305],[142.1295,-12.8162],[142.1286,-12.7849],[142.1246,-12.7743],[142.0807,-12.6484],[142.0462,-12.5385],[142.012,-12.5385],[141.9434,-12.5653],[141.8774,-12.6028],[141.8314,-12.617],[141.9189,-12.7025],[141.8476,-12.8425]]]},"properties":{"NAME":"Awngthim","SUBJECTO":"Awngthim","PARTOF":"Awngthim","BORDERPRECISION":3,"LINK":null}},
{"type":"Feature","geometry":{"type":"Polygon","coordinates":[[[138.5347,-31.6817],[138.5615,-31.6928],[138.5266,-31.5739],[138.4717,-31.4802],[138.4497,-31.3583],[138.4277,-31.1094],[138.4387,-30.8645],[138.5101,-30.5812],[138.7573,-30.3207],[138.9825,-30.0596],[139.1144,-29.8311],[139.3176,-29.6833],[139.433,-29.5687],[139.4853,-29.5451],[139.4824,-29.5448],[139.2187,-29.5448],[138.9331,-29.5448],[138.6694,-29.5543],[138.4607,-29.5735],[138.4607,-29.5713],[138.4497,-29.6021],[138.1201,-29.5735],[137.5378,-29.5735],[137.1897,-29.656],[136.9226,-29.7358],[136.7286,-29.7964],[136.7908,-29.8788],[136.9775,-30.0406],[137.2412,-30.2211],[137.4719,-30.3729],[137.6477,-30.6379],[137.7356,-30.8645],[137.7246,-31.1094],[137.6003,-31.2064],[137.6023,-31.2182],[137.6123,-31.2293],[137.785,-31.2785],[138.0267,-31.4052],[138.2245,-31.513],[138.3673,-31.5832],[138.4605,-31.6467],[138.4662,-31.6487],[138.5347,-31.6817]]]},"properties":{"NAME":"Kuyani","SUBJECTO":"Kuyani","PARTOF":"Kuyani","BORDERPRECISION":3,"LINK":null}},
{"type":"Feature","geometry":{"type":"Polygon","coordinates":[[[117.188,-23.332],[117.1857,-23.3523],[117.185,-23.3714],[117.1802,-23.5136],[117.1476,-23.6182],[117.2791,-23.6797],[117.4988,-23.725],[117.6416,-23.8306],[117.6834,-23.8425],[117.7295,-23.8557],[117.7295,-23.9863],[117.7196,-23.9895],[117.8833,-24.0314],[118.0756,-23.9009],[118.1854,-23.8054],[118.3228,-23.7401],[118.504,-23.6294],[118.5602,-23.5265],[118.4161,-23.4582],[118.2019,-23.3423],[117.9163,-23.1606],[117.6306,-22.9938],[117.4933,-22.9129],[117.4274,-22.8167],[117.4487,-22.7703],[117.2957,-22.8063],[116.9934,-22.8774],[116.9824,-22.8741],[116.9824,-22.8825],[116.9824,-22.9331],[117.0099,-22.9533],[117.0483,-23.0191],[117.1307,-23.1151],[117.2021,-23.206],[117.188,-23.332]]]},"properties":{"NAME":"Yinhawangka","SUBJECTO":"Yinhawangka","PARTOF":"Yinhawangka","BORDERPRECISION":3,"LINK":null}},
{"type":"Feature","geometry":{"type":"Polygon","coordinates":[[[141.4784,-27.4045],[141.4942,-27.4249],[141.5588,-27.5083],[141.6248,-27.7613],[141.8994,-28.1592],[142.0545,-28.36],[142.0705,-28.3808],[142.0862,-28.4011],[142.0877,-28.402],[142.1183,-28.4203],[142.2738,-28.5137],[142.3114,-28.5363],[142.3194,-28.5274],[142.4158,-28.4204],[142.5146,-28.2657],[142.8003,-28.1689],[143.031,-28.0526],[143.2617,-28.0138],[143.3826,-28.0138],[143.5474,-27.975],[143.703,-27.9022],[143.7231,-27.8928],[143.7341,-27.8876],[143.6572,-27.7711],[143.6243,-27.6543],[143.5583,-27.479],[143.5254,-27.2253],[143.5364,-26.8535],[143.5364,-26.6965],[143.5631,-26.6535],[143.5152,-26.6445],[143.4265,-26.6278],[143.5364,-26.1061],[143.6462,-25.8098],[143.6572,-25.5623],[143.6773,-25.4717],[143.5254,-25.6019],[142.7124,-26.5099],[142.5696,-26.4214],[142.4158,-26.4214],[142.262,-26.4214],[142.1301,-26.5296],[141.9543,-26.9612],[141.9443,-26.9512],[141.9315,-26.9384],[141.8994,-27.0298],[141.7017,-27.2156],[141.438,-27.3523],[141.4784,-27.4045]]]},"properties":{"NAME":"Wangkumara","SUBJECTO":"Wangkumara","PARTOF":"Wangkumara","BORDERPRECISION":3,"LINK":null}},
{"type":"Feature","geometry":{"type":"Polygon","coordinates":[[[143.9931,-34.8199],[144.0363,-34.8273],[144.096,-34.8219],[144.1022,-34.8093],[144.267,-34.7506],[144.5471,-34.6603],[144.6954,-34.6648],[144.7614,-34.6829],[144.7888,-34.6829],[144.7842,-34.6734],[144.7559,-34.6332],[144.646,-34.1982],[144.6549,-34.0726],[144.613,-34.1027],[144.5636,-34.1527],[144.4482,-34.1936],[144.2944,-34.1936],[144.1777,-34.1479],[144.1791,-34.18],[144.0912,-34.2481],[143.9429,-34.3253],[143.8385,-34.4522],[143.8385,-34.5247],[143.9209,-34.71],[143.9904,-34.8175],[143.9918,-34.8197],[143.9931,-34.8199]]]},"properties":{"NAME":"Nari Nari","SUBJECTO":"Nari Nari","PARTOF":"Nari Nari","BORDERPRECISION":3,"LINK":null}},
{"type":"Feature","geometry":{"type":"Polygon","coordinates":[[[134.4414,-17.8045],[134.4397,-17.8115],[134.3966,-17.873],[134.5366,-17.9544],[134.7803,-17.9683],[135.2637,-18.031],[135.7251,-18.3441],[136.1646,-18.615],[136.2967,-18.7288],[136.3022,-18.7335],[136.3039,-18.7319],[136.5161,-18.5421],[137.1973,-18.4379],[137.2412,-18.4275],[137.3412,-18.4156],[137.3471,-18.4149],[137.1753,-18.3232],[136.8677,-18.1145],[136.7313,-18.0775],[136.6985,-18.0686],[136.637,-18.0519],[136.3623,-17.9578],[136.1206,-17.8115],[135.802,-17.6859],[135.6974,-17.6699],[135.5273,-17.644],[135.4529,-17.644],[135.1868,-17.644],[134.967,-17.644],[134.6858,-17.6859],[134.6456,-17.6919],[134.6155,-17.6964],[134.57,-17.7246],[134.4414,-17.8045]]]},"properties":{"NAME":"Wambaya","SUBJECTO":"Wambaya","PARTOF":"Wambaya","BORDERPRECISION":3,"LINK":null}},
{"type":"Feature","geometry":{"type":"Polygon","coordinates":[[[146.2143,-29.9496],[146.2468,-29.9998],[146.261,-30.0215],[146.3104,-30.1309],[146.5576,-30.2875],[146.8268,-30.4439],[146.9861,-30.5717],[146.9861,-30.6993],[146.9861,-30.8032],[147.052,-30.987],[147.1893,-31.1846],[147.2223,-31.3912],[147.2113,-31.5973],[147.2496,-31.6821],[147.3047,-31.6721],[148.0518,-31.6721],[148.7549,-31.6721],[149.0415,-31.7849],[149.1421,-31.5083],[149.1861,-31.3912],[149.1806,-31.2574],[149.0405,-31.1188],[148.9417,-31.0623],[148.9087,-30.8645],[148.7933,-30.7371],[148.6395,-30.6095],[148.5764,-30.5977],[148.4528,-30.6355],[148.2907,-30.3658],[148.2111,-30.1997],[148.082,-30.0691],[148.038,-30.0358],[147.8925,-30.0548],[147.6645,-30.1095],[147.3816,-30.119],[147.0657,-30.0738],[146.9274,-29.9983],[146.8872,-29.9763],[146.8508,-29.9413],[146.6785,-29.9264],[146.2143,-29.9496]]]},"properties":{"NAME":"Wailwan","SUBJECTO":"Wailwan","PARTOF":"Wailwan","BORDERPRECISION":3,"LINK":null}},
{"type":"Feature","geometry":{"type":"Polygon","coordinates":[[[152.9396,-30.6994],[152.9508,-30.6656],[152.7429,-30.6237],[152.3969,-30.5433],[152.1318,-30.4819],[152.1112,-30.567],[151.9958,-30.756],[151.8146,-30.9211],[151.6659,-31.0395],[151.6526,-31.0622],[151.6553,-31.0623],[151.7651,-31.0718],[152.0013,-31.0906],[152.3419,-31.1705],[152.5781,-31.2598],[152.9462,-31.2504],[152.984,-31.2681],[153.0011,-31.0555],[152.9396,-30.6994]]]},"properties":{"NAME":"Dainggatti","SUBJECTO":"Dainggatti","PARTOF":"Dainggatti","BORDERPRECISION":3,"LINK":null}},
{"type":"Feature","geometry":{"type":"Polygon","coordinates":[[[138.4933,-22.0435],[138.3838,-21.9532],[138.0652,-21.8411],[137.9553,-21.7391],[137.9443,-21.7289],[137.9374,-21.7264],[137.6917,-21.637],[137.2961,-21.637],[137.0135,-21.6464],[137.0232,-21.7092],[137.0435,-21.8411],[137.0654,-22.3907],[136.907,-22.5762],[136.9666,-22.8876],[137.1863,-23.3423],[137.6147,-23.5438],[137.9773,-23.6546],[138.3289,-23.6747],[138.3618,-23.6695],[138.3618,-23.6445],[138.3289,-23.4733],[138.2629,-23.2918],[138.252,-23.0393],[138.252,-22.6546],[138.2959,-22.3806],[138.4497,-22.106],[138.5775,-22.1129],[138.4933,-22.0435]]]},"properties":{"NAME":"Andegerebenha","SUBJECTO":"Andegerebenha","PARTOF":"Andegerebenha","BORDERPRECISION":3,"LINK":null}},
{"type":"Feature","geometry":{"type":"Polygon","coordinates":[[[122.5374,-16.9232],[122.1608,-17.3192],[122.1954,-17.3192],[122.3959,-17.3192],[122.5964,-17.3166],[122.7585,-17.3166],[122.8031,-17.3166],[122.8052,-17.2615],[122.8381,-17.0988],[122.8909,-17.0365],[122.8902,-17.0362],[122.8629,-17.0253],[122.7887,-17.0121],[122.7283,-17.0043],[122.6431,-16.9859],[122.558,-16.9438],[122.5504,-16.9362],[122.5374,-16.9232]]]},"properties":{"NAME":"Jabirrjabirr","SUBJECTO":"Jabirrjabirr","PARTOF":"Jabirrjabirr","BORDERPRECISION":3,"LINK":null}},
{"type":"Feature","geometry":{"type":"Polygon","coordinates":[[[118.5095,-28.4011],[118.8831,-28.517],[119.2017,-28.6424],[119.3938,-28.7412],[119.4214,-28.7484],[119.436,-28.7629],[119.5203,-28.8062],[119.6851,-29.0081],[119.7565,-28.9937],[119.729,-28.9697],[119.8718,-28.8543],[120.0146,-28.8447],[120.3552,-28.8062],[120.5859,-28.7965],[120.8496,-28.7965],[121.1023,-28.7773],[121.2012,-28.8158],[121.355,-28.8639],[121.8494,-28.8447],[122.1021,-28.7677],[122.1441,-28.7533],[122.2998,-28.7002],[122.3169,-28.6968],[122.2668,-28.5845],[122.135,-28.4107],[122.0581,-28.2947],[121.9592,-28.1592],[121.8713,-28.0526],[121.8054,-27.9847],[121.7638,-27.9193],[121.756,-27.9071],[121.6939,-27.8563],[121.6132,-27.7905],[121.5692,-27.7224],[121.4923,-27.6495],[121.366,-27.557],[121.322,-27.5278],[121.306,-27.5283],[121.2884,-27.5289],[121.1792,-27.5326],[120.976,-27.5326],[120.8661,-27.5375],[120.6793,-27.5083],[120.5035,-27.4595],[120.3552,-27.3913],[120.2179,-27.3523],[120.0641,-27.3279],[119.9707,-27.323],[119.7235,-27.2839],[119.6027,-27.2693],[119.3225,-27.2839],[119.2291,-27.401],[119.1248,-27.5521],[118.949,-27.8391],[118.8336,-28.0429],[118.7339,-28.0972],[118.7283,-28.1003],[118.6469,-28.1447],[118.532,-28.3041],[118.4656,-28.3962],[118.5095,-28.4011]]]},"properties":{"NAME":"Kuwarra","SUBJECTO":"Kuwarra","PARTOF":"Kuwarra","BORDERPRECISION":3,"LINK":null}},
{"type":"Feature","geometry":{"type":"Polygon","coordinates":[[[113.672,-23.7656],[113.9777,-23.8557],[114.2633,-23.931],[114.4822,-23.9698],[114.5215,-23.9159],[114.5215,-23.8758],[114.6478,-23.5438],[114.6368,-23.3725],[114.6753,-23.317],[114.7059,-23.3269],[114.7066,-23.2872],[114.7083,-23.201],[114.7302,-23.0545],[114.7742,-22.928],[114.796,-22.8274],[114.7961,-22.8268],[114.7926,-22.8217],[114.7577,-22.7711],[114.5929,-22.7306],[114.4226,-22.7255],[114.2908,-22.685],[114.1479,-22.685],[113.9612,-22.6951],[113.8239,-22.7559],[113.7831,-22.8395],[113.7744,-22.8572],[113.7579,-23.014],[113.7469,-23.2313],[113.7433,-23.2484],[113.762,-23.4811],[113.672,-23.7656]]]},"properties":{"NAME":"Payungu","SUBJECTO":"Payungu","PARTOF":"Payungu","BORDERPRECISION":3,"LINK":null}},
{"type":"Feature","geometry":{"type":"Polygon","coordinates":[[[136.3022,-18.7335],[136.4063,-18.8231],[135.7813,-19.9527],[135.8569,-19.9527],[136.0327,-20.1591],[136.0327,-20.5711],[136.2079,-20.735],[136.2921,-20.7562],[136.3843,-20.715],[136.5601,-20.7356],[136.6766,-20.8517],[136.7491,-20.8644],[137.2412,-20.9512],[137.7576,-20.8383],[138.0212,-20.6328],[138.4058,-20.4888],[138.8295,-20.4474],[138.9331,-20.4373],[138.9052,-20.3652],[138.9034,-20.3608],[138.8832,-20.3086],[138.8013,-20.0972],[138.5376,-19.8701],[138.1778,-19.8495],[138.1652,-19.8457],[137.7576,-19.6943],[137.5378,-19.6115],[137.6257,-19.3111],[137.7026,-19.1036],[137.8455,-18.7815],[137.9082,-18.5141],[137.9114,-18.5004],[137.8008,-18.4405],[137.6807,-18.3754],[137.3471,-18.4149],[137.3412,-18.4156],[137.2412,-18.4275],[137.1973,-18.4379],[136.5161,-18.5421],[136.3039,-18.7319],[136.3022,-18.7335]]]},"properties":{"NAME":"Wakaya","SUBJECTO":"Wakaya","PARTOF":"Wakaya","BORDERPRECISION":3,"LINK":null}},
{"type":"Feature","geometry":{"type":"Polygon","coordinates":[[[143.3033,-34.4608],[143.3066,-34.4641],[143.3304,-34.4884],[143.3716,-34.5405],[143.3881,-34.5699],[143.3881,-34.6196],[143.3881,-34.654],[143.3881,-34.6694],[143.4073,-34.6987],[143.465,-34.7258],[143.5776,-34.7439],[143.7067,-34.7484],[143.8303,-34.7958],[143.8907,-34.8251],[144.0108,-34.8536],[144.0143,-34.8544],[143.998,-34.8292],[143.9918,-34.8197],[143.9904,-34.8175],[143.9209,-34.71],[143.8385,-34.5247],[143.8385,-34.4522],[143.9429,-34.3253],[144.0912,-34.2481],[144.1791,-34.18],[144.1777,-34.1479],[144.1689,-34.1444],[144.0857,-34.1118],[143.8715,-33.9342],[143.6078,-33.7837],[143.4705,-33.6969],[143.4771,-33.6871],[143.2947,-33.7883],[143.2068,-33.77],[142.8967,-33.9656],[142.9047,-33.9935],[142.8557,-33.9975],[142.8497,-33.998],[142.848,-33.9963],[142.828,-34.009],[142.8058,-34.0345],[142.9047,-34.1482],[143.0365,-34.2209],[143.1738,-34.348],[143.2727,-34.4296],[143.3033,-34.4608]]]},"properties":{"NAME":"Madi Madi","SUBJECTO":"Madi Madi","PARTOF":"Madi Madi","BORDERPRECISION":3,"LINK":null}},
{"type":"Feature","geometry":{"type":"Polygon","coordinates":[[[145.6249,-28.9899],[145.6057,-28.9731],[145.6018,-28.9793],[145.4519,-28.9674],[145.3821,-29.1234],[145.0964,-29.4779],[145.0305,-29.7644],[144.9884,-30.1654],[144.9961,-30.2756],[145.2063,-30.3065],[145.5111,-30.2275],[145.568,-30.1852],[145.5963,-30.1641],[145.6787,-29.9549],[145.7941,-29.7453],[145.796,-29.6727],[145.7945,-29.6735],[145.7336,-29.7071],[145.7542,-29.3308],[145.7446,-29.2864],[145.7093,-29.1709],[145.6708,-29.0588],[145.6249,-28.9899]]]},"properties":{"NAME":"Gunu","SUBJECTO":"Gunu","PARTOF":"Gunu","BORDERPRECISION":3,"LINK":null}},
{"type":"Feature","geometry":{"type":"Polygon","coordinates":[[[113.6674,-23.7801],[113.6391,-23.8261],[113.522,-24.0157],[113.3734,-24.2638],[113.3734,-24.4471],[113.4943,-24.652],[113.5657,-24.7917],[113.6116,-24.8076],[113.6316,-24.7817],[113.7579,-24.7269],[113.9008,-24.6919],[114.137,-24.672],[114.494,-24.7718],[114.6973,-24.8466],[114.8676,-24.9213],[115.03,-24.9397],[115.2154,-24.9607],[115.3125,-24.8067],[115.3235,-24.632],[115.2576,-24.4871],[115.0983,-24.3371],[114.8676,-24.1066],[114.6313,-23.9963],[114.5215,-23.9768],[114.4822,-23.9698],[114.2633,-23.931],[113.9777,-23.8557],[113.672,-23.7656],[113.6674,-23.7801]]]},"properties":{"NAME":"Maya","SUBJECTO":"Maya","PARTOF":"Maya","BORDERPRECISION":3,"LINK":null}},
{"type":"Feature","geometry":{"type":"Polygon","coordinates":[[[152.3998,-25.0717],[152.3992,-25.0462],[152.3804,-25.0557],[152.1497,-25.1353],[151.864,-25.1652],[151.7947,-25.1512],[151.7921,-25.1637],[151.8805,-25.5276],[151.908,-25.696],[151.9299,-25.8889],[152.0123,-26.0765],[152.0673,-26.2294],[152.2375,-26.3968],[152.5562,-26.7799],[152.8528,-26.9417],[152.9192,-27.043],[153.0011,-27.0836],[153.0573,-27.1018],[153.0867,-27.01],[153.081,-26.622],[153.0691,-26.2277],[152.9893,-25.9385],[152.9715,-25.8742],[152.9242,-25.8889],[152.6935,-26.0173],[152.6605,-25.9136],[152.6495,-25.7306],[152.6331,-25.587],[152.699,-25.4433],[152.7224,-25.4111],[152.6832,-25.4013],[152.5336,-25.364],[152.4857,-25.3132],[152.3998,-25.0717]]]},"properties":{"NAME":"Dyungungoo (Gubbi Gubbi)","SUBJECTO":"Dyungungoo (Gubbi Gubbi)","PARTOF":"Dyungungoo (Gubbi Gubbi)","BORDERPRECISION":3,"LINK":null}},
{"type":"Feature","geometry":{"type":"Polygon","coordinates":[[[132.3688,-13.0955],[132.2901,-13.0879],[132.2589,-13.0848],[132.2314,-13.1276],[132.182,-13.1918],[132.1996,-13.2226],[132.2095,-13.2399],[132.2644,-13.2667],[132.3907,-13.3041],[132.561,-13.3469],[132.6764,-13.3843],[132.7478,-13.427],[132.8412,-13.4965],[132.8467,-13.5499],[132.7643,-13.5606],[132.6215,-13.5766],[132.5171,-13.614],[132.4072,-13.6727],[132.2864,-13.6887],[132.1985,-13.6833],[132.0996,-13.7207],[132.0782,-13.7498],[132.0711,-13.7595],[132.0447,-13.7954],[132.0007,-13.9287],[131.992,-13.966],[131.982,-14.0083],[131.9568,-14.1153],[131.9458,-14.291],[131.8854,-14.4294],[131.8799,-14.4879],[131.896,-14.5692],[131.9073,-14.6261],[131.9813,-14.6164],[132.038,-14.609],[132.1106,-14.5995],[132.2754,-14.5729],[132.4237,-14.5517],[132.7753,-14.6633],[132.9291,-14.743],[133.162,-14.9016],[133.1708,-14.9076],[133.1807,-14.8971],[133.2043,-14.8718],[133.3795,-14.6846],[133.429,-14.5676],[133.4454,-14.4506],[133.4619,-14.3229],[133.4695,-14.309],[133.4836,-14.283],[133.5773,-14.1099],[133.5883,-13.9501],[133.6377,-13.71],[133.6368,-13.6848],[133.6322,-13.5552],[133.6377,-13.411],[133.5716,-13.3265],[133.5498,-13.2988],[133.4674,-13.2881],[133.2587,-13.3041],[133.2317,-13.3008],[133.1268,-13.2881],[133.0779,-13.2934],[132.9785,-13.3041],[132.8082,-13.2346],[132.6864,-13.1773],[132.6667,-13.1681],[132.6489,-13.1597],[132.5055,-13.1474],[132.4622,-13.1437],[132.4384,-13.1314],[132.3688,-13.0955]]]},"properties":{"NAME":"Jawoyn","SUBJECTO":"Jawoyn","PARTOF":"Jawoyn","BORDERPRECISION":3,"LINK":null}},
{"type":"Feature","geometry":{"type":"Polygon","coordinates":[[[139.3305,-17.9262],[139.3594,-17.9226],[139.3396,-17.8742],[139.335,-17.8749],[139.3073,-17.8791],[138.7903,-17.9578],[138.4167,-17.8847],[138.3793,-17.9274],[138.4013,-17.9874],[138.4058,-17.9996],[138.4058,-18.2398],[138.1421,-18.5213],[138.1099,-18.5203],[138.1091,-18.5213],[138.1031,-18.5333],[138.1641,-18.5525],[138.5706,-18.7815],[139.1418,-19.0933],[139.1677,-19.1194],[139.3286,-18.8231],[139.2627,-18.5629],[139.2737,-18.2398],[139.3286,-17.9265],[139.3305,-17.9262]]]},"properties":{"NAME":"Nguburinji","SUBJECTO":"Nguburinji","PARTOF":"Nguburinji","BORDERPRECISION":3,"LINK":null}},
{"type":"Feature","geometry":{"type":"Polygon","coordinates":[[[134.5366,-17.9544],[134.3472,-17.9436],[134.231,-17.9369],[133.7915,-17.9787],[133.9887,-18.1453],[133.9879,-18.1455],[133.4949,-18.031],[133.4322,-18.2473],[133.4283,-18.261],[133.374,-18.4483],[133.7476,-18.8543],[133.4839,-19.1244],[132.9785,-19.2697],[132.4731,-19.3111],[132.3938,-19.3272],[132.3157,-19.343],[132.4512,-19.5598],[132.5281,-19.8184],[132.8247,-20.2107],[132.9625,-20.7348],[132.9895,-20.7664],[132.9956,-20.7767],[133.0994,-20.9512],[133.3081,-20.9409],[133.8245,-20.9307],[134.0332,-20.8485],[134.3298,-20.6533],[134.7363,-20.3652],[135.0659,-20.1178],[135.4395,-20.0559],[135.687,-20.0227],[135.7471,-20.0146],[135.7813,-19.9527],[136.4063,-18.8231],[136.3022,-18.7335],[136.2967,-18.7288],[136.1646,-18.615],[135.7251,-18.3441],[135.2637,-18.031],[134.7803,-17.9683],[134.5366,-17.9544]]]},"properties":{"NAME":"Warumungu","SUBJECTO":"Warumungu","PARTOF":"Warumungu","BORDERPRECISION":3,"LINK":null}},
{"type":"Feature","geometry":{"type":"Polygon","coordinates":[[[131.0407,-25.4659],[131.0339,-25.5127],[131.0596,-25.525],[131.2097,-25.5969],[131.5009,-25.7009],[131.9348,-25.879],[132.2314,-26.0173],[132.627,-26.1949],[132.8357,-26.3427],[132.9236,-26.4706],[132.9703,-26.4636],[133.007,-26.4581],[133.1213,-26.4411],[133.3191,-26.3131],[133.8135,-26.116],[133.8715,-26.0783],[133.7939,-26.0319],[133.7695,-26.0173],[133.5498,-25.7603],[133.2422,-25.4433],[133.1323,-25.0259],[132.8687,-24.5471],[132.4951,-24.3071],[132.2095,-23.926],[132.0337,-23.6647],[132.0337,-23.1808],[132.2701,-23.0424],[132.2754,-23.0393],[132.3035,-23.0134],[132.2864,-22.9786],[132.1962,-22.9786],[132.2314,-23.0292],[132.1216,-23.0292],[132.1209,-23.0291],[131.781,-23.009],[131.4624,-23.009],[131.2941,-22.9745],[131.2646,-23.1505],[131.1877,-23.4632],[131.0889,-23.7652],[130.979,-24.1066],[130.9131,-24.3871],[130.6714,-24.7069],[130.6011,-24.7708],[130.5762,-24.7933],[130.6989,-24.8416],[130.8472,-24.8815],[131.001,-25.0408],[131.0614,-25.2099],[131.0504,-25.3986],[131.0407,-25.4659]]]},"properties":{"NAME":"Luritja","SUBJECTO":"Luritja","PARTOF":"Luritja","BORDERPRECISION":3,"LINK":null}},
{"type":"Feature","geometry":{"type":"Polygon","coordinates":[[[144.4749,-37.1638],[144.4738,-37.1521],[144.3658,-37.1647],[144.3369,-37.1416],[144.3164,-37.1253],[144.2505,-37.0069],[144.212,-36.8489],[144.1846,-36.7345],[144.1846,-36.642],[144.2652,-36.5773],[144.278,-36.567],[144.3768,-36.5494],[144.4794,-36.5631],[144.5416,-36.5714],[144.5673,-36.5737],[144.5835,-36.5752],[144.6112,-36.5423],[144.6173,-36.5265],[144.6413,-36.4646],[144.7191,-36.3561],[144.6971,-36.3323],[144.5735,-36.1986],[144.3349,-36.2006],[144.3373,-36.1784],[144.2649,-36.1767],[144.262,-36.1902],[144.1881,-36.1898],[144.1496,-36.1724],[144.1275,-36.1418],[144.0718,-36.1387],[144.0709,-36.1283],[144.0315,-36.1291],[144.0069,-36.1296],[144.0047,-36.1119],[143.9302,-36.1134],[143.9114,-36.1101],[143.866,-36.1467],[143.7012,-36.2266],[143.4155,-36.262],[143.1958,-36.324],[143.02,-36.3682],[142.9842,-36.3613],[142.9782,-36.3703],[142.9882,-36.3812],[142.9847,-36.3924],[142.9931,-36.4103],[142.9773,-36.4355],[142.9561,-36.4443],[142.9395,-36.4465],[142.9279,-36.4728],[142.9103,-36.4828],[142.9074,-36.4892],[142.9074,-36.4942],[142.8456,-36.5796],[142.8503,-36.5818],[142.8708,-36.5859],[142.8916,-36.5851],[142.9106,-36.5798],[142.9282,-36.6219],[142.961,-36.6354],[142.9793,-36.6441],[143.0068,-36.6687],[143.0368,-36.6709],[143.0524,-36.6668],[143.0648,-36.6526],[143.0674,-36.6428],[143.0853,-36.6326],[143.1001,-36.634],[143.114,-36.6425],[143.1239,-36.6538],[143.1474,-36.6538],[143.1554,-36.665],[143.1538,-36.6818],[143.1646,-36.6999],[143.2477,-36.877],[143.2232,-36.8773],[143.2412,-36.9089],[143.2261,-36.9177],[143.2452,-36.9192],[143.3771,-36.9279],[143.443,-36.9367],[143.443,-37.0201],[143.3968,-37.0451],[143.3222,-37.0855],[143.3475,-37.129],[143.3364,-37.1374],[143.3155,-37.1437],[143.3079,-37.1561],[143.3022,-37.1708],[143.3062,-37.1917],[143.3074,-37.2128],[143.3075,-37.2141],[143.3049,-37.2287],[143.3038,-37.235],[143.3053,-37.2398],[143.3123,-37.2441],[143.3194,-37.2512],[143.3152,-37.2801],[143.3082,-37.2963],[143.3392,-37.291],[143.3651,-37.2923],[143.3817,-37.2958],[143.3959,-37.2956],[143.4107,-37.2862],[143.4286,-37.274],[143.4532,-37.268],[143.4647,-37.2707],[143.4864,-37.3025],[143.4758,-37.3074],[143.4825,-37.3157],[143.5229,-37.3096],[143.5488,-37.3049],[143.5682,-37.3065],[143.5812,-37.3284],[143.6084,-37.3537],[143.6286,-37.3849],[143.6505,-37.4077],[143.6828,-37.4204],[143.7146,-37.4232],[143.7292,-37.4179],[143.7407,-37.4027],[143.7503,-37.4023],[143.7621,-37.4065],[143.7813,-37.4181],[143.7965,-37.4313],[143.808,-37.4474],[143.8029,-37.4573],[143.7968,-37.4671],[143.7954,-37.4735],[143.8037,-37.4726],[143.8225,-37.4653],[143.852,-37.4652],[143.8987,-37.4713],[143.9614,-37.4785],[144.0348,-37.4737],[144.1197,-37.4628],[144.2024,-37.4476],[144.2509,-37.4309],[144.3026,-37.413],[144.3573,-37.4144],[144.3591,-37.4144],[144.405,-37.4298],[144.5525,-37.3423],[144.53,-37.3194],[144.5082,-37.2968],[144.4728,-37.2618],[144.4637,-37.2393],[144.4192,-37.215],[144.4344,-37.185],[144.4749,-37.1638]]]},"properties":{"NAME":"Dja Dja Wurrung","SUBJECTO":"Dja Dja Wurrung","PARTOF":"Dja Dja Wurrung","BORDERPRECISION":3,"LINK":null}},
{"type":"Feature","geometry":{"type":"Polygon","coordinates":[[[132.9956,-20.7767],[132.9735,-20.7767],[133.0005,-20.8793],[133.0994,-21.2075],[133.0774,-21.6778],[132.9459,-21.8914],[132.9244,-21.9264],[133.0225,-22.1264],[133.6816,-22.2077],[134.0165,-22.3545],[134.0967,-22.3076],[134.4067,-22.1264],[134.6704,-21.8003],[135.0659,-21.5553],[135.8789,-20.9409],[136.2505,-20.7748],[136.2079,-20.735],[136.0327,-20.5711],[136.0327,-20.1591],[135.8569,-19.9527],[135.7813,-19.9527],[135.7471,-20.0146],[135.687,-20.0227],[135.4395,-20.0559],[135.0659,-20.1178],[134.7363,-20.3652],[134.3298,-20.6533],[134.0332,-20.8485],[133.8245,-20.9307],[133.3081,-20.9409],[133.0994,-20.9512],[132.9956,-20.7767]]]},"properties":{"NAME":"Kaytej","SUBJECTO":"Kaytej","PARTOF":"Kaytej","BORDERPRECISION":3,"LINK":null}},
{"type":"Feature","geometry":{"type":"Polygon","coordinates":[[[118.7442,-34.5803],[119.0081,-34.6148],[119.1138,-34.5247],[119.0314,-34.493],[118.8841,-34.2822],[118.8666,-34.2572],[118.7297,-34.2543],[118.6523,-34.2527],[118.3337,-34.2663],[118.0206,-34.2663],[117.5867,-34.2754],[117.4878,-34.2935],[117.0264,-34.3071],[116.7462,-34.3071],[116.521,-34.3298],[116.5265,-34.3661],[116.5265,-34.4205],[116.5759,-34.6016],[116.5704,-34.8273],[116.5468,-34.8654],[116.4465,-35.027],[116.4111,-35.084],[116.4496,-35.1154],[116.7242,-35.1873],[117.1692,-35.2007],[117.741,-35.2199],[117.7933,-35.2123],[118.2071,-35.0903],[118.4159,-34.9244],[118.6728,-34.6058],[118.7442,-34.5803]]]},"properties":{"NAME":"Minang","SUBJECTO":"Minang","PARTOF":"Minang","BORDERPRECISION":3,"LINK":null}},
{"type":"Feature","geometry":{"type":"Polygon","coordinates":[[[113.0916,-26.0577],[113.0601,-26.1162],[113.1757,-26.2836],[113.4998,-26.6867],[113.5986,-26.7603],[113.7338,-26.8005],[113.8458,-26.7505],[114.0161,-26.5885],[114.2413,-26.5148],[114.527,-26.4017],[114.6313,-26.3968],[114.6772,-26.4379],[114.7412,-26.3869],[114.7687,-26.2195],[114.7687,-26.0815],[114.7192,-25.8741],[114.7275,-25.7516],[114.5709,-25.7653],[114.4446,-25.7653],[114.2139,-25.7653],[114.0051,-25.7108],[113.9552,-25.6345],[113.8965,-25.5901],[114.0553,-25.8011],[114.1825,-26.017],[114.1808,-26.2714],[114.0504,-26.2886],[114.0951,-26.5386],[113.8807,-26.509],[113.6577,-26.0682],[113.3212,-25.6903],[113.285,-25.8268],[113.3866,-25.9737],[113.5832,-26.1522],[113.7394,-26.6665],[113.5798,-26.656],[113.433,-26.572],[113.3266,-26.4146],[113.2445,-26.3411],[113.1762,-26.1417],[113.0916,-26.0577]]]},"properties":{"NAME":"Malkana","SUBJECTO":"Malkana","PARTOF":"Malkana","BORDERPRECISION":3,"LINK":null}},
{"type":"Feature","geometry":{"type":"Polygon","coordinates":[[[141.7113,-15.2267],[141.6504,-15.3228],[141.7025,-15.3332],[141.7289,-15.2122],[141.7287,-15.2122],[141.725,-15.2186],[141.7085,-15.2177],[141.7113,-15.2267]]]},"properties":{"NAME":"Yir Yoront","SUBJECTO":"Yir Yoront","PARTOF":"Yir Yoront","BORDERPRECISION":3,"LINK":null}},
{"type":"Feature","geometry":{"type":"Polygon","coordinates":[[[122.2319,-18.1673],[122.2244,-18.1834],[122.2247,-18.1898],[122.2339,-18.1876],[122.5085,-18.2607],[122.7502,-18.365],[122.8821,-18.4483],[122.8873,-18.4619],[122.908,-18.4625],[122.8931,-18.4536],[123.0029,-18.2659],[123.051,-18.0649],[122.9205,-18.0049],[122.8381,-17.8428],[122.8226,-17.7159],[122.8165,-17.6657],[122.8024,-17.6676],[122.753,-17.6833],[122.7239,-17.7156],[122.72,-17.7199],[122.7076,-17.7561],[122.6706,-17.8637],[122.6349,-17.9212],[122.5882,-17.9474],[122.5388,-17.9683],[122.4619,-18.0022],[122.3932,-18.0258],[122.3657,-18.0362],[122.326,-18.0614],[122.308,-18.0728],[122.2281,-18.1439],[122.2319,-18.1673]]]},"properties":{"NAME":"Yawuru","SUBJECTO":"Yawuru","PARTOF":"Yawuru","BORDERPRECISION":3,"LINK":null}},
{"type":"Feature","geometry":{"type":"Polygon","coordinates":[[[138.9321,-26.1508],[138.8562,-26.0963],[138.8467,-25.9856],[138.8277,-25.9704],[138.6365,-25.9975],[138.4497,-26.0074],[138.186,-26.0173],[138.0322,-26.0568],[138.0432,-26.2442],[138.1348,-26.4001],[138.219,-26.3623],[138.4717,-26.3623],[138.7354,-26.3722],[138.8892,-26.3427],[138.8892,-26.1949],[138.9361,-26.1949],[138.9321,-26.1508]]]},"properties":{"NAME":"Karangura","SUBJECTO":"Karangura","PARTOF":"Karangura","BORDERPRECISION":3,"LINK":null}},
{"type":"Feature","geometry":{"type":"Polygon","coordinates":[[[115.7151,-33.0177],[115.7148,-33.0193],[115.6535,-33.3305],[115.6499,-33.3493],[115.717,-33.4029],[115.7355,-33.4177],[115.7675,-33.4921],[115.8166,-33.6064],[115.8398,-33.6604],[115.8677,-33.6704],[115.9903,-33.7146],[116.0046,-33.7198],[116.1941,-33.9269],[116.2023,-33.9358],[116.2134,-33.9479],[116.1969,-34.1936],[116.4331,-34.3071],[116.8066,-34.289],[117.3944,-34.2799],[117.5647,-34.2073],[117.6721,-34.0216],[117.691,-33.9889],[117.6652,-33.9469],[117.5592,-33.7746],[117.4252,-33.6393],[117.4191,-33.6443],[117.2103,-33.4795],[116.9879,-33.381],[116.7572,-33.2984],[116.6778,-33.2481],[116.6309,-33.2295],[116.2692,-33.0626],[116.142,-33.0271],[116.0495,-33.0012],[115.9854,-32.9925],[115.986,-32.9835],[115.9772,-32.981],[115.9688,-32.981],[115.8344,-32.981],[115.7151,-33.0177]]]},"properties":{"NAME":"Kaniyang","SUBJECTO":"Kaniyang","PARTOF":"Kaniyang","BORDERPRECISION":3,"LINK":null}},
{"type":"Feature","geometry":{"type":"Polygon","coordinates":[[[139.1638,-34.7326],[139.1418,-35.003],[139.0998,-35.0768],[139.0649,-35.1379],[139.1023,-35.1434],[139.3066,-35.1738],[139.4096,-35.1938],[139.5358,-35.2184],[139.5374,-35.2187],[139.7241,-34.904],[139.823,-34.6694],[140.1746,-34.6874],[140.4163,-34.6874],[140.6799,-34.6874],[140.9326,-34.6151],[141.1084,-34.597],[141.2512,-34.6422],[141.3281,-34.7777],[141.4147,-34.8165],[141.438,-34.7687],[141.4542,-34.7554],[141.5259,-34.6965],[141.5698,-34.6603],[141.7028,-34.6088],[141.8115,-34.4522],[141.9445,-34.1939],[141.996,-34.0937],[142.0313,-34.0253],[142.033,-34.0215],[142.0862,-33.9069],[142.0472,-33.8792],[142.0093,-33.8522],[141.5149,-33.6878],[141.3171,-33.6055],[141.0205,-33.4589],[140.9729,-33.4431],[140.8919,-33.416],[140.8008,-33.3856],[140.3174,-33.2938],[139.9658,-33.3489],[139.5154,-33.4681],[139.2078,-33.6329],[139.1265,-33.6555],[139.0877,-33.6662],[139.0759,-33.6695],[139.0979,-33.9889],[139.0979,-34.3434],[139.115,-34.4444],[139.1302,-34.534],[139.1638,-34.7326]]]},"properties":{"NAME":"Meru","SUBJECTO":"Meru","PARTOF":"Meru","BORDERPRECISION":3,"LINK":null}},
{"type":"Feature","geometry":{"type":"Polygon","coordinates":[[[146.9238,-20.5482],[146.6016,-20.4476],[146.3379,-20.3446],[146.0742,-20.3549],[145.8435,-20.3961],[145.5875,-20.516],[145.6128,-20.5608],[145.47,-20.9409],[145.47,-21.2791],[145.5469,-21.5451],[145.5909,-21.6883],[145.6146,-21.6852],[145.9479,-21.6421],[146.3489,-21.591],[146.5469,-21.5989],[146.6071,-21.6013],[146.5892,-21.5348],[146.5851,-21.5195],[146.5686,-21.361],[146.5576,-21.1921],[146.5411,-20.9255],[146.5741,-20.6945],[146.8488,-20.6431],[146.9208,-20.552],[146.9238,-20.5482]]]},"properties":{"NAME":"Yilba","SUBJECTO":"Yilba","PARTOF":"Yilba","BORDERPRECISION":3,"LINK":null}},
{"type":"Feature","geometry":{"type":"Polygon","coordinates":[[[129.5123,-15.9772],[129.353,-16.1777],[129.2827,-16.2928],[129.267,-16.3187],[129.2871,-16.3412],[129.342,-16.4572],[129.2651,-16.6257],[129.2542,-16.6257],[129.2542,-16.794],[129.397,-16.8781],[129.6497,-16.8992],[129.8694,-17.0253],[130.144,-17.0673],[130.249,-17.1522],[130.2909,-17.1222],[130.3308,-17.0935],[130.5011,-16.9149],[130.6824,-16.6941],[130.9131,-16.4888],[130.957,-16.4414],[130.9597,-16.4223],[130.9629,-16.3995],[130.968,-16.3623],[130.9021,-16.2621],[130.8691,-16.1039],[130.8661,-16.1029],[130.7591,-16.0674],[130.7098,-16.0511],[130.4846,-15.9613],[130.4462,-15.8081],[130.4462,-15.7081],[130.4462,-15.6918],[130.4462,-15.6601],[130.4187,-15.5278],[130.3918,-15.4924],[130.3803,-15.4774],[130.3583,-15.4484],[130.2869,-15.3954],[130.1548,-15.4867],[130.1132,-15.5155],[130.0342,-15.5701],[129.787,-15.7394],[129.5123,-15.9772]]]},"properties":{"NAME":"Ngarinman","SUBJECTO":"Ngarinman","PARTOF":"Ngarinman","BORDERPRECISION":3,"LINK":null}},
{"type":"Feature","geometry":{"type":"Polygon","coordinates":[[[140.3599,-26.2296],[140.3448,-26.2639],[140.3386,-26.274],[140.224,-26.4607],[140.0867,-26.8143],[139.9933,-27.1618],[139.9766,-27.233],[140.0317,-27.2351],[140.0229,-27.2742],[139.9878,-27.4303],[139.9878,-27.4888],[140.2954,-27.5278],[140.5261,-27.6543],[140.9326,-27.6543],[141.0698,-27.5996],[141.1304,-27.5667],[141.1722,-27.5588],[141.3721,-27.479],[141.4784,-27.4045],[141.438,-27.3523],[141.7017,-27.2156],[141.8994,-27.0298],[141.9315,-26.9384],[141.6797,-26.6867],[141.4709,-26.5394],[141.1963,-26.3919],[141.0925,-26.2601],[140.9436,-26.1456],[140.8228,-26.0667],[140.5659,-25.973],[140.5024,-25.9499],[140.4272,-26.0765],[140.3599,-26.2296]]]},"properties":{"NAME":"Yawarawarka","SUBJECTO":"Yawarawarka","PARTOF":"Yawarawarka","BORDERPRECISION":3,"LINK":null}},
{"type":"Feature","geometry":{"type":"Polygon","coordinates":[[[122.7076,-17.7561],[122.6816,-17.7644],[122.5525,-17.7696],[122.3685,-17.767],[122.1899,-17.7827],[122.1824,-17.7719],[122.157,-17.7905],[122.1597,-17.8428],[122.1927,-17.9056],[122.182,-17.9176],[122.2017,-17.983],[122.2126,-18.0494],[122.2476,-18.0597],[122.326,-18.0614],[122.3657,-18.0362],[122.3932,-18.0258],[122.4619,-18.0022],[122.5388,-17.9683],[122.5882,-17.9474],[122.6349,-17.9212],[122.6706,-17.8637],[122.7076,-17.7561]]]},"properties":{"NAME":"Jukun","SUBJECTO":"Jukun","PARTOF":"Jukun","BORDERPRECISION":3,"LINK":null}},
{"type":"Feature","geometry":{"type":"Polygon","coordinates":[[[134.4087,-12.1211],[134.3925,-12.1189],[134.3962,-12.1307],[134.3985,-12.1347],[134.4562,-12.1347],[134.4662,-12.1344],[134.5551,-12.1038],[134.6046,-12.1077],[134.6047,-12.1067],[134.6045,-12.1065],[134.5963,-12.0904],[134.5963,-12.0572],[134.5948,-12.0572],[134.4087,-12.1211]]]},"properties":{"NAME":"Nakara","SUBJECTO":"Nakara","PARTOF":"Nakara","BORDERPRECISION":3,"LINK":null}},
{"type":"Feature","geometry":{"type":"Polygon","coordinates":[[[135.4576,-14.6807],[135.6184,-14.5421],[135.6305,-14.5317],[135.6317,-14.4985],[135.5548,-14.456],[135.5203,-14.4464],[135.4969,-14.4399],[135.4395,-14.424],[135.2692,-14.424],[135.1373,-14.424],[135.0366,-14.4436],[135.0275,-14.4453],[134.9506,-14.5145],[134.8737,-14.6102],[134.8439,-14.6468],[134.9286,-14.7324],[134.9945,-14.9342],[134.967,-15.0562],[134.9082,-15.165],[134.9561,-15.1782],[135.2307,-15.2842],[135.3845,-15.4007],[135.4285,-15.5701],[135.4393,-15.7681],[135.4944,-15.7605],[135.6702,-15.6971],[135.7251,-15.5384],[135.7875,-15.5278],[135.7943,-15.513],[135.824,-15.4484],[135.9119,-15.3954],[135.9448,-15.3593],[135.9004,-15.3328],[135.6275,-15.1698],[135.4166,-14.9732],[135.3881,-14.897],[135.4576,-14.6807]]]},"properties":{"NAME":"Mara","SUBJECTO":"Mara","PARTOF":"Mara","BORDERPRECISION":3,"LINK":null}},
{"type":"Feature","geometry":{"type":"Polygon","coordinates":[[[130.0855,-13.5925],[130.0611,-13.6059],[130.1138,-13.6193],[130.1303,-13.662],[130.1097,-13.7127],[130.1042,-13.7767],[130.118,-13.8207],[130.1413,-13.8647],[130.2001,-13.8878],[130.2276,-13.8823],[130.2237,-13.8807],[130.2347,-13.8221],[130.2374,-13.7127],[130.2669,-13.6347],[130.2672,-13.6338],[130.2127,-13.6033],[130.2072,-13.5232],[130.1909,-13.4978],[130.1761,-13.5111],[130.0855,-13.5925]]]},"properties":{"NAME":"Maranunggu","SUBJECTO":"Maranunggu","PARTOF":"Maranunggu","BORDERPRECISION":3,"LINK":null}},
{"type":"Feature","geometry":{"type":"Polygon","coordinates":[[[143.7122,-25.3142],[143.7085,-25.3308],[143.6869,-25.4284],[143.6773,-25.4717],[143.6572,-25.5623],[143.6462,-25.8098],[143.5364,-26.1061],[143.4265,-26.6278],[143.5152,-26.6445],[143.5631,-26.6535],[143.6353,-26.6671],[143.9758,-26.6573],[144.3713,-26.6475],[144.9097,-26.5394],[145.1087,-26.4816],[145.3162,-26.4214],[145.522,-26.3681],[145.5016,-26.328],[145.466,-26.2641],[145.4037,-26.1982],[145.3258,-26.1423],[145.2055,-26.1043],[145.1031,-26.0843],[145.0742,-26.0943],[145.0519,-26.1223],[145.0479,-26.1547],[145.041,-26.1813],[144.9955,-26.1976],[144.9249,-26.2037],[144.8793,-26.1997],[144.8156,-26.1465],[144.7792,-26.0983],[144.7496,-26.0554],[144.7313,-26.0144],[144.7017,-26.0083],[144.6425,-25.9858],[144.6267,-25.9735],[144.6154,-25.9538],[144.6126,-25.9349],[144.6063,-25.9114],[144.6322,-25.8408],[144.6735,-25.7774],[144.7027,-25.6921],[144.7269,-25.5957],[144.8265,-25.1832],[144.8751,-25.049],[145.0421,-24.8647],[145.0427,-24.8641],[145.0547,-24.7987],[144.9207,-24.677],[144.5691,-24.5671],[144.4702,-24.7468],[144.1077,-25.0358],[143.7546,-25.2843],[143.7122,-25.3142]]]},"properties":{"NAME":"Dharawala","SUBJECTO":"Dharawala","PARTOF":"Dharawala","BORDERPRECISION":3,"LINK":null}},
{"type":"Feature","geometry":{"type":"Polygon","coordinates":[[[116.4331,-23.9762],[116.4496,-24.1818],[116.3452,-24.4622],[116.3665,-24.5618],[116.3735,-24.5946],[116.5045,-24.5121],[116.7188,-24.4772],[116.8341,-24.4821],[116.8781,-24.4421],[116.933,-24.3571],[116.933,-24.2069],[116.9879,-24.0615],[117.0978,-24.0013],[117.1967,-24.0314],[117.2516,-24.0013],[117.3615,-23.9712],[117.4219,-24.0063],[117.5812,-24.0314],[117.5943,-24.0314],[117.7196,-23.9895],[117.7295,-23.9863],[117.7295,-23.8557],[117.6834,-23.8425],[117.6416,-23.8306],[117.4988,-23.725],[117.2791,-23.6797],[117.1476,-23.6182],[117.0319,-23.564],[116.6913,-23.3977],[116.2793,-23.2111],[115.9772,-23.014],[115.776,-22.9214],[115.7355,-22.9027],[115.7328,-22.9269],[115.697,-23.2514],[115.752,-23.4179],[115.8014,-23.5791],[115.8234,-23.6999],[115.8016,-23.7536],[115.7908,-23.7803],[115.7684,-23.8356],[115.8097,-23.8422],[115.8351,-23.8462],[115.8948,-23.8557],[116.2738,-23.8758],[116.3562,-23.916],[116.4331,-23.9762]]]},"properties":{"NAME":"Thiin","SUBJECTO":"Thiin","PARTOF":"Thiin","BORDERPRECISION":3,"LINK":null}},
{"type":"Feature","geometry":{"type":"Polygon","coordinates":[[[130.1548,-15.4867],[130.1331,-15.4378],[130.0122,-15.4113],[129.9133,-15.4113],[129.8859,-15.3425],[129.849,-15.296],[129.8145,-15.2524],[129.7583,-15.2734],[129.7156,-15.2895],[129.5068,-15.2948],[129.2816,-15.2948],[129.0729,-15.2312],[128.9136,-15.1252],[128.7817,-15.0827],[128.573,-15.0986],[128.4741,-15.1676],[128.4643,-15.2408],[128.4631,-15.2497],[128.4521,-15.3319],[128.4412,-15.4907],[128.3148,-15.5384],[128.1445,-15.5595],[128.1396,-15.5638],[128.1173,-15.5828],[128.1116,-15.6548],[128.0237,-15.824],[127.9382,-15.8714],[128.0786,-15.8768],[128.3313,-15.993],[128.6279,-16.0775],[129.0125,-16.1408],[129.1674,-16.2348],[129.1718,-16.2358],[129.2827,-16.2928],[129.353,-16.1777],[129.5123,-15.9772],[129.787,-15.7394],[130.0342,-15.5701],[130.1132,-15.5155],[130.1548,-15.4867]]]},"properties":{"NAME":"Doolboong/Miriwoong","SUBJECTO":"Doolboong/Miriwoong","PARTOF":"Doolboong/Miriwoong","BORDERPRECISION":3,"LINK":null}},
{"type":"Feature","geometry":{"type":"Polygon","coordinates":[[[129.0344,-18.0101],[129.1333,-18.1772],[129.1553,-18.4483],[129.1443,-18.9167],[128.8586,-19.1659],[128.7702,-19.2494],[128.7582,-19.2608],[128.7158,-19.3008],[128.9685,-19.4769],[129.2761,-19.6736],[129.6497,-19.8391],[129.8694,-19.9424],[130.2869,-20.3034],[130.4956,-20.5505],[130.4956,-20.7972],[130.3967,-21.0025],[130.2534,-21.1139],[130.3201,-21.1217],[130.4407,-21.1357],[130.7373,-21.3201],[130.8691,-21.637],[130.8252,-21.9227],[130.6714,-22.0755],[130.6824,-22.3399],[130.8582,-22.6242],[131.1328,-22.7559],[131.3196,-22.7559],[131.3086,-22.8876],[131.2983,-22.9492],[131.2941,-22.9745],[131.4624,-23.009],[131.781,-23.009],[132.1209,-23.0291],[132.1216,-23.0292],[132.2314,-23.0292],[132.1962,-22.9786],[132.0337,-22.7458],[131.8799,-22.5531],[131.8799,-22.2891],[132.0667,-22.0042],[132.4622,-21.9634],[132.7258,-21.9634],[132.9016,-21.9634],[132.9244,-21.9264],[132.9459,-21.8914],[133.0774,-21.6778],[133.0994,-21.2075],[133.0005,-20.8793],[132.9735,-20.7767],[132.9625,-20.7348],[132.8247,-20.2107],[132.5281,-19.8184],[132.4512,-19.5598],[132.3157,-19.343],[132.2739,-19.2761],[132.1985,-19.1555],[132.0557,-18.9479],[131.748,-18.7295],[131.5942,-18.5629],[131.2317,-18.3024],[131.0289,-18.1616],[130.9736,-18.1232],[130.946,-18.1041],[130.7593,-18.1876],[130.4187,-18.2294],[129.8914,-18.3128],[129.5068,-18.3232],[129.2651,-18.3232],[129.151,-18.1684],[129.0344,-18.0101]]]},"properties":{"NAME":"Warlpiri","SUBJECTO":"Warlpiri","PARTOF":"Warlpiri","BORDERPRECISION":3,"LINK":null}},
{"type":"Feature","geometry":{"type":"Polygon","coordinates":[[[145.0547,-24.7987],[145.0597,-24.7715],[145.0791,-24.6435],[145.0864,-24.5154],[145.1083,-24.4668],[145.1204,-24.4115],[145.1253,-24.3473],[145.207,-24.1777],[144.9152,-23.9612],[144.7504,-23.8406],[144.4098,-23.7703],[144.0472,-23.7602],[143.7726,-23.7904],[143.454,-23.8406],[143.4382,-23.8196],[143.3167,-23.9863],[143.1519,-24.3871],[143.0556,-24.4701],[143.2837,-24.7468],[143.7561,-25.2646],[143.7546,-25.2843],[144.1077,-25.0358],[144.4702,-24.7468],[144.5691,-24.5671],[144.9207,-24.677],[145.0547,-24.7987]]]},"properties":{"NAME":"Kuungkari","SUBJECTO":"Kuungkari","PARTOF":"Kuungkari","BORDERPRECISION":3,"LINK":null}},
{"type":"Feature","geometry":{"type":"Polygon","coordinates":[[[141.9445,-34.1939],[142.1411,-34.2345],[142.262,-34.3978],[142.3169,-34.6061],[142.4927,-34.7145],[142.6794,-34.7145],[142.7344,-34.6965],[142.8992,-34.6422],[142.9156,-34.6358],[142.9215,-34.6335],[143.1079,-34.5609],[143.3066,-34.4641],[143.3033,-34.4608],[143.2727,-34.4296],[143.1738,-34.348],[143.0365,-34.2209],[142.9047,-34.1482],[142.8058,-34.0345],[142.828,-34.009],[142.7948,-34.0299],[142.7857,-33.9362],[142.5811,-33.7384],[142.4452,-33.7118],[142.3718,-33.8339],[142.3499,-33.9525],[142.1191,-33.9342],[142.033,-34.0215],[142.0313,-34.0253],[141.996,-34.0937],[141.9445,-34.1939]]]},"properties":{"NAME":"Kureinji","SUBJECTO":"Kureinji","PARTOF":"Kureinji","BORDERPRECISION":3,"LINK":null}},
{"type":"Feature","geometry":{"type":"Polygon","coordinates":[[[143.3066,-34.4641],[143.1079,-34.5609],[142.9215,-34.6335],[142.9651,-34.6694],[142.9651,-34.6928],[142.9761,-34.7055],[142.9651,-34.756],[142.9651,-34.8318],[142.9641,-34.8414],[142.9641,-34.8415],[142.9643,-34.8415],[143.0246,-34.855],[143.038,-34.8478],[143.0145,-34.8003],[143.1683,-34.7236],[143.2892,-34.6694],[143.3829,-34.6694],[143.3881,-34.654],[143.3881,-34.6196],[143.3881,-34.5699],[143.3716,-34.5405],[143.3304,-34.4884],[143.3066,-34.4641]]]},"properties":{"NAME":"Dadi Dadi","SUBJECTO":"Dadi Dadi","PARTOF":"Dadi Dadi","BORDERPRECISION":3,"LINK":null}},
{"type":"Feature","geometry":{"type":"Polygon","coordinates":[[[138.5346,-35.2973],[138.4944,-35.3951],[138.5582,-35.355],[138.5769,-35.3432],[138.5815,-35.3353],[138.653,-35.1738],[138.7134,-34.994],[138.7903,-34.8589],[138.7903,-34.6874],[138.7739,-34.6572],[138.7175,-34.6735],[138.6694,-34.6874],[138.609,-34.502],[138.5486,-34.2981],[138.4937,-34.0436],[138.3948,-33.6558],[138.3234,-33.4314],[138.3289,-33.3168],[138.3313,-33.3089],[138.3315,-33.3081],[138.3234,-33.2984],[138.1698,-33.3243],[138.1485,-33.359],[138.0908,-33.4528],[138.0327,-33.4563],[137.9981,-33.4583],[137.9938,-33.4681],[137.9938,-33.5826],[137.9938,-33.7928],[138.0103,-33.9388],[138.0267,-34.0345],[138.0432,-34.1482],[138.0542,-34.1643],[138.1146,-34.2527],[138.1915,-34.4296],[138.2705,-34.5789],[138.4541,-34.7816],[138.5676,-34.9277],[138.5346,-35.2973]]]},"properties":{"NAME":"Kaurna Pangkarra","SUBJECTO":"Kaurna Pangkarra","PARTOF":"Kaurna Pangkarra","BORDERPRECISION":3,"LINK":null}},
{"type":"Feature","geometry":{"type":"Polygon","coordinates":[[[124.8816,-18.4796],[124.8146,-18.5802],[124.8596,-18.589],[124.8596,-18.6101],[124.8596,-18.6983],[124.8047,-18.7815],[124.7992,-18.9582],[124.8596,-19.223],[124.964,-19.3163],[125.1123,-19.8752],[125.0024,-20.1488],[124.9554,-20.1961],[125.1123,-20.1797],[125.4199,-20.2003],[126.0791,-20.2828],[126.3445,-20.3414],[126.3647,-20.2828],[126.5076,-20.0146],[126.8042,-19.1971],[126.8256,-19.1823],[126.8289,-19.1569],[126.8262,-19.1555],[126.6943,-19.0829],[126.5955,-19.1036],[126.4417,-19.1036],[126.3098,-19.0206],[126.3039,-18.9482],[126.2868,-18.9438],[126.2219,-18.9271],[126.0571,-18.9271],[125.8759,-18.8543],[125.766,-18.7451],[125.6342,-18.5421],[125.5463,-18.4275],[125.4989,-18.4222],[125.4853,-18.4207],[125.4529,-18.4171],[125.3101,-18.4848],[125.0354,-18.49],[124.9091,-18.4744],[124.8816,-18.4796]]]},"properties":{"NAME":"Walmatjarri","SUBJECTO":"Walmatjarri","PARTOF":"Walmatjarri","BORDERPRECISION":3,"LINK":null}},
{"type":"Feature","geometry":{"type":"Polygon","coordinates":[[[151.7921,-25.1637],[151.7888,-25.15],[151.7816,-25.1204],[151.7157,-25.0259],[151.6272,-25.023],[151.567,-25.0211],[151.5619,-25.0209],[151.3477,-25.0955],[151.2268,-25.2397],[151.0675,-25.3986],[150.9467,-25.5424],[150.8807,-25.6514],[150.873,-25.6608],[150.8826,-25.6682],[151.0291,-25.7801],[151.2378,-25.9679],[151.474,-26.2442],[151.5619,-26.446],[151.5839,-26.6278],[151.9739,-26.8339],[152.0618,-26.9661],[152.1606,-27.1129],[152.1801,-27.149],[152.2181,-27.2195],[152.2375,-27.2204],[152.3694,-27.196],[152.5067,-27.2058],[152.5507,-27.2644],[152.6276,-27.323],[152.7144,-27.3307],[152.7374,-27.3327],[152.7979,-27.2986],[152.8047,-27.281],[152.8297,-27.2171],[152.8418,-27.1862],[152.8857,-27.1374],[152.9297,-27.0591],[152.9192,-27.043],[152.8528,-26.9417],[152.5562,-26.7799],[152.2375,-26.3968],[152.0673,-26.2294],[152.0123,-26.0765],[151.9299,-25.8889],[151.908,-25.696],[151.8805,-25.5276],[151.7921,-25.1637]]]},"properties":{"NAME":"Waka Waka","SUBJECTO":"Waka Waka","PARTOF":"Waka Waka","BORDERPRECISION":3,"LINK":null}},
{"type":"Feature","geometry":{"type":"Polygon","coordinates":[[[141.7059,-15.2091],[141.7085,-15.2177],[141.725,-15.2186],[141.7287,-15.2122],[141.7289,-15.2122],[141.7291,-15.2115],[141.7456,-15.1358],[141.8335,-14.9448],[141.8979,-14.9298],[141.9066,-14.9182],[141.8994,-14.9182],[141.9763,-14.7961],[142.0093,-14.6421],[141.999,-14.4984],[141.9983,-14.4985],[141.795,-14.4985],[141.5918,-14.4932],[141.5241,-14.4932],[141.4939,-14.5745],[141.5479,-14.8598],[141.5539,-14.8868],[141.6524,-15.0361],[141.7059,-15.2091]]]},"properties":{"NAME":"Thaayorre","SUBJECTO":"Thaayorre","PARTOF":"Thaayorre","BORDERPRECISION":3,"LINK":null}},
{"type":"Feature","geometry":{"type":"Polygon","coordinates":[[[119.9166,-32.1804],[119.5058,-31.8945],[119.1216,-31.6986],[118.8691,-31.5303],[118.7703,-31.4274],[118.6495,-31.343],[118.4977,-31.217],[118.3518,-31.0673],[118.2652,-30.9072],[118.2157,-30.862],[118.1864,-30.9013],[117.9163,-31.2645],[117.724,-31.527],[117.5262,-31.9568],[117.5372,-32.2128],[117.6038,-32.3815],[117.6121,-32.4024],[117.6691,-32.5468],[117.7428,-32.6329],[118.0371,-32.9764],[118.1085,-33.0562],[118.1525,-33.1053],[118.4122,-33.129],[118.4914,-33.1362],[118.4766,-33.1099],[119.1687,-33.1376],[119.6082,-33.1376],[119.9484,-33.153],[120.0349,-33.148],[120.1931,-33.0856],[120.3278,-32.9534],[120.3937,-32.7734],[120.395,-32.7612],[120.3121,-32.6534],[120.2303,-32.5538],[120.1711,-32.4765],[120.0657,-32.3407],[119.9888,-32.2294],[119.9166,-32.1804]]]},"properties":{"NAME":"Nyaki-nyaki","SUBJECTO":"Nyaki-nyaki","PARTOF":"Nyaki-nyaki","BORDERPRECISION":3,"LINK":null}},
{"type":"Feature","geometry":{"type":"Polygon","coordinates":[[[145.5938,-36.2022],[145.6018,-36.1867],[145.6336,-36.1481],[145.6677,-36.1068],[145.7556,-36.0802],[145.7877,-36.0932],[145.7892,-36.0908],[145.7666,-36.0491],[145.7666,-35.9958],[145.7983,-35.9878],[145.5469,-35.9246],[145.1953,-35.7287],[145.1349,-35.3022],[145.1129,-35.3218],[144.9207,-35.4472],[144.668,-35.5814],[144.5746,-35.7421],[144.5251,-35.8534],[144.5554,-35.9246],[144.7064,-35.9802],[144.8218,-36.0513],[144.8685,-36.0802],[144.8569,-36.1118],[144.8465,-36.1401],[144.8458,-36.1422],[145.0003,-36.1867],[145.2557,-36.2088],[145.5002,-36.2133],[145.5938,-36.2022]]]},"properties":{"NAME":"Yorta Yorta","SUBJECTO":"Yorta Yorta","PARTOF":"Yorta Yorta","BORDERPRECISION":3,"LINK":null}},
{"type":"Feature","geometry":{"type":"Polygon","coordinates":[[[149.5898,-35.3801],[149.5135,-35.3739],[149.4879,-35.3718],[149.4415,-35.368],[149.2603,-35.3532],[148.8428,-35.2366],[148.5654,-35.1827],[148.3813,-35.1469],[148.1396,-35.1469],[148.1396,-35.2053],[148.1396,-35.3353],[148.0957,-35.6394],[148.0052,-36.0062],[147.9858,-36.0846],[147.8101,-36.0846],[147.8101,-36.2797],[147.8101,-36.4831],[147.8101,-36.7389],[147.843,-36.9674],[147.9968,-37.099],[148.0368,-37.1787],[148.0751,-37.2549],[148.0847,-37.2741],[148.2495,-37.3789],[148.2555,-37.3794],[148.3594,-37.3876],[148.3862,-37.3676],[148.5352,-37.2566],[149.0295,-37.0815],[149.3372,-37.0727],[149.5006,-37.0379],[149.502,-37.0376],[149.502,-36.9818],[149.502,-36.7037],[149.491,-36.3151],[149.491,-35.8356],[149.5898,-35.3801]]]},"properties":{"NAME":"Ngarigo","SUBJECTO":"Ngarigo","PARTOF":"Ngarigo","BORDERPRECISION":3,"LINK":null}},
{"type":"Feature","geometry":{"type":"Polygon","coordinates":[[[145.954,-28.0629],[145.9094,-28.2463],[145.7666,-28.5845],[145.5654,-28.9188],[145.5579,-28.9312],[145.6057,-28.9731],[145.6249,-28.9899],[145.6567,-29.0177],[145.6708,-29.0588],[145.7093,-29.1709],[145.7556,-29.3056],[145.7542,-29.3308],[145.7336,-29.7071],[145.7945,-29.6735],[145.796,-29.6727],[145.8545,-29.6403],[146.0632,-29.669],[146.4587,-29.7071],[146.6565,-29.7358],[146.7773,-29.8311],[146.8372,-29.8586],[146.8432,-29.8471],[146.9998,-29.5472],[147.2827,-29.3367],[147.4393,-29.1282],[147.4393,-29.0421],[147.3953,-29.0426],[147.2633,-29.0035],[147.1165,-28.8999],[146.9864,-28.8743],[146.8561,-28.8382],[146.7208,-28.7724],[146.4023,-28.5157],[146.1951,-28.3431],[146.0028,-28.1107],[145.96,-28.0381],[145.954,-28.0629]]]},"properties":{"NAME":"Muruwari","SUBJECTO":"Muruwari","PARTOF":"Muruwari","BORDERPRECISION":3,"LINK":null}},
{"type":"Feature","geometry":{"type":"Polygon","coordinates":[[[116.8211,-20.7845],[116.8117,-20.7847],[116.8116,-20.7847],[116.7792,-20.828],[116.8341,-20.8691],[116.922,-20.8999],[116.9879,-20.9768],[117.0704,-21.0253],[117.0937,-21.039],[117.1802,-21.0332],[117.4219,-21.0999],[117.5647,-21.146],[117.6746,-21.1921],[117.9053,-21.274],[117.9621,-21.3172],[117.975,-21.3136],[117.9163,-21.1562],[117.8833,-21.0384],[117.8448,-20.8947],[117.7954,-20.6893],[117.7939,-20.6384],[117.7552,-20.6754],[117.5969,-20.7583],[117.4032,-20.7778],[117.0881,-20.7785],[116.8211,-20.7845]]]},"properties":{"NAME":"Ngarluma","SUBJECTO":"Ngarluma","PARTOF":"Ngarluma","BORDERPRECISION":3,"LINK":null}},
{"type":"Feature","geometry":{"type":"Polygon","coordinates":[[[142.9102,-19.4562],[142.903,-19.4646],[142.9159,-19.4732],[142.9761,-19.5132],[142.8223,-19.7977],[142.5861,-19.9992],[142.4817,-20.123],[142.6025,-20.2467],[142.9267,-20.5843],[143.0882,-20.5386],[143.0969,-20.4682],[143.6682,-20.4888],[144.1033,-20.4503],[144.1187,-20.4167],[144.1187,-20.2416],[144.1516,-19.9527],[144.1621,-19.6479],[144.0567,-19.6129],[144.0088,-19.6322],[143.9861,-19.6051],[143.9698,-19.5855],[143.9539,-19.5805],[143.5583,-19.5701],[143.2947,-19.508],[143.053,-19.4562],[142.9102,-19.4562]]]},"properties":{"NAME":"Mbara","SUBJECTO":"Mbara","PARTOF":"Mbara","BORDERPRECISION":3,"LINK":null}},
{"type":"Feature","geometry":{"type":"Polygon","coordinates":[[[151.3916,-29.8105],[151.3892,-29.8129],[151.3916,-29.8162],[151.3916,-29.893],[151.5894,-30.1024],[151.6772,-30.1831],[151.8475,-30.3112],[152.0943,-30.4665],[152.1112,-30.4771],[152.1318,-30.4819],[152.3969,-30.5433],[152.7429,-30.6237],[152.9508,-30.6656],[152.965,-30.6231],[153.2027,-29.9101],[153.3286,-29.3144],[153.3032,-29.3199],[153.2098,-29.3247],[153.0615,-29.3774],[152.9517,-29.5209],[152.8732,-29.604],[152.8088,-29.6117],[152.6559,-29.604],[152.4628,-29.54],[152.2595,-29.5161],[152.185,-29.5194],[152.0921,-29.5285],[152.0672,-29.5109],[152.064,-29.4835],[152.0704,-29.4567],[151.853,-29.4539],[151.7883,-29.4471],[151.7542,-29.5065],[151.5125,-29.6881],[151.3916,-29.8105]]]},"properties":{"NAME":"Gumbainggir","SUBJECTO":"Gumbainggir","PARTOF":"Gumbainggir","BORDERPRECISION":3,"LINK":null}},
{"type":"Feature","geometry":{"type":"Polygon","coordinates":[[[142.6154,-13.0741],[142.8578,-13.0741],[142.9431,-13.0099],[142.9737,-12.9936],[142.9795,-12.9904],[142.9843,-12.9778],[142.9788,-12.8252],[142.9678,-12.6779],[142.939,-12.6216],[142.9235,-12.6216],[142.858,-12.6216],[142.6382,-12.4961],[142.6382,-12.6511],[142.6163,-12.8172],[142.6108,-13.0153],[142.6001,-13.0518],[142.6154,-13.0741]]]},"properties":{"NAME":"Yinwum","SUBJECTO":"Yinwum","PARTOF":"Yinwum","BORDERPRECISION":3,"LINK":null}},
{"type":"Feature","geometry":{"type":"Polygon","coordinates":[[[130.1786,-14.0373],[130.1591,-14.054],[130.0768,-14.082],[130.0459,-14.0918],[130.1056,-14.1166],[130.1056,-14.1277],[130.21,-14.094],[130.2924,-14.0034],[130.3014,-13.9114],[130.2403,-13.8873],[130.225,-13.8975],[130.2264,-13.8981],[130.2278,-13.9327],[130.2162,-13.9777],[130.2125,-13.992],[130.2072,-14.0127],[130.1904,-14.0271],[130.1852,-14.0353],[130.1786,-14.0373]]]},"properties":{"NAME":"Marramaninjsji","SUBJECTO":"Marramaninjsji","PARTOF":"Marramaninjsji","BORDERPRECISION":3,"LINK":null}},
{"type":"Feature","geometry":{"type":"Polygon","coordinates":[[[148.6091,-21.6598],[148.5876,-21.6596],[148.3978,-21.6574],[147.9858,-21.6574],[147.8375,-21.6013],[147.7775,-21.5853],[147.7936,-21.7595],[147.7828,-21.8195],[147.7826,-21.8207],[147.7312,-21.8207],[147.7277,-21.8972],[147.7277,-22.0347],[147.7606,-22.1416],[147.7606,-22.2738],[147.7332,-22.3602],[147.7002,-22.4313],[147.7032,-22.4435],[147.7127,-22.4821],[147.7277,-22.543],[147.7771,-22.6495],[147.8705,-22.7458],[147.8994,-22.7287],[147.9034,-22.6799],[147.9189,-22.6728],[148.0792,-22.5988],[148.2825,-22.4821],[148.4967,-22.345],[148.5141,-22.3413],[148.5751,-22.3281],[148.5846,-22.1925],[148.5846,-21.9838],[148.5846,-21.7697],[148.6091,-21.6598]]]},"properties":{"NAME":"Barna","SUBJECTO":"Barna","PARTOF":"Barna","BORDERPRECISION":3,"LINK":null}},
{"type":"Feature","geometry":{"type":"Polygon","coordinates":[[[143.4059,-13.3442],[143.421,-13.3789],[143.421,-13.395],[143.4569,-13.395],[143.4537,-13.3434],[143.4375,-13.0806],[143.3784,-12.8428],[143.3606,-12.8654],[143.2892,-12.8975],[143.2205,-12.9269],[143.1572,-12.9555],[143.1903,-12.9831],[143.3441,-13.2025],[143.4059,-13.3442]]]},"properties":{"NAME":"Uutaalnganu","SUBJECTO":"Uutaalnganu","PARTOF":"Uutaalnganu","BORDERPRECISION":3,"LINK":null}},
{"type":"Feature","geometry":{"type":"Polygon","coordinates":[[[140.9985,-36.255],[140.9985,-36.3137],[140.9985,-36.5185],[140.9879,-36.7491],[140.9875,-36.7565],[140.9886,-36.7631],[141.0082,-36.8885],[141.0095,-36.8972],[141.0133,-36.8964],[141.4709,-36.8005],[141.9104,-36.8005],[142.1301,-36.6155],[142.3279,-36.4478],[142.4597,-36.3151],[142.7454,-36.3151],[142.9382,-36.3524],[142.9842,-36.3613],[143.02,-36.3682],[143.1958,-36.324],[143.4155,-36.262],[143.7012,-36.2266],[143.866,-36.1467],[143.9114,-36.1101],[143.9539,-36.0757],[143.9725,-36.038],[143.9978,-35.9869],[143.9539,-35.8623],[143.7781,-35.8356],[143.715,-35.81],[143.684,-35.7975],[143.5583,-35.7465],[143.4265,-35.559],[143.3606,-35.3622],[143.3541,-35.3435],[143.3418,-35.3084],[143.3167,-35.2366],[143.2397,-35.012],[143.0444,-34.8608],[143.042,-34.8589],[143.0246,-34.855],[142.9643,-34.8415],[142.9641,-34.8415],[142.8003,-34.8048],[142.4158,-34.7145],[142.1082,-34.6694],[141.7566,-34.588],[141.7028,-34.6088],[141.5698,-34.6603],[141.5259,-34.6965],[141.4542,-34.7554],[141.438,-34.7687],[141.4147,-34.8165],[141.394,-34.8589],[141.2842,-35.2097],[141.1414,-35.5322],[140.9985,-35.9602],[140.9985,-36.2531],[140.9985,-36.255]]]},"properties":{"NAME":"Wergaia","SUBJECTO":"Wergaia","PARTOF":"Wergaia","BORDERPRECISION":3,"LINK":null}},
{"type":"Feature","geometry":{"type":"Polygon","coordinates":[[[125.9385,-18.0475],[125.9567,-18.0394],[126.0571,-17.9265],[126.2219,-17.7278],[126.2744,-17.7182],[126.189,-17.5917],[126.0352,-17.4764],[125.8044,-17.4345],[125.7937,-17.4169],[125.7825,-17.4502],[125.6616,-17.5655],[125.4803,-17.6702],[125.3372,-17.6495],[125.3485,-17.6702],[125.3979,-17.7696],[125.4803,-17.9056],[125.5792,-17.984],[125.6506,-18.0728],[125.6846,-18.0898],[125.744,-18.0466],[125.9253,-18.0466],[125.9385,-18.0475]]]},"properties":{"NAME":"Punuba","SUBJECTO":"Punuba","PARTOF":"Punuba","BORDERPRECISION":3,"LINK":null}},
{"type":"Feature","geometry":{"type":"Polygon","coordinates":[[[132.2739,-19.2761],[132.3938,-19.3272],[132.4731,-19.3111],[132.9785,-19.2697],[133.4839,-19.1244],[133.7476,-18.8543],[133.374,-18.4483],[133.4283,-18.261],[133.4189,-18.2508],[133.3411,-18.1667],[133.3411,-17.9474],[133.352,-17.7487],[133.2793,-17.7444],[133.0194,-17.7292],[132.2809,-17.6859],[132.0117,-17.801],[131.6382,-17.9108],[131.5094,-17.9698],[131.5056,-17.9715],[131.4899,-17.9787],[131.1053,-18.0623],[130.9736,-18.1232],[131.0289,-18.1616],[131.2317,-18.3024],[131.5942,-18.5629],[131.748,-18.7295],[132.0557,-18.9479],[132.1985,-19.1555],[132.2739,-19.2761]]]},"properties":{"NAME":"Warlmanpa","SUBJECTO":"Warlmanpa","PARTOF":"Warlmanpa","BORDERPRECISION":3,"LINK":null}},
{"type":"Feature","geometry":{"type":"Polygon","coordinates":[[[148.3605,-26.5164],[148.3587,-26.5061],[148.372,-26.3319],[148.3897,-26.1733],[148.3985,-26.1177],[148.3804,-26.0934],[148.372,-26.082],[148.332,-26.0692],[148.3327,-26.1047],[148.3332,-26.1372],[148.3699,-26.2099],[148.3115,-26.3312],[148.2194,-26.5227],[148.1982,-26.5365],[148.1808,-26.5606],[148.1808,-26.5864],[148.1692,-26.6433],[148.1557,-26.6968],[148.1364,-26.7433],[148.0998,-26.7605],[148.0458,-26.7795],[148.011,-26.7829],[147.8543,-26.7693],[147.5171,-26.7863],[147.2375,-26.7839],[146.9335,-26.7766],[146.9062,-26.7887],[146.8519,-26.8202],[146.7786,-26.8493],[146.6836,-26.8807],[146.6266,-26.9001],[146.5046,-26.9593],[146.4301,-27.0081],[146.3821,-27.1465],[146.3768,-27.162],[146.4327,-27.2478],[146.6182,-27.2682],[146.8062,-27.1529],[146.8643,-27.1379],[146.946,-27.1167],[146.9715,-27.1408],[146.9831,-27.1762],[147.0014,-27.2317],[147.0191,-27.3305],[147.0561,-27.5011],[147.0861,-27.5996],[147.1143,-27.5934],[147.1795,-27.5418],[147.2377,-27.487],[147.2536,-27.4589],[147.2818,-27.4354],[147.3347,-27.4573],[147.3859,-27.5418],[147.43,-27.6449],[147.5349,-27.6955],[147.5371,-27.6956],[147.6781,-27.7005],[147.911,-27.7104],[148.0176,-27.7104],[148.1411,-27.7204],[148.2843,-27.78],[148.4038,-27.8701],[148.4351,-27.8567],[148.4837,-27.8331],[148.5416,-27.8105],[148.5405,-27.8098],[148.4974,-27.7819],[148.4769,-27.743],[148.4901,-27.6989],[148.489,-27.6951],[148.471,-27.634],[148.4448,-27.6148],[148.4373,-27.6093],[148.4168,-27.5925],[148.4269,-27.5475],[148.4313,-27.5446],[148.4716,-27.522],[148.5144,-27.5016],[148.5489,-27.4782],[148.5493,-27.4727],[148.5525,-27.4264],[148.5386,-27.3426],[148.5192,-27.1621],[148.4388,-26.93],[148.3833,-26.7518],[148.375,-26.6007],[148.3605,-26.5164]]]},"properties":{"NAME":"Gunggari","SUBJECTO":"Gunggari","PARTOF":"Gunggari","BORDERPRECISION":3,"LINK":null}},
{"type":"Feature","geometry":{"type":"Polygon","coordinates":[[[151.6659,-31.0395],[151.8146,-30.9211],[151.9958,-30.756],[152.1112,-30.567],[152.1318,-30.4819],[152.1112,-30.4771],[152.0943,-30.4665],[151.8475,-30.3112],[151.6772,-30.1831],[151.5894,-30.1024],[151.3916,-29.893],[151.3916,-29.8162],[151.3892,-29.8129],[151.3806,-29.8216],[151.3257,-29.874],[151.1444,-29.8883],[151.084,-29.8788],[150.9961,-29.8406],[150.9961,-29.8883],[150.9741,-30.1071],[150.9631,-30.3444],[150.9741,-30.6474],[151.062,-30.8079],[151.2158,-30.9776],[151.3147,-31.1094],[151.4246,-31.0529],[151.6138,-31.0607],[151.6608,-31.0435],[151.6659,-31.0395]]]},"properties":{"NAME":"Nganyaywana","SUBJECTO":"Nganyaywana","PARTOF":"Nganyaywana","BORDERPRECISION":3,"LINK":null}},
{"type":"Feature","geometry":{"type":"Polygon","coordinates":[[[125.7916,-17.4135],[125.7937,-17.4169],[125.8044,-17.4345],[126.0352,-17.4764],[126.189,-17.5917],[126.2744,-17.7182],[126.309,-17.712],[126.4526,-17.6859],[126.7053,-17.5707],[126.958,-17.4974],[127.1448,-17.3821],[127.3425,-17.3297],[127.4963,-17.2038],[127.3645,-16.9097],[127.3206,-16.6678],[127.3535,-16.415],[127.4084,-16.0775],[127.4583,-16.0406],[127.4642,-16.0036],[127.2986,-16.0036],[127.0789,-16.0036],[126.958,-16.088],[126.936,-16.3307],[126.8591,-16.5625],[126.6614,-16.773],[126.5295,-16.8992],[126.2878,-16.9517],[126.145,-16.8571],[125.9363,-16.8361],[125.8594,-16.9307],[125.7715,-17.0043],[125.6849,-17.0693],[125.6664,-17.0832],[125.6836,-17.2143],[125.7275,-17.3087],[125.7916,-17.4135]]]},"properties":{"NAME":"Worla","SUBJECTO":"Worla","PARTOF":"Worla","BORDERPRECISION":3,"LINK":null}},
{"type":"Feature","geometry":{"type":"Polygon","coordinates":[[[140.0867,-20.1797],[140.0761,-20.1451],[140.0647,-20.1075],[140.0222,-20.1135],[140.064,-20.1583],[140.0647,-20.1591],[140.0622,-20.1602],[139.979,-20.1966],[139.8999,-20.2313],[139.5483,-20.2416],[139.0649,-20.3961],[138.9034,-20.3608],[138.9052,-20.3652],[138.9111,-20.3652],[139.043,-20.6122],[139.077,-20.9148],[139.0898,-20.9685],[139.1418,-21.187],[139.1528,-21.5757],[139.2078,-21.5434],[139.2572,-21.5144],[139.2627,-21.5157],[139.6143,-21.5962],[140.0592,-21.7187],[140.2405,-21.8054],[140.3247,-21.7865],[140.3721,-21.7758],[140.4218,-21.7646],[140.7294,-21.7391],[140.7657,-21.7193],[140.7391,-21.6636],[140.658,-21.494],[140.5151,-21.2075],[140.3776,-20.8816],[140.3723,-20.8691],[140.4004,-20.799],[140.3723,-20.7612],[140.202,-20.5094],[140.1361,-20.3498],[140.0885,-20.186],[140.0867,-20.1797]]]},"properties":{"NAME":"Kalkadoon","SUBJECTO":"Kalkadoon","PARTOF":"Kalkadoon","BORDERPRECISION":3,"LINK":null}},
{"type":"Feature","geometry":{"type":"Polygon","coordinates":[[[121.306,-27.5283],[121.2781,-27.401],[121.1517,-27.279],[121.1023,-27.1911],[121.0144,-27.064],[120.9265,-26.9074],[120.8881,-26.7848],[120.8496,-26.5934],[120.8386,-26.4657],[120.8262,-26.4308],[120.7947,-26.4214],[120.7816,-26.4138],[120.6079,-26.3131],[120.4102,-26.2442],[119.9487,-26.0963],[119.6411,-25.9975],[119.2346,-25.8098],[118.9128,-25.8098],[118.8831,-25.9926],[118.7512,-26.2097],[118.6249,-26.446],[118.3557,-26.775],[118.2294,-27.0396],[118.0391,-27.1647],[118.029,-27.1871],[118.0206,-27.2058],[118.0975,-27.3913],[118.3282,-27.7127],[118.537,-27.8439],[118.6523,-28.0332],[118.7283,-28.1003],[118.7339,-28.0972],[118.8336,-28.0429],[118.949,-27.8391],[119.1248,-27.5521],[119.2291,-27.401],[119.3225,-27.2839],[119.6027,-27.2693],[119.7235,-27.2839],[119.9707,-27.323],[120.0641,-27.3279],[120.2179,-27.3523],[120.3552,-27.3913],[120.5035,-27.4595],[120.6793,-27.5083],[120.8661,-27.5375],[120.976,-27.5326],[121.1792,-27.5326],[121.2884,-27.5289],[121.306,-27.5283]]]},"properties":{"NAME":"Tjupany","SUBJECTO":"Tjupany","PARTOF":"Tjupany","BORDERPRECISION":3,"LINK":null}},
{"type":"Feature","geometry":{"type":"Polygon","coordinates":[[[143.08,-20.6052],[143.0882,-20.5386],[142.9267,-20.5843],[142.8846,-20.5963],[142.6646,-20.6585],[142.6465,-20.6636],[142.6102,-20.6585],[142.2839,-20.6122],[141.8225,-20.5917],[141.5588,-20.3858],[141.438,-20.1385],[141.3501,-20.0353],[141.3218,-20.0441],[141.2818,-20.0567],[141.1194,-20.1075],[140.7788,-20.2519],[140.5042,-20.5402],[140.4004,-20.799],[140.3723,-20.8691],[140.3776,-20.8816],[140.5151,-21.2075],[140.658,-21.494],[140.7391,-21.6636],[140.7657,-21.7193],[140.7898,-21.7697],[140.8557,-21.9634],[140.949,-21.9382],[141.0257,-21.9174],[141.1194,-21.8921],[141.3721,-21.7493],[141.6577,-21.7085],[142.0422,-21.7697],[142.1741,-21.8615],[142.5366,-21.8819],[142.7563,-21.8411],[142.9761,-21.7289],[143.2397,-21.6983],[143.3239,-21.6815],[143.3215,-21.619],[143.3167,-21.494],[143.2617,-21.2791],[143.1189,-21.0537],[143.064,-20.7356],[143.08,-20.6052]]]},"properties":{"NAME":"Wunumara","SUBJECTO":"Wunumara","PARTOF":"Wunumara","BORDERPRECISION":3,"LINK":null}},
{"type":"Feature","geometry":{"type":"Polygon","coordinates":[[[131.0407,-25.4659],[130.946,-25.7504],[130.8252,-25.9185],[130.7813,-26.0765],[130.8032,-26.3328],[130.8362,-26.5197],[130.8691,-26.7358],[130.8252,-27.02],[130.7043,-27.3327],[130.7043,-27.464],[130.7043,-27.4829],[130.7813,-27.5375],[130.979,-27.7711],[131.2756,-28.0429],[131.7151,-28.2463],[132.1191,-28.4001],[132.1244,-28.4011],[132.605,-28.4011],[132.9236,-28.3431],[133.2487,-28.3154],[133.2642,-28.3141],[133.4639,-28.3922],[133.5059,-28.2076],[133.3411,-27.8002],[133.2422,-27.2546],[133.1104,-26.8927],[133.0664,-26.7162],[133.007,-26.4581],[132.9703,-26.4636],[132.9236,-26.4706],[132.8357,-26.3427],[132.627,-26.1949],[132.2314,-26.0173],[131.9348,-25.879],[131.5009,-25.7009],[131.2097,-25.5969],[131.0596,-25.525],[131.0339,-25.5127],[131.0407,-25.4659]]]},"properties":{"NAME":"Yankuntjatjara","SUBJECTO":"Yankuntjatjara","PARTOF":"Yankuntjatjara","BORDERPRECISION":3,"LINK":null}},
{"type":"Feature","geometry":{"type":"Polygon","coordinates":[[[129.8408,-28.3701],[129.8451,-28.2962],[129.8474,-28.256],[130.2209,-27.8488],[130.4407,-27.6446],[130.5843,-27.5294],[130.5835,-27.518],[130.5433,-27.5159],[130.5066,-27.5278],[130.177,-27.5278],[129.7156,-27.4985],[129.3311,-27.2449],[129.1113,-26.9612],[128.8916,-26.618],[128.8916,-26.3131],[128.8546,-26.0055],[128.573,-25.9975],[128.2104,-25.9975],[127.9358,-26.2047],[127.8259,-26.382],[127.6831,-26.4804],[127.3645,-26.5394],[127.3379,-26.5296],[127.4304,-26.5787],[127.3096,-26.5885],[127.0716,-26.5836],[127.0143,-26.6108],[127.1448,-26.8633],[127.2327,-27.2742],[127.3206,-27.7905],[127.2766,-28.1495],[127.3693,-28.52],[127.3755,-28.517],[127.4176,-28.5601],[127.4463,-28.5895],[127.5623,-28.5556],[127.9907,-28.4397],[128.573,-28.4011],[129.1882,-28.3624],[129.5947,-28.3624],[129.8408,-28.3701]]]},"properties":{"NAME":"Nakako","SUBJECTO":"Nakako","PARTOF":"Nakako","BORDERPRECISION":3,"LINK":null}},
{"type":"Feature","geometry":{"type":"Polygon","coordinates":[[[147.8101,-36.0846],[147.4365,-36.0846],[147.2251,-36.1002],[147.2052,-36.1016],[147.2278,-36.129],[147.2717,-36.3594],[147.2923,-36.5331],[147.2937,-36.5714],[147.2937,-36.7741],[147.2278,-36.9499],[147.1908,-37.009],[147.2038,-37.0209],[147.2937,-37.1034],[147.42,-37.2915],[147.5079,-37.4138],[147.5464,-37.4836],[147.7057,-37.4051],[147.7936,-37.3483],[147.8815,-37.2784],[148.0368,-37.1787],[147.9968,-37.099],[147.843,-36.9674],[147.8101,-36.7389],[147.8101,-36.4831],[147.8101,-36.2797],[147.8101,-36.0846]]]},"properties":{"NAME":"Jaitmatang","SUBJECTO":"Jaitmatang","PARTOF":"Jaitmatang","BORDERPRECISION":3,"LINK":null}},
{"type":"Feature","geometry":{"type":"Polygon","coordinates":[[[124.3678,-27.5186],[124.3872,-27.5083],[124.4224,-27.5239],[124.6069,-27.6057],[124.8267,-27.7808],[125.0684,-28.0332],[125.2661,-28.1301],[125.4639,-28.285],[125.7935,-28.4783],[125.9253,-28.5556],[126.2988,-28.6713],[126.5625,-28.8254],[126.6504,-28.8832],[126.936,-28.8254],[127.1338,-28.6327],[127.2815,-28.562],[127.3693,-28.52],[127.2766,-28.1495],[127.3206,-27.7905],[127.2327,-27.2742],[127.1448,-26.8633],[127.0143,-26.6108],[127.0129,-26.6082],[126.9489,-26.581],[126.8372,-26.5787],[126.3757,-26.4411],[126.1121,-26.2244],[125.7825,-26.0963],[125.4858,-25.9086],[125.2551,-25.9086],[124.8816,-26.1357],[124.7058,-26.4214],[124.6399,-26.6082],[124.53,-26.8535],[124.4861,-27.1569],[124.3933,-27.3968],[124.3652,-27.4693],[124.3571,-27.4645],[124.3678,-27.5186]]]},"properties":{"NAME":"Mandjindja","SUBJECTO":"Mandjindja","PARTOF":"Mandjindja","BORDERPRECISION":3,"LINK":null}},
{"type":"Feature","geometry":{"type":"Polygon","coordinates":[[[127.4463,-28.5895],[127.6392,-28.7869],[127.8589,-29.0562],[128.3423,-29.497],[128.4741,-29.7834],[128.4529,-30.1138],[128.4631,-30.1261],[128.7817,-30.1071],[129.0564,-30.0976],[129.342,-30.0881],[129.7266,-30.1071],[130.155,-30.1166],[130.8691,-30.1831],[131.2537,-30.2116],[131.3529,-30.2217],[131.0229,-30.1166],[130.6604,-29.9454],[130.561,-29.8905],[130.5139,-29.8646],[130.2979,-29.7453],[129.9902,-29.4683],[129.9023,-29.133],[129.8254,-28.6327],[129.8408,-28.3701],[129.5947,-28.3624],[129.1882,-28.3624],[128.573,-28.4011],[127.9907,-28.4397],[127.5623,-28.5556],[127.4463,-28.5895]]]},"properties":{"NAME":"Ngalea","SUBJECTO":"Ngalea","PARTOF":"Ngalea","BORDERPRECISION":3,"LINK":null}},
{"type":"Feature","geometry":{"type":"Polygon","coordinates":[[[144.2509,-37.4309],[144.2834,-37.5794],[144.3494,-37.7273],[144.4043,-37.8835],[144.5251,-37.9529],[144.5691,-37.9456],[144.6141,-37.9381],[144.7339,-37.9182],[144.8877,-37.8749],[144.9866,-37.8575],[145.1514,-37.9442],[145.3931,-38.0308],[145.6787,-38.2123],[146.0522,-38.3589],[146.3069,-38.3838],[146.3214,-38.3201],[146.3214,-38.319],[146.3214,-38.2166],[146.3214,-38.1302],[146.4093,-37.9745],[146.3873,-37.8315],[146.2939,-37.6577],[146.1786,-37.5228],[146.1727,-37.4884],[146.1621,-37.4923],[145.8765,-37.4879],[145.6293,-37.4007],[145.47,-37.3483],[145.1788,-37.2434],[144.9426,-37.1647],[144.7614,-37.1384],[144.5911,-37.1384],[144.4738,-37.1521],[144.4749,-37.1638],[144.4344,-37.185],[144.4192,-37.215],[144.4637,-37.2393],[144.4728,-37.2618],[144.5082,-37.2968],[144.53,-37.3194],[144.5525,-37.3423],[144.405,-37.4298],[144.3591,-37.4144],[144.3573,-37.4144],[144.3026,-37.413],[144.2509,-37.4309]]]},"properties":{"NAME":"Wurundjeri","SUBJECTO":"Wurundjeri","PARTOF":"Wurundjeri","BORDERPRECISION":3,"LINK":null}},
{"type":"Feature","geometry":{"type":"Polygon","coordinates":[[[117.8143,-20.6189],[117.7939,-20.6384],[117.7954,-20.6893],[117.8448,-20.8947],[117.8833,-21.0384],[117.9163,-21.1562],[117.975,-21.3136],[117.982,-21.3323],[118.114,-21.4326],[118.3942,-21.5502],[118.6159,-21.6265],[118.6417,-21.5996],[118.6359,-21.54],[118.6963,-21.315],[118.7402,-21.1511],[118.8007,-20.9871],[118.8062,-20.6174],[118.7567,-20.4991],[118.6743,-20.4219],[118.6209,-20.3749],[118.6087,-20.3811],[118.1907,-20.4138],[117.9685,-20.4715],[117.8143,-20.6189]]]},"properties":{"NAME":"Kariyarra","SUBJECTO":"Kariyarra","PARTOF":"Kariyarra","BORDERPRECISION":3,"LINK":null}},
{"type":"Feature","geometry":{"type":"Polygon","coordinates":[[[144.2114,-38.4382],[144.1022,-38.4321],[144.0008,-38.3977],[143.8715,-38.4665],[143.7231,-38.5653],[143.6008,-38.5681],[143.5858,-38.5739],[143.5693,-38.5688],[143.5309,-38.5696],[143.464,-38.5394],[143.4426,-38.5346],[143.4485,-38.5739],[143.3441,-38.6426],[143.2562,-38.7284],[143.1519,-38.7541],[143.1483,-38.7472],[143.1079,-38.7712],[143.2178,-38.8568],[143.3441,-38.8868],[143.5199,-38.9124],[143.7341,-38.8311],[143.9429,-38.6855],[144.0582,-38.5696],[144.1681,-38.488],[144.2114,-38.4382]]]},"properties":{"NAME":"Gadubanud","SUBJECTO":"Gadubanud","PARTOF":"Gadubanud","BORDERPRECISION":3,"LINK":null}},
{"type":"Feature","geometry":{"type":"Polygon","coordinates":[[[144.5835,-36.5752],[144.8383,-36.5979],[145.1514,-36.5847],[145.3436,-36.567],[145.4205,-36.5052],[145.481,-36.408],[145.5469,-36.293],[145.5938,-36.2022],[145.5002,-36.2133],[145.2557,-36.2088],[145.0003,-36.1867],[144.8458,-36.1422],[144.8026,-36.2819],[144.7696,-36.3704],[144.6762,-36.4677],[144.6173,-36.5265],[144.6112,-36.5423],[144.5835,-36.5752]]]},"properties":{"NAME":"Ngurraiillam","SUBJECTO":"Ngurraiillam","PARTOF":"Ngurraiillam","BORDERPRECISION":3,"LINK":null}},
{"type":"Feature","geometry":{"type":"Polygon","coordinates":[[[122.8909,-17.0365],[122.8912,-17.0361],[122.9315,-16.9885],[123.0469,-16.9465],[123.0611,-16.9401],[123.0227,-16.856],[122.949,-16.7617],[122.927,-16.7335],[122.8629,-16.7335],[122.7859,-16.7414],[122.7595,-16.7414],[122.7283,-16.7414],[122.6651,-16.7362],[122.6529,-16.7362],[122.5641,-16.8952],[122.5429,-16.9174],[122.547,-16.9281],[122.5504,-16.9362],[122.558,-16.9438],[122.6431,-16.9859],[122.7283,-17.0043],[122.7887,-17.0121],[122.8629,-17.0253],[122.8902,-17.0362],[122.8909,-17.0365]]]},"properties":{"NAME":"Nyul Nyul","SUBJECTO":"Nyul Nyul","PARTOF":"Nyul Nyul","BORDERPRECISION":3,"LINK":null}},
{"type":"Feature","geometry":{"type":"Polygon","coordinates":[[[146.0907,-36.4876],[146.0358,-36.3726],[145.8984,-36.2398],[145.8215,-36.1068],[145.7912,-36.0946],[145.7877,-36.0932],[145.7556,-36.0802],[145.6677,-36.1068],[145.6336,-36.1481],[145.6018,-36.1867],[145.5938,-36.2022],[145.5469,-36.293],[145.481,-36.408],[145.4205,-36.5052],[145.3436,-36.567],[145.1514,-36.5847],[144.8383,-36.5979],[144.5835,-36.5752],[144.5673,-36.5737],[144.5416,-36.5714],[144.4794,-36.5631],[144.3768,-36.5494],[144.278,-36.567],[144.2652,-36.5773],[144.1846,-36.642],[144.1846,-36.7345],[144.212,-36.8489],[144.2505,-37.0069],[144.3164,-37.1253],[144.3369,-37.1416],[144.3658,-37.1647],[144.4738,-37.1521],[144.5911,-37.1384],[144.7614,-37.1384],[144.9426,-37.1647],[145.1788,-37.2434],[145.47,-37.3483],[145.6293,-37.4007],[145.8765,-37.4879],[146.1621,-37.4923],[146.1727,-37.4884],[146.1644,-37.44],[146.1621,-37.4269],[146.4093,-37.3396],[146.6785,-37.226],[146.9037,-37.0771],[146.9531,-37.0639],[146.9531,-37.0552],[146.9531,-37.0201],[146.8433,-36.9938],[146.6565,-36.9894],[146.5302,-36.9192],[146.3104,-36.7213],[146.2225,-36.6155],[146.0907,-36.4876]]]},"properties":{"NAME":"Taungurung","SUBJECTO":"Taungurung","PARTOF":"Taungurung","BORDERPRECISION":3,"LINK":null}},
{"type":"Feature","geometry":{"type":"Polygon","coordinates":[[[133.007,-26.4581],[133.0664,-26.7162],[133.1104,-26.8927],[133.2422,-27.2546],[133.3411,-27.8002],[133.5059,-28.2076],[133.4639,-28.3922],[133.5608,-28.4301],[133.6267,-28.5459],[134.1101,-28.6906],[134.3518,-28.8543],[134.5319,-28.9355],[134.6265,-28.8158],[134.7693,-28.4011],[134.9231,-27.8876],[135.011,-27.44],[135.2116,-27.1773],[135.0659,-27.02],[134.6924,-26.6867],[134.165,-26.254],[133.8715,-26.0783],[133.8135,-26.116],[133.3191,-26.3131],[133.1213,-26.4411],[133.007,-26.4581]]]},"properties":{"NAME":"Antakarinja","SUBJECTO":"Antakarinja","PARTOF":"Antakarinja","BORDERPRECISION":3,"LINK":null}},
{"type":"Feature","geometry":{"type":"Polygon","coordinates":[[[130.8886,-16.0863],[130.8661,-16.1029],[130.8691,-16.1039],[130.9021,-16.2621],[130.968,-16.3623],[130.9629,-16.3995],[130.9597,-16.4223],[131.0779,-16.4677],[131.2646,-16.552],[131.347,-16.6151],[131.3635,-16.7151],[131.391,-16.6998],[131.5613,-16.6046],[131.6972,-16.4973],[131.7426,-16.4308],[131.7821,-16.4319],[131.9403,-16.3149],[132.0392,-16.2305],[132.1106,-16.1092],[132.1436,-16.0036],[132.1371,-15.9394],[132.0557,-15.8504],[131.9403,-15.7764],[131.8524,-15.7923],[131.5228,-15.8292],[131.4294,-15.8129],[131.402,-15.8081],[131.4012,-15.791],[131.369,-15.7923],[131.369,-15.9085],[131.3306,-15.993],[131.0999,-15.9983],[130.9076,-16.0722],[130.8886,-16.0863]]]},"properties":{"NAME":"Karangpurru","SUBJECTO":"Karangpurru","PARTOF":"Karangpurru","BORDERPRECISION":3,"LINK":null}},
{"type":"Feature","geometry":{"type":"Polygon","coordinates":[[[116.2683,-21.3917],[116.1035,-21.5757],[115.9277,-21.7901],[115.6421,-22.1162],[115.3894,-22.3399],[115.3152,-22.4009],[115.31,-22.4051],[115.1917,-22.5024],[115.4443,-22.5227],[115.6531,-22.5633],[115.8069,-22.5734],[115.9391,-22.4701],[115.9497,-22.4618],[115.9999,-22.4525],[116.1694,-22.4212],[116.3013,-22.4212],[116.4221,-22.4313],[116.532,-22.4923],[116.6089,-22.5836],[116.7517,-22.6647],[116.8614,-22.7712],[116.8781,-22.7873],[116.9604,-22.8673],[116.9824,-22.8741],[116.9934,-22.8774],[117.2957,-22.8063],[117.4487,-22.7703],[117.4614,-22.7426],[117.4878,-22.685],[117.5427,-22.6089],[117.5977,-22.4466],[117.7075,-22.2738],[117.7679,-22.1213],[117.8229,-22.0859],[117.8229,-22.0704],[117.8067,-22.0564],[117.6746,-21.943],[117.4823,-21.8156],[117.2626,-21.734],[117.1417,-21.637],[117.0978,-21.5297],[116.944,-21.4224],[116.8778,-21.4106],[116.8414,-21.4041],[116.6858,-21.3764],[116.5179,-21.3407],[116.4502,-21.3263],[116.3727,-21.3098],[116.3452,-21.3508],[116.2683,-21.3917]]]},"properties":{"NAME":"Kurrama","SUBJECTO":"Kurrama","PARTOF":"Kurrama","BORDERPRECISION":3,"LINK":null}},
{"type":"Feature","geometry":{"type":"Polygon","coordinates":[[[140.602,-25.4865],[140.5804,-25.5288],[140.4822,-25.7207],[140.4163,-25.9185],[140.5024,-25.9499],[140.5659,-25.973],[140.8228,-26.0667],[140.9436,-26.1456],[141.0925,-26.2601],[141.0645,-26.2244],[141.0887,-26.187],[141.2622,-25.9185],[141.3831,-25.5623],[141.7566,-25.1353],[142.0422,-24.8565],[142.24,-24.4271],[142.424,-24.2116],[142.3608,-24.1668],[142.207,-24.0766],[141.9873,-24.0766],[141.6687,-24.1066],[141.3721,-24.1267],[141.0754,-24.0565],[140.8337,-23.9863],[140.577,-23.9276],[140.5701,-24.0866],[140.5985,-24.3803],[140.603,-24.4271],[140.5206,-24.4453],[140.5261,-24.4971],[140.647,-24.7668],[140.7349,-24.9661],[140.7019,-25.2447],[140.614,-25.4631],[140.602,-25.4865]]]},"properties":{"NAME":"Karuwali","SUBJECTO":"Karuwali","PARTOF":"Karuwali","BORDERPRECISION":3,"LINK":null}},
{"type":"Feature","geometry":{"type":"Polygon","coordinates":[[[141.7289,-15.2122],[141.7025,-15.3332],[141.7017,-15.3372],[141.7014,-15.3426],[141.6907,-15.5384],[141.6592,-15.8715],[141.6577,-15.8874],[141.6577,-15.9244],[141.6577,-16.1514],[141.7566,-16.4888],[141.7676,-16.6993],[141.7789,-16.8132],[141.7888,-16.913],[141.7896,-16.9202],[142.0642,-17.0463],[142.3828,-17.2038],[142.8552,-17.3821],[142.937,-17.252],[142.9456,-17.2383],[142.9706,-17.1985],[143.1793,-17.0043],[143.3661,-16.8624],[143.454,-16.7309],[143.4974,-16.6867],[143.5419,-16.6415],[143.5083,-16.6093],[143.4924,-16.5941],[143.3057,-16.5098],[142.9541,-16.3834],[142.7344,-16.299],[142.8333,-16.1619],[143.2178,-16.0036],[143.5583,-16.0036],[143.5803,-16.0106],[143.6572,-16.0353],[143.6583,-16.028],[143.7012,-15.7394],[143.7012,-15.2206],[143.7012,-14.9872],[143.7012,-14.9671],[143.7012,-14.9448],[143.4924,-14.8386],[143.4045,-14.8284],[143.3979,-14.8276],[143.2178,-14.8067],[142.5366,-14.8174],[142.1521,-14.8705],[141.9473,-14.9182],[141.8979,-14.9298],[141.8335,-14.9448],[141.7456,-15.1358],[141.7291,-15.2115],[141.7289,-15.2122]]]},"properties":{"NAME":"Kunjen","SUBJECTO":"Kunjen","PARTOF":"Kunjen","BORDERPRECISION":3,"LINK":null}},
{"type":"Feature","geometry":{"type":"Polygon","coordinates":[[[148.5751,-22.3281],[148.5141,-22.3413],[148.4967,-22.345],[148.2825,-22.4821],[148.0792,-22.5988],[147.9189,-22.6728],[147.9034,-22.6799],[147.8994,-22.7287],[147.8979,-22.7458],[147.9977,-22.87],[148.0133,-22.8521],[148.0529,-22.8734],[148.0792,-22.8876],[148.2111,-23.0444],[148.3813,-23.3069],[148.5297,-23.4834],[148.5429,-23.5216],[148.6121,-23.4481],[148.9636,-23.312],[149.2082,-23.2071],[149.1888,-23.1808],[149.0295,-22.9483],[149.0295,-22.8066],[148.9252,-22.6799],[148.8702,-22.6089],[148.7988,-22.4516],[148.8487,-22.3923],[148.8739,-22.3624],[148.8538,-22.3298],[148.7494,-22.2942],[148.6615,-22.3094],[148.5751,-22.3281]]]},"properties":{"NAME":"Gabalbara","SUBJECTO":"Gabalbara","PARTOF":"Gabalbara","BORDERPRECISION":3,"LINK":null}},
{"type":"Feature","geometry":{"type":"Polygon","coordinates":[[[137.9981,-33.4583],[137.9806,-33.4594],[137.9125,-33.5168],[137.9046,-33.7013],[137.8637,-33.8795],[137.716,-34.0833],[137.5119,-34.4591],[137.5592,-34.9107],[137.5023,-35.0253],[137.3934,-35.0893],[137.1084,-35.0708],[137.0725,-35.1154],[137.0361,-35.294],[136.9855,-35.3956],[137.3181,-35.3443],[137.5378,-35.3084],[137.6697,-35.2546],[137.7196,-35.2138],[137.8829,-34.6874],[137.9195,-34.6318],[137.9443,-34.5066],[138.0103,-34.3071],[138.0542,-34.1891],[138.0542,-34.1643],[138.0432,-34.1482],[138.0267,-34.0345],[138.0103,-33.9388],[137.9938,-33.7928],[137.9938,-33.5826],[137.9938,-33.4681],[137.9981,-33.4583]]]},"properties":{"NAME":"Narangga","SUBJECTO":"Narangga","PARTOF":"Narangga","BORDERPRECISION":3,"LINK":null}},
{"type":"Feature","geometry":{"type":"Polygon","coordinates":[[[121.6939,-27.8563],[121.9373,-27.6933],[122.1021,-27.557],[122.4976,-27.2937],[122.8162,-26.775],[122.956,-26.5606],[122.8931,-26.4902],[122.7832,-26.1554],[122.778,-26.0299],[122.6239,-26.0074],[122.4976,-26.0074],[122.2778,-26.0469],[121.9373,-26.0963],[121.7725,-26.2737],[121.5198,-26.3623],[121.2891,-26.4017],[121.2012,-26.4706],[121.0254,-26.4902],[120.8262,-26.4308],[120.8386,-26.4657],[120.8496,-26.5934],[120.8881,-26.7848],[120.9265,-26.9074],[121.0144,-27.064],[121.1023,-27.1911],[121.1517,-27.279],[121.2781,-27.401],[121.306,-27.5283],[121.322,-27.5278],[121.366,-27.557],[121.4923,-27.6495],[121.5692,-27.7224],[121.6132,-27.7905],[121.6939,-27.8563]]]},"properties":{"NAME":"Nana","SUBJECTO":"Nana","PARTOF":"Nana","BORDERPRECISION":3,"LINK":null}},
{"type":"Feature","geometry":{"type":"Polygon","coordinates":[[[152.2181,-27.2195],[152.2266,-27.2351],[152.3145,-27.4254],[152.4188,-27.6349],[152.4285,-27.7542],[152.5661,-27.7542],[152.6869,-27.7542],[152.741,-27.7477],[152.7541,-27.7306],[152.8522,-27.6992],[153.0636,-27.6453],[153.1203,-27.6252],[153.0916,-27.5783],[153.0256,-27.4705],[153.0129,-27.4705],[152.9982,-27.4823],[153.0161,-27.4928],[153.0029,-27.4992],[153.006,-27.5262],[152.9756,-27.541],[152.8814,-27.4986],[152.8516,-27.4852],[152.7635,-27.4491],[152.7155,-27.4431],[152.7144,-27.3307],[152.6276,-27.323],[152.5507,-27.2644],[152.5067,-27.2058],[152.3694,-27.196],[152.2375,-27.2204],[152.2181,-27.2195]]]},"properties":{"NAME":"Yuggera","SUBJECTO":"Yuggera","PARTOF":"Yuggera","BORDERPRECISION":3,"LINK":null}},
{"type":"Feature","geometry":{"type":"MultiPolygon","coordinates":[[[[142.8905,-33.9439],[142.8967,-33.9656],[143.2068,-33.77],[143.2947,-33.7883],[143.4771,-33.6871],[143.5421,-33.6511],[143.5583,-33.6421],[143.8989,-33.303],[144.1736,-33.0823],[144.2717,-32.9564],[144.2395,-32.9534],[144.2379,-32.9384],[144.2297,-32.8625],[144.2285,-32.8611],[144.2295,-32.8612],[144.2175,-32.7503],[144.2834,-32.3614],[144.3823,-32.1384],[144.4922,-31.7842],[144.707,-31.5598],[144.3823,-31.6253],[144.069,-31.614],[143.9099,-31.8589],[143.5803,-32.1663],[143.1958,-32.4634],[142.9651,-32.6486],[142.7563,-32.898],[142.6794,-33.2019],[142.7783,-33.5506],[142.8905,-33.9439]]],[[[142.8431,-33.9916],[142.7857,-33.9362],[142.7948,-34.0299],[142.828,-34.009],[142.848,-33.9963],[142.8431,-33.9916]]]]},"properties":{"NAME":"Barindji","SUBJECTO":"Barindji","PARTOF":"Barindji","BORDERPRECISION":3,"LINK":null}},
{"type":"Feature","geometry":{"type":"Polygon","coordinates":[[[134.1427,-12.0836],[134.0439,-12.0612],[134.0392,-12.2635],[134.0717,-12.2595],[134.1213,-12.2595],[134.1238,-12.242],[134.1444,-12.1763],[134.1705,-12.1186],[134.2145,-12.0998],[134.2277,-12.0956],[134.1427,-12.0836]]]},"properties":{"NAME":"Gunibidji","SUBJECTO":"Gunibidji","PARTOF":"Gunibidji","BORDERPRECISION":3,"LINK":null}},
{"type":"Feature","geometry":{"type":"Polygon","coordinates":[[[133.2043,-14.8718],[133.396,-14.9129],[133.7036,-14.9448],[133.6971,-15.0635],[133.7585,-15.0191],[133.8249,-14.9352],[133.8409,-14.9023],[133.8586,-14.8926],[133.9014,-14.8386],[133.9343,-14.7749],[134.0669,-14.7411],[134.0277,-14.7164],[133.9178,-14.6367],[133.7311,-14.5145],[133.5553,-14.3921],[133.4695,-14.309],[133.4619,-14.3229],[133.4454,-14.4506],[133.429,-14.5676],[133.3795,-14.6846],[133.2043,-14.8718]]]},"properties":{"NAME":"Mangarayi","SUBJECTO":"Mangarayi","PARTOF":"Mangarayi","BORDERPRECISION":3,"LINK":null}},
{"type":"Feature","geometry":{"type":"Polygon","coordinates":[[[153.1642,-27.6967],[153.1521,-27.6771],[153.1289,-27.6939],[153.0927,-27.7199],[153.05,-27.7472],[152.9576,-27.7972],[152.7958,-27.8531],[152.6995,-27.9031],[152.6193,-27.9459],[152.5414,-27.9875],[152.4163,-27.9716],[152.2551,-27.973],[152.0706,-27.9704],[151.9758,-27.9899],[151.8668,-28.044],[151.8208,-28.1337],[151.7765,-28.1639],[151.7259,-28.1893],[151.6843,-28.2506],[151.6889,-28.3152],[151.6907,-28.3399],[151.7332,-28.4072],[151.8235,-28.4931],[151.9025,-28.652],[151.9629,-28.758],[151.9629,-28.9168],[151.9817,-28.9575],[152.0213,-28.9847],[152.0376,-28.9959],[152.068,-29.0589],[152.0932,-29.165],[152.0991,-29.3193],[152.0789,-29.421],[152.0704,-29.4567],[152.064,-29.4835],[152.0672,-29.5109],[152.0921,-29.5285],[152.185,-29.5194],[152.2595,-29.5161],[152.4628,-29.54],[152.6559,-29.604],[152.8088,-29.6117],[152.8732,-29.604],[152.9517,-29.5209],[153.0615,-29.3774],[153.2098,-29.3247],[153.3032,-29.3199],[153.3286,-29.3144],[153.3419,-29.2515],[153.3614,-29.1592],[153.4935,-28.8409],[153.4786,-28.5211],[153.4778,-28.5038],[153.3964,-28.1287],[153.2965,-27.9127],[153.1642,-27.6967]]]},"properties":{"NAME":"Bundjalung","SUBJECTO":"Bundjalung","PARTOF":"Bundjalung","BORDERPRECISION":3,"LINK":null}},
{"type":"Feature","geometry":{"type":"Polygon","coordinates":[[[115.4334,-31.3912],[115.9167,-31.3724],[116.0305,-31.4165],[116.1584,-31.4662],[116.2611,-31.4328],[116.3892,-31.3912],[116.554,-30.8456],[116.6803,-30.4108],[116.8231,-30.0952],[116.8286,-30.0548],[116.8269,-30.0517],[116.779,-30.0252],[116.764,-30.0004],[116.716,-29.9978],[116.6406,-30.0093],[116.6254,-30.0406],[116.5045,-30.1071],[116.3617,-30.1546],[116.153,-30.2211],[115.6586,-30.2686],[115.4828,-30.297],[115.2136,-30.3065],[115.0159,-30.3681],[114.9697,-30.325],[114.9719,-30.3421],[114.9912,-30.4037],[115.1147,-30.7796],[115.3043,-31.14],[115.351,-31.2457],[115.4334,-31.3912]]]},"properties":{"NAME":"Yuat","SUBJECTO":"Yuat","PARTOF":"Yuat","BORDERPRECISION":3,"LINK":null}},
{"type":"Feature","geometry":{"type":"Polygon","coordinates":[[[149.4415,-35.368],[149.4415,-35.3331],[149.4848,-35.3082],[149.619,-35.2312],[149.4745,-35.1514],[149.3818,-35.0887],[149.1422,-34.9268],[149.1284,-34.9175],[149.0887,-34.8943],[149.0572,-34.876],[148.7878,-34.719],[148.5571,-34.5382],[148.4001,-34.3815],[148.2715,-34.4522],[148.1396,-34.6874],[148.1396,-34.976],[148.1396,-35.1469],[148.3813,-35.1469],[148.5654,-35.1827],[148.8428,-35.2366],[149.2603,-35.3532],[149.4415,-35.368]]]},"properties":{"NAME":"Ngunawal","SUBJECTO":"Ngunawal","PARTOF":"Ngunawal","BORDERPRECISION":3,"LINK":null}},
{"type":"Feature","geometry":{"type":"Polygon","coordinates":[[[140.4004,-20.799],[140.5042,-20.5402],[140.7788,-20.2519],[141.1194,-20.1075],[141.2818,-20.0567],[141.2512,-19.9992],[141.1743,-19.7925],[141.1414,-19.596],[141.1225,-19.4],[141.1084,-19.4044],[141.1084,-19.3957],[140.8997,-19.4562],[140.658,-19.715],[140.4712,-19.8701],[140.2075,-20.1488],[140.0885,-20.186],[140.1361,-20.3498],[140.202,-20.5094],[140.3723,-20.7612],[140.4004,-20.799]]]},"properties":{"NAME":"Mayi-Thakurti","SUBJECTO":"Mayi-Thakurti","PARTOF":"Mayi-Thakurti","BORDERPRECISION":3,"LINK":null}},
{"type":"Feature","geometry":{"type":"Polygon","coordinates":[[[141.9266,-11.9957],[141.92,-12.0066],[141.92,-12.0393],[141.9125,-12.0857],[141.9149,-12.1094],[141.9155,-12.1156],[141.9166,-12.1266],[141.9255,-12.1541],[141.9297,-12.1783],[141.9357,-12.1788],[141.9876,-12.183],[141.9873,-12.1763],[142.0862,-12.136],[142.162,-12.0866],[142.1466,-12.0608],[142.1466,-12.0259],[142.1496,-12.0025],[142.1164,-12.0004],[142.0175,-11.9937],[141.9695,-11.9923],[141.9387,-11.976],[141.9266,-11.9957]]]},"properties":{"NAME":"Teppathiggi","SUBJECTO":"Teppathiggi","PARTOF":"Teppathiggi","BORDERPRECISION":3,"LINK":null}},
{"type":"Feature","geometry":{"type":"Polygon","coordinates":[[[135.4342,-15.8368],[135.4175,-16.0458],[135.3977,-16.3301],[135.4595,-16.3662],[135.6702,-16.4572],[135.8569,-16.6151],[136.0327,-16.773],[136.0327,-16.8127],[136.0327,-16.8571],[136.5271,-17.1408],[136.582,-17.1618],[136.5827,-17.1561],[136.5601,-17.1355],[136.5601,-17.0593],[136.5601,-16.9675],[136.5436,-16.7835],[136.5491,-16.5046],[136.5491,-16.3518],[136.6063,-16.102],[136.6095,-16.088],[136.6378,-16.0913],[136.6479,-16.0458],[136.5491,-15.9402],[136.1426,-15.6336],[135.9119,-15.5066],[135.8108,-15.5238],[135.7875,-15.5278],[135.7251,-15.5384],[135.6702,-15.6971],[135.4944,-15.7605],[135.4393,-15.7681],[135.4395,-15.7711],[135.4342,-15.8368]]]},"properties":{"NAME":"Binbinga","SUBJECTO":"Binbinga","PARTOF":"Binbinga","BORDERPRECISION":3,"LINK":null}},
{"type":"Feature","geometry":{"type":"Polygon","coordinates":[[[136.6985,-18.0686],[136.7306,-18.0698],[136.7139,-17.8951],[136.7249,-17.6126],[136.7446,-17.2634],[136.6754,-17.2405],[136.5827,-17.1561],[136.582,-17.1618],[136.5271,-17.1408],[136.0327,-16.8571],[136.0327,-16.9517],[135.9668,-17.1618],[135.7581,-17.3611],[135.6152,-17.5393],[135.5828,-17.5607],[135.6974,-17.6699],[135.802,-17.6859],[136.1206,-17.8115],[136.3623,-17.9578],[136.637,-18.0519],[136.6985,-18.0686]]]},"properties":{"NAME":"Gunindiri","SUBJECTO":"Gunindiri","PARTOF":"Gunindiri","BORDERPRECISION":3,"LINK":null}},
{"type":"Feature","geometry":{"type":"MultiPolygon","coordinates":[[[[145.5191,-20.5183],[145.2832,-20.4476],[144.8987,-20.4064],[144.307,-20.4664],[144.0857,-20.4888],[144.1033,-20.4503],[143.6682,-20.4888],[143.0969,-20.4682],[143.0882,-20.5386],[143.08,-20.6052],[143.064,-20.7356],[143.1189,-21.0537],[143.2617,-21.2791],[143.3167,-21.494],[143.3215,-21.619],[143.3239,-21.6815],[143.3276,-21.7799],[143.3276,-22.0856],[143.2189,-22.3968],[143.3644,-22.1948],[143.41,-22.1314],[143.8385,-22.0093],[144.4647,-21.9685],[144.8932,-21.9685],[145.2997,-22.1314],[145.7501,-22.3348],[145.8398,-22.3704],[145.8845,-22.3881],[145.8875,-22.3704],[145.8655,-22.1569],[145.7776,-22.0144],[145.6897,-21.9227],[145.6128,-21.7595],[145.5963,-21.7059],[145.5909,-21.6883],[145.5469,-21.5451],[145.47,-21.2791],[145.47,-20.9409],[145.6128,-20.5608],[145.5875,-20.516],[145.5579,-20.5299],[145.5191,-20.5183]]],[[[143.2073,-22.4311],[143.2079,-22.4281],[143.2068,-22.4313],[143.2073,-22.4311]]]]},"properties":{"NAME":"Yirandali","SUBJECTO":"Yirandali","PARTOF":"Yirandali","BORDERPRECISION":3,"LINK":null}},
{"type":"Feature","geometry":{"type":"Polygon","coordinates":[[[145.3962,-18.1217],[145.4041,-18.1459],[145.5249,-18.3545],[145.684,-18.4753],[145.6859,-18.4466],[145.6811,-18.4293],[145.715,-18.4275],[145.7526,-18.4429],[145.8476,-18.513],[145.9687,-18.542],[146.0835,-18.5121],[145.9246,-18.2566],[145.9844,-18.0058],[145.9671,-18.0075],[145.838,-18.0284],[145.7172,-18.0597],[145.5579,-18.1432],[145.437,-18.1354],[145.3981,-18.1185],[145.3962,-18.1217]]]},"properties":{"NAME":"Wargamaygan","SUBJECTO":"Wargamaygan","PARTOF":"Wargamaygan","BORDERPRECISION":3,"LINK":null}},
{"type":"Feature","geometry":{"type":"Polygon","coordinates":[[[142.3755,-31.4099],[142.3673,-31.3889],[142.3389,-31.3161],[142.3389,-31.2128],[142.4927,-30.9964],[142.7783,-30.9211],[143.2642,-30.8667],[143.2638,-30.8489],[143.2617,-30.7607],[143.2617,-30.4297],[143.2947,-29.9454],[143.3484,-29.79],[143.364,-29.7448],[143.064,-29.7167],[142.3828,-29.6308],[142.1741,-29.6308],[142.1382,-29.6308],[142.0642,-29.6308],[142.0642,-29.6499],[142.1386,-29.6499],[142.1411,-29.6499],[142.1411,-29.7321],[142.1411,-29.7596],[142.1411,-29.8978],[141.9873,-30.278],[141.7236,-30.6757],[141.394,-31.0341],[141.1523,-31.2785],[141.0889,-31.3192],[141.0416,-31.3495],[141.1194,-31.4005],[141.5918,-31.4099],[141.8005,-31.4287],[142.326,-31.4287],[142.3279,-31.4193],[142.3761,-31.4114],[142.3755,-31.4099]]]},"properties":{"NAME":"Bandjigali","SUBJECTO":"Bandjigali","PARTOF":"Bandjigali","BORDERPRECISION":3,"LINK":null}},
{"type":"Feature","geometry":{"type":"Polygon","coordinates":[[[148.7549,-24.257],[149.0231,-24.3792],[149.0515,-24.3921],[149.0735,-24.4021],[149.1669,-23.9863],[149.2712,-23.8356],[149.4305,-23.9461],[149.6118,-24.1066],[149.6777,-24.2119],[149.7382,-24.5321],[149.837,-24.9363],[149.9414,-24.9288],[149.9427,-24.9287],[149.9915,-24.9253],[150.0023,-24.9245],[150.1172,-24.9163],[150.4083,-24.8416],[150.5786,-24.7967],[150.614,-24.7887],[150.6458,-24.7815],[150.7104,-24.7668],[150.8203,-24.637],[150.8368,-24.4772],[150.8368,-24.3321],[150.7764,-24.2219],[150.7545,-24.1621],[150.7475,-24.1429],[150.7379,-24.1167],[150.6006,-23.7502],[150.5681,-23.7029],[150.5448,-23.669],[150.5072,-23.6143],[150.3398,-23.5685],[150.3233,-23.564],[150.0842,-23.4985],[149.7052,-23.5489],[149.5624,-23.4632],[149.4415,-23.3927],[149.3372,-23.2817],[149.2932,-23.1707],[149.2752,-23.1784],[149.2082,-23.2071],[148.9636,-23.312],[148.6121,-23.4481],[148.5429,-23.5216],[148.513,-23.5533],[148.5077,-23.559],[148.5132,-23.7502],[148.5352,-23.9009],[148.6011,-24.1066],[148.6861,-24.1898],[148.7257,-24.2285],[148.7549,-24.257]]]},"properties":{"NAME":"Gangulu","SUBJECTO":"Gangulu","PARTOF":"Gangulu","BORDERPRECISION":3,"LINK":null}},
{"type":"Feature","geometry":{"type":"Polygon","coordinates":[[[116.0305,-31.4165],[115.9827,-31.4216],[115.8179,-31.4216],[115.5899,-31.4123],[115.5075,-31.4357],[115.4935,-31.546],[115.5609,-31.661],[115.677,-31.9279],[115.7473,-32.2076],[115.7568,-32.4744],[115.7575,-32.4938],[115.7959,-32.4912],[116.0266,-32.4356],[116.1401,-32.3877],[116.1626,-32.3782],[116.2683,-32.2918],[116.5485,-32.1477],[116.5992,-32.1447],[116.6693,-31.9894],[116.7023,-31.8309],[116.7078,-31.6581],[116.6254,-31.5739],[116.499,-31.5083],[116.3919,-31.4708],[116.2611,-31.4328],[116.1584,-31.4662],[116.0305,-31.4165]]]},"properties":{"NAME":"Wajuk","SUBJECTO":"Wajuk","PARTOF":"Wajuk","BORDERPRECISION":3,"LINK":null}},
{"type":"Feature","geometry":{"type":"Polygon","coordinates":[[[140.8008,-17.7278],[140.8017,-17.7451],[140.8118,-17.9265],[140.8228,-18.1667],[140.8271,-18.1749],[140.8633,-18.2437],[140.8997,-18.3128],[140.9985,-18.6254],[141.0315,-18.8127],[141.1084,-19.2282],[141.1084,-19.3552],[141.1084,-19.3957],[141.1084,-19.4044],[141.1225,-19.4],[141.14,-19.3945],[141.4709,-19.2904],[141.7786,-19.2697],[142.262,-19.3111],[142.5806,-19.3941],[142.8223,-19.508],[142.8462,-19.4485],[142.8531,-19.4313],[142.9431,-19.2074],[142.9541,-18.9479],[142.9357,-18.8086],[142.9321,-18.7815],[142.8892,-18.7734],[142.7124,-18.7399],[142.3389,-18.6567],[142.0313,-18.5213],[141.7566,-18.3754],[141.5918,-18.2815],[141.3831,-18.1563],[141.3062,-17.9474],[141.3062,-17.8115],[141.3062,-17.6336],[141.2616,-17.5304],[141.2556,-17.5166],[141.2292,-17.4555],[141.1731,-17.4867],[141.1618,-17.493],[140.9656,-17.6021],[140.8386,-17.699],[140.8008,-17.7278]]]},"properties":{"NAME":"Mayi-Kulan","SUBJECTO":"Mayi-Kulan","PARTOF":"Mayi-Kulan","BORDERPRECISION":3,"LINK":null}},
{"type":"Feature","geometry":{"type":"Polygon","coordinates":[[[134.3966,-17.873],[134.4397,-17.8115],[134.4414,-17.8045],[134.4479,-17.7775],[134.5056,-17.5393],[134.5056,-17.2353],[134.4878,-17.2011],[134.485,-17.1958],[134.4507,-17.2143],[134.3079,-16.9727],[134.0112,-16.7099],[133.8684,-16.5625],[133.6597,-16.3834],[133.5117,-16.2413],[133.4925,-16.2337],[133.429,-16.3939],[133.3927,-16.4221],[133.418,-16.5625],[133.407,-16.7835],[133.4125,-16.9622],[133.4509,-17.1303],[133.5004,-17.3139],[133.4564,-17.5026],[133.3795,-17.644],[133.2866,-17.7003],[133.2793,-17.7444],[133.352,-17.7487],[133.3411,-17.9474],[133.3411,-18.1667],[133.4189,-18.2508],[133.4322,-18.2473],[133.4949,-18.031],[133.9879,-18.1455],[133.9887,-18.1453],[133.7915,-17.9787],[134.231,-17.9369],[134.3472,-17.9436],[134.3966,-17.873]]]},"properties":{"NAME":"Jingili","SUBJECTO":"Jingili","PARTOF":"Jingili","BORDERPRECISION":3,"LINK":null}},
{"type":"Feature","geometry":{"type":"Polygon","coordinates":[[[145.2222,-15.6642],[145.1993,-15.3989],[145.1239,-15.4802],[145.1459,-15.5913],[145.0305,-15.7711],[144.8657,-15.8874],[144.8036,-15.9138],[144.7735,-15.9266],[144.6295,-15.9877],[144.2725,-16.0986],[144.0253,-16.0933],[143.8715,-16.1197],[143.8713,-16.1244],[143.8704,-16.1441],[143.866,-16.2463],[143.8934,-16.3096],[143.8839,-16.4888],[143.8899,-16.4888],[143.9429,-16.4888],[144.0088,-16.6362],[144.2175,-16.8676],[144.3713,-17.1198],[144.5911,-17.3192],[144.725,-17.4094],[144.7601,-17.433],[144.8328,-17.4135],[145.2821,-17.3621],[145.3097,-17.3589],[145.3821,-17.3506],[145.3612,-17.3109],[145.3358,-17.2622],[145.3217,-17.2353],[145.2679,-17.1119],[145.267,-17.102],[145.2722,-16.9675],[145.3436,-16.6257],[145.3937,-16.5489],[145.3629,-16.5225],[145.3255,-16.4904],[145.3464,-16.0136],[145.2381,-15.709],[145.2222,-15.6642]]]},"properties":{"NAME":"Kuku-yalanji","SUBJECTO":"Kuku-yalanji","PARTOF":"Kuku-yalanji","BORDERPRECISION":3,"LINK":null}},
{"type":"Feature","geometry":{"type":"Polygon","coordinates":[[[142.1756,-12.085],[142.2784,-12.1253],[142.3306,-12.1709],[142.413,-12.2729],[142.5888,-12.3883],[142.6207,-12.4524],[142.6382,-12.4875],[142.6382,-12.4961],[142.858,-12.6216],[142.9235,-12.6216],[142.939,-12.6216],[142.9431,-12.6216],[142.9266,-12.4983],[142.8799,-12.3427],[142.8612,-12.3076],[142.8487,-12.2841],[142.8113,-12.2139],[142.7399,-12.0662],[142.7103,-12.0036],[142.7097,-12.0205],[142.6885,-12.0212],[142.63,-12.0232],[142.354,-12.0178],[142.2002,-12.0057],[142.1604,-12.0032],[142.1496,-12.0025],[142.1466,-12.0259],[142.1466,-12.0608],[142.162,-12.0866],[142.1686,-12.0823],[142.1756,-12.085]]]},"properties":{"NAME":"Mpalitjanh","SUBJECTO":"Mpalitjanh","PARTOF":"Mpalitjanh","BORDERPRECISION":3,"LINK":null}},
{"type":"Feature","geometry":{"type":"Polygon","coordinates":[[[116.4485,-21.293],[116.4441,-21.2075],[116.3013,-20.982],[116.2513,-20.9236],[116.201,-20.9496],[116.1346,-20.984],[115.8712,-21.1943],[115.5674,-21.4556],[115.3492,-21.6023],[114.8002,-21.8832],[114.6855,-21.9534],[114.7852,-22.0551],[114.895,-22.1874],[115.1257,-22.4009],[115.2905,-22.4009],[115.3036,-22.4009],[115.3152,-22.4009],[115.3894,-22.3399],[115.6421,-22.1162],[115.9277,-21.7901],[116.1035,-21.5757],[116.2683,-21.3917],[116.3452,-21.3508],[116.3727,-21.3098],[116.4502,-21.3263],[116.4485,-21.293]]]},"properties":{"NAME":"Nhuwala","SUBJECTO":"Nhuwala","PARTOF":"Nhuwala","BORDERPRECISION":3,"LINK":null}},
{"type":"Feature","geometry":{"type":"Polygon","coordinates":[[[149.9915,-24.9253],[149.9434,-24.9436],[149.9414,-24.9444],[149.8975,-24.9612],[149.6063,-25.0358],[149.1504,-25.1403],[149.037,-25.176],[149.0304,-25.1781],[149.027,-25.1792],[149.024,-25.1801],[149.024,-25.195],[149.024,-25.2944],[149.0186,-25.5424],[148.9856,-25.7801],[148.9746,-25.963],[148.9203,-26.089],[148.9087,-26.116],[149.0295,-26.1604],[149.2108,-26.185],[149.4196,-26.1899],[149.4944,-26.1777],[149.5294,-26.1258],[149.6832,-26.1258],[149.848,-26.0963],[149.9744,-25.9926],[149.9804,-25.9134],[149.9819,-25.8944],[149.9854,-25.8493],[150.0006,-25.694],[150.0018,-25.6811],[150.0432,-25.6905],[150.0458,-25.6217],[150.0073,-25.3788],[150.0073,-25.1801],[150.0073,-24.9612],[150.0023,-24.9245],[149.9915,-24.9253]]]},"properties":{"NAME":"Yiman","SUBJECTO":"Yiman","PARTOF":"Yiman","BORDERPRECISION":3,"LINK":null}},
{"type":"Feature","geometry":{"type":"Polygon","coordinates":[[[126.3032,-18.9398],[126.3039,-18.9482],[126.3098,-19.0206],[126.4417,-19.1036],[126.5955,-19.1036],[126.6943,-19.0829],[126.8262,-19.1555],[126.8289,-19.1569],[126.8485,-19.1666],[127.0569,-19.2697],[127.3535,-19.363],[127.7271,-19.4252],[127.7799,-19.4195],[127.7964,-19.4177],[127.9578,-19.3111],[128.4082,-19.2385],[128.7378,-19.2385],[128.7486,-19.2503],[128.7702,-19.2494],[128.8586,-19.1659],[129.1443,-18.9167],[129.1553,-18.4483],[129.1333,-18.1772],[129.0344,-18.0101],[129.151,-18.1684],[129.2651,-18.3232],[129.2761,-18.2189],[129.1992,-17.9265],[129.0536,-17.8341],[129.0564,-17.8533],[128.9959,-17.8204],[128.9795,-17.8115],[128.8806,-17.7801],[128.7817,-17.665],[128.6389,-17.6126],[128.4302,-17.5602],[128.3281,-17.5521],[128.2937,-17.5615],[128.2324,-17.7173],[128.0566,-17.9369],[127.8644,-18.0205],[127.6831,-18.1719],[127.5458,-18.2607],[127.3865,-18.3337],[127.1997,-18.4119],[127.0294,-18.4692],[126.8921,-18.4796],[126.8115,-18.4796],[126.7729,-18.5557],[126.7163,-18.6671],[126.5076,-18.7815],[126.3867,-18.8335],[126.2988,-18.8855],[126.3032,-18.9398]]]},"properties":{"NAME":"Jaru","SUBJECTO":"Jaru","PARTOF":"Jaru","BORDERPRECISION":3,"LINK":null}},
{"type":"Feature","geometry":{"type":"MultiPolygon","coordinates":[[[[130.1028,-14.1286],[130.1056,-14.1277],[130.1056,-14.1166],[130.0459,-14.0918],[130.0373,-14.0945],[129.9889,-14.1099],[129.9243,-14.1019],[129.8886,-14.0972],[129.8721,-14.1259],[129.8584,-14.1978],[129.8611,-14.267],[129.8721,-14.3256],[129.8996,-14.3682],[129.9271,-14.3602],[129.9765,-14.3815],[130.0202,-14.4132],[130.0122,-14.3868],[129.9902,-14.3442],[130.0122,-14.2804],[130.0342,-14.2005],[130.0946,-14.1312],[130.1028,-14.1286]]],[[[129.9973,-14.4343],[130.0318,-14.4367],[130.0259,-14.432],[130.0203,-14.4135],[129.9973,-14.4343]]]]},"properties":{"NAME":"Ngan’gikurunggurr","SUBJECTO":"Ngan’gikurunggurr","PARTOF":"Ngan’gikurunggurr","BORDERPRECISION":3,"LINK":null}},
{"type":"Feature","geometry":{"type":"Polygon","coordinates":[[[143.4771,-33.6871],[143.4705,-33.6969],[143.6078,-33.7837],[143.8715,-33.9342],[144.0857,-34.1118],[144.1689,-34.1444],[144.1777,-34.1479],[144.2944,-34.1936],[144.4482,-34.1936],[144.5636,-34.1527],[144.613,-34.1027],[144.6549,-34.0726],[144.6584,-34.024],[144.668,-33.8887],[144.9316,-33.6695],[145.0635,-33.5597],[144.5142,-33.1927],[144.3139,-32.9603],[144.2717,-32.9564],[144.1736,-33.0823],[143.8989,-33.303],[143.5583,-33.6421],[143.5421,-33.6511],[143.4771,-33.6871]]]},"properties":{"NAME":"Yitha Yitha","SUBJECTO":"Yitha Yitha","PARTOF":"Yitha Yitha","BORDERPRECISION":3,"LINK":null}},
{"type":"Feature","geometry":{"type":"MultiPolygon","coordinates":[[[[142.1295,-12.8162],[142.0944,-12.8305],[142.0505,-12.8814],[142.0439,-12.8968],[142.04,-12.8994],[142.0419,-12.9015],[142.0477,-12.9082],[142.0203,-12.9617],[141.9901,-13.0574],[141.9901,-13.0741],[141.9855,-13.0923],[141.9818,-13.1464],[141.9755,-13.1971],[141.9783,-13.2037],[141.9818,-13.1918],[142.2565,-13.1062],[142.3494,-13.0977],[142.2894,-13.0393],[142.229,-12.9591],[142.1576,-12.8627],[142.1388,-12.8123],[142.1295,-12.8162]]],[[[142.5959,-13.0661],[142.5931,-13.0755],[142.608,-13.0741],[142.6101,-13.0741],[142.597,-13.0661],[142.5959,-13.0661]]]]},"properties":{"NAME":"Mbeiwum","SUBJECTO":"Mbeiwum","PARTOF":"Mbeiwum","BORDERPRECISION":3,"LINK":null}},
{"type":"Feature","geometry":{"type":"Polygon","coordinates":[[[131.8175,-12.3683],[131.6761,-12.3848],[131.6346,-12.3896],[131.6162,-12.4419],[131.6162,-12.6296],[131.6107,-12.7904],[131.6107,-12.9136],[131.6588,-12.93],[131.7206,-12.951],[131.814,-13.0046],[131.9128,-13.0206],[132.0721,-12.9617],[132.1271,-12.8761],[132.215,-12.7957],[132.2181,-12.7708],[132.2424,-12.576],[132.2424,-12.4258],[132.2164,-12.3412],[132.1756,-12.344],[131.8175,-12.3683]]]},"properties":{"NAME":"Limilngan","SUBJECTO":"Limilngan","PARTOF":"Limilngan","BORDERPRECISION":3,"LINK":null}},
{"type":"Feature","geometry":{"type":"Polygon","coordinates":[[[118.2157,-30.862],[118.2652,-30.9072],[118.3518,-31.0673],[118.4977,-31.217],[118.6495,-31.343],[118.7703,-31.4274],[118.8691,-31.5303],[119.1216,-31.6986],[119.5058,-31.8945],[119.9166,-32.1804],[120.0232,-32.0589],[120.1691,-31.8925],[120.2792,-31.7429],[120.4224,-31.6399],[120.6976,-31.4054],[120.9618,-31.2457],[121.0939,-31.1892],[121.215,-31.1139],[121.2012,-31.1],[121.0341,-30.9316],[120.7393,-30.6345],[120.509,-30.0596],[120.0037,-29.3247],[119.436,-28.7629],[119.4214,-28.7484],[119.3938,-28.7412],[118.6898,-28.5565],[118.3716,-28.3843],[118.2239,-28.3044],[117.8892,-28.3532],[117.5317,-28.5749],[117.1821,-28.844],[117.105,-28.9033],[116.8402,-29.0069],[116.3095,-29.2145],[116.3282,-29.2486],[116.52,-29.5984],[116.764,-30.0004],[116.779,-30.0252],[116.8269,-30.0517],[116.9489,-30.119],[117.0492,-30.2155],[117.2296,-30.3044],[117.3168,-30.36],[117.4277,-30.3959],[117.4842,-30.4178],[117.7854,-30.5716],[117.9221,-30.6663],[117.9781,-30.6929],[118.0785,-30.7405],[118.0866,-30.7443],[118.2157,-30.862]]]},"properties":{"NAME":"Kalaamaya","SUBJECTO":"Kalaamaya","PARTOF":"Kalaamaya","BORDERPRECISION":3,"LINK":null}},
{"type":"Feature","geometry":{"type":"Polygon","coordinates":[[[116.5416,-23.0175],[116.4551,-22.9685],[116.2518,-22.8926],[116.087,-22.7964],[116.0046,-22.7205],[115.9552,-22.6394],[115.9269,-22.6307],[115.9041,-22.6236],[115.8728,-22.7103],[115.8124,-22.8268],[115.7316,-22.844],[115.7267,-22.8531],[115.7684,-22.8724],[115.776,-22.9214],[115.9772,-23.014],[116.2793,-23.2111],[116.6913,-23.3977],[117.0319,-23.564],[117.1476,-23.6182],[117.1802,-23.5136],[117.185,-23.3714],[117.1857,-23.3523],[117.188,-23.332],[117.0978,-23.3069],[116.8561,-23.206],[116.6693,-23.0898],[116.5874,-23.0434],[116.5416,-23.0175]]]},"properties":{"NAME":"Jiwarli","SUBJECTO":"Jiwarli","PARTOF":"Jiwarli","BORDERPRECISION":3,"LINK":null}},
{"type":"Feature","geometry":{"type":"Polygon","coordinates":[[[125.108,-15.2051],[125.0956,-15.2593],[125.2222,-15.2153],[125.3595,-15.2153],[125.4639,-15.3319],[125.4144,-15.4643],[125.6122,-15.586],[125.7454,-15.732],[125.8484,-15.5066],[125.9033,-15.3054],[125.9473,-14.8705],[126.0022,-14.7406],[126.0022,-14.6875],[126.0022,-14.6474],[126.0022,-14.541],[125.9678,-14.4797],[125.9223,-14.5734],[125.8632,-14.6949],[125.4972,-14.6766],[125.317,-14.7279],[125.1557,-14.8045],[125.1739,-15.0397],[125.108,-15.2051]]]},"properties":{"NAME":"Wunambul","SUBJECTO":"Wunambul","PARTOF":"Wunambul","BORDERPRECISION":3,"LINK":null}},
{"type":"Feature","geometry":{"type":"Polygon","coordinates":[[[139.2627,-21.5157],[139.2627,-22.0829],[139.3066,-22.0042],[139.4934,-22.0042],[140.0098,-22.0856],[140.2185,-22.1133],[140.2405,-22.1162],[140.2933,-22.1599],[140.3064,-22.0449],[140.3036,-21.9532],[140.2954,-21.9227],[140.3721,-21.7758],[140.3247,-21.7865],[140.2405,-21.8054],[140.0592,-21.7187],[139.6143,-21.5962],[139.2627,-21.5157]]]},"properties":{"NAME":"Yalarrnga","SUBJECTO":"Yalarrnga","PARTOF":"Yalarrnga","BORDERPRECISION":3,"LINK":null}},
{"type":"Feature","geometry":{"type":"Polygon","coordinates":[[[133.0194,-17.7292],[133.0334,-17.7278],[133.2587,-17.7173],[133.2866,-17.7003],[133.3795,-17.644],[133.4564,-17.5026],[133.5004,-17.3139],[133.4509,-17.1303],[133.4125,-16.9622],[133.407,-16.7835],[133.418,-16.5625],[133.3927,-16.4221],[133.3905,-16.4097],[133.3675,-16.4187],[133.1873,-16.4888],[132.8796,-16.4888],[132.6324,-16.415],[132.5336,-16.2569],[132.4292,-16.1619],[132.3912,-16.1903],[132.2314,-16.3096],[131.9293,-16.4361],[131.7821,-16.4319],[131.7426,-16.4308],[131.6972,-16.4973],[130.979,-17.5498],[130.979,-17.8324],[130.9855,-17.8754],[130.99,-17.9056],[131.2097,-17.9369],[131.4075,-17.9474],[131.4857,-17.9646],[131.5056,-17.9715],[131.5094,-17.9698],[131.6382,-17.9108],[132.0117,-17.801],[132.2809,-17.6859],[133.0194,-17.7292]]]},"properties":{"NAME":"Mudburra","SUBJECTO":"Mudburra","PARTOF":"Mudburra","BORDERPRECISION":3,"LINK":null}},
{"type":"Feature","geometry":{"type":"Polygon","coordinates":[[[135.4619,-32.836],[135.3735,-32.7503],[135.1978,-32.6024],[135.011,-32.482],[134.934,-32.3764],[134.8352,-32.4356],[134.4177,-32.778],[134.1541,-33.0455],[134.1109,-33.0252],[134.1078,-33.0284],[134.1461,-33.1492],[134.2085,-33.2572],[134.2373,-33.2693],[134.4209,-33.2906],[134.6311,-33.2691],[134.7102,-33.3643],[134.8437,-33.6948],[135.1531,-34.0504],[135.239,-34.1966],[135.3573,-34.4572],[135.5281,-35.0549],[135.5954,-35.1106],[135.7767,-35.1065],[135.9439,-34.844],[136.1061,-34.532],[136.4001,-34.2769],[136.6462,-34.1154],[136.6589,-34.0982],[136.8018,-33.9525],[136.7921,-33.9486],[136.7029,-33.9616],[136.4941,-33.9616],[136.1865,-33.7152],[136.0107,-33.5139],[135.9448,-33.3122],[135.791,-33.1376],[135.5164,-32.8888],[135.4944,-32.8675],[135.4724,-32.8519],[135.4619,-32.836]]]},"properties":{"NAME":"Nawu","SUBJECTO":"Nawu","PARTOF":"Nawu","BORDERPRECISION":3,"LINK":null}},
{"type":"Feature","geometry":{"type":"Polygon","coordinates":[[[134.7933,-13.904],[134.9176,-13.8647],[135.1373,-13.7954],[135.2554,-13.6688],[135.2692,-13.654],[135.2966,-13.6246],[135.3438,-13.5591],[135.3059,-13.5367],[135.2197,-13.4858],[135.0549,-13.272],[135.0549,-13.1118],[135.0275,-13.1223],[134.8737,-13.1169],[134.7473,-13.1811],[134.4727,-13.3308],[134.3311,-13.4193],[134.3298,-13.4217],[134.3463,-13.6353],[134.3683,-13.7847],[134.4507,-13.8914],[134.6814,-13.9394],[134.7933,-13.904]]]},"properties":{"NAME":"Ngalkbun","SUBJECTO":"Ngalkbun","PARTOF":"Ngalkbun","BORDERPRECISION":3,"LINK":null}},
{"type":"Feature","geometry":{"type":"Polygon","coordinates":[[[140.5206,-24.4453],[140.2405,-24.5071],[139.8834,-24.632],[139.6417,-24.7119],[139.5984,-24.6463],[139.5969,-24.6466],[139.6033,-24.667],[139.5374,-24.8864],[139.4604,-25.0657],[139.3704,-25.2205],[139.4824,-25.2049],[139.856,-25.195],[140.2185,-25.3142],[140.5042,-25.4234],[140.602,-25.4865],[140.614,-25.4631],[140.7019,-25.2447],[140.7349,-24.9661],[140.647,-24.7668],[140.5261,-24.4971],[140.5206,-24.4453]]]},"properties":{"NAME":"Mithaka","SUBJECTO":"Mithaka","PARTOF":"Mithaka","BORDERPRECISION":3,"LINK":null}},
{"type":"Feature","geometry":{"type":"Polygon","coordinates":[[[149.0231,-24.3792],[148.9911,-24.5871],[148.9911,-24.8765],[148.9856,-25.1154],[149.0278,-25.1745],[149.0273,-25.1775],[149.0297,-25.1771],[149.0304,-25.1781],[149.037,-25.176],[149.1504,-25.1403],[149.6063,-25.0358],[149.8975,-24.9612],[149.9414,-24.9444],[149.9414,-24.9288],[149.837,-24.9363],[149.7382,-24.5321],[149.6777,-24.2119],[149.6118,-24.1066],[149.4305,-23.9461],[149.2712,-23.8356],[149.1669,-23.9863],[149.0735,-24.4021],[149.0515,-24.3921],[149.0231,-24.3792]]]},"properties":{"NAME":"Wadjigu","SUBJECTO":"Wadjigu","PARTOF":"Wadjigu","BORDERPRECISION":3,"LINK":null}},
{"type":"Feature","geometry":{"type":"Polygon","coordinates":[[[138.3315,-33.3081],[138.3673,-33.1927],[138.3618,-33.0133],[138.2629,-32.7041],[138.186,-32.5005],[138.1201,-32.3243],[138.1631,-32.2724],[138.1606,-32.2702],[138.1448,-32.2755],[138.0267,-32.3405],[137.8647,-32.4147],[137.7136,-32.4542],[137.6532,-32.4959],[137.6422,-32.57],[137.6422,-32.6995],[137.6587,-32.7919],[137.7136,-32.8888],[137.7686,-32.9441],[137.7644,-32.9895],[137.796,-33.0087],[137.8262,-33.0236],[137.8682,-32.7471],[138.02,-32.9695],[138.1658,-33.1918],[138.1887,-33.2935],[138.1698,-33.3243],[138.3234,-33.2984],[138.3315,-33.3081]]]},"properties":{"NAME":"Nukunu","SUBJECTO":"Nukunu","PARTOF":"Nukunu","BORDERPRECISION":3,"LINK":null}},
{"type":"Feature","geometry":{"type":"Polygon","coordinates":[[[143.364,-29.7448],[143.3484,-29.79],[143.2947,-29.9454],[143.2617,-30.4297],[143.2617,-30.7607],[143.2638,-30.8489],[143.2642,-30.8667],[143.2727,-31.2222],[143.4143,-31.3818],[143.4276,-31.3968],[143.4946,-31.4722],[143.5308,-31.513],[143.5474,-31.5317],[143.866,-31.6066],[143.9912,-31.6111],[144.069,-31.614],[144.3823,-31.6253],[144.707,-31.5598],[144.7339,-31.5317],[144.8038,-31.4612],[144.8547,-31.4099],[145.0635,-31.0153],[145.1184,-30.7796],[144.9097,-30.4676],[144.9481,-30.2686],[144.9866,-30.2742],[144.9866,-30.1831],[144.9884,-30.1654],[145.0305,-29.7644],[145.0964,-29.4779],[145.3821,-29.1234],[145.4519,-28.9674],[145.481,-28.9024],[145.4313,-28.897],[145.0415,-28.8543],[144.6877,-28.7874],[144.572,-28.7656],[144.4812,-28.7484],[143.9209,-28.7484],[143.6863,-28.7376],[143.6446,-28.7356],[143.5034,-28.7291],[143.3741,-28.7709],[143.3693,-28.7725],[143.2947,-28.7965],[143.3167,-29.1713],[143.3936,-29.6594],[143.364,-29.7448]]]},"properties":{"NAME":"Barundji","SUBJECTO":"Barundji","PARTOF":"Barundji","BORDERPRECISION":3,"LINK":null}},
{"type":"Feature","geometry":{"type":"Polygon","coordinates":[[[152.9715,-25.8742],[152.9042,-25.6303],[152.8314,-25.4715],[152.7612,-25.4207],[152.7224,-25.4111],[152.699,-25.4433],[152.6331,-25.587],[152.6495,-25.7306],[152.6605,-25.9136],[152.6935,-26.0173],[152.9242,-25.8889],[152.9715,-25.8742]]]},"properties":{"NAME":"Badtjala","SUBJECTO":"Badtjala","PARTOF":"Badtjala","BORDERPRECISION":3,"LINK":null}},
{"type":"Feature","geometry":{"type":"Polygon","coordinates":[[[118.5726,-24.3899],[118.6139,-24.3971],[118.8776,-24.4572],[119.0753,-24.5371],[119.3005,-24.687],[119.4818,-24.7867],[119.7131,-24.9332],[119.718,-24.9263],[119.8279,-24.7069],[119.8828,-24.4271],[119.8608,-24.1668],[119.8059,-23.9361],[119.696,-23.6647],[119.6268,-23.5287],[119.6191,-23.5287],[119.4708,-23.5388],[119.1412,-23.5489],[118.8455,-23.5403],[118.7897,-23.5841],[118.7238,-23.73],[118.6523,-23.9009],[118.5754,-24.1267],[118.5699,-24.3371],[118.5726,-24.3899]]]},"properties":{"NAME":"Ngalawangka","SUBJECTO":"Ngalawangka","PARTOF":"Ngalawangka","BORDERPRECISION":3,"LINK":null}},
{"type":"Feature","geometry":{"type":"Polygon","coordinates":[[[141.0925,-26.2601],[141.1963,-26.3919],[141.4709,-26.5394],[141.6797,-26.6867],[141.9315,-26.9384],[141.9443,-26.9512],[141.9543,-26.9612],[142.1301,-26.5296],[142.262,-26.4214],[142.4158,-26.4214],[142.5696,-26.4214],[142.7124,-26.5099],[143.5254,-25.6019],[143.6773,-25.4717],[143.6869,-25.4284],[143.7085,-25.3308],[143.7122,-25.3142],[143.7546,-25.2843],[143.7561,-25.2646],[143.2837,-24.7468],[143.0556,-24.4701],[142.9543,-24.5574],[142.9431,-24.5671],[142.5586,-24.3071],[142.499,-24.2648],[142.424,-24.2116],[142.24,-24.4271],[142.0422,-24.8565],[141.7566,-25.1353],[141.3831,-25.5623],[141.2622,-25.9185],[141.0887,-26.187],[141.0645,-26.2244],[141.0925,-26.2601]]]},"properties":{"NAME":"Birria","SUBJECTO":"Birria","PARTOF":"Birria","BORDERPRECISION":3,"LINK":null}},
{"type":"Feature","geometry":{"type":"Polygon","coordinates":[[[122.8436,-18.5369],[122.8107,-18.7555],[122.7393,-18.9998],[122.7508,-19.015],[122.764,-19.0325],[123.1458,-19.1348],[123.3325,-19.363],[123.5852,-19.6736],[123.8049,-20.0353],[123.8379,-20.4167],[123.8379,-20.5299],[124.2554,-20.5299],[124.7168,-20.221],[124.8999,-20.2019],[124.9554,-20.1961],[125.0024,-20.1488],[125.1123,-19.8752],[124.964,-19.3163],[124.8596,-19.223],[124.7992,-18.9582],[124.8047,-18.7815],[124.8596,-18.6983],[124.8596,-18.6101],[124.8596,-18.589],[124.8146,-18.5802],[124.7003,-18.5577],[124.6454,-18.4327],[124.5905,-18.3493],[124.4586,-18.245],[124.3751,-18.2158],[124.3615,-18.211],[124.3542,-18.2085],[124.1455,-18.3441],[124.0521,-18.5161],[124.0137,-18.6983],[123.8763,-18.8023],[123.6511,-18.6775],[123.4644,-18.5109],[123.3215,-18.4431],[123.2605,-18.4414],[123.2159,-18.4401],[123.1403,-18.4379],[122.9682,-18.4465],[122.9315,-18.4483],[122.9172,-18.4628],[122.9139,-18.4661],[122.8959,-18.4843],[122.8436,-18.5369]]]},"properties":{"NAME":"Mangala","SUBJECTO":"Mangala","PARTOF":"Mangala","BORDERPRECISION":3,"LINK":null}},
{"type":"Feature","geometry":{"type":"Polygon","coordinates":[[[132.8723,-12.7292],[132.8549,-12.7448],[132.789,-12.7314],[132.7341,-12.71],[132.7039,-12.6966],[132.6964,-12.6864],[132.7094,-12.7422],[132.6703,-12.7639],[132.6815,-12.7798],[132.7094,-12.7957],[132.7145,-12.8058],[132.7234,-12.81],[132.7643,-12.8011],[132.8302,-12.8172],[132.8396,-12.8302],[132.8556,-12.811],[132.8632,-12.777],[132.8839,-12.777],[132.8906,-12.7689],[132.8723,-12.7292]]]},"properties":{"NAME":"Bukurnidja","SUBJECTO":"Bukurnidja","PARTOF":"Bukurnidja","BORDERPRECISION":3,"LINK":null}},
{"type":"Feature","geometry":{"type":"Polygon","coordinates":[[[121.2394,-31.1],[121.6187,-31.1],[122.2778,-31.0435],[122.8052,-30.9776],[123.1941,-30.9376],[123.3545,-30.9211],[123.5522,-30.9493],[123.5587,-30.9015],[123.5193,-30.7324],[123.5083,-30.6379],[123.5083,-30.4676],[123.4753,-30.3634],[123.4094,-30.1071],[123.2007,-29.7548],[123.1018,-29.583],[122.97,-29.3822],[122.8381,-29.1522],[122.7283,-28.9409],[122.6404,-28.8543],[122.6332,-28.7278],[122.6313,-28.6958],[122.5415,-28.652],[122.3169,-28.6968],[122.2998,-28.7002],[122.1441,-28.7533],[122.1021,-28.7677],[121.8494,-28.8447],[121.355,-28.8639],[121.2012,-28.8158],[121.1023,-28.7773],[120.8496,-28.7965],[120.5859,-28.7965],[120.3552,-28.8062],[120.0146,-28.8447],[119.8718,-28.8543],[119.729,-28.9697],[119.7565,-28.9937],[120.2234,-29.4013],[120.6519,-29.8597],[120.7397,-30.1546],[120.9595,-30.5812],[120.9924,-30.7324],[121.0341,-30.9316],[121.2012,-31.1],[121.2394,-31.1]]]},"properties":{"NAME":"Wangkathaa","SUBJECTO":"Wangkathaa","PARTOF":"Wangkathaa","BORDERPRECISION":3,"LINK":null}},
{"type":"Feature","geometry":{"type":"Polygon","coordinates":[[[137.7644,-32.9895],[137.7686,-32.9441],[137.7136,-32.8888],[137.6587,-32.7919],[137.6422,-32.6995],[137.6422,-32.57],[137.6532,-32.4959],[137.7136,-32.4542],[137.8647,-32.4147],[138.0267,-32.3405],[138.1448,-32.2755],[138.1606,-32.2702],[138.1631,-32.2724],[138.1665,-32.2682],[138.4003,-32.1896],[138.4937,-32.1454],[138.6475,-32.1245],[138.774,-32.0632],[138.7858,-32.0575],[138.8397,-32.0314],[138.8397,-31.8729],[138.6475,-31.7282],[138.6293,-31.7207],[138.5615,-31.6928],[138.5347,-31.6817],[138.4772,-31.6581],[138.4605,-31.6467],[138.3673,-31.5832],[138.2245,-31.513],[138.0267,-31.4052],[137.785,-31.2785],[137.6123,-31.2293],[137.6038,-31.2269],[137.6023,-31.2182],[137.6003,-31.2064],[137.5953,-31.2104],[137.4719,-31.3067],[137.0764,-31.6253],[136.7798,-31.7562],[136.1865,-31.8776],[136.0492,-31.8109],[135.6592,-31.9615],[135.3625,-32.1198],[134.944,-32.3705],[134.934,-32.3764],[135.011,-32.482],[135.1978,-32.6024],[135.3735,-32.7503],[135.4619,-32.836],[135.4944,-32.8675],[135.5164,-32.8888],[135.791,-33.1376],[135.9448,-33.3122],[136.0107,-33.5139],[136.1865,-33.7152],[136.4941,-33.9616],[136.7029,-33.9616],[136.7921,-33.9486],[136.9226,-33.9297],[137.0544,-33.8704],[137.1808,-33.7609],[137.2632,-33.5963],[137.4115,-33.3581],[137.4445,-33.28],[137.5378,-33.1697],[137.7191,-33.1053],[137.7631,-33.0041],[137.7644,-32.9895]]]},"properties":{"NAME":"Banggarla","SUBJECTO":"Banggarla","PARTOF":"Banggarla","BORDERPRECISION":3,"LINK":null}},
{"type":"Feature","geometry":{"type":"Polygon","coordinates":[[[140.8887,-22.4313],[140.8205,-22.5406],[140.6799,-22.7661],[140.5151,-23.2817],[140.5371,-23.5741],[140.5266,-23.9008],[140.5261,-23.916],[140.577,-23.9276],[140.8337,-23.9863],[141.0754,-24.0565],[141.3721,-24.1267],[141.6687,-24.1066],[141.9873,-24.0766],[142.207,-24.0766],[142.3608,-24.1668],[142.424,-24.2116],[142.499,-24.2648],[142.5586,-24.3071],[142.9431,-24.5671],[142.9543,-24.5574],[143.0556,-24.4701],[143.1519,-24.3871],[143.3167,-23.9863],[143.4382,-23.8196],[143.4091,-23.7808],[143.3331,-23.6797],[143.1793,-23.438],[143.0695,-23.1151],[143.0914,-22.8724],[143.1683,-22.6292],[143.1782,-22.579],[143.1893,-22.5227],[142.9541,-22.5227],[142.4927,-22.6546],[142.0972,-22.8167],[141.5918,-22.5734],[141.2732,-22.3501],[141.0397,-22.2781],[141.0095,-22.2688],[140.9786,-22.3104],[140.9283,-22.378],[140.8887,-22.4313]]]},"properties":{"NAME":"Maiawali","SUBJECTO":"Maiawali","PARTOF":"Maiawali","BORDERPRECISION":3,"LINK":null}},
{"type":"Feature","geometry":{"type":"Polygon","coordinates":[[[136.7306,-18.0698],[136.7313,-18.0775],[136.8677,-18.1145],[137.1753,-18.3232],[137.3471,-18.4149],[137.6807,-18.3754],[137.8008,-18.4405],[137.8015,-18.4379],[138.057,-18.5187],[138.1099,-18.5203],[138.1421,-18.5213],[138.4058,-18.2398],[138.4058,-17.9996],[138.4013,-17.9874],[138.3793,-17.9274],[138.3179,-17.7591],[138.186,-17.6021],[138.0769,-17.5657],[138.0537,-17.5734],[137.8564,-17.6388],[137.7356,-17.5183],[137.5598,-17.5131],[137.3566,-17.4817],[137.1368,-17.4188],[136.9446,-17.3034],[136.8457,-17.2911],[136.8182,-17.2877],[136.7446,-17.2634],[136.7249,-17.6126],[136.7139,-17.8951],[136.7306,-18.0698]]]},"properties":{"NAME":"Waanyi","SUBJECTO":"Waanyi","PARTOF":"Waanyi","BORDERPRECISION":3,"LINK":null}},
{"type":"Feature","geometry":{"type":"Polygon","coordinates":[[[142.0705,-28.3808],[141.7676,-28.5556],[141.6028,-28.6231],[141.3501,-28.7099],[141.1523,-28.8158],[140.9743,-28.8664],[140.9706,-28.8674],[140.9875,-28.9168],[141.0315,-29.0466],[141.026,-29.2576],[140.9491,-29.4683],[140.8173,-29.6069],[140.4602,-29.7787],[140.3009,-29.8311],[140.246,-29.8645],[140.191,-30.0548],[140.1727,-30.0911],[140.2368,-30.065],[140.2734,-30.0501],[140.8447,-29.8597],[141.6577,-29.6499],[142.0457,-29.6499],[142.0642,-29.6499],[142.0642,-29.6308],[142.1382,-29.6308],[142.1356,-29.5161],[142.1301,-29.2624],[142.1082,-29.0658],[142.1027,-28.6858],[142.1183,-28.4203],[142.0877,-28.402],[142.0862,-28.4011],[142.0705,-28.3808]]]},"properties":{"NAME":"Wadigali","SUBJECTO":"Wadigali","PARTOF":"Wadigali","BORDERPRECISION":3,"LINK":null}},
{"type":"Feature","geometry":{"type":"Polygon","coordinates":[[[151.5743,-33.2151],[151.5956,-33.1916],[151.5177,-33.1807],[151.4267,-33.1616],[151.4266,-33.1616],[151.4064,-33.2055],[151.3806,-33.2617],[151.2433,-33.3948],[151.2008,-33.3852],[151.1938,-33.4085],[151.1115,-33.546],[151.0675,-33.6649],[151.0245,-33.7366],[151.0219,-33.7408],[151.0263,-33.7426],[151.1032,-33.7654],[151.1911,-33.7837],[151.3102,-33.7738],[151.312,-33.7654],[151.3645,-33.5209],[151.5629,-33.2318],[151.5743,-33.2151]]]},"properties":{"NAME":"Guringai","SUBJECTO":"Guringai","PARTOF":"Guringai","BORDERPRECISION":3,"LINK":null}},
{"type":"Feature","geometry":{"type":"Polygon","coordinates":[[[115.8034,-23.8665],[115.8097,-23.8422],[115.7684,-23.8356],[115.7908,-23.7803],[115.8016,-23.7536],[115.719,-23.72],[115.4388,-23.6697],[115.274,-23.569],[115.0543,-23.4229],[114.9225,-23.3977],[114.7852,-23.3523],[114.7402,-23.3379],[114.7059,-23.3269],[114.6753,-23.317],[114.6368,-23.3725],[114.6478,-23.5438],[114.5215,-23.8758],[114.5215,-23.9159],[114.5215,-23.9768],[114.6313,-23.9963],[114.8676,-24.1066],[115.0983,-24.3371],[115.2576,-24.4871],[115.3235,-24.632],[115.3125,-24.8067],[115.2154,-24.9607],[115.2631,-24.9661],[115.3739,-24.9944],[115.3773,-24.9953],[115.4224,-24.8864],[115.4828,-24.6969],[115.5212,-24.6221],[115.5762,-24.4421],[115.6366,-24.2169],[115.708,-24.1367],[115.7684,-24.0013],[115.8034,-23.8665]]]},"properties":{"NAME":"Tharrgari","SUBJECTO":"Tharrgari","PARTOF":"Tharrgari","BORDERPRECISION":3,"LINK":null}},
{"type":"Feature","geometry":{"type":"Polygon","coordinates":[[[144.7601,-17.433],[144.7778,-17.445],[144.8053,-17.5498],[144.9097,-17.5498],[145.1733,-17.5288],[145.202,-17.5671],[145.2161,-17.5608],[145.22,-17.5472],[145.2557,-17.5026],[145.2887,-17.4266],[145.2903,-17.4216],[145.2821,-17.3621],[144.8328,-17.4135],[144.7601,-17.433]]]},"properties":{"NAME":"Mbabaram","SUBJECTO":"Mbabaram","PARTOF":"Mbabaram","BORDERPRECISION":3,"LINK":null}},
{"type":"Feature","geometry":{"type":"Polygon","coordinates":[[[125.702,-15.7826],[125.7275,-15.7711],[125.7454,-15.732],[125.6122,-15.586],[125.4144,-15.4643],[125.4639,-15.3319],[125.3595,-15.2153],[125.2222,-15.2153],[125.0956,-15.2593],[125.0844,-15.3084],[125.0585,-15.4213],[125.1091,-15.6247],[125.018,-15.6439],[124.6886,-15.4666],[124.6143,-15.4986],[124.4245,-15.6579],[124.3637,-15.8869],[124.3952,-16.0203],[124.3378,-16.262],[124.5314,-16.3252],[124.5596,-16.3435],[124.7552,-16.3307],[124.7917,-16.3438],[124.7827,-16.2358],[124.8157,-15.9402],[125.0024,-15.7923],[125.2222,-15.8134],[125.5627,-15.8451],[125.702,-15.7826]]]},"properties":{"NAME":"Worora","SUBJECTO":"Worora","PARTOF":"Worora","BORDERPRECISION":3,"LINK":null}},
{"type":"Feature","geometry":{"type":"Polygon","coordinates":[[[150.614,-24.7887],[150.6006,-24.9263],[150.6116,-25.1204],[150.6885,-25.4036],[150.7104,-25.6019],[150.7499,-25.6482],[150.8294,-25.6428],[150.8478,-25.6415],[150.873,-25.6608],[150.8807,-25.6514],[150.9467,-25.5424],[151.0675,-25.3986],[151.2268,-25.2397],[151.3477,-25.0955],[151.5619,-25.0209],[151.567,-25.0211],[151.6003,-25.006],[151.6272,-25.023],[151.7157,-25.0259],[151.7816,-25.1204],[151.7888,-25.15],[151.7947,-25.1512],[151.864,-25.1652],[152.1497,-25.1353],[152.3804,-25.0557],[152.3992,-25.0462],[152.3973,-24.971],[152.3967,-24.9509],[152.318,-24.8176],[152.0727,-24.7418],[151.9692,-24.5512],[151.8595,-24.2907],[151.7301,-24.1575],[151.4582,-24.0881],[151.214,-23.9502],[151.2002,-23.9424],[151.174,-23.9199],[150.9412,-24.0465],[150.7475,-24.1429],[150.7545,-24.1621],[150.7764,-24.2219],[150.8368,-24.3321],[150.8368,-24.4772],[150.8203,-24.637],[150.7104,-24.7668],[150.6458,-24.7815],[150.614,-24.7887]]]},"properties":{"NAME":"Gureng Gureng","SUBJECTO":"Gureng Gureng","PARTOF":"Gureng Gureng","BORDERPRECISION":3,"LINK":null}},
{"type":"Feature","geometry":{"type":"Polygon","coordinates":[[[137.9553,-21.7391],[137.9663,-21.7391],[138.3618,-21.5144],[138.6475,-21.4326],[138.9331,-21.2689],[139.0869,-21.0025],[139.082,-20.9587],[139.077,-20.9148],[139.043,-20.6122],[138.9111,-20.3652],[138.9052,-20.3652],[138.9331,-20.4373],[138.8295,-20.4474],[138.4058,-20.4888],[138.0212,-20.6328],[137.7576,-20.8383],[137.2412,-20.9512],[136.7491,-20.8644],[136.7358,-20.8793],[136.7173,-20.8923],[136.8896,-21.064],[136.9775,-21.4122],[137.0135,-21.6464],[137.2961,-21.637],[137.6917,-21.637],[137.9374,-21.7264],[137.9443,-21.7289],[137.9553,-21.7391]]]},"properties":{"NAME":"Bularnu","SUBJECTO":"Bularnu","PARTOF":"Bularnu","BORDERPRECISION":3,"LINK":null}},
{"type":"Feature","geometry":{"type":"Polygon","coordinates":[[[125.4965,-18.4104],[125.5627,-18.3493],[125.6561,-18.2398],[125.7282,-18.1414],[125.744,-18.1197],[125.6846,-18.0898],[125.6506,-18.0728],[125.5792,-17.984],[125.4803,-17.9056],[125.3979,-17.7696],[125.3485,-17.6702],[125.3372,-17.6495],[125.3346,-17.6448],[125.2771,-17.5393],[125.2057,-17.445],[125.0464,-17.3978],[124.8871,-17.4031],[124.7003,-17.4188],[124.552,-17.4188],[124.4899,-17.4124],[124.4586,-17.4092],[124.3982,-17.4031],[123.8599,-17.3192],[123.6731,-17.2353],[123.6347,-17.2101],[123.5687,-17.167],[123.5577,-17.209],[123.5342,-17.3887],[123.5193,-17.5026],[123.4259,-17.6911],[123.1677,-17.8585],[123.0639,-18.0264],[123.0579,-18.0362],[123.051,-18.0649],[123.0029,-18.2659],[122.8931,-18.4536],[122.908,-18.4625],[122.9139,-18.4661],[122.9172,-18.4628],[122.9315,-18.4483],[122.9682,-18.4465],[123.1403,-18.4379],[123.2159,-18.4401],[123.2336,-18.4275],[123.2605,-18.4414],[123.3215,-18.4431],[123.4644,-18.5109],[123.6511,-18.6775],[123.8763,-18.8023],[124.0137,-18.6983],[124.0521,-18.5161],[124.1455,-18.3441],[124.3542,-18.2085],[124.3615,-18.211],[124.3652,-18.2085],[124.3751,-18.2158],[124.4586,-18.245],[124.5905,-18.3493],[124.6454,-18.4327],[124.7003,-18.5577],[124.8146,-18.5802],[124.8816,-18.4796],[124.9091,-18.4744],[125.0354,-18.49],[125.3101,-18.4848],[125.4529,-18.4171],[125.4853,-18.4207],[125.4965,-18.4104]]]},"properties":{"NAME":"Nyikina","SUBJECTO":"Nyikina","PARTOF":"Nyikina","BORDERPRECISION":3,"LINK":null}},
{"type":"Feature","geometry":{"type":"Polygon","coordinates":[[[143.3222,-37.0855],[143.2892,-37.1034],[143.02,-37.0639],[142.9732,-37.0626],[142.9541,-37.0639],[142.7344,-37.0639],[142.6318,-37.0552],[142.5723,-37.0552],[142.5686,-37.0572],[142.5256,-37.1428],[142.5256,-37.3003],[142.5256,-37.4487],[142.5256,-37.562],[142.4268,-37.6229],[142.2675,-37.6142],[142.1851,-37.5707],[142.0587,-37.5707],[141.9708,-37.6403],[141.9374,-37.7087],[141.9406,-37.7099],[142.0313,-37.7251],[142.1191,-37.7642],[142.2784,-37.8098],[142.4075,-37.8749],[142.5641,-37.9204],[142.6738,-37.9677],[142.7097,-37.9832],[142.7097,-38.0008],[142.7618,-37.9918],[142.8552,-37.8011],[142.9801,-37.7147],[142.9752,-37.6903],[142.9651,-37.6403],[142.8882,-37.4967],[142.9926,-37.4094],[143.0859,-37.3134],[143.2507,-37.2128],[143.3074,-37.2128],[143.3062,-37.1917],[143.3022,-37.1708],[143.3079,-37.1561],[143.3155,-37.1437],[143.3364,-37.1374],[143.3475,-37.129],[143.3222,-37.0855]]]},"properties":{"NAME":"Djabwurung","SUBJECTO":"Djabwurung","PARTOF":"Djabwurung","BORDERPRECISION":3,"LINK":null}},
{"type":"Feature","geometry":{"type":"Polygon","coordinates":[[[123.9862,-16.8151],[123.9881,-16.8135],[123.9883,-16.8105],[123.9642,-16.7414],[123.9697,-16.6415],[123.9148,-16.5678],[123.772,-16.5098],[123.6841,-16.4677],[123.5664,-16.4153],[123.5562,-16.4417],[123.5529,-16.696],[123.6317,-16.8039],[123.8203,-16.8839],[123.8599,-16.8571],[123.9587,-16.8151],[123.9862,-16.8151]]]},"properties":{"NAME":"Unggarangi","SUBJECTO":"Unggarangi","PARTOF":"Unggarangi","BORDERPRECISION":3,"LINK":null}},
{"type":"Feature","geometry":{"type":"Polygon","coordinates":[[[122.8909,-17.0365],[122.8381,-17.0988],[122.8052,-17.2615],[122.8031,-17.3166],[122.8011,-17.3691],[122.7997,-17.4083],[122.8107,-17.6178],[122.8165,-17.6657],[122.8226,-17.7159],[122.8381,-17.8428],[122.9205,-18.0049],[123.051,-18.0649],[123.0579,-18.0362],[123.0639,-18.0264],[123.1677,-17.8585],[123.4259,-17.6911],[123.5193,-17.5026],[123.5342,-17.3887],[123.5303,-17.3769],[123.4983,-17.3186],[123.4982,-17.3191],[123.4187,-17.5799],[123.3012,-17.4657],[123.0789,-16.979],[123.0611,-16.9401],[123.0469,-16.9465],[122.9315,-16.9885],[122.8912,-17.0361],[122.8909,-17.0365]]]},"properties":{"NAME":"Nimanburu","SUBJECTO":"Nimanburu","PARTOF":"Nimanburu","BORDERPRECISION":3,"LINK":null}},
{"type":"Feature","geometry":{"type":"Polygon","coordinates":[[[136.6378,-16.0913],[136.6095,-16.088],[136.6063,-16.102],[136.5491,-16.3518],[136.5491,-16.5046],[136.5436,-16.7835],[136.5601,-16.9675],[136.5601,-17.0593],[136.5601,-17.1355],[136.5827,-17.1561],[136.6754,-17.2405],[136.7446,-17.2634],[136.8182,-17.2877],[136.8457,-17.2911],[136.9446,-17.3034],[137.1368,-17.4188],[137.3566,-17.4817],[137.5598,-17.5131],[137.7356,-17.5183],[137.8564,-17.6388],[138.0537,-17.5734],[138.0769,-17.5657],[138.1091,-17.555],[138.175,-17.4031],[138.2245,-17.23],[138.2904,-16.9254],[138.312,-16.8781],[138.3183,-16.8644],[138.281,-16.8503],[138.2603,-16.8425],[138.2364,-16.8236],[138.1366,-16.8045],[137.8235,-16.6151],[137.6862,-16.415],[137.3291,-16.3043],[137.0599,-16.1725],[136.8842,-16.1197],[136.6378,-16.0913]]]},"properties":{"NAME":"Garawa","SUBJECTO":"Garawa","PARTOF":"Garawa","BORDERPRECISION":3,"LINK":null}},
{"type":"Feature","geometry":{"type":"Polygon","coordinates":[[[142.3673,-31.3889],[142.3842,-31.4099],[142.3843,-31.41],[142.385,-31.4099],[142.6135,-31.3724],[142.9431,-31.3536],[143.2288,-31.3536],[143.41,-31.3818],[143.4143,-31.3818],[143.2727,-31.2222],[143.2642,-30.8667],[142.7783,-30.9211],[142.4927,-30.9964],[142.3389,-31.2128],[142.3389,-31.3161],[142.3673,-31.3889]]]},"properties":{"NAME":"Wandjiwalgu","SUBJECTO":"Wandjiwalgu","PARTOF":"Wandjiwalgu","BORDERPRECISION":3,"LINK":null}},
{"type":"Feature","geometry":{"type":"Polygon","coordinates":[[[138.9034,-20.3608],[139.0649,-20.3961],[139.5483,-20.2416],[139.8999,-20.2313],[139.979,-20.1966],[140.0622,-20.1602],[140.0647,-20.1591],[140.064,-20.1583],[140.0222,-20.1135],[140.0096,-20.0999],[139.9895,-20.0783],[139.7571,-19.8287],[139.4604,-19.4148],[139.2079,-19.1599],[139.1677,-19.1194],[139.1418,-19.0933],[138.5706,-18.7815],[138.1641,-18.5525],[138.1031,-18.5333],[138.057,-18.5187],[137.8015,-18.4379],[137.8008,-18.4405],[137.9114,-18.5004],[137.9082,-18.5141],[137.8455,-18.7815],[137.7026,-19.1036],[137.6257,-19.3111],[137.5378,-19.6115],[137.7576,-19.6943],[138.1652,-19.8457],[138.1778,-19.8495],[138.5376,-19.8701],[138.8013,-20.0972],[138.8832,-20.3086],[138.9034,-20.3608]]]},"properties":{"NAME":"Wakabunga","SUBJECTO":"Wakabunga","PARTOF":"Wakabunga","BORDERPRECISION":3,"LINK":null}},
{"type":"Feature","geometry":{"type":"Polygon","coordinates":[[[130.6714,-27.4595],[130.64,-27.4847],[130.5843,-27.5294],[130.4407,-27.6446],[130.2209,-27.8488],[129.8474,-28.256],[129.8451,-28.2962],[129.8408,-28.3701],[129.8254,-28.6327],[129.9023,-29.133],[129.9902,-29.4683],[130.2979,-29.7453],[130.5139,-29.8646],[130.561,-29.8905],[130.6604,-29.9454],[131.0229,-30.1166],[131.3529,-30.2217],[131.3732,-30.2282],[131.4404,-30.2496],[131.8469,-30.3729],[133.2312,-30.496],[134.3188,-30.8834],[134.9451,-31.0812],[135.8679,-31.5973],[136.0134,-31.7788],[136.0327,-31.8029],[136.0492,-31.8109],[136.1865,-31.8776],[136.7798,-31.7562],[137.0764,-31.6253],[137.4719,-31.3067],[137.5953,-31.2104],[137.6003,-31.2064],[137.7246,-31.1094],[137.7356,-30.8645],[137.6477,-30.6379],[137.4719,-30.3729],[137.2412,-30.2211],[136.9775,-30.0406],[136.7908,-29.8788],[136.7286,-29.7964],[136.7102,-29.7719],[136.582,-29.6021],[136.4172,-29.5161],[136.1426,-29.5257],[135.9229,-29.6021],[135.3845,-29.5926],[135.1099,-29.4492],[134.8572,-29.1713],[134.7144,-29.0177],[134.5775,-28.956],[134.5319,-28.9355],[134.3518,-28.8543],[134.1101,-28.6906],[133.6267,-28.5459],[133.5608,-28.4301],[133.4639,-28.3922],[133.2642,-28.3141],[133.2487,-28.3154],[132.9236,-28.3431],[132.605,-28.4011],[132.1244,-28.4011],[132.1191,-28.4001],[131.7151,-28.2463],[131.2756,-28.0429],[130.979,-27.7711],[130.7813,-27.5375],[130.7043,-27.4829],[130.686,-27.4699],[130.6714,-27.4595]]]},"properties":{"NAME":"Kokatha","SUBJECTO":"Kokatha","PARTOF":"Kokatha","BORDERPRECISION":3,"LINK":null}},
{"type":"Feature","geometry":{"type":"Polygon","coordinates":[[[142.04,-12.8994],[142.0148,-12.8707],[141.8939,-12.8707],[141.8331,-12.8494],[141.7641,-12.8822],[141.6998,-12.9128],[141.5988,-13.0465],[141.5882,-13.1495],[141.589,-13.1517],[141.622,-13.2613],[141.622,-13.3495],[141.622,-13.3501],[141.6522,-13.3442],[141.6632,-13.3923],[141.655,-13.419],[141.655,-13.4804],[141.6879,-13.5152],[141.7621,-13.5152],[141.8884,-13.4911],[141.9324,-13.3576],[141.9721,-13.2244],[141.9755,-13.1971],[141.9818,-13.1464],[141.9855,-13.0923],[141.9873,-13.0661],[141.9901,-13.0574],[142.0203,-12.9617],[142.0477,-12.9082],[142.0419,-12.9015],[142.04,-12.8994]]]},"properties":{"NAME":"Winda Winda","SUBJECTO":"Winda Winda","PARTOF":"Winda Winda","BORDERPRECISION":3,"LINK":null}},
{"type":"Feature","geometry":{"type":"Polygon","coordinates":[[[143.7231,-27.8928],[143.7393,-27.9022],[143.7561,-27.9119],[143.9264,-27.9604],[144.151,-27.9807],[144.1756,-27.9829],[144.1956,-27.9847],[144.5197,-28.0332],[144.7668,-28.0623],[144.8621,-28.078],[144.8997,-28.0843],[144.9426,-28.0914],[145.1459,-28.0817],[145.2667,-27.9604],[145.3381,-27.6446],[145.281,-27.4896],[145.2448,-27.3913],[145.1953,-27.02],[145.1349,-26.8045],[145.1087,-26.4816],[144.9097,-26.5394],[144.3713,-26.6475],[143.9758,-26.6573],[143.6353,-26.6671],[143.5631,-26.6535],[143.5364,-26.6965],[143.5364,-26.8535],[143.5254,-27.2253],[143.5583,-27.479],[143.6243,-27.6543],[143.6572,-27.7711],[143.7341,-27.8876],[143.7231,-27.8928]]]},"properties":{"NAME":"Margany","SUBJECTO":"Margany","PARTOF":"Margany","BORDERPRECISION":3,"LINK":null}},
{"type":"Feature","geometry":{"type":"Polygon","coordinates":[[[134.0222,-12.0563],[133.7615,-11.9972],[133.7585,-12.0071],[133.808,-12.0877],[133.8794,-12.1575],[134.0057,-12.2541],[133.9997,-12.2658],[134.0035,-12.2678],[134.0193,-12.2659],[134.0392,-12.2635],[134.0439,-12.0612],[134.0222,-12.0563]]]},"properties":{"NAME":"Gunbalang","SUBJECTO":"Gunbalang","PARTOF":"Gunbalang","BORDERPRECISION":3,"LINK":null}},
{"type":"Feature","geometry":{"type":"Polygon","coordinates":[[[116.3124,-29.254],[116.3282,-29.2486],[116.3095,-29.2145],[116.8402,-29.0069],[116.9165,-28.9649],[117.1821,-28.844],[117.5317,-28.5749],[117.8892,-28.3532],[118.2239,-28.3044],[118.3716,-28.3843],[118.4161,-28.3721],[118.532,-28.3041],[118.6469,-28.1447],[118.7283,-28.1003],[118.6523,-28.0332],[118.537,-27.8439],[118.3282,-27.7127],[118.0975,-27.3913],[118.0206,-27.2058],[118.029,-27.1871],[118.0125,-27.1822],[117.9767,-27.2058],[117.746,-27.2497],[117.5702,-27.4644],[117.2021,-27.7224],[116.7572,-27.9507],[116.2354,-28.2995],[115.8819,-28.5743],[115.8563,-28.5942],[115.8179,-28.5692],[115.8179,-28.6086],[115.8728,-28.705],[115.9772,-28.8639],[116.0761,-29.0226],[116.2738,-29.2672],[116.3124,-29.254]]]},"properties":{"NAME":"Badimaya","SUBJECTO":"Badimaya","PARTOF":"Badimaya","BORDERPRECISION":3,"LINK":null}},
{"type":"Feature","geometry":{"type":"Polygon","coordinates":[[[130.2739,-13.3632],[130.234,-13.4343],[130.2181,-13.4625],[130.2237,-13.4617],[130.2814,-13.435],[130.2928,-13.4263],[130.3054,-13.4167],[130.3198,-13.4056],[130.3555,-13.3896],[130.3644,-13.3884],[130.3854,-13.3854],[130.3959,-13.3839],[130.4681,-13.3736],[130.6055,-13.3736],[130.7263,-13.395],[130.8142,-13.411],[130.957,-13.4431],[131.1658,-13.4537],[131.3967,-13.4997],[131.4047,-13.4804],[131.4679,-13.4217],[131.5167,-13.4066],[131.5283,-13.3201],[131.5556,-13.2772],[131.5228,-13.2292],[131.3251,-13.1437],[131.1658,-13.0367],[130.9845,-12.9831],[130.9783,-12.9815],[130.8032,-12.935],[130.4846,-12.8921],[130.403,-12.8609],[130.3861,-12.8892],[130.2329,-13.1472],[130.2319,-13.2807],[130.2739,-13.3632]]]},"properties":{"NAME":"Kungarakany","SUBJECTO":"Kungarakany","PARTOF":"Kungarakany","BORDERPRECISION":3,"LINK":null}},
{"type":"Feature","geometry":{"type":"Polygon","coordinates":[[[133.4695,-14.309],[133.5553,-14.3921],[133.7311,-14.5145],[133.9178,-14.6367],[134.0277,-14.7164],[134.0669,-14.7411],[134.1431,-14.7218],[134.1464,-14.7234],[134.2969,-14.7961],[134.4946,-14.9342],[134.7253,-15.1146],[134.8966,-15.1618],[134.9082,-15.165],[134.967,-15.0562],[134.9945,-14.9342],[134.9286,-14.7324],[134.8439,-14.6468],[134.8077,-14.6102],[134.621,-14.5038],[134.3903,-14.3336],[134.2145,-14.1952],[133.9618,-14.046],[133.8025,-13.9287],[133.6368,-13.6848],[133.6377,-13.71],[133.5883,-13.9501],[133.5773,-14.1099],[133.4836,-14.283],[133.4695,-14.309]]]},"properties":{"NAME":"Ngalakan","SUBJECTO":"Ngalakan","PARTOF":"Ngalakan","BORDERPRECISION":3,"LINK":null}},
{"type":"Feature","geometry":{"type":"Polygon","coordinates":[[[124.2224,-31.0341],[124.3285,-32.0202],[124.4312,-32.9441],[124.7499,-32.8966],[125.0186,-32.7269],[125.3585,-32.6001],[125.4947,-32.5607],[125.7184,-32.4116],[126.0127,-32.2712],[126.2192,-32.2291],[126.4125,-32.2844],[126.7108,-32.3034],[127.3137,-32.2673],[127.6723,-32.1411],[127.9974,-32.0792],[128.4181,-31.9397],[128.9026,-31.7095],[129.5578,-31.6116],[130.1098,-31.5748],[130.3706,-31.5883],[130.6039,-31.5863],[130.7822,-31.6168],[131.0236,-31.5463],[131.0816,-31.4903],[131.1112,-31.4618],[131.1877,-31.4662],[131.3362,-30.9865],[131.2427,-30.8079],[131.026,-30.7679],[128.6871,-30.3358],[127.1299,-30.3681],[126.3585,-30.3841],[125.1894,-30.6467],[124.4196,-30.9551],[124.2224,-31.0341]]]},"properties":{"NAME":"Mirning","SUBJECTO":"Mirning","PARTOF":"Mirning","BORDERPRECISION":3,"LINK":null}},
{"type":"Feature","geometry":{"type":"Polygon","coordinates":[[[152.5367,-32.2079],[152.5799,-32.1441],[152.5177,-32.1617],[152.1991,-32.1384],[152.0288,-32.157],[151.9135,-32.1431],[151.788,-32.0491],[151.7102,-32.2221],[151.6882,-32.3243],[151.6113,-32.519],[151.6017,-32.5161],[151.6058,-32.5237],[151.5948,-32.7457],[151.5912,-32.7521],[151.5787,-32.7738],[151.6882,-32.8011],[151.8256,-32.8473],[151.9258,-32.8448],[152.0123,-32.8427],[152.1661,-32.8057],[152.254,-32.7411],[152.3078,-32.6959],[152.4451,-32.5071],[152.5367,-32.2079]]]},"properties":{"NAME":"Worimi","SUBJECTO":"Worimi","PARTOF":"Worimi","BORDERPRECISION":3,"LINK":null}},
{"type":"Feature","geometry":{"type":"Polygon","coordinates":[[[143.5083,-16.6093],[143.5254,-16.5941],[143.7012,-16.4888],[143.8839,-16.4888],[143.8934,-16.3096],[143.866,-16.2463],[143.8704,-16.1441],[143.7122,-16.1514],[143.5803,-16.088],[143.5803,-16.0106],[143.5583,-16.0036],[143.2178,-16.0036],[142.8333,-16.1619],[142.7344,-16.299],[142.9541,-16.3834],[143.3057,-16.5098],[143.4924,-16.5941],[143.5083,-16.6093]]]},"properties":{"NAME":"Kokomini","SUBJECTO":"Kokomini","PARTOF":"Kokomini","BORDERPRECISION":3,"LINK":null}},
{"type":"Feature","geometry":{"type":"Polygon","coordinates":[[[136.7286,-29.7964],[136.9226,-29.7358],[137.1897,-29.656],[137.2742,-29.6308],[137.2658,-29.5656],[137.2522,-29.4587],[137.1533,-29.1618],[137.0544,-28.8735],[136.9006,-28.517],[136.8896,-28.3141],[136.9006,-28.0138],[136.9006,-27.8375],[136.8896,-27.8391],[136.8161,-27.7334],[136.8018,-27.7127],[136.7249,-27.5375],[136.582,-27.401],[136.2524,-27.2937],[136.1388,-27.2398],[135.8789,-27.3718],[135.3735,-27.3523],[135.2789,-27.2501],[135.2116,-27.1773],[135.011,-27.44],[134.9231,-27.8876],[134.7693,-28.4011],[134.6265,-28.8158],[134.5319,-28.9355],[134.5775,-28.956],[134.7144,-29.0177],[134.8572,-29.1713],[135.1099,-29.4492],[135.3845,-29.5926],[135.9229,-29.6021],[136.1426,-29.5257],[136.4172,-29.5161],[136.582,-29.6021],[136.7102,-29.7719],[136.7286,-29.7964]]]},"properties":{"NAME":"Arabana","SUBJECTO":"Arabana","PARTOF":"Arabana","BORDERPRECISION":3,"LINK":null}},
{"type":"Feature","geometry":{"type":"Polygon","coordinates":[[[135.6305,-14.5317],[135.6545,-14.511],[135.6921,-14.4639],[135.7388,-14.4188],[135.8806,-14.203],[135.9645,-13.8913],[135.8288,-13.7327],[135.8289,-13.7286],[135.7059,-13.7047],[135.423,-13.6059],[135.3438,-13.5591],[135.2966,-13.6246],[135.2692,-13.654],[135.3241,-13.694],[135.4285,-13.8381],[135.4944,-14.0247],[135.5933,-14.1792],[135.5878,-14.3549],[135.5203,-14.4464],[135.5548,-14.456],[135.6317,-14.4985],[135.6305,-14.5317]]]},"properties":{"NAME":"Nunggubuyu","SUBJECTO":"Nunggubuyu","PARTOF":"Nunggubuyu","BORDERPRECISION":3,"LINK":null}},
{"type":"Feature","geometry":{"type":"Polygon","coordinates":[[[130.4462,-15.6918],[130.6219,-15.6971],[130.9241,-15.6548],[131.1548,-15.6548],[131.3864,-15.6592],[131.3361,-15.549],[131.2701,-15.4378],[131.1108,-15.3795],[131.0734,-15.3254],[130.9845,-15.4219],[130.8032,-15.4378],[130.5505,-15.4854],[130.3918,-15.4924],[130.4187,-15.5278],[130.4462,-15.6601],[130.4462,-15.6918]]]},"properties":{"NAME":"Nungali","SUBJECTO":"Nungali","PARTOF":"Nungali","BORDERPRECISION":3,"LINK":null}},
{"type":"Feature","geometry":{"type":"Polygon","coordinates":[[[147.7127,-22.4821],[147.6123,-22.4821],[147.4585,-22.4821],[147.2598,-22.5111],[147.2772,-22.5278],[147.2168,-22.7053],[147.1619,-22.9887],[147.1564,-23.3019],[147.1589,-23.3271],[147.1684,-23.3325],[147.3706,-23.2565],[147.6727,-23.1757],[147.832,-23.0595],[147.9977,-22.87],[147.8979,-22.7458],[147.8994,-22.7287],[147.8705,-22.7458],[147.7771,-22.6495],[147.7277,-22.543],[147.7127,-22.4821]]]},"properties":{"NAME":"Wangan","SUBJECTO":"Wangan","PARTOF":"Wangan","BORDERPRECISION":3,"LINK":null}},
{"type":"Feature","geometry":{"type":"Polygon","coordinates":[[[148.3605,-26.5164],[148.3652,-26.5262],[148.3815,-26.5796],[148.3836,-26.6164],[148.4042,-26.6865],[148.4246,-26.7596],[148.4507,-26.8997],[148.4806,-26.9729],[148.5105,-26.9929],[148.518,-27.0894],[148.5516,-27.2058],[148.57,-27.3134],[148.6091,-27.3916],[148.6052,-27.4315],[148.5661,-27.461],[148.5493,-27.4727],[148.5489,-27.4782],[148.5144,-27.5016],[148.4716,-27.522],[148.4313,-27.5446],[148.4269,-27.5475],[148.4168,-27.5925],[148.4373,-27.6093],[148.4448,-27.6148],[148.4543,-27.6188],[148.4699,-27.6318],[148.4744,-27.6343],[148.4744,-27.6401],[148.4791,-27.647],[148.4874,-27.6669],[148.4848,-27.6708],[148.4843,-27.6731],[148.4885,-27.6886],[148.489,-27.6951],[148.4901,-27.6989],[148.4769,-27.743],[148.4974,-27.7819],[148.5405,-27.8098],[148.5442,-27.809],[148.548,-27.8037],[148.5547,-27.7989],[148.5665,-27.7981],[148.5754,-27.7989],[148.579,-27.8025],[148.5825,-27.8099],[148.5882,-27.8109],[148.6006,-27.8088],[148.608,-27.8036],[148.6125,-27.7973],[148.6172,-27.7907],[148.6217,-27.7886],[148.6273,-27.791],[148.6297,-27.7965],[148.6291,-27.8036],[148.6261,-27.8067],[148.6202,-27.8172],[148.6163,-27.8235],[148.6137,-27.8324],[148.6169,-27.8366],[148.6246,-27.8308],[148.6326,-27.8308],[148.6424,-27.8322],[148.6522,-27.8332],[148.6608,-27.8327],[148.6691,-27.8301],[148.6693,-27.8286],[148.6676,-27.8244],[148.6667,-27.8176],[148.6641,-27.8146],[148.662,-27.8101],[148.6676,-27.8103],[148.6759,-27.8119],[148.6815,-27.8092],[148.6836,-27.7988],[148.6808,-27.7868],[148.6855,-27.7824],[148.6935,-27.7828],[148.6987,-27.7786],[148.7009,-27.7717],[148.7046,-27.7654],[148.7159,-27.759],[148.7218,-27.7486],[148.7286,-27.7454],[148.7383,-27.7419],[148.7445,-27.7413],[148.7499,-27.7434],[148.7518,-27.7419],[148.7504,-27.7371],[148.7457,-27.7332],[148.7391,-27.728],[148.7377,-27.7205],[148.7372,-27.7138],[148.7354,-27.7103],[148.7297,-27.6977],[148.7316,-27.6944],[148.7363,-27.6934],[148.7417,-27.6921],[148.7431,-27.6898],[148.7412,-27.6884],[148.7375,-27.6831],[148.7396,-27.6754],[148.7377,-27.6685],[148.7358,-27.6596],[148.7358,-27.6514],[148.7405,-27.6432],[148.7436,-27.6349],[148.7426,-27.6299],[148.7426,-27.6272],[148.7556,-27.6238],[148.7815,-27.6219],[148.8366,-27.623],[148.8767,-27.6485],[148.8917,-27.6829],[148.9017,-27.7461],[148.913,-27.8081],[148.923,-27.8779],[148.9681,-27.9044],[148.9896,-27.9317],[148.9893,-27.964],[148.9938,-27.9799],[149.0046,-27.9951],[149.038,-27.9927],[149.0696,-27.9696],[149.1112,-27.9648],[149.1699,-27.9727],[149.1988,-27.9807],[149.2476,-27.9712],[149.29,-27.9472],[149.3144,-27.9249],[149.3424,-27.8642],[149.3514,-27.8259],[149.3587,-27.8121],[149.4133,-27.7903],[149.4141,-27.7895],[149.3811,-27.7273],[149.3921,-27.4644],[149.4184,-27.3321],[149.2712,-27.3766],[149.2987,-27.1765],[149.3152,-26.8388],[149.4196,-26.4804],[149.4196,-26.3232],[149.4038,-26.3151],[149.3311,-26.296],[149.216,-26.3159],[149.0877,-26.2599],[148.988,-26.2441],[148.9124,-26.1828],[148.8292,-26.1212],[148.7179,-26.0753],[148.7053,-26.0676],[148.6089,-26.0092],[148.5471,-26.0092],[148.4819,-26.0154],[148.3995,-26.0246],[148.3446,-26.04],[148.3317,-26.0502],[148.332,-26.0692],[148.372,-26.082],[148.3804,-26.0934],[148.3985,-26.1177],[148.3897,-26.1733],[148.372,-26.3319],[148.3587,-26.5061],[148.3605,-26.5164]]]},"properties":{"NAME":"Mandandanji","SUBJECTO":"Mandandanji","PARTOF":"Mandandanji","BORDERPRECISION":3,"LINK":null}},
{"type":"Feature","geometry":{"type":"Polygon","coordinates":[[[140.9985,-36.3137],[140.8008,-36.3417],[140.5151,-36.3417],[140.2954,-36.3417],[140.1261,-36.3316],[140.1718,-36.5449],[140.2377,-36.8357],[140.3394,-36.8357],[140.4767,-36.8467],[140.592,-36.8511],[140.6772,-36.8554],[140.7177,-36.8937],[140.7898,-36.8576],[140.8997,-36.7829],[140.9879,-36.7491],[140.9985,-36.5185],[140.9985,-36.3137]]]},"properties":{"NAME":"Bindjali","SUBJECTO":"Bindjali","PARTOF":"Bindjali","BORDERPRECISION":3,"LINK":null}},
{"type":"Feature","geometry":{"type":"Polygon","coordinates":[[[139.9895,-20.0783],[140.0098,-19.8494],[140.0208,-19.4769],[140.0208,-19.031],[139.9329,-18.7919],[139.904,-18.4915],[139.8999,-18.4483],[140.0419,-18.4087],[139.9988,-18.2189],[139.812,-17.9892],[139.7125,-17.9631],[139.6691,-17.9517],[139.4934,-17.9056],[139.3594,-17.9226],[139.3305,-17.9262],[139.3286,-17.9265],[139.2737,-18.2398],[139.2627,-18.5629],[139.3286,-18.8231],[139.1677,-19.1194],[139.2079,-19.1599],[139.4604,-19.4148],[139.7571,-19.8287],[139.9895,-20.0783]]]},"properties":{"NAME":"Mayi-Kutuna","SUBJECTO":"Mayi-Kutuna","PARTOF":"Mayi-Kutuna","BORDERPRECISION":3,"LINK":null}},
{"type":"Feature","geometry":{"type":"Polygon","coordinates":[[[117.0937,-21.039],[117.0736,-21.0403],[117.0264,-21.0435],[117.0099,-21.1101],[116.9769,-21.1767],[116.911,-21.2843],[116.889,-21.3405],[116.8818,-21.3857],[116.8778,-21.4106],[116.944,-21.4224],[117.0978,-21.5297],[117.1417,-21.637],[117.2626,-21.734],[117.4823,-21.8156],[117.6746,-21.943],[117.8067,-22.0564],[117.8429,-22.0729],[117.8943,-22.0398],[118.0151,-22.0398],[118.2019,-22.0805],[118.5864,-22.223],[118.9105,-22.3298],[118.9235,-22.3358],[118.9298,-22.3303],[118.9105,-22.2789],[118.9215,-22.1874],[118.927,-22.1314],[118.9819,-22.0602],[119.0282,-22.0149],[119.0276,-22.0089],[118.96,-21.9838],[118.938,-21.8972],[118.894,-21.836],[118.8281,-21.7901],[118.7183,-21.7187],[118.6523,-21.7085],[118.6453,-21.6367],[118.6159,-21.6265],[118.3942,-21.5502],[118.114,-21.4326],[117.982,-21.3323],[117.9621,-21.3172],[117.9053,-21.274],[117.6746,-21.1921],[117.5647,-21.146],[117.4219,-21.0999],[117.1802,-21.0332],[117.0937,-21.039]]]},"properties":{"NAME":"Yindjibarndi","SUBJECTO":"Yindjibarndi","PARTOF":"Yindjibarndi","BORDERPRECISION":3,"LINK":null}},
{"type":"Feature","geometry":{"type":"Polygon","coordinates":[[[122.8873,-18.4619],[122.8821,-18.4483],[122.7502,-18.365],[122.5085,-18.2607],[122.2339,-18.1876],[122.2247,-18.1898],[122.2211,-18.1906],[122.1965,-18.2437],[121.7608,-18.5371],[121.5763,-18.7027],[121.5459,-18.7712],[121.5444,-18.7863],[121.8384,-18.8439],[122.4866,-18.9582],[122.7361,-19.0251],[122.7508,-19.015],[122.7393,-18.9998],[122.8107,-18.7555],[122.8436,-18.5369],[122.8959,-18.4843],[122.8873,-18.4619]]]},"properties":{"NAME":"Karajarri","SUBJECTO":"Karajarri","PARTOF":"Karajarri","BORDERPRECISION":3,"LINK":null}},
{"type":"Feature","geometry":{"type":"Polygon","coordinates":[[[150.2257,-22.4796],[150.1253,-22.4238],[150.1996,-22.5937],[150.1886,-22.7863],[149.9963,-22.8623],[149.7986,-22.8724],[149.5844,-22.8521],[149.3976,-22.685],[149.3427,-22.4618],[149.2986,-22.3721],[149.2877,-22.3501],[149.2822,-22.3504],[149.1119,-22.3602],[148.8757,-22.3602],[148.8739,-22.3624],[148.8487,-22.3923],[148.7988,-22.4516],[148.8702,-22.6089],[148.9252,-22.6799],[149.0295,-22.8066],[149.0295,-22.9483],[149.1888,-23.1808],[149.2082,-23.2071],[149.2752,-23.1784],[149.2932,-23.1707],[149.3372,-23.2817],[149.4415,-23.3927],[149.5624,-23.4632],[149.7052,-23.5489],[150.0842,-23.4985],[150.3233,-23.564],[150.3398,-23.5685],[150.5072,-23.6143],[150.5448,-23.669],[150.5681,-23.7029],[150.639,-23.6596],[150.7764,-23.569],[150.7999,-23.5582],[150.7966,-23.5043],[150.7544,-22.8115],[150.6936,-22.6781],[150.6109,-22.6211],[150.3556,-22.5517],[150.2257,-22.4796]]]},"properties":{"NAME":"Darumbal","SUBJECTO":"Darumbal","PARTOF":"Darumbal","BORDERPRECISION":3,"LINK":null}},
{"type":"Feature","geometry":{"type":"MultiPolygon","coordinates":[[[[144.6141,-37.9381],[144.6185,-37.9485],[144.6059,-38.028],[144.7309,-38.0772],[144.7803,-38.0598],[144.9698,-38.0658],[145.2521,-38.2312],[145.5043,-38.4415],[145.5371,-38.5117],[145.5359,-38.7225],[145.9339,-38.8815],[146.5259,-39.1806],[146.4319,-39.0594],[146.2992,-38.8935],[146.4277,-38.8996],[146.6345,-38.877],[146.6345,-38.8739],[146.6276,-38.7611],[146.4532,-38.7498],[146.3269,-38.7498],[146.217,-38.7284],[146.2445,-38.6255],[146.2939,-38.4407],[146.3069,-38.3838],[146.0522,-38.3589],[145.6787,-38.2123],[145.3931,-38.0308],[145.1514,-37.9442],[144.9866,-37.8575],[144.8877,-37.8749],[144.7339,-37.9182],[144.6141,-37.9381]]],[[[144.7476,-38.4558],[144.6119,-38.3711],[144.5911,-38.3804],[144.5855,-38.3811],[144.5691,-38.4106],[144.5771,-38.4986],[144.7476,-38.4558]]]]},"properties":{"NAME":"Boonwurrung","SUBJECTO":"Boonwurrung","PARTOF":"Boonwurrung","BORDERPRECISION":3,"LINK":null}},
{"type":"Feature","geometry":{"type":"Polygon","coordinates":[[[140.3721,-21.7758],[140.2954,-21.9227],[140.3036,-21.9532],[140.3064,-22.0449],[140.2933,-22.1599],[140.5481,-22.3704],[140.9283,-22.378],[140.9786,-22.3104],[140.9546,-22.2993],[140.9656,-22.1467],[140.9436,-21.9532],[140.949,-21.9382],[140.8557,-21.9634],[140.7898,-21.7697],[140.7657,-21.7193],[140.7294,-21.7391],[140.4218,-21.7646],[140.3721,-21.7758]]]},"properties":{"NAME":"Yanda","SUBJECTO":"Yanda","PARTOF":"Yanda","BORDERPRECISION":3,"LINK":null}},
{"type":"Feature","geometry":{"type":"Polygon","coordinates":[[[144.4871,-18.3312],[144.4815,-18.5023],[144.4812,-18.5109],[144.4922,-18.7815],[144.4922,-19.0413],[144.4263,-19.2593],[144.2725,-19.4666],[144.2189,-19.5474],[144.1626,-19.6322],[144.1621,-19.6479],[144.1516,-19.9527],[144.1187,-20.2416],[144.1187,-20.4167],[144.1033,-20.4503],[144.0857,-20.4888],[144.307,-20.4664],[144.8987,-20.4064],[145.2832,-20.4476],[145.5191,-20.5183],[145.5579,-20.5299],[145.5875,-20.516],[145.8435,-20.3961],[146.0742,-20.3549],[146.3379,-20.3446],[146.6016,-20.4476],[146.9238,-20.5482],[146.9301,-20.5502],[146.9312,-20.5505],[147.063,-20.6225],[147.137,-20.5681],[147.1608,-20.5505],[147.2168,-20.5094],[147.2498,-20.324],[147.2717,-20.0869],[147.223,-19.9114],[147.2089,-19.8604],[147.2058,-19.8494],[147.019,-19.8804],[146.8103,-19.8391],[146.8111,-19.8217],[146.8213,-19.6115],[146.8542,-19.4977],[146.8542,-19.4044],[146.7913,-19.387],[146.7093,-19.3642],[146.6743,-19.3545],[146.6675,-19.3526],[146.6008,-19.3358],[146.5676,-19.3275],[146.5027,-19.3111],[146.3489,-19.2385],[146.2061,-19.0933],[145.9644,-18.8855],[145.8545,-18.6775],[145.8282,-18.6459],[145.6897,-18.4796],[145.684,-18.4753],[145.5249,-18.3545],[145.4041,-18.1459],[145.3962,-18.1217],[145.3981,-18.1185],[145.3947,-18.117],[145.3601,-18.0101],[145.3381,-17.8533],[145.2832,-17.6754],[145.2109,-17.5789],[145.202,-17.5671],[145.1733,-17.5288],[144.9097,-17.5498],[144.8053,-17.5498],[144.7723,-17.5498],[144.646,-17.5498],[144.5691,-17.6964],[144.5691,-17.8951],[144.4922,-18.1772],[144.4871,-18.3312]]]},"properties":{"NAME":"Gugu-Badhun","SUBJECTO":"Gugu-Badhun","PARTOF":"Gugu-Badhun","BORDERPRECISION":3,"LINK":null}},
{"type":"Feature","geometry":{"type":"Polygon","coordinates":[[[120.5296,-32.9594],[120.3772,-33.0087],[120.2014,-33.0823],[120.1931,-33.0856],[120.0349,-33.148],[120.0146,-33.1559],[119.9484,-33.153],[119.6082,-33.1376],[119.1687,-33.1376],[118.4766,-33.1099],[118.4914,-33.1362],[118.5754,-33.2846],[118.6885,-33.5376],[118.7842,-33.7517],[119.0741,-33.9858],[119.5082,-34.3364],[119.5921,-34.2223],[119.7715,-34.1202],[120.0737,-34.1005],[120.2801,-34.1191],[120.7022,-34.0483],[121.4095,-33.9705],[121.7403,-33.9635],[121.8724,-34.0014],[122.1709,-34.1789],[122.351,-34.0958],[122.768,-34.0313],[123.014,-34.0372],[123.1858,-34.04],[123.4599,-33.9939],[123.623,-33.9151],[123.9222,-33.5214],[123.9547,-33.4787],[123.8269,-33.3764],[123.6511,-33.1376],[122.8282,-33.0553],[122.8275,-33.0552],[122.7995,-33.1645],[122.7548,-33.3913],[122.6219,-33.382],[122.4668,-33.382],[122.3006,-33.4004],[122.2011,-33.3738],[121.9904,-33.3263],[121.8414,-33.283],[121.7471,-33.2358],[121.7024,-33.2151],[121.5584,-33.1594],[121.4048,-33.1152],[121.2608,-33.1151],[121.1278,-33.1243],[120.9739,-33.125],[120.8077,-33.1426],[120.7134,-33.1715],[120.5816,-33.052],[120.5377,-32.9692],[120.5296,-32.9594]]]},"properties":{"NAME":"Wudjari","SUBJECTO":"Wudjari","PARTOF":"Wudjari","BORDERPRECISION":3,"LINK":null}},
{"type":"Feature","geometry":{"type":"Polygon","coordinates":[[[130.2909,-17.1222],[130.282,-17.1788],[130.2869,-17.1828],[130.2869,-17.2877],[130.4846,-17.3192],[130.7263,-17.3821],[130.9351,-17.3716],[130.9399,-17.3945],[130.968,-17.3926],[131.1768,-17.0883],[131.3196,-16.8571],[131.3855,-16.773],[131.391,-16.6998],[131.3635,-16.7151],[131.347,-16.6151],[131.2646,-16.552],[131.0779,-16.4677],[130.9597,-16.4223],[130.957,-16.4414],[130.9131,-16.4888],[130.6824,-16.6941],[130.5011,-16.9149],[130.3308,-17.0935],[130.2909,-17.1222]]]},"properties":{"NAME":"Bilinara","SUBJECTO":"Bilinara","PARTOF":"Bilinara","BORDERPRECISION":3,"LINK":null}},
{"type":"Feature","geometry":{"type":"MultiPolygon","coordinates":[[[[130.3854,-13.3854],[130.4024,-13.3921],[130.3959,-13.3839],[130.3854,-13.3854]]],[[[130.3054,-13.4167],[130.3039,-13.4299],[130.3198,-13.435],[130.3336,-13.4484],[130.3644,-13.3884],[130.3555,-13.3896],[130.3198,-13.4056],[130.3054,-13.4167]]]]},"properties":{"NAME":"Tjerratj","SUBJECTO":"Tjerratj","PARTOF":"Tjerratj","BORDERPRECISION":3,"LINK":null}},
{"type":"Feature","geometry":{"type":"Polygon","coordinates":[[[152.9816,-31.2972],[152.984,-31.2681],[152.9462,-31.2504],[152.5781,-31.2598],[152.3419,-31.1705],[152.0013,-31.0906],[151.7651,-31.0718],[151.6553,-31.0623],[151.6526,-31.0622],[151.6138,-31.0607],[151.4246,-31.0529],[151.3147,-31.1094],[151.3363,-31.162],[151.4575,-31.4568],[151.4269,-31.6134],[151.4246,-31.6253],[151.3477,-31.6362],[151.441,-31.6627],[151.5564,-31.7375],[151.6553,-31.8589],[151.7706,-32.036],[151.7854,-32.0471],[151.788,-32.0491],[151.9135,-32.1431],[152.0288,-32.157],[152.1991,-32.1384],[152.5177,-32.1617],[152.5799,-32.1441],[152.582,-32.1409],[152.834,-31.7683],[152.9719,-31.4182],[152.9816,-31.2972]]]},"properties":{"NAME":"Biripi","SUBJECTO":"Biripi","PARTOF":"Biripi","BORDERPRECISION":3,"LINK":null}},
{"type":"Feature","geometry":{"type":"Polygon","coordinates":[[[142.1183,-28.4203],[142.1027,-28.6858],[142.1082,-29.0658],[142.1301,-29.2624],[142.1356,-29.5161],[142.1382,-29.6308],[142.1741,-29.6308],[142.3828,-29.6308],[143.064,-29.7167],[143.364,-29.7448],[143.3936,-29.6594],[143.3167,-29.1713],[143.2947,-28.7965],[143.3693,-28.7725],[143.0175,-28.7357],[142.9541,-28.7291],[142.663,-28.6713],[142.4048,-28.5942],[142.3194,-28.5274],[142.3114,-28.5363],[142.2738,-28.5137],[142.1183,-28.4203]]]},"properties":{"NAME":"Karenggapa","SUBJECTO":"Karenggapa","PARTOF":"Karenggapa","BORDERPRECISION":3,"LINK":null}},
{"type":"Feature","geometry":{"type":"Polygon","coordinates":[[[149.0304,-25.1781],[149.0297,-25.1771],[149.0273,-25.1775],[148.8559,-25.2036],[148.8569,-25.2302],[148.8594,-25.2502],[148.8655,-25.2983],[148.8569,-25.3721],[148.8612,-25.409],[148.8393,-25.4388],[148.8247,-25.4621],[148.8186,-25.4796],[148.828,-25.5006],[148.8513,-25.5312],[148.87,-25.5817],[148.891,-25.6375],[148.9113,-25.6948],[148.9254,-25.7367],[148.9449,-25.7542],[148.9522,-25.77],[148.9565,-25.8084],[148.958,-25.8311],[148.9486,-25.8709],[148.9429,-25.8949],[148.9412,-25.8973],[148.9395,-25.8983],[148.9361,-25.8976],[148.9011,-25.8873],[148.8326,-25.874],[148.7586,-25.8623],[148.7098,-25.8585],[148.6641,-25.8535],[148.6376,-25.8551],[148.6201,-25.8616],[148.5596,-25.8838],[148.5424,-25.8888],[148.503,-25.8996],[148.4201,-25.9222],[148.368,-25.9586],[148.3313,-26.0263],[148.3317,-26.0502],[148.3446,-26.04],[148.3995,-26.0246],[148.4819,-26.0154],[148.5471,-26.0092],[148.6089,-26.0092],[148.7053,-26.0676],[148.8812,-26.0864],[148.9203,-26.089],[148.9746,-25.963],[148.9856,-25.7801],[149.0186,-25.5424],[149.024,-25.2944],[149.024,-25.195],[149.024,-25.1801],[149.027,-25.1792],[149.0304,-25.1781]]]},"properties":{"NAME":"Gungabula","SUBJECTO":"Gungabula","PARTOF":"Gungabula","BORDERPRECISION":3,"LINK":null}},
{"type":"Feature","geometry":{"type":"Polygon","coordinates":[[[142.8716,-13.0932],[142.8827,-13.133],[142.8992,-13.3522],[142.9211,-13.5339],[142.9211,-13.7581],[142.9266,-13.9661],[142.9527,-14.1849],[142.9541,-14.1845],[143.1848,-14.1046],[143.2952,-14.0898],[143.3441,-14.0833],[143.3551,-14.0194],[143.3943,-13.8207],[143.3959,-13.8123],[143.4045,-13.7687],[143.421,-13.4804],[143.421,-13.395],[143.421,-13.3789],[143.4059,-13.3442],[143.3441,-13.2025],[143.1903,-12.9831],[143.1572,-12.9555],[143.1369,-12.9385],[143.1134,-12.9189],[142.9795,-12.9904],[142.9737,-12.9936],[142.9431,-13.0099],[142.8578,-13.0741],[142.8662,-13.0741],[142.8716,-13.0932]]]},"properties":{"NAME":"Kaantju","SUBJECTO":"Kaantju","PARTOF":"Kaantju","BORDERPRECISION":3,"LINK":null}},
{"type":"Feature","geometry":{"type":"Polygon","coordinates":[[[144.3073,-32.9526],[144.3139,-32.9603],[144.5142,-33.1927],[145.0635,-33.5597],[144.9316,-33.6695],[144.668,-33.8887],[144.6584,-34.024],[144.6549,-34.0726],[144.646,-34.1982],[144.7559,-34.6332],[144.7842,-34.6734],[144.798,-34.693],[144.8555,-34.7745],[144.8546,-34.7762],[144.8767,-34.8048],[144.877,-34.805],[144.9976,-34.976],[145.1095,-35.2202],[145.1294,-35.2636],[145.1349,-35.3022],[145.1953,-35.7287],[145.5469,-35.9246],[145.7983,-35.9878],[145.8167,-35.9924],[146.1841,-36.0846],[146.9531,-36.1201],[147.2052,-36.1016],[147.2251,-36.1002],[147.4365,-36.0846],[147.8101,-36.0846],[147.9858,-36.0846],[148.0052,-36.0062],[148.0957,-35.6394],[148.1396,-35.3353],[148.1396,-35.2053],[148.1396,-35.1469],[148.1396,-34.976],[148.1396,-34.6874],[148.2715,-34.4522],[148.4001,-34.3815],[148.4692,-34.3434],[148.5307,-34.3356],[148.7549,-34.3071],[148.8733,-34.2888],[149.0397,-34.263],[149.1064,-34.2527],[149.6777,-34.0891],[149.8755,-33.7974],[149.9989,-33.2308],[150.0084,-33.1871],[150.0513,-32.9902],[150.0957,-32.8161],[150.1099,-32.7605],[150.1172,-32.7318],[149.9593,-32.4433],[149.9386,-32.4055],[149.8535,-32.25],[149.7236,-32.1033],[149.7047,-32.082],[149.6558,-32.0267],[149.1738,-31.837],[149.0415,-31.7849],[148.7549,-31.6721],[148.0518,-31.6721],[147.3047,-31.6721],[147.2496,-31.6821],[147.1258,-31.7047],[146.6895,-31.7842],[146.0083,-32.0267],[144.9536,-32.6024],[144.8657,-32.8796],[144.3434,-32.8645],[144.2295,-32.8612],[144.2285,-32.8611],[144.2297,-32.8625],[144.2902,-32.9327],[144.3073,-32.9526]]]},"properties":{"NAME":"Wiradjuri","SUBJECTO":"Wiradjuri","PARTOF":"Wiradjuri","BORDERPRECISION":3,"LINK":null}},
{"type":"Feature","geometry":{"type":"Polygon","coordinates":[[[146.6743,-19.3545],[146.7087,-19.3628],[146.7093,-19.3642],[146.7913,-19.387],[146.7963,-19.3552],[146.6305,-19.2599],[146.6291,-19.27],[146.6008,-19.3358],[146.6675,-19.3526],[146.6743,-19.3545]]]},"properties":{"NAME":"Wulgurukaba","SUBJECTO":"Wulgurukaba","PARTOF":"Wulgurukaba","BORDERPRECISION":3,"LINK":null}},
{"type":"Feature","geometry":{"type":"Polygon","coordinates":[[[138.9361,-26.1949],[138.8892,-26.1949],[138.8892,-26.3427],[138.7354,-26.3722],[138.4717,-26.3623],[138.219,-26.3623],[138.1348,-26.4001],[138.1531,-26.4312],[138.1556,-26.463],[138.1641,-26.5689],[138.23,-26.7554],[138.3069,-26.9808],[138.3728,-27.2644],[138.4021,-27.375],[138.4167,-27.362],[138.5706,-27.362],[138.8342,-27.3718],[139.1858,-27.3815],[139.3945,-27.323],[139.6033,-27.2546],[139.7791,-27.2253],[139.9766,-27.233],[139.9933,-27.1618],[140.0867,-26.8143],[140.224,-26.4607],[140.3386,-26.274],[140.3448,-26.2639],[140.3599,-26.2296],[140.1965,-26.2836],[139.7791,-26.2836],[139.4714,-26.2047],[139.1309,-26.1949],[138.9936,-26.1949],[138.9361,-26.1949]]]},"properties":{"NAME":"Ngamini","SUBJECTO":"Ngamini","PARTOF":"Ngamini","BORDERPRECISION":3,"LINK":null}},
{"type":"Feature","geometry":{"type":"Polygon","coordinates":[[[143.1483,-38.7472],[143.1519,-38.7541],[143.2562,-38.7284],[143.3441,-38.6426],[143.4485,-38.5739],[143.4426,-38.5346],[143.4418,-38.5293],[143.4375,-38.5009],[143.3979,-38.49],[143.3949,-38.4867],[143.3909,-38.4881],[143.3276,-38.4708],[143.2233,-38.4536],[143.0365,-38.4019],[142.998,-38.3675],[143.0145,-38.2641],[143.02,-38.1648],[143.053,-38.1129],[143.0804,-38.0481],[143.0804,-37.9139],[143.0804,-37.8108],[143.0475,-37.8014],[143.031,-37.7968],[142.9871,-37.749],[142.9801,-37.7147],[142.8552,-37.8011],[142.7618,-37.9918],[142.7097,-38.0008],[142.7097,-38.0243],[142.6641,-38.0526],[142.6606,-38.0634],[142.6767,-38.0978],[142.6904,-38.1497],[142.674,-38.2047],[142.6726,-38.2479],[142.663,-38.2802],[142.6369,-38.305],[142.6176,-38.333],[142.5998,-38.3524],[142.5874,-38.3826],[142.5517,-38.3976],[142.547,-38.3992],[142.5311,-38.4708],[142.6355,-38.5396],[142.6904,-38.5997],[142.8058,-38.6426],[142.9871,-38.6598],[143.1299,-38.7112],[143.1483,-38.7472]]]},"properties":{"NAME":"Giraiwurung","SUBJECTO":"Giraiwurung","PARTOF":"Giraiwurung","BORDERPRECISION":3,"LINK":null}},
{"type":"Feature","geometry":{"type":"Polygon","coordinates":[[[142.9795,-12.9904],[143.1134,-12.9189],[143.1369,-12.9385],[143.1572,-12.9555],[143.2205,-12.9269],[143.2892,-12.8975],[143.3606,-12.8654],[143.3784,-12.8428],[143.3759,-12.8328],[143.3712,-12.8138],[143.2923,-12.6868],[142.9708,-12.535],[143.1121,-12.2461],[143.1026,-12.24],[143.0997,-12.238],[142.9074,-12.2756],[142.8487,-12.2841],[142.8612,-12.3076],[142.8799,-12.3427],[142.9266,-12.4983],[142.9431,-12.6216],[142.939,-12.6216],[142.9678,-12.6779],[142.9788,-12.8252],[142.9843,-12.9778],[142.9795,-12.9904]]]},"properties":{"NAME":"Kuuku-ya’u","SUBJECTO":"Kuuku-ya’u","PARTOF":"Kuuku-ya’u","BORDERPRECISION":3,"LINK":null}},
{"type":"Feature","geometry":{"type":"Polygon","coordinates":[[[121.333,-21.994],[121.2203,-22.0124],[121.1946,-22.0166],[121.1462,-22.0245],[121.1208,-22.0559],[121.0803,-22.106],[121.1038,-22.1986],[121.1243,-22.2789],[121.1243,-22.5531],[121.1243,-22.7863],[121.1243,-23.0494],[121.0034,-23.3019],[121.002,-23.3035],[120.954,-23.3574],[120.9602,-23.3877],[120.9705,-23.438],[121.0638,-23.559],[121.1902,-23.7652],[121.4539,-24.0013],[121.712,-24.267],[121.9537,-24.5271],[122.2614,-24.7967],[122.8381,-25.2993],[122.8718,-25.3345],[122.9095,-25.3738],[122.9503,-25.4021],[122.981,-25.4234],[123.0029,-25.3986],[123.0963,-25.2944],[123.1842,-25.19],[123.3545,-25.0209],[124.2664,-24.257],[125.2551,-24.4672],[125.4685,-24.5703],[125.5278,-24.5989],[125.6067,-24.637],[125.8813,-24.4871],[126.156,-24.2269],[128.0127,-24.1066],[127.9657,-24.0587],[127.8948,-23.9863],[127.8259,-23.916],[127.4304,-23.6546],[127.0459,-23.3019],[126.925,-23.009],[126.7273,-22.6343],[126.5625,-22.3501],[126.3098,-22.0449],[126.1976,-21.9623],[126.1569,-21.9324],[125.9912,-21.8105],[125.8408,-21.8105],[125.5188,-21.8105],[125.387,-21.8105],[125.2112,-21.9634],[124.8267,-22.1162],[124.3872,-22.2891],[124.0906,-22.3501],[124.0796,-22.1569],[124.0796,-21.943],[123.8928,-21.637],[123.6072,-21.4224],[123.4094,-21.361],[123.2886,-21.3712],[123.2739,-21.3725],[123.1677,-21.3815],[122.7612,-21.9838],[122.5415,-22.411],[122.2009,-22.4009],[121.6296,-22.2179],[121.3989,-22.1467],[121.333,-21.994]]]},"properties":{"NAME":"Mardu","SUBJECTO":"Mardu","PARTOF":"Mardu","BORDERPRECISION":3,"LINK":null}},
{"type":"Feature","geometry":{"type":"Polygon","coordinates":[[[118.8841,-34.2822],[118.9215,-34.289],[118.9764,-34.3888],[119.0753,-34.4839],[119.1357,-34.5201],[119.3542,-34.5458],[119.4604,-34.4015],[119.3939,-34.3298],[119.1632,-34.1027],[119.0741,-33.9858],[118.7842,-33.7517],[118.6885,-33.5376],[118.6743,-33.5231],[118.4381,-33.1651],[118.3706,-33.151],[118.1744,-33.2548],[118.088,-33.2798],[117.8613,-33.3948],[117.6326,-33.4961],[117.529,-33.5528],[117.4878,-33.5872],[117.4493,-33.6512],[117.6526,-33.8111],[117.6652,-33.9469],[117.691,-33.9889],[117.6721,-34.0216],[117.6746,-34.0481],[117.5812,-34.2618],[118.5699,-34.2254],[118.7297,-34.2543],[118.8666,-34.2572],[118.8841,-34.2822]]]},"properties":{"NAME":"Goreng","SUBJECTO":"Goreng","PARTOF":"Goreng","BORDERPRECISION":3,"LINK":null}},
{"type":"Feature","geometry":{"type":"Polygon","coordinates":[[[133.9997,-12.2658],[134.0057,-12.2541],[133.8794,-12.1575],[133.808,-12.0877],[133.7585,-12.0071],[133.7615,-11.9972],[133.7256,-11.9891],[133.5592,-11.9513],[133.537,-11.9418],[133.4476,-11.9034],[133.1708,-11.8539],[133.1416,-11.8573],[133.1021,-11.862],[133.0977,-11.8658],[133.0728,-11.8876],[133.0559,-11.9025],[133.0499,-11.9077],[133.0444,-11.9587],[133.0334,-11.999],[133.0258,-12.03],[133.0142,-12.0769],[133.0252,-12.1226],[133.0664,-12.1521],[133.1378,-12.1978],[133.19,-12.2407],[133.2532,-12.3293],[133.3301,-12.4795],[133.3246,-12.576],[133.3026,-12.6671],[133.3191,-12.7261],[133.3191,-12.8064],[133.3743,-12.8334],[133.4029,-12.8473],[133.4399,-12.8814],[133.4509,-12.8921],[133.4904,-12.904],[133.521,-12.9131],[133.5223,-12.9136],[133.5773,-12.9939],[133.5924,-12.969],[133.6222,-12.9202],[133.6981,-12.7957],[133.7805,-12.6457],[133.8354,-12.5546],[133.9069,-12.4205],[133.9563,-12.3507],[133.9984,-12.2684],[133.9997,-12.2658]]]},"properties":{"NAME":"Gunwinggu","SUBJECTO":"Gunwinggu","PARTOF":"Gunwinggu","BORDERPRECISION":3,"LINK":null}},
{"type":"Feature","geometry":{"type":"Polygon","coordinates":[[[115.3773,-24.9953],[115.3739,-24.9944],[115.2631,-24.9661],[115.2154,-24.9607],[115.03,-24.9397],[114.8676,-24.9213],[114.6973,-24.8466],[114.494,-24.7718],[114.137,-24.672],[113.9008,-24.6919],[113.7579,-24.7269],[113.6316,-24.7817],[113.6116,-24.8076],[113.5547,-24.8815],[113.6206,-25.0906],[113.7524,-25.3242],[113.9552,-25.6345],[114.0051,-25.7108],[114.2139,-25.7653],[114.4446,-25.7653],[114.5709,-25.7653],[114.7275,-25.7516],[114.7276,-25.7495],[114.7302,-25.7108],[114.917,-25.6663],[115.1312,-25.6762],[115.4388,-25.6514],[115.6036,-25.6217],[115.7135,-25.592],[115.8234,-25.5524],[115.8563,-25.483],[115.8124,-25.2944],[115.8419,-25.2266],[115.8289,-25.2099],[115.8196,-25.2038],[115.7684,-25.1701],[115.752,-25.1768],[115.7629,-25.1701],[115.719,-25.1453],[115.5652,-25.0856],[115.4388,-25.011],[115.3773,-24.9953]],[[115.752,-25.1768],[115.7465,-25.1801],[115.719,-25.19],[115.752,-25.1768]]]},"properties":{"NAME":"Yinggarda","SUBJECTO":"Yinggarda","PARTOF":"Yinggarda","BORDERPRECISION":3,"LINK":null}},
{"type":"Feature","geometry":{"type":"Polygon","coordinates":[[[145.8695,-17.195],[145.7175,-16.9782],[145.7062,-17.02],[145.6677,-17.062],[145.6073,-17.1513],[145.5853,-17.23],[145.5482,-17.2423],[145.643,-17.2851],[145.7227,-17.3349],[145.8215,-17.3821],[145.9451,-17.4266],[145.9614,-17.429],[145.8695,-17.195]]]},"properties":{"NAME":"Yidinjdji","SUBJECTO":"Yidinjdji","PARTOF":"Yidinjdji","BORDERPRECISION":3,"LINK":null}},
{"type":"Feature","geometry":{"type":"Polygon","coordinates":[[[132.3035,-23.0134],[132.2754,-23.0393],[132.2701,-23.0424],[132.0337,-23.1808],[132.0337,-23.6647],[132.2095,-23.926],[132.4951,-24.3071],[132.8687,-24.5471],[133.1323,-25.0259],[133.2422,-25.4433],[133.5498,-25.7603],[133.7695,-26.0173],[133.7939,-26.0319],[133.8715,-26.0783],[134.165,-26.254],[134.6924,-26.6867],[135.0659,-27.02],[135.2116,-27.1773],[135.2789,-27.2501],[135.3735,-27.3523],[135.8789,-27.3718],[136.1388,-27.2398],[136.1865,-27.2156],[136.1865,-27.2016],[136.1865,-26.726],[136.2744,-26.1357],[136.2744,-25.6415],[136.2744,-25.0856],[136.2707,-25.0594],[136.1646,-24.3071],[136.1646,-23.7451],[136.1646,-23.3019],[136.1203,-23.1256],[136.0986,-23.0393],[135.0879,-23.0191],[134.3188,-23.0191],[133.9833,-22.977],[133.8354,-22.9584],[133.2202,-22.9179],[133.1918,-22.9111],[132.627,-22.7762],[132.5391,-22.7964],[132.3035,-23.0134]]]},"properties":{"NAME":"Arrernte","SUBJECTO":"Arrernte","PARTOF":"Arrernte","BORDERPRECISION":3,"LINK":null}},
{"type":"Feature","geometry":{"type":"MultiPolygon","coordinates":[[[[142.6443,-11.0927],[142.3376,-10.9154],[142.2674,-10.9899],[142.3059,-11.0383],[142.413,-11.0706],[142.5174,-11.0787],[142.6218,-11.0895],[142.6465,-11.0976],[142.6443,-11.0927]]],[[[142.6858,-11.1832],[142.6932,-11.27],[142.6987,-11.4289],[142.6987,-11.5446],[142.6987,-11.6953],[142.6892,-11.7674],[142.7701,-11.741],[142.792,-11.7382],[142.7703,-11.6137],[142.7492,-11.3213],[142.6858,-11.1832]]]]},"properties":{"NAME":"Yadhaigana","SUBJECTO":"Yadhaigana","PARTOF":"Yadhaigana","BORDERPRECISION":3,"LINK":null}},
{"type":"Feature","geometry":{"type":"Polygon","coordinates":[[[139.1302,-34.534],[138.9661,-34.6016],[138.7739,-34.6572],[138.7903,-34.6874],[138.7903,-34.8589],[138.7134,-34.994],[138.653,-35.1738],[138.5815,-35.3353],[138.5769,-35.3432],[138.9963,-35.0795],[139.0998,-35.0768],[139.1418,-35.003],[139.1638,-34.7326],[139.1302,-34.534]]]},"properties":{"NAME":"Peramangk","SUBJECTO":"Peramangk","PARTOF":"Peramangk","BORDERPRECISION":3,"LINK":null}},
{"type":"Feature","geometry":{"type":"Polygon","coordinates":[[[138.7375,-22.1215],[138.5775,-22.1129],[138.4497,-22.106],[138.2959,-22.3806],[138.252,-22.6546],[138.252,-23.0393],[138.2629,-23.2918],[138.3289,-23.4733],[138.3618,-23.6445],[138.3618,-23.6695],[138.3618,-23.916],[138.3728,-24.3071],[138.3728,-24.5771],[138.3728,-24.7069],[138.3838,-24.7069],[138.4058,-24.8466],[138.4277,-24.9363],[138.4717,-25.2447],[138.5925,-25.5226],[138.7244,-25.7405],[138.8138,-25.9089],[138.8452,-25.9679],[138.8277,-25.9704],[138.8467,-25.9856],[138.8617,-25.9975],[138.9159,-25.9281],[139.1089,-25.6811],[139.1968,-25.5524],[139.3204,-25.3131],[139.3506,-25.2546],[139.3704,-25.2205],[139.4604,-25.0657],[139.5374,-24.8864],[139.6033,-24.667],[139.5969,-24.6466],[139.5953,-24.6415],[139.4934,-24.4871],[139.3945,-24.3871],[139.2572,-24.267],[139.1199,-24.0766],[139.0265,-23.8959],[138.9825,-23.725],[138.7354,-23.3876],[138.8562,-23.2111],[139.0594,-22.9483],[139.1693,-22.6292],[139.1748,-22.3856],[139.2006,-22.2635],[139.2223,-22.1611],[139.2078,-22.1467],[138.7375,-22.1215]]]},"properties":{"NAME":"Wangkamana","SUBJECTO":"Wangkamana","PARTOF":"Wangkamana","BORDERPRECISION":3,"LINK":null}},
{"type":"Feature","geometry":{"type":"Polygon","coordinates":[[[132.2181,-12.7708],[132.2974,-12.785],[132.3715,-12.8064],[132.4292,-12.7475],[132.4301,-12.7413],[132.4072,-12.7207],[132.3962,-12.5706],[132.3962,-12.3722],[132.4,-12.3284],[132.398,-12.3289],[132.2164,-12.3412],[132.2424,-12.4258],[132.2424,-12.576],[132.2181,-12.7708]]]},"properties":{"NAME":"Konbudj","SUBJECTO":"Konbudj","PARTOF":"Konbudj","BORDERPRECISION":3,"LINK":null}},
{"type":"Feature","geometry":{"type":"Polygon","coordinates":[[[147.1289,-23.3473],[147.1289,-23.559],[147.1619,-23.7803],[147.1948,-23.9511],[147.2149,-23.99],[147.235,-23.9913],[147.4284,-24.0038],[147.5967,-24.0205],[147.8455,-24.0339],[147.9845,-24.0272],[148.0356,-24.0459],[148.1019,-24.0787],[148.1432,-24.0967],[148.2131,-24.1196],[148.2813,-24.1704],[148.3139,-24.218],[148.3982,-24.2867],[148.481,-24.3749],[148.4993,-24.3844],[148.542,-24.4068],[148.5592,-24.4188],[148.634,-24.3371],[148.7257,-24.2285],[148.6861,-24.1898],[148.6011,-24.1066],[148.5352,-23.9009],[148.5132,-23.7502],[148.5077,-23.559],[148.513,-23.5533],[148.5429,-23.5216],[148.5297,-23.4834],[148.3813,-23.3069],[148.2111,-23.0444],[148.0792,-22.8876],[148.0529,-22.8734],[148.0133,-22.8521],[147.9977,-22.87],[147.832,-23.0595],[147.6727,-23.1757],[147.3706,-23.2565],[147.1684,-23.3325],[147.1597,-23.3357],[147.1289,-23.3473]]]},"properties":{"NAME":"Gayiri","SUBJECTO":"Gayiri","PARTOF":"Gayiri","BORDERPRECISION":3,"LINK":null}},
{"type":"Feature","geometry":{"type":"Polygon","coordinates":[[[137.1897,-29.656],[137.5378,-29.5735],[138.1201,-29.5735],[138.4497,-29.6021],[138.4607,-29.5713],[138.4846,-29.5044],[138.6035,-29.1713],[138.6584,-28.8832],[138.6584,-28.7002],[138.6914,-28.4783],[138.4277,-28.1301],[138.2629,-27.8585],[138.23,-27.7711],[138.1825,-27.6995],[138.1539,-27.6565],[138.0762,-27.7322],[137.7246,-27.7905],[137.428,-27.7613],[136.9006,-27.8375],[136.9006,-28.0138],[136.8896,-28.3141],[136.9006,-28.517],[137.0544,-28.8735],[137.1533,-29.1618],[137.2522,-29.4587],[137.2658,-29.5656],[137.2742,-29.6308],[137.1897,-29.656]]]},"properties":{"NAME":"Dhirari","SUBJECTO":"Dhirari","PARTOF":"Dhirari","BORDERPRECISION":3,"LINK":null}},
{"type":"Feature","geometry":{"type":"Polygon","coordinates":[[[127.0716,-26.5836],[127.3096,-26.5885],[127.4304,-26.5787],[127.3379,-26.5296],[127.252,-26.4977],[127.0459,-26.4214],[126.6833,-26.2442],[126.3098,-25.9975],[125.8374,-25.6811],[125.6616,-25.3738],[125.5188,-25.0458],[125.5078,-24.6171],[125.5148,-24.6107],[125.5078,-24.5971],[125.4685,-24.5703],[125.2551,-24.4672],[124.2664,-24.257],[123.3545,-25.0209],[123.1842,-25.19],[123.0963,-25.2944],[123.0029,-25.3986],[122.981,-25.4234],[122.9503,-25.4021],[122.97,-25.5325],[122.97,-25.7801],[122.948,-26.0272],[122.7942,-26.0074],[122.7771,-26.0074],[122.778,-26.0299],[122.7832,-26.1554],[122.8931,-26.4902],[122.956,-26.5606],[123.0584,-26.675],[123.1567,-26.7848],[123.728,-27.1569],[124.1675,-27.3523],[124.3571,-27.4645],[124.3652,-27.4693],[124.3933,-27.3968],[124.4861,-27.1569],[124.53,-26.8535],[124.6399,-26.6082],[124.7058,-26.4214],[124.8816,-26.1357],[125.2551,-25.9086],[125.4858,-25.9086],[125.7825,-26.0963],[126.1121,-26.2244],[126.3757,-26.4411],[126.8372,-26.5787],[126.9489,-26.581],[127.0716,-26.5836]]]},"properties":{"NAME":"Ngaanyatjarra","SUBJECTO":"Ngaanyatjarra","PARTOF":"Ngaanyatjarra","BORDERPRECISION":3,"LINK":null}},
{"type":"Feature","geometry":{"type":"Polygon","coordinates":[[[148.706,-20.8448],[148.6946,-20.8291],[148.6349,-20.8619],[148.6472,-20.881],[148.689,-20.946],[148.8428,-21.1614],[149.0295,-21.494],[149.0722,-21.5913],[149.1284,-21.5859],[149.1362,-21.5954],[149.1833,-21.5706],[149.2794,-21.5408],[149.2002,-21.3142],[149.1015,-21.0601],[148.7107,-20.8474],[148.706,-20.8448]]]},"properties":{"NAME":"Yuwi","SUBJECTO":"Yuwi","PARTOF":"Yuwi","BORDERPRECISION":3,"LINK":null}},
{"type":"Feature","geometry":{"type":"Polygon","coordinates":[[[125.6664,-17.0832],[125.6849,-17.0693],[125.7715,-17.0043],[125.8594,-16.9307],[125.9363,-16.8361],[126.145,-16.8571],[126.2878,-16.9517],[126.5295,-16.8992],[126.6614,-16.773],[126.8591,-16.5625],[126.936,-16.3307],[126.958,-16.088],[127.0789,-16.0036],[127.2986,-16.0036],[127.4642,-16.0036],[127.5084,-16.0036],[127.5183,-16.0036],[127.738,-15.9825],[127.8464,-15.9223],[127.9382,-15.8714],[128.0237,-15.824],[128.1116,-15.6548],[128.1173,-15.5828],[128.1193,-15.5578],[128.1226,-15.5172],[128.0511,-15.4484],[128.048,-15.4453],[128.0237,-15.4219],[127.8259,-15.5595],[127.7161,-15.4643],[127.7161,-15.2948],[127.6606,-15.2413],[127.6502,-15.2312],[127.6172,-15.1994],[127.4414,-15.1782],[127.3755,-14.9342],[127.3755,-14.7005],[127.291,-14.4824],[127.2766,-14.4453],[127.2437,-14.438],[126.991,-14.3815],[126.749,-14.3815],[126.7477,-14.3808],[126.7473,-14.3815],[126.6943,-14.3815],[126.3538,-14.541],[126.0461,-14.6367],[126.0265,-14.6832],[126.0022,-14.7406],[125.9473,-14.8705],[125.9033,-15.3054],[125.8484,-15.5066],[125.7454,-15.732],[125.7275,-15.7711],[125.702,-15.7826],[125.5627,-15.8451],[125.2222,-15.8134],[125.0024,-15.7923],[124.8157,-15.9402],[124.7827,-16.2358],[124.7917,-16.3438],[124.7941,-16.3728],[124.8047,-16.4993],[124.8165,-16.5106],[124.8463,-16.53],[124.8332,-16.5267],[125.0574,-16.7414],[125.4968,-17.0148],[125.6177,-17.1198],[125.6664,-17.0832]]]},"properties":{"NAME":"Ngarinyin","SUBJECTO":"Ngarinyin","PARTOF":"Ngarinyin","BORDERPRECISION":3,"LINK":null}},
{"type":"Feature","geometry":{"type":"Polygon","coordinates":[[[152.8047,-27.281],[152.8118,-27.2949],[152.8025,-27.3101],[152.7963,-27.3248],[152.8066,-27.3512],[152.8272,-27.366],[152.8363,-27.382],[152.8466,-27.3969],[152.8517,-27.4106],[152.8479,-27.4266],[152.8376,-27.4358],[152.8208,-27.4438],[152.8208,-27.4598],[152.8311,-27.4655],[152.8427,-27.4701],[152.862,-27.4746],[152.8788,-27.4758],[152.8859,-27.4847],[152.8814,-27.4986],[152.9756,-27.541],[153.006,-27.5262],[153.0029,-27.4992],[153.0161,-27.4928],[152.9982,-27.4823],[153.0129,-27.4705],[153.0256,-27.4705],[152.9462,-27.341],[152.9813,-27.2779],[152.9625,-27.2745],[152.9485,-27.2745],[152.9252,-27.2704],[152.9066,-27.2607],[152.8818,-27.2511],[152.873,-27.2396],[152.8521,-27.2259],[152.8297,-27.2171],[152.8047,-27.281]]]},"properties":{"NAME":"Turrbal","SUBJECTO":"Turrbal","PARTOF":"Turrbal","BORDERPRECISION":3,"LINK":null}},
{"type":"Feature","geometry":{"type":"Polygon","coordinates":[[[126.2744,-17.7182],[126.2219,-17.7278],[126.0571,-17.9265],[125.9567,-18.0394],[125.9488,-18.0482],[125.9363,-18.0623],[125.9912,-18.1145],[126.2549,-18.0936],[126.4856,-18.1354],[126.5955,-18.2502],[126.7053,-18.3858],[126.7383,-18.4796],[126.7754,-18.4796],[126.8115,-18.4796],[126.8921,-18.4796],[127.0294,-18.4692],[127.1997,-18.4119],[127.3865,-18.3337],[127.5458,-18.2607],[127.6831,-18.1719],[127.8644,-18.0205],[128.0566,-17.9369],[128.2324,-17.7173],[128.2937,-17.5615],[128.2983,-17.5498],[128.3281,-17.5521],[128.4302,-17.5602],[128.6389,-17.6126],[128.7817,-17.665],[128.8806,-17.7801],[128.9795,-17.8115],[128.9959,-17.8204],[129.0564,-17.8533],[129.0536,-17.8341],[129.0234,-17.6231],[128.9465,-17.3926],[128.8916,-17.1723],[128.8586,-16.9832],[128.8257,-16.8151],[128.8037,-16.6993],[128.9026,-16.6467],[129.1113,-16.6257],[129.2149,-16.6257],[129.2542,-16.6257],[129.2651,-16.6257],[129.342,-16.4572],[129.2871,-16.3412],[129.267,-16.3187],[129.2212,-16.2674],[129.1674,-16.2348],[129.0125,-16.1408],[128.6279,-16.0775],[128.3313,-15.993],[128.0786,-15.8768],[127.9382,-15.8714],[127.8464,-15.9223],[127.738,-15.9825],[127.5183,-16.0036],[127.5084,-16.0036],[127.4583,-16.0406],[127.4084,-16.0775],[127.3535,-16.415],[127.3206,-16.6678],[127.3645,-16.9097],[127.4963,-17.2038],[127.3425,-17.3297],[127.1448,-17.3821],[126.958,-17.4974],[126.7053,-17.5707],[126.4526,-17.6859],[126.309,-17.712],[126.2744,-17.7182]]]},"properties":{"NAME":"Kija","SUBJECTO":"Kija","PARTOF":"Kija","BORDERPRECISION":3,"LINK":null}},
{"type":"Feature","geometry":{"type":"Polygon","coordinates":[[[130.4572,-14.4879],[130.3857,-14.4879],[130.3426,-14.5111],[130.3424,-14.5112],[130.3363,-14.5145],[130.3363,-14.5729],[130.3473,-14.6686],[130.3506,-14.7164],[130.3528,-14.7483],[130.3885,-14.7536],[130.4242,-14.7589],[130.5121,-14.7589],[130.6274,-14.7536],[130.7538,-14.7643],[130.8472,-14.7643],[130.957,-14.7961],[130.9882,-14.8202],[131.0176,-14.7871],[131.0284,-14.7749],[131.2976,-14.6793],[131.5063,-14.6048],[131.792,-14.5836],[131.896,-14.5692],[131.8799,-14.4879],[131.8854,-14.4294],[131.9458,-14.291],[131.9568,-14.1153],[131.982,-14.0083],[131.992,-13.966],[131.9485,-13.8887],[131.8607,-13.8274],[131.8195,-13.7821],[131.7233,-13.6727],[131.5503,-13.5018],[131.5298,-13.4096],[131.5283,-13.403],[131.5167,-13.4066],[131.4679,-13.4217],[131.4047,-13.4804],[131.3967,-13.4997],[131.3416,-13.6326],[131.3373,-13.6443],[131.3113,-13.7154],[131.1548,-13.7661],[131.0312,-13.7741],[130.9076,-13.7794],[130.8696,-13.8007],[130.8554,-13.8087],[130.8559,-13.8141],[130.8636,-13.9047],[130.8774,-14.0167],[130.9076,-14.1818],[130.8911,-14.3203],[130.7922,-14.3974],[130.545,-14.4826],[130.4572,-14.4879]]]},"properties":{"NAME":"Wagiman","SUBJECTO":"Wagiman","PARTOF":"Wagiman","BORDERPRECISION":3,"LINK":null}},
{"type":"Feature","geometry":{"type":"Polygon","coordinates":[[[141.9149,-12.1094],[141.898,-12.1024],[141.8633,-12.0997],[141.8586,-12.1075],[141.8246,-12.1633],[141.8445,-12.1709],[141.9049,-12.1763],[141.9297,-12.1783],[141.9255,-12.1541],[141.9166,-12.1266],[141.9155,-12.1156],[141.9149,-12.1094]]]},"properties":{"NAME":"Yupangathi","SUBJECTO":"Yupangathi","PARTOF":"Yupangathi","BORDERPRECISION":3,"LINK":null}},
{"type":"Feature","geometry":{"type":"Polygon","coordinates":[[[132.7145,-12.8058],[132.7094,-12.7957],[132.6815,-12.7798],[132.662,-12.7686],[132.6324,-12.785],[132.4786,-12.785],[132.4684,-12.7758],[132.4127,-12.8011],[132.3358,-12.8868],[132.3358,-12.9778],[132.3416,-12.9834],[132.3468,-12.9617],[132.4072,-12.9939],[132.5555,-13.0153],[132.6654,-13.0153],[132.7148,-12.9082],[132.7148,-12.8118],[132.7173,-12.8113],[132.7145,-12.8058]]]},"properties":{"NAME":"Ngombur","SUBJECTO":"Ngombur","PARTOF":"Ngombur","BORDERPRECISION":3,"LINK":null}},
{"type":"Feature","geometry":{"type":"Polygon","coordinates":[[[133.9592,-22.8879],[133.9833,-22.977],[134.3188,-23.0191],[135.0879,-23.0191],[136.0986,-23.0393],[136.1203,-23.1256],[136.4941,-23.0595],[136.907,-22.5762],[137.0654,-22.3907],[137.0435,-21.8411],[137.0232,-21.7092],[137.0135,-21.6464],[136.9775,-21.4122],[136.8896,-21.064],[136.7173,-20.8923],[136.6766,-20.8517],[136.5601,-20.7356],[136.3843,-20.715],[136.2921,-20.7562],[136.2505,-20.7748],[135.8789,-20.9409],[135.0659,-21.5553],[134.6704,-21.8003],[134.4067,-22.1264],[134.0967,-22.3076],[134.0165,-22.3545],[133.9893,-22.3704],[133.9453,-22.8369],[133.9592,-22.8879]]]},"properties":{"NAME":"Alyawarre","SUBJECTO":"Alyawarre","PARTOF":"Alyawarre","BORDERPRECISION":3,"LINK":null}},
{"type":"Feature","geometry":{"type":"Polygon","coordinates":[[[145.3358,-17.2622],[145.4315,-17.1828],[145.4919,-17.1854],[145.5323,-17.228],[145.5441,-17.2405],[145.5482,-17.2423],[145.5853,-17.23],[145.6073,-17.1513],[145.6677,-17.062],[145.7062,-17.02],[145.7175,-16.9782],[145.6857,-16.9329],[145.4511,-16.5982],[145.3937,-16.5489],[145.3436,-16.6257],[145.2722,-16.9675],[145.267,-17.102],[145.2679,-17.1119],[145.3217,-17.2353],[145.3358,-17.2622]]]},"properties":{"NAME":"Djabuganjdji","SUBJECTO":"Djabuganjdji","PARTOF":"Djabuganjdji","BORDERPRECISION":3,"LINK":null}},
{"type":"Feature","geometry":{"type":"Polygon","coordinates":[[[149.9593,-32.4433],[150.1831,-32.3753],[150.5566,-32.2593],[150.8533,-32.2593],[151.04,-32.315],[151.3037,-32.4263],[151.5556,-32.5022],[151.6017,-32.5161],[151.6113,-32.519],[151.6882,-32.3243],[151.7102,-32.2221],[151.788,-32.0491],[151.7854,-32.0471],[151.7706,-32.036],[151.6553,-31.8589],[151.5564,-31.7375],[151.441,-31.6627],[151.3477,-31.6362],[151.2927,-31.644],[150.8643,-31.7795],[150.5292,-31.8356],[150.282,-31.8915],[149.9634,-32.022],[149.7236,-32.1033],[149.8535,-32.25],[149.9386,-32.4055],[149.9593,-32.4433]]]},"properties":{"NAME":"Geawegal","SUBJECTO":"Geawegal","PARTOF":"Geawegal","BORDERPRECISION":3,"LINK":null}},
{"type":"Feature","geometry":{"type":"Polygon","coordinates":[[[134.6456,-17.6919],[134.6594,-17.6859],[134.6858,-17.6859],[134.967,-17.644],[135.1868,-17.644],[135.4529,-17.644],[135.4724,-17.6336],[135.5828,-17.5607],[135.6152,-17.5393],[135.7581,-17.3611],[135.9668,-17.1618],[136.0327,-16.9517],[136.0327,-16.8571],[136.0327,-16.8127],[136.0327,-16.773],[135.8569,-16.6151],[135.6702,-16.4572],[135.4595,-16.3662],[135.4504,-16.3623],[135.3955,-16.3623],[135.2417,-16.5098],[135.022,-16.7519],[134.9121,-16.9097],[134.7034,-17.0778],[134.6717,-17.0949],[134.6594,-17.1093],[134.4878,-17.2011],[134.5056,-17.2353],[134.5056,-17.5393],[134.4479,-17.7775],[134.57,-17.7246],[134.6155,-17.6964],[134.6456,-17.6919]]]},"properties":{"NAME":"Ngandji","SUBJECTO":"Ngandji","PARTOF":"Ngandji","BORDERPRECISION":3,"LINK":null}},
{"type":"Feature","geometry":{"type":"MultiPolygon","coordinates":[[[[144.707,-31.5598],[144.4922,-31.7842],[144.3823,-32.1384],[144.2834,-32.3614],[144.2175,-32.7503],[144.2295,-32.8612],[144.3434,-32.8645],[144.8657,-32.8796],[144.9536,-32.6024],[146.0083,-32.0267],[146.6895,-31.7842],[147.1258,-31.7047],[147.2496,-31.6821],[147.2113,-31.5973],[147.2223,-31.3912],[147.1893,-31.1846],[147.052,-30.987],[146.9861,-30.8032],[146.9861,-30.6993],[146.9861,-30.5717],[146.8268,-30.4439],[146.5576,-30.2875],[146.3104,-30.1309],[146.261,-30.0215],[146.2468,-29.9998],[146.2143,-29.9496],[146.2115,-29.9454],[145.9698,-29.9502],[145.6787,-30.0929],[145.595,-30.168],[145.5359,-30.2211],[145.5111,-30.2275],[145.2063,-30.3065],[144.9961,-30.2756],[144.9866,-30.2742],[144.9481,-30.2686],[144.9097,-30.4676],[145.1184,-30.7796],[145.0635,-31.0153],[144.8547,-31.4099],[144.8038,-31.4612],[144.7339,-31.5317],[144.707,-31.5598]]],[[[144.2717,-32.9564],[144.3139,-32.9603],[144.3073,-32.9526],[144.2902,-32.9327],[144.2297,-32.8625],[144.2379,-32.9384],[144.2395,-32.9534],[144.2717,-32.9564]]]]},"properties":{"NAME":"Wongaibon","SUBJECTO":"Wongaibon","PARTOF":"Wongaibon","BORDERPRECISION":3,"LINK":null}},
{"type":"Feature","geometry":{"type":"Polygon","coordinates":[[[145.96,-28.0381],[146.0028,-28.1107],[146.1951,-28.3431],[146.4023,-28.5157],[146.7208,-28.7724],[146.8561,-28.8382],[146.9864,-28.8743],[147.1165,-28.8999],[147.2633,-29.0035],[147.3953,-29.0426],[147.4393,-29.0421],[147.4393,-29.0346],[147.4693,-29.0302],[147.7462,-28.9901],[147.8092,-28.9588],[147.9144,-28.8543],[148.1232,-28.6424],[148.266,-28.4639],[148.3884,-28.2923],[148.3818,-28.271],[148.2319,-28.0994],[148.151,-27.961],[148.1174,-27.8593],[148.0503,-27.7932],[147.9815,-27.7621],[147.901,-27.7723],[147.8016,-27.8235],[147.735,-27.8494],[147.679,-27.831],[147.594,-27.7485],[147.5371,-27.6956],[147.5349,-27.6955],[147.43,-27.6449],[147.3859,-27.5418],[147.3347,-27.4573],[147.2818,-27.4354],[147.2536,-27.4589],[147.2377,-27.487],[147.1795,-27.5418],[147.1143,-27.5934],[147.0861,-27.5996],[147.0561,-27.5011],[147.0191,-27.3305],[147.0014,-27.2317],[146.9831,-27.1762],[146.8982,-27.1447],[146.8643,-27.1379],[146.8062,-27.1529],[146.6182,-27.2682],[146.4327,-27.2478],[146.3768,-27.162],[146.3821,-27.1465],[146.3136,-27.17],[146.2086,-27.2314],[146.1256,-27.2793],[146.0362,-27.3422],[145.9624,-27.3933],[145.8932,-27.4449],[145.845,-27.4947],[145.8094,-27.5543],[145.8103,-27.5789],[145.8126,-27.6379],[145.8325,-27.703],[145.86,-27.8682],[145.9511,-28.023],[145.96,-28.0381]]]},"properties":{"NAME":"Kooma","SUBJECTO":"Kooma","PARTOF":"Kooma","BORDERPRECISION":3,"LINK":null}},
{"type":"Feature","geometry":{"type":"Polygon","coordinates":[[[141.8159,-12.6019],[141.8314,-12.617],[141.8774,-12.6028],[141.9434,-12.5653],[142.012,-12.5385],[142.0462,-12.5385],[142.0395,-12.517],[142.0369,-12.4988],[142.0258,-12.4205],[142.0038,-12.34],[141.9901,-12.2488],[141.9878,-12.1897],[141.9876,-12.183],[141.9357,-12.1788],[141.9297,-12.1783],[141.9049,-12.1763],[141.8445,-12.1709],[141.8246,-12.1633],[141.8124,-12.1833],[141.6934,-12.3788],[141.6785,-12.4678],[141.8159,-12.6019]]]},"properties":{"NAME":"Anguthimri","SUBJECTO":"Anguthimri","PARTOF":"Anguthimri","BORDERPRECISION":3,"LINK":null}},
{"type":"Feature","geometry":{"type":"Polygon","coordinates":[[[145.4519,-28.9674],[145.6018,-28.9793],[145.6057,-28.9731],[145.5579,-28.9312],[145.5654,-28.9188],[145.7666,-28.5845],[145.9094,-28.2463],[145.954,-28.0629],[145.9511,-28.023],[145.86,-27.8682],[145.8325,-27.703],[145.8126,-27.6379],[145.8103,-27.5789],[145.6897,-27.557],[145.3217,-27.479],[145.281,-27.4896],[145.3381,-27.6446],[145.2667,-27.9604],[145.1459,-28.0817],[144.9426,-28.0914],[144.8997,-28.0843],[144.8621,-28.078],[144.7833,-28.256],[144.7119,-28.517],[144.6021,-28.7291],[144.572,-28.7656],[144.6877,-28.7874],[145.0415,-28.8543],[145.4313,-28.897],[145.481,-28.9024],[145.4519,-28.9674]]]},"properties":{"NAME":"Kunja","SUBJECTO":"Kunja","PARTOF":"Kunja","BORDERPRECISION":3,"LINK":null}},
{"type":"Feature","geometry":{"type":"Polygon","coordinates":[[[133.1416,-11.8573],[133.1735,-11.7733],[133.1735,-11.728],[133.1361,-11.7023],[133.0929,-11.6727],[132.929,-11.5332],[132.8165,-11.5661],[132.776,-11.578],[132.7643,-11.5735],[132.6614,-11.5337],[132.3838,-11.2992],[132.2056,-11.3186],[132.0406,-11.3825],[132.0246,-11.4779],[132.1344,-11.5412],[132.3028,-11.5027],[132.5146,-11.6231],[132.6109,-11.7325],[132.6263,-11.7499],[132.6263,-11.7501],[132.6434,-11.7491],[132.756,-11.6549],[132.8027,-11.6065],[132.8577,-11.628],[132.9126,-11.6953],[132.9401,-11.7517],[132.9785,-11.8217],[133.0334,-11.8781],[133.0559,-11.9025],[133.0728,-11.8876],[133.0977,-11.8658],[133.1021,-11.862],[133.1416,-11.8573]]]},"properties":{"NAME":"Iwaidja","SUBJECTO":"Iwaidja","PARTOF":"Iwaidja","BORDERPRECISION":3,"LINK":null}},
{"type":"Feature","geometry":{"type":"Polygon","coordinates":[[[138.774,-32.0632],[138.8013,-32.1477],[139.4055,-32.0919],[139.7131,-32.0919],[139.9749,-32.0741],[139.9878,-32.0733],[140.0607,-32.0733],[140.1636,-32.0733],[140.1506,-31.9769],[140.138,-31.8831],[140.1196,-31.7469],[140.0537,-31.4943],[140.0317,-31.3067],[139.8779,-31.0247],[139.8779,-30.8079],[140.0208,-30.335],[140.0512,-30.2297],[140.0647,-30.1831],[140.0931,-30.1235],[140.1416,-30.0215],[140.1416,-29.8502],[140.1416,-29.793],[140.2185,-29.5639],[139.9768,-29.5161],[139.7241,-29.5065],[139.6283,-29.4996],[139.5923,-29.497],[139.5707,-29.5067],[139.4927,-29.5418],[139.4853,-29.5451],[139.433,-29.5687],[139.3176,-29.6833],[139.1144,-29.8311],[138.9825,-30.0596],[138.7573,-30.3207],[138.5101,-30.5812],[138.4387,-30.8645],[138.4277,-31.1094],[138.4497,-31.3583],[138.4717,-31.4802],[138.5266,-31.5739],[138.5615,-31.6928],[138.6293,-31.7207],[138.6475,-31.7282],[138.8397,-31.8729],[138.8397,-32.0314],[138.7858,-32.0575],[138.774,-32.0632]]]},"properties":{"NAME":"Andyamathanha","SUBJECTO":"Andyamathanha","PARTOF":"Andyamathanha","BORDERPRECISION":3,"LINK":null}},
{"type":"Feature","geometry":{"type":"Polygon","coordinates":[[[132.3416,-12.9834],[132.3248,-13.0527],[132.2919,-13.0741],[132.2901,-13.0879],[132.3688,-13.0955],[132.4384,-13.1314],[132.4512,-13.133],[132.5055,-13.1474],[132.6489,-13.1597],[132.6667,-13.1681],[132.7176,-13.1357],[132.7615,-13.0848],[132.8055,-12.9965],[132.8329,-12.9644],[132.8344,-12.9315],[132.8247,-12.9189],[132.8355,-12.9071],[132.8357,-12.9028],[132.8485,-12.8427],[132.8396,-12.8302],[132.8302,-12.8172],[132.7643,-12.8011],[132.7234,-12.81],[132.7173,-12.8113],[132.7148,-12.8118],[132.7148,-12.9082],[132.6654,-13.0153],[132.5555,-13.0153],[132.4072,-12.9939],[132.3468,-12.9617],[132.3416,-12.9834]]]},"properties":{"NAME":"Mbukarla","SUBJECTO":"Mbukarla","PARTOF":"Mbukarla","BORDERPRECISION":3,"LINK":null}},
{"type":"Feature","geometry":{"type":"MultiPolygon","coordinates":[[[[115.8351,-23.8462],[115.8034,-23.8665],[115.7684,-24.0013],[115.708,-24.1367],[115.6366,-24.2169],[115.5762,-24.4421],[115.5212,-24.6221],[115.4828,-24.6969],[115.4224,-24.8864],[115.3773,-24.9953],[115.4388,-25.011],[115.5652,-25.0856],[115.719,-25.1453],[115.7629,-25.1701],[115.752,-25.1768],[115.7684,-25.1701],[115.8196,-25.2038],[115.8541,-25.1986],[115.8948,-25.1055],[116.0596,-24.9661],[116.1365,-24.7618],[116.2903,-24.647],[116.3375,-24.6173],[116.3665,-24.5618],[116.3452,-24.4622],[116.4496,-24.1818],[116.4331,-23.9762],[116.3562,-23.916],[116.2738,-23.8758],[115.8948,-23.8557],[115.8351,-23.8462]]],[[[115.752,-25.1768],[115.719,-25.19],[115.7465,-25.1801],[115.752,-25.1768]]]]},"properties":{"NAME":"Warriyangga","SUBJECTO":"Warriyangga","PARTOF":"Warriyangga","BORDERPRECISION":3,"LINK":null}},
{"type":"Feature","geometry":{"type":"Polygon","coordinates":[[[143.9698,-19.5855],[143.8879,-19.4873],[143.7891,-19.3422],[143.6462,-19.114],[143.6023,-18.9686],[143.5144,-18.6983],[143.4866,-18.5316],[143.3936,-18.5942],[143.1299,-18.6931],[143.0319,-18.7328],[143.02,-18.8231],[142.9357,-18.8086],[142.9541,-18.9479],[142.9431,-19.2074],[142.8531,-19.4313],[142.903,-19.4646],[142.9102,-19.4562],[143.053,-19.4562],[143.2947,-19.508],[143.5583,-19.5701],[143.9539,-19.5805],[143.9698,-19.5855]]]},"properties":{"NAME":"Yanga","SUBJECTO":"Yanga","PARTOF":"Yanga","BORDERPRECISION":3,"LINK":null}},
{"type":"Feature","geometry":{"type":"Polygon","coordinates":[[[148.6946,-20.8291],[148.567,-20.6543],[148.6899,-20.3997],[148.7564,-20.2915],[148.7037,-20.2026],[148.1904,-20.1719],[148.1752,-20.1666],[148.299,-20.2725],[148.3978,-20.4219],[148.5077,-20.6122],[148.5901,-20.7921],[148.6349,-20.8619],[148.6946,-20.8291]]]},"properties":{"NAME":"Giya","SUBJECTO":"Giya","PARTOF":"Giya","BORDERPRECISION":3,"LINK":null}},
{"type":"Feature","geometry":{"type":"Polygon","coordinates":[[[132.6703,-12.7639],[132.7094,-12.7422],[132.6964,-12.6864],[132.6908,-12.6621],[132.6709,-12.576],[132.6764,-12.517],[132.6984,-12.4527],[132.7148,-12.3346],[132.7313,-12.2219],[132.7246,-12.2009],[132.6995,-12.2192],[132.6285,-12.2712],[132.4256,-12.322],[132.4,-12.3284],[132.3962,-12.3722],[132.3962,-12.5706],[132.4072,-12.7207],[132.4301,-12.7413],[132.4684,-12.7758],[132.4786,-12.785],[132.6324,-12.785],[132.662,-12.7686],[132.6703,-12.7639]]]},"properties":{"NAME":"Gagudju","SUBJECTO":"Gagudju","PARTOF":"Gagudju","BORDERPRECISION":3,"LINK":null}},
{"type":"Feature","geometry":{"type":"Polygon","coordinates":[[[139.0998,-35.0768],[138.9963,-35.0795],[138.5769,-35.3432],[138.5582,-35.355],[138.4944,-35.3951],[138.4585,-35.4826],[138.4298,-35.5524],[138.2257,-35.7319],[138.2355,-35.7376],[138.4222,-35.7198],[138.576,-35.693],[138.7903,-35.6573],[138.941,-35.7028],[139.1275,-35.6084],[139.3679,-35.6143],[139.381,-35.8055],[139.4445,-36.0413],[139.7434,-36.3723],[139.8257,-36.5954],[139.8627,-36.7804],[139.8414,-37.0267],[139.8401,-37.042],[139.9658,-37.042],[140.0414,-37.0533],[140.2158,-37.0793],[140.408,-37.0815],[140.625,-37.0694],[140.6648,-37.0464],[140.7046,-37.0223],[140.7184,-37.0058],[140.7307,-36.9653],[140.7349,-36.9334],[140.7225,-36.8983],[140.7177,-36.8937],[140.6772,-36.8554],[140.592,-36.8511],[140.4767,-36.8467],[140.3394,-36.8357],[140.2377,-36.8357],[140.1718,-36.5449],[140.1261,-36.3316],[140.0875,-36.3293],[139.9988,-36.324],[139.845,-36.1734],[139.7681,-35.9869],[139.6582,-35.7198],[139.5703,-35.4696],[139.4824,-35.2905],[139.3835,-35.2187],[139.4096,-35.1938],[139.3066,-35.1738],[139.1023,-35.1434],[139.0649,-35.1379],[139.0998,-35.0768]]]},"properties":{"NAME":"Ngarrindjeri","SUBJECTO":"Ngarrindjeri","PARTOF":"Ngarrindjeri","BORDERPRECISION":3,"LINK":null}},
{"type":"Feature","geometry":{"type":"Polygon","coordinates":[[[122.927,-16.7335],[122.869,-16.6593],[122.7612,-16.5966],[122.731,-16.6493],[122.7338,-16.7151],[122.7595,-16.7414],[122.7859,-16.7414],[122.8629,-16.7335],[122.927,-16.7335]]]},"properties":{"NAME":"Bardi","SUBJECTO":"Bardi","PARTOF":"Bardi","BORDERPRECISION":3,"LINK":null}},
{"type":"Feature","geometry":{"type":"Polygon","coordinates":[[[133.4476,-11.9034],[133.3973,-11.8818],[133.1735,-11.728],[133.1735,-11.7733],[133.1416,-11.8573],[133.1708,-11.8539],[133.4476,-11.9034]]]},"properties":{"NAME":"Maung","SUBJECTO":"Maung","PARTOF":"Maung","BORDERPRECISION":3,"LINK":null}},
{"type":"Feature","geometry":{"type":"Polygon","coordinates":[[[118.6889,-20.3403],[118.6209,-20.3749],[118.6743,-20.4219],[118.7567,-20.4991],[118.8062,-20.6174],[118.8007,-20.9871],[118.7402,-21.1511],[118.6963,-21.315],[118.6359,-21.54],[118.6417,-21.5996],[118.6453,-21.6367],[118.6523,-21.7085],[118.7183,-21.7187],[118.8281,-21.7901],[118.894,-21.836],[118.938,-21.8972],[118.96,-21.9838],[119.0276,-22.0089],[119.0325,-22.0107],[119.1248,-22.0449],[119.2841,-22.0449],[119.6686,-22.0704],[119.9323,-22.1111],[120.0806,-22.0907],[120.4047,-22.0856],[120.6848,-22.1111],[120.954,-22.162],[121.0693,-22.2332],[121.1038,-22.1986],[121.0803,-22.106],[121.1208,-22.0559],[121.1462,-22.0245],[121.1946,-22.0166],[121.1353,-21.9532],[121.1353,-21.8411],[121.1133,-21.5962],[121.0584,-21.2894],[120.9045,-20.982],[120.6738,-20.828],[120.4761,-20.6945],[120.2234,-20.5196],[120.0256,-20.2828],[119.9569,-20.1438],[119.9439,-20.1175],[119.9268,-20.1127],[119.8883,-20.1746],[119.8279,-20.2622],[119.718,-20.3446],[119.6356,-20.391],[119.3829,-20.3549],[119.1907,-20.2828],[119.0259,-20.2364],[118.8831,-20.1488],[118.8278,-20.1398],[118.8101,-20.1735],[118.7343,-20.3172],[118.6889,-20.3403]]]},"properties":{"NAME":"Nyamal","SUBJECTO":"Nyamal","PARTOF":"Nyamal","BORDERPRECISION":3,"LINK":null}},
{"type":"Feature","geometry":{"type":"Polygon","coordinates":[[[138.9321,-26.1508],[138.9936,-26.1949],[139.1309,-26.1949],[139.4714,-26.2047],[139.7791,-26.2836],[140.1965,-26.2836],[140.3599,-26.2296],[140.4272,-26.0765],[140.5024,-25.9499],[140.4163,-25.9185],[140.4822,-25.7207],[140.5804,-25.5288],[140.602,-25.4865],[140.5042,-25.4234],[140.2185,-25.3142],[139.856,-25.195],[139.4824,-25.2049],[139.3704,-25.2205],[139.3506,-25.2546],[139.3204,-25.3131],[139.1968,-25.5524],[139.1089,-25.6811],[138.9159,-25.9281],[138.8617,-25.9975],[138.8467,-25.9856],[138.8562,-26.0963],[138.9321,-26.1508]]]},"properties":{"NAME":"Yarluyandi","SUBJECTO":"Yarluyandi","PARTOF":"Yarluyandi","BORDERPRECISION":3,"LINK":null}},
{"type":"Feature","geometry":{"type":"Polygon","coordinates":[[[147.2633,-19.9114],[147.3486,-19.9114],[147.6672,-19.932],[147.7386,-19.9473],[147.5936,-19.8553],[147.4668,-19.6506],[147.4118,-19.6529],[147.2882,-19.7047],[147.2635,-19.7486],[147.258,-19.8236],[147.2552,-19.8933],[147.2633,-19.9114]]]},"properties":{"NAME":"Yuru","SUBJECTO":"Yuru","PARTOF":"Yuru","BORDERPRECISION":3,"LINK":null}},
{"type":"Feature","geometry":{"type":"Polygon","coordinates":[[[129.9923,-14.434],[129.9973,-14.4343],[130.0203,-14.4135],[130.0202,-14.4132],[129.9765,-14.3815],[129.9271,-14.3602],[129.8996,-14.3682],[129.8721,-14.3256],[129.8611,-14.267],[129.8584,-14.1978],[129.8721,-14.1259],[129.8886,-14.0972],[129.8845,-14.0966],[129.8828,-14.0893],[129.8735,-14.05],[129.8969,-13.9927],[129.8694,-13.9834],[129.7635,-14.0071],[129.7633,-14.0191],[129.5962,-14.168],[129.614,-14.267],[129.6497,-14.3362],[129.7238,-14.4054],[129.809,-14.4453],[129.9243,-14.4294],[129.9923,-14.434]]]},"properties":{"NAME":"Marringarr","SUBJECTO":"Marringarr","PARTOF":"Marringarr","BORDERPRECISION":3,"LINK":null}},
{"type":"Feature","geometry":{"type":"MultiPolygon","coordinates":[[[[150.0023,-24.9245],[150.0073,-24.9612],[150.0073,-25.1801],[150.0073,-25.3788],[150.0458,-25.6217],[150.0432,-25.6905],[150.0897,-25.7009],[150.2325,-25.6861],[150.5566,-25.6613],[150.7499,-25.6482],[150.7104,-25.6019],[150.6885,-25.4036],[150.6116,-25.1204],[150.6006,-24.9263],[150.614,-24.7887],[150.5786,-24.7967],[150.4083,-24.8416],[150.1172,-24.9163],[150.0023,-24.9245]]],[[[149.9427,-24.9287],[149.9434,-24.9436],[149.9915,-24.9253],[149.9427,-24.9287]]]]},"properties":{"NAME":"Wuli-wuli","SUBJECTO":"Wuli-wuli","PARTOF":"Wuli-wuli","BORDERPRECISION":3,"LINK":null}},
{"type":"Feature","geometry":{"type":"MultiPolygon","coordinates":[[[[143.9918,-34.8197],[143.998,-34.8292],[143.9931,-34.8199],[143.9918,-34.8197]]],[[[143.038,-34.8478],[143.0444,-34.8608],[143.2397,-35.012],[143.3167,-35.2366],[143.3418,-35.3084],[143.4869,-35.3084],[143.7067,-35.2636],[143.833,-35.1783],[143.9374,-35.0795],[144.0363,-34.9445],[144.0479,-34.9205],[144.0108,-34.8536],[143.8907,-34.8251],[143.8303,-34.7958],[143.7067,-34.7484],[143.5776,-34.7439],[143.465,-34.7258],[143.4073,-34.6987],[143.3881,-34.6694],[143.3829,-34.6694],[143.2892,-34.6694],[143.1683,-34.7236],[143.0145,-34.8003],[143.038,-34.8478]]]]},"properties":{"NAME":"Wadi Wadi","SUBJECTO":"Wadi Wadi","PARTOF":"Wadi Wadi","BORDERPRECISION":3,"LINK":null}},
{"type":"Feature","geometry":{"type":"Polygon","coordinates":[[[116.5468,-34.8654],[116.5594,-34.8364],[116.5704,-34.6332],[116.499,-34.3389],[116.3562,-34.3026],[116.2408,-34.2391],[116.1859,-34.2163],[116.1804,-34.1664],[116.2023,-33.9358],[116.1941,-33.9269],[116.0541,-33.802],[115.9903,-33.7146],[115.8677,-33.6704],[115.8453,-33.6695],[115.8069,-33.738],[115.7563,-33.8305],[115.7407,-33.8591],[115.7245,-33.8887],[115.3729,-34.0845],[115.3493,-34.1158],[115.1485,-34.3822],[115.1367,-34.3978],[115.1477,-34.425],[115.2631,-34.4386],[115.4608,-34.493],[115.6476,-34.597],[115.8618,-34.8093],[116.0046,-34.9355],[116.2354,-34.994],[116.4276,-35.048],[116.4465,-35.027],[116.5468,-34.8654]]]},"properties":{"NAME":"Bibbulman","SUBJECTO":"Bibbulman","PARTOF":"Bibbulman","BORDERPRECISION":3,"LINK":null}},
{"type":"Feature","geometry":{"type":"Polygon","coordinates":[[[147.7312,-21.8207],[147.5354,-21.8207],[147.2827,-21.8207],[147.019,-21.8513],[146.8597,-21.8717],[146.7948,-21.8735],[146.8213,-21.9227],[146.8433,-22.1569],[146.7781,-22.3302],[146.9861,-22.345],[147.1399,-22.3958],[147.2374,-22.4896],[147.2598,-22.5111],[147.4585,-22.4821],[147.6123,-22.4821],[147.7127,-22.4821],[147.7032,-22.4435],[147.7002,-22.4313],[147.7332,-22.3602],[147.7606,-22.2738],[147.7606,-22.1416],[147.7277,-22.0347],[147.7277,-21.8972],[147.7312,-21.8207]]]},"properties":{"NAME":"Yambina","SUBJECTO":"Yambina","PARTOF":"Yambina","BORDERPRECISION":3,"LINK":null}},
{"type":"Feature","geometry":{"type":"Polygon","coordinates":[[[126.0022,-14.6875],[126.0265,-14.6832],[126.0461,-14.6367],[126.3538,-14.541],[126.6943,-14.3815],[126.7473,-14.3815],[126.7477,-14.3808],[126.6888,-14.3495],[126.6394,-14.2378],[126.6166,-14.203],[126.546,-14.3502],[126.4257,-14.147],[126.2684,-14.0711],[126.1015,-14.2049],[125.9678,-14.4797],[126.0022,-14.541],[126.0022,-14.6474],[126.0022,-14.6875]]]},"properties":{"NAME":"Gamberre","SUBJECTO":"Gamberre","PARTOF":"Gamberre","BORDERPRECISION":3,"LINK":null}},
{"type":"Feature","geometry":{"type":"Polygon","coordinates":[[[125.5148,-24.6107],[125.5078,-24.6171],[125.5188,-25.0458],[125.6616,-25.3738],[125.8374,-25.6811],[126.3098,-25.9975],[126.6833,-26.2442],[127.0459,-26.4214],[127.252,-26.4977],[127.3379,-26.5296],[127.3645,-26.5394],[127.6831,-26.4804],[127.8259,-26.382],[127.9358,-26.2047],[128.2104,-25.9975],[128.573,-25.9975],[128.8546,-26.0055],[128.9246,-26.0074],[129.0234,-25.898],[129.0674,-25.8493],[129.1003,-25.5722],[129.0894,-25.1652],[129.0344,-24.7967],[128.886,-24.4303],[128.8806,-24.4171],[128.866,-24.3954],[128.4961,-24.267],[128.1445,-24.1267],[127.9657,-24.0587],[128.0127,-24.1066],[126.156,-24.2269],[125.8813,-24.4871],[125.6067,-24.637],[125.5278,-24.5989],[125.5148,-24.6107]]]},"properties":{"NAME":"Ngatatjara","SUBJECTO":"Ngatatjara","PARTOF":"Ngatatjara","BORDERPRECISION":3,"LINK":null}},
{"type":"Feature","geometry":{"type":"Polygon","coordinates":[[[121.002,-23.3035],[120.9814,-23.2817],[120.7178,-23.3523],[120.2783,-23.4028],[119.9487,-23.3725],[119.8059,-23.3725],[119.6657,-23.3952],[119.6414,-23.3992],[119.6191,-23.4028],[119.6191,-23.4582],[119.6191,-23.5136],[119.6268,-23.5287],[119.696,-23.6647],[119.8059,-23.9361],[119.8608,-24.1668],[119.8828,-24.4271],[119.8279,-24.7069],[119.718,-24.9263],[119.7131,-24.9332],[119.7729,-24.9711],[119.7632,-24.9901],[119.696,-25.1204],[119.6466,-25.1751],[119.4653,-25.2596],[119.339,-25.3341],[119.3004,-25.3446],[119.1278,-25.4262],[119.0094,-25.5474],[118.9545,-25.6465],[118.9295,-25.7395],[118.916,-25.79],[118.9128,-25.8098],[119.2346,-25.8098],[119.6411,-25.9975],[119.9487,-26.0963],[120.4102,-26.2442],[120.6079,-26.3131],[120.7816,-26.4138],[120.7947,-26.4214],[120.8262,-26.4308],[121.0254,-26.4902],[121.2012,-26.4706],[121.2891,-26.4017],[121.5198,-26.3623],[121.7725,-26.2737],[121.9373,-26.0963],[122.2778,-26.0469],[122.4976,-26.0074],[122.6239,-26.0074],[122.7771,-26.0074],[122.7942,-26.0074],[122.948,-26.0272],[122.97,-25.7801],[122.97,-25.5325],[122.9503,-25.4021],[122.9095,-25.3738],[122.8718,-25.3345],[122.8381,-25.2993],[122.2614,-24.7967],[121.9537,-24.5271],[121.712,-24.267],[121.4539,-24.0013],[121.1902,-23.7652],[121.0638,-23.559],[120.9705,-23.438],[120.9602,-23.3877],[120.954,-23.3574],[121.002,-23.3035]]]},"properties":{"NAME":"Wawula","SUBJECTO":"Wawula","PARTOF":"Wawula","BORDERPRECISION":3,"LINK":null}},
{"type":"Feature","geometry":{"type":"Polygon","coordinates":[[[123.2886,-21.3563],[123.5632,-21.0537],[123.7061,-20.8999],[123.8379,-20.7458],[123.8379,-20.679],[123.8379,-20.5299],[123.8379,-20.4167],[123.8049,-20.0353],[123.5852,-19.6736],[123.3325,-19.363],[123.1458,-19.1348],[122.764,-19.0325],[122.7361,-19.0251],[122.4866,-18.9582],[121.8384,-18.8439],[121.5444,-18.7863],[121.5395,-18.7854],[121.5168,-18.8364],[121.3865,-19.1164],[121.1943,-19.3775],[120.8721,-19.6769],[120.7104,-19.7727],[120.2229,-19.9835],[119.9732,-20.0652],[119.9257,-20.0808],[119.9439,-20.1175],[119.9569,-20.1438],[120.0256,-20.2828],[120.2234,-20.5196],[120.4761,-20.6945],[120.6738,-20.828],[120.9045,-20.982],[121.0584,-21.2894],[121.1133,-21.5962],[121.1353,-21.8411],[121.1353,-21.9532],[121.1946,-22.0166],[121.2203,-22.0124],[121.333,-21.994],[121.3989,-22.1467],[121.6296,-22.2179],[122.2009,-22.4009],[122.5415,-22.411],[122.7612,-21.9838],[123.1677,-21.3815],[123.2739,-21.3725],[123.2886,-21.3563]]]},"properties":{"NAME":"Nyangumarda","SUBJECTO":"Nyangumarda","PARTOF":"Nyangumarda","BORDERPRECISION":3,"LINK":null}},
{"type":"Feature","geometry":{"type":"Polygon","coordinates":[[[138.4933,-22.0435],[138.5815,-22.0653],[138.7375,-22.1215],[139.2078,-22.1467],[139.2223,-22.1611],[139.2242,-22.1518],[139.2379,-22.1274],[139.2627,-22.0829],[139.2627,-21.5157],[139.2572,-21.5144],[139.2078,-21.5434],[139.1528,-21.5757],[139.1418,-21.187],[139.0898,-20.9685],[139.082,-20.9587],[139.0869,-21.0025],[138.9331,-21.2689],[138.6475,-21.4326],[138.3618,-21.5144],[137.9663,-21.7391],[137.9553,-21.7391],[138.0652,-21.8411],[138.3838,-21.9532],[138.4933,-22.0435]]]},"properties":{"NAME":"Warluwarra","SUBJECTO":"Warluwarra","PARTOF":"Warluwarra","BORDERPRECISION":3,"LINK":null}},
{"type":"Feature","geometry":{"type":"Polygon","coordinates":[[[139.9895,-20.0783],[140.0096,-20.0999],[140.0222,-20.1135],[140.0647,-20.1075],[140.0761,-20.1451],[140.0867,-20.1797],[140.0885,-20.186],[140.2075,-20.1488],[140.4712,-19.8701],[140.658,-19.715],[140.8997,-19.4562],[141.1084,-19.3957],[141.1084,-19.3552],[141.1084,-19.2282],[141.0315,-18.8127],[140.9985,-18.6254],[140.8997,-18.3128],[140.8633,-18.2437],[140.8271,-18.1749],[140.7898,-18.2711],[140.625,-18.5004],[140.3833,-18.4588],[140.0867,-18.3962],[140.0419,-18.4087],[139.8999,-18.4483],[139.904,-18.4915],[139.9329,-18.7919],[140.0208,-19.031],[140.0208,-19.4769],[140.0098,-19.8494],[139.9895,-20.0783]]]},"properties":{"NAME":"Mayi-Yapi","SUBJECTO":"Mayi-Yapi","PARTOF":"Mayi-Yapi","BORDERPRECISION":3,"LINK":null}},
{"type":"Feature","geometry":{"type":"Polygon","coordinates":[[[147.2633,-19.9114],[147.223,-19.9114],[147.2717,-20.0869],[147.2498,-20.324],[147.2168,-20.5094],[147.1608,-20.5505],[147.137,-20.5681],[147.2058,-20.6688],[147.3322,-20.8537],[147.442,-20.9973],[147.5903,-21.1818],[147.7332,-21.2689],[147.7826,-21.3559],[147.7386,-21.4531],[147.7222,-21.5706],[147.7436,-21.5763],[147.7775,-21.5853],[147.8375,-21.6013],[147.9858,-21.6574],[148.3978,-21.6574],[148.5876,-21.6596],[148.6091,-21.6598],[148.8538,-21.6625],[149.02,-21.641],[149.0591,-21.6359],[149.09,-21.6319],[149.0856,-21.622],[149.0722,-21.5913],[149.0295,-21.494],[148.8428,-21.1614],[148.689,-20.946],[148.6472,-20.881],[148.6349,-20.8619],[148.5901,-20.7921],[148.5077,-20.6122],[148.3978,-20.4219],[148.299,-20.2725],[148.1752,-20.1666],[148.1061,-20.1425],[148.0916,-20.1375],[147.9729,-20.0961],[147.7386,-19.9473],[147.6672,-19.932],[147.3486,-19.9114],[147.2633,-19.9114]]]},"properties":{"NAME":"Biri","SUBJECTO":"Biri","PARTOF":"Biri","BORDERPRECISION":3,"LINK":null}},
{"type":"Feature","geometry":{"type":"Polygon","coordinates":[[[150.282,-28.459],[149.6338,-28.7965],[148.9966,-28.8639],[148.3813,-28.8832],[147.887,-28.9697],[147.7831,-28.9847],[147.7462,-28.9901],[147.4693,-29.0302],[147.4393,-29.0346],[147.4393,-29.0421],[147.4393,-29.1282],[147.2827,-29.3367],[146.9998,-29.5472],[146.8432,-29.8471],[146.8372,-29.8586],[146.813,-29.9049],[146.8508,-29.9413],[146.8872,-29.9763],[146.9274,-29.9983],[147.0657,-30.0738],[147.3816,-30.119],[147.6645,-30.1095],[147.8925,-30.0548],[148.038,-30.0358],[148.082,-30.0691],[148.2111,-30.1997],[148.2907,-30.3658],[148.4528,-30.6355],[148.5764,-30.5977],[148.6395,-30.6095],[148.7933,-30.7371],[148.9087,-30.8645],[148.9417,-31.0623],[149.0405,-31.1188],[149.1806,-31.2574],[149.1861,-31.3912],[149.1421,-31.5083],[149.0415,-31.7849],[149.1738,-31.837],[149.6558,-32.0267],[149.7047,-32.082],[149.7236,-32.1033],[149.9634,-32.022],[150.282,-31.8915],[150.5292,-31.8356],[150.8643,-31.7795],[151.2927,-31.644],[151.3477,-31.6362],[151.4246,-31.6253],[151.4269,-31.6134],[151.4575,-31.4568],[151.3363,-31.162],[151.3147,-31.1094],[151.2158,-30.9776],[151.062,-30.8079],[150.9741,-30.6474],[150.9631,-30.3444],[150.9741,-30.1071],[150.9961,-29.8883],[150.9961,-29.8406],[150.9961,-29.7978],[150.9961,-29.7167],[150.9192,-29.5161],[150.9741,-29.3439],[150.9631,-29.1426],[150.9412,-28.9697],[150.9741,-28.7773],[150.9343,-28.7308],[150.9324,-28.7265],[150.9318,-28.7277],[150.9308,-28.7267],[150.8752,-28.6617],[150.8093,-28.5459],[150.6775,-28.4107],[150.4358,-28.3914],[150.282,-28.459]]]},"properties":{"NAME":"Kamilaroi","SUBJECTO":"Kamilaroi","PARTOF":"Kamilaroi","BORDERPRECISION":3,"LINK":null}},
{"type":"Feature","geometry":{"type":"Polygon","coordinates":[[[142.937,-17.252],[142.998,-17.3297],[143.042,-17.3821],[143.1081,-17.4105],[143.1299,-17.4198],[143.2617,-17.4764],[143.3826,-17.6021],[143.4045,-17.7382],[143.4485,-17.9892],[143.4485,-18.2189],[143.4595,-18.3545],[143.4805,-18.4941],[143.4814,-18.5004],[143.4866,-18.5316],[143.5144,-18.6983],[143.6023,-18.9686],[143.6462,-19.114],[143.7891,-19.3422],[143.8879,-19.4873],[143.9698,-19.5855],[143.9861,-19.6051],[144.0088,-19.6322],[144.0567,-19.6129],[144.2189,-19.5474],[144.2725,-19.4666],[144.4263,-19.2593],[144.4922,-19.0413],[144.4922,-18.7815],[144.4812,-18.5109],[144.4815,-18.5023],[144.4702,-18.4275],[144.4871,-18.3312],[144.4922,-18.1772],[144.5691,-17.8951],[144.5691,-17.6964],[144.646,-17.5498],[144.7723,-17.5498],[144.8053,-17.5498],[144.7778,-17.445],[144.7601,-17.433],[144.725,-17.4094],[144.5911,-17.3192],[144.3713,-17.1198],[144.2175,-16.8676],[144.0088,-16.6362],[143.9429,-16.4888],[143.8899,-16.4888],[143.8839,-16.4888],[143.7012,-16.4888],[143.5254,-16.5941],[143.5083,-16.6093],[143.5419,-16.6415],[143.4974,-16.6867],[143.454,-16.7309],[143.3661,-16.8624],[143.1793,-17.0043],[142.9706,-17.1985],[142.9456,-17.2383],[142.937,-17.252]]]},"properties":{"NAME":"Agwarmin","SUBJECTO":"Agwarmin","PARTOF":"Agwarmin","BORDERPRECISION":3,"LINK":null}},
{"type":"Feature","geometry":{"type":"Polygon","coordinates":[[[149.5006,-37.0379],[149.8233,-37.1012],[149.9277,-37.1034],[149.9525,-37.0753],[149.9753,-37.0494],[149.9752,-37.0469],[150.0107,-36.6257],[150.0865,-36.1535],[150.2215,-35.6941],[150.3428,-35.5472],[150.4799,-35.4693],[150.5237,-35.3846],[150.6528,-35.2366],[150.7489,-35.1985],[150.8013,-35.1513],[150.818,-35.1082],[150.816,-35.1063],[150.7956,-35.0862],[150.6995,-35.0795],[150.433,-34.976],[150.3561,-34.9422],[150.3297,-34.935],[150.2573,-34.9152],[150.2251,-34.9229],[150.0787,-34.958],[150.0073,-35.003],[149.8453,-35.0952],[149.6504,-35.2131],[149.6448,-35.2165],[149.619,-35.2312],[149.4848,-35.3082],[149.4415,-35.3331],[149.4415,-35.368],[149.4879,-35.3718],[149.5135,-35.3739],[149.5898,-35.3801],[149.491,-35.8356],[149.491,-36.3151],[149.502,-36.7037],[149.502,-36.9818],[149.502,-37.0376],[149.5006,-37.0379]]]},"properties":{"NAME":"Yuin","SUBJECTO":"Yuin","PARTOF":"Yuin","BORDERPRECISION":3,"LINK":null}},
{"type":"Feature","geometry":{"type":"Polygon","coordinates":[[[146.5469,-21.5989],[146.5521,-21.6574],[146.6785,-21.8768],[146.7886,-21.8737],[146.7948,-21.8735],[146.8597,-21.8717],[147.019,-21.8513],[147.2827,-21.8207],[147.5354,-21.8207],[147.7312,-21.8207],[147.7826,-21.8207],[147.7828,-21.8195],[147.7936,-21.7595],[147.7775,-21.5853],[147.7436,-21.5763],[147.7222,-21.5706],[147.7386,-21.4531],[147.7826,-21.3559],[147.7332,-21.2689],[147.5903,-21.1818],[147.442,-20.9973],[147.3322,-20.8537],[147.2058,-20.6688],[147.137,-20.5681],[147.063,-20.6225],[146.9312,-20.5505],[146.9301,-20.5502],[146.9208,-20.552],[146.8488,-20.6431],[146.5741,-20.6945],[146.5411,-20.9255],[146.5576,-21.1921],[146.5686,-21.361],[146.5851,-21.5195],[146.5892,-21.5348],[146.6071,-21.6013],[146.5469,-21.5989]]]},"properties":{"NAME":"Yangga","SUBJECTO":"Yangga","PARTOF":"Yangga","BORDERPRECISION":3,"LINK":null}},
{"type":"Feature","geometry":{"type":"Polygon","coordinates":[[[149.6337,-27.274],[149.5129,-27.3035],[149.4184,-27.3321],[149.3921,-27.4644],[149.3811,-27.7273],[149.4141,-27.7895],[149.5074,-27.9653],[149.4031,-27.9944],[149.1449,-28.0429],[148.8043,-28.135],[148.4308,-28.135],[148.4143,-28.256],[148.3884,-28.2923],[148.266,-28.4639],[148.1232,-28.6424],[147.9144,-28.8543],[147.8092,-28.9588],[147.7831,-28.9847],[147.887,-28.9697],[148.3813,-28.8832],[148.9966,-28.8639],[149.6338,-28.7965],[150.282,-28.459],[150.4358,-28.3914],[150.6775,-28.4107],[150.8093,-28.5459],[150.8752,-28.6617],[150.9308,-28.7267],[150.9318,-28.7277],[150.9324,-28.7265],[150.9336,-28.7239],[150.9576,-28.7002],[150.9082,-28.6569],[150.9082,-28.5073],[150.8258,-28.2512],[150.8038,-28.0235],[150.8148,-27.8342],[150.8313,-27.6397],[150.9686,-27.5375],[150.9678,-27.5285],[150.8917,-27.5472],[150.8748,-27.5023],[150.8643,-27.4742],[150.8478,-27.362],[150.7324,-27.2839],[150.5566,-27.2058],[150.3699,-27.2058],[150.0842,-27.196],[149.7931,-27.2351],[149.6337,-27.274]]]},"properties":{"NAME":"Bigambul","SUBJECTO":"Bigambul","PARTOF":"Bigambul","BORDERPRECISION":3,"LINK":null}},
{"type":"Feature","geometry":{"type":"Polygon","coordinates":[[[133.8586,-14.8926],[133.8249,-14.9352],[133.7585,-15.0191],[133.6971,-15.0635],[133.6926,-15.0668],[133.6267,-15.1146],[133.6267,-15.3584],[133.6157,-15.5807],[133.5608,-15.7923],[133.4949,-16.0353],[133.4839,-16.2147],[133.4956,-16.2259],[133.5117,-16.2413],[133.6597,-16.3834],[133.8684,-16.5625],[134.0112,-16.7099],[134.3079,-16.9727],[134.4507,-17.2143],[134.485,-17.1958],[134.6717,-17.0949],[134.7034,-17.0778],[134.9121,-16.9097],[135.022,-16.7519],[135.2417,-16.5098],[135.3955,-16.3623],[135.3977,-16.3301],[135.4175,-16.0458],[135.4342,-15.8368],[135.4395,-15.7711],[135.4393,-15.7681],[135.4285,-15.5701],[135.3845,-15.4007],[135.2307,-15.2842],[134.9561,-15.1782],[134.9082,-15.165],[134.8966,-15.1618],[134.7253,-15.1146],[134.4946,-14.9342],[134.2969,-14.7961],[134.1464,-14.7234],[134.1431,-14.7218],[134.0669,-14.7411],[133.9343,-14.7749],[133.9014,-14.8386],[133.8586,-14.8926]]]},"properties":{"NAME":"Alawa","SUBJECTO":"Alawa","PARTOF":"Alawa","BORDERPRECISION":3,"LINK":null}},
{"type":"Feature","geometry":{"type":"Polygon","coordinates":[[[142.6641,-38.0526],[142.7097,-38.0243],[142.7097,-38.0008],[142.7097,-37.9832],[142.6738,-37.9677],[142.5641,-37.9204],[142.4075,-37.8749],[142.2784,-37.8098],[142.1191,-37.7642],[142.0313,-37.7251],[141.9406,-37.7099],[141.9374,-37.7087],[141.91,-37.7647],[141.9049,-37.7751],[141.6632,-37.7751],[141.4709,-37.6708],[141.4201,-37.6305],[141.4243,-37.6425],[141.3954,-37.6708],[141.3322,-37.6697],[141.2801,-37.6697],[141.2389,-37.6816],[141.2457,-37.7132],[141.2416,-37.7468],[141.2265,-37.7729],[141.2266,-37.7756],[141.2279,-37.7978],[141.2856,-37.877],[141.2993,-37.916],[141.2924,-37.9669],[141.2581,-37.981],[141.2759,-38.0286],[141.2649,-38.0431],[141.2512,-38.0611],[141.238,-38.0591],[141.194,-38.0525],[141.1716,-38.0492],[141.0974,-38.021],[141.0888,-38.0173],[141.0548,-38.0027],[141.004,-37.9864],[140.9942,-37.9887],[140.9723,-37.9939],[140.9628,-37.9962],[140.9587,-38.0021],[140.9572,-38.0043],[140.9464,-38.02],[140.9464,-38.0632],[140.9525,-38.068],[140.9752,-38.0859],[140.993,-38.0913],[141.1249,-38.1734],[141.2128,-38.2339],[141.2787,-38.3373],[141.3556,-38.4235],[141.4819,-38.4536],[141.5918,-38.4278],[141.7346,-38.3718],[141.9434,-38.3933],[142.218,-38.4622],[142.3114,-38.4622],[142.424,-38.4622],[142.4817,-38.4299],[142.5133,-38.4106],[142.547,-38.3992],[142.5517,-38.3976],[142.5874,-38.3826],[142.5998,-38.3524],[142.6176,-38.333],[142.6369,-38.305],[142.663,-38.2802],[142.6726,-38.2479],[142.674,-38.2047],[142.6904,-38.1497],[142.6767,-38.0978],[142.6606,-38.0634],[142.6575,-38.0567],[142.6641,-38.0526]]]},"properties":{"NAME":"Gunditjmara","SUBJECTO":"Gunditjmara","PARTOF":"Gunditjmara","BORDERPRECISION":3,"LINK":null}},
{"type":"Feature","geometry":{"type":"Polygon","coordinates":[[[145.7983,-35.9878],[145.7666,-35.9958],[145.7666,-36.0491],[145.7892,-36.0908],[145.7877,-36.0932],[145.7912,-36.0946],[145.8215,-36.1068],[145.8984,-36.2398],[146.0358,-36.3726],[146.0907,-36.4876],[146.2225,-36.6155],[146.3104,-36.7213],[146.5302,-36.9192],[146.6565,-36.9894],[146.8433,-36.9938],[146.9531,-37.0201],[146.9531,-37.0552],[146.9861,-37.0552],[147.1838,-37.0026],[147.1908,-37.009],[147.2278,-36.9499],[147.2937,-36.7741],[147.2937,-36.5714],[147.2923,-36.5331],[147.2717,-36.3594],[147.2278,-36.129],[147.2052,-36.1016],[146.9531,-36.1201],[146.1841,-36.0846],[145.8167,-35.9924],[145.7983,-35.9878]]]},"properties":{"NAME":"Waveroo","SUBJECTO":"Waveroo","PARTOF":"Waveroo","BORDERPRECISION":3,"LINK":null}},
{"type":"Feature","geometry":{"type":"Polygon","coordinates":[[[144.7614,-34.6829],[144.6954,-34.6648],[144.5471,-34.6603],[144.267,-34.7506],[144.1022,-34.8093],[144.096,-34.8219],[144.0479,-34.9205],[144.0363,-34.9445],[143.9374,-35.0795],[143.833,-35.1783],[143.7067,-35.2636],[143.4869,-35.3084],[143.3418,-35.3084],[143.3541,-35.3435],[143.3606,-35.3622],[143.4265,-35.559],[143.5583,-35.7465],[143.684,-35.7975],[143.7313,-35.7962],[143.8165,-35.7242],[144.0308,-35.568],[144.2065,-35.4293],[144.3849,-35.3055],[144.4043,-35.286],[144.5411,-35.1626],[144.657,-35.03],[144.7559,-34.8994],[144.8383,-34.7552],[144.8546,-34.7762],[144.8555,-34.7745],[144.798,-34.693],[144.7614,-34.6829]]]},"properties":{"NAME":"Wemba Wemba","SUBJECTO":"Wemba Wemba","PARTOF":"Wemba Wemba","BORDERPRECISION":3,"LINK":null}},
{"type":"Feature","geometry":{"type":"Polygon","coordinates":[[[133.162,-14.9016],[133.0994,-14.9554],[132.9016,-15.0297],[132.6929,-15.0191],[132.4622,-14.9766],[132.3034,-15.0245],[132.2864,-15.0297],[132.2314,-15.21],[132.3193,-15.4854],[132.3193,-15.7605],[132.3193,-15.8933],[132.3193,-15.9613],[132.3303,-16.1092],[132.3912,-16.1903],[132.4292,-16.1619],[132.5336,-16.2569],[132.6324,-16.415],[132.8796,-16.4888],[133.1873,-16.4888],[133.3675,-16.4187],[133.3905,-16.4097],[133.3927,-16.4221],[133.429,-16.3939],[133.4925,-16.2337],[133.4956,-16.2259],[133.4839,-16.2147],[133.4949,-16.0353],[133.5608,-15.7923],[133.6157,-15.5807],[133.6267,-15.3584],[133.6267,-15.1146],[133.6926,-15.0668],[133.6971,-15.0635],[133.7036,-14.9448],[133.396,-14.9129],[133.2043,-14.8718],[133.1807,-14.8971],[133.1708,-14.9076],[133.162,-14.9016]]]},"properties":{"NAME":"Yangman","SUBJECTO":"Yangman","PARTOF":"Yangman","BORDERPRECISION":3,"LINK":null}},
{"type":"Feature","geometry":{"type":"Polygon","coordinates":[[[150.0432,-25.6905],[150.0018,-25.6811],[150.0006,-25.694],[149.9854,-25.8493],[149.9819,-25.8944],[149.9804,-25.9134],[149.9744,-25.9926],[149.848,-26.0963],[149.6832,-26.1258],[149.5294,-26.1258],[149.4944,-26.1777],[149.4196,-26.2885],[149.4196,-26.3232],[149.4196,-26.4804],[149.3152,-26.8388],[149.2987,-27.1765],[149.2712,-27.3766],[149.4184,-27.3321],[149.5129,-27.3035],[149.6337,-27.274],[149.7931,-27.2351],[150.0842,-27.196],[150.3699,-27.2058],[150.5566,-27.2058],[150.7324,-27.2839],[150.8478,-27.362],[150.8643,-27.4742],[150.8748,-27.5023],[150.8917,-27.5472],[150.9678,-27.5285],[150.9906,-27.5229],[151.062,-27.5326],[151.1115,-27.5911],[151.1609,-27.6689],[151.1829,-27.7808],[151.3257,-27.8391],[151.3501,-27.8391],[151.507,-27.8391],[152.2925,-27.7711],[152.4298,-27.7711],[152.4285,-27.7542],[152.4188,-27.6349],[152.3145,-27.4254],[152.2266,-27.2351],[152.2181,-27.2195],[152.1801,-27.149],[152.1606,-27.1129],[152.0618,-26.9661],[151.9739,-26.8339],[151.5839,-26.6278],[151.5619,-26.446],[151.474,-26.2442],[151.2378,-25.9679],[151.0291,-25.7801],[150.8826,-25.6682],[150.873,-25.6608],[150.8478,-25.6415],[150.8294,-25.6428],[150.7499,-25.6482],[150.5566,-25.6613],[150.2325,-25.6861],[150.0897,-25.7009],[150.0432,-25.6905]]]},"properties":{"NAME":"Barunggam","SUBJECTO":"Barunggam","PARTOF":"Barunggam","BORDERPRECISION":3,"LINK":null}},
{"type":"Feature","geometry":{"type":"Polygon","coordinates":[[[134.2461,-32.7997],[134.2581,-32.8754],[134.1109,-33.0252],[134.1541,-33.0455],[134.4177,-32.778],[134.8352,-32.4356],[134.934,-32.3764],[134.944,-32.3705],[135.3625,-32.1198],[135.6592,-31.9615],[136.0492,-31.8109],[136.0327,-31.8029],[136.0134,-31.7788],[135.8679,-31.5973],[134.9451,-31.0812],[134.3188,-30.8834],[133.2312,-30.496],[131.8469,-30.3729],[131.4404,-30.2496],[131.3732,-30.2282],[131.2866,-30.278],[131.1328,-30.496],[131.0449,-30.6379],[131.026,-30.7679],[131.2427,-30.8079],[131.3362,-30.9865],[131.1877,-31.4662],[131.1112,-31.4618],[131.0816,-31.4903],[131.3558,-31.6707],[131.6945,-31.8312],[131.9925,-32.0659],[132.1822,-32.1482],[132.3766,-32.1605],[132.5741,-32.0838],[132.6977,-32.0899],[133.1251,-32.3371],[133.3441,-32.3684],[133.7175,-32.2977],[133.837,-32.342],[134.0812,-32.5641],[134.237,-32.7419],[134.2461,-32.7997]]]},"properties":{"NAME":"Wirangu","SUBJECTO":"Wirangu","PARTOF":"Wirangu","BORDERPRECISION":3,"LINK":null}},
{"type":"Feature","geometry":{"type":"Polygon","coordinates":[[[150.7475,-24.1429],[150.9412,-24.0465],[151.174,-23.9199],[150.8025,-23.5999],[150.7999,-23.5582],[150.7764,-23.569],[150.639,-23.6596],[150.5681,-23.7029],[150.6006,-23.7502],[150.7379,-24.1167],[150.7475,-24.1429]]]},"properties":{"NAME":"Bayali","SUBJECTO":"Bayali","PARTOF":"Bayali","BORDERPRECISION":3,"LINK":null}},
{"type":"Feature","geometry":{"type":"Polygon","coordinates":[[[142.6102,-20.6585],[142.6646,-20.6585],[142.8846,-20.5963],[142.9267,-20.5843],[142.6025,-20.2467],[142.4817,-20.123],[142.5861,-19.9992],[142.8223,-19.7977],[142.9761,-19.5132],[142.9159,-19.4732],[142.903,-19.4646],[142.8531,-19.4313],[142.8462,-19.4485],[142.8223,-19.508],[142.5806,-19.3941],[142.262,-19.3111],[141.7786,-19.2697],[141.4709,-19.2904],[141.14,-19.3945],[141.1225,-19.4],[141.1414,-19.596],[141.1743,-19.7925],[141.2512,-19.9992],[141.2818,-20.0567],[141.3218,-20.0441],[141.3501,-20.0353],[141.438,-20.1385],[141.5588,-20.3858],[141.8225,-20.5917],[142.2839,-20.6122],[142.6102,-20.6585]]]},"properties":{"NAME":"Ngawun","SUBJECTO":"Ngawun","PARTOF":"Ngawun","BORDERPRECISION":3,"LINK":null}},
{"type":"Feature","geometry":{"type":"Polygon","coordinates":[[[127.6502,-15.2312],[127.6611,-15.2312],[127.6653,-15.2267],[127.8589,-15.0191],[127.9892,-14.8571],[127.9688,-14.7391],[127.9626,-14.7031],[127.678,-14.4367],[127.5291,-14.1955],[127.4325,-14.1257],[127.3975,-14.1004],[127.3424,-14.0915],[127.2437,-14.275],[127.2437,-14.438],[127.2766,-14.4453],[127.291,-14.4824],[127.3755,-14.7005],[127.3755,-14.9342],[127.4414,-15.1782],[127.6172,-15.1994],[127.6502,-15.2312]]]},"properties":{"NAME":"Kwini","SUBJECTO":"Kwini","PARTOF":"Kwini","BORDERPRECISION":3,"LINK":null}},
{"type":"Feature","geometry":{"type":"Polygon","coordinates":[[[149.2986,-22.3721],[149.3701,-22.3501],[149.3591,-22.106],[149.3591,-21.943],[149.2712,-21.7595],[149.1623,-21.6271],[149.1362,-21.5954],[149.1284,-21.5859],[149.0722,-21.5913],[149.0856,-21.622],[149.09,-21.6319],[149.0591,-21.6359],[149.02,-21.641],[148.8538,-21.6625],[148.6091,-21.6598],[148.5846,-21.7697],[148.5846,-21.9838],[148.5846,-22.1925],[148.5751,-22.3281],[148.6615,-22.3094],[148.7494,-22.2942],[148.8538,-22.3298],[148.8739,-22.3624],[148.8757,-22.3602],[149.1119,-22.3602],[149.2822,-22.3504],[149.2877,-22.3501],[149.2986,-22.3721]]]},"properties":{"NAME":"Baradha","SUBJECTO":"Baradha","PARTOF":"Baradha","BORDERPRECISION":3,"LINK":null}},
{"type":"Feature","geometry":{"type":"Polygon","coordinates":[[[144.572,-28.7656],[144.6021,-28.7291],[144.7119,-28.517],[144.7833,-28.256],[144.8621,-28.078],[144.7668,-28.0623],[144.5197,-28.0332],[144.1956,-27.9847],[144.1756,-27.9829],[144.1077,-28.0429],[143.8934,-28.2124],[143.7946,-28.2899],[143.6462,-28.4011],[143.6462,-28.5266],[143.6863,-28.7376],[143.9209,-28.7484],[144.4812,-28.7484],[144.572,-28.7656]]]},"properties":{"NAME":"Budjari","SUBJECTO":"Budjari","PARTOF":"Budjari","BORDERPRECISION":3,"LINK":null}},
{"type":"Feature","geometry":{"type":"Polygon","coordinates":[[[139.6283,-29.4996],[139.6033,-29.296],[139.6143,-28.9793],[139.6204,-28.912],[139.622,-28.8942],[139.6362,-28.7388],[139.7021,-28.4687],[139.845,-28.2366],[139.8999,-27.9847],[139.9878,-27.6446],[139.9878,-27.5488],[139.9878,-27.4888],[139.9878,-27.4303],[140.0229,-27.2742],[140.0317,-27.2351],[139.9766,-27.233],[139.7791,-27.2253],[139.6033,-27.2546],[139.3945,-27.323],[139.1858,-27.3815],[138.8342,-27.3718],[138.5706,-27.362],[138.4167,-27.362],[138.4021,-27.375],[138.4065,-27.3917],[138.4167,-27.4303],[138.2959,-27.518],[138.2127,-27.5991],[138.197,-27.6641],[138.1825,-27.6995],[138.23,-27.7711],[138.2629,-27.8585],[138.4277,-28.1301],[138.6914,-28.4783],[138.6584,-28.7002],[138.6584,-28.8832],[138.6035,-29.1713],[138.4846,-29.5044],[138.4607,-29.5713],[138.4607,-29.5735],[138.6694,-29.5543],[138.9331,-29.5448],[139.2187,-29.5448],[139.4824,-29.5448],[139.4853,-29.5451],[139.4927,-29.5418],[139.5707,-29.5067],[139.5923,-29.497],[139.6283,-29.4996]]]},"properties":{"NAME":"Dieri","SUBJECTO":"Dieri","PARTOF":"Dieri","BORDERPRECISION":3,"LINK":null}},
{"type":"Feature","geometry":{"type":"Polygon","coordinates":[[[141.5305,-14.476],[141.5241,-14.4932],[141.5918,-14.4932],[141.795,-14.4985],[141.9983,-14.4985],[141.999,-14.4984],[142.0556,-14.4901],[142.1796,-14.4719],[142.3938,-14.4719],[142.5311,-14.4187],[142.6465,-14.3549],[142.8387,-14.3176],[142.8992,-14.2857],[142.9116,-14.2769],[142.9596,-14.2431],[142.9527,-14.1849],[142.9266,-13.9661],[142.9211,-13.7581],[142.9211,-13.5339],[142.8992,-13.3522],[142.8827,-13.133],[142.8716,-13.0932],[142.8662,-13.0741],[142.8578,-13.0741],[142.6154,-13.0741],[142.6101,-13.0741],[142.608,-13.0741],[142.5931,-13.0755],[142.3494,-13.0977],[142.2565,-13.1062],[141.9818,-13.1918],[141.9783,-13.2037],[141.9721,-13.2244],[141.9324,-13.3576],[141.8884,-13.4911],[141.7621,-13.5152],[141.6879,-13.5152],[141.655,-13.4804],[141.655,-13.419],[141.6632,-13.3923],[141.6522,-13.3442],[141.622,-13.3501],[141.5836,-13.3576],[141.5637,-13.3863],[141.5522,-13.4979],[141.5123,-13.8095],[141.5948,-13.9873],[141.6684,-14.1143],[141.5845,-14.3306],[141.5305,-14.476]]]},"properties":{"NAME":"Wik","SUBJECTO":"Wik","PARTOF":"Wik","BORDERPRECISION":3,"LINK":null}},
{"type":"Feature","geometry":{"type":"Polygon","coordinates":[[[144.1994,-14.4644],[144.223,-14.6474],[144.2307,-14.8028],[144.4812,-14.7855],[144.635,-14.8705],[144.9756,-14.966],[145.0308,-15.0416],[145.0854,-15.0085],[145.1172,-14.9768],[144.9462,-14.9082],[144.6926,-14.7244],[144.5292,-14.6676],[144.3854,-14.3691],[144.2123,-14.4521],[144.1994,-14.4644]]]},"properties":{"NAME":"Mutumui","SUBJECTO":"Mutumui","PARTOF":"Mutumui","BORDERPRECISION":3,"LINK":null}},
{"type":"Feature","geometry":{"type":"Polygon","coordinates":[[[141.92,-12.0066],[141.8633,-12.0997],[141.898,-12.1024],[141.9149,-12.1094],[141.9125,-12.0857],[141.92,-12.0393],[141.92,-12.0066]]]},"properties":{"NAME":"Tjungundji","SUBJECTO":"Tjungundji","PARTOF":"Tjungundji","BORDERPRECISION":3,"LINK":null}},
{"type":"Feature","geometry":{"type":"MultiPolygon","coordinates":[[[[142.9732,-37.0626],[143.02,-37.0639],[143.2892,-37.1034],[143.3222,-37.0855],[143.3968,-37.0451],[143.443,-37.0201],[143.443,-36.9367],[143.3771,-36.9279],[143.2452,-36.9192],[143.2261,-36.9177],[143.0145,-36.9016],[142.8552,-36.8137],[142.8003,-36.7037],[142.8387,-36.5891],[142.8456,-36.5796],[142.9074,-36.4942],[142.9074,-36.4892],[142.9074,-36.397],[142.9382,-36.3524],[142.7454,-36.3151],[142.4597,-36.3151],[142.3279,-36.4478],[142.1301,-36.6155],[141.9104,-36.8005],[141.4709,-36.8005],[141.0133,-36.8964],[141.0425,-36.9411],[141.0425,-36.9894],[141.0645,-37.1253],[141.2622,-37.4443],[141.3776,-37.5968],[141.4201,-37.6305],[141.4709,-37.6708],[141.6632,-37.7751],[141.9049,-37.7751],[141.91,-37.7647],[141.9374,-37.7087],[141.9708,-37.6403],[142.0587,-37.5707],[142.1851,-37.5707],[142.2675,-37.6142],[142.4268,-37.6229],[142.5256,-37.562],[142.5256,-37.4487],[142.5256,-37.3003],[142.5256,-37.1428],[142.5686,-37.0572],[142.5723,-37.0552],[142.6318,-37.0552],[142.7179,-37.0552],[142.9732,-37.0626]]],[[[140.9886,-36.7631],[140.9766,-36.8401],[141.0082,-36.8885],[140.9886,-36.7631]]]]},"properties":{"NAME":"Jardwadjali","SUBJECTO":"Jardwadjali","PARTOF":"Jardwadjali","BORDERPRECISION":3,"LINK":null}},
{"type":"Feature","geometry":{"type":"Polygon","coordinates":[[[141.9876,-12.183],[141.9878,-12.1897],[141.9901,-12.2488],[142.0038,-12.34],[142.0258,-12.4205],[142.0369,-12.4988],[142.0395,-12.517],[142.0462,-12.5385],[142.0807,-12.6484],[142.1246,-12.7743],[142.1286,-12.7849],[142.1388,-12.8123],[142.1576,-12.8627],[142.229,-12.9591],[142.2894,-13.0393],[142.3494,-13.0977],[142.5931,-13.0755],[142.5959,-13.0661],[142.6001,-13.0518],[142.6108,-13.0153],[142.6163,-12.8172],[142.6382,-12.6511],[142.6382,-12.4961],[142.6382,-12.4875],[142.6207,-12.4524],[142.5888,-12.3883],[142.413,-12.2729],[142.3306,-12.1709],[142.2784,-12.1253],[142.1756,-12.085],[142.1686,-12.0823],[142.162,-12.0866],[142.0862,-12.136],[141.9873,-12.1763],[141.9876,-12.183]]]},"properties":{"NAME":"Luthigh","SUBJECTO":"Luthigh","PARTOF":"Luthigh","BORDERPRECISION":3,"LINK":null}},
{"type":"Feature","geometry":{"type":"Polygon","coordinates":[[[145.1197,-14.9778],[145.1172,-14.9768],[145.0854,-15.0085],[145.0308,-15.0416],[145.0456,-15.0617],[145.1074,-15.1464],[144.9426,-15.2948],[144.7449,-15.4749],[144.7449,-15.6548],[144.8108,-15.824],[144.8036,-15.9138],[144.8657,-15.8874],[145.0305,-15.7711],[145.1459,-15.5913],[145.1239,-15.4802],[145.1993,-15.3989],[145.1849,-15.232],[145.1843,-15.0476],[145.1382,-14.9978],[145.1197,-14.9778]]]},"properties":{"NAME":"Guugu-Yimidhirr","SUBJECTO":"Guugu-Yimidhirr","PARTOF":"Guugu-Yimidhirr","BORDERPRECISION":3,"LINK":null}},
{"type":"Feature","geometry":{"type":"Polygon","coordinates":[[[142.9357,-18.8086],[143.02,-18.8231],[143.0319,-18.7328],[143.0365,-18.6983],[142.9991,-18.6457],[142.8442,-18.4275],[142.6849,-18.1824],[142.5873,-18.0365],[142.5806,-18.0414],[142.5733,-18.0384],[141.9543,-17.7853],[141.806,-17.7016],[141.2616,-17.5304],[141.3062,-17.6336],[141.3062,-17.8115],[141.3062,-17.9474],[141.3831,-18.1563],[141.5918,-18.2815],[141.7566,-18.3754],[142.0313,-18.5213],[142.3389,-18.6567],[142.7124,-18.7399],[142.8892,-18.7734],[142.9321,-18.7815],[142.9357,-18.8086]]]},"properties":{"NAME":"Walangama","SUBJECTO":"Walangama","PARTOF":"Walangama","BORDERPRECISION":3,"LINK":null}},
{"type":"Feature","geometry":{"type":"Polygon","coordinates":[[[142.6465,-11.0976],[142.6218,-11.0895],[142.5174,-11.0787],[142.413,-11.0706],[142.3059,-11.0383],[142.2674,-10.9899],[142.2593,-10.9985],[142.2116,-11.0491],[142.1257,-11.1574],[142.0929,-11.5325],[141.953,-11.9523],[141.9467,-11.9628],[141.9387,-11.976],[141.9695,-11.9923],[142.0175,-11.9937],[142.1164,-12.0004],[142.1496,-12.0025],[142.1604,-12.0032],[142.2002,-12.0057],[142.354,-12.0178],[142.63,-12.0232],[142.6885,-12.0212],[142.7097,-12.0205],[142.7103,-12.0036],[142.7124,-11.9533],[142.6849,-11.8001],[142.6874,-11.781],[142.6892,-11.7674],[142.6987,-11.6953],[142.6987,-11.5446],[142.6987,-11.4289],[142.6932,-11.27],[142.6858,-11.1832],[142.6465,-11.0976]]]},"properties":{"NAME":"Anggamudi","SUBJECTO":"Anggamudi","PARTOF":"Anggamudi","BORDERPRECISION":3,"LINK":null}},
{"type":"Feature","geometry":{"type":"Polygon","coordinates":[[[130.9783,-12.9815],[131.0971,-12.9644],[131.2042,-12.9189],[131.2054,-12.9109],[131.1768,-12.8761],[131.1768,-12.6913],[131.1685,-12.5197],[131.1273,-12.3615],[131.0631,-12.261],[131.0283,-12.2683],[130.8589,-12.4466],[130.9513,-12.6308],[130.8396,-12.7073],[130.6605,-12.7204],[130.5176,-12.7334],[130.4635,-12.7589],[130.403,-12.8609],[130.4846,-12.8921],[130.8032,-12.935],[130.9783,-12.9815]]]},"properties":{"NAME":"Larrakia","SUBJECTO":"Larrakia","PARTOF":"Larrakia","BORDERPRECISION":3,"LINK":null}},
{"type":"Feature","geometry":{"type":"Polygon","coordinates":[[[139.2223,-22.1611],[139.2006,-22.2635],[139.1748,-22.3856],[139.1693,-22.6292],[139.0594,-22.9483],[138.8562,-23.2111],[138.7354,-23.3876],[138.9825,-23.725],[139.0265,-23.8959],[139.1199,-24.0766],[139.2572,-24.267],[139.3945,-24.3871],[139.4934,-24.4871],[139.5953,-24.6415],[139.5969,-24.6466],[139.5984,-24.6463],[139.6417,-24.7119],[139.8834,-24.632],[140.2405,-24.5071],[140.5206,-24.4453],[140.603,-24.4271],[140.5985,-24.3803],[140.5701,-24.0866],[140.577,-23.9276],[140.5261,-23.916],[140.5266,-23.9008],[140.5371,-23.5741],[140.5151,-23.2817],[140.6799,-22.7661],[140.8205,-22.5406],[140.8887,-22.4313],[140.9283,-22.378],[140.5481,-22.3704],[140.2933,-22.1599],[140.2405,-22.1162],[140.2185,-22.1133],[140.0098,-22.0856],[139.4934,-22.0042],[139.3066,-22.0042],[139.2627,-22.0829],[139.2379,-22.1274],[139.2242,-22.1518],[139.2223,-22.1611]]]},"properties":{"NAME":"Pitta-Pitta","SUBJECTO":"Pitta-Pitta","PARTOF":"Pitta-Pitta","BORDERPRECISION":3,"LINK":null}},
{"type":"Feature","geometry":{"type":"Polygon","coordinates":[[[151.3916,-29.8105],[151.5125,-29.6881],[151.7542,-29.5065],[151.7883,-29.4471],[151.908,-29.2385],[152.0068,-29.0946],[152.0213,-28.9847],[151.9817,-28.9575],[151.9629,-28.9168],[151.9629,-28.758],[151.9025,-28.652],[151.8235,-28.4931],[151.7332,-28.4072],[151.6907,-28.3399],[151.6889,-28.3152],[151.5015,-28.1107],[151.4575,-27.9459],[151.3501,-27.8391],[151.3257,-27.8391],[151.1829,-27.7808],[151.1609,-27.6689],[151.1115,-27.5911],[151.062,-27.5326],[150.9906,-27.5229],[150.9678,-27.5285],[150.9686,-27.5375],[150.8313,-27.6397],[150.8148,-27.8342],[150.8038,-28.0235],[150.8258,-28.2512],[150.9082,-28.5073],[150.9082,-28.6569],[150.9576,-28.7002],[150.9336,-28.7239],[150.9324,-28.7265],[150.9343,-28.7308],[150.9741,-28.7773],[150.9412,-28.9697],[150.9631,-29.1426],[150.9741,-29.3439],[150.9192,-29.5161],[150.9961,-29.7167],[150.9961,-29.7978],[150.9961,-29.8406],[151.084,-29.8788],[151.1444,-29.8883],[151.3257,-29.874],[151.3806,-29.8216],[151.3892,-29.8129],[151.3916,-29.8105]]]},"properties":{"NAME":"Ngarabal","SUBJECTO":"Ngarabal","PARTOF":"Ngarabal","BORDERPRECISION":3,"LINK":null}},
{"type":"Feature","geometry":{"type":"Polygon","coordinates":[[[114.9697,-30.325],[115.0159,-30.3681],[115.2136,-30.3065],[115.4828,-30.297],[115.6586,-30.2686],[116.153,-30.2211],[116.3617,-30.1546],[116.5045,-30.1071],[116.6254,-30.0406],[116.6406,-30.0093],[116.6693,-29.9502],[116.554,-29.7358],[116.4771,-29.5878],[116.3837,-29.3822],[116.3124,-29.254],[116.2738,-29.2672],[116.0761,-29.0226],[115.9772,-28.8639],[115.8728,-28.705],[115.8179,-28.6086],[115.8179,-28.5692],[115.73,-28.5121],[115.5981,-28.5121],[115.3949,-28.57],[115.3147,-28.5298],[115.2981,-28.5377],[115.2301,-28.57],[114.9554,-28.6327],[114.7028,-28.7195],[114.5966,-28.7195],[114.5929,-28.7195],[114.5435,-28.7725],[114.5445,-28.7804],[114.6304,-28.903],[114.8405,-29.3858],[114.9122,-29.6973],[114.9003,-30.1289],[114.917,-30.1974],[114.95,-30.3065],[114.9697,-30.325]]]},"properties":{"NAME":"Amangu","SUBJECTO":"Amangu","PARTOF":"Amangu","BORDERPRECISION":3,"LINK":null}},
{"type":"Feature","geometry":{"type":"Polygon","coordinates":[[[143.3949,-38.4867],[143.3771,-38.4665],[143.3496,-38.3761],[143.3441,-38.2554],[143.3881,-38.1562],[143.4595,-38.1518],[143.5693,-38.1562],[143.6407,-38.1259],[143.6572,-38.074],[143.5583,-38.0827],[143.3386,-38.0091],[143.1683,-37.8358],[143.0804,-37.8108],[143.0804,-37.9139],[143.0804,-38.0481],[143.053,-38.1129],[143.02,-38.1648],[143.0145,-38.2641],[142.998,-38.3675],[143.0365,-38.4019],[143.2233,-38.4536],[143.3276,-38.4708],[143.3909,-38.4881],[143.3949,-38.4867]]]},"properties":{"NAME":"Djargurdwurung","SUBJECTO":"Djargurdwurung","PARTOF":"Djargurdwurung","BORDERPRECISION":3,"LINK":null}},
{"type":"Feature","geometry":{"type":"Polygon","coordinates":[[[135.7943,-15.513],[135.8108,-15.5238],[135.9119,-15.5066],[136.1426,-15.6336],[136.5491,-15.9402],[136.6479,-16.0458],[136.6378,-16.0913],[136.8842,-16.1197],[137.0599,-16.1725],[137.3291,-16.3043],[137.6862,-16.415],[137.8235,-16.6151],[138.1366,-16.8045],[138.2364,-16.8236],[137.9546,-16.6016],[137.7596,-16.3986],[137.4257,-16.1895],[137.0737,-16.0313],[136.9549,-16.0188],[136.7978,-16.07],[136.6871,-16.0258],[136.4586,-15.7529],[136.0944,-15.4485],[135.9448,-15.3593],[135.9119,-15.3954],[135.824,-15.4484],[135.7943,-15.513]]]},"properties":{"NAME":"Yanyuwa","SUBJECTO":"Yanyuwa","PARTOF":"Yanyuwa","BORDERPRECISION":3,"LINK":null}},
{"type":"Feature","geometry":{"type":"Polygon","coordinates":[[[134.3917,-12.1187],[134.3893,-12.1184],[134.3869,-12.1181],[134.2277,-12.0956],[134.2145,-12.0998],[134.1705,-12.1186],[134.1444,-12.1763],[134.1238,-12.242],[134.1213,-12.2595],[134.1336,-12.2595],[134.187,-12.2595],[134.3573,-12.2541],[134.3683,-12.1682],[134.4025,-12.1564],[134.4026,-12.1508],[134.3962,-12.1307],[134.3925,-12.1189],[134.3917,-12.1187]]]},"properties":{"NAME":"Gungurugoni","SUBJECTO":"Gungurugoni","PARTOF":"Gungurugoni","BORDERPRECISION":3,"LINK":null}},
{"type":"Feature","geometry":{"type":"Polygon","coordinates":[[[142.033,-34.0215],[142.1191,-33.9342],[142.3499,-33.9525],[142.3718,-33.8339],[142.4452,-33.7118],[142.4707,-33.6695],[142.5476,-33.7061],[142.5811,-33.7384],[142.7857,-33.9362],[142.8431,-33.9916],[142.848,-33.9963],[142.8497,-33.998],[142.8557,-33.9975],[142.9047,-33.9935],[142.8967,-33.9656],[142.8905,-33.9439],[142.7783,-33.5506],[142.6794,-33.2019],[142.7563,-32.898],[142.9651,-32.6486],[143.1958,-32.4634],[143.5803,-32.1663],[143.9099,-31.8589],[144.069,-31.614],[143.9912,-31.6111],[143.866,-31.6066],[143.5474,-31.5317],[143.5308,-31.513],[143.443,-31.5645],[143.2837,-31.6814],[143.1244,-31.8356],[142.9431,-32.036],[142.7728,-32.1756],[142.5037,-32.3289],[142.3059,-32.5237],[141.7731,-32.9349],[141.6357,-33.0133],[141.4435,-33.1191],[141.1963,-33.2846],[141.0864,-33.3397],[140.9729,-33.4431],[141.0205,-33.4589],[141.3171,-33.6055],[141.5149,-33.6878],[142.0093,-33.8522],[142.0472,-33.8792],[142.0862,-33.9069],[142.033,-34.0215]]]},"properties":{"NAME":"Barkindji","SUBJECTO":"Barkindji","PARTOF":"Barkindji","BORDERPRECISION":3,"LINK":null}},
{"type":"Feature","geometry":{"type":"Polygon","coordinates":[[[143.3949,-38.4867],[143.3979,-38.49],[143.4375,-38.5009],[143.4418,-38.5293],[143.464,-38.5394],[143.5309,-38.5696],[143.5693,-38.5688],[143.6008,-38.5681],[143.7231,-38.5653],[143.8715,-38.4665],[144.0008,-38.3977],[143.9752,-38.389],[143.8989,-38.3632],[143.8934,-38.3201],[144.0033,-38.2727],[144.0198,-38.208],[144.0143,-38.1],[143.9923,-38.0221],[143.9484,-37.9832],[143.811,-38.0091],[143.7067,-38.0697],[143.671,-38.0728],[143.6572,-38.074],[143.6407,-38.1259],[143.5693,-38.1562],[143.4595,-38.1518],[143.3881,-38.1562],[143.3441,-38.2554],[143.3496,-38.3761],[143.3771,-38.4665],[143.3949,-38.4867]]]},"properties":{"NAME":"Gulidjan","SUBJECTO":"Gulidjan","PARTOF":"Gulidjan","BORDERPRECISION":3,"LINK":null}},
{"type":"Feature","geometry":{"type":"Polygon","coordinates":[[[138.3315,-33.3081],[138.3313,-33.3089],[138.3289,-33.3168],[138.3234,-33.4314],[138.3948,-33.6558],[138.4937,-34.0436],[138.5486,-34.2981],[138.609,-34.502],[138.6694,-34.6874],[138.7175,-34.6735],[138.7739,-34.6572],[138.9661,-34.6016],[139.1302,-34.534],[139.115,-34.4444],[139.0979,-34.3434],[139.0979,-33.9889],[139.0759,-33.6695],[139.0877,-33.6662],[138.9331,-33.4773],[138.9331,-33.1927],[139.2957,-32.898],[139.8795,-32.7776],[139.9208,-32.769],[140.0098,-32.5376],[140.0317,-32.2778],[140.0607,-32.0733],[139.9878,-32.0733],[139.9749,-32.0741],[139.7131,-32.0919],[139.4055,-32.0919],[138.8013,-32.1477],[138.774,-32.0632],[138.6475,-32.1245],[138.4937,-32.1454],[138.4003,-32.1896],[138.1665,-32.2682],[138.1631,-32.2724],[138.1201,-32.3243],[138.186,-32.5005],[138.2629,-32.7041],[138.3618,-33.0133],[138.3673,-33.1927],[138.3315,-33.3081]]]},"properties":{"NAME":"Ngadjuri","SUBJECTO":"Ngadjuri","PARTOF":"Ngadjuri","BORDERPRECISION":3,"LINK":null}},
{"type":"Feature","geometry":{"type":"Polygon","coordinates":[[[122.8282,-33.0553],[123.6511,-33.1376],[123.8269,-33.3764],[123.9547,-33.4787],[123.9717,-33.4564],[124.001,-33.4232],[124.0012,-33.4221],[124.0992,-33.1665],[124.2352,-33.0117],[124.4312,-32.9441],[124.3285,-32.0202],[124.2224,-31.0341],[123.3833,-30.9917],[123.3062,-31.1143],[123.2842,-31.2273],[123.2292,-31.3495],[123.1851,-31.4623],[123.1521,-31.603],[123.108,-31.7529],[123.0419,-31.8744],[123.0089,-31.9865],[122.9979,-32.0985],[122.9648,-32.2289],[122.9208,-32.3685],[122.9317,-32.4893],[122.9097,-32.7581],[122.8876,-32.9061],[122.8326,-33.0354],[122.8282,-33.0553]]]},"properties":{"NAME":"Ngatjumay","SUBJECTO":"Ngatjumay","PARTOF":"Ngatjumay","BORDERPRECISION":3,"LINK":null}},
{"type":"Feature","geometry":{"type":"Polygon","coordinates":[[[130.7591,-16.0674],[130.7813,-16.0722],[130.8886,-16.0863],[130.9076,-16.0722],[131.0999,-15.9983],[131.3306,-15.993],[131.369,-15.9085],[131.369,-15.7923],[131.4012,-15.791],[131.3966,-15.6843],[131.3965,-15.6812],[131.3864,-15.6592],[131.1548,-15.6548],[130.9241,-15.6548],[130.6219,-15.6971],[130.4462,-15.6918],[130.4462,-15.7081],[130.4462,-15.8081],[130.4846,-15.9613],[130.7098,-16.0511],[130.7591,-16.0674]]]},"properties":{"NAME":"Ngaliwuru","SUBJECTO":"Ngaliwuru","PARTOF":"Ngaliwuru","BORDERPRECISION":3,"LINK":null}},
{"type":"Feature","geometry":{"type":"Polygon","coordinates":[[[115.9123,-22.6023],[115.9497,-22.5481],[116.0156,-22.4669],[115.9854,-22.4681],[115.9391,-22.4701],[115.8069,-22.5734],[115.6531,-22.5633],[115.4443,-22.5227],[115.1917,-22.5024],[115.31,-22.4051],[115.3036,-22.4009],[115.2905,-22.4009],[115.2631,-22.4263],[115.0928,-22.4415],[114.9225,-22.4161],[114.7961,-22.345],[114.6643,-22.2179],[114.6313,-22.0195],[114.6385,-21.9822],[114.4563,-22.0937],[114.3931,-22.31],[114.309,-22.5645],[114.232,-22.6155],[114.0748,-22.6031],[114.0273,-22.5206],[114.0225,-22.3299],[113.9006,-22.0377],[113.8715,-22.1077],[113.8223,-22.254],[113.6254,-22.5659],[113.6166,-22.6614],[113.6646,-22.7306],[113.7195,-22.8167],[113.7831,-22.8395],[113.8239,-22.7559],[113.9612,-22.6951],[114.1479,-22.685],[114.2908,-22.685],[114.4226,-22.7255],[114.5929,-22.7306],[114.7577,-22.7711],[114.7926,-22.8217],[114.8077,-22.825],[114.8621,-22.8369],[115.0928,-22.8369],[115.3455,-22.8572],[115.5048,-22.8623],[115.5981,-22.8724],[115.7147,-22.8476],[115.7316,-22.844],[115.8124,-22.8268],[115.8728,-22.7103],[115.9041,-22.6236],[115.9113,-22.6039],[115.9123,-22.6023]]]},"properties":{"NAME":"Thalanyji","SUBJECTO":"Thalanyji","PARTOF":"Thalanyji","BORDERPRECISION":3,"LINK":null}},
{"type":"Feature","geometry":{"type":"Polygon","coordinates":[[[131.6346,-12.3896],[131.5399,-12.4006],[131.1829,-12.2361],[131.109,-12.2515],[131.0631,-12.261],[131.1273,-12.3615],[131.1685,-12.5197],[131.1768,-12.6913],[131.1768,-12.8761],[131.2054,-12.9109],[131.2097,-12.9162],[131.3223,-12.9484],[131.6107,-13.0313],[131.6656,-12.9831],[131.6602,-12.9376],[131.6588,-12.93],[131.6107,-12.9136],[131.6107,-12.7904],[131.6162,-12.6296],[131.6162,-12.4419],[131.6346,-12.3896]]]},"properties":{"NAME":"Woolna","SUBJECTO":"Woolna","PARTOF":"Woolna","BORDERPRECISION":3,"LINK":null}},
{"type":"Feature","geometry":{"type":"Polygon","coordinates":[[[134.6375,-12.4366],[134.4397,-12.5385],[134.2749,-12.6618],[134.0881,-12.8707],[133.9618,-12.9831],[133.9558,-13.0257],[133.9453,-13.1009],[133.9618,-13.2934],[134.0607,-13.4003],[134.176,-13.4431],[134.3188,-13.427],[134.3311,-13.4193],[134.4727,-13.3308],[134.7473,-13.1811],[134.8737,-13.1169],[135.0275,-13.1223],[135.0549,-13.1118],[135.0549,-13.0822],[135.0549,-13.0581],[135.0549,-12.8707],[134.9341,-12.7154],[134.8737,-12.6564],[134.7693,-12.5814],[134.6869,-12.4527],[134.6869,-12.4402],[134.6836,-12.4391],[134.6594,-12.4312],[134.6375,-12.4366]]]},"properties":{"NAME":"Rembarnga","SUBJECTO":"Rembarnga","PARTOF":"Rembarnga","BORDERPRECISION":3,"LINK":null}},
{"type":"Feature","geometry":{"type":"Polygon","coordinates":[[[130.0429,-14.4454],[130.0318,-14.4367],[129.9973,-14.4343],[129.9923,-14.434],[129.9243,-14.4294],[129.809,-14.4453],[129.7238,-14.4054],[129.6497,-14.3362],[129.614,-14.267],[129.5962,-14.168],[129.581,-14.1815],[129.4916,-14.2612],[129.4266,-14.3059],[129.423,-14.4139],[129.4588,-14.4965],[129.7288,-14.6739],[129.7943,-14.7536],[129.8419,-14.7536],[130.0616,-14.7218],[130.2649,-14.7164],[130.3506,-14.7164],[130.3473,-14.6686],[130.3363,-14.5729],[130.3363,-14.5145],[130.3424,-14.5112],[130.3226,-14.5065],[130.2814,-14.4905],[130.1633,-14.4666],[130.0699,-14.4666],[130.0429,-14.4454]]]},"properties":{"NAME":"Murrinh-patha","SUBJECTO":"Murrinh-patha","PARTOF":"Murrinh-patha","BORDERPRECISION":3,"LINK":null}},
{"type":"Feature","geometry":{"type":"Polygon","coordinates":[[[130.5762,-24.7933],[130.4956,-24.8665],[130.2319,-24.7668],[129.7266,-24.627],[129.3311,-24.4871],[129.0743,-24.4459],[128.886,-24.4303],[129.0344,-24.7967],[129.0894,-25.1652],[129.1003,-25.5722],[129.0674,-25.8493],[129.0234,-25.898],[128.9246,-26.0074],[128.8546,-26.0055],[128.8916,-26.3131],[128.8916,-26.618],[129.1113,-26.9612],[129.3311,-27.2449],[129.7156,-27.4985],[130.177,-27.5278],[130.5066,-27.5278],[130.5433,-27.5159],[130.64,-27.4847],[130.6714,-27.4595],[130.686,-27.4699],[130.7043,-27.464],[130.7043,-27.3327],[130.8252,-27.02],[130.8691,-26.7358],[130.8362,-26.5197],[130.8032,-26.3328],[130.7813,-26.0765],[130.8252,-25.9185],[130.946,-25.7504],[131.0407,-25.4659],[131.0504,-25.3986],[131.0614,-25.2099],[131.001,-25.0408],[130.8472,-24.8815],[130.6989,-24.8416],[130.5762,-24.7933]]]},"properties":{"NAME":"Pitjantjatjara","SUBJECTO":"Pitjantjatjara","PARTOF":"Pitjantjatjara","BORDERPRECISION":3,"LINK":null}},
{"type":"Feature","geometry":{"type":"Polygon","coordinates":[[[141.4784,-27.4045],[141.3721,-27.479],[141.1722,-27.5588],[141.0698,-27.5996],[140.9326,-27.6543],[140.5261,-27.6543],[140.2954,-27.5278],[139.9878,-27.4888],[139.9878,-27.5488],[139.9878,-27.6446],[139.8999,-27.9847],[139.845,-28.2366],[139.7021,-28.4687],[139.6362,-28.7388],[139.622,-28.8942],[139.6204,-28.912],[139.834,-28.912],[140.2185,-28.9216],[140.5371,-28.9312],[140.7458,-28.9312],[140.9706,-28.8674],[140.9743,-28.8664],[141.1523,-28.8158],[141.3501,-28.7099],[141.6028,-28.6231],[141.7676,-28.5556],[142.0705,-28.3808],[142.0545,-28.36],[141.8994,-28.1592],[141.6248,-27.7613],[141.5588,-27.5083],[141.4942,-27.4249],[141.4784,-27.4045]]]},"properties":{"NAME":"Yandruwandha","SUBJECTO":"Yandruwandha","PARTOF":"Yandruwandha","BORDERPRECISION":3,"LINK":null}},
{"type":"Feature","geometry":{"type":"Polygon","coordinates":[[[153.1521,-27.6771],[153.1203,-27.6252],[153.0636,-27.6453],[152.8522,-27.6992],[152.7541,-27.7306],[152.741,-27.7477],[152.6882,-27.8159],[152.6476,-27.8832],[152.6193,-27.9459],[152.6995,-27.9031],[152.7958,-27.8531],[152.9576,-27.7972],[153.05,-27.7472],[153.0927,-27.7199],[153.1289,-27.6939],[153.1521,-27.6771]]]},"properties":{"NAME":"Yugambeh","SUBJECTO":"Yugambeh","PARTOF":"Yugambeh","BORDERPRECISION":3,"LINK":null}},
{"type":"Feature","geometry":{"type":"Polygon","coordinates":[[[143.7012,-14.9671],[143.877,-14.9554],[144.1736,-14.8067],[144.1912,-14.8055],[144.2307,-14.8028],[144.223,-14.6474],[144.1994,-14.4644],[144.1697,-14.4926],[144.0647,-14.5923],[143.8749,-14.5863],[143.7432,-14.4658],[143.6775,-14.299],[143.6729,-14.2873],[143.435,-14.3189],[143.4375,-14.3336],[143.4394,-14.3441],[143.4595,-14.456],[143.454,-14.7271],[143.421,-14.8227],[143.4045,-14.8262],[143.4045,-14.8284],[143.4924,-14.8386],[143.7012,-14.9448],[143.7012,-14.9671]]]},"properties":{"NAME":"Lamalama","SUBJECTO":"Lamalama","PARTOF":"Lamalama","BORDERPRECISION":3,"LINK":null}},
{"type":"Feature","geometry":{"type":"Polygon","coordinates":[[[115.7675,-33.4921],[115.741,-33.4589],[115.717,-33.4029],[115.6499,-33.3493],[115.6467,-33.3654],[115.558,-33.5754],[115.4085,-33.7666],[115.2058,-33.8052],[114.9858,-33.7547],[114.9613,-33.8693],[115.0221,-34.2621],[115.0543,-34.3752],[115.1485,-34.3822],[115.3493,-34.1158],[115.3674,-34.0709],[115.5432,-33.9798],[115.7407,-33.8591],[115.7563,-33.8305],[115.7629,-33.7974],[115.8289,-33.6878],[115.8166,-33.6064],[115.7675,-33.4921]]]},"properties":{"NAME":"Wardandi","SUBJECTO":"Wardandi","PARTOF":"Wardandi","BORDERPRECISION":3,"LINK":null}},
{"type":"Feature","geometry":{"type":"Polygon","coordinates":[[[132.7511,-12.1692],[132.7362,-12.1902],[132.7863,-12.2165],[132.8412,-12.2273],[132.8455,-12.2207],[132.8796,-12.1682],[132.9291,-12.093],[133.0258,-12.03],[133.0334,-11.999],[133.0444,-11.9587],[133.0499,-11.9077],[133.0559,-11.9025],[133.0334,-11.8781],[132.9785,-11.8217],[132.9401,-11.7517],[132.9126,-11.6953],[132.8577,-11.628],[132.8027,-11.6065],[132.756,-11.6549],[132.6434,-11.7491],[132.6263,-11.7501],[132.7165,-12.0803],[132.7323,-12.1208],[132.7511,-12.1692]]]},"properties":{"NAME":"Amarak","SUBJECTO":"Amarak","PARTOF":"Amarak","BORDERPRECISION":3,"LINK":null}},
{"type":"Feature","geometry":{"type":"Polygon","coordinates":[[[123.5758,-16.3908],[123.5664,-16.4153],[123.6841,-16.4677],[123.772,-16.5098],[123.9148,-16.5678],[123.9697,-16.6415],[123.9642,-16.7414],[123.9883,-16.8105],[123.9881,-16.8135],[123.988,-16.8151],[123.9899,-16.8151],[124.0521,-16.8151],[124.1949,-16.8308],[124.3433,-16.8308],[124.4476,-16.8395],[124.4476,-16.773],[124.4476,-16.6467],[124.4147,-16.5678],[124.3964,-16.5173],[124.2773,-16.5228],[123.9795,-16.409],[123.6577,-16.3945],[123.5758,-16.3908]]]},"properties":{"NAME":"Umida","SUBJECTO":"Umida","PARTOF":"Umida","BORDERPRECISION":3,"LINK":null}},
{"type":"Feature","geometry":{"type":"Polygon","coordinates":[[[132.6964,-12.6864],[132.7039,-12.6966],[132.7341,-12.71],[132.789,-12.7314],[132.8549,-12.7448],[132.8723,-12.7292],[132.9236,-12.6832],[132.9648,-12.6457],[132.9703,-12.5385],[132.9675,-12.4419],[132.9291,-12.3373],[132.8687,-12.238],[132.8455,-12.2207],[132.8412,-12.2273],[132.7863,-12.2165],[132.7362,-12.1902],[132.7331,-12.1947],[132.7246,-12.2009],[132.7313,-12.2219],[132.7148,-12.3346],[132.6984,-12.4527],[132.6764,-12.517],[132.6709,-12.576],[132.6908,-12.6621],[132.6964,-12.6864]]]},"properties":{"NAME":"Kundjey’mi","SUBJECTO":"Kundjey’mi","PARTOF":"Kundjey’mi","BORDERPRECISION":3,"LINK":null}},
{"type":"Feature","geometry":{"type":"Polygon","coordinates":[[[148.0368,-37.1787],[147.8815,-37.2784],[147.7936,-37.3483],[147.7057,-37.4051],[147.5464,-37.4836],[147.5079,-37.4138],[147.42,-37.2915],[147.2937,-37.1034],[147.2038,-37.0209],[147.1908,-37.009],[147.1838,-37.0026],[146.9861,-37.0552],[146.9531,-37.0639],[146.9037,-37.0771],[146.6785,-37.226],[146.4093,-37.3396],[146.1621,-37.4269],[146.1644,-37.44],[146.1727,-37.4884],[146.1786,-37.5228],[146.2939,-37.6577],[146.3873,-37.8315],[146.4093,-37.9745],[146.3214,-38.1302],[146.3214,-38.2166],[146.3214,-38.319],[146.3214,-38.3201],[146.3069,-38.3838],[146.2939,-38.4407],[146.2445,-38.6255],[146.217,-38.7284],[146.3269,-38.7498],[146.4532,-38.7498],[146.6276,-38.7611],[146.651,-38.7626],[146.8597,-38.7412],[146.9143,-38.7172],[146.9171,-38.7134],[146.934,-38.7085],[146.9861,-38.6855],[147.1124,-38.5611],[147.5354,-38.2123],[147.7441,-38.0524],[148.0463,-37.9529],[148.3264,-37.9009],[148.8098,-37.8618],[149.057,-37.8662],[149.3097,-37.8315],[149.3107,-37.8141],[149.3152,-37.736],[149.2548,-37.6186],[148.9581,-37.4792],[148.7,-37.4749],[148.4528,-37.4094],[148.3862,-37.3676],[148.3594,-37.3876],[148.2555,-37.3794],[148.2495,-37.3789],[148.0847,-37.2741],[148.0751,-37.2549],[148.0368,-37.1787]]]},"properties":{"NAME":"Kurnai","SUBJECTO":"Kurnai","PARTOF":"Kurnai","BORDERPRECISION":3,"LINK":null}},
{"type":"Feature","geometry":{"type":"Polygon","coordinates":[[[118.9298,-22.3303],[118.9337,-22.3404],[118.9545,-22.3958],[119.0094,-22.4364],[119.1193,-22.5075],[119.2401,-22.5836],[119.3555,-22.7053],[119.4653,-22.9938],[119.5313,-23.1454],[119.5972,-23.2615],[119.6136,-23.3826],[119.6414,-23.3992],[119.6657,-23.3952],[119.8059,-23.3725],[119.9487,-23.3725],[120.2783,-23.4028],[120.7178,-23.3523],[120.9814,-23.2817],[121.002,-23.3035],[121.0034,-23.3019],[121.1243,-23.0494],[121.1243,-22.7863],[121.1243,-22.5531],[121.1243,-22.2789],[121.1038,-22.1986],[121.0693,-22.2332],[120.954,-22.162],[120.6848,-22.1111],[120.4047,-22.0856],[120.0806,-22.0907],[119.9323,-22.1111],[119.6686,-22.0704],[119.2841,-22.0449],[119.1248,-22.0449],[119.0325,-22.0107],[119.0282,-22.0149],[118.9819,-22.0602],[118.927,-22.1314],[118.9215,-22.1874],[118.9105,-22.2789],[118.9298,-22.3303]]]},"properties":{"NAME":"Palyku","SUBJECTO":"Palyku","PARTOF":"Palyku","BORDERPRECISION":3,"LINK":null}},
{"type":"Feature","geometry":{"type":"Polygon","coordinates":[[[114.643,-26.4673],[114.7028,-26.618],[114.7961,-26.9221],[114.8676,-27.1618],[114.917,-27.6105],[114.906,-27.9507],[115.0488,-28.2463],[115.2026,-28.4735],[115.2733,-28.509],[115.3147,-28.5298],[115.3949,-28.57],[115.5981,-28.5121],[115.73,-28.5121],[115.8179,-28.5692],[115.8563,-28.5942],[115.8819,-28.5743],[116.2354,-28.2995],[116.7572,-27.9507],[117.2021,-27.7224],[117.5702,-27.4644],[117.746,-27.2497],[117.9767,-27.2058],[118.0125,-27.1822],[118.0391,-27.1647],[118.2294,-27.0396],[118.3557,-26.775],[118.6249,-26.446],[118.7512,-26.2097],[118.8831,-25.9926],[118.9128,-25.8098],[118.916,-25.79],[118.9295,-25.7395],[118.9545,-25.6465],[119.0094,-25.5474],[119.1278,-25.4262],[119.1742,-25.3788],[119.3004,-25.3446],[119.339,-25.3341],[119.4653,-25.2596],[119.6466,-25.1751],[119.696,-25.1204],[119.7632,-24.9901],[119.7729,-24.9711],[119.7131,-24.9332],[119.4818,-24.7867],[119.3005,-24.687],[119.0753,-24.5371],[118.8776,-24.4572],[118.6139,-24.3971],[118.5726,-24.3899],[118.4436,-24.3671],[118.3063,-24.302],[118.0042,-24.2269],[117.7954,-24.1468],[117.6746,-24.0314],[117.5943,-24.0314],[117.5812,-24.0314],[117.4219,-24.0063],[117.3615,-23.9712],[117.2516,-24.0013],[117.1967,-24.0314],[117.0978,-24.0013],[116.9879,-24.0615],[116.933,-24.2069],[116.933,-24.3571],[116.8781,-24.4421],[116.8341,-24.4821],[116.7188,-24.4772],[116.5045,-24.5121],[116.3735,-24.5946],[116.3375,-24.6173],[116.2903,-24.647],[116.1365,-24.7618],[116.0596,-24.9661],[115.8948,-25.1055],[115.8541,-25.1986],[115.8419,-25.2266],[115.8124,-25.2944],[115.8563,-25.483],[115.8234,-25.5524],[115.7135,-25.592],[115.6036,-25.6217],[115.4388,-25.6514],[115.1312,-25.6762],[114.917,-25.6663],[114.7302,-25.7108],[114.7276,-25.7495],[114.7275,-25.7516],[114.7192,-25.8741],[114.7687,-26.0815],[114.7687,-26.2195],[114.7412,-26.3869],[114.6772,-26.4379],[114.6423,-26.4657],[114.643,-26.4673]]]},"properties":{"NAME":"Watjarri","SUBJECTO":"Watjarri","PARTOF":"Watjarri","BORDERPRECISION":3,"LINK":null}},
{"type":"Feature","geometry":{"type":"Polygon","coordinates":[[[140.1506,-31.9769],[140.4272,-31.7282],[140.8887,-31.4474],[141.0416,-31.3495],[141.0889,-31.3192],[141.1523,-31.2785],[141.394,-31.0341],[141.7236,-30.6757],[141.9873,-30.278],[142.1411,-29.8978],[142.1411,-29.7596],[142.1411,-29.7321],[142.1411,-29.6499],[142.1386,-29.6499],[142.0642,-29.6499],[142.0457,-29.6499],[141.6577,-29.6499],[140.8447,-29.8597],[140.2734,-30.0501],[140.2368,-30.065],[140.1727,-30.0911],[140.0931,-30.1235],[140.0647,-30.1831],[140.0512,-30.2297],[140.0208,-30.335],[139.8779,-30.8079],[139.8779,-31.0247],[140.0317,-31.3067],[140.0537,-31.4943],[140.1196,-31.7469],[140.138,-31.8831],[140.1506,-31.9769]]]},"properties":{"NAME":"Malyangaba","SUBJECTO":"Malyangaba","PARTOF":"Malyangaba","BORDERPRECISION":3,"LINK":null}},
{"type":"Feature","geometry":{"type":"Polygon","coordinates":[[[143.5803,-16.0106],[143.5803,-16.088],[143.7122,-16.1514],[143.8704,-16.1441],[143.8713,-16.1244],[143.8715,-16.1197],[144.0253,-16.0933],[144.2725,-16.0986],[144.6295,-15.9877],[144.7735,-15.9266],[144.8036,-15.9138],[144.8108,-15.824],[144.7449,-15.6548],[144.7449,-15.4749],[144.9426,-15.2948],[145.1074,-15.1464],[145.0456,-15.0617],[145.0308,-15.0416],[144.9756,-14.966],[144.635,-14.8705],[144.4812,-14.7855],[144.2307,-14.8028],[144.1912,-14.8055],[144.1736,-14.8067],[143.877,-14.9554],[143.7012,-14.9671],[143.7012,-14.9872],[143.7012,-15.2206],[143.7012,-15.7394],[143.6583,-16.028],[143.6572,-16.0353],[143.5803,-16.0106]]]},"properties":{"NAME":"Kokowarra","SUBJECTO":"Kokowarra","PARTOF":"Kokowarra","BORDERPRECISION":3,"LINK":null}},
{"type":"Feature","geometry":{"type":"Polygon","coordinates":[[[140.9706,-28.8674],[140.7458,-28.9312],[140.5371,-28.9312],[140.2185,-28.9216],[139.834,-28.912],[139.6204,-28.912],[139.6143,-28.9793],[139.6033,-29.296],[139.6283,-29.4996],[139.7241,-29.5065],[139.9768,-29.5161],[140.2185,-29.5639],[140.1416,-29.793],[140.1416,-29.8502],[140.1416,-30.0215],[140.0931,-30.1235],[140.1727,-30.0911],[140.191,-30.0548],[140.246,-29.8645],[140.3009,-29.8311],[140.4602,-29.7787],[140.8173,-29.6069],[140.9491,-29.4683],[141.026,-29.2576],[141.0315,-29.0466],[140.9875,-28.9168],[140.9706,-28.8674]]]},"properties":{"NAME":"Pirlatapa","SUBJECTO":"Pirlatapa","PARTOF":"Pirlatapa","BORDERPRECISION":3,"LINK":null}},
{"type":"Feature","geometry":{"type":"Polygon","coordinates":[[[127.738,-19.4562],[127.7161,-19.8081],[127.7161,-20.1178],[127.7161,-20.4064],[127.76,-20.4888],[127.738,-20.6019],[127.7389,-20.6028],[127.8738,-20.7289],[128.4192,-20.8896],[128.7158,-20.9101],[129.1443,-21.064],[129.4519,-20.9409],[129.5865,-20.949],[129.6277,-20.9307],[129.6668,-20.9539],[129.7925,-20.9614],[130.0891,-21.0947],[130.2534,-21.1139],[130.3967,-21.0025],[130.4956,-20.7972],[130.4956,-20.5505],[130.2869,-20.3034],[129.8694,-19.9424],[129.6497,-19.8391],[129.2761,-19.6736],[128.9685,-19.4769],[128.7158,-19.3008],[128.7582,-19.2608],[128.7486,-19.2503],[128.7378,-19.2385],[128.4082,-19.2385],[127.9578,-19.3111],[127.7964,-19.4177],[127.781,-19.4279],[127.738,-19.4562]]]},"properties":{"NAME":"Ngarti","SUBJECTO":"Ngarti","PARTOF":"Ngarti","BORDERPRECISION":3,"LINK":null}},
{"type":"Feature","geometry":{"type":"Polygon","coordinates":[[[151.2008,-33.3852],[151.2213,-33.3168],[151.1003,-33.3015],[150.9302,-33.28],[150.5731,-33.2433],[150.1337,-33.2111],[150.0084,-33.1871],[149.9989,-33.2308],[149.8755,-33.7974],[149.6777,-34.0891],[149.1064,-34.2527],[149.0397,-34.263],[149.1119,-34.2754],[149.3427,-34.2799],[149.6008,-34.2845],[149.9799,-34.2118],[150.4523,-34.1755],[150.5679,-34.1664],[150.6061,-34.1573],[150.6852,-34.1573],[150.7241,-34.1542],[150.7434,-34.1527],[150.7522,-34.1573],[150.8148,-34.1573],[150.9027,-33.9753],[150.9186,-33.948],[150.9254,-33.9362],[150.9796,-33.843],[151.0126,-33.7563],[151.0219,-33.7408],[151.0245,-33.7366],[151.0675,-33.6649],[151.1115,-33.546],[151.1938,-33.4085],[151.2008,-33.3852]]]},"properties":{"NAME":"Dharug","SUBJECTO":"Dharug","PARTOF":"Dharug","BORDERPRECISION":3,"LINK":null}},
{"type":"Feature","geometry":{"type":"Polygon","coordinates":[[[143.3074,-37.2128],[143.2507,-37.2128],[143.0859,-37.3134],[142.9926,-37.4094],[142.8882,-37.4967],[142.9651,-37.6403],[142.9752,-37.6903],[142.9801,-37.7147],[142.9871,-37.749],[143.031,-37.7968],[143.0475,-37.8014],[143.0804,-37.8108],[143.1683,-37.8358],[143.3386,-38.0091],[143.5583,-38.0827],[143.6572,-38.074],[143.671,-38.0728],[143.7067,-38.0697],[143.811,-38.0091],[143.9484,-37.9832],[143.9923,-38.0221],[144.0143,-38.1],[144.0198,-38.208],[144.0033,-38.2727],[143.8934,-38.3201],[143.8989,-38.3632],[143.9752,-38.389],[144.0008,-38.3977],[144.1022,-38.4321],[144.2114,-38.4382],[144.256,-38.4407],[144.4043,-38.4019],[144.5855,-38.3811],[144.5911,-38.3804],[144.6119,-38.3711],[144.5965,-38.3615],[144.4111,-38.2457],[144.5617,-38.1368],[144.6961,-38.0894],[144.6021,-38.0524],[144.6059,-38.028],[144.6185,-37.9485],[144.6141,-37.9381],[144.5691,-37.9456],[144.5251,-37.9529],[144.4043,-37.8835],[144.3494,-37.7273],[144.2834,-37.5794],[144.2509,-37.4309],[144.2024,-37.4476],[144.1197,-37.4628],[144.0348,-37.4737],[143.9614,-37.4785],[143.8987,-37.4713],[143.852,-37.4652],[143.8225,-37.4653],[143.8037,-37.4726],[143.7954,-37.4735],[143.7968,-37.4671],[143.8029,-37.4573],[143.808,-37.4474],[143.7965,-37.4313],[143.7813,-37.4181],[143.7621,-37.4065],[143.7503,-37.4023],[143.7407,-37.4027],[143.7292,-37.4179],[143.7146,-37.4232],[143.6828,-37.4204],[143.6505,-37.4077],[143.6286,-37.3849],[143.6084,-37.3537],[143.5812,-37.3284],[143.5682,-37.3065],[143.5488,-37.3049],[143.5229,-37.3096],[143.4825,-37.3157],[143.4758,-37.3074],[143.4864,-37.3025],[143.4647,-37.2707],[143.4532,-37.268],[143.4286,-37.274],[143.4107,-37.2862],[143.3959,-37.2956],[143.3817,-37.2958],[143.3651,-37.2923],[143.3392,-37.291],[143.3082,-37.2963],[143.3152,-37.2801],[143.3194,-37.2512],[143.3123,-37.2441],[143.3053,-37.2398],[143.3038,-37.235],[143.3049,-37.2287],[143.3075,-37.2141],[143.3074,-37.2128]]]},"properties":{"NAME":"Wathaurong","SUBJECTO":"Wathaurong","PARTOF":"Wathaurong","BORDERPRECISION":3,"LINK":null}},
{"type":"Feature","geometry":{"type":"Polygon","coordinates":[[[124.4586,-17.4092],[124.4586,-17.3454],[124.4476,-17.0673],[124.4476,-16.8887],[124.4476,-16.8395],[124.3433,-16.8308],[124.1949,-16.8308],[124.0521,-16.8151],[123.9899,-16.8151],[123.988,-16.8151],[123.9881,-16.8135],[123.9862,-16.8151],[123.9587,-16.8151],[123.8599,-16.8571],[123.8203,-16.8839],[123.8378,-16.8913],[123.8852,-16.9114],[123.912,-16.9749],[123.8268,-17.2485],[123.7041,-17.2169],[123.5958,-17.1574],[123.6347,-17.2101],[123.6731,-17.2353],[123.8599,-17.3192],[124.3982,-17.4031],[124.4586,-17.4092]]]},"properties":{"NAME":"Warwa","SUBJECTO":"Warwa","PARTOF":"Warwa","BORDERPRECISION":3,"LINK":null}},
{"type":"Feature","geometry":{"type":"Polygon","coordinates":[[[141.7789,-16.8132],[141.6028,-16.7151],[141.405,-16.5836],[141.2952,-16.5204],[141.2882,-16.52],[141.2469,-16.6359],[141.1324,-16.9571],[140.8789,-17.4196],[140.881,-17.4204],[140.9161,-17.4345],[141.037,-17.466],[141.1419,-17.482],[141.1731,-17.4867],[141.2292,-17.4555],[141.2556,-17.5166],[141.2616,-17.5304],[141.806,-17.7016],[141.9543,-17.7853],[142.5733,-18.0384],[142.5806,-18.0414],[142.5873,-18.0365],[142.9541,-17.7696],[143.1299,-17.6021],[143.1299,-17.4198],[143.1081,-17.4105],[143.042,-17.3821],[142.998,-17.3297],[142.937,-17.252],[142.8552,-17.3821],[142.3828,-17.2038],[142.0642,-17.0463],[141.7896,-16.9202],[141.7888,-16.913],[141.7789,-16.8132]]]},"properties":{"NAME":"Kurtjar","SUBJECTO":"Kurtjar","PARTOF":"Kurtjar","BORDERPRECISION":3,"LINK":null}},
{"type":"Feature","geometry":{"type":"Polygon","coordinates":[[[147.2089,-19.8604],[147.2498,-19.715],[147.3322,-19.6788],[147.42,-19.6478],[147.4665,-19.6501],[147.4127,-19.5632],[147.0776,-19.513],[146.9852,-19.4628],[146.9495,-19.4434],[146.7963,-19.3552],[146.7913,-19.387],[146.8542,-19.4044],[146.8542,-19.4977],[146.8213,-19.6115],[146.8111,-19.8217],[146.8103,-19.8391],[147.019,-19.8804],[147.2058,-19.8494],[147.2089,-19.8604]]]},"properties":{"NAME":"Thul Garrie Waja (Bindal)","SUBJECTO":"Thul Garrie Waja (Bindal)","PARTOF":"Thul Garrie Waja (Bindal)","BORDERPRECISION":3,"LINK":null}},
{"type":"Feature","geometry":{"type":"Polygon","coordinates":[[[134.1213,-12.2595],[134.0717,-12.2595],[134.0392,-12.2635],[134.0193,-12.2659],[134.0035,-12.2678],[133.9997,-12.2658],[133.9984,-12.2684],[133.9563,-12.3507],[133.9069,-12.4205],[133.8354,-12.5546],[133.7805,-12.6457],[133.6981,-12.7957],[133.6222,-12.9202],[133.7476,-13.0153],[133.9558,-13.0257],[133.9618,-12.9831],[134.0881,-12.8707],[134.2749,-12.6618],[134.4397,-12.5385],[134.6375,-12.4366],[134.6594,-12.4312],[134.6836,-12.4391],[134.6869,-12.4402],[134.6869,-12.4349],[134.6869,-12.3185],[134.6924,-12.1843],[134.6995,-12.1286],[134.7005,-12.1209],[134.6924,-12.1145],[134.6054,-12.1077],[134.6046,-12.1077],[134.5551,-12.1038],[134.4662,-12.1344],[134.4025,-12.1564],[134.3683,-12.1682],[134.3573,-12.2541],[134.187,-12.2595],[134.1336,-12.2595],[134.1213,-12.2595]]]},"properties":{"NAME":"Dangbon","SUBJECTO":"Dangbon","PARTOF":"Dangbon","BORDERPRECISION":3,"LINK":null}},
{"type":"Feature","geometry":{"type":"Polygon","coordinates":[[[131.896,-14.5692],[131.792,-14.5836],[131.5063,-14.6048],[131.2976,-14.6793],[131.0284,-14.7749],[131.0176,-14.7871],[130.9882,-14.8202],[130.9625,-14.8492],[130.9735,-15.0032],[131.0339,-15.1835],[131.0339,-15.2683],[131.0597,-15.3056],[131.0734,-15.3254],[131.1108,-15.3795],[131.2701,-15.4378],[131.3361,-15.549],[131.3864,-15.6592],[131.3965,-15.6812],[131.3966,-15.6843],[131.4012,-15.791],[131.402,-15.8081],[131.4294,-15.8129],[131.5228,-15.8292],[131.8524,-15.7923],[131.9403,-15.7764],[132.0557,-15.8504],[132.1371,-15.9394],[132.1765,-15.9825],[132.1545,-16.0933],[132.1545,-16.2305],[132.3029,-15.9825],[132.3193,-15.8933],[132.3193,-15.7605],[132.3193,-15.4854],[132.2314,-15.21],[132.2864,-15.0297],[132.3034,-15.0245],[132.2095,-14.7749],[132.038,-14.609],[131.9813,-14.6164],[131.9073,-14.6261],[131.896,-14.5692]]]},"properties":{"NAME":"Wardaman","SUBJECTO":"Wardaman","PARTOF":"Wardaman","BORDERPRECISION":3,"LINK":null}},
{"type":"Feature","geometry":{"type":"Polygon","coordinates":[[[140.8386,-17.699],[140.7623,-17.6074],[140.7513,-17.5991],[140.7075,-17.632],[140.6899,-17.6378],[140.4363,-17.7216],[140.2497,-17.7982],[140.0602,-17.8304],[139.8183,-17.761],[139.751,-17.7237],[139.7189,-17.7058],[139.6857,-17.8062],[139.6857,-17.916],[139.7006,-17.9423],[139.7125,-17.9631],[139.812,-17.9892],[139.9988,-18.2189],[140.0419,-18.4087],[140.0867,-18.3962],[140.3833,-18.4588],[140.625,-18.5004],[140.7898,-18.2711],[140.8271,-18.1749],[140.8228,-18.1667],[140.8118,-17.9265],[140.8017,-17.7451],[140.8008,-17.7278],[140.8386,-17.699]]]},"properties":{"NAME":"Kukatj","SUBJECTO":"Kukatj","PARTOF":"Kukatj","BORDERPRECISION":3,"LINK":null}},
{"type":"Feature","geometry":{"type":"Polygon","coordinates":[[[115.986,-32.9835],[115.9854,-32.9925],[116.0495,-33.0012],[116.1722,-33.0179],[116.2692,-33.0626],[116.6309,-33.2295],[116.6778,-33.2481],[117.1582,-33.4383],[117.2103,-33.4795],[117.4191,-33.6443],[117.4252,-33.6393],[117.4878,-33.5872],[117.529,-33.5528],[117.6326,-33.4961],[117.9602,-33.3168],[118.088,-33.2798],[118.1744,-33.2548],[118.3706,-33.151],[118.4122,-33.129],[118.1525,-33.1053],[118.1085,-33.0562],[117.9575,-32.981],[117.7954,-32.7734],[117.7428,-32.6329],[117.6691,-32.5468],[117.6121,-32.4024],[117.5299,-32.3765],[117.5125,-32.3753],[117.3038,-32.3127],[117.0978,-32.2778],[116.9,-32.2221],[116.738,-32.1872],[116.6281,-32.1431],[116.5992,-32.1447],[116.5485,-32.1477],[116.2683,-32.2918],[116.1626,-32.3782],[116.1375,-32.3987],[116.098,-32.431],[116.0801,-32.6006],[116.0761,-32.6394],[115.9882,-32.9534],[115.986,-32.9835]]]},"properties":{"NAME":"Wiilman","SUBJECTO":"Wiilman","PARTOF":"Wiilman","BORDERPRECISION":3,"LINK":null}},
{"type":"Feature","geometry":{"type":"Polygon","coordinates":[[[134.6869,-12.4402],[134.6869,-12.4527],[134.7693,-12.5814],[134.8737,-12.6564],[134.9341,-12.7154],[135.0549,-12.8707],[135.0549,-13.0581],[135.0549,-13.0822],[135.0549,-13.1118],[135.0549,-13.272],[135.2197,-13.4858],[135.3059,-13.5367],[135.3438,-13.5591],[135.423,-13.6059],[135.7059,-13.7047],[135.8289,-13.7286],[135.8293,-13.678],[135.8309,-13.4848],[136.0086,-13.3318],[136.2383,-13.2296],[136.4691,-13.2228],[136.523,-13.1082],[136.5276,-12.9112],[136.6067,-12.8156],[136.6637,-12.6248],[136.8597,-12.4401],[136.7911,-12.3703],[136.6396,-12.3261],[136.4345,-12.1168],[136.3534,-12.1551],[136.2986,-12.5112],[136.0912,-12.5752],[135.9425,-12.3594],[135.649,-12.1884],[135.4445,-12.1761],[135.1918,-12.3737],[135.1285,-12.3866],[134.94,-12.3361],[134.7621,-12.0632],[134.7346,-12.0622],[134.7294,-12.0682],[134.7034,-12.0984],[134.7005,-12.1209],[134.6995,-12.1286],[134.6924,-12.1843],[134.6869,-12.3185],[134.6869,-12.4349],[134.6869,-12.4402]]]},"properties":{"NAME":"Yolngu","SUBJECTO":"Yolngu","PARTOF":"Yolngu","BORDERPRECISION":3,"LINK":null}},
{"type":"Feature","geometry":{"type":"Polygon","coordinates":[[[143.2079,-22.4281],[143.2073,-22.4311],[143.1893,-22.5227],[143.1782,-22.579],[143.1683,-22.6292],[143.0914,-22.8724],[143.0695,-23.1151],[143.1793,-23.438],[143.3331,-23.6797],[143.4091,-23.7808],[143.4382,-23.8196],[143.454,-23.8406],[143.7726,-23.7904],[144.0472,-23.7602],[144.4098,-23.7703],[144.7504,-23.8406],[144.9152,-23.9612],[145.207,-24.1777],[145.2339,-24.1218],[145.4587,-23.6555],[145.9161,-23.8637],[146.5914,-23.9407],[146.6024,-23.9418],[146.6484,-23.9464],[146.5851,-23.8306],[146.4862,-23.6898],[146.3873,-23.5791],[146.3654,-23.4884],[146.3763,-23.3574],[146.4093,-23.0545],[146.2115,-22.6394],[146.0791,-22.4821],[146.0632,-22.4632],[146.0577,-22.4567],[145.8845,-22.3881],[145.8398,-22.3704],[145.7501,-22.3348],[145.2997,-22.1314],[144.8932,-21.9685],[144.4647,-21.9685],[143.8385,-22.0093],[143.41,-22.1314],[143.3644,-22.1948],[143.2189,-22.3968],[143.2123,-22.4059],[143.2079,-22.4281]]]},"properties":{"NAME":"Iningai","SUBJECTO":"Iningai","PARTOF":"Iningai","BORDERPRECISION":3,"LINK":null}},
{"type":"Feature","geometry":{"type":"Polygon","coordinates":[[[131.992,-13.966],[132.0007,-13.9287],[132.0447,-13.7954],[132.0711,-13.7595],[132.0721,-13.7527],[132.0782,-13.7498],[132.0996,-13.7207],[132.1985,-13.6833],[132.2864,-13.6887],[132.4072,-13.6727],[132.5171,-13.614],[132.6215,-13.5766],[132.7643,-13.5606],[132.8467,-13.5499],[132.8412,-13.4965],[132.7478,-13.427],[132.6764,-13.3843],[132.561,-13.3469],[132.3907,-13.3041],[132.2644,-13.2667],[132.2095,-13.2399],[132.1996,-13.2226],[131.9183,-13.1009],[131.7645,-13.0153],[131.6876,-13.026],[131.6437,-13.1169],[131.5997,-13.2079],[131.5556,-13.2772],[131.5283,-13.3201],[131.5167,-13.4066],[131.5283,-13.403],[131.5298,-13.4096],[131.5503,-13.5018],[131.7233,-13.6727],[131.8195,-13.7821],[131.8607,-13.8274],[131.9485,-13.8887],[131.992,-13.966]]]},"properties":{"NAME":"Warray","SUBJECTO":"Warray","PARTOF":"Warray","BORDERPRECISION":3,"LINK":null}},
{"type":"Feature","geometry":{"type":"Polygon","coordinates":[[[142.8487,-12.2841],[142.9074,-12.2756],[143.0997,-12.238],[143.1026,-12.24],[143.1171,-12.2359],[143.1731,-12.1213],[143.1274,-12.0134],[142.9383,-12.0074],[142.8235,-11.9187],[142.7952,-11.7566],[142.792,-11.7382],[142.7701,-11.741],[142.6892,-11.7674],[142.6874,-11.781],[142.6849,-11.8001],[142.7124,-11.9533],[142.7103,-12.0036],[142.7399,-12.0662],[142.8113,-12.2139],[142.8487,-12.2841]]]},"properties":{"NAME":"Wuthathi","SUBJECTO":"Wuthathi","PARTOF":"Wuthathi","BORDERPRECISION":3,"LINK":null}},
{"type":"Feature","geometry":{"type":"Polygon","coordinates":[[[126.4526,-20.3715],[126.4526,-20.6328],[126.2769,-21.023],[126.0352,-21.5757],[125.8408,-21.8105],[125.9912,-21.8105],[126.1569,-21.9324],[126.2071,-21.9052],[126.2109,-21.8819],[126.6284,-21.6166],[127.0239,-21.0435],[127.3315,-20.9614],[127.6172,-20.6533],[127.7069,-20.6798],[127.7389,-20.6028],[127.738,-20.6019],[127.76,-20.4888],[127.7161,-20.4064],[127.7161,-20.1178],[127.7161,-19.8081],[127.738,-19.4562],[127.781,-19.4279],[127.7799,-19.4195],[127.7271,-19.4252],[127.3535,-19.363],[127.0569,-19.2697],[126.8485,-19.1666],[126.8256,-19.1823],[126.8042,-19.1971],[126.5076,-20.0146],[126.3647,-20.2828],[126.3445,-20.3414],[126.4526,-20.3652],[126.4526,-20.3715]]]},"properties":{"NAME":"Kukatja","SUBJECTO":"Kukatja","PARTOF":"Kukatja","BORDERPRECISION":3,"LINK":null}},
{"type":"Feature","geometry":{"type":"Polygon","coordinates":[[[139.335,-17.8749],[139.3396,-17.8742],[139.3594,-17.9226],[139.4934,-17.9056],[139.6691,-17.9517],[139.7006,-17.9423],[139.6857,-17.916],[139.6857,-17.8062],[139.7189,-17.7058],[139.5102,-17.5898],[139.4659,-17.644],[139.3781,-17.7801],[139.335,-17.8749]]]},"properties":{"NAME":"Mingin","SUBJECTO":"Mingin","PARTOF":"Mingin","BORDERPRECISION":3,"LINK":null}},
{"type":"Feature","geometry":{"type":"MultiPolygon","coordinates":[[[[142.3761,-31.4114],[142.3843,-31.41],[142.3842,-31.4099],[142.3673,-31.3889],[142.3755,-31.4099],[142.3761,-31.4114]]],[[[141.0416,-31.3495],[140.8887,-31.4474],[140.4272,-31.7282],[140.1506,-31.9769],[140.1636,-32.0733],[140.0607,-32.0733],[140.0317,-32.2778],[140.0098,-32.5376],[139.9208,-32.769],[139.9219,-32.7688],[141.2183,-32.38],[141.8445,-32.0546],[142.0093,-31.8776],[142.2839,-31.6347],[142.326,-31.4287],[141.8005,-31.4287],[141.5918,-31.4099],[141.1194,-31.4005],[141.0416,-31.3495]]]]},"properties":{"NAME":"Wiljali","SUBJECTO":"Wiljali","PARTOF":"Wiljali","BORDERPRECISION":3,"LINK":null}},
{"type":"Feature","geometry":{"type":"Polygon","coordinates":[[[116.6087,-23.0043],[116.5874,-23.0434],[116.6693,-23.0898],[116.8561,-23.206],[117.0978,-23.3069],[117.188,-23.332],[117.2021,-23.206],[117.1307,-23.1151],[117.0483,-23.0191],[117.0099,-22.9533],[116.9824,-22.9331],[116.9824,-22.8825],[116.9824,-22.8741],[116.9604,-22.8673],[116.8781,-22.7873],[116.8614,-22.7712],[116.8396,-22.7812],[116.7407,-22.9078],[116.6528,-22.923],[116.6087,-23.0043]]]},"properties":{"NAME":"Jurruru","SUBJECTO":"Jurruru","PARTOF":"Jurruru","BORDERPRECISION":3,"LINK":null}},
{"type":"Feature","geometry":{"type":"Polygon","coordinates":[[[141.7028,-34.6088],[141.7566,-34.588],[142.1082,-34.6694],[142.4158,-34.7145],[142.8003,-34.8048],[142.9641,-34.8415],[142.9641,-34.8414],[142.9651,-34.8318],[142.9651,-34.756],[142.9651,-34.6928],[142.9651,-34.6694],[142.9215,-34.6335],[142.9156,-34.6358],[142.8992,-34.6422],[142.7344,-34.6965],[142.6794,-34.7145],[142.4927,-34.7145],[142.3169,-34.6061],[142.262,-34.3978],[142.1411,-34.2345],[141.9445,-34.1939],[141.8115,-34.4522],[141.7028,-34.6088]]]},"properties":{"NAME":"Latje Latje","SUBJECTO":"Latje Latje","PARTOF":"Latje Latje","BORDERPRECISION":3,"LINK":null}},
{"type":"Feature","geometry":{"type":"Polygon","coordinates":[[[150.3297,-34.935],[150.4303,-34.7777],[150.5676,-34.5473],[150.6116,-34.4386],[150.7874,-34.1755],[150.7522,-34.1573],[150.7434,-34.1527],[150.7241,-34.1542],[150.6852,-34.1573],[150.5679,-34.1664],[150.4523,-34.1755],[149.9799,-34.2118],[149.6008,-34.2845],[149.3427,-34.2799],[149.1119,-34.2754],[149.0397,-34.263],[148.8733,-34.2888],[148.7549,-34.3071],[148.5307,-34.3356],[148.4692,-34.3434],[148.4001,-34.3815],[148.5571,-34.5382],[148.7878,-34.719],[149.0572,-34.876],[149.0887,-34.8943],[149.1284,-34.9175],[149.1422,-34.9268],[149.3818,-35.0887],[149.4745,-35.1514],[149.619,-35.2312],[149.6448,-35.2165],[149.6504,-35.2131],[149.8453,-35.0952],[150.0073,-35.003],[150.0787,-34.958],[150.2251,-34.9229],[150.2573,-34.9152],[150.3297,-34.935]]]},"properties":{"NAME":"Gundungurra","SUBJECTO":"Gundungurra","PARTOF":"Gundungurra","BORDERPRECISION":3,"LINK":null}},
{"type":"Feature","geometry":{"type":"Polygon","coordinates":[[[148.3862,-37.3676],[148.4528,-37.4094],[148.7,-37.4749],[148.9581,-37.4792],[149.2548,-37.6186],[149.3152,-37.736],[149.3107,-37.8141],[149.4305,-37.8054],[149.6722,-37.7577],[149.8041,-37.6708],[149.8491,-37.6433],[149.8571,-37.6344],[149.9848,-37.3469],[149.9763,-37.0803],[149.9525,-37.0753],[149.9277,-37.1034],[149.8233,-37.1012],[149.5006,-37.0379],[149.3372,-37.0727],[149.0295,-37.0815],[148.5352,-37.2566],[148.3862,-37.3676]]]},"properties":{"NAME":"Bidwell","SUBJECTO":"Bidwell","PARTOF":"Bidwell","BORDERPRECISION":3,"LINK":null}},
{"type":"Feature","geometry":{"type":"Polygon","coordinates":[[[138.3728,-24.7069],[138.0762,-24.7069],[137.7795,-24.7269],[137.45,-24.7468],[137.1423,-24.8266],[136.8567,-24.8466],[136.615,-24.9163],[136.3074,-25.0557],[136.2707,-25.0594],[136.2744,-25.0856],[136.2744,-25.6415],[136.2744,-26.1357],[136.1865,-26.726],[136.1865,-27.2016],[136.1865,-27.2156],[136.1388,-27.2398],[136.2524,-27.2937],[136.582,-27.401],[136.7249,-27.5375],[136.8018,-27.7127],[136.8161,-27.7334],[136.8896,-27.8391],[136.9006,-27.8375],[137.428,-27.7613],[137.7246,-27.7905],[138.0762,-27.7322],[138.1539,-27.6565],[138.2127,-27.5991],[138.2959,-27.518],[138.4167,-27.4303],[138.4065,-27.3917],[138.4021,-27.375],[138.3728,-27.2644],[138.3069,-26.9808],[138.23,-26.7554],[138.1641,-26.5689],[138.1556,-26.463],[138.1531,-26.4312],[138.1348,-26.4001],[138.0432,-26.2442],[138.0322,-26.0568],[138.186,-26.0173],[138.4497,-26.0074],[138.6365,-25.9975],[138.8277,-25.9704],[138.8452,-25.9679],[138.8138,-25.9089],[138.7244,-25.7405],[138.5925,-25.5226],[138.4717,-25.2447],[138.4277,-24.9363],[138.4058,-24.8466],[138.3838,-24.7069],[138.3728,-24.7069]]]},"properties":{"NAME":"Wangkangurru","SUBJECTO":"Wangkangurru","PARTOF":"Wangkangurru","BORDERPRECISION":3,"LINK":null}},
{"type":"Feature","geometry":{"type":"Polygon","coordinates":[[[114.7066,-23.2872],[114.7402,-23.3379],[114.7852,-23.3523],[114.9225,-23.3977],[115.0543,-23.4229],[115.274,-23.569],[115.4388,-23.6697],[115.719,-23.72],[115.8016,-23.7536],[115.8234,-23.6999],[115.8014,-23.5791],[115.752,-23.4179],[115.697,-23.2514],[115.7328,-22.9269],[115.7355,-22.9027],[115.776,-22.9214],[115.7684,-22.8724],[115.7267,-22.8531],[115.7147,-22.8476],[115.5981,-22.8724],[115.5048,-22.8623],[115.3455,-22.8572],[115.0928,-22.8369],[114.8621,-22.8369],[114.8077,-22.825],[114.796,-22.8274],[114.7742,-22.928],[114.7302,-23.0545],[114.7083,-23.201],[114.7066,-23.2872]]]},"properties":{"NAME":"Purduna","SUBJECTO":"Purduna","PARTOF":"Purduna","BORDERPRECISION":3,"LINK":null}},
{"type":"Feature","geometry":{"type":"Polygon","coordinates":[[[145.3981,-18.1185],[145.437,-18.1354],[145.5579,-18.1432],[145.7172,-18.0597],[145.838,-18.0284],[145.9671,-18.0075],[145.9844,-18.0058],[145.9963,-17.9562],[146.0187,-17.8622],[145.9942,-17.5126],[145.9765,-17.4675],[145.9614,-17.429],[145.9451,-17.4266],[145.8215,-17.3821],[145.7227,-17.3349],[145.643,-17.2851],[145.5482,-17.2423],[145.5441,-17.2405],[145.5323,-17.228],[145.4919,-17.1854],[145.4315,-17.1828],[145.3358,-17.2622],[145.3612,-17.3109],[145.3821,-17.3506],[145.3097,-17.3589],[145.2903,-17.4216],[145.2887,-17.4266],[145.2557,-17.5026],[145.22,-17.5472],[145.2161,-17.5608],[145.2109,-17.5789],[145.2832,-17.6754],[145.3381,-17.8533],[145.3601,-18.0101],[145.3947,-18.117],[145.3981,-18.1185]]]},"properties":{"NAME":"Djirbalngan","SUBJECTO":"Djirbalngan","PARTOF":"Djirbalngan","BORDERPRECISION":3,"LINK":null}},
{"type":"Feature","geometry":{"type":"Polygon","coordinates":[[[141.7025,-15.3332],[141.6504,-15.3228],[141.6418,-15.3363],[141.5176,-15.5323],[141.4015,-15.8567],[141.4004,-15.864],[141.6083,-15.8715],[141.6592,-15.8715],[141.6907,-15.5384],[141.7014,-15.3426],[141.7017,-15.3372],[141.7025,-15.3332]]]},"properties":{"NAME":"Koko-bera","SUBJECTO":"Koko-bera","PARTOF":"Koko-bera","BORDERPRECISION":3,"LINK":null}},
{"type":"Feature","geometry":{"type":"Polygon","coordinates":[[[147.2598,-22.5111],[147.2374,-22.4896],[147.1399,-22.3958],[146.9861,-22.345],[146.7781,-22.3302],[146.7719,-22.3298],[146.7153,-22.3308],[146.5027,-22.3348],[146.2885,-22.3856],[146.0632,-22.4364],[146.0632,-22.4632],[146.0791,-22.4821],[146.2115,-22.6394],[146.4093,-23.0545],[146.3763,-23.3574],[146.3654,-23.4884],[146.3873,-23.5791],[146.4862,-23.6898],[146.5851,-23.8306],[146.6484,-23.9464],[146.854,-23.967],[147.0662,-23.9804],[147.2149,-23.99],[147.1948,-23.9511],[147.1619,-23.7803],[147.1289,-23.559],[147.1289,-23.3473],[147.1597,-23.3357],[147.1589,-23.3271],[147.1564,-23.3019],[147.1619,-22.9887],[147.2168,-22.7053],[147.2772,-22.5278],[147.2598,-22.5111]]]},"properties":{"NAME":"Yagalingu","SUBJECTO":"Yagalingu","PARTOF":"Yagalingu","BORDERPRECISION":3,"LINK":null}},
{"type":"Feature","geometry":{"type":"Polygon","coordinates":[[[139.4096,-35.1938],[139.3835,-35.2187],[139.4824,-35.2905],[139.5703,-35.4696],[139.6582,-35.7198],[139.7681,-35.9869],[139.845,-36.1734],[139.9988,-36.324],[140.0875,-36.3293],[140.1261,-36.3316],[140.2954,-36.3417],[140.5151,-36.3417],[140.8008,-36.3417],[140.9985,-36.3137],[140.9985,-36.255],[140.9985,-36.2531],[140.9985,-35.9602],[141.1414,-35.5322],[141.2842,-35.2097],[141.394,-34.8589],[141.4147,-34.8165],[141.3281,-34.7777],[141.2512,-34.6422],[141.1084,-34.597],[140.9326,-34.6151],[140.6799,-34.6874],[140.4163,-34.6874],[140.1746,-34.6874],[139.823,-34.6694],[139.7241,-34.904],[139.5374,-35.2187],[139.5358,-35.2184],[139.4096,-35.1938]]]},"properties":{"NAME":"Ngargad","SUBJECTO":"Ngargad","PARTOF":"Ngargad","BORDERPRECISION":3,"LINK":null}},
{"type":"Feature","geometry":{"type":"Polygon","coordinates":[[[150.1253,-22.4238],[149.9448,-22.3236],[150.0081,-22.6732],[150.0173,-22.7304],[149.6702,-22.5722],[149.5568,-22.4326],[149.5062,-22.2546],[149.4114,-21.9178],[149.2939,-21.582],[149.2794,-21.5408],[149.1833,-21.5706],[149.1362,-21.5954],[149.1623,-21.6271],[149.2712,-21.7595],[149.3591,-21.943],[149.3591,-22.106],[149.3701,-22.3501],[149.2986,-22.3721],[149.3427,-22.4618],[149.3976,-22.685],[149.5844,-22.8521],[149.7986,-22.8724],[149.9963,-22.8623],[150.1886,-22.7863],[150.1996,-22.5937],[150.1253,-22.4238]]]},"properties":{"NAME":"Guwinmal","SUBJECTO":"Guwinmal","PARTOF":"Guwinmal","BORDERPRECISION":3,"LINK":null}},
{"type":"Feature","geometry":{"type":"Polygon","coordinates":[[[151.2596,-34.0098],[151.2635,-33.9914],[151.2241,-33.9661],[151.0922,-33.9342],[150.9254,-33.9362],[150.9186,-33.948],[150.9027,-33.9753],[150.8148,-34.1573],[150.7522,-34.1573],[150.7874,-34.1755],[150.6116,-34.4386],[150.5676,-34.5473],[150.4303,-34.7777],[150.3297,-34.935],[150.3561,-34.9422],[150.433,-34.976],[150.6995,-35.0795],[150.7956,-35.0862],[150.816,-35.1063],[150.8176,-35.1064],[150.8192,-35.1051],[150.8557,-35.0108],[150.8538,-34.9195],[150.845,-34.8972],[150.853,-34.8786],[150.8497,-34.7181],[150.957,-34.5615],[150.9686,-34.4703],[150.9796,-34.4024],[150.9961,-34.3457],[151.051,-34.2776],[151.0895,-34.2254],[151.1664,-34.1505],[151.2405,-34.0709],[151.2492,-34.0578],[151.2596,-34.0098]]]},"properties":{"NAME":"Tharawal","SUBJECTO":"Tharawal","PARTOF":"Tharawal","BORDERPRECISION":3,"LINK":null}},
{"type":"Feature","geometry":{"type":"Polygon","coordinates":[[[126.2071,-21.9052],[126.1976,-21.9623],[126.3098,-22.0449],[126.5625,-22.3501],[126.7273,-22.6343],[126.925,-23.009],[127.0459,-23.3019],[127.4304,-23.6546],[127.8259,-23.916],[127.8948,-23.9863],[127.9657,-24.0587],[128.1445,-24.1267],[128.4961,-24.267],[128.866,-24.3954],[128.9575,-24.4271],[129.0743,-24.4459],[129.3311,-24.4871],[129.7266,-24.627],[130.2319,-24.7668],[130.4956,-24.8665],[130.5762,-24.7933],[130.6011,-24.7708],[130.6714,-24.7069],[130.9131,-24.3871],[130.979,-24.1066],[131.0889,-23.7652],[131.1877,-23.4632],[131.2646,-23.1505],[131.2941,-22.9745],[131.2983,-22.9492],[131.3086,-22.8876],[131.3196,-22.7559],[131.1328,-22.7559],[130.8582,-22.6242],[130.6824,-22.3399],[130.6714,-22.0755],[130.8252,-21.9227],[130.8691,-21.637],[130.7373,-21.3201],[130.4407,-21.1357],[130.3201,-21.1217],[130.2534,-21.1139],[130.0891,-21.0947],[129.7925,-20.9614],[129.6668,-20.9539],[129.5865,-20.949],[129.4519,-20.9409],[129.1443,-21.064],[128.7158,-20.9101],[128.4192,-20.8896],[127.8738,-20.7289],[127.7069,-20.6798],[127.6172,-20.6533],[127.3315,-20.9614],[127.0239,-21.0435],[126.6284,-21.6166],[126.2109,-21.8819],[126.2071,-21.9052]]]},"properties":{"NAME":"Pintupi","SUBJECTO":"Pintupi","PARTOF":"Pintupi","BORDERPRECISION":3,"LINK":null}},
{"type":"Feature","geometry":{"type":"Polygon","coordinates":[[[127.2437,-14.438],[127.2437,-14.275],[127.3424,-14.0915],[127.1665,-14.0628],[126.8534,-13.7838],[126.7647,-14.0001],[126.6651,-14.102],[126.6398,-14.1546],[126.6166,-14.203],[126.6394,-14.2378],[126.6888,-14.3495],[126.7477,-14.3808],[126.749,-14.3815],[126.991,-14.3815],[127.2437,-14.438]]]},"properties":{"NAME":"Miwa","SUBJECTO":"Miwa","PARTOF":"Miwa","BORDERPRECISION":3,"LINK":null}},
{"type":"Feature","geometry":{"type":"Polygon","coordinates":[[[117.4487,-22.7703],[117.4274,-22.8167],[117.4933,-22.9129],[117.6306,-22.9938],[117.9163,-23.1606],[118.2019,-23.3423],[118.4161,-23.4582],[118.5602,-23.5265],[118.5754,-23.5338],[118.6523,-23.5338],[118.7952,-23.5388],[118.8455,-23.5403],[119.1412,-23.5489],[119.4708,-23.5388],[119.6191,-23.5287],[119.6268,-23.5287],[119.6191,-23.5136],[119.6191,-23.4582],[119.6191,-23.4028],[119.6414,-23.3992],[119.6136,-23.3826],[119.5972,-23.2615],[119.5313,-23.1454],[119.4653,-22.9938],[119.3555,-22.7053],[119.2401,-22.5836],[119.1193,-22.5075],[119.0094,-22.4364],[118.9545,-22.3958],[118.9337,-22.3404],[118.9235,-22.3358],[118.9105,-22.3298],[118.5864,-22.223],[118.2019,-22.0805],[118.0151,-22.0398],[117.8943,-22.0398],[117.8429,-22.0729],[117.8229,-22.0859],[117.7679,-22.1213],[117.7075,-22.2738],[117.5977,-22.4466],[117.5427,-22.6089],[117.4878,-22.685],[117.4614,-22.7426],[117.4487,-22.7703]]]},"properties":{"NAME":"Banjima","SUBJECTO":"Banjima","PARTOF":"Banjima","BORDERPRECISION":3,"LINK":null}},
{"type":"Feature","geometry":{"type":"Polygon","coordinates":[[[130.2672,-13.6338],[130.2676,-13.6326],[130.3033,-13.5499],[130.3226,-13.4698],[130.3277,-13.4598],[130.3336,-13.4484],[130.3198,-13.435],[130.3039,-13.4299],[130.2928,-13.4263],[130.2814,-13.435],[130.2237,-13.4617],[130.2181,-13.4625],[130.206,-13.4842],[130.1909,-13.4978],[130.2072,-13.5232],[130.2127,-13.6033],[130.2672,-13.6338]]]},"properties":{"NAME":"Kuwema","SUBJECTO":"Kuwema","PARTOF":"Kuwema","BORDERPRECISION":3,"LINK":null}},
{"type":"Feature","geometry":{"type":"Polygon","coordinates":[[[130.249,-17.1522],[130.144,-17.0673],[129.8694,-17.0253],[129.6497,-16.8992],[129.397,-16.8781],[129.2542,-16.794],[129.2542,-16.6257],[129.2149,-16.6257],[129.1113,-16.6257],[128.9026,-16.6467],[128.8037,-16.6993],[128.8257,-16.8151],[128.8586,-16.9832],[128.8916,-17.1723],[128.9465,-17.3926],[129.0234,-17.6231],[129.0536,-17.8341],[129.1992,-17.9265],[129.2761,-18.2189],[129.2651,-18.3232],[129.5068,-18.3232],[129.8914,-18.3128],[130.4187,-18.2294],[130.7593,-18.1876],[130.946,-18.1041],[130.9736,-18.1232],[131.1053,-18.0623],[131.4899,-17.9787],[131.5056,-17.9715],[131.4857,-17.9646],[131.4075,-17.9474],[131.2097,-17.9369],[130.99,-17.9056],[130.9855,-17.8754],[130.979,-17.8742],[130.957,-17.7278],[130.957,-17.4764],[130.9399,-17.3945],[130.9351,-17.3716],[130.7263,-17.3821],[130.4846,-17.3192],[130.2869,-17.2877],[130.2869,-17.1828],[130.282,-17.1788],[130.249,-17.1522]]]},"properties":{"NAME":"Gurindji","SUBJECTO":"Gurindji","PARTOF":"Gurindji","BORDERPRECISION":3,"LINK":null}},
{"type":"Feature","geometry":{"type":"Polygon","coordinates":[[[141.9066,-14.9182],[141.9473,-14.9182],[142.1521,-14.8705],[142.5366,-14.8174],[143.2178,-14.8067],[143.3979,-14.8276],[143.4045,-14.8284],[143.4045,-14.8262],[143.421,-14.8227],[143.454,-14.7271],[143.4595,-14.456],[143.4394,-14.3441],[143.4375,-14.3336],[143.435,-14.3189],[143.421,-14.2378],[143.36,-14.1153],[143.3541,-14.1035],[143.3441,-14.0833],[143.2952,-14.0898],[143.1848,-14.1046],[142.9541,-14.1845],[142.9527,-14.1849],[142.9596,-14.2431],[142.9116,-14.2769],[142.8992,-14.2857],[142.8387,-14.3176],[142.6465,-14.3549],[142.5311,-14.4187],[142.3938,-14.4719],[142.1796,-14.4719],[142.0556,-14.4901],[141.999,-14.4984],[142.0093,-14.6421],[141.9763,-14.7961],[141.8994,-14.9182],[141.9066,-14.9182]]]},"properties":{"NAME":"Bakanh","SUBJECTO":"Bakanh","PARTOF":"Bakanh","BORDERPRECISION":3,"LINK":null}},
{"type":"Feature","geometry":{"type":"Polygon","coordinates":[[[143.0319,-18.7328],[143.1299,-18.6931],[143.3936,-18.5942],[143.4866,-18.5316],[143.4814,-18.5004],[143.4805,-18.4941],[143.4595,-18.3545],[143.4485,-18.2189],[143.4485,-17.9892],[143.4045,-17.7382],[143.3826,-17.6021],[143.2617,-17.4764],[143.1299,-17.4198],[143.1299,-17.6021],[142.9541,-17.7696],[142.5873,-18.0365],[142.6849,-18.1824],[142.8442,-18.4275],[142.9991,-18.6457],[143.0365,-18.6983],[143.0319,-18.7328]]]},"properties":{"NAME":"Takalak","SUBJECTO":"Takalak","PARTOF":"Takalak","BORDERPRECISION":3,"LINK":null}},
{"type":"Feature","geometry":{"type":"Polygon","coordinates":[[[132.3035,-23.0134],[132.5391,-22.7964],[132.627,-22.7762],[133.1918,-22.9111],[133.4399,-22.8977],[133.9592,-22.8879],[133.9453,-22.8369],[133.9893,-22.3704],[134.0165,-22.3545],[133.6816,-22.2077],[133.0225,-22.1264],[132.9244,-21.9264],[132.9016,-21.9634],[132.7258,-21.9634],[132.4622,-21.9634],[132.0667,-22.0042],[131.8799,-22.2891],[131.8799,-22.5531],[132.0337,-22.7458],[132.1962,-22.9786],[132.2864,-22.9786],[132.3035,-23.0134]]]},"properties":{"NAME":"Anmatyerre","SUBJECTO":"Anmatyerre","PARTOF":"Anmatyerre","BORDERPRECISION":3,"LINK":null}},
{"type":"Feature","geometry":{"type":"Polygon","coordinates":[[[130.2001,-13.8878],[130.1413,-13.8647],[130.118,-13.8207],[130.1042,-13.7767],[130.1097,-13.7127],[130.1303,-13.662],[130.1138,-13.6193],[130.0611,-13.6059],[129.8614,-13.7151],[129.8523,-13.7201],[129.7663,-13.8156],[129.7637,-13.9903],[129.7635,-14.0071],[129.8694,-13.9834],[129.8969,-13.9927],[129.8735,-14.05],[129.8828,-14.0893],[129.8845,-14.0966],[129.8886,-14.0972],[129.9243,-14.1019],[129.9889,-14.1099],[130.0373,-14.0945],[130.0459,-14.0918],[130.0768,-14.082],[130.1591,-14.054],[130.1786,-14.0373],[130.1904,-14.0271],[130.2072,-14.0127],[130.2125,-13.992],[130.2162,-13.9777],[130.2278,-13.9327],[130.2264,-13.8981],[130.225,-13.8975],[130.2001,-13.8878]]]},"properties":{"NAME":"Marrithiyel","SUBJECTO":"Marrithiyel","PARTOF":"Marrithiyel","BORDERPRECISION":3,"LINK":null}},
{"type":"Feature","geometry":{"type":"Polygon","coordinates":[[[130.3644,-13.3884],[130.3336,-13.4484],[130.3277,-13.4598],[130.3226,-13.4698],[130.3033,-13.5499],[130.2676,-13.6326],[130.2672,-13.6338],[130.2669,-13.6347],[130.2374,-13.7127],[130.2347,-13.8221],[130.2237,-13.8807],[130.2276,-13.8823],[130.2403,-13.8873],[130.3014,-13.9114],[130.3033,-13.8914],[130.3108,-13.8911],[130.4187,-13.8861],[130.589,-13.8541],[130.7263,-13.8007],[130.8696,-13.8007],[130.9076,-13.7794],[131.0312,-13.7741],[131.1548,-13.7661],[131.3113,-13.7154],[131.3373,-13.6443],[131.3306,-13.6246],[131.2866,-13.5712],[131.2097,-13.5552],[130.7483,-13.4911],[130.4764,-13.4217],[130.4024,-13.3921],[130.3854,-13.3854],[130.3644,-13.3884]]]},"properties":{"NAME":"Malak malak","SUBJECTO":"Malak malak","PARTOF":"Malak malak","BORDERPRECISION":3,"LINK":null}},
{"type":"Feature","geometry":{"type":"Polygon","coordinates":[[[146.5046,-26.9593],[146.6266,-26.9001],[146.6836,-26.8807],[146.7786,-26.8493],[146.8519,-26.8202],[146.9062,-26.7887],[146.9335,-26.7766],[147.2375,-26.7839],[147.5171,-26.7863],[147.8543,-26.7693],[148.011,-26.7829],[148.0458,-26.7795],[148.0998,-26.7605],[148.1364,-26.7433],[148.1557,-26.6968],[148.1692,-26.6433],[148.1808,-26.5864],[148.1808,-26.5606],[148.1982,-26.5365],[148.2194,-26.5227],[148.3115,-26.3312],[148.3699,-26.2099],[148.3332,-26.1372],[148.3327,-26.1047],[148.332,-26.0692],[148.3317,-26.0502],[148.3313,-26.0263],[148.368,-25.9586],[148.4201,-25.9222],[148.503,-25.8996],[148.5424,-25.8888],[148.5596,-25.8838],[148.6201,-25.8616],[148.6376,-25.8551],[148.6641,-25.8535],[148.7098,-25.8585],[148.7586,-25.8623],[148.8326,-25.874],[148.9011,-25.8873],[148.9361,-25.8976],[148.9395,-25.8983],[148.9412,-25.8973],[148.9429,-25.8949],[148.9486,-25.8709],[148.958,-25.8311],[148.9565,-25.8084],[148.9522,-25.77],[148.9449,-25.7542],[148.9254,-25.7367],[148.9113,-25.6948],[148.891,-25.6375],[148.87,-25.5817],[148.8513,-25.5312],[148.828,-25.5006],[148.8186,-25.4796],[148.8247,-25.4621],[148.8393,-25.4388],[148.8612,-25.409],[148.8569,-25.3721],[148.8655,-25.2983],[148.8594,-25.2502],[148.8569,-25.2302],[148.8559,-25.2036],[148.8547,-25.1718],[148.8483,-25.127],[148.8354,-25.0822],[148.8289,-25.0296],[148.8354,-24.9907],[148.859,-24.9107],[148.862,-24.8795],[148.8373,-24.8389],[148.825,-24.7871],[148.8234,-24.7213],[148.8111,-24.675],[148.7849,-24.6358],[148.7745,-24.5895],[148.742,-24.5255],[148.6988,-24.4837],[148.669,-24.4763],[148.6195,-24.4619],[148.5913,-24.4414],[148.5592,-24.4188],[148.542,-24.4068],[148.4993,-24.3844],[148.481,-24.3749],[148.3982,-24.2867],[148.3139,-24.218],[148.2813,-24.1704],[148.2131,-24.1196],[148.1432,-24.0967],[148.1019,-24.0787],[148.0356,-24.0459],[147.9845,-24.0272],[147.8455,-24.0339],[147.5967,-24.0205],[147.4284,-24.0038],[147.235,-23.9913],[147.2149,-23.99],[147.0662,-23.9804],[146.854,-23.967],[146.6484,-23.9464],[146.6024,-23.9418],[146.5914,-23.9407],[145.9161,-23.8637],[145.4587,-23.6555],[145.2339,-24.1218],[145.207,-24.1777],[145.1253,-24.3473],[145.1204,-24.4115],[145.1083,-24.4668],[145.0864,-24.5154],[145.0791,-24.6435],[145.0597,-24.7715],[145.0547,-24.7987],[145.0427,-24.8641],[145.0421,-24.8647],[144.8751,-25.049],[144.8265,-25.1832],[144.7269,-25.5957],[144.7027,-25.6921],[144.6735,-25.7774],[144.6322,-25.8408],[144.6063,-25.9114],[144.6126,-25.9349],[144.6154,-25.9538],[144.6267,-25.9735],[144.6425,-25.9858],[144.7017,-26.0083],[144.7313,-26.0144],[144.7496,-26.0554],[144.7792,-26.0983],[144.8156,-26.1465],[144.8793,-26.1997],[144.9249,-26.2037],[144.9955,-26.1976],[145.041,-26.1813],[145.0479,-26.1547],[145.0519,-26.1223],[145.0742,-26.0943],[145.1031,-26.0843],[145.2055,-26.1043],[145.3258,-26.1423],[145.4037,-26.1982],[145.466,-26.2641],[145.5016,-26.328],[145.522,-26.3681],[145.535,-26.3938],[145.5751,-26.4656],[145.5907,-26.5612],[145.5773,-26.609],[145.5454,-26.6391],[145.5507,-26.6597],[145.5649,-26.7136],[145.5991,-26.8315],[145.6014,-26.9443],[145.6014,-27.0127],[145.5675,-27.0731],[145.5698,-27.1133],[145.5961,-27.1202],[145.739,-27.1216],[145.8774,-27.1041],[145.9604,-27.0871],[146.058,-27.0684],[146.2276,-27.0404],[146.4719,-26.9751],[146.5046,-26.9593]]]},"properties":{"NAME":"Bidjara","SUBJECTO":"Bidjara","PARTOF":"Bidjara","BORDERPRECISION":3,"LINK":null}},
{"type":"Feature","geometry":{"type":"Polygon","coordinates":[[[134.6078,-12.0576],[134.5963,-12.0572],[134.5963,-12.0904],[134.6045,-12.1065],[134.6047,-12.1067],[134.6046,-12.1077],[134.6054,-12.1077],[134.6924,-12.1145],[134.7005,-12.1209],[134.7034,-12.0984],[134.7294,-12.0682],[134.7327,-12.0621],[134.6078,-12.0576]]]},"properties":{"NAME":"Burarra","SUBJECTO":"Burarra","PARTOF":"Burarra","BORDERPRECISION":3,"LINK":null}},
{"type":"Feature","geometry":{"type":"MultiPolygon","coordinates":[[[[125.3372,-17.6495],[125.4803,-17.6702],[125.6616,-17.5655],[125.7825,-17.4502],[125.7937,-17.4169],[125.7916,-17.4135],[125.7275,-17.3087],[125.6836,-17.2143],[125.6664,-17.0832],[125.6177,-17.1198],[125.4968,-17.0148],[125.0574,-16.7414],[124.8332,-16.5267],[124.7163,-16.4964],[124.5659,-16.5095],[124.4349,-16.5155],[124.3964,-16.5173],[124.4147,-16.5678],[124.4476,-16.6467],[124.4476,-16.773],[124.4476,-16.8395],[124.4476,-16.8887],[124.4476,-17.0673],[124.4586,-17.3454],[124.4586,-17.4092],[124.4899,-17.4124],[124.552,-17.4188],[124.7003,-17.4188],[124.8871,-17.4031],[125.0464,-17.3978],[125.2057,-17.445],[125.2771,-17.5393],[125.3346,-17.6448],[125.3372,-17.6495]]],[[[124.6125,-16.3779],[124.8165,-16.5106],[124.8047,-16.4993],[124.7941,-16.3728],[124.7917,-16.3438],[124.7552,-16.3307],[124.5596,-16.3435],[124.6125,-16.3779]]]]},"properties":{"NAME":"Unggumi","SUBJECTO":"Unggumi","PARTOF":"Unggumi","BORDERPRECISION":3,"LINK":null}},
{"type":"Feature","geometry":{"type":"Polygon","coordinates":[[[122.3169,-28.6968],[122.5415,-28.652],[122.6313,-28.6958],[122.6294,-28.6617],[122.8271,-28.5363],[123.0139,-28.4107],[123.2776,-28.285],[123.8818,-27.8779],[124.1675,-27.6251],[124.3678,-27.5186],[124.3571,-27.4645],[124.1675,-27.3523],[123.728,-27.1569],[123.1567,-26.7848],[123.0584,-26.675],[122.956,-26.5606],[122.8162,-26.775],[122.4976,-27.2937],[122.1021,-27.557],[121.9373,-27.6933],[121.6939,-27.8563],[121.756,-27.9071],[121.7638,-27.9193],[121.8054,-27.9847],[121.8713,-28.0526],[121.9592,-28.1592],[122.0581,-28.2947],[122.135,-28.4107],[122.2668,-28.5845],[122.3169,-28.6968]]]},"properties":{"NAME":"Tjalkanti","SUBJECTO":"Tjalkanti","PARTOF":"Tjalkanti","BORDERPRECISION":3,"LINK":null}},
{"type":"Feature","geometry":{"type":"Polygon","coordinates":[[[122.1289,-17.3528],[122.1012,-17.3819],[122.0938,-17.4135],[122.1103,-17.5288],[122.1213,-17.6388],[122.1515,-17.7278],[122.1824,-17.7719],[122.1899,-17.7827],[122.3685,-17.767],[122.5525,-17.7696],[122.6816,-17.7644],[122.7076,-17.7561],[122.72,-17.7199],[122.7239,-17.7156],[122.753,-17.6833],[122.8024,-17.6676],[122.8165,-17.6657],[122.8107,-17.6178],[122.7997,-17.4083],[122.8011,-17.3691],[122.8031,-17.3166],[122.7585,-17.3166],[122.5964,-17.3166],[122.3959,-17.3192],[122.1954,-17.3192],[122.1608,-17.3192],[122.1289,-17.3528]]]},"properties":{"NAME":"Ngumbarl","SUBJECTO":"Ngumbarl","PARTOF":"Ngumbarl","BORDERPRECISION":3,"LINK":null}},
{"type":"Feature","geometry":{"type":"Polygon","coordinates":[[[114.643,-26.4673],[114.6423,-26.4657],[114.6772,-26.4379],[114.6313,-26.3968],[114.527,-26.4017],[114.2413,-26.5148],[114.0161,-26.5885],[113.8458,-26.7505],[113.7338,-26.8005],[113.703,-26.8143],[113.736,-26.9759],[113.8348,-27.1227],[113.9392,-27.279],[114.0381,-27.6397],[114.0381,-27.7613],[114.0875,-27.975],[114.2798,-28.3286],[114.3376,-28.4854],[114.4522,-28.6488],[114.5966,-28.7195],[114.7028,-28.7195],[114.9554,-28.6327],[115.2301,-28.57],[115.2981,-28.5377],[115.2733,-28.509],[115.2026,-28.4735],[115.0488,-28.2463],[114.906,-27.9507],[114.917,-27.6105],[114.8676,-27.1618],[114.7961,-26.9221],[114.7028,-26.618],[114.643,-26.4673]]]},"properties":{"NAME":"Nhanta","SUBJECTO":"Nhanta","PARTOF":"Nhanta","BORDERPRECISION":3,"LINK":null}},
{"type":"Feature","geometry":{"type":"Polygon","coordinates":[[[151.2008,-33.3852],[151.2433,-33.3948],[151.3806,-33.2617],[151.4064,-33.2055],[151.4266,-33.1616],[151.463,-33.0823],[151.4685,-32.898],[151.4476,-32.8935],[151.4244,-32.9006],[151.4026,-32.9073],[151.1169,-32.9073],[150.8148,-32.8842],[150.6116,-32.8796],[150.2985,-32.8334],[150.0957,-32.8161],[150.0513,-32.9902],[150.0084,-33.1871],[150.1337,-33.2111],[150.5731,-33.2433],[150.9302,-33.28],[151.1003,-33.3015],[151.2213,-33.3168],[151.2008,-33.3852]]]},"properties":{"NAME":"Darkinung","SUBJECTO":"Darkinung","PARTOF":"Darkinung","BORDERPRECISION":3,"LINK":null}},
{"type":"Feature","geometry":{"type":"Polygon","coordinates":[[[142.3194,-28.5274],[142.4048,-28.5942],[142.663,-28.6713],[142.9541,-28.7291],[143.0175,-28.7357],[143.064,-28.7388],[143.3221,-28.758],[143.3741,-28.7709],[143.5034,-28.7291],[143.6446,-28.7356],[143.6863,-28.7376],[143.6462,-28.5266],[143.6462,-28.4011],[143.7946,-28.2899],[143.8934,-28.2124],[144.1077,-28.0429],[144.1756,-27.9829],[144.151,-27.9807],[143.9264,-27.9604],[143.7561,-27.9119],[143.7393,-27.9022],[143.703,-27.9022],[143.5474,-27.975],[143.3826,-28.0138],[143.2617,-28.0138],[143.031,-28.0526],[142.8003,-28.1689],[142.5146,-28.2657],[142.4158,-28.4204],[142.3194,-28.5274]]]},"properties":{"NAME":"Kullilla","SUBJECTO":"Kullilla","PARTOF":"Kullilla","BORDERPRECISION":3,"LINK":null}},
{"type":"Feature","geometry":{"type":"Polygon","coordinates":[[[139.8401,-37.042],[139.8225,-37.2463],[140.004,-37.6249],[140.1196,-37.7099],[140.1267,-37.7155],[140.2492,-37.7944],[140.3264,-37.8651],[140.3339,-37.8705],[140.4547,-37.9659],[140.5206,-38.02],[140.5879,-38.0535],[140.7211,-38.0967],[140.7953,-38.0935],[140.8488,-38.0805],[140.9477,-38.0708],[140.9525,-38.068],[140.9464,-38.0632],[140.9464,-38.02],[140.9572,-38.0043],[140.9587,-38.0021],[140.9628,-37.9962],[140.9723,-37.9939],[140.9848,-37.9864],[140.9942,-37.9887],[141.004,-37.9864],[141.0548,-38.0027],[141.0888,-38.0173],[141.194,-38.0525],[141.238,-38.0591],[141.2649,-38.0431],[141.2759,-38.0286],[141.2581,-37.981],[141.2924,-37.9669],[141.2993,-37.916],[141.2856,-37.877],[141.2279,-37.7978],[141.2266,-37.7756],[141.0452,-37.7457],[140.7816,-37.6273],[140.6387,-37.5576],[140.3558,-37.392],[140.2048,-37.2281],[140.191,-37.1516],[140.1855,-37.0771],[140.0414,-37.0533],[139.9658,-37.042],[139.8401,-37.042]]]},"properties":{"NAME":"Buandig","SUBJECTO":"Buandig","PARTOF":"Buandig","BORDERPRECISION":3,"LINK":null}},
{"type":"Feature","geometry":{"type":"Polygon","coordinates":[[[141.6592,-15.8715],[141.6083,-15.8715],[141.4004,-15.864],[141.3922,-15.9194],[141.3138,-16.4482],[141.2882,-16.52],[141.2952,-16.5204],[141.405,-16.5836],[141.6028,-16.7151],[141.7789,-16.8132],[141.7676,-16.6993],[141.7566,-16.4888],[141.6577,-16.1514],[141.6577,-15.9244],[141.6577,-15.8874],[141.6592,-15.8715]]]},"properties":{"NAME":"Koknar","SUBJECTO":"Koknar","PARTOF":"Koknar","BORDERPRECISION":3,"LINK":null}},
{"type":"Feature","geometry":{"type":"Polygon","coordinates":[[[119.9439,-20.1175],[119.9257,-20.0808],[119.8125,-20.1179],[119.5311,-20.1375],[119.1365,-20.0367],[118.9363,-20.0244],[118.8651,-20.069],[118.8278,-20.1398],[118.8831,-20.1488],[119.0259,-20.2364],[119.1907,-20.2828],[119.3829,-20.3549],[119.6356,-20.391],[119.718,-20.3446],[119.8279,-20.2622],[119.8883,-20.1746],[119.9268,-20.1127],[119.9439,-20.1175]]]},"properties":{"NAME":"Ngarla","SUBJECTO":"Ngarla","PARTOF":"Ngarla","BORDERPRECISION":3,"LINK":null}},
{"type":"Feature","geometry":{"type":"Polygon","coordinates":[[[129.6932,-15.0905],[129.6724,-15.1544],[129.7321,-15.2312],[129.7583,-15.2734],[129.8145,-15.2524],[129.849,-15.296],[129.8859,-15.3425],[129.9133,-15.4113],[130.0122,-15.4113],[130.1331,-15.4378],[130.1548,-15.4867],[130.2869,-15.3954],[130.3583,-15.4484],[130.3803,-15.4774],[130.3918,-15.4924],[130.5505,-15.4854],[130.8032,-15.4378],[130.9845,-15.4219],[131.0734,-15.3254],[131.0597,-15.3056],[131.0339,-15.2683],[131.0339,-15.1835],[130.9735,-15.0032],[130.9625,-14.8492],[130.9882,-14.8202],[130.957,-14.7961],[130.8472,-14.7643],[130.7538,-14.7643],[130.6274,-14.7536],[130.5121,-14.7589],[130.4242,-14.7589],[130.3885,-14.7536],[130.3528,-14.7483],[130.3506,-14.7164],[130.2649,-14.7164],[130.0616,-14.7218],[129.8419,-14.7536],[129.7943,-14.7536],[129.8168,-14.7811],[129.8486,-14.8199],[129.8386,-14.928],[129.7025,-15.0617],[129.6932,-15.0905]]]},"properties":{"NAME":"Jaminjung","SUBJECTO":"Jaminjung","PARTOF":"Jaminjung","BORDERPRECISION":3,"LINK":null}},
{"type":"Feature","geometry":{"type":"Polygon","coordinates":[[[118.1864,-30.9013],[118.0785,-30.7405],[117.9781,-30.6929],[117.5906,-30.6003],[117.1347,-30.3758],[116.848,-30.0718],[116.4311,-31.471],[116.5744,-31.5265],[116.7308,-31.6042],[116.7308,-32.1243],[117.5299,-32.3765],[117.6121,-32.4024],[117.6038,-32.3815],[117.5372,-32.2128],[117.5262,-31.9568],[117.724,-31.527],[117.9163,-31.2645],[118.1864,-30.9013]]]},"properties":{"NAME":"Ballardong","SUBJECTO":"Ballardong","PARTOF":"Ballardong","BORDERPRECISION":3,"LINK":null}},
{"type":"Feature","geometry":{"type":"Polygon","coordinates":[[[143.6729,-14.2873],[143.582,-14.0566],[143.5765,-14.0426],[143.443,-14.0673],[143.3541,-14.1035],[143.36,-14.1153],[143.421,-14.2378],[143.435,-14.3189],[143.6729,-14.2873]]]},"properties":{"NAME":"Umbindhamu","SUBJECTO":"Umbindhamu","PARTOF":"Umbindhamu","BORDERPRECISION":3,"LINK":null}},
{"type":"Feature","geometry":{"type":"Polygon","coordinates":[[[135.5203,-14.4464],[135.5878,-14.3549],[135.5933,-14.1792],[135.4944,-14.0247],[135.4285,-13.8381],[135.3241,-13.694],[135.2692,-13.654],[135.2554,-13.6688],[135.1373,-13.7954],[134.9176,-13.8647],[134.7933,-13.904],[134.7858,-13.9127],[134.8517,-14.0034],[134.9286,-14.1739],[134.9451,-14.3176],[135.0366,-14.4436],[135.1373,-14.424],[135.2692,-14.424],[135.4395,-14.424],[135.4969,-14.4399],[135.5203,-14.4464]]]},"properties":{"NAME":"Ngandi","SUBJECTO":"Ngandi","PARTOF":"Ngandi","BORDERPRECISION":3,"LINK":null}},
{"type":"Feature","geometry":{"type":"Polygon","coordinates":[[[143.501,-13.7846],[143.4983,-13.7728],[143.4348,-13.7967],[143.3959,-13.8123],[143.3943,-13.8207],[143.3551,-14.0194],[143.3441,-14.0833],[143.3541,-14.1035],[143.443,-14.0673],[143.5765,-14.0426],[143.5381,-13.945],[143.501,-13.7846]]]},"properties":{"NAME":"Kuuku-yani","SUBJECTO":"Kuuku-yani","PARTOF":"Kuuku-yani","BORDERPRECISION":3,"LINK":null}},
{"type":"Feature","geometry":{"type":"MultiPolygon","coordinates":[[[[146.1062,-18.5487],[146.0835,-18.5121],[145.9687,-18.542],[145.8476,-18.513],[145.7526,-18.4429],[145.715,-18.4275],[145.6811,-18.4293],[145.6859,-18.4466],[145.684,-18.4753],[145.6897,-18.4796],[145.8282,-18.6459],[145.8545,-18.6775],[145.9644,-18.8855],[146.2061,-19.0933],[146.3489,-19.2385],[146.5027,-19.3111],[146.5676,-19.3275],[146.5159,-19.2708],[146.4182,-19.179],[146.3539,-19.1008],[146.3218,-19.0823],[146.2818,-19.0132],[146.2591,-18.9856],[146.1791,-18.8894],[146.1215,-18.7887],[146.1504,-18.7106],[146.157,-18.7024],[146.1339,-18.6326],[146.1062,-18.5487]]],[[[146.7093,-19.3642],[146.7087,-19.3628],[146.6743,-19.3545],[146.7093,-19.3642]]]]},"properties":{"NAME":"Nyawaygi","SUBJECTO":"Nyawaygi","PARTOF":"Nyawaygi","BORDERPRECISION":3,"LINK":null}},
{"type":"Feature","geometry":{"type":"Polygon","coordinates":[[[145.6146,-21.6852],[145.5963,-21.7059],[145.6128,-21.7595],[145.6897,-21.9227],[145.7776,-22.0144],[145.8655,-22.1569],[145.8875,-22.3704],[145.8845,-22.3881],[146.0577,-22.4567],[146.0632,-22.4632],[146.0632,-22.4364],[146.2885,-22.3856],[146.5027,-22.3348],[146.7153,-22.3308],[146.7719,-22.3298],[146.7781,-22.3302],[146.8433,-22.1569],[146.8213,-21.9227],[146.7948,-21.8735],[146.7886,-21.8737],[146.6785,-21.8768],[146.5521,-21.6574],[146.5469,-21.5989],[146.3489,-21.591],[145.9479,-21.6421],[145.6146,-21.6852]]]},"properties":{"NAME":"Miyan","SUBJECTO":"Miyan","PARTOF":"Miyan","BORDERPRECISION":3,"LINK":null}},
{"type":"Feature","geometry":{"type":"Polygon","coordinates":[[[123.2886,-21.3563],[123.2886,-21.3712],[123.4094,-21.361],[123.6072,-21.4224],[123.8928,-21.637],[124.0796,-21.943],[124.0796,-22.1569],[124.0906,-22.3501],[124.3872,-22.2891],[124.8267,-22.1162],[125.2112,-21.9634],[125.387,-21.8105],[125.5188,-21.8105],[125.8408,-21.8105],[126.0352,-21.5757],[126.2769,-21.023],[126.4526,-20.6328],[126.4526,-20.3715],[126.4526,-20.3652],[126.3445,-20.3414],[126.0791,-20.2828],[125.4199,-20.2003],[125.1123,-20.1797],[124.9554,-20.1961],[124.8999,-20.2019],[124.7168,-20.221],[124.2554,-20.5299],[123.8379,-20.5299],[123.8379,-20.679],[123.8379,-20.7458],[123.7061,-20.8999],[123.5632,-21.0537],[123.2886,-21.3563]]]},"properties":{"NAME":"Yulparitja","SUBJECTO":"Yulparitja","PARTOF":"Yulparitja","BORDERPRECISION":3,"LINK":null}},
{"type":"Feature","geometry":{"type":"Polygon","coordinates":[[[148.7257,-24.2285],[148.634,-24.3371],[148.5592,-24.4188],[148.5913,-24.4414],[148.6195,-24.4619],[148.669,-24.4763],[148.6988,-24.4837],[148.742,-24.5255],[148.7745,-24.5895],[148.7849,-24.6358],[148.8111,-24.675],[148.8234,-24.7213],[148.825,-24.7871],[148.8373,-24.8389],[148.862,-24.8795],[148.859,-24.9107],[148.8354,-24.9907],[148.8289,-25.0296],[148.8354,-25.0822],[148.8483,-25.127],[148.8547,-25.1718],[148.8559,-25.2036],[149.0273,-25.1775],[149.0278,-25.1745],[148.9856,-25.1154],[148.9911,-24.8765],[148.9911,-24.5871],[149.0231,-24.3792],[148.7549,-24.257],[148.7257,-24.2285]]]},"properties":{"NAME":"Garingbal","SUBJECTO":"Garingbal","PARTOF":"Garingbal","BORDERPRECISION":3,"LINK":null}},
{"type":"Feature","geometry":{"type":"Polygon","coordinates":[[[144.6173,-36.5265],[144.6762,-36.4677],[144.7696,-36.3704],[144.8026,-36.2819],[144.8458,-36.1422],[144.8465,-36.1401],[144.8569,-36.1118],[144.8685,-36.0802],[144.8218,-36.0513],[144.7064,-35.9802],[144.5554,-35.9246],[144.5251,-35.8534],[144.5746,-35.7421],[144.668,-35.5814],[144.9207,-35.4472],[145.1129,-35.3218],[145.1349,-35.3022],[145.1294,-35.2636],[145.1095,-35.2202],[144.9976,-34.976],[144.877,-34.805],[144.8767,-34.8048],[144.8546,-34.7762],[144.8383,-34.7552],[144.7559,-34.8994],[144.657,-35.03],[144.5411,-35.1626],[144.4647,-35.2501],[144.3849,-35.3055],[144.2065,-35.4293],[144.0308,-35.568],[143.8165,-35.7242],[143.7313,-35.7962],[143.715,-35.81],[143.7781,-35.8356],[143.9539,-35.8623],[143.9978,-35.9869],[143.9725,-36.038],[143.9978,-36.0713],[144.0315,-36.1291],[144.0709,-36.1283],[144.0718,-36.1387],[144.1275,-36.1418],[144.1496,-36.1724],[144.1881,-36.1898],[144.262,-36.1902],[144.2649,-36.1767],[144.3373,-36.1784],[144.3349,-36.2006],[144.5735,-36.1986],[144.6971,-36.3323],[144.7191,-36.3561],[144.6413,-36.4646],[144.6173,-36.5265]]]},"properties":{"NAME":"Baraba Baraba","SUBJECTO":"Baraba Baraba","PARTOF":"Baraba Baraba","BORDERPRECISION":3,"LINK":null}},
{"type":"Feature","geometry":{"type":"Polygon","coordinates":[[[141.1618,-17.493],[141.1419,-17.482],[141.037,-17.466],[140.9161,-17.4345],[140.881,-17.4204],[140.8785,-17.4203],[140.8009,-17.5618],[140.7513,-17.5991],[140.7623,-17.6074],[140.8386,-17.699],[140.9656,-17.6021],[141.1618,-17.493]]]},"properties":{"NAME":"Kuthant","SUBJECTO":"Kuthant","PARTOF":"Kuthant","BORDERPRECISION":3,"LINK":null}},
{"type":"Feature","geometry":{"type":"Polygon","coordinates":[[[149.9593,-32.4433],[150.1172,-32.7318],[150.1099,-32.7605],[150.0957,-32.8161],[150.2985,-32.8334],[150.6116,-32.8796],[150.8148,-32.8842],[151.1169,-32.9073],[151.4026,-32.9073],[151.4244,-32.9006],[151.4476,-32.8935],[151.5234,-32.8704],[151.5787,-32.7738],[151.5912,-32.7521],[151.5948,-32.7457],[151.6058,-32.5237],[151.6017,-32.5161],[151.5556,-32.5022],[151.3037,-32.4263],[151.04,-32.315],[150.8533,-32.2593],[150.5566,-32.2593],[150.1831,-32.3753],[149.9593,-32.4433]]]},"properties":{"NAME":"Wonnarua","SUBJECTO":"Wonnarua","PARTOF":"Wonnarua","BORDERPRECISION":3,"LINK":null}},
{"type":"Feature","geometry":{"type":"Polygon","coordinates":[[[133.0779,-13.2934],[133.1131,-13.28],[133.2317,-13.3008],[133.2587,-13.3041],[133.4674,-13.2881],[133.5498,-13.2988],[133.5716,-13.3265],[133.6102,-13.3175],[133.6597,-13.2453],[133.6707,-13.1062],[133.6542,-13.0367],[133.5924,-12.969],[133.5773,-12.9939],[133.5223,-12.9136],[133.521,-12.9131],[133.4904,-12.904],[133.4509,-12.8921],[133.4399,-12.8814],[133.4029,-12.8473],[133.3743,-12.8334],[133.3218,-12.8252],[133.2587,-12.8091],[133.2092,-12.8011],[133.1186,-12.7797],[133.0417,-12.7689],[132.9758,-12.7689],[132.9126,-12.777],[132.8839,-12.777],[132.8632,-12.777],[132.8556,-12.811],[132.8494,-12.8386],[132.8485,-12.8427],[132.8357,-12.9028],[132.8355,-12.9071],[132.8344,-12.9315],[132.8329,-12.9644],[132.8055,-12.9965],[132.7615,-13.0848],[132.7176,-13.1357],[132.6667,-13.1681],[132.6864,-13.1773],[132.8082,-13.2346],[132.9785,-13.3041],[133.0779,-13.2934]]]},"properties":{"NAME":"Wuningangk","SUBJECTO":"Wuningangk","PARTOF":"Wuningangk","BORDERPRECISION":3,"LINK":null}},
{"type":"Feature","geometry":{"type":"Polygon","coordinates":[[[142.3843,-31.41],[142.3761,-31.4114],[142.3279,-31.4193],[142.326,-31.4287],[142.2839,-31.6347],[142.0093,-31.8776],[141.8445,-32.0546],[141.2183,-32.38],[139.9219,-32.7688],[139.9208,-32.769],[139.8795,-32.7776],[139.2957,-32.898],[138.9331,-33.1927],[138.9331,-33.4773],[139.0877,-33.6662],[139.1265,-33.6555],[139.2078,-33.6329],[139.5154,-33.4681],[139.9658,-33.3489],[140.3174,-33.2938],[140.8008,-33.3856],[140.8919,-33.416],[140.9729,-33.4431],[141.0864,-33.3397],[141.1963,-33.2846],[141.4435,-33.1191],[141.6357,-33.0133],[141.7731,-32.9349],[142.3059,-32.5237],[142.5037,-32.3289],[142.7728,-32.1756],[142.9431,-32.036],[143.1244,-31.8356],[143.2837,-31.6814],[143.443,-31.5645],[143.5308,-31.513],[143.4946,-31.4722],[143.4276,-31.3968],[143.41,-31.3818],[143.2288,-31.3536],[142.9431,-31.3536],[142.6135,-31.3724],[142.385,-31.4099],[142.3843,-31.41]]]},"properties":{"NAME":"Danggali","SUBJECTO":"Danggali","PARTOF":"Danggali","BORDERPRECISION":3,"LINK":null}},
{"type":"Feature","geometry":{"type":"Polygon","coordinates":[[[146.8508,-29.9413],[146.813,-29.9049],[146.8372,-29.8586],[146.7773,-29.8311],[146.6565,-29.7358],[146.4587,-29.7071],[146.0632,-29.669],[145.8545,-29.6403],[145.796,-29.6727],[145.7941,-29.7453],[145.6787,-29.9549],[145.5963,-30.1641],[145.568,-30.1852],[145.595,-30.168],[145.6787,-30.0929],[145.9698,-29.9502],[146.2115,-29.9454],[146.2143,-29.9496],[146.6785,-29.9264],[146.8508,-29.9413]]]},"properties":{"NAME":"Barranbinya","SUBJECTO":"Barranbinya","PARTOF":"Barranbinya","BORDERPRECISION":3,"LINK":null}},
{"type":"Feature","geometry":{"type":"Polygon","coordinates":[[[130.0318,-14.4367],[130.0429,-14.4454],[130.0699,-14.4666],[130.1633,-14.4666],[130.2814,-14.4905],[130.3226,-14.5065],[130.3424,-14.5112],[130.3426,-14.5111],[130.3857,-14.4879],[130.4572,-14.4879],[130.545,-14.4826],[130.7922,-14.3974],[130.8911,-14.3203],[130.9076,-14.1818],[130.8774,-14.0167],[130.8636,-13.9047],[130.8559,-13.8141],[130.8554,-13.8087],[130.8696,-13.8007],[130.7263,-13.8007],[130.589,-13.8541],[130.4187,-13.8861],[130.3108,-13.8911],[130.3033,-13.8914],[130.3014,-13.9114],[130.2924,-14.0034],[130.21,-14.094],[130.1056,-14.1277],[130.1028,-14.1286],[130.0946,-14.1312],[130.0342,-14.2005],[130.0122,-14.2804],[129.9902,-14.3442],[130.0122,-14.3868],[130.0202,-14.4132],[130.0203,-14.4135],[130.0259,-14.432],[130.0318,-14.4367]]]},"properties":{"NAME":"Ngan’giwumirri","SUBJECTO":"Ngan’giwumirri","PARTOF":"Ngan’giwumirri","BORDERPRECISION":3,"LINK":null}},
{"type":"Feature","geometry":{"type":"Polygon","coordinates":[[[151.5956,-33.1916],[151.7646,-33.0047],[151.7667,-33.0043],[151.7899,-32.9741],[151.8448,-32.8934],[151.9258,-32.8448],[151.8256,-32.8473],[151.6882,-32.8011],[151.5787,-32.7738],[151.5234,-32.8704],[151.4476,-32.8935],[151.4685,-32.898],[151.463,-33.0823],[151.4266,-33.1616],[151.4267,-33.1616],[151.5177,-33.1807],[151.5956,-33.1916]]]},"properties":{"NAME":"Awabakal","SUBJECTO":"Awabakal","PARTOF":"Awabakal","BORDERPRECISION":3,"LINK":null}},
{"type":"Feature","geometry":{"type":"Polygon","coordinates":[[[115.9688,-32.981],[115.9854,-32.9234],[116.0184,-32.8265],[116.0239,-32.7596],[116.0801,-32.6006],[116.098,-32.431],[116.1375,-32.3987],[116.1401,-32.3877],[116.0266,-32.4356],[115.7959,-32.4912],[115.7575,-32.4938],[115.7669,-32.7545],[115.7151,-33.0177],[115.8344,-32.981],[115.9688,-32.981]]]},"properties":{"NAME":"Pinjarup","SUBJECTO":"Pinjarup","PARTOF":"Pinjarup","BORDERPRECISION":3,"LINK":null}},
{"type":"Feature","geometry":{"type":"Polygon","coordinates":[[[140.949,-21.9382],[140.9436,-21.9532],[140.9656,-22.1467],[140.9546,-22.2993],[140.9786,-22.3104],[141.0095,-22.2688],[141.0397,-22.2781],[141.2732,-22.3501],[141.5918,-22.5734],[142.0972,-22.8167],[142.4927,-22.6546],[142.9541,-22.5227],[143.1893,-22.5227],[143.2073,-22.4311],[143.2068,-22.4313],[143.2079,-22.4281],[143.2123,-22.4059],[143.2189,-22.3968],[143.3276,-22.0856],[143.3276,-21.7799],[143.3239,-21.6815],[143.2397,-21.6983],[142.9761,-21.7289],[142.7563,-21.8411],[142.5366,-21.8819],[142.1741,-21.8615],[142.0422,-21.7697],[141.6577,-21.7085],[141.3721,-21.7493],[141.1194,-21.8921],[141.0257,-21.9174],[140.949,-21.9382]]]},"properties":{"NAME":"Guwa","SUBJECTO":"Guwa","PARTOF":"Guwa","BORDERPRECISION":3,"LINK":null}},
{"type":"Feature","geometry":{"type":"Polygon","coordinates":[[[128.4529,-30.1138],[128.4741,-29.7834],[128.3423,-29.497],[127.8589,-29.0562],[127.6392,-28.7869],[127.4463,-28.5895],[127.4176,-28.5601],[127.3755,-28.517],[127.3693,-28.52],[127.2815,-28.562],[127.1338,-28.6327],[126.936,-28.8254],[126.6504,-28.8832],[126.5625,-28.8254],[126.2988,-28.6713],[125.9253,-28.5556],[125.7935,-28.4783],[125.4639,-28.285],[125.2661,-28.1301],[125.0684,-28.0332],[124.8267,-27.7808],[124.6069,-27.6057],[124.4224,-27.5239],[124.3872,-27.5083],[124.3678,-27.5186],[124.1675,-27.6251],[123.8818,-27.8779],[123.2776,-28.285],[123.0139,-28.4107],[122.8271,-28.5363],[122.6294,-28.6617],[122.6313,-28.6958],[122.6332,-28.7278],[122.6404,-28.8543],[122.7283,-28.9409],[122.8381,-29.1522],[122.97,-29.3822],[123.1018,-29.583],[123.2007,-29.7548],[123.4094,-30.1071],[123.4753,-30.3634],[123.5083,-30.4676],[123.5083,-30.6379],[123.5193,-30.7324],[123.5587,-30.9015],[123.5632,-30.9211],[124.0356,-30.9493],[124.4196,-30.9551],[125.1894,-30.6467],[126.3585,-30.3841],[127.1299,-30.3681],[127.6172,-30.2401],[128.1665,-30.1261],[128.4521,-30.1261],[128.4529,-30.1138]]]},"properties":{"NAME":"Nyanganyatjara","SUBJECTO":"Nyanganyatjara","PARTOF":"Nyanganyatjara","BORDERPRECISION":3,"LINK":null}},
{"type":"Feature","geometry":{"type":"MultiPolygon","coordinates":[[[[-1.0661,32.4503],[0.8732,31.9859],[6.2692,31.8735],[8.0208,33.0203],[8.7706,33.1893],[13.0784,31.8259],[13.8775,31.0588],[13.6746,26.1432],[9.4574,25.1843],[9.6702,24.2177],[15.1448,25.0967],[15.6341,30.5181],[15.6495,30.5227],[17.5812,30.3427],[18.8587,29.5622],[19.9702,29.7232],[20.2808,30.3312],[20.3648,30.3378],[21.1969,31.0775],[22.1215,31.0775],[22.4294,31.2649],[26.1715,30.3156],[29.4257,22.6638],[30.3464,22.1114],[29.4655,20.7659],[29.4655,19.1729],[30.6909,16.8447],[31.6712,15.8644],[31.4261,13.2911],[31.6712,11.5756],[33.1417,11.5756],[33.9994,13.6587],[33.6318,15.7419],[34.6121,18.0701],[33.8769,19.6631],[32.1614,20.6434],[31.6166,21.2954],[31.6447,21.2769],[32.6617,20.9996],[35.2505,21.3694],[36.8001,21.9149],[36.6604,22.1665],[36.4732,22.3377],[36.2902,22.5724],[36.1114,22.6483],[35.7463,22.9143],[35.6893,23.0213],[35.5759,23.2317],[35.4685,23.7207],[35.4879,23.7906],[35.6163,23.8353],[35.7247,23.9118],[35.6566,23.9943],[35.4535,24.1527],[35.1899,24.3999],[34.9974,24.7172],[34.5148,25.5739],[34.1042,26.3545],[33.9288,26.5638],[33.8041,26.9321],[33.5669,27.37],[33.3542,27.9095],[32.9347,28.3788],[32.6493,28.7658],[32.5906,28.9372],[32.3185,29.5402],[32.4384,29.7755],[32.648,29.8522],[32.7373,29.6935],[32.8136,29.4777],[32.9438,29.1984],[33.1785,28.9956],[33.3307,28.5512],[33.5041,28.3292],[33.856,28.025],[34.058,27.7903],[34.2412,27.7589],[34.322,27.829],[34.3988,28.096],[34.5489,28.7316],[34.7643,29.2467],[34.9355,29.4181],[34.9543,29.4368],[34.9847,29.4672],[35.0734,29.4189],[35.0955,29.3427],[35.0721,29.2114],[35.0257,28.9486],[34.8856,28.3575],[34.7989,28.2302],[34.7639,28.0967],[34.8756,28.097],[35.1116,28.0721],[35.4365,27.7297],[35.5948,27.514],[35.8311,27.0952],[36.3122,26.4227],[36.3298,26.4028],[36.6693,26.0168],[37.0053,25.5347],[37.2183,25.1666],[37.2685,24.9698],[37.2015,24.6583],[37.4188,24.3983],[37.5572,24.2715],[37.7818,24.2148],[37.9884,24.1136],[38.3294,23.8347],[38.4901,23.6127],[38.9151,22.8702],[39.0556,22.5719],[39.1022,22.4004],[39.1033,22.0002],[39.1304,21.6508],[39.1667,21.2188],[39.5269,20.6922],[39.7641,20.4068],[40.3363,20.0967],[40.6938,19.8687],[40.8198,19.6847],[41.033,19.2849],[41.3992,18.4406],[41.6286,18.0472],[42.0094,17.7367],[42.2065,17.5147],[42.5353,17.0707],[42.7637,16.6455],[42.8144,16.4041],[42.828,16.3215],[42.8839,15.9849],[42.7635,15.667],[42.7959,15.4701],[43.0533,14.6065],[43.2069,14.0795],[43.3476,13.851],[43.384,13.5652],[43.3028,13.241],[43.3408,13.1267],[43.4836,12.93],[43.5601,12.8603],[43.6049,12.8289],[43.8406,12.6639],[44.0627,12.6136],[44.4405,12.6398],[44.6811,12.8246],[44.7888,12.8057],[44.9636,12.8252],[45.1934,12.9337],[45.396,13.0739],[45.5186,13.2076],[45.6925,13.3478],[45.8259,13.4052],[46.0793,13.3994],[46.6012,13.4005],[46.8777,13.4739],[46.7113,13.9357],[46.3353,14.0968],[45.2608,13.8282],[44.5087,14.0968],[43.488,16.6218],[43.066,18.6538],[41.9226,20.7665],[41.8125,21.7126],[41.0704,22.2627],[40.6475,24.1528],[38.8141,24.8414],[37.4209,27.8341],[37.3635,27.9574],[36.5935,29.7873],[36.5248,31.1615],[37.2119,33.5665],[38.0364,34.5972],[39.342,34.5972],[40.0291,34.391],[44.0832,30.337],[44.839,29.9934],[45.8697,29.856],[46.9051,29.4376],[46.744,29.2254],[46.5092,28.9701],[47.2553,28.8536],[47.4386,28.8293],[47.589,28.5507],[47.6721,28.4432],[48.469,26.6954],[49.3954,26.0778],[49.7042,24.4103],[50.5688,23.8545],[50.9683,24.4362],[50.9074,24.4331],[50.7783,24.4709],[50.7059,24.5597],[50.6065,24.6802],[50.6189,24.8709],[50.4292,25.184],[50.3819,25.4612],[50.2143,25.5881],[50.1469,25.5356],[50.0114,25.8352],[49.9369,25.9558],[49.992,26.0448],[50.0762,26.3118],[49.9342,26.4831],[49.984,26.5957],[50.0902,26.6115],[50.1218,26.7376],[49.9314,26.9341],[49.5325,27.0095],[49.4273,27.131],[49.3216,27.1616],[49.2392,27.2885],[49.1519,27.3725],[49.2435,27.479],[49.1319,27.536],[48.855,27.5227],[48.8318,27.5735],[48.7517,27.8719],[48.5875,28.0939],[48.4627,28.3859],[48.4435,28.4402],[48.1291,29.2682],[47.9915,29.2775],[47.8036,29.1849],[47.614,29.2722],[47.8449,29.5032],[47.996,29.4903],[47.9359,29.8014],[47.9114,29.8903],[47.9572,29.9476],[48.0283,29.9731],[48.2118,29.9481],[48.5106,29.9932],[48.5536,29.9946],[48.7138,30],[48.8013,30.0827],[48.9457,30.3879],[49.0202,30.4326],[49.2222,30.4775],[49.2351,30.2234],[49.3214,30.1029],[49.4524,30.0777],[49.4779,30.0528],[49.5571,34.2559],[50.4694,36.7482],[50.2522,36.8948],[50.1113,37.0978],[50.0387,37.2247],[49.848,37.2682],[49.4758,37.2916],[49.0595,37.3976],[48.8372,37.511],[48.7448,37.727],[48.8092,37.9886],[48.8315,38.3063],[48.825,38.3096],[48.9882,38.7192],[48.9457,38.8362],[48.9989,38.8787],[49.0521,38.9319],[49.0201,39.0064],[49.0414,39.1447],[49.1159,39.1872],[49.1797,39.1447],[49.2223,39.0383],[49.2754,39.017],[49.3074,39.134],[49.3393,39.283],[49.3818,39.3255],[49.4882,39.2936],[49.4988,39.3787],[49.4031,39.4851],[49.4456,39.6553],[49.4882,39.7616],[49.5414,39.8786],[49.552,40.0914],[49.5733,40.1765],[49.669,40.2403],[49.8499,40.2722],[49.9137,40.3254],[50.0307,40.3467],[50.1264,40.3467],[50.3073,40.3254],[50.4668,40.2616],[50.4668,40.3254],[50.4243,40.4105],[50.3179,40.4956],[50.1902,40.5701],[50.0201,40.602],[49.8073,40.5807],[49.6052,40.6871],[49.6052,40.7615],[49.4775,40.836],[49.3499,40.953],[49.2861,41.0594],[49.2435,41.2934],[49.1159,41.4317],[48.9989,41.5168],[48.8925,41.687],[48.6832,41.8359],[48.6623,41.9017],[48.5004,41.9287],[48.4195,42.0905],[48.2217,42.2794],[48.1318,42.4053],[47.9699,42.5941],[47.844,42.6211],[47.7901,42.8548],[47.7361,42.8998],[47.5653,43.0077],[47.5833,43.1875],[47.6552,43.2775],[47.6013,43.3224],[47.5743,43.5023],[47.6732,43.6641],[47.7361,43.8619],[47.6642,43.8529],[47.6103,43.754],[47.5653,43.6012],[47.5203,43.5113],[47.4934,43.5832],[47.1948,43.3759],[47.2486,42.7849],[48.2237,41.4711],[48.2011,41.4636],[48.0628,41.3147],[47.9883,41.2189],[47.8181,41.1977],[47.616,41.2615],[47.3501,41.304],[47.3501,41.4423],[47.2224,41.57],[47.1693,41.57],[47.1267,41.6232],[46.914,41.7508],[46.8501,41.8359],[46.765,41.8359],[46.6693,41.8146],[46.6587,41.8891],[46.5558,41.8785],[46.4991,41.9636],[46.3927,41.9955],[46.2864,41.9848],[46.1587,42.0061],[46.0417,42.0487],[45.9141,42.1231],[45.7545,42.2508],[45.8077,42.389],[45.8609,42.4741],[45.8077,42.538],[45.6481,42.5486],[45.4779,42.5486],[45.3822,42.6231],[45.2971,42.6763],[45.2014,42.6763],[45.1375,42.7188],[45.0312,42.772],[44.978,42.772],[44.9354,42.7401],[44.8716,42.6656],[44.7865,42.7294],[44.6695,42.7614],[44.5099,42.7614],[44.4142,42.7294],[44.3716,42.6869],[44.2972,42.6124],[44.1695,42.6124],[44.0525,42.5592],[43.9568,42.5912],[42.8784,41.5455],[42.6938,41.5637],[42.3515,41.4016],[42.2501,41.369],[42.029,41.3998],[41.484,41.4365],[41.2931,41.2858],[40.6099,41.028],[40.361,40.9634],[40.0067,40.9563],[39.663,41.0005],[39.3702,41.064],[39.1386,41.0443],[38.6512,40.9216],[38.314,40.9209],[37.8218,41.0096],[37.2528,41.0277],[36.817,41.2897],[36.6412,41.315],[36.3829,41.2375],[36.1614,41.3525],[35.9578,41.6856],[35.6779,41.6209],[35.4114,41.6268],[35.2861,41.6715],[35.0988,41.8059],[35.0019,42.0432],[34.6629,41.8756],[34.3039,41.8941],[33.8967,41.9511],[33.5555,41.9825],[33.1555,41.9496],[32.6879,41.846],[32.419,41.7492],[31.8713,41.4914],[31.6664,41.3948],[31.3857,41.285],[31.4041,41.1635],[31.2177,41.0541],[30.7448,41.0403],[30.2561,41.1847],[30.1376,41.1318],[29.5778,41.1534],[29.1612,41.2164],[29.0145,40.9787],[29.2896,40.8067],[29.3204,40.7411],[29.4172,40.7411],[29.6834,40.7516],[29.8827,40.7464],[29.7131,40.6936],[29.5252,40.6883],[28.9016,40.6201],[28.778,40.5247],[28.8732,40.4719],[29.0835,40.4561],[29.1223,40.4139],[29.0524,40.3347],[28.9268,40.3558],[28.7564,40.3765],[28.4777,40.3951],[28.004,40.3621],[27.9082,40.3506],[28.0065,40.4508],[27.9538,40.4877],[27.8078,40.5036],[27.6793,40.4614],[27.7998,40.4033],[27.8302,40.3453],[27.7639,40.2873],[27.526,40.2971],[27.4496,40.3098],[27.3292,40.3558],[27.2718,40.4508],[27.0561,40.4297],[26.9965,40.3717],[26.7653,40.3769],[26.4817,40.187],[26.4031,40.1765],[26.3203,39.9919],[26.186,39.9972],[26.1276,39.8786],[26.1407,39.75],[26.1419,39.6606],[26.0849,39.604],[26.0641,39.4555],[26.139,39.4397],[26.5462,39.5133],[26.8043,39.5672],[26.9575,39.5483],[26.9262,39.4765],[26.8535,39.4608],[26.7202,39.3372],[26.6022,39.2557],[26.7041,39.2505],[26.7079,39.1821],[26.7971,39.1296],[26.8708,39.056],[26.7898,39.0244],[26.7853,38.9403],[26.9368,38.9246],[27.0042,38.8848],[27.0349,38.8211],[26.9664,38.7699],[26.7095,38.6986],[26.6957,38.6408],[26.8288,38.583],[26.8197,38.5273],[26.9974,38.4001],[26.7425,38.2784],[26.5274,38.4182],[26.4687,38.4448],[26.3916,38.2191],[26.3932,38.1044],[26.5123,38.0663],[26.6793,38.1049],[26.9614,37.9461],[27.1398,37.8891],[27.1798,37.7744],[27.1411,37.6469],[27.1226,37.4939],[27.1604,37.3601],[27.3646,37.3286],[27.4925,37.2397],[27.5256,37.1314],[27.2686,37.0417],[27.3081,36.9207],[27.5535,36.9148],[27.9988,36.9094],[28.051,36.833],[27.9419,36.7563],[27.9119,36.6989],[28.0142,36.5272],[28.2669,36.7124],[28.4698,36.7383],[28.8135,36.5352],[29.0023,36.6948],[29.2982,36.1731],[29.4719,36.0907],[29.662,36.0783],[30.1661,36.1876],[30.2799,36.1178],[30.3949,36.118],[30.4728,36.1883],[30.4967,36.373],[30.5401,36.647],[30.5936,36.7617],[30.9053,36.7942],[31.3707,36.7123],[31.902,36.4969],[32.335,36.1284],[32.6403,36.008],[32.9041,35.9767],[33.1713,35.9709],[33.4817,36.0543],[33.7532,36.1466],[33.8337,36.0706],[33.8359,36.1073],[33.891,36.1388],[33.9541,36.1598],[33.9517,36.2516],[34.1032,36.3803],[34.4851,36.6268],[34.6624,36.6478],[34.8699,36.5769],[35.0714,36.4877],[35.2205,36.388],[35.3542,36.4142],[35.3887,36.4536],[35.4171,36.4326],[35.4946,36.4431],[35.5476,36.5402],[35.5062,36.5586],[35.5676,36.5874],[35.6717,36.6058],[35.8909,36.7711],[35.9568,36.7475],[36.0824,36.6215],[36.1045,36.5612],[36.0953,36.4825],[35.8172,36.301],[35.7086,36.2122],[35.6649,36.1335],[35.7185,36.0916],[35.8291,35.8848],[35.8559,35.8345],[35.7395,35.6903],[35.6914,35.685],[35.7332,35.5854],[35.6804,35.5277],[35.664,35.4595],[35.6073,35.4175],[35.7964,35.2707],[35.8414,35.0426],[35.8089,35.0138],[35.7508,34.7468],[35.8519,34.4929],[35.8731,34.4223],[35.821,34.3438],[35.7162,34.3124],[35.5321,34.1187],[35.5244,33.9748],[35.4919,33.8308],[35.4299,33.7445],[35.3486,33.7445],[35.3561,33.6398],[35.2084,33.3336],[35.1323,33.2315],[35.089,33.0693],[34.972,32.9384],[34.9591,32.7967],[34.9566,32.7048],[34.895,32.6628],[34.8429,32.6707],[34.7585,32.3007],[34.6813,32.046],[34.5991,31.8179],[34.5007,31.6211],[34.1953,31.2381],[34.1463,31.2086],[33.917,31.0701],[33.7096,30.9957],[33.5576,30.9677],[33.2546,31.0265],[33.1296,31.0517],[33.0214,31.1321],[32.7687,30.9516],[32.5972,30.9639],[32.3094,31.084],[32.0765,31.0137],[31.8081,31.1783],[31.7174,31.3878],[31.3923,31.4443],[31.1514,31.4437],[30.996,31.4689],[30.8271,31.4367],[30.4761,31.3153],[30.0991,31.2319],[29.6831,31.0532],[29.3594,30.8111],[29.2488,30.7537],[28.9664,30.7848],[28.5172,30.9618],[28.0998,30.9991],[27.9194,30.9987],[27.7633,31.1826],[27.4388,31.2518],[27.0881,31.3067],[26.824,31.3586],[26.1433,31.4906],[25.7895,31.4898],[25.5072,31.4448],[25.2582,31.4379],[25.1066,31.5138],[24.9822,31.647],[24.9515,31.8185],[24.8159,31.9072],[24.2369,31.925],[24.0344,31.9373],[23.7424,32.0641],[23.714,32.0764],[23.2886,32.1327],[23.1533,32.1388],[23.0267,32.2529],[23.0073,32.4816],[22.9228,32.5577],[22.5431,32.7221],[22.216,32.7913],[21.6734,32.8156],[21.0545,32.6301],[20.7651,32.496],[20.5155,32.3875],[20.3657,32.2982],[20.0684,32.0371],[19.9615,31.7955],[19.9416,31.6112],[19.9921,31.3508],[20.1167,31.0715],[20.1168,30.9571],[19.9815,30.7217],[19.6639,30.4415],[19.3228,30.2565],[19.3188,30.2554],[19.1245,30.1989],[18.915,30.2049],[18.8854,30.2212],[18.5372,30.4137],[17.9572,30.7684],[17.709,30.8949],[17.4216,30.996],[16.9838,31.0967],[16.7825,31.1281],[16.3184,31.1653],[16.0134,31.2282],[15.8433,31.285],[15.5334,31.5512],[15.3581,31.805],[15.2414,32.1733],[15.1637,32.2748],[15.0098,32.3634],[14.7908,32.363],[14.4334,32.4639],[14.157,32.6794],[13.4588,32.7796],[13.1871,32.7918],[12.7989,32.7338],[12.5648,32.7396],[12.117,32.8785],[11.4707,33.1441],[11.2089,33.2515],[11.0991,33.5372],[10.9565,33.5751],[10.7781,33.473],[10.6502,33.4982],[10.4126,33.6311],[10.1487,33.8784],[10.0195,34.0815],[10.1164,34.2342],[10.574,34.6481],[10.8394,34.8012],[11.0828,35.145],[11.1251,35.2406],[10.989,35.6223],[10.8308,35.6793],[10.6026,35.8889],[10.5115,36.0862],[10.5092,36.2136],[10.6334,36.424],[10.9201,36.6539],[11.0394,36.909],[11.0238,37.0683],[10.8433,36.9915],[10.5806,36.7934],[10.3928,36.7166],[10.2715,36.7546],[10.1589,36.9965],[10.1327,37.1047],[10.0214,37.2001],[9.7322,37.2824],[9.4161,37.2754],[9.1503,37.1729],[8.8655,36.9684],[8.6367,36.8853],[8.145,36.8139],[7.9132,36.7752],[7.792,36.8324],[7.719,36.9533],[7.5449,37.0421],[7.307,37.0608],[7.2049,36.9905],[7.0632,36.8819],[6.923,36.8178],[6.7705,36.8621],[6.3229,37.0906],[6.0474,36.8416],[5.7302,36.7517],[5.3827,36.6745],[5.1445,36.6677],[4.7772,36.7434],[4.6321,36.7941],[4.5326,36.813],[4.3946,36.8382],[4.1639,36.8314],[3.7412,36.8369],[3.5869,36.792],[3.3238,36.6512],[3.07,36.6189],[2.8099,36.7139],[2.5244,36.5732],[2.2938,36.5408],[1.5797,36.5139],[1.0576,36.4619],[0.7812,36.3849],[0.4744,36.225],[0.1987,36.0333],[0.0153,35.8037],[-0.0917,35.7398],[-0.2037,35.7507],[-0.283,35.7585],[-0.4288,35.8601],[-0.7343,35.7385],[-0.9175,35.668],[-1.1467,35.6294],[-1.3291,35.4889],[-1.4951,35.2339],[-1.7383,35.1188],[-2.0353,35.0546],[-2.193,35.0542],[-2.0766,34.8257],[-1.8233,34.7],[-1.7382,34.6051],[-1.664,34.2051],[-1.6739,33.83],[-1.6811,33.2578],[-1.6102,33.0485],[-1.3409,32.694],[-1.1126,32.5491],[-1.0813,32.4539],[-1.0661,32.4503]]],[[[18.9267,49.622],[18.5222,49.5611],[18.2504,49.1805],[18.2232,48.9903],[18.314,48.2792],[18.1865,48.056],[17.5169,47.6415],[16.5353,46.3647],[16.4483,46.1037],[16.2091,46.1472],[16.0787,45.8863],[16.2091,45.7341],[16.1222,45.5819],[15.4698,45.7341],[15.4236,45.4297],[14.88,45.484],[14.7985,45.8645],[14.5267,45.783],[14.3545,45.3229],[14.5246,45.2663],[14.8154,45.0779],[14.9455,44.9266],[14.907,44.7233],[14.9891,44.54],[15.2859,44.3289],[15.5482,44.2293],[15.2744,44.2366],[15.1495,44.2399],[15.4123,43.9348],[15.4944,43.8884],[15.7498,44.0978],[16.1847,43.9076],[16.7015,43.8467],[16.7115,43.7713],[16.6398,43.3897],[16.9923,43.3227],[17.0544,43.4727],[17.1632,43.3911],[17.3262,43.3368],[17.3041,43.0762],[17.548,42.9201],[17.5957,42.8889],[17.6464,42.8646],[18.0014,42.6945],[18.2487,42.5274],[18.5136,42.3621],[18.5286,42.3527],[18.9099,42.2178],[19.1355,41.9995],[19.143,41.9321],[19.3385,41.862],[19.3677,41.8464],[19.4579,41.7981],[19.607,41.7615],[19.6194,41.5593],[19.4989,41.5236],[19.417,41.3453],[19.53,41.2184],[19.4454,40.9649],[19.5273,40.8659],[19.3392,40.5887],[19.4945,40.4027],[19.4837,40.2959],[19.3802,40.3236],[19.3691,40.2603],[19.8036,40.017],[20.0286,39.8138],[20.0908,39.6025],[20.1224,39.551],[20.2118,39.4049],[20.6778,39.0804],[20.9011,39.0617],[21.0072,39.113],[21.1595,39.0048],[21.1047,38.9218],[21.0065,38.8705],[20.8926,38.8958],[20.7718,38.8509],[21.1724,38.3478],[21.3645,38.412],[21.6613,38.4381],[21.8265,38.464],[22.3337,38.4267],[22.8756,38.2046],[22.9967,38.1793],[23.1163,38.1574],[22.8987,37.9976],[22.7472,37.9526],[21.9967,38.2508],[21.9058,38.2697],[21.7145,38.1354],[21.4405,38.1795],[21.2284,37.9049],[21.2211,37.8284],[21.2963,37.7265],[21.5173,37.5358],[21.6137,37.4148],[21.6265,37.3065],[21.5314,37.1151],[21.5882,36.9814],[21.7809,36.8225],[21.9842,37.0205],[22.1914,36.8552],[22.3903,36.5244],[22.5244,36.7221],[22.6736,36.7543],[22.9826,36.6148],[22.8869,37.0467],[22.7931,37.1386],[22.8133,37.2121],[22.7262,37.2885],[22.6387,37.4923],[22.6423,37.5849],[22.7133,37.5434],[22.9421,37.5184],[23.0253,37.4798],[22.971,37.3853],[23.1096,37.3466],[23.1858,37.3748],[23.185,37.4273],[23.4181,37.4693],[23.3122,37.5481],[23.3217,37.6374],[23.2205,37.6018],[23.1514,37.5901],[23.0489,37.6426],[23.0454,37.7736],[23.04,37.858],[22.8981,37.9],[22.9806,37.9578],[23.1958,38.005],[23.4193,38.0681],[23.4957,38.0681],[23.5407,38.0041],[23.6341,37.879],[23.7337,37.8579],[23.8355,37.6846],[23.9182,37.6846],[23.9873,37.7634],[23.88,38.1154],[23.967,38.1521],[23.9607,38.2099],[23.8039,38.3465],[23.6828,38.3465],[23.5558,38.3518],[23.4938,38.4831],[23.3562,38.4895],[23.191,38.6103],[23.1695,38.667],[23.0998,38.6723],[22.9842,38.667],[22.8994,38.7669],[22.7233,38.7932],[22.6023,38.8562],[22.4905,38.8769],[22.7842,38.9403],[22.8711,39.0243],[22.8349,39.1664],[22.7661,39.2028],[22.7203,39.2873],[22.8509,39.3661],[22.919,39.3451],[22.9813,39.3293],[23.0453,39.2715],[23.0998,39.1874],[23.0519,39.1033],[23.1585,39.1401],[23.2361,39.2032],[23.0742,39.4135],[22.8134,39.6027],[22.7545,39.8183],[22.6951,39.8345],[22.5551,39.9867],[22.5256,40.0642],[22.4674,40.1185],[22.4896,40.2305],[22.6023,40.3972],[22.4921,40.4983],[22.7013,40.5774],[22.77,40.6672],[22.8519,40.6513],[22.8755,40.5963],[22.8639,40.5352],[22.7481,40.4825],[22.9602,40.3147],[23.1411,40.2662],[23.2148,40.1818],[23.2763,40.0499],[23.2605,39.9709],[23.3744,39.9551],[23.5969,39.9341],[23.6386,39.9603],[23.5922,40.0025],[23.5233,40.0183],[23.4365,40.0447],[23.3668,40.1079],[23.321,40.1554],[23.2591,40.2292],[23.2931,40.2451],[23.2918,40.2873],[23.3491,40.282],[23.4425,40.2556],[23.5958,40.1923],[23.796,39.9867],[23.9066,39.9972],[23.9201,40.0552],[23.8687,40.1607],[23.8037,40.1554],[23.6517,40.2292],[23.6588,40.2873],[23.6272,40.3453],[23.7222,40.3482],[23.7748,40.3928],[23.9235,40.3453],[24.0478,40.3084],[24.0548,40.2609],[24.2206,40.1448],[24.2954,40.1765],[23.9237,40.4508],[23.7852,40.4772],[23.7091,40.63],[23.633,40.7132],[23.6347,40.7728],[23.7484,40.8044],[23.886,40.7329],[24.0252,40.7464],[24.2191,40.8297],[24.3543,40.971],[24.505,40.9841],[24.5191,40.8731],[24.7007,40.8783],[24.8121,40.9334],[25.0189,41.0171],[25.0463,40.9523],[25.3011,40.8959],[25.6357,40.8774],[25.9929,40.8525],[26.0207,40.6693],[26.124,40.6028],[26.4181,40.5778],[26.4548,40.5843],[26.5565,40.4983],[26.4575,40.435],[26.1948,40.3031],[26.2228,40.224],[26.2143,40.1607],[26.1409,40.0447],[26.2552,40.0816],[26.3759,40.2134],[26.5139,40.282],[26.6136,40.398],[26.8889,40.5247],[27.2638,40.6672],[27.313,40.7899],[27.4742,40.9628],[27.9322,40.9575],[28.0264,41.0262],[28.1733,41.0579],[28.5962,40.947],[28.8278,40.9147],[28.9645,40.9892],[29.0811,41.2005],[29.0124,41.2548],[28.7402,41.3248],[28.3715,41.4331],[28.1044,41.593],[28.0698,41.625],[28.0182,41.7532],[28.0262,41.8824],[27.918,41.9777],[27.9134,42.0781],[27.7377,42.247],[27.7225,42.3162],[27.6079,42.4168],[27.4947,42.4009],[27.502,42.5163],[27.654,42.6837],[27.8362,42.7355],[27.8699,42.7999],[27.8873,43.0635],[28.0346,43.3919],[28.1871,43.4501],[28.3281,43.4375],[28.4457,43.4764],[28.4805,43.5923],[28.5101,43.7431],[28.5299,43.8435],[28.5731,44.1978],[28.6862,44.4881],[28.9182,44.7658],[29.0897,44.8757],[29.2616,44.8954],[29.4575,44.9151],[29.579,45.0575],[29.7108,45.2583],[29.6832,45.3748],[29.6159,45.4102],[29.5361,45.4522],[29.5004,45.5234],[29.6295,45.7504],[29.7297,45.77],[30.0688,45.8614],[30.4328,46.1757],[30.5205,46.2514],[30.8329,46.5766],[31.0872,46.6355],[31.5377,46.7014],[31.781,46.7019],[31.9513,46.8646],[32.1888,46.5922],[31.9259,46.4099],[32.1141,46.2156],[32.2022,46.1704],[32.5164,46.1256],[32.9729,46.1459],[33.3325,46.1661],[33.5279,46.1341],[33.6388,45.9268],[33.5395,45.8747],[33.1916,45.7898],[32.9023,45.6726],[32.5032,45.4451],[32.5753,45.3611],[32.6434,45.3806],[32.9263,45.3877],[33.0135,45.3814],[33.3979,45.2527],[33.5167,45.1235],[33.5594,44.9361],[33.3955,44.6005],[33.6602,44.5237],[34.0137,44.4921],[34.135,44.5375],[34.3722,44.7572],[34.6142,44.8415],[35.0673,44.8617],[35.3867,45.0819],[35.5996,45.1017],[35.8655,45.0311],[36.0047,45.0443],[36.2648,45.0966],[36.3671,45.1615],[36.4151,45.2716],[36.521,45.3883],[36.3232,45.4397],[35.8498,45.4452],[35.5462,45.3799],[35.3167,45.3212],[35.0634,45.3401],[34.99,45.45],[35.0319,45.5343],[35.0081,45.6119],[34.1273,46.0639],[33.8391,46.1931],[34.0642,46.2649],[34.4957,46.2787],[34.6923,46.2531],[34.9068,46.273],[35.0464,46.3577],[35.2124,46.6371],[35.4161,46.4947],[35.6243,46.5211],[35.8506,46.6644],[36.354,46.7758],[36.8646,46.8093],[37.1926,46.8944],[37.4221,47.0769],[37.8593,47.1037],[38.2097,47.1505],[38.8002,47.2292],[39.1599,47.2689],[39.1941,47.243],[39.2824,47.074],[38.7227,46.8779],[38.4011,46.7214],[38.0319,46.6687],[37.8666,46.6554],[37.7571,46.6032],[37.9702,46.4413],[38.2649,46.3186],[38.459,46.0789],[38.2272,46.0201],[37.9899,46.0067],[37.8679,45.7925],[37.7061,45.5784],[37.6613,45.3452],[37.461,45.3125],[37.2277,45.312],[36.9599,45.2274],[37.3179,44.9242],[37.4739,44.6924],[39.6334,45.6886],[40.3829,45.4388],[40.6327,46.6879],[40.5078,47.4374],[39.2587,48.4367],[37.8847,49.1862],[36.3994,49.0358],[36.0081,48.9961],[34.1631,47.8106],[32.865,48.185],[29.3164,48.2864],[27.6478,48.7516],[27.4858,48.7516],[27.4858,48.6706],[27.1077,48.8326],[27.1077,48.6436],[26.9894,48.6808],[26.5242,48.827],[26.1627,48.9406],[25.6663,48.692],[24.1608,48.9866],[23.8885,49.2589],[21.7707,49.5917],[21.7707,49.743],[21.3169,49.864],[21.2866,49.7732],[21.1353,49.8337],[20.984,49.743],[20.8933,49.8337],[20.8025,49.8337],[20.8933,49.743],[20.6815,49.6522],[20.5302,49.8035],[20.3487,49.743],[20.0159,49.8035],[19.8949,49.4707],[19.7133,49.5312],[19.5621,49.5312],[19.5621,49.7127],[19.3805,49.8035],[19.1385,49.7127],[19.1082,49.5917],[18.9267,49.622]]],[[[25.7664,36.3376],[25.8728,36.3559],[25.7892,36.4049],[25.7359,36.3865],[25.7131,36.3498],[25.7664,36.3376]]],[[[25.4927,36.3314],[25.4927,36.4232],[25.371,36.4966],[25.333,36.4599],[25.3178,36.3988],[25.3862,36.3192],[25.4927,36.3314]]],[[[26.0248,36.9597],[25.9488,36.9111],[25.8576,36.8381],[25.7511,36.8138],[25.7511,36.7833],[25.8348,36.7833],[25.9564,36.8442],[26.0856,36.8989],[26.0248,36.9597]]],[[[24.6792,36.759],[24.588,36.8685],[24.4284,36.7955],[24.2991,36.7529],[24.4664,36.6493],[24.6792,36.759]]],[[[24.9757,36.6371],[24.8769,36.6797],[24.8237,36.6614],[24.8237,36.6371],[24.9453,36.5699],[24.9757,36.6371]]],[[[25.105,36.6371],[25.1962,36.6736],[25.1658,36.7407],[25.0441,36.6614],[25.0593,36.6187],[25.105,36.6371]]],[[[25.4319,36.698],[25.295,36.8077],[25.2494,36.759],[25.2418,36.7529],[25.2646,36.7041],[25.3862,36.6371],[25.4319,36.698]]],[[[24.4284,37.2083],[24.4436,37.0993],[24.5348,37.1175],[24.4284,37.2083]]],[[[24.2611,37.5406],[24.3827,37.5707],[24.398,37.6671],[24.2991,37.6611],[24.2611,37.5406]]],[[[24.3599,37.3958],[24.3599,37.3052],[24.4892,37.3958],[24.398,37.4682],[24.3599,37.3958]]],[[[24.8465,37.3656],[25.0441,37.3777],[24.9453,37.5105],[24.8617,37.5286],[24.8465,37.3656]]],[[[25.4699,37.4381],[25.2722,37.5647],[24.7629,38.0033],[24.6564,37.9014],[24.9225,37.6912],[25.3178,37.4018],[25.4699,37.4381]]],[[[24.6792,36.905],[24.7857,36.9475],[24.7172,37.0508],[24.6488,37.0143],[24.6792,36.905]]],[[[25.1126,36.9415],[25.3102,37.0022],[25.3102,37.1962],[25.1506,37.172],[24.9377,36.9597],[25.1126,36.9415]]],[[[25.5991,37.0265],[25.6067,37.1235],[25.5383,37.2204],[25.3786,37.1175],[25.3406,37.0871],[25.3634,37.0083],[25.4547,36.9232],[25.5459,36.9597],[25.5991,37.0265]]],[[[27.7303,35.9133],[27.7331,35.9111],[27.7686,35.8936],[27.7814,35.8903],[27.7867,35.8905],[27.7997,35.8933],[27.8394,35.9117],[27.8428,35.9136],[27.8656,35.9322],[27.8928,35.9608],[27.8989,35.9756],[27.9061,35.9881],[27.9317,36.0186],[27.9458,36.0347],[27.9567,36.045],[28.0092,36.0689],[28.0636,36.1119],[28.1228,36.1858],[28.1414,36.2105],[28.1869,36.3],[28.2069,36.3436],[28.238,36.4311],[28.2339,36.4414],[28.2258,36.453],[28.2192,36.4569],[28.2158,36.4578],[28.2128,36.4555],[28.2108,36.4525],[28.2072,36.4425],[28.1075,36.4186],[28.0683,36.405],[27.9092,36.3397],[27.8958,36.3322],[27.8761,36.3197],[27.8058,36.2706],[27.8031,36.2683],[27.7889,36.2517],[27.7197,36.1661],[27.7408,36.1044],[27.7308,35.9789],[27.7214,35.9494],[27.7192,35.9408],[27.7222,35.9297],[27.7286,35.9167],[27.7303,35.9133]]],[[[26.9192,36.9467],[26.9356,36.9322],[26.9464,36.9281],[26.9697,36.9244],[26.9756,36.9244],[27.0458,36.9442],[27.0494,36.9461],[27.05,36.9492],[27.05,36.9906],[27.0483,36.9936],[26.9858,37.0442],[26.9605,37.0561],[26.8908,37.0764],[26.8867,37.0733],[26.8819,37.0689],[26.9192,36.9467]]],[[[26.9464,36.6792],[26.9531,36.6753],[26.9667,36.6725],[26.9714,36.6722],[26.9658,36.6817],[26.9664,36.7036],[26.9706,36.7364],[26.9719,36.7403],[26.9742,36.7428],[26.9806,36.7469],[26.9922,36.7514],[27.028,36.7636],[27.0361,36.7661],[27.2183,36.8197],[27.2433,36.8269],[27.2794,36.8342],[27.3025,36.8375],[27.3294,36.8428],[27.3442,36.8494],[27.3553,36.8589],[27.3556,36.8653],[27.3528,36.8722],[27.3467,36.8811],[27.3405,36.8853],[27.2844,36.9006],[27.1775,36.8889],[27.1681,36.8872],[27.1525,36.8814],[27.0642,36.8389],[27.0608,36.8372],[26.9219,36.7611],[26.9178,36.7553],[26.9186,36.7161],[26.9208,36.7089],[26.9231,36.7061],[26.9464,36.6792]]],[[[26.8494,37.0978],[26.8539,37.0967],[26.8639,37.0953],[26.8867,37.0967],[26.8892,37.0986],[26.8897,37.1017],[26.8889,37.1092],[26.8725,37.1506],[26.8606,37.1772],[26.8583,37.1811],[26.855,37.1828],[26.8206,37.1872],[26.7856,37.1908],[26.7808,37.19],[26.778,37.1878],[26.7692,37.1764],[26.7683,37.1733],[26.7694,37.1694],[26.8206,37.1106],[26.8494,37.0978]]],[[[37.3982,18.915],[37.2546,19.6517],[37.165,20.7643],[36.6953,20.3983],[35.96,19.418],[36.4502,18.0701],[37.4305,17.7025],[38.5275,18.1613],[38.3067,18.2498],[38.0286,18.4779],[37.7612,18.6426],[37.48,18.8199],[37.3982,18.915]]],[[[32.8167,34.5386],[32.9145,34.5413],[32.9145,34.6357],[32.9586,34.6593],[33.1314,34.6803],[33.4839,34.7958],[33.5385,34.9442],[33.6858,34.9349],[33.7326,34.9086],[33.792,34.9574],[33.9247,34.9532],[33.7727,35.1293],[33.7805,35.2081],[34.0484,35.4079],[34.2447,35.5118],[34.4582,35.6446],[34.2173,35.5736],[33.9073,35.4368],[33.539,35.3317],[33.3737,35.3065],[33.0775,35.3186],[32.7951,35.3606],[32.8191,35.2817],[32.7795,35.1529],[32.745,35.1143],[32.597,35.1556],[32.4831,35.1529],[32.301,35.0163],[32.2345,35.0136],[32.1805,35.0583],[32.1437,35.0425],[32.1985,34.8614],[32.271,34.8142],[32.2711,34.7197],[32.3572,34.6803],[32.6034,34.6147],[32.7841,34.6252],[32.8167,34.5386]]],[[[23.6651,35.6667],[23.6691,35.6116],[23.6715,35.5722],[23.5294,35.5696],[23.4669,35.3179],[23.5131,35.276],[23.5677,35.255],[23.7856,35.2629],[24.0132,35.2104],[24.3244,35.2078],[24.6901,35.0924],[24.7156,35.0348],[24.6935,34.9405],[25.5907,35.0164],[25.7417,35.0089],[25.8987,35.0453],[26.1605,35.0243],[26.2427,35.1449],[26.236,35.2288],[26.2735,35.3127],[26.1688,35.2471],[26.0994,35.2156],[26.0642,35.2392],[25.9355,35.213],[25.789,35.137],[25.7418,35.137],[25.6685,35.1868],[25.7135,35.327],[25.6732,35.3494],[25.5116,35.2948],[25.374,35.3179],[25.1001,35.3467],[25.0136,35.3625],[24.9975,35.421],[24.7686,35.428],[24.3883,35.373],[24.2296,35.3913],[24.2197,35.449],[24.1777,35.47],[24.1132,35.4857],[24.0733,35.4962],[24.0915,35.5198],[24.1358,35.5224],[24.1527,35.5644],[24.0819,35.6116],[24.0333,35.5985],[24.039,35.5618],[23.9568,35.5277],[23.8795,35.5524],[23.7429,35.5618],[23.7337,35.6273],[23.6967,35.6981],[23.6651,35.6667]]],[[[23.2424,39.0441],[23.0143,38.9614],[22.8699,38.8372],[23.1208,38.8668],[23.4629,38.6237],[23.6377,38.5226],[23.5997,38.4572],[23.6605,38.4036],[24.0254,38.3857],[24.1927,38.1529],[24.3143,37.9853],[24.5272,37.9674],[24.588,38.1529],[24.2915,38.1948],[24.2079,38.5524],[24.1319,38.6534],[23.7898,38.7186],[23.4097,38.9437],[23.2424,39.0441]]]]},"properties":{"NAME":"Ottoman Empire","SUBJECTO":"Ottoman Empire","PARTOF":"Ottoman Empire","BORDERPRECISION":1,"LINK":null}},
{"type":"Feature","geometry":{"type":"Polygon","coordinates":[[[120.3522,24.028],[120.3125,23.9533],[120.2839,23.8983],[120.2787,23.8891],[120.2397,23.83],[120.2219,23.8194],[120.1964,23.7856],[120.1933,23.7811],[120.1155,23.6314],[120.1114,23.6203],[120.1111,23.6139],[120.1155,23.5689],[120.1239,23.5142],[120.1252,23.5088],[120.1289,23.4933],[120.1347,23.4661],[120.1475,23.3975],[120.148,23.3919],[120.1483,23.3272],[120.1453,23.3228],[120.1411,23.32],[120.13,23.3175],[120.1097,23.2869],[120.0997,23.2669],[120.0833,23.2281],[120.0575,23.1589],[120.0555,23.153],[120.0561,23.1472],[120.0586,23.1428],[120.0625,23.1394],[120.0672,23.1367],[120.0819,23.1347],[120.0878,23.1325],[120.0917,23.1292],[120.0939,23.1247],[120.1,23.0939],[120.0992,23.0883],[120.0955,23.0847],[120.0869,23.0792],[120.0675,23.0792],[120.0569,23.0758],[120.0533,23.0719],[120.0491,23.0608],[120.0514,23.0503],[120.0528,23.045],[120.0558,23.0411],[120.0644,23.035],[120.1078,23.0136],[120.1355,23.0228],[120.1639,22.9536],[120.1675,22.908],[120.1728,22.8817],[120.1997,22.7869],[120.2064,22.7733],[120.2287,22.7367],[120.2517,22.69],[120.2522,22.6844],[120.2511,22.6775],[120.2386,22.6608],[120.2403,22.6494],[120.2447,22.6403],[120.2533,22.6281],[120.2625,22.6164],[120.2664,22.6131],[120.2714,22.6103],[120.2961,22.5969],[120.3128,22.5725],[120.3219,22.5544],[120.33,22.5361],[120.3328,22.5258],[120.3309,22.5212],[120.3239,22.5264],[120.3066,22.545],[120.3053,22.55],[120.3003,22.5579],[120.3026,22.5506],[120.3071,22.5404],[120.3286,22.5194],[120.3417,22.5072],[120.3455,22.5039],[120.3772,22.4833],[120.3819,22.4805],[120.3861,22.4786],[120.3928,22.4783],[120.4169,22.4825],[120.423,22.4747],[120.4292,22.4669],[120.4447,22.4533],[120.4758,22.4322],[120.4814,22.43],[120.4886,22.4292],[120.5055,22.4225],[120.5533,22.3828],[120.573,22.3661],[120.5761,22.3622],[120.6103,22.3128],[120.6205,22.2953],[120.6294,22.2775],[120.675,22.1819],[120.6778,22.1719],[120.6911,22.1153],[120.693,22.1044],[120.6864,22.0536],[120.6983,21.9458],[120.6997,21.9408],[120.7067,21.9336],[120.7114,21.9308],[120.7164,21.9281],[120.7228,21.9278],[120.8242,21.9278],[120.8803,22.0344],[120.8825,22.0394],[120.8847,22.0981],[120.8794,22.2326],[120.873,22.275],[120.8714,22.2919],[120.8722,22.3167],[120.8733,22.3236],[120.8786,22.3414],[120.9556,22.5358],[120.9697,22.5683],[121.0144,22.635],[121.0303,22.6564],[121.0794,22.7092],[121.1083,22.7222],[121.1191,22.7247],[121.1289,22.7281],[121.1375,22.7353],[121.1681,22.7625],[121.2592,22.9],[121.3556,23.0875],[121.453,23.3272],[121.4733,23.4011],[121.4758,23.4147],[121.4763,23.4224],[121.4964,23.4853],[121.5369,23.7014],[121.562,23.7851],[121.3818,23.7472],[121.007,23.6369],[120.6555,22.7144],[120.4893,22.8794],[120.6811,23.8592],[120.6701,23.8648],[120.3522,24.028]]]},"properties":{"NAME":"Dutch Formosa","SUBJECTO":"Netherlands","PARTOF":"Dutch Formosa","BORDERPRECISION":3,"LINK":null}},
{"type":"Feature","geometry":{"type":"MultiPolygon","coordinates":[[[[-172.7243,65.7629],[-172.1836,65.5885],[-171.73,65.6113],[-171.2003,65.5612],[-171.4096,65.7069],[-171.6065,65.8089],[-171.6686,65.8892],[-170.9762,65.6784],[-170.6127,66.0378],[-170.4487,66.0527],[-169.9869,66.0096],[-169.8324,66.0246],[-169.8727,66.0832],[-170.0662,66.1782],[-170.3291,66.2585],[-170.4731,66.2949],[-171.2272,66.6027],[-171.5397,66.7644],[-171.958,66.9557],[-172.378,67.0141],[-172.8292,66.9614],[-173.1744,66.9904],[-173.4322,67.0343],[-173.8749,67.1593],[-174.3366,67.077],[-174.3711,66.9437],[-174.3783,66.7],[-174.0912,66.5236],[-174.0683,66.4353],[-174.202,66.3688],[-174.1933,66.288],[-174.6352,66.4048],[-175.1005,66.765],[-175.0062,66.9573],[-175.1889,67.3126],[-175.389,67.5053],[-175.4222,67.602],[-175.514,67.6688],[-175.9906,67.8467],[-177.7094,68.292],[-178.1292,68.3736],[-178.8912,68.6425],[-180,68.9169],[-180,67.9631],[-180,66.9631],[-180,65.9631],[-180,65.3816],[-180,65.311],[-180,65.2592],[-179.5812,65.8118],[-179.3786,65.996],[-178.9751,66.0514],[-178.6969,65.8321],[-178.6272,65.686],[-178.6535,65.5399],[-178.1163,65.4825],[-177.5119,65.5201],[-177.1256,65.6231],[-176.7828,65.6383],[-176.5285,65.6096],[-176.1372,65.457],[-175.9927,65.2679],[-176.0709,65.1877],[-175.9517,65.0062],[-175.8274,64.934],[-175.3009,64.7257],[-175.1872,64.8485],[-174.3794,64.6192],[-174.2607,64.4609],[-173.7238,64.3828],[-173.5449,64.4191],[-173.077,64.384],[-173.0252,64.5065],[-173.2504,64.8955],[-173.1651,64.9679],[-172.8027,64.9976],[-172.4366,65.02],[-172.4112,65.1727],[-172.4702,65.3765],[-172.5623,65.5148],[-172.8147,65.6311],[-172.8527,65.6311],[-172.9826,65.7478],[-173.0431,65.8062],[-172.7243,65.7629]]],[[[169.0115,68.9276],[147.7836,60.9279],[147.443,59.2375],[147.9192,59.2615],[148.1028,59.2068],[148.4161,59.0974],[148.6303,59.194],[148.7472,59.2974],[148.7284,59.4763],[149.0453,59.5872],[149.3803,59.6085],[149.7296,59.5953],[150.1201,59.3895],[150.2787,59.3622],[150.6634,59.4318],[151.1402,59.4396],[151.5236,59.3439],[151.8573,59.0558],[151.7833,59.035],[151.3927,58.9794],[151.0562,58.9238],[151.0075,58.7933],[151.1354,58.7318],[151.3545,58.6911],[151.6907,58.7535],[152.1912,58.9259],[152.5042,58.7687],[152.8283,58.9477],[152.9682,58.9961],[153.1399,59.0101],[153.4541,58.9489],[153.9244,58.9223],[154.3871,59.04],[154.9059,59.1028],[154.878,59.1577],[154.7528,59.2812],[154.1818,59.3008],[153.9445,59.3967],[153.943,59.5688],[154.0922,59.7759],[154.3157,59.9833],[154.6933,60.199],[155.1518,60.3944],[155.7339,60.5554],[155.6667,60.778],[155.8508,60.883],[156.4184,61.1213],[156.3812,61.2051],[156.4232,61.401],[156.8252,61.5628],[157.098,61.6334],[157.5283,61.6693],[158.1184,61.7195],[158.8413,61.784],[159.1064,61.7073],[159.2311,61.5463],[159.4546,61.5608],[159.9658,61.765],[160.1183,61.7513],[160.1493,61.6602],[160.0562,61.5129],[159.8569,61.3025],[159.7435,61.0996],[159.8155,60.9811],[160.2356,60.947],[160.077,60.7376],[160.0071,60.5913],[160.1188,60.5636],[160.645,60.7178],[161.5358,61.1868],[162.2352,61.5099],[162.4506,61.5594],[162.7488,61.609],[162.7669,61.6721],[162.7106,61.7632],[163.0092,62.1783],[162.9902,62.3261],[163.3403,62.4113],[163.8184,62.4897],[164.1377,62.5327],[165.0672,62.4357],[165.2545,62.3092],[173.3038,61.5191],[173.3426,61.5518],[173.4809,61.6011],[173.9268,61.616],[174.2504,61.7147],[174.3487,61.799],[174.5423,61.8907],[174.6527,61.8909],[175.1726,61.9691],[176.5491,62.3797],[176.5805,62.4291],[176.832,62.6764],[176.9683,62.6908],[177.1903,62.67],[177.1349,62.55],[177.2908,62.4868],[177.691,62.4523],[178.2503,62.3829],[178.4519,62.3199],[178.7377,62.2993],[179.0488,62.3914],[179.2422,62.5257],[179.2318,62.6385],[179.2877,62.8151],[178.9316,62.7651],[179.0043,62.9702],[178.9395,63.0833],[178.714,63.1537],[178.5011,63.3802],[178.3444,63.458],[178.0777,63.4291],[178.4026,63.6641],[178.3716,63.7494],[178.2878,63.9129],[178.1765,64.0053],[178.1473,64.1566],[177.8134,64.0474],[178.0111,64.1921],[177.5347,64.0897],[177.1932,64.2104],[177.0816,64.303],[177.0816,64.5174],[176.9305,64.5529],[176.7532,64.5711],[176.4678,64.409],[176.044,64.5012],[175.8998,64.5474],[176.156,64.6779],[175.9651,64.9037],[176.1802,64.868],[176.3317,64.7729],[176.7125,64.7817],[177.1347,64.9274],[177.0263,64.8442],[177.2515,64.8561],[177.3735,64.7614],[177.4267,64.6067],[177.8441,64.5832],[178.0044,64.5477],[178.4738,64.5772],[178.726,64.6063],[179.016,64.7729],[179.3091,64.7865],[180,64.9535],[180,65.0519],[180,65.311],[180,65.3816],[180,65.9631],[180,66.9631],[180,67.9631],[180,68.9199],[179.2815,69.1473],[178.965,69.2291],[178.6289,69.2585],[178.0428,69.4076],[177.705,69.4896],[177.0792,69.5336],[176.546,69.6229],[176.1922,69.7127],[175.611,69.7794],[174.5745,69.7851],[173.6367,69.7607],[173.0083,69.6917],[172.9082,69.8348],[172.3592,69.9092],[171.8484,69.9385],[171.3022,69.9752],[170.4517,70.0192],[170.2363,69.762],[170.0563,69.6109],[170.4313,69.5589],[170.7932,69.184],[170.9049,69.0343],[170.8328,68.9219],[170.0889,68.7785],[169.3886,68.7175],[169.1132,68.7842],[169.0115,68.9276]]]]},"properties":{"NAME":"Chukchi","SUBJECTO":"Chukchi","PARTOF":"Chukchi","BORDERPRECISION":3,"LINK":null}},
{"type":"Feature","geometry":{"type":"Polygon","coordinates":[[[137.2392,53.4565],[137.0713,53.4895],[137.1217,53.5894],[137.3258,53.7431],[137.3829,53.8098],[137.0407,53.8625],[136.7702,53.6954],[136.4871,53.6548],[136.3507,53.7012],[136.3435,53.8878],[136.4916,54.4555],[136.1964,54.475],[135.7258,54.4073],[135.3126,54.4132],[135.0945,54.4328],[134.902,54.5594],[134.8937,54.7199],[134.9852,54.8539],[135.2695,55.0287],[136.1194,55.4206],[136.5213,55.5899],[137.2291,55.9827],[137.6019,56.2403],[138.3459,56.8042],[138.8668,57.1245],[139.2938,57.3362],[139.3647,57.3659],[127.746,60.8137],[124.127,59.9817],[111.1974,52.237],[101.8221,54.7796],[94.9877,50.9353],[92.1155,51.7688],[91.9653,51.5694],[90,51.5694],[85.6055,48.234],[85.5351,47.1814],[80.9395,44.0779],[69.8162,41.2107],[70.0953,37.9074],[69.2316,37.3676],[66.3359,36.3074],[69.4974,35.8763],[73.8086,38.0319],[75.2457,38.0319],[77.2643,36.8438],[79.3294,35.6285],[80.1317,36.8822],[89.6163,36.8822],[99.2446,38.7504],[99.3883,39.7563],[100.5379,40.3311],[102.1187,39.7563],[103.5557,39.9],[107.7131,43.2549],[120.3868,46.4234],[127.581,56.6154],[128.1711,56.7196],[128.8369,56.6456],[129.2068,56.8675],[130.3904,56.0538],[130.9083,55.24],[130.5384,53.9084],[131.1302,53.9084],[132.018,52.4288],[132.3879,52.3548],[133.1277,52.6507],[133.4236,52.6507],[134.2373,53.4645],[134.6812,52.9466],[135.273,53.0206],[136.1608,53.0206],[137.2392,53.4565]]]},"properties":{"NAME":"central Asian khanates","SUBJECTO":"central Asian khanates","PARTOF":"central Asian khanates","BORDERPRECISION":3,"LINK":null}},
{"type":"Feature","geometry":{"type":"Polygon","coordinates":[[[36.3994,49.0358],[37.8847,49.1862],[39.2587,48.4367],[40.5078,47.4374],[40.6327,46.6879],[42.2566,46.8128],[43.3808,46.1883],[43.8805,44.8142],[44.7549,44.4395],[46.8729,44.6802],[47.0258,44.7881],[47.1697,44.86],[47.2506,44.9859],[47.3945,45.1748],[47.4754,45.3186],[47.5563,45.4535],[47.6552,45.5434],[47.6013,45.6603],[47.6282,45.7322],[47.6732,45.7502],[47.7541,45.7143],[47.871,45.6783],[48.0149,45.7143],[48.3026,45.7682],[48.4825,45.8851],[48.6353,45.975],[48.7702,45.8851],[48.8331,45.9211],[48.8331,46.02],[48.8331,46.0829],[48.8871,46.0829],[49.0579,46.1369],[49.2378,46.2628],[49.3132,46.3527],[49.4086,46.4336],[49.5345,46.5415],[49.7233,46.5325],[49.9481,46.5595],[50.2718,46.6854],[50.6315,46.9102],[50.8204,46.9192],[51.1171,47.063],[51.3689,47.09],[51.7729,47.4621],[51.7451,47.5084],[51.3871,48.1051],[51.9015,49.3911],[51.1299,50.4199],[51.3871,51.0629],[55.245,51.7059],[57.152,51.2291],[58.3314,50.9343],[60.8202,50.8592],[63.0381,51.176],[63.9947,52.7975],[64.4571,53.5813],[64.6874,54.2723],[72.9916,55.3066],[74.6299,54.3237],[74.9206,54.1492],[78.65,50.8057],[81.4791,50.2913],[84.2673,49.2046],[83.1155,48.2832],[85.3829,48.1477],[85.6015,48.231],[85.6055,48.234],[90,51.5694],[91.9653,51.5694],[92.1155,51.7688],[94.9877,50.9353],[101.8221,54.7796],[111.1974,52.237],[124.127,59.9817],[127.746,60.8137],[139.3647,57.3659],[140.0287,57.6441],[140.4998,58.1708],[140.5874,58.2393],[140.9943,58.3906],[141.3496,58.5009],[141.5908,58.7275],[141.9238,58.9409],[142.3578,59.141],[142.8459,59.2725],[142.9268,59.2796],[143.3029,59.2665],[143.8241,59.295],[144.3898,59.3099],[144.8457,59.2832],[145.4041,59.3255],[145.4957,59.2088],[145.5128,59.0369],[145.6526,58.9754],[145.957,58.9829],[146.0235,59.196],[146.054,59.2511],[146.3074,59.286],[146.7064,59.2248],[146.9996,59.191],[147.3522,59.2329],[147.443,59.2375],[147.7836,60.9279],[169.0115,68.9276],[168.9861,68.9634],[168.5924,69.1125],[168.1,69.2315],[167.9216,69.3287],[167.5032,69.5686],[167.4774,69.5813],[167.3201,69.6586],[166.7004,69.4317],[166.3092,69.3783],[165.3301,69.4066],[164.6365,69.4128],[164.3182,69.4649],[164.0537,69.66],[163.7224,69.6745],[163.0382,69.5452],[162.2749,69.5363],[162.1178,69.5586],[161.961,69.5282],[161.4161,69.3542],[161.1708,69.1586],[160.8623,69.0831],[160.674,69.2703],[160.6816,69.5785],[160.3924,69.6156],[160.0166,69.6224],[159.673,69.6519],[159.4438,69.7646],[159.5727,69.999],[159.6279,70.2198],[159.4656,70.395],[159.2292,70.5475],[158.9341,70.6235],[158.4087,70.8142],[158.078,70.8673],[157.3964,70.9275],[156.0432,70.9866],[155.0492,70.9385],[153.9165,70.7905],[153.4044,70.7282],[152.7906,70.681],[152.134,70.6644],[151.8991,70.733],[151.6448,70.8938],[151.48,71.0858],[151.1195,71.2548],[150.6937,71.3467],[149.7154,71.4376],[148.9622,71.5679],[148.7109,71.6294],[149.722,71.8952],[149.6225,71.9419],[149.5303,72.0274],[149.1045,72.0889],[148.698,72.1662],[148.1595,72.1964],[146.9151,72.2019],[146.1861,71.8421],[145.7462,71.6937],[145.3338,71.6309],[145.1004,71.5762],[144.8013,71.5911],[144.8808,71.7231],[145.2614,71.8404],[145.6782,71.9267],[145.815,72.0984],[145.6646,72.1605],[145.2096,72.1207],[144.8204,72.1433],[145.6,72.4262],[144.5618,72.4556],[144.2674,72.5021],[143.8188,72.5326],[142.9025,72.6172],[142.2002,72.6787],[141.4084,72.7873],[141.294,72.7871],[140.5891,72.4952],[140.215,72.4319],[139.7556,72.4232],[139.3118,72.3832],[139.1683,72.3438],[138.9693,72.2105],[139.05,72.1638],[139.3388,72.1644],[139.8479,72.2356],[139.806,72.0015],[139.7386,71.8379],[139.8257,71.6284],[139.7445,71.4036],[139.1588,71.418],[138.8999,71.5026],[138.6749,71.6184],[138.4461,71.6103],[138.1194,71.4702],[138.1138,71.3851],[138.1754,71.362],[138.0758,71.246],[137.8549,71.1298],[137.7713,71.0988],[137.6297,71.0754],[136.765,71.4058],[136.2266,71.5132],[135.8606,71.5434],[135.5106,71.5118],[134.6229,71.3013],[134.2414,71.2619],[133.7439,71.3228],[133.1384,71.4532],[132.7906,71.592],[132.6843,71.8014],[132.5538,71.809],[132.2836,71.6609],[131.7917,71.1879],[131.4127,70.8638],[131.0548,70.6865],[130.7793,70.6783],[130.1717,70.8153],[129.3552,71.1757],[128.7835,71.538],[128.4325,71.7546],[128.1701,71.8319],[127.7141,72.0101],[127.4175,72.1422],[127.1209,72.2119],[126.69,72.2189],[126.2253,72.2493],[126.1113,72.2804],[126.2164,72.3823],[127.3135,72.7139],[128.1706,72.8965],[128.291,72.9125],[128.5249,72.9523],[128.4989,73.1259],[128.3148,73.2075],[127.7196,73.4015],[127.0968,73.4163],[126.487,73.3834],[125.7173,73.3978],[125.3346,73.5241],[124.8177,73.6582],[124.4567,73.7053],[124.2222,73.6969],[123.4099,73.4808],[123.425,73.4332],[123.4422,73.3302],[123.5148,73.172],[122.8824,72.7528],[122.2433,72.9091],[121.6995,72.9002],[120.5785,72.8351],[120.1128,72.8815],[119.7986,72.9125],[119.4174,72.9669],[118.4978,73.0362],[118.3385,73.1861],[118.4604,73.5192],[117.9188,73.5341],[117.5346,73.5493],[116.6711,73.6192],[115.6115,73.6252],[114.9341,73.5603],[114.1867,73.551],[113.547,73.2009],[113.3117,73.3827],[113.3077,73.613],[113.2216,73.7481],[112.997,73.7796],[112.4768,73.6591],[112.0934,73.6346],[111.7617,73.6578],[111.4949,73.7449],[111.2153,73.7683],[110.9441,73.9433],[110.5513,74.0384],[110.2896,73.9421],[110.1632,73.8301],[110.1784,73.7982],[110.4,73.7429],[110.4423,73.5679],[109.9906,73.44],[109.5952,73.3916],[108.7496,73.2632],[107.8043,73.1428],[107.2499,73.1338],[106.5015,73.0613],[106.087,72.8554],[105.6002,72.7443],[105.2788,72.7515],[106.2083,73.2585],[107.2655,73.5222],[108.3399,73.6912],[108.6969,73.8194],[110.0547,74.2537],[111.5866,74.731],[112.1113,74.7804],[112.5771,74.8862],[113.625,75.2727],[113.2216,75.4368],[113.1134,75.4944],[113.723,75.8688],[113.533,76.0937],[113.1489,76.0595],[112.8223,76.0589],[112.5885,76.2592],[112.0572,76.4514],[111.4273,76.5681],[110.5477,76.6423],[109.9402,76.6327],[109.6564,76.6913],[108.8595,76.6475],[108.2445,76.6464],[107.7715,76.4012],[107.666,76.4431],[107.2908,76.4339],[106.8671,76.4331],[106.404,76.4323],[106.5374,76.5672],[107.0714,76.771],[107.2401,76.8984],[107.1603,76.9491],[106.2429,76.9135],[105.5281,76.98],[104.7046,76.9275],[104.4851,76.995],[104.7823,77.1488],[105.4697,77.3293],[105.4495,77.4491],[105.0625,77.5685],[104.3937,77.5672],[103.9466,77.5922],[103.3933,77.5578],[102.3897,77.3748],[101.6905,77.2026],[101.1665,77.0058],[101.1115,76.8529],[101.3895,76.625],[100.8303,76.4554],[100.4074,76.4714],[99.9832,76.437],[99.7736,76.2854],[99.8334,76.21],[99.7794,76.0593],[99.4672,75.9669],[99.1586,75.9997],[98.7162,76.074],[98.2887,76.0565],[97.6837,75.9552],[97.1164,75.8708],[96.6582,75.8533],[95.9818,75.902],[96.1394,76.0859],[95.9673,76.1692],[95.4877,76.1683],[94.6943,76.1836],[94.3096,76.0741],[93.5921,75.8808],[92.6705,75.7626],[91.6347,75.6527],[90,75.6015],[90,75.5585],[89.7963,75.5244],[89.6846,75.5082],[89.2847,75.4661],[87.9223,75.0599],[87.4875,74.9609],[86.9583,74.7821],[86.8126,74.5399],[86.8135,74.4353],[86.9776,74.299],[87.394,74.1795],[87.5406,74.0997],[87.6908,73.9],[87.5696,73.7721],[87.1397,73.6041],[86.905,73.5559],[86.1235,73.4511],[86.3264,73.6344],[86.7569,73.7866],[86.4921,73.8738],[85.8562,73.8248],[85.3812,73.6963],[85.0015,73.5762],[84.8295,73.5997],[84.6161,73.7427],[83.9766,73.6698],[83.0204,73.6123],[81.8775,73.6022],[80.8382,73.5526],[80.6201,73.4965],[80.5005,73.4247],[80.464,73.3136],[80.8289,73.0135],[80.8717,72.84],[80.8442,72.5802],[80.9823,72.447],[81.5853,72.354],[82.026,72.2452],[82.3206,72.2223],[82.4363,72.0506],[82.8546,71.9421],[83.2024,71.8259],[83.5611,71.6244],[83.2526,71.2829],[83.168,71.1822],[83.5047,70.8129],[83.5709,70.6517],[83.6571,70.5982],[83.677,70.4603],[83.3707,70.3373],[83.0363,70.2449],[83.0759,70.5818],[82.8037,70.8193],[82.6755,70.8421],[82.5015,70.7111],[82.1957,70.358],[82.0456,70.4189],[82.1036,70.8564],[82.2153,71.2036],[82.5289,71.3202],[82.8801,71.4913],[82.8184,71.6463],[82.4914,71.5681],[81.6714,71.5743],[81.4253,71.6127],[80.8283,71.767],[80.3387,72.0076],[79.7032,72.1783],[79.2226,72.2713],[78.6473,72.2624],[78.2696,72.2147],[78.0857,72.1753],[78.1264,71.8476],[77.7899,71.7769],[77.2749,71.8149],[77.0749,71.8924],[76.4567,71.8679],[76.3329,71.7197],[76.6072,71.5183],[76.8661,71.449],[77.2849,71.4188],[78.1369,71.3739],[78.3716,71.2505],[78.6085,70.8499],[78.2492,70.8339],[78.1047,70.8413],[77.7362,71.0255],[77.0016,71.0626],[76.2932,71.1385],[75.6706,71.1991],[75.452,71.3225],[75.2843,71.4461],[75.2213,71.6477],[75.2966,71.8969],[75.5825,72.1706],[75.6662,72.4135],[75.6173,72.6255],[75.4076,72.6644],[75.1199,72.6875],[75.0161,72.7188],[75.0746,72.4203],[74.9987,72.1304],[74.9212,72.0287],[74.5866,71.8722],[74.1372,71.7545],[73.5914,71.7069],[73.2169,71.4577],[73.2707,71.3726],[73.698,71.1414],[74.1892,70.6726],[74.2496,70.5729],[74.1222,70.3659],[73.791,70.0522],[73.6541,69.7565],[73.9079,69.2745],[73.9145,69.1543],[74.318,69.1625],[74.9017,69.081],[75.1886,69.1266],[75.598,69.21],[76.1775,69.1359],[76.538,69.0841],[77.0299,68.9799],[77.406,68.9356],[77.6358,68.8162],[77.8342,68.4727],[77.9091,68.3237],[78.0072,68.2568],[77.9775,68.1451],[77.5142,67.9733],[77.4832,67.8025],[77.6889,67.7584],[77.946,67.7737],[78.3046,67.6929],[78.5357,67.6118],[78.4779,67.4785],[78.089,67.4113],[77.5048,67.4324],[77.0907,67.5277],[76.9549,67.6533],[77.1079,68.1138],[77.0398,68.4638],[76.6609,68.6722],[76.3278,68.7763],[75.5372,68.7749],[74.9163,68.7064],[74.6121,68.6385],[74.505,68.5935],[74.3951,68.347],[74.6694,68.1017],[74.7706,67.8494],[74.7417,67.6862],[74.3525,67.4044],[73.9845,67.2634],[73.8108,66.9904],[73.6902,66.8651],[73.1655,66.6438],[72.5574,66.496],[72.4211,66.3347],[72.2088,66.1735],[71.7943,66.1581],[71.2595,66.2228],[70.9834,66.2004],[70.4736,66.236],[69.7673,66.3297],[69.4351,66.4242],[69.1726,66.5483],[69.0848,66.6875],[69.3554,66.7394],[69.7915,66.7549],[70.1207,66.7188],[70.8399,66.5514],[71.3495,66.6624],[71.5441,66.7141],[71.3995,66.9491],[71.6471,67.0673],[71.9305,67.1563],[72.485,67.4378],[72.8377,67.6456],[72.9878,67.7941],[73.1752,68.1659],[73.3936,68.3824],[73.3941,68.4421],[73.3086,68.5166],[72.8462,68.6352],[72.6435,68.8069],[72.5255,69.0691],[72.5515,69.6563],[72.4369,70.187],[72.6959,70.3556],[72.7742,70.4552],[72.6797,70.8235],[72.555,70.9772],[72.1362,71.2776],[71.7976,71.4318],[71.8978,71.5872],[72.4983,71.9618],[72.6546,72.1183],[72.8448,72.4946],[72.8527,72.6439],[72.714,72.7696],[72.4553,72.8243],[71.9758,72.7998],[71.6629,72.8307],[70.9403,72.79],[70.2144,72.7335],[69.5116,72.803],[69.3431,72.8343],[69.0567,72.6447],[68.8121,72.0955],[68.5508,71.822],[68.3162,71.6349],[67.8225,71.4167],[67.1555,71.2296],[66.9796,71.2138],[66.818,71.1054],[66.6702,70.8661],[66.7748,70.7356],[67.2853,70.7058],[67.3982,70.5985],[67.4218,70.2234],[67.3833,70.1394],[67.2772,70.0706],[66.9649,69.9558],[66.828,69.8194],[66.799,69.7437],[66.8844,69.6231],[67.7787,69.5569],[68.1059,69.4293],[68.0935,69.1359],[68.2577,68.9411],[68.5118,68.8367],[68.6918,68.8145],[69.109,68.8303],[69.0026,68.6954],[68.4879,68.2242],[68.3846,68.1793],[68.2154,68.2014],[67.8265,68.3721],[67.1717,68.6471],[66.5843,68.8855],[66.1255,68.9972],[65.3554,69.1834],[64.873,69.2277],[63.9232,69.4592],[63.4123,69.5487],[62.8539,69.6156],[62.2813,69.7051],[61.3043,69.7335],[61.03,69.7406],[60.8487,69.71],[60.5517,69.5434],[60.3692,69.4677],[60.986,69.0026],[60.9341,68.8151],[60.7563,68.6725],[60.5121,68.5899],[60.0791,68.619],[59.9254,68.5813],[59.892,68.402],[59.7623,68.2974],[59.5019,68.2894],[59.2177,68.3485],[59.1198,68.3931],[59.062,68.4975],[59.3459,68.6999],[59.199,68.7744],[58.7704,68.856],[58.4093,68.8329],[57.9592,68.7048],[57.5259,68.4946],[57.3637,68.457],[57.0242,68.4489],[56.5403,68.5526],[56.1951,68.5669],[55.7229,68.5361],[55.3354,68.4831],[55.1265,68.4006],[54.996,68.2065],[54.8772,68.1095],[54.7523,68.0498],[54.6485,68.0719],[54.576,68.1611],[54.3797,68.1607],[53.854,68.0853],[53.6257,68.0477],[53.3168,68.1364],[53.3162,68.2332],[53.3959,68.3004],[53.7821,68.3384],[53.8084,68.6073],[53.8891,68.787],[53.5024,68.8163],[53.1794,68.7557],[53.0058,68.6806],[52.9388,68.4712],[52.7197,68.3514],[52.4627,68.2987],[52.3374,68.3357],[52.2449,68.5446],[51.8308,68.4094],[51.139,68.2664],[50.4959,68.1535],[49.6301,67.9362],[49.1856,67.8388],[48.6353,67.6524],[48.0807,67.5625],[47.9529,67.3773],[47.8221,67.1113],[47.7062,66.8901],[47.5712,66.8163],[46.9726,66.7785],[46.4021,66.7186],[46.0768,66.7621],[45.7154,66.8496],[45.3856,67.0994],[44.9571,67.2314],[44.8712,67.3124],[45.0925,67.5421],[45.4626,67.6391],[46.1641,67.6774],[46.6341,67.7005],[46.4394,67.9079],[46.162,68.1082],[45.8634,68.3833],[45.5796,68.4425],[44.6678,68.3886],[44.012,68.4919],[43.8532,68.4692],[43.8222,68.3273],[44.1687,68.097],[44.2611,67.8296],[44.2158,67.7183],[43.7036,67.2659],[43.8381,67.1629],[44.2192,67.0898],[44.362,66.906],[44.3836,66.612],[44.1221,66.2672],[44.0528,66.0405],[44.0294,66.0112],[43.8762,66.011],[43.2414,66.2509],[42.4185,66.3811],[42.2108,66.41],[42.1334,66.3879],[41.6233,66.0652],[41.3542,65.9552],[40.6814,65.7936],[40.0369,65.6031],[39.9513,65.5812],[39.8231,65.4356],[39.9794,65.1531],[40.366,64.8579],[40.4621,64.7503],[40.4398,64.5636],[40.3222,64.4629],[39.9971,64.5412],[39.6216,64.476],[39.1934,64.511],[38.2529,64.7031],[37.6041,64.8528],[37.1019,65.0681],[36.8839,65.0677],[36.5685,64.7646],[36.9967,64.4066],[37.262,64.3139],[37.4633,64.3],[37.6681,64.3433],[37.8799,64.3079],[38.0539,64.1293],[38.0541,63.9863],[37.9449,63.8504],[37.5915,63.8069],[37.4105,63.7495],[37.2465,63.7849],[36.9875,63.8415],[36.4206,63.8761],[36.24,63.9186],[36.0155,64.197],[35.6233,64.2536],[35.0818,64.2883],[34.8846,64.3668],[34.8148,64.4598],[34.7729,64.6822],[34.4257,65.1065],[34.332,65.3455],[34.2934,65.3962],[34.6012,65.4839],[34.7256,65.615],[34.7262,65.797],[34.5437,66.0008],[34.2585,66.1098],[33.8442,66.1821],[33.4697,66.3131],[32.9709,66.5834],[32.7535,66.649],[32.4247,66.891],[32.3578,66.9203],[32.2194,66.9937],[32.6443,67.0461],[32.991,66.9878],[33.1577,66.9145],[33.4375,66.7017],[33.6513,66.6801],[34.153,66.6296],[35.1677,66.4115],[35.7717,66.2589],[36.5052,66.1725],[37.4224,66.0938],[38.0479,66.0074],[38.7821,66.0015],[39.19,66.0387],[39.9775,66.2009],[40.3451,66.3186],[40.8364,66.5614],[41.147,66.7823],[41.2553,66.937],[41.2088,67.0695],[41.0169,67.2019],[40.9508,67.3347],[40.9734,67.5344],[40.8261,67.66],[39.9181,67.9404],[39.3347,68.0359],[38.6685,68.1463],[38.4064,68.2427],[37.6886,68.6296],[37.2459,68.7935],[36.0183,69.0237],[35.4366,69.1504],[34.9341,69.1494],[34.6989,69.1641],[34.3051,69.1708],[33.818,69.1925],[33.6284,69.2147],[33.3156,69.0713],[33.2806,69.342],[33.0096,69.3867],[32.5963,69.4236],[32.3517,69.5137],[32.1906,69.6417],[32.076,69.8154],[32.0716,69.8835],[31.7822,69.777],[31.3313,69.6628],[31.0538,69.6396],[30.7354,69.7524],[29.1081,68.8095],[29.0987,68.8041],[30.6606,67.5174],[30.6025,66.6651],[30.993,65.7541],[30.6025,65.1467],[30.5592,63.1077],[31.1231,62.804],[31.1943,61.6342],[31.2382,61.643],[31.2575,61.6411],[31.2859,61.6152],[31.3081,61.605],[31.3278,61.6167],[31.3341,61.6274],[31.3648,61.6274],[31.4861,61.5508],[31.5332,61.4974],[31.5758,61.4372],[31.6036,61.4226],[31.6197,61.427],[31.6165,61.4425],[31.6204,61.4611],[31.6369,61.4627],[31.6979,61.4155],[31.7623,61.3837],[31.8707,61.3474],[31.8986,61.324],[32.3596,61.1805],[32.5269,61.1175],[32.5634,61.0794],[32.5813,61.0449],[32.5806,61.0139],[32.5926,60.9976],[32.6334,60.9867],[32.6407,60.9691],[32.7654,60.886],[32.8078,60.8264],[32.8119,60.7565],[32.8436,60.7122],[32.903,60.6935],[32.9365,60.6703],[32.9443,60.6426],[32.9069,60.5859],[32.8414,60.497],[32.8157,60.4819],[32.7818,60.4882],[32.7221,60.5211],[32.6417,60.5369],[32.5999,60.5335],[32.5965,60.5111],[32.6179,60.4756],[32.664,60.4271],[32.6767,60.3924],[32.6559,60.3717],[32.5949,60.3546],[32.5902,60.3302],[32.6144,60.2858],[32.6123,60.2454],[32.5839,60.2089],[32.5004,60.1765],[32.3615,60.1481],[32.2602,60.1543],[32.1961,60.1954],[32.0571,60.2265],[31.8433,60.2479],[31.6994,60.2356],[31.5989,60.1696],[31.5906,60.1556],[31.5969,60.1438],[31.6059,60.1423],[31.6064,60.1336],[31.5482,60.0719],[31.5409,60.0345],[31.565,59.998],[31.5672,59.9666],[31.5472,59.9401],[31.5098,59.9204],[31.4548,59.9072],[31.4014,59.9113],[31.3493,59.9328],[31.2975,59.9361],[31.3184,59.5936],[29.9952,59.4635],[29.5179,59.2465],[29.0407,59.2899],[28.1731,58.9862],[29.5179,58.0752],[29.9952,58.2053],[30.4724,57.7715],[30.3856,57.2943],[31.1665,56.7303],[31.557,57.034],[32.0776,56.7737],[31.8607,55.9928],[31.2099,55.7325],[31.2533,55.6023],[31.5136,55.5589],[31.7305,54.9516],[31.4268,54.9082],[31.557,54.3008],[32.2077,54.431],[32.468,53.0861],[31.3834,53.2596],[31.2967,52.9559],[31.3834,52.0015],[31.3442,50.9226],[33.1692,51.4295],[33.8789,51.1253],[33.8789,50.2128],[35.7039,50.4156],[36.2109,49.9087],[36.3994,49.0358]],[[35.9854,61.7559],[36.0256,61.7036],[36.0606,61.6544],[36.1087,61.6111],[36.1591,61.5715],[36.2002,61.5312],[36.2473,61.4933],[36.312,61.4595],[36.3715,61.4323],[36.4056,61.4107],[36.4189,61.3924],[36.4279,61.3731],[36.4249,61.3491],[36.4084,61.3191],[36.3956,61.3021],[36.3827,61.285],[36.3801,61.281],[36.3736,61.2711],[36.3712,61.2568],[36.3781,61.2419],[36.3885,61.225],[36.3946,61.2062],[36.3869,61.1841],[36.3639,61.1597],[36.325,61.1355],[36.2793,61.1138],[36.2241,61.0965],[36.1628,61.0828],[36.0987,61.0626],[36.0368,61.0297],[35.9763,60.9939],[35.9148,60.9668],[35.8803,60.9478],[35.8842,60.9311],[35.9045,60.9166],[35.9099,60.9025],[35.899,60.8898],[35.8803,60.8783],[35.8551,60.8705],[35.8287,60.8665],[35.8008,60.8718],[35.7716,60.8864],[35.719,60.9045],[35.6346,60.9185],[35.5506,60.938],[35.4994,60.9698],[35.4733,61.0021],[35.4498,61.023],[35.4262,61.0332],[35.3996,61.0399],[35.3633,61.0382],[35.3161,61.0281],[35.2549,61.0146],[35.1845,61.0049],[35.1329,61.0071],[35.1168,61.0222],[35.0929,61.0447],[35.0224,61.0645],[34.9425,61.0704],[34.8963,61.0469],[34.869,61.027],[34.8464,61.0267],[34.8285,61.0386],[34.8149,61.055],[34.8024,61.0735],[34.7955,61.0965],[34.7967,61.1228],[34.804,61.1496],[34.8188,61.1736],[34.8381,61.1937],[34.8873,61.2061],[34.9742,61.212],[35.0747,61.2071],[35.1566,61.1937],[35.2069,61.1772],[35.2311,61.1652],[35.2077,61.1588],[35.1432,61.1558],[35.0777,61.1513],[35.0526,61.1411],[35.062,61.1256],[35.08,61.1083],[35.1081,61.0916],[35.142,61.0773],[35.1921,61.0689],[35.2593,61.0666],[35.3453,61.0726],[35.4406,61.0626],[35.5273,61.0228],[35.5834,61.0342],[35.6146,61.0761],[35.6322,61.1078],[35.6294,61.15],[35.6114,61.1974],[35.5777,61.2464],[35.5369,61.2922],[35.4946,61.329],[35.4574,61.3559],[35.3984,61.3858],[35.3039,61.4296],[35.1539,61.4852],[34.9616,61.5434],[34.7725,61.6009],[34.63,61.6544],[34.5314,61.7043],[34.4482,61.7533],[34.388,61.7961],[34.3445,61.8312],[34.3227,61.8545],[34.3146,61.8687],[34.3356,61.8644],[34.3847,61.843],[34.4453,61.8188],[34.4944,61.8076],[34.5313,61.8116],[34.5624,61.8238],[34.5829,61.846],[34.5943,61.874],[34.5938,61.906],[34.5859,61.9378],[34.5663,61.9689],[34.5373,61.999],[34.4768,62.0385],[34.381,62.0926],[34.294,62.1415],[34.2552,62.1686],[34.2552,62.1857],[34.2621,62.2105],[34.2654,62.2382],[34.2565,62.2623],[34.2226,62.2937],[34.1649,62.3392],[34.0983,62.3789],[34.0424,62.3965],[34.0033,62.4008],[33.9775,62.408],[33.9618,62.4251],[33.9473,62.453],[33.9406,62.4816],[33.944,62.5005],[33.9586,62.51],[33.9787,62.5159],[34.0029,62.5161],[34.0271,62.5118],[34.0539,62.4945],[34.0842,62.4635],[34.1369,62.414],[34.2177,62.3523],[34.2916,62.2973],[34.3275,62.264],[34.3295,62.2457],[34.3212,62.227],[34.3429,62.1989],[34.417,62.1582],[34.5142,62.1196],[34.5914,62.0965],[34.6356,62.095],[34.6532,62.1085],[34.644,62.1361],[34.6324,62.1819],[34.647,62.2126],[34.6581,62.2452],[34.6148,62.3043],[34.609,62.3388],[34.6332,62.3483],[34.6815,62.3388],[34.6956,62.3646],[34.6596,62.4063],[34.5922,62.458],[34.547,62.4978],[34.527,62.5236],[34.5202,62.5417],[34.532,62.5463],[34.5566,62.5399],[34.5953,62.5191],[34.6406,62.4891],[34.6959,62.4427],[34.7585,62.3826],[34.8105,62.3323],[34.8405,62.3101],[34.852,62.2944],[34.8593,62.2604],[34.8708,62.2194],[34.8925,62.1871],[34.928,62.1597],[34.9757,62.1176],[35.0286,62.0779],[35.0749,62.0536],[35.1146,62.0536],[35.1496,62.071],[35.165,62.0807],[35.1678,62.0967],[35.1436,62.1272],[35.0938,62.1722],[35.0518,62.2116],[35.0459,62.2288],[35.0959,62.2181],[35.1884,62.1902],[35.284,62.1616],[35.3413,62.149],[35.3872,62.1578],[35.455,62.1807],[35.5183,62.2105],[35.5535,62.2359],[35.5639,62.2602],[35.5672,62.2871],[35.5586,62.3188],[35.5402,62.3542],[35.4983,62.4036],[35.4331,62.4686],[35.3518,62.5227],[35.2709,62.5454],[35.2014,62.5497],[35.1472,62.5592],[35.093,62.5805],[35.0237,62.6133],[34.967,62.639],[34.9434,62.6428],[34.868,62.6105],[34.8386,62.5912],[34.7761,62.6223],[34.7393,62.6213],[34.7037,62.6434],[34.6582,62.6799],[34.6211,62.7124],[34.5831,62.7557],[34.5355,62.8185],[34.4796,62.8738],[34.4895,62.9036],[34.5325,62.9157],[34.6054,62.8728],[34.7033,62.8442],[34.7879,62.8311],[34.8549,62.8256],[34.9104,62.8154],[34.9581,62.7974],[35.0058,62.773],[35.083,62.7412],[35.202,62.7053],[35.326,62.6662],[35.4157,62.6267],[35.4639,62.6042],[35.4876,62.6059],[35.495,62.6192],[35.5037,62.6247],[35.5194,62.6173],[35.5436,62.5994],[35.5846,62.576],[35.6412,62.5556],[35.698,62.5376],[35.7398,62.5202],[35.7712,62.4959],[35.8029,62.4611],[35.8219,62.4118],[35.8227,62.3522],[35.8004,62.2814],[35.7643,62.2052],[35.7302,62.1392],[35.6744,62.0794],[35.6894,62.0402],[35.7495,61.9991],[35.8184,61.9511],[35.843,61.9019],[35.8707,61.8548],[35.9256,61.8064],[35.9854,61.7559]],[[38.8121,58.2507],[38.8188,58.1348],[38.8052,58.122],[38.7795,58.1348],[38.6917,58.207],[38.6383,58.2203],[38.6192,58.2013],[38.6979,58.133],[38.704,58.1131],[38.681,58.1082],[38.6117,58.1131],[38.3831,58.1219],[38.357,58.1001],[38.4369,58.0356],[38.4371,58.0175],[38.4153,58.0156],[38.3692,58.0316],[38.3102,58.0406],[38.2811,58.0539],[38.2592,58.0709],[38.2496,58.1027],[38.251,58.1987],[38.2205,58.2373],[38.1487,58.2486],[37.944,58.3009],[37.8972,58.2918],[37.5071,58.5354],[37.4169,58.6131],[37.3168,58.6574],[37.1553,58.695],[37.1546,58.7065],[37.1692,58.7256],[37.1508,58.8487],[37.3079,58.76],[37.3723,58.7314],[37.4229,58.7266],[37.4104,58.6891],[37.4104,58.67],[37.4592,58.6339],[37.5377,58.6127],[37.5646,58.5528],[37.6087,58.5453],[37.6611,58.5575],[37.6666,58.5725],[37.6209,58.6262],[37.6323,58.6362],[37.7148,58.6175],[37.7678,58.6176],[37.9949,58.5504],[38.0739,58.5419],[38.0738,58.5916],[38.1031,58.6195],[38.0955,58.6345],[37.9877,58.6722],[37.9842,58.6924],[37.9453,58.7203],[37.9417,58.7355],[37.9613,58.7436],[38.0239,58.7459],[37.9959,58.8617],[37.9176,58.8583],[37.8694,58.8971],[37.8283,58.9141],[37.7772,58.9262],[37.7137,58.9277],[37.6424,58.9189],[37.5813,58.8988],[37.5014,58.8448],[37.4713,58.8571],[37.4658,58.8746],[37.4844,58.9272],[37.4991,58.9442],[37.6089,58.989],[37.6732,59.0252],[37.6956,59.064],[37.6763,59.1023],[37.64,59.1377],[37.6449,59.1568],[37.8429,59.1553],[37.94,59.1741],[37.9873,59.1768],[38.0016,59.1598],[38.0074,59.1438],[38.0272,59.1281],[38.1162,59.1026],[38.1594,59.1016],[38.1797,59.1133],[38.1805,59.1321],[38.1764,59.1482],[38.124,59.2029],[38.1433,59.2098],[38.1829,59.2031],[38.294,59.1613],[38.4146,59.1734],[38.4073,59.1523],[38.3315,59.0926],[38.2395,59.0627],[38.1705,59.065],[37.9102,59.1027],[37.8664,59.0941],[37.8577,59.0751],[37.9199,59.0421],[38.047,58.9942],[38.1194,58.9546],[38.4273,58.747],[38.61,58.6366],[38.7528,58.5469],[38.9893,58.4956],[39.0037,58.4756],[38.9703,58.4408],[39.0004,58.3868],[39.0053,58.3581],[38.8709,58.3311],[38.8305,58.2956],[38.8121,58.2507]],[[34.5626,63.8164],[34.644,63.7892],[34.6158,63.7662],[34.8567,63.7208],[34.8614,63.6882],[34.9896,63.5851],[34.9841,63.5641],[34.9525,63.5402],[35.0128,63.5056],[35.1446,63.4823],[35.2492,63.4917],[35.3736,63.4923],[35.4132,63.4479],[35.3817,63.4341],[35.1928,63.404],[35.1724,63.3805],[35.0994,63.3831],[35.0494,63.3989],[34.9769,63.4291],[34.8716,63.4638],[34.8288,63.4337],[34.8851,63.2939],[34.953,63.1811],[34.9573,63.119],[34.9459,63.0333],[34.9104,62.9508],[34.8631,62.919],[34.861,62.9412],[34.8675,62.9761],[34.864,63.0104],[34.8734,63.0403],[34.8986,63.0547],[34.8907,63.1065],[34.8585,63.1723],[34.8529,63.2252],[34.8354,63.2764],[34.804,63.3256],[34.702,63.3988],[34.5521,63.459],[34.5168,63.4839],[34.5254,63.5024],[34.4533,63.6234],[34.3581,63.6967],[34.3078,63.6919],[34.2664,63.6562],[34.2154,63.613],[34.2144,63.676],[34.2844,63.777],[34.3473,63.8512],[34.4284,63.8482],[34.5626,63.8164]],[[33.4992,63.2163],[33.3068,63.2837],[33.2738,63.3164],[33.2738,63.3414],[33.2829,63.3817],[33.2574,63.4234],[33.3553,63.424],[33.4414,63.4438],[33.5862,63.4874],[33.6371,63.4763],[33.6566,63.4332],[33.6969,63.4093],[33.8471,63.4385],[33.9328,63.4181],[33.9912,63.2968],[34.066,63.2288],[34.0171,63.2007],[33.8969,63.1886],[33.7033,63.1902],[33.5722,63.2027],[33.4992,63.2163]]]},"properties":{"NAME":"Tsardom of Muscovy","SUBJECTO":"Tsardom of Muscovy","PARTOF":"Tsardom of Muscovy","BORDERPRECISION":3,"LINK":null}},
{"type":"Feature","geometry":{"type":"Polygon","coordinates":[[[16.6323,11.104],[16.6341,11.1029],[20.2056,12.0472],[20.0249,12.6368],[19.845,13.2234],[19.4634,13.2588],[17.1578,13.4724],[16.905,13.4339],[14.7276,13.1022],[14.7423,13.078],[14.7428,13.0624],[14.716,13.0466],[14.6943,13.0236],[14.6855,12.9931],[14.6606,12.9824],[14.6196,12.9916],[14.603,12.9906],[14.9927,12.0974],[16.6323,11.104]]]},"properties":{"NAME":"Bagirmi","SUBJECTO":"Bagirmi","PARTOF":"Bagirmi","BORDERPRECISION":3,"LINK":null}},
{"type":"Feature","geometry":{"type":"MultiPolygon","coordinates":[[[[124.1339,39.8431],[124.209,39.7383],[124.4428,39.573],[124.5481,39.5413],[124.6884,39.6054],[124.86,39.6185],[124.9223,39.6186],[125.2065,39.4853],[125.2961,39.3643],[125.2109,39.2112],[125.0279,38.8156],[125.2937,38.6887],[125.2686,38.5676],[124.9294,38.4649],[124.7362,38.2798],[124.6937,38.1395],[124.7697,37.9359],[125.077,37.7709],[125.1816,37.6564],[125.2694,37.4847],[125.5617,37.8355],[125.7412,37.785],[125.909,37.5115],[126.0525,37.6009],[126.2097,37.7541],[126.3304,37.6614],[126.3717,37.6298],[126.3719,37.6269],[126.373,37.6217],[126.3753,37.6172],[126.3819,37.6089],[126.3864,37.6053],[126.3975,37.5989],[126.4103,37.5939],[126.4189,37.5925],[126.4486,37.5922],[126.5014,37.5944],[126.5139,37.5972],[126.5394,37.6278],[126.5304,37.6795],[126.5403,37.6795],[126.5464,37.6522],[126.5475,37.6472],[126.55,37.6425],[126.5533,37.6383],[126.5725,37.62],[126.6292,37.5914],[126.6521,37.5668],[126.6589,37.555],[126.6628,37.5406],[126.6744,37.488],[126.6708,37.485],[126.6641,37.4839],[126.6319,37.4875],[126.6258,37.4858],[126.6219,37.4814],[126.6255,37.4714],[126.6564,37.4111],[126.6608,37.4075],[126.6661,37.4044],[126.6728,37.4019],[126.7169,37.3861],[126.7255,37.3847],[126.7328,37.385],[126.7419,37.3868],[126.7222,37.328],[126.7705,37.3047],[126.8019,37.2955],[126.8091,37.2955],[126.815,37.2975],[126.8361,37.308],[126.8433,37.3083],[126.8475,37.3044],[126.8636,37.2717],[126.8658,37.2669],[126.8619,37.2628],[126.8561,37.2608],[126.7661,37.2319],[126.7528,37.245],[126.6994,37.2622],[126.6681,37.2556],[126.6619,37.2539],[126.6589,37.2486],[126.6608,37.1619],[126.6611,37.1561],[126.6878,37.1244],[126.6944,37.1217],[126.7075,37.1236],[126.7186,37.128],[126.723,37.1317],[126.7386,37.1489],[126.7594,37.1689],[126.7639,37.1722],[126.77,37.1742],[126.8691,37.1764],[126.8697,37.1722],[126.8686,37.1458],[126.8653,37.1408],[126.8594,37.1389],[126.853,37.138],[126.8194,37.1339],[126.7822,37.1255],[126.7764,37.1236],[126.773,37.1186],[126.7542,37.0542],[126.7528,37.0486],[126.7561,37.0444],[126.8658,36.9505],[126.8702,36.9469],[126.908,36.9194],[126.9144,36.9169],[126.9217,36.9169],[127.0002,36.9297],[126.9922,36.9108],[126.9061,36.8169],[126.8464,36.7525],[126.8386,36.7533],[126.8342,36.7569],[126.8308,36.7611],[126.8286,36.7658],[126.8272,36.8411],[126.8289,36.8536],[126.8317,36.8597],[126.8342,36.8728],[126.8342,36.8783],[126.8306,36.8942],[126.8255,36.9092],[126.8233,36.9139],[126.7811,36.9636],[126.7767,36.9672],[126.7692,36.9692],[126.7614,36.97],[126.6822,36.9717],[126.62,36.9728],[126.5717,37.0214],[126.5675,37.025],[126.5253,37.0503],[126.5178,37.0522],[126.5025,37.0528],[126.4992,37.0497],[126.4905,36.9955],[126.5142,36.9414],[126.4975,36.8708],[126.4955,36.8642],[126.4905,36.8522],[126.4833,36.8425],[126.4789,36.8392],[126.4725,36.8394],[126.4683,36.843],[126.4633,36.8639],[126.4622,36.8947],[126.462,36.8982],[126.4685,36.9064],[126.4766,36.9222],[126.4792,36.9283],[126.478,36.9336],[126.4491,36.9914],[126.4425,36.9997],[126.4372,37.0028],[126.4294,37.0047],[126.4225,37.0047],[126.3928,37.0047],[126.3558,36.9964],[126.35,36.9944],[126.3397,36.9892],[126.335,36.9856],[126.345,36.9567],[126.3483,36.9525],[126.3528,36.9489],[126.383,36.9294],[126.3897,36.9305],[126.4072,36.9358],[126.4136,36.9333],[126.4138,36.9149],[126.4151,36.912],[126.4151,36.8967],[126.4011,36.8519],[126.3247,36.8039],[126.2944,36.7872],[126.2894,36.7858],[126.2839,36.7947],[126.2803,36.8044],[126.2792,36.8097],[126.2805,36.8153],[126.2972,36.8436],[126.3144,36.8678],[126.3208,36.878],[126.3217,36.8844],[126.3089,36.9422],[126.3044,36.9622],[126.2978,36.9636],[126.2911,36.9625],[126.2861,36.96],[126.1883,36.8825],[126.1844,36.8783],[126.1917,36.8199],[126.1643,36.8097],[126.1289,36.7517],[126.1236,36.7092],[126.128,36.7053],[126.1661,36.6753],[126.1728,36.6728],[126.1861,36.6703],[126.1927,36.6714],[126.2292,36.6808],[126.235,36.6825],[126.24,36.6853],[126.2439,36.6897],[126.2483,36.7025],[126.2514,36.7075],[126.2561,36.7111],[126.2728,36.7175],[126.275,36.7128],[126.2989,36.6394],[126.2991,36.6278],[126.2931,36.5819],[126.3155,36.5994],[126.3369,36.6455],[126.3347,36.6503],[126.3228,36.6617],[126.3094,36.6783],[126.3047,36.6875],[126.3036,36.6928],[126.3075,36.6972],[126.343,36.7367],[126.3475,36.74],[126.3547,36.7403],[126.4694,36.7436],[126.4753,36.7419],[126.4972,36.7239],[126.5161,36.6597],[126.5269,36.5986],[126.5272,36.5928],[126.5247,36.5869],[126.5189,36.585],[126.5125,36.5875],[126.5069,36.5908],[126.5003,36.5919],[126.4742,36.588],[126.4658,36.58],[126.4644,36.5747],[126.4806,36.4811],[126.4958,36.3942],[126.5366,36.2192],[126.5444,36.1364],[126.6736,36.0047],[126.6853,36],[126.6889,36],[126.7073,36.0008],[126.7395,36.0058],[126.8591,36.0555],[126.8692,36.0606],[126.871,36.0578],[126.873,36.0547],[126.8688,36.0431],[126.8536,36.0353],[126.7619,35.9953],[126.7053,35.9847],[126.6425,35.9717],[126.6317,35.9672],[126.6283,35.9619],[126.6153,35.9258],[126.6142,35.9194],[126.6142,35.8961],[126.6153,35.8908],[126.62,35.8886],[126.7258,35.8825],[126.733,35.8825],[126.7825,35.8931],[126.7883,35.8947],[126.8011,35.8617],[126.7519,35.7783],[126.7383,35.7764],[126.7067,35.7708],[126.6958,35.7664],[126.6425,35.7422],[126.6322,35.7369],[126.4794,35.64],[126.4747,35.6358],[126.4686,35.6092],[126.4708,35.6044],[126.4772,35.5961],[126.488,35.5842],[126.4986,35.578],[126.5072,35.5764],[126.515,35.5758],[126.5214,35.5767],[126.5358,35.5855],[126.5469,35.59],[126.6439,35.5947],[126.6511,35.595],[126.6586,35.5942],[126.665,35.5917],[126.6691,35.588],[126.675,35.5736],[126.6875,35.5392],[126.6878,35.5333],[126.6839,35.5289],[126.6786,35.5322],[126.6194,35.5469],[126.5289,35.5269],[126.523,35.525],[126.4969,35.5125],[126.4917,35.5097],[126.4842,35.5011],[126.4569,35.4625],[126.4469,35.4478],[126.4414,35.4302],[126.4289,35.4161],[126.425,35.4117],[126.4219,35.4067],[126.3875,35.3369],[126.3783,35.3122],[126.3636,35.2278],[126.3605,35.1803],[126.3875,35.1478],[126.4114,35.1192],[126.4208,35.1117],[126.4314,35.1056],[126.4439,35.1005],[126.4556,35.0947],[126.4589,35.0905],[126.4572,35.0689],[126.4314,35.0233],[126.4211,35.0181],[126.4164,35.0203],[126.3597,35.0692],[126.343,35.0955],[126.3408,35.1003],[126.3433,35.1064],[126.3497,35.1167],[126.3533,35.1208],[126.3542,35.1272],[126.353,35.1325],[126.3494,35.148],[126.345,35.1517],[126.2694,35.1367],[126.2636,35.1347],[126.2542,35.1286],[126.2511,35.1233],[126.2492,35.1167],[126.2483,35.1103],[126.3042,34.9619],[126.318,34.9322],[126.3225,34.9286],[126.3328,34.9225],[126.338,34.9194],[126.3439,34.9175],[126.3694,34.9308],[126.3761,34.9405],[126.3769,34.9467],[126.4336,34.9636],[126.4133,34.8944],[126.3786,34.8092],[126.3711,34.8005],[126.3691,34.7939],[126.3714,34.7892],[126.3758,34.7856],[126.3814,34.7836],[126.4992,34.7761],[126.5105,34.7756],[126.515,34.7789],[126.5186,34.7833],[126.5311,34.8039],[126.5336,34.8169],[126.54,34.873],[126.5908,34.8775],[126.6597,34.8128],[126.6608,34.8075],[126.635,34.7822],[126.6292,34.7805],[126.608,34.7794],[126.4941,34.7505],[126.4769,34.725],[126.4925,34.7217],[126.5031,34.7153],[126.6202,34.6242],[126.6183,34.6194],[126.6125,34.6178],[126.6061,34.6167],[126.5367,34.6136],[126.5289,34.6142],[126.5217,34.6164],[126.4728,34.6372],[126.4619,34.6422],[126.4514,34.6483],[126.4325,34.6194],[126.4517,34.578],[126.4175,34.5958],[126.3511,34.6992],[126.3433,34.7128],[126.3283,34.7347],[126.3167,34.7461],[126.3114,34.7492],[126.3039,34.7511],[126.2969,34.7511],[126.2928,34.7475],[126.2894,34.7422],[126.2669,34.6833],[126.2653,34.6708],[126.273,34.6339],[126.2883,34.5903],[126.3128,34.5681],[126.3183,34.565],[126.3914,34.5439],[126.4633,34.4847],[126.4619,34.4792],[126.4619,34.4733],[126.4783,34.3453],[126.525,34.3161],[126.5564,34.3005],[126.5941,34.2994],[126.6003,34.3003],[126.6839,34.4344],[126.7561,34.5578],[126.7655,34.5733],[126.7725,34.5828],[126.7775,34.5855],[126.7833,34.5872],[126.7897,34.5861],[126.795,34.5831],[126.7991,34.5794],[126.8028,34.5694],[126.8042,34.5583],[126.805,34.5297],[126.8,34.4919],[126.8008,34.4631],[126.8117,34.4455],[126.8169,34.4425],[126.8894,34.4125],[126.8878,34.435],[126.8969,34.4492],[126.9383,34.4872],[126.9664,34.5042],[126.9855,34.5264],[126.9886,34.5317],[126.9894,34.5378],[127.0097,34.6022],[127.0369,34.62],[127.0917,34.6505],[127.1125,34.6603],[127.2167,34.7075],[127.2739,34.7275],[127.3286,34.743],[127.3353,34.7419],[127.3383,34.7378],[127.3516,34.698],[127.3528,34.6928],[127.3325,34.6564],[127.3286,34.6522],[127.2422,34.5694],[127.2072,34.5689],[127.1927,34.5694],[127.1917,34.5747],[127.2028,34.5969],[127.2111,34.6142],[127.213,34.6208],[127.213,34.6272],[127.2119,34.6325],[127.2064,34.6356],[127.2017,34.633],[127.1317,34.5653],[127.1253,34.555],[127.1233,34.5481],[127.1247,34.5372],[127.1292,34.5278],[127.1355,34.5194],[127.1397,34.5158],[127.1683,34.5119],[127.2436,34.5114],[127.3153,34.4436],[127.3894,34.4711],[127.51,34.5786],[127.5144,34.5914],[127.5133,34.5967],[127.4889,34.6378],[127.4858,34.6419],[127.4294,34.6769],[127.4086,34.6894],[127.3919,34.6983],[127.3875,34.7019],[127.3639,34.7514],[127.3989,34.8022],[127.4183,34.8186],[127.4939,34.8517],[127.5225,34.8569],[127.5678,34.7667],[127.5628,34.7175],[127.5583,34.7047],[127.5564,34.6922],[127.5542,34.6561],[127.5564,34.6514],[127.5764,34.6383],[127.635,34.615],[127.6408,34.6169],[127.7439,34.7233],[127.7478,34.7275],[127.7694,34.795],[127.7739,34.8264],[127.7736,34.8439],[127.7172,34.8417],[127.7108,34.8405],[127.705,34.8389],[127.6903,34.8303],[127.6864,34.8258],[127.673,34.8155],[127.6675,34.8139],[127.6547,34.8119],[127.6386,34.8142],[127.6114,34.8408],[127.605,34.8492],[127.5764,34.8869],[127.5686,34.9119],[127.5692,34.9178],[127.5889,34.9383],[127.5933,34.9417],[127.6005,34.9419],[127.6056,34.9386],[127.6092,34.9231],[127.6186,34.9105],[127.628,34.9036],[127.6353,34.9017],[127.6431,34.9008],[127.6608,34.9053],[127.7674,34.9603],[127.8308,34.9467],[127.8639,34.9403],[127.883,34.943],[127.8939,34.9475],[127.9094,34.9553],[128.0205,34.9864],[128.0469,34.9475],[128.048,34.9422],[128.0503,34.9375],[128.0561,34.9308],[128.0667,34.9244],[128.0728,34.9217],[128.1541,34.8944],[128.1764,34.8894],[128.2039,34.8883],[128.2066,34.8944],[128.208,34.8997],[128.2089,34.9119],[128.2077,34.9228],[128.2111,34.928],[128.2161,34.9305],[128.2278,34.9342],[128.3291,34.9494],[128.3408,34.9436],[128.3511,34.9314],[128.3561,34.9097],[128.3566,34.9053],[128.3463,34.9],[128.3355,34.8714],[128.403,34.8336],[128.4089,34.8319],[128.435,34.8347],[128.4458,34.8389],[128.4519,34.8455],[128.463,34.8686],[128.47,34.8858],[128.5014,35.0083],[128.4875,35.0475],[128.4833,35.0511],[128.4772,35.0539],[128.4655,35.0503],[128.4155,35.0322],[128.4105,35.0297],[128.4072,35.0244],[128.4052,35.0178],[128.3961,35.0108],[128.3911,35.0083],[128.3794,35.0047],[128.3725,35.0047],[128.3711,35.0094],[128.378,35.0361],[128.3861,35.0422],[128.5728,35.17],[128.6114,35.1733],[128.62,35.1486],[128.7105,35.1011],[128.735,35.0928],[128.8105,35.0842],[128.9191,35.0892],[128.925,35.0908],[128.9294,35.0942],[128.9739,35.1348],[128.9786,35.085],[129.1369,35.1122],[129.1747,35.1469],[129.2375,35.1899],[129.2416,35.2089],[129.2778,35.2958],[129.2811,35.3008],[129.3422,35.3425],[129.3475,35.345],[129.4394,35.4758],[129.4664,35.5372],[129.4694,35.5503],[129.4744,35.5803],[129.4753,35.5922],[129.4733,35.6028],[129.4648,35.6446],[129.4866,35.6833],[129.5839,35.9889],[129.5869,35.9996],[129.5883,36.0076],[129.5883,36.0193],[129.5853,36.0349],[129.5739,36.064],[129.5645,36.0766],[129.5573,36.0788],[129.5511,36.0771],[129.5281,36.051],[129.4903,36.0157],[129.4816,36.008],[129.4718,36],[129.463,35.9947],[129.4572,35.993],[129.45,35.993],[129.4255,35.9972],[129.419,36.0005],[129.3983,36.013],[129.3941,36.0166],[129.3889,36.0257],[129.3869,36.036],[129.3819,36.3086],[129.3819,36.3144],[129.3853,36.3275],[129.3905,36.3394],[129.4058,36.3572],[129.418,36.3697],[129.4352,36.3942],[129.438,36.4003],[129.4391,36.4064],[129.4505,36.5005],[129.4505,36.5064],[129.4411,36.5361],[129.4369,36.5458],[129.4272,36.5583],[129.423,36.5678],[129.42,36.5778],[129.4189,36.5831],[129.4169,36.6167],[129.4178,36.6228],[129.4222,36.6342],[129.4386,36.6603],[129.4425,36.6647],[129.4519,36.6714],[129.4622,36.6764],[129.4669,36.6797],[129.4697,36.6858],[129.4716,36.6925],[129.473,36.7103],[129.475,36.7689],[129.475,36.7744],[129.4686,36.7889],[129.4591,36.8072],[129.4539,36.8161],[129.4308,36.8689],[129.4278,36.8789],[129.4236,36.9],[129.4161,36.9422],[129.4139,37.0161],[129.4139,37.0217],[129.415,37.028],[129.4172,37.0347],[129.4239,37.045],[129.4286,37.0483],[129.4319,37.0533],[129.4336,37.0589],[129.4294,37.0683],[129.3763,37.135],[129.3658,37.1469],[129.3625,37.15],[129.3541,37.2283],[129.353,37.2336],[129.3425,37.2572],[129.2589,37.3714],[129.1897,37.4647],[129.1361,37.5256],[129.0664,37.6244],[129.06,37.6386],[129.063,37.6575],[129.063,37.6689],[129.05,37.6858],[129.0105,37.7244],[128.9986,37.7361],[128.8827,37.848],[128.8783,37.8519],[128.8633,37.8561],[128.858,37.8594],[128.6411,38.1172],[128.6378,38.1214],[128.6344,38.1255],[128.6258,38.1444],[128.5325,38.3306],[128.3892,38.5794],[128.3636,38.6252],[128.3214,38.5992],[128.3072,38.5889],[128.3036,38.5839],[128.3019,38.5783],[128.3055,38.5628],[128.3077,38.558],[128.3136,38.5319],[128.3136,38.5205],[128.3127,38.5142],[128.3077,38.4886],[128.3014,38.4683],[128.2933,38.4505],[128.2797,38.4303],[128.2696,38.4205],[128.1441,38.5346],[127.956,38.6941],[127.4046,39.0753],[127.2769,39.2217],[127.4408,39.6237],[127.5524,39.7642],[127.6715,39.8664],[127.9313,39.9562],[128.2362,39.9696],[128.4466,40.0659],[128.791,40.3543],[129.0148,40.5275],[129.177,40.6302],[129.4778,40.682],[129.5614,41.0727],[129.6311,41.2778],[129.5907,41.4699],[129.6413,41.6558],[129.8247,41.8614],[130.4351,42.2768],[130.3599,42.4535],[130.2259,42.6513],[129.9656,42.9574],[129.8543,42.9568],[129.7405,42.8985],[129.5682,42.7374],[129.4645,42.4166],[129.0345,42.1774],[128.7555,42.0606],[128.5136,42.0529],[128.31,42.0774],[128.1603,42.1342],[127.984,42.1076],[127.8608,41.9982],[127.8493,41.8445],[128.0781,41.5004],[128.0985,41.4494],[127.8615,41.3777],[127.4228,41.3562],[127.1943,41.4252],[126.9724,41.5391],[126.8493,41.7175],[126.6475,41.71],[126.4742,41.6515],[126.1655,41.1894],[125.8795,40.945],[125.415,40.6997],[124.7251,40.4277],[124.4911,40.2796],[124.3043,40.0807],[124.1339,39.8431]]],[[[126.5994,33.2333],[126.6222,33.24],[126.7253,33.2703],[126.7647,33.2828],[126.843,33.3083],[126.8475,33.3117],[126.9083,33.3792],[126.9158,33.3878],[126.9189,33.3928],[126.9367,33.4244],[126.9411,33.4539],[126.898,33.5233],[126.8908,33.5253],[126.8397,33.5364],[126.8358,33.5406],[126.8275,33.5478],[126.8214,33.5505],[126.813,33.5519],[126.7931,33.5508],[126.6958,33.54],[126.6336,33.5317],[126.378,33.4747],[126.3722,33.473],[126.3175,33.4528],[126.3125,33.4503],[126.2703,33.4228],[126.1836,33.3528],[126.1764,33.3442],[126.1583,33.3147],[126.1553,33.2894],[126.1578,33.2789],[126.1705,33.2625],[126.1861,33.2475],[126.2072,33.2294],[126.2269,33.2164],[126.2611,33.1939],[126.2664,33.1908],[126.2739,33.1903],[126.2858,33.193],[126.2905,33.1955],[126.2972,33.2053],[126.3011,33.2094],[126.3097,33.2164],[126.3147,33.2192],[126.3308,33.2255],[126.3406,33.2272],[126.4169,33.2356],[126.4247,33.2347],[126.4455,33.2294],[126.4761,33.2225],[126.4825,33.2214],[126.5086,33.2236],[126.5869,33.2314],[126.5994,33.2333]]],[[[126.7392,34.2786],[126.7655,34.2808],[126.7719,34.2819],[126.775,34.2869],[126.7708,34.2964],[126.7308,34.3639],[126.7139,34.3783],[126.7014,34.3869],[126.6941,34.3892],[126.6872,34.3889],[126.6689,34.385],[126.6639,34.3825],[126.6578,34.3755],[126.6547,34.3705],[126.6491,34.35],[126.6458,34.325],[126.648,34.3203],[126.6514,34.3161],[126.6955,34.2872],[126.7008,34.2842],[126.7314,34.2792],[126.7392,34.2786]]],[[[127.1605,34.4144],[127.2136,34.4189],[127.2194,34.4205],[127.2289,34.4267],[127.2328,34.4311],[127.2417,34.4472],[127.2441,34.4533],[127.2458,34.4658],[127.2436,34.4705],[127.2394,34.4742],[127.2227,34.4836],[127.213,34.4856],[127.1991,34.4853],[127.1317,34.4736],[127.1258,34.4717],[127.1142,34.4639],[127.1114,34.4603],[127.1158,34.4344],[127.1336,34.4203],[127.1458,34.415],[127.1605,34.4144]]],[[[127.7855,34.4739],[127.7908,34.4764],[127.7953,34.4797],[127.7983,34.485],[127.7983,34.4908],[127.7864,34.5194],[127.7763,34.5337],[127.7708,34.5383],[127.7644,34.5408],[127.7511,34.5419],[127.7414,34.5389],[127.7158,34.5308],[127.7119,34.5267],[127.713,34.5214],[127.7161,34.5172],[127.7583,34.4875],[127.7808,34.4747],[127.7855,34.4739]]],[[[126.1797,34.3511],[126.1867,34.3514],[126.1991,34.3533],[126.2564,34.3697],[126.2619,34.3714],[126.3425,34.4014],[126.3469,34.4047],[126.3678,34.4417],[126.3828,34.4719],[126.3836,34.4783],[126.3833,34.4839],[126.3811,34.4917],[126.3803,34.4947],[126.3769,34.4989],[126.335,34.54],[126.2983,34.5558],[126.2733,34.5658],[126.2533,34.5731],[126.2433,34.5733],[126.2389,34.57],[126.1019,34.425],[126.0997,34.4192],[126.0989,34.4128],[126.0992,34.4069],[126.1016,34.3967],[126.1061,34.3872],[126.1125,34.3789],[126.1436,34.3556],[126.1503,34.3544],[126.1719,34.3519],[126.1797,34.3511]]],[[[127.7997,34.5722],[127.8039,34.5756],[127.8066,34.5817],[127.8128,34.6219],[127.8122,34.6414],[127.7941,34.6614],[127.7681,34.6642],[127.7369,34.64],[127.733,34.6358],[127.7333,34.6186],[127.7344,34.6133],[127.7366,34.6086],[127.74,34.6044],[127.7483,34.5969],[127.7586,34.5908],[127.7867,34.5761],[127.7931,34.5733],[127.7997,34.5722]]],[[[125.9719,34.6472],[125.9914,34.6681],[126.0025,34.6811],[126.0061,34.6855],[126.0086,34.6914],[126.0064,34.6961],[126.0031,34.7003],[125.9938,34.7078],[125.9814,34.7169],[125.9561,34.7128],[125.9233,34.7],[125.9181,34.6975],[125.915,34.6922],[125.9144,34.6858],[125.9155,34.6808],[125.9178,34.6761],[125.9264,34.6689],[125.9636,34.6486],[125.9719,34.6472]]],[[[126.0005,34.79],[125.993,34.7919],[125.9855,34.7925],[125.9792,34.7917],[125.9736,34.7897],[125.9558,34.7758],[125.9508,34.773],[125.9444,34.7719],[125.9217,34.7739],[125.9153,34.7728],[125.9083,34.7728],[125.898,34.7672],[125.8939,34.7639],[125.8922,34.7511],[125.8889,34.7389],[125.8883,34.7325],[125.8905,34.728],[125.9044,34.7178],[125.9119,34.7169],[125.9322,34.7183],[125.9361,34.7228],[125.9391,34.728],[125.9383,34.7453],[125.9408,34.7511],[125.9453,34.7547],[125.9511,34.7567],[125.9669,34.7544],[125.9739,34.7519],[125.9803,34.7528],[125.9836,34.758],[125.9883,34.7606],[125.9958,34.7586],[126.0033,34.758],[126.0092,34.76],[126.0086,34.7642],[126.0053,34.7683],[126.0031,34.773],[126.0064,34.7853],[126.0039,34.79],[126.0008,34.7919],[126.0005,34.79]]],[[[128.0808,34.8278],[128.0858,34.8303],[128.0789,34.8697],[128.0758,34.8739],[128.0658,34.8785],[128.0358,34.908],[128.0314,34.9117],[128.0241,34.9139],[128.0172,34.9139],[128.0078,34.9078],[127.9769,34.8642],[127.9742,34.8583],[127.9733,34.8519],[127.9797,34.8436],[127.99,34.8372],[127.9972,34.8353],[128.0133,34.8328],[128.0808,34.8278]]],[[[126.0425,34.8539],[126.0636,34.8544],[126.0742,34.8592],[126.0786,34.8625],[126.0822,34.8669],[126.0897,34.885],[126.0911,34.8903],[126.0944,34.9097],[126.0766,34.9213],[126.0753,34.9231],[126.07,34.9261],[126.0628,34.9283],[126.0577,34.9256],[126.0022,34.8903],[125.9853,34.8683],[125.9836,34.865],[125.9869,34.8608],[125.993,34.8583],[126.0425,34.8539]]],[[[127.9622,34.7983],[127.9561,34.8008],[127.9164,34.8328],[127.9103,34.8419],[127.9091,34.8472],[127.9066,34.8692],[127.9097,34.8742],[127.9377,34.9019],[127.9361,34.9114],[127.9339,34.9161],[127.9308,34.9205],[127.9267,34.9242],[127.9214,34.9272],[127.9153,34.93],[127.8986,34.9331],[127.8858,34.9311],[127.88,34.9294],[127.8755,34.9261],[127.8678,34.9175],[127.8369,34.8797],[127.8269,34.8558],[127.8222,34.843],[127.8528,34.7389],[127.8572,34.7239],[127.8605,34.7197],[127.8803,34.7122],[127.8886,34.7105],[127.9772,34.6978],[127.985,34.6969],[128.0444,34.695],[128.0566,34.6975],[128.0608,34.7011],[128.0625,34.7064],[128.0755,34.8],[128.0733,34.8047],[128.0691,34.8083],[128.0555,34.8133],[128.0325,34.8178],[128.0019,34.8208],[127.9903,34.8172],[127.968,34.8],[127.9622,34.7983]]],[[[128.743,34.788],[128.7544,34.8769],[128.7544,34.8828],[128.7352,34.9333],[128.73,34.9422],[128.7282,34.943],[128.7111,34.9767],[128.6636,34.9603],[128.6411,34.9525],[128.5072,34.89],[128.5019,34.8875],[128.4944,34.8803],[128.4905,34.8689],[128.4886,34.8564],[128.4905,34.8458],[128.495,34.8364],[128.498,34.8322],[128.5211,34.8092],[128.5261,34.8058],[128.5358,34.8119],[128.5397,34.8161],[128.5522,34.8236],[128.5919,34.8367],[128.5977,34.835],[128.6008,34.8306],[128.6041,34.8092],[128.6011,34.7603],[128.5852,34.7039],[128.5883,34.6994],[128.5941,34.6978],[128.6125,34.7011],[128.6361,34.7072],[128.6419,34.7092],[128.68,34.7222],[128.6855,34.7242],[128.7419,34.7817],[128.743,34.788]]],[[[126.0997,35.0458],[126.1061,35.0469],[126.1155,35.053],[126.1444,35.0803],[126.1469,35.1325],[126.1497,35.1333],[126.1622,35.1433],[126.1558,35.1461],[126.1489,35.1458],[126.1372,35.1422],[126.1175,35.1305],[126.068,35.0986],[126.0639,35.095],[126.06,35.0908],[126.0583,35.0839],[126.0561,35.0594],[126.0594,35.0553],[126.093,35.0472],[126.0997,35.0458]]],[[[126.4211,36.3994],[126.4283,36.3997],[126.4319,36.4039],[126.4339,36.4108],[126.3786,36.5861],[126.3764,36.5908],[126.36,36.593],[126.3528,36.5928],[126.3469,36.5911],[126.3419,36.5883],[126.3344,36.5811],[126.3275,36.5717],[126.325,36.5655],[126.3253,36.5597],[126.3358,36.4386],[126.3383,36.4342],[126.3655,36.4105],[126.3753,36.4039],[126.3822,36.4028],[126.4211,36.3994]]],[[[126.1636,36.8242],[126.1694,36.8258],[126.1739,36.8294],[126.1724,36.8368],[126.1669,36.84],[126.1611,36.838],[126.158,36.8331],[126.1591,36.8278],[126.1636,36.8242]]],[[[130.8755,37.45],[130.8875,37.4533],[130.9208,37.4767],[130.9225,37.4819],[130.9221,37.5153],[130.9241,37.5192],[130.9194,37.5453],[130.9122,37.5455],[130.8447,37.5314],[130.8386,37.53],[130.8075,37.5183],[130.8058,37.5131],[130.8058,37.5072],[130.8116,37.4814],[130.8158,37.4719],[130.8188,37.4678],[130.8686,37.4508],[130.8755,37.45]]],[[[124.6519,37.9144],[124.6955,37.9161],[124.7014,37.9181],[124.7392,37.9461],[124.7436,37.9497],[124.7466,37.9547],[124.7455,37.96],[124.743,37.9647],[124.7317,37.9764],[124.7255,37.978],[124.7255,37.9817],[124.718,37.9836],[124.71,37.9842],[124.6889,37.9825],[124.6239,37.9742],[124.6153,37.9686],[124.6097,37.9572],[124.6133,37.9475],[124.633,37.9225],[124.6367,37.9183],[124.6433,37.9158],[124.6519,37.9144]]]]},"properties":{"NAME":"Korea","SUBJECTO":"Korea","PARTOF":"Korea","BORDERPRECISION":3,"LINK":null}},
{"type":"Feature","geometry":{"type":"Polygon","coordinates":[[[173.3038,61.5191],[165.2545,62.3092],[165.2857,62.2881],[165.0548,62.2595],[164.2772,62.2229],[164.0083,62.1309],[163.9259,61.955],[163.9423,61.7374],[163.5757,61.3305],[163.8314,61.2331],[163.7927,61.1282],[163.4448,60.8903],[163.3293,60.6949],[162.3811,60.4636],[161.8179,60.268],[161.7008,60.0735],[161.5352,59.9417],[160.8442,59.5542],[160.4519,59.3539],[159.6491,58.9537],[159.5863,58.8027],[159.3927,58.6104],[159.1043,58.4249],[158.3263,58.0268],[157.9617,57.8828],[157.5112,57.7455],[156.7769,57.5805],[156.8395,57.5057],[156.8777,57.3627],[156.8147,57.2606],[156.6943,57.1138],[161.9839,55.9628],[162.3176,56.2401],[162.5218,56.3487],[162.7219,56.3423],[162.5472,56.1053],[162.5546,56.0107],[162.7713,55.9166],[163.0091,55.9441],[163.166,56.1065],[163.1723,56.3838],[163.098,56.5597],[162.7443,56.5997],[162.6128,56.8029],[162.5124,57.0335],[162.5933,57.1695],[162.932,57.3742],[163.1278,57.5516],[163.0784,57.6265],[162.8257,57.701],[162.2037,57.6794],[161.9892,57.7199],[161.7999,57.8627],[161.8044,58.1017],[161.9384,58.2592],[162.22,58.4855],[162.6159,58.733],[162.9074,58.8913],[162.7534,58.9665],[162.8352,59.0559],[163.2545,59.2904],[163.0998,59.3589],[163.0429,59.462],[163.1064,59.5792],[163.3887,59.8141],[163.5163,59.8557],[163.7668,59.8838],[163.6497,59.792],[164.1105,60.0782],[164.3281,59.9607],[164.4419,59.7402],[164.5846,59.6647],[164.8816,59.7341],[164.933,59.9619],[165.1136,60.0314],[165.4154,60.1152],[165.78,60.3541],[165.9563,60.3105],[166.2034,60.3526],[165.945,59.7706],[166.0272,59.7087],[166.2685,59.8333],[166.8684,60.1734],[167.104,60.271],[167.6896,60.3554],[168.2109,60.4329],[168.6708,60.4546],[169.1541,60.4346],[169.4557,60.2963],[169.5316,60.1299],[169.6136,60.0122],[169.8775,59.8746],[170.0601,59.8818],[170.2731,60.0134],[170.2684,60.1451],[170.3368,60.2771],[170.5197,60.3399],[171.0724,60.4521],[171.2484,60.6542],[172.0001,60.8576],[172.1082,60.9833],[172.4924,61.2633],[172.9183,61.2781],[173.1263,61.3694],[173.3038,61.5191]]]},"properties":{"NAME":"Koryaks","SUBJECTO":"Koryaks","PARTOF":"Koryaks","BORDERPRECISION":1,"LINK":null}},
{"type":"Feature","geometry":{"type":"Polygon","coordinates":[[[161.9839,55.9628],[156.6943,57.1138],[156.5579,56.9475],[156.2358,56.7568],[155.703,56.3696],[155.6276,56.2679],[155.5057,55.6396],[155.4535,55.2758],[155.4652,54.9198],[155.5831,54.5521],[155.6302,54.4654],[155.6381,54.3184],[155.7075,54.065],[155.7108,53.8049],[155.9418,53.1931],[156.0381,52.7815],[156.1752,52.6093],[156.3332,52.2716],[156.3619,51.9142],[156.4747,51.6038],[156.5637,51.2344],[156.6964,50.9577],[156.8246,51.0041],[157.2095,51.229],[157.8978,51.666],[158.258,52.0171],[158.3895,52.2027],[158.4624,52.5871],[158.4317,52.7131],[158.4614,52.826],[158.7881,52.9594],[159.3198,53.1265],[159.5918,53.1336],[159.8969,53.2406],[159.9221,53.3005],[159.9048,53.4002],[159.6835,53.5794],[159.6332,53.7058],[159.6951,53.8592],[159.9311,54.0864],[160.0274,54.1533],[160.4043,54.3676],[160.6829,54.4483],[160.8376,54.4486],[161.1364,54.4091],[161.5666,54.4232],[161.8759,54.5641],[162.0082,54.7382],[161.9385,54.8451],[161.6474,54.9851],[161.5027,55.2874],[161.6094,55.5569],[161.8613,55.8609],[161.9839,55.9628]]]},"properties":{"NAME":"Itelmen","SUBJECTO":"Itelmen","PARTOF":"Itelmen","BORDERPRECISION":1,"LINK":null}},
{"type":"Feature","geometry":{"type":"Polygon","coordinates":[[[30.7354,69.7524],[30.3613,69.7668],[30.0558,69.7209],[29.7286,69.6976],[29.5559,69.8334],[29.08,69.9612],[29.0494,69.9772],[23.4222,69.5274],[23.4357,69.4769],[23.0302,69.3236],[27.3826,68.8737],[29.1081,68.8095],[30.7354,69.7524]]]},"properties":{"NAME":"Finnmark","SUBJECTO":"Denmark-Norway","PARTOF":"Finnmark","BORDERPRECISION":3,"LINK":null}},
{"type":"Feature","geometry":{"type":"Polygon","coordinates":[[[6.3814,51.8199],[6.7558,51.605],[6.4079,50.2569],[6.6471,49.9307],[7.0602,49.9525],[6.7993,49.1044],[6.4514,49.1262],[6.4514,49.3871],[6.1256,49.4052],[5.9093,49.2009],[5.9039,49.1958],[5.6116,49.2097],[5.723,48.9592],[5.876,49.0705],[6.0013,48.9035],[5.8343,48.7783],[6.0152,48.653],[5.9456,48.3469],[6.2379,48.2912],[6.2518,47.9572],[6.6414,47.985],[6.7945,47.8598],[6.6971,47.7624],[6.7806,47.6789],[6.6275,47.5119],[6.823,47.3782],[6.8808,47.4576],[6.9219,47.5141],[7.1229,47.511],[7.1209,47.4678],[7.3334,47.4647],[7.5066,47.6037],[7.6284,47.5635],[7.751,47.6161],[7.8727,47.5728],[8.128,47.6439],[8.2531,47.5944],[8.4123,47.6037],[8.332,47.6933],[8.6351,47.7786],[8.6586,47.715],[8.748,47.7212],[8.8154,47.681],[8.9835,47.6796],[8.9946,47.6844],[9.0064,47.6948],[8.9943,47.7067],[8.94,47.7262],[8.9592,47.7374],[9.014,47.7196],[8.9872,47.7434],[9.1009,47.7024],[9.109,47.6902],[9.0845,47.6897],[9.0482,47.7083],[9.0433,47.6935],[9.0814,47.6832],[9.1125,47.6857],[9.1181,47.6785],[9.1986,47.6779],[9.2161,47.671],[9.2115,47.6828],[9.188,47.6993],[9.2013,47.7074],[9.1798,47.7046],[9.1736,47.7344],[9.0669,47.7795],[9.0306,47.805],[9.043,47.8176],[9.1057,47.7924],[9.1324,47.7723],[9.2258,47.7393],[9.2372,47.7115],[9.2878,47.6838],[9.3476,47.6609],[9.4212,47.6659],[9.4661,47.648],[9.4882,47.6515],[9.5023,47.6464],[9.5339,47.5968],[9.5634,47.5847],[9.6009,47.5853],[9.6067,47.5725],[9.6282,47.5704],[9.6532,47.5562],[9.6802,47.5563],[9.6803,47.5427],[9.7124,47.5506],[9.7524,47.5108],[9.7428,47.5046],[9.6992,47.5063],[9.6781,47.4888],[9.6658,47.496],[9.6478,47.4881],[9.6413,47.5071],[9.5984,47.4873],[9.561,47.5005],[9.5393,47.4872],[9.5843,47.4091],[9.4646,47.2855],[9.5608,47.1559],[9.5208,47.0694],[9.8006,47.0417],[9.8042,46.9769],[10.0515,46.8677],[10.3118,47.017],[10.4086,46.9645],[10.3957,46.8874],[10.5583,46.7179],[10.5583,46.3129],[10.4571,46.2116],[10.5246,45.7391],[10.6596,45.8066],[10.7946,45.6378],[10.9296,45.8403],[11.1659,45.7391],[11.2334,46.0091],[11.3346,46.0091],[11.5709,45.9754],[11.5709,46.2454],[11.9084,46.4141],[11.7397,46.7517],[12.0748,46.9275],[12.2178,46.8843],[12.3284,46.9675],[12.4072,46.9641],[12.6977,46.9514],[13.2917,47.0638],[13.5164,46.9996],[13.5208,46.9886],[13.5807,46.8391],[13.7091,46.8391],[13.7251,46.6464],[13.6211,46.4209],[13.6063,46.1321],[13.5004,45.94],[13.3677,45.6945],[13.4377,45.6384],[13.5646,45.7265],[13.6732,45.7145],[14.0759,45.678],[14.2194,45.4771],[13.9898,45.4197],[14.0759,45.2762],[14.3545,45.3229],[14.5267,45.783],[14.7985,45.8645],[14.88,45.484],[15.4236,45.4297],[15.4698,45.7341],[16.1222,45.5819],[16.2091,45.7341],[16.0787,45.8863],[16.2091,46.1472],[16.4483,46.1037],[16.5353,46.3647],[17.5169,47.6415],[18.1865,48.056],[18.314,48.2792],[18.2232,48.9903],[18.2504,49.1805],[18.5222,49.5611],[18.9267,49.622],[18.8965,49.7127],[18.7963,49.7134],[18.7691,50.177],[18.7456,50.266],[18.646,50.6445],[18.1401,50.9877],[17.6398,51.4369],[17.5525,51.6549],[17.2909,51.7858],[17.2037,51.6113],[16.8548,51.6549],[16.8548,51.9166],[16.5059,52.1783],[16.5059,52.0038],[16.0951,52.1242],[15.8939,52.2102],[15.7645,52.2655],[15.7602,52.5707],[15.816,52.5707],[15.8439,52.7103],[16.0531,52.7164],[16.2038,53.3433],[16.4155,53.5249],[16.2038,53.7064],[16.6576,53.8577],[16.8089,53.4643],[16.8089,53.8577],[16.6878,54.0392],[16.9904,54.1905],[17.1114,54.13],[17.7468,54.4325],[17.6576,54.6855],[16.9759,54.5493],[16.4732,54.415],[16.1147,54.1996],[15.8984,54.1284],[15.3117,54.071],[15.2046,54.0394],[15.1202,53.2464],[13.2087,53.5345],[12.4289,54.243],[12.3119,54.2019],[12.0411,54.0967],[11.565,54.0354],[11.4078,53.8593],[11.2025,53.8568],[11.1514,53.9384],[10.9604,53.8984],[10.8935,53.8844],[10.8837,53.8824],[10.8589,53.8772],[10.7709,53.9309],[10.7167,53.9639],[11.0159,54.0967],[11.0414,54.1527],[11.073,54.2196],[11.0386,54.3133],[10.6486,54.259],[10.446,54.292],[10.3402,54.3623],[10.2129,54.3719],[10.1417,54.3368],[9.8848,54.2541],[9.8267,54.2759],[9.7394,54.2759],[9.674,54.1887],[9.4487,54.1887],[9.4414,54.2468],[9.296,54.2468],[9.2597,54.305],[9.2161,54.2904],[9.1652,54.3195],[9.1361,54.2977],[9.0562,54.3486],[8.9617,54.2759],[8.884,54.2294],[8.8533,54.1682],[8.7788,54.1324],[8.8327,54.066],[8.9463,54.015],[8.819,53.969],[8.9769,53.9048],[9.1805,53.8788],[9.0664,53.8536],[9.3347,53.5907],[8.8034,53.5416],[8.4363,53.6251],[8.4287,53.612],[8.5018,53.449],[8.3057,53.5254],[8.189,53.5305],[8.2608,53.4388],[8.2419,53.3523],[8.175,53.3217],[8.0291,53.3726],[8.0987,53.4439],[8.011,53.5657],[7.9685,53.6375],[7.875,53.6337],[7.8364,53.6321],[7.3324,53.6044],[7.1656,53.5917],[7.0373,53.5101],[6.9807,53.3167],[7.1897,53.2301],[7.1599,53.164],[7.228,52.9667],[7.0729,52.8043],[7.0348,52.6235],[6.7781,52.6399],[6.7268,52.5583],[6.7136,52.4757],[6.9119,52.4155],[6.9969,52.4429],[7.069,52.3663],[7.0682,52.2726],[7.0677,52.2186],[6.8822,52.1257],[6.8246,51.9564],[6.6804,51.8878],[6.3814,51.8199]]]},"properties":{"NAME":"Holy Roman Empire","SUBJECTO":"Holy Roman Empire","PARTOF":"Holy Roman Empire","BORDERPRECISION":3,"LINK":null}},
{"type":"Feature","geometry":{"type":"MultiPolygon","coordinates":[[[[29.0494,69.9772],[28.8171,70.0979],[28.7301,70.1359],[29.7349,70.1149],[30.2519,70.1311],[30.7988,70.308],[30.7542,70.4304],[30.462,70.5373],[30.0414,70.5441],[29.7412,70.605],[28.9843,70.8574],[28.7948,70.8648],[28.3889,70.5718],[28.2897,70.3722],[27.8754,70.4251],[28.0189,70.6095],[27.9853,70.717],[28.1364,70.8327],[28.3084,70.9486],[28.2112,71.0179],[27.9475,71.0174],[27.516,70.9703],[27.1311,70.5771],[26.9344,70.4693],[26.6174,70.392],[26.6191,70.7991],[26.6065,70.9146],[26.2627,70.7907],[25.574,70.3671],[25.263,70.1065],[25.0741,70.1444],[25.1224,70.4352],[25.2307,70.5582],[25.8321,70.8978],[25.389,70.9046],[24.849,70.8266],[24.5705,70.7414],[24.3596,70.6103],[24.2077,70.4719],[23.9549,70.5021],[23.8273,70.4788],[23.5084,70.2791],[23.2925,70.0113],[23.2036,69.9428],[22.7456,70.1706],[22.3064,70.2156],[22.1633,70.0931],[21.9081,69.804],[21.6086,69.9625],[21.412,70.0154],[21.1027,69.8177],[20.7339,69.7792],[20.5527,69.5219],[20.1965,69.3177],[20.2782,69.5818],[20.3583,69.7104],[20.2864,69.7859],[20.1577,69.7478],[19.8212,69.3697],[19.58,69.1811],[19.2892,69.2106],[19.1702,69.2555],[18.9848,69.3154],[18.5532,69.2469],[18.3191,69.3594],[18.0974,69.058],[18.0515,69.0279],[17.9281,69.0051],[17.8947,69.0351],[17.5659,68.9744],[17.4489,68.887],[17.4069,68.7715],[17.0397,68.6585],[16.8548,68.5578],[17.1264,68.4161],[17.0333,68.3376],[16.7191,68.3114],[16.5219,68.3409],[16.6485,68.0457],[16.4116,67.8742],[16.2327,67.9111],[16.0711,68.0447],[15.9197,68.049],[15.8542,67.9252],[15.5722,67.8207],[15.7618,67.6763],[15.7457,67.5973],[15.5799,67.5833],[15.3845,67.4644],[15.2267,67.5086],[14.9762,67.5229],[14.6991,67.3744],[14.5692,67.3293],[14.6165,67.2453],[14.7777,67.2165],[14.6393,67.1231],[14.3731,67.0931],[14.0547,66.9746],[13.8591,66.9594],[13.7472,66.9224],[13.9916,66.6875],[13.592,66.6573],[13.3832,66.679],[13.2421,66.5685],[13.1686,66.4583],[13.2554,66.3925],[13.4028,66.3488],[13.581,66.1881],[13.1519,66.1361],[13.1088,66.0337],[13.0874,65.8804],[12.7091,65.9089],[12.4792,65.617],[12.2841,65.4349],[12.4962,65.3845],[12.5265,65.109],[12.2222,65.1011],[12.1121,65.1299],[11.8956,64.9127],[11.6897,64.7757],[11.4699,64.6746],[11.4065,64.617],[11.5077,64.5167],[11.3641,64.416],[11.2135,64.4157],[10.9966,64.4942],[10.8906,64.4725],[10.7398,64.3862],[10.0662,64.0555],[9.8701,63.8764],[9.8321,63.6836],[9.4409,63.4975],[9.2161,63.2836],[9.1542,63.319],[8.9572,63.404],[8.6059,63.3251],[8.4723,63.1755],[8.258,63.0543],[8.2313,62.8414],[7.9892,62.9403],[7.6065,62.9041],[7.0882,62.9102],[6.9819,62.8461],[7.1016,62.7046],[7.5467,62.5993],[7.2893,62.4856],[6.9887,62.5416],[6.613,62.5833],[6.5325,62.3357],[6.3084,62.2858],[6.0535,62.3348],[5.8236,62.179],[5.5646,62.1503],[5.4697,62.0937],[5.4257,62.0093],[5.5282,61.9326],[5.7195,61.8795],[5.8339,61.8194],[5.7971,61.7699],[5.5924,61.7897],[5.416,61.7695],[5.149,61.7409],[5.1011,61.6986],[5.141,61.3896],[5.0183,61.3051],[5.1196,61.1371],[5.387,61.0256],[5.1085,60.9061],[4.9804,60.6892],[5.0755,60.5917],[5.2552,60.5641],[5.4558,60.5924],[5.5511,60.5089],[5.2618,60.3271],[5.0962,60.2641],[5.2791,60.1253],[5.5246,60.1675],[5.8941,60.1613],[5.8058,59.9493],[5.6317,59.8838],[5.5433,59.8243],[5.694,59.7529],[5.9105,59.7529],[6.1854,59.8243],[5.9699,59.7113],[5.6666,59.6756],[5.7411,59.628],[5.6462,59.5865],[5.4493,59.6578],[5.4186,59.5152],[5.3826,59.7113],[5.0866,59.5092],[5.1766,59.3074],[5.2826,59.2718],[5.3503,59.3905],[5.3438,59.2659],[5.5285,59.2659],[5.7171,59.3371],[5.6829,59.4142],[5.6805,59.5092],[5.7995,59.432],[5.8159,59.3134],[6.1134,59.527],[6.0763,59.4202],[5.8775,59.3134],[6.0203,59.254],[6.2375,59.2837],[6.0326,59.2007],[5.7719,59.0762],[5.8223,59.017],[5.9404,58.9341],[6.0505,58.9814],[6.2661,58.9933],[6.0412,58.9518],[5.9837,58.8867],[6.0936,58.798],[5.7937,58.9163],[5.6658,58.8216],[5.6275,58.9637],[5.4746,58.9755],[5.531,58.8808],[5.3997,58.7152],[5.6155,58.4552],[5.8738,58.4316],[6.2313,58.2782],[6.6517,58.172],[6.4791,58.0895],[6.6437,58.0424],[6.7257,58.1367],[6.8742,58.0778],[6.9586,57.9717],[7.9084,58.066],[8.0302,58.066],[8.1537,58.0895],[8.1752,58.172],[8.9217,58.5379],[9.1459,58.6561],[9.3716,58.7861],[9.3462,58.8453],[9.6976,58.9992],[9.9376,58.94],[10.1723,58.9874],[10.2111,59.0703],[10.3633,59.2125],[10.4296,59.26],[10.3786,59.3667],[10.4071,59.4973],[10.5697,59.5805],[10.6336,59.4499],[10.5493,59.3786],[10.6568,59.2244],[10.7689,59.1177],[10.8292,59.1058],[11.1121,59.1651],[11.1789,59.0703],[11.0392,58.9104],[11.1404,58.8512],[11.2214,58.3083],[11.4067,58.3313],[11.4311,58.2015],[11.6139,58.2473],[11.8019,58.1779],[11.7091,58.0247],[11.6098,57.8069],[11.6422,57.7792],[12.0953,58.1289],[11.6287,59.0123],[11.7089,59.1949],[11.6103,59.5686],[11.8379,59.6696],[11.8906,59.86],[12.077,59.8659],[12.4228,60.0388],[12.4359,60.2781],[12.548,60.4339],[12.431,60.6258],[12.174,60.9564],[12.5974,61.0286],[12.7917,61.3299],[12.658,61.4395],[12.3366,61.5231],[12.0746,61.6985],[12.2256,62.2257],[11.9327,62.554],[12.0896,63.046],[12.1242,63.3446],[12.2992,63.5662],[12.5771,63.7816],[12.8531,63.8973],[13.131,63.9487],[13.5505,63.9366],[13.8802,63.9526],[14.0784,64.0322],[14.155,64.1113],[14.0416,64.3757],[13.8702,64.4967],[13.7179,64.5533],[13.9404,64.7986],[14.1989,65.0232],[14.3714,65.2341],[14.5153,65.5034],[14.542,65.9404],[14.5967,66.0502],[15.0384,66.0598],[15.3474,66.2587],[15.9435,66.6724],[16.2205,66.8281],[16.3051,66.9832],[16.2283,67.2113],[16.206,67.3073],[16.8739,67.8366],[17.083,67.9119],[17.2087,67.9051],[17.6009,67.8626],[17.9136,67.8642],[18.057,67.9987],[18.0942,68.0881],[18.1041,68.3863],[18.1795,68.4688],[18.9587,68.2937],[19.3961,68.2288],[19.6972,68.1708],[19.8427,68.1641],[19.9651,68.2765],[20.039,68.4783],[20.1656,68.9581],[20.5549,68.9751],[20.7394,68.961],[20.7906,68.9323],[21.246,69.2275],[21.4058,69.2735],[21.6251,69.237],[22.0723,68.9613],[23.0302,69.3236],[23.4357,69.4769],[23.4222,69.5274],[29.0494,69.9772]]],[[[10.1417,54.3368],[10.0649,54.4339],[9.8648,54.4114],[9.978,54.4901],[9.9867,54.5924],[9.8644,54.7263],[9.6103,54.88],[9.496,54.9383],[9.421,54.9765],[9.5178,55.1287],[9.5166,55.2231],[9.5439,55.3513],[9.6302,55.4594],[9.7045,55.4835],[9.729,55.474],[9.768,55.467],[9.811,55.437],[9.887,55.342],[9.888,55.337],[9.897,55.286],[9.897,55.28],[10.006,55.193],[10.099,55.188],[10.108,55.186],[10.119,55.179],[10.15,55.137],[10.153,55.133],[10.154,55.127],[10.151,55.122],[10.135,55.117],[10.153,55.084],[10.498,55.029],[10.519,55.029],[10.529,55.029],[10.584,55.053],[10.599,55.058],[10.616,55.061],[10.627,55.061],[10.666,55.061],[10.726,55.062],[10.733,55.064],[10.74,55.067],[10.779,55.118],[10.783,55.122],[10.786,55.128],[10.812,55.186],[10.816,55.205],[10.834,55.29],[10.835,55.294],[10.828,55.307],[10.791,55.363],[10.745,55.482],[10.747,55.491],[10.744,55.497],[10.662,55.585],[10.658,55.59],[10.634,55.61],[10.627,55.617],[10.619,55.619],[10.614,55.619],[10.611,55.617],[10.603,55.607],[10.607,55.602],[10.613,55.592],[10.617,55.564],[10.614,55.519],[10.609,55.492],[10.606,55.486],[10.6,55.483],[10.479,55.438],[10.469,55.437],[10.437,55.438],[10.426,55.439],[10.42,55.442],[10.418,55.447],[10.416,55.453],[10.422,55.464],[10.428,55.468],[10.445,55.479],[10.452,55.482],[10.474,55.515],[10.485,55.532],[10.406,55.586],[10.399,55.589],[10.327,55.612],[10.31,55.617],[10.299,55.617],[10.29,55.615],[10.213,55.599],[10.178,55.584],[10.165,55.579],[10.149,55.574],[10.125,55.568],[10.074,55.557],[10,55.541],[9.936,55.515],[9.922,55.51],[9.905,55.506],[9.895,55.506],[9.883,55.506],[9.865,55.51],[9.856,55.512],[9.843,55.519],[9.838,55.522],[9.835,55.527],[9.835,55.54],[9.832,55.545],[9.824,55.547],[9.813,55.547],[9.749,55.54],[9.7383,55.5344],[9.6901,55.6049],[9.9757,55.6203],[10.0071,55.7304],[10.1471,55.7649],[10.2299,55.9509],[10.1752,56.0759],[10.2934,56.1371],[10.4425,56.1509],[10.4961,56.0336],[10.7507,56.0973],[10.8887,56.3687],[10.8258,56.4433],[10.3138,56.4695],[10.2297,56.6051],[10.2162,56.8498],[9.8346,56.8899],[9.3701,56.8823],[9.3221,56.7189],[9.3119,56.4811],[9.1359,56.4604],[9.0027,56.6572],[8.8686,56.6161],[8.6749,56.3577],[8.4522,56.4116],[8.3088,56.4792],[8.1834,56.4315],[8.1245,56.2075],[8.1166,56.0923],[8.317,55.8489],[8.32,55.7677],[8.1251,55.6358],[8.0346,55.4759],[8.214,55.3986],[8.319,55.4811],[8.4813,55.3492],[8.5596,55.3561],[8.6451,55.069],[8.6161,54.8874],[8.596,54.7614],[8.7421,54.6078],[8.9506,54.4186],[8.8524,54.3316],[8.5539,54.2754],[8.5807,54.1937],[8.884,54.2294],[8.9617,54.2759],[9.0562,54.3486],[9.1361,54.2977],[9.1652,54.3195],[9.2161,54.2904],[9.2597,54.305],[9.296,54.2468],[9.4414,54.2468],[9.4487,54.1887],[9.674,54.1887],[9.7394,54.2759],[9.8267,54.2759],[9.8848,54.2541],[10.1417,54.3368]]],[[[11.5677,55.8848],[11.2963,55.6746],[11.1019,55.6337],[11.2301,55.3368],[11.2854,55.1886],[11.5848,55.1622],[11.7672,55.176],[11.9073,55.0213],[11.9696,54.9542],[12.077,54.9947],[12.3014,55.1703],[12.4297,55.2447],[12.1584,55.3791],[12.3444,55.5077],[12.4091,55.5483],[12.4692,55.7106],[12.444,55.9677],[12.2377,55.9876],[12.088,55.967],[12.0526,55.7031],[11.9625,55.5813],[11.7281,55.6619],[11.5677,55.8848]]],[[[16.0632,56.3962],[15.427,56.7657],[14.485,56.6801],[14.1754,56.8128],[13.4324,56.5239],[13.2261,57.1017],[12.8959,56.9779],[12.7308,57.4319],[12.5244,57.3907],[12.318,57.6796],[11.8766,57.3252],[12.0051,57.3252],[12.2886,56.8799],[12.526,56.7804],[12.6575,56.6108],[12.7859,56.6167],[12.8716,56.5115],[12.8048,56.4012],[12.6154,56.4356],[12.6524,56.2955],[12.4144,56.243],[12.5134,56.1206],[12.699,55.9051],[12.9859,55.6666],[12.8593,55.5329],[12.8876,55.4516],[12.8019,55.4168],[12.8024,55.3529],[13.3019,55.3007],[13.8233,55.4218],[13.9011,55.4052],[14.1172,55.3471],[14.2864,55.5155],[14.126,55.6666],[14.2589,55.8993],[14.4918,56.018],[14.6052,55.9808],[14.6529,56.1206],[15.2208,56.0804],[15.497,56.1672],[15.6962,56.061],[15.7705,56.0332],[16.0314,56.3531],[16.0632,56.3962]]],[[[15.091,55.155],[15.074,55.16],[15.065,55.162],[14.997,55.187],[14.887,55.229],[14.839,55.251],[14.825,55.257],[14.82,55.261],[14.813,55.269],[14.806,55.276],[14.799,55.282],[14.77,55.306],[14.764,55.306],[14.76,55.304],[14.746,55.296],[14.744,55.292],[14.699,55.215],[14.678,55.102],[14.68,55.1],[14.729,55.073],[14.747,55.065],[14.882,55.029],[14.942,55.013],[15.043,54.995],[15.052,54.995],[15.061,54.996],[15.077,55.001],[15.103,55.021],[15.107,55.026],[15.148,55.082],[15.15,55.089],[15.149,55.129],[15.141,55.139],[15.134,55.144],[15.123,55.149],[15.091,55.155]]],[[[12.078,54.789],[12.089,54.794],[12.107,54.8],[12.12,54.806],[12.158,54.829],[12.167,54.834],[12.169,54.836],[12.169,54.839],[12.168,54.842],[12.137,54.869],[12.119,54.882],[12.111,54.887],[12.104,54.89],[12.096,54.892],[12.085,54.894],[12.079,54.894],[12.061,54.891],[12.038,54.892],[12.02,54.896],[11.997,54.904],[11.865,54.948],[11.851,54.955],[11.847,54.956],[11.767,54.962],[11.751,54.961],[11.742,54.959],[11.732,54.954],[11.713,54.942],[11.709,54.937],[11.752,54.859],[11.756,54.855],[11.782,54.849],[11.793,54.845],[11.802,54.839],[11.856,54.774],[11.899,54.719],[11.892,54.701],[11.878,54.688],[11.871,54.667],[11.872,54.651],[11.923,54.576],[11.929,54.573],[11.945,54.567],[11.964,54.562],[11.969,54.562],[11.979,54.567],[11.98,54.57],[11.979,54.576],[11.974,54.587],[11.968,54.609],[11.963,54.63],[11.96,54.648],[11.959,54.663],[11.961,54.676],[11.963,54.685],[11.97,54.699],[11.981,54.71],[12.055,54.775],[12.072,54.786],[12.078,54.789]]],[[[9.3024,57.1658],[8.9599,57.1322],[8.6613,57.1041],[8.534,57.1406],[8.3589,57.0227],[8.1835,56.7985],[8.3682,56.6669],[8.4709,56.5969],[8.5071,56.6473],[8.666,56.7005],[8.7781,56.7985],[8.847,56.9863],[8.9709,57.0003],[9.0785,57.0368],[9.1412,57.0087],[9.3338,57.0227],[9.503,56.9751],[10.2566,57.0059],[10.3333,57.1715],[10.4628,57.2417],[10.4507,57.458],[10.4012,57.5059],[10.5581,57.7451],[10.4795,57.7591],[10.3901,57.6606],[10.2895,57.6719],[9.8493,57.5818],[9.4487,57.2276],[9.3024,57.1658]]],[[[14.3166,79.7219],[14.2581,79.5336],[14.1589,79.3638],[13.3967,79.4337],[13.283,79.4871],[13.2522,79.8007],[12.7174,79.7817],[12.4577,79.7543],[12.0003,79.7714],[11.5165,79.7165],[11.2843,79.7071],[10.9194,79.5452],[11.3352,79.2071],[11.5452,79.172],[12.157,79.3154],[12.5248,79.0586],[11.7603,78.8802],[12.0746,78.6957],[12.4375,78.5909],[12.9101,78.4252],[13.0621,78.3468],[13.6184,78.2692],[13.8718,78.2959],[14.3528,78.4279],[14.819,78.7185],[15.0839,78.7807],[15.4803,78.6494],[16.617,78.4673],[15.9209,78.2649],[14.9534,78.1236],[14.3365,78.0268],[13.9051,77.9999],[14.131,77.7664],[14.8934,77.7852],[15.5981,77.8384],[16.418,77.9006],[16.7116,77.7886],[16.2868,77.6152],[15.4821,77.5533],[14.7779,77.5348],[14.4846,77.3709],[15.0989,77.1153],[15.9461,76.8868],[16.6629,76.7269],[16.913,76.7189],[17.267,76.8129],[17.2799,76.983],[17.4849,77.2481],[17.8294,77.4889],[18.3886,77.5416],[18.7868,77.9398],[19.1158,78.4545],[19.4291,78.5866],[20.3212,78.685],[20.9081,78.8094],[20.6842,78.9149],[19.9319,79.1082],[19.5049,79.1606],[19.1516,79.2309],[18.8465,79.3817],[18.5487,79.5597],[18.3505,79.5146],[18.016,79.3623],[17.769,79.4153],[17.7222,79.4866],[17.7982,79.6209],[17.8341,79.8095],[17.5706,79.8899],[16.9953,79.8978],[16.7766,79.9786],[16.3263,80.0251],[15.9166,79.8418],[15.935,79.7429],[16.082,79.5282],[16.2892,79.3679],[16.3888,79.2346],[16.1332,79.1364],[15.7741,79.2423],[15.2372,79.5892],[14.8101,79.8037],[14.5747,79.7853],[14.3166,79.7219]]],[[[11.834,54.661],[11.844,54.669],[11.856,54.683],[11.858,54.689],[11.862,54.743],[11.862,54.746],[11.849,54.766],[11.845,54.77],[11.735,54.855],[11.709,54.875],[11.657,54.904],[11.649,54.907],[11.644,54.906],[11.642,54.904],[11.642,54.901],[11.643,54.878],[11.564,54.822],[11.514,54.83],[11.409,54.862],[11.393,54.868],[11.361,54.884],[11.351,54.892],[11.347,54.896],[11.34,54.911],[11.336,54.916],[11.331,54.919],[11.288,54.943],[11.276,54.95],[11.24,54.957],[11.193,54.957],[11.164,54.957],[11.136,54.954],[11.119,54.951],[11.071,54.941],[11.058,54.935],[11.042,54.923],[11.032,54.915],[11.027,54.91],[11.014,54.896],[11.014,54.89],[11.025,54.814],[10.99,54.791],[10.991,54.787],[10.995,54.783],[11.02,54.763],[11.026,54.759],[11.032,54.756],[11.099,54.742],[11.126,54.74],[11.144,54.737],[11.191,54.726],[11.246,54.712],[11.262,54.707],[11.278,54.7],[11.315,54.676],[11.35,54.659],[11.377,54.647],[11.451,54.621],[11.456,54.619],[11.461,54.619],[11.466,54.62],[11.473,54.623],[11.522,54.642],[11.579,54.663],[11.588,54.664],[11.641,54.662],[11.694,54.656],[11.723,54.651],[11.736,54.645],[11.776,54.641],[11.785,54.64],[11.834,54.661]]]]},"properties":{"NAME":"Denmark-Norway","SUBJECTO":"Denmark-Norway","PARTOF":"Denmark-Norway","BORDERPRECISION":3,"LINK":null}},
{"type":"Feature","geometry":{"type":"MultiPolygon","coordinates":[[[[29.5179,58.0752],[28.1731,58.9862],[29.0407,59.2899],[29.5179,59.2465],[29.9952,59.4635],[31.3184,59.5936],[31.2975,59.9361],[31.2744,59.9376],[31.1764,59.9258],[31.1063,59.9277],[31.064,59.9432],[31.0428,59.951],[31.0632,59.9629],[31.1453,60.0055],[31.1429,60.0317],[31.106,60.0563],[31.0951,60.0837],[31.1149,60.1349],[31.109,60.1464],[31.0189,60.1929],[30.9568,60.2636],[30.8491,60.4426],[30.8321,60.4575],[30.8169,60.4588],[30.8033,60.4466],[30.776,60.4481],[30.7742,60.4921],[30.7586,60.5245],[30.7237,60.5618],[30.6633,60.5928],[30.5339,60.6301],[30.5239,60.6546],[30.504,60.7036],[30.5045,60.7316],[30.5254,60.7389],[30.5332,60.7655],[30.5279,60.8117],[30.5021,60.8432],[30.4559,60.86],[30.4412,60.8736],[30.4358,60.9027],[30.4087,60.928],[30.2927,61.0051],[30.1249,61.0874],[29.8572,61.188],[29.825,61.2156],[29.8367,61.2261],[29.8602,61.2393],[29.8646,61.251],[29.8551,61.2712],[29.8913,61.295],[29.9494,61.2894],[30.0291,61.2545],[30.0793,61.2426],[30.0941,61.2585],[30.0895,61.2706],[30.09,61.2993],[30.13,61.3126],[30.1739,61.3141],[30.193,61.3272],[30.196,61.3478],[30.1826,61.3611],[30.1793,61.3727],[30.2009,61.389],[30.21,61.418],[30.2169,61.4313],[30.2373,61.4463],[30.2521,61.4586],[30.2516,61.4727],[30.2349,61.4926],[30.2388,61.5148],[30.2852,61.5166],[30.4662,61.4872],[30.4807,61.49],[30.4863,61.5149],[30.5127,61.5252],[30.5508,61.5354],[30.6059,61.5413],[30.6167,61.5603],[30.5934,61.5795],[30.5943,61.6058],[30.7575,61.7334],[30.852,61.775],[30.8882,61.7648],[30.8959,61.7544],[30.9057,61.7422],[31.0259,61.7144],[31.0567,61.6892],[31.0711,61.6451],[31.0984,61.6204],[31.1606,61.6187],[31.1723,61.6298],[31.1943,61.6342],[31.1231,62.804],[30.5592,63.1077],[30.6025,65.1467],[30.993,65.7541],[30.6025,66.6651],[30.6606,67.5174],[29.0987,68.8041],[29.1081,68.8095],[27.3826,68.8737],[23.0302,69.3236],[22.0723,68.9613],[21.6251,69.237],[21.4058,69.2735],[21.246,69.2275],[20.7906,68.9323],[20.7394,68.961],[20.5549,68.9751],[20.1656,68.9581],[20.039,68.4783],[19.9651,68.2765],[19.8427,68.1641],[19.6972,68.1708],[19.3961,68.2288],[18.9587,68.2937],[18.1795,68.4688],[18.1041,68.3863],[18.0942,68.0881],[18.057,67.9987],[17.9136,67.8642],[17.6009,67.8626],[17.2087,67.9051],[17.083,67.9119],[16.8739,67.8366],[16.206,67.3073],[16.2283,67.2113],[16.3051,66.9832],[16.2205,66.8281],[15.9435,66.6724],[15.3474,66.2587],[15.0384,66.0598],[14.5967,66.0502],[14.542,65.9404],[14.5153,65.5034],[14.3714,65.2341],[14.1989,65.0232],[13.9404,64.7986],[13.7179,64.5533],[13.8702,64.4967],[14.0416,64.3757],[14.155,64.1113],[14.0784,64.0322],[13.8802,63.9526],[13.5505,63.9366],[13.131,63.9487],[12.8531,63.8973],[12.5771,63.7816],[12.2992,63.5662],[12.1242,63.3446],[12.0896,63.046],[11.9327,62.554],[12.2256,62.2257],[12.0746,61.6985],[12.3366,61.5231],[12.658,61.4395],[12.7917,61.3299],[12.5974,61.0286],[12.174,60.9564],[12.431,60.6258],[12.548,60.4339],[12.4359,60.2781],[12.4228,60.0388],[12.077,59.8659],[11.8906,59.86],[11.8379,59.6696],[11.6103,59.5686],[11.7089,59.1949],[11.6287,59.0123],[12.0953,58.1289],[11.6422,57.7792],[11.7661,57.6727],[11.8811,57.509],[11.8766,57.3252],[12.318,57.6796],[12.5244,57.3907],[12.7308,57.4319],[12.8959,56.9779],[13.2261,57.1017],[13.4324,56.5239],[14.1754,56.8128],[14.485,56.6801],[15.427,56.7657],[16.0632,56.3962],[16.3762,56.8224],[16.3945,57.0743],[16.4942,57.2789],[16.6587,57.443],[16.5505,57.5452],[16.6072,57.6658],[16.4765,57.7021],[16.4595,57.8952],[16.5978,57.8665],[16.7246,57.8893],[16.7735,58.0379],[16.744,58.312],[16.5132,58.4281],[16.4429,58.6344],[17.0807,58.6499],[17.083,58.7481],[17.2454,58.7171],[17.3567,58.743],[17.5822,58.893],[17.6232,59.1001],[17.7391,59.1104],[17.7452,58.9861],[17.7264,58.9137],[17.7665,58.8723],[17.9401,58.9085],[18.0157,59.0379],[18.372,59.1571],[18.2734,59.2867],[18.5982,59.297],[18.6113,59.3333],[18.5155,59.4008],[18.4414,59.4008],[18.4296,59.3333],[18.3282,59.3697],[18.1114,59.323],[17.9781,59.3281],[17.9761,59.327],[17.8617,59.24],[17.6117,59.2681],[17.5839,59.2678],[17.5749,59.2141],[17.3581,59.2452],[17.3246,59.2791],[17.3046,59.2722],[17.1932,59.3442],[16.9998,59.3593],[16.8487,59.4401],[16.7423,59.4306],[16.6104,59.4535],[16.4563,59.4516],[16.4076,59.4475],[16.4106,59.451],[16.1443,59.4478],[16.0442,59.4785],[16.2518,59.4932],[16.4687,59.5189],[16.5232,59.5825],[16.5377,59.5788],[16.5738,59.6117],[16.6469,59.5593],[16.7427,59.5448],[16.7855,59.5773],[16.8143,59.5742],[16.841,59.5875],[16.9424,59.5602],[16.9948,59.5544],[17.0627,59.5692],[17.3721,59.4958],[17.3905,59.5845],[17.5345,59.5394],[17.6873,59.5416],[17.6716,59.5948],[17.7601,59.6205],[17.7859,59.598],[17.8086,59.5532],[17.7729,59.4141],[17.8293,59.379],[17.9532,59.361],[18.0301,59.3593],[18.2514,59.4319],[18.6393,59.5669],[18.8679,59.7124],[19.0436,59.7124],[19.0373,59.8632],[18.8931,59.9257],[18.8041,60.1084],[18.4169,60.1816],[18.2244,60.323],[17.9307,60.5903],[17.7065,60.5536],[17.605,60.6375],[17.1885,60.6743],[17.3176,60.7531],[17.1462,60.9528],[17.1502,61.1977],[17.0652,61.5384],[17.1626,61.6299],[17.387,61.6584],[17.4968,62.0881],[17.3874,62.2008],[17.2902,62.4407],[17.7181,62.3567],[17.9363,62.548],[17.8682,62.7886],[17.9674,62.7746],[18.3032,62.7894],[18.3889,62.8534],[18.4866,62.9812],[18.785,63.138],[19.0759,63.2025],[19.3182,63.4448],[19.465,63.4807],[19.6703,63.3885],[19.9849,63.5173],[20.7007,63.8181],[20.8665,64.0256],[21.0489,64.2192],[21.3858,64.3846],[21.237,64.5205],[21.0643,64.592],[20.9212,64.7138],[21.3294,64.8944],[21.4894,65.0172],[21.4237,65.1039],[21.2773,65.2123],[21.5223,65.3723],[21.8187,65.3801],[21.9575,65.4457],[22.2016,65.7153],[22.4898,65.8834],[22.6456,65.9348],[22.7982,65.8548],[23.204,65.6808],[23.4057,65.7248],[23.8441,65.7985],[23.9477,65.7967],[24.2148,65.7859],[24.5911,65.5828],[25.1036,65.5401],[25.2515,65.4169],[25.1861,65.2427],[25.1326,65.0759],[25.2934,65.0039],[25.3519,64.9391],[25.3251,64.8024],[24.9319,64.816],[24.4701,64.6355],[24.094,64.3766],[23.5803,64.0821],[22.8255,63.5809],[22.7042,63.5806],[22.569,63.723],[22.4758,63.6016],[22.4288,63.395],[22.2924,63.2027],[22.075,63.1028],[21.9513,63.131],[21.6665,63.1873],[21.4947,63.123],[21.546,62.9741],[21.4813,62.8888],[21.1948,62.7607],[21.0618,62.6117],[21.0337,62.4773],[21.2001,62.4352],[21.3376,62.3436],[21.3464,62.1671],[21.2112,61.8709],[21.4052,61.7024],[21.561,61.4849],[21.5208,61.3796],[21.4983,61.1833],[21.4273,61.0151],[21.4432,60.6936],[21.5602,60.5125],[21.7468,60.4083],[21.931,60.3808],[22.2207,60.2588],[22.4215,60.2932],[22.3921,60.1212],[22.6246,60.2011],[23.0052,60.2088],[22.882,60.0556],[22.9821,59.9325],[23.2014,59.8185],[23.4189,59.8298],[23.6647,59.8356],[23.9611,59.9325],[23.9789,59.8811],[24.2814,59.9381],[24.4211,59.8698],[24.516,59.9895],[24.743,60.0382],[24.9695,60.0868],[24.993,60.0296],[25.1458,60.1097],[25.4499,60.1384],[25.5805,60.2623],[25.8455,60.1155],[25.8901,60.2358],[26.0377,60.2493],[26.3227,60.2702],[26.4428,60.3333],[26.5516,60.5707],[26.5259,60.3965],[26.6131,60.3478],[26.9223,60.3161],[26.9456,60.3763],[27.1785,60.4424],[27.4062,60.3448],[27.4736,60.4261],[28.0114,60.5107],[28.4318,60.6035],[28.5215,60.6233],[28.5512,60.5326],[28.4352,60.3373],[28.5694,60.1984],[28.6916,60.15],[28.969,60.1088],[29.5107,60.1446],[29.6873,60.131],[29.9529,59.9856],[30.1266,59.806],[29.9632,59.7366],[29.7655,59.7362],[29.4136,59.86],[29.0761,59.9078],[28.9363,59.8246],[28.7959,59.6722],[28.6627,59.6443],[28.4444,59.7337],[28.3091,59.6644],[28.351,59.6021],[28.2663,59.5622],[28.1631,59.5907],[28.0942,59.6647],[27.9417,59.6476],[27.8967,59.5338],[27.9734,59.5167],[28.0131,59.4582],[28.0159,59.4542],[27.8936,59.3461],[27.702,59.2975],[27.2651,59.338],[26.999,59.3177],[26.8619,59.3717],[26.3433,59.4466],[25.7211,59.4598],[25.49,59.42],[25.4488,59.494],[25.2483,59.3618],[24.7512,59.4485],[24.7138,59.3518],[24.5709,59.3743],[24.5376,59.3234],[24.3416,59.3689],[24.2819,59.2841],[24.0296,59.2354],[24.0321,59.1757],[23.5702,59.1381],[23.4158,59.119],[23.457,59.0055],[23.3379,58.9724],[23.432,58.8581],[23.3608,58.7674],[23.5119,58.5809],[23.6905,58.6655],[23.6709,58.2414],[23.9081,58.2244],[24.0584,58.1115],[24.3311,58.3079],[24.4968,58.2132],[24.4144,58.1059],[24.4156,57.9479],[24.3456,57.8622],[24.3254,57.8375],[24.2362,57.7282],[24.3229,57.3369],[24.3465,57.1597],[24.2663,57.0301],[24.1584,56.9755],[23.7739,56.8676],[23.7678,56.8659],[23.4145,56.8924],[23.2154,56.9807],[23.2109,56.9883],[23.1183,56.8247],[24.3798,56.7194],[25.4342,56.5883],[25.7901,56.5832],[25.856,56.5569],[28.0907,56.7484],[29.5179,58.0752]],[[13.8003,59.3371],[13.8301,59.3409],[13.8674,59.3346],[13.9043,59.3277],[13.9333,59.3305],[13.9617,59.334],[13.9971,59.3291],[14.028,59.3201],[14.0455,59.3136],[14.0518,59.3048],[14.0557,59.29],[14.0543,59.2678],[14.0475,59.2412],[14.0273,59.2043],[13.9938,59.1572],[13.9463,59.1129],[13.9306,59.0898],[13.9454,59.0674],[13.9734,59.0658],[14.005,59.0682],[14.0384,59.0827],[14.0658,59.0972],[14.083,59.0999],[14.0895,59.0916],[14.0908,59.0794],[14.083,59.0643],[14.0717,59.0283],[14.0563,59.0169],[14.0499,59.0122],[14.0387,59.0044],[14.0121,59.0037],[13.9926,58.9864],[13.9952,58.9448],[13.9872,58.8981],[13.9752,58.8654],[13.9541,58.8437],[13.9241,58.8234],[13.8901,58.8005],[13.8593,58.7722],[13.8299,58.7443],[13.7995,58.7224],[13.7373,58.7039],[13.6311,58.6841],[13.5173,58.6633],[13.4366,58.642],[13.3581,58.6171],[13.3003,58.5614],[13.2402,58.5148],[13.1946,58.511],[13.1722,58.5119],[13.1476,58.5214],[13.1365,58.5413],[13.1494,58.5585],[13.1489,58.5734],[13.1482,58.5972],[13.1151,58.6083],[13.0406,58.6043],[12.9521,58.5716],[12.9128,58.5458],[12.8687,58.5038],[12.7983,58.4857],[12.7275,58.4521],[12.6792,58.4205],[12.6497,58.3969],[12.6243,58.3823],[12.602,58.376],[12.5796,58.3721],[12.5619,58.3732],[12.5506,58.3789],[12.5543,58.3944],[12.5727,58.4192],[12.5711,58.4322],[12.5543,58.4298],[12.507,58.3969],[12.375,58.3829],[12.3347,58.3738],[12.3133,58.3953],[12.3293,58.4339],[12.4877,58.5132],[12.6069,58.6171],[12.6113,58.6413],[12.5628,58.6502],[12.5252,58.6612],[12.5037,58.6946],[12.5009,58.7275],[12.4997,58.7645],[12.4713,58.7828],[12.4476,58.7828],[12.4255,58.8015],[12.4321,58.8125],[12.459,58.8174],[12.4738,58.8397],[12.4718,58.8769],[12.464,58.9207],[12.4686,58.9349],[12.4819,58.9306],[12.4973,58.92],[12.5103,58.9012],[12.5199,58.8674],[12.5264,58.8456],[12.5353,58.8321],[12.5571,58.8189],[12.5758,58.8257],[12.5997,58.8456],[12.6184,58.8869],[12.6469,58.9315],[12.6758,58.9867],[12.7084,59.0355],[12.7459,59.0648],[12.7841,59.0762],[12.8184,59.082],[12.8686,59.0727],[12.9453,59.0477],[13.0406,59.0143],[13.0617,58.9773],[13.0881,58.9466],[13.1221,58.9208],[13.1598,58.9051],[13.1951,58.8986],[13.2357,58.9051],[13.2436,58.9305],[13.2211,58.9927],[13.1773,59.0969],[13.1231,59.1975],[13.1033,59.2546],[13.103,59.274],[13.1081,59.2838],[13.1182,59.2955],[13.1301,59.319],[13.1427,59.3423],[13.1549,59.3529],[13.1731,59.3475],[13.1914,59.3246],[13.2179,59.3105],[13.2457,59.3103],[13.2517,59.315],[13.251,59.3245],[13.2489,59.3357],[13.2512,59.345],[13.2611,59.3518],[13.2775,59.3573],[13.3157,59.3612],[13.3782,59.3641],[13.4611,59.37],[13.5483,59.3813],[13.6283,59.3899],[13.6797,59.3897],[13.7197,59.378],[13.7385,59.3595],[13.7439,59.3415],[13.752,59.3312],[13.766,59.3309],[13.8003,59.3371]],[[29.9262,62.4336],[29.835,62.3887],[29.8019,62.3618],[29.7926,62.3348],[29.7685,62.313],[29.6876,62.3159],[29.6406,62.3099],[29.6202,62.2943],[29.599,62.2698],[29.6479,62.2234],[29.7274,62.1993],[29.7907,62.1995],[29.8737,62.1851],[29.9604,62.1638],[29.9815,62.1328],[29.9111,62.1152],[29.7083,62.1511],[29.6876,62.138],[29.6066,62.1448],[29.5178,62.1231],[29.4921,62.0889],[29.4697,62.08],[29.4922,62.0458],[29.5524,62.0028],[29.6148,61.9831],[29.6381,62.0045],[29.6854,62.0037],[29.7565,61.9495],[29.7754,61.9064],[29.777,61.8894],[29.7326,61.8741],[29.7271,61.8479],[29.6943,61.8343],[29.6601,61.8261],[29.6099,61.8021],[29.5311,61.7782],[29.4768,61.7421],[29.4262,61.7344],[29.2899,61.6487],[29.2657,61.6148],[29.1151,61.6002],[29.0984,61.5784],[28.941,61.6258],[28.7302,61.6712],[28.6291,61.6416],[28.6084,61.6174],[28.7604,61.6099],[28.7896,61.5899],[28.7225,61.5807],[28.6799,61.5581],[28.6795,61.5244],[28.6929,61.4839],[28.6455,61.4762],[28.5822,61.473],[28.568,61.4412],[28.4637,61.3993],[28.4063,61.37],[28.3451,61.3494],[28.3596,61.3313],[28.477,61.3321],[28.6408,61.3516],[28.6626,61.3678],[28.7142,61.3518],[28.8204,61.2973],[28.867,61.2473],[28.7879,61.2042],[28.61,61.1616],[28.3588,61.0934],[28.2916,61.08],[27.9875,61.0797],[27.9468,61.0677],[27.9187,61.0803],[27.8919,61.1141],[27.8816,61.1572],[27.9655,61.188],[28.0824,61.1785],[28.1724,61.1529],[28.1974,61.1634],[28.1737,61.1881],[28.0725,61.2332],[27.8619,61.2523],[27.6775,61.2323],[27.6253,61.2139],[27.5193,61.2296],[27.4063,61.2595],[27.4324,61.2701],[27.4354,61.2955],[27.368,61.326],[27.3028,61.3294],[27.2703,61.3243],[27.2646,61.3787],[27.3006,61.4333],[27.2737,61.4681],[27.2978,61.4836],[27.2961,61.557],[27.2763,61.6529],[27.3292,61.6926],[27.3274,61.6318],[27.3392,61.5967],[27.359,61.5306],[27.4592,61.5235],[27.4764,61.5388],[27.4725,61.5499],[27.4709,61.5994],[27.488,61.6182],[27.4987,61.6],[27.515,61.5771],[27.5932,61.5813],[27.6646,61.6068],[27.6781,61.6364],[27.7575,61.6563],[27.773,61.6853],[27.7051,61.7307],[27.6226,61.7642],[27.6048,61.7808],[27.6264,61.801],[27.8163,61.7279],[27.8658,61.6964],[27.9178,61.657],[27.921,61.6269],[27.946,61.6014],[27.9996,61.5493],[28.0538,61.5105],[28.1039,61.5224],[28.1289,61.549],[28.1473,61.5507],[28.1846,61.5439],[28.2344,61.6213],[28.2479,61.7156],[28.2617,61.7445],[28.3056,61.7555],[28.3394,61.7493],[28.3688,61.7508],[28.4421,61.7679],[28.5391,61.8409],[28.6722,61.8256],[28.8067,61.8278],[28.8397,61.8463],[28.8384,61.8635],[28.7371,61.891],[28.697,61.9207],[28.5792,61.9928],[28.4269,62.0524],[28.4028,62.0691],[28.2967,62.0968],[28.1682,62.0961],[28.0862,62.1004],[28.0319,62.1083],[27.9257,62.1333],[27.8992,62.1572],[27.9024,62.2445],[27.8849,62.3061],[27.8766,62.3292],[27.8521,62.354],[27.844,62.3756],[27.7996,62.4294],[27.7554,62.4286],[27.6789,62.412],[27.5969,62.4178],[27.547,62.412],[27.4895,62.4431],[27.4591,62.4794],[27.4194,62.4961],[27.3666,62.4823],[27.2972,62.4768],[27.2358,62.5072],[27.1777,62.5534],[27.1589,62.5773],[27.1911,62.5718],[27.2954,62.518],[27.3395,62.5191],[27.3521,62.5436],[27.3728,62.5624],[27.398,62.5757],[27.6,62.4941],[27.6467,62.4984],[27.6699,62.5128],[27.669,62.5285],[27.608,62.6008],[27.6186,62.7098],[27.6483,62.735],[27.6662,62.7595],[27.6495,62.816],[27.6668,62.8738],[27.6838,62.9116],[27.652,62.9247],[27.6215,62.916],[27.5875,62.8997],[27.5637,62.8773],[27.5599,62.8507],[27.4941,62.8631],[27.4146,62.9016],[27.3912,62.9405],[27.3301,63.0013],[27.1761,63.0836],[27.1948,63.0993],[27.2068,63.1216],[27.1932,63.1694],[27.1966,63.2292],[27.1932,63.2893],[27.2135,63.3091],[27.2465,63.3084],[27.2393,63.332],[27.1902,63.3875],[27.1748,63.4385],[27.1348,63.4961],[27.068,63.5232],[27.0382,63.5166],[27.0203,63.501],[26.9589,63.5243],[26.8994,63.566],[26.8986,63.584],[27.1128,63.5463],[27.183,63.5179],[27.2338,63.4565],[27.2344,63.4271],[27.2105,63.4167],[27.2502,63.3762],[27.297,63.3557],[27.3382,63.346],[27.3628,63.3158],[27.347,63.2794],[27.3373,63.2133],[27.2639,63.1457],[27.3585,63.0679],[27.4396,63.0234],[27.5588,63.0012],[27.6053,63.0146],[27.6766,62.9794],[27.7228,62.9543],[27.7697,62.9456],[27.774,62.9957],[27.736,63.0585],[27.7674,63.0999],[27.8098,63.0923],[27.8484,63.0707],[27.8511,63.0321],[27.8882,63.0189],[28.0056,63.0403],[28.1064,63.0089],[28.2792,63.0314],[28.352,63.0397],[28.3497,63.0258],[28.3084,63.0029],[28.2623,62.9836],[28.1922,62.9635],[28.1545,62.933],[28.1868,62.8574],[28.1439,62.8252],[28.1494,62.8037],[28.1807,62.7718],[28.2113,62.73],[28.2389,62.706],[28.2683,62.6892],[28.2644,62.6628],[28.6531,62.5272],[28.799,62.4558],[28.898,62.3903],[28.8098,62.3817],[28.6593,62.42],[28.5289,62.4741],[28.4965,62.5014],[28.5651,62.4986],[28.5554,62.5226],[28.4817,62.5552],[28.4242,62.5753],[28.3671,62.5871],[28.34,62.5771],[28.2743,62.5652],[28.2114,62.5078],[28.1909,62.4476],[28.1693,62.4337],[28.1026,62.4419],[28.1057,62.476],[28.1384,62.5381],[28.0567,62.6904],[27.9794,62.7321],[27.8493,62.7194],[27.7656,62.6795],[27.7551,62.6524],[27.8015,62.6274],[27.7581,62.5832],[27.8458,62.5236],[27.9154,62.4303],[28.0396,62.4089],[28.042,62.3789],[27.9911,62.3374],[27.9626,62.2979],[27.97,62.2589],[28.0673,62.2438],[28.1439,62.2525],[28.2765,62.2562],[28.2771,62.2761],[28.3237,62.2873],[28.3579,62.2697],[28.4063,62.237],[28.506,62.2199],[28.5658,62.2216],[28.6085,62.2789],[28.6299,62.2943],[28.6703,62.3059],[28.699,62.3285],[28.6676,62.368],[28.6658,62.387],[28.6926,62.3833],[28.765,62.3484],[28.8351,62.2675],[28.8704,62.235],[28.8522,62.2124],[28.8373,62.1854],[28.7863,62.1772],[28.8258,62.1341],[28.9758,62.1424],[29.1394,62.1692],[29.1979,62.1771],[29.3305,62.1658],[29.3453,62.1859],[29.3527,62.2186],[29.319,62.2424],[29.2984,62.2748],[29.2984,62.3127],[29.278,62.3489],[29.2646,62.3936],[29.2967,62.4263],[29.3,62.4758],[29.2613,62.5508],[29.2792,62.5987],[29.3346,62.6003],[29.3518,62.5706],[29.3639,62.5304],[29.4216,62.5226],[29.5089,62.467],[29.6265,62.4185],[29.6503,62.4274],[29.6117,62.4618],[29.5889,62.5003],[29.5929,62.5268],[29.6163,62.5594],[29.6327,62.5972],[29.6973,62.6093],[29.7757,62.5773],[29.825,62.5181],[29.8854,62.4627],[29.9262,62.4336]],[[26.5897,62.9009],[26.6802,62.846],[26.7302,62.8359],[26.7434,62.8656],[26.7133,62.929],[26.7291,62.9571],[26.7615,62.959],[26.765,62.9796],[26.9167,63.0066],[26.9965,63.0308],[27.0335,63.0194],[26.9779,62.9984],[26.9313,62.9408],[26.9477,62.9156],[26.9299,62.9127],[26.8941,62.9168],[26.8887,62.8946],[26.9272,62.8587],[26.9499,62.8517],[26.9863,62.8577],[27.0923,62.8425],[27.0843,62.833],[27.018,62.8319],[27.0184,62.8001],[26.9571,62.7942],[26.8801,62.7959],[26.9158,62.7444],[26.9826,62.6864],[26.9521,62.6524],[26.9987,62.6134],[26.9837,62.6032],[26.8957,62.624],[26.8526,62.6056],[26.8187,62.5638],[26.8253,62.5264],[26.851,62.4974],[26.8863,62.4954],[26.9301,62.4819],[26.909,62.4563],[26.7783,62.4789],[26.7355,62.4944],[26.7242,62.5534],[26.6902,62.5955],[26.6623,62.5828],[26.6652,62.5509],[26.6294,62.4791],[26.5805,62.4121],[26.5001,62.3915],[26.426,62.3659],[26.4316,62.3292],[26.4199,62.3177],[26.3794,62.3459],[26.3843,62.3809],[26.407,62.4183],[26.4654,62.427],[26.5076,62.4245],[26.5103,62.4528],[26.5577,62.49],[26.5265,62.5389],[26.3828,62.5665],[26.2734,62.551],[26.2388,62.522],[26.2381,62.4813],[26.2543,62.4375],[26.2881,62.4066],[26.3123,62.3676],[26.277,62.3399],[26.1727,62.3583],[26.1277,62.329],[26.1282,62.2798],[26.0895,62.295],[26.0496,62.3476],[25.9921,62.3725],[25.956,62.3555],[25.9785,62.3111],[26.0023,62.2769],[25.9742,62.2536],[25.9459,62.2101],[25.9512,62.1446],[25.9227,62.1489],[25.8982,62.1995],[25.8763,62.2056],[25.8265,62.1482],[25.821,62.0721],[25.8783,62.021],[25.8579,62.0014],[25.7897,61.9923],[25.7742,61.9666],[25.7033,61.9642],[25.6408,61.9502],[25.6324,61.9162],[25.6515,61.9032],[25.701,61.8852],[25.682,61.8689],[25.6151,61.8416],[25.5883,61.793],[25.6217,61.7735],[25.6829,61.8018],[25.7215,61.8127],[25.723,61.7785],[25.6804,61.7119],[25.682,61.6379],[25.7057,61.601],[25.63,61.6021],[25.5857,61.5911],[25.5826,61.5406],[25.5732,61.4944],[25.6409,61.4668],[25.6066,61.4421],[25.5432,61.4229],[25.557,61.3925],[25.5473,61.335],[25.5803,61.3078],[25.7593,61.2785],[25.9774,61.255],[26.0125,61.2349],[26.0271,61.2119],[26.0815,61.1955],[26.1182,61.2105],[26.1057,61.2456],[26.1625,61.3104],[26.2751,61.3741],[26.2784,61.3603],[26.2379,61.3167],[26.255,61.2845],[26.2569,61.2473],[26.2337,61.242],[26.2119,61.2634],[26.1726,61.2711],[26.1479,61.2562],[26.1754,61.2181],[26.197,61.1751],[26.1843,61.1478],[26.2411,61.1017],[26.2162,61.0808],[26.1784,61.0592],[26.1753,61.0409],[26.1501,61.003],[26.0951,60.9638],[26.0253,60.9614],[26.0707,61.0039],[26.1018,61.1013],[26.0262,61.1697],[25.9608,61.1902],[25.9125,61.1835],[25.871,61.1684],[25.7875,61.2151],[25.6703,61.2727],[25.6215,61.2628],[25.6453,61.235],[25.6566,61.2059],[25.5826,61.1665],[25.5314,61.1149],[25.5639,61.0795],[25.6032,61.0548],[25.5918,61.0239],[25.5487,61.0266],[25.5182,61.0617],[25.4801,61.0877],[25.454,61.0728],[25.4054,61.0584],[25.3556,61.0756],[25.3975,61.1159],[25.459,61.1563],[25.4995,61.2289],[25.4654,61.2804],[25.4418,61.2725],[25.4308,61.25],[25.406,61.2506],[25.3936,61.2839],[25.3556,61.3146],[25.3025,61.3337],[25.2705,61.3522],[25.2546,61.3662],[25.2629,61.3882],[25.1938,61.4745],[25.1879,61.5318],[25.2326,61.546],[25.2699,61.5683],[25.3385,61.5804],[25.3981,61.5838],[25.4182,61.6259],[25.403,61.67],[25.3576,61.6972],[25.228,61.7594],[25.2093,61.7937],[25.2373,61.7962],[25.3063,61.7772],[25.3887,61.7935],[25.4436,61.8441],[25.393,61.8717],[25.3139,61.8778],[25.3175,61.902],[25.4234,61.9207],[25.5104,61.9307],[25.5062,61.9499],[25.5428,61.9892],[25.6245,62.0053],[25.6715,62.0588],[25.5855,62.1013],[25.4984,62.1112],[25.4721,62.1421],[25.5495,62.1427],[25.6679,62.1356],[25.7129,62.1617],[25.7164,62.1942],[25.7353,62.2192],[25.7607,62.2346],[25.824,62.252],[25.8812,62.2917],[25.9071,62.33],[25.9225,62.3854],[25.8971,62.4408],[25.8646,62.4429],[25.8405,62.433],[25.825,62.4483],[25.8148,62.4913],[25.7632,62.5342],[25.6896,62.5428],[25.6438,62.5891],[25.6322,62.6274],[25.7811,62.6515],[25.7949,62.7047],[25.8271,62.725],[25.8937,62.7196],[25.8877,62.7561],[25.8312,62.783],[25.8184,62.7941],[25.8566,62.825],[25.8658,62.8749],[25.9341,62.9126],[25.8703,62.9868],[25.8323,63.0135],[25.7374,63.0456],[25.6175,63.0707],[25.541,63.0301],[25.5221,62.9661],[25.4954,62.9573],[25.4363,62.9745],[25.3679,63.0068],[25.3839,63.0276],[25.4442,63.052],[25.4485,63.0979],[25.4403,63.1283],[25.5054,63.1454],[25.5888,63.2106],[25.6229,63.2158],[25.6215,63.182],[25.6813,63.1375],[25.792,63.0915],[25.8217,63.1035],[25.8368,63.1298],[25.9034,63.1107],[25.9324,63.0822],[25.9909,63.0426],[26.0836,62.9935],[26.079,62.9814],[26.0152,62.991],[26.0141,62.9719],[26.0771,62.9297],[26.2197,62.8541],[26.3641,62.7676],[26.3707,62.7255],[26.3021,62.7289],[26.2032,62.7808],[26.1032,62.8264],[26.0666,62.8192],[26.0375,62.7964],[26.0129,62.7516],[26.0068,62.7097],[25.9797,62.7062],[26.0204,62.6655],[26.0293,62.632],[25.9129,62.6479],[25.8205,62.6133],[25.8339,62.535],[25.9381,62.4623],[26.0244,62.4768],[26.0563,62.521],[26.0963,62.5188],[26.1029,62.4882],[26.0691,62.4536],[26.0838,62.4208],[26.1601,62.3883],[26.185,62.4604],[26.1781,62.5503],[26.2168,62.5722],[26.3423,62.6078],[26.359,62.6333],[26.451,62.6332],[26.469,62.7038],[26.3871,62.7893],[26.3576,62.8263],[26.3595,62.8536],[26.4466,62.7969],[26.5023,62.75],[26.5629,62.7063],[26.6904,62.6365],[26.7854,62.6087],[26.8132,62.6233],[26.8268,62.6586],[26.8219,62.6973],[26.75,62.7424],[26.6891,62.7872],[26.6707,62.8169],[26.5949,62.8718],[26.5684,62.9],[26.5897,62.9009]],[[28.0733,64.1212],[28.0095,64.1281],[27.9289,64.1448],[27.6526,64.2248],[27.5624,64.2745],[27.5064,64.2696],[27.4812,64.2505],[27.4207,64.2298],[27.3229,64.2092],[27.2822,64.1734],[27.2875,64.1307],[27.2585,64.1204],[27.2001,64.1579],[27.0732,64.2009],[26.9425,64.2385],[26.9207,64.2778],[26.793,64.3616],[26.7799,64.3912],[26.8146,64.415],[26.8309,64.4404],[26.8139,64.4695],[26.8268,64.5054],[26.8661,64.53],[27.1118,64.5233],[27.2137,64.4967],[27.2173,64.4139],[27.2616,64.3693],[27.3654,64.3304],[27.4691,64.3391],[27.5782,64.3805],[27.727,64.3967],[27.925,64.3813],[27.9131,64.3333],[27.9297,64.3067],[27.8825,64.3085],[27.8006,64.3041],[27.7378,64.2817],[27.7646,64.2447],[27.8592,64.2328],[27.9401,64.2049],[28.0576,64.1777],[28.1572,64.1597],[28.1857,64.1423],[28.1879,64.1312],[28.1645,64.1207],[28.0733,64.1212]],[[27.3239,58.4019],[27.2366,58.4522],[27.1567,58.6479],[26.9664,58.8056],[26.9741,58.8843],[27.1073,58.9542],[27.2981,58.9949],[27.5237,59.0069],[27.683,58.9796],[27.7484,58.9121],[27.8137,58.5713],[27.8205,58.4849],[27.7981,58.4468],[27.7479,58.4299],[27.5827,58.3064],[27.5613,58.2574],[27.5686,58.2148],[27.4971,58.1841],[27.4727,58.2167],[27.4255,58.3031],[27.3239,58.4019]],[[14.5435,58.1381],[14.4994,58.0855],[14.3393,57.9333],[14.245,57.8095],[14.1593,57.7963],[14.1211,57.9245],[14.2132,58.1502],[14.3905,58.4063],[14.5066,58.5607],[14.6316,58.6798],[14.7257,58.7313],[14.8169,58.7911],[14.9321,58.8541],[14.9681,58.8488],[14.9621,58.8355],[14.933,58.7839],[14.9409,58.7562],[14.929,58.6999],[14.8997,58.635],[14.8914,58.5917],[14.9625,58.5393],[14.9462,58.5109],[14.8273,58.4615],[14.6864,58.3947],[14.6225,58.2989],[14.5824,58.2017],[14.5435,58.1381]],[[26.6399,62.0115],[26.7047,61.993],[26.7548,61.9751],[26.8192,61.9482],[26.8729,61.9018],[26.8809,61.8715],[26.8768,61.8548],[26.8943,61.7965],[26.9,61.753],[26.9267,61.73],[26.9826,61.7122],[27.0276,61.704],[27.0428,61.6883],[27.0445,61.6712],[27.0371,61.6624],[26.9982,61.6637],[26.9375,61.6699],[26.8625,61.6955],[26.795,61.7032],[26.7433,61.6942],[26.7702,61.6664],[26.8371,61.6477],[26.8794,61.6261],[26.8843,61.5935],[26.8862,61.5808],[26.8898,61.5689],[26.8696,61.5636],[26.8338,61.5735],[26.8105,61.5707],[26.7962,61.5581],[26.7782,61.576],[26.7581,61.6119],[26.6646,61.681],[26.5538,61.7581],[26.4683,61.7908],[26.4059,61.8092],[26.35,61.8343],[26.2902,61.8541],[26.2764,61.8662],[26.3055,61.9],[26.3512,61.9348],[26.4119,61.976],[26.4415,61.9623],[26.4278,61.9451],[26.3906,61.9053],[26.3761,61.8703],[26.4185,61.8629],[26.4637,61.8747],[26.4907,61.8903],[26.5244,61.8995],[26.5403,61.9152],[26.5273,61.9285],[26.5313,61.9391],[26.5754,61.9375],[26.6027,61.9168],[26.6314,61.8858],[26.6678,61.8678],[26.6839,61.8715],[26.686,61.8814],[26.692,61.888],[26.7133,61.8856],[26.744,61.8708],[26.7742,61.8609],[26.7961,61.8706],[26.8096,61.8873],[26.8094,61.9025],[26.7641,61.9127],[26.6976,61.9307],[26.6441,61.9683],[26.5913,62.0218],[26.5883,62.0373],[26.6399,62.0115]],[[26.2461,61.8224],[26.2652,61.7847],[26.2784,61.7506],[26.2791,61.7328],[26.2946,61.7161],[26.3287,61.7138],[26.3543,61.7148],[26.4063,61.7168],[26.438,61.7349],[26.466,61.7354],[26.507,61.7182],[26.5435,61.6875],[26.5634,61.6482],[26.5702,61.6231],[26.5672,61.6162],[26.5449,61.6093],[26.4732,61.6116],[26.3463,61.6552],[26.2404,61.7178],[26.1827,61.7297],[26.1213,61.7162],[26.0767,61.704],[26.0725,61.679],[26.0853,61.6573],[26.1033,61.648],[26.123,61.6572],[26.1436,61.669],[26.1668,61.6529],[26.1832,61.6293],[26.1725,61.6004],[26.1581,61.5649],[26.1482,61.5458],[26.1137,61.5417],[26.0592,61.5547],[26.0066,61.5896],[25.9584,61.6187],[25.9,61.647],[25.8914,61.6754],[25.9309,61.6915],[25.9547,61.7166],[25.966,61.7433],[25.9527,61.7668],[25.9355,61.7857],[25.9439,61.796],[26.0323,61.7722],[26.1265,61.7675],[26.1764,61.7981],[26.2194,61.8412],[26.2374,61.841],[26.2461,61.8224]],[[24.422,61.6208],[24.454,61.6261],[24.4811,61.6474],[24.497,61.6678],[24.4908,61.679],[24.5241,61.6869],[24.6036,61.7025],[24.6911,61.7214],[24.7021,61.7021],[24.6736,61.6678],[24.6593,61.6561],[24.6352,61.6555],[24.6084,61.6545],[24.5575,61.6396],[24.4934,61.6141],[24.4557,61.5901],[24.5067,61.5525],[24.4693,61.528],[24.3419,61.5202],[24.2646,61.4964],[24.1942,61.4567],[24.1719,61.4231],[24.1686,61.4035],[24.1528,61.376],[24.1284,61.3438],[24.1584,61.3275],[24.2404,61.3149],[24.2793,61.2932],[24.2445,61.2887],[24.1611,61.2805],[24.0805,61.2595],[24.024,61.2468],[24.014,61.2306],[24.0407,61.2072],[24.0918,61.1851],[24.1764,61.1825],[24.2419,61.1951],[24.2955,61.187],[24.3552,61.1619],[24.3721,61.1452],[24.3541,61.1418],[24.3299,61.139],[24.3369,61.1196],[24.3957,61.0706],[24.4393,61.0312],[24.414,61.0358],[24.3521,61.0731],[24.2772,61.0927],[24.0302,61.1539],[23.8748,61.1833],[23.7813,61.2141],[23.773,61.2825],[23.8025,61.2599],[23.8448,61.2282],[23.9188,61.2105],[23.9521,61.224],[23.9808,61.2558],[24.021,61.282],[24.0354,61.3118],[24.0175,61.3691],[24.0433,61.4231],[24.1712,61.4836],[24.2541,61.5295],[24.3056,61.5527],[24.3575,61.5875],[24.3332,61.6066],[24.3095,61.6212],[24.3215,61.6327],[24.3677,61.6288],[24.422,61.6208]],[[23.7429,61.6725],[23.7395,61.651],[23.8199,61.6459],[23.8337,61.6365],[23.7718,61.6181],[23.7844,61.6123],[23.798,61.5992],[23.7908,61.5603],[23.7765,61.521],[23.7305,61.4954],[23.6107,61.4603],[23.511,61.419],[23.5067,61.3908],[23.5275,61.3688],[23.5676,61.3481],[23.6465,61.3314],[23.7068,61.3173],[23.7118,61.3038],[23.7175,61.2869],[23.7245,61.2703],[23.7175,61.2616],[23.675,61.2758],[23.5723,61.2961],[23.4853,61.3313],[23.4396,61.3715],[23.3804,61.3819],[23.349,61.3896],[23.3647,61.4031],[23.4155,61.4177],[23.5087,61.4507],[23.6388,61.4907],[23.7086,61.5109],[23.6767,61.5306],[23.6384,61.5561],[23.6268,61.5893],[23.5993,61.6234],[23.5703,61.6414],[23.6029,61.6469],[23.6319,61.6517],[23.6268,61.6652],[23.6028,61.6879],[23.6206,61.7115],[23.667,61.7281],[23.6675,61.7449],[23.6798,61.7769],[23.6924,61.8098],[23.7033,61.8245],[23.7245,61.8357],[23.7082,61.8648],[23.7509,61.8772],[23.8378,61.8698],[23.8613,61.8791],[23.8594,61.8941],[23.8651,61.9111],[23.9515,61.9436],[24.0316,61.9742],[24.0246,61.9867],[24.0159,62.0003],[24.0146,62.0381],[24.0034,62.076],[23.9738,62.0902],[23.8727,62.0949],[23.7381,62.1029],[23.6813,62.1163],[23.6843,62.125],[23.6734,62.1366],[23.6491,62.1656],[23.638,62.1975],[23.6445,62.2155],[23.6752,62.2267],[23.699,62.2274],[23.6912,62.2135],[23.6831,62.1911],[23.7012,62.1636],[23.75,62.1587],[23.8104,62.1553],[23.855,62.1396],[23.885,62.1421],[23.9059,62.1541],[23.9151,62.1879],[23.9282,62.2214],[23.9679,62.2332],[23.9991,62.2319],[23.979,62.2083],[23.9529,62.1776],[23.9543,62.1598],[23.9799,62.1597],[24.0338,62.1541],[24.1218,62.1509],[24.181,62.1571],[24.1455,62.1426],[24.1227,62.1235],[24.1172,62.0922],[24.1263,62.0574],[24.1812,62.0446],[24.2201,62.0451],[24.2574,62.0803],[24.2854,62.117],[24.3008,62.1203],[24.3209,62.1148],[24.3354,62.1027],[24.3189,62.0729],[24.3044,62.0424],[24.3243,62.03],[24.3752,62.029],[24.4976,62.0272],[24.5651,62.0453],[24.5241,62.0809],[24.4586,62.0994],[24.384,62.119],[24.343,62.1456],[24.3626,62.1558],[24.4379,62.1408],[24.5327,62.1063],[24.5947,62.0902],[24.6113,62.1085],[24.5993,62.1457],[24.5824,62.1803],[24.5853,62.1968],[24.6008,62.2011],[24.6151,62.2048],[24.6133,62.2272],[24.6108,62.2511],[24.6299,62.2628],[24.6615,62.2656],[24.6735,62.2293],[24.6815,62.1936],[24.7223,62.198],[24.7284,62.1807],[24.7089,62.1337],[24.6859,62.0953],[24.6305,62.0427],[24.634,61.9859],[24.6839,61.9494],[24.7061,61.9215],[24.6776,61.9292],[24.5991,61.9647],[24.5491,61.9931],[24.4824,62.0013],[24.4168,61.9953],[24.4175,61.9874],[24.3771,61.9898],[24.2939,61.9964],[24.1808,62.0103],[24.0943,62.0202],[24.1193,61.9882],[24.105,61.9511],[24.0528,61.9275],[24.0043,61.9069],[23.962,61.8938],[23.9535,61.8802],[23.8518,61.8349],[23.7584,61.7857],[23.7758,61.7558],[23.7857,61.7288],[23.767,61.7032],[23.7429,61.6725]]],[[[9.0664,53.8536],[8.8723,53.8106],[8.7456,53.8399],[8.6631,53.9016],[8.5162,53.761],[8.4363,53.6251],[8.8034,53.5416],[9.3347,53.5907],[9.0664,53.8536]]],[[[15.2046,54.0394],[15.0797,54.0025],[14.8858,53.9796],[14.5802,53.929],[14.4674,53.9104],[14.4729,53.8768],[14.4825,53.8185],[14.5569,53.7599],[14.5653,53.6936],[14.4953,53.6248],[14.5371,53.5382],[14.4332,53.5942],[14.2802,53.6134],[14.1896,53.6248],[14.1769,53.6834],[14.0097,53.6732],[13.8502,53.7293],[13.7805,53.7752],[13.7643,53.8772],[13.7378,54.0303],[13.6676,54.0842],[13.431,54.0302],[13.3492,54.0635],[13.0638,54.1937],[13.0258,54.2652],[12.9431,54.347],[12.7648,54.2703],[12.6525,54.3214],[12.4625,54.2548],[12.4289,54.243],[13.2087,53.5345],[15.1202,53.2464],[15.2046,54.0394]]],[[[19.9154,80.6334],[19.3988,80.3686],[19.0676,80.165],[18.6958,80.0874],[18.3306,79.8824],[19.2181,79.7402],[19.5617,79.7678],[20.3442,79.7963],[21.2526,79.789],[21.9708,79.7829],[21.6549,79.4781],[20.9833,79.3609],[20.9983,79.1911],[23.8205,79.1475],[24.4163,79.3122],[24.8552,79.3753],[25.3367,79.403],[26.067,79.5741],[26.9686,79.8539],[27.1968,79.9444],[26.9486,80.1137],[26.2544,80.1989],[25.3513,80.1489],[25.034,80.1675],[24.7829,80.3797],[24.4214,80.4373],[23.9442,80.3198],[23.4983,80.0971],[23.1154,80.0963],[23.0768,80.2406],[23.2164,80.6108],[22.826,80.473],[22.5874,80.2686],[22.1977,80.1233],[21.8812,80.2768],[21.4759,80.3147],[20.9737,80.275],[20.5245,80.3224],[19.9154,80.6334]]],[[[19.0375,57.8964],[19.0731,57.8625],[19.0778,57.8583],[19.0933,57.8519],[19.1261,57.8397],[19.14,57.9017],[19.1417,57.9078],[19.1458,57.9136],[19.1508,57.9186],[19.1628,57.9269],[19.1706,57.9294],[19.2381,57.9469],[19.2567,57.9494],[19.2681,57.9486],[19.2744,57.945],[19.2775,57.9403],[19.2867,57.9375],[19.3344,57.9558],[19.3356,57.9605],[19.3325,57.9653],[19.3075,57.9744],[19.2964,57.9767],[19.2858,57.9767],[19.1047,57.9753],[19.0958,57.9736],[19.0889,57.9703],[19.0361,57.9186],[19.0344,57.9125],[19.0344,57.9011],[19.0375,57.8964]]],[[[18.1192,57.5311],[18.1114,57.5194],[18.11,57.5131],[18.1103,57.4961],[18.1153,57.4808],[18.1425,57.4094],[18.1581,57.3158],[18.1483,57.2353],[18.1733,57.1419],[18.2544,57.0792],[18.2567,57.0322],[18.2092,56.9892],[18.1583,56.9417],[18.1425,56.9203],[18.1403,56.915],[18.1478,56.9119],[18.1689,56.91],[18.2061,56.9119],[18.2156,56.9131],[18.295,56.9347],[18.3025,56.9375],[18.3467,56.9986],[18.3433,57.0144],[18.3358,57.0175],[18.3356,57.0233],[18.3392,57.0686],[18.3414,57.0739],[18.3456,57.0797],[18.3867,57.125],[18.3914,57.13],[18.3972,57.1342],[18.4172,57.1442],[18.4394,57.1528],[18.4556,57.1569],[18.4983,57.1653],[18.5147,57.1694],[18.5519,57.1828],[18.6581,57.2208],[18.7119,57.2417],[18.7144,57.2469],[18.7883,57.4483],[18.7694,57.4672],[18.7681,57.4722],[18.7597,57.508],[18.7933,57.6592],[18.8092,57.7036],[18.8489,57.7211],[18.9294,57.7397],[19.0333,57.8269],[19.0039,57.8989],[19.0061,57.9036],[19.0047,57.9086],[18.9142,57.9175],[18.9025,57.9183],[18.8819,57.9197],[18.725,57.9228],[18.7161,57.9211],[18.69,57.9161],[18.6819,57.9136],[18.4811,57.8186],[18.4672,57.8119],[18.4614,57.8078],[18.4564,57.8028],[18.4197,57.7603],[18.4017,57.7386],[18.3819,57.7186],[18.3558,57.6958],[18.3389,57.6817],[18.2947,57.6458],[18.2761,57.6342],[18.2492,57.6208],[18.2422,57.6175],[18.2278,57.6114],[18.2119,57.6058],[18.1914,57.5961],[18.1792,57.5883],[18.1386,57.5511],[18.1192,57.5311]]],[[[27.842,62.911],[27.8863,62.8344],[28.0107,62.7753],[28.0716,62.7458],[28.1088,62.7551],[28.1088,62.7878],[28.0994,62.8516],[28.0748,62.9352],[28.0621,62.976],[27.9906,62.9775],[27.9859,62.9772],[27.9034,62.9729],[27.8494,62.9514],[27.842,62.911]]],[[[27.5879,61.2663],[27.6371,61.2732],[27.6766,61.3104],[27.6586,61.3546],[27.6287,61.3834],[27.5557,61.3966],[27.5089,61.4085],[27.4179,61.4373],[27.3604,61.4217],[27.328,61.4002],[27.3676,61.369],[27.4754,61.3151],[27.5879,61.2663]]],[[[27.6622,61.4349],[27.7122,61.4028],[27.7496,61.4014],[27.7976,61.4049],[27.9137,61.4421],[27.9593,61.4804],[27.9688,61.5032],[27.9463,61.5275],[27.9232,61.5259],[27.8586,61.5188],[27.7939,61.5379],[27.7316,61.5475],[27.7122,61.5338],[27.7005,61.4876],[27.6658,61.4828],[27.5903,61.4864],[27.5484,61.4912],[27.5196,61.4852],[27.564,61.4564],[27.6622,61.4349]]],[[[28.4945,61.444],[28.4956,61.4782],[28.4449,61.5157],[28.4592,61.5584],[28.4935,61.6017],[28.5364,61.6215],[28.5154,61.6987],[28.4756,61.7229],[28.3876,61.7119],[28.3281,61.7295],[28.2773,61.7097],[28.2807,61.6645],[28.2861,61.6226],[28.3082,61.5818],[28.2426,61.5391],[28.2398,61.5234],[28.2553,61.4969],[28.2454,61.4727],[28.2256,61.4429],[28.2401,61.3942],[28.307,61.4076],[28.4162,61.4165],[28.4945,61.444]]],[[[29.4422,62.0377],[29.3632,62.1046],[29.3223,62.1296],[29.232,62.1261],[29.1865,62.1221],[29.1024,62.1177],[29.0191,62.1248],[28.9389,62.1046],[28.8091,62.0819],[28.7033,62.0819],[28.6912,62.0364],[28.7141,61.9949],[28.8277,61.9628],[28.9442,61.8731],[28.9897,61.8021],[29.1369,61.7754],[29.2546,61.8075],[29.3093,61.8695],[29.3271,61.944],[29.3418,61.9708],[29.4033,61.9749],[29.4448,61.9481],[29.4742,61.9507],[29.477,61.9668],[29.4422,62.0377]]],[[[16.416,56.215],[16.421,56.211],[16.43,56.209],[16.437,56.211],[16.474,56.224],[16.486,56.231],[16.496,56.241],[16.553,56.326],[16.572,56.355],[16.576,56.361],[16.575,56.367],[16.572,56.372],[16.57,56.377],[16.569,56.388],[16.571,56.394],[16.577,56.407],[16.636,56.519],[16.727,56.702],[16.77,56.796],[16.779,56.806],[16.785,56.81],[16.808,56.824],[16.817,56.826],[16.828,56.825],[16.837,56.827],[16.841,56.832],[16.848,56.844],[16.88,56.93],[16.927,57.038],[16.961,57.075],[17.009,57.132],[17.051,57.187],[17.124,57.321],[17.106,57.348],[17.099,57.351],[17.057,57.359],[17.036,57.352],[17.022,57.345],[17.01,57.337],[16.993,57.325],[16.983,57.316],[16.973,57.305],[16.966,57.294],[16.961,57.28],[16.959,57.274],[16.96,57.257],[16.966,57.242],[16.963,57.229],[16.959,57.224],[16.9,57.135],[16.848,57.064],[16.749,56.94],[16.645,56.884],[16.629,56.879],[16.617,56.874],[16.612,56.868],[16.543,56.776],[16.42,56.586],[16.396,56.536],[16.393,56.529],[16.392,56.465],[16.403,56.274],[16.411,56.225],[16.416,56.215]]],[[[22.475,58.242],[22.487,58.242],[22.521,58.242],[22.582,58.241],[22.649,58.23],[22.757,58.24],[23.029,58.358],[23.064,58.386],[23.077,58.414],[23.142,58.444],[23.198,58.45],[23.206,58.445],[23.226,58.437],[23.25,58.43],[23.267,58.429],[23.328,58.434],[23.333,58.442],[23.332,58.45],[23.32,58.462],[23.289,58.482],[23.273,58.492],[23.263,58.496],[23.091,58.564],[22.991,58.598],[22.979,58.601],[22.917,58.616],[22.905,58.617],[22.872,58.618],[22.824,58.617],[22.808,58.616],[22.776,58.606],[22.768,58.6],[22.624,58.593],[22.502,58.602],[22.327,58.577],[22.198,58.549],[22.189,58.545],[22.112,58.492],[22.001,58.515],[21.985,58.516],[21.925,58.517],[21.843,58.508],[21.832,58.505],[21.851,58.488],[21.868,58.478],[21.878,58.474],[21.902,58.468],[21.91,58.463],[21.917,58.457],[21.996,58.381],[22.006,58.36],[22.008,58.353],[21.956,58.343],[21.899,58.343],[21.885,58.343],[21.874,58.34],[21.844,58.299],[21.841,58.293],[21.844,58.286],[21.849,58.279],[21.87,58.262],[21.884,58.252],[22.069,58.175],[22.079,58.171],[22.132,58.161],[22.145,58.159],[22.177,58.159],[22.189,58.156],[22.197,58.151],[22.201,58.145],[22.197,58.137],[22.151,58.086],[22.112,58.084],[22.101,58.085],[22.09,58.082],[22.082,58.077],[21.986,57.976],[21.981,57.958],[21.994,57.923],[22.001,57.917],[22.01,57.913],[22.022,57.91],[22.038,57.908],[22.052,57.91],[22.073,57.917],[22.099,57.931],[22.202,57.986],[22.262,58.094],[22.265,58.102],[22.276,58.142],[22.274,58.15],[22.269,58.156],[22.266,58.164],[22.267,58.171],[22.272,58.179],[22.279,58.184],[22.289,58.188],[22.367,58.22],[22.378,58.223],[22.475,58.242]]],[[[22.816,58.773],[22.848,58.774],[22.884,58.78],[22.887,58.788],[22.889,58.811],[22.882,58.817],[22.868,58.819],[22.866,58.824],[22.884,58.833],[22.948,58.844],[22.961,58.845],[23.005,58.831],[23.022,58.821],[23.045,58.836],[23.048,58.844],[23.044,58.851],[22.952,58.967],[22.93,58.982],[22.861,59.002],[22.843,59.002],[22.801,58.997],[22.75,59],[22.734,59.001],[22.72,59.004],[22.703,59.014],[22.699,59.02],[22.695,59.044],[22.699,59.051],[22.576,59.069],[22.524,59.022],[22.488,58.992],[22.468,58.978],[22.434,58.966],[22.376,58.952],[22.191,58.947],[22.065,58.952],[22.052,58.95],[22.046,58.945],[22.042,58.94],[22.045,58.932],[22.053,58.928],[22.064,58.924],[22.165,58.892],[22.177,58.889],[22.229,58.878],[22.246,58.879],[22.277,58.889],[22.336,58.892],[22.37,58.89],[22.382,58.887],[22.39,58.882],[22.405,58.872],[22.426,58.855],[22.446,58.838],[22.45,58.831],[22.472,58.764],[22.469,58.716],[22.465,58.71],[22.47,58.704],[22.48,58.7],[22.518,58.691],[22.532,58.689],[22.547,58.687],[22.565,58.687],[22.596,58.688],[22.624,58.691],[22.646,58.698],[22.667,58.705],[22.675,58.711],[22.681,58.717],[22.69,58.731],[22.692,58.739],[22.701,58.754],[22.721,58.782],[22.739,58.8],[22.747,58.806],[22.776,58.819],[22.798,58.825],[22.812,58.826],[22.826,58.824],[22.829,58.818],[22.823,58.812],[22.804,58.804],[22.793,58.8],[22.783,58.796],[22.777,58.79],[22.778,58.782],[22.784,58.776],[22.798,58.774],[22.816,58.773]]],[[[20.211,59.98],[20.226,60],[20.227,60.003],[20.212,60.06],[20.205,60.064],[20.193,60.065],[20.164,60.069],[20.123,60.081],[20.11,60.088],[20.109,60.092],[20.103,60.096],[20.094,60.093],[20.008,60.067],[20.003,60.062],[19.999,60.055],[20.004,60.051],[20.129,59.995],[20.137,59.992],[20.203,59.977],[20.211,59.98]]],[[[19.612,60.253],[19.602,60.256],[19.589,60.257],[19.58,60.255],[19.572,60.252],[19.565,60.249],[19.541,60.23],[19.536,60.225],[19.512,60.181],[19.511,60.175],[19.523,60.151],[19.543,60.128],[19.551,60.125],[19.563,60.123],[19.575,60.122],[19.604,60.153],[19.673,60.15],[19.677,60.157],[19.674,60.173],[19.669,60.189],[19.666,60.193],[19.627,60.244],[19.612,60.253]]],[[[20.037,60.311],[20.047,60.308],[20.062,60.301],[20.067,60.296],[20.12,60.24],[20.123,60.226],[20.106,60.221],[20.101,60.216],[20.082,60.179],[20.086,60.174],[20.092,60.17],[20.162,60.162],[20.172,60.164],[20.218,60.208],[20.277,60.274],[20.085,60.35],[19.906,60.4],[19.869,60.404],[19.857,60.404],[19.825,60.392],[19.808,60.377],[19.783,60.354],[19.78,60.349],[19.834,60.322],[19.839,60.32],[19.862,60.312],[19.868,60.317],[19.872,60.323],[19.874,60.329],[19.878,60.336],[19.883,60.342],[19.892,60.343],[19.899,60.34],[19.931,60.304],[19.937,60.295],[19.937,60.289],[19.935,60.283],[19.931,60.277],[19.817,60.188],[19.809,60.185],[19.796,60.187],[19.793,60.191],[19.761,60.238],[19.762,60.244],[19.768,60.249],[19.777,60.261],[19.783,60.293],[19.749,60.305],[19.649,60.262],[19.648,60.257],[19.696,60.164],[19.699,60.159],[19.722,60.126],[19.751,60.095],[19.772,60.081],[19.848,60.076],[19.859,60.076],[19.868,60.077],[19.873,60.081],[19.87,60.086],[19.869,60.091],[19.875,60.095],[19.895,60.097],[19.908,60.095],[19.918,60.093],[19.925,60.089],[19.928,60.084],[19.939,60.059],[19.944,60.043],[19.948,60.079],[19.951,60.085],[19.958,60.089],[19.968,60.09],[19.999,60.089],[20.022,60.086],[20.044,60.086],[20.051,60.09],[20.053,60.096],[20.051,60.101],[20.026,60.154],[19.987,60.17],[19.946,60.181],[19.937,60.184],[19.931,60.188],[19.927,60.193],[19.914,60.212],[19.914,60.217],[20.025,60.311],[20.037,60.311]]],[[[14.4729,53.8768],[14.4248,53.915],[14.3053,53.915],[14.2272,53.9095],[14.2479,53.816],[14.3339,53.8297],[14.4591,53.8187],[14.4729,53.8768]]],[[[13.7784,54.0444],[13.7774,53.9486],[13.8278,53.8297],[14.0287,53.8655],[14.0684,53.8435],[14.1454,53.8265],[14.2054,53.8132],[14.1742,53.9068],[14.0699,53.9178],[13.7784,54.0444]]]]},"properties":{"NAME":"Sweden","SUBJECTO":"Sweden","PARTOF":"Sweden","BORDERPRECISION":3,"LINK":null}},
{"type":"Feature","geometry":{"type":"Polygon","coordinates":[[[51.3689,47.09],[51.512,47.0648],[51.6746,47.0361],[51.7915,47.0091],[51.9353,46.8922],[52.1422,46.8382],[52.3759,46.8742],[52.4659,46.9102],[52.5558,46.9821],[52.8615,46.9372],[53.0234,46.9192],[53.1852,46.8652],[53.2302,46.7303],[53.2841,46.6764],[53.1672,46.5865],[53.1223,46.4966],[53.1852,46.4246],[53.2572,46.3167],[53.2032,46.1908],[53.1492,45.957],[53.0503,45.8312],[52.9804,45.7762],[57.7281,44.6348],[60.954,45.2453],[60.6106,45.4339],[57.152,51.2291],[55.245,51.7059],[51.3871,51.0629],[51.1299,50.4199],[51.9015,49.3911],[51.3871,48.1051],[51.7451,47.5084],[51.7729,47.4621],[51.3689,47.09]]]},"properties":{"NAME":"Nogai Horde","SUBJECTO":"Nogai Horde","PARTOF":"Nogai Horde","BORDERPRECISION":1,"LINK":null}},
{"type":"Feature","geometry":{"type":"Polygon","coordinates":[[[69.8162,41.2107],[68.7825,40.9442],[60.954,45.2453],[57.7281,44.6348],[52.9804,45.7762],[52.9245,45.7322],[52.8345,45.6423],[52.8435,45.5075],[53.0593,45.4535],[53.2122,45.3636],[53.2841,45.3276],[53.0593,45.3366],[52.6097,45.3996],[52.1062,45.3816],[51.9983,45.3816],[51.8454,45.4355],[51.7735,45.3906],[51.6296,45.3546],[51.5127,45.3726],[51.4588,45.3096],[51.3778,45.1748],[51.3419,45.0579],[51.216,45.0399],[51.0991,44.878],[51.189,44.7701],[51.3689,44.6802],[51.4858,44.6262],[51.5757,44.5543],[51.4138,44.5183],[51.3329,44.4824],[51.0901,44.5633],[50.8743,44.6262],[50.7214,44.6352],[50.5416,44.6442],[50.4067,44.6173],[50.3348,44.5633],[50.3258,44.3655],[50.3887,44.2935],[50.7035,44.2576],[50.9552,44.2036],[50.9912,44.0777],[51.171,43.7181],[51.261,43.6102],[51.3689,43.5562],[51.4588,43.3854],[51.4228,43.2595],[51.4228,43.1696],[51.5847,43.1786],[51.7375,43.1786],[51.8814,43.0527],[51.9803,42.9088],[52.0702,42.8279],[52.1601,42.8459],[52.295,42.8728],[52.3759,42.8009],[52.5828,42.8279],[52.7626,42.7559],[52.8345,42.648],[52.7536,42.5581],[52.7356,42.4232],[52.6727,42.2794],[52.5828,42.1894],[52.5198,42.0726],[52.5738,42.0186],[52.6007,41.9377],[52.5593,41.7578],[52.6826,41.6937],[52.7114,41.6075],[52.6922,41.5309],[52.855,41.3872],[52.97,41.1382],[52.9604,41.2723],[52.9317,41.3776],[52.97,41.5596],[52.9987,41.6841],[52.9412,41.7703],[52.9795,41.9044],[53.0657,42.0289],[53.2669,42.0864],[53.4584,42.096],[53.7362,42.1343],[53.9852,42.1055],[54.0235,42.0481],[54.0235,41.9523],[54.0235,41.8565],[54.1193,41.7799],[54.1385,41.6266],[54.1672,41.483],[54.3588,41.3872],[54.5982,41.2435],[54.7514,41.1382],[54.8281,40.9849],[54.8185,40.8796],[54.7227,40.8508],[54.6078,40.8125],[54.5024,40.8508],[54.4545,40.9179],[54.3683,40.8987],[54.3875,40.8029],[54.4545,40.7167],[54.4162,40.6593],[54.33,40.688],[54.2247,40.7263],[54.1097,40.6784],[53.9756,40.6497],[53.8416,40.6401],[53.7937,40.7263],[53.7649,40.87],[53.6979,40.8796],[53.65,40.8796],[53.6596,40.8125],[53.6117,40.7455],[53.4393,40.8029],[53.2573,40.7646],[53.1807,40.8413],[53.1519,40.8987],[53.0562,41.052],[53.0179,40.9466],[52.97,40.8221],[52.9508,40.7072],[52.9029,40.5635],[52.8263,40.4677],[52.8455,40.3336],[52.8455,40.1804],[52.9125,40.0463],[52.9891,39.9314],[53.0466,39.9984],[53.1903,39.9601],[53.3627,39.9601],[53.5063,39.9984],[53.6883,39.9792],[53.5925,39.893],[53.5159,39.7781],[53.5542,39.6536],[53.6691,39.644],[53.8128,39.5482],[53.7937,39.4908],[53.7362,39.5004],[53.5446,39.5387],[53.3722,39.5195],[53.3148,39.5674],[53.2477,39.4525],[53.2094,39.4046],[53.2477,39.2992],[53.3339,39.3854],[53.4967,39.3375],[53.5829,39.3184],[53.6596,39.3184],[53.6787,39.2513],[53.7745,39.1364],[53.9182,39.0502],[54.0331,38.9927],[54.0714,38.8969],[54.0331,38.7916],[53.9852,38.6575],[53.9373,38.5713],[53.9373,38.3318],[53.9373,38.1594],[56.4297,38.2098],[58.6195,39.052],[60.3768,39.1775],[60.9777,39.2205],[62.1138,39.2205],[62.6622,39.2205],[64.3466,37.8729],[64.405,37.6396],[64.6835,36.5253],[66.3359,36.3074],[69.2316,37.3676],[70.0953,37.9074],[69.8162,41.2107]]]},"properties":{"NAME":"Khiva Khanate","SUBJECTO":"Khiva Khanate","PARTOF":"Khiva Khanate","BORDERPRECISION":1,"LINK":null}},
{"type":"Feature","geometry":{"type":"Polygon","coordinates":[[[85.6055,48.234],[85.6015,48.231],[85.3829,48.1477],[83.1155,48.2832],[84.2673,49.2046],[81.4791,50.2913],[78.65,50.8057],[74.9206,54.1492],[74.6299,54.3237],[72.9916,55.3066],[64.6874,54.2723],[64.4571,53.5813],[63.9947,52.7975],[63.0381,51.176],[60.8202,50.8592],[58.3314,50.9343],[57.152,51.2291],[60.6106,45.4339],[60.954,45.2453],[68.7825,40.9442],[69.8162,41.2107],[80.9395,44.0779],[85.5351,47.1814],[85.6055,48.234]]]},"properties":{"NAME":"Quazaq Khanate","SUBJECTO":"Quazaq Khanate","PARTOF":"Quazaq Khanate","BORDERPRECISION":1,"LINK":null}},
{"type":"Feature","geometry":{"type":"Polygon","coordinates":[[[49.4779,30.0528],[49.511,30.0207],[49.7178,30.0021],[50.1324,30.0664],[50.3598,29.7429],[50.7047,29.4006],[50.7025,29.1338],[50.7968,29.0133],[51.0823,28.512],[51.3501,28.0361],[51.6113,27.827],[51.6989,27.8145],[51.9616,27.7769],[52.4104,27.581],[52.6338,27.3146],[52.7799,27.1878],[52.8908,27.0523],[53.3807,26.9096],[53.6339,26.7479],[54.0649,26.7014],[54.6461,26.3913],[54.7599,26.4106],[54.9255,26.538],[55.0981,26.7374],[55.3401,26.7994],[55.4249,26.9631],[55.6576,26.9969],[55.8053,27.0051],[55.8997,27.1048],[56.0678,27.1122],[56.4309,27.1066],[56.6678,27.0499],[56.6836,26.9684],[56.7904,26.9739],[56.9291,26.7519],[56.935,26.4645],[57.0663,26.3075],[57.1124,26.0762],[57.2451,26.0185],[57.2548,25.7933],[57.328,25.7871],[57.4649,25.7048],[57.8051,25.6483],[57.9005,25.5409],[58.1096,25.5473],[58.3687,25.5479],[58.7444,25.536],[58.818,25.4789],[59.0315,25.3079],[59.3021,25.3402],[59.6546,25.3219],[60.2982,25.3232],[60.4796,25.2982],[60.7522,25.1844],[60.8583,25.0957],[61.344,25.0269],[61.57,25.0396],[61.8133,25.0533],[62.1383,25.1048],[62.4496,25.1626],[63.0181,25.1574],[63.4035,25.1646],[63.6503,25.3366],[64.0592,25.401],[64.1201,25.3122],[64.2383,25.2108],[64.425,25.1731],[64.8512,25.2058],[65.2157,25.2701],[65.7688,25.3093],[66.3001,25.4947],[66.9283,28.1119],[66.767,30.4154],[67.6292,31.134],[67.4855,32.4273],[67.773,33.4333],[67.0544,35.5889],[65.4737,35.014],[66.3359,36.3074],[64.6835,36.5253],[64.405,37.6396],[64.3466,37.8729],[62.6622,39.2205],[62.1138,39.2205],[60.9777,39.2205],[60.3768,39.1775],[58.6195,39.052],[56.4297,38.2098],[53.9373,38.1594],[53.8799,38.0254],[53.9278,37.8242],[53.9852,37.5177],[54.0151,37.3483],[54.0087,37.3487],[54.0674,36.9415],[53.9845,36.7819],[53.7997,36.679],[53.139,36.6435],[52.6022,36.5769],[51.9931,36.4589],[51.7955,36.4323],[51.417,36.4557],[50.561,36.6864],[50.4694,36.7482],[49.5571,34.2559],[49.4779,30.0528]]]},"properties":{"NAME":"Safavid Empire","SUBJECTO":"Safavid Empire","PARTOF":"Safavid Empire","BORDERPRECISION":3,"LINK":null}},
{"type":"Feature","geometry":{"type":"Polygon","coordinates":[[[3.039,42.8686],[3.0679,42.9446],[3.3179,43.196],[3.4787,43.3121],[3.8075,43.4672],[4.0782,43.4871],[4.4168,43.3461],[4.6465,43.3209],[4.7506,43.3533],[4.9098,43.3664],[5.0518,43.3281],[5.4345,43.1037],[5.6466,43.0333],[5.8286,43.0208],[6.1878,43.0923],[6.3312,43.1119],[6.523,43.1509],[6.9231,43.4477],[7.2976,43.6673],[7.3971,43.7641],[7.3552,43.9015],[6.9228,43.815],[6.8857,43.9015],[6.9598,43.9139],[6.9228,43.9756],[6.9969,44.0497],[6.9722,44.0621],[6.9351,44.1362],[6.8857,44.1486],[6.8363,44.1115],[6.7869,44.198],[6.7869,44.2968],[6.8698,44.3492],[6.7829,44.5479],[6.9247,44.715],[7.0035,44.7195],[6.9426,44.8687],[6.6653,44.9545],[6.5073,45.1157],[6.2804,45.1986],[6.2434,45.2974],[6.2681,45.3221],[6.2187,45.3468],[6.1445,45.3221],[6.0828,45.3715],[6.0334,45.3345],[6.0581,45.2233],[5.9469,45.2604],[5.9345,45.3221],[5.8234,45.3962],[5.6071,45.8466],[5.3567,45.876],[5.3567,46.0528],[5.5334,46.0086],[5.5334,46.097],[5.2683,46.318],[5.4156,46.5242],[5.6457,46.4567],[5.7249,46.48],[5.7397,46.5978],[5.6255,46.6491],[5.6464,46.8498],[5.757,46.8867],[5.7939,46.9972],[5.6673,47.1083],[5.7369,47.2336],[5.7786,47.3588],[5.7925,47.5119],[5.9178,47.5954],[5.8204,47.7346],[5.9595,47.8041],[5.9595,47.985],[6.0569,47.9572],[6.0987,48.0268],[6.2518,47.9572],[6.2379,48.2912],[5.9456,48.3469],[6.0152,48.653],[5.8343,48.7783],[6.0013,48.9035],[5.876,49.0705],[5.723,48.9592],[5.6116,49.2097],[5.9039,49.1958],[5.9093,49.2009],[5.3611,49.6968],[4.2552,49.8872],[3.8203,50.0394],[3.4827,49.9205],[2.9073,49.9435],[2.6771,50.1506],[2.4009,50.1967],[2.1477,50.0586],[1.9866,50.0816],[1.9866,50.2197],[1.8255,50.2427],[1.7962,50.9214],[1.5889,50.8219],[1.5283,50.5777],[1.552,50.2288],[1.4162,50.1098],[1.2745,50.0043],[0.8688,49.9072],[0.5286,49.8258],[0.1894,49.681],[0.1151,49.6023],[0.0904,49.5106],[0.3308,49.455],[0.0329,49.3337],[-0.2037,49.2918],[-0.2394,49.2855],[-0.4649,49.3514],[-1.0232,49.3985],[-1.1771,49.3325],[-1.2887,49.521],[-1.251,49.6999],[-1.5242,49.6528],[-1.9413,49.7093],[-1.8915,49.5264],[-1.639,49.2196],[-1.5798,49.229],[-1.5634,49.0362],[-1.5884,48.881],[-1.5755,48.7681],[-1.4566,48.6836],[-1.5914,48.6375],[-1.8576,48.6084],[-1.8706,48.7117],[-2.076,48.6562],[-2.2001,48.599],[-2.3429,48.6741],[-2.6364,48.552],[-2.7905,48.5896],[-2.9145,48.7068],[-3.0912,48.8716],[-3.4351,48.8365],[-3.5577,48.8101],[-3.6079,48.693],[-3.8213,48.7211],[-3.9022,48.646],[-3.9989,48.7305],[-4.2515,48.6519],[-4.4883,48.6123],[-4.6257,48.5467],[-4.762,48.552],[-4.7796,48.3548],[-4.592,48.3923],[-4.4738,48.3829],[-4.3502,48.3905],[-4.3889,48.2984],[-4.588,48.2515],[-4.351,48.2046],[-4.3129,48.1013],[-4.7003,48.0638],[-4.6754,48.0169],[-4.5101,47.9981],[-4.3909,47.9418],[-4.3644,47.8293],[-3.9548,47.9043],[-3.8581,47.7918],[-3.7119,47.7981],[-3.4335,47.7168],[-3.0627,47.6039],[-2.8425,47.4919],[-2.6137,47.5722],[-2.4655,47.4944],[-2.5765,47.3249],[-2.4937,47.2469],[-2.2637,47.1829],[-2.1095,47.124],[-2.0046,47.0425],[-2.1297,46.8508],[-1.9425,46.7058],[-1.7107,46.4488],[-1.4027,46.4039],[-1.2561,46.3068],[-1.166,46.1837],[-1.0752,46.0146],[-1.2365,45.8],[-1.2474,45.6881],[-1.1384,45.5832],[-0.8547,45.3214],[-0.7285,45.0186],[-0.8142,45.1218],[-0.9004,45.2939],[-1.1234,45.4316],[-1.1752,45.5005],[-1.2755,45.1287],[-1.3318,44.6138],[-1.2303,44.7304],[-1.1358,44.6001],[-1.3144,44.559],[-1.5614,43.5244],[-1.7461,43.3602],[-1.9146,43.3054],[-1.7024,43.1959],[-1.4914,43.2096],[-1.4657,43.1549],[-1.5577,43.0454],[-1.5151,42.9976],[-1.4476,42.9839],[-1.3973,43.0318],[-0.9074,42.8813],[-0.84,42.9087],[-0.612,42.7309],[-0.5868,42.7651],[-0.4688,42.7514],[-0.4099,42.7856],[-0.2161,42.7172],[-0.2037,42.7003],[-0.1656,42.6488],[0.1796,42.6625],[0.1963,42.6078],[0.3478,42.6352],[0.5919,42.6283],[0.5841,42.7719],[0.7442,42.7719],[1.3075,42.6352],[1.3164,42.6145],[1.4563,42.619],[1.5772,42.6479],[1.7554,42.5967],[1.7917,42.5789],[1.7313,42.5455],[1.7282,42.501],[2.1029,42.6145],[2.2721,42.6901],[2.4806,42.6856],[2.4896,42.7189],[2.7011,42.73],[2.825,42.8498],[2.9489,42.883],[3.039,42.8686]]]},"properties":{"NAME":"France","SUBJECTO":"France","PARTOF":"France","BORDERPRECISION":3,"LINK":null}},
{"type":"Feature","geometry":{"type":"Polygon","coordinates":[[[92.51,22.1104],[92.5288,22.5953],[92.2661,22.9455],[92.1786,23.4271],[92.0472,23.6897],[91.9159,23.5146],[91.8283,23.5584],[91.8283,23.7335],[91.4781,24.0837],[91.2592,24.1275],[91.303,24.3464],[91.5657,24.3464],[91.5219,25.0031],[91.7408,25.0031],[91.4343,25.2658],[91.4781,25.4847],[91.5657,25.7036],[91.4343,25.7911],[91.5657,26.0538],[91.4343,26.0976],[90,25.9662],[90,26.3603],[91.1618,26.7502],[91.0643,26.7526],[90.5968,26.7641],[90,26.7787],[90,26.7186],[89.8344,26.6854],[89.7963,26.6948],[89.4053,26.7909],[89.1538,26.8275],[88.8675,26.9084],[88.6018,26.6404],[88.2319,26.757],[88.0389,27.129],[88.0706,27.5234],[88.1618,27.7414],[88.2138,27.8656],[88.1973,27.8758],[87.9023,27.9475],[87.7496,27.821],[87.5965,27.8731],[87.2144,27.8433],[87.0707,28.007],[86.7872,28.1335],[86.6039,28.1335],[86.568,27.9847],[86.4457,27.9475],[86.1379,28.1186],[86.1422,27.9549],[86.0357,27.9103],[85.972,28.1186],[85.8764,28.2065],[85.8594,28.2021],[85.862,28.2009],[84.5092,27.3116],[83.0791,27.2772],[80.103,29.0152],[81.1079,30.1914],[81.3431,30.1914],[81.4074,30.4407],[80.175,31.5731],[79.6195,34.137],[79.3294,35.6285],[77.2643,36.8438],[75.2457,38.0319],[73.8086,38.0319],[69.4974,35.8763],[66.3359,36.3074],[65.4737,35.014],[67.0544,35.5889],[67.773,33.4333],[67.4855,32.4273],[67.6292,31.134],[66.767,30.4154],[66.9283,28.1119],[66.3001,25.4947],[66.4323,25.4886],[66.6205,25.3175],[66.7005,25.1144],[66.6481,24.9046],[66.6542,24.7839],[66.7017,24.7523],[66.9995,24.7148],[67.1536,24.6516],[67.2042,24.5882],[67.3159,24.0929],[67.486,23.9281],[67.6923,23.8142],[68.047,23.7641],[68.0722,23.6752],[68.3729,23.3264],[68.7908,23.0287],[68.8824,22.9971],[69.1072,22.8989],[69.3918,22.8394],[69.6649,22.7892],[70.0459,22.7773],[70.3102,22.8286],[70.3806,22.8606],[70.4106,22.7526],[70.1762,22.479],[69.9685,22.3515],[69.7692,22.2875],[69.4922,22.2488],[69.0142,22.305],[68.8942,22.2857],[69.1261,21.9685],[69.7522,21.3981],[70.2099,20.948],[70.4675,20.777],[70.8551,20.6508],[71.0244,20.6575],[71.3026,20.7724],[71.5289,20.8237],[71.8944,20.9897],[72.1209,21.1553],[72.2562,21.3526],[72.289,21.5496],[72.2557,21.6321],[72.131,21.7462],[72.1271,21.8287],[72.233,22.0196],[72.319,22.115],[72.6956,22.1285],[72.6659,21.8489],[72.7147,21.4361],[72.7657,21.1504],[72.9311,20.9538],[73.1129,20.8271],[73.1097,20.6873],[72.8644,20.312],[72.7595,20.0576],[72.7825,19.9497],[74.093,21.1089],[74.8011,21.1089],[75.2967,19.4096],[77.2792,19.622],[77.0527,20.8113],[76.996,21.1089],[77.2792,22.0293],[77.0668,22.8082],[77.4916,23.6578],[82.3771,23.6578],[84.2888,24.2243],[85.634,23.8702],[85.7048,23.1622],[85.2092,22.3834],[85.3508,21.5337],[86.8442,20.8753],[86.7962,21.1357],[86.8187,21.1865],[86.9372,21.2884],[87.1942,21.3843],[87.6407,21.5631],[87.8675,21.697],[88.053,21.9387],[88.1216,21.8627],[88.2479,21.5961],[88.2996,21.5518],[88.3771,21.5773],[88.4539,21.7363],[88.5676,21.8954],[88.657,21.8574],[88.7235,21.54],[88.8809,21.5149],[89.0255,21.547],[88.9948,21.6295],[89.0723,21.7743],[89.2339,21.6554],[89.4566,21.9417],[89.579,21.7006],[89.6702,21.7198],[89.7963,21.8321],[89.8697,22.1332],[89.9027,22.1078],[90,21.9303],[90,22.0199],[90,22.0584],[90,22.1348],[90,22.3254],[90,22.561],[91.0814,22.5613],[91.4102,22.7208],[91.5711,22.5433],[91.8459,21.9087],[91.946,21.3626],[92.0669,21.1151],[92.1237,20.9964],[92.237,21.15],[92.5976,21.387],[92.51,22.1104]]]},"properties":{"NAME":"Mughal Empire","SUBJECTO":"Mughal Empire","PARTOF":"Mughal Empire","BORDERPRECISION":3,"LINK":null}},
{"type":"Feature","geometry":{"type":"Polygon","coordinates":[[[85.8764,28.2065],[85.7292,28.3418],[85.6076,28.3198],[85.1667,28.526],[85.2166,28.6394],[85.0699,28.6469],[85.0076,28.6004],[84.2691,28.9457],[84.2983,29.0635],[84.2185,29.2346],[84.0884,29.309],[83.7689,29.2569],[83.7178,29.2035],[83.6569,29.232],[83.402,29.5397],[83.1974,29.6662],[83.1298,29.6066],[82.9176,29.7034],[82.5912,29.9712],[82.2067,30.0885],[82.2005,30.0922],[82.1417,30.3656],[81.6557,30.4548],[81.5726,30.373],[81.4487,30.4028],[81.4074,30.4407],[81.3431,30.1914],[81.1079,30.1914],[80.103,29.0152],[83.0791,27.2772],[84.5092,27.3116],[85.862,28.2009],[85.8594,28.2021],[85.8764,28.2065]]]},"properties":{"NAME":"Nepal","SUBJECTO":"Nepal","PARTOF":"Nepal","BORDERPRECISION":3,"LINK":null}},
{"type":"Feature","geometry":{"type":"Polygon","coordinates":[[[98.6372,27.4787],[100.6816,28.691],[102.4061,33.7207],[101.6876,36.3074],[100.3942,37.7444],[99.2446,38.7504],[89.6163,36.8822],[80.1317,36.8822],[79.3294,35.6285],[79.6195,34.137],[80.175,31.5731],[81.4074,30.4407],[81.4487,30.4028],[81.5726,30.373],[81.6557,30.4548],[82.1417,30.3656],[82.2005,30.0922],[82.2067,30.0885],[82.5912,29.9712],[82.9176,29.7034],[83.1298,29.6066],[83.1974,29.6662],[83.402,29.5397],[83.6569,29.232],[83.7178,29.2035],[83.7689,29.2569],[84.0884,29.309],[84.2185,29.2346],[84.2983,29.0635],[84.2691,28.9457],[85.0076,28.6004],[85.0699,28.6469],[85.2166,28.6394],[85.1667,28.526],[85.6076,28.3198],[85.7292,28.3418],[85.8764,28.2065],[85.972,28.1186],[86.0357,27.9103],[86.1422,27.9549],[86.1379,28.1186],[86.4457,27.9475],[86.568,27.9847],[86.6039,28.1335],[86.7872,28.1335],[87.0707,28.007],[87.2144,27.8433],[87.5965,27.8731],[87.7496,27.821],[87.9023,27.9475],[88.1973,27.8758],[88.2138,27.8656],[88.1618,27.7414],[89.672,28.1975],[89.7848,28.0226],[91.3005,27.9973],[92.1703,26.9873],[91.0643,26.7526],[91.1618,26.7502],[90,26.3603],[91.5468,26.2851],[92.4015,26.5842],[94.3244,26.8833],[94.8371,27.567],[95.4781,27.9089],[97.3404,28.1821],[97.3407,28.2392],[97.4785,28.3923],[97.603,28.4121],[97.83,28.2865],[98.0087,28.0908],[98.1181,27.6852],[98.216,27.5461],[98.3451,27.5278],[98.5717,27.5418],[98.6372,27.4787]]]},"properties":{"NAME":"Tibet","SUBJECTO":"Tibet","PARTOF":"Tibet","BORDERPRECISION":3,"LINK":null}},
{"type":"Feature","geometry":{"type":"Polygon","coordinates":[[[91.0643,26.7526],[92.1703,26.9873],[91.3005,27.9973],[89.7848,28.0226],[89.672,28.1975],[88.1618,27.7414],[88.0706,27.5234],[88.0389,27.129],[88.2319,26.757],[88.6018,26.6404],[88.8675,26.9084],[89.1538,26.8275],[89.4053,26.7909],[89.7963,26.6948],[89.8344,26.6854],[90,26.7186],[90,26.7787],[90.5968,26.7641],[91.0643,26.7526]]]},"properties":{"NAME":"Bhutan","SUBJECTO":"Bhutan","PARTOF":"Bhutan","BORDERPRECISION":3,"LINK":null}},
{"type":"Feature","geometry":{"type":"Polygon","coordinates":[[[77.3874,18.7709],[77.0712,17.3612],[77.1739,16.6583],[77.9974,16.4653],[78.3217,17.4154],[78.1733,19.0127],[77.3874,18.7709]]]},"properties":{"NAME":"Bidar","SUBJECTO":"Bidar","PARTOF":"Deccan Sultanates","BORDERPRECISION":1,"LINK":null}},
{"type":"Feature","geometry":{"type":"Polygon","coordinates":[[[77.3874,18.7709],[77.2551,18.7302],[75.4124,18.4999],[73.3957,16.6164],[73.4093,16.5585],[73.4942,16.288],[74.3759,16.3116],[75.0669,15.9661],[76.1034,15.9661],[76.9096,16.3116],[77.2246,16.3116],[77.3098,16.3116],[77.4854,16.3116],[77.9224,16.2456],[77.9974,16.4653],[77.1739,16.6583],[77.0712,17.3612],[77.3874,18.7709]]]},"properties":{"NAME":"Bijapur","SUBJECTO":"Bijapur","PARTOF":"Deccan Sultanates","BORDERPRECISION":1,"LINK":null}},
{"type":"Feature","geometry":{"type":"Polygon","coordinates":[[[77.0527,20.8113],[77.2792,19.622],[75.2967,19.4096],[74.8011,21.1089],[74.093,21.1089],[72.7825,19.9497],[72.8534,19.2447],[72.9761,18.5386],[73.0642,18.0317],[73.1847,17.5173],[73.3957,16.6164],[75.4124,18.4999],[77.2551,18.7302],[77.3874,18.7709],[78.1733,19.0127],[78.5334,19.1235],[78.5728,20.4383],[77.0527,20.8113]]]},"properties":{"NAME":"Ahmadnagar","SUBJECTO":"Ahmadnagar","PARTOF":"Deccan Sultanates","BORDERPRECISION":1,"LINK":null}},
{"type":"Feature","geometry":{"type":"Polygon","coordinates":[[[78.5334,19.1235],[78.1733,19.0127],[78.3217,17.4154],[77.9974,16.4653],[77.9224,16.2456],[77.4854,16.3116],[77.3098,16.3116],[77.35,15.8694],[77.8456,14.8782],[77.9164,13.5329],[78.4121,12.8957],[79.7694,11.731],[79.8667,11.9691],[79.9228,12.1062],[80.2238,12.8311],[80.3135,13.1045],[80.3199,13.3332],[80.2018,13.4917],[80.1781,13.5235],[80.0759,13.6694],[80.1697,13.892],[80.1617,14.2541],[80.0871,14.9464],[80.0894,15.1752],[80.1634,15.3913],[80.3002,15.6457],[80.4598,15.7731],[80.736,15.8373],[80.9631,15.7234],[81.0879,15.8268],[81.2531,16.2259],[81.3691,16.3469],[81.5968,16.3029],[81.7424,16.3224],[81.789,16.3287],[82.0814,16.4627],[82.2346,16.6473],[82.2674,16.857],[82.3231,17.0041],[82.354,17.0859],[82.5464,17.2261],[82.7496,17.3345],[82.8461,17.3834],[83.077,17.5004],[83.3814,17.7107],[83.6847,18.0834],[83.9877,18.2075],[84.2627,18.4558],[84.3245,18.5303],[83.2267,18.4183],[81.0809,17.6009],[80.636,17.4314],[79.9555,17.6037],[79.417,17.2855],[79.3048,17.2855],[78.8675,18.2695],[79.213,18.8454],[78.7523,19.1909],[78.5334,19.1235]]]},"properties":{"NAME":"Golkonda","SUBJECTO":"Golkonda","PARTOF":"Deccan Sultanates","BORDERPRECISION":1,"LINK":null}},
{"type":"Feature","geometry":{"type":"Polygon","coordinates":[[[73.4942,16.288],[73.5081,16.244],[73.5727,16.0379],[73.8414,15.3905],[74.0322,15.0588],[74.1531,14.8495],[74.3771,14.4619],[74.4015,14.4196],[74.4214,14.3755],[74.703,13.7513],[74.7336,13.6834],[74.7776,13.5279],[74.9617,12.877],[75.2109,12.1024],[75.5907,11.5175],[75.6518,11.4235],[76.0751,10.554],[76.2484,10.1035],[76.294,9.9849],[76.3853,9.7477],[76.4672,9.4101],[76.5379,9.119],[76.6624,8.8842],[76.7035,8.7064],[77.3414,8.0533],[77.4195,8.028],[77.4844,8.0282],[77.5888,8.0983],[77.6186,8.1174],[77.6632,8.1429],[77.7339,8.1773],[77.848,8.2327],[77.8998,8.2578],[78.0649,8.3853],[78.1358,8.4998],[78.1811,8.8112],[78.3138,8.9958],[78.6601,9.1236],[78.7976,9.1302],[79.1596,9.2772],[78.9377,9.4355],[78.9266,9.4927],[79.0723,9.7599],[79.2225,10.1922],[79.3063,10.2559],[79.5009,10.25],[79.7899,10.2506],[79.8263,10.3587],[79.7318,11.1527],[79.7107,11.4449],[79.7253,11.5159],[79.7694,11.731],[78.4121,12.8957],[77.9164,13.5329],[77.8456,14.8782],[77.35,15.8694],[77.3098,16.3116],[77.2246,16.3116],[76.9096,16.3116],[76.1034,15.9661],[75.0669,15.9661],[74.3759,16.3116],[73.4942,16.288]]]},"properties":{"NAME":"Vijayanagara","SUBJECTO":"Vijayanagara","PARTOF":"Vijayanagara","BORDERPRECISION":1,"LINK":null}},
{"type":"Feature","geometry":{"type":"Polygon","coordinates":[[[120.6701,23.8648],[120.9367,24.0403],[120.5821,24.4142],[120.5786,24.4103],[120.5717,24.4022],[120.5589,24.3853],[120.545,24.3622],[120.5105,24.2919],[120.508,24.2867],[120.4764,24.2103],[120.4719,24.193],[120.4272,24.15],[120.4211,24.1411],[120.363,24.0483],[120.3522,24.028],[120.6701,23.8648]]]},"properties":{"NAME":"Middag Kingdom","SUBJECTO":"Manchu Empire","PARTOF":"Middag Kingdom","BORDERPRECISION":3,"LINK":null}},
{"type":"Feature","geometry":{"type":"Polygon","coordinates":[[[100.0012,20.4587],[99.9654,20.4203],[99.8941,20.3882],[99.604,20.3611],[99.408,20.2837],[99.1702,20.13],[98.9933,19.8622],[98.5081,19.7197],[98.2288,19.7117],[98.0157,19.7486],[97.8529,19.5635],[97.7888,19.398],[97.7723,19.0296],[97.7209,18.8007],[97.7501,18.6167],[97.7111,18.5085],[97.6381,18.5081],[97.3735,18.4494],[97.706,18.0513],[97.7373,17.9689],[97.7876,17.5755],[97.9022,17.5126],[98.3931,17.0837],[98.4595,16.938],[98.6384,16.6497],[99.7166,16.841],[100.9132,17.5446],[100.8884,17.6],[100.9009,17.8223],[100.9536,18.0195],[101.1916,18.7258],[101.2294,18.9101],[101.1176,19.5],[101.0971,19.5507],[100.9108,19.5305],[100.6907,19.4404],[100.5004,19.4393],[100.4172,19.5086],[100.3871,19.6735],[100.4353,20.0358],[100.4306,20.2262],[100.3775,20.3021],[100.2448,20.3839],[100.0012,20.4587]]]},"properties":{"NAME":"Lan Na","SUBJECTO":"Lan Na","PARTOF":"Lan Na","BORDERPRECISION":3,"LINK":null}},
{"type":"Feature","geometry":{"type":"MultiPolygon","coordinates":[[[[-3.1744,54.8446],[-3.1525,54.8381],[-3.4304,54.6431],[-3.5692,54.415],[-3.4793,54.2746],[-3.2615,54.1412],[-2.8859,54.1687],[-2.8653,54.0283],[-2.9795,53.8209],[-3.0567,53.5136],[-2.9145,53.2671],[-3.3295,53.233],[-3.9567,53.2052],[-4.3175,53.0912],[-4.4919,52.991],[-4.6214,52.831],[-4.4683,52.8113],[-4.1475,52.8319],[-4.0939,52.7455],[-4.1236,52.3733],[-4.2947,52.2003],[-4.6191,52.0935],[-5.0615,52.0064],[-5.2488,51.8602],[-5.1786,51.7875],[-4.999,51.7017],[-4.1593,51.6768],[-3.4991,51.4597],[-3.1728,51.4669],[-2.7502,51.644],[-2.8947,51.3938],[-3.0331,51.3299],[-3.066,51.1777],[-3.483,51.1811],[-3.8252,51.2348],[-4.281,51.1872],[-4.2773,51.0637],[-4.4426,50.9687],[-4.5515,50.9972],[-4.6046,50.7787],[-4.8153,50.6042],[-5.0166,50.5605],[-5.2378,50.3463],[-5.7778,50.1341],[-5.4292,50.0679],[-5.2823,49.9638],[-4.967,50.2122],[-4.5406,50.358],[-4.3033,50.3235],[-4.2426,50.3915],[-4.0042,50.3141],[-3.8817,50.2004],[-3.715,50.2193],[-3.5632,50.3614],[-3.5215,50.6174],[-3.1109,50.6574],[-2.9606,50.7218],[-2.5505,50.57],[-2.432,50.6459],[-2.0237,50.57],[-2.0854,50.7028],[-1.3725,50.7663],[-1.1034,50.8167],[-0.839,50.7218],[-0.3357,50.8167],[-0.2037,50.7953],[0.1918,50.7313],[0.6726,50.9307],[0.8883,50.8927],[0.886,50.9819],[1.335,51.1207],[1.3647,51.3529],[1.1894,51.4055],[1.0301,51.3588],[0.8043,51.3783],[0.2542,51.4536],[0.6862,51.5604],[1.0313,51.8127],[1.5119,52.0258],[1.6569,52.2118],[1.6917,52.3114],[1.5857,52.65],[1.3759,52.8092],[1.0127,52.8884],[0.7418,52.9012],[0.5047,52.8475],[0.3268,52.7075],[0.0055,52.7867],[0.2509,53.0401],[0.2678,53.1267],[0.1745,53.2931],[0.081,53.3862],[-0.2037,53.5233],[-0.3192,53.5789],[-0.2349,53.7994],[-0.2955,54.0332],[-0.6048,54.3002],[-0.8706,54.5472],[-1.1921,54.5954],[-1.3889,54.6805],[-1.5556,54.9216],[-1.696,55.2725],[-1.666,55.3796],[-1.719,55.4537],[-1.942,55.5561],[-2.245,55.811],[-2.2969,55.8239],[-2.4538,55.3819],[-2.7551,54.9159],[-3.1744,54.8446]]],[[[-6.335,53.786],[-6.4434,53.8994],[-6.3431,53.9396],[-6.2064,53.9567],[-6.0717,53.9736],[-5.9122,54.0274],[-5.7314,54.1749],[-5.6615,54.3222],[-5.7999,54.5229],[-5.7637,54.657],[-5.7849,54.7374],[-6.0182,55.093],[-6.1165,55.1602],[-6.2793,55.1397],[-6.4543,55.1865],[-6.6452,55.2064],[-6.9968,55.172],[-6.9634,55.2413],[-7.1116,55.3152],[-7.3339,55.3836],[-7.4265,55.2941],[-7.7562,55.2527],[-8.1183,55.1766],[-8.3454,55.0953],[-8.4763,54.8799],[-8.5037,54.7496],[-8.76,54.7014],[-8.8294,54.6339],[-8.2115,54.6339],[-8.3006,54.4893],[-8.6867,54.3641],[-8.5901,54.2028],[-9.0858,54.2582],[-9.3229,54.2751],[-9.4743,54.2413],[-9.892,54.3256],[-9.9888,54.2537],[-10.1597,54.1331],[-10.1785,53.9119],[-9.9129,53.9696],[-9.6965,53.8734],[-9.8724,53.7677],[-9.8096,53.6324],[-10.1514,53.5756],[-10.0211,53.5119],[-10.1598,53.3741],[-9.8848,53.2974],[-9.8029,53.3454],[-9.6167,53.3459],[-9.4407,53.2662],[-9.2974,53.2798],[-9.1582,53.2207],[-9.0017,53.3004],[-8.9236,53.1606],[-8.997,53.1204],[-9.3093,53.1153],[-9.5258,52.9046],[-9.4416,52.8333],[-9.6157,52.6366],[-9.1343,52.6809],[-9.1926,52.5545],[-9.504,52.5405],[-9.7357,52.4803],[-9.784,52.3407],[-9.8016,52.2411],[-9.8906,52.1944],[-10.4692,52.2066],[-10.4973,52.1017],[-9.9638,52.0921],[-10.294,51.9776],[-10.2169,51.7583],[-9.8354,51.8033],[-9.7952,51.6046],[-9.8191,51.4346],[-9.2433,51.4726],[-8.8478,51.5998],[-8.5652,51.6155],[-8.1588,51.8396],[-7.8616,51.9681],[-7.7506,52.0327],[-7.3724,52.0921],[-6.9617,52.1112],[-6.8939,52.2066],[-6.6168,52.2207],[-6.4892,52.1944],[-6.406,52.2144],[-6.3409,52.4271],[-6.2321,52.6133],[-6.0707,52.7666],[-6.0431,52.8931],[-6.1722,53.4392],[-6.335,53.786]]],[[[-5.4824,55.4427],[-5.5178,55.668],[-5.6887,55.6281],[-5.7557,55.4773],[-5.6982,55.3307],[-5.6203,55.3295],[-5.4824,55.4427]]],[[[-4.3256,53.145],[-4.2181,53.2003],[-4.1533,53.2256],[-4.1014,53.2478],[-4.09,53.255],[-4.0464,53.2997],[-4.0467,53.3033],[-4.06,53.3056],[-4.11,53.3122],[-4.1158,53.3125],[-4.1222,53.3119],[-4.1269,53.3106],[-4.2222,53.3217],[-4.27,53.3886],[-4.2769,53.3983],[-4.2836,53.4033],[-4.2925,53.4075],[-4.3139,53.4119],[-4.4161,53.425],[-4.4231,53.425],[-4.4292,53.4244],[-4.4747,53.4186],[-4.56,53.3967],[-4.5669,53.3914],[-4.5692,53.3881],[-4.5675,53.2733],[-4.4944,53.1894],[-4.4789,53.1767],[-4.4022,53.1258],[-4.3514,53.1244],[-4.3256,53.145]]],[[[-4.7839,54.0569],[-4.7778,54.0556],[-4.7208,54.0761],[-4.7047,54.0797],[-4.6906,54.0783],[-4.6844,54.0769],[-4.6239,54.0686],[-4.5506,54.0978],[-4.4911,54.1267],[-4.4706,54.1375],[-4.3944,54.1864],[-4.3861,54.1955],[-4.3217,54.2767],[-4.3094,54.2933],[-4.3075,54.2969],[-4.3083,54.3006],[-4.3528,54.4092],[-4.3542,54.4108],[-4.3603,54.4161],[-4.3681,54.4167],[-4.4431,54.398],[-4.485,54.3872],[-4.5275,54.3672],[-4.5414,54.3561],[-4.5528,54.3439],[-4.5533,54.3353],[-4.5547,54.3311],[-4.5781,54.2969],[-4.5881,54.2836],[-4.5958,54.2739],[-4.6019,54.2678],[-4.6181,54.2542],[-4.625,54.2489],[-4.6414,54.24],[-4.6458,54.2381],[-4.6989,54.2192],[-4.7103,54.2172],[-4.7139,54.2144],[-4.7886,54.0672],[-4.7886,54.063],[-4.7875,54.0594],[-4.7839,54.0569]]]]},"properties":{"NAME":"England and Ireland","SUBJECTO":"England and Ireland","PARTOF":"England and Ireland","BORDERPRECISION":3,"LINK":null}},
{"type":"Feature","geometry":{"type":"MultiPolygon","coordinates":[[[[-170.5503,-14.2983],[-170.5461,-14.2986],[-170.5425,-14.2975],[-170.5367,-14.2889],[-170.54,-14.2839],[-170.5484,-14.2825],[-170.5608,-14.2878],[-170.5559,-14.295],[-170.5503,-14.2983]]],[[[-170.66,-14.2553],[-170.6681,-14.2556],[-170.6817,-14.2581],[-170.795,-14.2981],[-170.8003,-14.3006],[-170.8092,-14.3081],[-170.8223,-14.3203],[-170.8261,-14.325],[-170.8223,-14.3294],[-170.7664,-14.3636],[-170.7494,-14.3739],[-170.7439,-14.3756],[-170.6373,-14.2894],[-170.5786,-14.2792],[-170.5633,-14.2725],[-170.5608,-14.2692],[-170.56,-14.2658],[-170.5656,-14.2558],[-170.5703,-14.2528],[-170.66,-14.2553]]],[[[-169.5095,-14.2767],[-169.4445,-14.2617],[-169.44,-14.2606],[-169.4383,-14.2567],[-169.4395,-14.2317],[-169.4456,-14.2267],[-169.4498,-14.2264],[-169.5153,-14.2267],[-169.5223,-14.2269],[-169.5339,-14.2297],[-169.5361,-14.2317],[-169.5372,-14.2378],[-169.5356,-14.2428],[-169.5217,-14.2683],[-169.5178,-14.2728],[-169.5131,-14.2758],[-169.5095,-14.2767]]],[[[-169.6231,-14.1839],[-169.6219,-14.1764],[-169.6219,-14.1686],[-169.6261,-14.1669],[-169.6406,-14.1717],[-169.6447,-14.1761],[-169.6442,-14.1811],[-169.6417,-14.1861],[-169.6314,-14.1908],[-169.6256,-14.1897],[-169.6231,-14.1839]]],[[[-169.6831,-14.1667],[-169.6873,-14.1664],[-169.6909,-14.1675],[-169.6942,-14.1736],[-169.6942,-14.1853],[-169.6931,-14.1889],[-169.687,-14.1919],[-169.6856,-14.1919],[-169.6811,-14.1917],[-169.6614,-14.1833],[-169.6598,-14.1806],[-169.6598,-14.1792],[-169.6622,-14.175],[-169.6656,-14.1728],[-169.6831,-14.1667]]],[[[-178.7209,-20.6481],[-178.7245,-20.6447],[-178.7306,-20.6461],[-178.7333,-20.6503],[-178.7378,-20.6597],[-178.7372,-20.6661],[-178.7333,-20.6694],[-178.715,-20.6744],[-178.7078,-20.6744],[-178.7056,-20.6708],[-178.7209,-20.6481]]],[[[-178.2114,-19.8525],[-178.2017,-19.8436],[-178.2003,-19.8408],[-178.1981,-19.8358],[-178.2003,-19.8311],[-178.2039,-19.8275],[-178.2097,-19.8264],[-178.2128,-19.8275],[-178.2217,-19.84],[-178.2231,-19.8456],[-178.2217,-19.8511],[-178.2164,-19.8533],[-178.2114,-19.8525]]],[[[-178.3914,-19.1761],[-178.3864,-19.1594],[-178.3864,-19.1389],[-178.3884,-19.1339],[-178.3928,-19.1306],[-178.3986,-19.1292],[-178.4111,-19.1436],[-178.4231,-19.1725],[-178.425,-19.1775],[-178.4231,-19.1822],[-178.4186,-19.185],[-178.3967,-19.185],[-178.3914,-19.1761]]],[[[179.773,-19.1233],[179.7583,-19.1303],[179.7539,-19.1331],[179.7397,-19.1819],[179.7402,-19.1881],[179.7466,-19.1958],[179.7747,-19.1975],[179.7797,-19.1953],[179.7936,-19.1878],[179.7975,-19.1844],[179.7966,-19.1783],[179.7892,-19.1417],[179.7775,-19.125],[179.773,-19.1233]]],[[[-178.5933,-19.1206],[-178.5992,-19.1286],[-178.6014,-19.1336],[-178.6022,-19.1397],[-178.6014,-19.1458],[-178.597,-19.1558],[-178.5933,-19.1592],[-178.5803,-19.1675],[-178.5561,-19.1792],[-178.5459,-19.1819],[-178.5386,-19.1819],[-178.5508,-19.1178],[-178.5544,-19.1142],[-178.5589,-19.1117],[-178.5639,-19.1094],[-178.5697,-19.1081],[-178.5764,-19.1086],[-178.5858,-19.1136],[-178.5933,-19.1206]]],[[[178.3722,-18.9317],[178.345,-18.9264],[178.3391,-18.9275],[178.3069,-18.9356],[178.1819,-18.9822],[178.178,-18.9856],[178.1753,-18.9897],[178.1714,-19],[178.0686,-19.0661],[177.9722,-19.1028],[177.9677,-19.1056],[177.9522,-19.1253],[177.9511,-19.1314],[177.9533,-19.1364],[177.9561,-19.1406],[177.9605,-19.1433],[177.9988,-19.1625],[178.0047,-19.1628],[178.0158,-19.1594],[178.0327,-19.1478],[178.0389,-19.1481],[178.0855,-19.1583],[178.0941,-19.1628],[178.1361,-19.1378],[178.1705,-19.0939],[178.1691,-19.0883],[178.1703,-19.0753],[178.1725,-19.0706],[178.188,-19.0492],[178.1919,-19.0458],[178.303,-18.9992],[178.3075,-18.9992],[178.3255,-19.0028],[178.3291,-19.0064],[178.3283,-19.0125],[178.328,-19.0278],[178.3375,-19.0506],[178.3416,-19.0508],[178.3738,-19.0525],[178.3805,-19.0519],[178.4172,-19.0469],[178.423,-19.0456],[178.4655,-19.0339],[178.4864,-19.0189],[178.498,-19.0094],[178.4983,-18.99],[178.4963,-18.9781],[178.4941,-18.9733],[178.4905,-18.9697],[178.4683,-18.9564],[178.3722,-18.9317]]],[[[-178.9428,-18.9253],[-178.9494,-18.9258],[-178.9628,-18.9342],[-178.9686,-18.9422],[-178.9723,-18.9528],[-178.9672,-18.9783],[-178.9622,-18.9872],[-178.9586,-18.9908],[-178.9534,-18.9928],[-178.947,-18.9936],[-178.9367,-18.9894],[-178.9336,-18.9853],[-178.9306,-18.9742],[-178.9306,-18.9606],[-178.9314,-18.9486],[-178.9333,-18.9369],[-178.9386,-18.9281],[-178.9428,-18.9253]]],[[[-179.8533,-18.9728],[-179.8525,-18.9667],[-179.8481,-18.9569],[-179.84,-18.9508],[-179.8342,-18.9494],[-179.8269,-18.9494],[-179.8159,-18.9531],[-179.8123,-18.9564],[-179.8095,-18.9608],[-179.8059,-18.9711],[-179.8044,-18.9836],[-179.8031,-18.9864],[-179.795,-18.9803],[-179.7883,-18.9725],[-179.7823,-18.9589],[-179.7836,-18.9464],[-179.7886,-18.9372],[-179.8172,-18.9267],[-179.8217,-18.9253],[-179.8389,-18.9225],[-179.845,-18.9225],[-179.8531,-18.9286],[-179.8575,-18.9383],[-179.8658,-18.9775],[-179.8703,-19.0011],[-179.8689,-19.0053],[-179.8653,-19.0086],[-179.8572,-19.0122],[-179.8508,-19.0131],[-179.8533,-18.9728]]],[[[178.528,-18.8672],[178.5258,-18.8625],[178.5216,-18.8597],[178.5092,-18.8586],[178.5042,-18.8608],[178.4803,-18.8797],[178.4766,-18.8831],[178.4719,-18.8969],[178.4711,-18.91],[178.4733,-18.915],[178.4972,-18.9339],[178.5022,-18.9347],[178.528,-18.9108],[178.5341,-18.9025],[178.5364,-18.8978],[178.5364,-18.8922],[178.528,-18.8672]]],[[[-178.4767,-18.6469],[-178.5014,-18.6372],[-178.5067,-18.6353],[-178.517,-18.6447],[-178.5197,-18.6489],[-178.5214,-18.6544],[-178.5214,-18.6614],[-178.5192,-18.6664],[-178.5161,-18.6706],[-178.512,-18.6733],[-178.5061,-18.6747],[-178.4986,-18.6747],[-178.4864,-18.6725],[-178.4783,-18.6664],[-178.4731,-18.6575],[-178.4731,-18.6506],[-178.4767,-18.6469]]],[[[179.8358,-18.5817],[179.8366,-18.5867],[179.8394,-18.5908],[179.888,-18.6375],[179.8958,-18.6439],[179.9083,-18.6447],[179.9128,-18.6419],[179.9666,-18.56],[179.9697,-18.5489],[179.9675,-18.5442],[179.9639,-18.5406],[179.95,-18.5397],[179.9289,-18.5403],[179.9055,-18.5456],[179.8813,-18.5517],[179.8491,-18.5667],[179.8402,-18.5722],[179.8375,-18.5764],[179.8358,-18.5817]]],[[[177.6361,-18.4914],[177.6308,-18.4919],[177.6152,-18.505],[177.613,-18.5097],[177.6136,-18.5161],[177.6191,-18.5383],[177.6375,-18.5689],[177.648,-18.5864],[177.6552,-18.5936],[177.6602,-18.5942],[177.6633,-18.5903],[177.6642,-18.5839],[177.6636,-18.5778],[177.6516,-18.5097],[177.6497,-18.5047],[177.6447,-18.4958],[177.6361,-18.4914]]],[[[178.1272,-18.3539],[178.1236,-18.3572],[178.1211,-18.3619],[178.1094,-18.4075],[178.1125,-18.4117],[178.1166,-18.4147],[178.1283,-18.4175],[178.1327,-18.4175],[178.1386,-18.4164],[178.1503,-18.4067],[178.1566,-18.3778],[178.1569,-18.3708],[178.1555,-18.3653],[178.1533,-18.3606],[178.1497,-18.3561],[178.1453,-18.3533],[178.1397,-18.3519],[178.1272,-18.3539]]],[[[-178.7475,-18.2014],[-178.7636,-18.1883],[-178.7731,-18.1833],[-178.787,-18.1825],[-178.808,-18.1833],[-178.8189,-18.1853],[-178.8242,-18.1872],[-178.8286,-18.19],[-178.8431,-18.2108],[-178.8439,-18.2169],[-178.8367,-18.2239],[-178.812,-18.2428],[-178.8031,-18.2483],[-178.7981,-18.2503],[-178.7917,-18.2511],[-178.7784,-18.2497],[-178.7653,-18.2483],[-178.7603,-18.2464],[-178.7514,-18.2408],[-178.7478,-18.2375],[-178.7447,-18.2333],[-178.7411,-18.2228],[-178.7411,-18.2161],[-178.7425,-18.2103],[-178.7447,-18.2056],[-178.7475,-18.2014]]],[[[179.2458,-18.0364],[179.3361,-18.1211],[179.3416,-18.1225],[179.3519,-18.1211],[179.3586,-18.1136],[179.3675,-18.0944],[179.3683,-18.0881],[179.3677,-18.0819],[179.3552,-18.0139],[179.3533,-18.0092],[179.308,-17.9483],[179.3003,-17.9419],[179.2922,-17.9372],[179.2733,-17.9356],[179.2667,-17.9361],[179.2433,-17.9511],[179.2364,-17.9683],[179.243,-18.0253],[179.2458,-18.0364]]],[[[-178.9911,-17.9508],[-179.0017,-17.9403],[-179.017,-17.9272],[-179.0214,-17.9244],[-179.027,-17.9231],[-179.0481,-17.9236],[-179.0589,-17.9275],[-179.0684,-17.9325],[-179.0778,-17.9442],[-179.0786,-17.9503],[-179.0764,-17.955],[-179.0706,-17.9633],[-179.06,-17.9739],[-179.0289,-17.9925],[-179.0239,-17.9947],[-179.0181,-17.9961],[-179.0117,-17.9953],[-178.9955,-17.99],[-178.9928,-17.9872],[-178.9897,-17.9797],[-178.9883,-17.9742],[-178.9889,-17.9556],[-178.9911,-17.9508]]],[[[-178.3239,-17.8825],[-178.3347,-17.8858],[-178.3478,-17.8942],[-178.3508,-17.8983],[-178.3544,-17.9086],[-178.358,-17.9261],[-178.3572,-17.9308],[-178.3553,-17.9356],[-178.34,-17.9558],[-178.3306,-17.9606],[-178.3189,-17.9633],[-178.3014,-17.9661],[-178.287,-17.9661],[-178.2628,-17.9614],[-178.2475,-17.9553],[-178.2439,-17.9517],[-178.2408,-17.9475],[-178.2386,-17.9428],[-178.2381,-17.9322],[-178.2386,-17.9261],[-178.2445,-17.9178],[-178.2561,-17.9081],[-178.265,-17.9025],[-178.2975,-17.8853],[-178.31,-17.8831],[-178.3239,-17.8825]]],[[[179.4219,-17.8483],[179.4286,-17.8408],[179.4303,-17.8283],[179.4211,-17.7972],[179.4161,-17.7881],[179.3972,-17.785],[179.3928,-17.7864],[179.3861,-17.7942],[179.3961,-17.8219],[179.4083,-17.8447],[179.4119,-17.8483],[179.4169,-17.8506],[179.4219,-17.8483]]],[[[-179.2883,-17.7811],[-179.2853,-17.777],[-179.2831,-17.772],[-179.2817,-17.7667],[-179.2817,-17.7597],[-179.285,-17.7408],[-179.2881,-17.7367],[-179.2923,-17.7339],[-179.3025,-17.7297],[-179.3133,-17.7261],[-179.3192,-17.7275],[-179.3259,-17.735],[-179.3325,-17.7497],[-179.3347,-17.7614],[-179.3333,-17.767],[-179.3311,-17.772],[-179.2984,-17.7853],[-179.2925,-17.7839],[-179.2883,-17.7811]]],[[[178.8327,-17.6272],[178.8283,-17.6244],[178.8167,-17.6214],[178.8102,-17.6206],[178.7919,-17.6211],[178.778,-17.6286],[178.7605,-17.6394],[178.7567,-17.6428],[178.7508,-17.6511],[178.7486,-17.6558],[178.7441,-17.6725],[178.7477,-17.7197],[178.7719,-17.7544],[178.8203,-17.7428],[178.8377,-17.7319],[178.8497,-17.7153],[178.8533,-17.705],[178.8536,-17.6883],[178.853,-17.6697],[178.8503,-17.6586],[178.8361,-17.6306],[178.8327,-17.6272]]],[[[-179.1478,-17.4783],[-179.142,-17.477],[-179.1325,-17.4722],[-179.1297,-17.4681],[-179.1281,-17.4625],[-179.1275,-17.4561],[-179.1281,-17.45],[-179.1433,-17.4311],[-179.1534,-17.4297],[-179.1681,-17.4297],[-179.1789,-17.4331],[-179.1817,-17.4372],[-179.1833,-17.4497],[-179.1734,-17.4678],[-179.1661,-17.4747],[-179.1617,-17.4775],[-179.1478,-17.4783]]],[[[178.1755,-18.2417],[178.1822,-18.2342],[178.1944,-18.2178],[178.2194,-18.1931],[178.2305,-18.19],[178.2436,-18.1886],[178.2733,-18.1475],[178.3386,-18.12],[178.3488,-18.1161],[178.3958,-18.1042],[178.4008,-18.1036],[178.5322,-18.0922],[178.5533,-18.0975],[178.5575,-18.1003],[178.5608,-18.1156],[178.5883,-18.1353],[178.6611,-18.0897],[178.678,-18.0783],[178.6811,-18.0742],[178.6922,-18.0569],[178.6975,-18.0472],[178.6933,-18.025],[178.6208,-17.8939],[178.5977,-17.7842],[178.5952,-17.6936],[178.5986,-17.6825],[178.6008,-17.6706],[178.6011,-17.6581],[178.5983,-17.6431],[178.5911,-17.6358],[178.3725,-17.475],[178.3028,-17.4303],[178.2808,-17.4031],[178.2816,-17.3897],[178.2797,-17.3781],[178.2714,-17.3489],[178.2691,-17.3439],[178.2441,-17.3261],[178.2397,-17.3233],[178.2175,-17.31],[178.193,-17.3011],[178.1886,-17.3039],[178.1869,-17.3233],[178.1705,-17.3425],[178.1247,-17.3578],[177.9594,-17.4092],[177.9536,-17.4106],[177.9464,-17.4106],[177.8978,-17.4078],[177.8333,-17.3961],[177.835,-17.3864],[177.8352,-17.3797],[177.8344,-17.3733],[177.8311,-17.3628],[177.8253,-17.3628],[177.8203,-17.3647],[177.6247,-17.4447],[177.5191,-17.5039],[177.5103,-17.5094],[177.388,-17.6328],[177.3853,-17.6514],[177.3872,-17.6631],[177.3903,-17.6675],[177.4197,-17.6811],[177.4225,-17.6853],[177.4239,-17.6908],[177.4325,-17.7375],[177.433,-17.7436],[177.4319,-17.7567],[177.4297,-17.7617],[177.3713,-17.8125],[177.2941,-17.8478],[177.2794,-17.8544],[177.275,-17.8572],[177.2594,-17.87],[177.2567,-17.8742],[177.2483,-17.9564],[177.2488,-17.9628],[177.2592,-17.9983],[177.2991,-18.0786],[177.3297,-18.1158],[177.3333,-18.1194],[177.473,-18.1628],[177.5161,-18.1531],[177.6061,-18.1739],[177.6119,-18.1756],[177.6164,-18.1783],[177.62,-18.1817],[177.8641,-18.2639],[177.9602,-18.2683],[178.0191,-18.2678],[178.155,-18.2567],[178.1602,-18.2547],[178.1647,-18.2519],[178.1755,-18.2417]]],[[[177.1,-17.3147],[177.1125,-17.3144],[177.1175,-17.3125],[177.1433,-17.2956],[177.1583,-17.2681],[177.1583,-17.2653],[177.1455,-17.25],[177.1419,-17.2478],[177.1114,-17.2583],[177.1003,-17.2711],[177.1,-17.3147]]],[[[-179.1164,-17.2678],[-179.1178,-17.2622],[-179.1214,-17.2586],[-179.1467,-17.2481],[-179.1526,-17.2467],[-179.1584,-17.2481],[-179.1628,-17.2508],[-179.1634,-17.2572],[-179.1615,-17.2689],[-179.157,-17.2786],[-179.1534,-17.2822],[-179.1484,-17.2842],[-179.1417,-17.285],[-179.1286,-17.2836],[-179.1237,-17.2817],[-179.1201,-17.2781],[-179.1178,-17.2733],[-179.1164,-17.2678]]],[[[179.4417,-17.2478],[179.433,-17.2422],[179.4191,-17.2428],[179.3572,-17.2594],[179.358,-17.2628],[179.3705,-17.2964],[179.3791,-17.3158],[179.3839,-17.3497],[179.3844,-17.3658],[179.3833,-17.3997],[179.3994,-17.3944],[179.4236,-17.3758],[179.4272,-17.3725],[179.4405,-17.3433],[179.4441,-17.3331],[179.448,-17.3158],[179.4497,-17.3033],[179.4466,-17.2569],[179.4453,-17.2514],[179.4417,-17.2478]]],[[[-178.9086,-17.2178],[-178.9092,-17.2131],[-178.9222,-17.1978],[-179.0078,-17.1511],[-179.015,-17.1508],[-179.02,-17.1531],[-179.0114,-17.1822],[-178.9858,-17.3181],[-178.9751,-17.2978],[-178.973,-17.2914],[-178.9713,-17.2891],[-178.9414,-17.26],[-178.9292,-17.2608],[-178.9253,-17.2572],[-178.9231,-17.2525],[-178.9086,-17.2178]]],[[[177.2083,-17.0889],[177.1875,-17.1175],[177.1783,-17.1436],[177.1772,-17.1608],[177.1772,-17.1636],[177.188,-17.1675],[177.1994,-17.1703],[177.2636,-17.1236],[177.2703,-17.1164],[177.2761,-17.1081],[177.2822,-17.0956],[177.2892,-17.0811],[177.2914,-17.0764],[177.2914,-17.0694],[177.288,-17.0589],[177.2852,-17.0547],[177.2811,-17.0519],[177.2461,-17.0556],[177.2402,-17.0567],[177.2358,-17.0594],[177.2083,-17.0889]]],[[[178.3402,-16.8306],[178.3389,-16.8247],[178.3314,-16.8006],[178.33,-16.7964],[178.325,-16.7942],[178.2772,-16.7894],[178.2744,-16.7933],[178.2766,-16.8253],[178.2789,-16.8303],[178.2822,-16.8339],[178.2875,-16.8358],[178.2939,-16.8367],[178.333,-16.8358],[178.338,-16.8353],[178.3402,-16.8306]]],[[[179.8928,-16.9461],[179.8847,-16.9592],[179.8824,-16.9642],[179.883,-16.9703],[179.8867,-16.9739],[179.9186,-16.9992],[179.9291,-17.0061],[179.9475,-17.0028],[179.9575,-16.9986],[179.9847,-16.9831],[180,-16.9657],[180,-16.7874],[179.9688,-16.8525],[179.9594,-16.8711],[179.9541,-16.88],[179.9469,-16.8869],[179.9322,-16.9008],[179.9044,-16.9297],[179.8928,-16.9461]]],[[[-179.8211,-16.7811],[-179.8531,-16.6928],[-179.8616,-16.6803],[-179.8681,-16.6795],[-179.8898,-16.6864],[-179.8951,-16.6884],[-179.9295,-16.7101],[-179.9386,-16.7159],[-180,-16.7874],[-180,-16.9657],[-179.9933,-16.9553],[-179.9876,-16.947],[-179.9359,-16.8997],[-179.9022,-16.8755],[-179.8211,-16.7811]]],[[[177.5705,-16.6983],[177.5672,-16.7094],[177.5583,-16.7219],[177.4766,-16.7961],[177.4314,-16.8444],[177.443,-16.8378],[177.5216,-16.79],[177.5741,-16.7361],[177.5844,-16.7189],[177.5936,-16.6994],[177.5944,-16.6933],[177.593,-16.6878],[177.5839,-16.6828],[177.5664,-16.6783],[177.56,-16.6775],[177.5605,-16.6803],[177.5641,-16.6839],[177.5669,-16.6881],[177.5705,-16.6983]]],[[[179.9433,-16.6519],[179.9491,-16.6436],[179.9505,-16.6381],[179.9505,-16.6242],[179.95,-16.6178],[179.9478,-16.6131],[179.9167,-16.6258],[179.8844,-16.6575],[179.8867,-16.6603],[179.9142,-16.6619],[179.9294,-16.6592],[179.9389,-16.6544],[179.9433,-16.6519]]],[[[180,-16.4943],[179.9952,-16.4961],[179.9864,-16.5017],[179.9836,-16.5058],[179.9819,-16.5114],[179.9811,-16.5244],[179.9819,-16.5308],[179.9847,-16.535],[179.9883,-16.5383],[179.9947,-16.5392],[180,-16.5379],[180,-16.4943]]],[[[-179.9711,-16.4589],[-179.9886,-16.477],[-179.9975,-16.4892],[-180,-16.4943],[-180,-16.5379],[-179.9762,-16.5353],[-179.9698,-16.5345],[-179.932,-16.5208],[-179.9269,-16.5189],[-179.8937,-16.4353],[-179.8964,-16.4311],[-179.9023,-16.4294],[-179.9148,-16.4317],[-179.9445,-16.4444],[-179.9495,-16.4467],[-179.9711,-16.4589]]],[[[179.5686,-16.7581],[179.5597,-16.7636],[179.5466,-16.765],[179.5394,-16.7647],[179.493,-16.7617],[179.4786,-16.7011],[179.4844,-16.6928],[179.5916,-16.5397],[179.653,-16.5017],[179.6747,-16.4947],[179.6891,-16.4881],[179.738,-16.4586],[179.7466,-16.4531],[179.7539,-16.4464],[179.7569,-16.4422],[179.8097,-16.3608],[179.853,-16.2911],[179.8917,-16.2447],[179.8983,-16.2372],[179.958,-16.1975],[179.9797,-16.1836],[179.9927,-16.1756],[180,-16.1727],[180,-16.1547],[179.9677,-16.1525],[179.9611,-16.1531],[179.9561,-16.1558],[179.9155,-16.1792],[179.8711,-16.2058],[179.8422,-16.2075],[179.7708,-16.2036],[179.6728,-16.2283],[179.5033,-16.2739],[179.4633,-16.2922],[179.4014,-16.3492],[179.3917,-16.3819],[179.403,-16.3986],[179.4044,-16.4028],[179.4041,-16.4097],[179.4005,-16.4131],[179.3319,-16.4131],[179.2986,-16.4128],[179.235,-16.4067],[179.2294,-16.3981],[179.2241,-16.3975],[178.9819,-16.4697],[178.9264,-16.4994],[178.93,-16.5031],[178.9278,-16.5147],[178.9255,-16.5197],[178.8975,-16.5483],[178.8939,-16.5519],[178.8894,-16.5547],[178.8633,-16.5667],[178.8269,-16.5747],[178.7775,-16.5992],[178.773,-16.6017],[178.7461,-16.6242],[178.7402,-16.6325],[178.7319,-16.6456],[178.7077,-16.6753],[178.6955,-16.6742],[178.6839,-16.6714],[178.6003,-16.6439],[178.5952,-16.6417],[178.5283,-16.7067],[178.4783,-16.7589],[178.4761,-16.7636],[178.4789,-16.7817],[178.4858,-16.7983],[178.4886,-16.8028],[178.4922,-16.8061],[178.5022,-16.8106],[178.518,-16.8161],[178.5253,-16.8164],[178.5436,-16.8144],[178.5516,-16.8083],[178.625,-16.8356],[178.6708,-16.9217],[178.6791,-16.9619],[178.6819,-16.9731],[178.6902,-16.9925],[178.6966,-17.0003],[178.7003,-17.0025],[178.7097,-17.0072],[178.7269,-17.0117],[178.7472,-17.0119],[178.7539,-17.0114],[178.7589,-17.0094],[178.7883,-16.9903],[178.7961,-16.9842],[178.8097,-16.9497],[178.8114,-16.9317],[178.8116,-16.9261],[178.8094,-16.9144],[178.8102,-16.9081],[178.8697,-16.8608],[178.9066,-16.855],[178.9441,-16.8792],[178.9483,-16.8889],[178.9497,-16.8944],[178.9547,-16.9036],[178.9589,-16.9064],[179.0189,-16.9272],[179.0239,-16.9253],[179.07,-16.8931],[179.0722,-16.8883],[179.0736,-16.8828],[179.0397,-16.8747],[179.0369,-16.8789],[179.0331,-16.8892],[179.0264,-16.8967],[179.0205,-16.8981],[179.0164,-16.8953],[179.0164,-16.8897],[179.0464,-16.8083],[179.0494,-16.8042],[179.053,-16.8006],[179.1683,-16.7242],[179.2064,-16.7053],[179.2658,-16.6906],[179.2722,-16.6914],[179.278,-16.6928],[179.3494,-16.7317],[179.3558,-16.7394],[179.3555,-16.7519],[179.3547,-16.7567],[179.3519,-16.7608],[179.3483,-16.7644],[179.3438,-16.7669],[179.3336,-16.7711],[179.3319,-16.8022],[179.4094,-16.8108],[179.5716,-16.8011],[179.6628,-16.7397],[179.71,-16.7297],[179.7463,-16.7264],[179.7789,-16.7275],[179.8105,-16.7347],[179.8447,-16.7439],[179.8533,-16.7564],[179.8552,-16.7614],[179.8661,-16.7719],[179.8705,-16.7733],[179.898,-16.7708],[179.9022,-16.7694],[179.9372,-16.7544],[179.9453,-16.7497],[179.9519,-16.7419],[179.9505,-16.7364],[179.8872,-16.6708],[179.878,-16.6658],[179.8713,-16.665],[179.8744,-16.6367],[179.9011,-16.5772],[179.9239,-16.5364],[179.9269,-16.5325],[179.9472,-16.5172],[179.9503,-16.5131],[179.9516,-16.5075],[179.9455,-16.475],[179.9441,-16.4694],[179.9419,-16.4644],[179.9375,-16.4617],[179.9325,-16.4608],[179.918,-16.4678],[179.8524,-16.5089],[179.813,-16.5406],[179.7519,-16.5914],[179.7147,-16.625],[179.643,-16.6908],[179.6161,-16.7206],[179.5686,-16.7581]]],[[[-169.8939,-19.1456],[-169.8881,-19.1444],[-169.8592,-19.1306],[-169.8503,-19.1258],[-169.8244,-19.1108],[-169.7981,-19.0872],[-169.7814,-19.0678],[-169.7817,-19.0628],[-169.8128,-18.9722],[-169.8175,-18.9683],[-169.8689,-18.9636],[-169.8848,-18.9633],[-169.8947,-18.9703],[-169.9289,-19.0106],[-169.9317,-19.0167],[-169.9531,-19.0703],[-169.9514,-19.0764],[-169.9309,-19.1244],[-169.8939,-19.1456]]],[[[-174.9747,-21.3658],[-174.9736,-21.3914],[-174.9658,-21.4178],[-174.9339,-21.4461],[-174.9245,-21.4522],[-174.9173,-21.4542],[-174.9109,-21.4267],[-174.9114,-21.3061],[-174.9353,-21.3247],[-174.9706,-21.3539],[-174.9739,-21.3589],[-174.9747,-21.3658]]],[[[-175.0517,-21.1617],[-175.0464,-21.1525],[-175.0456,-21.1458],[-175.0472,-21.1394],[-175.0503,-21.1344],[-175.0608,-21.1272],[-175.067,-21.1247],[-175.0731,-21.1242],[-175.0936,-21.125],[-175.1072,-21.1281],[-175.1195,-21.1325],[-175.1233,-21.135],[-175.1295,-21.1447],[-175.132,-21.1553],[-175.132,-21.1631],[-175.135,-21.1731],[-175.1417,-21.1786],[-175.1458,-21.1781],[-175.1522,-21.1756],[-175.2767,-21.125],[-175.3047,-21.0744],[-175.3022,-21.0714],[-175.3019,-21.0681],[-175.3053,-21.065],[-175.3125,-21.0636],[-175.3161,-21.0647],[-175.3392,-21.0731],[-175.3431,-21.0767],[-175.3514,-21.0861],[-175.355,-21.0914],[-175.3595,-21.0992],[-175.3605,-21.1025],[-175.358,-21.1294],[-175.3569,-21.1339],[-175.3514,-21.1433],[-175.3364,-21.1617],[-175.3236,-21.1744],[-175.3145,-21.18],[-175.1864,-21.2528],[-175.1453,-21.2681],[-175.135,-21.2678],[-175.1236,-21.2639],[-175.118,-21.2603],[-175.0517,-21.1617]]],[[[-174.7675,-20.2781],[-174.7608,-20.2764],[-174.7584,-20.2725],[-174.7561,-20.2644],[-174.7567,-20.2425],[-174.76,-20.2372],[-174.7656,-20.2347],[-174.7792,-20.2308],[-174.7864,-20.2317],[-174.792,-20.2347],[-174.7953,-20.2386],[-174.7959,-20.2453],[-174.7883,-20.2664],[-174.7853,-20.2717],[-174.7775,-20.2756],[-174.7675,-20.2781]]],[[[-174.4186,-19.9283],[-174.4139,-19.9267],[-174.3928,-19.905],[-174.3889,-19.9006],[-174.3867,-19.8939],[-174.3875,-19.8869],[-174.3909,-19.8817],[-174.3958,-19.8806],[-174.4011,-19.8836],[-174.4053,-19.8881],[-174.42,-19.9056],[-174.4225,-19.91],[-174.4239,-19.9147],[-174.4228,-19.9278],[-174.4186,-19.9283]]],[[[-174.3186,-19.8219],[-174.3145,-19.8172],[-174.3117,-19.8114],[-174.3064,-19.7719],[-174.3097,-19.7669],[-174.3159,-19.7642],[-174.3225,-19.7644],[-174.3259,-19.7683],[-174.3544,-19.8064],[-174.355,-19.812],[-174.3531,-19.8156],[-174.3481,-19.8186],[-174.3333,-19.8247],[-174.3275,-19.8253],[-174.3186,-19.8219]]],[[[-175.0784,-19.7081],[-175.0817,-19.7064],[-175.0869,-19.7081],[-175.0903,-19.7119],[-175.0978,-19.7414],[-175.0986,-19.7497],[-175.0914,-19.7681],[-175.0855,-19.7825],[-175.0839,-19.7861],[-175.0809,-19.7894],[-175.0772,-19.7936],[-175.0697,-19.7989],[-175.0633,-19.8008],[-175.0567,-19.8008],[-175.0514,-19.7992],[-175.0475,-19.7961],[-175.0442,-19.7922],[-175.0423,-19.7875],[-175.0425,-19.7814],[-175.0439,-19.7592],[-175.0503,-19.7283],[-175.0547,-19.7219],[-175.0589,-19.7181],[-175.0784,-19.7081]]],[[[-174.2631,-19.7447],[-174.2492,-19.7072],[-174.2475,-19.6972],[-174.2509,-19.6922],[-174.2561,-19.6881],[-174.2617,-19.6911],[-174.3053,-19.7369],[-174.3072,-19.7408],[-174.3047,-19.7447],[-174.2992,-19.7486],[-174.2928,-19.7511],[-174.2792,-19.7536],[-174.2725,-19.7528],[-174.2664,-19.75],[-174.2631,-19.7447]]],[[[-175.015,-19.6517],[-175.0189,-19.6542],[-175.0253,-19.6597],[-175.0314,-19.6681],[-175.0359,-19.6767],[-175.0361,-19.6794],[-175.035,-19.6836],[-175.0339,-19.6867],[-175.032,-19.6888],[-175.0256,-19.6919],[-175.0211,-19.6925],[-175.0183,-19.6914],[-175.0139,-19.6856],[-175.0039,-19.6644],[-175.0028,-19.6603],[-175.0031,-19.6569],[-175.0056,-19.6525],[-175.0106,-19.6514],[-175.015,-19.6517]]],[[[-174.28,-19.5928],[-174.2864,-19.5914],[-174.292,-19.5944],[-174.2939,-19.6011],[-174.2939,-19.6072],[-174.2906,-19.6186],[-174.282,-19.6344],[-174.2739,-19.6433],[-174.2608,-19.6519],[-174.2503,-19.6572],[-174.2445,-19.6561],[-174.2406,-19.6544],[-174.2389,-19.6511],[-174.2392,-19.6469],[-174.2417,-19.6428],[-174.28,-19.5928]]],[[[-174.6498,-18.7831],[-174.6556,-18.7839],[-174.6653,-18.7872],[-174.6709,-18.7903],[-174.6742,-18.7942],[-174.675,-18.8044],[-174.6731,-18.8128],[-174.667,-18.8258],[-174.6537,-18.8303],[-174.647,-18.8303],[-174.6386,-18.8275],[-174.6303,-18.8233],[-174.6244,-18.8142],[-174.6231,-18.8094],[-174.6244,-18.8067],[-174.6456,-18.7856],[-174.6498,-18.7831]]],[[[-174.0736,-18.6811],[-174.0797,-18.6814],[-174.0858,-18.6842],[-174.0942,-18.6911],[-174.0978,-18.6964],[-174.0961,-18.7011],[-174.0903,-18.7031],[-174.0666,-18.7064],[-174.0614,-18.7047],[-174.0617,-18.6986],[-174.0656,-18.6872],[-174.0689,-18.6822],[-174.0736,-18.6811]]],[[[-174.0411,-18.6803],[-174.0433,-18.6808],[-174.045,-18.6836],[-174.0445,-18.6875],[-174.0348,-18.7139],[-174.0334,-18.7156],[-174.0242,-18.7197],[-174.0197,-18.7172],[-174.0164,-18.7119],[-174.015,-18.7053],[-174.0192,-18.6944],[-174.0297,-18.6842],[-174.0375,-18.6808],[-174.0411,-18.6803]]],[[[-174.1236,-18.6775],[-174.1264,-18.6828],[-174.1278,-18.6903],[-174.1284,-18.6972],[-174.1281,-18.7033],[-174.1239,-18.7044],[-174.0897,-18.6742],[-174.0867,-18.6703],[-174.0853,-18.6656],[-174.0911,-18.6639],[-174.1058,-18.6667],[-174.1158,-18.6714],[-174.1236,-18.6775]]],[[[-174.07,-18.6394],[-174.0642,-18.6564],[-174.062,-18.6622],[-174.0544,-18.6697],[-173.987,-18.6842],[-173.9106,-18.6381],[-173.9073,-18.6331],[-173.9062,-18.6269],[-173.9075,-18.6206],[-173.9167,-18.5997],[-173.9317,-18.5753],[-173.9356,-18.5708],[-173.9392,-18.5689],[-173.9675,-18.5681],[-173.9894,-18.5711],[-173.9955,-18.5733],[-174.0009,-18.5764],[-174.0056,-18.58],[-174.0131,-18.5897],[-174.0172,-18.6031],[-174.0234,-18.6144],[-174.0272,-18.6189],[-174.0334,-18.6211],[-174.0414,-18.6211],[-174.0495,-18.6211],[-174.0572,-18.6211],[-174.0625,-18.6236],[-174.0681,-18.6264],[-174.0706,-18.6325],[-174.07,-18.6394]]],[[[-175.6792,-15.615],[-175.67,-15.6242],[-175.6658,-15.6272],[-175.6547,-15.6303],[-175.6447,-15.6292],[-175.6364,-15.625],[-175.612,-15.6044],[-175.6095,-15.6006],[-175.6072,-15.585],[-175.6089,-15.5708],[-175.6167,-15.5633],[-175.6214,-15.5608],[-175.6272,-15.5603],[-175.6678,-15.5661],[-175.6717,-15.5686],[-175.6781,-15.5764],[-175.6839,-15.5897],[-175.6847,-15.5936],[-175.6828,-15.6078],[-175.6792,-15.615]]],[[[-178.1406,-14.3164],[-178.1342,-14.3178],[-178.0608,-14.3239],[-178.0425,-14.3194],[-178.0423,-14.3167],[-178.0448,-14.3144],[-178.1247,-14.2503],[-178.13,-14.2469],[-178.1778,-14.2331],[-178.1856,-14.2317],[-178.1895,-14.2361],[-178.1911,-14.2433],[-178.1883,-14.2561],[-178.1809,-14.2728],[-178.1778,-14.2781],[-178.1711,-14.2878],[-178.1539,-14.3081],[-178.1406,-14.3164]]],[[[-176.1678,-13.3528],[-176.165,-13.3531],[-176.1614,-13.3528],[-176.1445,-13.3467],[-176.1406,-13.3436],[-176.1386,-13.3383],[-176.1211,-13.2633],[-176.1219,-13.2564],[-176.1236,-13.2514],[-176.1458,-13.2181],[-176.1503,-13.2142],[-176.1562,-13.2136],[-176.1606,-13.2161],[-176.1783,-13.2322],[-176.1831,-13.2436],[-176.1858,-13.2578],[-176.1911,-13.2869],[-176.1881,-13.3136],[-176.1772,-13.3414],[-176.1703,-13.3511],[-176.1678,-13.3528]]],[[[-171.4653,-14.0528],[-171.442,-14.0575],[-171.4297,-14.0197],[-171.4286,-14.0128],[-171.4294,-14.0053],[-171.432,-13.9994],[-171.4422,-13.9864],[-171.4461,-13.9825],[-171.6191,-13.8786],[-171.7481,-13.8317],[-171.8223,-13.8075],[-171.8839,-13.8056],[-171.9067,-13.8067],[-172.0278,-13.8394],[-172.0309,-13.8411],[-172.0578,-13.8647],[-172.0617,-13.8692],[-172.0648,-13.8744],[-172.0648,-13.8819],[-172.06,-13.9003],[-172.057,-13.9061],[-172.0528,-13.9106],[-172.0484,-13.9144],[-171.9111,-14.0125],[-171.7681,-14.0358],[-171.6484,-14.0503],[-171.5889,-14.0525],[-171.5461,-14.0503],[-171.5244,-14.0478],[-171.5167,-14.0478],[-171.48,-14.0506],[-171.4653,-14.0528]]],[[[-172.2225,-13.5631],[-172.2859,-13.4864],[-172.2897,-13.4819],[-172.2989,-13.4742],[-172.3044,-13.4711],[-172.3114,-13.4692],[-172.3484,-13.4614],[-172.3608,-13.4606],[-172.3911,-13.4642],[-172.4753,-13.4797],[-172.5519,-13.4972],[-172.5965,-13.5091],[-172.6553,-13.5192],[-172.7286,-13.5133],[-172.7361,-13.5094],[-172.7417,-13.5075],[-172.7531,-13.5094],[-172.7581,-13.5111],[-172.77,-13.5156],[-172.775,-13.5194],[-172.7795,-13.5272],[-172.7803,-13.53],[-172.7806,-13.5333],[-172.7797,-13.5397],[-172.7728,-13.55],[-172.7534,-13.5722],[-172.75,-13.5758],[-172.6911,-13.6261],[-172.59,-13.7397],[-172.5744,-13.7658],[-172.5325,-13.8008],[-172.5272,-13.8039],[-172.5195,-13.8053],[-172.5089,-13.8067],[-172.4892,-13.8069],[-172.4828,-13.8067],[-172.3933,-13.7917],[-172.2623,-13.8019],[-172.2575,-13.8058],[-172.252,-13.8075],[-172.225,-13.8089],[-172.2142,-13.8078],[-172.2105,-13.8053],[-172.1678,-13.6914],[-172.1678,-13.6844],[-172.1689,-13.6775],[-172.1934,-13.6133],[-172.2031,-13.5919],[-172.2225,-13.5631]]]]},"properties":{"NAME":"Tuʻi Tonga Empire","SUBJECTO":"Tuʻi Tonga Empire","PARTOF":"Tuʻi Tonga Empire","BORDERPRECISION":3,"LINK":null}},
{"type":"Feature","geometry":{"type":"Polygon","coordinates":[[[-109.2414,-27.1331],[-109.2358,-27.1311],[-109.2242,-27.1211],[-109.2183,-27.1119],[-109.2172,-27.1056],[-109.2178,-27.0994],[-109.2214,-27.0958],[-109.3658,-27.0633],[-109.3714,-27.0639],[-109.3908,-27.0667],[-109.3961,-27.0683],[-109.4092,-27.0844],[-109.4156,-27.0925],[-109.4206,-27.1019],[-109.4225,-27.1075],[-109.4453,-27.1753],[-109.447,-27.1808],[-109.4492,-27.1931],[-109.447,-27.1981],[-109.4425,-27.2008],[-109.4278,-27.2019],[-109.4158,-27.1933],[-109.3889,-27.1772],[-109.3339,-27.1514],[-109.3217,-27.1492],[-109.2908,-27.15],[-109.2414,-27.1331]]]},"properties":{"NAME":"Polynesians","SUBJECTO":"Polynesians","PARTOF":"Polynesians","BORDERPRECISION":3,"LINK":null}},
{"type":"Feature","geometry":{"type":"MultiPolygon","coordinates":[[[[113.9496,22.3028],[113.9015,22.2909],[113.8585,22.2577],[113.8362,22.2139],[113.8671,22.1973],[113.9037,22.2185],[113.9317,22.2059],[113.9546,22.2338],[113.9891,22.2145],[114.0221,22.2285],[114.0307,22.3101],[114.0465,22.34],[113.9496,22.3028]]],[[[114.0292,22.5085],[114.0421,22.4985],[113.9812,22.4687],[113.9014,22.4065],[113.9254,22.3672],[113.9467,22.3659],[114.0077,22.3719],[114.0866,22.3606],[114.1024,22.3287],[114.144,22.3314],[114.1607,22.3138],[114.1533,22.2987],[114.1159,22.2784],[114.1275,22.2544],[114.0988,22.2165],[114.134,22.1717],[114.2072,22.2218],[114.2163,22.1923],[114.2312,22.2223],[114.2631,22.2044],[114.2588,22.2218],[114.3291,22.2723],[114.398,22.3964],[114.4131,22.4369],[114.3578,22.5051],[114.309,22.5535],[114.2186,22.5509],[114.1663,22.5608],[114.0845,22.5283],[114.0292,22.5085]]]]},"properties":{"NAME":"Hong Kong","SUBJECTO":"Hong Kong","PARTOF":"Hong Kong","BORDERPRECISION":3,"LINK":null}}
]}