{"type":"FeatureCollection", "features": [
{"type":"Feature","geometry":{"type":"Polygon","coordinates":[[[5.8235,49.5071],[6.433,49.4453],[6.1085,50.1175],[5.8235,49.5071]]]},"properties":{"NAME":"Luxembourg","SUBJECTO":"Luxembourg","PARTOF":"Luxembourg","BORDERPRECISION":3,"LINK":null}},
{"type":"Feature","geometry":{"type":"MultiPolygon","coordinates":[[[[33.792,34.9574],[34.4582,35.6446],[32.1437,35.0425],[32.8167,34.5386],[33.792,34.9574]]],[[[23.4097,38.9437],[22.8699,38.8372],[24.5272,37.9674],[23.4097,38.9437]]],[[[40.3899,14.9058],[39.5179,15.463],[38.9628,17.1916],[38.0432,16.232],[38.0432,15.0066],[39.6362,14.1489],[40.3899,14.9058]]],[[[37.3982,18.915],[37.165,20.7643],[35.96,19.418],[36.4502,18.0701],[37.4305,17.7025],[38.5275,18.1613],[37.3982,18.915]]],[[[18.5136,42.3621],[19.607,41.7615],[19.3691,40.2603],[21.1595,39.0048],[20.7718,38.8509],[21.1724,38.3478],[23.1163,38.1574],[21.9058,38.2697],[21.2211,37.8284],[21.7809,36.8225],[22.9826,36.6148],[22.6423,37.5849],[23.4181,37.4693],[22.8981,37.9],[23.4193,38.0681],[23.9182,37.6846],[23.9607,38.2099],[22.4905,38.8769],[22.8509,39.3661],[23.2361,39.2032],[22.4921,40.4983],[22.8519,40.6513],[23.2605,39.9709],[23.6386,39.9603],[23.2918,40.2873],[23.9066,39.9972],[23.6272,40.3453],[24.2954,40.1765],[23.6347,40.7728],[25.0189,41.0171],[26.5565,40.4983],[26.1409,40.0447],[27.4742,40.9628],[28.9645,40.9892],[27.502,42.5163],[29.579,45.0575],[29.6295,45.7504],[30.4328,46.1757],[29.0106,47.5539],[27.6478,48.7516],[26.1627,48.9406],[26.3597,48.125],[25.2459,47.6862],[26.2922,47.2136],[25.5159,45.796],[23.2545,46.0661],[22.4782,45.7285],[22.1329,44.5112],[20.643,44.8125],[20.5706,44.8474],[19.8724,45.2643],[18.9314,44.8411],[15.8276,45.2027],[16.1942,44.1932],[17.548,42.9201],[17.6464,42.8646],[18.5136,42.3621]]],[[[24.6901,35.0924],[26.1605,35.0243],[26.2735,35.3127],[23.5294,35.5696],[23.5131,35.276],[24.6901,35.0924]]],[[[31.6166,21.2954],[32.6617,20.9996],[36.8001,21.9149],[35.5759,23.2317],[35.7247,23.9118],[32.6493,28.7658],[32.3185,29.5402],[32.648,29.8522],[34.058,27.7903],[35.0734,29.4189],[34.7639,28.0967],[36.6693,26.0168],[37.2015,24.6583],[38.4901,23.6127],[39.7641,20.4068],[40.8198,19.6847],[41.9226,20.7665],[41.8125,21.7126],[41.0704,22.2627],[40.6475,24.1528],[38.8141,24.8414],[36.5935,29.7873],[37.2119,33.5665],[38.0364,34.5972],[40.0291,34.391],[44.0832,30.337],[46.9051,29.4376],[46.5092,28.9701],[47.4386,28.8293],[48.469,26.6954],[49.3954,26.0778],[49.7042,24.4103],[50.5688,23.8545],[50.9683,24.4362],[49.9369,25.9558],[50.1218,26.7376],[48.855,27.5227],[48.1291,29.2682],[47.614,29.2722],[47.9572,29.9476],[48.5536,29.9946],[47.6887,30.8821],[47.7424,31.9048],[46.124,32.772],[45.5062,33.7973],[46.211,35.7838],[45.3881,35.9256],[44.2052,37.8674],[44.0821,39.2945],[44.6373,39.6622],[43.6845,40.1091],[43.8473,40.75],[42.8784,41.5455],[41.484,41.4365],[40.361,40.9634],[38.314,40.9209],[36.3829,41.2375],[35.0019,42.0432],[33.1555,41.9496],[31.2177,41.0541],[29.1612,41.2164],[29.3204,40.7411],[29.8827,40.7464],[28.9016,40.6201],[29.0524,40.3347],[27.0561,40.4297],[26.1276,39.8786],[26.0641,39.4555],[26.9575,39.5483],[26.6022,39.2557],[26.9974,38.4001],[26.4687,38.4448],[26.3932,38.1044],[27.1398,37.8891],[27.3081,36.9207],[27.9988,36.9094],[28.0142,36.5272],[29.0023,36.6948],[29.4719,36.0907],[30.3949,36.118],[30.9053,36.7942],[33.1713,35.9709],[34.4851,36.6268],[36.1045,36.5612],[35.6649,36.1335],[35.8731,34.4223],[33.917,31.0701],[32.0765,31.0137],[30.996,31.4689],[29.2488,30.7537],[25.2582,31.4379],[26.0048,30.7076],[29.4257,22.6638],[30.3464,22.1114],[31.6166,21.2954]]]]},"properties":{"NAME":"Ottoman Empire","SUBJECTO":"Ottoman Empire","PARTOF":"Ottoman Empire","BORDERPRECISION":3,"LINK":null}},
{"type":"Feature","geometry":{"type":"MultiPolygon","coordinates":[[[[136.7219,37.2659],[135.7271,35.4505],[132.6629,35.3806],[130.7793,33.9669],[131.995,33.8043],[132.1835,34.2872],[135.2057,34.6171],[135.0629,33.69],[135.7557,33.3423],[136.8986,34.2587],[136.5071,34.5182],[136.7339,34.8741],[137.2482,34.4816],[138.1491,34.5279],[138.6837,34.9923],[138.8638,34.5674],[139.9137,35.5544],[139.8301,34.836],[140.3166,35.0338],[140.8343,35.6771],[140.8722,37.9174],[141.9985,39.4489],[141.4369,41.2694],[141.087,41.4416],[141.1526,40.8654],[140.3864,40.9855],[139.9152,40.575],[139.8961,38.9985],[138.699,37.4482],[137.1762,36.6431],[137.3096,37.4327],[136.7219,37.2659]]],[[[132.6988,32.5489],[133.241,33.2991],[133.9986,33.1483],[134.5404,34.0127],[132.7843,33.9075],[132.1211,33.3475],[132.6988,32.5489]]],[[[130.744,30.8878],[131.831,32.6931],[131.5688,33.4861],[130.6444,33.7],[129.3434,33.1514],[129.7337,32.638],[130.1075,32.9308],[130.4965,32.557],[130.0601,31.2166],[130.7325,31.4783],[130.744,30.8878]]],[[[140.1125,41.2731],[141.155,41.7493],[140.2455,42.2284],[140.5409,42.537],[140.9296,42.2555],[141.9281,42.5013],[143.2138,41.9265],[144.0028,42.8777],[145.4481,43.1696],[145.3476,44.243],[144.6138,43.8428],[143.7902,44.0276],[141.8753,45.4354],[141.3036,43.187],[140.4982,43.3204],[139.7117,42.4776],[140.1125,41.2731]]]]},"properties":{"NAME":"Japan","SUBJECTO":"Japan","PARTOF":"Japan","BORDERPRECISION":3,"LINK":null}},
{"type":"Feature","geometry":{"type":"MultiPolygon","coordinates":[[[[-77.2908,17.806],[-76.3007,17.9924],[-77.7695,18.5105],[-78.3249,18.3504],[-77.2908,17.806]]],[[[-83.2964,14.615],[-83.8582,14.1846],[-83.9001,11.8883],[-83.2964,14.615]]],[[[-88.3205,18.4944],[-89.1656,17.9793],[-89.2511,15.8975],[-88.9408,15.9046],[-88.2834,16.8347],[-88.3205,18.4944]]]]},"properties":{"NAME":"United Kingdom","SUBJECTO":"UK","PARTOF":"United Kingdom","BORDERPRECISION":3,"LINK":null}},
{"type":"Feature","geometry":{"type":"MultiPolygon","coordinates":[[[[120.3636,14.5309],[120.4714,14.8043],[121.2854,14.3424],[120.5106,14.112],[121.0094,13.6557],[121.6249,13.8984],[122.3941,13.3029],[122.4854,13.8812],[123.239,13.0252],[123.8189,12.9756],[123.3976,13.5274],[123.7019,13.8203],[122.9851,13.7298],[122.4865,14.3195],[122.1066,13.9185],[121.7288,14.1083],[121.2422,15.3078],[122.3956,17.1143],[122.0496,18.4475],[120.8004,18.5528],[120.3931,18.0438],[120.2931,16.2332],[119.6814,16.1875],[120.3636,14.5309]]],[[[121.094,12.2011],[121.1807,13.3321],[120.3405,13.3874],[121.094,12.2011]]],[[[125.3231,11.1239],[125.1191,12.4766],[124.264,12.4176],[125.3231,11.1239]]],[[[121.873,10.4684],[122.7062,10.9403],[122.9199,11.5253],[121.9936,11.7583],[121.873,10.4684]]],[[[118.8646,10.0236],[119.5643,10.5016],[119.3539,11.2126],[118.8646,10.0236]]],[[[122.9416,9.0476],[123.2391,10.9224],[122.3031,9.6498],[122.9416,9.0476]]],[[[117.2706,8.4508],[118.5046,9.4828],[118.5081,9.9211],[117.2706,8.4508]]],[[[126.0452,6.6082],[126.2719,8.4258],[125.9232,8.4822],[126.0371,8.959],[125.4281,9.7836],[125.4013,8.9512],[124.7416,8.918],[124.6706,8.4287],[123.6628,8.0135],[123.4859,8.496],[122.8888,8.3422],[121.8245,7.0565],[122.6351,7.7826],[122.7254,7.4524],[123.8153,7.6581],[123.9735,6.3369],[124.803,5.7859],[125.1295,6.0534],[125.2893,5.4883],[125.6146,7.2363],[126.0452,6.6082]]]]},"properties":{"NAME":"Philippines","SUBJECTO":"Philippines","PARTOF":"Philippines","BORDERPRECISION":3,"LINK":null}},
{"type":"Feature","geometry":{"type":"MultiPolygon","coordinates":[[[[-67.152,17.9865],[-65.7241,18.3328],[-67.0552,18.5461],[-67.152,17.9865]]],[[[-1.9146,43.3054],[-7.9795,43.7401],[-9.2708,43.0487],[-8.6441,42.4197],[-8.8061,41.8892],[-6.7087,41.96],[-6.1115,41.4175],[-6.8344,41.0605],[-6.8783,39.7024],[-7.431,39.5205],[-6.9334,38.9613],[-7.3939,38.295],[-6.8448,38.1002],[-7.4915,37.2082],[-6.6322,37.0218],[-5.6606,36.008],[-4.4466,36.722],[-2.2388,36.7284],[0.1726,38.7383],[-0.3948,39.4345],[0.7338,40.875],[3.1289,41.8572],[3.0871,42.3686],[-0.1656,42.6488],[-1.9146,43.3054]]],[[[-82.0406,22.3853],[-78.7279,21.6168],[-78.4504,20.969],[-77.0987,20.5333],[-77.663,19.9028],[-74.1734,20.1899],[-79.9846,22.8791],[-81.4311,23.1367],[-83.6904,22.814],[-84.7064,21.7696],[-82.5624,22.7084],[-81.6626,22.5068],[-82.0406,22.3853]]],[[[-71.8953,18.614],[-71.4008,17.7041],[-70.6955,18.5192],[-70.2992,18.2595],[-68.9859,18.5102],[-68.6647,18.1994],[-68.3729,18.575],[-70.8816,19.9299],[-71.7771,19.771],[-71.8953,18.614]]]]},"properties":{"NAME":"Spain","SUBJECTO":"Spain","PARTOF":"Spain","BORDERPRECISION":3,"LINK":null}},
{"type":"Feature","geometry":{"type":"Polygon","coordinates":[[[44.6722,-16.2356],[43.9716,-17.5527],[44.5171,-20.0239],[43.2913,-22.4098],[44.0368,-24.9887],[45.2105,-25.66],[47.2585,-24.7658],[49.8982,-16.4595],[49.6203,-15.4623],[50.1873,-15.9568],[50.4863,-15.4795],[49.8805,-12.9196],[49.1763,-12.2665],[48.7513,-13.4177],[48.3496,-13.838],[47.9425,-13.5847],[47.8837,-14.7161],[47.1993,-15.0163],[47.2446,-15.3657],[46.4192,-15.9395],[44.6722,-16.2356]],[[48.0147,-17.0228],[48.4882,-20.0411],[47.1862,-23.1186],[45.529,-23.5921],[45.2923,-22.6452],[46.6535,-17.733],[47.4821,-16.9044],[48.0147,-17.0228]]]},"properties":{"NAME":"Madagascar","SUBJECTO":"Madagascar","PARTOF":"Madagascar","BORDERPRECISION":3,"LINK":null}},
{"type":"Feature","geometry":{"type":"MultiPolygon","coordinates":[[[[175.3077,-37.321],[174.6448,-36.8306],[174.9727,-36.778],[174.3002,-35.3473],[172.6332,-34.5595],[174.7647,-37.2965],[174.6547,-38.9833],[173.8048,-39.4197],[175.3536,-40.3],[174.8954,-41.2961],[175.3653,-41.6616],[177.1557,-39.9502],[177.0238,-39.4452],[178.4082,-38.7712],[178.5995,-38.1254],[178.2413,-37.8323],[177.3618,-38.2365],[176.1292,-37.7982],[175.6627,-36.95],[175.64,-37.4097],[175.3077,-37.321]]],[[[172.0627,-43.9231],[173.0096,-43.8438],[172.4405,-43.5094],[174.2335,-42.0112],[174.0585,-41.2914],[173.264,-41.5437],[172.4374,-40.7531],[171.0241,-42.8869],[167.9667,-44.4802],[166.5228,-46.2327],[169.3993,-46.7096],[170.6116,-45.9461],[170.9942,-44.2675],[172.0627,-43.9231]]]]},"properties":{"NAME":"M?ori","SUBJECTO":"M?ori","PARTOF":"M?ori","BORDERPRECISION":3,"LINK":null}},
{"type":"Feature","geometry":{"type":"Polygon","coordinates":[[[6.1085,50.1175],[5.9996,50.7416],[5.1125,51.4055],[3.775,51.3877],[2.5221,51.0911],[4.1563,49.9658],[4.8654,50.1337],[5.8235,49.5071],[6.1085,50.1175]]]},"properties":{"NAME":"Austrian Netherlands","SUBJECTO":"Austria","PARTOF":"Austrian Netherlands","BORDERPRECISION":3,"LINK":null}},
{"type":"Feature","geometry":{"type":"Polygon","coordinates":[[[-8.8061,41.8892],[-9.549,38.7745],[-9.0408,38.9202],[-9.2366,38.4174],[-8.7889,38.436],[-8.9908,36.99],[-7.4915,37.2082],[-6.8448,38.1002],[-7.3939,38.295],[-6.9334,38.9613],[-7.431,39.5205],[-6.8783,39.7024],[-6.8344,41.0605],[-6.1115,41.4175],[-6.7087,41.96],[-8.8061,41.8892]]]},"properties":{"NAME":"Portugal","SUBJECTO":"Portugal","PARTOF":"Portugal","BORDERPRECISION":3,"LINK":null}},
{"type":"Feature","geometry":{"type":"MultiPolygon","coordinates":[[[[102.0738,6.1542],[101.7626,5.5862],[101.3117,5.8346],[101.0764,5.5313],[100.6174,6.4223],[100.1587,6.3401],[100.6643,3.9037],[101.3364,2.7805],[103.3491,1.4124],[104.1756,1.3887],[103.3511,2.804],[103.3418,4.8054],[102.0738,6.1542]]],[[[109.5175,1.8205],[110.5486,0.726],[111.562,0.7638],[112.616,1.4629],[113.6768,1.1451],[114.6589,1.5958],[115.7068,4.1567],[117.5587,3.9807],[118.3187,4.2342],[118.1084,4.939],[119.0426,5.1698],[117.7616,5.58],[117.8665,5.9043],[117.3701,5.7889],[117.5071,6.3928],[117.0311,6.8365],[116.5956,6.8991],[115.7173,5.4676],[115.2917,5.454],[115.3614,4.8759],[114.9615,4.8765],[115.1613,4.3094],[114.4337,3.9983],[114.0737,4.455],[112.7592,3.0086],[111.3718,2.5989],[110.8934,1.5113],[111.1199,1.2703],[109.5175,1.8205]]]]},"properties":{"NAME":"Malaya","SUBJECTO":"Malaya","PARTOF":"Malaya","BORDERPRECISION":3,"LINK":null}},
{"type":"Feature","geometry":{"type":"MultiPolygon","coordinates":[[[[149.5542,-6.4061],[151.9199,-5.6573],[152.0899,-4.3604],[151.5393,-4.4061],[151.5699,-5.0289],[150.7216,-5.6218],[149.8693,-5.4012],[149.6485,-5.7131],[148.3063,-5.7732],[149.5542,-6.4061]]],[[[140.9476,-9.2739],[142.6074,-9.3766],[143.3311,-9],[142.2489,-8.3095],[143.4368,-8.3578],[143.6648,-7.6709],[144.6274,-7.7832],[145.8196,-8.0984],[147.6155,-10.084],[150.5234,-10.6371],[147.1512,-7.5617],[146.9091,-6.8948],[147.7386,-6.7405],[147.3765,-6.1248],[145.6081,-5.5248],[145.7282,-4.997],[144.5427,-3.9954],[140.8698,-2.7948],[140.9476,-9.2739]]]]},"properties":{"NAME":"Papua New Guinea","SUBJECTO":"Papua New Guinea","PARTOF":"Papua New Guinea","BORDERPRECISION":3,"LINK":null}},
{"type":"Feature","geometry":{"type":"Polygon","coordinates":[[[5.9996,50.7416],[5.9794,51.8035],[7.0682,52.2726],[7.1599,53.164],[5.3895,53.1386],[5.4732,52.1766],[4.7188,52.8024],[3.775,51.3877],[5.1125,51.4055],[5.9996,50.7416]]]},"properties":{"NAME":"Netherlands","SUBJECTO":"Netherlands","PARTOF":"Netherlands","BORDERPRECISION":3,"LINK":null}},
{"type":"Feature","geometry":{"type":"MultiPolygon","coordinates":[[[[-50.5743,-1.177],[-50.4763,-1.6788],[-49.3471,-1.6445],[-48.7556,-1.2811],[-48.4019,-0.3907],[-50.4224,-0.2171],[-50.5743,-1.177]]],[[[-58.5751,6.9844],[-58.6166,7.4991],[-59.8344,8.4402],[-61.7647,8.5828],[-60.7927,9.3882],[-62.1033,10.0209],[-62.2969,9.7218],[-62.9253,10.3687],[-62.1782,10.6817],[-63.8566,10.7099],[-64.8837,10.1357],[-66.4781,10.6788],[-67.9796,10.5421],[-68.6946,11.3795],[-69.6289,11.5406],[-69.9735,12.2284],[-70.3393,11.9988],[-69.7478,11.5335],[-71.5482,10.9493],[-71.0144,9.6267],[-71.6047,9.0916],[-72.114,9.904],[-71.688,10.7693],[-71.9879,11.6076],[-71.0606,12.0608],[-71.4368,12.4223],[-73.3623,11.325],[-74.2189,11.3676],[-74.449,10.7697],[-74.7163,11.0615],[-75.2264,10.8252],[-75.7027,9.426],[-76.8425,8.5592],[-76.8582,7.93],[-78.2665,9.3855],[-79.5004,9.6384],[-81.1684,8.8278],[-82.2296,9.0465],[-82.5599,9.5831],[-82.9066,9.5186],[-82.9575,8.0472],[-81.6643,8.1646],[-80.8138,7.2701],[-80.4058,7.2988],[-79.9712,7.5579],[-80.4246,8.1924],[-79.0676,9.0343],[-78.3815,8.3949],[-78.0448,8.5515],[-77.7942,8.1793],[-78.2466,8.1971],[-78.2655,7.8857],[-77.3222,6.5435],[-77.4445,4.1791],[-77.106,3.7922],[-77.8021,2.5769],[-78.6095,2.3654],[-78.4918,1.9208],[-79.0139,1.7735],[-78.9843,1.297],[-80.0856,0.818],[-80.3388,-0.6632],[-80.9661,-1.0331],[-80.7776,-2.5387],[-80.3573,-2.7284],[-79.813,-2.1705],[-80.2289,-3.4712],[-80.2585,-4.414],[-79.1072,-5.0426],[-77.4052,-4.3332],[-77.3393,-4.7947],[-75.6912,-5.0584],[-74.6048,-4.3596],[-73.5922,-4.444],[-73.2547,-3.6002],[-71.8624,-3.2626],[-71.0608,-3.9377],[-70.2071,-3.8077],[-69.9012,-4.3787],[-69.3626,-4.1355],[-69.2308,-3.4762],[-67.9783,-3.4103],[-67.2531,-2.5533],[-66.6598,-2.817],[-67.0553,0.9406],[-66.1259,0.6404],[-65.5989,0.9867],[-65.3559,0.5623],[-63.3265,2.0619],[-60.5158,2.1898],[-58.8527,1.1541],[-57.9005,1.5939],[-57.8789,2.8491],[-58.5816,4.9998],[-58.5751,6.9844]],[[-78.5616,-2.1287],[-77.8537,-1.6672],[-77.2535,-2.0979],[-77.2535,-2.7591],[-77.8999,-3.1125],[-78.3923,-2.9128],[-78.5616,-2.1287]]],[[[-61.237,10.6296],[-61.8091,10.725],[-61.6531,10.2786],[-62.0388,10.0575],[-61.2067,10.1182],[-61.237,10.6296]]]]},"properties":{"NAME":"Vice-Royalty of New Granada","SUBJECTO":"Spain","PARTOF":"Vice-Royalty of New Granada","BORDERPRECISION":3,"LINK":null}},
{"type":"Feature","geometry":{"type":"Polygon","coordinates":[[[114.9615,4.8765],[114.0737,4.455],[114.4337,3.9983],[115.1613,4.3094],[114.9615,4.8765]]]},"properties":{"NAME":"Brunei","SUBJECTO":"Brunei","PARTOF":"Brunei","BORDERPRECISION":3,"LINK":null}},
{"type":"Feature","geometry":{"type":"MultiPolygon","coordinates":[[[[109.5175,1.8205],[108.9555,1.2593],[108.841,0.3313],[109.4286,-0.7096],[109.1789,-0.869],[109.9409,-1.6426],[110.1023,-3.0785],[111.5872,-2.7957],[111.7395,-3.647],[112.5777,-3.4227],[112.7954,-2.971],[113.6084,-3.6111],[114.2185,-3.4319],[114.5809,-4.2954],[115.8063,-3.5365],[116.2482,-2.7983],[116.0408,-2.4429],[116.3491,-2.4168],[116.0463,-1.9345],[117.3703,-1.0038],[117.5343,0.6107],[118.7652,0.823],[117.7301,1.7994],[117.8292,2.3143],[117.139,3.1706],[117.074,3.5072],[117.6839,3.6292],[117.5587,3.9807],[115.7068,4.1567],[114.6589,1.5958],[113.6768,1.1451],[112.616,1.4629],[111.562,0.7638],[110.5486,0.726],[109.5175,1.8205]]],[[[140.8698,-2.7948],[137.7039,-1.6333],[136.2709,-2.4181],[135.2464,-3.5389],[134.557,-2.7078],[134.2831,-2.8546],[133.9073,-1.0061],[132.254,-0.5267],[131.2114,-1.0246],[131.0644,-1.5397],[131.8156,-1.6652],[132.219,-2.3443],[133.855,-2.2454],[133.7808,-2.7222],[132.0158,-2.8214],[132.8272,-3.506],[132.9316,-4.2684],[133.7525,-3.1862],[134.0406,-3.9482],[137.5953,-5.2498],[139.0283,-7.0199],[138.6496,-7.1415],[139.1561,-7.7251],[138.917,-8.3167],[139.9769,-8.2382],[140.9476,-9.2739],[140.8698,-2.7948]]],[[[130.7838,-3.879],[130.3687,-3.13],[128.0418,-3.0588],[128.376,-3.5474],[129.7813,-3.3219],[130.7838,-3.879]]],[[[126.6605,-3.8752],[127.0938,-3.5184],[126.1111,-3.2981],[126.6605,-3.8752]]],[[[138.1759,-8.5535],[138.8948,-7.7829],[138.568,-7.523],[137.6759,-8.4592],[138.1759,-8.5535]]],[[[122.9486,-8.3771],[122.6924,-8.0937],[122.1659,-8.6343],[120.565,-8.3881],[119.8404,-8.6821],[121.6944,-8.9959],[122.9486,-8.3771]]],[[[117.9377,-8.54],[117.8172,-8.8136],[116.9584,-8.5293],[116.6632,-9.0593],[118.9705,-8.881],[118.7608,-8.3793],[118.462,-8.5961],[117.8062,-8.178],[117.9377,-8.54]]],[[[115.0724,-8.7814],[115.5005,-8.469],[114.4575,-8.3314],[115.0724,-8.7814]]],[[[103.7136,-0.017],[102.2783,0.7428],[101.0598,2.081],[100.7319,1.8706],[99.8632,2.5676],[97.3841,5.1801],[95.2161,5.4995],[95.8276,4.2237],[97.2545,3.1402],[97.5971,2.2514],[98.671,1.6183],[99.1133,0.2212],[99.972,-0.5013],[101.3455,-3.0149],[104.5685,-6.0712],[104.5634,-5.6009],[105.6407,-5.929],[105.9428,-3.2147],[105.4449,-2.5993],[104.6778,-2.6708],[104.8126,-2.1558],[104.3524,-1.8899],[104.2299,-1.1911],[103.3113,-0.8182],[103.7136,-0.017]]],[[[127.6307,-0.017],[128.2994,-1.0246],[127.8647,0.0992],[128.7058,0.2091],[128.1896,0.6274],[128.6086,1.3845],[127.802,0.7155],[127.7998,1.8974],[127.4235,0.9816],[127.6307,-0.017]]],[[[106.5527,-3.1752],[106.6427,-2.7111],[105.8634,-1.6261],[105.6557,-1.957],[105.4267,-1.7096],[105.1997,-2.1105],[106.5527,-3.1752]]],[[[105.1848,-6.8657],[107.7297,-7.7867],[109.0372,-7.7203],[114.3293,-8.783],[114.2308,-7.9315],[112.6784,-7.7188],[112.2748,-7.0269],[110.8146,-6.5343],[110.2426,-7.0313],[109.1611,-7.0231],[108.5558,-6.9205],[108.1733,-6.3557],[105.9332,-6.026],[105.6335,-6.7552],[105.1848,-6.8657]]],[[[123.4919,-10.3522],[127.0972,-8.5075],[125.0798,-8.7725],[123.6654,-9.748],[123.4919,-10.3522]]],[[[120.2798,-10.3782],[120.5813,-10.0978],[119.7887,-9.4576],[118.949,-9.5865],[120.2798,-10.3782]]],[[[119.6921,-0.017],[118.6836,-2.9011],[118.7914,-3.6635],[119.4611,-3.8082],[119.4768,-5.8038],[120.2481,-5.586],[120.1442,-3.0759],[120.5928,-2.8016],[120.9247,-2.8263],[120.8025,-3.5956],[121.508,-4.2359],[121.4413,-4.8653],[122.6484,-4.5131],[122.2582,-3.2111],[121.2535,-1.9613],[122.7571,-1.0938],[123.2127,-1.2326],[123.25,-0.9021],[121.4611,-0.9886],[121.0554,-1.5487],[120.5873,-1.5179],[119.9038,-0.6805],[120.143,0.1905],[124.234,0.3011],[125.0162,1.5419],[123.8262,0.7387],[120.7674,1.1387],[119.6921,-0.017]]]]},"properties":{"NAME":"Dutch East Indies","SUBJECTO":"Dutch East Indies","PARTOF":"Dutch East Indies","BORDERPRECISION":3,"LINK":null}},
{"type":"Feature","geometry":{"type":"MultiPolygon","coordinates":[[[[14.0764,42.6338],[13.4147,42.3644],[13.7605,41.2067],[15.6662,40.0919],[16.2122,38.778],[15.7852,37.9097],[17.1807,39.0222],[16.5321,39.6975],[16.9487,40.4811],[18.3649,39.7467],[18.0339,40.5967],[14.0764,42.6338]]],[[[14.9424,36.7386],[15.3867,38.2055],[12.5166,37.9192],[14.9424,36.7386]]]]},"properties":{"NAME":"Kingdom of the Two Sicilies","SUBJECTO":"Kingdom of the Two Sicilies","PARTOF":"Kingdom of the Two Sicilies","BORDERPRECISION":3,"LINK":null}},
{"type":"Feature","geometry":{"type":"Polygon","coordinates":[[[8.5943,47.8894],[8.6121,48.2312],[8.2906,48.3518],[8.5121,48.1123],[8.5943,47.8894]]]},"properties":{"NAME":"Hohenzollern","SUBJECTO":"Hohenzollern","PARTOF":"Hohenzollern","BORDERPRECISION":3,"LINK":null}},
{"type":"Feature","geometry":{"type":"Polygon","coordinates":[[[8.5347,51.079],[8.756,50.8157],[8.8637,51.2569],[8.5347,51.079]]]},"properties":{"NAME":"Waldeck","SUBJECTO":"Waldeck","PARTOF":"Waldeck","BORDERPRECISION":3,"LINK":null}},
{"type":"Feature","geometry":{"type":"Polygon","coordinates":[[[8.833,52.1598],[8.4892,51.8931],[9.1729,51.6254],[9.1921,51.8007],[8.833,52.1598]]]},"properties":{"NAME":"Lippe-Detmold","SUBJECTO":"Lippe-Detmold","PARTOF":"Lippe-Detmold","BORDERPRECISION":3,"LINK":null}},
{"type":"Feature","geometry":{"type":"Polygon","coordinates":[[[9.1729,51.6254],[9.1613,51.5442],[9.3511,51.5982],[10.1514,51.6365],[10.2108,51.6629],[9.1921,51.8007],[9.1729,51.6254]]]},"properties":{"NAME":"Brunswick","SUBJECTO":"Brunswick","PARTOF":"Brunswick","BORDERPRECISION":3,"LINK":null}},
{"type":"Feature","geometry":{"type":"Polygon","coordinates":[[[10.1617,51.4724],[10.2552,51.4303],[10.4696,51.4892],[10.55,51.575],[10.5178,51.6768],[10.1802,51.5964],[10.1617,51.4724]]]},"properties":{"NAME":"Brunswick","SUBJECTO":"Brunswick","PARTOF":"Brunswick","BORDERPRECISION":3,"LINK":null}},
{"type":"Feature","geometry":{"type":"Polygon","coordinates":[[[10.4696,51.4892],[10.5105,51.4772],[10.6764,51.4671],[10.9727,51.5843],[10.55,51.575],[10.4696,51.4892]]]},"properties":{"NAME":"Anhalt","SUBJECTO":"Anhalt","PARTOF":"Anhalt","BORDERPRECISION":3,"LINK":null}},
{"type":"Feature","geometry":{"type":"Polygon","coordinates":[[[10.8837,53.8824],[10.6618,53.6852],[10.8935,53.8844],[10.8837,53.8824]]]},"properties":{"NAME":"Lübeck","SUBJECTO":"Lübeck","PARTOF":"Lübeck","BORDERPRECISION":3,"LINK":null}},
{"type":"Feature","geometry":{"type":"Polygon","coordinates":[[[10.8837,53.8824],[10.7709,53.9309],[10.5768,53.8854],[10.6618,53.6852],[10.8837,53.8824]]]},"properties":{"NAME":"Oldenburg","SUBJECTO":"Oldenburg","PARTOF":"Oldenburg","BORDERPRECISION":3,"LINK":null}},
{"type":"Feature","geometry":{"type":"Polygon","coordinates":[[[9.3511,51.5982],[9.5944,51.2389],[10.1617,51.4724],[10.1802,51.5964],[10.1514,51.6365],[9.3511,51.5982]]]},"properties":{"NAME":"Hanover","SUBJECTO":"Hanover","PARTOF":"Hanover","BORDERPRECISION":3,"LINK":null}},
{"type":"Feature","geometry":{"type":"Polygon","coordinates":[[[8.5578,53.1576],[8.6602,53.0265],[8.744,53.0852],[8.5578,53.1576]]]},"properties":{"NAME":"Bremen","SUBJECTO":"Bremen","PARTOF":"Bremen","BORDERPRECISION":3,"LINK":null}},
{"type":"Feature","geometry":{"type":"Polygon","coordinates":[[[8.5162,53.761],[8.5619,53.7453],[8.5856,53.7931],[8.5162,53.761]]]},"properties":{"NAME":"Cuxhaven","SUBJECTO":"Cuxhaven","PARTOF":"Cuxhaven","BORDERPRECISION":3,"LINK":null}},
{"type":"Feature","geometry":{"type":"Polygon","coordinates":[[[10.7709,53.9309],[11.0386,54.3133],[10.1417,54.3368],[8.884,54.2294],[9.125,53.7905],[9.7523,53.5032],[9.943,53.5999],[10.5768,53.8854],[10.7709,53.9309]]]},"properties":{"NAME":"Holstein","SUBJECTO":"Holstein","PARTOF":"Holstein","BORDERPRECISION":3,"LINK":null}},
{"type":"Feature","geometry":{"type":"Polygon","coordinates":[[[9.7523,53.5032],[10.1174,53.4764],[9.943,53.5999],[9.7523,53.5032]]]},"properties":{"NAME":"Hamburg","SUBJECTO":"Hamburg","PARTOF":"Hamburg","BORDERPRECISION":3,"LINK":null}},
{"type":"Feature","geometry":{"type":"Polygon","coordinates":[[[11.0591,51.5575],[11.1336,51.5166],[11.4424,51.6133],[11.997,51.5947],[11.8332,52.0748],[11.0591,51.5575]]]},"properties":{"NAME":"Anhalt","SUBJECTO":"Anhalt","PARTOF":"Anhalt","BORDERPRECISION":3,"LINK":null}},
{"type":"Feature","geometry":{"type":"Polygon","coordinates":[[[8.7868,52.365],[8.8504,52.1948],[8.9048,52.3548],[8.7868,52.365]]]},"properties":{"NAME":"Schaumburg-Lippe","SUBJECTO":"Schaumburg-Lippe","PARTOF":"Schaumburg-Lippe","BORDERPRECISION":3,"LINK":null}},
{"type":"Feature","geometry":{"type":"Polygon","coordinates":[[[6.433,49.4453],[6.9544,49.2017],[8.5347,51.079],[8.8637,51.2569],[9.1613,51.5442],[9.1729,51.6254],[8.4892,51.8931],[8.833,52.1598],[8.8504,52.1948],[8.7868,52.365],[8.0788,52.0264],[7.6376,52.4882],[7.0682,52.2726],[5.9794,51.8035],[5.9996,50.7416],[6.1085,50.1175],[6.433,49.4453]]]},"properties":{"NAME":"Prussia","SUBJECTO":"Prussia","PARTOF":"Prussia","BORDERPRECISION":3,"LINK":null}},
{"type":"Feature","geometry":{"type":"Polygon","coordinates":[[[-1.0813,32.4539],[0.8732,31.9859],[6.2692,31.8735],[8.0208,33.0203],[7.5306,33.8119],[8.291,34.7695],[8.6367,36.8853],[6.3229,37.0906],[5.3827,36.6745],[1.0576,36.4619],[-2.193,35.0542],[-1.0813,32.4539]]]},"properties":{"NAME":"Algiers","SUBJECTO":"Algiers","PARTOF":"Algiers","BORDERPRECISION":3,"LINK":null}},
{"type":"Feature","geometry":{"type":"Polygon","coordinates":[[[8.0208,33.0203],[10.4126,33.6311],[10.0195,34.0815],[11.1251,35.2406],[10.5115,36.0862],[11.0238,37.0683],[10.3928,36.7166],[9.4161,37.2754],[8.6367,36.8853],[8.291,34.7695],[7.5306,33.8119],[8.0208,33.0203]]]},"properties":{"NAME":"Tunis","SUBJECTO":"Tunis","PARTOF":"Tunis","BORDERPRECISION":3,"LINK":null}},
{"type":"Feature","geometry":{"type":"Polygon","coordinates":[[[11.0754,14.3515],[7.1595,16.0392],[5.1784,15.6488],[4.8246,12.5824],[5.7681,11.1671],[7.1834,11.0492],[8.7166,9.0442],[10.3678,9.5159],[10.8395,10.5774],[10.2498,11.6389],[10.2498,12.7003],[11.0754,14.3515]]]},"properties":{"NAME":"Hausa States","SUBJECTO":"Hausa States","PARTOF":"Hausa States","BORDERPRECISION":3,"LINK":null}},
{"type":"Feature","geometry":{"type":"Polygon","coordinates":[[[12.117,32.8785],[14.7249,30.2453],[15.6495,30.5227],[18.8854,30.2212],[15.8433,31.285],[15.0098,32.3634],[12.117,32.8785]]]},"properties":{"NAME":"Tripolitania","SUBJECTO":"Tripolitania","PARTOF":"Tripolitania","BORDERPRECISION":3,"LINK":null}},
{"type":"Feature","geometry":{"type":"Polygon","coordinates":[[[19.3188,30.2554],[20.3648,30.3378],[21.1969,31.0775],[22.1215,31.0775],[23.7424,32.0641],[22.216,32.7913],[21.0545,32.6301],[20.0684,32.0371],[20.1168,30.9571],[19.3188,30.2554]]]},"properties":{"NAME":"Cyrenaica","SUBJECTO":"Cyrenaica","PARTOF":"Cyrenaica","BORDERPRECISION":3,"LINK":null}},
{"type":"Feature","geometry":{"type":"Polygon","coordinates":[[[56.2816,25.4624],[56.1129,24.3042],[57.6171,22.1553],[57.241,20.8122],[57.8386,19.0348],[57.9313,20.4009],[58.512,20.4212],[59.8257,22.3745],[58.6285,23.4583],[56.7942,24.2676],[56.2816,25.4624]]]},"properties":{"NAME":"Oman","SUBJECTO":"Oman","PARTOF":"Oman","BORDERPRECISION":3,"LINK":null}},
{"type":"Feature","geometry":{"type":"Polygon","coordinates":[[[49.7042,24.4103],[46.9868,25.5837],[43.8988,25.9543],[42.4166,25.0896],[41.8125,21.7126],[41.9226,20.7665],[43.5954,20.0601],[45.3683,18.6096],[53.0506,20.3824],[53.373,20.7585],[53.0506,22.1553],[51.6538,22.5851],[50.5688,23.8545],[49.7042,24.4103]]]},"properties":{"NAME":"Nejd","SUBJECTO":"Nejd","PARTOF":"Nejd","BORDERPRECISION":3,"LINK":null}},
{"type":"Feature","geometry":{"type":"Polygon","coordinates":[[[46.8777,13.4739],[46.3353,14.0968],[45.2608,13.8282],[44.5087,14.0968],[43.488,16.6218],[42.7637,16.6455],[43.5601,12.8603],[44.4405,12.6398],[45.8259,13.4052],[46.8777,13.4739]]]},"properties":{"NAME":"Yemen","SUBJECTO":"Yemen","PARTOF":"Yemen","BORDERPRECISION":3,"LINK":null}},
{"type":"Feature","geometry":{"type":"Polygon","coordinates":[[[106.7044,10.4484],[106.09,11.0061],[104.3872,10.3144],[104.9785,9.9809],[104.9071,8.475],[106.482,9.5521],[106.7044,10.4484]]]},"properties":{"NAME":"Cochin China","SUBJECTO":"Cochin China","PARTOF":"Cochin China","BORDERPRECISION":3,"LINK":null}},
{"type":"Feature","geometry":{"type":"Polygon","coordinates":[[[106.7044,10.4484],[107.412,10.3674],[108.6959,11.1452],[109.3071,12.9063],[108.2361,16.0804],[106.6223,17.3284],[105.5326,18.8442],[106.807,20.905],[107.3743,20.8808],[107.8756,21.4621],[106.6734,21.9262],[106.588,22.9288],[105.3134,23.296],[104.4781,22.7832],[101.9679,22.5337],[102.9929,20.9396],[103.4779,20.6567],[104.1291,20.9399],[104.7158,20.2004],[103.8993,19.3131],[107.1075,16.1696],[107.387,14.5569],[107.4823,12.5833],[105.8425,11.5827],[106.09,11.0061],[106.7044,10.4484]]]},"properties":{"NAME":"Đại Việt","SUBJECTO":"Đại Việt","PARTOF":"Đại Việt","BORDERPRECISION":3,"LINK":null}},
{"type":"Feature","geometry":{"type":"Polygon","coordinates":[[[-2.193,35.0542],[-3.009,35.39],[-4.593,35.1512],[-5.565,35.8623],[-5.9288,35.7279],[-7.004,33.875],[-9.2187,32.5804],[-9.8578,31.0602],[-9.6626,29.9548],[-10.3393,29.1463],[-8.5932,28.6414],[-4.95,28.8566],[-1.7136,28.3942],[-1.0813,32.4539],[-2.193,35.0542]]]},"properties":{"NAME":"Morocco","SUBJECTO":"Morocco","PARTOF":"Morocco","BORDERPRECISION":3,"LINK":null}},
{"type":"Feature","geometry":{"type":"Polygon","coordinates":[[[-57.9005,1.5939],[-57.1339,1.9017],[-55.7935,1.7253],[-55.9011,2.3985],[-54.3883,2.2613],[-53.9773,3.3571],[-54.3661,4.6899],[-53.8369,5.6895],[-54.8948,5.9946],[-57.0651,5.8374],[-58.0057,6.7886],[-58.5085,6.559],[-58.5751,6.9844],[-58.5816,4.9998],[-57.8789,2.8491],[-57.9005,1.5939]]]},"properties":{"NAME":"British Guiana","SUBJECTO":"UK","PARTOF":"British Guiana","BORDERPRECISION":3,"LINK":null}},
{"type":"Feature","geometry":{"type":"Polygon","coordinates":[[[-69.9012,-4.3787],[-70.6938,-4.2999],[-72.7693,-5.1448],[-73.0619,-6.5192],[-73.89,-7.3248],[-72.964,-8.9842],[-65.3087,-9.8157],[-65.2731,-11.3659],[-64.7563,-12.0491],[-62.0786,-13.1007],[-61.7263,-13.5879],[-60.4014,-13.8278],[-60.1009,-16.2785],[-58.3335,-16.3697],[-58.4017,-17.1325],[-57.5964,-18.0426],[-58.1377,-19.8118],[-55.134,-24.0569],[-54.2272,-24.058],[-54.5804,-25.7433],[-53.8489,-25.7518],[-53.7311,-27.2183],[-54.9113,-27.8031],[-57.5757,-30.4029],[-56.6266,-30.2896],[-55.8741,-31.1743],[-55.4406,-30.9749],[-54.1072,-31.85],[-53.2283,-32.8165],[-53.4056,-33.8795],[-51.2324,-30.2654],[-50.5817,-30.4165],[-51.4774,-31.8235],[-48.7284,-28.3671],[-48.7245,-25.4256],[-46.2062,-23.8828],[-45.4592,-23.8558],[-44.5613,-22.9899],[-42.1384,-22.972],[-40.9835,-22.0864],[-40.9328,-21.2794],[-39.739,-19.5741],[-39.6661,-18.227],[-39.1425,-17.7747],[-38.7989,-12.6273],[-38.2661,-12.8867],[-37.1865,-10.8447],[-35.5986,-9.6276],[-34.8907,-7.6118],[-35.4644,-5.2683],[-37.1806,-4.9543],[-39.7218,-3.009],[-43.2332,-2.4193],[-44.5934,-3.1466],[-44.4617,-2.2694],[-44.7959,-1.7364],[-47.2371,-0.6804],[-48.0425,-0.8156],[-49.4228,-2.3588],[-49.2906,-1.7906],[-50.5285,-1.9331],[-50.9768,-1.1143],[-52.1435,-1.5172],[-49.881,1.5761],[-50.6881,2.2162],[-51.3152,4.2611],[-53.8369,5.6895],[-54.3661,4.6899],[-53.9773,3.3571],[-54.3883,2.2613],[-55.9011,2.3985],[-55.7935,1.7253],[-57.1339,1.9017],[-57.9005,1.5939],[-58.8527,1.1541],[-60.5158,2.1898],[-63.3265,2.0619],[-65.3559,0.5623],[-65.5989,0.9867],[-66.1259,0.6404],[-67.0553,0.9406],[-66.6598,-2.817],[-67.2531,-2.5533],[-67.9783,-3.4103],[-69.2308,-3.4762],[-69.3626,-4.1355],[-69.9012,-4.3787]]]},"properties":{"NAME":"Vice-Royalty of Brazil","SUBJECTO":"Portugal","PARTOF":"Vice-Royalty of Brazil","BORDERPRECISION":3,"LINK":null}},
{"type":"Feature","geometry":{"type":"Polygon","coordinates":[[[-58.1377,-19.8118],[-62.61,-22.1565],[-60.8647,-23.8805],[-57.7099,-25.3359],[-58.6918,-27.3167],[-55.7318,-27.4521],[-54.5804,-25.7433],[-54.2272,-24.058],[-55.134,-24.0569],[-58.1377,-19.8118]]]},"properties":{"NAME":"Paraguay","SUBJECTO":"Spain","PARTOF":"Paraguay","BORDERPRECISION":3,"LINK":null}},
{"type":"Feature","geometry":{"type":"Polygon","coordinates":[[[-80.2289,-3.4712],[-81.4133,-4.5671],[-80.8234,-5.7159],[-81.297,-6.0409],[-80.0659,-6.7563],[-79.0602,-8.2155],[-76.3592,-13.2291],[-76.0526,-14.4101],[-74.0496,-16.045],[-71.6119,-17.2215],[-70.296,-18.629],[-70.3981,-25.2489],[-71.6816,-30.6],[-71.4161,-32.7526],[-73.1442,-37.1558],[-73.6903,-37.3671],[-73.1938,-39.5654],[-73.8453,-41.1528],[-73.4636,-41.7868],[-71.8048,-41.5737],[-71.4195,-39.1056],[-70.8441,-38.7265],[-71.0951,-36.8052],[-70.3907,-36.1651],[-69.8155,-34.0717],[-70.4345,-31.257],[-69.5807,-28.5286],[-68.8235,-27.2671],[-68.2492,-27.0796],[-68.4855,-24.744],[-67.2575,-24.0827],[-67.1889,-22.9835],[-66.1459,-21.9231],[-64.7556,-22.1627],[-64.2486,-22.8775],[-63.7836,-22.0745],[-62.61,-22.1565],[-58.1377,-19.8118],[-57.5964,-18.0426],[-58.4017,-17.1325],[-58.3335,-16.3697],[-60.1009,-16.2785],[-60.4014,-13.8278],[-61.7263,-13.5879],[-62.0786,-13.1007],[-64.7563,-12.0491],[-65.2731,-11.3659],[-65.3087,-9.8157],[-72.964,-8.9842],[-73.89,-7.3248],[-73.0619,-6.5192],[-72.7693,-5.1448],[-70.6938,-4.2999],[-69.9012,-4.3787],[-70.2071,-3.8077],[-71.0608,-3.9377],[-71.8624,-3.2626],[-73.2547,-3.6002],[-73.5922,-4.444],[-74.6048,-4.3596],[-75.6912,-5.0584],[-77.3393,-4.7947],[-77.4052,-4.3332],[-79.1072,-5.0426],[-80.2585,-4.414],[-80.2289,-3.4712]]]},"properties":{"NAME":"Vice-Royalty of Peru","SUBJECTO":"Spain","PARTOF":"Vice-Royalty of Peru","BORDERPRECISION":3,"LINK":null}},
{"type":"Feature","geometry":{"type":"Polygon","coordinates":[[[-54.5804,-25.7433],[-55.7318,-27.4521],[-58.6918,-27.3167],[-57.7099,-25.3359],[-60.8647,-23.8805],[-62.61,-22.1565],[-63.7836,-22.0745],[-64.2486,-22.8775],[-64.7556,-22.1627],[-66.1459,-21.9231],[-67.1889,-22.9835],[-67.2575,-24.0827],[-68.4855,-24.744],[-68.2492,-27.0796],[-68.8235,-27.2671],[-69.5807,-28.5286],[-70.4345,-31.257],[-69.8155,-34.0717],[-70.3907,-36.1651],[-71.0951,-36.8052],[-70.8441,-38.7265],[-71.4195,-39.1056],[-71.8048,-41.5737],[-69.951,-40.9708],[-68.8266,-39.7281],[-66.2819,-40.2607],[-64.9799,-40.0831],[-64.9207,-40.5566],[-62.4008,-40.9249],[-62.3099,-38.8802],[-58.1831,-38.5403],[-56.6981,-36.9441],[-57.3717,-36.1494],[-57.2255,-35.4363],[-58.5228,-34.5871],[-58.3397,-34.2161],[-56.3383,-34.9955],[-54.9898,-34.9673],[-53.4056,-33.8795],[-53.2283,-32.8165],[-54.1072,-31.85],[-55.4406,-30.9749],[-55.8741,-31.1743],[-56.6266,-30.2896],[-57.5757,-30.4029],[-54.9113,-27.8031],[-53.7311,-27.2183],[-53.8489,-25.7518],[-54.5804,-25.7433]]]},"properties":{"NAME":"Viceroyalty of the Río de la Plata","SUBJECTO":"Spain","PARTOF":"Viceroyalty of the Río de la Plata","BORDERPRECISION":3,"LINK":null}},
{"type":"Feature","geometry":{"type":"Polygon","coordinates":[[[92.51,22.1104],[92.5976,21.387],[92.1237,20.9964],[93.7238,19.594],[93.4579,19.1742],[94.0537,19.0611],[94.4653,17.6428],[95.1639,17.6428],[95.3616,18.0383],[94.7024,20.016],[93.1277,22.2029],[92.51,22.1104]]]},"properties":{"NAME":"Arakan","SUBJECTO":"Arakan","PARTOF":"Arakan","BORDERPRECISION":3,"LINK":null}},
{"type":"Feature","geometry":{"type":"Polygon","coordinates":[[[13.8,45.5664],[13.5689,46.5104],[12.0748,46.9275],[11.5709,45.9754],[10.6596,45.8066],[10.6711,45.3669],[10.8561,45.0507],[11.1698,45.0672],[12.0365,45.1373],[12.3778,44.7315],[12.2797,45.4023],[13.8,45.5664]]]},"properties":{"NAME":"Venetia","SUBJECTO":"Venetia","PARTOF":"Venetia","BORDERPRECISION":3,"LINK":null}},
{"type":"Feature","geometry":{"type":"Polygon","coordinates":[[[9.5724,44.437],[9.9776,44.4067],[10.0565,44.3804],[10.1271,44.3569],[10.3933,45.0263],[9.1308,45.1207],[9.5724,44.437]]]},"properties":{"NAME":"Parma","SUBJECTO":"Parma","PARTOF":"Parma","BORDERPRECISION":3,"LINK":null}},
{"type":"Feature","geometry":{"type":"Polygon","coordinates":[[[14.0764,42.6338],[12.3778,44.7315],[12.0365,45.1373],[11.1698,45.0672],[11.202,44.1426],[11.8539,44.3569],[12.2192,43.892],[11.9601,42.0074],[13.7605,41.2067],[13.4147,42.3644],[14.0764,42.6338]]]},"properties":{"NAME":"Papal States","SUBJECTO":"Papal States","PARTOF":"Papal States","BORDERPRECISION":3,"LINK":null}},
{"type":"Feature","geometry":{"type":"Polygon","coordinates":[[[9.5724,44.437],[9.878,44.2905],[9.9776,44.4067],[9.5724,44.437]]]},"properties":{"NAME":"Pontremoli","SUBJECTO":"Pontremoli","PARTOF":"Pontremoli","BORDERPRECISION":3,"LINK":null}},
{"type":"Feature","geometry":{"type":"Polygon","coordinates":[[[10.0565,44.3804],[10.1407,44.2192],[10.1271,44.3569],[10.0565,44.3804]]]},"properties":{"NAME":"Fivizzano","SUBJECTO":"Fivizzano","PARTOF":"Fivizzano","BORDERPRECISION":3,"LINK":null}},
{"type":"Feature","geometry":{"type":"Polygon","coordinates":[[[10.3379,43.5962],[10.6916,44.0912],[10.4101,43.9374],[10.2614,43.7452],[10.3379,43.5962]]]},"properties":{"NAME":"Lucca","SUBJECTO":"Lucca","PARTOF":"Lucca","BORDERPRECISION":3,"LINK":null}},
{"type":"Feature","geometry":{"type":"Polygon","coordinates":[[[11.202,44.1426],[10.6916,44.0912],[10.3379,43.5962],[11.9601,42.0074],[12.2192,43.892],[11.8539,44.3569],[11.202,44.1426]]]},"properties":{"NAME":"Tuscany","SUBJECTO":"Tuscany","PARTOF":"Tuscany","BORDERPRECISION":3,"LINK":null}},
{"type":"Feature","geometry":{"type":"Polygon","coordinates":[[[10.8561,45.0507],[10.3933,45.0263],[10.1271,44.3569],[10.1407,44.2192],[10.0565,44.3804],[9.9776,44.4067],[9.878,44.2905],[9.8255,44.1525],[10.1552,43.8811],[10.4101,43.9374],[10.6916,44.0912],[11.202,44.1426],[11.1698,45.0672],[10.8561,45.0507]]]},"properties":{"NAME":"Modena","SUBJECTO":"Modena","PARTOF":"Modena","BORDERPRECISION":3,"LINK":null}},
{"type":"Feature","geometry":{"type":"Polygon","coordinates":[[[10.4101,43.9374],[10.1552,43.8811],[10.2614,43.7452],[10.4101,43.9374]]]},"properties":{"NAME":"Massa","SUBJECTO":"Massa","PARTOF":"Massa","BORDERPRECISION":3,"LINK":null}},
{"type":"Feature","geometry":{"type":"Polygon","coordinates":[[[74.4214,14.3755],[74.5303,14.8317],[74.1531,14.8495],[74.4214,14.3755]]]},"properties":{"NAME":"Goa","SUBJECTO":"Goa","PARTOF":"Goa","BORDERPRECISION":3,"LINK":null}},
{"type":"Feature","geometry":{"type":"Polygon","coordinates":[[[22.5885,-34.1346],[22.0924,-33.3574],[20.4945,-33.1206],[19.9618,-31.8778],[18.3357,-32.3388],[17.8676,-32.9944],[18.3463,-34.3472],[18.7242,-34.2193],[19.8838,-34.9923],[22.5885,-34.1346]]]},"properties":{"NAME":"Cape Colony","SUBJECTO":"Netherlands","PARTOF":"Cape Colony","BORDERPRECISION":3,"LINK":null}},
{"type":"Feature","geometry":{"type":"Polygon","coordinates":[[[22.5885,-34.1346],[24.5922,-34.3598],[25.6185,-33.9191],[25.6322,-32.3836],[24.519,-32.5288],[21.4414,-30.99],[20.0802,-31.2268],[17.4321,-30.5705],[18.3357,-32.3388],[19.9618,-31.8778],[20.4945,-33.1206],[22.0924,-33.3574],[22.5885,-34.1346]]]},"properties":{"NAME":"Dutch settlements","SUBJECTO":"Dutch settlements","PARTOF":"Dutch settlements","BORDERPRECISION":3,"LINK":null}},
{"type":"Feature","geometry":{"type":"Polygon","coordinates":[[[25.6185,-33.9191],[26.963,-33.713],[29.0864,-32.1267],[28.4251,-31.1676],[27.8924,-31.1084],[25.6322,-32.3836],[25.6185,-33.9191]]]},"properties":{"NAME":"Xhosa","SUBJECTO":"Xhosa","PARTOF":"Xhosa","BORDERPRECISION":3,"LINK":null}},
{"type":"Feature","geometry":{"type":"Polygon","coordinates":[[[32.0944,-26.2554],[28.4251,-28.9186],[30.2948,-30.9202],[32.3462,-28.5853],[32.8874,-26.7151],[32.0944,-26.2554]]]},"properties":{"NAME":"Zulu","SUBJECTO":"Zulu","PARTOF":"Zulu","BORDERPRECISION":3,"LINK":null}},
{"type":"Feature","geometry":{"type":"Polygon","coordinates":[[[32.8874,-26.7151],[32.4997,-26.0681],[32.9449,-25.5396],[32.0944,-25.6043],[32.0944,-26.2554],[32.8874,-26.7151]]]},"properties":{"NAME":"Delagoa Bay","SUBJECTO":"Delagoa Bay","PARTOF":"Delagoa Bay","BORDERPRECISION":3,"LINK":null}},
{"type":"Feature","geometry":{"type":"Polygon","coordinates":[[[48.0147,-17.0228],[47.4821,-16.9044],[46.6535,-17.733],[45.2923,-22.6452],[45.529,-23.5921],[47.1862,-23.1186],[48.4882,-20.0411],[48.0147,-17.0228]]]},"properties":{"NAME":"Expansionist Kingdom of Merina","SUBJECTO":"Expansionist Kingdom of Merina","PARTOF":"Expansionist Kingdom of Merina","BORDERPRECISION":3,"LINK":null}},
{"type":"Feature","geometry":{"type":"Polygon","coordinates":[[[-16.8704,14.3635],[-16.0512,15.0694],[-15.7553,16.253],[-16.4501,16.1184],[-17.4332,14.8072],[-16.8704,14.3635]]]},"properties":{"NAME":"Senegal","SUBJECTO":"Senegal","PARTOF":"Senegal","BORDERPRECISION":3,"LINK":null}},
{"type":"Feature","geometry":{"type":"Polygon","coordinates":[[[-15.158,11.8761],[-15.4593,12.4801],[-16.5666,12.3098],[-15.158,11.8761]]]},"properties":{"NAME":"Portuguese Guinea","SUBJECTO":"Portuguese Guinea","PARTOF":"Portuguese Guinea","BORDERPRECISION":3,"LINK":null}},
{"type":"Feature","geometry":{"type":"Polygon","coordinates":[[[57.3137,36.8291],[60.8414,33.5662],[60.8205,29.8333],[61.6937,29.1374],[64.0439,28.3255],[66.9283,28.1119],[67.9811,29.455],[70.9353,33.731],[74.4276,37.47],[70.8914,38.3722],[64.8611,38.8695],[61.229,39.8309],[57.3137,36.8291]]]},"properties":{"NAME":"Afghanistan","SUBJECTO":"Afghanistan","PARTOF":"Afghanistan","BORDERPRECISION":3,"LINK":null}},
{"type":"Feature","geometry":{"type":"Polygon","coordinates":[[[88.1963,27.8238],[88.2319,26.757],[91.1618,26.7502],[90,26.3603],[92.163,26.5008],[92.1687,27.1453],[89.3022,27.8466],[88.1963,27.8238]]]},"properties":{"NAME":"Assam","SUBJECTO":"Assam","PARTOF":"Assam","BORDERPRECISION":3,"LINK":null}},
{"type":"Feature","geometry":{"type":"Polygon","coordinates":[[[-64.0773,46.0535],[-64.2774,45.9021],[-64.9201,45.3668],[-64.5586,45.4572],[-63.3775,45.3849],[-64.1406,45.0536],[-64.4579,45.3909],[-66.193,44.4892],[-65.8408,44.6152],[-66.1895,44.1413],[-65.7126,43.56],[-64.3058,44.6152],[-63.5589,44.5132],[-60.9584,45.3005],[-61.9398,45.9215],[-62.7261,45.6802],[-64.0773,46.0535]]]},"properties":{"NAME":"Acadian Peninsula (UK)","SUBJECTO":"Acadian Peninsula (UK)","PARTOF":"Acadian Peninsula (UK)","BORDERPRECISION":3,"LINK":null}},
{"type":"Feature","geometry":{"type":"Polygon","coordinates":[[[-83.2964,14.615],[-83.5272,15.2366],[-84.6505,15.9334],[-88.9408,15.9046],[-89.2511,15.8975],[-89.1656,17.9793],[-88.3205,18.4944],[-88.1377,18.8944],[-87.8771,18.3809],[-87.6507,20.1899],[-86.9359,20.9764],[-87.2006,21.5289],[-90,21.1607],[-90,19.3815],[-91.2197,19.1025],[-91.7297,18.4157],[-92.0979,18.7596],[-94.242,18.2402],[-96.0123,18.9293],[-97.5042,21.1892],[-97.882,22.3326],[-97.7419,24.7296],[-97.26,25.8114],[-97.5678,27.9089],[-96.6845,28.2477],[-96.7166,28.7118],[-95.6028,28.7987],[-94.8446,29.3463],[-95.007,29.7582],[-92.1036,29.5496],[-104.9792,32.858],[-112.1229,42.6417],[-113.2324,41.8404],[-115.3912,41.8404],[-117.2302,42.3201],[-118.9893,43.6794],[-120.8283,43.7593],[-123.9339,39.8228],[-123.7963,39.0304],[-122.7586,37.9568],[-122.4898,38.1645],[-122.1192,37.5359],[-122.5521,37.843],[-122.4941,37.3008],[-120.6773,35.1893],[-120.6879,34.6217],[-117.7093,33.5285],[-115.6023,29.6852],[-114.0673,28.4229],[-114.2144,27.9075],[-115.0546,27.8532],[-112.411,26.1928],[-112.0928,24.89],[-110.0036,22.8854],[-109.4886,23.5731],[-110.2049,24.3155],[-110.6557,24.2192],[-111.5938,26.7604],[-111.9149,26.6644],[-112.8699,28.3347],[-114.6828,30.1432],[-114.8387,31.8155],[-113.0521,31.1387],[-111.6916,28.4961],[-109.1888,26.4412],[-109.2627,25.6462],[-108.0775,25.0638],[-105.5399,22.2846],[-105.2161,21.3126],[-105.6704,20.3517],[-103.4939,18.3539],[-101.9926,18.0265],[-97.8809,16.052],[-96.3329,15.7502],[-94.363,16.2248],[-91.5157,14.0589],[-90,13.9372],[-88.2546,13.1925],[-87.7706,13.5009],[-87.4043,13.0299],[-87.6749,12.9149],[-85.7327,11.0855],[-85.7116,10.0305],[-85.0888,9.5831],[-84.8442,9.841],[-85.2555,10.3108],[-84.6971,9.9884],[-83.6149,9.1516],[-83.6055,8.5478],[-83.0851,8.6506],[-82.9575,8.0472],[-82.9066,9.5186],[-82.5599,9.5831],[-83.7466,10.8785],[-83.9001,11.8883],[-83.8582,14.1846],[-83.2964,14.615]]]},"properties":{"NAME":"Vice-Royalty of New Spain","SUBJECTO":"Spain","PARTOF":"Vice-Royalty of New Spain","BORDERPRECISION":3,"LINK":null}},
{"type":"Feature","geometry":{"type":"Polygon","coordinates":[[[10.8395,10.5774],[12.0189,9.8698],[14.9674,9.9877],[16.6186,11.0492],[16.8523,14.3489],[16.2648,16.1206],[13.5521,16.1206],[11.0754,14.3515],[10.2498,12.7003],[10.2498,11.6389],[10.8395,10.5774]]]},"properties":{"NAME":"Bornu-Kanem","SUBJECTO":"Bornu-Kanem","PARTOF":"Bornu-Kanem","BORDERPRECISION":3,"LINK":null}},
{"type":"Feature","geometry":{"type":"Polygon","coordinates":[[[7.1834,17.3],[10.8395,18.2435],[11.0754,22.3714],[10.7216,23.5508],[8.3628,24.4943],[4.8246,23.079],[4.8246,19.305],[7.1834,17.3]]]},"properties":{"NAME":"Air","SUBJECTO":"Air","PARTOF":"Air","BORDERPRECISION":3,"LINK":null}},
{"type":"Feature","geometry":{"type":"Polygon","coordinates":[[[0.6967,15.4129],[0.107,15.0591],[0.6486,13.1551],[1.977,12.672],[3.1847,12.9136],[2.1582,15.0874],[0.6967,15.4129]]]},"properties":{"NAME":"Songhai","SUBJECTO":"Songhai","PARTOF":"Songhai","BORDERPRECISION":3,"LINK":null}},
{"type":"Feature","geometry":{"type":"Polygon","coordinates":[[[-12.2782,11.6663],[-8.5026,14.4694],[-8.2668,16.3565],[-6.9694,16.3565],[-6.7335,18.2435],[-7.9129,19.0691],[-12.5126,17.182],[-12.2782,11.6663]]]},"properties":{"NAME":"Kaarta","SUBJECTO":"Kaarta","PARTOF":"Kaarta","BORDERPRECISION":3,"LINK":null}},
{"type":"Feature","geometry":{"type":"Polygon","coordinates":[[[-12.2782,11.6663],[-11.4645,11.2224],[-5.908,12.2286],[-4.9644,11.7568],[-4.6425,12.3307],[-2.2518,16.5923],[-4.0209,18.8332],[-5.79,19.0691],[-6.7335,18.2435],[-6.9694,16.3565],[-8.2668,16.3565],[-8.5026,14.4694],[-12.2782,11.6663]]]},"properties":{"NAME":"Segu","SUBJECTO":"Segu","PARTOF":"Segu","BORDERPRECISION":3,"LINK":null}},
{"type":"Feature","geometry":{"type":"Polygon","coordinates":[[[-3.4312,13.1721],[-2.5519,11.6455],[-2.3707,10.317],[-0.0761,10.0754],[0.7693,12.3097],[-0.8365,13.408],[-2.7236,13.6438],[-3.4312,13.1721]]]},"properties":{"NAME":"Mossi States","SUBJECTO":"Mossi States","PARTOF":"Mossi States","BORDERPRECISION":3,"LINK":null}},
{"type":"Feature","geometry":{"type":"Polygon","coordinates":[[[-4.303,7.4789],[-4.3743,5.2546],[-2.9335,5.2745],[-2.0312,4.6982],[-0.6078,5.3177],[-1.0724,7.8648],[-0.8365,9.0442],[-3.3369,8.8074],[-3.5784,7.5996],[-4.303,7.4789]]]},"properties":{"NAME":"Asante","SUBJECTO":"Asante","PARTOF":"Asante","BORDERPRECISION":3,"LINK":null}},
{"type":"Feature","geometry":{"type":"Polygon","coordinates":[[[-4.9644,11.7568],[-5.5541,10.8133],[-5.4362,9.0442],[-4.9644,9.0442],[-5.0824,7.6289],[-4.303,7.4789],[-3.5784,7.5996],[-3.3369,8.8074],[-3.3973,11.5247],[-4.6425,12.3307],[-4.9644,11.7568]]]},"properties":{"NAME":"Kong Empire","SUBJECTO":"Kong Empire","PARTOF":"Kong Empire","BORDERPRECISION":3,"LINK":null}},
{"type":"Feature","geometry":{"type":"Polygon","coordinates":[[[3.9495,6.5794],[4.2113,7.7808],[3.3055,8.2035],[2.0978,8.0223],[0.7089,7.0562],[-0.3176,6.9958],[-0.4988,6.0296],[-0.1189,5.5729],[3.9495,6.5794]]]},"properties":{"NAME":"Dahomey","SUBJECTO":"Dahomey","PARTOF":"Dahomey","BORDERPRECISION":3,"LINK":null}},
{"type":"Feature","geometry":{"type":"Polygon","coordinates":[[[4.2113,7.7808],[5.0567,7.2977],[6.4455,7.1166],[7.6532,8.2035],[5.7209,9.532],[3.6678,8.9885],[3.3055,8.2035],[4.2113,7.7808]]]},"properties":{"NAME":"Oyo","SUBJECTO":"Oyo","PARTOF":"Oyo","BORDERPRECISION":3,"LINK":null}},
{"type":"Feature","geometry":{"type":"Polygon","coordinates":[[[3.9495,6.5794],[4.8863,6.0031],[5.0567,7.2977],[4.2113,7.7808],[3.9495,6.5794]]]},"properties":{"NAME":"Africa","SUBJECTO":"Africa","PARTOF":"Africa","BORDERPRECISION":3,"LINK":null}},
{"type":"Feature","geometry":{"type":"Polygon","coordinates":[[[5.0567,7.2977],[4.8863,6.0031],[5.8513,4.4293],[6.9237,4.3427],[7.1757,4.5275],[6.7344,5.5261],[7.0494,6.3919],[6.4455,7.1166],[5.0567,7.2977]]]},"properties":{"NAME":"Sotho","SUBJECTO":"Sotho","PARTOF":"Sotho","BORDERPRECISION":3,"LINK":null}},
{"type":"Feature","geometry":{"type":"Polygon","coordinates":[[[14.9674,9.9877],[15.141,8.9281],[18.0395,7.3581],[20.3945,8.0223],[20.5153,9.5924],[16.6186,11.0492],[14.9674,9.9877]]]},"properties":{"NAME":"Bagirmi","SUBJECTO":"Bagirmi","PARTOF":"Bagirmi","BORDERPRECISION":3,"LINK":null}},
{"type":"Feature","geometry":{"type":"Polygon","coordinates":[[[20.5153,16.4763],[19.368,13.3966],[19.9115,12.6116],[22.6288,13.2155],[22.81,13.7589],[21.5419,16.5971],[20.5153,16.4763]]]},"properties":{"NAME":"Wadai","SUBJECTO":"Wadai","PARTOF":"Wadai","BORDERPRECISION":3,"LINK":null}},
{"type":"Feature","geometry":{"type":"Polygon","coordinates":[[[22.6892,15.329],[23.1723,13.5778],[24.3196,12.7928],[29.09,13.1551],[29.9958,14.242],[29.1504,17.9255],[27.4596,18.1671],[23.1119,16.5971],[22.6892,15.329]]]},"properties":{"NAME":"Darfur","SUBJECTO":"Darfur","PARTOF":"Darfur","BORDERPRECISION":3,"LINK":null}},
{"type":"Feature","geometry":{"type":"Polygon","coordinates":[[[23.5044,-10.3348],[23.2628,-9.6705],[23.6252,-6.772],[21.3305,-6.7117],[17.8886,-7.3759],[17.4659,-8.1609],[18.2509,-11.1198],[23.0213,-10.8179],[23.5044,-10.3348]]]},"properties":{"NAME":"Lunda","SUBJECTO":"Lunda","PARTOF":"Lunda","BORDERPRECISION":3,"LINK":null}},
{"type":"Feature","geometry":{"type":"Polygon","coordinates":[[[23.5044,-10.3348],[25.4669,-10.3952],[25.6481,-9.9725],[26.3727,-10.2744],[27.3388,-9.6102],[28.7277,-9.7309],[29.2712,-9.1875],[30.3581,-9.2478],[31.0827,-8.7044],[29.3316,-5.3228],[25.9802,-5.1416],[25.3159,-6.5305],[23.6252,-6.772],[23.2628,-9.6705],[23.5044,-10.3348]]]},"properties":{"NAME":"Luba","SUBJECTO":"Luba","PARTOF":"Luba","BORDERPRECISION":3,"LINK":null}},
{"type":"Feature","geometry":{"type":"Polygon","coordinates":[[[13.0231,-7.6054],[13.4768,-8.416],[13.0838,-9.2875],[14.3291,-9.3681],[14.1027,-7.3759],[14.9905,-7.1984],[15.0496,-6.0147],[14.5762,-4.7718],[13.215,-6.1331],[12.3717,-6.2578],[13.0231,-7.6054]]]},"properties":{"NAME":"Congo","SUBJECTO":"Congo","PARTOF":"Congo","BORDERPRECISION":3,"LINK":null}},
{"type":"Feature","geometry":{"type":"Polygon","coordinates":[[[22.9005,-16.9772],[23.3836,-17.1583],[23.5648,-16.1922],[23.2169,-14.0636],[22.7194,-14.0183],[22.9005,-16.9772]]]},"properties":{"NAME":"Lozi","SUBJECTO":"Lozi","PARTOF":"Lozi","BORDERPRECISION":3,"LINK":null}},
{"type":"Feature","geometry":{"type":"Polygon","coordinates":[[[18.7943,-3.9339],[18.6736,-5.0209],[19.8209,-5.7455],[22.0551,-5.1416],[21.6928,-3.8132],[18.7943,-3.9339]]]},"properties":{"NAME":"Lozi","SUBJECTO":"Lozi","PARTOF":"Lozi","BORDERPRECISION":3,"LINK":null}},
{"type":"Feature","geometry":{"type":"Polygon","coordinates":[[[26.9463,-18.6679],[26.2821,-20.6607],[26.886,-21.9288],[29.9052,-22.0495],[30.6902,-20.0568],[30.1468,-18.5472],[27.671,-18.0037],[26.9463,-18.6679]]]},"properties":{"NAME":"Rozwi","SUBJECTO":"Rozwi","PARTOF":"Rozwi","BORDERPRECISION":3,"LINK":null}},
{"type":"Feature","geometry":{"type":"Polygon","coordinates":[[[30.5997,1.38],[29.6335,-0.1297],[29.1504,-3.6924],[29.5127,-4.417],[31.2035,-4.417],[31.5658,-1.3374],[32.5924,0.7157],[32.2904,1.6215],[31.3243,2.2857],[30.5997,1.38]]]},"properties":{"NAME":"Rift Valley States","SUBJECTO":"Rift Valley States","PARTOF":"Rift Valley States","BORDERPRECISION":3,"LINK":null}},
{"type":"Feature","geometry":{"type":"Polygon","coordinates":[[[80.4598,15.7731],[82.0814,16.4627],[85.1132,19.4423],[84.4416,21.0759],[83.7478,21.0759],[82.3858,20.2278],[80.9981,17.9407],[80.5098,16.7586],[79.816,16.3474],[80.4841,16.1675],[80.4598,15.7731]]]},"properties":{"NAME":"India","SUBJECTO":"British East India Company","PARTOF":"British East India Company","BORDERPRECISION":3,"LINK":null}},
{"type":"Feature","geometry":{"type":"Polygon","coordinates":[[[78.621,12.2614],[78.9294,13.0581],[78.4925,13.6234],[76.9507,13.572],[76.411,12.981],[77.6188,12.6983],[78.0814,12.0559],[78.621,12.2614]]]},"properties":{"NAME":"Ambur","SUBJECTO":"Ambur","PARTOF":"Ambur","BORDERPRECISION":3,"LINK":null}},
{"type":"Feature","geometry":{"type":"Polygon","coordinates":[[[76.2484,10.1035],[77.0483,10.4986],[75.5907,11.5175],[76.2484,10.1035]]]},"properties":{"NAME":"Malabar","SUBJECTO":"Netherlands","PARTOF":"Malabar","BORDERPRECISION":3,"LINK":null}},
{"type":"Feature","geometry":{"type":"Polygon","coordinates":[[[76.2484,10.1035],[76.4672,9.4101],[77.2847,9.4347],[77.6702,10.1542],[77.0483,10.4986],[76.2484,10.1035]]]},"properties":{"NAME":"Cochin","SUBJECTO":"Netherlands","PARTOF":"Cochin","BORDERPRECISION":3,"LINK":null}},
{"type":"Feature","geometry":{"type":"Polygon","coordinates":[[[76.4672,9.4101],[77.3414,8.0533],[77.7339,8.1773],[77.6445,9.3833],[77.2847,9.4347],[76.4672,9.4101]]]},"properties":{"NAME":"Travancore","SUBJECTO":"Netherlands","PARTOF":"Travancore","BORDERPRECISION":3,"LINK":null}},
{"type":"Feature","geometry":{"type":"Polygon","coordinates":[[[78.4925,13.6234],[78.3127,14.2659],[77.6011,14.4963],[76.9635,14.7028],[76.1412,14.8055],[74.4214,14.3755],[75.5907,11.5175],[77.0483,10.4986],[77.6702,10.1542],[77.2847,9.4347],[77.6445,9.3833],[78.4668,10.0771],[78.621,12.2614],[78.0814,12.0559],[77.6188,12.6983],[76.411,12.981],[76.9507,13.572],[78.4925,13.6234]]]},"properties":{"NAME":"Mysore","SUBJECTO":"Mysore","PARTOF":"Indian princely states","BORDERPRECISION":3,"LINK":null}},
{"type":"Feature","geometry":{"type":"Polygon","coordinates":[[[81.345,6.6079],[80.7283,8.7922],[80.1115,8.3296],[80.0786,7.7445],[80.7864,6.5742],[81.0564,6.4732],[81.345,6.6079]]]},"properties":{"NAME":"Kandy","SUBJECTO":"Kandy","PARTOF":"Kandy","BORDERPRECISION":3,"LINK":null}},
{"type":"Feature","geometry":{"type":"Polygon","coordinates":[[[79.816,16.3474],[79.0322,15.7307],[79.4948,13.8804],[78.9294,13.0581],[78.621,12.2614],[78.4668,10.0771],[77.6445,9.3833],[77.7339,8.1773],[78.3138,8.9958],[79.1596,9.2772],[79.2225,10.1922],[79.7899,10.2506],[79.8667,11.9691],[79.7774,12.5441],[80.2018,13.4917],[80.0894,15.1752],[80.4598,15.7731],[80.4841,16.1675],[79.816,16.3474]]]},"properties":{"NAME":"Carnatic","SUBJECTO":"Carnatic","PARTOF":"Carnatic","BORDERPRECISION":3,"LINK":null}},
{"type":"Feature","geometry":{"type":"Polygon","coordinates":[[[79.8667,11.9691],[80.2018,13.4917],[79.7774,12.5441],[79.8667,11.9691]]]},"properties":{"NAME":"Madras","SUBJECTO":"British East India Company","PARTOF":"British East India Company","BORDERPRECISION":3,"LINK":null}},
{"type":"Feature","geometry":{"type":"Polygon","coordinates":[[[77.6011,14.4963],[78.0814,14.5743],[78.1328,15.0111],[76.9635,14.7028],[77.6011,14.4963]]]},"properties":{"NAME":"Gooty","SUBJECTO":"Gooty","PARTOF":"Gooty","BORDERPRECISION":3,"LINK":null}},
{"type":"Feature","geometry":{"type":"Polygon","coordinates":[[[80.9981,17.9407],[79.9188,19.8681],[78.5568,19.7139],[77.8115,19.1999],[77.8886,17.9921],[76.7065,17.1955],[76.7836,16.3731],[76.1412,14.8055],[76.9635,14.7028],[78.1328,15.0111],[78.0814,14.5743],[77.6011,14.4963],[78.3127,14.2659],[78.4925,13.6234],[78.9294,13.0581],[79.4948,13.8804],[79.0322,15.7307],[79.816,16.3474],[80.5098,16.7586],[80.9981,17.9407]]]},"properties":{"NAME":"Golconda","SUBJECTO":"Golconda","PARTOF":"Golconda","BORDERPRECISION":3,"LINK":null}},
{"type":"Feature","geometry":{"type":"Polygon","coordinates":[[[37.2753,-17.7132],[36.3856,-16.9657],[35.5462,-16.9657],[34.287,-15.9164],[33.3427,-15.7065],[34.8117,-17.5952],[35.3779,-19.4268],[37.2753,-17.7132]]]},"properties":{"NAME":"Portuguese East Africa","SUBJECTO":"Portuguese East Africa","PARTOF":"Portuguese East Africa","BORDERPRECISION":3,"LINK":null}},
{"type":"Feature","geometry":{"type":"Polygon","coordinates":[[[46.2254,2.5523],[48.4716,5.2014],[49.0461,6.4163],[47.4786,5.5712],[45.941,3.5023],[41.0549,-0.597],[38.7464,-3.9546],[38.2218,-6.1581],[38.9038,-10.7749],[40.524,-10.5501],[39.6576,-9.7957],[39.2701,-7.8011],[39.5664,-7.0442],[38.8724,-6.0925],[40.2713,-2.8167],[41.6099,-1.8767],[43.7243,0.8003],[46.2254,2.5523]]]},"properties":{"NAME":"Zanzibar","SUBJECTO":"Zanzibar","PARTOF":"Zanzibar","BORDERPRECISION":3,"LINK":null}},
{"type":"Feature","geometry":{"type":"Polygon","coordinates":[[[30.3464,22.1114],[29.4655,20.7659],[29.4655,19.1729],[30.6909,16.8447],[31.6712,15.8644],[31.6712,11.5756],[33.1417,11.5756],[33.9994,13.6587],[33.6318,15.7419],[34.6121,18.0701],[33.8769,19.6631],[31.6166,21.2954],[30.3464,22.1114]]]},"properties":{"NAME":"Funj","SUBJECTO":"Funj","PARTOF":"Funj","BORDERPRECISION":3,"LINK":null}},
{"type":"Feature","geometry":{"type":"Polygon","coordinates":[[[39.6362,14.1489],[39.3911,10.5953],[40.3714,10.4727],[40.4939,9.86],[43.4748,12.0976],[42.079,13.861],[40.3899,14.9058],[39.6362,14.1489]]]},"properties":{"NAME":"Awsa","SUBJECTO":"Awsa","PARTOF":"Awsa","BORDERPRECISION":3,"LINK":null}},
{"type":"Feature","geometry":{"type":"Polygon","coordinates":[[[38.0432,16.232],[36.0826,16.1095],[36.4623,8.5475],[37.308,7.8994],[39.2178,8.4326],[39.5622,9.1215],[39.3911,10.5953],[39.6362,14.1489],[38.0432,15.0066],[38.0432,16.232]]]},"properties":{"NAME":"Ethiopia","SUBJECTO":"Ethiopia","PARTOF":"Ethiopia","BORDERPRECISION":3,"LINK":null}},
{"type":"Feature","geometry":{"type":"Polygon","coordinates":[[[39.3911,10.5953],[39.5622,9.1215],[39.2178,8.4326],[37.308,7.8994],[36.4623,8.5475],[35.1023,8.3896],[34.9797,7.2868],[38.0432,6.7966],[38.0432,5.6938],[36.0826,5.6938],[36.4502,2.6303],[38.4108,1.0373],[42.332,1.7726],[43.8025,2.8754],[42.8222,4.5909],[41.7193,4.7135],[42.9447,6.9191],[41.8419,8.7572],[40.4939,9.86],[40.3714,10.4727],[39.3911,10.5953]]]},"properties":{"NAME":"Oromo","SUBJECTO":"Oromo","PARTOF":"Oromo","BORDERPRECISION":3,"LINK":null}},
{"type":"Feature","geometry":{"type":"Polygon","coordinates":[[[8.5578,53.1576],[8.5018,53.449],[7.875,53.6337],[7.9992,52.4438],[8.1408,53.0242],[8.6602,53.0265],[8.5578,53.1576]]]},"properties":{"NAME":"Oldenburg","SUBJECTO":"Oldenburg","PARTOF":"Oldenburg","BORDERPRECISION":3,"LINK":null}},
{"type":"Feature","geometry":{"type":"Polygon","coordinates":[[[7.0682,52.2726],[7.6376,52.4882],[8.0788,52.0264],[8.7868,52.365],[8.9048,52.3548],[8.8504,52.1948],[8.833,52.1598],[9.1921,51.8007],[10.2108,51.6629],[10.5783,52.0918],[11.0807,52.971],[10.9604,53.8984],[10.8935,53.8844],[10.6618,53.6852],[10.5768,53.8854],[9.943,53.5999],[10.1174,53.4764],[9.7523,53.5032],[9.125,53.7905],[8.5856,53.7931],[8.5619,53.7453],[8.5162,53.761],[8.5018,53.449],[8.5578,53.1576],[8.744,53.0852],[8.6602,53.0265],[8.1408,53.0242],[7.9992,52.4438],[7.875,53.6337],[7.0373,53.5101],[7.1599,53.164],[7.0682,52.2726]]]},"properties":{"NAME":"Mecklenburg-Strelitz","SUBJECTO":"Mecklenburg-Strelitz","PARTOF":"Mecklenburg-Strelitz","BORDERPRECISION":3,"LINK":null}},
{"type":"Feature","geometry":{"type":"Polygon","coordinates":[[[12.2135,50.0089],[11.446,48.8785],[10.5315,48.8328],[10.8348,47.545],[12.942,47.4832],[12.6942,48.1294],[13.9467,48.6551],[12.2135,50.0089]]]},"properties":{"NAME":"Bavaria","SUBJECTO":"Bavaria","PARTOF":"Bavaria","BORDERPRECISION":3,"LINK":null}},
{"type":"Feature","geometry":{"type":"Polygon","coordinates":[[[11.0807,52.971],[11.7526,53.3458],[13.2559,52.6184],[13.8055,53.6044],[12.9003,53.9277],[12.4625,54.2548],[10.9604,53.8984],[11.0807,52.971]]]},"properties":{"NAME":"Mecklenburg-Schwerin","SUBJECTO":"Mecklenburg-Schwerin","PARTOF":"Mecklenburg-Schwerin","BORDERPRECISION":3,"LINK":null}},
{"type":"Feature","geometry":{"type":"Polygon","coordinates":[[[10.55,51.575],[10.9727,51.5843],[11.0591,51.5575],[11.8332,52.0748],[14.3236,52.3333],[14.5261,51.8861],[15.2002,51.9853],[15.7645,52.2655],[15.8439,52.7103],[18.1047,52.7661],[18.1884,53.1848],[18.8861,52.5149],[18.9912,53.1305],[20.4774,53.1305],[22.8066,53.8076],[22.7935,54.9024],[20.9454,56.07],[21.1373,54.8455],[19.9426,54.8499],[20.3267,54.564],[19.3281,54.1615],[19.7577,54.4592],[18.6731,54.2551],[18.2794,54.7241],[14.4729,53.8768],[14.5371,53.5382],[13.6676,54.0842],[12.9003,53.9277],[13.8055,53.6044],[13.2559,52.6184],[11.7526,53.3458],[11.0807,52.971],[10.5783,52.0918],[10.5178,51.6768],[10.55,51.575]]]},"properties":{"NAME":"Prussia","SUBJECTO":"Prussia","PARTOF":"Prussia","BORDERPRECISION":3,"LINK":null}},
{"type":"Feature","geometry":{"type":"Polygon","coordinates":[[[11.1336,51.5166],[11.5377,51.3072],[11.4424,51.6133],[11.1336,51.5166]]]},"properties":{"NAME":"Thuringia","SUBJECTO":"Thuringia","PARTOF":"Thuringia","BORDERPRECISION":3,"LINK":null}},
{"type":"Feature","geometry":{"type":"MultiPolygon","coordinates":[[[[10.1514,51.6365],[10.1802,51.5964],[10.5178,51.6768],[10.5783,52.0918],[10.2108,51.6629],[10.1514,51.6365]]],[[[10.2552,51.4303],[10.4266,51.2363],[10.5105,51.4772],[10.4696,51.4892],[10.2552,51.4303]]]]},"properties":{"NAME":"Thuringia","SUBJECTO":"Thuringia","PARTOF":"Thuringia","BORDERPRECISION":3,"LINK":null}},
{"type":"Feature","geometry":{"type":"Polygon","coordinates":[[[10.6764,51.4671],[10.4524,51.207],[12.3522,50.8856],[11.4542,50.4557],[12.0837,50.2617],[15.267,51.023],[15.2002,51.9853],[14.5261,51.8861],[14.3236,52.3333],[11.8332,52.0748],[11.997,51.5947],[11.4424,51.6133],[11.5377,51.3072],[11.1336,51.5166],[11.0591,51.5575],[10.9727,51.5843],[10.6764,51.4671]]]},"properties":{"NAME":"Saxony","SUBJECTO":"Saxony","PARTOF":"Saxony","BORDERPRECISION":3,"LINK":null}},
{"type":"Feature","geometry":{"type":"Polygon","coordinates":[[[10.5105,51.4772],[10.4266,51.2363],[10.4524,51.207],[10.6764,51.4671],[10.5105,51.4772]]]},"properties":{"NAME":"Thuringia","SUBJECTO":"Thuringia","PARTOF":"Thuringia","BORDERPRECISION":3,"LINK":null}},
{"type":"Feature","geometry":{"type":"Polygon","coordinates":[[[8.5347,51.079],[6.9544,49.2017],[8.1583,48.9783],[8.3104,49.5531],[9.0751,49.2729],[9.5964,49.6482],[9.6378,49.2939],[9.4641,47.6488],[9.6655,47.5562],[10.1029,47.301],[10.8348,47.545],[10.5315,48.8328],[11.446,48.8785],[12.2135,50.0089],[12.0837,50.2617],[11.4542,50.4557],[12.3522,50.8856],[10.4524,51.207],[10.4266,51.2363],[10.2552,51.4303],[10.1617,51.4724],[9.5944,51.2389],[9.3511,51.5982],[9.1613,51.5442],[8.8637,51.2569],[8.756,50.8157],[8.5347,51.079]]]},"properties":{"NAME":"Bavaria","SUBJECTO":"Bavaria","PARTOF":"Bavaria","BORDERPRECISION":3,"LINK":null}},
{"type":"Feature","geometry":{"type":"Polygon","coordinates":[[[48.5536,29.9946],[49.2222,30.4775],[49.3214,30.1029],[50.1324,30.0664],[51.3501,28.0361],[52.8908,27.0523],[54.6461,26.3913],[55.4249,26.9631],[56.6678,27.0499],[57.2548,25.7933],[57.9005,25.5409],[61.344,25.0269],[66.3001,25.4947],[66.9283,28.1119],[64.0439,28.3255],[61.6937,29.1374],[60.8205,29.8333],[60.8414,33.5662],[57.3137,36.8291],[54.0674,36.9415],[51.7955,36.4323],[50.561,36.6864],[48.8372,37.511],[49.0414,39.1447],[46.6479,38.9607],[44.6373,39.6622],[44.0821,39.2945],[44.2052,37.8674],[45.3881,35.9256],[46.211,35.7838],[45.5062,33.7973],[46.124,32.772],[47.7424,31.9048],[47.6887,30.8821],[48.5536,29.9946]]]},"properties":{"NAME":"Persia","SUBJECTO":"Persia","PARTOF":"Persia","BORDERPRECISION":3,"LINK":null}},
{"type":"Feature","geometry":{"type":"Polygon","coordinates":[[[74.4276,37.47],[74.8122,36.9573],[76.4873,36.6496],[78.423,37.7264],[76.4787,38.2819],[74.1038,44.991],[73.44,45.8059],[74.6254,46.7521],[79.1516,46.6008],[81.2198,46.5618],[85.3829,48.1477],[83.1155,48.2832],[84.2673,49.2046],[78.65,50.8057],[72.9916,55.3066],[64.6874,54.2723],[64.4571,53.5813],[59.103,53.6348],[58.3314,50.9343],[55.245,51.7059],[51.3871,51.0629],[51.1299,50.4199],[51.9015,49.3911],[51.3689,47.09],[53.1852,46.8652],[52.8435,45.5075],[53.2841,45.3276],[51.5127,45.3726],[51.0991,44.878],[51.5757,44.5543],[50.3258,44.3655],[50.9552,44.2036],[51.4228,43.1696],[52.7626,42.7559],[52.97,41.1382],[53.0657,42.0289],[53.7362,42.1343],[54.8281,40.9849],[53.8416,40.6401],[53.0562,41.052],[52.8263,40.4677],[52.9891,39.9314],[53.6883,39.9792],[53.7937,39.4908],[53.2477,39.2992],[54.0714,38.8969],[54.0674,36.9415],[57.3137,36.8291],[61.229,39.8309],[64.8611,38.8695],[70.8914,38.3722],[74.4276,37.47]],[[60.8462,46.5244],[61.6543,46.7689],[61.0206,45.4873],[61.8616,45.0483],[60.0769,43.6086],[59.1264,44.0022],[58.3673,43.7371],[58.7207,45.8477],[59.4314,45.8034],[59.5308,46.3427],[60.7857,46.1518],[60.0207,46.4494],[60.5034,46.8057],[60.8462,46.5244]]]},"properties":{"NAME":"central Asian khanates","SUBJECTO":"central Asian khanates","PARTOF":"central Asian khanates","BORDERPRECISION":3,"LINK":null}},
{"type":"Feature","geometry":{"type":"Polygon","coordinates":[[[29.0106,47.5539],[29.9998,48.5928],[31.0701,48.5928],[29.4052,50.0198],[30.5944,50.6143],[30.8322,51.3278],[30.3566,53.5872],[30.8322,55.7277],[27.8594,56.2033],[27.7404,56.679],[24.3229,57.3369],[23.7678,56.8659],[22.5636,57.6156],[21.6773,57.4637],[20.9454,56.07],[22.7935,54.9024],[22.8066,53.8076],[20.4774,53.1305],[18.9912,53.1305],[18.8861,52.5149],[18.1884,53.1848],[18.1047,52.7661],[15.8439,52.7103],[15.7645,52.2655],[17.5525,51.6549],[18.7456,50.266],[19.5979,49.9541],[22.0051,51.1054],[23.0448,50.7845],[23.6867,51.6218],[24.552,50.8682],[25.6684,50.4495],[26.1149,50.6449],[26.1627,48.9406],[27.6478,48.7516],[29.0106,47.5539]]]},"properties":{"NAME":"Poland","SUBJECTO":"Poland","PARTOF":"Poland","BORDERPRECISION":3,"LINK":null}},
{"type":"Feature","geometry":{"type":"Polygon","coordinates":[[[74.4214,14.3755],[76.1412,14.8055],[76.7836,16.3731],[76.7065,17.1955],[77.8886,17.9921],[77.8115,19.1999],[78.5568,19.7139],[79.9188,19.8681],[80.9981,17.9407],[82.3858,20.2278],[83.7478,21.0759],[84.4416,21.0759],[85.1132,19.4423],[86.6324,20.2036],[86.8187,21.1865],[86.7493,22.8468],[85.967,24.2041],[85.3355,24.3094],[85.3355,24.8883],[84.4407,25.0462],[84.4407,24.3094],[83.6513,24.4146],[83.3881,25.2567],[82.9671,24.9936],[80.8456,26.3552],[80.0521,25.4732],[75.3944,22.6957],[72.7451,23.7212],[71.7622,23.7212],[70.3102,22.8286],[69.9685,22.3515],[68.8942,22.2857],[70.8551,20.6508],[72.1209,21.1553],[72.233,22.0196],[72.6956,22.1285],[73.1129,20.8271],[72.7595,20.0576],[73.0642,18.0317],[74.1531,14.8495],[74.5303,14.8317],[74.4214,14.3755]]]},"properties":{"NAME":"Maratha Confederacy","SUBJECTO":"Maratha Confederacy","PARTOF":"Maratha Confederacy","BORDERPRECISION":3,"LINK":null}},
{"type":"Feature","geometry":{"type":"Polygon","coordinates":[[[92.51,22.1104],[92.0472,23.6897],[91.2592,24.1275],[91.7408,25.0031],[91.5657,26.0538],[90,25.9662],[90,26.3603],[91.1618,26.7502],[88.2319,26.757],[87.3493,26.385],[85.9005,26.5933],[84.6477,27.3746],[83.8743,27.382],[84.4534,26.3706],[84.1116,26.0715],[82.9145,26.5198],[82.5987,25.8883],[82.9671,24.9936],[83.3881,25.2567],[83.6513,24.4146],[84.4407,24.3094],[84.4407,25.0462],[85.3355,24.8883],[85.3355,24.3094],[85.967,24.2041],[86.7493,22.8468],[86.8187,21.1865],[88.053,21.9387],[88.2996,21.5518],[88.5676,21.8954],[88.8809,21.5149],[89.4566,21.9417],[89.6702,21.7198],[90,22.561],[91.4102,22.7208],[92.1237,20.9964],[92.5976,21.387],[92.51,22.1104]]]},"properties":{"NAME":"Bengal","SUBJECTO":"British East India Company","PARTOF":"British East India Company","BORDERPRECISION":3,"LINK":null}},
{"type":"Feature","geometry":{"type":"Polygon","coordinates":[[[-6.9634,55.2413],[-8.3454,55.0953],[-8.5901,54.2028],[-10.1597,54.1331],[-9.6965,53.8734],[-10.1598,53.3741],[-8.9236,53.1606],[-9.5258,52.9046],[-9.1926,52.5545],[-10.4692,52.2066],[-9.8191,51.4346],[-6.406,52.2144],[-6.4434,53.8994],[-5.6615,54.3222],[-6.0182,55.093],[-6.9634,55.2413]]]},"properties":{"NAME":"Kingdom of Ireland","SUBJECTO":"Kingdom of Ireland","PARTOF":"Kingdom of Ireland","BORDERPRECISION":3,"LINK":null}},
{"type":"Feature","geometry":{"type":"MultiPolygon","coordinates":[[[[-64.0773,46.0535],[-63.7492,46.169],[-64.5348,46.2717],[-64.8422,47.1242],[-65.3896,47.1303],[-64.6579,47.7785],[-65.6123,47.6634],[-66.4715,48.0994],[-64.2509,48.5545],[-64.9524,49.2073],[-68.3413,48.5465],[-71.0392,46.7359],[-69.5071,48.4592],[-67.3177,49.4253],[-66.6191,50.2211],[-60.1378,50.4117],[-58.5243,51.3795],[-56.9641,51.4884],[-55.8236,52.021],[-56.1097,52.6052],[-62.7797,51.9149],[-69.4961,52.4746],[-71.575,51.1153],[-72.7743,49.1164],[-74.6133,47.5972],[-76.0525,47.7572],[-77.8915,47.1975],[-82.4491,47.5173],[-88.3659,50.5556],[-89.5652,50.5556],[-90,49.1964],[-89.5633,47.9881],[-88.095,49.0046],[-86.4802,48.7632],[-85.9412,48.0482],[-84.8935,47.8599],[-84.5643,46.7354],[-84.5256,46.7244],[-84.4408,46.7002],[-83.78,46.2577],[-80.7579,45.9699],[-79.6759,44.8668],[-80.0713,44.52],[-80.9072,44.6015],[-81.698,45.2461],[-81.3546,44.5462],[-81.8079,43.3176],[-82.4339,43.1451],[-82.8227,41.9973],[-79.0502,42.8523],[-79.14,43.2221],[-79.8961,43.2824],[-79.1529,43.7724],[-77.1754,43.8433],[-76.8808,44.0927],[-77.5398,44.0906],[-76.1329,44.3267],[-74.7824,45.0122],[-71.5346,44.9586],[-70.5894,45.2946],[-69.0491,47.4644],[-67.7769,47.1645],[-67.1868,45.2523],[-66.4035,45.1078],[-64.7238,45.6682],[-64.7009,46.0845],[-64.2774,45.9021],[-64.0773,46.0535]]],[[[-61.0466,46.6636],[-61.2485,45.7928],[-59.8866,45.9252],[-60.169,46.3143],[-61.072,45.9878],[-60.2598,46.9383],[-60.6271,47.1329],[-61.0466,46.6636]]],[[[-58.1056,49.0831],[-59.1566,47.6701],[-54.7826,47.7112],[-55.9039,47.064],[-55.4079,46.9479],[-54.2114,47.8036],[-54.0824,46.9895],[-53.6437,47.1792],[-53.0696,46.7313],[-52.7352,47.5457],[-53.8817,48.1893],[-53.1239,48.5958],[-54.1296,48.8357],[-53.5091,49.2819],[-55.1073,49.2788],[-56.0671,50.1033],[-56.7326,49.6884],[-55.4716,51.5245],[-57.3556,50.5952],[-58.1056,49.0831]]]]},"properties":{"NAME":"Quebec","SUBJECTO":"France","PARTOF":"Quebec","BORDERPRECISION":3,"LINK":null}},
{"type":"Feature","geometry":{"type":"Polygon","coordinates":[[[-61.3636,15.1981],[-61.2533,15.4614],[-61.4522,15.6319],[-61.3636,15.1981]]]},"properties":{"NAME":"Dominica","SUBJECTO":"Dominica","PARTOF":"Dominica","BORDERPRECISION":3,"LINK":null}},
{"type":"Feature","geometry":{"type":"Polygon","coordinates":[[[-63.1678,18.1644],[-62.9931,18.2272],[-62.9725,18.2767],[-63.1678,18.1644]]]},"properties":{"NAME":"Anguilla","SUBJECTO":"Anguilla","PARTOF":"Anguilla","BORDERPRECISION":3,"LINK":null}},
{"type":"Feature","geometry":{"type":"Polygon","coordinates":[[[-68.9656,12.1989],[-69.1636,12.3664],[-69.0625,12.1883],[-68.7469,12.0403],[-68.9656,12.1989]]]},"properties":{"NAME":"Netherlands Antilles","SUBJECTO":"Netherlands Antilles","PARTOF":"Netherlands Antilles","BORDERPRECISION":3,"LINK":null}},
{"type":"Feature","geometry":{"type":"Polygon","coordinates":[[[-63.0115,18.0673],[-63.0392,18.1219],[-63.1398,18.0586],[-63.0115,18.0673]]]},"properties":{"NAME":"Saint Martin","SUBJECTO":"Saint Martin","PARTOF":"Saint Martin","BORDERPRECISION":3,"LINK":null}},
{"type":"Feature","geometry":{"type":"Polygon","coordinates":[[[-63.1398,18.0586],[-63.0283,18.0156],[-63.0115,18.0673],[-63.1398,18.0586]]]},"properties":{"NAME":"Saint Barthelemy","SUBJECTO":"Saint Barthelemy","PARTOF":"Saint Barthelemy","BORDERPRECISION":3,"LINK":null}},
{"type":"Feature","geometry":{"type":"MultiPolygon","coordinates":[[[[-156.5067,20.5989],[-156.1185,20.7901],[-156.78,21.0432],[-156.5067,20.5989]]],[[[-155.7828,18.9455],[-154.92,19.5552],[-155.9313,20.2837],[-156.1633,19.8084],[-155.7828,18.9455]]]]},"properties":{"NAME":"Polynesians","SUBJECTO":"Polynesians","PARTOF":"Polynesians","BORDERPRECISION":3,"LINK":null}},
{"type":"Feature","geometry":{"type":"Polygon","coordinates":[[[-78.5616,-2.1287],[-78.3923,-2.9128],[-77.8999,-3.1125],[-77.2535,-2.7591],[-77.2535,-2.0979],[-77.8537,-1.6672],[-78.5616,-2.1287]]]},"properties":{"NAME":"Shuar","SUBJECTO":"Shuar","PARTOF":"Shuar","BORDERPRECISION":3,"LINK":null}},
{"type":"Feature","geometry":{"type":"MultiPolygon","coordinates":[[[[-160.676,55.7649],[-161.8105,55.7831],[-162.5462,55.1453],[-160.3913,55.5622],[-160.676,55.7649]]],[[[-166.7419,53.5326],[-166.3835,53.8546],[-167.1484,53.9402],[-166.7419,53.5326]]],[[[-164.7862,54.6897],[-164.5645,54.3341],[-163.2064,54.7372],[-163.7428,55.0619],[-164.7862,54.6897]]],[[[-151.7841,59.9625],[-151.881,59.1635],[-149.5812,59.9852],[-148.4935,59.904],[-148.7551,60.6828],[-151.7841,59.9625]]],[[[-154.5852,57.3637],[-153.8778,56.9413],[-152.3783,57.5184],[-153.1778,57.8253],[-154.5852,57.3637]]],[[[-168.2235,53.59],[-168.3743,53.2353],[-167.8654,53.3234],[-168.2235,53.59]]],[[[-154.0969,59.4125],[-157.1533,58.6857],[-158.6173,56.7481],[-160.4573,56.1999],[-160.1694,55.8066],[-154.6493,58.0765],[-153.4886,58.7945],[-154.0969,59.4125]]]]},"properties":{"NAME":"Suspiaq","SUBJECTO":"Suspiaq","PARTOF":"Suspiaq","BORDERPRECISION":3,"LINK":null}},
{"type":"Feature","geometry":{"type":"Polygon","coordinates":[[[-154.0969,59.4125],[-153.1696,59.7401],[-161.0012,63.6283],[-163.3086,63.0377],[-164.2918,63.2498],[-165.4312,62.4295],[-165.8981,61.2703],[-163.52,60.7063],[-164.8447,60.8159],[-165.0476,60.4165],[-164.0274,59.7982],[-162.3781,60.1631],[-161.9382,58.7233],[-160.4305,59.0022],[-158.9327,58.4328],[-158.5167,58.9989],[-157.1533,58.6857],[-154.0969,59.4125]]]},"properties":{"NAME":"Yup'ik & Cup'ik","SUBJECTO":"Yup'ik & Cup'ik","PARTOF":"Yup'ik & Cup'ik","BORDERPRECISION":3,"LINK":null}},
{"type":"Feature","geometry":{"type":"MultiPolygon","coordinates":[[[[-141.0142,68.4056],[-138.2996,69.1434],[-143.3076,70.1968],[-151.915,70.4958],[-152.9712,70.934],[-156.138,70.9281],[-156.474,71.3544],[-160.2403,70.8585],[-159.9047,70.4269],[-162.1772,70.2842],[-164.0672,69.0647],[-166.2968,68.8796],[-166.8435,68.4052],[-160.1252,66.3393],[-162.7585,66.0628],[-164.4631,66.5962],[-168.1798,65.6939],[-165.6633,65.2465],[-166.6685,65.0846],[-165.7407,64.559],[-163.0252,64.4417],[-161.1257,64.9283],[-160.9266,63.9516],[-157.1779,64.0125],[-141.0142,68.4056]]],[[[-171.8584,63.4998],[-169.1192,63.2407],[-170.4815,63.6884],[-171.8584,63.4998]]]]},"properties":{"NAME":"Inupiaq","SUBJECTO":"Inupiaq","PARTOF":"Inupiaq","BORDERPRECISION":3,"LINK":null}},
{"type":"Feature","geometry":{"type":"MultiPolygon","coordinates":[[[[-136.0245,58.215],[-136.5964,57.9049],[-135.8164,57.4542],[-135.8217,57.7555],[-135.147,57.5992],[-136.0245,58.215]]],[[[-130.0027,55.2885],[-130.1064,55.9926],[-131.7249,56.6052],[-135.2577,59.6703],[-137.2233,58.8822],[-139.0051,60.2584],[-140.708,60.2543],[-141.0918,59.8294],[-139.5726,59.9],[-139.7851,59.5184],[-137.085,58.4468],[-136.3561,58.5239],[-136.9388,58.9432],[-135.3003,58.3745],[-135.3086,59.347],[-132.101,56.3494],[-132.2556,55.85],[-131.1905,56.0348],[-130.5457,54.9097],[-130.0027,55.2885]]],[[[-132.6881,55.6492],[-133.4856,56.2583],[-132.1738,54.8463],[-132.6881,55.6492]]]]},"properties":{"NAME":"Eyaq","SUBJECTO":"Eyaq","PARTOF":"Eyaq","BORDERPRECISION":3,"LINK":null}},
{"type":"Feature","geometry":{"type":"Polygon","coordinates":[[[-112.1229,42.6417],[-111.7932,42.8798],[-112.113,44.4789],[-115.311,49.0567],[-104.2615,49.0557],[-94.8198,49.0507],[-95.0528,49.4717],[-92.5561,48.2215],[-89.622,47.9684],[-89.5633,47.9881],[-90,49.1964],[-89.5652,50.5556],[-88.3659,50.5556],[-82.4491,47.5173],[-77.8915,47.1975],[-76.0525,47.7572],[-74.6133,47.5972],[-72.7743,49.1164],[-71.575,51.1153],[-69.4961,52.4746],[-62.7797,51.9149],[-56.1097,52.6052],[-55.8813,53.3519],[-57.1308,53.483],[-57.5611,54.1307],[-60.246,53.2768],[-59.9915,53.8049],[-57.4329,54.5799],[-60.5745,55.071],[-60.4683,55.659],[-62.3264,56.7685],[-61.3353,56.8113],[-61.8881,57.725],[-64.6706,60.1809],[-65.5517,59.7142],[-65.9291,58.4238],[-66.4746,58.808],[-68.0046,58.1657],[-68.5694,58.7833],[-69.8942,58.6845],[-69.5363,60.9892],[-71.6734,61.2657],[-73.3946,62.355],[-75.3559,62.1816],[-77.3616,62.5175],[-78.1765,60.7418],[-77.3885,60.6943],[-77.2148,59.7475],[-78.4688,58.7095],[-76.7724,57.6625],[-76.4629,56.5714],[-77.2338,55.6065],[-79.5451,54.6919],[-78.7579,53.7488],[-78.8227,51.1614],[-79.2762,51.6042],[-79.3385,50.843],[-80.3613,51.304],[-82.3412,52.9808],[-82.2021,54.9689],[-87.4672,55.912],[-90,57.1779],[-92.4831,56.9767],[-93.0742,58.551],[-94.6838,58.8785],[-94.376,60.7951],[-91.8909,62.6036],[-92.4553,62.7941],[-90,62.9462],[-90,63.3024],[-93.3169,63.9736],[-89.8704,63.5752],[-89.9727,64.1905],[-88.3771,64.0573],[-87.1573,65.0596],[-90,65.9736],[-87.5498,65.3495],[-85.9871,66.1628],[-86.739,66.5651],[-83.7405,66.3063],[-84.7139,67.0703],[-83.1387,66.3735],[-82.33,66.6396],[-81.295,67.4987],[-82.6873,68.6975],[-81.583,68.602],[-81.4799,69.1886],[-85.1134,69.8171],[-84.6246,68.7539],[-87.3254,67.1689],[-88.4815,67.991],[-88.0974,68.8526],[-89.1404,69.2347],[-90,68.3691],[-90,69.489],[-92.6712,69.7424],[-91.6577,70.2858],[-93.2712,71.5585],[-95.2458,71.875],[-96.4226,70.093],[-92.9925,69.5146],[-92.9561,69.0843],[-94.3425,69.1119],[-93.4141,68.5425],[-95.3225,68.0603],[-95.2587,67.0284],[-96.2596,67.3151],[-96.2079,68.0736],[-97.5718,68.3699],[-98.4071,68.159],[-97.1586,67.9674],[-97.2607,67.5951],[-98.3549,67.9353],[-101.913,67.7053],[-105.912,68.3394],[-107.662,67.9626],[-107.5276,66.563],[-108.095,67.3596],[-110.1334,67.9058],[-115.5617,67.8957],[-114.1087,68.3465],[-114.8315,68.7651],[-122.3261,69.8845],[-124.2253,69.4034],[-124.9893,69.8947],[-125.4546,69.3331],[-128.4159,70.6863],[-127.9398,70.0799],[-131.673,69.2762],[-132.6904,68.4616],[-133.4132,69.137],[-129.8495,70.1507],[-135.4392,69.5263],[-135.4958,68.719],[-138.2996,69.1434],[-141.0142,68.4056],[-140.9273,63.7855],[-140.708,60.2543],[-139.0051,60.2584],[-137.2233,58.8822],[-135.2577,59.6703],[-131.7249,56.6052],[-130.1064,55.9926],[-130.0027,55.2885],[-130.0036,53.938],[-129.4339,53.5175],[-128.8141,53.7639],[-128.0596,52.4995],[-127.0373,52.4636],[-128.0129,51.8082],[-127.353,51.637],[-127.6273,51.1328],[-124.9392,50.5958],[-124.4706,49.8125],[-123.212,49.6247],[-122.3744,48.2661],[-122.7483,47.2622],[-123.072,48.1667],[-124.7334,48.3269],[-123.7871,46.2985],[-124.6297,43.014],[-124.1526,41.5802],[-124.4119,40.4689],[-123.9339,39.8228],[-120.8283,43.7593],[-118.9893,43.6794],[-117.2302,42.3201],[-115.3912,41.8404],[-113.2324,41.8404],[-112.1229,42.6417]]]},"properties":{"NAME":"Rupert's Land","SUBJECTO":"Rupert's Land","PARTOF":"Rupert's Land","BORDERPRECISION":3,"LINK":null}},
{"type":"Feature","geometry":{"type":"Polygon","coordinates":[[[-71.6578,21.8233],[-71.8506,21.8458],[-71.6589,21.7397],[-71.6578,21.8233]]]},"properties":{"NAME":"Turks and Caicos Islands","SUBJECTO":"Turks and Caicos Islands","PARTOF":"Turks and Caicos Islands","BORDERPRECISION":3,"LINK":null}},
{"type":"Feature","geometry":{"type":"MultiPolygon","coordinates":[[[[-78.192,25.2036],[-78.4406,24.6136],[-78.0214,24.2728],[-77.7167,24.5067],[-78.192,25.2036]]],[[[-77.735,26.9144],[-77.1489,26.5489],[-77.2047,25.8808],[-77.0422,26.5089],[-77.735,26.9144]]]]},"properties":{"NAME":"Bahamas","SUBJECTO":"Bahamas","PARTOF":"Bahamas","BORDERPRECISION":3,"LINK":null}},
{"type":"Feature","geometry":{"type":"Polygon","coordinates":[[[80.0765,9.2791],[79.6746,8.8049],[79.8541,7.0612],[80.2222,6.058],[80.8518,5.9513],[81.8662,7.0846],[80.6624,9.2995],[80.1096,9.6866],[80.0765,9.2791]],[[81.345,6.6079],[81.0564,6.4732],[80.7864,6.5742],[80.0786,7.7445],[80.1115,8.3296],[80.7283,8.7922],[81.345,6.6079]]]},"properties":{"NAME":"Ceylon (Dutch)","SUBJECTO":"Netherlands","PARTOF":"Ceylon (Dutch)","BORDERPRECISION":3,"LINK":null}},
{"type":"Feature","geometry":{"type":"MultiPolygon","coordinates":[[[[-76.1329,44.3267],[-76.2092,43.5647],[-76.9375,43.237],[-79.14,43.2221],[-79.0502,42.8523],[-81.8108,41.4948],[-83.4428,41.7022],[-82.8227,41.9973],[-82.4339,43.1451],[-82.8356,44.0345],[-83.8745,43.6845],[-83.2605,45.0238],[-84.7468,45.8544],[-83.78,46.2577],[-84.4408,46.7002],[-87.2726,46.5119],[-88.4838,46.81],[-87.8812,47.4617],[-90.2766,46.625],[-90.8844,46.604],[-90.8318,46.944],[-92.2655,46.6505],[-89.622,47.9684],[-92.5561,48.2215],[-95.0528,49.4717],[-94.8198,49.0507],[-94.9066,47.6414],[-93.351,47.1501],[-94.4154,46.2086],[-94.1288,45.5126],[-91.3451,43.957],[-91.0176,42.8516],[-90,42.647],[-90,41.0504],[-91.4269,40.5591],[-91.3451,39.7813],[-90,39.331],[-89.2368,36.67],[-90,35.8103],[-90,34.1319],[-91.2734,33.8044],[-90,32.4227],[-91.6316,31.5016],[-91.6316,30.9387],[-91.1711,30.3247],[-90,30.0387],[-90,30.39],[-88.1418,30.328],[-88.0346,30.6794],[-87.7746,30.2628],[-86.3887,30.4727],[-85.3048,29.6639],[-83.8862,30.0483],[-82.647,28.9065],[-82.8413,27.838],[-82.4293,27.8261],[-82.7527,27.5276],[-81.7447,25.9207],[-80.4908,24.9959],[-80.0779,26.9231],[-81.4054,30.0726],[-81.182,31.6404],[-78.8989,33.702],[-76.3058,34.9788],[-76.9535,35.0291],[-76.4843,35.3341],[-77.0533,35.58],[-76.141,35.3845],[-75.7292,35.8821],[-76.7269,35.9918],[-76.7098,36.3533],[-75.7933,36.1369],[-75.9575,36.7682],[-75.5221,35.8584],[-75.9746,36.9372],[-76.9419,37.2864],[-76.2831,37.0558],[-76.885,38.0672],[-76.4162,37.7053],[-76.2152,37.9426],[-77.2464,38.6993],[-76.324,38.1088],[-76.5866,39.3109],[-75.9401,39.6464],[-76.3535,38.7349],[-75.64,38.0049],[-75.8566,37.2248],[-75.0421,38.4975],[-75.6238,39.6732],[-75.3395,39.893],[-74.8601,38.9902],[-74.1528,39.7652],[-73.9457,40.4468],[-74.2929,40.6316],[-73.89,41.1744],[-73.993,40.7807],[-71.4492,41.4251],[-71.373,41.8371],[-71.1732,41.5265],[-69.922,41.7236],[-71.0544,42.357],[-70.5363,43.4042],[-68.7817,44.6272],[-68.5043,44.2972],[-67.1689,44.7112],[-67.1868,45.2523],[-67.7769,47.1645],[-69.0491,47.4644],[-70.5894,45.2946],[-71.5346,44.9586],[-74.7824,45.0122],[-76.1329,44.3267]],[[-87.5538,41.7662],[-87.9084,43.1918],[-87.3433,44.8177],[-87.9496,44.7699],[-86.9952,45.8638],[-86.6402,45.6198],[-85.1365,46.0321],[-84.9519,45.4082],[-85.5384,44.7515],[-85.5434,45.2118],[-86.072,44.8652],[-86.4534,44.1299],[-86.3718,42.2482],[-87.0251,41.6861],[-87.5538,41.7662]]],[[[-72.2889,41.1197],[-74.0325,40.6258],[-73.5828,40.5961],[-71.8561,41.0692],[-72.6211,40.913],[-72.2889,41.1197]]]]},"properties":{"NAME":"United States of America","SUBJECTO":"United States of America","PARTOF":"United States of America","BORDERPRECISION":3,"LINK":null}},
{"type":"Feature","geometry":{"type":"Polygon","coordinates":[[[0.081,53.3862],[-2.245,55.811],[-3.895,55.9851],[-2.7209,56.1782],[-3.1524,56.3368],[-1.9446,57.4017],[-4.1484,57.5545],[-3.0284,58.4057],[-4.9256,58.567],[-6.0435,56.4748],[-5.2707,56.5441],[-5.5702,55.7505],[-4.7107,56.1313],[-5.1114,54.7941],[-3.1525,54.8381],[-3.5692,54.415],[-2.8859,54.1687],[-2.9145,53.2671],[-4.4919,52.991],[-4.1236,52.3733],[-5.2488,51.8602],[-3.4991,51.4597],[-2.7502,51.644],[-3.066,51.1777],[-4.281,51.1872],[-5.7778,50.1341],[0.8883,50.8927],[1.3647,51.3529],[0.2542,51.4536],[1.6917,52.3114],[1.3759,52.8092],[0.0055,52.7867],[0.081,53.3862]]]},"properties":{"NAME":"United Kingdom","SUBJECTO":"UK","PARTOF":"United Kingdom","BORDERPRECISION":3,"LINK":null}},
{"type":"Feature","geometry":{"type":"Polygon","coordinates":[[[88.1963,27.8238],[86.0357,27.9103],[82.1417,30.3656],[81.4487,30.4028],[81.1293,30.0531],[78.7607,31.5409],[76.9516,31.712],[76.2903,31.1373],[78.1313,30.777],[77.6802,30.3688],[79.0599,29.7477],[79.0167,28.3228],[79.7075,29.3591],[81.3005,28.2929],[83.8743,27.382],[84.6477,27.3746],[85.9005,26.5933],[87.3493,26.385],[88.2319,26.757],[88.1963,27.8238]]]},"properties":{"NAME":"Nepal","SUBJECTO":"Nepal","PARTOF":"Nepal","BORDERPRECISION":3,"LINK":null}},
{"type":"Feature","geometry":{"type":"Polygon","coordinates":[[[-92.1036,29.5496],[-91.951,29.832],[-91.2404,29.3209],[-90,29.1087],[-90,29.5014],[-89.0315,29.119],[-89.677,29.5912],[-89.38,29.8734],[-90,30.0387],[-91.1711,30.3247],[-91.6316,30.9387],[-91.6316,31.5016],[-90,32.4227],[-91.2734,33.8044],[-90,34.1319],[-90,35.8103],[-89.2368,36.67],[-90,39.331],[-91.3451,39.7813],[-91.4269,40.5591],[-90,41.0504],[-90,42.647],[-91.0176,42.8516],[-91.3451,43.957],[-94.1288,45.5126],[-94.4154,46.2086],[-93.351,47.1501],[-94.9066,47.6414],[-94.8198,49.0507],[-104.2615,49.0557],[-115.311,49.0567],[-112.113,44.4789],[-111.7932,42.8798],[-112.1229,42.6417],[-104.9792,32.858],[-92.1036,29.5496]]]},"properties":{"NAME":"Luisiana","SUBJECTO":"France","PARTOF":"Luisiana","BORDERPRECISION":3,"LINK":null}},
{"type":"Feature","geometry":{"type":"Polygon","coordinates":[[[6.1643,46.2691],[6.12,46.2626],[5.9415,46.1755],[6.2753,46.2566],[6.1643,46.2691]]]},"properties":{"NAME":"Geneva","SUBJECTO":"Geneva","PARTOF":"Geneva","BORDERPRECISION":3,"LINK":null}},
{"type":"Feature","geometry":{"type":"Polygon","coordinates":[[[5.8235,49.5071],[4.8654,50.1337],[4.1563,49.9658],[2.5221,51.0911],[0.0329,49.3337],[-1.9413,49.7093],[-1.4566,48.6836],[-4.762,48.552],[-4.3502,48.3905],[-4.6754,48.0169],[-2.4655,47.4944],[-1.0752,46.0146],[-0.7285,45.0186],[-1.1752,45.5005],[-1.9146,43.3054],[-0.1656,42.6488],[3.0871,42.3686],[3.0679,42.9446],[3.8075,43.4672],[5.8286,43.0208],[7.3971,43.7641],[6.8857,43.9015],[6.9426,44.8687],[5.8234,45.3962],[5.9415,46.1755],[6.12,46.2626],[7.4293,47.4638],[7.5825,47.5787],[8.1583,48.9783],[6.9544,49.2017],[6.433,49.4453],[5.8235,49.5071]]]},"properties":{"NAME":"France","SUBJECTO":"France","PARTOF":"France","BORDERPRECISION":3,"LINK":null}},
{"type":"Feature","geometry":{"type":"Polygon","coordinates":[[[10.6711,45.3669],[9.6192,45.5399],[9.5897,46.3129],[9.5478,46.3051],[9.4599,46.3793],[9.4598,46.5106],[9.283,46.4992],[9.2485,46.2389],[9.0091,46.041],[8.9888,45.9752],[9.0877,45.9054],[8.911,45.8351],[8.8968,45.9564],[8.8508,46.0787],[8.6172,46.1239],[8.45,45.5192],[9.1308,45.1207],[10.3933,45.0263],[10.8561,45.0507],[10.6711,45.3669]]]},"properties":{"NAME":"Milano (Austria)","SUBJECTO":"Austria","PARTOF":"Milano (Austria)","BORDERPRECISION":3,"LINK":null}},
{"type":"Feature","geometry":{"type":"Polygon","coordinates":[[[26.1627,48.9406],[26.1149,50.6449],[25.6684,50.4495],[24.552,50.8682],[23.6867,51.6218],[23.0448,50.7845],[22.0051,51.1054],[19.5979,49.9541],[18.7456,50.266],[18.7963,49.7134],[17.0144,50.4768],[16.585,50.1812],[16.3531,50.7049],[15.267,51.023],[12.0837,50.2617],[12.2135,50.0089],[13.9467,48.6551],[12.6942,48.1294],[12.942,47.4832],[10.8348,47.545],[10.1029,47.301],[9.6655,47.5562],[9.5625,47.5],[9.5302,47.266],[9.4734,47.0575],[9.602,47.064],[9.8799,47.0202],[9.8758,46.9382],[10.1041,46.8442],[10.3895,47.001],[10.47,46.8552],[10.4543,46.8263],[10.6596,45.8066],[11.5709,45.9754],[12.0748,46.9275],[13.5689,46.5104],[13.8,45.5664],[13.8951,44.7592],[14.5246,45.2663],[15.4123,43.9348],[17.548,42.9201],[16.1942,44.1932],[15.8276,45.2027],[18.9314,44.8411],[19.8724,45.2643],[20.5706,44.8474],[20.643,44.8125],[22.1329,44.5112],[22.4782,45.7285],[23.2545,46.0661],[25.5159,45.796],[26.2922,47.2136],[25.2459,47.6862],[26.3597,48.125],[26.1627,48.9406]]]},"properties":{"NAME":"Austrian Empire","SUBJECTO":"Austrian Empire","PARTOF":"Austrian Empire","BORDERPRECISION":3,"LINK":null}},
{"type":"Feature","geometry":{"type":"Polygon","coordinates":[[[9.1308,45.1207],[8.45,45.5192],[8.6172,46.1239],[8.6133,46.1247],[8.4435,46.2511],[8.4374,46.4658],[8.3141,46.3958],[7.8733,45.9214],[7.5769,45.9911],[7.1957,45.8605],[7.0486,45.9239],[6.8763,46.0545],[6.804,46.1368],[6.8637,46.2923],[6.7761,46.3622],[6.8094,46.3802],[6.2753,46.2566],[5.9415,46.1755],[5.8234,45.3962],[6.9426,44.8687],[6.8857,43.9015],[7.3971,43.7641],[8.6717,44.4174],[9.8255,44.1525],[9.878,44.2905],[9.5724,44.437],[9.1308,45.1207]]]},"properties":{"NAME":"Kingdom of Sardinia","SUBJECTO":"Kingdom of Sardinia","PARTOF":"Kingdom of Sardinia","BORDERPRECISION":3,"LINK":null}},
{"type":"Feature","geometry":{"type":"Polygon","coordinates":[[[8.3141,46.3958],[6.8784,46.3942],[6.8094,46.3802],[6.7761,46.3622],[6.8637,46.2923],[6.804,46.1368],[6.8763,46.0545],[7.0486,45.9239],[7.1957,45.8605],[7.5769,45.9911],[7.8733,45.9214],[8.3141,46.3958]]]},"properties":{"NAME":"Republic of the Seven Zenden","SUBJECTO":"Republic of the Seven Zenden","PARTOF":"Republic of the Seven Zenden","BORDERPRECISION":3,"LINK":null}},
{"type":"Feature","geometry":{"type":"Polygon","coordinates":[[[6.1643,46.2691],[6.8784,46.3942],[8.3141,46.3958],[8.4374,46.4658],[8.4435,46.2511],[8.6133,46.1247],[8.6172,46.1239],[8.8508,46.0787],[8.8968,45.9564],[8.911,45.8351],[9.0877,45.9054],[8.9888,45.9752],[9.0091,46.041],[9.2485,46.2389],[9.283,46.4992],[9.4598,46.5106],[9.4599,46.3793],[9.5478,46.3051],[9.5897,46.3129],[9.9531,46.3812],[10.0388,46.2341],[10.1657,46.4098],[10.0396,46.4466],[10.044,46.5459],[10.2358,46.6379],[10.2928,46.5536],[10.3791,46.6879],[10.4543,46.8263],[10.47,46.8552],[10.3895,47.001],[10.1041,46.8442],[9.8758,46.9382],[9.8799,47.0202],[9.602,47.064],[9.4734,47.0575],[9.5302,47.266],[9.5625,47.5],[8.9835,47.6796],[8.8273,47.6809],[8.636,47.7761],[8.5718,47.8081],[8.4073,47.6744],[8.5838,47.5959],[8.2171,47.6207],[7.6911,47.5339],[7.64,47.5626],[7.6998,47.6015],[7.5982,47.5904],[7.5825,47.5787],[7.4293,47.4638],[6.12,46.2626],[6.1643,46.2691]]]},"properties":{"NAME":"Swiss Confederation","SUBJECTO":"Swiss Confederation","PARTOF":"Swiss Confederation","BORDERPRECISION":3,"LINK":null}},
{"type":"Feature","geometry":{"type":"Polygon","coordinates":[[[8.5121,48.1123],[8.0223,48.4581],[9.6378,49.2939],[9.5964,49.6482],[9.0751,49.2729],[8.3104,49.5531],[8.1583,48.9783],[7.5825,47.5787],[7.5982,47.5904],[7.6998,47.6015],[7.64,47.5626],[7.6911,47.5339],[8.2171,47.6207],[8.5838,47.5959],[8.4073,47.6744],[8.5718,47.8081],[8.636,47.7761],[8.5943,47.8894],[8.5121,48.1123]]]},"properties":{"NAME":"Baden","SUBJECTO":"Baden","PARTOF":"Baden","BORDERPRECISION":3,"LINK":null}},
{"type":"Feature","geometry":{"type":"Polygon","coordinates":[[[8.5943,47.8894],[8.636,47.7761],[8.9835,47.6796],[9.4641,47.6488],[9.6378,49.2939],[8.0223,48.4581],[8.5121,48.1123],[8.2906,48.3518],[8.6121,48.2312],[8.5943,47.8894]]]},"properties":{"NAME":"Württemberg","SUBJECTO":"Württemberg","PARTOF":"Württemberg","BORDERPRECISION":3,"LINK":null}},
{"type":"Feature","geometry":{"type":"Polygon","coordinates":[[[-148.7551,60.6828],[-147.9401,61.2059],[-147.0678,60.9099],[-145.5113,62.5764],[-140.9461,61.8875],[-140.9273,63.7855],[-141.0142,68.4056],[-157.1779,64.0125],[-160.9266,63.9516],[-161.0012,63.6283],[-153.1696,59.7401],[-150.7806,61.2919],[-149.3169,60.9294],[-150.8284,60.8004],[-151.7841,59.9625],[-148.7551,60.6828]]]},"properties":{"NAME":"Athabascan","SUBJECTO":"Athabascan","PARTOF":"Athabascan","BORDERPRECISION":3,"LINK":null}},
{"type":"Feature","geometry":{"type":"Polygon","coordinates":[[[-71.2581,63.5673],[-71.6217,63.2101],[-70.6739,62.8622],[-65.9403,61.79],[-68.8786,63.7503],[-67.6816,63.4527],[-67.7657,63.8025],[-64.7678,62.4774],[-65.2507,63.8716],[-64.4154,63.245],[-64.4739,63.7443],[-68.3757,66.2837],[-67.3055,65.9343],[-67.7491,66.4757],[-66.9128,66.5949],[-63.5406,64.9953],[-63.3809,65.927],[-62.8448,65.6143],[-62.0683,65.9368],[-62.6551,66.3385],[-61.2106,66.635],[-62.9914,67.1774],[-64.6138,67.1153],[-63.933,67.4126],[-64.8289,67.9533],[-66.7447,67.9273],[-68.6653,68.7161],[-68.3907,69.3337],[-66.6681,69.1861],[-68.2072,69.591],[-67.3307,70.0327],[-68.0208,70.2994],[-69.4627,69.9601],[-68.4694,70.5597],[-70.2929,70.6179],[-70.6666,71.0805],[-71.8815,70.9312],[-71.664,71.5133],[-73.2752,71.1608],[-73.886,71.665],[-75.0015,71.4526],[-74.3127,72.0394],[-75.6319,72.6109],[-77.896,72.7014],[-78.6625,71.8747],[-79.3296,72.3676],[-80.8631,72.0115],[-80.4887,73.037],[-81.9064,73.7517],[-85.5057,72.9404],[-84.4884,71.3493],[-85.891,71.1217],[-85.2431,71.4645],[-86.8554,72.8587],[-85.2542,73.7775],[-87.7426,73.7327],[-89.9972,71.5413],[-87.1688,71.0186],[-89.1498,70.9685],[-88.4322,70.4608],[-80.8294,69.7114],[-81.0128,70.1831],[-78.7129,70.0114],[-80.6605,70.7526],[-79.1011,70.6553],[-75.5517,69.2223],[-76.5464,68.7314],[-74.7523,69.043],[-72.354,67.5303],[-74.3333,66.1626],[-73.4942,65.405],[-75.3676,65.2634],[-75.3559,64.9155],[-77.3584,65.3759],[-78.1034,64.5072],[-75.9355,64.2671],[-74.5011,64.3918],[-74.2555,64.7662],[-71.2581,63.5673]]]},"properties":{"NAME":"T'atsaot'ine","SUBJECTO":"T'atsaot'ine","PARTOF":"T'atsaot'ine","BORDERPRECISION":3,"LINK":null}},
{"type":"Feature","geometry":{"type":"Polygon","coordinates":[[[120.395,-32.7612],[120.406,-32.7756],[120.4609,-32.877],[120.5296,-32.9594],[120.5377,-32.9692],[120.5816,-33.052],[120.7134,-33.1715],[122.7548,-33.3913],[122.7995,-33.1645],[122.8275,-33.0552],[122.8282,-33.0553],[122.8326,-33.0354],[122.9097,-32.7581],[122.9317,-32.4893],[122.9208,-32.3685],[122.9979,-32.0985],[123.108,-31.7529],[123.1851,-31.4623],[123.3833,-30.9917],[123.2512,-30.9539],[123.1941,-30.9376],[122.8052,-30.9776],[122.2778,-31.0435],[121.6187,-31.1],[121.2394,-31.1],[121.215,-31.1139],[120.9618,-31.2457],[120.6976,-31.4054],[120.4224,-31.6399],[120.1691,-31.8925],[120.0232,-32.0589],[119.9166,-32.1804],[119.9888,-32.2294],[120.0657,-32.3407],[120.2303,-32.5538],[120.3121,-32.6534],[120.395,-32.7612]]]},"properties":{"NAME":"Kalaako/Malpa","SUBJECTO":"Kalaako/Malpa","PARTOF":"Kalaako/Malpa","BORDERPRECISION":3,"LINK":null}},
{"type":"Feature","geometry":{"type":"Polygon","coordinates":[[[128.1814,-15.2493],[128.0856,-15.3552],[128.0819,-15.3594],[128.0676,-15.4166],[128.0552,-15.4406],[128.048,-15.4453],[128.0511,-15.4484],[128.1226,-15.5172],[128.1193,-15.5578],[128.1396,-15.5638],[128.1445,-15.5595],[128.4412,-15.4907],[128.4521,-15.3319],[128.4631,-15.2497],[128.4643,-15.2408],[128.4741,-15.1676],[128.7817,-15.0827],[129.2816,-15.2948],[129.7156,-15.2895],[129.7583,-15.2734],[129.7321,-15.2312],[129.6724,-15.1544],[129.6323,-15.278],[128.4589,-14.8864],[128.1814,-15.2493]]]},"properties":{"NAME":"Kadjerong","SUBJECTO":"Kadjerong","PARTOF":"Kadjerong","BORDERPRECISION":3,"LINK":null}},
{"type":"Feature","geometry":{"type":"Polygon","coordinates":[[[151.3102,-33.7738],[151.1911,-33.7837],[151.1032,-33.7654],[151.0263,-33.7426],[151.0219,-33.7408],[151.0126,-33.7563],[150.9796,-33.843],[150.9254,-33.9362],[151.0922,-33.9342],[151.2241,-33.9661],[151.2635,-33.9914],[151.3102,-33.7738]]]},"properties":{"NAME":"Eora","SUBJECTO":"Eora","PARTOF":"Eora","BORDERPRECISION":3,"LINK":null}},
{"type":"Feature","geometry":{"type":"Polygon","coordinates":[[[125.9385,-18.0475],[125.9253,-18.0466],[125.744,-18.0466],[125.6846,-18.0898],[125.744,-18.1197],[125.7282,-18.1414],[125.6561,-18.2398],[125.5627,-18.3493],[125.4965,-18.4104],[125.4968,-18.4171],[125.4989,-18.4222],[125.5463,-18.4275],[125.8759,-18.8543],[126.0571,-18.9271],[126.2219,-18.9271],[126.2868,-18.9438],[126.3032,-18.9398],[126.2988,-18.8855],[126.7163,-18.6671],[126.7729,-18.5557],[126.7754,-18.4796],[126.7383,-18.4796],[126.4856,-18.1354],[125.9363,-18.0623],[125.9488,-18.0482],[125.9385,-18.0475]]]},"properties":{"NAME":"Gooniyandi","SUBJECTO":"Gooniyandi","PARTOF":"Gooniyandi","BORDERPRECISION":3,"LINK":null}},
{"type":"Feature","geometry":{"type":"Polygon","coordinates":[[[115.9854,-22.4681],[116.0156,-22.4669],[115.9497,-22.5481],[115.9123,-22.6023],[115.9269,-22.6307],[115.9552,-22.6394],[116.087,-22.7964],[116.4551,-22.9685],[116.5416,-23.0175],[116.6087,-23.0043],[116.6528,-22.923],[116.8396,-22.7812],[116.8614,-22.7712],[116.7517,-22.6647],[116.6089,-22.5836],[116.532,-22.4923],[116.4221,-22.4313],[116.1694,-22.4212],[115.9999,-22.4525],[115.9854,-22.4681]]]},"properties":{"NAME":"Pinikura","SUBJECTO":"Pinikura","PARTOF":"Pinikura","BORDERPRECISION":3,"LINK":null}},
{"type":"Feature","geometry":{"type":"Polygon","coordinates":[[[128.0856,-15.3552],[127.9849,-15.2879],[128.0176,-15.0209],[127.9892,-14.8571],[127.8589,-15.0191],[127.6653,-15.2267],[127.6606,-15.2413],[127.7161,-15.2948],[127.7161,-15.4643],[127.8259,-15.5595],[128.0237,-15.4219],[128.048,-15.4453],[128.0552,-15.4406],[128.0676,-15.4166],[128.0819,-15.3594],[128.0856,-15.3552]]]},"properties":{"NAME":"Yiiji","SUBJECTO":"Yiiji","PARTOF":"Yiiji","BORDERPRECISION":3,"LINK":null}},
{"type":"Feature","geometry":{"type":"Polygon","coordinates":[[[138.9627,-16.9936],[138.927,-16.9853],[138.6101,-16.9117],[138.4108,-16.8994],[138.3183,-16.8644],[138.1091,-17.555],[138.0769,-17.5657],[138.186,-17.6021],[138.3179,-17.7591],[138.3793,-17.9274],[138.4167,-17.8847],[138.7903,-17.9578],[139.3073,-17.8791],[139.335,-17.8749],[139.3781,-17.7801],[139.5102,-17.5898],[139.1731,-17.3555],[139.0753,-17.076],[139.0498,-17.0573],[138.9627,-16.9936]]]},"properties":{"NAME":"Ganggalida","SUBJECTO":"Ganggalida","PARTOF":"Ganggalida","BORDERPRECISION":3,"LINK":null}},
{"type":"Feature","geometry":{"type":"Polygon","coordinates":[[[143.4735,-13.6654],[143.4569,-13.395],[143.421,-13.395],[143.421,-13.4804],[143.4045,-13.7687],[143.3959,-13.8123],[143.4348,-13.7967],[143.4983,-13.7728],[143.4735,-13.6654]]]},"properties":{"NAME":"Umpila","SUBJECTO":"Umpila","PARTOF":"Umpila","BORDERPRECISION":3,"LINK":null}},
{"type":"Feature","geometry":{"type":"Polygon","coordinates":[[[116.7744,-20.7855],[116.7553,-20.7883],[116.4188,-20.8371],[116.2513,-20.9236],[116.4441,-21.2075],[116.4485,-21.293],[116.5179,-21.3407],[116.6858,-21.3764],[116.8414,-21.4041],[116.8818,-21.3857],[116.889,-21.3405],[117.0264,-21.0435],[117.0736,-21.0403],[117.0704,-21.0253],[116.9879,-20.9768],[116.922,-20.8999],[116.7792,-20.828],[116.8116,-20.7847],[116.7744,-20.7855]]]},"properties":{"NAME":"Martuthunira","SUBJECTO":"Martuthunira","PARTOF":"Martuthunira","BORDERPRECISION":3,"LINK":null}},
{"type":"Feature","geometry":{"type":"Polygon","coordinates":[[[141.8476,-12.8425],[141.8331,-12.8494],[142.0148,-12.8707],[142.04,-12.8994],[142.0439,-12.8968],[142.0505,-12.8814],[142.0944,-12.8305],[142.1295,-12.8162],[142.1286,-12.7849],[142.1246,-12.7743],[142.0807,-12.6484],[142.0462,-12.5385],[142.012,-12.5385],[141.8314,-12.617],[141.8159,-12.6019],[141.8476,-12.8425]]]},"properties":{"NAME":"Awngthim","SUBJECTO":"Awngthim","PARTOF":"Awngthim","BORDERPRECISION":3,"LINK":null}},
{"type":"Feature","geometry":{"type":"Polygon","coordinates":[[[138.5347,-31.6817],[138.5615,-31.6928],[138.5266,-31.5739],[138.4717,-31.4802],[138.4387,-30.8645],[138.5101,-30.5812],[139.433,-29.5687],[139.4853,-29.5451],[139.4824,-29.5448],[138.9331,-29.5448],[138.4607,-29.5735],[138.4607,-29.5713],[138.4497,-29.6021],[137.5378,-29.5735],[137.1897,-29.656],[136.9226,-29.7358],[136.7286,-29.7964],[136.7908,-29.8788],[136.9775,-30.0406],[137.4719,-30.3729],[137.7246,-31.1094],[137.6003,-31.2064],[137.6023,-31.2182],[137.6123,-31.2293],[137.785,-31.2785],[138.3673,-31.5832],[138.4605,-31.6467],[138.4662,-31.6487],[138.5347,-31.6817]]]},"properties":{"NAME":"Kuyani","SUBJECTO":"Kuyani","PARTOF":"Kuyani","BORDERPRECISION":3,"LINK":null}},
{"type":"Feature","geometry":{"type":"Polygon","coordinates":[[[117.188,-23.332],[117.1857,-23.3523],[117.185,-23.3714],[117.1802,-23.5136],[117.1476,-23.6182],[117.2791,-23.6797],[117.4988,-23.725],[117.6416,-23.8306],[117.6834,-23.8425],[117.7295,-23.8557],[117.7295,-23.9863],[117.7196,-23.9895],[117.8833,-24.0314],[118.504,-23.6294],[118.5602,-23.5265],[118.4161,-23.4582],[118.2019,-23.3423],[117.4933,-22.9129],[117.4274,-22.8167],[117.4487,-22.7703],[117.2957,-22.8063],[116.9934,-22.8774],[116.9824,-22.8741],[116.9824,-22.8825],[116.9824,-22.9331],[117.2021,-23.206],[117.188,-23.332]]]},"properties":{"NAME":"Yinhawangka","SUBJECTO":"Yinhawangka","PARTOF":"Yinhawangka","BORDERPRECISION":3,"LINK":null}},
{"type":"Feature","geometry":{"type":"Polygon","coordinates":[[[141.4784,-27.4045],[141.4942,-27.4249],[141.5588,-27.5083],[141.6248,-27.7613],[141.8994,-28.1592],[142.0545,-28.36],[142.0705,-28.3808],[142.0862,-28.4011],[142.0877,-28.402],[142.1183,-28.4203],[142.2738,-28.5137],[142.3114,-28.5363],[142.3194,-28.5274],[142.4158,-28.4204],[142.5146,-28.2657],[143.031,-28.0526],[143.3826,-28.0138],[143.5474,-27.975],[143.703,-27.9022],[143.7231,-27.8928],[143.7341,-27.8876],[143.6572,-27.7711],[143.5583,-27.479],[143.5254,-27.2253],[143.5364,-26.6965],[143.5631,-26.6535],[143.5152,-26.6445],[143.4265,-26.6278],[143.6462,-25.8098],[143.6572,-25.5623],[143.6773,-25.4717],[143.5254,-25.6019],[142.7124,-26.5099],[142.1301,-26.5296],[141.9543,-26.9612],[141.9443,-26.9512],[141.9315,-26.9384],[141.8994,-27.0298],[141.438,-27.3523],[141.4784,-27.4045]]]},"properties":{"NAME":"Wangkumara","SUBJECTO":"Wangkumara","PARTOF":"Wangkumara","BORDERPRECISION":3,"LINK":null}},
{"type":"Feature","geometry":{"type":"Polygon","coordinates":[[[143.9931,-34.8199],[144.0363,-34.8273],[144.096,-34.8219],[144.1022,-34.8093],[144.5471,-34.6603],[144.6954,-34.6648],[144.7614,-34.6829],[144.7888,-34.6829],[144.7842,-34.6734],[144.7559,-34.6332],[144.646,-34.1982],[144.6549,-34.0726],[144.613,-34.1027],[144.5636,-34.1527],[144.2944,-34.1936],[144.1777,-34.1479],[144.1791,-34.18],[143.8385,-34.4522],[143.8385,-34.5247],[143.9209,-34.71],[143.9904,-34.8175],[143.9918,-34.8197],[143.9931,-34.8199]]]},"properties":{"NAME":"Nari Nari","SUBJECTO":"Nari Nari","PARTOF":"Nari Nari","BORDERPRECISION":3,"LINK":null}},
{"type":"Feature","geometry":{"type":"Polygon","coordinates":[[[134.4414,-17.8045],[134.4397,-17.8115],[134.3966,-17.873],[134.5366,-17.9544],[134.7803,-17.9683],[135.2637,-18.031],[136.1646,-18.615],[136.2967,-18.7288],[136.3022,-18.7335],[136.3039,-18.7319],[136.5161,-18.5421],[137.1973,-18.4379],[137.2412,-18.4275],[137.3412,-18.4156],[137.3471,-18.4149],[137.1753,-18.3232],[136.8677,-18.1145],[136.7313,-18.0775],[136.6985,-18.0686],[136.637,-18.0519],[136.3623,-17.9578],[135.802,-17.6859],[135.6974,-17.6699],[135.5273,-17.644],[135.4529,-17.644],[135.1868,-17.644],[134.967,-17.644],[134.6858,-17.6859],[134.6456,-17.6919],[134.6155,-17.6964],[134.57,-17.7246],[134.4414,-17.8045]]]},"properties":{"NAME":"Wambaya","SUBJECTO":"Wambaya","PARTOF":"Wambaya","BORDERPRECISION":3,"LINK":null}},
{"type":"Feature","geometry":{"type":"Polygon","coordinates":[[[146.2143,-29.9496],[146.2468,-29.9998],[146.261,-30.0215],[146.3104,-30.1309],[146.9861,-30.5717],[146.9861,-30.8032],[147.1893,-31.1846],[147.2113,-31.5973],[147.2496,-31.6821],[147.3047,-31.6721],[148.7549,-31.6721],[149.0415,-31.7849],[149.1421,-31.5083],[149.1861,-31.3912],[149.1806,-31.2574],[148.082,-30.0691],[147.3816,-30.119],[147.0657,-30.0738],[146.9274,-29.9983],[146.8872,-29.9763],[146.8508,-29.9413],[146.6785,-29.9264],[146.2143,-29.9496]]]},"properties":{"NAME":"Wailwan","SUBJECTO":"Wailwan","PARTOF":"Wailwan","BORDERPRECISION":3,"LINK":null}},
{"type":"Feature","geometry":{"type":"Polygon","coordinates":[[[152.9396,-30.6994],[152.9508,-30.6656],[152.7429,-30.6237],[152.3969,-30.5433],[152.1318,-30.4819],[152.1112,-30.567],[151.9958,-30.756],[151.8146,-30.9211],[151.6659,-31.0395],[151.6526,-31.0622],[151.6553,-31.0623],[152.0013,-31.0906],[152.9462,-31.2504],[152.984,-31.2681],[153.0011,-31.0555],[152.9396,-30.6994]]]},"properties":{"NAME":"Dainggatti","SUBJECTO":"Dainggatti","PARTOF":"Dainggatti","BORDERPRECISION":3,"LINK":null}},
{"type":"Feature","geometry":{"type":"Polygon","coordinates":[[[138.4933,-22.0435],[138.3838,-21.9532],[138.0652,-21.8411],[137.9553,-21.7391],[137.9443,-21.7289],[137.9374,-21.7264],[137.6917,-21.637],[137.2961,-21.637],[137.0135,-21.6464],[137.0232,-21.7092],[137.0435,-21.8411],[137.0654,-22.3907],[136.907,-22.5762],[136.9666,-22.8876],[137.1863,-23.3423],[137.9773,-23.6546],[138.3289,-23.6747],[138.3618,-23.6695],[138.3618,-23.6445],[138.2629,-23.2918],[138.252,-22.6546],[138.4497,-22.106],[138.5775,-22.1129],[138.4933,-22.0435]]]},"properties":{"NAME":"Andegerebenha","SUBJECTO":"Andegerebenha","PARTOF":"Andegerebenha","BORDERPRECISION":3,"LINK":null}},
{"type":"Feature","geometry":{"type":"Polygon","coordinates":[[[122.5374,-16.9232],[122.1608,-17.3192],[122.5964,-17.3166],[122.7585,-17.3166],[122.8031,-17.3166],[122.8052,-17.2615],[122.8381,-17.0988],[122.8909,-17.0365],[122.8629,-17.0253],[122.6431,-16.9859],[122.5374,-16.9232]]]},"properties":{"NAME":"Jabirrjabirr","SUBJECTO":"Jabirrjabirr","PARTOF":"Jabirrjabirr","BORDERPRECISION":3,"LINK":null}},
{"type":"Feature","geometry":{"type":"Polygon","coordinates":[[[118.5095,-28.4011],[119.2017,-28.6424],[119.3938,-28.7412],[119.4214,-28.7484],[119.436,-28.7629],[119.5203,-28.8062],[119.6851,-29.0081],[119.7565,-28.9937],[119.729,-28.9697],[120.3552,-28.8062],[121.8494,-28.8447],[122.1021,-28.7677],[122.1441,-28.7533],[122.2998,-28.7002],[122.3169,-28.6968],[122.2668,-28.5845],[121.9592,-28.1592],[121.8054,-27.9847],[121.7638,-27.9193],[121.756,-27.9071],[121.6939,-27.8563],[121.6132,-27.7905],[121.4923,-27.6495],[121.322,-27.5278],[121.306,-27.5283],[121.2884,-27.5289],[121.1792,-27.5326],[120.976,-27.5326],[120.8661,-27.5375],[119.6027,-27.2693],[119.3225,-27.2839],[118.8336,-28.0429],[118.7339,-28.0972],[118.7283,-28.1003],[118.6469,-28.1447],[118.532,-28.3041],[118.4656,-28.3962],[118.5095,-28.4011]]]},"properties":{"NAME":"Kuwarra","SUBJECTO":"Kuwarra","PARTOF":"Kuwarra","BORDERPRECISION":3,"LINK":null}},
{"type":"Feature","geometry":{"type":"Polygon","coordinates":[[[113.6674,-23.7801],[114.2633,-23.931],[114.4822,-23.9698],[114.5215,-23.9159],[114.5215,-23.8758],[114.6478,-23.5438],[114.6753,-23.317],[114.7059,-23.3269],[114.7066,-23.2872],[114.7083,-23.201],[114.7302,-23.0545],[114.7742,-22.928],[114.796,-22.8274],[114.7961,-22.8268],[114.7926,-22.8217],[114.7577,-22.7711],[114.2908,-22.685],[113.8239,-22.7559],[113.7831,-22.8395],[113.7744,-22.8572],[113.7579,-23.014],[113.762,-23.4811],[113.6674,-23.7801]]]},"properties":{"NAME":"Payungu","SUBJECTO":"Payungu","PARTOF":"Payungu","BORDERPRECISION":3,"LINK":null}},
{"type":"Feature","geometry":{"type":"Polygon","coordinates":[[[136.3022,-18.7335],[136.4063,-18.8231],[135.7813,-19.9527],[135.8569,-19.9527],[136.0327,-20.1591],[136.0327,-20.5711],[136.2079,-20.735],[136.2921,-20.7562],[136.3843,-20.715],[136.5601,-20.7356],[136.6766,-20.8517],[136.7491,-20.8644],[137.2412,-20.9512],[138.4058,-20.4888],[138.8295,-20.4474],[138.9331,-20.4373],[138.9052,-20.3652],[138.9034,-20.3608],[138.8832,-20.3086],[138.8013,-20.0972],[138.5376,-19.8701],[137.5378,-19.6115],[137.8455,-18.7815],[137.9082,-18.5141],[137.9114,-18.5004],[137.8008,-18.4405],[137.6807,-18.3754],[137.3471,-18.4149],[137.3412,-18.4156],[137.2412,-18.4275],[137.1973,-18.4379],[136.5161,-18.5421],[136.3039,-18.7319],[136.3022,-18.7335]]]},"properties":{"NAME":"Wakaya","SUBJECTO":"Wakaya","PARTOF":"Wakaya","BORDERPRECISION":3,"LINK":null}},
{"type":"Feature","geometry":{"type":"Polygon","coordinates":[[[143.3033,-34.4608],[143.3066,-34.4641],[143.3304,-34.4884],[143.3881,-34.5699],[143.3881,-34.6196],[143.3881,-34.654],[143.3855,-34.6694],[143.3881,-34.6694],[143.4073,-34.6987],[143.7067,-34.7484],[143.8907,-34.8251],[144.0108,-34.8536],[144.0143,-34.8544],[143.998,-34.8292],[143.9918,-34.8197],[143.9904,-34.8175],[143.9209,-34.71],[143.8385,-34.5247],[143.8385,-34.4522],[144.1791,-34.18],[144.1777,-34.1479],[144.1689,-34.1444],[144.0857,-34.1118],[143.4705,-33.6969],[143.4771,-33.6871],[143.2947,-33.7883],[143.2068,-33.77],[142.8967,-33.9656],[142.9047,-33.9935],[142.8557,-33.9975],[142.8497,-33.998],[142.848,-33.9963],[142.828,-34.009],[142.8058,-34.0345],[142.9047,-34.1482],[143.0365,-34.2209],[143.2727,-34.4296],[143.3033,-34.4608]]]},"properties":{"NAME":"Madi Madi","SUBJECTO":"Madi Madi","PARTOF":"Madi Madi","BORDERPRECISION":3,"LINK":null}},
{"type":"Feature","geometry":{"type":"Polygon","coordinates":[[[145.6249,-28.9899],[145.6057,-28.9731],[145.6018,-28.9793],[145.4519,-28.9674],[145.3821,-29.1234],[145.0964,-29.4779],[145.0305,-29.7644],[144.9884,-30.1654],[144.9961,-30.2756],[145.2063,-30.3065],[145.5111,-30.2275],[145.568,-30.1852],[145.5963,-30.1641],[145.7941,-29.7453],[145.796,-29.6727],[145.7945,-29.6735],[145.7336,-29.7071],[145.7542,-29.3308],[145.7446,-29.2864],[145.7093,-29.1709],[145.6708,-29.0588],[145.6249,-28.9899]]]},"properties":{"NAME":"Gunu","SUBJECTO":"Gunu","PARTOF":"Gunu","BORDERPRECISION":3,"LINK":null}},
{"type":"Feature","geometry":{"type":"Polygon","coordinates":[[[114.4822,-23.9698],[114.2633,-23.931],[113.6674,-23.7801],[113.5657,-24.7917],[113.6116,-24.8076],[113.6316,-24.7817],[113.7579,-24.7269],[114.137,-24.672],[114.8676,-24.9213],[115.03,-24.9397],[115.2154,-24.9607],[115.3125,-24.8067],[115.3235,-24.632],[114.8676,-24.1066],[114.6313,-23.9963],[114.5215,-23.9768],[114.4822,-23.9698]]]},"properties":{"NAME":"Maya","SUBJECTO":"Maya","PARTOF":"Maya","BORDERPRECISION":3,"LINK":null}},
{"type":"Feature","geometry":{"type":"Polygon","coordinates":[[[152.3998,-25.0717],[151.7981,-25.1353],[151.7921,-25.1637],[151.8805,-25.5276],[151.9299,-25.8889],[152.0673,-26.2294],[152.8528,-26.9417],[152.9192,-27.043],[153.0011,-27.0836],[153.0573,-27.1018],[153.0691,-26.2277],[152.9893,-25.9385],[152.9715,-25.8742],[152.6935,-26.0173],[152.6331,-25.587],[152.7224,-25.4111],[152.3998,-25.0717]]]},"properties":{"NAME":"Dyungungoo (Gubbi Gubbi)","SUBJECTO":"Dyungungoo (Gubbi Gubbi)","PARTOF":"Dyungungoo (Gubbi Gubbi)","BORDERPRECISION":3,"LINK":null}},
{"type":"Feature","geometry":{"type":"Polygon","coordinates":[[[132.3688,-13.0955],[132.2901,-13.0879],[132.2589,-13.0848],[132.182,-13.1918],[132.1996,-13.2226],[132.2095,-13.2399],[132.8467,-13.5499],[132.6215,-13.5766],[132.4072,-13.6727],[132.1985,-13.6833],[132.0996,-13.7207],[132.0782,-13.7498],[132.0711,-13.7595],[132.0447,-13.7954],[132.0007,-13.9287],[131.992,-13.966],[131.982,-14.0083],[131.9568,-14.1153],[131.9458,-14.291],[131.8854,-14.4294],[131.8799,-14.4879],[131.896,-14.5692],[131.9073,-14.6261],[131.9813,-14.6164],[132.038,-14.609],[132.1106,-14.5995],[132.4237,-14.5517],[132.7753,-14.6633],[132.9291,-14.743],[133.162,-14.9016],[133.1708,-14.9076],[133.1807,-14.8971],[133.2043,-14.8718],[133.3795,-14.6846],[133.4619,-14.3229],[133.4695,-14.309],[133.4836,-14.283],[133.5773,-14.1099],[133.6377,-13.71],[133.6368,-13.6848],[133.6322,-13.5552],[133.6377,-13.411],[133.5716,-13.3265],[133.5498,-13.2988],[132.9785,-13.3041],[132.8082,-13.2346],[132.6864,-13.1773],[132.6667,-13.1681],[132.6489,-13.1597],[132.3688,-13.0955]]]},"properties":{"NAME":"Jawoyn","SUBJECTO":"Jawoyn","PARTOF":"Jawoyn","BORDERPRECISION":3,"LINK":null}},
{"type":"Feature","geometry":{"type":"Polygon","coordinates":[[[139.3305,-17.9262],[139.3594,-17.9226],[139.3396,-17.8742],[139.335,-17.8749],[139.3073,-17.8791],[138.7903,-17.9578],[138.4167,-17.8847],[138.3793,-17.9274],[138.4013,-17.9874],[138.4058,-17.9996],[138.4058,-18.2398],[138.1421,-18.5213],[138.1099,-18.5203],[138.1091,-18.5213],[138.1031,-18.5333],[138.1641,-18.5525],[139.1418,-19.0933],[139.1677,-19.1194],[139.3286,-18.8231],[139.3286,-17.9265],[139.3305,-17.9262]]]},"properties":{"NAME":"Nguburinji","SUBJECTO":"Nguburinji","PARTOF":"Nguburinji","BORDERPRECISION":3,"LINK":null}},
{"type":"Feature","geometry":{"type":"Polygon","coordinates":[[[134.5366,-17.9544],[134.3472,-17.9436],[134.231,-17.9369],[133.7915,-17.9787],[133.9887,-18.1453],[133.9879,-18.1455],[133.4949,-18.031],[133.4322,-18.2473],[133.4283,-18.261],[133.374,-18.4483],[133.7476,-18.8543],[133.4839,-19.1244],[132.9785,-19.2697],[132.4731,-19.3111],[132.3938,-19.3272],[132.3157,-19.343],[132.4512,-19.5598],[132.5281,-19.8184],[132.8247,-20.2107],[132.9625,-20.7348],[132.9895,-20.7664],[132.9956,-20.7767],[133.0994,-20.9512],[133.8245,-20.9307],[135.0659,-20.1178],[135.4395,-20.0559],[135.687,-20.0227],[135.7471,-20.0146],[135.7813,-19.9527],[136.4063,-18.8231],[136.3022,-18.7335],[136.2967,-18.7288],[136.1646,-18.615],[135.2637,-18.031],[134.7803,-17.9683],[134.5366,-17.9544]]]},"properties":{"NAME":"Warumungu","SUBJECTO":"Warumungu","PARTOF":"Warumungu","BORDERPRECISION":3,"LINK":null}},
{"type":"Feature","geometry":{"type":"Polygon","coordinates":[[[131.0407,-25.4659],[131.0339,-25.5127],[131.0596,-25.525],[131.2097,-25.5969],[131.9348,-25.879],[132.627,-26.1949],[132.9236,-26.4706],[132.9703,-26.4636],[133.007,-26.4581],[133.1213,-26.4411],[133.3191,-26.3131],[133.8135,-26.116],[133.8715,-26.0783],[133.7939,-26.0319],[133.7695,-26.0173],[133.2422,-25.4433],[132.0337,-23.6647],[132.0337,-23.1808],[132.2701,-23.0424],[132.2754,-23.0393],[132.3035,-23.0134],[132.2864,-22.9786],[132.1962,-22.9786],[132.2314,-23.0292],[132.1216,-23.0292],[132.1209,-23.0291],[131.781,-23.009],[131.4624,-23.009],[131.2941,-22.9745],[131.2646,-23.1505],[131.1877,-23.4632],[130.9131,-24.3871],[130.6714,-24.7069],[130.6011,-24.7708],[130.5762,-24.7933],[130.6989,-24.8416],[130.8472,-24.8815],[131.001,-25.0408],[131.0614,-25.2099],[131.0504,-25.3986],[131.0407,-25.4659]]]},"properties":{"NAME":"Luritja","SUBJECTO":"Luritja","PARTOF":"Luritja","BORDERPRECISION":3,"LINK":null}},
{"type":"Feature","geometry":{"type":"Polygon","coordinates":[[[144.4749,-37.1638],[144.4738,-37.1521],[144.3658,-37.1647],[144.3369,-37.1416],[144.3164,-37.1253],[144.2505,-37.0069],[144.1846,-36.642],[144.2652,-36.5773],[144.278,-36.567],[144.3768,-36.5494],[144.4794,-36.5631],[144.5416,-36.5714],[144.5673,-36.5737],[144.5835,-36.5752],[144.6112,-36.5423],[144.6173,-36.5265],[144.6413,-36.4646],[144.7191,-36.3561],[144.6971,-36.3323],[144.5735,-36.1986],[144.1881,-36.1898],[144.1275,-36.1418],[144.0718,-36.1387],[144.0709,-36.1283],[144.0315,-36.1291],[144.0069,-36.1296],[144.0047,-36.1119],[143.9302,-36.1134],[143.9114,-36.1101],[143.866,-36.1467],[143.7012,-36.2266],[143.02,-36.3682],[142.9842,-36.3613],[142.9782,-36.3703],[142.9931,-36.4103],[142.9773,-36.4355],[142.9395,-36.4465],[142.9279,-36.4728],[142.9103,-36.4828],[142.9074,-36.4892],[142.9074,-36.4942],[142.8456,-36.5796],[142.8503,-36.5818],[142.8708,-36.5859],[142.9106,-36.5798],[143.0068,-36.6687],[143.1554,-36.665],[143.2477,-36.877],[143.2232,-36.8773],[143.2412,-36.9089],[143.2261,-36.9177],[143.2452,-36.9192],[143.3771,-36.9279],[143.443,-36.9367],[143.443,-37.0201],[143.3968,-37.0451],[143.3222,-37.0855],[143.3475,-37.129],[143.3022,-37.1708],[143.3062,-37.1917],[143.3074,-37.2128],[143.3075,-37.2141],[143.3049,-37.2287],[143.3038,-37.235],[143.3194,-37.2512],[143.3082,-37.2963],[144.0348,-37.4737],[144.2024,-37.4476],[144.2509,-37.4309],[144.3026,-37.413],[144.3573,-37.4144],[144.3591,-37.4144],[144.405,-37.4298],[144.5525,-37.3423],[144.4192,-37.215],[144.4749,-37.1638]]]},"properties":{"NAME":"Dja Dja Wurrung","SUBJECTO":"Dja Dja Wurrung","PARTOF":"Dja Dja Wurrung","BORDERPRECISION":3,"LINK":null}},
{"type":"Feature","geometry":{"type":"Polygon","coordinates":[[[132.9956,-20.7767],[132.9735,-20.7767],[133.0005,-20.8793],[133.0994,-21.2075],[133.0774,-21.6778],[132.9459,-21.8914],[132.9244,-21.9264],[133.0225,-22.1264],[133.6816,-22.2077],[134.0165,-22.3545],[134.0967,-22.3076],[134.4067,-22.1264],[134.6704,-21.8003],[135.8789,-20.9409],[136.2505,-20.7748],[136.2079,-20.735],[136.0327,-20.5711],[136.0327,-20.1591],[135.8569,-19.9527],[135.7813,-19.9527],[135.7471,-20.0146],[135.687,-20.0227],[135.4395,-20.0559],[135.0659,-20.1178],[133.8245,-20.9307],[133.0994,-20.9512],[132.9956,-20.7767]]]},"properties":{"NAME":"Kaytej","SUBJECTO":"Kaytej","PARTOF":"Kaytej","BORDERPRECISION":3,"LINK":null}},
{"type":"Feature","geometry":{"type":"Polygon","coordinates":[[[118.7442,-34.5803],[119.1138,-34.5247],[119.0314,-34.493],[118.8841,-34.2822],[118.8666,-34.2572],[118.7297,-34.2543],[118.6523,-34.2527],[117.5867,-34.2754],[116.521,-34.3298],[116.5759,-34.6016],[116.5704,-34.8273],[116.5468,-34.8654],[116.4465,-35.027],[116.4111,-35.084],[117.7933,-35.2123],[118.7442,-34.5803]]]},"properties":{"NAME":"Minang","SUBJECTO":"Minang","PARTOF":"Minang","BORDERPRECISION":3,"LINK":null}},
{"type":"Feature","geometry":{"type":"Polygon","coordinates":[[[113.0916,-26.0577],[113.4998,-26.6867],[113.5986,-26.7603],[113.7338,-26.8005],[113.8458,-26.7505],[114.0161,-26.5885],[114.6313,-26.3968],[114.6772,-26.4379],[114.7412,-26.3869],[114.7687,-26.2195],[114.7192,-25.8741],[114.7275,-25.7516],[114.5709,-25.7653],[114.2139,-25.7653],[114.0051,-25.7108],[113.9552,-25.6345],[113.8965,-25.5901],[114.1808,-26.2714],[113.8807,-26.509],[113.3212,-25.6903],[113.7394,-26.6665],[113.5798,-26.656],[113.0916,-26.0577]]]},"properties":{"NAME":"Malkana","SUBJECTO":"Malkana","PARTOF":"Malkana","BORDERPRECISION":3,"LINK":null}},
{"type":"Feature","geometry":{"type":"Polygon","coordinates":[[[141.7113,-15.2267],[141.6504,-15.3228],[141.7025,-15.3332],[141.7289,-15.2122],[141.7287,-15.2122],[141.725,-15.2186],[141.7085,-15.2177],[141.7113,-15.2267]]]},"properties":{"NAME":"Yir Yoront","SUBJECTO":"Yir Yoront","PARTOF":"Yir Yoront","BORDERPRECISION":3,"LINK":null}},
{"type":"Feature","geometry":{"type":"Polygon","coordinates":[[[122.2319,-18.1673],[122.2244,-18.1834],[122.2247,-18.1898],[122.2339,-18.1876],[122.7502,-18.365],[122.8821,-18.4483],[122.8873,-18.4619],[122.908,-18.4625],[122.8931,-18.4536],[123.0029,-18.2659],[123.051,-18.0649],[122.9205,-18.0049],[122.8381,-17.8428],[122.8226,-17.7159],[122.8165,-17.6657],[122.8024,-17.6676],[122.753,-17.6833],[122.7239,-17.7156],[122.72,-17.7199],[122.7076,-17.7561],[122.6706,-17.8637],[122.6349,-17.9212],[122.3657,-18.0362],[122.326,-18.0614],[122.308,-18.0728],[122.2281,-18.1439],[122.2319,-18.1673]]]},"properties":{"NAME":"Yawuru","SUBJECTO":"Yawuru","PARTOF":"Yawuru","BORDERPRECISION":3,"LINK":null}},
{"type":"Feature","geometry":{"type":"Polygon","coordinates":[[[138.9321,-26.1508],[138.8562,-26.0963],[138.8467,-25.9856],[138.8277,-25.9704],[138.6365,-25.9975],[138.186,-26.0173],[138.0322,-26.0568],[138.0432,-26.2442],[138.1348,-26.4001],[138.219,-26.3623],[138.8892,-26.3427],[138.8892,-26.1949],[138.9361,-26.1949],[138.9321,-26.1508]]]},"properties":{"NAME":"Karangura","SUBJECTO":"Karangura","PARTOF":"Karangura","BORDERPRECISION":3,"LINK":null}},
{"type":"Feature","geometry":{"type":"Polygon","coordinates":[[[115.7151,-33.0177],[115.7148,-33.0193],[115.6535,-33.3305],[115.6499,-33.3493],[115.7355,-33.4177],[115.8166,-33.6064],[115.8398,-33.6604],[115.8677,-33.6704],[115.9903,-33.7146],[116.0046,-33.7198],[116.1941,-33.9269],[116.2023,-33.9358],[116.2134,-33.9479],[116.1969,-34.1936],[117.5647,-34.2073],[117.6721,-34.0216],[117.691,-33.9889],[117.6652,-33.9469],[117.5592,-33.7746],[117.4252,-33.6393],[117.4191,-33.6443],[117.2103,-33.4795],[116.9879,-33.381],[116.7572,-33.2984],[116.6778,-33.2481],[116.6309,-33.2295],[116.2692,-33.0626],[116.142,-33.0271],[116.0495,-33.0012],[115.9854,-32.9925],[115.986,-32.9835],[115.9772,-32.981],[115.9688,-32.981],[115.8344,-32.981],[115.7151,-33.0177]]]},"properties":{"NAME":"Kaniyang","SUBJECTO":"Kaniyang","PARTOF":"Kaniyang","BORDERPRECISION":3,"LINK":null}},
{"type":"Feature","geometry":{"type":"Polygon","coordinates":[[[139.1638,-34.7326],[139.1418,-35.003],[139.0998,-35.0768],[139.0649,-35.1379],[139.1023,-35.1434],[139.3066,-35.1738],[139.4096,-35.1938],[139.5358,-35.2184],[139.5374,-35.2187],[139.823,-34.6694],[141.1084,-34.597],[141.2512,-34.6422],[141.3281,-34.7777],[141.4147,-34.8165],[141.438,-34.7687],[141.4542,-34.7554],[141.5259,-34.6965],[141.5698,-34.6603],[141.7028,-34.6088],[141.8115,-34.4522],[141.9445,-34.1939],[141.996,-34.0937],[142.0313,-34.0253],[142.033,-34.0215],[142.0862,-33.9069],[142.0472,-33.8792],[142.0093,-33.8522],[141.5149,-33.6878],[141.0205,-33.4589],[140.9729,-33.4431],[140.8919,-33.416],[140.8008,-33.3856],[140.3174,-33.2938],[139.5154,-33.4681],[139.2078,-33.6329],[139.1265,-33.6555],[139.0877,-33.6662],[139.0759,-33.6695],[139.0979,-34.3434],[139.115,-34.4444],[139.1302,-34.534],[139.1638,-34.7326]]]},"properties":{"NAME":"Meru","SUBJECTO":"Meru","PARTOF":"Meru","BORDERPRECISION":3,"LINK":null}},
{"type":"Feature","geometry":{"type":"Polygon","coordinates":[[[146.9238,-20.5482],[146.6016,-20.4476],[146.3379,-20.3446],[145.8435,-20.3961],[145.5875,-20.516],[145.6128,-20.5608],[145.47,-21.2791],[145.5469,-21.5451],[145.5909,-21.6883],[145.6146,-21.6852],[145.9479,-21.6421],[146.3489,-21.591],[146.5469,-21.5989],[146.6071,-21.6013],[146.5892,-21.5348],[146.5851,-21.5195],[146.5686,-21.361],[146.5411,-20.9255],[146.5741,-20.6945],[146.8488,-20.6431],[146.9208,-20.552],[146.9238,-20.5482]]]},"properties":{"NAME":"Yilba","SUBJECTO":"Yilba","PARTOF":"Yilba","BORDERPRECISION":3,"LINK":null}},
{"type":"Feature","geometry":{"type":"Polygon","coordinates":[[[129.5123,-15.9772],[129.353,-16.1777],[129.2827,-16.2928],[129.267,-16.3187],[129.2871,-16.3412],[129.342,-16.4572],[129.2651,-16.6257],[129.2542,-16.6257],[129.2542,-16.794],[130.144,-17.0673],[130.249,-17.1522],[130.2909,-17.1222],[130.3308,-17.0935],[130.6824,-16.6941],[130.957,-16.4414],[130.9597,-16.4223],[130.9629,-16.3995],[130.968,-16.3623],[130.8691,-16.1039],[130.8661,-16.1029],[130.7591,-16.0674],[130.7098,-16.0511],[130.4846,-15.9613],[130.4462,-15.8081],[130.4462,-15.7081],[130.4462,-15.6918],[130.4462,-15.6601],[130.4187,-15.5278],[130.3918,-15.4924],[130.3803,-15.4774],[130.3583,-15.4484],[130.2869,-15.3954],[130.1548,-15.4867],[130.1132,-15.5155],[130.0342,-15.5701],[129.787,-15.7394],[129.5123,-15.9772]]]},"properties":{"NAME":"Ngarinman","SUBJECTO":"Ngarinman","PARTOF":"Ngarinman","BORDERPRECISION":3,"LINK":null}},
{"type":"Feature","geometry":{"type":"Polygon","coordinates":[[[140.3599,-26.2296],[140.3448,-26.2639],[140.3386,-26.274],[140.224,-26.4607],[140.0867,-26.8143],[139.9933,-27.1618],[139.9766,-27.233],[140.0317,-27.2351],[140.0229,-27.2742],[139.9878,-27.4303],[139.9878,-27.4888],[140.2954,-27.5278],[140.5261,-27.6543],[140.9326,-27.6543],[141.3721,-27.479],[141.4784,-27.4045],[141.438,-27.3523],[141.8994,-27.0298],[141.9315,-26.9384],[141.6797,-26.6867],[141.1963,-26.3919],[141.0925,-26.2601],[140.9436,-26.1456],[140.8228,-26.0667],[140.5659,-25.973],[140.5024,-25.9499],[140.4272,-26.0765],[140.3599,-26.2296]]]},"properties":{"NAME":"Yawarawarka","SUBJECTO":"Yawarawarka","PARTOF":"Yawarawarka","BORDERPRECISION":3,"LINK":null}},
{"type":"Feature","geometry":{"type":"Polygon","coordinates":[[[122.7076,-17.7561],[122.6816,-17.7644],[122.1899,-17.7827],[122.1824,-17.7719],[122.157,-17.7905],[122.2017,-17.983],[122.2126,-18.0494],[122.2476,-18.0597],[122.326,-18.0614],[122.3657,-18.0362],[122.6349,-17.9212],[122.6706,-17.8637],[122.7076,-17.7561]]]},"properties":{"NAME":"Jukun","SUBJECTO":"Jukun","PARTOF":"Jukun","BORDERPRECISION":3,"LINK":null}},
{"type":"Feature","geometry":{"type":"Polygon","coordinates":[[[134.4087,-12.1211],[134.3925,-12.1189],[134.3962,-12.1307],[134.3985,-12.1347],[134.4562,-12.1347],[134.4662,-12.1344],[134.5551,-12.1038],[134.6046,-12.1077],[134.6047,-12.1067],[134.6045,-12.1065],[134.5963,-12.0904],[134.5963,-12.0572],[134.5948,-12.0572],[134.4087,-12.1211]]]},"properties":{"NAME":"Nakara","SUBJECTO":"Nakara","PARTOF":"Nakara","BORDERPRECISION":3,"LINK":null}},
{"type":"Feature","geometry":{"type":"Polygon","coordinates":[[[135.4576,-14.6807],[135.6184,-14.5421],[135.6305,-14.5317],[135.6317,-14.4985],[135.5548,-14.456],[135.5203,-14.4464],[135.4969,-14.4399],[135.4395,-14.424],[135.1373,-14.424],[135.0366,-14.4436],[135.0275,-14.4453],[134.9506,-14.5145],[134.8737,-14.6102],[134.8439,-14.6468],[134.9286,-14.7324],[134.9945,-14.9342],[134.967,-15.0562],[134.9082,-15.165],[134.9561,-15.1782],[135.2307,-15.2842],[135.4285,-15.5701],[135.4393,-15.7681],[135.4944,-15.7605],[135.6702,-15.6971],[135.7251,-15.5384],[135.7875,-15.5278],[135.7943,-15.513],[135.824,-15.4484],[135.9448,-15.3593],[135.4576,-14.6807]]]},"properties":{"NAME":"Mara","SUBJECTO":"Mara","PARTOF":"Mara","BORDERPRECISION":3,"LINK":null}},
{"type":"Feature","geometry":{"type":"Polygon","coordinates":[[[130.0855,-13.5925],[130.0611,-13.6059],[130.1138,-13.6193],[130.1042,-13.7767],[130.1413,-13.8647],[130.2001,-13.8878],[130.2276,-13.8823],[130.2237,-13.8807],[130.2374,-13.7127],[130.2669,-13.6347],[130.2672,-13.6338],[130.2127,-13.6033],[130.1909,-13.4978],[130.1761,-13.5111],[130.0855,-13.5925]]]},"properties":{"NAME":"Maranunggu","SUBJECTO":"Maranunggu","PARTOF":"Maranunggu","BORDERPRECISION":3,"LINK":null}},
{"type":"Feature","geometry":{"type":"Polygon","coordinates":[[[143.7122,-25.3142],[143.7085,-25.3308],[143.6869,-25.4284],[143.6773,-25.4717],[143.6572,-25.5623],[143.6462,-25.8098],[143.4265,-26.6278],[143.5152,-26.6445],[143.5631,-26.6535],[143.6353,-26.6671],[144.3713,-26.6475],[144.9097,-26.5394],[145.1087,-26.4816],[145.3162,-26.4214],[145.522,-26.3681],[145.5016,-26.328],[145.466,-26.2641],[144.6063,-25.9114],[144.8751,-25.049],[145.0421,-24.8647],[145.0427,-24.8641],[145.0547,-24.7987],[144.9207,-24.677],[144.5691,-24.5671],[144.4702,-24.7468],[144.1077,-25.0358],[143.7546,-25.2843],[143.7122,-25.3142]]]},"properties":{"NAME":"Dharawala","SUBJECTO":"Dharawala","PARTOF":"Dharawala","BORDERPRECISION":3,"LINK":null}},
{"type":"Feature","geometry":{"type":"Polygon","coordinates":[[[116.4331,-23.9762],[116.4496,-24.1818],[116.3452,-24.4622],[116.3665,-24.5618],[116.3735,-24.5946],[116.5045,-24.5121],[116.8341,-24.4821],[117.0978,-24.0013],[117.3615,-23.9712],[117.4219,-24.0063],[117.5812,-24.0314],[117.5943,-24.0314],[117.7196,-23.9895],[117.7295,-23.9863],[117.7295,-23.8557],[117.6834,-23.8425],[117.6416,-23.8306],[117.4988,-23.725],[117.2791,-23.6797],[117.1476,-23.6182],[117.0319,-23.564],[116.6913,-23.3977],[116.2793,-23.2111],[115.9772,-23.014],[115.776,-22.9214],[115.7355,-22.9027],[115.7328,-22.9269],[115.697,-23.2514],[115.8234,-23.6999],[115.8016,-23.7536],[115.7908,-23.7803],[115.7684,-23.8356],[115.8097,-23.8422],[115.8351,-23.8462],[115.8948,-23.8557],[116.2738,-23.8758],[116.4331,-23.9762]]]},"properties":{"NAME":"Thiin","SUBJECTO":"Thiin","PARTOF":"Thiin","BORDERPRECISION":3,"LINK":null}},
{"type":"Feature","geometry":{"type":"Polygon","coordinates":[[[130.1548,-15.4867],[130.1331,-15.4378],[129.9133,-15.4113],[129.8859,-15.3425],[129.849,-15.296],[129.8145,-15.2524],[129.7583,-15.2734],[129.7156,-15.2895],[129.2816,-15.2948],[128.7817,-15.0827],[128.4741,-15.1676],[128.4643,-15.2408],[128.4631,-15.2497],[128.4521,-15.3319],[128.4412,-15.4907],[128.1445,-15.5595],[128.1396,-15.5638],[128.1173,-15.5828],[128.1116,-15.6548],[128.0237,-15.824],[127.9382,-15.8714],[128.0786,-15.8768],[129.0125,-16.1408],[129.1674,-16.2348],[129.1718,-16.2358],[129.2827,-16.2928],[129.353,-16.1777],[129.5123,-15.9772],[129.787,-15.7394],[130.0342,-15.5701],[130.1132,-15.5155],[130.1548,-15.4867]]]},"properties":{"NAME":"Doolboong/Miriwoong","SUBJECTO":"Doolboong/Miriwoong","PARTOF":"Doolboong/Miriwoong","BORDERPRECISION":3,"LINK":null}},
{"type":"Feature","geometry":{"type":"Polygon","coordinates":[[[129.0344,-18.0101],[129.1443,-18.9167],[128.8586,-19.1659],[128.7702,-19.2494],[128.7582,-19.2608],[128.7158,-19.3008],[130.4956,-20.5505],[130.4956,-20.7972],[130.3967,-21.0025],[130.2534,-21.1139],[130.3201,-21.1217],[130.4407,-21.1357],[130.7373,-21.3201],[130.6824,-22.3399],[131.3196,-22.7559],[131.3086,-22.8876],[131.2983,-22.9492],[131.2941,-22.9745],[131.4624,-23.009],[131.781,-23.009],[132.1209,-23.0291],[132.1216,-23.0292],[132.2314,-23.0292],[132.1962,-22.9786],[132.0337,-22.7458],[131.8799,-22.5531],[131.8799,-22.2891],[132.9016,-21.9634],[132.9244,-21.9264],[132.9459,-21.8914],[133.0774,-21.6778],[133.0994,-21.2075],[133.0005,-20.8793],[132.9735,-20.7767],[132.9625,-20.7348],[132.8247,-20.2107],[132.5281,-19.8184],[132.4512,-19.5598],[132.3157,-19.343],[132.2739,-19.2761],[132.1985,-19.1555],[132.0557,-18.9479],[131.748,-18.7295],[131.5942,-18.5629],[131.2317,-18.3024],[131.0289,-18.1616],[130.9736,-18.1232],[130.946,-18.1041],[129.2651,-18.3232],[129.151,-18.1684],[129.0344,-18.0101]]]},"properties":{"NAME":"Warlpiri","SUBJECTO":"Warlpiri","PARTOF":"Warlpiri","BORDERPRECISION":3,"LINK":null}},
{"type":"Feature","geometry":{"type":"Polygon","coordinates":[[[145.0547,-24.7987],[145.0597,-24.7715],[145.0791,-24.6435],[145.0864,-24.5154],[145.1253,-24.3473],[145.207,-24.1777],[144.9152,-23.9612],[144.7504,-23.8406],[143.454,-23.8406],[143.4382,-23.8196],[143.3167,-23.9863],[143.1519,-24.3871],[143.0556,-24.4701],[143.2837,-24.7468],[143.7561,-25.2646],[143.7546,-25.2843],[144.1077,-25.0358],[144.4702,-24.7468],[144.5691,-24.5671],[144.9207,-24.677],[145.0547,-24.7987]]]},"properties":{"NAME":"Kuungkari","SUBJECTO":"Kuungkari","PARTOF":"Kuungkari","BORDERPRECISION":3,"LINK":null}},
{"type":"Feature","geometry":{"type":"Polygon","coordinates":[[[141.9445,-34.1939],[142.1411,-34.2345],[142.4927,-34.7145],[142.6794,-34.7145],[142.7344,-34.6965],[142.8992,-34.6422],[142.9156,-34.6358],[142.9215,-34.6335],[143.1079,-34.5609],[143.3066,-34.4641],[143.3033,-34.4608],[143.2727,-34.4296],[143.0365,-34.2209],[142.9047,-34.1482],[142.8058,-34.0345],[142.828,-34.009],[142.7948,-34.0299],[142.7857,-33.9362],[142.5811,-33.7384],[142.4452,-33.7118],[142.3718,-33.8339],[142.3499,-33.9525],[142.1191,-33.9342],[142.033,-34.0215],[142.0313,-34.0253],[141.996,-34.0937],[141.9445,-34.1939]]]},"properties":{"NAME":"Kureinji","SUBJECTO":"Kureinji","PARTOF":"Kureinji","BORDERPRECISION":3,"LINK":null}},
{"type":"Feature","geometry":{"type":"Polygon","coordinates":[[[143.3066,-34.4641],[143.1079,-34.5609],[142.9215,-34.6335],[142.9651,-34.6694],[142.9651,-34.6928],[142.9761,-34.7055],[142.9651,-34.756],[142.9651,-34.8318],[142.9641,-34.8414],[142.9641,-34.8415],[142.9643,-34.8415],[143.0246,-34.855],[143.038,-34.8478],[143.0145,-34.8003],[143.2892,-34.6694],[143.3829,-34.6694],[143.3855,-34.6694],[143.3881,-34.654],[143.3881,-34.6196],[143.3881,-34.5699],[143.3304,-34.4884],[143.3066,-34.4641]]]},"properties":{"NAME":"Dadi Dadi","SUBJECTO":"Dadi Dadi","PARTOF":"Dadi Dadi","BORDERPRECISION":3,"LINK":null}},
{"type":"Feature","geometry":{"type":"Polygon","coordinates":[[[138.5346,-35.2973],[138.4944,-35.3951],[138.5582,-35.355],[138.5769,-35.3432],[138.5815,-35.3353],[138.7903,-34.8589],[138.7903,-34.6874],[138.7739,-34.6572],[138.7175,-34.6735],[138.6694,-34.6874],[138.3234,-33.4314],[138.3289,-33.3168],[138.3313,-33.3089],[138.3315,-33.3081],[138.3234,-33.2984],[138.1698,-33.3243],[138.1485,-33.359],[138.0908,-33.4528],[138.0327,-33.4563],[137.9981,-33.4583],[137.9938,-33.7928],[138.0432,-34.1482],[138.0542,-34.1643],[138.1146,-34.2527],[138.2705,-34.5789],[138.5676,-34.9277],[138.5346,-35.2973]]]},"properties":{"NAME":"Kaurna Pangkarra","SUBJECTO":"Kaurna Pangkarra","PARTOF":"Kaurna Pangkarra","BORDERPRECISION":3,"LINK":null}},
{"type":"Feature","geometry":{"type":"Polygon","coordinates":[[[124.8816,-18.4796],[124.8146,-18.5802],[124.8596,-18.589],[124.8596,-18.6101],[124.8596,-18.6983],[124.8047,-18.7815],[124.7992,-18.9582],[125.1123,-19.8752],[125.0024,-20.1488],[124.9554,-20.1961],[125.1123,-20.1797],[126.0791,-20.2828],[126.3445,-20.3414],[126.3647,-20.2828],[126.8042,-19.1971],[126.8256,-19.1823],[126.8289,-19.1569],[126.8262,-19.1555],[126.6943,-19.0829],[126.4417,-19.1036],[126.3098,-19.0206],[126.3039,-18.9482],[126.2868,-18.9438],[126.2219,-18.9271],[126.0571,-18.9271],[125.8759,-18.8543],[125.5463,-18.4275],[125.4989,-18.4222],[125.4853,-18.4207],[125.4529,-18.4171],[125.3101,-18.4848],[124.8816,-18.4796]]]},"properties":{"NAME":"Walmatjarri","SUBJECTO":"Walmatjarri","PARTOF":"Walmatjarri","BORDERPRECISION":3,"LINK":null}},
{"type":"Feature","geometry":{"type":"Polygon","coordinates":[[[151.7921,-25.1637],[151.7816,-25.1204],[151.7157,-25.0259],[151.567,-25.0211],[151.5619,-25.0209],[151.3477,-25.0955],[151.0675,-25.3986],[150.9467,-25.5424],[150.8807,-25.6514],[150.873,-25.6608],[150.8826,-25.6682],[151.0291,-25.7801],[151.9739,-26.8339],[152.1606,-27.1129],[152.1801,-27.149],[152.2181,-27.2195],[152.2375,-27.2204],[152.3694,-27.196],[152.5067,-27.2058],[152.6276,-27.323],[152.7144,-27.3307],[152.7374,-27.3327],[152.7979,-27.2986],[152.8047,-27.281],[152.8297,-27.2171],[152.8418,-27.1862],[152.9297,-27.0591],[152.9192,-27.043],[152.8528,-26.9417],[152.0673,-26.2294],[151.9299,-25.8889],[151.8805,-25.5276],[151.7921,-25.1637]]]},"properties":{"NAME":"Waka Waka","SUBJECTO":"Waka Waka","PARTOF":"Waka Waka","BORDERPRECISION":3,"LINK":null}},
{"type":"Feature","geometry":{"type":"Polygon","coordinates":[[[141.7059,-15.2091],[141.7085,-15.2177],[141.725,-15.2186],[141.7287,-15.2122],[141.7289,-15.2122],[141.7291,-15.2115],[141.7456,-15.1358],[141.8335,-14.9448],[141.8979,-14.9298],[141.9066,-14.9182],[141.8994,-14.9182],[141.9763,-14.7961],[142.0093,-14.6421],[141.999,-14.4984],[141.9983,-14.4985],[141.5241,-14.4932],[141.4939,-14.5745],[141.5479,-14.8598],[141.6524,-15.0361],[141.7059,-15.2091]]]},"properties":{"NAME":"Thaayorre","SUBJECTO":"Thaayorre","PARTOF":"Thaayorre","BORDERPRECISION":3,"LINK":null}},
{"type":"Feature","geometry":{"type":"Polygon","coordinates":[[[119.9166,-32.1804],[118.8691,-31.5303],[118.4977,-31.217],[118.2652,-30.9072],[118.2157,-30.862],[118.1864,-30.9013],[117.9163,-31.2645],[117.724,-31.527],[117.5262,-31.9568],[117.5372,-32.2128],[117.6038,-32.3815],[117.6121,-32.4024],[117.6691,-32.5468],[117.7428,-32.6329],[118.0371,-32.9764],[118.1085,-33.0562],[118.1525,-33.1053],[118.4122,-33.129],[118.4914,-33.1362],[118.4766,-33.1099],[119.1687,-33.1376],[119.6082,-33.1376],[119.9484,-33.153],[120.0349,-33.148],[120.1931,-33.0856],[120.3278,-32.9534],[120.3937,-32.7734],[120.395,-32.7612],[120.3121,-32.6534],[120.2303,-32.5538],[120.0657,-32.3407],[119.9888,-32.2294],[119.9166,-32.1804]]]},"properties":{"NAME":"Nyaki-nyaki","SUBJECTO":"Nyaki-nyaki","PARTOF":"Nyaki-nyaki","BORDERPRECISION":3,"LINK":null}},
{"type":"Feature","geometry":{"type":"Polygon","coordinates":[[[145.5938,-36.2022],[145.6018,-36.1867],[145.6336,-36.1481],[145.6677,-36.1068],[145.7556,-36.0802],[145.7877,-36.0932],[145.7892,-36.0908],[145.7666,-36.0491],[145.7666,-35.9958],[145.7983,-35.9878],[145.5469,-35.9246],[145.1953,-35.7287],[145.1349,-35.3022],[145.1129,-35.3218],[144.668,-35.5814],[144.5746,-35.7421],[144.5554,-35.9246],[144.8685,-36.0802],[144.8569,-36.1118],[144.8465,-36.1401],[144.8458,-36.1422],[145.0003,-36.1867],[145.5002,-36.2133],[145.5938,-36.2022]]]},"properties":{"NAME":"Yorta Yorta","SUBJECTO":"Yorta Yorta","PARTOF":"Yorta Yorta","BORDERPRECISION":3,"LINK":null}},
{"type":"Feature","geometry":{"type":"Polygon","coordinates":[[[149.5898,-35.3801],[149.5135,-35.3739],[149.4879,-35.3718],[149.4415,-35.368],[149.2603,-35.3532],[148.8428,-35.2366],[148.5654,-35.1827],[148.3813,-35.1469],[148.1396,-35.1469],[148.1396,-35.2053],[148.1396,-35.3353],[148.0957,-35.6394],[148.0052,-36.0062],[147.9858,-36.0846],[147.8101,-36.0846],[147.8101,-36.2797],[147.8101,-36.7389],[147.843,-36.9674],[147.9968,-37.099],[148.0368,-37.1787],[148.0751,-37.2549],[148.0847,-37.2741],[148.2495,-37.3789],[148.2555,-37.3794],[148.3594,-37.3876],[148.3862,-37.3676],[148.5352,-37.2566],[149.0295,-37.0815],[149.3372,-37.0727],[149.5006,-37.0379],[149.502,-37.0376],[149.502,-36.9818],[149.502,-36.7037],[149.491,-36.3151],[149.491,-35.8356],[149.5898,-35.3801]]]},"properties":{"NAME":"Ngarigo","SUBJECTO":"Ngarigo","PARTOF":"Ngarigo","BORDERPRECISION":3,"LINK":null}},
{"type":"Feature","geometry":{"type":"Polygon","coordinates":[[[145.954,-28.0629],[145.9094,-28.2463],[145.7666,-28.5845],[145.5654,-28.9188],[145.5579,-28.9312],[145.6057,-28.9731],[145.6249,-28.9899],[145.6567,-29.0177],[145.6708,-29.0588],[145.7093,-29.1709],[145.7556,-29.3056],[145.7542,-29.3308],[145.7336,-29.7071],[145.7945,-29.6735],[145.796,-29.6727],[145.8545,-29.6403],[146.6565,-29.7358],[146.7773,-29.8311],[146.8372,-29.8586],[146.8432,-29.8471],[146.9998,-29.5472],[147.2827,-29.3367],[147.4393,-29.1282],[147.4393,-29.0421],[147.3953,-29.0426],[147.2633,-29.0035],[146.1951,-28.3431],[146.0028,-28.1107],[145.96,-28.0381],[145.954,-28.0629]]]},"properties":{"NAME":"Muruwari","SUBJECTO":"Muruwari","PARTOF":"Muruwari","BORDERPRECISION":3,"LINK":null}},
{"type":"Feature","geometry":{"type":"Polygon","coordinates":[[[116.8211,-20.7845],[116.8117,-20.7847],[116.8116,-20.7847],[116.7792,-20.828],[116.922,-20.8999],[116.9879,-20.9768],[117.0704,-21.0253],[117.0937,-21.039],[117.1802,-21.0332],[117.4219,-21.0999],[117.9053,-21.274],[117.9621,-21.3172],[117.975,-21.3136],[117.9163,-21.1562],[117.7954,-20.6893],[117.7939,-20.6384],[117.8143,-20.6189],[117.0881,-20.7785],[116.8211,-20.7845]]]},"properties":{"NAME":"Ngarluma","SUBJECTO":"Ngarluma","PARTOF":"Ngarluma","BORDERPRECISION":3,"LINK":null}},
{"type":"Feature","geometry":{"type":"Polygon","coordinates":[[[142.9102,-19.4562],[142.903,-19.4646],[142.9159,-19.4732],[142.9761,-19.5132],[142.4817,-20.123],[142.6025,-20.2467],[142.9267,-20.5843],[143.0882,-20.5386],[143.0969,-20.4682],[143.6682,-20.4888],[144.1033,-20.4503],[144.1187,-20.4167],[144.1187,-20.2416],[144.1516,-19.9527],[144.1621,-19.6479],[144.0567,-19.6129],[144.0088,-19.6322],[143.9861,-19.6051],[143.9698,-19.5855],[143.9539,-19.5805],[142.9102,-19.4562]]]},"properties":{"NAME":"Mbara","SUBJECTO":"Mbara","PARTOF":"Mbara","BORDERPRECISION":3,"LINK":null}},
{"type":"Feature","geometry":{"type":"Polygon","coordinates":[[[151.3916,-29.8105],[151.3892,-29.8129],[151.3916,-29.8162],[151.3916,-29.893],[151.5894,-30.1024],[151.8475,-30.3112],[152.0943,-30.4665],[152.1112,-30.4771],[152.1318,-30.4819],[152.3969,-30.5433],[152.7429,-30.6237],[152.9508,-30.6656],[152.965,-30.6231],[153.2027,-29.9101],[153.3286,-29.3144],[152.8732,-29.604],[152.0672,-29.5109],[152.064,-29.4835],[152.0704,-29.4567],[151.853,-29.4539],[151.7883,-29.4471],[151.7542,-29.5065],[151.5125,-29.6881],[151.3916,-29.8105]]]},"properties":{"NAME":"Gumbainggir","SUBJECTO":"Gumbainggir","PARTOF":"Gumbainggir","BORDERPRECISION":3,"LINK":null}},
{"type":"Feature","geometry":{"type":"Polygon","coordinates":[[[142.6154,-13.0741],[142.8578,-13.0741],[142.9431,-13.0099],[142.9737,-12.9936],[142.9795,-12.9904],[142.9843,-12.9778],[142.9678,-12.6779],[142.939,-12.6216],[142.9235,-12.6216],[142.858,-12.6216],[142.6382,-12.4961],[142.6382,-12.6511],[142.6108,-13.0153],[142.6001,-13.0518],[142.6154,-13.0741]]]},"properties":{"NAME":"Yinwum","SUBJECTO":"Yinwum","PARTOF":"Yinwum","BORDERPRECISION":3,"LINK":null}},
{"type":"Feature","geometry":{"type":"Polygon","coordinates":[[[130.1904,-14.0271],[130.1786,-14.0373],[130.1591,-14.054],[130.0768,-14.082],[130.0459,-14.0918],[130.1056,-14.1166],[130.1056,-14.1277],[130.21,-14.094],[130.2924,-14.0034],[130.3014,-13.9114],[130.2403,-13.8873],[130.225,-13.8975],[130.2264,-13.8981],[130.2278,-13.9327],[130.2162,-13.9777],[130.2125,-13.992],[130.2072,-14.0127],[130.1904,-14.0271]]]},"properties":{"NAME":"Marramaninjsji","SUBJECTO":"Marramaninjsji","PARTOF":"Marramaninjsji","BORDERPRECISION":3,"LINK":null}},
{"type":"Feature","geometry":{"type":"Polygon","coordinates":[[[148.6091,-21.6598],[148.5876,-21.6596],[148.3978,-21.6574],[147.9858,-21.6574],[147.8375,-21.6013],[147.7775,-21.5853],[147.7936,-21.7595],[147.7828,-21.8195],[147.7826,-21.8207],[147.7312,-21.8207],[147.7277,-21.8972],[147.7277,-22.0347],[147.7606,-22.2738],[147.7002,-22.4313],[147.7032,-22.4435],[147.7127,-22.4821],[147.7277,-22.543],[147.7771,-22.6495],[147.8705,-22.7458],[147.8994,-22.7287],[147.9034,-22.6799],[147.9189,-22.6728],[148.0792,-22.5988],[148.4967,-22.345],[148.5141,-22.3413],[148.5751,-22.3281],[148.5846,-22.1925],[148.5846,-21.7697],[148.6091,-21.6598]]]},"properties":{"NAME":"Barna","SUBJECTO":"Barna","PARTOF":"Barna","BORDERPRECISION":3,"LINK":null}},
{"type":"Feature","geometry":{"type":"Polygon","coordinates":[[[143.4059,-13.3442],[143.421,-13.3789],[143.421,-13.395],[143.4569,-13.395],[143.4537,-13.3434],[143.4375,-13.0806],[143.3784,-12.8428],[143.3606,-12.8654],[143.2205,-12.9269],[143.1572,-12.9555],[143.1903,-12.9831],[143.3441,-13.2025],[143.4059,-13.3442]]]},"properties":{"NAME":"Uutaalnganu","SUBJECTO":"Uutaalnganu","PARTOF":"Uutaalnganu","BORDERPRECISION":3,"LINK":null}},
{"type":"Feature","geometry":{"type":"Polygon","coordinates":[[[140.9985,-36.255],[140.9985,-36.3137],[140.9985,-36.5185],[140.9879,-36.7491],[140.9875,-36.7565],[140.9886,-36.7631],[141.0095,-36.8972],[141.4709,-36.8005],[141.9104,-36.8005],[142.4597,-36.3151],[142.7454,-36.3151],[142.9382,-36.3524],[142.9842,-36.3613],[143.02,-36.3682],[143.7012,-36.2266],[143.866,-36.1467],[143.9114,-36.1101],[143.9539,-36.0757],[143.9725,-36.038],[143.9978,-35.9869],[143.9539,-35.8623],[143.7781,-35.8356],[143.715,-35.81],[143.684,-35.7975],[143.5583,-35.7465],[143.4265,-35.559],[143.3606,-35.3622],[143.3541,-35.3435],[143.3418,-35.3084],[143.3167,-35.2366],[143.2397,-35.012],[143.0444,-34.8608],[143.042,-34.8589],[143.0246,-34.855],[142.9643,-34.8415],[142.9641,-34.8415],[142.8003,-34.8048],[142.4158,-34.7145],[141.7566,-34.588],[141.7028,-34.6088],[141.5698,-34.6603],[141.5259,-34.6965],[141.4542,-34.7554],[141.438,-34.7687],[141.4147,-34.8165],[141.394,-34.8589],[140.9985,-35.9602],[140.9985,-36.2531],[140.9985,-36.255]]]},"properties":{"NAME":"Wergaia","SUBJECTO":"Wergaia","PARTOF":"Wergaia","BORDERPRECISION":3,"LINK":null}},
{"type":"Feature","geometry":{"type":"Polygon","coordinates":[[[125.9385,-18.0475],[125.9567,-18.0394],[126.0571,-17.9265],[126.2219,-17.7278],[126.2744,-17.7182],[126.189,-17.5917],[126.0352,-17.4764],[125.8044,-17.4345],[125.7937,-17.4169],[125.7825,-17.4502],[125.6616,-17.5655],[125.4803,-17.6702],[125.3372,-17.6495],[125.3485,-17.6702],[125.3979,-17.7696],[125.4803,-17.9056],[125.6506,-18.0728],[125.6846,-18.0898],[125.744,-18.0466],[125.9253,-18.0466],[125.9385,-18.0475]]]},"properties":{"NAME":"Punuba","SUBJECTO":"Punuba","PARTOF":"Punuba","BORDERPRECISION":3,"LINK":null}},
{"type":"Feature","geometry":{"type":"Polygon","coordinates":[[[132.2739,-19.2761],[132.3938,-19.3272],[132.4731,-19.3111],[132.9785,-19.2697],[133.4839,-19.1244],[133.7476,-18.8543],[133.374,-18.4483],[133.4283,-18.261],[133.4189,-18.2508],[133.3411,-18.1667],[133.352,-17.7487],[133.2793,-17.7444],[133.0194,-17.7292],[132.8796,-17.7435],[132.7533,-17.7435],[132.4731,-17.7696],[131.5503,-17.9787],[131.5094,-17.9698],[131.5056,-17.9715],[131.4899,-17.9787],[131.1053,-18.0623],[130.9736,-18.1232],[131.0289,-18.1616],[131.2317,-18.3024],[131.5942,-18.5629],[131.748,-18.7295],[132.0557,-18.9479],[132.1985,-19.1555],[132.2739,-19.2761]]]},"properties":{"NAME":"Warlmanpa","SUBJECTO":"Warlmanpa","PARTOF":"Warlmanpa","BORDERPRECISION":3,"LINK":null}},
{"type":"Feature","geometry":{"type":"Polygon","coordinates":[[[148.3605,-26.5164],[148.3587,-26.5061],[148.3985,-26.1177],[148.3804,-26.0934],[148.372,-26.082],[148.332,-26.0692],[148.3327,-26.1047],[148.3332,-26.1372],[148.3699,-26.2099],[148.3115,-26.3312],[148.2194,-26.5227],[148.1808,-26.5606],[148.1364,-26.7433],[148.0998,-26.7605],[146.9335,-26.7766],[146.8519,-26.8202],[146.6266,-26.9001],[146.5046,-26.9593],[146.4301,-27.0081],[146.3821,-27.1465],[146.3768,-27.162],[146.4327,-27.2478],[146.6182,-27.2682],[146.8062,-27.1529],[146.8643,-27.1379],[146.946,-27.1167],[146.9715,-27.1408],[146.9831,-27.1762],[147.0014,-27.2317],[147.0861,-27.5996],[147.2818,-27.4354],[147.43,-27.6449],[147.5349,-27.6955],[147.5371,-27.6956],[147.6781,-27.7005],[147.911,-27.7104],[148.0176,-27.7104],[148.1411,-27.7204],[148.4038,-27.8701],[148.5416,-27.8105],[148.5405,-27.8098],[148.4974,-27.7819],[148.4769,-27.743],[148.4901,-27.6989],[148.489,-27.6951],[148.471,-27.634],[148.4448,-27.6148],[148.4373,-27.6093],[148.4168,-27.5925],[148.5489,-27.4782],[148.5493,-27.4727],[148.5525,-27.4264],[148.3833,-26.7518],[148.375,-26.6007],[148.3605,-26.5164]]]},"properties":{"NAME":"Gunggari","SUBJECTO":"Gunggari","PARTOF":"Gunggari","BORDERPRECISION":3,"LINK":null}},
{"type":"Feature","geometry":{"type":"Polygon","coordinates":[[[151.6659,-31.0395],[151.8146,-30.9211],[151.9958,-30.756],[152.1112,-30.567],[152.1318,-30.4819],[152.1112,-30.4771],[152.0943,-30.4665],[151.8475,-30.3112],[151.5894,-30.1024],[151.3916,-29.893],[151.3916,-29.8162],[151.3892,-29.8129],[151.3806,-29.8216],[151.3257,-29.874],[151.1444,-29.8883],[151.084,-29.8788],[150.9961,-29.8406],[150.9961,-29.8883],[150.9631,-30.3444],[150.9741,-30.6474],[151.062,-30.8079],[151.2158,-30.9776],[151.3147,-31.1094],[151.4246,-31.0529],[151.6138,-31.0607],[151.6608,-31.0435],[151.6659,-31.0395]]]},"properties":{"NAME":"Nganyaywana","SUBJECTO":"Nganyaywana","PARTOF":"Nganyaywana","BORDERPRECISION":3,"LINK":null}},
{"type":"Feature","geometry":{"type":"Polygon","coordinates":[[[125.7916,-17.4135],[125.7937,-17.4169],[125.8044,-17.4345],[126.0352,-17.4764],[126.189,-17.5917],[126.2744,-17.7182],[126.309,-17.712],[126.4526,-17.6859],[126.958,-17.4974],[127.4963,-17.2038],[127.3206,-16.6678],[127.4084,-16.0775],[127.4583,-16.0406],[127.4642,-16.0036],[127.2986,-16.0036],[127.0789,-16.0036],[126.958,-16.088],[126.8591,-16.5625],[126.5295,-16.8992],[125.9363,-16.8361],[125.8594,-16.9307],[125.7715,-17.0043],[125.6849,-17.0693],[125.6664,-17.0832],[125.6836,-17.2143],[125.7275,-17.3087],[125.7916,-17.4135]]]},"properties":{"NAME":"Worla","SUBJECTO":"Worla","PARTOF":"Worla","BORDERPRECISION":3,"LINK":null}},
{"type":"Feature","geometry":{"type":"Polygon","coordinates":[[[140.0867,-20.1797],[140.0761,-20.1451],[140.0647,-20.1075],[140.0222,-20.1135],[140.064,-20.1583],[140.0647,-20.1591],[140.0622,-20.1602],[139.979,-20.1966],[139.8999,-20.2313],[139.5483,-20.2416],[139.0649,-20.3961],[138.9034,-20.3608],[138.9052,-20.3652],[138.9111,-20.3652],[139.043,-20.6122],[139.077,-20.9148],[139.0898,-20.9685],[139.1418,-21.187],[139.1528,-21.5757],[139.2078,-21.5434],[139.2572,-21.5144],[139.2627,-21.5157],[139.6143,-21.5962],[140.0592,-21.7187],[140.2405,-21.8054],[140.3247,-21.7865],[140.3721,-21.7758],[140.4218,-21.7646],[140.7294,-21.7391],[140.7657,-21.7193],[140.7391,-21.6636],[140.658,-21.494],[140.5151,-21.2075],[140.3776,-20.8816],[140.3723,-20.8691],[140.4004,-20.799],[140.3723,-20.7612],[140.202,-20.5094],[140.1361,-20.3498],[140.0885,-20.186],[140.0867,-20.1797]]]},"properties":{"NAME":"Kalkadoon","SUBJECTO":"Kalkadoon","PARTOF":"Kalkadoon","BORDERPRECISION":3,"LINK":null}},
{"type":"Feature","geometry":{"type":"Polygon","coordinates":[[[121.306,-27.5283],[121.2781,-27.401],[120.9265,-26.9074],[120.8496,-26.5934],[120.8386,-26.4657],[120.8262,-26.4308],[120.7947,-26.4214],[120.7816,-26.4138],[120.6079,-26.3131],[119.6411,-25.9975],[119.2346,-25.8098],[118.9128,-25.8098],[118.8831,-25.9926],[118.2294,-27.0396],[118.0391,-27.1647],[118.029,-27.1871],[118.0206,-27.2058],[118.6523,-28.0332],[118.7283,-28.1003],[118.7339,-28.0972],[118.8336,-28.0429],[119.3225,-27.2839],[119.6027,-27.2693],[120.8661,-27.5375],[120.976,-27.5326],[121.1792,-27.5326],[121.2884,-27.5289],[121.306,-27.5283]]]},"properties":{"NAME":"Tjupany","SUBJECTO":"Tjupany","PARTOF":"Tjupany","BORDERPRECISION":3,"LINK":null}},
{"type":"Feature","geometry":{"type":"Polygon","coordinates":[[[143.08,-20.6052],[143.0882,-20.5386],[142.9267,-20.5843],[142.8846,-20.5963],[142.6646,-20.6585],[142.6465,-20.6636],[142.6102,-20.6585],[142.2839,-20.6122],[141.8225,-20.5917],[141.3501,-20.0353],[141.3218,-20.0441],[141.2818,-20.0567],[141.1194,-20.1075],[140.7788,-20.2519],[140.5042,-20.5402],[140.4004,-20.799],[140.3723,-20.8691],[140.3776,-20.8816],[140.5151,-21.2075],[140.658,-21.494],[140.7391,-21.6636],[140.7657,-21.7193],[140.7898,-21.7697],[140.8557,-21.9634],[140.949,-21.9382],[141.0257,-21.9174],[141.1194,-21.8921],[141.3721,-21.7493],[141.6577,-21.7085],[142.5366,-21.8819],[142.9761,-21.7289],[143.2397,-21.6983],[143.3239,-21.6815],[143.3215,-21.619],[143.3167,-21.494],[143.1189,-21.0537],[143.064,-20.7356],[143.08,-20.6052]]]},"properties":{"NAME":"Wunumara","SUBJECTO":"Wunumara","PARTOF":"Wunumara","BORDERPRECISION":3,"LINK":null}},
{"type":"Feature","geometry":{"type":"Polygon","coordinates":[[[131.0407,-25.4659],[130.946,-25.7504],[130.8252,-25.9185],[130.7813,-26.0765],[130.8691,-26.7358],[130.7043,-27.3327],[130.7043,-27.464],[130.7043,-27.4829],[130.7813,-27.5375],[130.979,-27.7711],[131.2756,-28.0429],[131.7151,-28.2463],[132.1191,-28.4001],[132.1244,-28.4011],[132.605,-28.4011],[132.9236,-28.3431],[133.2487,-28.3154],[133.2642,-28.3141],[133.4639,-28.3922],[133.5059,-28.2076],[133.3411,-27.8002],[133.2422,-27.2546],[133.1104,-26.8927],[133.0664,-26.7162],[133.007,-26.4581],[132.9703,-26.4636],[132.9236,-26.4706],[132.627,-26.1949],[131.9348,-25.879],[131.2097,-25.5969],[131.0596,-25.525],[131.0339,-25.5127],[131.0407,-25.4659]]]},"properties":{"NAME":"Yankuntjatjara","SUBJECTO":"Yankuntjatjara","PARTOF":"Yankuntjatjara","BORDERPRECISION":3,"LINK":null}},
{"type":"Feature","geometry":{"type":"Polygon","coordinates":[[[129.8408,-28.3701],[129.8451,-28.2962],[129.8474,-28.256],[130.2209,-27.8488],[130.4407,-27.6446],[130.5843,-27.5294],[130.5835,-27.518],[130.5433,-27.5159],[130.21,-27.4985],[129.2871,-27.1276],[129.0784,-26.8241],[129.0234,-26.4017],[129.0234,-26.0963],[129.0234,-25.958],[129.0234,-25.898],[128.9246,-26.0074],[128.8546,-26.0055],[128.573,-25.9975],[128.2104,-25.9975],[127.6831,-26.4804],[127.3645,-26.5394],[127.3379,-26.5296],[127.4304,-26.5787],[127.3096,-26.5885],[127.0716,-26.5836],[127.0143,-26.6108],[127.1448,-26.8633],[127.2327,-27.2742],[127.3206,-27.7905],[127.2766,-28.1495],[127.3693,-28.52],[127.3755,-28.517],[127.4176,-28.5601],[127.4463,-28.5895],[127.5623,-28.5556],[127.9907,-28.4397],[129.1882,-28.3624],[129.5947,-28.3624],[129.8408,-28.3701]]]},"properties":{"NAME":"Nakako","SUBJECTO":"Nakako","PARTOF":"Nakako","BORDERPRECISION":3,"LINK":null}},
{"type":"Feature","geometry":{"type":"Polygon","coordinates":[[[147.8101,-36.0846],[147.4365,-36.0846],[147.2251,-36.1002],[147.2052,-36.1016],[147.2278,-36.129],[147.2717,-36.3594],[147.2923,-36.5331],[147.2937,-36.5714],[147.2937,-36.7741],[147.2278,-36.9499],[147.1908,-37.009],[147.2038,-37.0209],[147.2937,-37.1034],[147.5464,-37.4836],[147.7057,-37.4051],[147.8815,-37.2784],[148.0368,-37.1787],[147.9968,-37.099],[147.843,-36.9674],[147.8101,-36.7389],[147.8101,-36.2797],[147.8101,-36.0846]]]},"properties":{"NAME":"Jaitmatang","SUBJECTO":"Jaitmatang","PARTOF":"Jaitmatang","BORDERPRECISION":3,"LINK":null}},
{"type":"Feature","geometry":{"type":"Polygon","coordinates":[[[124.3678,-27.5186],[124.3872,-27.5083],[124.4224,-27.5239],[124.6069,-27.6057],[125.4639,-28.285],[126.6504,-28.8832],[126.936,-28.8254],[127.1338,-28.6327],[127.2815,-28.562],[127.3693,-28.52],[127.2766,-28.1495],[127.3206,-27.7905],[127.2327,-27.2742],[127.1448,-26.8633],[127.0143,-26.6108],[127.0129,-26.6082],[126.9489,-26.581],[126.8372,-26.5787],[126.3757,-26.4411],[125.2551,-25.9086],[124.7058,-26.4214],[124.53,-26.8535],[124.4861,-27.1569],[124.3933,-27.3968],[124.3652,-27.4693],[124.3571,-27.4645],[124.3678,-27.5186]]]},"properties":{"NAME":"Mandjindja","SUBJECTO":"Mandjindja","PARTOF":"Mandjindja","BORDERPRECISION":3,"LINK":null}},
{"type":"Feature","geometry":{"type":"Polygon","coordinates":[[[127.4463,-28.5895],[127.6392,-28.7869],[127.8589,-29.0562],[128.3423,-29.497],[128.4741,-29.7834],[128.4529,-30.1138],[128.4631,-30.1261],[130.155,-30.1166],[130.8691,-30.1831],[131.2537,-30.2116],[131.3529,-30.2217],[131.0229,-30.1166],[130.6604,-29.9454],[130.561,-29.8905],[130.5139,-29.8646],[130.2979,-29.7453],[129.9902,-29.4683],[129.8254,-28.6327],[129.8408,-28.3701],[129.5947,-28.3624],[129.1882,-28.3624],[127.9907,-28.4397],[127.5623,-28.5556],[127.4463,-28.5895]]]},"properties":{"NAME":"Ngalea","SUBJECTO":"Ngalea","PARTOF":"Ngalea","BORDERPRECISION":3,"LINK":null}},
{"type":"Feature","geometry":{"type":"Polygon","coordinates":[[[144.2509,-37.4309],[144.2834,-37.5794],[144.4043,-37.8835],[144.5251,-37.9529],[144.5691,-37.9456],[144.6141,-37.9381],[144.7339,-37.9182],[144.9866,-37.8575],[146.0522,-38.3589],[146.3069,-38.3838],[146.3214,-38.3201],[146.3214,-38.319],[146.3214,-38.2166],[146.3214,-38.1302],[146.4093,-37.9745],[146.3873,-37.8315],[146.1786,-37.5228],[146.1727,-37.4884],[146.1621,-37.4923],[145.8765,-37.4879],[144.9426,-37.1647],[144.5911,-37.1384],[144.4738,-37.1521],[144.4749,-37.1638],[144.4192,-37.215],[144.5525,-37.3423],[144.405,-37.4298],[144.3591,-37.4144],[144.3573,-37.4144],[144.3026,-37.413],[144.2509,-37.4309]]]},"properties":{"NAME":"Wurundjeri","SUBJECTO":"Wurundjeri","PARTOF":"Wurundjeri","BORDERPRECISION":3,"LINK":null}},
{"type":"Feature","geometry":{"type":"Polygon","coordinates":[[[117.8143,-20.6189],[117.7939,-20.6384],[117.7954,-20.6893],[117.9163,-21.1562],[117.975,-21.3136],[117.982,-21.3323],[118.114,-21.4326],[118.3942,-21.5502],[118.6159,-21.6265],[118.6417,-21.5996],[118.6359,-21.54],[118.8007,-20.9871],[118.8062,-20.6174],[118.6209,-20.3749],[118.6889,-20.3403],[117.9685,-20.4715],[117.8143,-20.6189]]]},"properties":{"NAME":"Kariyarra","SUBJECTO":"Kariyarra","PARTOF":"Kariyarra","BORDERPRECISION":3,"LINK":null}},
{"type":"Feature","geometry":{"type":"Polygon","coordinates":[[[144.2114,-38.4382],[144.1022,-38.4321],[144.0008,-38.3977],[143.8715,-38.4665],[143.7231,-38.5653],[143.6008,-38.5681],[143.5858,-38.5739],[143.5693,-38.5688],[143.5309,-38.5696],[143.464,-38.5394],[143.4426,-38.5346],[143.4485,-38.5739],[143.1519,-38.7541],[143.1483,-38.7472],[143.1079,-38.7712],[143.5199,-38.9124],[143.9429,-38.6855],[144.1681,-38.488],[144.2114,-38.4382]]]},"properties":{"NAME":"Gadubanud","SUBJECTO":"Gadubanud","PARTOF":"Gadubanud","BORDERPRECISION":3,"LINK":null}},
{"type":"Feature","geometry":{"type":"Polygon","coordinates":[[[144.5835,-36.5752],[144.8383,-36.5979],[145.3436,-36.567],[145.4205,-36.5052],[145.5469,-36.293],[145.5938,-36.2022],[145.5002,-36.2133],[145.0003,-36.1867],[144.8458,-36.1422],[144.8026,-36.2819],[144.7696,-36.3704],[144.6762,-36.4677],[144.6173,-36.5265],[144.6112,-36.5423],[144.5835,-36.5752]]]},"properties":{"NAME":"Ngurraiillam","SUBJECTO":"Ngurraiillam","PARTOF":"Ngurraiillam","BORDERPRECISION":3,"LINK":null}},
{"type":"Feature","geometry":{"type":"Polygon","coordinates":[[[122.5641,-16.8952],[123.0789,-16.979],[123.0227,-16.856],[122.949,-16.7617],[122.927,-16.7335],[122.7859,-16.7414],[122.7595,-16.7414],[122.7283,-16.7414],[122.6529,-16.7362],[122.5641,-16.8952]]]},"properties":{"NAME":"Nyul Nyul","SUBJECTO":"Nyul Nyul","PARTOF":"Nyul Nyul","BORDERPRECISION":3,"LINK":null}},
{"type":"Feature","geometry":{"type":"Polygon","coordinates":[[[146.0907,-36.4876],[145.8215,-36.1068],[145.7912,-36.0946],[145.7877,-36.0932],[145.7556,-36.0802],[145.6677,-36.1068],[145.6336,-36.1481],[145.6018,-36.1867],[145.5938,-36.2022],[145.5469,-36.293],[145.4205,-36.5052],[145.3436,-36.567],[144.8383,-36.5979],[144.5835,-36.5752],[144.5673,-36.5737],[144.5416,-36.5714],[144.4794,-36.5631],[144.3768,-36.5494],[144.278,-36.567],[144.2652,-36.5773],[144.1846,-36.642],[144.2505,-37.0069],[144.3164,-37.1253],[144.3369,-37.1416],[144.3658,-37.1647],[144.4738,-37.1521],[144.5911,-37.1384],[144.9426,-37.1647],[145.8765,-37.4879],[146.1621,-37.4923],[146.1727,-37.4884],[146.1644,-37.44],[146.1621,-37.4269],[146.9037,-37.0771],[146.9531,-37.0639],[146.9531,-37.0552],[146.9531,-37.0201],[146.5302,-36.9192],[146.0907,-36.4876]]]},"properties":{"NAME":"Taungurung","SUBJECTO":"Taungurung","PARTOF":"Taungurung","BORDERPRECISION":3,"LINK":null}},
{"type":"Feature","geometry":{"type":"Polygon","coordinates":[[[133.007,-26.4581],[133.0664,-26.7162],[133.1104,-26.8927],[133.2422,-27.2546],[133.3411,-27.8002],[133.5059,-28.2076],[133.4639,-28.3922],[133.5608,-28.4301],[133.6267,-28.5459],[134.1101,-28.6906],[134.3518,-28.8543],[134.5319,-28.9355],[134.6265,-28.8158],[134.7693,-28.4011],[135.011,-27.44],[135.2116,-27.1773],[135.0659,-27.02],[134.6924,-26.6867],[134.165,-26.254],[133.8715,-26.0783],[133.8135,-26.116],[133.3191,-26.3131],[133.1213,-26.4411],[133.007,-26.4581]]]},"properties":{"NAME":"Antakarinja","SUBJECTO":"Antakarinja","PARTOF":"Antakarinja","BORDERPRECISION":3,"LINK":null}},
{"type":"Feature","geometry":{"type":"Polygon","coordinates":[[[130.8886,-16.0863],[130.8661,-16.1029],[130.8691,-16.1039],[130.968,-16.3623],[130.9629,-16.3995],[130.9597,-16.4223],[131.0779,-16.4677],[131.2646,-16.552],[131.3635,-16.7151],[131.391,-16.6998],[131.5613,-16.6046],[131.6972,-16.4973],[131.7426,-16.4308],[131.7821,-16.4319],[131.9403,-16.3149],[132.0392,-16.2305],[132.1436,-16.0036],[132.1371,-15.9394],[132.0557,-15.8504],[131.9403,-15.7764],[131.5228,-15.8292],[131.4294,-15.8129],[131.402,-15.8081],[131.4012,-15.791],[131.369,-15.7923],[131.3306,-15.993],[131.0999,-15.9983],[130.9076,-16.0722],[130.8886,-16.0863]]]},"properties":{"NAME":"Karangpurru","SUBJECTO":"Karangpurru","PARTOF":"Karangpurru","BORDERPRECISION":3,"LINK":null}},
{"type":"Feature","geometry":{"type":"Polygon","coordinates":[[[116.2683,-21.3917],[115.6421,-22.1162],[115.3894,-22.3399],[115.3152,-22.4009],[115.31,-22.4051],[115.1917,-22.5024],[115.8069,-22.5734],[115.9391,-22.4701],[115.9497,-22.4618],[115.9999,-22.4525],[116.1694,-22.4212],[116.4221,-22.4313],[116.532,-22.4923],[116.6089,-22.5836],[116.7517,-22.6647],[116.8614,-22.7712],[116.8781,-22.7873],[116.9604,-22.8673],[116.9824,-22.8741],[116.9934,-22.8774],[117.2957,-22.8063],[117.4487,-22.7703],[117.4614,-22.7426],[117.4878,-22.685],[117.5427,-22.6089],[117.5977,-22.4466],[117.7075,-22.2738],[117.7679,-22.1213],[117.8229,-22.0859],[117.8229,-22.0704],[117.8067,-22.0564],[117.6746,-21.943],[117.4823,-21.8156],[117.2626,-21.734],[116.944,-21.4224],[116.8778,-21.4106],[116.8414,-21.4041],[116.6858,-21.3764],[116.5179,-21.3407],[116.4502,-21.3263],[116.3727,-21.3098],[116.2683,-21.3917]]]},"properties":{"NAME":"Kurrama","SUBJECTO":"Kurrama","PARTOF":"Kurrama","BORDERPRECISION":3,"LINK":null}},
{"type":"Feature","geometry":{"type":"Polygon","coordinates":[[[140.602,-25.4865],[140.5804,-25.5288],[140.4822,-25.7207],[140.4163,-25.9185],[140.5024,-25.9499],[140.5659,-25.973],[140.8228,-26.0667],[140.9436,-26.1456],[141.0925,-26.2601],[141.0645,-26.2244],[141.0887,-26.187],[141.2622,-25.9185],[141.3831,-25.5623],[142.0422,-24.8565],[142.24,-24.4271],[142.424,-24.2116],[142.3608,-24.1668],[142.207,-24.0766],[141.3721,-24.1267],[140.8337,-23.9863],[140.577,-23.9276],[140.5701,-24.0866],[140.5985,-24.3803],[140.603,-24.4271],[140.5206,-24.4453],[140.5261,-24.4971],[140.7349,-24.9661],[140.7019,-25.2447],[140.614,-25.4631],[140.602,-25.4865]]]},"properties":{"NAME":"Karuwali","SUBJECTO":"Karuwali","PARTOF":"Karuwali","BORDERPRECISION":3,"LINK":null}},
{"type":"Feature","geometry":{"type":"Polygon","coordinates":[[[141.7289,-15.2122],[141.7025,-15.3332],[141.7017,-15.3372],[141.7014,-15.3426],[141.6907,-15.5384],[141.6592,-15.8715],[141.6577,-15.8874],[141.6577,-15.9244],[141.6577,-16.1514],[141.7566,-16.4888],[141.7676,-16.6993],[141.7789,-16.8132],[141.7888,-16.913],[141.7896,-16.9202],[142.8552,-17.3821],[142.937,-17.252],[142.9456,-17.2383],[142.9706,-17.1985],[143.3661,-16.8624],[143.454,-16.7309],[143.4974,-16.6867],[143.5419,-16.6415],[143.5083,-16.6093],[143.4924,-16.5941],[143.3057,-16.5098],[142.7344,-16.299],[143.2178,-16.0036],[143.5583,-16.0036],[143.5803,-16.0106],[143.6572,-16.0353],[143.6583,-16.028],[143.7012,-15.7394],[143.7012,-15.2206],[143.7012,-14.9872],[143.7012,-14.9671],[143.7012,-14.9448],[143.4924,-14.8386],[143.4045,-14.8284],[143.3979,-14.8276],[143.2178,-14.8067],[142.5366,-14.8174],[142.1521,-14.8705],[141.9473,-14.9182],[141.8979,-14.9298],[141.8335,-14.9448],[141.7456,-15.1358],[141.7291,-15.2115],[141.7289,-15.2122]]]},"properties":{"NAME":"Kunjen","SUBJECTO":"Kunjen","PARTOF":"Kunjen","BORDERPRECISION":3,"LINK":null}},
{"type":"Feature","geometry":{"type":"Polygon","coordinates":[[[148.5751,-22.3281],[148.5141,-22.3413],[148.4967,-22.345],[148.0792,-22.5988],[147.9189,-22.6728],[147.9034,-22.6799],[147.8994,-22.7287],[147.8979,-22.7458],[147.9977,-22.87],[148.0133,-22.8521],[148.0529,-22.8734],[148.0792,-22.8876],[148.2111,-23.0444],[148.5297,-23.4834],[148.5429,-23.5216],[148.6121,-23.4481],[148.9636,-23.312],[149.2082,-23.2071],[149.1888,-23.1808],[148.7988,-22.4516],[148.8487,-22.3923],[148.8739,-22.3624],[148.8538,-22.3298],[148.6615,-22.3094],[148.5751,-22.3281]]]},"properties":{"NAME":"Gabalbara","SUBJECTO":"Gabalbara","PARTOF":"Gabalbara","BORDERPRECISION":3,"LINK":null}},
{"type":"Feature","geometry":{"type":"Polygon","coordinates":[[[137.9981,-33.4583],[137.9806,-33.4594],[137.9125,-33.5168],[137.8637,-33.8795],[137.5119,-34.4591],[137.5023,-35.0253],[136.9855,-35.3956],[137.6697,-35.2546],[137.8829,-34.6874],[138.0542,-34.1891],[138.0542,-34.1643],[138.0432,-34.1482],[137.9938,-33.7928],[137.9981,-33.4583]]]},"properties":{"NAME":"Narangga","SUBJECTO":"Narangga","PARTOF":"Narangga","BORDERPRECISION":3,"LINK":null}},
{"type":"Feature","geometry":{"type":"Polygon","coordinates":[[[121.6939,-27.8563],[121.9373,-27.6933],[122.1021,-27.557],[122.4976,-27.2937],[122.8162,-26.775],[122.956,-26.5606],[122.8931,-26.4902],[122.7832,-26.1554],[122.778,-26.0299],[122.6239,-26.0074],[122.4976,-26.0074],[121.9373,-26.0963],[121.0254,-26.4902],[120.8262,-26.4308],[120.8386,-26.4657],[120.8496,-26.5934],[120.9265,-26.9074],[121.2781,-27.401],[121.306,-27.5283],[121.322,-27.5278],[121.4923,-27.6495],[121.6132,-27.7905],[121.6939,-27.8563]]]},"properties":{"NAME":"Nana","SUBJECTO":"Nana","PARTOF":"Nana","BORDERPRECISION":3,"LINK":null}},
{"type":"Feature","geometry":{"type":"Polygon","coordinates":[[[152.2181,-27.2195],[152.2266,-27.2351],[152.4188,-27.6349],[152.4285,-27.7542],[152.5661,-27.7542],[152.6869,-27.7542],[152.741,-27.7477],[152.7541,-27.7306],[153.1203,-27.6252],[153.0916,-27.5783],[153.0256,-27.4705],[152.9756,-27.541],[152.8814,-27.4986],[152.8516,-27.4852],[152.7635,-27.4491],[152.7155,-27.4431],[152.7144,-27.3307],[152.6276,-27.323],[152.5067,-27.2058],[152.3694,-27.196],[152.2375,-27.2204],[152.2181,-27.2195]]]},"properties":{"NAME":"Yuggera","SUBJECTO":"Yuggera","PARTOF":"Yuggera","BORDERPRECISION":3,"LINK":null}},
{"type":"Feature","geometry":{"type":"MultiPolygon","coordinates":[[[[142.8905,-33.9439],[142.8967,-33.9656],[143.2068,-33.77],[143.2947,-33.7883],[143.4771,-33.6871],[143.5421,-33.6511],[143.5583,-33.6421],[144.1736,-33.0823],[144.2717,-32.9564],[144.2395,-32.9534],[144.2379,-32.9384],[144.2297,-32.8625],[144.2285,-32.8611],[144.2295,-32.8612],[144.2175,-32.7503],[144.2834,-32.3614],[144.4922,-31.7842],[144.707,-31.5598],[144.3823,-31.6253],[144.069,-31.614],[143.9099,-31.8589],[142.7563,-32.898],[142.6794,-33.2019],[142.7783,-33.5506],[142.8905,-33.9439]]],[[[142.8431,-33.9916],[142.7857,-33.9362],[142.7948,-34.0299],[142.828,-34.009],[142.848,-33.9963],[142.8431,-33.9916]]]]},"properties":{"NAME":"Barindji","SUBJECTO":"Barindji","PARTOF":"Barindji","BORDERPRECISION":3,"LINK":null}},
{"type":"Feature","geometry":{"type":"Polygon","coordinates":[[[134.1427,-12.0836],[134.0439,-12.0612],[134.0392,-12.2635],[134.0717,-12.2595],[134.1213,-12.2595],[134.1238,-12.242],[134.1444,-12.1763],[134.1705,-12.1186],[134.2277,-12.0956],[134.1427,-12.0836]]]},"properties":{"NAME":"Gunibidji","SUBJECTO":"Gunibidji","PARTOF":"Gunibidji","BORDERPRECISION":3,"LINK":null}},
{"type":"Feature","geometry":{"type":"Polygon","coordinates":[[[133.2043,-14.8718],[133.396,-14.9129],[133.7036,-14.9448],[133.6971,-15.0635],[133.7585,-15.0191],[133.8249,-14.9352],[133.8409,-14.9023],[133.8586,-14.8926],[133.9014,-14.8386],[133.9343,-14.7749],[134.0669,-14.7411],[134.0277,-14.7164],[133.5553,-14.3921],[133.4695,-14.309],[133.4619,-14.3229],[133.3795,-14.6846],[133.2043,-14.8718]]]},"properties":{"NAME":"Mangarayi","SUBJECTO":"Mangarayi","PARTOF":"Mangarayi","BORDERPRECISION":3,"LINK":null}},
{"type":"Feature","geometry":{"type":"Polygon","coordinates":[[[153.1642,-27.6967],[153.1521,-27.6771],[153.1289,-27.6939],[153.0927,-27.7199],[153.05,-27.7472],[152.9576,-27.7972],[152.7958,-27.8531],[152.6995,-27.9031],[152.6193,-27.9459],[152.5414,-27.9875],[151.9758,-27.9899],[151.7259,-28.1893],[151.6843,-28.2506],[151.6889,-28.3152],[151.6907,-28.3399],[151.9629,-28.758],[151.9629,-28.9168],[151.9817,-28.9575],[152.0213,-28.9847],[152.0376,-28.9959],[152.068,-29.0589],[152.0991,-29.3193],[152.0789,-29.421],[152.0704,-29.4567],[152.064,-29.4835],[152.0672,-29.5109],[152.8732,-29.604],[153.3286,-29.3144],[153.4935,-28.8409],[153.4778,-28.5038],[153.2965,-27.9127],[153.1642,-27.6967]]]},"properties":{"NAME":"Bundjalung","SUBJECTO":"Bundjalung","PARTOF":"Bundjalung","BORDERPRECISION":3,"LINK":null}},
{"type":"Feature","geometry":{"type":"Polygon","coordinates":[[[115.4334,-31.3912],[116.3892,-31.3912],[116.8231,-30.0952],[116.8286,-30.0548],[116.8269,-30.0517],[116.779,-30.0252],[116.764,-30.0004],[116.716,-29.9978],[116.6406,-30.0093],[116.6254,-30.0406],[116.5045,-30.1071],[116.153,-30.2211],[115.0159,-30.3681],[114.9697,-30.325],[114.9719,-30.3421],[115.1147,-30.7796],[115.4334,-31.3912]]]},"properties":{"NAME":"Yuat","SUBJECTO":"Yuat","PARTOF":"Yuat","BORDERPRECISION":3,"LINK":null}},
{"type":"Feature","geometry":{"type":"Polygon","coordinates":[[[149.4415,-35.368],[149.4415,-35.3331],[149.4848,-35.3082],[149.619,-35.2312],[149.4745,-35.1514],[149.3818,-35.0887],[149.1284,-34.9175],[149.0572,-34.876],[148.7878,-34.719],[148.5571,-34.5382],[148.4001,-34.3815],[148.2715,-34.4522],[148.1396,-34.6874],[148.1396,-34.976],[148.1396,-35.1469],[148.3813,-35.1469],[148.5654,-35.1827],[148.8428,-35.2366],[149.2603,-35.3532],[149.4415,-35.368]]]},"properties":{"NAME":"Ngunawal","SUBJECTO":"Ngunawal","PARTOF":"Ngunawal","BORDERPRECISION":3,"LINK":null}},
{"type":"Feature","geometry":{"type":"Polygon","coordinates":[[[140.4004,-20.799],[140.5042,-20.5402],[140.7788,-20.2519],[141.1194,-20.1075],[141.2818,-20.0567],[141.2512,-19.9992],[141.1743,-19.7925],[141.1414,-19.596],[141.1225,-19.4],[141.1084,-19.4044],[141.1084,-19.3957],[140.8997,-19.4562],[140.2075,-20.1488],[140.0885,-20.186],[140.1361,-20.3498],[140.202,-20.5094],[140.3723,-20.7612],[140.4004,-20.799]]]},"properties":{"NAME":"Mayi-Thakurti","SUBJECTO":"Mayi-Thakurti","PARTOF":"Mayi-Thakurti","BORDERPRECISION":3,"LINK":null}},
{"type":"Feature","geometry":{"type":"Polygon","coordinates":[[[141.9266,-11.9957],[141.92,-12.0066],[141.9125,-12.0857],[141.9149,-12.1094],[141.9155,-12.1156],[141.9166,-12.1266],[141.9255,-12.1541],[141.9297,-12.1783],[141.9357,-12.1788],[141.9876,-12.183],[141.9873,-12.1763],[142.0862,-12.136],[142.162,-12.0866],[142.1466,-12.0608],[142.1466,-12.0259],[142.1496,-12.0025],[142.1164,-12.0004],[142.0175,-11.9937],[141.9695,-11.9923],[141.9387,-11.976],[141.9266,-11.9957]]]},"properties":{"NAME":"Teppathiggi","SUBJECTO":"Teppathiggi","PARTOF":"Teppathiggi","BORDERPRECISION":3,"LINK":null}},
{"type":"Feature","geometry":{"type":"Polygon","coordinates":[[[135.4342,-15.8368],[135.4175,-16.0458],[135.3977,-16.3301],[135.4595,-16.3662],[135.6702,-16.4572],[136.0327,-16.773],[136.0327,-16.8127],[136.0327,-16.8571],[136.5271,-17.1408],[136.582,-17.1618],[136.5827,-17.1561],[136.5601,-17.1355],[136.5601,-17.0593],[136.5601,-16.9675],[136.5436,-16.7835],[136.5491,-16.3518],[136.6063,-16.102],[136.6095,-16.088],[136.6378,-16.0913],[136.6479,-16.0458],[136.1426,-15.6336],[135.9119,-15.5066],[135.8108,-15.5238],[135.7875,-15.5278],[135.7251,-15.5384],[135.6702,-15.6971],[135.4944,-15.7605],[135.4393,-15.7681],[135.4395,-15.7711],[135.4342,-15.8368]]]},"properties":{"NAME":"Binbinga","SUBJECTO":"Binbinga","PARTOF":"Binbinga","BORDERPRECISION":3,"LINK":null}},
{"type":"Feature","geometry":{"type":"Polygon","coordinates":[[[136.6985,-18.0686],[136.7306,-18.0698],[136.7139,-17.8951],[136.7249,-17.6126],[136.7446,-17.2634],[136.6754,-17.2405],[136.5827,-17.1561],[136.582,-17.1618],[136.5271,-17.1408],[136.0327,-16.8571],[136.0327,-16.9517],[135.9668,-17.1618],[135.6152,-17.5393],[135.5828,-17.5607],[135.6974,-17.6699],[135.802,-17.6859],[136.3623,-17.9578],[136.637,-18.0519],[136.6985,-18.0686]]]},"properties":{"NAME":"Gunindiri","SUBJECTO":"Gunindiri","PARTOF":"Gunindiri","BORDERPRECISION":3,"LINK":null}},
{"type":"Feature","geometry":{"type":"MultiPolygon","coordinates":[[[[145.5191,-20.5183],[145.2832,-20.4476],[144.8987,-20.4064],[144.307,-20.4664],[144.0857,-20.4888],[144.1033,-20.4503],[143.6682,-20.4888],[143.0969,-20.4682],[143.0882,-20.5386],[143.08,-20.6052],[143.064,-20.7356],[143.1189,-21.0537],[143.3167,-21.494],[143.3215,-21.619],[143.3239,-21.6815],[143.3276,-21.7799],[143.3276,-22.0856],[143.2189,-22.3968],[143.3644,-22.1948],[143.41,-22.1314],[143.8385,-22.0093],[144.8932,-21.9685],[145.2997,-22.1314],[145.7501,-22.3348],[145.8398,-22.3704],[145.8845,-22.3881],[145.8875,-22.3704],[145.8655,-22.1569],[145.6128,-21.7595],[145.5963,-21.7059],[145.5909,-21.6883],[145.5469,-21.5451],[145.47,-21.2791],[145.6128,-20.5608],[145.5875,-20.516],[145.5579,-20.5299],[145.5191,-20.5183]]],[[[143.2073,-22.4311],[143.2079,-22.4281],[143.2068,-22.4313],[143.2073,-22.4311]]]]},"properties":{"NAME":"Yirandali","SUBJECTO":"Yirandali","PARTOF":"Yirandali","BORDERPRECISION":3,"LINK":null}},
{"type":"Feature","geometry":{"type":"Polygon","coordinates":[[[145.3962,-18.1217],[145.4041,-18.1459],[145.5249,-18.3545],[145.684,-18.4753],[145.6859,-18.4466],[145.6811,-18.4293],[146.1062,-18.5487],[145.9963,-17.9562],[145.9844,-18.0058],[145.5579,-18.1432],[145.437,-18.1354],[145.3981,-18.1185],[145.3962,-18.1217]]]},"properties":{"NAME":"Wargamaygan","SUBJECTO":"Wargamaygan","PARTOF":"Wargamaygan","BORDERPRECISION":3,"LINK":null}},
{"type":"Feature","geometry":{"type":"Polygon","coordinates":[[[142.3755,-31.4099],[142.3673,-31.3889],[142.3389,-31.3161],[142.3389,-31.2128],[142.4927,-30.9964],[142.7783,-30.9211],[143.2642,-30.8667],[143.2638,-30.8489],[143.2617,-30.7607],[143.2617,-30.4297],[143.2947,-29.9454],[143.3484,-29.79],[143.364,-29.7448],[143.064,-29.7167],[142.3828,-29.6308],[142.1741,-29.6308],[142.1382,-29.6308],[142.0642,-29.6308],[142.0642,-29.6499],[142.1386,-29.6499],[142.1411,-29.6499],[142.1411,-29.7321],[142.1411,-29.7596],[142.1411,-29.8978],[141.9873,-30.278],[141.7236,-30.6757],[141.1523,-31.2785],[141.0889,-31.3192],[141.0416,-31.3495],[141.1194,-31.4005],[141.8005,-31.4287],[142.326,-31.4287],[142.3279,-31.4193],[142.3761,-31.4114],[142.3755,-31.4099]]]},"properties":{"NAME":"Bandjigali","SUBJECTO":"Bandjigali","PARTOF":"Bandjigali","BORDERPRECISION":3,"LINK":null}},
{"type":"Feature","geometry":{"type":"Polygon","coordinates":[[[148.7549,-24.257],[149.0231,-24.3792],[149.0515,-24.3921],[149.0735,-24.4021],[149.2712,-23.8356],[149.6777,-24.2119],[149.837,-24.9363],[149.9414,-24.9288],[149.9427,-24.9287],[149.9915,-24.9253],[150.0023,-24.9245],[150.1172,-24.9163],[150.5786,-24.7967],[150.614,-24.7887],[150.6458,-24.7815],[150.7104,-24.7668],[150.8203,-24.637],[150.8368,-24.3321],[150.7764,-24.2219],[150.7545,-24.1621],[150.7475,-24.1429],[150.7379,-24.1167],[150.6006,-23.7502],[150.5681,-23.7029],[150.5448,-23.669],[150.5072,-23.6143],[150.3398,-23.5685],[150.3233,-23.564],[150.0842,-23.4985],[149.7052,-23.5489],[149.4415,-23.3927],[149.2932,-23.1707],[149.2752,-23.1784],[149.2082,-23.2071],[148.9636,-23.312],[148.6121,-23.4481],[148.5429,-23.5216],[148.513,-23.5533],[148.5077,-23.559],[148.6011,-24.1066],[148.6861,-24.1898],[148.7257,-24.2285],[148.7549,-24.257]]]},"properties":{"NAME":"Gangulu","SUBJECTO":"Gangulu","PARTOF":"Gangulu","BORDERPRECISION":3,"LINK":null}},
{"type":"Feature","geometry":{"type":"Polygon","coordinates":[[[115.7473,-32.2076],[115.7575,-32.4938],[116.5979,-32.1477],[116.7078,-31.6581],[115.5075,-31.4357],[115.7473,-32.2076]]]},"properties":{"NAME":"Wajuk","SUBJECTO":"Wajuk","PARTOF":"Wajuk","BORDERPRECISION":3,"LINK":null}},
{"type":"Feature","geometry":{"type":"Polygon","coordinates":[[[140.8008,-17.7278],[140.8017,-17.7451],[140.8118,-17.9265],[140.8228,-18.1667],[140.8271,-18.1749],[140.8633,-18.2437],[140.8997,-18.3128],[140.9985,-18.6254],[141.1084,-19.2282],[141.1084,-19.3552],[141.1084,-19.3957],[141.1084,-19.4044],[141.1225,-19.4],[141.14,-19.3945],[141.4709,-19.2904],[141.7786,-19.2697],[142.8223,-19.508],[142.8462,-19.4485],[142.8531,-19.4313],[142.9431,-19.2074],[142.9541,-18.9479],[142.9357,-18.8086],[142.9321,-18.7815],[142.8892,-18.7734],[142.7124,-18.7399],[142.3389,-18.6567],[141.3831,-18.1563],[141.3062,-17.9474],[141.3062,-17.6336],[141.2616,-17.5304],[141.2556,-17.5166],[141.2292,-17.4555],[141.1731,-17.4867],[141.1618,-17.493],[140.9656,-17.6021],[140.8386,-17.699],[140.8008,-17.7278]]]},"properties":{"NAME":"Mayi-Kulan","SUBJECTO":"Mayi-Kulan","PARTOF":"Mayi-Kulan","BORDERPRECISION":3,"LINK":null}},
{"type":"Feature","geometry":{"type":"Polygon","coordinates":[[[134.3966,-17.873],[134.4397,-17.8115],[134.4414,-17.8045],[134.4479,-17.7775],[134.5056,-17.5393],[134.5056,-17.2353],[134.4878,-17.2011],[134.485,-17.1958],[134.4507,-17.2143],[134.3079,-16.9727],[134.0112,-16.7099],[133.8684,-16.5625],[133.6597,-16.3834],[133.5117,-16.2413],[133.4925,-16.2337],[133.429,-16.3939],[133.3927,-16.4221],[133.418,-16.5625],[133.4125,-16.9622],[133.5004,-17.3139],[133.3795,-17.644],[133.2866,-17.7003],[133.2793,-17.7444],[133.352,-17.7487],[133.3411,-18.1667],[133.4189,-18.2508],[133.4322,-18.2473],[133.4949,-18.031],[133.9879,-18.1455],[133.9887,-18.1453],[133.7915,-17.9787],[134.231,-17.9369],[134.3472,-17.9436],[134.3966,-17.873]]]},"properties":{"NAME":"Jingili","SUBJECTO":"Jingili","PARTOF":"Jingili","BORDERPRECISION":3,"LINK":null}},
{"type":"Feature","geometry":{"type":"Polygon","coordinates":[[[144.8036,-15.9138],[144.7735,-15.9266],[144.6295,-15.9877],[144.2725,-16.0986],[143.8715,-16.1197],[143.8713,-16.1244],[143.8704,-16.1441],[143.866,-16.2463],[143.8934,-16.3096],[143.8839,-16.4888],[143.8899,-16.4888],[143.9429,-16.4888],[144.3713,-17.1198],[144.5911,-17.3192],[144.725,-17.4094],[144.7601,-17.433],[144.8328,-17.4135],[145.2821,-17.3621],[145.3097,-17.3589],[145.3821,-17.3506],[145.3612,-17.3109],[145.3358,-17.2622],[145.3217,-17.2353],[145.2679,-17.1119],[145.267,-17.102],[145.2722,-16.9675],[145.3436,-16.6257],[145.3937,-16.5489],[145.2222,-15.6642],[145.1993,-15.3989],[145.0305,-15.7711],[144.8657,-15.8874],[144.8036,-15.9138]]]},"properties":{"NAME":"Kuku-yalanji","SUBJECTO":"Kuku-yalanji","PARTOF":"Kuku-yalanji","BORDERPRECISION":3,"LINK":null}},
{"type":"Feature","geometry":{"type":"Polygon","coordinates":[[[142.1756,-12.085],[142.2784,-12.1253],[142.5888,-12.3883],[142.6207,-12.4524],[142.6382,-12.4875],[142.6382,-12.4961],[142.858,-12.6216],[142.9235,-12.6216],[142.939,-12.6216],[142.9431,-12.6216],[142.8799,-12.3427],[142.8612,-12.3076],[142.8487,-12.2841],[142.8113,-12.2139],[142.7399,-12.0662],[142.7103,-12.0036],[142.7097,-12.0205],[142.6885,-12.0212],[142.63,-12.0232],[142.354,-12.0178],[142.2002,-12.0057],[142.1604,-12.0032],[142.1496,-12.0025],[142.1466,-12.0259],[142.1466,-12.0608],[142.162,-12.0866],[142.1686,-12.0823],[142.1756,-12.085]]]},"properties":{"NAME":"Mpalitjanh","SUBJECTO":"Mpalitjanh","PARTOF":"Mpalitjanh","BORDERPRECISION":3,"LINK":null}},
{"type":"Feature","geometry":{"type":"Polygon","coordinates":[[[116.4485,-21.293],[116.4441,-21.2075],[116.2513,-20.9236],[116.201,-20.9496],[116.1346,-20.984],[115.3492,-21.6023],[114.8002,-21.8832],[115.1257,-22.4009],[115.2905,-22.4009],[115.3036,-22.4009],[115.3152,-22.4009],[115.3894,-22.3399],[115.6421,-22.1162],[116.2683,-21.3917],[116.3727,-21.3098],[116.4502,-21.3263],[116.4485,-21.293]]]},"properties":{"NAME":"Nhuwala","SUBJECTO":"Nhuwala","PARTOF":"Nhuwala","BORDERPRECISION":3,"LINK":null}},
{"type":"Feature","geometry":{"type":"Polygon","coordinates":[[[149.9915,-24.9253],[149.9434,-24.9436],[149.9414,-24.9444],[149.8975,-24.9612],[149.1504,-25.1403],[149.037,-25.176],[149.0304,-25.1781],[149.027,-25.1792],[149.024,-25.1801],[149.024,-25.195],[149.024,-25.2944],[149.0186,-25.5424],[148.9746,-25.963],[148.9203,-26.089],[148.9087,-26.116],[149.4196,-26.1899],[149.4944,-26.1777],[149.5294,-26.1258],[149.848,-26.0963],[149.9744,-25.9926],[149.9804,-25.9134],[149.9819,-25.8944],[149.9854,-25.8493],[150.0006,-25.694],[150.0018,-25.6811],[150.0432,-25.6905],[150.0458,-25.6217],[150.0073,-25.3788],[150.0073,-24.9612],[150.0023,-24.9245],[149.9915,-24.9253]]]},"properties":{"NAME":"Yiman","SUBJECTO":"Yiman","PARTOF":"Yiman","BORDERPRECISION":3,"LINK":null}},
{"type":"Feature","geometry":{"type":"Polygon","coordinates":[[[126.3032,-18.9398],[126.3039,-18.9482],[126.3098,-19.0206],[126.4417,-19.1036],[126.6943,-19.0829],[126.8262,-19.1555],[126.8289,-19.1569],[126.8485,-19.1666],[127.0569,-19.2697],[127.7271,-19.4252],[127.7799,-19.4195],[127.7964,-19.4177],[127.9578,-19.3111],[128.7378,-19.2385],[128.7486,-19.2503],[128.7702,-19.2494],[128.8586,-19.1659],[129.1443,-18.9167],[129.0344,-18.0101],[129.151,-18.1684],[129.2651,-18.3232],[129.2761,-18.2189],[129.1992,-17.9265],[129.0536,-17.8341],[129.0564,-17.8533],[128.9959,-17.8204],[128.9795,-17.8115],[128.8806,-17.7801],[128.7817,-17.665],[128.4302,-17.5602],[128.3281,-17.5521],[128.2937,-17.5615],[128.2324,-17.7173],[128.0566,-17.9369],[127.5458,-18.2607],[127.0294,-18.4692],[126.8921,-18.4796],[126.8115,-18.4796],[126.7729,-18.5557],[126.7163,-18.6671],[126.2988,-18.8855],[126.3032,-18.9398]]]},"properties":{"NAME":"Jaru","SUBJECTO":"Jaru","PARTOF":"Jaru","BORDERPRECISION":3,"LINK":null}},
{"type":"Feature","geometry":{"type":"MultiPolygon","coordinates":[[[[130.1028,-14.1286],[130.1056,-14.1277],[130.1056,-14.1166],[130.0459,-14.0918],[130.0373,-14.0945],[129.9889,-14.1099],[129.9243,-14.1019],[129.8886,-14.0972],[129.8721,-14.1259],[129.8611,-14.267],[129.8996,-14.3682],[129.9271,-14.3602],[129.9765,-14.3815],[130.0202,-14.4132],[130.0122,-14.3868],[129.9902,-14.3442],[130.0122,-14.2804],[130.0946,-14.1312],[130.1028,-14.1286]]],[[[129.9973,-14.4343],[130.0318,-14.4367],[130.0259,-14.432],[130.0203,-14.4135],[129.9973,-14.4343]]]]},"properties":{"NAME":"Ngan’gikurunggurr","SUBJECTO":"Ngan’gikurunggurr","PARTOF":"Ngan’gikurunggurr","BORDERPRECISION":3,"LINK":null}},
{"type":"Feature","geometry":{"type":"Polygon","coordinates":[[[143.4771,-33.6871],[143.4705,-33.6969],[144.0857,-34.1118],[144.1689,-34.1444],[144.1777,-34.1479],[144.2944,-34.1936],[144.5636,-34.1527],[144.613,-34.1027],[144.6549,-34.0726],[144.6584,-34.024],[144.668,-33.8887],[145.0635,-33.5597],[144.5142,-33.1927],[144.3139,-32.9603],[144.2717,-32.9564],[144.1736,-33.0823],[143.5583,-33.6421],[143.5421,-33.6511],[143.4771,-33.6871]]]},"properties":{"NAME":"Yitha Yitha","SUBJECTO":"Yitha Yitha","PARTOF":"Yitha Yitha","BORDERPRECISION":3,"LINK":null}},
{"type":"Feature","geometry":{"type":"MultiPolygon","coordinates":[[[[142.1295,-12.8162],[142.0944,-12.8305],[142.0505,-12.8814],[142.0439,-12.8968],[142.04,-12.8994],[142.0419,-12.9015],[142.0477,-12.9082],[141.9873,-13.0661],[141.9818,-13.1464],[141.9755,-13.1971],[141.9783,-13.2037],[141.9818,-13.1918],[142.2565,-13.1062],[142.3494,-13.0977],[142.2894,-13.0393],[142.1576,-12.8627],[142.1388,-12.8123],[142.1295,-12.8162]]],[[[142.5959,-13.0661],[142.5931,-13.0755],[142.608,-13.0741],[142.6101,-13.0741],[142.597,-13.0661],[142.5959,-13.0661]]]]},"properties":{"NAME":"Mbeiwum","SUBJECTO":"Mbeiwum","PARTOF":"Mbeiwum","BORDERPRECISION":3,"LINK":null}},
{"type":"Feature","geometry":{"type":"Polygon","coordinates":[[[131.8175,-12.3683],[131.6761,-12.3848],[131.6437,-12.8439],[131.6588,-12.93],[131.7206,-12.951],[131.814,-13.0046],[131.9128,-13.0206],[132.2424,-12.4258],[131.8175,-12.3683]]]},"properties":{"NAME":"Limilngan","SUBJECTO":"Limilngan","PARTOF":"Limilngan","BORDERPRECISION":3,"LINK":null}},
{"type":"Feature","geometry":{"type":"Polygon","coordinates":[[[118.2157,-30.862],[118.2652,-30.9072],[118.4977,-31.217],[118.8691,-31.5303],[119.9166,-32.1804],[120.0232,-32.0589],[120.1691,-31.8925],[120.4224,-31.6399],[120.6976,-31.4054],[120.9618,-31.2457],[121.215,-31.1139],[121.2012,-31.1],[121.0341,-30.9316],[120.7393,-30.6345],[120.0037,-29.3247],[119.436,-28.7629],[119.4214,-28.7484],[119.3938,-28.7412],[118.6898,-28.5565],[118.3716,-28.3843],[118.2239,-28.3044],[117.8892,-28.3532],[116.3095,-29.2145],[116.3282,-29.2486],[116.52,-29.5984],[116.764,-30.0004],[116.779,-30.0252],[116.8269,-30.0517],[116.9489,-30.119],[117.0492,-30.2155],[117.4842,-30.4178],[117.7854,-30.5716],[117.9221,-30.6663],[117.9781,-30.6929],[118.0785,-30.7405],[118.0866,-30.7443],[118.2157,-30.862]]]},"properties":{"NAME":"Kalaamaya","SUBJECTO":"Kalaamaya","PARTOF":"Kalaamaya","BORDERPRECISION":3,"LINK":null}},
{"type":"Feature","geometry":{"type":"Polygon","coordinates":[[[116.5416,-23.0175],[116.4551,-22.9685],[116.087,-22.7964],[115.9552,-22.6394],[115.9269,-22.6307],[115.9041,-22.6236],[115.8728,-22.7103],[115.8124,-22.8268],[115.7316,-22.844],[115.7267,-22.8531],[115.7684,-22.8724],[115.776,-22.9214],[115.9772,-23.014],[116.2793,-23.2111],[116.6913,-23.3977],[117.0319,-23.564],[117.1476,-23.6182],[117.1802,-23.5136],[117.185,-23.3714],[117.1857,-23.3523],[117.188,-23.332],[117.0978,-23.3069],[116.8561,-23.206],[116.6693,-23.0898],[116.5874,-23.0434],[116.5416,-23.0175]]]},"properties":{"NAME":"Jiwarli","SUBJECTO":"Jiwarli","PARTOF":"Jiwarli","BORDERPRECISION":3,"LINK":null}},
{"type":"Feature","geometry":{"type":"Polygon","coordinates":[[[125.108,-15.2051],[125.0956,-15.2593],[125.0844,-15.3084],[125.2112,-15.3372],[125.2936,-15.2524],[125.376,-15.3319],[125.376,-15.459],[125.6012,-15.6654],[125.6726,-15.75],[125.702,-15.7826],[125.7275,-15.7711],[125.7454,-15.732],[125.8484,-15.5066],[125.9473,-14.8705],[126.0022,-14.7406],[126.0022,-14.6875],[126.0022,-14.6474],[126.0022,-14.541],[125.9678,-14.4797],[125.1557,-14.8045],[125.108,-15.2051]]]},"properties":{"NAME":"Wunambul","SUBJECTO":"Wunambul","PARTOF":"Wunambul","BORDERPRECISION":3,"LINK":null}},
{"type":"Feature","geometry":{"type":"Polygon","coordinates":[[[139.2627,-21.5157],[139.2627,-22.0829],[139.3066,-22.0042],[139.4934,-22.0042],[140.0098,-22.0856],[140.2185,-22.1133],[140.2405,-22.1162],[140.2933,-22.1599],[140.3064,-22.0449],[140.2954,-21.9227],[140.3721,-21.7758],[140.3247,-21.7865],[140.2405,-21.8054],[140.0592,-21.7187],[139.6143,-21.5962],[139.2627,-21.5157]]]},"properties":{"NAME":"Yalarrnga","SUBJECTO":"Yalarrnga","PARTOF":"Yalarrnga","BORDERPRECISION":3,"LINK":null}},
{"type":"Feature","geometry":{"type":"Polygon","coordinates":[[[130.9855,-17.8754],[130.99,-17.9056],[131.4075,-17.9474],[131.4857,-17.9646],[131.5056,-17.9715],[131.5094,-17.9698],[131.5503,-17.9787],[132.4731,-17.7696],[132.7533,-17.7435],[132.8796,-17.7435],[133.0194,-17.7292],[133.0334,-17.7278],[133.2587,-17.7173],[133.2866,-17.7003],[133.3795,-17.644],[133.5004,-17.3139],[133.4125,-16.9622],[133.418,-16.5625],[133.3927,-16.4221],[133.3905,-16.4097],[133.3675,-16.4187],[133.1873,-16.4888],[132.8796,-16.4888],[132.4292,-16.1619],[132.3912,-16.1903],[132.2314,-16.3096],[131.9293,-16.4361],[131.7821,-16.4319],[131.7426,-16.4308],[131.6972,-16.4973],[130.979,-17.5498],[130.979,-17.8324],[130.9855,-17.8754]]]},"properties":{"NAME":"Mudburra","SUBJECTO":"Mudburra","PARTOF":"Mudburra","BORDERPRECISION":3,"LINK":null}},
{"type":"Feature","geometry":{"type":"Polygon","coordinates":[[[136.7921,-33.9486],[136.7029,-33.9616],[136.1865,-33.7152],[135.791,-33.1376],[135.011,-32.482],[134.934,-32.3764],[134.8352,-32.4356],[134.1109,-33.0252],[134.1078,-33.0284],[134.2085,-33.2572],[134.6311,-33.2691],[135.7767,-35.1065],[136.8018,-33.9525],[136.7921,-33.9486]]]},"properties":{"NAME":"Nawu","SUBJECTO":"Nawu","PARTOF":"Nawu","BORDERPRECISION":3,"LINK":null}},
{"type":"Feature","geometry":{"type":"Polygon","coordinates":[[[134.7933,-13.904],[134.9176,-13.8647],[135.1373,-13.7954],[135.2554,-13.6688],[135.2692,-13.654],[135.2966,-13.6246],[135.3438,-13.5591],[135.3059,-13.5367],[135.2197,-13.4858],[135.0549,-13.272],[135.0549,-13.1118],[135.0275,-13.1223],[134.8737,-13.1169],[134.4727,-13.3308],[134.3311,-13.4193],[134.3298,-13.4217],[134.4507,-13.8914],[134.6814,-13.9394],[134.7933,-13.904]]]},"properties":{"NAME":"Ngalkbun","SUBJECTO":"Ngalkbun","PARTOF":"Ngalkbun","BORDERPRECISION":3,"LINK":null}},
{"type":"Feature","geometry":{"type":"Polygon","coordinates":[[[140.5206,-24.4453],[140.2405,-24.5071],[139.6417,-24.7119],[139.5984,-24.6463],[139.5969,-24.6466],[139.6033,-24.667],[139.4604,-25.0657],[139.3704,-25.2205],[139.4824,-25.2049],[139.856,-25.195],[140.5042,-25.4234],[140.602,-25.4865],[140.614,-25.4631],[140.7019,-25.2447],[140.7349,-24.9661],[140.5261,-24.4971],[140.5206,-24.4453]]]},"properties":{"NAME":"Mithaka","SUBJECTO":"Mithaka","PARTOF":"Mithaka","BORDERPRECISION":3,"LINK":null}},
{"type":"Feature","geometry":{"type":"Polygon","coordinates":[[[149.0231,-24.3792],[148.9911,-24.5871],[148.9856,-25.1154],[149.0278,-25.1745],[149.0273,-25.1775],[149.0297,-25.1771],[149.0304,-25.1781],[149.037,-25.176],[149.1504,-25.1403],[149.8975,-24.9612],[149.9414,-24.9444],[149.9434,-24.9436],[149.9427,-24.9287],[149.9414,-24.9288],[149.837,-24.9363],[149.6777,-24.2119],[149.2712,-23.8356],[149.0735,-24.4021],[149.0515,-24.3921],[149.0231,-24.3792]]]},"properties":{"NAME":"Wadjigu","SUBJECTO":"Wadjigu","PARTOF":"Wadjigu","BORDERPRECISION":3,"LINK":null}},
{"type":"Feature","geometry":{"type":"Polygon","coordinates":[[[138.3315,-33.3081],[138.3673,-33.1927],[138.3618,-33.0133],[138.1201,-32.3243],[138.1631,-32.2724],[138.1606,-32.2702],[138.1448,-32.2755],[137.6532,-32.4959],[137.6587,-32.7919],[137.7686,-32.9441],[137.7644,-32.9895],[137.796,-33.0087],[137.8262,-33.0236],[137.8682,-32.7471],[138.1887,-33.2935],[138.1698,-33.3243],[138.3234,-33.2984],[138.3315,-33.3081]]]},"properties":{"NAME":"Nukunu","SUBJECTO":"Nukunu","PARTOF":"Nukunu","BORDERPRECISION":3,"LINK":null}},
{"type":"Feature","geometry":{"type":"Polygon","coordinates":[[[143.364,-29.7448],[143.3484,-29.79],[143.2947,-29.9454],[143.2617,-30.4297],[143.2617,-30.7607],[143.2638,-30.8489],[143.2642,-30.8667],[143.2727,-31.2222],[143.4143,-31.3818],[143.4276,-31.3968],[143.4946,-31.4722],[143.5308,-31.513],[143.5474,-31.5317],[143.866,-31.6066],[143.9912,-31.6111],[144.069,-31.614],[144.3823,-31.6253],[144.707,-31.5598],[144.7339,-31.5317],[144.8038,-31.4612],[144.8547,-31.4099],[145.0635,-31.0153],[144.9481,-30.2686],[144.9866,-30.2742],[144.9866,-30.1831],[144.9884,-30.1654],[145.0305,-29.7644],[145.0964,-29.4779],[145.3821,-29.1234],[145.4519,-28.9674],[145.481,-28.9024],[145.4313,-28.897],[145.0415,-28.8543],[144.6877,-28.7874],[144.572,-28.7656],[144.4812,-28.7484],[143.9209,-28.7484],[143.6863,-28.7376],[143.6446,-28.7356],[143.5034,-28.7291],[143.3741,-28.7709],[143.3693,-28.7725],[143.2947,-28.7965],[143.3936,-29.6594],[143.364,-29.7448]]]},"properties":{"NAME":"Barundji","SUBJECTO":"Barundji","PARTOF":"Barundji","BORDERPRECISION":3,"LINK":null}},
{"type":"Feature","geometry":{"type":"Polygon","coordinates":[[[152.9715,-25.8742],[152.9042,-25.6303],[152.7612,-25.4207],[152.7224,-25.4111],[152.6331,-25.587],[152.6935,-26.0173],[152.9715,-25.8742]]]},"properties":{"NAME":"Badtjala","SUBJECTO":"Badtjala","PARTOF":"Badtjala","BORDERPRECISION":3,"LINK":null}},
{"type":"Feature","geometry":{"type":"Polygon","coordinates":[[[118.5726,-24.3899],[118.6139,-24.3971],[118.8776,-24.4572],[119.0753,-24.5371],[119.3005,-24.687],[119.4818,-24.7867],[119.7131,-24.9332],[119.718,-24.9263],[119.8279,-24.7069],[119.8608,-24.1668],[119.8059,-23.9361],[119.696,-23.6647],[119.6268,-23.5287],[119.6191,-23.5287],[119.4708,-23.5388],[119.1412,-23.5489],[118.8455,-23.5403],[118.7897,-23.5841],[118.6523,-23.9009],[118.5754,-24.1267],[118.5699,-24.3371],[118.5726,-24.3899]]]},"properties":{"NAME":"Ngalawangka","SUBJECTO":"Ngalawangka","PARTOF":"Ngalawangka","BORDERPRECISION":3,"LINK":null}},
{"type":"Feature","geometry":{"type":"Polygon","coordinates":[[[141.0925,-26.2601],[141.1963,-26.3919],[141.6797,-26.6867],[141.9315,-26.9384],[141.9443,-26.9512],[141.9543,-26.9612],[142.1301,-26.5296],[142.7124,-26.5099],[143.5254,-25.6019],[143.6773,-25.4717],[143.6869,-25.4284],[143.7085,-25.3308],[143.7122,-25.3142],[143.7546,-25.2843],[143.7561,-25.2646],[143.2837,-24.7468],[143.0556,-24.4701],[142.9543,-24.5574],[142.9431,-24.5671],[142.5586,-24.3071],[142.499,-24.2648],[142.424,-24.2116],[142.24,-24.4271],[142.0422,-24.8565],[141.3831,-25.5623],[141.2622,-25.9185],[141.0887,-26.187],[141.0645,-26.2244],[141.0925,-26.2601]]]},"properties":{"NAME":"Birria","SUBJECTO":"Birria","PARTOF":"Birria","BORDERPRECISION":3,"LINK":null}},
{"type":"Feature","geometry":{"type":"Polygon","coordinates":[[[122.8436,-18.5369],[122.7393,-18.9998],[122.7508,-19.015],[122.764,-19.0325],[123.1458,-19.1348],[123.5852,-19.6736],[123.8049,-20.0353],[123.8379,-20.4167],[123.8379,-20.5299],[124.2554,-20.5299],[124.7168,-20.221],[124.8999,-20.2019],[124.9554,-20.1961],[125.0024,-20.1488],[125.1123,-19.8752],[124.7992,-18.9582],[124.8047,-18.7815],[124.8596,-18.6983],[124.8596,-18.6101],[124.8596,-18.589],[124.8146,-18.5802],[124.7003,-18.5577],[124.5905,-18.3493],[124.4586,-18.245],[124.3751,-18.2158],[124.3615,-18.211],[124.3542,-18.2085],[124.1455,-18.3441],[123.8763,-18.8023],[123.3215,-18.4431],[123.1403,-18.4379],[122.9682,-18.4465],[122.9315,-18.4483],[122.9172,-18.4628],[122.9139,-18.4661],[122.8959,-18.4843],[122.8436,-18.5369]]]},"properties":{"NAME":"Mangala","SUBJECTO":"Mangala","PARTOF":"Mangala","BORDERPRECISION":3,"LINK":null}},
{"type":"Feature","geometry":{"type":"Polygon","coordinates":[[[132.8723,-12.7292],[132.8549,-12.7448],[132.7039,-12.6966],[132.6964,-12.6864],[132.7094,-12.7422],[132.6703,-12.7639],[132.6815,-12.7798],[132.7094,-12.7957],[132.7145,-12.8058],[132.7173,-12.8113],[132.7234,-12.81],[132.7643,-12.8011],[132.8302,-12.8172],[132.8396,-12.8302],[132.8556,-12.811],[132.8632,-12.777],[132.8839,-12.777],[132.8906,-12.7689],[132.8723,-12.7292]]]},"properties":{"NAME":"Bukurnidja","SUBJECTO":"Bukurnidja","PARTOF":"Bukurnidja","BORDERPRECISION":3,"LINK":null}},
{"type":"Feature","geometry":{"type":"Polygon","coordinates":[[[121.2394,-31.1],[121.6187,-31.1],[122.2778,-31.0435],[122.8052,-30.9776],[123.1941,-30.9376],[123.3545,-30.9211],[123.5522,-30.9493],[123.5587,-30.9015],[123.5193,-30.7324],[123.5083,-30.4676],[123.4094,-30.1071],[122.6404,-28.8543],[122.6332,-28.7278],[122.6313,-28.6958],[122.5415,-28.652],[122.3169,-28.6968],[122.2998,-28.7002],[122.1441,-28.7533],[122.1021,-28.7677],[121.8494,-28.8447],[120.3552,-28.8062],[119.729,-28.9697],[119.7565,-28.9937],[120.2234,-29.4013],[120.6519,-29.8597],[120.9595,-30.5812],[120.9924,-30.7324],[121.0341,-30.9316],[121.2012,-31.1],[121.2394,-31.1]]]},"properties":{"NAME":"Wangkathaa","SUBJECTO":"Wangkathaa","PARTOF":"Wangkathaa","BORDERPRECISION":3,"LINK":null}},
{"type":"Feature","geometry":{"type":"Polygon","coordinates":[[[137.7644,-32.9895],[137.7686,-32.9441],[137.6587,-32.7919],[137.6532,-32.4959],[138.1448,-32.2755],[138.1606,-32.2702],[138.1631,-32.2724],[138.1665,-32.2682],[138.4003,-32.1896],[138.4937,-32.1454],[138.6475,-32.1245],[138.774,-32.0632],[138.7858,-32.0575],[138.8397,-32.0314],[138.8397,-31.8729],[138.6475,-31.7282],[138.6293,-31.7207],[138.5615,-31.6928],[138.5347,-31.6817],[138.4662,-31.6487],[138.4605,-31.6467],[138.3673,-31.5832],[137.785,-31.2785],[137.6123,-31.2293],[137.6038,-31.2269],[137.6023,-31.2182],[137.6003,-31.2064],[137.5953,-31.2104],[137.4719,-31.3067],[137.0764,-31.6253],[136.1865,-31.8776],[136.0492,-31.8109],[135.6592,-31.9615],[135.3625,-32.1198],[134.944,-32.3705],[134.934,-32.3764],[135.011,-32.482],[135.791,-33.1376],[136.1865,-33.7152],[136.7029,-33.9616],[136.7921,-33.9486],[136.9226,-33.9297],[137.0544,-33.8704],[137.7191,-33.1053],[137.7631,-33.0041],[137.7644,-32.9895]]]},"properties":{"NAME":"Banggarla","SUBJECTO":"Banggarla","PARTOF":"Banggarla","BORDERPRECISION":3,"LINK":null}},
{"type":"Feature","geometry":{"type":"Polygon","coordinates":[[[140.8887,-22.4313],[140.8205,-22.5406],[140.6799,-22.7661],[140.5151,-23.2817],[140.5371,-23.5741],[140.5266,-23.9008],[140.5261,-23.916],[140.577,-23.9276],[140.8337,-23.9863],[141.3721,-24.1267],[142.207,-24.0766],[142.3608,-24.1668],[142.424,-24.2116],[142.499,-24.2648],[142.5586,-24.3071],[142.9431,-24.5671],[142.9543,-24.5574],[143.0556,-24.4701],[143.1519,-24.3871],[143.3167,-23.9863],[143.4382,-23.8196],[143.4091,-23.7808],[143.3331,-23.6797],[143.1793,-23.438],[143.0695,-23.1151],[143.0914,-22.8724],[143.1683,-22.6292],[143.1782,-22.579],[143.1893,-22.5227],[142.9541,-22.5227],[142.0972,-22.8167],[141.2732,-22.3501],[141.0397,-22.2781],[141.0095,-22.2688],[140.9786,-22.3104],[140.9283,-22.378],[140.8887,-22.4313]]]},"properties":{"NAME":"Maiawali","SUBJECTO":"Maiawali","PARTOF":"Maiawali","BORDERPRECISION":3,"LINK":null}},
{"type":"Feature","geometry":{"type":"Polygon","coordinates":[[[136.7306,-18.0698],[136.7313,-18.0775],[136.8677,-18.1145],[137.1753,-18.3232],[137.3471,-18.4149],[137.6807,-18.3754],[137.8008,-18.4405],[137.8015,-18.4379],[138.057,-18.5187],[138.1099,-18.5203],[138.1421,-18.5213],[138.4058,-18.2398],[138.4058,-17.9996],[138.4013,-17.9874],[138.3793,-17.9274],[138.3179,-17.7591],[138.186,-17.6021],[138.0769,-17.5657],[138.0537,-17.5734],[137.8564,-17.6388],[137.7356,-17.5183],[137.3566,-17.4817],[136.9446,-17.3034],[136.8457,-17.2911],[136.8182,-17.2877],[136.7446,-17.2634],[136.7249,-17.6126],[136.7139,-17.8951],[136.7306,-18.0698]]]},"properties":{"NAME":"Waanyi","SUBJECTO":"Waanyi","PARTOF":"Waanyi","BORDERPRECISION":3,"LINK":null}},
{"type":"Feature","geometry":{"type":"Polygon","coordinates":[[[142.0705,-28.3808],[141.7676,-28.5556],[141.1523,-28.8158],[140.9743,-28.8664],[140.9706,-28.8674],[140.9875,-28.9168],[141.0315,-29.0466],[140.9491,-29.4683],[140.246,-29.8645],[140.191,-30.0548],[140.1727,-30.0911],[140.2368,-30.065],[140.2734,-30.0501],[140.8447,-29.8597],[141.6577,-29.6499],[142.0457,-29.6499],[142.0642,-29.6499],[142.0642,-29.6308],[142.1382,-29.6308],[142.1356,-29.5161],[142.1301,-29.2624],[142.1082,-29.0658],[142.1027,-28.6858],[142.1183,-28.4203],[142.0877,-28.402],[142.0862,-28.4011],[142.0705,-28.3808]]]},"properties":{"NAME":"Wadigali","SUBJECTO":"Wadigali","PARTOF":"Wadigali","BORDERPRECISION":3,"LINK":null}},
{"type":"Feature","geometry":{"type":"Polygon","coordinates":[[[151.4266,-33.1616],[151.4064,-33.2055],[151.3806,-33.2617],[151.2433,-33.3948],[151.2008,-33.3852],[151.1938,-33.4085],[151.1115,-33.546],[151.0675,-33.6649],[151.0245,-33.7366],[151.0219,-33.7408],[151.0263,-33.7426],[151.1032,-33.7654],[151.1911,-33.7837],[151.3102,-33.7738],[151.5743,-33.2151],[151.5956,-33.1916],[151.5177,-33.1807],[151.4267,-33.1616],[151.4266,-33.1616]]]},"properties":{"NAME":"Guringai","SUBJECTO":"Guringai","PARTOF":"Guringai","BORDERPRECISION":3,"LINK":null}},
{"type":"Feature","geometry":{"type":"Polygon","coordinates":[[[115.8034,-23.8665],[115.8097,-23.8422],[115.7684,-23.8356],[115.7908,-23.7803],[115.8016,-23.7536],[115.719,-23.72],[115.4388,-23.6697],[115.0543,-23.4229],[114.9225,-23.3977],[114.7852,-23.3523],[114.7402,-23.3379],[114.7059,-23.3269],[114.6753,-23.317],[114.6478,-23.5438],[114.5215,-23.8758],[114.5215,-23.9159],[114.5215,-23.9768],[114.6313,-23.9963],[114.8676,-24.1066],[115.3235,-24.632],[115.3125,-24.8067],[115.2154,-24.9607],[115.2631,-24.9661],[115.3739,-24.9944],[115.3773,-24.9953],[115.4224,-24.8864],[115.4828,-24.6969],[115.5212,-24.6221],[115.6366,-24.2169],[115.7684,-24.0013],[115.8034,-23.8665]]]},"properties":{"NAME":"Tharrgari","SUBJECTO":"Tharrgari","PARTOF":"Tharrgari","BORDERPRECISION":3,"LINK":null}},
{"type":"Feature","geometry":{"type":"Polygon","coordinates":[[[144.7601,-17.433],[144.7778,-17.445],[144.8053,-17.5498],[144.9097,-17.5498],[145.1733,-17.5288],[145.202,-17.5671],[145.2161,-17.5608],[145.22,-17.5472],[145.2887,-17.4266],[145.2903,-17.4216],[145.2821,-17.3621],[144.8328,-17.4135],[144.7601,-17.433]]]},"properties":{"NAME":"Mbabaram","SUBJECTO":"Mbabaram","PARTOF":"Mbabaram","BORDERPRECISION":3,"LINK":null}},
{"type":"Feature","geometry":{"type":"Polygon","coordinates":[[[125.0844,-15.3084],[125.0585,-15.4213],[125.1091,-15.6247],[124.4245,-15.6579],[124.5314,-16.3252],[124.5596,-16.3435],[124.7552,-16.3307],[124.7917,-16.3438],[124.7827,-16.2358],[124.8157,-15.9402],[125.0024,-15.7923],[125.5627,-15.8451],[125.702,-15.7826],[125.6726,-15.75],[125.6012,-15.6654],[125.376,-15.459],[125.376,-15.3319],[125.2936,-15.2524],[125.2112,-15.3372],[125.0844,-15.3084]]]},"properties":{"NAME":"Worora","SUBJECTO":"Worora","PARTOF":"Worora","BORDERPRECISION":3,"LINK":null}},
{"type":"Feature","geometry":{"type":"Polygon","coordinates":[[[150.614,-24.7887],[150.6006,-24.9263],[150.6116,-25.1204],[150.7104,-25.6019],[150.7499,-25.6482],[150.8294,-25.6428],[150.8478,-25.6415],[150.873,-25.6608],[150.8807,-25.6514],[150.9467,-25.5424],[151.0675,-25.3986],[151.3477,-25.0955],[151.5619,-25.0209],[151.567,-25.0211],[151.6003,-25.006],[152.3992,-25.0462],[151.2002,-23.9424],[151.174,-23.9199],[150.9412,-24.0465],[150.7475,-24.1429],[150.7545,-24.1621],[150.7764,-24.2219],[150.8368,-24.3321],[150.8203,-24.637],[150.7104,-24.7668],[150.6458,-24.7815],[150.614,-24.7887]]]},"properties":{"NAME":"Gureng Gureng","SUBJECTO":"Gureng Gureng","PARTOF":"Gureng Gureng","BORDERPRECISION":3,"LINK":null}},
{"type":"Feature","geometry":{"type":"Polygon","coordinates":[[[137.9553,-21.7391],[137.9663,-21.7391],[138.9331,-21.2689],[139.0869,-21.0025],[139.082,-20.9587],[139.077,-20.9148],[139.043,-20.6122],[138.9111,-20.3652],[138.9052,-20.3652],[138.9331,-20.4373],[138.8295,-20.4474],[138.4058,-20.4888],[137.2412,-20.9512],[136.7491,-20.8644],[136.7358,-20.8793],[136.7173,-20.8923],[136.8896,-21.064],[136.9775,-21.4122],[137.0135,-21.6464],[137.2961,-21.637],[137.6917,-21.637],[137.9374,-21.7264],[137.9443,-21.7289],[137.9553,-21.7391]]]},"properties":{"NAME":"Bularnu","SUBJECTO":"Bularnu","PARTOF":"Bularnu","BORDERPRECISION":3,"LINK":null}},
{"type":"Feature","geometry":{"type":"Polygon","coordinates":[[[125.4965,-18.4104],[125.5627,-18.3493],[125.6561,-18.2398],[125.7282,-18.1414],[125.744,-18.1197],[125.6846,-18.0898],[125.6506,-18.0728],[125.4803,-17.9056],[125.3979,-17.7696],[125.3485,-17.6702],[125.3372,-17.6495],[125.3346,-17.6448],[125.2771,-17.5393],[125.2057,-17.445],[125.0464,-17.3978],[124.7003,-17.4188],[124.552,-17.4188],[124.4899,-17.4124],[124.4586,-17.4092],[124.3982,-17.4031],[123.8599,-17.3192],[123.6731,-17.2353],[123.6347,-17.2101],[123.5687,-17.167],[123.5577,-17.209],[123.5342,-17.3887],[123.5193,-17.5026],[123.4259,-17.6911],[123.1677,-17.8585],[123.0639,-18.0264],[123.0579,-18.0362],[123.051,-18.0649],[123.0029,-18.2659],[122.8931,-18.4536],[122.908,-18.4625],[122.9139,-18.4661],[122.9172,-18.4628],[122.9315,-18.4483],[122.9682,-18.4465],[123.1403,-18.4379],[123.3215,-18.4431],[123.8763,-18.8023],[124.1455,-18.3441],[124.3542,-18.2085],[124.3615,-18.211],[124.3751,-18.2158],[124.4586,-18.245],[124.5905,-18.3493],[124.7003,-18.5577],[124.8146,-18.5802],[124.8816,-18.4796],[125.3101,-18.4848],[125.4529,-18.4171],[125.4853,-18.4207],[125.4965,-18.4104]]]},"properties":{"NAME":"Nyikina","SUBJECTO":"Nyikina","PARTOF":"Nyikina","BORDERPRECISION":3,"LINK":null}},
{"type":"Feature","geometry":{"type":"Polygon","coordinates":[[[143.3222,-37.0855],[143.2892,-37.1034],[143.02,-37.0639],[142.9732,-37.0626],[142.9541,-37.0639],[142.7344,-37.0639],[142.6318,-37.0552],[142.5723,-37.0552],[142.5686,-37.0572],[142.5256,-37.1428],[142.5256,-37.562],[142.0587,-37.5707],[141.9708,-37.6403],[141.9374,-37.7087],[141.9406,-37.7099],[142.0313,-37.7251],[142.2784,-37.8098],[142.4075,-37.8749],[142.5641,-37.9204],[142.6738,-37.9677],[142.7097,-37.9832],[142.7097,-38.0008],[142.7618,-37.9918],[142.8552,-37.8011],[142.9801,-37.7147],[142.9752,-37.6903],[142.9651,-37.6403],[142.8882,-37.4967],[143.2507,-37.2128],[143.3074,-37.2128],[143.3062,-37.1917],[143.3022,-37.1708],[143.3475,-37.129],[143.3222,-37.0855]]]},"properties":{"NAME":"Djabwurung","SUBJECTO":"Djabwurung","PARTOF":"Djabwurung","BORDERPRECISION":3,"LINK":null}},
{"type":"Feature","geometry":{"type":"Polygon","coordinates":[[[123.9862,-16.8151],[123.9899,-16.8151],[123.9883,-16.8105],[123.9642,-16.7414],[123.9697,-16.6415],[123.9148,-16.5678],[123.5758,-16.3908],[123.6317,-16.8039],[123.8203,-16.8839],[123.8599,-16.8571],[123.9587,-16.8151],[123.9862,-16.8151]]]},"properties":{"NAME":"Unggarangi","SUBJECTO":"Unggarangi","PARTOF":"Unggarangi","BORDERPRECISION":3,"LINK":null}},
{"type":"Feature","geometry":{"type":"Polygon","coordinates":[[[122.8909,-17.0365],[122.8381,-17.0988],[122.8052,-17.2615],[122.8031,-17.3166],[122.8011,-17.3691],[122.7997,-17.4083],[122.8107,-17.6178],[122.8165,-17.6657],[122.8226,-17.7159],[122.8381,-17.8428],[122.9205,-18.0049],[123.051,-18.0649],[123.0579,-18.0362],[123.0639,-18.0264],[123.1677,-17.8585],[123.4259,-17.6911],[123.5193,-17.5026],[123.5342,-17.3887],[123.5303,-17.3769],[123.4983,-17.3186],[123.3012,-17.4657],[122.9315,-16.9885],[122.8909,-17.0365]]]},"properties":{"NAME":"Nimanburu","SUBJECTO":"Nimanburu","PARTOF":"Nimanburu","BORDERPRECISION":3,"LINK":null}},
{"type":"Feature","geometry":{"type":"Polygon","coordinates":[[[136.6378,-16.0913],[136.6095,-16.088],[136.6063,-16.102],[136.5491,-16.3518],[136.5436,-16.7835],[136.5601,-16.9675],[136.5601,-17.0593],[136.5601,-17.1355],[136.5827,-17.1561],[136.6754,-17.2405],[136.7446,-17.2634],[136.8182,-17.2877],[136.8457,-17.2911],[136.9446,-17.3034],[137.3566,-17.4817],[137.7356,-17.5183],[137.8564,-17.6388],[138.0537,-17.5734],[138.0769,-17.5657],[138.1091,-17.555],[138.3183,-16.8644],[138.281,-16.8503],[138.2603,-16.8425],[137.6862,-16.415],[137.0599,-16.1725],[136.8842,-16.1197],[136.6378,-16.0913]]]},"properties":{"NAME":"Garawa","SUBJECTO":"Garawa","PARTOF":"Garawa","BORDERPRECISION":3,"LINK":null}},
{"type":"Feature","geometry":{"type":"Polygon","coordinates":[[[142.3673,-31.3889],[142.3842,-31.4099],[142.3843,-31.41],[142.385,-31.4099],[142.6135,-31.3724],[142.9431,-31.3536],[143.41,-31.3818],[143.4143,-31.3818],[143.2727,-31.2222],[143.2642,-30.8667],[142.7783,-30.9211],[142.4927,-30.9964],[142.3389,-31.2128],[142.3389,-31.3161],[142.3673,-31.3889]]]},"properties":{"NAME":"Wandjiwalgu","SUBJECTO":"Wandjiwalgu","PARTOF":"Wandjiwalgu","BORDERPRECISION":3,"LINK":null}},
{"type":"Feature","geometry":{"type":"Polygon","coordinates":[[[138.9034,-20.3608],[139.0649,-20.3961],[139.5483,-20.2416],[139.8999,-20.2313],[139.979,-20.1966],[140.0622,-20.1602],[140.0647,-20.1591],[140.064,-20.1583],[140.0222,-20.1135],[140.0096,-20.0999],[139.9895,-20.0783],[139.7571,-19.8287],[139.4604,-19.4148],[139.2079,-19.1599],[139.1677,-19.1194],[139.1418,-19.0933],[138.1641,-18.5525],[138.1031,-18.5333],[138.057,-18.5187],[137.8015,-18.4379],[137.8008,-18.4405],[137.9114,-18.5004],[137.9082,-18.5141],[137.8455,-18.7815],[137.5378,-19.6115],[138.5376,-19.8701],[138.8013,-20.0972],[138.8832,-20.3086],[138.9034,-20.3608]]]},"properties":{"NAME":"Wakabunga","SUBJECTO":"Wakabunga","PARTOF":"Wakabunga","BORDERPRECISION":3,"LINK":null}},
{"type":"Feature","geometry":{"type":"Polygon","coordinates":[[[130.6714,-27.4595],[130.64,-27.4847],[130.5843,-27.5294],[130.4407,-27.6446],[130.2209,-27.8488],[129.8474,-28.256],[129.8451,-28.2962],[129.8408,-28.3701],[129.8254,-28.6327],[129.9902,-29.4683],[130.2979,-29.7453],[130.5139,-29.8646],[130.561,-29.8905],[130.6604,-29.9454],[131.0229,-30.1166],[131.3529,-30.2217],[131.3732,-30.2282],[131.4404,-30.2496],[131.8469,-30.3729],[133.2312,-30.496],[134.9451,-31.0812],[135.8679,-31.5973],[136.0134,-31.7788],[136.0327,-31.8029],[136.0492,-31.8109],[136.1865,-31.8776],[137.0764,-31.6253],[137.4719,-31.3067],[137.5953,-31.2104],[137.6003,-31.2064],[137.7246,-31.1094],[137.4719,-30.3729],[136.9775,-30.0406],[136.7908,-29.8788],[136.7286,-29.7964],[136.7102,-29.7719],[136.582,-29.6021],[136.4172,-29.5161],[135.3845,-29.5926],[134.7144,-29.0177],[134.5775,-28.956],[134.5319,-28.9355],[134.3518,-28.8543],[134.1101,-28.6906],[133.6267,-28.5459],[133.5608,-28.4301],[133.4639,-28.3922],[133.2642,-28.3141],[133.2487,-28.3154],[132.9236,-28.3431],[132.605,-28.4011],[132.1244,-28.4011],[132.1191,-28.4001],[131.7151,-28.2463],[131.2756,-28.0429],[130.979,-27.7711],[130.7813,-27.5375],[130.7043,-27.4829],[130.686,-27.4699],[130.6714,-27.4595]]]},"properties":{"NAME":"Kokatha","SUBJECTO":"Kokatha","PARTOF":"Kokatha","BORDERPRECISION":3,"LINK":null}},
{"type":"Feature","geometry":{"type":"Polygon","coordinates":[[[142.04,-12.8994],[142.0148,-12.8707],[141.8331,-12.8494],[141.7641,-12.8822],[141.6998,-12.9128],[141.5988,-13.0465],[141.5882,-13.1495],[141.622,-13.2613],[141.622,-13.3495],[141.622,-13.3501],[141.6522,-13.3442],[141.6879,-13.5152],[141.8884,-13.4911],[141.9324,-13.3576],[141.9721,-13.2244],[141.9783,-13.2037],[141.9755,-13.1971],[141.9818,-13.1464],[141.9873,-13.0661],[142.0477,-12.9082],[142.0419,-12.9015],[142.04,-12.8994]]]},"properties":{"NAME":"Winda Winda","SUBJECTO":"Winda Winda","PARTOF":"Winda Winda","BORDERPRECISION":3,"LINK":null}},
{"type":"Feature","geometry":{"type":"Polygon","coordinates":[[[143.7231,-27.8928],[143.7393,-27.9022],[143.7561,-27.9119],[143.9264,-27.9604],[144.151,-27.9807],[144.1756,-27.9829],[144.1956,-27.9847],[144.7668,-28.0623],[144.8621,-28.078],[144.8997,-28.0843],[144.9426,-28.0914],[145.1459,-28.0817],[145.3381,-27.6446],[145.281,-27.4896],[145.2448,-27.3913],[145.1349,-26.8045],[145.1087,-26.4816],[144.9097,-26.5394],[144.3713,-26.6475],[143.6353,-26.6671],[143.5631,-26.6535],[143.5364,-26.6965],[143.5254,-27.2253],[143.5583,-27.479],[143.6572,-27.7711],[143.7341,-27.8876],[143.7231,-27.8928]]]},"properties":{"NAME":"Margany","SUBJECTO":"Margany","PARTOF":"Margany","BORDERPRECISION":3,"LINK":null}},
{"type":"Feature","geometry":{"type":"Polygon","coordinates":[[[134.0222,-12.0563],[133.7615,-11.9972],[134.0057,-12.2541],[133.9997,-12.2658],[134.0035,-12.2678],[134.0193,-12.2659],[134.0392,-12.2635],[134.0439,-12.0612],[134.0222,-12.0563]]]},"properties":{"NAME":"Gunbalang","SUBJECTO":"Gunbalang","PARTOF":"Gunbalang","BORDERPRECISION":3,"LINK":null}},
{"type":"Feature","geometry":{"type":"Polygon","coordinates":[[[116.3124,-29.254],[116.3282,-29.2486],[116.3095,-29.2145],[117.8892,-28.3532],[118.2239,-28.3044],[118.3716,-28.3843],[118.4161,-28.3721],[118.532,-28.3041],[118.6469,-28.1447],[118.7283,-28.1003],[118.6523,-28.0332],[118.0206,-27.2058],[118.029,-27.1871],[118.0125,-27.1822],[117.9767,-27.2058],[117.746,-27.2497],[117.5702,-27.4644],[116.7572,-27.9507],[116.2354,-28.2995],[115.8819,-28.5743],[115.8563,-28.5942],[115.8179,-28.5692],[115.8179,-28.6086],[116.0761,-29.0226],[116.2738,-29.2672],[116.3124,-29.254]]]},"properties":{"NAME":"Badimaya","SUBJECTO":"Badimaya","PARTOF":"Badimaya","BORDERPRECISION":3,"LINK":null}},
{"type":"Feature","geometry":{"type":"Polygon","coordinates":[[[130.2739,-13.3632],[130.234,-13.4343],[130.2181,-13.4625],[130.2814,-13.435],[130.2928,-13.4263],[130.3054,-13.4167],[130.3198,-13.4056],[130.3555,-13.3896],[130.3644,-13.3884],[130.3854,-13.3854],[130.3959,-13.3839],[130.4681,-13.3736],[130.6055,-13.3736],[130.957,-13.4431],[131.1658,-13.4537],[131.3967,-13.4997],[131.4047,-13.4804],[131.4679,-13.4217],[131.5167,-13.4066],[131.5283,-13.3201],[131.5556,-13.2772],[131.5228,-13.2292],[131.1658,-13.0367],[130.403,-12.8609],[130.2739,-13.3632]]]},"properties":{"NAME":"Kungarakany","SUBJECTO":"Kungarakany","PARTOF":"Kungarakany","BORDERPRECISION":3,"LINK":null}},
{"type":"Feature","geometry":{"type":"Polygon","coordinates":[[[133.4695,-14.309],[133.5553,-14.3921],[134.0277,-14.7164],[134.0669,-14.7411],[134.1431,-14.7218],[134.1464,-14.7234],[134.2969,-14.7961],[134.7253,-15.1146],[134.8966,-15.1618],[134.9082,-15.165],[134.967,-15.0562],[134.9945,-14.9342],[134.9286,-14.7324],[134.8439,-14.6468],[134.8077,-14.6102],[133.8025,-13.9287],[133.6368,-13.6848],[133.6377,-13.71],[133.5773,-14.1099],[133.4836,-14.283],[133.4695,-14.309]]]},"properties":{"NAME":"Ngalakan","SUBJECTO":"Ngalakan","PARTOF":"Ngalakan","BORDERPRECISION":3,"LINK":null}},
{"type":"Feature","geometry":{"type":"Polygon","coordinates":[[[124.2224,-31.0341],[124.4312,-32.9441],[126.0127,-32.2712],[131.1112,-31.4618],[131.2427,-30.8079],[128.6871,-30.3358],[126.3585,-30.3841],[125.1894,-30.6467],[124.2224,-31.0341]]]},"properties":{"NAME":"Mirning","SUBJECTO":"Mirning","PARTOF":"Mirning","BORDERPRECISION":3,"LINK":null}},
{"type":"Feature","geometry":{"type":"Polygon","coordinates":[[[152.5367,-32.2079],[152.5799,-32.1441],[151.9135,-32.1431],[151.788,-32.0491],[151.7102,-32.2221],[151.6113,-32.519],[151.6017,-32.5161],[151.6058,-32.5237],[151.5948,-32.7457],[151.5912,-32.7521],[151.5787,-32.7738],[151.6882,-32.8011],[151.8256,-32.8473],[151.9258,-32.8448],[152.0123,-32.8427],[152.1661,-32.8057],[152.5367,-32.2079]]]},"properties":{"NAME":"Worimi","SUBJECTO":"Worimi","PARTOF":"Worimi","BORDERPRECISION":3,"LINK":null}},
{"type":"Feature","geometry":{"type":"Polygon","coordinates":[[[143.5083,-16.6093],[143.5254,-16.5941],[143.7012,-16.4888],[143.8839,-16.4888],[143.8934,-16.3096],[143.866,-16.2463],[143.8704,-16.1441],[143.7122,-16.1514],[143.5803,-16.088],[143.5803,-16.0106],[143.5583,-16.0036],[143.2178,-16.0036],[142.7344,-16.299],[143.3057,-16.5098],[143.4924,-16.5941],[143.5083,-16.6093]]]},"properties":{"NAME":"Kokomini","SUBJECTO":"Kokomini","PARTOF":"Kokomini","BORDERPRECISION":3,"LINK":null}},
{"type":"Feature","geometry":{"type":"Polygon","coordinates":[[[136.7286,-29.7964],[136.9226,-29.7358],[137.1897,-29.656],[137.2742,-29.6308],[137.2658,-29.5656],[137.2522,-29.4587],[137.1533,-29.1618],[136.9006,-28.517],[136.8896,-28.3141],[136.9006,-28.0138],[136.9006,-27.8375],[136.8896,-27.8391],[136.8161,-27.7334],[136.8018,-27.7127],[136.7249,-27.5375],[136.582,-27.401],[136.2524,-27.2937],[136.1388,-27.2398],[135.8789,-27.3718],[135.3735,-27.3523],[135.2789,-27.2501],[135.2116,-27.1773],[135.011,-27.44],[134.7693,-28.4011],[134.6265,-28.8158],[134.5319,-28.9355],[134.5775,-28.956],[134.7144,-29.0177],[135.3845,-29.5926],[136.4172,-29.5161],[136.582,-29.6021],[136.7102,-29.7719],[136.7286,-29.7964]]]},"properties":{"NAME":"Arabana","SUBJECTO":"Arabana","PARTOF":"Arabana","BORDERPRECISION":3,"LINK":null}},
{"type":"Feature","geometry":{"type":"Polygon","coordinates":[[[135.6305,-14.5317],[135.6545,-14.511],[135.7388,-14.4188],[135.8806,-14.203],[135.9645,-13.8913],[135.8288,-13.7327],[135.8289,-13.7286],[135.423,-13.6059],[135.3438,-13.5591],[135.2966,-13.6246],[135.2692,-13.654],[135.3241,-13.694],[135.5933,-14.1792],[135.5878,-14.3549],[135.5203,-14.4464],[135.5548,-14.456],[135.6317,-14.4985],[135.6305,-14.5317]]]},"properties":{"NAME":"Nunggubuyu","SUBJECTO":"Nunggubuyu","PARTOF":"Nunggubuyu","BORDERPRECISION":3,"LINK":null}},
{"type":"Feature","geometry":{"type":"Polygon","coordinates":[[[130.4462,-15.6918],[130.6219,-15.6971],[130.9241,-15.6548],[131.1548,-15.6548],[131.3864,-15.6592],[131.3361,-15.549],[131.2701,-15.4378],[131.1108,-15.3795],[131.0734,-15.3254],[130.9845,-15.4219],[130.5505,-15.4854],[130.3918,-15.4924],[130.4187,-15.5278],[130.4462,-15.6601],[130.4462,-15.6918]]]},"properties":{"NAME":"Nungali","SUBJECTO":"Nungali","PARTOF":"Nungali","BORDERPRECISION":3,"LINK":null}},
{"type":"Feature","geometry":{"type":"Polygon","coordinates":[[[147.7127,-22.4821],[147.6123,-22.4821],[147.4585,-22.4821],[147.2598,-22.5111],[147.2772,-22.5278],[147.1619,-22.9887],[147.1564,-23.3019],[147.1589,-23.3271],[147.1684,-23.3325],[147.3706,-23.2565],[147.6727,-23.1757],[147.832,-23.0595],[147.9977,-22.87],[147.8979,-22.7458],[147.8994,-22.7287],[147.8705,-22.7458],[147.7771,-22.6495],[147.7277,-22.543],[147.7127,-22.4821]]]},"properties":{"NAME":"Wangan","SUBJECTO":"Wangan","PARTOF":"Wangan","BORDERPRECISION":3,"LINK":null}},
{"type":"Feature","geometry":{"type":"Polygon","coordinates":[[[148.3605,-26.5164],[148.3652,-26.5262],[148.3815,-26.5796],[148.4507,-26.8997],[148.5105,-26.9929],[148.6091,-27.3916],[148.6052,-27.4315],[148.5661,-27.461],[148.5493,-27.4727],[148.5489,-27.4782],[148.4168,-27.5925],[148.4373,-27.6093],[148.4448,-27.6148],[148.471,-27.634],[148.489,-27.6951],[148.4901,-27.6989],[148.4769,-27.743],[148.4974,-27.7819],[148.5405,-27.8098],[148.5442,-27.809],[148.5547,-27.7989],[148.5665,-27.7981],[148.6006,-27.8088],[148.6217,-27.7886],[148.6169,-27.8366],[148.6691,-27.8301],[148.8366,-27.623],[149.1988,-27.9807],[149.3144,-27.9249],[149.3587,-27.8121],[149.4133,-27.7903],[149.4141,-27.7895],[149.3811,-27.7273],[149.3921,-27.4644],[149.4184,-27.3321],[149.2712,-27.3766],[149.3152,-26.8388],[149.4196,-26.4804],[149.4196,-26.3232],[149.4038,-26.3151],[149.3311,-26.296],[149.216,-26.3159],[148.988,-26.2441],[148.8292,-26.1212],[148.7179,-26.0753],[148.7053,-26.0676],[148.6089,-26.0092],[148.5471,-26.0092],[148.3995,-26.0246],[148.3446,-26.04],[148.3317,-26.0502],[148.332,-26.0692],[148.372,-26.082],[148.3804,-26.0934],[148.3985,-26.1177],[148.3587,-26.5061],[148.3605,-26.5164]]]},"properties":{"NAME":"Mandandanji","SUBJECTO":"Mandandanji","PARTOF":"Mandandanji","BORDERPRECISION":3,"LINK":null}},
{"type":"Feature","geometry":{"type":"Polygon","coordinates":[[[140.9985,-36.3137],[140.8008,-36.3417],[140.2954,-36.3417],[140.1261,-36.3316],[140.1718,-36.5449],[140.2377,-36.8357],[140.6772,-36.8554],[140.7177,-36.8937],[140.7898,-36.8576],[140.8997,-36.7829],[140.9879,-36.7491],[140.9985,-36.5185],[140.9985,-36.3137]]]},"properties":{"NAME":"Bindjali","SUBJECTO":"Bindjali","PARTOF":"Bindjali","BORDERPRECISION":3,"LINK":null}},
{"type":"Feature","geometry":{"type":"Polygon","coordinates":[[[139.9895,-20.0783],[140.0098,-19.8494],[140.0208,-19.031],[139.9329,-18.7919],[139.904,-18.4915],[139.8999,-18.4483],[140.0419,-18.4087],[139.9988,-18.2189],[139.812,-17.9892],[139.7125,-17.9631],[139.6691,-17.9517],[139.4934,-17.9056],[139.3594,-17.9226],[139.3305,-17.9262],[139.3286,-17.9265],[139.3286,-18.8231],[139.1677,-19.1194],[139.2079,-19.1599],[139.4604,-19.4148],[139.7571,-19.8287],[139.9895,-20.0783]]]},"properties":{"NAME":"Mayi-Kutuna","SUBJECTO":"Mayi-Kutuna","PARTOF":"Mayi-Kutuna","BORDERPRECISION":3,"LINK":null}},
{"type":"Feature","geometry":{"type":"Polygon","coordinates":[[[117.0937,-21.039],[117.0736,-21.0403],[117.0264,-21.0435],[116.889,-21.3405],[116.8818,-21.3857],[116.8778,-21.4106],[116.944,-21.4224],[117.2626,-21.734],[117.4823,-21.8156],[117.6746,-21.943],[117.8067,-22.0564],[117.8429,-22.0729],[117.8943,-22.0398],[118.2019,-22.0805],[118.9105,-22.3298],[118.9235,-22.3358],[118.9298,-22.3303],[118.9105,-22.2789],[118.9819,-22.0602],[119.0282,-22.0149],[119.0325,-22.0107],[119.0276,-22.0089],[118.96,-21.9838],[118.6523,-21.7085],[118.6453,-21.6367],[118.6159,-21.6265],[118.3942,-21.5502],[118.114,-21.4326],[117.982,-21.3323],[117.9621,-21.3172],[117.9053,-21.274],[117.4219,-21.0999],[117.1802,-21.0332],[117.0937,-21.039]]]},"properties":{"NAME":"Yindjibarndi","SUBJECTO":"Yindjibarndi","PARTOF":"Yindjibarndi","BORDERPRECISION":3,"LINK":null}},
{"type":"Feature","geometry":{"type":"Polygon","coordinates":[[[122.8873,-18.4619],[122.8821,-18.4483],[122.7502,-18.365],[122.2339,-18.1876],[122.2247,-18.1898],[122.2211,-18.1906],[122.1965,-18.2437],[121.7608,-18.5371],[121.5763,-18.7027],[121.5459,-18.7712],[121.5444,-18.7863],[121.8384,-18.8439],[122.4866,-18.9582],[122.7361,-19.0251],[122.7508,-19.015],[122.7393,-18.9998],[122.8436,-18.5369],[122.8959,-18.4843],[122.8873,-18.4619]]]},"properties":{"NAME":"Karajarri","SUBJECTO":"Karajarri","PARTOF":"Karajarri","BORDERPRECISION":3,"LINK":null}},
{"type":"Feature","geometry":{"type":"Polygon","coordinates":[[[150.2257,-22.4796],[150.1253,-22.4238],[150.1886,-22.7863],[149.7986,-22.8724],[149.3976,-22.685],[149.3427,-22.4618],[149.2986,-22.3721],[149.2877,-22.3501],[149.2822,-22.3504],[149.1119,-22.3602],[148.8757,-22.3602],[148.8739,-22.3624],[148.8487,-22.3923],[148.7988,-22.4516],[149.1888,-23.1808],[149.2082,-23.2071],[149.2752,-23.1784],[149.2932,-23.1707],[149.4415,-23.3927],[149.7052,-23.5489],[150.0842,-23.4985],[150.3233,-23.564],[150.3398,-23.5685],[150.5072,-23.6143],[150.5448,-23.669],[150.5681,-23.7029],[150.639,-23.6596],[150.7764,-23.569],[150.7999,-23.5582],[150.7966,-23.5043],[150.7544,-22.8115],[150.3556,-22.5517],[150.2257,-22.4796]]]},"properties":{"NAME":"Darumbal","SUBJECTO":"Darumbal","PARTOF":"Darumbal","BORDERPRECISION":3,"LINK":null}},
{"type":"Feature","geometry":{"type":"Polygon","coordinates":[[[144.6141,-37.9381],[144.6185,-37.9485],[144.6059,-38.028],[144.7309,-38.0772],[144.9698,-38.0658],[145.5043,-38.4415],[145.5359,-38.7225],[146.5259,-39.1806],[146.4277,-38.8996],[146.6345,-38.877],[146.6345,-38.8739],[146.6276,-38.7611],[146.4532,-38.7498],[146.3269,-38.7498],[146.217,-38.7284],[146.2939,-38.4407],[146.3069,-38.3838],[146.0522,-38.3589],[144.9866,-37.8575],[144.7339,-37.9182],[144.6141,-37.9381]]]},"properties":{"NAME":"Boonwurrung","SUBJECTO":"Boonwurrung","PARTOF":"Boonwurrung","BORDERPRECISION":3,"LINK":null}},
{"type":"Feature","geometry":{"type":"Polygon","coordinates":[[[140.3721,-21.7758],[140.2954,-21.9227],[140.3064,-22.0449],[140.2933,-22.1599],[140.5481,-22.3704],[140.9283,-22.378],[140.9786,-22.3104],[140.9546,-22.2993],[140.9436,-21.9532],[140.949,-21.9382],[140.8557,-21.9634],[140.7898,-21.7697],[140.7657,-21.7193],[140.7294,-21.7391],[140.4218,-21.7646],[140.3721,-21.7758]]]},"properties":{"NAME":"Yanda","SUBJECTO":"Yanda","PARTOF":"Yanda","BORDERPRECISION":3,"LINK":null}},
{"type":"Feature","geometry":{"type":"Polygon","coordinates":[[[144.4871,-18.3312],[144.4815,-18.5023],[144.4812,-18.5109],[144.4922,-19.0413],[144.4263,-19.2593],[144.2725,-19.4666],[144.2189,-19.5474],[144.1626,-19.6322],[144.1621,-19.6479],[144.1516,-19.9527],[144.1187,-20.2416],[144.1187,-20.4167],[144.1033,-20.4503],[144.0857,-20.4888],[144.307,-20.4664],[144.8987,-20.4064],[145.2832,-20.4476],[145.5191,-20.5183],[145.5579,-20.5299],[145.5875,-20.516],[145.8435,-20.3961],[146.3379,-20.3446],[146.6016,-20.4476],[146.9238,-20.5482],[146.9301,-20.5502],[146.9312,-20.5505],[147.063,-20.6225],[147.137,-20.5681],[147.1608,-20.5505],[147.2168,-20.5094],[147.2717,-20.0869],[147.223,-19.9114],[147.2089,-19.8604],[147.2058,-19.8494],[146.8103,-19.8391],[146.8111,-19.8217],[146.8213,-19.6115],[146.8542,-19.4977],[146.8542,-19.4044],[146.7913,-19.387],[146.7093,-19.3642],[146.6743,-19.3545],[146.6675,-19.3526],[146.6008,-19.3358],[146.5676,-19.3275],[146.5027,-19.3111],[146.3489,-19.2385],[145.9644,-18.8855],[145.8545,-18.6775],[145.8282,-18.6459],[145.6897,-18.4796],[145.684,-18.4753],[145.5249,-18.3545],[145.4041,-18.1459],[145.3962,-18.1217],[145.3981,-18.1185],[145.3947,-18.117],[145.3601,-18.0101],[145.3381,-17.8533],[145.2832,-17.6754],[145.2109,-17.5789],[145.202,-17.5671],[145.1733,-17.5288],[144.9097,-17.5498],[144.8053,-17.5498],[144.7723,-17.5498],[144.646,-17.5498],[144.4922,-18.1772],[144.4871,-18.3312]]]},"properties":{"NAME":"Gugu-Badhun","SUBJECTO":"Gugu-Badhun","PARTOF":"Gugu-Badhun","BORDERPRECISION":3,"LINK":null}},
{"type":"Feature","geometry":{"type":"Polygon","coordinates":[[[120.5296,-32.9594],[120.3772,-33.0087],[120.2014,-33.0823],[120.1931,-33.0856],[120.0349,-33.148],[120.0146,-33.1559],[119.9484,-33.153],[119.6082,-33.1376],[119.1687,-33.1376],[118.4766,-33.1099],[118.4914,-33.1362],[118.5754,-33.2846],[118.6885,-33.5376],[118.7842,-33.7517],[119.0741,-33.9858],[119.5082,-34.3364],[123.623,-33.9151],[123.9222,-33.5214],[123.9547,-33.4787],[123.6511,-33.1376],[122.8282,-33.0553],[122.8275,-33.0552],[122.7995,-33.1645],[122.7548,-33.3913],[120.7134,-33.1715],[120.5816,-33.052],[120.5377,-32.9692],[120.5296,-32.9594]]]},"properties":{"NAME":"Wudjari","SUBJECTO":"Wudjari","PARTOF":"Wudjari","BORDERPRECISION":3,"LINK":null}},
{"type":"Feature","geometry":{"type":"Polygon","coordinates":[[[130.2909,-17.1222],[130.282,-17.1788],[130.2869,-17.1828],[130.2869,-17.2877],[130.9351,-17.3716],[130.9399,-17.3945],[130.968,-17.3926],[131.3855,-16.773],[131.391,-16.6998],[131.3635,-16.7151],[131.2646,-16.552],[131.0779,-16.4677],[130.9597,-16.4223],[130.957,-16.4414],[130.6824,-16.6941],[130.3308,-17.0935],[130.2909,-17.1222]]]},"properties":{"NAME":"Bilinara","SUBJECTO":"Bilinara","PARTOF":"Bilinara","BORDERPRECISION":3,"LINK":null}},
{"type":"Feature","geometry":{"type":"MultiPolygon","coordinates":[[[[130.3854,-13.3854],[130.4024,-13.3921],[130.3959,-13.3839],[130.3854,-13.3854]]],[[[130.3054,-13.4167],[130.3039,-13.4299],[130.3198,-13.435],[130.3336,-13.4484],[130.3644,-13.3884],[130.3555,-13.3896],[130.3198,-13.4056],[130.3054,-13.4167]]]]},"properties":{"NAME":"Tjerratj","SUBJECTO":"Tjerratj","PARTOF":"Tjerratj","BORDERPRECISION":3,"LINK":null}},
{"type":"Feature","geometry":{"type":"Polygon","coordinates":[[[152.9816,-31.2972],[152.984,-31.2681],[152.9462,-31.2504],[152.0013,-31.0906],[151.6553,-31.0623],[151.6526,-31.0622],[151.6138,-31.0607],[151.4246,-31.0529],[151.3147,-31.1094],[151.3363,-31.162],[151.4575,-31.4568],[151.4269,-31.6134],[151.4246,-31.6253],[151.3477,-31.6362],[151.441,-31.6627],[151.5564,-31.7375],[151.7706,-32.036],[151.7854,-32.0471],[151.788,-32.0491],[151.9135,-32.1431],[152.5799,-32.1441],[152.582,-32.1409],[152.834,-31.7683],[152.9719,-31.4182],[152.9816,-31.2972]]]},"properties":{"NAME":"Biripi","SUBJECTO":"Biripi","PARTOF":"Biripi","BORDERPRECISION":3,"LINK":null}},
{"type":"Feature","geometry":{"type":"Polygon","coordinates":[[[142.1183,-28.4203],[142.1027,-28.6858],[142.1082,-29.0658],[142.1301,-29.2624],[142.1356,-29.5161],[142.1382,-29.6308],[142.1741,-29.6308],[142.3828,-29.6308],[143.064,-29.7167],[143.364,-29.7448],[143.3936,-29.6594],[143.2947,-28.7965],[143.3693,-28.7725],[143.0175,-28.7357],[142.9541,-28.7291],[142.663,-28.6713],[142.4048,-28.5942],[142.3194,-28.5274],[142.3114,-28.5363],[142.2738,-28.5137],[142.1183,-28.4203]]]},"properties":{"NAME":"Karenggapa","SUBJECTO":"Karenggapa","PARTOF":"Karenggapa","BORDERPRECISION":3,"LINK":null}},
{"type":"Feature","geometry":{"type":"Polygon","coordinates":[[[149.0304,-25.1781],[149.0297,-25.1771],[149.0273,-25.1775],[148.8559,-25.2036],[148.8569,-25.2302],[148.8594,-25.2502],[148.8655,-25.2983],[148.8612,-25.409],[148.8186,-25.4796],[148.9412,-25.8973],[148.6376,-25.8551],[148.368,-25.9586],[148.3313,-26.0263],[148.3317,-26.0502],[148.3446,-26.04],[148.3995,-26.0246],[148.5471,-26.0092],[148.6089,-26.0092],[148.7053,-26.0676],[148.8812,-26.0864],[148.9203,-26.089],[148.9746,-25.963],[149.0186,-25.5424],[149.024,-25.2944],[149.024,-25.195],[149.024,-25.1801],[149.027,-25.1792],[149.0304,-25.1781]]]},"properties":{"NAME":"Gungabula","SUBJECTO":"Gungabula","PARTOF":"Gungabula","BORDERPRECISION":3,"LINK":null}},
{"type":"Feature","geometry":{"type":"Polygon","coordinates":[[[142.8716,-13.0932],[142.8827,-13.133],[142.9211,-13.5339],[142.9266,-13.9661],[142.9527,-14.1849],[142.9541,-14.1845],[143.1848,-14.1046],[143.2952,-14.0898],[143.3441,-14.0833],[143.3551,-14.0194],[143.3943,-13.8207],[143.3959,-13.8123],[143.4045,-13.7687],[143.421,-13.4804],[143.421,-13.395],[143.421,-13.3789],[143.4059,-13.3442],[143.3441,-13.2025],[143.1903,-12.9831],[143.1572,-12.9555],[143.1369,-12.9385],[143.1134,-12.9189],[142.9795,-12.9904],[142.9737,-12.9936],[142.9431,-13.0099],[142.8578,-13.0741],[142.8662,-13.0741],[142.8716,-13.0932]]]},"properties":{"NAME":"Kaantju","SUBJECTO":"Kaantju","PARTOF":"Kaantju","BORDERPRECISION":3,"LINK":null}},
{"type":"Feature","geometry":{"type":"Polygon","coordinates":[[[144.3073,-32.9526],[144.3139,-32.9603],[144.5142,-33.1927],[145.0635,-33.5597],[144.668,-33.8887],[144.6584,-34.024],[144.6549,-34.0726],[144.646,-34.1982],[144.7559,-34.6332],[144.7842,-34.6734],[144.798,-34.693],[144.8555,-34.7745],[144.8546,-34.7762],[144.8767,-34.8048],[144.877,-34.805],[144.9976,-34.976],[145.1095,-35.2202],[145.1294,-35.2636],[145.1349,-35.3022],[145.1953,-35.7287],[145.5469,-35.9246],[145.7983,-35.9878],[145.8167,-35.9924],[146.1841,-36.0846],[146.9531,-36.1201],[147.2052,-36.1016],[147.2251,-36.1002],[147.4365,-36.0846],[147.8101,-36.0846],[147.9858,-36.0846],[148.0052,-36.0062],[148.0957,-35.6394],[148.1396,-35.3353],[148.1396,-35.2053],[148.1396,-35.1469],[148.1396,-34.976],[148.1396,-34.6874],[148.2715,-34.4522],[148.4001,-34.3815],[148.4692,-34.3434],[148.5307,-34.3356],[148.7549,-34.3071],[148.8733,-34.2888],[149.0397,-34.263],[149.1064,-34.2527],[149.6777,-34.0891],[149.8755,-33.7974],[149.9989,-33.2308],[150.0084,-33.1871],[150.0513,-32.9902],[150.0957,-32.8161],[150.1099,-32.7605],[150.1172,-32.7318],[149.9593,-32.4433],[149.9386,-32.4055],[149.8535,-32.25],[149.7236,-32.1033],[149.7047,-32.082],[149.6558,-32.0267],[149.1738,-31.837],[149.0415,-31.7849],[148.7549,-31.6721],[147.3047,-31.6721],[147.2496,-31.6821],[147.1258,-31.7047],[146.6895,-31.7842],[144.9536,-32.6024],[144.8657,-32.8796],[144.3434,-32.8645],[144.2295,-32.8612],[144.2285,-32.8611],[144.2297,-32.8625],[144.2902,-32.9327],[144.3073,-32.9526]]]},"properties":{"NAME":"Wiradjuri","SUBJECTO":"Wiradjuri","PARTOF":"Wiradjuri","BORDERPRECISION":3,"LINK":null}},
{"type":"Feature","geometry":{"type":"Polygon","coordinates":[[[146.6743,-19.3545],[146.7087,-19.3628],[146.7093,-19.3642],[146.7913,-19.387],[146.7963,-19.3552],[146.6305,-19.2599],[146.6291,-19.27],[146.6008,-19.3358],[146.6675,-19.3526],[146.6743,-19.3545]]]},"properties":{"NAME":"Wulgurukaba","SUBJECTO":"Wulgurukaba","PARTOF":"Wulgurukaba","BORDERPRECISION":3,"LINK":null}},
{"type":"Feature","geometry":{"type":"Polygon","coordinates":[[[138.9361,-26.1949],[138.8892,-26.1949],[138.8892,-26.3427],[138.219,-26.3623],[138.1348,-26.4001],[138.1531,-26.4312],[138.1556,-26.463],[138.1641,-26.5689],[138.3069,-26.9808],[138.3728,-27.2644],[138.4021,-27.375],[138.4167,-27.362],[139.1858,-27.3815],[139.6033,-27.2546],[139.7791,-27.2253],[139.9766,-27.233],[139.9933,-27.1618],[140.0867,-26.8143],[140.224,-26.4607],[140.3386,-26.274],[140.3448,-26.2639],[140.3599,-26.2296],[140.1965,-26.2836],[139.7791,-26.2836],[139.4714,-26.2047],[139.1309,-26.1949],[138.9936,-26.1949],[138.9361,-26.1949]]]},"properties":{"NAME":"Ngamini","SUBJECTO":"Ngamini","PARTOF":"Ngamini","BORDERPRECISION":3,"LINK":null}},
{"type":"Feature","geometry":{"type":"Polygon","coordinates":[[[143.1483,-38.7472],[143.1519,-38.7541],[143.4485,-38.5739],[143.4426,-38.5346],[143.4418,-38.5293],[143.4375,-38.5009],[143.3979,-38.49],[143.3949,-38.4867],[143.3909,-38.4881],[143.3276,-38.4708],[143.2233,-38.4536],[143.0365,-38.4019],[142.998,-38.3675],[143.0804,-38.0481],[143.0804,-37.9139],[143.0804,-37.8108],[143.0475,-37.8014],[143.031,-37.7968],[142.9871,-37.749],[142.9801,-37.7147],[142.8552,-37.8011],[142.7618,-37.9918],[142.7097,-38.0008],[142.7097,-38.0243],[142.6641,-38.0526],[142.6606,-38.0634],[142.6767,-38.0978],[142.6904,-38.1497],[142.663,-38.2802],[142.5874,-38.3826],[142.5517,-38.3976],[142.547,-38.3992],[142.5311,-38.4708],[142.6904,-38.5997],[142.9871,-38.6598],[143.1299,-38.7112],[143.1483,-38.7472]]]},"properties":{"NAME":"Giraiwurung","SUBJECTO":"Giraiwurung","PARTOF":"Giraiwurung","BORDERPRECISION":3,"LINK":null}},
{"type":"Feature","geometry":{"type":"Polygon","coordinates":[[[142.9795,-12.9904],[143.1134,-12.9189],[143.1369,-12.9385],[143.1572,-12.9555],[143.2205,-12.9269],[143.3606,-12.8654],[143.3784,-12.8428],[143.3759,-12.8328],[143.3712,-12.8138],[143.2923,-12.6868],[142.9708,-12.535],[143.1121,-12.2461],[143.1026,-12.24],[143.0997,-12.238],[142.9074,-12.2756],[142.8487,-12.2841],[142.8612,-12.3076],[142.8799,-12.3427],[142.9431,-12.6216],[142.939,-12.6216],[142.9678,-12.6779],[142.9843,-12.9778],[142.9795,-12.9904]]]},"properties":{"NAME":"Kuuku-ya’u","SUBJECTO":"Kuuku-ya’u","PARTOF":"Kuuku-ya’u","BORDERPRECISION":3,"LINK":null}},
{"type":"Feature","geometry":{"type":"Polygon","coordinates":[[[121.333,-21.994],[121.2203,-22.0124],[121.1946,-22.0166],[121.1462,-22.0245],[121.1208,-22.0559],[121.0803,-22.106],[121.1038,-22.1986],[121.1243,-22.2789],[121.1243,-23.0494],[121.0034,-23.3019],[121.002,-23.3035],[120.954,-23.3574],[120.9602,-23.3877],[120.9705,-23.438],[121.9537,-24.5271],[122.8381,-25.2993],[122.8718,-25.3345],[122.9095,-25.3738],[122.9503,-25.4021],[122.981,-25.4234],[124.2664,-24.257],[125.2551,-24.4672],[125.4685,-24.5703],[125.5278,-24.5989],[125.6067,-24.637],[126.156,-24.2269],[128.0127,-24.1066],[127.9657,-24.0587],[127.8948,-23.9863],[127.8259,-23.916],[127.4304,-23.6546],[127.0459,-23.3019],[126.5625,-22.3501],[126.3098,-22.0449],[126.1976,-21.9623],[126.1569,-21.9324],[125.9912,-21.8105],[125.8408,-21.8105],[125.5188,-21.8105],[125.387,-21.8105],[124.0906,-22.3501],[123.8928,-21.637],[123.4094,-21.361],[123.2886,-21.3712],[123.2739,-21.3725],[123.1677,-21.3815],[122.5415,-22.411],[121.333,-21.994]]]},"properties":{"NAME":"Mardu","SUBJECTO":"Mardu","PARTOF":"Mardu","BORDERPRECISION":3,"LINK":null}},
{"type":"Feature","geometry":{"type":"Polygon","coordinates":[[[118.8841,-34.2822],[118.9215,-34.289],[119.1357,-34.5201],[119.3542,-34.5458],[119.4604,-34.4015],[119.1632,-34.1027],[119.0741,-33.9858],[118.7842,-33.7517],[118.6885,-33.5376],[118.6743,-33.5231],[118.4381,-33.1651],[118.3706,-33.151],[118.1744,-33.2548],[118.088,-33.2798],[117.8613,-33.3948],[117.6326,-33.4961],[117.529,-33.5528],[117.4878,-33.5872],[117.4493,-33.6512],[117.6526,-33.8111],[117.6652,-33.9469],[117.691,-33.9889],[117.6721,-34.0216],[117.6746,-34.0481],[117.5812,-34.2618],[118.5699,-34.2254],[118.7297,-34.2543],[118.8666,-34.2572],[118.8841,-34.2822]]]},"properties":{"NAME":"Goreng","SUBJECTO":"Goreng","PARTOF":"Goreng","BORDERPRECISION":3,"LINK":null}},
{"type":"Feature","geometry":{"type":"Polygon","coordinates":[[[133.9997,-12.2658],[134.0057,-12.2541],[133.7615,-11.9972],[133.7256,-11.9891],[133.5592,-11.9513],[133.0142,-12.0769],[133.5773,-12.9939],[133.6222,-12.9202],[133.5992,-12.9028],[133.8519,-12.3883],[133.9838,-12.2702],[133.9984,-12.2684],[133.9997,-12.2658]]]},"properties":{"NAME":"Gunwinggu","SUBJECTO":"Gunwinggu","PARTOF":"Gunwinggu","BORDERPRECISION":3,"LINK":null}},
{"type":"Feature","geometry":{"type":"Polygon","coordinates":[[[115.3773,-24.9953],[115.3739,-24.9944],[115.2631,-24.9661],[115.2154,-24.9607],[115.03,-24.9397],[114.8676,-24.9213],[114.137,-24.672],[113.7579,-24.7269],[113.6316,-24.7817],[113.6116,-24.8076],[113.5547,-24.8815],[113.6206,-25.0906],[113.7524,-25.3242],[113.9552,-25.6345],[114.0051,-25.7108],[114.2139,-25.7653],[114.5709,-25.7653],[114.7275,-25.7516],[114.7276,-25.7495],[114.7302,-25.7108],[115.8234,-25.5524],[115.8124,-25.2944],[115.8419,-25.2266],[115.8289,-25.2099],[115.8196,-25.2038],[115.7684,-25.1701],[115.752,-25.1768],[115.4388,-25.011],[115.3773,-24.9953]]]},"properties":{"NAME":"Yinggarda","SUBJECTO":"Yinggarda","PARTOF":"Yinggarda","BORDERPRECISION":3,"LINK":null}},
{"type":"Feature","geometry":{"type":"Polygon","coordinates":[[[145.8695,-17.195],[145.7175,-16.9782],[145.5853,-17.23],[145.5482,-17.2423],[145.643,-17.2851],[145.7227,-17.3349],[145.9614,-17.429],[145.8695,-17.195]]]},"properties":{"NAME":"Yidinjdji","SUBJECTO":"Yidinjdji","PARTOF":"Yidinjdji","BORDERPRECISION":3,"LINK":null}},
{"type":"Feature","geometry":{"type":"Polygon","coordinates":[[[132.3035,-23.0134],[132.2754,-23.0393],[132.2701,-23.0424],[132.0337,-23.1808],[132.0337,-23.6647],[133.2422,-25.4433],[133.7695,-26.0173],[133.7939,-26.0319],[133.8715,-26.0783],[134.165,-26.254],[134.6924,-26.6867],[135.0659,-27.02],[135.2116,-27.1773],[135.2789,-27.2501],[135.3735,-27.3523],[135.8789,-27.3718],[136.1388,-27.2398],[136.1865,-27.2156],[136.1865,-27.2016],[136.1865,-26.726],[136.2744,-26.1357],[136.2744,-25.0856],[136.2707,-25.0594],[136.1646,-24.3071],[136.1646,-23.3019],[136.1203,-23.1256],[136.0986,-23.0393],[134.3188,-23.0191],[133.9833,-22.977],[133.8354,-22.9584],[133.2202,-22.9179],[133.1918,-22.9111],[132.627,-22.7762],[132.5391,-22.7964],[132.3035,-23.0134]]]},"properties":{"NAME":"Arrernte","SUBJECTO":"Arrernte","PARTOF":"Arrernte","BORDERPRECISION":3,"LINK":null}},
{"type":"Feature","geometry":{"type":"MultiPolygon","coordinates":[[[[142.6443,-11.0927],[142.3376,-10.9154],[142.2674,-10.9899],[142.6218,-11.0895],[142.6465,-11.0976],[142.6443,-11.0927]]],[[[142.6858,-11.1832],[142.6987,-11.6953],[142.6892,-11.7674],[142.7701,-11.741],[142.792,-11.7382],[142.7952,-11.7566],[142.7492,-11.3213],[142.6858,-11.1832]]]]},"properties":{"NAME":"Yadhaigana","SUBJECTO":"Yadhaigana","PARTOF":"Yadhaigana","BORDERPRECISION":3,"LINK":null}},
{"type":"Feature","geometry":{"type":"Polygon","coordinates":[[[139.1302,-34.534],[138.9661,-34.6016],[138.7739,-34.6572],[138.7903,-34.6874],[138.7903,-34.8589],[138.5815,-35.3353],[138.5769,-35.3432],[138.9963,-35.0795],[139.0998,-35.0768],[139.1418,-35.003],[139.1638,-34.7326],[139.1302,-34.534]]]},"properties":{"NAME":"Peramangk","SUBJECTO":"Peramangk","PARTOF":"Peramangk","BORDERPRECISION":3,"LINK":null}},
{"type":"Feature","geometry":{"type":"Polygon","coordinates":[[[138.7375,-22.1215],[138.5775,-22.1129],[138.4497,-22.106],[138.252,-22.6546],[138.2629,-23.2918],[138.3618,-23.6445],[138.3618,-23.6695],[138.3618,-23.916],[138.3728,-24.3071],[138.3728,-24.5771],[138.3728,-24.7069],[138.3838,-24.7069],[138.4717,-25.2447],[138.5925,-25.5226],[138.7244,-25.7405],[138.8138,-25.9089],[138.8452,-25.9679],[138.8277,-25.9704],[138.8467,-25.9856],[138.8617,-25.9975],[138.9159,-25.9281],[139.1089,-25.6811],[139.1968,-25.5524],[139.3204,-25.3131],[139.3506,-25.2546],[139.3704,-25.2205],[139.4604,-25.0657],[139.6033,-24.667],[139.5969,-24.6466],[139.5953,-24.6415],[139.4934,-24.4871],[139.1199,-24.0766],[138.7354,-23.3876],[139.0594,-22.9483],[139.1693,-22.6292],[139.1748,-22.3856],[139.2006,-22.2635],[139.2223,-22.1611],[139.2078,-22.1467],[138.7375,-22.1215]]]},"properties":{"NAME":"Wangkamana","SUBJECTO":"Wangkamana","PARTOF":"Wangkamana","BORDERPRECISION":3,"LINK":null}},
{"type":"Feature","geometry":{"type":"Polygon","coordinates":[[[132.398,-12.3289],[132.193,-12.7663],[132.4292,-12.7475],[132.4301,-12.7413],[132.4072,-12.7207],[132.4,-12.3284],[132.398,-12.3289]]]},"properties":{"NAME":"Konbudj","SUBJECTO":"Konbudj","PARTOF":"Konbudj","BORDERPRECISION":3,"LINK":null}},
{"type":"Feature","geometry":{"type":"Polygon","coordinates":[[[147.1289,-23.3473],[147.1619,-23.7803],[147.1948,-23.9511],[147.2149,-23.99],[147.235,-23.9913],[147.4284,-24.0038],[147.5967,-24.0205],[147.8455,-24.0339],[147.9845,-24.0272],[148.2131,-24.1196],[148.481,-24.3749],[148.4993,-24.3844],[148.542,-24.4068],[148.5592,-24.4188],[148.634,-24.3371],[148.7257,-24.2285],[148.6861,-24.1898],[148.6011,-24.1066],[148.5077,-23.559],[148.513,-23.5533],[148.5429,-23.5216],[148.5297,-23.4834],[148.2111,-23.0444],[148.0792,-22.8876],[148.0529,-22.8734],[148.0133,-22.8521],[147.9977,-22.87],[147.832,-23.0595],[147.6727,-23.1757],[147.3706,-23.2565],[147.1684,-23.3325],[147.1597,-23.3357],[147.1289,-23.3473]]]},"properties":{"NAME":"Gayiri","SUBJECTO":"Gayiri","PARTOF":"Gayiri","BORDERPRECISION":3,"LINK":null}},
{"type":"Feature","geometry":{"type":"Polygon","coordinates":[[[137.1897,-29.656],[137.5378,-29.5735],[138.4497,-29.6021],[138.4607,-29.5713],[138.4846,-29.5044],[138.6035,-29.1713],[138.6914,-28.4783],[138.4277,-28.1301],[138.2629,-27.8585],[138.23,-27.7711],[138.1825,-27.6995],[138.1539,-27.6565],[138.0762,-27.7322],[137.7246,-27.7905],[137.428,-27.7613],[136.9006,-27.8375],[136.9006,-28.0138],[136.8896,-28.3141],[136.9006,-28.517],[137.1533,-29.1618],[137.2522,-29.4587],[137.2658,-29.5656],[137.2742,-29.6308],[137.1897,-29.656]]]},"properties":{"NAME":"Dhirari","SUBJECTO":"Dhirari","PARTOF":"Dhirari","BORDERPRECISION":3,"LINK":null}},
{"type":"Feature","geometry":{"type":"Polygon","coordinates":[[[127.0716,-26.5836],[127.3096,-26.5885],[127.4304,-26.5787],[127.3379,-26.5296],[127.2657,-26.4912],[127.0789,-26.3919],[126.8701,-26.2343],[126.3647,-25.958],[126.134,-25.7603],[125.9033,-25.6514],[125.5847,-24.9661],[125.5847,-24.7468],[125.5148,-24.6107],[125.5078,-24.5971],[125.4685,-24.5703],[125.2551,-24.4672],[124.2664,-24.257],[122.981,-25.4234],[122.9503,-25.4021],[122.97,-25.5325],[122.948,-26.0272],[122.7942,-26.0074],[122.7771,-26.0074],[122.778,-26.0299],[122.7832,-26.1554],[122.8931,-26.4902],[122.956,-26.5606],[123.0584,-26.675],[123.1567,-26.7848],[123.728,-27.1569],[124.1675,-27.3523],[124.3571,-27.4645],[124.3652,-27.4693],[124.3933,-27.3968],[124.4861,-27.1569],[124.53,-26.8535],[124.7058,-26.4214],[125.2551,-25.9086],[126.3757,-26.4411],[126.8372,-26.5787],[126.9489,-26.581],[127.0716,-26.5836]]]},"properties":{"NAME":"Ngaanyatjarra","SUBJECTO":"Ngaanyatjarra","PARTOF":"Ngaanyatjarra","BORDERPRECISION":3,"LINK":null}},
{"type":"Feature","geometry":{"type":"Polygon","coordinates":[[[148.7107,-20.8474],[148.6472,-20.881],[148.689,-20.946],[148.8428,-21.1614],[149.0295,-21.494],[149.0722,-21.5913],[149.1284,-21.5859],[149.1362,-21.5954],[149.1833,-21.5706],[149.2794,-21.5408],[149.2002,-21.3142],[149.1015,-21.0601],[148.7107,-20.8474]]]},"properties":{"NAME":"Yuwi","SUBJECTO":"Yuwi","PARTOF":"Yuwi","BORDERPRECISION":3,"LINK":null}},
{"type":"Feature","geometry":{"type":"Polygon","coordinates":[[[125.6664,-17.0832],[125.6849,-17.0693],[125.7715,-17.0043],[125.8594,-16.9307],[125.9363,-16.8361],[126.5295,-16.8992],[126.8591,-16.5625],[126.958,-16.088],[127.0789,-16.0036],[127.2986,-16.0036],[127.4642,-16.0036],[127.5084,-16.0036],[127.5183,-16.0036],[127.738,-15.9825],[127.8464,-15.9223],[127.9382,-15.8714],[128.0237,-15.824],[128.1116,-15.6548],[128.1173,-15.5828],[128.1193,-15.5578],[128.1226,-15.5172],[128.0511,-15.4484],[128.048,-15.4453],[128.0237,-15.4219],[127.8259,-15.5595],[127.7161,-15.4643],[127.7161,-15.2948],[127.6606,-15.2413],[127.6502,-15.2312],[127.6172,-15.1994],[127.4414,-15.1782],[127.3755,-14.7005],[127.291,-14.4824],[127.2766,-14.4453],[127.2437,-14.438],[126.991,-14.3815],[126.749,-14.3815],[126.7477,-14.3808],[126.7473,-14.3815],[126.6943,-14.3815],[126.0461,-14.6367],[126.0265,-14.6832],[126.0022,-14.7406],[125.9473,-14.8705],[125.8484,-15.5066],[125.7454,-15.732],[125.7275,-15.7711],[125.702,-15.7826],[125.5627,-15.8451],[125.0024,-15.7923],[124.8157,-15.9402],[124.7827,-16.2358],[124.7917,-16.3438],[124.7941,-16.3728],[124.8047,-16.4993],[124.8463,-16.53],[125.6177,-17.1198],[125.6664,-17.0832]]]},"properties":{"NAME":"Ngarinyin","SUBJECTO":"Ngarinyin","PARTOF":"Ngarinyin","BORDERPRECISION":3,"LINK":null}},
{"type":"Feature","geometry":{"type":"Polygon","coordinates":[[[152.8047,-27.281],[152.8118,-27.2949],[152.7963,-27.3248],[152.8517,-27.4106],[152.8208,-27.4598],[152.8859,-27.4847],[152.8814,-27.4986],[152.9756,-27.541],[153.0256,-27.4705],[152.9462,-27.341],[152.9813,-27.2779],[152.9252,-27.2704],[152.8818,-27.2511],[152.8521,-27.2259],[152.8297,-27.2171],[152.8047,-27.281]]]},"properties":{"NAME":"Turrbal","SUBJECTO":"Turrbal","PARTOF":"Turrbal","BORDERPRECISION":3,"LINK":null}},
{"type":"Feature","geometry":{"type":"Polygon","coordinates":[[[126.2744,-17.7182],[126.2219,-17.7278],[126.0571,-17.9265],[125.9567,-18.0394],[125.9488,-18.0482],[125.9363,-18.0623],[126.4856,-18.1354],[126.7383,-18.4796],[126.7754,-18.4796],[126.8115,-18.4796],[126.8921,-18.4796],[127.0294,-18.4692],[127.5458,-18.2607],[128.0566,-17.9369],[128.2324,-17.7173],[128.2937,-17.5615],[128.2983,-17.5498],[128.3281,-17.5521],[128.4302,-17.5602],[128.7817,-17.665],[128.8806,-17.7801],[128.9795,-17.8115],[128.9959,-17.8204],[129.0564,-17.8533],[129.0536,-17.8341],[129.0234,-17.6231],[128.8916,-17.1723],[128.8037,-16.6993],[128.9026,-16.6467],[129.1113,-16.6257],[129.2149,-16.6257],[129.2542,-16.6257],[129.2651,-16.6257],[129.342,-16.4572],[129.2871,-16.3412],[129.267,-16.3187],[129.2212,-16.2674],[129.1674,-16.2348],[129.0125,-16.1408],[128.0786,-15.8768],[127.9382,-15.8714],[127.8464,-15.9223],[127.738,-15.9825],[127.5183,-16.0036],[127.5084,-16.0036],[127.4583,-16.0406],[127.4084,-16.0775],[127.3206,-16.6678],[127.4963,-17.2038],[126.958,-17.4974],[126.4526,-17.6859],[126.309,-17.712],[126.2744,-17.7182]]]},"properties":{"NAME":"Kija","SUBJECTO":"Kija","PARTOF":"Kija","BORDERPRECISION":3,"LINK":null}},
{"type":"Feature","geometry":{"type":"Polygon","coordinates":[[[130.4572,-14.4879],[130.3857,-14.4879],[130.3426,-14.5111],[130.3424,-14.5112],[130.3363,-14.5145],[130.3363,-14.5729],[130.3473,-14.6686],[130.3506,-14.7164],[130.3528,-14.7483],[130.3885,-14.7536],[130.4242,-14.7589],[130.8472,-14.7643],[130.957,-14.7961],[130.9882,-14.8202],[131.0176,-14.7871],[131.0284,-14.7749],[131.792,-14.5836],[131.896,-14.5692],[131.8799,-14.4879],[131.8854,-14.4294],[131.9458,-14.291],[131.9568,-14.1153],[131.982,-14.0083],[131.992,-13.966],[131.9485,-13.8887],[131.5503,-13.5018],[131.5298,-13.4096],[131.5283,-13.403],[131.5167,-13.4066],[131.4679,-13.4217],[131.4047,-13.4804],[131.3967,-13.4997],[131.3416,-13.6326],[131.3373,-13.6443],[131.3113,-13.7154],[131.1548,-13.7661],[130.9076,-13.7794],[130.8696,-13.8007],[130.8554,-13.8087],[130.8559,-13.8141],[130.8636,-13.9047],[130.8774,-14.0167],[130.9076,-14.1818],[130.8911,-14.3203],[130.4572,-14.4879]]]},"properties":{"NAME":"Wagiman","SUBJECTO":"Wagiman","PARTOF":"Wagiman","BORDERPRECISION":3,"LINK":null}},
{"type":"Feature","geometry":{"type":"Polygon","coordinates":[[[141.9149,-12.1094],[141.898,-12.1024],[141.8633,-12.0997],[141.8586,-12.1075],[141.8246,-12.1633],[141.8445,-12.1709],[141.9049,-12.1763],[141.9297,-12.1783],[141.9255,-12.1541],[141.9166,-12.1266],[141.9155,-12.1156],[141.9149,-12.1094]]]},"properties":{"NAME":"Yupangathi","SUBJECTO":"Yupangathi","PARTOF":"Yupangathi","BORDERPRECISION":3,"LINK":null}},
{"type":"Feature","geometry":{"type":"Polygon","coordinates":[[[132.6815,-12.7798],[132.662,-12.7686],[132.6324,-12.785],[132.4786,-12.785],[132.4684,-12.7758],[132.4127,-12.8011],[132.3358,-12.9778],[132.3416,-12.9834],[132.3468,-12.9617],[132.6654,-13.0153],[132.7148,-12.9082],[132.7148,-12.8118],[132.7173,-12.8113],[132.7145,-12.8058],[132.7094,-12.7957],[132.6815,-12.7798]]]},"properties":{"NAME":"Ngombur","SUBJECTO":"Ngombur","PARTOF":"Ngombur","BORDERPRECISION":3,"LINK":null}},
{"type":"Feature","geometry":{"type":"Polygon","coordinates":[[[133.9592,-22.8879],[133.9833,-22.977],[134.3188,-23.0191],[136.0986,-23.0393],[136.1203,-23.1256],[136.4941,-23.0595],[136.907,-22.5762],[137.0654,-22.3907],[137.0435,-21.8411],[137.0232,-21.7092],[137.0135,-21.6464],[136.9775,-21.4122],[136.8896,-21.064],[136.7173,-20.8923],[136.6766,-20.8517],[136.5601,-20.7356],[136.3843,-20.715],[136.2921,-20.7562],[136.2505,-20.7748],[135.8789,-20.9409],[134.6704,-21.8003],[134.4067,-22.1264],[134.0967,-22.3076],[134.0165,-22.3545],[133.9893,-22.3704],[133.9453,-22.8369],[133.9592,-22.8879]]]},"properties":{"NAME":"Alyawarre","SUBJECTO":"Alyawarre","PARTOF":"Alyawarre","BORDERPRECISION":3,"LINK":null}},
{"type":"Feature","geometry":{"type":"Polygon","coordinates":[[[145.3358,-17.2622],[145.4315,-17.1828],[145.4919,-17.1854],[145.5323,-17.228],[145.5441,-17.2405],[145.5482,-17.2423],[145.5853,-17.23],[145.7175,-16.9782],[145.6857,-16.9329],[145.4511,-16.5982],[145.3937,-16.5489],[145.3436,-16.6257],[145.2722,-16.9675],[145.267,-17.102],[145.2679,-17.1119],[145.3217,-17.2353],[145.3358,-17.2622]]]},"properties":{"NAME":"Djabuganjdji","SUBJECTO":"Djabuganjdji","PARTOF":"Djabuganjdji","BORDERPRECISION":3,"LINK":null}},
{"type":"Feature","geometry":{"type":"Polygon","coordinates":[[[149.9593,-32.4433],[150.1831,-32.3753],[150.5566,-32.2593],[150.8533,-32.2593],[151.04,-32.315],[151.3037,-32.4263],[151.5556,-32.5022],[151.6017,-32.5161],[151.6113,-32.519],[151.7102,-32.2221],[151.788,-32.0491],[151.7854,-32.0471],[151.7706,-32.036],[151.5564,-31.7375],[151.441,-31.6627],[151.3477,-31.6362],[151.2927,-31.644],[150.8643,-31.7795],[150.282,-31.8915],[149.9634,-32.022],[149.7236,-32.1033],[149.8535,-32.25],[149.9386,-32.4055],[149.9593,-32.4433]]]},"properties":{"NAME":"Geawegal","SUBJECTO":"Geawegal","PARTOF":"Geawegal","BORDERPRECISION":3,"LINK":null}},
{"type":"Feature","geometry":{"type":"Polygon","coordinates":[[[134.6456,-17.6919],[134.6594,-17.6859],[134.6858,-17.6859],[134.967,-17.644],[135.1868,-17.644],[135.4529,-17.644],[135.4724,-17.6336],[135.5828,-17.5607],[135.6152,-17.5393],[135.9668,-17.1618],[136.0327,-16.9517],[136.0327,-16.8571],[136.0327,-16.8127],[136.0327,-16.773],[135.6702,-16.4572],[135.4595,-16.3662],[135.4504,-16.3623],[135.3955,-16.3623],[134.9121,-16.9097],[134.7034,-17.0778],[134.6717,-17.0949],[134.6594,-17.1093],[134.4878,-17.2011],[134.5056,-17.2353],[134.5056,-17.5393],[134.4479,-17.7775],[134.57,-17.7246],[134.6155,-17.6964],[134.6456,-17.6919]]]},"properties":{"NAME":"Ngandji","SUBJECTO":"Ngandji","PARTOF":"Ngandji","BORDERPRECISION":3,"LINK":null}},
{"type":"Feature","geometry":{"type":"MultiPolygon","coordinates":[[[[144.707,-31.5598],[144.4922,-31.7842],[144.2834,-32.3614],[144.2175,-32.7503],[144.2295,-32.8612],[144.3434,-32.8645],[144.8657,-32.8796],[144.9536,-32.6024],[146.6895,-31.7842],[147.1258,-31.7047],[147.2496,-31.6821],[147.2113,-31.5973],[147.1893,-31.1846],[146.9861,-30.8032],[146.9861,-30.5717],[146.3104,-30.1309],[146.261,-30.0215],[146.2468,-29.9998],[146.2143,-29.9496],[146.2115,-29.9454],[145.9698,-29.9502],[145.6787,-30.0929],[145.595,-30.168],[145.5359,-30.2211],[145.5111,-30.2275],[145.2063,-30.3065],[144.9961,-30.2756],[144.9866,-30.2742],[144.9481,-30.2686],[145.0635,-31.0153],[144.8547,-31.4099],[144.8038,-31.4612],[144.7339,-31.5317],[144.707,-31.5598]]],[[[144.2717,-32.9564],[144.3139,-32.9603],[144.3073,-32.9526],[144.2902,-32.9327],[144.2297,-32.8625],[144.2379,-32.9384],[144.2395,-32.9534],[144.2717,-32.9564]]]]},"properties":{"NAME":"Wongaibon","SUBJECTO":"Wongaibon","PARTOF":"Wongaibon","BORDERPRECISION":3,"LINK":null}},
{"type":"Feature","geometry":{"type":"Polygon","coordinates":[[[145.96,-28.0381],[146.0028,-28.1107],[146.1951,-28.3431],[147.2633,-29.0035],[147.3953,-29.0426],[147.4393,-29.0421],[147.4393,-29.0346],[147.4693,-29.0302],[147.7462,-28.9901],[147.8092,-28.9588],[147.9144,-28.8543],[148.1232,-28.6424],[148.266,-28.4639],[148.3884,-28.2923],[148.3818,-28.271],[148.0503,-27.7932],[147.679,-27.831],[147.594,-27.7485],[147.5371,-27.6956],[147.5349,-27.6955],[147.43,-27.6449],[147.2818,-27.4354],[147.0861,-27.5996],[147.0014,-27.2317],[146.9831,-27.1762],[146.8982,-27.1447],[146.8643,-27.1379],[146.8062,-27.1529],[146.6182,-27.2682],[146.4327,-27.2478],[146.3768,-27.162],[146.3821,-27.1465],[146.3136,-27.17],[146.1256,-27.2793],[145.845,-27.4947],[145.8094,-27.5543],[145.8103,-27.5789],[145.8126,-27.6379],[145.86,-27.8682],[145.9511,-28.023],[145.96,-28.0381]]]},"properties":{"NAME":"Kooma","SUBJECTO":"Kooma","PARTOF":"Kooma","BORDERPRECISION":3,"LINK":null}},
{"type":"Feature","geometry":{"type":"Polygon","coordinates":[[[141.8159,-12.6019],[141.8314,-12.617],[142.012,-12.5385],[142.0462,-12.5385],[142.0395,-12.517],[142.0369,-12.4988],[142.0258,-12.4205],[142.0038,-12.34],[141.9901,-12.2488],[141.9878,-12.1897],[141.9876,-12.183],[141.9357,-12.1788],[141.9297,-12.1783],[141.9049,-12.1763],[141.8445,-12.1709],[141.8246,-12.1633],[141.8124,-12.1833],[141.6934,-12.3788],[141.6785,-12.4678],[141.8159,-12.6019]]]},"properties":{"NAME":"Anguthimri","SUBJECTO":"Anguthimri","PARTOF":"Anguthimri","BORDERPRECISION":3,"LINK":null}},
{"type":"Feature","geometry":{"type":"Polygon","coordinates":[[[145.4519,-28.9674],[145.6018,-28.9793],[145.6057,-28.9731],[145.5579,-28.9312],[145.5654,-28.9188],[145.7666,-28.5845],[145.9094,-28.2463],[145.954,-28.0629],[145.9511,-28.023],[145.86,-27.8682],[145.8126,-27.6379],[145.8103,-27.5789],[145.6897,-27.557],[145.3217,-27.479],[145.281,-27.4896],[145.3381,-27.6446],[145.1459,-28.0817],[144.9426,-28.0914],[144.8997,-28.0843],[144.8621,-28.078],[144.7833,-28.256],[144.7119,-28.517],[144.6021,-28.7291],[144.572,-28.7656],[144.6877,-28.7874],[145.0415,-28.8543],[145.4313,-28.897],[145.481,-28.9024],[145.4519,-28.9674]]]},"properties":{"NAME":"Kunja","SUBJECTO":"Kunja","PARTOF":"Kunja","BORDERPRECISION":3,"LINK":null}},
{"type":"Feature","geometry":{"type":"Polygon","coordinates":[[[133.0796,-11.8949],[133.1164,-11.8775],[133.1378,-11.8673],[133.1735,-11.728],[132.929,-11.5332],[132.776,-11.578],[132.0406,-11.3825],[132.6263,-11.7499],[132.8027,-11.6065],[133.0582,-11.905],[133.0796,-11.8949]]]},"properties":{"NAME":"Iwaidja","SUBJECTO":"Iwaidja","PARTOF":"Iwaidja","BORDERPRECISION":3,"LINK":null}},
{"type":"Feature","geometry":{"type":"Polygon","coordinates":[[[138.774,-32.0632],[138.8013,-32.1477],[139.4055,-32.0919],[139.7131,-32.0919],[139.9749,-32.0741],[139.9878,-32.0733],[140.0607,-32.0733],[140.1636,-32.0733],[140.1506,-31.9769],[140.138,-31.8831],[140.1196,-31.7469],[140.0537,-31.4943],[140.0317,-31.3067],[139.8779,-31.0247],[139.8779,-30.8079],[140.0208,-30.335],[140.0512,-30.2297],[140.0647,-30.1831],[140.0931,-30.1235],[140.1416,-30.0215],[140.2185,-29.5639],[139.9768,-29.5161],[139.7241,-29.5065],[139.6283,-29.4996],[139.5923,-29.497],[139.5707,-29.5067],[139.4927,-29.5418],[139.4853,-29.5451],[139.433,-29.5687],[138.5101,-30.5812],[138.4387,-30.8645],[138.4717,-31.4802],[138.5266,-31.5739],[138.5615,-31.6928],[138.6293,-31.7207],[138.6475,-31.7282],[138.8397,-31.8729],[138.8397,-32.0314],[138.7858,-32.0575],[138.774,-32.0632]]]},"properties":{"NAME":"Andyamathanha","SUBJECTO":"Andyamathanha","PARTOF":"Andyamathanha","BORDERPRECISION":3,"LINK":null}},
{"type":"Feature","geometry":{"type":"Polygon","coordinates":[[[132.3416,-12.9834],[132.3248,-13.0527],[132.2919,-13.0741],[132.2901,-13.0879],[132.3688,-13.0955],[132.6489,-13.1597],[132.6667,-13.1681],[132.7176,-13.1357],[132.8329,-12.9644],[132.8357,-12.9028],[132.8485,-12.8427],[132.8396,-12.8302],[132.8302,-12.8172],[132.7643,-12.8011],[132.7234,-12.81],[132.7173,-12.8113],[132.7148,-12.8118],[132.7148,-12.9082],[132.6654,-13.0153],[132.3468,-12.9617],[132.3416,-12.9834]]]},"properties":{"NAME":"Mbukarla","SUBJECTO":"Mbukarla","PARTOF":"Mbukarla","BORDERPRECISION":3,"LINK":null}},
{"type":"Feature","geometry":{"type":"Polygon","coordinates":[[[115.8351,-23.8462],[115.8034,-23.8665],[115.7684,-24.0013],[115.6366,-24.2169],[115.5212,-24.6221],[115.4828,-24.6969],[115.4224,-24.8864],[115.3773,-24.9953],[115.4388,-25.011],[115.752,-25.1768],[115.7684,-25.1701],[115.8196,-25.2038],[115.8541,-25.1986],[115.8948,-25.1055],[116.0596,-24.9661],[116.1365,-24.7618],[116.2903,-24.647],[116.3375,-24.6173],[116.3665,-24.5618],[116.3452,-24.4622],[116.4496,-24.1818],[116.4331,-23.9762],[116.2738,-23.8758],[115.8948,-23.8557],[115.8351,-23.8462]]]},"properties":{"NAME":"Warriyangga","SUBJECTO":"Warriyangga","PARTOF":"Warriyangga","BORDERPRECISION":3,"LINK":null}},
{"type":"Feature","geometry":{"type":"Polygon","coordinates":[[[143.9698,-19.5855],[143.8879,-19.4873],[143.6462,-19.114],[143.5144,-18.6983],[143.4866,-18.5316],[143.3936,-18.5942],[143.1299,-18.6931],[143.0319,-18.7328],[143.02,-18.8231],[142.9357,-18.8086],[142.9541,-18.9479],[142.9431,-19.2074],[142.8531,-19.4313],[142.903,-19.4646],[142.9102,-19.4562],[143.9539,-19.5805],[143.9698,-19.5855]]]},"properties":{"NAME":"Yanga","SUBJECTO":"Yanga","PARTOF":"Yanga","BORDERPRECISION":3,"LINK":null}},
{"type":"Feature","geometry":{"type":"Polygon","coordinates":[[[148.6349,-20.8619],[148.6472,-20.881],[148.7107,-20.8474],[148.706,-20.8448],[148.7037,-20.2026],[148.0916,-20.1375],[148.1752,-20.1666],[148.299,-20.2725],[148.5901,-20.7921],[148.6349,-20.8619]]]},"properties":{"NAME":"Giya","SUBJECTO":"Giya","PARTOF":"Giya","BORDERPRECISION":3,"LINK":null}},
{"type":"Feature","geometry":{"type":"Polygon","coordinates":[[[132.6703,-12.7639],[132.7094,-12.7422],[132.6964,-12.6864],[132.6908,-12.6621],[132.6709,-12.576],[132.7246,-12.2009],[132.6995,-12.2192],[132.6285,-12.2712],[132.4256,-12.322],[132.4,-12.3284],[132.4072,-12.7207],[132.4301,-12.7413],[132.4684,-12.7758],[132.4786,-12.785],[132.6324,-12.785],[132.662,-12.7686],[132.6703,-12.7639]]]},"properties":{"NAME":"Gagudju","SUBJECTO":"Gagudju","PARTOF":"Gagudju","BORDERPRECISION":3,"LINK":null}},
{"type":"Feature","geometry":{"type":"Polygon","coordinates":[[[139.0998,-35.0768],[138.9963,-35.0795],[138.5769,-35.3432],[138.5582,-35.355],[138.4944,-35.3951],[138.2257,-35.7319],[139.3679,-35.6143],[139.8627,-36.7804],[139.8414,-37.0267],[139.8401,-37.042],[139.9658,-37.042],[140.0414,-37.0533],[140.2158,-37.0793],[140.408,-37.0815],[140.7184,-37.0058],[140.7349,-36.9334],[140.7225,-36.8983],[140.7177,-36.8937],[140.6772,-36.8554],[140.2377,-36.8357],[140.1718,-36.5449],[140.1261,-36.3316],[140.0875,-36.3293],[139.9988,-36.324],[139.845,-36.1734],[139.3835,-35.2187],[139.4096,-35.1938],[139.3066,-35.1738],[139.1023,-35.1434],[139.0649,-35.1379],[139.0998,-35.0768]]]},"properties":{"NAME":"Ngarrindjeri","SUBJECTO":"Ngarrindjeri","PARTOF":"Ngarrindjeri","BORDERPRECISION":3,"LINK":null}},
{"type":"Feature","geometry":{"type":"Polygon","coordinates":[[[122.927,-16.7335],[122.869,-16.6593],[122.7338,-16.7151],[122.7595,-16.7414],[122.7859,-16.7414],[122.927,-16.7335]]]},"properties":{"NAME":"Bardi","SUBJECTO":"Bardi","PARTOF":"Bardi","BORDERPRECISION":3,"LINK":null}},
{"type":"Feature","geometry":{"type":"Polygon","coordinates":[[[133.1164,-11.8775],[133.1433,-11.8942],[133.537,-11.9418],[133.3973,-11.8818],[133.1735,-11.728],[133.1378,-11.8673],[133.1164,-11.8775]]]},"properties":{"NAME":"Maung","SUBJECTO":"Maung","PARTOF":"Maung","BORDERPRECISION":3,"LINK":null}},
{"type":"Feature","geometry":{"type":"Polygon","coordinates":[[[118.6889,-20.3403],[118.6209,-20.3749],[118.8062,-20.6174],[118.8007,-20.9871],[118.6359,-21.54],[118.6417,-21.5996],[118.6453,-21.6367],[118.6523,-21.7085],[118.96,-21.9838],[119.0276,-22.0089],[119.0325,-22.0107],[119.1248,-22.0449],[119.9323,-22.1111],[120.6848,-22.1111],[121.0693,-22.2332],[121.1038,-22.1986],[121.0803,-22.106],[121.1208,-22.0559],[121.1462,-22.0245],[121.1946,-22.0166],[121.1353,-21.9532],[120.9045,-20.982],[120.2234,-20.5196],[120.0256,-20.2828],[119.9569,-20.1438],[119.9439,-20.1175],[119.9268,-20.1127],[119.6356,-20.391],[118.8278,-20.1398],[118.8101,-20.1735],[118.7343,-20.3172],[118.6889,-20.3403]]]},"properties":{"NAME":"Nyamal","SUBJECTO":"Nyamal","PARTOF":"Nyamal","BORDERPRECISION":3,"LINK":null}},
{"type":"Feature","geometry":{"type":"Polygon","coordinates":[[[138.9321,-26.1508],[138.9936,-26.1949],[139.1309,-26.1949],[139.4714,-26.2047],[139.7791,-26.2836],[140.1965,-26.2836],[140.3599,-26.2296],[140.4272,-26.0765],[140.5024,-25.9499],[140.4163,-25.9185],[140.4822,-25.7207],[140.5804,-25.5288],[140.602,-25.4865],[140.5042,-25.4234],[139.856,-25.195],[139.4824,-25.2049],[139.3704,-25.2205],[139.3506,-25.2546],[139.3204,-25.3131],[139.1968,-25.5524],[139.1089,-25.6811],[138.9159,-25.9281],[138.8617,-25.9975],[138.8467,-25.9856],[138.8562,-26.0963],[138.9321,-26.1508]]]},"properties":{"NAME":"Yarluyandi","SUBJECTO":"Yarluyandi","PARTOF":"Yarluyandi","BORDERPRECISION":3,"LINK":null}},
{"type":"Feature","geometry":{"type":"Polygon","coordinates":[[[147.2633,-19.9114],[147.3486,-19.9114],[147.6672,-19.932],[147.7386,-19.9473],[147.9729,-20.0961],[147.4668,-19.6506],[147.2882,-19.7047],[147.2635,-19.7486],[147.2552,-19.8933],[147.2633,-19.9114]]]},"properties":{"NAME":"Yuru","SUBJECTO":"Yuru","PARTOF":"Yuru","BORDERPRECISION":3,"LINK":null}},
{"type":"Feature","geometry":{"type":"Polygon","coordinates":[[[129.9923,-14.434],[129.9973,-14.4343],[130.0203,-14.4135],[130.0202,-14.4132],[129.9765,-14.3815],[129.9271,-14.3602],[129.8996,-14.3682],[129.8611,-14.267],[129.8721,-14.1259],[129.8886,-14.0972],[129.8845,-14.0966],[129.8828,-14.0893],[129.8735,-14.05],[129.8969,-13.9927],[129.7635,-14.0071],[129.7633,-14.0191],[129.5962,-14.168],[129.809,-14.4453],[129.9243,-14.4294],[129.9923,-14.434]]]},"properties":{"NAME":"Marringarr","SUBJECTO":"Marringarr","PARTOF":"Marringarr","BORDERPRECISION":3,"LINK":null}},
{"type":"Feature","geometry":{"type":"MultiPolygon","coordinates":[[[[150.0023,-24.9245],[150.0073,-24.9612],[150.0073,-25.3788],[150.0458,-25.6217],[150.0432,-25.6905],[150.0897,-25.7009],[150.2325,-25.6861],[150.5566,-25.6613],[150.7499,-25.6482],[150.7104,-25.6019],[150.6116,-25.1204],[150.6006,-24.9263],[150.614,-24.7887],[150.5786,-24.7967],[150.1172,-24.9163],[150.0023,-24.9245]]],[[[149.9427,-24.9287],[149.9434,-24.9436],[149.9915,-24.9253],[149.9427,-24.9287]]]]},"properties":{"NAME":"Wuli-wuli","SUBJECTO":"Wuli-wuli","PARTOF":"Wuli-wuli","BORDERPRECISION":3,"LINK":null}},
{"type":"Feature","geometry":{"type":"MultiPolygon","coordinates":[[[[143.9918,-34.8197],[143.998,-34.8292],[143.9931,-34.8199],[143.9918,-34.8197]]],[[[143.038,-34.8478],[143.0444,-34.8608],[143.2397,-35.012],[143.3167,-35.2366],[143.3418,-35.3084],[143.4869,-35.3084],[143.7067,-35.2636],[143.9374,-35.0795],[144.0363,-34.9445],[144.0479,-34.9205],[144.0108,-34.8536],[143.8907,-34.8251],[143.7067,-34.7484],[143.4073,-34.6987],[143.3881,-34.6694],[143.3855,-34.6694],[143.3829,-34.6694],[143.2892,-34.6694],[143.0145,-34.8003],[143.038,-34.8478]]]]},"properties":{"NAME":"Wadi Wadi","SUBJECTO":"Wadi Wadi","PARTOF":"Wadi Wadi","BORDERPRECISION":3,"LINK":null}},
{"type":"Feature","geometry":{"type":"Polygon","coordinates":[[[116.5468,-34.8654],[116.5594,-34.8364],[116.5704,-34.6332],[116.499,-34.3389],[116.1859,-34.2163],[116.1804,-34.1664],[116.2023,-33.9358],[116.1941,-33.9269],[116.0541,-33.802],[115.9903,-33.7146],[115.8677,-33.6704],[115.8453,-33.6695],[115.8069,-33.738],[115.7563,-33.8305],[115.7407,-33.8591],[115.7245,-33.8887],[115.3729,-34.0845],[115.3493,-34.1158],[115.1485,-34.3822],[115.1367,-34.3978],[116.0046,-34.9355],[116.4276,-35.048],[116.4465,-35.027],[116.5468,-34.8654]]]},"properties":{"NAME":"Bibbulman","SUBJECTO":"Bibbulman","PARTOF":"Bibbulman","BORDERPRECISION":3,"LINK":null}},
{"type":"Feature","geometry":{"type":"Polygon","coordinates":[[[147.7312,-21.8207],[147.5354,-21.8207],[147.2827,-21.8207],[146.8597,-21.8717],[146.7948,-21.8735],[146.8213,-21.9227],[146.8433,-22.1569],[146.7781,-22.3302],[146.9861,-22.345],[147.1399,-22.3958],[147.2374,-22.4896],[147.2598,-22.5111],[147.4585,-22.4821],[147.6123,-22.4821],[147.7127,-22.4821],[147.7032,-22.4435],[147.7002,-22.4313],[147.7606,-22.2738],[147.7277,-22.0347],[147.7277,-21.8972],[147.7312,-21.8207]]]},"properties":{"NAME":"Yambina","SUBJECTO":"Yambina","PARTOF":"Yambina","BORDERPRECISION":3,"LINK":null}},
{"type":"Feature","geometry":{"type":"Polygon","coordinates":[[[126.0022,-14.6875],[126.0265,-14.6832],[126.0461,-14.6367],[126.6943,-14.3815],[126.7473,-14.3815],[126.7477,-14.3808],[126.6888,-14.3495],[126.6166,-14.203],[126.546,-14.3502],[126.2684,-14.0711],[126.1015,-14.2049],[125.9678,-14.4797],[126.0022,-14.541],[126.0022,-14.6474],[126.0022,-14.6875]]]},"properties":{"NAME":"Gamberre","SUBJECTO":"Gamberre","PARTOF":"Gamberre","BORDERPRECISION":3,"LINK":null}},
{"type":"Feature","geometry":{"type":"Polygon","coordinates":[[[127.3379,-26.5296],[127.3645,-26.5394],[127.6831,-26.4804],[128.2104,-25.9975],[128.573,-25.9975],[128.8546,-26.0055],[128.9246,-26.0074],[129.0234,-25.898],[129.0674,-25.8493],[129.0344,-24.7967],[128.886,-24.4303],[128.8806,-24.4171],[128.866,-24.3954],[128.4961,-24.267],[128.1445,-24.1267],[127.9657,-24.0587],[128.0127,-24.1066],[126.156,-24.2269],[125.6067,-24.637],[125.5278,-24.5989],[125.5148,-24.6107],[125.5847,-24.7468],[125.5847,-24.9661],[125.9033,-25.6514],[126.134,-25.7603],[126.3647,-25.958],[126.8701,-26.2343],[127.0789,-26.3919],[127.2657,-26.4912],[127.3379,-26.5296]]]},"properties":{"NAME":"Ngatatjara","SUBJECTO":"Ngatatjara","PARTOF":"Ngatatjara","BORDERPRECISION":3,"LINK":null}},
{"type":"Feature","geometry":{"type":"Polygon","coordinates":[[[121.002,-23.3035],[120.9814,-23.2817],[119.8059,-23.3725],[119.6657,-23.3952],[119.6414,-23.3992],[119.6191,-23.4028],[119.6191,-23.4582],[119.6191,-23.5136],[119.6268,-23.5287],[119.696,-23.6647],[119.8059,-23.9361],[119.8608,-24.1668],[119.8279,-24.7069],[119.718,-24.9263],[119.7131,-24.9332],[119.7729,-24.9711],[119.7632,-24.9901],[119.696,-25.1204],[119.6466,-25.1751],[119.0094,-25.5474],[118.9545,-25.6465],[118.9295,-25.7395],[118.916,-25.79],[118.9128,-25.8098],[119.2346,-25.8098],[119.6411,-25.9975],[120.6079,-26.3131],[120.7816,-26.4138],[120.7947,-26.4214],[120.8262,-26.4308],[121.0254,-26.4902],[121.9373,-26.0963],[122.4976,-26.0074],[122.6239,-26.0074],[122.7771,-26.0074],[122.7942,-26.0074],[122.948,-26.0272],[122.97,-25.5325],[122.9503,-25.4021],[122.9095,-25.3738],[122.8718,-25.3345],[122.8381,-25.2993],[121.9537,-24.5271],[120.9705,-23.438],[120.9602,-23.3877],[120.954,-23.3574],[121.002,-23.3035]]]},"properties":{"NAME":"Wawula","SUBJECTO":"Wawula","PARTOF":"Wawula","BORDERPRECISION":3,"LINK":null}},
{"type":"Feature","geometry":{"type":"Polygon","coordinates":[[[123.2886,-21.3563],[123.5632,-21.0537],[123.7061,-20.8999],[123.8379,-20.7458],[123.8379,-20.679],[123.8379,-20.5299],[123.8379,-20.4167],[123.8049,-20.0353],[123.5852,-19.6736],[123.1458,-19.1348],[122.764,-19.0325],[122.7361,-19.0251],[122.4866,-18.9582],[121.8384,-18.8439],[121.5444,-18.7863],[121.5395,-18.7854],[120.2229,-19.9835],[119.9732,-20.0652],[119.9257,-20.0808],[119.9439,-20.1175],[119.9569,-20.1438],[120.0256,-20.2828],[120.2234,-20.5196],[120.9045,-20.982],[121.1353,-21.9532],[121.1946,-22.0166],[121.2203,-22.0124],[121.333,-21.994],[122.5415,-22.411],[123.1677,-21.3815],[123.2739,-21.3725],[123.2886,-21.3563]]]},"properties":{"NAME":"Nyangumarda","SUBJECTO":"Nyangumarda","PARTOF":"Nyangumarda","BORDERPRECISION":3,"LINK":null}},
{"type":"Feature","geometry":{"type":"Polygon","coordinates":[[[138.4933,-22.0435],[138.5815,-22.0653],[138.7375,-22.1215],[139.2078,-22.1467],[139.2223,-22.1611],[139.2242,-22.1518],[139.2379,-22.1274],[139.2627,-22.0829],[139.2627,-21.5157],[139.2572,-21.5144],[139.2078,-21.5434],[139.1528,-21.5757],[139.1418,-21.187],[139.0898,-20.9685],[139.082,-20.9587],[139.0869,-21.0025],[138.9331,-21.2689],[137.9663,-21.7391],[137.9553,-21.7391],[138.0652,-21.8411],[138.3838,-21.9532],[138.4933,-22.0435]]]},"properties":{"NAME":"Warluwarra","SUBJECTO":"Warluwarra","PARTOF":"Warluwarra","BORDERPRECISION":3,"LINK":null}},
{"type":"Feature","geometry":{"type":"Polygon","coordinates":[[[139.9895,-20.0783],[140.0096,-20.0999],[140.0222,-20.1135],[140.0647,-20.1075],[140.0761,-20.1451],[140.0867,-20.1797],[140.0885,-20.186],[140.2075,-20.1488],[140.8997,-19.4562],[141.1084,-19.3957],[141.1084,-19.3552],[141.1084,-19.2282],[140.9985,-18.6254],[140.8997,-18.3128],[140.8633,-18.2437],[140.8271,-18.1749],[140.7898,-18.2711],[140.625,-18.5004],[140.0867,-18.3962],[140.0419,-18.4087],[139.8999,-18.4483],[139.904,-18.4915],[139.9329,-18.7919],[140.0208,-19.031],[140.0098,-19.8494],[139.9895,-20.0783]]]},"properties":{"NAME":"Mayi-Yapi","SUBJECTO":"Mayi-Yapi","PARTOF":"Mayi-Yapi","BORDERPRECISION":3,"LINK":null}},
{"type":"Feature","geometry":{"type":"Polygon","coordinates":[[[147.2633,-19.9114],[147.223,-19.9114],[147.2717,-20.0869],[147.2168,-20.5094],[147.1608,-20.5505],[147.137,-20.5681],[147.2058,-20.6688],[147.3322,-20.8537],[147.5903,-21.1818],[147.7332,-21.2689],[147.7222,-21.5706],[147.7436,-21.5763],[147.7775,-21.5853],[147.8375,-21.6013],[147.9858,-21.6574],[148.3978,-21.6574],[148.5876,-21.6596],[148.6091,-21.6598],[148.8538,-21.6625],[149.02,-21.641],[149.0591,-21.6359],[149.09,-21.6319],[149.0856,-21.622],[149.0722,-21.5913],[149.0295,-21.494],[148.8428,-21.1614],[148.689,-20.946],[148.6472,-20.881],[148.6349,-20.8619],[148.5901,-20.7921],[148.299,-20.2725],[148.1752,-20.1666],[148.0916,-20.1375],[147.9729,-20.0961],[147.7386,-19.9473],[147.6672,-19.932],[147.3486,-19.9114],[147.2633,-19.9114]]]},"properties":{"NAME":"Biri","SUBJECTO":"Biri","PARTOF":"Biri","BORDERPRECISION":3,"LINK":null}},
{"type":"Feature","geometry":{"type":"Polygon","coordinates":[[[150.282,-28.459],[149.6338,-28.7965],[148.3813,-28.8832],[147.887,-28.9697],[147.7831,-28.9847],[147.7462,-28.9901],[147.4693,-29.0302],[147.4393,-29.0346],[147.4393,-29.0421],[147.4393,-29.1282],[147.2827,-29.3367],[146.9998,-29.5472],[146.8432,-29.8471],[146.8372,-29.8586],[146.813,-29.9049],[146.8508,-29.9413],[146.8872,-29.9763],[146.9274,-29.9983],[147.0657,-30.0738],[147.3816,-30.119],[148.082,-30.0691],[149.1806,-31.2574],[149.1861,-31.3912],[149.1421,-31.5083],[149.0415,-31.7849],[149.1738,-31.837],[149.6558,-32.0267],[149.7047,-32.082],[149.7236,-32.1033],[149.9634,-32.022],[150.282,-31.8915],[150.8643,-31.7795],[151.2927,-31.644],[151.3477,-31.6362],[151.4246,-31.6253],[151.4269,-31.6134],[151.4575,-31.4568],[151.3363,-31.162],[151.3147,-31.1094],[151.2158,-30.9776],[151.062,-30.8079],[150.9741,-30.6474],[150.9631,-30.3444],[150.9961,-29.8883],[150.9961,-29.8406],[150.9961,-29.7978],[150.9961,-29.7167],[150.9192,-29.5161],[150.9741,-28.7773],[150.9343,-28.7308],[150.9308,-28.7267],[150.8752,-28.6617],[150.8093,-28.5459],[150.6775,-28.4107],[150.282,-28.459]]]},"properties":{"NAME":"Kamilaroi","SUBJECTO":"Kamilaroi","PARTOF":"Kamilaroi","BORDERPRECISION":3,"LINK":null}},
{"type":"Feature","geometry":{"type":"Polygon","coordinates":[[[142.937,-17.252],[142.998,-17.3297],[143.042,-17.3821],[143.1081,-17.4105],[143.1299,-17.4198],[143.2617,-17.4764],[143.3826,-17.6021],[143.4485,-17.9892],[143.4595,-18.3545],[143.4805,-18.4941],[143.4814,-18.5004],[143.4866,-18.5316],[143.5144,-18.6983],[143.6462,-19.114],[143.8879,-19.4873],[143.9698,-19.5855],[143.9861,-19.6051],[144.0088,-19.6322],[144.0567,-19.6129],[144.2189,-19.5474],[144.2725,-19.4666],[144.4263,-19.2593],[144.4922,-19.0413],[144.4812,-18.5109],[144.4815,-18.5023],[144.4702,-18.4275],[144.4871,-18.3312],[144.4922,-18.1772],[144.646,-17.5498],[144.7723,-17.5498],[144.8053,-17.5498],[144.7778,-17.445],[144.7601,-17.433],[144.725,-17.4094],[144.5911,-17.3192],[144.3713,-17.1198],[143.9429,-16.4888],[143.8899,-16.4888],[143.8839,-16.4888],[143.7012,-16.4888],[143.5254,-16.5941],[143.5083,-16.6093],[143.5419,-16.6415],[143.4974,-16.6867],[143.454,-16.7309],[143.3661,-16.8624],[142.9706,-17.1985],[142.9456,-17.2383],[142.937,-17.252]]]},"properties":{"NAME":"Agwarmin","SUBJECTO":"Agwarmin","PARTOF":"Agwarmin","BORDERPRECISION":3,"LINK":null}},
{"type":"Feature","geometry":{"type":"Polygon","coordinates":[[[149.5006,-37.0379],[149.8233,-37.1012],[149.9277,-37.1034],[149.9525,-37.0753],[149.9753,-37.0494],[150.2215,-35.6941],[150.8013,-35.1513],[150.818,-35.1082],[150.816,-35.1063],[150.7956,-35.0862],[150.6995,-35.0795],[150.3561,-34.9422],[150.3297,-34.935],[150.2573,-34.9152],[150.2251,-34.9229],[150.0787,-34.958],[150.0073,-35.003],[149.8453,-35.0952],[149.6504,-35.2131],[149.6448,-35.2165],[149.619,-35.2312],[149.4848,-35.3082],[149.4415,-35.3331],[149.4415,-35.368],[149.4879,-35.3718],[149.5135,-35.3739],[149.5898,-35.3801],[149.491,-35.8356],[149.491,-36.3151],[149.502,-36.7037],[149.502,-36.9818],[149.502,-37.0376],[149.5006,-37.0379]]]},"properties":{"NAME":"Yuin","SUBJECTO":"Yuin","PARTOF":"Yuin","BORDERPRECISION":3,"LINK":null}},
{"type":"Feature","geometry":{"type":"Polygon","coordinates":[[[146.5469,-21.5989],[146.5521,-21.6574],[146.6785,-21.8768],[146.7886,-21.8737],[146.7948,-21.8735],[146.8597,-21.8717],[147.2827,-21.8207],[147.5354,-21.8207],[147.7312,-21.8207],[147.7826,-21.8207],[147.7828,-21.8195],[147.7936,-21.7595],[147.7775,-21.5853],[147.7436,-21.5763],[147.7222,-21.5706],[147.7332,-21.2689],[147.5903,-21.1818],[147.3322,-20.8537],[147.2058,-20.6688],[147.137,-20.5681],[147.063,-20.6225],[146.9312,-20.5505],[146.9301,-20.5502],[146.9238,-20.5482],[146.9208,-20.552],[146.8488,-20.6431],[146.5741,-20.6945],[146.5411,-20.9255],[146.5686,-21.361],[146.5851,-21.5195],[146.5892,-21.5348],[146.6071,-21.6013],[146.5469,-21.5989]]]},"properties":{"NAME":"Yangga","SUBJECTO":"Yangga","PARTOF":"Yangga","BORDERPRECISION":3,"LINK":null}},
{"type":"Feature","geometry":{"type":"Polygon","coordinates":[[[149.6337,-27.274],[149.5129,-27.3035],[149.4184,-27.3321],[149.3921,-27.4644],[149.3811,-27.7273],[149.4141,-27.7895],[149.5074,-27.9653],[148.4308,-28.135],[148.4143,-28.256],[148.3884,-28.2923],[148.266,-28.4639],[148.1232,-28.6424],[147.9144,-28.8543],[147.8092,-28.9588],[147.7831,-28.9847],[147.887,-28.9697],[148.3813,-28.8832],[149.6338,-28.7965],[150.282,-28.459],[150.6775,-28.4107],[150.8093,-28.5459],[150.8752,-28.6617],[150.9308,-28.7267],[150.9336,-28.7239],[150.9576,-28.7002],[150.8038,-28.0235],[150.8313,-27.6397],[150.9686,-27.5375],[150.9678,-27.5285],[150.8917,-27.5472],[150.8748,-27.5023],[150.8643,-27.4742],[150.8478,-27.362],[150.5566,-27.2058],[150.0842,-27.196],[149.7931,-27.2351],[149.6337,-27.274]]]},"properties":{"NAME":"Bigambul","SUBJECTO":"Bigambul","PARTOF":"Bigambul","BORDERPRECISION":3,"LINK":null}},
{"type":"Feature","geometry":{"type":"Polygon","coordinates":[[[133.8586,-14.8926],[133.8249,-14.9352],[133.7585,-15.0191],[133.6971,-15.0635],[133.6926,-15.0668],[133.6267,-15.1146],[133.4839,-16.2147],[133.4956,-16.2259],[133.5117,-16.2413],[133.6597,-16.3834],[133.8684,-16.5625],[134.0112,-16.7099],[134.3079,-16.9727],[134.4507,-17.2143],[134.485,-17.1958],[134.6717,-17.0949],[134.7034,-17.0778],[134.9121,-16.9097],[135.3955,-16.3623],[135.3977,-16.3301],[135.4175,-16.0458],[135.4342,-15.8368],[135.4395,-15.7711],[135.4393,-15.7681],[135.4285,-15.5701],[135.2307,-15.2842],[134.9561,-15.1782],[134.9082,-15.165],[134.8966,-15.1618],[134.7253,-15.1146],[134.2969,-14.7961],[134.1464,-14.7234],[134.1431,-14.7218],[134.0669,-14.7411],[133.9343,-14.7749],[133.9014,-14.8386],[133.8586,-14.8926]]]},"properties":{"NAME":"Alawa","SUBJECTO":"Alawa","PARTOF":"Alawa","BORDERPRECISION":3,"LINK":null}},
{"type":"Feature","geometry":{"type":"Polygon","coordinates":[[[142.547,-38.3992],[142.5517,-38.3976],[142.5874,-38.3826],[142.663,-38.2802],[142.6904,-38.1497],[142.6767,-38.0978],[142.6606,-38.0634],[142.6641,-38.0526],[142.7097,-38.0243],[142.7097,-38.0008],[142.7097,-37.9832],[142.6738,-37.9677],[142.5641,-37.9204],[142.4075,-37.8749],[142.2784,-37.8098],[142.0313,-37.7251],[141.9406,-37.7099],[141.9374,-37.7087],[141.91,-37.7647],[141.9049,-37.7751],[141.6632,-37.7751],[141.4709,-37.6708],[141.4201,-37.6305],[141.4243,-37.6425],[141.3954,-37.6708],[141.2389,-37.6816],[141.2457,-37.7132],[141.2265,-37.7729],[141.2266,-37.7756],[141.2279,-37.7978],[141.2993,-37.916],[141.2924,-37.9669],[141.2581,-37.981],[141.2759,-38.0286],[141.2649,-38.0431],[141.2512,-38.0611],[141.238,-38.0591],[141.194,-38.0525],[141.1716,-38.0492],[141.0974,-38.021],[141.0888,-38.0173],[141.0548,-38.0027],[141.004,-37.9864],[140.9942,-37.9887],[140.9628,-37.9962],[140.9464,-38.02],[140.993,-38.0913],[142.424,-38.4622],[142.5133,-38.4106],[142.547,-38.3992]]]},"properties":{"NAME":"Gunditjmara","SUBJECTO":"Gunditjmara","PARTOF":"Gunditjmara","BORDERPRECISION":3,"LINK":null}},
{"type":"Feature","geometry":{"type":"Polygon","coordinates":[[[145.7983,-35.9878],[145.7666,-35.9958],[145.7666,-36.0491],[145.7892,-36.0908],[145.7877,-36.0932],[145.7912,-36.0946],[145.8215,-36.1068],[146.0907,-36.4876],[146.5302,-36.9192],[146.9531,-37.0201],[146.9531,-37.0552],[146.9861,-37.0552],[147.1838,-37.0026],[147.1908,-37.009],[147.2278,-36.9499],[147.2937,-36.7741],[147.2937,-36.5714],[147.2923,-36.5331],[147.2717,-36.3594],[147.2278,-36.129],[147.2052,-36.1016],[146.9531,-36.1201],[146.1841,-36.0846],[145.8167,-35.9924],[145.7983,-35.9878]]]},"properties":{"NAME":"Waveroo","SUBJECTO":"Waveroo","PARTOF":"Waveroo","BORDERPRECISION":3,"LINK":null}},
{"type":"Feature","geometry":{"type":"Polygon","coordinates":[[[144.7614,-34.6829],[144.6954,-34.6648],[144.5471,-34.6603],[144.1022,-34.8093],[144.096,-34.8219],[144.0479,-34.9205],[144.0363,-34.9445],[143.9374,-35.0795],[143.7067,-35.2636],[143.4869,-35.3084],[143.3418,-35.3084],[143.3541,-35.3435],[143.3606,-35.3622],[143.4265,-35.559],[143.5583,-35.7465],[143.684,-35.7975],[143.7313,-35.7962],[143.8165,-35.7242],[144.2065,-35.4293],[144.3849,-35.3055],[144.4043,-35.286],[144.5411,-35.1626],[144.657,-35.03],[144.7559,-34.8994],[144.8383,-34.7552],[144.8546,-34.7762],[144.8555,-34.7745],[144.798,-34.693],[144.7614,-34.6829]]]},"properties":{"NAME":"Wemba Wemba","SUBJECTO":"Wemba Wemba","PARTOF":"Wemba Wemba","BORDERPRECISION":3,"LINK":null}},
{"type":"Feature","geometry":{"type":"Polygon","coordinates":[[[133.162,-14.9016],[133.0994,-14.9554],[132.9016,-15.0297],[132.4622,-14.9766],[132.3034,-15.0245],[132.2864,-15.0297],[132.2314,-15.21],[132.3193,-15.4854],[132.3193,-15.7605],[132.3193,-15.8933],[132.3193,-15.9613],[132.3303,-16.1092],[132.3912,-16.1903],[132.4292,-16.1619],[132.8796,-16.4888],[133.1873,-16.4888],[133.3675,-16.4187],[133.3905,-16.4097],[133.3927,-16.4221],[133.429,-16.3939],[133.4925,-16.2337],[133.4956,-16.2259],[133.4839,-16.2147],[133.6267,-15.1146],[133.6926,-15.0668],[133.6971,-15.0635],[133.7036,-14.9448],[133.396,-14.9129],[133.2043,-14.8718],[133.1807,-14.8971],[133.1708,-14.9076],[133.162,-14.9016]]]},"properties":{"NAME":"Yangman","SUBJECTO":"Yangman","PARTOF":"Yangman","BORDERPRECISION":3,"LINK":null}},
{"type":"Feature","geometry":{"type":"Polygon","coordinates":[[[150.0432,-25.6905],[150.0018,-25.6811],[150.0006,-25.694],[149.9854,-25.8493],[149.9819,-25.8944],[149.9804,-25.9134],[149.9744,-25.9926],[149.848,-26.0963],[149.5294,-26.1258],[149.4944,-26.1777],[149.4196,-26.2885],[149.4196,-26.3232],[149.4196,-26.4804],[149.3152,-26.8388],[149.2712,-27.3766],[149.4184,-27.3321],[149.5129,-27.3035],[149.6337,-27.274],[149.7931,-27.2351],[150.0842,-27.196],[150.5566,-27.2058],[150.8478,-27.362],[150.8643,-27.4742],[150.8748,-27.5023],[150.8917,-27.5472],[150.9678,-27.5285],[150.9906,-27.5229],[151.062,-27.5326],[151.1829,-27.7808],[151.3257,-27.8391],[151.3501,-27.8391],[151.507,-27.8391],[152.4298,-27.7711],[152.4285,-27.7542],[152.4188,-27.6349],[152.2266,-27.2351],[152.2181,-27.2195],[152.1801,-27.149],[152.1606,-27.1129],[151.9739,-26.8339],[151.0291,-25.7801],[150.8826,-25.6682],[150.873,-25.6608],[150.8478,-25.6415],[150.8294,-25.6428],[150.7499,-25.6482],[150.5566,-25.6613],[150.2325,-25.6861],[150.0897,-25.7009],[150.0432,-25.6905]]]},"properties":{"NAME":"Barunggam","SUBJECTO":"Barunggam","PARTOF":"Barunggam","BORDERPRECISION":3,"LINK":null}},
{"type":"Feature","geometry":{"type":"Polygon","coordinates":[[[134.2581,-32.8754],[134.1109,-33.0252],[134.8352,-32.4356],[134.934,-32.3764],[134.944,-32.3705],[135.3625,-32.1198],[135.6592,-31.9615],[136.0492,-31.8109],[136.0327,-31.8029],[136.0134,-31.7788],[135.8679,-31.5973],[134.9451,-31.0812],[133.2312,-30.496],[131.8469,-30.3729],[131.4404,-30.2496],[131.3732,-30.2282],[131.2866,-30.278],[131.0449,-30.6379],[131.2427,-30.8079],[131.1112,-31.4618],[132.1822,-32.1482],[133.837,-32.342],[134.2581,-32.8754]]]},"properties":{"NAME":"Wirangu","SUBJECTO":"Wirangu","PARTOF":"Wirangu","BORDERPRECISION":3,"LINK":null}},
{"type":"Feature","geometry":{"type":"Polygon","coordinates":[[[150.7475,-24.1429],[150.9412,-24.0465],[151.174,-23.9199],[151.2002,-23.9424],[150.7966,-23.5043],[150.7999,-23.5582],[150.7764,-23.569],[150.639,-23.6596],[150.5681,-23.7029],[150.6006,-23.7502],[150.7379,-24.1167],[150.7475,-24.1429]]]},"properties":{"NAME":"Bayali","SUBJECTO":"Bayali","PARTOF":"Bayali","BORDERPRECISION":3,"LINK":null}},
{"type":"Feature","geometry":{"type":"Polygon","coordinates":[[[142.6102,-20.6585],[142.6646,-20.6585],[142.8846,-20.5963],[142.9267,-20.5843],[142.6025,-20.2467],[142.4817,-20.123],[142.9761,-19.5132],[142.9159,-19.4732],[142.903,-19.4646],[142.8531,-19.4313],[142.8462,-19.4485],[142.8223,-19.508],[141.7786,-19.2697],[141.4709,-19.2904],[141.14,-19.3945],[141.1225,-19.4],[141.1414,-19.596],[141.1743,-19.7925],[141.2512,-19.9992],[141.2818,-20.0567],[141.3218,-20.0441],[141.3501,-20.0353],[141.8225,-20.5917],[142.2839,-20.6122],[142.6102,-20.6585]]]},"properties":{"NAME":"Ngawun","SUBJECTO":"Ngawun","PARTOF":"Ngawun","BORDERPRECISION":3,"LINK":null}},
{"type":"Feature","geometry":{"type":"Polygon","coordinates":[[[127.6502,-15.2312],[127.6611,-15.2312],[127.6653,-15.2267],[127.8589,-15.0191],[127.9892,-14.8571],[127.9688,-14.7391],[127.9626,-14.7031],[127.3975,-14.1004],[127.2437,-14.275],[127.2437,-14.438],[127.2766,-14.4453],[127.291,-14.4824],[127.3755,-14.7005],[127.4414,-15.1782],[127.6172,-15.1994],[127.6502,-15.2312]]]},"properties":{"NAME":"Kwini","SUBJECTO":"Kwini","PARTOF":"Kwini","BORDERPRECISION":3,"LINK":null}},
{"type":"Feature","geometry":{"type":"Polygon","coordinates":[[[149.2986,-22.3721],[149.3701,-22.3501],[149.3591,-21.943],[149.2712,-21.7595],[149.1623,-21.6271],[149.1362,-21.5954],[149.1284,-21.5859],[149.0722,-21.5913],[149.0856,-21.622],[149.09,-21.6319],[149.0591,-21.6359],[149.02,-21.641],[148.8538,-21.6625],[148.6091,-21.6598],[148.5846,-21.7697],[148.5846,-22.1925],[148.5751,-22.3281],[148.6615,-22.3094],[148.8538,-22.3298],[148.8739,-22.3624],[148.8757,-22.3602],[149.1119,-22.3602],[149.2822,-22.3504],[149.2877,-22.3501],[149.2986,-22.3721]]]},"properties":{"NAME":"Baradha","SUBJECTO":"Baradha","PARTOF":"Baradha","BORDERPRECISION":3,"LINK":null}},
{"type":"Feature","geometry":{"type":"Polygon","coordinates":[[[144.572,-28.7656],[144.6021,-28.7291],[144.7119,-28.517],[144.7833,-28.256],[144.8621,-28.078],[144.7668,-28.0623],[144.1956,-27.9847],[144.1756,-27.9829],[144.1077,-28.0429],[143.6462,-28.4011],[143.6462,-28.5266],[143.6863,-28.7376],[143.9209,-28.7484],[144.4812,-28.7484],[144.572,-28.7656]]]},"properties":{"NAME":"Budjari","SUBJECTO":"Budjari","PARTOF":"Budjari","BORDERPRECISION":3,"LINK":null}},
{"type":"Feature","geometry":{"type":"Polygon","coordinates":[[[139.6283,-29.4996],[139.6033,-29.296],[139.6143,-28.9793],[139.6204,-28.912],[139.622,-28.8942],[139.6362,-28.7388],[139.845,-28.2366],[139.9878,-27.6446],[139.9878,-27.5488],[139.9878,-27.4888],[139.9878,-27.4303],[140.0229,-27.2742],[140.0317,-27.2351],[139.9766,-27.233],[139.7791,-27.2253],[139.6033,-27.2546],[139.1858,-27.3815],[138.4167,-27.362],[138.4021,-27.375],[138.4065,-27.3917],[138.4167,-27.4303],[138.2959,-27.518],[138.2127,-27.5991],[138.197,-27.6641],[138.1825,-27.6995],[138.23,-27.7711],[138.2629,-27.8585],[138.4277,-28.1301],[138.6914,-28.4783],[138.6035,-29.1713],[138.4846,-29.5044],[138.4607,-29.5713],[138.4607,-29.5735],[138.9331,-29.5448],[139.4824,-29.5448],[139.4853,-29.5451],[139.4927,-29.5418],[139.5707,-29.5067],[139.5923,-29.497],[139.6283,-29.4996]]]},"properties":{"NAME":"Dieri","SUBJECTO":"Dieri","PARTOF":"Dieri","BORDERPRECISION":3,"LINK":null}},
{"type":"Feature","geometry":{"type":"Polygon","coordinates":[[[141.5305,-14.476],[141.5241,-14.4932],[141.9983,-14.4985],[141.999,-14.4984],[142.0556,-14.4901],[142.1796,-14.4719],[142.3938,-14.4719],[142.6465,-14.3549],[142.8387,-14.3176],[142.8992,-14.2857],[142.9116,-14.2769],[142.9596,-14.2431],[142.9527,-14.1849],[142.9266,-13.9661],[142.9211,-13.5339],[142.8827,-13.133],[142.8716,-13.0932],[142.8662,-13.0741],[142.8578,-13.0741],[142.6154,-13.0741],[142.6101,-13.0741],[142.608,-13.0741],[142.5931,-13.0755],[142.3494,-13.0977],[142.2565,-13.1062],[141.9818,-13.1918],[141.9783,-13.2037],[141.9721,-13.2244],[141.9324,-13.3576],[141.8884,-13.4911],[141.6879,-13.5152],[141.6522,-13.3442],[141.622,-13.3501],[141.5836,-13.3576],[141.5845,-14.3306],[141.5305,-14.476]]]},"properties":{"NAME":"Wik","SUBJECTO":"Wik","PARTOF":"Wik","BORDERPRECISION":3,"LINK":null}},
{"type":"Feature","geometry":{"type":"Polygon","coordinates":[[[144.1994,-14.4644],[144.223,-14.6474],[144.2307,-14.8028],[144.4812,-14.7855],[144.9756,-14.966],[145.0308,-15.0416],[145.0854,-15.0085],[145.1197,-14.9778],[144.3854,-14.3691],[144.2123,-14.4521],[144.1994,-14.4644]]]},"properties":{"NAME":"Mutumui","SUBJECTO":"Mutumui","PARTOF":"Mutumui","BORDERPRECISION":3,"LINK":null}},
{"type":"Feature","geometry":{"type":"Polygon","coordinates":[[[141.92,-12.0066],[141.8633,-12.0997],[141.898,-12.1024],[141.9149,-12.1094],[141.9125,-12.0857],[141.92,-12.0066]]]},"properties":{"NAME":"Tjungundji","SUBJECTO":"Tjungundji","PARTOF":"Tjungundji","BORDERPRECISION":3,"LINK":null}},
{"type":"Feature","geometry":{"type":"Polygon","coordinates":[[[142.9732,-37.0626],[143.02,-37.0639],[143.2892,-37.1034],[143.3222,-37.0855],[143.3968,-37.0451],[143.443,-37.0201],[143.443,-36.9367],[143.3771,-36.9279],[143.2452,-36.9192],[143.2261,-36.9177],[143.0145,-36.9016],[142.8552,-36.8137],[142.8387,-36.5891],[142.8456,-36.5796],[142.9074,-36.4942],[142.9074,-36.4892],[142.9074,-36.397],[142.9382,-36.3524],[142.7454,-36.3151],[142.4597,-36.3151],[141.9104,-36.8005],[141.4709,-36.8005],[141.0095,-36.8972],[140.9886,-36.7631],[140.9766,-36.8401],[141.0645,-37.1253],[141.3776,-37.5968],[141.4201,-37.6305],[141.4709,-37.6708],[141.6632,-37.7751],[141.9049,-37.7751],[141.91,-37.7647],[141.9374,-37.7087],[141.9708,-37.6403],[142.0587,-37.5707],[142.5256,-37.562],[142.5256,-37.1428],[142.5686,-37.0572],[142.5723,-37.0552],[142.6318,-37.0552],[142.7179,-37.0552],[142.9732,-37.0626]]]},"properties":{"NAME":"Jardwadjali","SUBJECTO":"Jardwadjali","PARTOF":"Jardwadjali","BORDERPRECISION":3,"LINK":null}},
{"type":"Feature","geometry":{"type":"Polygon","coordinates":[[[141.9876,-12.183],[141.9878,-12.1897],[141.9901,-12.2488],[142.0038,-12.34],[142.0258,-12.4205],[142.0369,-12.4988],[142.0395,-12.517],[142.0462,-12.5385],[142.0807,-12.6484],[142.1246,-12.7743],[142.1286,-12.7849],[142.1388,-12.8123],[142.1576,-12.8627],[142.2894,-13.0393],[142.3494,-13.0977],[142.5931,-13.0755],[142.5959,-13.0661],[142.6001,-13.0518],[142.6108,-13.0153],[142.6382,-12.6511],[142.6382,-12.4961],[142.6382,-12.4875],[142.6207,-12.4524],[142.5888,-12.3883],[142.2784,-12.1253],[142.1756,-12.085],[142.1686,-12.0823],[142.162,-12.0866],[142.0862,-12.136],[141.9873,-12.1763],[141.9876,-12.183]]]},"properties":{"NAME":"Luthigh","SUBJECTO":"Luthigh","PARTOF":"Luthigh","BORDERPRECISION":3,"LINK":null}},
{"type":"Feature","geometry":{"type":"Polygon","coordinates":[[[145.1197,-14.9778],[145.0854,-15.0085],[145.0308,-15.0416],[145.0456,-15.0617],[145.1074,-15.1464],[144.7449,-15.4749],[144.7449,-15.6548],[144.8108,-15.824],[144.8036,-15.9138],[144.8657,-15.8874],[145.0305,-15.7711],[145.1993,-15.3989],[145.2222,-15.6642],[145.1843,-15.0476],[145.1382,-14.9978],[145.1197,-14.9778]]]},"properties":{"NAME":"Guugu-Yimidhirr","SUBJECTO":"Guugu-Yimidhirr","PARTOF":"Guugu-Yimidhirr","BORDERPRECISION":3,"LINK":null}},
{"type":"Feature","geometry":{"type":"Polygon","coordinates":[[[142.9357,-18.8086],[143.02,-18.8231],[143.0319,-18.7328],[143.0365,-18.6983],[142.9991,-18.6457],[142.8442,-18.4275],[142.6849,-18.1824],[142.5873,-18.0365],[142.5806,-18.0414],[142.5733,-18.0384],[141.9543,-17.7853],[141.806,-17.7016],[141.2616,-17.5304],[141.3062,-17.6336],[141.3062,-17.9474],[141.3831,-18.1563],[142.3389,-18.6567],[142.7124,-18.7399],[142.8892,-18.7734],[142.9321,-18.7815],[142.9357,-18.8086]]]},"properties":{"NAME":"Walangama","SUBJECTO":"Walangama","PARTOF":"Walangama","BORDERPRECISION":3,"LINK":null}},
{"type":"Feature","geometry":{"type":"Polygon","coordinates":[[[142.6465,-11.0976],[142.6218,-11.0895],[142.2674,-10.9899],[142.2593,-10.9985],[142.2116,-11.0491],[141.9387,-11.976],[141.9695,-11.9923],[142.0175,-11.9937],[142.1164,-12.0004],[142.1496,-12.0025],[142.1604,-12.0032],[142.2002,-12.0057],[142.354,-12.0178],[142.63,-12.0232],[142.6885,-12.0212],[142.7097,-12.0205],[142.7103,-12.0036],[142.7124,-11.9533],[142.6849,-11.8001],[142.6874,-11.781],[142.6892,-11.7674],[142.6987,-11.6953],[142.6858,-11.1832],[142.6465,-11.0976]]]},"properties":{"NAME":"Anggamudi","SUBJECTO":"Anggamudi","PARTOF":"Anggamudi","BORDERPRECISION":3,"LINK":null}},
{"type":"Feature","geometry":{"type":"Polygon","coordinates":[[[130.4635,-12.7589],[131.2042,-12.9189],[131.2054,-12.9109],[131.1768,-12.8761],[131.1685,-12.5197],[131.1273,-12.3615],[131.0631,-12.261],[131.0283,-12.2683],[130.8589,-12.4466],[130.9513,-12.6308],[130.4635,-12.7589]]]},"properties":{"NAME":"Larrakia","SUBJECTO":"Larrakia","PARTOF":"Larrakia","BORDERPRECISION":3,"LINK":null}},
{"type":"Feature","geometry":{"type":"Polygon","coordinates":[[[139.2223,-22.1611],[139.2006,-22.2635],[139.1748,-22.3856],[139.1693,-22.6292],[139.0594,-22.9483],[138.7354,-23.3876],[139.1199,-24.0766],[139.4934,-24.4871],[139.5953,-24.6415],[139.5969,-24.6466],[139.5984,-24.6463],[139.6417,-24.7119],[140.2405,-24.5071],[140.5206,-24.4453],[140.603,-24.4271],[140.5985,-24.3803],[140.5701,-24.0866],[140.577,-23.9276],[140.5261,-23.916],[140.5266,-23.9008],[140.5371,-23.5741],[140.5151,-23.2817],[140.6799,-22.7661],[140.8205,-22.5406],[140.8887,-22.4313],[140.9283,-22.378],[140.5481,-22.3704],[140.2933,-22.1599],[140.2405,-22.1162],[140.2185,-22.1133],[140.0098,-22.0856],[139.4934,-22.0042],[139.3066,-22.0042],[139.2627,-22.0829],[139.2379,-22.1274],[139.2242,-22.1518],[139.2223,-22.1611]]]},"properties":{"NAME":"Pitta-Pitta","SUBJECTO":"Pitta-Pitta","PARTOF":"Pitta-Pitta","BORDERPRECISION":3,"LINK":null}},
{"type":"Feature","geometry":{"type":"Polygon","coordinates":[[[151.3916,-29.8105],[151.5125,-29.6881],[151.7542,-29.5065],[151.7883,-29.4471],[151.908,-29.2385],[152.0068,-29.0946],[152.0213,-28.9847],[151.9817,-28.9575],[151.9629,-28.9168],[151.9629,-28.758],[151.6907,-28.3399],[151.6889,-28.3152],[151.5015,-28.1107],[151.4575,-27.9459],[151.3501,-27.8391],[151.3257,-27.8391],[151.1829,-27.7808],[151.062,-27.5326],[150.9906,-27.5229],[150.9678,-27.5285],[150.9686,-27.5375],[150.8313,-27.6397],[150.8038,-28.0235],[150.9576,-28.7002],[150.9336,-28.7239],[150.9308,-28.7267],[150.9343,-28.7308],[150.9741,-28.7773],[150.9192,-29.5161],[150.9961,-29.7167],[150.9961,-29.7978],[150.9961,-29.8406],[151.084,-29.8788],[151.1444,-29.8883],[151.3257,-29.874],[151.3806,-29.8216],[151.3892,-29.8129],[151.3916,-29.8105]]]},"properties":{"NAME":"Ngarabal","SUBJECTO":"Ngarabal","PARTOF":"Ngarabal","BORDERPRECISION":3,"LINK":null}},
{"type":"Feature","geometry":{"type":"Polygon","coordinates":[[[114.9697,-30.325],[115.0159,-30.3681],[116.153,-30.2211],[116.5045,-30.1071],[116.6254,-30.0406],[116.6406,-30.0093],[116.6693,-29.9502],[116.3837,-29.3822],[116.3124,-29.254],[116.2738,-29.2672],[116.0761,-29.0226],[115.8179,-28.6086],[115.8179,-28.5692],[115.73,-28.5121],[115.3949,-28.57],[115.3147,-28.5298],[115.2981,-28.5377],[115.2301,-28.57],[114.7028,-28.7195],[114.5966,-28.7195],[114.5929,-28.7195],[114.5435,-28.7725],[114.9122,-29.6973],[114.9003,-30.1289],[114.95,-30.3065],[114.9697,-30.325]]]},"properties":{"NAME":"Amangu","SUBJECTO":"Amangu","PARTOF":"Amangu","BORDERPRECISION":3,"LINK":null}},
{"type":"Feature","geometry":{"type":"Polygon","coordinates":[[[143.3949,-38.4867],[143.3771,-38.4665],[143.3881,-38.1562],[143.5693,-38.1562],[143.6407,-38.1259],[143.6572,-38.074],[143.5583,-38.0827],[143.3386,-38.0091],[143.1683,-37.8358],[143.0804,-37.8108],[143.0804,-37.9139],[143.0804,-38.0481],[142.998,-38.3675],[143.0365,-38.4019],[143.2233,-38.4536],[143.3276,-38.4708],[143.3909,-38.4881],[143.3949,-38.4867]]]},"properties":{"NAME":"Djargurdwurung","SUBJECTO":"Djargurdwurung","PARTOF":"Djargurdwurung","BORDERPRECISION":3,"LINK":null}},
{"type":"Feature","geometry":{"type":"Polygon","coordinates":[[[135.7943,-15.513],[135.8108,-15.5238],[135.9119,-15.5066],[136.1426,-15.6336],[136.6479,-16.0458],[136.6378,-16.0913],[136.8842,-16.1197],[137.0599,-16.1725],[137.6862,-16.415],[138.2603,-16.8425],[137.4257,-16.1895],[136.6871,-16.0258],[136.4586,-15.7529],[136.0944,-15.4485],[135.9448,-15.3593],[135.824,-15.4484],[135.7943,-15.513]]]},"properties":{"NAME":"Yanyuwa","SUBJECTO":"Yanyuwa","PARTOF":"Yanyuwa","BORDERPRECISION":3,"LINK":null}},
{"type":"Feature","geometry":{"type":"Polygon","coordinates":[[[134.3893,-12.1184],[134.2277,-12.0956],[134.1705,-12.1186],[134.1444,-12.1763],[134.1238,-12.242],[134.1213,-12.2595],[134.1336,-12.2595],[134.187,-12.2595],[134.3573,-12.2541],[134.3683,-12.1682],[134.4025,-12.1564],[134.4026,-12.1508],[134.3962,-12.1307],[134.3925,-12.1189],[134.3893,-12.1184]]]},"properties":{"NAME":"Gungurugoni","SUBJECTO":"Gungurugoni","PARTOF":"Gungurugoni","BORDERPRECISION":3,"LINK":null}},
{"type":"Feature","geometry":{"type":"Polygon","coordinates":[[[142.033,-34.0215],[142.1191,-33.9342],[142.3499,-33.9525],[142.3718,-33.8339],[142.4452,-33.7118],[142.4707,-33.6695],[142.5476,-33.7061],[142.5811,-33.7384],[142.7857,-33.9362],[142.8431,-33.9916],[142.848,-33.9963],[142.8497,-33.998],[142.8557,-33.9975],[142.9047,-33.9935],[142.8967,-33.9656],[142.8905,-33.9439],[142.7783,-33.5506],[142.6794,-33.2019],[142.7563,-32.898],[143.9099,-31.8589],[144.069,-31.614],[143.9912,-31.6111],[143.866,-31.6066],[143.5474,-31.5317],[143.5308,-31.513],[143.443,-31.5645],[143.2837,-31.6814],[142.9431,-32.036],[141.7731,-32.9349],[141.0864,-33.3397],[140.9729,-33.4431],[141.0205,-33.4589],[141.5149,-33.6878],[142.0093,-33.8522],[142.0472,-33.8792],[142.0862,-33.9069],[142.033,-34.0215]]]},"properties":{"NAME":"Barkindji","SUBJECTO":"Barkindji","PARTOF":"Barkindji","BORDERPRECISION":3,"LINK":null}},
{"type":"Feature","geometry":{"type":"Polygon","coordinates":[[[143.3949,-38.4867],[143.3979,-38.49],[143.4375,-38.5009],[143.4418,-38.5293],[143.464,-38.5394],[143.5309,-38.5696],[143.5693,-38.5688],[143.6008,-38.5681],[143.7231,-38.5653],[143.8715,-38.4665],[144.0008,-38.3977],[143.9752,-38.389],[143.8989,-38.3632],[144.0198,-38.208],[143.9484,-37.9832],[143.7067,-38.0697],[143.671,-38.0728],[143.6572,-38.074],[143.6407,-38.1259],[143.5693,-38.1562],[143.3881,-38.1562],[143.3771,-38.4665],[143.3949,-38.4867]]]},"properties":{"NAME":"Gulidjan","SUBJECTO":"Gulidjan","PARTOF":"Gulidjan","BORDERPRECISION":3,"LINK":null}},
{"type":"Feature","geometry":{"type":"Polygon","coordinates":[[[138.3315,-33.3081],[138.3313,-33.3089],[138.3289,-33.3168],[138.3234,-33.4314],[138.6694,-34.6874],[138.7175,-34.6735],[138.7739,-34.6572],[138.9661,-34.6016],[139.1302,-34.534],[139.115,-34.4444],[139.0979,-34.3434],[139.0759,-33.6695],[139.0877,-33.6662],[138.9331,-33.4773],[138.9331,-33.1927],[139.2957,-32.898],[139.8795,-32.7776],[139.9208,-32.769],[140.0098,-32.5376],[140.0317,-32.2778],[140.0607,-32.0733],[139.9878,-32.0733],[139.9749,-32.0741],[139.7131,-32.0919],[139.4055,-32.0919],[138.8013,-32.1477],[138.774,-32.0632],[138.6475,-32.1245],[138.4937,-32.1454],[138.4003,-32.1896],[138.1665,-32.2682],[138.1631,-32.2724],[138.1201,-32.3243],[138.3618,-33.0133],[138.3673,-33.1927],[138.3315,-33.3081]]]},"properties":{"NAME":"Ngadjuri","SUBJECTO":"Ngadjuri","PARTOF":"Ngadjuri","BORDERPRECISION":3,"LINK":null}},
{"type":"Feature","geometry":{"type":"Polygon","coordinates":[[[122.8282,-33.0553],[123.6511,-33.1376],[123.9547,-33.4787],[123.9222,-33.5214],[124.4312,-32.9441],[124.2224,-31.0341],[123.3833,-30.9917],[123.1851,-31.4623],[123.108,-31.7529],[122.9979,-32.0985],[122.9208,-32.3685],[122.9317,-32.4893],[122.9097,-32.7581],[122.8326,-33.0354],[122.8282,-33.0553]]]},"properties":{"NAME":"Ngatjumay","SUBJECTO":"Ngatjumay","PARTOF":"Ngatjumay","BORDERPRECISION":3,"LINK":null}},
{"type":"Feature","geometry":{"type":"Polygon","coordinates":[[[130.7591,-16.0674],[130.7813,-16.0722],[130.8886,-16.0863],[130.9076,-16.0722],[131.0999,-15.9983],[131.3306,-15.993],[131.369,-15.7923],[131.4012,-15.791],[131.3966,-15.6843],[131.3965,-15.6812],[131.3864,-15.6592],[131.1548,-15.6548],[130.9241,-15.6548],[130.6219,-15.6971],[130.4462,-15.6918],[130.4462,-15.7081],[130.4462,-15.8081],[130.4846,-15.9613],[130.7098,-16.0511],[130.7591,-16.0674]]]},"properties":{"NAME":"Ngaliwuru","SUBJECTO":"Ngaliwuru","PARTOF":"Ngaliwuru","BORDERPRECISION":3,"LINK":null}},
{"type":"Feature","geometry":{"type":"Polygon","coordinates":[[[115.9123,-22.6023],[115.9497,-22.5481],[116.0156,-22.4669],[115.9854,-22.4681],[115.9391,-22.4701],[115.8069,-22.5734],[115.1917,-22.5024],[115.31,-22.4051],[115.3036,-22.4009],[115.2905,-22.4009],[115.2631,-22.4263],[115.0928,-22.4415],[114.9225,-22.4161],[114.6385,-21.9822],[114.232,-22.6155],[113.9006,-22.0377],[113.6254,-22.5659],[113.7195,-22.8167],[113.7831,-22.8395],[113.8239,-22.7559],[114.2908,-22.685],[114.7577,-22.7711],[114.7926,-22.8217],[114.8077,-22.825],[114.8621,-22.8369],[115.5981,-22.8724],[115.7147,-22.8476],[115.7316,-22.844],[115.8124,-22.8268],[115.8728,-22.7103],[115.9041,-22.6236],[115.9113,-22.6039],[115.9123,-22.6023]]]},"properties":{"NAME":"Thalanyji","SUBJECTO":"Thalanyji","PARTOF":"Thalanyji","BORDERPRECISION":3,"LINK":null}},
{"type":"Feature","geometry":{"type":"Polygon","coordinates":[[[131.6588,-12.93],[131.6437,-12.8439],[131.6761,-12.3848],[131.1829,-12.2361],[131.109,-12.2515],[131.0631,-12.261],[131.1273,-12.3615],[131.1685,-12.5197],[131.1768,-12.8761],[131.2054,-12.9109],[131.2097,-12.9162],[131.6107,-13.0313],[131.6656,-12.9831],[131.6602,-12.9376],[131.6588,-12.93]]]},"properties":{"NAME":"Woolna","SUBJECTO":"Woolna","PARTOF":"Woolna","BORDERPRECISION":3,"LINK":null}},
{"type":"Feature","geometry":{"type":"Polygon","coordinates":[[[134.6375,-12.4366],[134.2749,-12.6618],[133.9618,-12.9831],[133.9558,-13.0257],[133.9453,-13.1009],[133.9618,-13.2934],[134.0607,-13.4003],[134.3188,-13.427],[134.3311,-13.4193],[134.4727,-13.3308],[134.8737,-13.1169],[135.0275,-13.1223],[135.0549,-13.1118],[135.0549,-13.0822],[135.0549,-13.0581],[135.0549,-12.8707],[134.6869,-12.4527],[134.6869,-12.4402],[134.6836,-12.4391],[134.6594,-12.4312],[134.6375,-12.4366]]]},"properties":{"NAME":"Rembarnga","SUBJECTO":"Rembarnga","PARTOF":"Rembarnga","BORDERPRECISION":3,"LINK":null}},
{"type":"Feature","geometry":{"type":"Polygon","coordinates":[[[130.0429,-14.4454],[130.0318,-14.4367],[129.9973,-14.4343],[129.9923,-14.434],[129.9243,-14.4294],[129.809,-14.4453],[129.5962,-14.168],[129.4266,-14.3059],[129.423,-14.4139],[129.7288,-14.6739],[129.7943,-14.7536],[130.0616,-14.7218],[130.2649,-14.7164],[130.3506,-14.7164],[130.3473,-14.6686],[130.3363,-14.5729],[130.3363,-14.5145],[130.3424,-14.5112],[130.3226,-14.5065],[130.2814,-14.4905],[130.1633,-14.4666],[130.0699,-14.4666],[130.0429,-14.4454]]]},"properties":{"NAME":"Murrinh-patha","SUBJECTO":"Murrinh-patha","PARTOF":"Murrinh-patha","BORDERPRECISION":3,"LINK":null}},
{"type":"Feature","geometry":{"type":"Polygon","coordinates":[[[130.5762,-24.7933],[130.4956,-24.8665],[129.3311,-24.4871],[129.0743,-24.4459],[128.886,-24.4303],[129.0344,-24.7967],[129.0674,-25.8493],[129.0234,-25.898],[129.0234,-25.958],[129.0234,-26.0963],[129.0234,-26.4017],[129.0784,-26.8241],[129.2871,-27.1276],[130.21,-27.4985],[130.5433,-27.5159],[130.64,-27.4847],[130.6714,-27.4595],[130.686,-27.4699],[130.7043,-27.464],[130.7043,-27.3327],[130.8691,-26.7358],[130.7813,-26.0765],[130.8252,-25.9185],[130.946,-25.7504],[131.0407,-25.4659],[131.0504,-25.3986],[131.0614,-25.2099],[131.001,-25.0408],[130.8472,-24.8815],[130.6989,-24.8416],[130.5762,-24.7933]]]},"properties":{"NAME":"Pitjantjatjara","SUBJECTO":"Pitjantjatjara","PARTOF":"Pitjantjatjara","BORDERPRECISION":3,"LINK":null}},
{"type":"Feature","geometry":{"type":"Polygon","coordinates":[[[141.4784,-27.4045],[141.3721,-27.479],[140.9326,-27.6543],[140.5261,-27.6543],[140.2954,-27.5278],[139.9878,-27.4888],[139.9878,-27.5488],[139.9878,-27.6446],[139.845,-28.2366],[139.6362,-28.7388],[139.622,-28.8942],[139.6204,-28.912],[139.834,-28.912],[140.7458,-28.9312],[140.9706,-28.8674],[140.9743,-28.8664],[141.1523,-28.8158],[141.7676,-28.5556],[142.0705,-28.3808],[142.0545,-28.36],[141.8994,-28.1592],[141.6248,-27.7613],[141.5588,-27.5083],[141.4942,-27.4249],[141.4784,-27.4045]]]},"properties":{"NAME":"Yandruwandha","SUBJECTO":"Yandruwandha","PARTOF":"Yandruwandha","BORDERPRECISION":3,"LINK":null}},
{"type":"Feature","geometry":{"type":"Polygon","coordinates":[[[117.9781,-35.0977],[118.021,-35.1019],[118.0011,-35.0897],[117.9781,-35.0977]]]},"properties":{"NAME":"Minang","SUBJECTO":"Minang","PARTOF":"Minang","BORDERPRECISION":3,"LINK":null}},
{"type":"Feature","geometry":{"type":"Polygon","coordinates":[[[153.1521,-27.6771],[153.1203,-27.6252],[152.7541,-27.7306],[152.741,-27.7477],[152.6882,-27.8159],[152.6476,-27.8832],[152.6193,-27.9459],[152.6995,-27.9031],[152.7958,-27.8531],[152.9576,-27.7972],[153.05,-27.7472],[153.0927,-27.7199],[153.1289,-27.6939],[153.1521,-27.6771]]]},"properties":{"NAME":"Yugambeh","SUBJECTO":"Yugambeh","PARTOF":"Yugambeh","BORDERPRECISION":3,"LINK":null}},
{"type":"Feature","geometry":{"type":"Polygon","coordinates":[[[143.7012,-14.9671],[143.877,-14.9554],[144.1736,-14.8067],[144.1912,-14.8055],[144.2307,-14.8028],[144.223,-14.6474],[144.1994,-14.4644],[143.7432,-14.4658],[143.6775,-14.299],[143.6729,-14.2873],[143.435,-14.3189],[143.4375,-14.3336],[143.4394,-14.3441],[143.4595,-14.456],[143.421,-14.8227],[143.4045,-14.8262],[143.4045,-14.8284],[143.4924,-14.8386],[143.7012,-14.9448],[143.7012,-14.9671]]]},"properties":{"NAME":"Lamalama","SUBJECTO":"Lamalama","PARTOF":"Lamalama","BORDERPRECISION":3,"LINK":null}},
{"type":"Feature","geometry":{"type":"Polygon","coordinates":[[[115.6535,-33.3305],[115.558,-33.5754],[115.4085,-33.7666],[114.9613,-33.8693],[115.0543,-34.3752],[115.1485,-34.3822],[115.3493,-34.1158],[115.3674,-34.0709],[115.5432,-33.9798],[115.7407,-33.8591],[115.7563,-33.8305],[115.7629,-33.7974],[115.8289,-33.6878],[115.8166,-33.6064],[115.7355,-33.4177],[115.6499,-33.3493],[115.6535,-33.3305]]]},"properties":{"NAME":"Wardandi","SUBJECTO":"Wardandi","PARTOF":"Wardandi","BORDERPRECISION":3,"LINK":null}},
{"type":"Feature","geometry":{"type":"Polygon","coordinates":[[[132.6263,-11.7499],[132.7511,-12.1692],[133.0939,-11.9104],[133.0796,-11.8949],[133.0582,-11.905],[132.8027,-11.6065],[132.6263,-11.7499]]]},"properties":{"NAME":"Amarak","SUBJECTO":"Amarak","PARTOF":"Amarak","BORDERPRECISION":3,"LINK":null}},
{"type":"Feature","geometry":{"type":"Polygon","coordinates":[[[123.9899,-16.8151],[124.0521,-16.8151],[124.1949,-16.8308],[124.3433,-16.8308],[124.4476,-16.8395],[124.4476,-16.773],[124.4476,-16.6467],[124.3964,-16.5173],[124.2773,-16.5228],[123.9795,-16.409],[123.5758,-16.3908],[123.9148,-16.5678],[123.9697,-16.6415],[123.9642,-16.7414],[123.9883,-16.8105],[123.9899,-16.8151]]]},"properties":{"NAME":"Umida","SUBJECTO":"Umida","PARTOF":"Umida","BORDERPRECISION":3,"LINK":null}},
{"type":"Feature","geometry":{"type":"Polygon","coordinates":[[[132.6964,-12.6864],[132.7039,-12.6966],[132.8549,-12.7448],[132.8723,-12.7292],[132.9236,-12.6832],[132.9648,-12.6457],[132.9675,-12.4419],[132.7511,-12.1692],[132.6995,-12.2192],[132.7246,-12.2009],[132.6709,-12.576],[132.6908,-12.6621],[132.6964,-12.6864]]]},"properties":{"NAME":"Kundjey’mi","SUBJECTO":"Kundjey’mi","PARTOF":"Kundjey’mi","BORDERPRECISION":3,"LINK":null}},
{"type":"Feature","geometry":{"type":"Polygon","coordinates":[[[148.0368,-37.1787],[147.8815,-37.2784],[147.7057,-37.4051],[147.5464,-37.4836],[147.2937,-37.1034],[147.2038,-37.0209],[147.1908,-37.009],[147.1838,-37.0026],[146.9861,-37.0552],[146.9531,-37.0639],[146.9037,-37.0771],[146.1621,-37.4269],[146.1644,-37.44],[146.1727,-37.4884],[146.1786,-37.5228],[146.3873,-37.8315],[146.4093,-37.9745],[146.3214,-38.1302],[146.3214,-38.2166],[146.3214,-38.319],[146.3214,-38.3201],[146.3069,-38.3838],[146.2939,-38.4407],[146.217,-38.7284],[146.3269,-38.7498],[146.4532,-38.7498],[146.6276,-38.7611],[146.651,-38.7626],[146.9171,-38.7134],[147.7441,-38.0524],[149.3097,-37.8315],[149.3107,-37.8141],[149.3152,-37.736],[149.2548,-37.6186],[148.9581,-37.4792],[148.4528,-37.4094],[148.3862,-37.3676],[148.3594,-37.3876],[148.2555,-37.3794],[148.2495,-37.3789],[148.0847,-37.2741],[148.0751,-37.2549],[148.0368,-37.1787]]]},"properties":{"NAME":"Kurnai","SUBJECTO":"Kurnai","PARTOF":"Kurnai","BORDERPRECISION":3,"LINK":null}},
{"type":"Feature","geometry":{"type":"Polygon","coordinates":[[[118.9298,-22.3303],[118.9337,-22.3404],[118.9545,-22.3958],[119.3555,-22.7053],[119.6136,-23.3826],[119.6414,-23.3992],[119.6657,-23.3952],[119.8059,-23.3725],[120.9814,-23.2817],[121.002,-23.3035],[121.0034,-23.3019],[121.1243,-23.0494],[121.1243,-22.2789],[121.1038,-22.1986],[121.0693,-22.2332],[120.6848,-22.1111],[119.9323,-22.1111],[119.1248,-22.0449],[119.0325,-22.0107],[119.0282,-22.0149],[118.9819,-22.0602],[118.9105,-22.2789],[118.9298,-22.3303]]]},"properties":{"NAME":"Palyku","SUBJECTO":"Palyku","PARTOF":"Palyku","BORDERPRECISION":3,"LINK":null}},
{"type":"Feature","geometry":{"type":"Polygon","coordinates":[[[114.643,-26.4673],[114.7028,-26.618],[114.8676,-27.1618],[114.906,-27.9507],[115.0488,-28.2463],[115.2026,-28.4735],[115.2733,-28.509],[115.3147,-28.5298],[115.3949,-28.57],[115.73,-28.5121],[115.8179,-28.5692],[115.8563,-28.5942],[115.8819,-28.5743],[116.2354,-28.2995],[116.7572,-27.9507],[117.5702,-27.4644],[117.746,-27.2497],[117.9767,-27.2058],[118.0125,-27.1822],[118.0391,-27.1647],[118.2294,-27.0396],[118.8831,-25.9926],[118.9128,-25.8098],[118.916,-25.79],[118.9295,-25.7395],[118.9545,-25.6465],[119.0094,-25.5474],[119.6466,-25.1751],[119.696,-25.1204],[119.7632,-24.9901],[119.7729,-24.9711],[119.7131,-24.9332],[119.4818,-24.7867],[119.3005,-24.687],[119.0753,-24.5371],[118.8776,-24.4572],[118.6139,-24.3971],[118.5726,-24.3899],[118.4436,-24.3671],[118.0042,-24.2269],[117.6746,-24.0314],[117.5943,-24.0314],[117.5812,-24.0314],[117.4219,-24.0063],[117.3615,-23.9712],[117.0978,-24.0013],[116.8341,-24.4821],[116.5045,-24.5121],[116.3735,-24.5946],[116.3375,-24.6173],[116.2903,-24.647],[116.1365,-24.7618],[116.0596,-24.9661],[115.8948,-25.1055],[115.8541,-25.1986],[115.8419,-25.2266],[115.8124,-25.2944],[115.8234,-25.5524],[114.7302,-25.7108],[114.7276,-25.7495],[114.7275,-25.7516],[114.7192,-25.8741],[114.7687,-26.2195],[114.7412,-26.3869],[114.6772,-26.4379],[114.6423,-26.4657],[114.643,-26.4673]]]},"properties":{"NAME":"Watjarri","SUBJECTO":"Watjarri","PARTOF":"Watjarri","BORDERPRECISION":3,"LINK":null}},
{"type":"Feature","geometry":{"type":"Polygon","coordinates":[[[140.1506,-31.9769],[140.4272,-31.7282],[140.8887,-31.4474],[141.0416,-31.3495],[141.0889,-31.3192],[141.1523,-31.2785],[141.7236,-30.6757],[141.9873,-30.278],[142.1411,-29.8978],[142.1411,-29.7596],[142.1411,-29.7321],[142.1411,-29.6499],[142.1386,-29.6499],[142.0642,-29.6499],[142.0457,-29.6499],[141.6577,-29.6499],[140.8447,-29.8597],[140.2734,-30.0501],[140.2368,-30.065],[140.1727,-30.0911],[140.0931,-30.1235],[140.0647,-30.1831],[140.0512,-30.2297],[140.0208,-30.335],[139.8779,-30.8079],[139.8779,-31.0247],[140.0317,-31.3067],[140.0537,-31.4943],[140.1196,-31.7469],[140.138,-31.8831],[140.1506,-31.9769]]]},"properties":{"NAME":"Malyangaba","SUBJECTO":"Malyangaba","PARTOF":"Malyangaba","BORDERPRECISION":3,"LINK":null}},
{"type":"Feature","geometry":{"type":"Polygon","coordinates":[[[143.5803,-16.0106],[143.5803,-16.088],[143.7122,-16.1514],[143.8704,-16.1441],[143.8713,-16.1244],[143.8715,-16.1197],[144.2725,-16.0986],[144.6295,-15.9877],[144.7735,-15.9266],[144.8036,-15.9138],[144.8108,-15.824],[144.7449,-15.6548],[144.7449,-15.4749],[145.1074,-15.1464],[145.0456,-15.0617],[145.0308,-15.0416],[144.9756,-14.966],[144.4812,-14.7855],[144.2307,-14.8028],[144.1912,-14.8055],[144.1736,-14.8067],[143.877,-14.9554],[143.7012,-14.9671],[143.7012,-14.9872],[143.7012,-15.2206],[143.7012,-15.7394],[143.6583,-16.028],[143.6572,-16.0353],[143.5803,-16.0106]]]},"properties":{"NAME":"Kokowarra","SUBJECTO":"Kokowarra","PARTOF":"Kokowarra","BORDERPRECISION":3,"LINK":null}},
{"type":"Feature","geometry":{"type":"Polygon","coordinates":[[[140.9706,-28.8674],[140.7458,-28.9312],[139.834,-28.912],[139.6204,-28.912],[139.6143,-28.9793],[139.6033,-29.296],[139.6283,-29.4996],[139.7241,-29.5065],[139.9768,-29.5161],[140.2185,-29.5639],[140.1416,-30.0215],[140.0931,-30.1235],[140.1727,-30.0911],[140.191,-30.0548],[140.246,-29.8645],[140.9491,-29.4683],[141.0315,-29.0466],[140.9875,-28.9168],[140.9706,-28.8674]]]},"properties":{"NAME":"Pirlatapa","SUBJECTO":"Pirlatapa","PARTOF":"Pirlatapa","BORDERPRECISION":3,"LINK":null}},
{"type":"Feature","geometry":{"type":"Polygon","coordinates":[[[127.738,-19.4562],[127.738,-20.6019],[127.7389,-20.6028],[127.8738,-20.7289],[128.4192,-20.8896],[128.7158,-20.9101],[129.1443,-21.064],[129.7925,-20.9614],[130.0891,-21.0947],[130.2534,-21.1139],[130.3967,-21.0025],[130.4956,-20.7972],[130.4956,-20.5505],[128.7158,-19.3008],[128.7582,-19.2608],[128.7486,-19.2503],[128.7378,-19.2385],[127.9578,-19.3111],[127.7964,-19.4177],[127.781,-19.4279],[127.738,-19.4562]]]},"properties":{"NAME":"Ngarti","SUBJECTO":"Ngarti","PARTOF":"Ngarti","BORDERPRECISION":3,"LINK":null}},
{"type":"Feature","geometry":{"type":"Polygon","coordinates":[[[151.2008,-33.3852],[151.2213,-33.3168],[151.1003,-33.3015],[150.9302,-33.28],[150.5731,-33.2433],[150.1337,-33.2111],[150.0084,-33.1871],[149.9989,-33.2308],[149.8755,-33.7974],[149.6777,-34.0891],[149.1064,-34.2527],[149.0397,-34.263],[148.8733,-34.2888],[148.9252,-34.3071],[149.4141,-34.357],[150.2133,-34.2141],[150.4166,-34.2027],[150.5679,-34.1664],[150.6061,-34.1573],[150.6852,-34.1573],[150.7218,-34.1573],[150.7522,-34.1573],[150.8148,-34.1573],[150.9027,-33.9753],[150.9186,-33.948],[150.9254,-33.9362],[150.9796,-33.843],[151.0126,-33.7563],[151.0219,-33.7408],[151.0245,-33.7366],[151.0675,-33.6649],[151.1115,-33.546],[151.1938,-33.4085],[151.2008,-33.3852]]]},"properties":{"NAME":"Dharug","SUBJECTO":"Dharug","PARTOF":"Dharug","BORDERPRECISION":3,"LINK":null}},
{"type":"Feature","geometry":{"type":"Polygon","coordinates":[[[143.3074,-37.2128],[143.2507,-37.2128],[142.8882,-37.4967],[142.9651,-37.6403],[142.9752,-37.6903],[142.9801,-37.7147],[142.9871,-37.749],[143.031,-37.7968],[143.0475,-37.8014],[143.0804,-37.8108],[143.1683,-37.8358],[143.3386,-38.0091],[143.5583,-38.0827],[143.6572,-38.074],[143.671,-38.0728],[143.7067,-38.0697],[143.9484,-37.9832],[144.0198,-38.208],[143.8989,-38.3632],[143.9752,-38.389],[144.0008,-38.3977],[144.1022,-38.4321],[144.2114,-38.4382],[144.256,-38.4407],[144.5911,-38.3804],[144.5617,-38.1368],[144.6961,-38.0894],[144.6021,-38.0524],[144.6059,-38.028],[144.6185,-37.9485],[144.6141,-37.9381],[144.5691,-37.9456],[144.5251,-37.9529],[144.4043,-37.8835],[144.2834,-37.5794],[144.2509,-37.4309],[144.2024,-37.4476],[144.0348,-37.4737],[143.3082,-37.2963],[143.3194,-37.2512],[143.3038,-37.235],[143.3049,-37.2287],[143.3075,-37.2141],[143.3074,-37.2128]]]},"properties":{"NAME":"Wathaurong","SUBJECTO":"Wathaurong","PARTOF":"Wathaurong","BORDERPRECISION":3,"LINK":null}},
{"type":"Feature","geometry":{"type":"Polygon","coordinates":[[[124.4586,-17.4092],[124.4586,-17.3454],[124.4476,-17.0673],[124.4476,-16.8887],[124.4476,-16.8395],[124.3433,-16.8308],[124.1949,-16.8308],[124.0521,-16.8151],[123.9899,-16.8151],[123.9862,-16.8151],[123.9587,-16.8151],[123.8599,-16.8571],[123.8203,-16.8839],[123.912,-16.9749],[123.8268,-17.2485],[123.7041,-17.2169],[123.5958,-17.1574],[123.6347,-17.2101],[123.6731,-17.2353],[123.8599,-17.3192],[124.3982,-17.4031],[124.4586,-17.4092]]]},"properties":{"NAME":"Warwa","SUBJECTO":"Warwa","PARTOF":"Warwa","BORDERPRECISION":3,"LINK":null}},
{"type":"Feature","geometry":{"type":"Polygon","coordinates":[[[141.7789,-16.8132],[141.6028,-16.7151],[141.2952,-16.5204],[141.2882,-16.52],[141.2469,-16.6359],[141.1324,-16.9571],[140.8789,-17.4196],[140.881,-17.4204],[140.9161,-17.4345],[141.037,-17.466],[141.1419,-17.482],[141.1731,-17.4867],[141.2292,-17.4555],[141.2556,-17.5166],[141.2616,-17.5304],[141.806,-17.7016],[141.9543,-17.7853],[142.5733,-18.0384],[142.5806,-18.0414],[142.5873,-18.0365],[142.9541,-17.7696],[143.1299,-17.6021],[143.1299,-17.4198],[143.1081,-17.4105],[143.042,-17.3821],[142.998,-17.3297],[142.937,-17.252],[142.8552,-17.3821],[141.7896,-16.9202],[141.7888,-16.913],[141.7789,-16.8132]]]},"properties":{"NAME":"Kurtjar","SUBJECTO":"Kurtjar","PARTOF":"Kurtjar","BORDERPRECISION":3,"LINK":null}},
{"type":"Feature","geometry":{"type":"Polygon","coordinates":[[[147.2089,-19.8604],[147.2498,-19.715],[147.4665,-19.6501],[146.9495,-19.4434],[146.7963,-19.3552],[146.7913,-19.387],[146.8542,-19.4044],[146.8542,-19.4977],[146.8213,-19.6115],[146.8111,-19.8217],[146.8103,-19.8391],[147.2058,-19.8494],[147.2089,-19.8604]]]},"properties":{"NAME":"Thul Garrie Waja (Bindal)","SUBJECTO":"Thul Garrie Waja (Bindal)","PARTOF":"Thul Garrie Waja (Bindal)","BORDERPRECISION":3,"LINK":null}},
{"type":"Feature","geometry":{"type":"Polygon","coordinates":[[[134.1213,-12.2595],[134.0717,-12.2595],[134.0392,-12.2635],[134.0193,-12.2659],[134.0035,-12.2678],[133.9997,-12.2658],[133.9984,-12.2684],[133.9838,-12.2702],[133.8519,-12.3883],[133.5992,-12.9028],[133.6222,-12.9202],[133.7476,-13.0153],[133.9558,-13.0257],[133.9618,-12.9831],[134.2749,-12.6618],[134.6375,-12.4366],[134.6594,-12.4312],[134.6836,-12.4391],[134.6869,-12.4402],[134.6869,-12.4349],[134.6869,-12.3185],[134.6924,-12.1843],[134.6995,-12.1286],[134.7005,-12.1209],[134.6924,-12.1145],[134.6054,-12.1077],[134.6046,-12.1077],[134.5551,-12.1038],[134.4662,-12.1344],[134.4025,-12.1564],[134.3683,-12.1682],[134.3573,-12.2541],[134.187,-12.2595],[134.1336,-12.2595],[134.1213,-12.2595]]]},"properties":{"NAME":"Dangbon","SUBJECTO":"Dangbon","PARTOF":"Dangbon","BORDERPRECISION":3,"LINK":null}},
{"type":"Feature","geometry":{"type":"Polygon","coordinates":[[[131.896,-14.5692],[131.792,-14.5836],[131.0284,-14.7749],[131.0176,-14.7871],[130.9882,-14.8202],[130.9625,-14.8492],[130.9735,-15.0032],[131.0339,-15.2683],[131.0597,-15.3056],[131.0734,-15.3254],[131.1108,-15.3795],[131.2701,-15.4378],[131.3361,-15.549],[131.3864,-15.6592],[131.3965,-15.6812],[131.3966,-15.6843],[131.4012,-15.791],[131.402,-15.8081],[131.4294,-15.8129],[131.5228,-15.8292],[131.9403,-15.7764],[132.0557,-15.8504],[132.1371,-15.9394],[132.1765,-15.9825],[132.1545,-16.2305],[132.3029,-15.9825],[132.3193,-15.8933],[132.3193,-15.7605],[132.3193,-15.4854],[132.2314,-15.21],[132.2864,-15.0297],[132.3034,-15.0245],[132.2095,-14.7749],[132.038,-14.609],[131.9813,-14.6164],[131.9073,-14.6261],[131.896,-14.5692]]]},"properties":{"NAME":"Wardaman","SUBJECTO":"Wardaman","PARTOF":"Wardaman","BORDERPRECISION":3,"LINK":null}},
{"type":"Feature","geometry":{"type":"Polygon","coordinates":[[[140.8008,-17.7278],[140.8386,-17.699],[140.7623,-17.6074],[140.7513,-17.5991],[140.7075,-17.632],[139.7189,-17.7058],[139.6857,-17.916],[139.7006,-17.9423],[139.7125,-17.9631],[139.812,-17.9892],[139.9988,-18.2189],[140.0419,-18.4087],[140.0867,-18.3962],[140.625,-18.5004],[140.7898,-18.2711],[140.8271,-18.1749],[140.8228,-18.1667],[140.8118,-17.9265],[140.8017,-17.7451],[140.8008,-17.7278]]]},"properties":{"NAME":"Kukatj","SUBJECTO":"Kukatj","PARTOF":"Kukatj","BORDERPRECISION":3,"LINK":null}},
{"type":"Feature","geometry":{"type":"Polygon","coordinates":[[[115.986,-32.9835],[115.9854,-32.9925],[116.0495,-33.0012],[116.1722,-33.0179],[116.2692,-33.0626],[116.6309,-33.2295],[116.6778,-33.2481],[117.1582,-33.4383],[117.2103,-33.4795],[117.4191,-33.6443],[117.4252,-33.6393],[117.4878,-33.5872],[117.529,-33.5528],[117.6326,-33.4961],[117.9602,-33.3168],[118.088,-33.2798],[118.1744,-33.2548],[118.3706,-33.151],[118.4122,-33.129],[118.1525,-33.1053],[118.1085,-33.0562],[117.9575,-32.981],[117.7954,-32.7734],[117.7428,-32.6329],[117.6691,-32.5468],[117.6121,-32.4024],[117.5299,-32.3765],[117.5125,-32.3753],[116.6281,-32.1431],[115.9882,-32.9534],[115.986,-32.9835]]]},"properties":{"NAME":"Wiilman","SUBJECTO":"Wiilman","PARTOF":"Wiilman","BORDERPRECISION":3,"LINK":null}},
{"type":"Feature","geometry":{"type":"Polygon","coordinates":[[[134.6869,-12.4402],[134.6869,-12.4527],[135.0549,-12.8707],[135.0549,-13.0581],[135.0549,-13.0822],[135.0549,-13.1118],[135.0549,-13.272],[135.2197,-13.4858],[135.3059,-13.5367],[135.3438,-13.5591],[135.423,-13.6059],[135.8289,-13.7286],[136.8597,-12.4401],[136.4345,-12.1168],[136.0912,-12.5752],[134.7621,-12.0632],[134.7346,-12.0622],[134.7294,-12.0682],[134.7034,-12.0984],[134.7005,-12.1209],[134.6995,-12.1286],[134.6924,-12.1843],[134.6869,-12.3185],[134.6869,-12.4349],[134.6869,-12.4402]]]},"properties":{"NAME":"Yolngu","SUBJECTO":"Yolngu","PARTOF":"Yolngu","BORDERPRECISION":3,"LINK":null}},
{"type":"Feature","geometry":{"type":"Polygon","coordinates":[[[143.2079,-22.4281],[143.2073,-22.4311],[143.1893,-22.5227],[143.1782,-22.579],[143.1683,-22.6292],[143.0914,-22.8724],[143.0695,-23.1151],[143.1793,-23.438],[143.3331,-23.6797],[143.4091,-23.7808],[143.4382,-23.8196],[143.454,-23.8406],[144.7504,-23.8406],[144.9152,-23.9612],[145.207,-24.1777],[145.2339,-24.1218],[145.4587,-23.6555],[145.9161,-23.8637],[146.5914,-23.9407],[146.6024,-23.9418],[146.6484,-23.9464],[146.5851,-23.8306],[146.3873,-23.5791],[146.3654,-23.4884],[146.4093,-23.0545],[146.2115,-22.6394],[146.0791,-22.4821],[146.0632,-22.4632],[146.0577,-22.4567],[145.8845,-22.3881],[145.8398,-22.3704],[145.7501,-22.3348],[145.2997,-22.1314],[144.8932,-21.9685],[143.8385,-22.0093],[143.41,-22.1314],[143.3644,-22.1948],[143.2189,-22.3968],[143.2123,-22.4059],[143.2079,-22.4281]]]},"properties":{"NAME":"Iningai","SUBJECTO":"Iningai","PARTOF":"Iningai","BORDERPRECISION":3,"LINK":null}},
{"type":"Feature","geometry":{"type":"Polygon","coordinates":[[[131.992,-13.966],[132.0007,-13.9287],[132.0447,-13.7954],[132.0711,-13.7595],[132.0782,-13.7498],[132.0996,-13.7207],[132.1985,-13.6833],[132.4072,-13.6727],[132.6215,-13.5766],[132.8467,-13.5499],[132.2095,-13.2399],[132.1996,-13.2226],[131.9183,-13.1009],[131.7645,-13.0153],[131.6876,-13.026],[131.5997,-13.2079],[131.5556,-13.2772],[131.5283,-13.3201],[131.5167,-13.4066],[131.5283,-13.403],[131.5298,-13.4096],[131.5503,-13.5018],[131.9485,-13.8887],[131.992,-13.966]]]},"properties":{"NAME":"Warray","SUBJECTO":"Warray","PARTOF":"Warray","BORDERPRECISION":3,"LINK":null}},
{"type":"Feature","geometry":{"type":"Polygon","coordinates":[[[142.8487,-12.2841],[142.9074,-12.2756],[143.0997,-12.238],[143.1026,-12.24],[143.1171,-12.2359],[142.8235,-11.9187],[142.7952,-11.7566],[142.792,-11.7382],[142.7701,-11.741],[142.6892,-11.7674],[142.6874,-11.781],[142.6849,-11.8001],[142.7124,-11.9533],[142.7103,-12.0036],[142.7399,-12.0662],[142.8113,-12.2139],[142.8487,-12.2841]]]},"properties":{"NAME":"Wuthathi","SUBJECTO":"Wuthathi","PARTOF":"Wuthathi","BORDERPRECISION":3,"LINK":null}},
{"type":"Feature","geometry":{"type":"Polygon","coordinates":[[[126.4526,-20.3715],[126.4526,-20.6328],[126.0352,-21.5757],[125.8408,-21.8105],[125.9912,-21.8105],[126.1569,-21.9324],[126.2071,-21.9052],[126.2109,-21.8819],[127.0239,-21.0435],[127.6172,-20.6533],[127.7069,-20.6798],[127.7389,-20.6028],[127.738,-20.6019],[127.738,-19.4562],[127.781,-19.4279],[127.7799,-19.4195],[127.7271,-19.4252],[127.0569,-19.2697],[126.8485,-19.1666],[126.8256,-19.1823],[126.8042,-19.1971],[126.3647,-20.2828],[126.3445,-20.3414],[126.4526,-20.3652],[126.4526,-20.3715]]]},"properties":{"NAME":"Kukatja","SUBJECTO":"Kukatja","PARTOF":"Kukatja","BORDERPRECISION":3,"LINK":null}},
{"type":"Feature","geometry":{"type":"Polygon","coordinates":[[[139.335,-17.8749],[139.3396,-17.8742],[139.3594,-17.9226],[139.4934,-17.9056],[139.6691,-17.9517],[139.7006,-17.9423],[139.6857,-17.916],[139.7189,-17.7058],[139.5102,-17.5898],[139.3781,-17.7801],[139.335,-17.8749]]]},"properties":{"NAME":"Mingin","SUBJECTO":"Mingin","PARTOF":"Mingin","BORDERPRECISION":3,"LINK":null}},
{"type":"Feature","geometry":{"type":"MultiPolygon","coordinates":[[[[142.3761,-31.4114],[142.3843,-31.41],[142.3842,-31.4099],[142.3673,-31.3889],[142.3755,-31.4099],[142.3761,-31.4114]]],[[[141.0416,-31.3495],[140.8887,-31.4474],[140.4272,-31.7282],[140.1506,-31.9769],[140.1636,-32.0733],[140.0607,-32.0733],[140.0317,-32.2778],[140.0098,-32.5376],[139.9208,-32.769],[139.9219,-32.7688],[141.2183,-32.38],[141.8445,-32.0546],[142.2839,-31.6347],[142.326,-31.4287],[141.8005,-31.4287],[141.1194,-31.4005],[141.0416,-31.3495]]]]},"properties":{"NAME":"Wiljali","SUBJECTO":"Wiljali","PARTOF":"Wiljali","BORDERPRECISION":3,"LINK":null}},
{"type":"Feature","geometry":{"type":"Polygon","coordinates":[[[116.6087,-23.0043],[116.5874,-23.0434],[116.6693,-23.0898],[116.8561,-23.206],[117.0978,-23.3069],[117.188,-23.332],[117.2021,-23.206],[116.9824,-22.9331],[116.9824,-22.8825],[116.9824,-22.8741],[116.9604,-22.8673],[116.8781,-22.7873],[116.8614,-22.7712],[116.8396,-22.7812],[116.6528,-22.923],[116.6087,-23.0043]]]},"properties":{"NAME":"Jurruru","SUBJECTO":"Jurruru","PARTOF":"Jurruru","BORDERPRECISION":3,"LINK":null}},
{"type":"Feature","geometry":{"type":"Polygon","coordinates":[[[141.7028,-34.6088],[141.7566,-34.588],[142.4158,-34.7145],[142.8003,-34.8048],[142.9641,-34.8415],[142.9641,-34.8414],[142.9651,-34.8318],[142.9651,-34.756],[142.9651,-34.6928],[142.9651,-34.6694],[142.9215,-34.6335],[142.9156,-34.6358],[142.8992,-34.6422],[142.7344,-34.6965],[142.6794,-34.7145],[142.4927,-34.7145],[142.1411,-34.2345],[141.9445,-34.1939],[141.8115,-34.4522],[141.7028,-34.6088]]]},"properties":{"NAME":"Latje Latje","SUBJECTO":"Latje Latje","PARTOF":"Latje Latje","BORDERPRECISION":3,"LINK":null}},
{"type":"Feature","geometry":{"type":"Polygon","coordinates":[[[150.3297,-34.935],[150.4303,-34.7777],[150.5676,-34.5473],[150.6116,-34.4386],[150.7874,-34.1755],[150.7522,-34.1573],[150.7218,-34.1573],[150.6852,-34.1573],[150.5679,-34.1664],[150.4166,-34.2027],[150.2133,-34.2141],[149.4141,-34.357],[148.9252,-34.3071],[148.8733,-34.2888],[148.7549,-34.3071],[148.5307,-34.3356],[148.4692,-34.3434],[148.4001,-34.3815],[148.5571,-34.5382],[148.7878,-34.719],[149.0572,-34.876],[149.1284,-34.9175],[149.3818,-35.0887],[149.4745,-35.1514],[149.619,-35.2312],[149.6448,-35.2165],[149.6504,-35.2131],[149.8453,-35.0952],[150.0073,-35.003],[150.0787,-34.958],[150.2251,-34.9229],[150.2573,-34.9152],[150.3297,-34.935]]]},"properties":{"NAME":"Gundungurra","SUBJECTO":"Gundungurra","PARTOF":"Gundungurra","BORDERPRECISION":3,"LINK":null}},
{"type":"Feature","geometry":{"type":"Polygon","coordinates":[[[148.3862,-37.3676],[148.4528,-37.4094],[148.9581,-37.4792],[149.2548,-37.6186],[149.3152,-37.736],[149.3107,-37.8141],[149.4305,-37.8054],[149.6722,-37.7577],[149.8491,-37.6433],[149.9848,-37.3469],[149.9763,-37.0803],[149.9525,-37.0753],[149.9277,-37.1034],[149.8233,-37.1012],[149.5006,-37.0379],[149.3372,-37.0727],[149.0295,-37.0815],[148.5352,-37.2566],[148.3862,-37.3676]]]},"properties":{"NAME":"Bidwell","SUBJECTO":"Bidwell","PARTOF":"Bidwell","BORDERPRECISION":3,"LINK":null}},
{"type":"Feature","geometry":{"type":"Polygon","coordinates":[[[138.3728,-24.7069],[138.0762,-24.7069],[137.45,-24.7468],[136.8567,-24.8466],[136.3074,-25.0557],[136.2707,-25.0594],[136.2744,-25.0856],[136.2744,-26.1357],[136.1865,-26.726],[136.1865,-27.2016],[136.1865,-27.2156],[136.1388,-27.2398],[136.2524,-27.2937],[136.582,-27.401],[136.7249,-27.5375],[136.8018,-27.7127],[136.8161,-27.7334],[136.8896,-27.8391],[136.9006,-27.8375],[137.428,-27.7613],[137.7246,-27.7905],[138.0762,-27.7322],[138.1539,-27.6565],[138.2127,-27.5991],[138.2959,-27.518],[138.4167,-27.4303],[138.4065,-27.3917],[138.4021,-27.375],[138.3728,-27.2644],[138.3069,-26.9808],[138.1641,-26.5689],[138.1556,-26.463],[138.1531,-26.4312],[138.1348,-26.4001],[138.0432,-26.2442],[138.0322,-26.0568],[138.186,-26.0173],[138.6365,-25.9975],[138.8277,-25.9704],[138.8452,-25.9679],[138.8138,-25.9089],[138.7244,-25.7405],[138.5925,-25.5226],[138.4717,-25.2447],[138.3838,-24.7069],[138.3728,-24.7069]]]},"properties":{"NAME":"Wangkangurru","SUBJECTO":"Wangkangurru","PARTOF":"Wangkangurru","BORDERPRECISION":3,"LINK":null}},
{"type":"Feature","geometry":{"type":"Polygon","coordinates":[[[114.7066,-23.2872],[114.7402,-23.3379],[114.7852,-23.3523],[114.9225,-23.3977],[115.0543,-23.4229],[115.4388,-23.6697],[115.719,-23.72],[115.8016,-23.7536],[115.8234,-23.6999],[115.697,-23.2514],[115.7328,-22.9269],[115.7355,-22.9027],[115.776,-22.9214],[115.7684,-22.8724],[115.7267,-22.8531],[115.7147,-22.8476],[115.5981,-22.8724],[114.8621,-22.8369],[114.8077,-22.825],[114.796,-22.8274],[114.7742,-22.928],[114.7302,-23.0545],[114.7083,-23.201],[114.7066,-23.2872]]]},"properties":{"NAME":"Purduna","SUBJECTO":"Purduna","PARTOF":"Purduna","BORDERPRECISION":3,"LINK":null}},
{"type":"Feature","geometry":{"type":"Polygon","coordinates":[[[145.3981,-18.1185],[145.437,-18.1354],[145.5579,-18.1432],[145.9844,-18.0058],[145.9963,-17.9562],[146.0187,-17.8622],[145.9942,-17.5126],[145.9765,-17.4675],[145.9614,-17.429],[145.7227,-17.3349],[145.643,-17.2851],[145.5482,-17.2423],[145.5441,-17.2405],[145.5323,-17.228],[145.4919,-17.1854],[145.4315,-17.1828],[145.3358,-17.2622],[145.3612,-17.3109],[145.3821,-17.3506],[145.3097,-17.3589],[145.2903,-17.4216],[145.2887,-17.4266],[145.22,-17.5472],[145.2161,-17.5608],[145.2109,-17.5789],[145.2832,-17.6754],[145.3381,-17.8533],[145.3601,-18.0101],[145.3947,-18.117],[145.3981,-18.1185]]]},"properties":{"NAME":"Djirbalngan","SUBJECTO":"Djirbalngan","PARTOF":"Djirbalngan","BORDERPRECISION":3,"LINK":null}},
{"type":"Feature","geometry":{"type":"Polygon","coordinates":[[[141.7025,-15.3332],[141.6504,-15.3228],[141.6418,-15.3363],[141.5176,-15.5323],[141.4015,-15.8567],[141.4004,-15.864],[141.6083,-15.8715],[141.6592,-15.8715],[141.6907,-15.5384],[141.7014,-15.3426],[141.7017,-15.3372],[141.7025,-15.3332]]]},"properties":{"NAME":"Koko-bera","SUBJECTO":"Koko-bera","PARTOF":"Koko-bera","BORDERPRECISION":3,"LINK":null}},
{"type":"Feature","geometry":{"type":"Polygon","coordinates":[[[147.2598,-22.5111],[147.2374,-22.4896],[147.1399,-22.3958],[146.9861,-22.345],[146.7781,-22.3302],[146.7719,-22.3298],[146.7153,-22.3308],[146.5027,-22.3348],[146.0632,-22.4364],[146.0632,-22.4632],[146.0791,-22.4821],[146.2115,-22.6394],[146.4093,-23.0545],[146.3654,-23.4884],[146.3873,-23.5791],[146.5851,-23.8306],[146.6484,-23.9464],[146.854,-23.967],[147.0662,-23.9804],[147.2149,-23.99],[147.1948,-23.9511],[147.1619,-23.7803],[147.1289,-23.3473],[147.1597,-23.3357],[147.1589,-23.3271],[147.1564,-23.3019],[147.1619,-22.9887],[147.2772,-22.5278],[147.2598,-22.5111]]]},"properties":{"NAME":"Yagalingu","SUBJECTO":"Yagalingu","PARTOF":"Yagalingu","BORDERPRECISION":3,"LINK":null}},
{"type":"Feature","geometry":{"type":"Polygon","coordinates":[[[139.4096,-35.1938],[139.3835,-35.2187],[139.845,-36.1734],[139.9988,-36.324],[140.0875,-36.3293],[140.1261,-36.3316],[140.2954,-36.3417],[140.8008,-36.3417],[140.9985,-36.3137],[140.9985,-36.255],[140.9985,-36.2531],[140.9985,-35.9602],[141.394,-34.8589],[141.4147,-34.8165],[141.3281,-34.7777],[141.2512,-34.6422],[141.1084,-34.597],[139.823,-34.6694],[139.5374,-35.2187],[139.5358,-35.2184],[139.4096,-35.1938]]]},"properties":{"NAME":"Ngargad","SUBJECTO":"Ngargad","PARTOF":"Ngargad","BORDERPRECISION":3,"LINK":null}},
{"type":"Feature","geometry":{"type":"Polygon","coordinates":[[[150.1253,-22.4238],[149.9448,-22.3236],[150.0173,-22.7304],[149.6702,-22.5722],[149.4114,-21.9178],[149.2939,-21.582],[149.2794,-21.5408],[149.1833,-21.5706],[149.1362,-21.5954],[149.1623,-21.6271],[149.2712,-21.7595],[149.3591,-21.943],[149.3701,-22.3501],[149.2986,-22.3721],[149.3427,-22.4618],[149.3976,-22.685],[149.7986,-22.8724],[150.1886,-22.7863],[150.1253,-22.4238]]]},"properties":{"NAME":"Guwinmal","SUBJECTO":"Guwinmal","PARTOF":"Guwinmal","BORDERPRECISION":3,"LINK":null}},
{"type":"Feature","geometry":{"type":"Polygon","coordinates":[[[151.2596,-34.0098],[151.2635,-33.9914],[151.2241,-33.9661],[151.0922,-33.9342],[150.9254,-33.9362],[150.9186,-33.948],[150.9027,-33.9753],[150.8148,-34.1573],[150.7522,-34.1573],[150.7874,-34.1755],[150.6116,-34.4386],[150.5676,-34.5473],[150.4303,-34.7777],[150.3297,-34.935],[150.3561,-34.9422],[150.6995,-35.0795],[150.7956,-35.0862],[150.816,-35.1063],[150.8176,-35.1064],[150.8192,-35.1051],[151.2492,-34.0578],[151.2596,-34.0098]]]},"properties":{"NAME":"Tharawal","SUBJECTO":"Tharawal","PARTOF":"Tharawal","BORDERPRECISION":3,"LINK":null}},
{"type":"Feature","geometry":{"type":"Polygon","coordinates":[[[126.2071,-21.9052],[126.1976,-21.9623],[126.3098,-22.0449],[126.5625,-22.3501],[127.0459,-23.3019],[127.4304,-23.6546],[127.8259,-23.916],[127.8948,-23.9863],[127.9657,-24.0587],[128.1445,-24.1267],[128.4961,-24.267],[128.866,-24.3954],[128.9575,-24.4271],[129.0743,-24.4459],[129.3311,-24.4871],[130.4956,-24.8665],[130.5762,-24.7933],[130.6011,-24.7708],[130.6714,-24.7069],[130.9131,-24.3871],[131.1877,-23.4632],[131.2646,-23.1505],[131.2941,-22.9745],[131.2983,-22.9492],[131.3086,-22.8876],[131.3196,-22.7559],[130.6824,-22.3399],[130.7373,-21.3201],[130.4407,-21.1357],[130.3201,-21.1217],[130.2534,-21.1139],[130.0891,-21.0947],[129.7925,-20.9614],[129.1443,-21.064],[128.7158,-20.9101],[128.4192,-20.8896],[127.8738,-20.7289],[127.7069,-20.6798],[127.6172,-20.6533],[127.0239,-21.0435],[126.2109,-21.8819],[126.2071,-21.9052]]]},"properties":{"NAME":"Pintupi","SUBJECTO":"Pintupi","PARTOF":"Pintupi","BORDERPRECISION":3,"LINK":null}},
{"type":"Feature","geometry":{"type":"Polygon","coordinates":[[[127.2437,-14.438],[127.2437,-14.275],[127.3975,-14.1004],[126.8534,-13.7838],[126.7647,-14.0001],[126.6651,-14.102],[126.6398,-14.1546],[126.6166,-14.203],[126.6888,-14.3495],[126.7477,-14.3808],[126.749,-14.3815],[126.991,-14.3815],[127.2437,-14.438]]]},"properties":{"NAME":"Miwa","SUBJECTO":"Miwa","PARTOF":"Miwa","BORDERPRECISION":3,"LINK":null}},
{"type":"Feature","geometry":{"type":"Polygon","coordinates":[[[117.4487,-22.7703],[117.4274,-22.8167],[117.4933,-22.9129],[118.2019,-23.3423],[118.4161,-23.4582],[118.5602,-23.5265],[118.5754,-23.5338],[118.6523,-23.5338],[118.7952,-23.5388],[118.8455,-23.5403],[119.1412,-23.5489],[119.4708,-23.5388],[119.6191,-23.5287],[119.6268,-23.5287],[119.6191,-23.5136],[119.6191,-23.4582],[119.6191,-23.4028],[119.6414,-23.3992],[119.6136,-23.3826],[119.3555,-22.7053],[118.9545,-22.3958],[118.9337,-22.3404],[118.9235,-22.3358],[118.9105,-22.3298],[118.2019,-22.0805],[117.8943,-22.0398],[117.8429,-22.0729],[117.8229,-22.0859],[117.7679,-22.1213],[117.7075,-22.2738],[117.5977,-22.4466],[117.5427,-22.6089],[117.4878,-22.685],[117.4614,-22.7426],[117.4487,-22.7703]]]},"properties":{"NAME":"Banjima","SUBJECTO":"Banjima","PARTOF":"Banjima","BORDERPRECISION":3,"LINK":null}},
{"type":"Feature","geometry":{"type":"Polygon","coordinates":[[[130.2672,-13.6338],[130.2676,-13.6326],[130.3033,-13.5499],[130.3226,-13.4698],[130.3277,-13.4598],[130.3336,-13.4484],[130.3198,-13.435],[130.3039,-13.4299],[130.2928,-13.4263],[130.2814,-13.435],[130.2181,-13.4625],[130.206,-13.4842],[130.1909,-13.4978],[130.2127,-13.6033],[130.2672,-13.6338]]]},"properties":{"NAME":"Kuwema","SUBJECTO":"Kuwema","PARTOF":"Kuwema","BORDERPRECISION":3,"LINK":null}},
{"type":"Feature","geometry":{"type":"Polygon","coordinates":[[[130.249,-17.1522],[130.144,-17.0673],[129.2542,-16.794],[129.2542,-16.6257],[129.2149,-16.6257],[129.1113,-16.6257],[128.9026,-16.6467],[128.8037,-16.6993],[128.8916,-17.1723],[129.0234,-17.6231],[129.0536,-17.8341],[129.1992,-17.9265],[129.2761,-18.2189],[129.2651,-18.3232],[130.946,-18.1041],[130.9736,-18.1232],[131.1053,-18.0623],[131.4899,-17.9787],[131.5056,-17.9715],[131.4857,-17.9646],[131.4075,-17.9474],[130.99,-17.9056],[130.9855,-17.8754],[130.979,-17.8742],[130.957,-17.7278],[130.957,-17.4764],[130.9399,-17.3945],[130.9351,-17.3716],[130.2869,-17.2877],[130.2869,-17.1828],[130.282,-17.1788],[130.249,-17.1522]]]},"properties":{"NAME":"Gurindji","SUBJECTO":"Gurindji","PARTOF":"Gurindji","BORDERPRECISION":3,"LINK":null}},
{"type":"Feature","geometry":{"type":"Polygon","coordinates":[[[141.9066,-14.9182],[141.9473,-14.9182],[142.1521,-14.8705],[142.5366,-14.8174],[143.2178,-14.8067],[143.3979,-14.8276],[143.4045,-14.8284],[143.4045,-14.8262],[143.421,-14.8227],[143.4595,-14.456],[143.4394,-14.3441],[143.4375,-14.3336],[143.435,-14.3189],[143.421,-14.2378],[143.36,-14.1153],[143.3541,-14.1035],[143.3441,-14.0833],[143.2952,-14.0898],[143.1848,-14.1046],[142.9541,-14.1845],[142.9527,-14.1849],[142.9596,-14.2431],[142.9116,-14.2769],[142.8992,-14.2857],[142.8387,-14.3176],[142.6465,-14.3549],[142.3938,-14.4719],[142.1796,-14.4719],[142.0556,-14.4901],[141.999,-14.4984],[142.0093,-14.6421],[141.9763,-14.7961],[141.8994,-14.9182],[141.9066,-14.9182]]]},"properties":{"NAME":"Bakanh","SUBJECTO":"Bakanh","PARTOF":"Bakanh","BORDERPRECISION":3,"LINK":null}},
{"type":"Feature","geometry":{"type":"Polygon","coordinates":[[[143.0319,-18.7328],[143.1299,-18.6931],[143.3936,-18.5942],[143.4866,-18.5316],[143.4814,-18.5004],[143.4805,-18.4941],[143.4595,-18.3545],[143.4485,-17.9892],[143.3826,-17.6021],[143.2617,-17.4764],[143.1299,-17.4198],[143.1299,-17.6021],[142.9541,-17.7696],[142.5873,-18.0365],[142.6849,-18.1824],[142.8442,-18.4275],[142.9991,-18.6457],[143.0365,-18.6983],[143.0319,-18.7328]]]},"properties":{"NAME":"Takalak","SUBJECTO":"Takalak","PARTOF":"Takalak","BORDERPRECISION":3,"LINK":null}},
{"type":"Feature","geometry":{"type":"Polygon","coordinates":[[[132.3035,-23.0134],[132.5391,-22.7964],[132.627,-22.7762],[133.1918,-22.9111],[133.4399,-22.8977],[133.9592,-22.8879],[133.9453,-22.8369],[133.9893,-22.3704],[134.0165,-22.3545],[133.6816,-22.2077],[133.0225,-22.1264],[132.9244,-21.9264],[132.9016,-21.9634],[131.8799,-22.2891],[131.8799,-22.5531],[132.0337,-22.7458],[132.1962,-22.9786],[132.2864,-22.9786],[132.3035,-23.0134]]]},"properties":{"NAME":"Anmatyerre","SUBJECTO":"Anmatyerre","PARTOF":"Anmatyerre","BORDERPRECISION":3,"LINK":null}},
{"type":"Feature","geometry":{"type":"Polygon","coordinates":[[[130.2001,-13.8878],[130.1413,-13.8647],[130.1042,-13.7767],[130.1138,-13.6193],[130.0611,-13.6059],[129.8614,-13.7151],[129.8523,-13.7201],[129.7663,-13.8156],[129.7637,-13.9903],[129.7635,-14.0071],[129.8969,-13.9927],[129.8735,-14.05],[129.8828,-14.0893],[129.8845,-14.0966],[129.8886,-14.0972],[129.9243,-14.1019],[129.9889,-14.1099],[130.0373,-14.0945],[130.0459,-14.0918],[130.0768,-14.082],[130.1591,-14.054],[130.1786,-14.0373],[130.1904,-14.0271],[130.2072,-14.0127],[130.2125,-13.992],[130.2162,-13.9777],[130.2278,-13.9327],[130.2264,-13.8981],[130.225,-13.8975],[130.2001,-13.8878]]]},"properties":{"NAME":"Marrithiyel","SUBJECTO":"Marrithiyel","PARTOF":"Marrithiyel","BORDERPRECISION":3,"LINK":null}},
{"type":"Feature","geometry":{"type":"Polygon","coordinates":[[[130.3644,-13.3884],[130.3336,-13.4484],[130.3277,-13.4598],[130.3226,-13.4698],[130.3033,-13.5499],[130.2676,-13.6326],[130.2672,-13.6338],[130.2669,-13.6347],[130.2374,-13.7127],[130.2237,-13.8807],[130.2276,-13.8823],[130.2403,-13.8873],[130.3014,-13.9114],[130.3033,-13.8914],[130.3108,-13.8911],[130.4187,-13.8861],[130.589,-13.8541],[130.7263,-13.8007],[130.8696,-13.8007],[130.9076,-13.7794],[131.1548,-13.7661],[131.3113,-13.7154],[131.3373,-13.6443],[131.3306,-13.6246],[131.2866,-13.5712],[130.7483,-13.4911],[130.4764,-13.4217],[130.4024,-13.3921],[130.3854,-13.3854],[130.3644,-13.3884]]]},"properties":{"NAME":"Malak malak","SUBJECTO":"Malak malak","PARTOF":"Malak malak","BORDERPRECISION":3,"LINK":null}},
{"type":"Feature","geometry":{"type":"Polygon","coordinates":[[[146.5046,-26.9593],[146.6266,-26.9001],[146.8519,-26.8202],[146.9335,-26.7766],[148.0998,-26.7605],[148.1364,-26.7433],[148.1808,-26.5606],[148.2194,-26.5227],[148.3115,-26.3312],[148.3699,-26.2099],[148.3332,-26.1372],[148.3327,-26.1047],[148.332,-26.0692],[148.3317,-26.0502],[148.3313,-26.0263],[148.368,-25.9586],[148.6376,-25.8551],[148.9412,-25.8973],[148.8186,-25.4796],[148.8612,-25.409],[148.8655,-25.2983],[148.8594,-25.2502],[148.8569,-25.2302],[148.8559,-25.2036],[148.8547,-25.1718],[148.8289,-25.0296],[148.862,-24.8795],[148.8111,-24.675],[148.6988,-24.4837],[148.6195,-24.4619],[148.5913,-24.4414],[148.5592,-24.4188],[148.542,-24.4068],[148.4993,-24.3844],[148.481,-24.3749],[148.2131,-24.1196],[147.9845,-24.0272],[147.8455,-24.0339],[147.5967,-24.0205],[147.4284,-24.0038],[147.235,-23.9913],[147.2149,-23.99],[147.0662,-23.9804],[146.854,-23.967],[146.6484,-23.9464],[146.6024,-23.9418],[146.5914,-23.9407],[145.9161,-23.8637],[145.4587,-23.6555],[145.2339,-24.1218],[145.207,-24.1777],[145.1253,-24.3473],[145.0864,-24.5154],[145.0791,-24.6435],[145.0597,-24.7715],[145.0547,-24.7987],[145.0427,-24.8641],[145.0421,-24.8647],[144.8751,-25.049],[144.6063,-25.9114],[145.466,-26.2641],[145.5016,-26.328],[145.522,-26.3681],[145.535,-26.3938],[145.5751,-26.4656],[145.5907,-26.5612],[145.5698,-27.1133],[146.058,-27.0684],[146.4719,-26.9751],[146.5046,-26.9593]]]},"properties":{"NAME":"Bidjara","SUBJECTO":"Bidjara","PARTOF":"Bidjara","BORDERPRECISION":3,"LINK":null}},
{"type":"Feature","geometry":{"type":"Polygon","coordinates":[[[134.6078,-12.0576],[134.5963,-12.0572],[134.5963,-12.0904],[134.6045,-12.1065],[134.6047,-12.1067],[134.6046,-12.1077],[134.6054,-12.1077],[134.6924,-12.1145],[134.7005,-12.1209],[134.7034,-12.0984],[134.7294,-12.0682],[134.7327,-12.0621],[134.6078,-12.0576]]]},"properties":{"NAME":"Burarra","SUBJECTO":"Burarra","PARTOF":"Burarra","BORDERPRECISION":3,"LINK":null}},
{"type":"Feature","geometry":{"type":"MultiPolygon","coordinates":[[[[125.3372,-17.6495],[125.4803,-17.6702],[125.6616,-17.5655],[125.7825,-17.4502],[125.7937,-17.4169],[125.7916,-17.4135],[125.7275,-17.3087],[125.6836,-17.2143],[125.6664,-17.0832],[125.6177,-17.1198],[124.8463,-16.53],[124.7163,-16.4964],[124.3964,-16.5173],[124.4476,-16.6467],[124.4476,-16.773],[124.4476,-16.8395],[124.4476,-16.8887],[124.4476,-17.0673],[124.4586,-17.3454],[124.4586,-17.4092],[124.4899,-17.4124],[124.552,-17.4188],[124.7003,-17.4188],[125.0464,-17.3978],[125.2057,-17.445],[125.2771,-17.5393],[125.3346,-17.6448],[125.3372,-17.6495]]],[[[124.6125,-16.3779],[124.8463,-16.53],[124.8047,-16.4993],[124.7941,-16.3728],[124.7917,-16.3438],[124.7552,-16.3307],[124.5596,-16.3435],[124.6125,-16.3779]]]]},"properties":{"NAME":"Unggumi","SUBJECTO":"Unggumi","PARTOF":"Unggumi","BORDERPRECISION":3,"LINK":null}},
{"type":"Feature","geometry":{"type":"Polygon","coordinates":[[[122.3169,-28.6968],[122.5415,-28.652],[122.6313,-28.6958],[122.6294,-28.6617],[123.2776,-28.285],[123.8818,-27.8779],[124.1675,-27.6251],[124.3678,-27.5186],[124.3571,-27.4645],[124.1675,-27.3523],[123.728,-27.1569],[123.1567,-26.7848],[123.0584,-26.675],[122.956,-26.5606],[122.8162,-26.775],[122.4976,-27.2937],[122.1021,-27.557],[121.9373,-27.6933],[121.6939,-27.8563],[121.756,-27.9071],[121.7638,-27.9193],[121.8054,-27.9847],[121.9592,-28.1592],[122.2668,-28.5845],[122.3169,-28.6968]]]},"properties":{"NAME":"Tjalkanti","SUBJECTO":"Tjalkanti","PARTOF":"Tjalkanti","BORDERPRECISION":3,"LINK":null}},
{"type":"Feature","geometry":{"type":"Polygon","coordinates":[[[122.1289,-17.3528],[122.1012,-17.3819],[122.0938,-17.4135],[122.1213,-17.6388],[122.1515,-17.7278],[122.1824,-17.7719],[122.1899,-17.7827],[122.6816,-17.7644],[122.7076,-17.7561],[122.72,-17.7199],[122.7239,-17.7156],[122.753,-17.6833],[122.8024,-17.6676],[122.8165,-17.6657],[122.8107,-17.6178],[122.7997,-17.4083],[122.8011,-17.3691],[122.8031,-17.3166],[122.7585,-17.3166],[122.5964,-17.3166],[122.1608,-17.3192],[122.1289,-17.3528]]]},"properties":{"NAME":"Ngumbarl","SUBJECTO":"Ngumbarl","PARTOF":"Ngumbarl","BORDERPRECISION":3,"LINK":null}},
{"type":"Feature","geometry":{"type":"Polygon","coordinates":[[[114.643,-26.4673],[114.6423,-26.4657],[114.6772,-26.4379],[114.6313,-26.3968],[114.0161,-26.5885],[113.8458,-26.7505],[113.7338,-26.8005],[113.703,-26.8143],[114.3376,-28.4854],[114.4522,-28.6488],[114.5966,-28.7195],[114.7028,-28.7195],[115.2301,-28.57],[115.2981,-28.5377],[115.2733,-28.509],[115.2026,-28.4735],[115.0488,-28.2463],[114.906,-27.9507],[114.8676,-27.1618],[114.7028,-26.618],[114.643,-26.4673]]]},"properties":{"NAME":"Nhanta","SUBJECTO":"Nhanta","PARTOF":"Nhanta","BORDERPRECISION":3,"LINK":null}},
{"type":"Feature","geometry":{"type":"Polygon","coordinates":[[[151.2008,-33.3852],[151.2433,-33.3948],[151.3806,-33.2617],[151.4064,-33.2055],[151.4266,-33.1616],[151.463,-33.0823],[151.4685,-32.898],[151.4476,-32.8935],[151.4244,-32.9006],[151.4026,-32.9073],[150.6116,-32.8796],[150.2985,-32.8334],[150.0957,-32.8161],[150.0513,-32.9902],[150.0084,-33.1871],[150.1337,-33.2111],[150.5731,-33.2433],[150.9302,-33.28],[151.1003,-33.3015],[151.2213,-33.3168],[151.2008,-33.3852]]]},"properties":{"NAME":"Darkinung","SUBJECTO":"Darkinung","PARTOF":"Darkinung","BORDERPRECISION":3,"LINK":null}},
{"type":"Feature","geometry":{"type":"Polygon","coordinates":[[[142.3194,-28.5274],[142.4048,-28.5942],[142.663,-28.6713],[142.9541,-28.7291],[143.0175,-28.7357],[143.064,-28.7388],[143.3221,-28.758],[143.3741,-28.7709],[143.5034,-28.7291],[143.6446,-28.7356],[143.6863,-28.7376],[143.6462,-28.5266],[143.6462,-28.4011],[144.1077,-28.0429],[144.1756,-27.9829],[144.151,-27.9807],[143.9264,-27.9604],[143.7561,-27.9119],[143.7393,-27.9022],[143.703,-27.9022],[143.5474,-27.975],[143.3826,-28.0138],[143.031,-28.0526],[142.5146,-28.2657],[142.4158,-28.4204],[142.3194,-28.5274]]]},"properties":{"NAME":"Kullilla","SUBJECTO":"Kullilla","PARTOF":"Kullilla","BORDERPRECISION":3,"LINK":null}},
{"type":"Feature","geometry":{"type":"Polygon","coordinates":[[[139.8401,-37.042],[139.8225,-37.2463],[140.004,-37.6249],[140.2492,-37.7944],[140.7211,-38.0967],[140.9848,-37.9864],[140.9942,-37.9887],[141.004,-37.9864],[141.0548,-38.0027],[141.0888,-38.0173],[141.194,-38.0525],[141.238,-38.0591],[141.2649,-38.0431],[141.2759,-38.0286],[141.2581,-37.981],[141.2924,-37.9669],[141.2993,-37.916],[141.2279,-37.7978],[141.2266,-37.7756],[141.0452,-37.7457],[140.3558,-37.392],[140.1855,-37.0771],[140.0414,-37.0533],[139.9658,-37.042],[139.8401,-37.042]]]},"properties":{"NAME":"Buandig","SUBJECTO":"Buandig","PARTOF":"Buandig","BORDERPRECISION":3,"LINK":null}},
{"type":"Feature","geometry":{"type":"Polygon","coordinates":[[[141.6592,-15.8715],[141.6083,-15.8715],[141.4004,-15.864],[141.3922,-15.9194],[141.3138,-16.4482],[141.2882,-16.52],[141.2952,-16.5204],[141.6028,-16.7151],[141.7789,-16.8132],[141.7676,-16.6993],[141.7566,-16.4888],[141.6577,-16.1514],[141.6577,-15.9244],[141.6577,-15.8874],[141.6592,-15.8715]]]},"properties":{"NAME":"Koknar","SUBJECTO":"Koknar","PARTOF":"Koknar","BORDERPRECISION":3,"LINK":null}},
{"type":"Feature","geometry":{"type":"Polygon","coordinates":[[[119.9439,-20.1175],[119.9257,-20.0808],[119.9732,-20.0652],[119.5311,-20.1375],[118.9363,-20.0244],[118.8651,-20.069],[118.8278,-20.1398],[119.6356,-20.391],[119.9268,-20.1127],[119.9439,-20.1175]]]},"properties":{"NAME":"Ngarla","SUBJECTO":"Ngarla","PARTOF":"Ngarla","BORDERPRECISION":3,"LINK":null}},
{"type":"Feature","geometry":{"type":"Polygon","coordinates":[[[129.6932,-15.0905],[129.6724,-15.1544],[129.7321,-15.2312],[129.7583,-15.2734],[129.8145,-15.2524],[129.849,-15.296],[129.8859,-15.3425],[129.9133,-15.4113],[130.1331,-15.4378],[130.1548,-15.4867],[130.2869,-15.3954],[130.3583,-15.4484],[130.3803,-15.4774],[130.3918,-15.4924],[130.5505,-15.4854],[130.9845,-15.4219],[131.0734,-15.3254],[131.0597,-15.3056],[131.0339,-15.2683],[130.9735,-15.0032],[130.9625,-14.8492],[130.9882,-14.8202],[130.957,-14.7961],[130.8472,-14.7643],[130.4242,-14.7589],[130.3885,-14.7536],[130.3528,-14.7483],[130.3506,-14.7164],[130.2649,-14.7164],[130.0616,-14.7218],[129.7943,-14.7536],[129.7025,-15.0617],[129.6932,-15.0905]]]},"properties":{"NAME":"Jaminjung","SUBJECTO":"Jaminjung","PARTOF":"Jaminjung","BORDERPRECISION":3,"LINK":null}},
{"type":"Feature","geometry":{"type":"Polygon","coordinates":[[[118.1864,-30.9013],[118.0785,-30.7405],[117.9781,-30.6929],[117.5906,-30.6003],[117.1347,-30.3758],[116.848,-30.0718],[116.4311,-31.471],[116.7308,-31.6042],[116.7308,-32.1243],[117.5299,-32.3765],[117.6121,-32.4024],[117.6038,-32.3815],[117.5372,-32.2128],[117.5262,-31.9568],[117.724,-31.527],[117.9163,-31.2645],[118.1864,-30.9013]]]},"properties":{"NAME":"Ballardong","SUBJECTO":"Ballardong","PARTOF":"Ballardong","BORDERPRECISION":3,"LINK":null}},
{"type":"Feature","geometry":{"type":"Polygon","coordinates":[[[143.6729,-14.2873],[143.582,-14.0566],[143.5765,-14.0426],[143.443,-14.0673],[143.3541,-14.1035],[143.36,-14.1153],[143.421,-14.2378],[143.435,-14.3189],[143.6729,-14.2873]]]},"properties":{"NAME":"Umbindhamu","SUBJECTO":"Umbindhamu","PARTOF":"Umbindhamu","BORDERPRECISION":3,"LINK":null}},
{"type":"Feature","geometry":{"type":"Polygon","coordinates":[[[135.5203,-14.4464],[135.5878,-14.3549],[135.5933,-14.1792],[135.3241,-13.694],[135.2692,-13.654],[135.2554,-13.6688],[135.1373,-13.7954],[134.9176,-13.8647],[134.7933,-13.904],[134.7858,-13.9127],[134.9286,-14.1739],[134.9451,-14.3176],[135.0366,-14.4436],[135.1373,-14.424],[135.4395,-14.424],[135.4969,-14.4399],[135.5203,-14.4464]]]},"properties":{"NAME":"Ngandi","SUBJECTO":"Ngandi","PARTOF":"Ngandi","BORDERPRECISION":3,"LINK":null}},
{"type":"Feature","geometry":{"type":"Polygon","coordinates":[[[143.501,-13.7846],[143.4983,-13.7728],[143.4348,-13.7967],[143.3959,-13.8123],[143.3943,-13.8207],[143.3551,-14.0194],[143.3441,-14.0833],[143.3541,-14.1035],[143.443,-14.0673],[143.5765,-14.0426],[143.5381,-13.945],[143.501,-13.7846]]]},"properties":{"NAME":"Kuuku-yani","SUBJECTO":"Kuuku-yani","PARTOF":"Kuuku-yani","BORDERPRECISION":3,"LINK":null}},
{"type":"Feature","geometry":{"type":"MultiPolygon","coordinates":[[[[146.1062,-18.5487],[145.6811,-18.4293],[145.6859,-18.4466],[145.684,-18.4753],[145.6897,-18.4796],[145.8282,-18.6459],[145.8545,-18.6775],[145.9644,-18.8855],[146.3489,-19.2385],[146.5027,-19.3111],[146.5676,-19.3275],[146.5159,-19.2708],[146.4182,-19.179],[146.3539,-19.1008],[146.3218,-19.0823],[146.1791,-18.8894],[146.1215,-18.7887],[146.157,-18.7024],[146.1339,-18.6326],[146.1062,-18.5487]]],[[[146.7093,-19.3642],[146.7087,-19.3628],[146.6743,-19.3545],[146.7093,-19.3642]]]]},"properties":{"NAME":"Nyawaygi","SUBJECTO":"Nyawaygi","PARTOF":"Nyawaygi","BORDERPRECISION":3,"LINK":null}},
{"type":"Feature","geometry":{"type":"Polygon","coordinates":[[[145.6146,-21.6852],[145.5963,-21.7059],[145.6128,-21.7595],[145.8655,-22.1569],[145.8875,-22.3704],[145.8845,-22.3881],[146.0577,-22.4567],[146.0632,-22.4632],[146.0632,-22.4364],[146.5027,-22.3348],[146.7153,-22.3308],[146.7719,-22.3298],[146.7781,-22.3302],[146.8433,-22.1569],[146.8213,-21.9227],[146.7948,-21.8735],[146.7886,-21.8737],[146.6785,-21.8768],[146.5521,-21.6574],[146.5469,-21.5989],[146.3489,-21.591],[145.9479,-21.6421],[145.6146,-21.6852]]]},"properties":{"NAME":"Miyan","SUBJECTO":"Miyan","PARTOF":"Miyan","BORDERPRECISION":3,"LINK":null}},
{"type":"Feature","geometry":{"type":"Polygon","coordinates":[[[123.2886,-21.3563],[123.2886,-21.3712],[123.4094,-21.361],[123.8928,-21.637],[124.0906,-22.3501],[125.387,-21.8105],[125.5188,-21.8105],[125.8408,-21.8105],[126.0352,-21.5757],[126.4526,-20.6328],[126.4526,-20.3715],[126.4526,-20.3652],[126.3445,-20.3414],[126.0791,-20.2828],[125.1123,-20.1797],[124.9554,-20.1961],[124.8999,-20.2019],[124.7168,-20.221],[124.2554,-20.5299],[123.8379,-20.5299],[123.8379,-20.679],[123.8379,-20.7458],[123.7061,-20.8999],[123.5632,-21.0537],[123.2886,-21.3563]]]},"properties":{"NAME":"Yulparitja","SUBJECTO":"Yulparitja","PARTOF":"Yulparitja","BORDERPRECISION":3,"LINK":null}},
{"type":"Feature","geometry":{"type":"Polygon","coordinates":[[[148.7257,-24.2285],[148.634,-24.3371],[148.5592,-24.4188],[148.5913,-24.4414],[148.6195,-24.4619],[148.6988,-24.4837],[148.8111,-24.675],[148.862,-24.8795],[148.8289,-25.0296],[148.8547,-25.1718],[148.8559,-25.2036],[149.0273,-25.1775],[149.0278,-25.1745],[148.9856,-25.1154],[148.9911,-24.5871],[149.0231,-24.3792],[148.7549,-24.257],[148.7257,-24.2285]]]},"properties":{"NAME":"Garingbal","SUBJECTO":"Garingbal","PARTOF":"Garingbal","BORDERPRECISION":3,"LINK":null}},
{"type":"Feature","geometry":{"type":"Polygon","coordinates":[[[144.6173,-36.5265],[144.6762,-36.4677],[144.7696,-36.3704],[144.8026,-36.2819],[144.8458,-36.1422],[144.8465,-36.1401],[144.8569,-36.1118],[144.8685,-36.0802],[144.5554,-35.9246],[144.5746,-35.7421],[144.668,-35.5814],[145.1129,-35.3218],[145.1349,-35.3022],[145.1294,-35.2636],[145.1095,-35.2202],[144.9976,-34.976],[144.877,-34.805],[144.8767,-34.8048],[144.8546,-34.7762],[144.8383,-34.7552],[144.7559,-34.8994],[144.657,-35.03],[144.5411,-35.1626],[144.4647,-35.2501],[144.3849,-35.3055],[144.2065,-35.4293],[143.8165,-35.7242],[143.7313,-35.7962],[143.715,-35.81],[143.7781,-35.8356],[143.9539,-35.8623],[143.9978,-35.9869],[143.9725,-36.038],[143.9978,-36.0713],[144.0315,-36.1291],[144.0709,-36.1283],[144.0718,-36.1387],[144.1275,-36.1418],[144.1881,-36.1898],[144.5735,-36.1986],[144.6971,-36.3323],[144.7191,-36.3561],[144.6413,-36.4646],[144.6173,-36.5265]]]},"properties":{"NAME":"Baraba Baraba","SUBJECTO":"Baraba Baraba","PARTOF":"Baraba Baraba","BORDERPRECISION":3,"LINK":null}},
{"type":"Feature","geometry":{"type":"Polygon","coordinates":[[[141.1618,-17.493],[141.1419,-17.482],[141.037,-17.466],[140.9161,-17.4345],[140.881,-17.4204],[140.8785,-17.4203],[140.7075,-17.632],[140.7513,-17.5991],[140.7623,-17.6074],[140.8386,-17.699],[140.9656,-17.6021],[141.1618,-17.493]]]},"properties":{"NAME":"Kuthant","SUBJECTO":"Kuthant","PARTOF":"Kuthant","BORDERPRECISION":3,"LINK":null}},
{"type":"Feature","geometry":{"type":"Polygon","coordinates":[[[149.9593,-32.4433],[150.1172,-32.7318],[150.1099,-32.7605],[150.0957,-32.8161],[150.2985,-32.8334],[150.6116,-32.8796],[151.4026,-32.9073],[151.4244,-32.9006],[151.4476,-32.8935],[151.5234,-32.8704],[151.5787,-32.7738],[151.5912,-32.7521],[151.5948,-32.7457],[151.6058,-32.5237],[151.6017,-32.5161],[151.5556,-32.5022],[151.3037,-32.4263],[151.04,-32.315],[150.8533,-32.2593],[150.5566,-32.2593],[150.1831,-32.3753],[149.9593,-32.4433]]]},"properties":{"NAME":"Wonnarua","SUBJECTO":"Wonnarua","PARTOF":"Wonnarua","BORDERPRECISION":3,"LINK":null}},
{"type":"Feature","geometry":{"type":"Polygon","coordinates":[[[133.5716,-13.3265],[133.6102,-13.3175],[133.6597,-13.2453],[133.6707,-13.1062],[133.3905,-12.8359],[133.0417,-12.7689],[132.9758,-12.7689],[132.9126,-12.777],[132.8839,-12.777],[132.8632,-12.777],[132.8556,-12.811],[132.8494,-12.8386],[132.8485,-12.8427],[132.8357,-12.9028],[132.8329,-12.9644],[132.7176,-13.1357],[132.6667,-13.1681],[132.6864,-13.1773],[132.8082,-13.2346],[132.9785,-13.3041],[133.5498,-13.2988],[133.5716,-13.3265]]]},"properties":{"NAME":"Wuningangk","SUBJECTO":"Wuningangk","PARTOF":"Wuningangk","BORDERPRECISION":3,"LINK":null}},
{"type":"Feature","geometry":{"type":"Polygon","coordinates":[[[142.3843,-31.41],[142.3761,-31.4114],[142.3279,-31.4193],[142.326,-31.4287],[142.2839,-31.6347],[141.8445,-32.0546],[141.2183,-32.38],[139.9219,-32.7688],[139.9208,-32.769],[139.8795,-32.7776],[139.2957,-32.898],[138.9331,-33.1927],[138.9331,-33.4773],[139.0877,-33.6662],[139.1265,-33.6555],[139.2078,-33.6329],[139.5154,-33.4681],[140.3174,-33.2938],[140.8008,-33.3856],[140.8919,-33.416],[140.9729,-33.4431],[141.0864,-33.3397],[141.7731,-32.9349],[142.9431,-32.036],[143.2837,-31.6814],[143.443,-31.5645],[143.5308,-31.513],[143.4946,-31.4722],[143.4276,-31.3968],[143.4143,-31.3818],[143.41,-31.3818],[142.9431,-31.3536],[142.6135,-31.3724],[142.385,-31.4099],[142.3843,-31.41]]]},"properties":{"NAME":"Danggali","SUBJECTO":"Danggali","PARTOF":"Danggali","BORDERPRECISION":3,"LINK":null}},
{"type":"Feature","geometry":{"type":"Polygon","coordinates":[[[146.8508,-29.9413],[146.813,-29.9049],[146.8372,-29.8586],[146.7773,-29.8311],[146.6565,-29.7358],[145.8545,-29.6403],[145.796,-29.6727],[145.7941,-29.7453],[145.5963,-30.1641],[145.568,-30.1852],[145.595,-30.168],[145.6787,-30.0929],[145.9698,-29.9502],[146.2115,-29.9454],[146.2143,-29.9496],[146.6785,-29.9264],[146.8508,-29.9413]]]},"properties":{"NAME":"Barranbinya","SUBJECTO":"Barranbinya","PARTOF":"Barranbinya","BORDERPRECISION":3,"LINK":null}},
{"type":"Feature","geometry":{"type":"Polygon","coordinates":[[[130.0318,-14.4367],[130.0429,-14.4454],[130.0699,-14.4666],[130.1633,-14.4666],[130.2814,-14.4905],[130.3226,-14.5065],[130.3424,-14.5112],[130.3426,-14.5111],[130.3857,-14.4879],[130.4572,-14.4879],[130.8911,-14.3203],[130.9076,-14.1818],[130.8774,-14.0167],[130.8636,-13.9047],[130.8559,-13.8141],[130.8554,-13.8087],[130.8696,-13.8007],[130.7263,-13.8007],[130.589,-13.8541],[130.4187,-13.8861],[130.3108,-13.8911],[130.3033,-13.8914],[130.3014,-13.9114],[130.2924,-14.0034],[130.21,-14.094],[130.1056,-14.1277],[130.1028,-14.1286],[130.0946,-14.1312],[130.0122,-14.2804],[129.9902,-14.3442],[130.0122,-14.3868],[130.0202,-14.4132],[130.0203,-14.4135],[130.0259,-14.432],[130.0318,-14.4367]]]},"properties":{"NAME":"Ngan’giwumirri","SUBJECTO":"Ngan’giwumirri","PARTOF":"Ngan’giwumirri","BORDERPRECISION":3,"LINK":null}},
{"type":"Feature","geometry":{"type":"Polygon","coordinates":[[[151.5743,-33.2151],[151.7667,-33.0043],[151.8448,-32.8934],[151.9258,-32.8448],[151.8256,-32.8473],[151.6882,-32.8011],[151.5787,-32.7738],[151.5234,-32.8704],[151.4476,-32.8935],[151.4685,-32.898],[151.463,-33.0823],[151.4266,-33.1616],[151.4267,-33.1616],[151.5177,-33.1807],[151.5956,-33.1916],[151.5743,-33.2151]]]},"properties":{"NAME":"Awabakal","SUBJECTO":"Awabakal","PARTOF":"Awabakal","BORDERPRECISION":3,"LINK":null}},
{"type":"Feature","geometry":{"type":"Polygon","coordinates":[[[115.9688,-32.981],[115.9854,-32.9234],[116.0184,-32.8265],[116.0239,-32.7596],[116.109,-32.519],[116.142,-32.38],[115.7669,-32.7545],[115.7151,-33.0177],[115.8344,-32.981],[115.9688,-32.981]]]},"properties":{"NAME":"Pinjarup","SUBJECTO":"Pinjarup","PARTOF":"Pinjarup","BORDERPRECISION":3,"LINK":null}},
{"type":"Feature","geometry":{"type":"Polygon","coordinates":[[[140.949,-21.9382],[140.9436,-21.9532],[140.9546,-22.2993],[140.9786,-22.3104],[141.0095,-22.2688],[141.0397,-22.2781],[141.2732,-22.3501],[142.0972,-22.8167],[142.9541,-22.5227],[143.1893,-22.5227],[143.2073,-22.4311],[143.2068,-22.4313],[143.2079,-22.4281],[143.2123,-22.4059],[143.2189,-22.3968],[143.3276,-22.0856],[143.3276,-21.7799],[143.3239,-21.6815],[143.2397,-21.6983],[142.9761,-21.7289],[142.5366,-21.8819],[141.6577,-21.7085],[141.3721,-21.7493],[141.1194,-21.8921],[141.0257,-21.9174],[140.949,-21.9382]]]},"properties":{"NAME":"Guwa","SUBJECTO":"Guwa","PARTOF":"Guwa","BORDERPRECISION":3,"LINK":null}},
{"type":"Feature","geometry":{"type":"Polygon","coordinates":[[[128.4529,-30.1138],[128.4741,-29.7834],[128.3423,-29.497],[127.8589,-29.0562],[127.6392,-28.7869],[127.4463,-28.5895],[127.4176,-28.5601],[127.3755,-28.517],[127.3693,-28.52],[127.2815,-28.562],[127.1338,-28.6327],[126.936,-28.8254],[126.6504,-28.8832],[125.4639,-28.285],[124.6069,-27.6057],[124.4224,-27.5239],[124.3872,-27.5083],[124.3678,-27.5186],[124.1675,-27.6251],[123.8818,-27.8779],[123.2776,-28.285],[122.6294,-28.6617],[122.6313,-28.6958],[122.6332,-28.7278],[122.6404,-28.8543],[123.4094,-30.1071],[123.5083,-30.4676],[123.5193,-30.7324],[123.5587,-30.9015],[123.5632,-30.9211],[125.1894,-30.6467],[126.3585,-30.3841],[128.4521,-30.1261],[128.4529,-30.1138]]]},"properties":{"NAME":"Nyanganyatjara","SUBJECTO":"Nyanganyatjara","PARTOF":"Nyanganyatjara","BORDERPRECISION":3,"LINK":null}},
{"type":"Feature","geometry":{"type":"MultiPolygon","coordinates":[[[[12.9003,53.9277],[13.6676,54.0842],[12.4625,54.2548],[12.9003,53.9277]]],[[[11.1789,59.0703],[12.8716,56.5115],[12.8024,55.3529],[14.1172,55.3471],[14.2589,55.8993],[15.7705,56.0332],[16.3762,56.8224],[16.4429,58.6344],[18.5982,59.297],[17.5749,59.2141],[16.5232,59.5825],[18.0301,59.3593],[19.0436,59.7124],[17.1885,60.6743],[17.2902,62.4407],[20.7007,63.8181],[21.2773,65.2123],[22.6456,65.9348],[25.1036,65.5401],[25.3251,64.8024],[21.0618,62.6117],[21.5602,60.5125],[23.2014,59.8185],[26.5312,60.3935],[26.6946,61.122],[27.4429,61.2498],[27.3292,61.6926],[28.0538,61.5105],[28.8384,61.8635],[27.1777,62.5534],[27.6838,62.9116],[26.8986,63.584],[28.898,62.3903],[27.8493,62.7194],[27.97,62.2589],[29.9262,62.4336],[28.5684,61.4421],[29.6985,61.6351],[31.1059,62.7617],[32.4923,62.9342],[30.0068,63.7554],[29.8713,63.7946],[29.8607,63.8533],[30.2095,69.3996],[28.6972,68.6955],[29.1133,69.486],[26.5073,69.8125],[24.8007,68.429],[22.4598,68.6935],[21.4058,69.2735],[19.8427,68.1641],[18.1795,68.4688],[17.9136,67.8642],[16.8739,67.8366],[14.5967,66.0502],[14.0784,64.0322],[12.1242,63.3446],[12.0746,61.6985],[12.7917,61.3299],[11.5633,58.8631],[11.1789,59.0703]],[[13.9734,59.0658],[12.3347,58.3738],[13.1549,59.3529],[13.9734,59.0658]]],[[[18.1483,57.2353],[18.1689,56.91],[19.0047,57.9086],[18.1483,57.2353]]]]},"properties":{"NAME":"Sweden","SUBJECTO":"Sweden","PARTOF":"Sweden","BORDERPRECISION":3,"LINK":null}},
{"type":"Feature","geometry":{"type":"Polygon","coordinates":[[[30.0068,63.7554],[29.8607,63.8533],[29.8713,63.7946],[30.0068,63.7554]]]},"properties":{"NAME":"Russian Empire","SUBJECTO":"Russian Empire","PARTOF":"Russian Empire","BORDERPRECISION":3,"LINK":null}},
{"type":"Feature","geometry":{"type":"Polygon","coordinates":[[[10.6596,45.8066],[10.4543,46.8263],[10.3791,46.6879],[10.2928,46.5536],[10.2358,46.6379],[10.044,46.5459],[10.0396,46.4466],[10.1657,46.4098],[10.0388,46.2341],[9.9531,46.3812],[9.5897,46.3129],[9.6192,45.5399],[10.6711,45.3669],[10.6596,45.8066]]]},"properties":{"NAME":"Lombardy","SUBJECTO":"3","PARTOF":"Lombardy","BORDERPRECISION":0,"LINK":null}},
{"type":"Feature","geometry":{"type":"MultiPolygon","coordinates":[[[[10.1417,54.3368],[9.5439,55.3513],[10.74,55.067],[10.627,55.617],[9.6901,55.6049],[10.8887,56.3687],[9.3701,56.8823],[9.3119,56.4811],[8.1245,56.2075],[8.884,54.2294],[10.1417,54.3368]]],[[[30.2095,69.3996],[31.0538,69.6396],[28.7301,70.1359],[30.2519,70.1311],[30.462,70.5373],[28.7948,70.8648],[27.8754,70.4251],[28.2112,71.0179],[26.6174,70.392],[26.6065,70.9146],[25.263,70.1065],[25.8321,70.8978],[24.849,70.8266],[23.2036,69.9428],[22.3064,70.2156],[20.1965,69.3177],[20.2864,69.7859],[19.58,69.1811],[18.3191,69.3594],[16.4116,67.8742],[15.9197,68.049],[13.3832,66.679],[13.581,66.1881],[11.3641,64.416],[8.2313,62.8414],[7.0882,62.9102],[7.5467,62.5993],[5.4697,62.0937],[5.0962,60.2641],[6.1854,59.8243],[5.0866,59.5092],[5.5285,59.2659],[6.1134,59.527],[6.2661,58.9933],[5.4746,58.9755],[5.6155,58.4552],[6.9586,57.9717],[8.0302,58.066],[10.5697,59.5805],[11.1789,59.0703],[11.5633,58.8631],[12.7917,61.3299],[12.0746,61.6985],[12.1242,63.3446],[14.0784,64.0322],[14.5967,66.0502],[16.8739,67.8366],[17.9136,67.8642],[18.1795,68.4688],[19.8427,68.1641],[21.4058,69.2735],[22.4598,68.6935],[24.8007,68.429],[26.5073,69.8125],[29.1133,69.486],[28.6972,68.6955],[30.2095,69.3996]]],[[[18.3306,79.8824],[21.9708,79.7829],[20.9983,79.1911],[23.8205,79.1475],[27.1968,79.9444],[24.4214,80.4373],[23.1154,80.0963],[23.2164,80.6108],[22.1977,80.1233],[19.9154,80.6334],[18.3306,79.8824]]],[[[18.101,69.364],[17.469,69.598],[16.775,69.064],[18.101,69.364]]],[[[15.749,68.526],[15.887,68.964],[14.987,68.247],[16.501,68.552],[16.436,68.847],[15.749,68.526]]],[[[-23.5705,65.6806],[-23.6785,65.3167],[-21.7938,65.2985],[-23.6746,64.6593],[-21.4885,64.3761],[-22.3729,63.7732],[-18.9608,63.3375],[-14.8212,64.195],[-13.6942,64.7786],[-13.6469,65.4953],[-15.8599,66.4187],[-16.568,66.0293],[-18.0225,66.0778],[-17.8838,65.7568],[-18.6763,66.0912],[-19.336,65.6739],[-19.9733,66.1107],[-21.0797,65.2054],[-21.7791,66.2537],[-22.6764,66.3913],[-22.4741,65.9964],[-23.4656,66.1334],[-23.5705,65.6806]]],[[[-26.086,71.1948],[-26.1202,71.6686],[-23.7537,70.5896],[-21.5471,70.4401],[-21.9044,71.4975],[-27.5189,73.1598],[-24.0764,73.7557],[-22.2692,73.2649],[-20.3296,73.4196],[-22.0288,74.104],[-19.051,74.3347],[-20.6689,75.0608],[-19.1998,75.6928],[-22.3777,76.6359],[-17.942,76.8651],[-20.1049,77.3825],[-19.1773,77.8242],[-20.7767,77.9686],[-21.382,77.5866],[-21.7,77.9235],[-17.7677,79.7774],[-20.193,79.8538],[-20.0447,80.2397],[-16.4409,80.451],[-12.7051,81.6213],[-16.4654,81.9036],[-23.9117,80.5628],[-22.0636,81.9648],[-24.8766,81.5954],[-32.7487,81.7647],[-31.1347,82.1981],[-23.3474,82.3533],[-22.4324,82.7433],[-32.5132,83.577],[-38.5872,83.3824],[-38.5872,82.8277],[-41.8811,83.2628],[-44.8941,83.0779],[-44.683,81.7289],[-50.7724,82.4971],[-49.938,81.6762],[-52.816,82.1301],[-53.6635,81.4626],[-54.5752,82.3281],[-58.1333,82.0132],[-57.4442,81.4239],[-60.8873,81.8606],[-61.1118,81.1824],[-67.1428,80.5621],[-66.8512,80.0385],[-64.6232,79.9492],[-65.4849,79.1582],[-72.5453,78.3235],[-69.9936,77.5804],[-66.1534,77.5532],[-71.4483,77.1219],[-68.3763,76.7778],[-69.0448,76.2938],[-67.6191,76.019],[-62.9162,76.3645],[-58.2285,75.6106],[-54.5582,72.8716],[-55.4766,71.4891],[-54.3816,71.3047],[-53.3229,71.8908],[-51.7201,71.5896],[-50.8245,70.2473],[-54.3735,70.7247],[-50.5726,69.8663],[-50.2788,69.1112],[-51.0052,68.5092],[-52.8425,68.5058],[-50.491,67.9726],[-50.4771,67.4822],[-52.8079,67.7748],[-53.4941,67.4735],[-53.2673,66.9224],[-52.3032,66.9095],[-53.3943,66.4518],[-51.9574,64.3766],[-50.1445,64.7393],[-51.3658,63.726],[-49.8575,62.9665],[-50.0479,62.3141],[-47.6305,60.5968],[-45.7709,61.1041],[-44.4674,59.7609],[-44.0523,60.1642],[-43.0145,59.8329],[-43.4971,60.479],[-42.7849,60.5292],[-42.2714,62.1944],[-43.226,62.6809],[-41.8344,62.6906],[-40.5162,63.7821],[-41.4841,64.2742],[-40.3553,64.427],[-41.0603,65.0375],[-39.7269,64.9965],[-39.992,65.5333],[-38.4674,65.6454],[-38.0418,66.3992],[-37.1548,66.3202],[-37.5789,65.5451],[-36.3244,65.7223],[-32.1238,67.8729],[-32.3591,68.544],[-30.305,67.9805],[-29.9945,68.3914],[-26.9636,68.5017],[-22.7323,69.7741],[-22.1575,70.0561],[-28.3845,70.458],[-27.9162,70.998],[-26.086,71.1948]]],[[[-23.5854,72.4404],[-21.9061,72.0512],[-22.7294,72.6152],[-23.5854,72.4404]]],[[[-54.4859,69.5636],[-53.5515,69.2784],[-51.8129,69.6216],[-54.4283,70.2482],[-54.4859,69.5636]]],[[[8.534,57.1406],[8.4709,56.5969],[8.847,56.9863],[10.2566,57.0059],[10.5581,57.7451],[8.534,57.1406]]],[[[11.7672,55.176],[12.4297,55.2447],[12.444,55.9677],[11.1019,55.6337],[11.7672,55.176]]],[[[13.283,79.4871],[13.2522,79.8007],[11.2843,79.7071],[11.7603,78.8802],[13.6184,78.2692],[15.0839,78.7807],[16.617,78.4673],[13.9051,77.9999],[16.7116,77.7886],[14.4846,77.3709],[16.913,76.7189],[20.9081,78.8094],[16.3263,80.0251],[16.1332,79.1364],[14.8101,79.8037],[13.283,79.4871]]]]},"properties":{"NAME":"Denmark-Norway","SUBJECTO":"","PARTOF":"","BORDERPRECISION":3,"LINK":null}},
{"type":"Feature","geometry":{"type":"MultiPolygon","coordinates":[[[[30.4328,46.1757],[31.9513,46.8646],[32.2022,46.1704],[33.5279,46.1341],[32.5032,45.4451],[33.3979,45.2527],[33.3955,44.6005],[34.0137,44.4921],[36.521,45.3883],[35.0634,45.3401],[33.8391,46.1931],[39.1599,47.2689],[37.7571,46.6032],[38.459,46.0789],[36.9599,45.2274],[41.4097,42.7882],[41.484,41.4365],[42.8784,41.5455],[43.9568,42.5912],[45.0312,42.772],[47.9883,41.2189],[47.2486,42.7849],[47.4934,43.5832],[46.81,44.5363],[47.6282,45.7322],[51.3689,47.09],[51.9015,49.3911],[51.1299,50.4199],[51.3871,51.0629],[55.245,51.7059],[58.3314,50.9343],[59.103,53.6348],[64.4571,53.5813],[64.6874,54.2723],[72.9916,55.3066],[78.65,50.8057],[84.2673,49.2046],[83.1155,48.2832],[85.3829,48.1477],[90,51.5694],[91.9653,51.5694],[92.591,52.4002],[93.5674,52.3489],[95.1874,53.7955],[97.3194,52.8265],[97.6101,52.1481],[102.1174,51.3611],[102.639,50.4562],[103.6808,50.1664],[106.3229,50.4167],[108.4235,49.5185],[110.1999,49.241],[112.5245,49.462],[114.5226,50.2963],[117.4905,49.5863],[119.2912,50.125],[119.1823,50.7017],[120.746,52.0071],[120.7731,52.4763],[119.9965,52.7038],[121.6748,53.3571],[121.6609,53.7604],[120.9211,53.8344],[121.291,55.092],[121.9568,55.9058],[123.5104,56.4237],[124.916,56.2017],[129.2068,56.8675],[130.9083,55.24],[130.5384,53.9084],[131.1302,53.9084],[132.018,52.4288],[133.4236,52.6507],[134.2373,53.4645],[134.6812,52.9466],[137.2392,53.4565],[137.3829,53.8098],[136.3507,53.7012],[136.4916,54.4555],[135.0945,54.4328],[134.9852,54.8539],[142.3578,59.141],[148.4161,59.0974],[149.3803,59.6085],[151.5236,59.3439],[151.3545,58.6911],[153.9244,58.9223],[154.9059,59.1028],[153.943,59.5688],[156.8252,61.5628],[160.1183,61.7513],[160.1188,60.5636],[162.7488,61.609],[162.9902,62.3261],[165.0672,62.4357],[164.0083,62.1309],[163.3293,60.6949],[158.3263,58.0268],[156.7769,57.5805],[155.6276,56.2679],[155.7108,53.8049],[156.6964,50.9577],[158.258,52.0171],[158.4614,52.826],[159.8969,53.2406],[160.0274,54.1533],[161.8759,54.5641],[161.5027,55.2874],[162.3176,56.2401],[163.166,56.1065],[162.5124,57.0335],[163.0784,57.6265],[161.9892,57.7199],[161.8044,58.1017],[163.3887,59.8141],[164.1105,60.0782],[164.5846,59.6647],[166.2034,60.3526],[166.0272,59.7087],[168.6708,60.4546],[170.0601,59.8818],[176.832,62.6764],[178.7377,62.2993],[179.2422,62.5257],[178.1473,64.1566],[175.8998,64.5474],[175.9651,64.9037],[178.0044,64.5477],[180,64.9535],[180,65.0519],[180,65.311],[180,65.3816],[180,65.9631],[180,66.9631],[180,67.9631],[180,68.9199],[176.1922,69.7127],[170.4517,70.0192],[170.8328,68.9219],[169.3886,68.7175],[167.3201,69.6586],[166.3092,69.3783],[162.1178,69.5586],[160.8623,69.0831],[158.4087,70.8142],[152.134,70.6644],[148.7109,71.6294],[149.5303,72.0274],[146.9151,72.2019],[144.8013,71.5911],[145.6,72.4262],[141.4084,72.7873],[138.9693,72.2105],[139.8479,72.2356],[139.7445,71.4036],[138.4461,71.6103],[137.6297,71.0754],[135.8606,71.5434],[134.2414,71.2619],[132.5538,71.809],[130.7793,70.6783],[126.1113,72.2804],[128.5249,72.9523],[127.7196,73.4015],[124.2222,73.6969],[122.8824,72.7528],[120.5785,72.8351],[116.6711,73.6192],[113.547,73.2009],[113.2216,73.7481],[110.5513,74.0384],[109.9906,73.44],[105.2788,72.7515],[113.625,75.2727],[113.533,76.0937],[109.6564,76.6913],[106.404,76.4323],[107.1603,76.9491],[104.7046,76.9275],[105.4495,77.4491],[103.9466,77.5922],[99.4672,75.9669],[94.6943,76.1836],[87.4875,74.9609],[87.1397,73.6041],[86.1235,73.4511],[86.4921,73.8738],[80.6201,73.4965],[80.9823,72.447],[83.5611,71.6244],[83.3707,70.3373],[82.6755,70.8421],[82.0456,70.4189],[82.8184,71.6463],[79.2226,72.2713],[76.3329,71.7197],[78.6085,70.8499],[75.6706,71.1991],[75.0161,72.7188],[74.9212,72.0287],[73.2169,71.4577],[73.9145,69.1543],[77.406,68.9356],[77.4832,67.8025],[78.4779,67.4785],[77.0907,67.5277],[77.0398,68.4638],[75.5372,68.7749],[72.2088,66.1735],[69.1726,66.5483],[71.5441,66.7141],[73.3936,68.3824],[71.7976,71.4318],[72.8527,72.6439],[69.3431,72.8343],[66.6702,70.8661],[66.8844,69.6231],[69.109,68.8303],[68.3846,68.1793],[65.3554,69.1834],[61.03,69.7406],[60.9341,68.8151],[59.7623,68.2974],[58.7704,68.856],[53.6257,68.0477],[53.5024,68.8163],[46.4021,66.7186],[44.8712,67.3124],[46.6341,67.7005],[45.8634,68.3833],[43.8532,68.4692],[44.0294,66.0112],[42.2108,66.41],[39.9513,65.5812],[40.3222,64.4629],[36.8839,65.0677],[36.9967,64.4066],[38.0539,64.1293],[37.4105,63.7495],[34.8846,64.3668],[34.5437,66.0008],[32.2194,66.9937],[38.7821,66.0015],[40.8364,66.5614],[40.9734,67.5344],[35.4366,69.1504],[33.3156,69.0713],[32.0716,69.8835],[31.0538,69.6396],[30.2095,69.3996],[29.8607,63.8533],[30.0068,63.7554],[32.4923,62.9342],[31.1059,62.7617],[29.6985,61.6351],[28.5684,61.4421],[28.2916,61.08],[27.4429,61.2498],[26.6946,61.122],[26.5312,60.3935],[28.5215,60.6233],[28.5694,60.1984],[30.1266,59.806],[29.0761,59.9078],[27.702,59.2975],[25.4488,59.494],[23.4158,59.119],[23.6709,58.2414],[24.4968,58.2132],[24.3229,57.3369],[27.7404,56.679],[27.8594,56.2033],[30.8322,55.7277],[30.3566,53.5872],[30.8322,51.3278],[30.5944,50.6143],[29.4052,50.0198],[31.0701,48.5928],[29.9998,48.5928],[29.0106,47.5539],[30.4328,46.1757]],[[28.1692,57.9145],[27.1073,58.9542],[27.683,58.9796],[28.1692,57.9145]],[[30.4559,60.86],[29.825,61.2156],[30.852,61.775],[32.9443,60.6426],[31.1063,59.9277],[30.4559,60.86]],[[38.8052,58.122],[37.1553,58.695],[38.0739,58.5419],[37.6449,59.1568],[38.4146,59.1734],[37.8577,59.0751],[38.9893,58.4956],[38.8052,58.122]],[[48.8828,53.8659],[48.378,54.2312],[49.059,55.4827],[51.9365,55.6991],[48.9398,54.9017],[48.5494,54.2405],[49.7273,54.2251],[49.063,53.6066],[49.9048,53.4567],[48.8008,53.2806],[48.8828,53.8659]],[[36.312,61.4595],[35.8551,60.8705],[34.8285,61.0386],[35.6114,61.1974],[33.944,62.5005],[34.5914,62.0965],[34.532,62.5463],[35.0749,62.0536],[35.5672,62.2871],[34.5325,62.9157],[35.7712,62.4959],[36.312,61.4595]]],[[[148.5219,45.2872],[148.8422,45.4883],[147.9327,45.4214],[146.8405,44.4155],[148.5219,45.2872]]],[[[56.265,73.5147],[57.3304,73.4849],[60.4633,75.1561],[67.7225,76.1745],[68.4567,76.9268],[56.995,75.2731],[55.8852,74.1048],[54.0176,73.7336],[56.265,73.5147]]],[[[53.3098,73.0413],[51.8149,71.4798],[54.3535,71.198],[53.7286,70.7651],[54.9983,70.5217],[57.2378,70.691],[55.5204,72.1098],[56.5085,73.1739],[53.3098,73.0413]]],[[[-175.9906,67.8467],[-180,68.9169],[-180,67.9631],[-180,66.9631],[-180,65.9631],[-180,65.3816],[-180,65.311],[-180,65.2592],[-178.9751,66.0514],[-178.6535,65.5399],[-176.5285,65.6096],[-175.3009,64.7257],[-173.077,64.384],[-172.4112,65.1727],[-173.0431,65.8062],[-171.2003,65.5612],[-171.6686,65.8892],[-170.9762,65.6784],[-169.8324,66.0246],[-171.958,66.9557],[-173.8749,67.1593],[-174.6352,66.4048],[-175.9906,67.8467]]]]},"properties":{"NAME":"Russian Empire","SUBJECTO":"Russian Empire","PARTOF":"Russian Empire","BORDERPRECISION":3,"LINK":null}},
{"type":"Feature","geometry":{"type":"Polygon","coordinates":[[[92.1687,27.1453],[91.6096,28.0158],[89.7654,28.4133],[89.3022,27.8466],[92.1687,27.1453]]]},"properties":{"NAME":"Bhutan","SUBJECTO":"3","PARTOF":"Bhutan","BORDERPRECISION":0,"LINK":null}},
{"type":"Feature","geometry":{"type":"Polygon","coordinates":[[[107.8756,21.4621],[108.555,21.8234],[109.1174,21.399],[109.7798,21.483],[109.7116,20.5682],[110.2713,20.3153],[110.2388,21.2807],[112.7495,21.7561],[113.3777,22.1639],[113.4626,22.7739],[113.8452,22.4634],[114.5375,22.6745],[114.5587,22.4649],[114.8478,22.51],[115.3088,22.7714],[115.7067,22.6389],[117.8491,24.0471],[117.9249,24.5617],[118.8129,24.8494],[119.4286,25.6509],[119.4289,26.5908],[121.2597,28.1823],[121.7744,29.7645],[121.0825,30.2138],[119.9437,30.1162],[121.5689,30.7101],[121.2683,31.4523],[121.645,31.688],[119.0032,34.9395],[119.9138,36.1434],[122.2556,36.7337],[122.3929,37.3006],[120.6581,37.7365],[118.9546,37.0771],[118.8752,37.9494],[117.4395,38.6028],[117.7529,39.2025],[118.9776,39.2241],[121.0106,40.8507],[122.1079,40.3537],[121.0653,38.7503],[124.1339,39.8431],[126.4742,41.6515],[128.0985,41.4494],[127.984,42.1076],[129.0345,42.1774],[129.8543,42.9568],[130.4351,42.2768],[131.8652,43.2904],[131.6746,43.0266],[132.1818,43.1946],[132.9528,42.6695],[134.5686,43.2122],[140.081,48.5026],[141.1212,53.0516],[139.378,54.0804],[138.4168,54.0919],[138.234,53.5716],[137.2392,53.4565],[134.6812,52.9466],[134.2373,53.4645],[133.4236,52.6507],[132.018,52.4288],[131.1302,53.9084],[130.5384,53.9084],[130.9083,55.24],[129.2068,56.8675],[124.916,56.2017],[123.5104,56.4237],[121.9568,55.9058],[121.291,55.092],[120.9211,53.8344],[121.6609,53.7604],[121.6748,53.3571],[119.9965,52.7038],[120.7731,52.4763],[120.746,52.0071],[119.1823,50.7017],[119.2912,50.125],[117.4905,49.5863],[114.5226,50.2963],[112.5245,49.462],[110.1999,49.241],[108.4235,49.5185],[106.3229,50.4167],[103.6808,50.1664],[102.639,50.4562],[102.1174,51.3611],[97.6101,52.1481],[97.3194,52.8265],[95.1874,53.7955],[93.5674,52.3489],[92.591,52.4002],[91.9653,51.5694],[90,51.5694],[85.3829,48.1477],[81.2198,46.5618],[79.1516,46.6008],[78.4451,46.2972],[75.4633,46.6706],[74.278,46.0041],[74.1038,44.991],[76.4787,38.2819],[78.423,37.7264],[79.1654,37.1709],[80.175,31.5731],[81.4487,30.4028],[82.1417,30.3656],[86.0357,27.9103],[88.1963,27.8238],[89.3022,27.8466],[89.7654,28.4133],[91.6096,28.0158],[92.1687,27.1453],[92.163,26.5008],[94.3244,26.8833],[95.4781,27.9089],[97.603,28.4121],[98.6372,27.4787],[98.7337,26.3432],[97.5241,24.8],[97.6952,23.8796],[98.7692,24.0898],[98.985,23.1513],[99.4689,23.1414],[99.2086,22.1494],[99.7555,22.1272],[100.3208,21.4638],[100.8947,21.7211],[101.5842,21.2235],[101.5544,22.2837],[101.9679,22.5337],[104.4781,22.7832],[105.3134,23.296],[106.588,22.9288],[106.6734,21.9262],[107.8756,21.4621]]]},"properties":{"NAME":"Qing Empire","SUBJECTO":"Qing Empire","PARTOF":"Qing Empire","BORDERPRECISION":0,"LINK":null}},
{"type":"Feature","geometry":{"type":"Polygon","coordinates":[[[44.6373,39.6622],[46.6479,38.9607],[49.0414,39.1447],[49.4882,39.2936],[49.5733,40.1765],[50.4668,40.3254],[49.3499,40.953],[47.5653,43.0077],[47.7361,43.8619],[47.4934,43.5832],[47.2486,42.7849],[47.9883,41.2189],[45.0312,42.772],[43.9568,42.5912],[42.8784,41.5455],[43.8473,40.75],[43.6845,40.1091],[44.6373,39.6622]]]},"properties":{"NAME":"central Asian khanates","SUBJECTO":"central Asian khanates","PARTOF":"central Asian khanates","BORDERPRECISION":3,"LINK":null}},
{"type":"Feature","geometry":{"type":"Polygon","coordinates":[[[59.4472,45.1876],[59.1333,45.1945],[59.2379,44.7966],[59.4472,45.1876]]]},"properties":{"NAME":"central Asian khanates","SUBJECTO":"central Asian khanates","PARTOF":"central Asian khanates","BORDERPRECISION":3,"LINK":null}},
{"type":"Feature","geometry":{"type":"Polygon","coordinates":[[[59.9012,45.6959],[59.7927,45.5896],[60.1145,45.689],[59.9012,45.6959]]]},"properties":{"NAME":"central Asian khanates","SUBJECTO":"central Asian khanates","PARTOF":"central Asian khanates","BORDERPRECISION":3,"LINK":null}},
{"type":"Feature","geometry":{"type":"MultiPolygon","coordinates":[[[[124.1339,39.8431],[125.2961,39.3643],[124.7697,37.9359],[125.2694,37.4847],[125.5617,37.8355],[125.909,37.5115],[126.5407,37.6776],[126.8658,37.2669],[126.8464,36.7525],[126.5025,37.0528],[126.1289,36.7517],[126.873,36.0547],[126.2492,35.1167],[126.6597,34.8128],[126.2894,34.7422],[126.4783,34.3453],[129.1369,35.1122],[129.5883,36.0076],[129.4336,37.0589],[128.3636,38.6252],[127.2769,39.2217],[127.6715,39.8664],[129.4778,40.682],[129.6413,41.6558],[130.4351,42.2768],[129.8543,42.9568],[129.0345,42.1774],[127.984,42.1076],[128.0985,41.4494],[126.4742,41.6515],[124.1339,39.8431]]],[[[126.5994,33.2333],[126.898,33.5233],[126.1583,33.3147],[126.5994,33.2333]]]]},"properties":{"NAME":"Korea","SUBJECTO":"Korea","PARTOF":"Korea","BORDERPRECISION":3,"LINK":null}},
{"type":"Feature","geometry":{"type":"Polygon","coordinates":[[[66.9283,28.1119],[66.3001,25.4947],[67.3159,24.0929],[68.7908,23.0287],[70.3017,22.827],[71.0411,24.6497],[70.1266,27.7176],[67.9811,29.455],[66.9283,28.1119]]]},"properties":{"NAME":"Sind","SUBJECTO":"Sind","PARTOF":"Indian princely states","BORDERPRECISION":3,"LINK":null}},
{"type":"Feature","geometry":{"type":"Polygon","coordinates":[[[82.9671,24.9936],[82.5987,25.8883],[82.9145,26.5198],[84.1116,26.0715],[84.4534,26.3706],[83.8743,27.382],[81.3005,28.2929],[80.5174,26.873],[80.8456,26.3552],[82.9671,24.9936]]]},"properties":{"NAME":"Oudh","SUBJECTO":"Oudh","PARTOF":"Oudh","BORDERPRECISION":3,"LINK":null}},
{"type":"Feature","geometry":{"type":"Polygon","coordinates":[[[67.9811,29.455],[70.1266,27.7176],[72.2171,28.2906],[74.1324,30.7954],[70.9353,33.731],[67.9811,29.455]]]},"properties":{"NAME":"Multan","SUBJECTO":"Multan","PARTOF":"Indian princely states","BORDERPRECISION":3,"LINK":null}},
{"type":"Feature","geometry":{"type":"Polygon","coordinates":[[[70.9353,33.731],[74.1324,30.7954],[76.2903,31.1373],[76.9516,31.712],[78.7607,31.5409],[81.1293,30.0531],[81.4487,30.4028],[80.175,31.5731],[79.1654,37.1709],[78.423,37.7264],[76.4873,36.6496],[74.8122,36.9573],[74.4276,37.47],[70.9353,33.731]]]},"properties":{"NAME":"Lahore","SUBJECTO":"Lahore","PARTOF":"Indian princely states","BORDERPRECISION":3,"LINK":null}},
{"type":"Feature","geometry":{"type":"Polygon","coordinates":[[[80.8456,26.3552],[80.5174,26.873],[81.3005,28.2929],[79.7075,29.3591],[79.0167,28.3228],[79.0599,29.7477],[77.6802,30.3688],[78.1313,30.777],[76.2903,31.1373],[74.1324,30.7954],[72.2171,28.2906],[70.1266,27.7176],[71.0411,24.6497],[70.3017,22.827],[70.3102,22.8286],[71.7622,23.7212],[72.7451,23.7212],[75.3944,22.6957],[80.0521,25.4732],[80.8456,26.3552]]]},"properties":{"NAME":"Mahratta states","SUBJECTO":"Mahratta states","PARTOF":"Indian princely states","BORDERPRECISION":3,"LINK":null}},
{"type":"Feature","geometry":{"type":"Polygon","coordinates":[[[106.09,11.0061],[105.8425,11.5827],[107.4823,12.5833],[107.387,14.5569],[106.0456,14.3871],[106.1313,13.9598],[103.6214,14.4108],[102.9357,14.1498],[102.3603,13.5078],[102.6121,12.0958],[103.0396,10.898],[103.5249,11.0578],[103.5249,10.5242],[104.3872,10.3144],[106.09,11.0061]]]},"properties":{"NAME":"Cambodia","SUBJECTO":"Cambodia","PARTOF":"Cambodia","BORDERPRECISION":3,"LINK":null}},
{"type":"Feature","geometry":{"type":"Polygon","coordinates":[[[94.4653,17.6428],[94.1444,16.0057],[94.8193,16.2105],[95.3298,15.6779],[96.6629,16.6972],[96.7704,17.3327],[97.5732,16.4451],[98.8674,11.645],[98.3979,10.5639],[98.5932,10.1205],[99.5811,11.8887],[99.003,13.8862],[98.137,15.1896],[98.8236,16.3177],[97.2749,18.5036],[97.3724,20.7798],[98.1962,21.6085],[97.6952,23.8796],[97.5241,24.8],[98.7337,26.3432],[98.6372,27.4787],[97.603,28.4121],[95.4781,27.9089],[94.3244,26.8833],[92.163,26.5008],[90,26.3603],[90,25.9662],[91.5657,26.0538],[91.7408,25.0031],[91.2592,24.1275],[92.0472,23.6897],[92.51,22.1104],[93.1277,22.2029],[94.7024,20.016],[95.3616,18.0383],[95.1639,17.6428],[94.4653,17.6428]]]},"properties":{"NAME":"Burma","SUBJECTO":"Burma","PARTOF":"Burma","BORDERPRECISION":3,"LINK":null}},
{"type":"Feature","geometry":{"type":"Polygon","coordinates":[[[102.0738,6.1542],[101.428,6.8282],[100.5396,7.0487],[99.8373,9.2265],[99.1956,9.2378],[99.0713,9.8983],[100.04,13.3947],[100.9087,13.4473],[100.8716,12.6785],[102.6121,12.0958],[102.3603,13.5078],[102.9357,14.1498],[103.6214,14.4108],[106.1313,13.9598],[106.0456,14.3871],[107.387,14.5569],[107.1075,16.1696],[103.8993,19.3131],[104.7158,20.2004],[104.1291,20.9399],[103.4779,20.6567],[102.9929,20.9396],[101.9679,22.5337],[101.5544,22.2837],[101.5842,21.2235],[100.8947,21.7211],[100.3208,21.4638],[99.7555,22.1272],[99.2086,22.1494],[99.4689,23.1414],[98.985,23.1513],[98.7692,24.0898],[97.6952,23.8796],[98.1962,21.6085],[97.3724,20.7798],[97.2749,18.5036],[98.8236,16.3177],[98.137,15.1896],[99.003,13.8862],[99.5811,11.8887],[98.5932,10.1205],[98.1952,8.3271],[98.8895,8.0172],[100.1587,6.3401],[100.6174,6.4223],[101.0764,5.5313],[101.3117,5.8346],[101.7626,5.5862],[102.0738,6.1542]]]},"properties":{"NAME":"Rattanakosin Kingdom","SUBJECTO":"Rattanakosin Kingdom","PARTOF":"Rattanakosin Kingdom","BORDERPRECISION":3,"LINK":null}},
{"type":"Feature","geometry":{"type":"MultiPolygon","coordinates":[[[[178.1755,-18.2417],[178.6811,-18.0742],[178.5983,-17.6431],[178.193,-17.3011],[177.5103,-17.5094],[177.3297,-18.1158],[178.1755,-18.2417]]],[[[179.5686,-16.7581],[180,-16.1727],[180,-16.1547],[178.4761,-16.7636],[178.7539,-17.0114],[179.9372,-16.7544],[179.9419,-16.4644],[179.5686,-16.7581]]],[[[-172.2225,-13.5631],[-172.7806,-13.5333],[-172.5089,-13.8067],[-172.2225,-13.5631]]]]},"properties":{"NAME":"Tuʻi Tonga Empire","SUBJECTO":"Tuʻi Tonga Empire","PARTOF":"Tuʻi Tonga Empire","BORDERPRECISION":3,"LINK":null}},
{"type":"Feature","geometry":{"type":"Polygon","coordinates":[[[-109.2414,-27.1331],[-109.3908,-27.0667],[-109.4492,-27.1931],[-109.2414,-27.1331]]]},"properties":{"NAME":"Polynesians","SUBJECTO":"Polynesians","PARTOF":"Polynesians","BORDERPRECISION":3,"LINK":null}},
{"type":"Feature","geometry":{"type":"Polygon","coordinates":[[[114.0292,22.5085],[114.2631,22.2044],[114.4131,22.4369],[114.0292,22.5085]]]},"properties":{"NAME":"Hong Kong","SUBJECTO":"Hong Kong","PARTOF":"Hong Kong","BORDERPRECISION":3,"LINK":null}}
]}