{"type":"FeatureCollection", "features": [
{"type":"Feature","geometry":{"type":"Polygon","coordinates":[[[5.8235,49.5071],[6.1123,49.4787],[6.368,49.4735],[6.433,49.4453],[6.3995,49.6042],[6.5114,49.6689],[6.5309,49.7984],[6.3215,49.8416],[6.1366,49.982],[6.1085,50.1175],[6.0074,50.15],[5.9438,50.1138],[5.8338,50.0474],[5.7379,49.9025],[5.7451,49.7553],[5.8844,49.6635],[5.8235,49.5071]]]},"properties":{"NAME":"Luxembourg","SUBJECTO":"Luxembourg","PARTOF":"Luxembourg","BORDERPRECISION":3,"LINK":null}},
{"type":"Feature","geometry":{"type":"MultiPolygon","coordinates":[[[[33.792,34.9574],[33.9247,34.9532],[33.7727,35.1293],[33.7805,35.2081],[34.0484,35.4079],[34.2447,35.5118],[34.4582,35.6446],[34.2173,35.5736],[33.9073,35.4368],[33.539,35.3317],[33.3737,35.3065],[33.0775,35.3186],[32.7951,35.3606],[32.8191,35.2817],[32.7795,35.1529],[32.745,35.1143],[32.597,35.1556],[32.4831,35.1529],[32.301,35.0163],[32.2345,35.0136],[32.1805,35.0583],[32.1437,35.0425],[32.1985,34.8614],[32.271,34.8142],[32.2711,34.7197],[32.3572,34.6803],[32.6034,34.6147],[32.7841,34.6252],[32.8167,34.5386],[32.9145,34.5413],[32.9145,34.6357],[32.9586,34.6593],[33.1314,34.6803],[33.4839,34.7958],[33.5385,34.9442],[33.6858,34.9349],[33.7326,34.9086],[33.792,34.9574]]],[[[23.4097,38.9437],[23.2424,39.0441],[23.0143,38.9614],[22.8699,38.8372],[23.1208,38.8668],[23.4629,38.6237],[23.6377,38.5226],[23.5997,38.4572],[23.6605,38.4036],[24.0254,38.3857],[24.1927,38.1529],[24.3143,37.9853],[24.5272,37.9674],[24.588,38.1529],[24.2915,38.1948],[24.2079,38.5524],[24.1319,38.6534],[23.7898,38.7186],[23.4097,38.9437]]],[[[25.7664,36.3376],[25.8728,36.3559],[25.7892,36.4049],[25.7359,36.3865],[25.7131,36.3498],[25.7664,36.3376]]],[[[25.4927,36.3314],[25.4927,36.4232],[25.371,36.4966],[25.333,36.4599],[25.3178,36.3988],[25.3862,36.3192],[25.4927,36.3314]]],[[[26.0248,36.9597],[25.9488,36.9111],[25.8576,36.8381],[25.7511,36.8138],[25.7511,36.7833],[25.8348,36.7833],[25.9564,36.8442],[26.0856,36.8989],[26.0248,36.9597]]],[[[24.6792,36.759],[24.588,36.8685],[24.4284,36.7955],[24.2991,36.7529],[24.4664,36.6493],[24.6792,36.759]]],[[[24.9757,36.6371],[24.8769,36.6797],[24.8237,36.6614],[24.8237,36.6371],[24.9453,36.5699],[24.9757,36.6371]]],[[[25.105,36.6371],[25.1962,36.6736],[25.1658,36.7407],[25.0441,36.6614],[25.0593,36.6187],[25.105,36.6371]]],[[[25.4319,36.698],[25.295,36.8077],[25.2494,36.759],[25.2418,36.7529],[25.2646,36.7041],[25.3862,36.6371],[25.4319,36.698]]],[[[24.4284,37.2083],[24.4436,37.0993],[24.5348,37.1175],[24.4284,37.2083]]],[[[24.2611,37.5406],[24.3827,37.5707],[24.398,37.6671],[24.2991,37.6611],[24.2611,37.5406]]],[[[24.3599,37.3958],[24.3599,37.3052],[24.4892,37.3958],[24.398,37.4682],[24.3599,37.3958]]],[[[24.8465,37.3656],[25.0441,37.3777],[24.9453,37.5105],[24.8617,37.5286],[24.8465,37.3656]]],[[[25.4699,37.4381],[25.2722,37.5647],[24.7629,38.0033],[24.6564,37.9014],[24.9225,37.6912],[25.3178,37.4018],[25.4699,37.4381]]],[[[24.6792,36.905],[24.7857,36.9475],[24.7172,37.0508],[24.6488,37.0143],[24.6792,36.905]]],[[[25.1126,36.9415],[25.3102,37.0022],[25.3102,37.1962],[25.1506,37.172],[24.9377,36.9597],[25.1126,36.9415]]],[[[25.5991,37.0265],[25.6067,37.1235],[25.5383,37.2204],[25.3786,37.1175],[25.3406,37.0871],[25.3634,37.0083],[25.4547,36.9232],[25.5459,36.9597],[25.5991,37.0265]]],[[[40.3899,14.9058],[40.2175,15.0833],[40.0372,15.3879],[39.8979,15.502],[39.8562,15.4002],[39.8885,15.1843],[39.7964,15.0888],[39.5179,15.463],[39.2079,16.3265],[39.0088,17.0568],[38.9628,17.1916],[38.0432,16.232],[38.0432,15.0066],[38.7784,14.3939],[39.6362,14.1489],[40.3899,14.9058]]],[[[37.3982,18.915],[37.2546,19.6517],[37.165,20.7643],[36.6953,20.3983],[35.96,19.418],[36.4502,18.0701],[37.4305,17.7025],[38.5275,18.1613],[38.3067,18.2498],[38.0286,18.4779],[37.7612,18.6426],[37.48,18.8199],[37.3982,18.915]]],[[[17.548,42.9201],[17.5957,42.8889],[17.6464,42.8646],[17.7059,42.9175],[17.7662,42.9125],[17.8214,42.8974],[17.8415,42.8623],[17.8717,42.8221],[17.937,42.7819],[18.0173,42.7468],[18.1127,42.7418],[18.2534,42.6262],[18.2735,42.5961],[18.3337,42.6112],[18.389,42.6011],[18.4291,42.5861],[18.4574,42.5578],[18.4593,42.5559],[18.4492,42.5158],[18.4643,42.4806],[18.5011,42.4482],[18.5143,42.407],[18.5136,42.3621],[18.5286,42.3527],[18.9099,42.2178],[19.1355,41.9995],[19.143,41.9321],[19.3385,41.862],[19.3677,41.8464],[19.4579,41.7981],[19.607,41.7615],[19.6194,41.5593],[19.4989,41.5236],[19.417,41.3453],[19.53,41.2184],[19.4454,40.9649],[19.5273,40.8659],[19.3392,40.5887],[19.4945,40.4027],[19.4837,40.2959],[19.3802,40.3236],[19.3691,40.2603],[19.8036,40.017],[20.0286,39.8138],[20.0908,39.6025],[20.1224,39.551],[20.2118,39.4049],[20.6778,39.0804],[20.9011,39.0617],[21.0072,39.113],[21.1595,39.0048],[21.1047,38.9218],[21.0065,38.8705],[20.8926,38.8958],[20.7718,38.8509],[21.1724,38.3478],[21.3645,38.412],[21.6613,38.4381],[21.8265,38.464],[22.3337,38.4267],[22.8756,38.2046],[22.9967,38.1793],[23.1163,38.1574],[22.8987,37.9976],[22.7472,37.9526],[21.9967,38.2508],[21.9058,38.2697],[21.7145,38.1354],[21.4405,38.1795],[21.2284,37.9049],[21.2211,37.8284],[21.2963,37.7265],[21.5173,37.5358],[21.6137,37.4148],[21.6265,37.3065],[21.5314,37.1151],[21.5882,36.9814],[21.7809,36.8225],[21.9842,37.0205],[22.1914,36.8552],[22.3903,36.5244],[22.5244,36.7221],[22.6736,36.7543],[22.9826,36.6148],[22.8869,37.0467],[22.7931,37.1386],[22.8133,37.2121],[22.7262,37.2885],[22.6387,37.4923],[22.6423,37.5849],[22.7133,37.5434],[22.9421,37.5184],[23.0253,37.4798],[22.971,37.3853],[23.1096,37.3466],[23.1858,37.3748],[23.185,37.4273],[23.4181,37.4693],[23.3122,37.5481],[23.3217,37.6374],[23.2205,37.6018],[23.1514,37.5901],[23.0489,37.6426],[23.0454,37.7736],[23.04,37.858],[22.8981,37.9],[22.9806,37.9578],[23.1958,38.005],[23.4193,38.0681],[23.4957,38.0681],[23.5407,38.0041],[23.6341,37.879],[23.7337,37.8579],[23.8355,37.6846],[23.9182,37.6846],[23.9873,37.7634],[23.88,38.1154],[23.967,38.1521],[23.9607,38.2099],[23.8039,38.3465],[23.6828,38.3465],[23.5558,38.3518],[23.4938,38.4831],[23.3562,38.4895],[23.191,38.6103],[23.1695,38.667],[23.0998,38.6723],[22.9842,38.667],[22.8994,38.7669],[22.7233,38.7932],[22.6023,38.8562],[22.4905,38.8769],[22.7842,38.9403],[22.8711,39.0243],[22.8349,39.1664],[22.7661,39.2028],[22.7203,39.2873],[22.8509,39.3661],[22.919,39.3451],[22.9813,39.3293],[23.0453,39.2715],[23.0998,39.1874],[23.0519,39.1033],[23.1585,39.1401],[23.2361,39.2032],[23.0742,39.4135],[22.8134,39.6027],[22.7545,39.8183],[22.6951,39.8345],[22.5551,39.9867],[22.5256,40.0642],[22.4674,40.1185],[22.4896,40.2305],[22.6023,40.3972],[22.4921,40.4983],[22.7013,40.5774],[22.77,40.6672],[22.8519,40.6513],[22.8755,40.5963],[22.8639,40.5352],[22.7481,40.4825],[22.9602,40.3147],[23.1411,40.2662],[23.2148,40.1818],[23.2763,40.0499],[23.2605,39.9709],[23.3744,39.9551],[23.5969,39.9341],[23.6386,39.9603],[23.5922,40.0025],[23.5233,40.0183],[23.4365,40.0447],[23.3668,40.1079],[23.321,40.1554],[23.2591,40.2292],[23.2931,40.2451],[23.2918,40.2873],[23.3491,40.282],[23.4425,40.2556],[23.5958,40.1923],[23.796,39.9867],[23.9066,39.9972],[23.9201,40.0552],[23.8687,40.1607],[23.8037,40.1554],[23.6517,40.2292],[23.6588,40.2873],[23.6272,40.3453],[23.7222,40.3482],[23.7748,40.3928],[23.9235,40.3453],[24.0478,40.3084],[24.0548,40.2609],[24.2206,40.1448],[24.2954,40.1765],[23.9237,40.4508],[23.7852,40.4772],[23.7091,40.63],[23.633,40.7132],[23.6347,40.7728],[23.7484,40.8044],[23.886,40.7329],[24.0252,40.7464],[24.2191,40.8297],[24.3543,40.971],[24.505,40.9841],[24.5191,40.8731],[24.7007,40.8783],[24.8121,40.9334],[25.0189,41.0171],[25.0463,40.9523],[25.3011,40.8959],[25.6357,40.8774],[25.9929,40.8525],[26.0207,40.6693],[26.124,40.6028],[26.4181,40.5778],[26.4548,40.5843],[26.5565,40.4983],[26.4575,40.435],[26.1948,40.3031],[26.2228,40.224],[26.2143,40.1607],[26.1409,40.0447],[26.2552,40.0816],[26.3759,40.2134],[26.5139,40.282],[26.6136,40.398],[26.8889,40.5247],[27.2638,40.6672],[27.313,40.7899],[27.4742,40.9628],[27.9322,40.9575],[28.0264,41.0262],[28.1733,41.0579],[28.5962,40.947],[28.8278,40.9147],[28.9645,40.9892],[29.0811,41.2005],[29.0124,41.2548],[28.7402,41.3248],[28.3715,41.4331],[28.1044,41.593],[28.0698,41.625],[28.0182,41.7532],[28.0262,41.8824],[27.918,41.9777],[27.9134,42.0781],[27.7377,42.247],[27.7225,42.3162],[27.6079,42.4168],[27.4947,42.4009],[27.502,42.5163],[27.654,42.6837],[27.8362,42.7355],[27.8699,42.7999],[27.8873,43.0635],[28.0346,43.3919],[28.1871,43.4501],[28.3281,43.4375],[28.4457,43.4764],[28.4805,43.5923],[28.5101,43.7431],[28.5299,43.8435],[28.5731,44.1978],[28.6862,44.4881],[28.9182,44.7658],[29.0897,44.8757],[29.2616,44.8954],[29.4575,44.9151],[29.579,45.0575],[29.7108,45.2583],[29.6832,45.3748],[29.6159,45.4102],[29.5361,45.4522],[29.5004,45.5234],[29.6295,45.7504],[29.7297,45.77],[30.0688,45.8614],[30.4328,46.1757],[30.0661,46.2804],[29.9643,46.3685],[29.8068,46.505],[29.4267,46.8161],[29.1156,47.2827],[29.0106,47.5539],[28.9082,47.8184],[28.4268,48.0974],[28.4154,48.0822],[28.387,48.1049],[28.387,48.139],[28.3473,48.1503],[28.3019,48.1333],[28.319,48.156],[28.3587,48.2014],[28.3473,48.2297],[28.2963,48.2297],[28.2168,48.2127],[28.1601,48.2241],[28.1147,48.2184],[28.0806,48.2524],[28.0579,48.2808],[28.0125,48.3092],[27.9444,48.3149],[27.882,48.3376],[27.8196,48.3943],[27.7231,48.434],[27.7061,48.4397],[27.6478,48.7516],[27.4858,48.7516],[27.4858,48.6706],[27.1077,48.8326],[27.1077,48.6436],[26.9894,48.6808],[26.5242,48.827],[26.1627,48.9406],[26.3597,48.125],[26.1235,48.125],[26.1235,47.8549],[25.7859,47.9562],[25.3809,47.8549],[25.2459,47.6862],[25.6847,47.6187],[26.2922,47.2136],[26.191,46.8086],[25.8534,46.6736],[25.6509,46.4036],[25.4484,46.3023],[25.5159,45.796],[24.9421,45.9648],[24.4021,45.8973],[24.0646,46.0998],[23.7946,46.0661],[23.5583,45.8973],[23.2545,46.0661],[23.0182,45.8635],[22.4782,45.7285],[22.3953,45.2727],[22.3432,44.986],[22.4095,44.7503],[22.2959,44.6919],[22.1994,44.5643],[22.1329,44.5112],[21.9465,44.6188],[21.8589,44.6812],[21.5919,44.7078],[21.5833,44.7928],[21.4777,44.7928],[21.3675,44.8087],[21.3639,44.8203],[21.33,44.8204],[21.1492,44.7392],[21.0151,44.7205],[20.9222,44.6709],[20.7692,44.6603],[20.6329,44.7567],[20.643,44.8125],[20.5926,44.8368],[20.5706,44.8474],[20.5255,44.83],[20.4053,44.8552],[20.334,44.9152],[20.2881,44.9709],[20.3187,44.9987],[20.2406,45.1548],[20.1962,45.1806],[20.0242,45.1727],[19.8724,45.2643],[19.8534,45.236],[19.587,45.2105],[19.5435,45.2526],[19.4191,45.224],[19.4236,45.1926],[19.4085,45.1675],[19.3482,45.1725],[19.308,45.1876],[19.2779,45.1776],[19.2428,45.1826],[19.2126,45.2027],[19.1875,45.2077],[19.1674,45.2027],[19.1825,45.1725],[19.1373,45.1324],[19.1021,45.1324],[19.1021,45.0621],[19.1222,45.0319],[19.1072,44.9968],[19.1172,44.9616],[19.1222,44.9265],[19.082,44.9114],[19.0419,44.9265],[19.0168,44.8963],[19.0519,44.8561],[19.0168,44.8511],[18.9314,44.8411],[18.841,44.8511],[18.7757,44.9064],[18.8008,44.9516],[18.7807,44.9917],[18.7255,44.9968],[18.7154,45.047],[18.6501,45.0721],[18.5848,45.0922],[18.5396,45.052],[18.4944,45.057],[18.4241,45.0922],[18.394,45.1022],[18.3287,45.1022],[18.2584,45.1223],[18.2082,45.0922],[18.1479,45.0721],[18.0876,45.0922],[18.0374,45.1223],[17.9872,45.1223],[17.9319,45.0821],[17.8566,45.047],[17.7863,45.0771],[17.6658,45.1173],[17.5854,45.1123],[17.5151,45.1073],[17.4297,45.1324],[17.3544,45.1374],[17.2841,45.1776],[17.2439,45.1424],[17.1937,45.1324],[17.1685,45.1575],[17.0631,45.1926],[16.9928,45.2177],[16.9325,45.2378],[16.8923,45.2429],[16.8321,45.1876],[16.7818,45.1926],[16.6814,45.2027],[16.6061,45.2177],[16.5106,45.2077],[16.4654,45.1575],[16.4001,45.0922],[16.3449,45.0018],[16.2545,45.0118],[16.139,45.0721],[16.0687,45.1575],[16.0235,45.2077],[15.8828,45.2228],[15.8276,45.2027],[15.7874,45.1223],[15.7673,45.047],[15.7874,44.9867],[15.7874,44.9516],[15.8025,44.8561],[15.7472,44.826],[15.7573,44.7858],[15.8176,44.7507],[15.8577,44.7105],[15.913,44.6954],[15.9582,44.6804],[16.0385,44.6],[16.1038,44.4945],[16.144,44.4343],[16.154,44.379],[16.2244,44.3288],[16.1892,44.3037],[16.1842,44.2585],[16.1942,44.1932],[16.2696,44.1982],[16.3097,44.148],[16.3348,44.0928],[16.3851,44.0425],[16.4604,44.0224],[16.5357,44.0074],[16.7015,43.8467],[16.7115,43.7713],[16.7467,43.7512],[16.8421,43.7161],[17.0129,43.5554],[17.1133,43.5001],[17.2137,43.47],[17.259,43.4449],[17.259,43.3947],[17.2941,43.2691],[17.3845,43.2339],[17.4699,43.1586],[17.5352,43.1084],[17.6457,43.0531],[17.6758,42.9577],[17.548,42.9201]]],[[[24.6901,35.0924],[24.7156,35.0348],[24.6935,34.9405],[25.5907,35.0164],[25.7417,35.0089],[25.8987,35.0453],[26.1605,35.0243],[26.2427,35.1449],[26.236,35.2288],[26.2735,35.3127],[26.1688,35.2471],[26.0994,35.2156],[26.0642,35.2392],[25.9355,35.213],[25.789,35.137],[25.7418,35.137],[25.6685,35.1868],[25.7135,35.327],[25.6732,35.3494],[25.5116,35.2948],[25.374,35.3179],[25.1001,35.3467],[25.0136,35.3625],[24.9975,35.421],[24.7686,35.428],[24.3883,35.373],[24.2296,35.3913],[24.2197,35.449],[24.1777,35.47],[24.1132,35.4857],[24.0733,35.4962],[24.0915,35.5198],[24.1358,35.5224],[24.1527,35.5644],[24.0819,35.6116],[24.0333,35.5985],[24.039,35.5618],[23.9568,35.5277],[23.8795,35.5524],[23.7429,35.5618],[23.7337,35.6273],[23.6967,35.6981],[23.6651,35.6667],[23.6691,35.6116],[23.6715,35.5722],[23.5294,35.5696],[23.4669,35.3179],[23.5131,35.276],[23.5677,35.255],[23.7856,35.2629],[24.0132,35.2104],[24.3244,35.2078],[24.6901,35.0924]]],[[[31.6166,21.2954],[31.6447,21.2769],[32.6617,20.9996],[35.2505,21.3694],[36.8001,21.9149],[36.6604,22.1665],[36.4732,22.3377],[36.2902,22.5724],[36.1114,22.6483],[35.7463,22.9143],[35.6893,23.0213],[35.5759,23.2317],[35.4685,23.7207],[35.4879,23.7906],[35.6163,23.8353],[35.7247,23.9118],[35.6566,23.9943],[35.4535,24.1527],[35.1899,24.3999],[34.9974,24.7172],[34.5148,25.5739],[34.1042,26.3545],[33.9288,26.5638],[33.8041,26.9321],[33.5669,27.37],[33.3542,27.9095],[32.9347,28.3788],[32.6493,28.7658],[32.5906,28.9372],[32.3185,29.5402],[32.4384,29.7755],[32.648,29.8522],[32.7373,29.6935],[32.8136,29.4777],[32.9438,29.1984],[33.1785,28.9956],[33.3307,28.5512],[33.5041,28.3292],[33.856,28.025],[34.058,27.7903],[34.2412,27.7589],[34.322,27.829],[34.3988,28.096],[34.5489,28.7316],[34.7643,29.2467],[34.9355,29.4181],[34.9543,29.4368],[34.9847,29.4672],[35.0734,29.4189],[35.0955,29.3427],[35.0721,29.2114],[35.0257,28.9486],[34.8856,28.3575],[34.7989,28.2302],[34.7639,28.0967],[34.8756,28.097],[35.1116,28.0721],[35.4365,27.7297],[35.5948,27.514],[35.8311,27.0952],[36.3122,26.4227],[36.6693,26.0168],[37.0053,25.5347],[37.2183,25.1666],[37.2685,24.9698],[37.2015,24.6583],[37.4188,24.3983],[37.5572,24.2715],[37.7818,24.2148],[37.9884,24.1136],[38.3294,23.8347],[38.4901,23.6127],[38.9151,22.8702],[39.0556,22.5719],[39.1022,22.4004],[39.1033,22.0002],[39.1304,21.6508],[39.1667,21.2188],[39.5269,20.6922],[39.7641,20.4068],[40.3363,20.0967],[40.6938,19.8687],[40.8198,19.6847],[41.9226,20.7665],[41.8125,21.7126],[41.0704,22.2627],[40.6475,24.1528],[38.8141,24.8414],[37.3635,27.9574],[36.5935,29.7873],[36.5248,31.1615],[37.2119,33.5665],[38.0364,34.5972],[39.342,34.5972],[40.0291,34.391],[44.0832,30.337],[44.839,29.9934],[45.8697,29.856],[46.9051,29.4376],[46.744,29.2254],[46.5092,28.9701],[47.2553,28.8536],[47.4386,28.8293],[47.589,28.5507],[47.6721,28.4432],[48.469,26.6954],[49.3954,26.0778],[49.7042,24.4103],[50.5688,23.8545],[50.9683,24.4362],[50.9074,24.4331],[50.7783,24.4709],[50.7059,24.5597],[50.6065,24.6802],[50.6189,24.8709],[50.4292,25.184],[50.3819,25.4612],[50.2143,25.5881],[50.1469,25.5356],[50.0114,25.8352],[49.9369,25.9558],[49.992,26.0448],[50.0762,26.3118],[49.9342,26.4831],[49.984,26.5957],[50.0902,26.6115],[50.1218,26.7376],[49.9314,26.9341],[49.5325,27.0095],[49.4273,27.131],[49.3216,27.1616],[49.2392,27.2885],[49.1519,27.3725],[49.2435,27.479],[49.1319,27.536],[48.855,27.5227],[48.8318,27.5735],[48.7517,27.8719],[48.5875,28.0939],[48.4627,28.3859],[48.4435,28.4402],[48.1291,29.2682],[47.9915,29.2775],[47.8036,29.1849],[47.614,29.2722],[47.8449,29.5032],[47.996,29.4903],[47.9359,29.8014],[47.9114,29.8903],[47.9572,29.9476],[48.0283,29.9731],[48.2118,29.9481],[48.5106,29.9932],[48.5536,29.9946],[48.5474,30.0487],[48.3898,30.1494],[48.0813,30.3953],[48.1104,30.4908],[48.107,30.6686],[48.0335,30.8777],[47.9367,30.8835],[47.6887,30.8821],[47.6733,31.0281],[47.6982,31.2886],[47.7869,31.5685],[47.793,31.7972],[47.7424,31.9048],[47.612,32.0311],[47.2636,32.3022],[47.0676,32.3963],[46.5085,32.8123],[46.2684,32.8236],[46.124,32.772],[46.0899,32.8417],[46.1051,33.2101],[45.6464,33.6393],[45.5062,33.7973],[45.505,33.8798],[45.565,34.2738],[45.6709,34.6173],[46.1844,35.0584],[45.9949,35.4009],[46.0007,35.5154],[46.211,35.7838],[45.7304,35.832],[45.3881,35.9256],[45.3587,36.0145],[45.1051,36.5032],[44.7946,37.1318],[44.7842,37.2704],[44.6601,37.2862],[44.4712,37.4546],[44.4268,37.6442],[44.4918,37.7543],[44.3009,37.8043],[44.2052,37.8674],[44.2319,37.9249],[44.3615,38.1656],[44.4645,38.292],[44.447,38.3849],[44.3176,38.4764],[44.2692,38.4289],[44.2291,38.4816],[44.1283,38.7029],[44.1832,38.8715],[44.0648,39.1733],[44.0821,39.2945],[44.3449,39.4144],[44.3489,39.6095],[44.4529,39.6728],[44.6373,39.6622],[44.6696,39.757],[44.4481,39.9599],[43.8124,40.0139],[43.6845,40.1091],[43.6697,40.2946],[43.8589,40.6604],[43.8473,40.75],[43.4893,41.0747],[43.4753,41.0874],[42.8784,41.5455],[42.6938,41.5637],[42.3515,41.4016],[42.2501,41.369],[42.029,41.3998],[41.484,41.4365],[41.2931,41.2858],[40.6099,41.028],[40.361,40.9634],[40.0067,40.9563],[39.663,41.0005],[39.3702,41.064],[39.1386,41.0443],[38.6512,40.9216],[38.314,40.9209],[37.8218,41.0096],[37.2528,41.0277],[36.817,41.2897],[36.6412,41.315],[36.3829,41.2375],[36.1614,41.3525],[35.9578,41.6856],[35.6779,41.6209],[35.4114,41.6268],[35.2861,41.6715],[35.0988,41.8059],[35.0019,42.0432],[34.6629,41.8756],[34.3039,41.8941],[33.8967,41.9511],[33.5555,41.9825],[33.1555,41.9496],[32.6879,41.846],[32.419,41.7492],[31.8713,41.4914],[31.6664,41.3948],[31.3857,41.285],[31.4041,41.1635],[31.2177,41.0541],[30.7448,41.0403],[30.2561,41.1847],[30.1376,41.1318],[29.5778,41.1534],[29.1612,41.2164],[29.0145,40.9787],[29.2896,40.8067],[29.3204,40.7411],[29.4172,40.7411],[29.6834,40.7516],[29.8827,40.7464],[29.7131,40.6936],[29.5252,40.6883],[28.9016,40.6201],[28.778,40.5247],[28.8732,40.4719],[29.0835,40.4561],[29.1223,40.4139],[29.0524,40.3347],[28.9268,40.3558],[28.7564,40.3765],[28.4777,40.3951],[28.004,40.3621],[27.9082,40.3506],[28.0065,40.4508],[27.9538,40.4877],[27.8078,40.5036],[27.6793,40.4614],[27.7998,40.4033],[27.8302,40.3453],[27.7639,40.2873],[27.526,40.2971],[27.4496,40.3098],[27.3292,40.3558],[27.2718,40.4508],[27.0561,40.4297],[26.9965,40.3717],[26.7653,40.3769],[26.4817,40.187],[26.4031,40.1765],[26.3203,39.9919],[26.186,39.9972],[26.1276,39.8786],[26.1407,39.75],[26.1419,39.6606],[26.0849,39.604],[26.0641,39.4555],[26.139,39.4397],[26.5462,39.5133],[26.8043,39.5672],[26.9575,39.5483],[26.9262,39.4765],[26.8535,39.4608],[26.7202,39.3372],[26.6022,39.2557],[26.7041,39.2505],[26.7079,39.1821],[26.7971,39.1296],[26.8708,39.056],[26.7898,39.0244],[26.7853,38.9403],[26.9368,38.9246],[27.0042,38.8848],[27.0349,38.8211],[26.9664,38.7699],[26.7095,38.6986],[26.6957,38.6408],[26.8288,38.583],[26.8197,38.5273],[26.9974,38.4001],[26.7425,38.2784],[26.5274,38.4182],[26.4687,38.4448],[26.3916,38.2191],[26.3932,38.1044],[26.5123,38.0663],[26.6793,38.1049],[26.9614,37.9461],[27.1398,37.8891],[27.1798,37.7744],[27.1411,37.6469],[27.1226,37.4939],[27.1604,37.3601],[27.3646,37.3286],[27.4925,37.2397],[27.5256,37.1314],[27.2686,37.0417],[27.3081,36.9207],[27.5535,36.9148],[27.9988,36.9094],[28.051,36.833],[27.9419,36.7563],[27.9119,36.6989],[28.0142,36.5272],[28.2669,36.7124],[28.4698,36.7383],[28.8135,36.5352],[29.0023,36.6948],[29.2982,36.1731],[29.4719,36.0907],[29.662,36.0783],[30.1661,36.1876],[30.2799,36.1178],[30.3949,36.118],[30.4728,36.1883],[30.4967,36.373],[30.5401,36.647],[30.5936,36.7617],[30.9053,36.7942],[31.3707,36.7123],[31.902,36.4969],[32.335,36.1284],[32.6403,36.008],[32.9041,35.9767],[33.1713,35.9709],[33.4817,36.0543],[33.7532,36.1466],[33.8337,36.0706],[33.8359,36.1073],[33.891,36.1388],[33.9541,36.1598],[33.9517,36.2516],[34.1032,36.3803],[34.4851,36.6268],[34.6624,36.6478],[34.8699,36.5769],[35.0714,36.4877],[35.2205,36.388],[35.3542,36.4142],[35.3887,36.4536],[35.4171,36.4326],[35.4946,36.4431],[35.5476,36.5402],[35.5062,36.5586],[35.5676,36.5874],[35.6717,36.6058],[35.8909,36.7711],[35.9568,36.7475],[36.0824,36.6215],[36.1045,36.5612],[36.0953,36.4825],[35.8172,36.301],[35.7086,36.2122],[35.6649,36.1335],[35.7185,36.0916],[35.8291,35.8848],[35.8559,35.8345],[35.7395,35.6903],[35.6914,35.685],[35.7332,35.5854],[35.6804,35.5277],[35.664,35.4595],[35.6073,35.4175],[35.7964,35.2707],[35.8414,35.0426],[35.8089,35.0138],[35.7508,34.7468],[35.8519,34.4929],[35.8731,34.4223],[35.821,34.3438],[35.7162,34.3124],[35.5321,34.1187],[35.5244,33.9748],[35.4919,33.8308],[35.4299,33.7445],[35.3486,33.7445],[35.3561,33.6398],[35.2084,33.3336],[35.1323,33.2315],[35.089,33.0693],[34.972,32.9384],[34.9591,32.7967],[34.9566,32.7048],[34.895,32.6628],[34.8429,32.6707],[34.7585,32.3007],[34.6813,32.046],[34.5991,31.8179],[34.5007,31.6211],[34.1953,31.2381],[34.1463,31.2086],[33.917,31.0701],[33.7096,30.9957],[33.5576,30.9677],[33.2546,31.0265],[33.1296,31.0517],[33.0214,31.1321],[32.7687,30.9516],[32.5972,30.9639],[32.3094,31.084],[32.0765,31.0137],[31.8081,31.1783],[31.7174,31.3878],[31.3923,31.4443],[31.1514,31.4437],[30.996,31.4689],[30.8271,31.4367],[30.4761,31.3153],[30.0991,31.2319],[29.6831,31.0532],[29.3594,30.8111],[29.2488,30.7537],[28.9664,30.7848],[28.5172,30.9618],[28.0998,30.9991],[27.9194,30.9987],[27.7633,31.1826],[27.4388,31.2518],[27.0881,31.3067],[26.824,31.3586],[26.1433,31.4906],[25.7895,31.4898],[25.5072,31.4448],[25.2582,31.4379],[26.0048,30.7076],[29.4257,22.6638],[30.3464,22.1114],[30.6686,21.9181],[31.6166,21.2954]]]]},"properties":{"NAME":"Ottoman Empire","SUBJECTO":"Ottoman Empire","PARTOF":"Ottoman Empire","BORDERPRECISION":3,"LINK":null}},
{"type":"Feature","geometry":{"type":"MultiPolygon","coordinates":[[[[-61.7525,11.9964],[-61.7469,11.9975],[-61.7175,12.0039],[-61.6833,12.0161],[-61.6514,12.0292],[-61.6425,12.0342],[-61.6317,12.0442],[-61.6286,12.0481],[-61.6111,12.0794],[-61.5964,12.1256],[-61.5997,12.1867],[-61.6047,12.2206],[-61.6064,12.2242],[-61.61,12.2278],[-61.6119,12.2311],[-61.6175,12.2328],[-61.6475,12.2375],[-61.6531,12.2378],[-61.6586,12.2367],[-61.6758,12.2278],[-61.6867,12.2181],[-61.7075,12.1969],[-61.7247,12.1722],[-61.7897,12.0092],[-61.7872,12.0047],[-61.7836,12.0014],[-61.7802,12],[-61.7525,11.9964]]],[[[-61.5856,12.2944],[-61.58,12.2956],[-61.5742,12.3036],[-61.5725,12.3089],[-61.5722,12.3158],[-61.5739,12.3208],[-61.5789,12.3231],[-61.5833,12.3192],[-61.5856,12.3144],[-61.5889,12.3036],[-61.5892,12.2981],[-61.5856,12.2944]]],[[[-61.4917,12.435],[-61.4283,12.4536],[-61.4253,12.4575],[-61.4186,12.495],[-61.4194,12.5075],[-61.4206,12.5128],[-61.4256,12.5269],[-61.4275,12.5289],[-61.4344,12.5292],[-61.4908,12.4789],[-61.4939,12.475],[-61.4956,12.4694],[-61.4969,12.4436],[-61.4956,12.4381],[-61.4917,12.435]]],[[[-59.5433,13.0675],[-59.5331,13.0506],[-59.5103,13.055],[-59.5,13.0594],[-59.4644,13.0856],[-59.4567,13.0922],[-59.4503,13.0994],[-59.4447,13.1081],[-59.4394,13.1167],[-59.4303,13.1353],[-59.4272,13.1469],[-59.4269,13.1539],[-59.4292,13.165],[-59.4375,13.1708],[-59.4422,13.1731],[-59.4636,13.1803],[-59.47,13.1811],[-59.4794,13.1858],[-59.5131,13.2086],[-59.5211,13.2144],[-59.545,13.2397],[-59.5517,13.2469],[-59.5545,13.2511],[-59.5594,13.2594],[-59.5653,13.2742],[-59.5661,13.2797],[-59.5694,13.2903],[-59.5736,13.2992],[-59.5911,13.3297],[-59.5958,13.3319],[-59.6125,13.3369],[-59.6197,13.3372],[-59.6311,13.335],[-59.6411,13.3314],[-59.6447,13.3281],[-59.6508,13.3203],[-59.6531,13.3156],[-59.6583,13.2992],[-59.6594,13.2878],[-59.6433,13.1492],[-59.6422,13.1436],[-59.6286,13.1033],[-59.6256,13.0997],[-59.6114,13.0858],[-59.6078,13.0825],[-59.6033,13.08],[-59.5711,13.0758],[-59.5475,13.0706],[-59.5433,13.0675]]],[[[-61.4439,12.5844],[-61.4169,12.5903],[-61.4053,12.5992],[-61.4031,12.6039],[-61.407,12.6069],[-61.4125,12.6086],[-61.4258,12.6125],[-61.4378,12.6125],[-61.4433,12.6111],[-61.4464,12.6072],[-61.4542,12.5939],[-61.4522,12.5903],[-61.4486,12.5869],[-61.4439,12.5844]]],[[[-61.3325,12.6867],[-61.3281,12.6878],[-61.3208,12.6942],[-61.3147,12.7022],[-61.3058,12.7142],[-61.305,12.7203],[-61.3058,12.7258],[-61.3106,12.735],[-61.3236,12.7375],[-61.3267,12.7364],[-61.3297,12.7325],[-61.3478,12.7017],[-61.3478,12.6989],[-61.3364,12.6894],[-61.3325,12.6867]]],[[[-61.2394,12.975],[-61.2167,12.9981],[-61.2136,13.0022],[-61.1972,13.0336],[-61.1997,13.0447],[-61.2061,13.0428],[-61.2281,13.0233],[-61.2522,12.9886],[-61.2475,12.9808],[-61.2394,12.975]]],[[[-61.1844,13.1303],[-61.1731,13.1325],[-61.1681,13.1344],[-61.165,13.1383],[-61.1481,13.1678],[-61.13,13.2203],[-61.1242,13.2428],[-61.1233,13.2489],[-61.1203,13.3075],[-61.1222,13.3256],[-61.1236,13.3311],[-61.1411,13.3742],[-61.1439,13.3783],[-61.1772,13.3842],[-61.1825,13.3822],[-61.2053,13.3708],[-61.2089,13.3678],[-61.2656,13.2731],[-61.2781,13.2503],[-61.2814,13.2078],[-61.2789,13.2036],[-61.2631,13.1783],[-61.2436,13.1561],[-61.1844,13.1303]]],[[[-60.9547,13.7094],[-60.9514,13.71],[-60.9383,13.7178],[-60.9003,13.7783],[-60.89,13.8236],[-60.8861,13.8481],[-60.8853,13.8542],[-60.8781,13.9567],[-60.8786,13.9758],[-60.8881,14.0131],[-60.9145,14.0997],[-60.9158,14.1025],[-60.9197,14.1056],[-60.9303,14.1094],[-60.9364,14.1092],[-60.9458,14.1047],[-61.0117,14.0097],[-61.035,13.9697],[-61.075,13.8969],[-61.0794,13.88],[-61.0797,13.8733],[-61.075,13.8081],[-61.0744,13.8019],[-61.0728,13.7969],[-61.0675,13.7886],[-61.0506,13.7706],[-61.0392,13.7614],[-61.0261,13.7525],[-61.0144,13.75],[-61.0014,13.7508],[-60.995,13.7497],[-60.9864,13.7444],[-60.9681,13.7281],[-60.9561,13.715],[-60.9547,13.7094]]],[[[-64.8417,18.3125],[-64.8358,18.3131],[-64.8331,18.3175],[-64.832,18.3244],[-64.8345,18.3289],[-64.847,18.3386],[-64.9039,18.3647],[-64.95,18.3753],[-64.9767,18.3778],[-65.0242,18.3672],[-65.0269,18.3628],[-65.0261,18.3569],[-65.0183,18.3506],[-65.0119,18.3492],[-64.9794,18.3469],[-64.9286,18.3386],[-64.9231,18.3364],[-64.8864,18.3167],[-64.8781,18.3106],[-64.8417,18.3125]]],[[[-64.6653,18.3322],[-64.6611,18.3353],[-64.6583,18.3397],[-64.6645,18.3475],[-64.6683,18.3508],[-64.7086,18.3706],[-64.7319,18.3719],[-64.7392,18.3708],[-64.7442,18.3686],[-64.782,18.3431],[-64.79,18.3369],[-64.7903,18.3308],[-64.7881,18.3264],[-64.7747,18.3178],[-64.7692,18.3158],[-64.7045,18.3075],[-64.6653,18.3322]]],[[[-64.7619,17.7742],[-64.7664,17.7831],[-64.7695,17.7869],[-64.7733,17.79],[-64.787,17.7925],[-64.797,17.7889],[-64.8114,17.7747],[-64.8156,17.7719],[-64.8186,17.7681],[-64.8269,17.7622],[-64.832,17.7608],[-64.8381,17.7603],[-64.8445,17.7617],[-64.862,17.7708],[-64.8645,17.7744],[-64.8708,17.7747],[-64.8797,17.7697],[-64.8825,17.765],[-64.8864,17.7622],[-64.89,17.7583],[-64.8917,17.7525],[-64.8908,17.7467],[-64.8831,17.7339],[-64.88,17.7239],[-64.882,17.7103],[-64.8889,17.6869],[-64.892,17.6825],[-64.8958,17.6794],[-64.8961,17.6767],[-64.8775,17.6856],[-64.8722,17.6869],[-64.8681,17.6897],[-64.8625,17.6892],[-64.8586,17.6858],[-64.8522,17.6844],[-64.8431,17.6889],[-64.8336,17.6833],[-64.8283,17.6833],[-64.8231,17.6847],[-64.8156,17.6917],[-64.8045,17.6936],[-64.7886,17.6978],[-64.7769,17.6992],[-64.7631,17.6981],[-64.7578,17.6994],[-64.7444,17.7067],[-64.7389,17.7081],[-64.7264,17.7053],[-64.7142,17.7042],[-64.692,17.7083],[-64.6683,17.7108],[-64.6442,17.7217],[-64.6281,17.7258],[-64.6189,17.7303],[-64.6108,17.7361],[-64.6006,17.7472],[-64.5958,17.7494],[-64.5906,17.7494],[-64.5781,17.7464],[-64.5642,17.7453],[-64.5603,17.7483],[-64.5608,17.7539],[-64.565,17.7572],[-64.5703,17.7594],[-64.5767,17.7608],[-64.5903,17.7619],[-64.61,17.7622],[-64.6381,17.7653],[-64.6578,17.7692],[-64.6631,17.7678],[-64.6745,17.7581],[-64.6839,17.7539],[-64.6872,17.75],[-64.6897,17.7447],[-64.6967,17.7456],[-64.7092,17.755],[-64.722,17.7581],[-64.7297,17.7644],[-64.7358,17.7722],[-64.7414,17.7742],[-64.7533,17.7731],[-64.7586,17.7717],[-64.7619,17.7742]]],[[[-77.2908,17.806],[-77.1523,17.8635],[-77.0503,17.9781],[-76.8055,18.0041],[-76.4677,17.8713],[-76.3186,17.9034],[-76.3007,17.9924],[-76.4264,18.1193],[-76.7192,18.2394],[-77.1559,18.3974],[-77.7695,18.5105],[-78.0864,18.478],[-78.3249,18.3504],[-78.2611,18.2552],[-78.0518,18.2175],[-77.8405,18.0527],[-77.7373,17.9321],[-77.4253,17.8311],[-77.2908,17.806]]],[[[-83.2964,14.615],[-83.8582,14.1846],[-84.095,12.5276],[-83.9001,11.8883],[-83.8831,12.1222],[-83.7982,12.4529],[-83.6881,12.9616],[-83.7073,13.3683],[-83.6624,13.7053],[-83.418,14.0681],[-83.3219,14.3861],[-83.2964,14.615]]],[[[-88.3205,18.4944],[-88.5168,18.4872],[-88.5969,18.2861],[-88.8667,17.9006],[-89.0404,18.0222],[-89.1656,17.9793],[-89.1543,17.8312],[-89.2511,15.8975],[-88.9408,15.9046],[-88.9408,16.0334],[-88.7661,16.1407],[-88.7418,16.2695],[-88.5798,16.2838],[-88.4445,16.4412],[-88.2834,16.8347],[-88.2419,17.0135],[-88.327,17.1566],[-88.2205,17.5143],[-88.3004,17.6354],[-88.1119,18.1939],[-88.1237,18.3871],[-88.3992,18.309],[-88.3205,18.4944]]]]},"properties":{"NAME":"United Kingdom","SUBJECTO":"UK","PARTOF":"United Kingdom","BORDERPRECISION":3,"LINK":null}},
{"type":"Feature","geometry":{"type":"MultiPolygon","coordinates":[[[[120.3636,14.5309],[120.4714,14.8043],[120.7064,14.7286],[120.8966,14.5511],[121.2172,14.4184],[121.2854,14.3424],[121.105,14.253],[120.9438,14.2908],[120.7986,14.3858],[120.5106,14.112],[120.5985,13.9216],[120.8645,13.757],[121.0094,13.6557],[121.1871,13.6815],[121.2497,13.7134],[121.3317,13.8279],[121.4862,13.8918],[121.6249,13.8984],[122.0673,13.6516],[122.3941,13.3029],[122.492,13.4302],[122.3253,13.7792],[122.3693,13.881],[122.4854,13.8812],[122.8242,13.6215],[123.0937,13.3806],[123.197,13.2411],[123.239,13.0252],[123.4212,12.9811],[123.677,12.8927],[123.8189,12.9756],[123.3976,13.5274],[123.4914,13.6229],[123.6612,13.6931],[123.7369,13.7632],[123.7019,13.8203],[123.6385,13.8329],[123.3592,13.953],[123.1318,13.692],[122.9851,13.7298],[122.8563,13.8883],[122.7762,14.174],[122.6746,14.2691],[122.4865,14.3195],[122.3974,14.3066],[122.1793,14.0648],[122.1066,13.9185],[121.9735,13.95],[121.7704,14.0956],[121.7288,14.1083],[121.6116,14.3875],[121.4568,14.8827],[121.2993,15.2127],[121.2422,15.3078],[121.3682,15.4987],[121.4036,15.7528],[121.4023,15.8735],[121.439,15.9181],[121.6886,16.0584],[122.064,16.3323],[122.2033,16.5422],[122.3956,17.1143],[122.3136,17.2602],[122.0703,17.4376],[122.0074,17.7932],[122.0278,18.0092],[122.1472,18.2063],[122.139,18.3842],[122.0496,18.4475],[121.9247,18.371],[121.8398,18.2756],[121.5808,18.2941],[121.0364,18.5279],[120.8004,18.5528],[120.6489,18.489],[120.5644,18.4316],[120.3931,18.0438],[120.3598,17.7579],[120.323,17.3703],[120.3115,17.0718],[120.2466,16.8747],[120.2581,16.6143],[120.3034,16.4175],[120.2931,16.2332],[120.2021,16.0425],[119.762,16.3591],[119.6814,16.1875],[119.813,15.9781],[119.7887,15.6604],[119.7718,15.4698],[119.9717,14.9049],[120.3051,14.5753],[120.3636,14.5309]]],[[[121.094,12.2011],[121.1773,12.3982],[121.2736,12.5255],[121.3168,12.7416],[121.3045,13.129],[121.1807,13.3321],[121.0392,13.408],[120.6486,13.4135],[120.3405,13.3874],[120.547,13.1528],[120.711,12.6513],[120.7337,12.5497],[120.8908,12.3658],[121.094,12.2011]]],[[[125.3231,11.1239],[125.3984,11.1494],[125.4487,11.2067],[125.3331,11.5622],[125.2777,11.9242],[125.2464,12.2926],[125.1191,12.4766],[124.9521,12.527],[124.4945,12.4625],[124.264,12.4176],[124.3304,12.2081],[124.6281,11.9927],[124.8755,11.8344],[124.9166,11.6439],[124.8542,11.4913],[124.8833,11.4342],[124.9898,11.3582],[125.07,11.244],[125.3231,11.1239]]],[[[121.873,10.4684],[122.2973,10.6472],[122.7062,10.9403],[122.7887,11.0295],[122.8968,11.1504],[122.9324,11.3284],[122.9199,11.5253],[122.635,11.4421],[122.4702,11.4544],[122.2106,11.5809],[121.9936,11.7583],[121.9663,11.231],[121.8831,10.6273],[121.873,10.4684]]],[[[118.8646,10.0236],[119.0338,10.1256],[119.217,10.2911],[119.5155,10.4506],[119.5643,10.5016],[119.4689,10.7555],[119.3445,11.003],[119.4167,11.1302],[119.3539,11.2126],[119.207,11.1297],[119.1452,10.9009],[119.1081,10.6276],[118.9892,10.3923],[118.8478,10.2141],[118.7566,10.1694],[118.6997,10.0359],[118.8646,10.0236]]],[[[122.9416,9.0476],[123.0371,9.0669],[123.133,9.2513],[123.0366,9.4608],[122.9622,9.594],[123.1044,10.2296],[123.1443,10.3314],[123.3121,10.7383],[123.2903,10.8654],[123.2391,10.9224],[123.1176,10.9349],[122.9202,10.8518],[122.7007,10.0318],[122.6021,9.9109],[122.3475,9.8151],[122.3031,9.6498],[122.3956,9.4784],[122.7686,9.2124],[122.9416,9.0476]]],[[[117.2706,8.4508],[117.4441,8.6355],[117.7101,8.7123],[117.8571,8.8333],[117.9672,9.1131],[118.0442,9.1704],[118.2763,9.2662],[118.3845,9.3491],[118.5046,9.4828],[118.5577,9.6735],[118.5081,9.9211],[118.0885,9.431],[117.8021,9.208],[117.5359,9.0486],[117.3788,8.8958],[117.2245,8.6858],[117.1278,8.4696],[117.2706,8.4508]]],[[[126.0452,6.6082],[126.1946,6.8881],[126.3217,7.1488],[126.372,7.3396],[126.3727,7.5365],[126.2799,7.7333],[126.2545,8.0445],[126.3063,8.2353],[126.2719,8.4258],[126.03,8.3808],[125.9232,8.4822],[126.0746,8.8129],[126.0371,8.959],[125.9339,9.1748],[125.6138,9.5362],[125.4281,9.7836],[125.3623,9.6246],[125.4395,9.3706],[125.461,9.053],[125.4013,8.9512],[125.2248,8.9953],[125.1326,8.9316],[124.9909,8.7153],[124.8721,8.9247],[124.7416,8.918],[124.6706,8.4287],[124.5872,8.4666],[124.3716,8.5615],[124.2104,8.4467],[124.1172,8.1924],[124.0239,8.1096],[123.8055,8.0837],[123.6628,8.0135],[123.6169,8.3375],[123.4859,8.496],[123.1358,8.4508],[122.8888,8.3422],[122.7965,8.2722],[122.7363,8.0624],[122.638,8.005],[122.384,7.9854],[122.2117,7.9024],[122.0937,7.7751],[122.0105,7.5335],[121.8488,7.1964],[121.8245,7.0565],[121.8399,6.9676],[121.8936,6.9105],[121.9919,6.8726],[122.2283,7.2607],[122.4552,7.6932],[122.6351,7.7826],[122.7133,7.6748],[122.7254,7.4524],[123.023,7.4784],[123.2479,7.5933],[123.3062,7.6951],[123.3337,7.7714],[123.465,7.7907],[123.8153,7.6581],[124.0248,7.4743],[124.0736,7.2584],[123.8642,6.8513],[123.8806,6.5654],[123.9735,6.3369],[124.2241,6.0896],[124.7253,5.8111],[124.803,5.7859],[124.9658,6.0848],[125.1295,6.0534],[125.1635,5.9074],[125.0728,5.7229],[125.152,5.6024],[125.2893,5.4883],[125.4615,5.7174],[125.5329,5.9399],[125.466,6.2448],[125.3913,6.4225],[125.2804,6.5938],[125.4432,6.9627],[125.6146,7.2363],[125.7478,7.1857],[125.9108,6.8493],[125.9546,6.6525],[126.0452,6.6082]]]]},"properties":{"NAME":"Philippines","SUBJECTO":"Philippines","PARTOF":"Philippines","BORDERPRECISION":3,"LINK":null}},
{"type":"Feature","geometry":{"type":"MultiPolygon","coordinates":[[[[-67.152,17.9865],[-66.9056,17.9362],[-66.7464,18.0128],[-66.4509,18.0452],[-66.1184,18.0078],[-65.9674,18.0272],[-65.84,18.1292],[-65.8085,18.1737],[-65.7241,18.3328],[-65.775,18.3963],[-65.9515,18.4722],[-66.6288,18.5216],[-66.8106,18.5148],[-67.0552,18.5461],[-67.161,18.5141],[-67.2106,18.4377],[-67.1617,18.3297],[-67.1846,18.0818],[-67.152,17.9865]]],[[[-1.9146,43.3054],[-2.0656,43.3333],[-2.3674,43.3262],[-2.7684,43.5379],[-3.0072,43.5503],[-3.196,43.4469],[-3.417,43.3757],[-3.8476,43.4392],[-4.1102,43.4515],[-4.8023,43.4694],[-5.2249,43.5072],[-5.5374,43.5775],[-5.8205,43.7057],[-5.9797,43.7054],[-6.208,43.6405],[-6.4676,43.5627],[-6.808,43.5234],[-7.1513,43.5549],[-7.6363,43.7214],[-7.9795,43.7401],[-8.2202,43.6172],[-8.2507,43.4304],[-8.3104,43.353],[-8.5957,43.3396],[-8.8492,43.3262],[-9.0136,43.2809],[-9.1975,43.1582],[-9.2708,43.0487],[-9.2469,42.9008],[-9.1731,42.8559],[-8.9417,42.8242],[-8.805,42.6316],[-8.6441,42.4197],[-8.7986,42.1945],[-8.8605,42.0145],[-8.8061,41.8892],[-8.405,42.0021],[-8.1573,42.087],[-7.9186,41.8892],[-7.0984,41.868],[-6.8595,41.9849],[-6.7087,41.96],[-6.5861,41.8579],[-6.5184,41.7491],[-6.1395,41.5264],[-6.1115,41.4175],[-6.2411,41.3205],[-6.7966,41.0928],[-6.8344,41.0605],[-6.8572,40.8616],[-6.8249,40.6566],[-6.8842,40.214],[-6.8587,39.7919],[-6.8783,39.7024],[-7.0842,39.5991],[-7.3013,39.5787],[-7.431,39.5205],[-7.2114,39.2982],[-7.0069,39.0503],[-6.9334,38.9613],[-7.0894,38.7945],[-7.3173,38.4996],[-7.3939,38.295],[-7.0281,38.2396],[-6.8448,38.1002],[-7.2425,37.8109],[-7.3514,37.6444],[-7.488,37.2164],[-7.4915,37.2082],[-7.2278,37.2259],[-7.0101,37.1653],[-6.948,37.1493],[-6.6322,37.0218],[-6.4217,36.7922],[-6.5005,36.7188],[-6.444,36.6232],[-6.2889,36.5722],[-6.305,36.4542],[-6.2045,36.2821],[-5.85,36.0717],[-5.6606,36.008],[-5.4855,36.0654],[-5.4879,36.1737],[-5.4571,36.1674],[-5.4243,36.0717],[-5.3867,36.11],[-5.3742,36.2375],[-5.2167,36.4096],[-4.7573,36.4861],[-4.4466,36.722],[-2.9698,36.7411],[-2.9153,36.6901],[-2.7615,36.6901],[-2.6243,36.8113],[-2.3551,36.8241],[-2.2388,36.7284],[-1.9405,36.9516],[-1.8169,37.2925],[-1.6257,37.4395],[-1.3646,37.5484],[-0.9183,37.5703],[-0.8026,37.615],[-0.8723,37.7598],[-0.6647,38.1766],[-0.5641,38.2149],[-0.4352,38.4303],[-0.2037,38.544],[-0.107,38.5915],[0.1726,38.7383],[0.1261,38.8214],[-0.1657,38.9541],[-0.2037,39.0127],[-0.2359,39.0624],[-0.3948,39.4345],[-0.2845,39.6368],[-0.2037,39.7994],[-0.1606,39.886],[0.2379,40.2402],[0.5051,40.5928],[0.7876,40.6569],[0.8271,40.7274],[0.7098,40.7851],[0.7338,40.875],[0.8792,41.0217],[1.3112,41.1573],[1.6098,41.2092],[2.0807,41.2985],[2.2006,41.4461],[2.6283,41.6195],[3.1289,41.8572],[3.1566,42.0757],[3.0863,42.1207],[3.0865,42.3291],[3.0871,42.3686],[2.9365,42.4096],[2.5993,42.3481],[2.5815,42.2867],[2.3632,42.2935],[2.1711,42.3823],[1.9937,42.3072],[1.8761,42.314],[1.8601,42.3823],[1.7092,42.4233],[1.6166,42.4096],[1.4482,42.3755],[1.3644,42.4096],[1.3487,42.5395],[1.3075,42.6352],[0.7442,42.7719],[0.5841,42.7719],[0.5919,42.6283],[0.3478,42.6352],[0.1963,42.6078],[0.1796,42.6625],[-0.1656,42.6488],[-0.2037,42.7003],[-0.2161,42.7172],[-0.4099,42.7856],[-0.4688,42.7514],[-0.5868,42.7651],[-0.612,42.7309],[-0.84,42.9087],[-0.9074,42.8813],[-1.3973,43.0318],[-1.4476,42.9839],[-1.5151,42.9976],[-1.5577,43.0454],[-1.4657,43.1549],[-1.4914,43.2096],[-1.7024,43.1959],[-1.9146,43.3054]]],[[[-82.0406,22.3853],[-82.1772,22.3659],[-81.7923,22.2078],[-81.5723,22.1638],[-81.0532,22.1331],[-80.7765,22.1019],[-80.4442,21.9945],[-80.014,21.773],[-79.7345,21.6719],[-79.3581,21.6091],[-78.9059,21.6291],[-78.7279,21.6168],[-78.6296,21.5471],[-78.5136,21.3058],[-78.4504,20.969],[-78.1574,20.8171],[-77.8863,20.7668],[-77.5712,20.7675],[-77.2912,20.7045],[-77.2099,20.6475],[-77.0987,20.5333],[-77.1766,20.3551],[-77.5041,20.0748],[-77.663,19.9028],[-77.4608,19.8714],[-77.2432,19.8846],[-76.8187,19.9364],[-76.3985,20.0199],[-75.9934,20.0017],[-75.5191,19.9074],[-75.2372,19.9334],[-74.7196,20.1125],[-74.2782,20.1515],[-74.1734,20.1899],[-74.3448,20.323],[-74.6108,20.4496],[-74.8391,20.6207],[-75.0619,20.6965],[-75.4019,20.664],[-75.6537,20.6825],[-75.7585,20.7522],[-75.6039,21.0132],[-75.7509,21.1209],[-76.2089,21.1962],[-76.9758,21.4298],[-77.1913,21.4484],[-77.3398,21.5117],[-77.5078,21.7592],[-77.7118,21.8986],[-78.1706,22.1201],[-78.7233,22.2779],[-79.069,22.328],[-79.3304,22.4037],[-79.5022,22.5178],[-79.76,22.7588],[-79.9846,22.8791],[-80.199,22.885],[-80.4497,22.9353],[-80.7212,23.0237],[-81.1026,23.0611],[-81.4311,23.1367],[-81.6857,23.117],[-82.0568,23.1353],[-82.4356,23.0646],[-82.9593,23.0254],[-83.6904,22.814],[-84.2564,22.5395],[-84.308,22.4949],[-84.4347,22.323],[-84.3772,22.0561],[-84.5899,21.9158],[-84.7064,21.7696],[-84.3525,21.8083],[-84.2086,21.8276],[-84.0305,21.9551],[-83.9453,22.1587],[-83.8506,22.2098],[-83.5567,22.2104],[-83.3897,22.2235],[-82.8527,22.6378],[-82.5624,22.7084],[-82.3387,22.6898],[-82.0456,22.6967],[-81.8798,22.6717],[-81.7394,22.6211],[-81.6626,22.5068],[-82.0406,22.3853]]],[[[-71.8953,18.614],[-71.677,18.0025],[-71.5307,17.7547],[-71.4008,17.7041],[-71.2165,17.9969],[-71.0615,18.3468],[-70.7654,18.4937],[-70.6955,18.5192],[-70.621,18.5067],[-70.4774,18.2845],[-70.2992,18.2595],[-69.956,18.5017],[-69.808,18.5465],[-69.6401,18.5469],[-69.5107,18.5027],[-69.156,18.5289],[-68.9859,18.5102],[-68.772,18.2437],[-68.6647,18.1994],[-68.5234,18.365],[-68.4588,18.4986],[-68.3729,18.575],[-68.4771,18.7147],[-68.6568,18.8732],[-69.0688,19.0757],[-69.3582,19.1704],[-69.5091,19.2082],[-69.7466,19.3539],[-69.8975,19.5062],[-69.9934,19.6839],[-70.2892,19.6515],[-70.7389,19.7904],[-70.8187,19.8411],[-70.8816,19.9299],[-71.0474,19.9105],[-71.2203,19.8339],[-71.3739,19.8335],[-71.5506,19.8967],[-71.7771,19.771],[-71.7692,19.537],[-71.7254,18.9903],[-71.7201,18.8949],[-71.8906,18.6903],[-71.8953,18.614]]]]},"properties":{"NAME":"Spain","SUBJECTO":"Spain","PARTOF":"Spain","BORDERPRECISION":3,"LINK":null}},
{"type":"Feature","geometry":{"type":"Polygon","coordinates":[[[44.6722,-16.2356],[44.4544,-16.2424],[44.4514,-16.7254],[44.378,-16.9226],[44.215,-17.1899],[43.9825,-17.5018],[43.9716,-17.5527],[44.0758,-17.8766],[44.107,-18.099],[44.1595,-18.4039],[44.3942,-18.7911],[44.2809,-19.0202],[44.251,-19.1028],[44.4105,-19.2678],[44.5357,-19.3692],[44.5854,-19.528],[44.5171,-20.0239],[44.4703,-20.1701],[44.1617,-20.6983],[43.8165,-21.3156],[43.6032,-21.3986],[43.501,-21.4942],[43.3248,-22.1111],[43.2913,-22.4098],[43.3764,-22.6321],[43.6554,-23.051],[43.7847,-23.2668],[43.8271,-23.4129],[43.6717,-23.9026],[43.6714,-24.2268],[43.7272,-24.3538],[43.9342,-24.5186],[43.981,-24.6266],[43.9898,-24.8808],[44.0368,-24.9887],[44.4253,-25.3121],[44.5464,-25.3372],[44.713,-25.3051],[44.9585,-25.3872],[45.0468,-25.4506],[45.2105,-25.66],[45.5762,-25.6211],[45.7895,-25.4109],[46.2391,-25.2637],[46.8551,-25.218],[46.9455,-25.1669],[47.1738,-24.8804],[47.2585,-24.7658],[47.4916,-24.0598],[48.0874,-22.0438],[48.6517,-20.3392],[49.0231,-19.1817],[49.3419,-18.2276],[49.4228,-17.8016],[49.4046,-17.4012],[49.4247,-17.1978],[49.7603,-16.7458],[49.8982,-16.4595],[49.8628,-16.2817],[49.685,-16.0469],[49.5977,-15.653],[49.6203,-15.4623],[49.7538,-15.3985],[50.0036,-15.7348],[50.0885,-15.8998],[50.1873,-15.9568],[50.4293,-15.594],[50.4551,-15.5495],[50.4863,-15.4795],[50.5033,-15.3142],[50.4301,-15.1047],[50.2544,-14.7745],[50.1502,-14.4189],[50.1085,-14.1202],[49.9762,-13.3007],[49.8805,-12.9196],[49.8172,-12.8307],[49.5418,-12.7042],[49.3366,-12.4123],[49.1763,-12.2665],[48.9348,-12.4767],[48.9334,-12.5784],[48.9933,-12.7372],[48.9175,-13.0487],[48.8572,-13.2522],[48.7513,-13.4177],[48.4397,-13.6535],[48.3496,-13.838],[48.2236,-13.7938],[48.11,-13.597],[48.0573,-13.5654],[47.9425,-13.5847],[47.9155,-13.7373],[48.049,-14.131],[47.9717,-14.2837],[47.8504,-14.3158],[47.7412,-14.3096],[47.699,-14.4432],[47.8125,-14.6273],[47.8837,-14.7161],[47.6329,-14.9836],[47.5295,-14.9583],[47.4263,-14.8251],[47.1993,-15.0163],[47.1061,-15.1436],[47.2446,-15.3657],[47.0695,-15.4614],[46.9246,-15.36],[46.7344,-15.4494],[46.3875,-15.6917],[46.4644,-15.8568],[46.4192,-15.9395],[46.2819,-15.9525],[46.1423,-15.8257],[45.7323,-15.8901],[45.5546,-16.0557],[45.4335,-16.0941],[45.2778,-16.05],[45.1969,-16.0374],[44.9174,-16.2033],[44.6722,-16.2356]],[[48.0147,-17.0228],[48.4882,-19.4493],[48.4882,-20.0411],[47.1862,-23.1186],[46.0025,-23.5921],[45.529,-23.5921],[45.2923,-22.6452],[46.6535,-17.733],[47.4821,-16.9044],[48.0147,-17.0228]]]},"properties":{"NAME":"Madagascar","SUBJECTO":"Madagascar","PARTOF":"Madagascar","BORDERPRECISION":3,"LINK":null}},
{"type":"Feature","geometry":{"type":"MultiPolygon","coordinates":[[[[175.3077,-37.321],[175.2466,-37.2938],[175.2352,-37.2307],[175.2493,-37.1675],[175.3009,-37.1359],[175.2008,-37.0727],[175.0991,-37.0727],[174.9801,-37.0833],[174.8874,-37.0622],[174.9283,-36.9675],[174.7824,-36.8938],[174.6448,-36.8306],[174.6471,-36.7675],[174.7395,-36.7885],[174.8411,-36.7885],[174.9727,-36.778],[174.8573,-36.6938],[174.7496,-36.536],[174.7064,-36.4623],[174.8238,-36.4833],[174.8155,-36.3886],[174.7869,-36.2834],[174.6289,-36.1572],[174.5251,-36.052],[174.4121,-35.9678],[174.3479,-35.9152],[174.4267,-35.9363],[174.5357,-35.9468],[174.4939,-35.8731],[174.5282,-35.7995],[174.609,-35.789],[174.5038,-35.6628],[174.3919,-35.5786],[174.2902,-35.4209],[174.3002,-35.3473],[174.2169,-35.3368],[174.1513,-35.4209],[174.0679,-35.4104],[174.073,-35.3473],[174.0152,-35.2316],[173.8918,-35.2001],[173.703,-35.1475],[173.4696,-35.0319],[173.3488,-35.0213],[173.3303,-35.0844],[173.2279,-35.0108],[173.1527,-34.9584],[173.0732,-34.8639],[172.9896,-34.7274],[173.0567,-34.6435],[173.0192,-34.5175],[172.9603,-34.5595],[172.7988,-34.5805],[172.7067,-34.5385],[172.6332,-34.5595],[172.7892,-34.675],[172.9598,-34.8639],[173.0485,-35.0424],[173.0701,-35.1265],[173.0644,-35.1896],[173.0462,-35.2526],[173.1667,-35.3683],[173.1665,-35.4209],[173.3993,-35.6733],[173.679,-36.0204],[173.9156,-36.3045],[174.0105,-36.4307],[174.0865,-36.4307],[174.0644,-36.3676],[173.8407,-36.1361],[173.788,-36.0309],[173.9186,-36.1046],[174.0698,-36.1887],[174.2007,-36.3466],[174.2658,-36.4833],[174.2201,-36.557],[174.4786,-36.8622],[174.6941,-37.157],[174.7647,-37.2965],[174.7281,-37.552],[174.9451,-37.9284],[174.9307,-38.1009],[174.7526,-38.2993],[174.7135,-38.4399],[174.7486,-38.753],[174.6547,-38.9833],[174.0299,-39.2914],[173.8413,-39.3621],[173.8048,-39.4197],[173.8547,-39.4963],[173.9921,-39.6112],[174.4331,-39.8149],[174.7,-39.8975],[174.8893,-39.9803],[175.2317,-40.2425],[175.3536,-40.3],[175.3674,-40.4539],[175.1884,-40.679],[175.0502,-40.981],[174.9207,-41.1547],[174.8954,-41.2961],[175.0022,-41.4438],[175.2137,-41.5848],[175.3653,-41.6616],[175.6711,-41.5196],[176.0114,-41.2553],[176.3922,-40.7792],[176.7965,-40.2714],[177.0875,-40.0399],[177.1557,-39.9502],[177.1566,-39.8542],[177.0421,-39.6178],[177.0238,-39.4452],[177.146,-39.3171],[177.3403,-39.2272],[177.6761,-39.2201],[177.8667,-39.2069],[177.9224,-39.1365],[177.9385,-38.8296],[178.2806,-38.8034],[178.4082,-38.7712],[178.589,-38.2148],[178.5995,-38.1254],[178.5692,-37.921],[178.4213,-37.8447],[178.2413,-37.8323],[177.8429,-37.9864],[177.5284,-38.2042],[177.3618,-38.2365],[177.1342,-38.1859],[176.3455,-37.8744],[176.1292,-37.7982],[176.0045,-37.3643],[175.8377,-37.0262],[175.6627,-36.95],[175.5579,-36.9438],[175.5347,-37.0715],[175.6436,-37.3075],[175.64,-37.4097],[175.3077,-37.321]]],[[[172.0627,-43.9231],[172.2212,-43.8518],[172.4406,-43.7933],[172.6673,-43.9263],[172.885,-43.8944],[173.0096,-43.8438],[172.82,-43.7136],[172.6276,-43.6923],[172.4405,-43.5094],[172.5624,-43.3931],[172.7374,-43.3218],[172.8439,-43.2055],[172.9764,-43.1472],[173.2365,-42.9856],[173.6271,-42.6498],[173.8413,-42.4883],[173.9586,-42.3078],[174.2335,-42.0112],[174.2036,-41.8891],[174.0692,-41.6959],[174.1582,-41.5162],[174.0585,-41.2914],[173.8933,-41.2403],[173.7015,-41.2536],[173.264,-41.5437],[173.1232,-41.4347],[173.0193,-41.075],[172.9353,-40.9917],[172.7837,-40.9649],[172.769,-40.8484],[172.6047,-40.774],[172.4374,-40.7531],[172.2071,-41.0445],[172.1479,-41.5781],[172.0868,-41.7068],[171.8866,-41.8294],[171.6255,-41.9457],[171.5955,-42.0141],[171.4584,-41.9929],[171.3836,-42.1907],[171.3491,-42.2873],[171.3984,-42.5125],[171.1968,-42.6482],[171.0771,-42.7128],[171.0806,-42.7901],[171.0241,-42.8869],[170.7249,-43.0679],[170.3709,-43.2169],[170.203,-43.2237],[169.987,-43.3595],[169.9569,-43.4821],[169.6488,-43.7408],[169.4791,-43.7863],[169.2346,-43.9481],[168.9138,-44.0972],[168.4157,-44.2209],[167.9667,-44.4802],[167.9208,-44.616],[167.6686,-44.7845],[167.521,-44.9529],[167.2648,-45.0634],[167.1375,-45.1998],[167.1643,-45.3295],[167.2549,-45.4267],[167.3181,-45.5044],[167.2812,-45.5629],[166.8553,-45.4924],[166.8007,-45.5574],[167.0095,-45.8167],[166.6403,-45.6971],[166.8439,-45.9145],[166.699,-45.9148],[166.5511,-45.9671],[166.6513,-46.0644],[166.457,-46.1041],[166.5228,-46.2327],[166.7541,-46.2756],[166.8505,-46.3501],[167.2016,-46.3078],[167.2291,-46.2323],[167.3376,-46.1684],[167.5475,-46.2121],[167.6205,-46.3507],[167.7884,-46.3808],[168.1541,-46.4516],[168.4173,-46.651],[168.6996,-46.6003],[169.2202,-46.7164],[169.3993,-46.7096],[169.6663,-46.5268],[169.9273,-46.4221],[170.0441,-46.3568],[170.1208,-46.2461],[170.4237,-46.0894],[170.6116,-45.9461],[170.707,-45.699],[170.8992,-45.2962],[171.0245,-45.0754],[170.8222,-44.9658],[170.6341,-44.8627],[171.0733,-44.9071],[171.1712,-44.9392],[171.2003,-44.7452],[171.1912,-44.6289],[171.2546,-44.5512],[171.0615,-44.3642],[170.9942,-44.2675],[171.0662,-44.2286],[171.3779,-44.3377],[171.4884,-44.2277],[171.6334,-44.1822],[171.7723,-44.0528],[172.0235,-43.9942],[172.0627,-43.9231]]]]},"properties":{"NAME":"M?ori","SUBJECTO":"M?ori","PARTOF":"M?ori","BORDERPRECISION":3,"LINK":null}},
{"type":"Feature","geometry":{"type":"Polygon","coordinates":[[[6.1085,50.1175],[6.2984,50.2869],[6.2814,50.4976],[6.1545,50.6618],[5.9996,50.7416],[5.6971,50.7307],[5.6968,50.8829],[5.7742,50.9264],[5.8239,51.1168],[5.4844,51.2856],[5.2437,51.2366],[5.1125,51.4055],[5.0101,51.4327],[4.9321,51.3782],[4.7914,51.4872],[4.6711,51.4055],[4.5331,51.4055],[4.3954,51.4109],[4.4067,51.3401],[4.173,51.3249],[3.9895,51.3437],[3.775,51.3877],[3.6813,51.3214],[3.472,51.3144],[3.2136,51.3536],[2.9953,51.3135],[2.5221,51.0911],[2.6157,50.8902],[2.7555,50.7392],[2.8751,50.6818],[2.9383,50.7138],[3.1228,50.8071],[3.1919,50.7307],[3.2828,50.5243],[3.3703,50.4646],[3.6034,50.47],[3.675,50.3344],[3.7915,50.3398],[4.0509,50.3181],[4.2196,50.2422],[4.1478,50.1337],[4.1885,50.0549],[4.1563,49.9658],[4.2846,49.911],[4.4675,49.9447],[4.6681,49.9604],[4.7549,50.1012],[4.8654,50.1337],[4.8116,49.9658],[4.8771,49.8848],[4.8599,49.7822],[5.0977,49.7607],[5.2513,49.6743],[5.4181,49.5826],[5.4754,49.4801],[5.7878,49.5587],[5.8235,49.5071],[5.8844,49.6635],[5.7451,49.7553],[5.7379,49.9025],[5.8338,50.0474],[5.9438,50.1138],[6.0074,50.15],[6.1085,50.1175]]]},"properties":{"NAME":"Austrian Netherlands","SUBJECTO":"Habsburg Austria","PARTOF":"Austrian Netherlands","BORDERPRECISION":3,"LINK":null}},
{"type":"Feature","geometry":{"type":"Polygon","coordinates":[[[-8.8061,41.8892],[-8.9207,41.767],[-8.8548,41.5969],[-8.8518,41.4078],[-8.6941,40.9922],[-8.9697,40.19],[-8.9156,40.1381],[-9.1179,39.644],[-9.2993,39.4177],[-9.4153,39.3667],[-9.3977,39.2304],[-9.4598,38.9531],[-9.549,38.7745],[-9.5224,38.6899],[-9.3616,38.6711],[-9.1758,38.7322],[-9.0408,38.9202],[-8.9608,38.8185],[-8.9419,38.7419],[-9.0692,38.643],[-9.2852,38.6195],[-9.2366,38.4174],[-9.0223,38.461],[-8.8537,38.4996],[-8.7889,38.436],[-8.8473,38.3846],[-8.823,38.2061],[-8.9328,37.9618],[-8.851,37.9102],[-8.8415,37.5251],[-9.0166,37.0698],[-8.9908,36.99],[-8.6671,37.1214],[-8.5411,37.0886],[-8.2802,37.0886],[-8.0336,37.0088],[-7.836,37.0323],[-7.6034,37.163],[-7.4915,37.2082],[-7.488,37.2164],[-7.3514,37.6444],[-7.2425,37.8109],[-6.8448,38.1002],[-7.0281,38.2396],[-7.3939,38.295],[-7.3173,38.4996],[-7.0894,38.7945],[-6.9334,38.9613],[-7.0069,39.0503],[-7.2114,39.2982],[-7.431,39.5205],[-7.3013,39.5787],[-7.0842,39.5991],[-6.8783,39.7024],[-6.8587,39.7919],[-6.8842,40.214],[-6.8249,40.6566],[-6.8572,40.8616],[-6.8344,41.0605],[-6.7966,41.0928],[-6.2411,41.3205],[-6.1115,41.4175],[-6.1395,41.5264],[-6.5184,41.7491],[-6.5861,41.8579],[-6.7087,41.96],[-6.8595,41.9849],[-7.0984,41.868],[-7.9186,41.8892],[-8.1573,42.087],[-8.405,42.0021],[-8.8061,41.8892]]]},"properties":{"NAME":"Portugal","SUBJECTO":"Portugal","PARTOF":"Portugal","BORDERPRECISION":3,"LINK":null}},
{"type":"Feature","geometry":{"type":"MultiPolygon","coordinates":[[[[103.4713,14.3537],[103.7829,14.3781],[104.1419,14.3484],[104.1565,14.3504],[103.6214,14.4108],[103.4713,14.3537]]],[[[102.385,13.4377],[102.4346,13.5381],[102.6679,13.851],[102.3603,13.5078],[102.385,13.4377]]],[[[102.6708,12.0377],[102.7359,12.117],[102.6882,12.2602],[102.6121,12.0958],[102.6585,12.0661],[102.6708,12.0377]]]]},"properties":{"NAME":"Siam","SUBJECTO":"Siam","PARTOF":"Siam","BORDERPRECISION":3,"LINK":null}},
{"type":"Feature","geometry":{"type":"MultiPolygon","coordinates":[[[[100.1587,6.3401],[100.1391,6.1773],[100.2237,5.8535],[100.3797,5.0214],[100.5593,4.7359],[100.6076,4.5517],[100.5942,4.4246],[100.5766,4.2022],[100.6643,3.9037],[101.0669,3.5361],[101.2643,3.2252],[101.3364,2.7805],[101.4338,2.6664],[101.8926,2.3369],[102.4467,2.0331],[102.7169,1.8812],[103.1147,1.6088],[103.3491,1.4124],[103.4277,1.3808],[103.6084,1.4447],[104.0107,1.4201],[104.1756,1.3887],[104.1477,1.4459],[103.8304,2.1696],[103.6781,2.4107],[103.4396,2.6326],[103.3511,2.804],[103.3078,3.0263],[103.3393,3.3123],[103.3078,3.7951],[103.3681,4.1828],[103.3786,4.545],[103.3418,4.8054],[103.1142,5.1481],[102.8023,5.5604],[102.3251,6.0994],[102.0897,6.1434],[102.0738,6.1542],[102.0349,6.0025],[101.8123,5.8451],[101.7626,5.5862],[101.4729,5.5463],[101.4508,5.7611],[101.3117,5.8346],[101.1862,5.7086],[101.0764,5.5313],[100.9844,5.5689],[100.9314,5.6766],[101.0271,5.8556],[101.0083,5.9503],[100.9841,6.0518],[100.8667,6.1591],[100.6653,6.2124],[100.6174,6.4223],[100.3604,6.4166],[100.1587,6.3401]]],[[[114.0737,4.455],[114.0233,4.4245],[113.9135,4.3581],[113.8148,4.2626],[113.4231,3.7598],[113.1875,3.6146],[112.9517,3.1552],[112.7592,3.0086],[112.3013,2.8742],[111.6345,2.7202],[111.3718,2.5989],[111.1338,2.0329],[110.9698,1.7593],[110.8934,1.5113],[111.1199,1.2703],[110.9683,1.2255],[110.8176,1.2443],[110.4752,1.4405],[110.2895,1.5164],[109.9018,1.5536],[109.7231,1.6168],[109.554,1.8007],[109.5175,1.8205],[109.6475,1.4643],[109.7612,1.3315],[110.2112,0.8893],[110.3476,0.8519],[110.5486,0.726],[110.9659,0.9128],[111.0809,0.9135],[111.3178,0.8132],[111.562,0.7638],[111.7419,0.8412],[111.9797,0.9951],[112.1609,1.2314],[112.4,1.4298],[112.616,1.4629],[112.8095,1.4132],[113.0599,1.3003],[113.2963,1.2],[113.5473,1.1316],[113.6768,1.1451],[113.8865,1.3052],[114.0957,1.3827],[114.4847,1.4613],[114.6589,1.5958],[115.0763,2.3991],[115.0419,2.7357],[115.1399,2.8888],[115.4309,2.9985],[115.53,3.1707],[115.4818,3.6153],[115.5355,3.8698],[115.7068,4.1567],[115.8181,4.2273],[116.027,4.2349],[116.3634,4.1988],[116.6566,4.1624],[116.9376,4.1704],[117.1381,4.1525],[117.4772,4.0211],[117.5587,3.9807],[117.5892,4.0484],[117.8221,4.0997],[118.1124,4.1448],[118.3187,4.2342],[118.3912,4.3742],[117.9918,4.6846],[117.9484,4.7989],[118.1084,4.939],[118.4156,4.9016],[118.6828,4.9149],[118.8813,4.9788],[118.9714,5.0489],[119.0426,5.1698],[118.998,5.2777],[118.843,5.3409],[118.377,5.6385],[118.256,5.6637],[118.0954,5.6252],[117.7616,5.58],[117.9183,5.8028],[117.8665,5.9043],[117.6543,5.8467],[117.3701,5.7889],[117.3536,5.8778],[117.4593,6.0813],[117.5409,6.2404],[117.5071,6.3928],[117.3257,6.4877],[117.1681,6.6144],[117.0311,6.8365],[116.889,6.6456],[116.7405,6.6897],[116.5956,6.8991],[116.5618,6.8228],[116.3378,6.3585],[116.0987,6.0975],[115.9708,5.8811],[115.7871,5.7401],[115.7173,5.4676],[115.4878,5.4862],[115.2917,5.454],[115.2031,5.2759],[115.4178,5.1111],[115.4339,5.0031],[115.3614,4.8759],[115.1593,4.8381],[115.1211,4.8309],[115.0369,4.8952],[114.9615,4.8765],[115.0114,4.7982],[115.078,4.5982],[115.0669,4.5482],[115.0614,4.4371],[115.1502,4.3483],[115.1613,4.3094],[114.6059,4.1205],[114.4337,3.9983],[114.2949,4.1205],[114.2449,4.2372],[114.1393,4.2316],[114.1116,4.3983],[114.0737,4.455]]]]},"properties":{"NAME":"Malaya","SUBJECTO":"Malaya","PARTOF":"Malaya","BORDERPRECISION":3,"LINK":null}},
{"type":"Feature","geometry":{"type":"MultiPolygon","coordinates":[[[[149.5542,-6.4061],[149.9172,-6.3544],[150.2763,-6.3409],[150.4941,-6.2769],[150.9319,-6.0853],[151.0557,-6.0151],[151.2393,-5.7923],[151.2801,-5.6714],[151.4673,-5.671],[151.8015,-5.7084],[151.9199,-5.6573],[152.0587,-5.4981],[151.8622,-5.2825],[151.8349,-5.2063],[151.9066,-5.1044],[152.1355,-5.0849],[152.1797,-5.0021],[152.2682,-4.7795],[152.2332,-4.6207],[152.0899,-4.3604],[151.9442,-4.5196],[151.7623,-4.4946],[151.5393,-4.4061],[151.5588,-4.6476],[151.5876,-4.9017],[151.5699,-5.0289],[151.4516,-5.0863],[151.1574,-5.0997],[151.0492,-5.1952],[150.8865,-5.5197],[150.7216,-5.6218],[150.2893,-5.7117],[150.1808,-5.7056],[150.0519,-5.6232],[149.8942,-5.4456],[149.8693,-5.4012],[149.7644,-5.6302],[149.6485,-5.7131],[149.4128,-5.739],[149.0786,-5.7016],[148.8365,-5.6449],[148.5072,-5.6711],[148.3766,-5.6586],[148.3063,-5.7732],[148.4157,-5.881],[148.7125,-5.9884],[148.8416,-6.0707],[149.0215,-6.242],[149.2086,-6.1526],[149.379,-6.2094],[149.4801,-6.2982],[149.5542,-6.4061]]],[[[140.9476,-9.2739],[141.4962,-9.3154],[142.3066,-9.3327],[142.6074,-9.3766],[142.8133,-9.2808],[143.146,-9.0894],[143.3311,-9],[143.2327,-8.8223],[143.0507,-8.6701],[142.7528,-8.5118],[142.4637,-8.4362],[142.3556,-8.3665],[142.2489,-8.3095],[142.464,-8.2964],[142.97,-8.3779],[143.4368,-8.3578],[143.4893,-8.3069],[143.3561,-8.1292],[143.4959,-8.0844],[143.6674,-8.1412],[143.7796,-8.1092],[143.7918,-8.0138],[143.6648,-7.6709],[144.016,-7.8735],[144.1932,-7.8414],[144.3798,-7.7583],[144.6274,-7.7832],[144.9294,-7.9224],[145.6152,-8.0735],[145.8196,-8.0984],[146.0955,-8.4665],[146.5855,-9.19],[146.6461,-9.2789],[146.8584,-9.431],[147.185,-9.5701],[147.293,-9.6906],[147.3933,-9.9256],[147.6155,-10.084],[147.8736,-10.1788],[148.222,-10.1908],[148.5605,-10.1837],[148.8499,-10.2403],[149.3286,-10.36],[149.7834,-10.4099],[149.8401,-10.4543],[149.9057,-10.6639],[150.0024,-10.7336],[150.4946,-10.7389],[150.5234,-10.6371],[150.4176,-10.2941],[150.1756,-10.1611],[149.6964,-10.035],[149.5674,-9.9273],[149.859,-9.8313],[149.8729,-9.7677],[149.8299,-9.7106],[149.5464,-9.6349],[149.3565,-9.6163],[149.1757,-9.5531],[149.0779,-9.458],[149.2368,-9.2097],[149.1977,-9.1208],[149.0455,-9.1148],[148.7251,-9.1536],[148.5887,-9.1603],[148.4588,-9.097],[148.1327,-8.6274],[148.0347,-8.2462],[147.376,-7.7963],[147.1512,-7.5617],[146.886,-7.1173],[146.865,-6.9648],[146.9091,-6.8948],[147.1623,-6.8244],[147.6638,-6.7915],[147.7386,-6.7405],[147.6439,-6.4801],[147.458,-6.239],[147.3765,-6.1248],[147.0529,-6.0428],[146.8934,-6.0305],[146.0445,-5.6764],[145.7454,-5.6262],[145.6081,-5.5248],[145.5934,-5.4231],[145.7282,-4.997],[145.3775,-4.6736],[145.0684,-4.4963],[144.783,-4.3381],[144.6595,-4.2239],[144.5427,-3.9954],[144.3717,-4.0212],[144.1029,-3.9836],[143.827,-3.8381],[143.4455,-3.6101],[142.8813,-3.4397],[142.4133,-3.3073],[142.0308,-3.1556],[140.8698,-2.7948],[140.9455,-6.3792],[140.7473,-6.7492],[140.9411,-7.365],[140.9618,-7.7274],[140.9476,-9.2739]]]]},"properties":{"NAME":"Papua New Guinea","SUBJECTO":"Papua New Guinea","PARTOF":"Papua New Guinea","BORDERPRECISION":3,"LINK":null}},
{"type":"Feature","geometry":{"type":"MultiPolygon","coordinates":[[[[-50.6115,-1.4376],[-50.4763,-1.6788],[-50.225,-1.7354],[-49.9368,-1.6585],[-49.5845,-1.6514],[-49.3471,-1.6445],[-49.1381,-1.5678],[-48.8857,-1.4211],[-48.7556,-1.2811],[-48.6398,-1.0584],[-48.5528,-0.6324],[-48.4019,-0.3907],[-48.5458,-0.3211],[-48.7615,-0.2834],[-48.9773,-0.2076],[-49.1427,-0.1953],[-49.3582,-0.2847],[-49.8113,-0.2348],[-50.2068,-0.1912],[-50.4224,-0.2171],[-50.5014,-0.2617],[-50.5948,-0.7195],[-50.6167,-0.8911],[-50.5743,-1.177],[-50.6466,-1.2661],[-50.6115,-1.4376]]],[[[-58.5751,6.9844],[-58.5589,7.3149],[-58.6166,7.4991],[-58.8811,7.7972],[-59.1938,8.0317],[-59.4043,8.1597],[-59.5789,8.266],[-59.802,8.418],[-59.8344,8.4402],[-60.2125,8.5633],[-60.5389,8.6007],[-60.9567,8.5871],[-61.1053,8.5232],[-61.2706,8.5102],[-61.5396,8.5541],[-61.7647,8.5828],[-61.2899,8.7707],[-61.1937,8.8726],[-61.1211,9.1651],[-60.7927,9.3882],[-61.0015,9.5212],[-61.4147,9.6983],[-61.5309,9.8506],[-61.6993,9.8947],[-61.9166,9.9069],[-62.1033,10.0209],[-62.1864,9.9572],[-62.2969,9.7218],[-62.3846,10.014],[-62.6585,10.2549],[-62.9253,10.3687],[-62.9519,10.4513],[-62.9143,10.5467],[-62.7196,10.5535],[-62.3356,10.5352],[-62.2032,10.6181],[-62.1782,10.6817],[-62.2897,10.7323],[-62.7031,10.7569],[-63.2215,10.724],[-63.6531,10.6913],[-63.8566,10.7099],[-64.0683,10.6268],[-64.5374,10.2635],[-64.7118,10.1615],[-64.8837,10.1357],[-65.3759,10.1537],[-65.5965,10.2168],[-65.8563,10.3306],[-65.9767,10.4066],[-66.1565,10.6223],[-66.4781,10.6788],[-66.8378,10.6526],[-67.1035,10.6266],[-67.5209,10.6003],[-67.9796,10.5421],[-68.1411,10.5799],[-68.3025,10.7257],[-68.3724,11.0116],[-68.5491,11.2654],[-68.6946,11.3795],[-68.9613,11.4679],[-69.1661,11.4992],[-69.4807,11.5494],[-69.6289,11.5406],[-69.7429,11.6566],[-69.7447,11.7456],[-69.7752,11.786],[-69.787,11.8729],[-69.7863,11.9396],[-69.87,12.0123],[-69.933,12.178],[-69.9735,12.2284],[-70.1385,12.209],[-70.2903,12.1133],[-70.3393,11.9988],[-70.1974,11.7512],[-70.0946,11.7456],[-70.0243,11.758],[-69.9228,11.79],[-69.8652,11.7577],[-69.8479,11.7092],[-69.7915,11.693],[-69.7668,11.6041],[-69.7478,11.5335],[-69.812,11.5296],[-70.1224,11.4909],[-70.1614,11.3899],[-70.6101,11.2673],[-71.0984,11.1201],[-71.5482,10.9493],[-71.4563,10.8847],[-71.4993,10.7715],[-71.6067,10.727],[-71.4956,10.6462],[-71.4425,10.4684],[-71.3812,10.4077],[-71.1839,10.0458],[-71.0894,9.9189],[-71.0144,9.6267],[-71.0442,9.3915],[-71.0983,9.3279],[-71.2867,9.2131],[-71.3694,9.143],[-71.6047,9.0916],[-71.758,9.2502],[-71.8705,9.574],[-72,9.6882],[-72.114,9.904],[-72.0522,10.0694],[-71.8959,10.4401],[-71.7487,10.6039],[-71.688,10.7693],[-71.757,11.0297],[-71.7376,11.0948],[-71.8382,11.1514],[-71.9022,11.3344],[-71.9879,11.6076],[-71.9228,11.703],[-71.5936,11.8436],[-71.1887,11.9116],[-71.0606,12.0608],[-71.1305,12.2132],[-71.2002,12.2702],[-71.4368,12.4223],[-71.6979,12.4281],[-71.9089,12.3513],[-72.0588,12.2366],[-72.1838,11.9885],[-72.3797,11.8101],[-72.7614,11.6949],[-72.9753,11.5609],[-73.0822,11.4463],[-73.3623,11.325],[-73.6154,11.3244],[-74,11.3426],[-74.1201,11.3996],[-74.2189,11.3676],[-74.3085,11.1195],[-74.3228,10.9225],[-74.449,10.7697],[-74.5482,10.9689],[-74.7163,11.0615],[-74.7669,11.0613],[-75.0335,10.9527],[-75.2264,10.8252],[-75.4504,10.6277],[-75.5433,10.4114],[-75.5733,10.119],[-75.6516,9.7693],[-75.6049,9.5978],[-75.7027,9.426],[-76.0104,9.3808],[-76.1577,9.3106],[-76.3834,8.9796],[-76.5631,8.8458],[-76.7635,8.6928],[-76.8425,8.5592],[-76.8515,8.4638],[-76.7023,8.1146],[-76.7685,8.0064],[-76.8582,7.93],[-76.9639,8.0187],[-77.063,8.2473],[-77.2417,8.4757],[-77.4308,8.6278],[-77.4947,8.6615],[-77.6775,8.961],[-77.9672,9.2146],[-78.2665,9.3855],[-78.6118,9.4801],[-78.9667,9.4726],[-78.9984,9.5429],[-79.3325,9.5739],[-79.5004,9.6384],[-80.1243,9.2239],[-80.3557,9.2031],[-80.9625,8.8649],[-81.1684,8.8278],[-81.495,8.8647],[-81.674,9.0581],[-81.7836,8.966],[-82.0664,8.977],[-82.2296,9.0465],[-82.2384,9.2147],[-82.326,9.4449],[-82.5599,9.5831],[-82.593,9.5278],[-82.8078,9.6107],[-82.9066,9.5186],[-82.9126,9.3744],[-82.9126,9.1134],[-82.6843,8.9752],[-82.8627,8.8094],[-82.8067,8.5699],[-82.975,8.4041],[-82.8656,8.3212],[-82.9575,8.0472],[-82.7951,8.2699],[-82.6539,8.3211],[-82.3844,8.3212],[-82.1894,8.2015],[-81.7574,8.1462],[-81.6643,8.1646],[-81.5621,7.8238],[-81.1969,7.6396],[-81.1173,7.9431],[-81.0074,7.7844],[-80.8505,7.4094],[-80.899,7.3357],[-80.8138,7.2701],[-80.6614,7.2513],[-80.4058,7.2988],[-80.2118,7.4747],[-80.1027,7.4559],[-79.9763,7.4923],[-79.9712,7.5579],[-80.0513,7.7317],[-80.2601,7.9252],[-80.4026,8.059],[-80.4246,8.1924],[-80.2694,8.3771],[-80.1187,8.3901],[-79.9504,8.4731],[-79.7121,8.616],[-79.7487,8.7214],[-79.7169,8.8831],[-79.5449,8.9316],[-79.3206,9.0401],[-79.0676,9.0343],[-78.8624,8.9476],[-78.8032,8.8278],[-78.7535,8.8739],[-78.652,8.7449],[-78.5924,8.8129],[-78.5055,8.6859],[-78.4912,8.5652],[-78.3815,8.3949],[-78.1837,8.4133],[-78.0448,8.5515],[-78.0019,8.3397],[-77.9456,8.266],[-77.7942,8.1793],[-78.1478,8.2355],[-78.2466,8.1971],[-78.3271,8.0889],[-78.2655,7.8857],[-78.0669,7.5429],[-77.8967,7.1718],[-77.7328,6.9938],[-77.4002,6.6704],[-77.3222,6.5435],[-77.3385,6.4291],[-77.4471,6.2827],[-77.4935,6.1936],[-77.4746,6.092],[-77.2203,5.8764],[-77.1805,5.7875],[-77.2413,5.6921],[-77.4619,5.6281],[-77.5004,5.5136],[-77.3337,5.1263],[-77.2666,4.7388],[-77.3067,4.5035],[-77.4445,4.1791],[-77.4125,4.0966],[-77.1608,3.9128],[-77.106,3.7922],[-77.3991,3.3149],[-77.6018,2.8823],[-77.8021,2.5769],[-77.9865,2.4748],[-78.0733,2.4937],[-78.4682,2.4674],[-78.6095,2.3654],[-78.6483,2.1747],[-78.4918,1.9208],[-78.5753,1.7745],[-78.7848,1.8249],[-79.0139,1.7735],[-79.0625,1.6781],[-78.9811,1.5512],[-78.9285,1.4115],[-78.9435,1.3808],[-78.9843,1.297],[-79.1976,1.1249],[-79.376,1.0165],[-79.7769,0.8631],[-80.0856,0.818],[-80.1349,0.7162],[-80.0982,0.6337],[-80.0462,0.4304],[-80.109,0.049],[-80.1798,-0.017],[-80.4031,-0.2249],[-80.4822,-0.3839],[-80.4823,-0.4856],[-80.3388,-0.6632],[-80.6632,-0.8672],[-80.8794,-0.9567],[-80.9661,-1.0331],[-80.803,-1.3251],[-80.7539,-1.452],[-80.8138,-1.6619],[-80.8163,-1.8589],[-80.7412,-2.1192],[-80.7862,-2.2273],[-80.961,-2.3548],[-80.7776,-2.5387],[-80.5073,-2.6843],[-80.3573,-2.7284],[-80.0279,-2.4481],[-79.813,-2.1705],[-79.839,-2.346],[-79.7448,-2.6763],[-79.7618,-2.797],[-80.0252,-3.2742],[-80.1442,-3.4142],[-80.2289,-3.4712],[-80.2314,-3.7275],[-80.2446,-3.95],[-80.3497,-4.1031],[-80.3061,-4.3253],[-80.2585,-4.414],[-80.0587,-4.4636],[-79.6917,-4.4615],[-79.5515,-4.575],[-79.4654,-4.7906],[-79.2862,-5.0119],[-79.1072,-5.0426],[-78.9983,-5.0102],[-78.878,-4.8697],[-77.4052,-4.3332],[-77.3393,-4.7947],[-75.6912,-5.0584],[-75.4935,-4.6628],[-74.9845,-4.7815],[-74.6048,-4.3596],[-74.3095,-4.6127],[-74.1829,-4.4018],[-73.8876,-4.5706],[-73.5922,-4.444],[-73.4235,-4.0221],[-73.1281,-3.9377],[-73.2547,-3.6002],[-72.875,-3.3892],[-72.2421,-3.5158],[-71.8624,-3.2626],[-71.7359,-3.6424],[-71.0608,-3.9377],[-70.5879,-3.7909],[-70.3862,-3.777],[-70.3137,-3.7511],[-70.2071,-3.8077],[-69.9484,-4.1239],[-69.878,-4.187],[-69.817,-4.3328],[-69.9012,-4.3787],[-69.3626,-4.1355],[-69.2308,-3.4762],[-67.9783,-3.4103],[-67.8464,-3.0807],[-67.2531,-2.5533],[-66.6598,-2.817],[-67.0553,0.9406],[-66.8498,1.0111],[-66.6554,0.9868],[-66.3428,0.7408],[-66.1259,0.6404],[-65.9394,0.6732],[-65.5989,0.9867],[-65.5617,0.9043],[-65.478,0.5552],[-65.3559,0.5623],[-65.0657,0.8946],[-64.7325,1.189],[-64.4831,1.3176],[-64.1898,1.3956],[-64.0838,1.4916],[-63.9675,1.7911],[-63.876,1.8806],[-63.5826,1.9396],[-63.3265,2.0619],[-60.5158,2.1898],[-59.6249,1.7343],[-59.1287,1.3304],[-58.8527,1.1541],[-58.5442,1.1877],[-58.2318,1.4184],[-58.0043,1.5596],[-57.9005,1.5939],[-57.8789,2.8491],[-58.5816,4.9998],[-58.5751,6.9844]],[[-77.2535,-2.0979],[-77.2535,-2.7591],[-77.8999,-3.1125],[-78.3923,-2.9128],[-78.5616,-2.1287],[-77.8537,-1.6672],[-77.2535,-2.0979]]],[[[-61.172,10.7206],[-61.1142,10.8217],[-61.224,10.8246],[-61.3583,10.7943],[-61.406,10.777],[-61.5794,10.7856],[-61.6314,10.7466],[-61.7354,10.7336],[-61.8091,10.725],[-61.8611,10.6816],[-61.7354,10.66],[-61.6921,10.5993],[-61.6617,10.5429],[-61.6747,10.4606],[-61.6964,10.4043],[-61.6531,10.2786],[-61.7137,10.2136],[-61.7831,10.2179],[-61.8307,10.2266],[-61.8394,10.1876],[-61.9391,10.1269],[-62.0301,10.1139],[-62.0474,10.0836],[-62.0388,10.0575],[-61.8784,10.0575],[-61.8394,10.0359],[-61.7527,10.0532],[-61.536,10.0359],[-61.471,10.0532],[-61.4104,10.0489],[-61.2067,10.1182],[-61.1893,10.3089],[-61.2457,10.4779],[-61.2197,10.5169],[-61.237,10.6296],[-61.224,10.6903],[-61.172,10.7206]]]]},"properties":{"NAME":"Vice-Royalty of New Granada","SUBJECTO":"Spain","PARTOF":"Vice-Royalty of New Granada","BORDERPRECISION":3,"LINK":null}},
{"type":"Feature","geometry":{"type":"Polygon","coordinates":[[[114.9615,4.8765],[114.8778,4.8558],[114.8227,4.8952],[114.854,5.0159],[114.7452,4.9844],[114.4503,4.5626],[114.1666,4.5112],[114.0737,4.455],[114.1116,4.3983],[114.1393,4.2316],[114.2449,4.2372],[114.2949,4.1205],[114.4337,3.9983],[114.6059,4.1205],[115.1613,4.3094],[115.1502,4.3483],[115.0614,4.4371],[115.0669,4.5482],[115.078,4.5982],[115.0114,4.7982],[114.9615,4.8765]]]},"properties":{"NAME":"Brunei","SUBJECTO":"Brunei","PARTOF":"Brunei","BORDERPRECISION":3,"LINK":null}},
{"type":"Feature","geometry":{"type":"MultiPolygon","coordinates":[[[[109.5175,1.8205],[109.4259,1.8703],[109.2824,1.8827],[109.1462,1.5202],[108.9555,1.2593],[108.8961,1.1003],[108.8143,0.8078],[108.8703,0.5411],[108.841,0.3313],[108.9991,0.1982],[109.1242,-0.017],[109.1578,-0.0747],[109.0734,-0.4053],[109.1895,-0.5385],[109.4286,-0.7096],[109.1789,-0.869],[109.2445,-0.9324],[109.5998,-1.1223],[109.7828,-1.3062],[109.9409,-1.6426],[109.9462,-1.8587],[110.0659,-2.494],[110.0764,-2.7863],[110.1023,-3.0785],[110.2384,-3.0655],[110.3651,-2.9954],[110.6525,-2.9884],[110.7968,-3.1724],[111.436,-2.974],[111.5872,-2.7957],[111.7286,-3.2593],[111.7133,-3.3992],[111.7395,-3.647],[111.9034,-3.6148],[112.0469,-3.4556],[112.2456,-3.398],[112.4063,-3.4485],[112.5777,-3.4227],[112.6384,-3.3336],[112.7954,-2.971],[112.9493,-3.0406],[113.1235,-3.2436],[113.32,-3.294],[113.4608,-3.3827],[113.6084,-3.6111],[113.7445,-3.5981],[113.9706,-3.3625],[114.0995,-3.3495],[114.2185,-3.4319],[114.3562,-3.6032],[114.5046,-3.9651],[114.4936,-4.1558],[114.5809,-4.2954],[114.7124,-4.2062],[114.9858,-4.0785],[115.5681,-3.8039],[115.8063,-3.5365],[115.8634,-3.3775],[115.9559,-3.1993],[116.202,-2.9001],[116.2482,-2.7983],[116.2445,-2.703],[116.0408,-2.4429],[116.3491,-2.4168],[116.2727,-2.2835],[116.2455,-2.1056],[116.0463,-1.9345],[116.3842,-1.6605],[116.5789,-1.3677],[117.0456,-0.9346],[117.2552,-1.004],[117.3703,-1.0038],[117.4298,-0.6224],[117.3777,-0.4318],[117.3182,-0.1397],[117.3389,-0.017],[117.375,0.1973],[117.5343,0.6107],[117.7083,0.8207],[117.8597,0.8655],[118.2183,0.7583],[118.5561,0.7463],[118.7652,0.823],[118.5173,1.1656],[118.2473,1.3874],[117.9128,1.5901],[117.7301,1.7994],[117.6964,1.9009],[117.8483,2.2253],[117.8292,2.3143],[117.5877,2.6505],[117.342,3.0249],[117.236,3.0755],[117.139,3.1706],[117.2151,3.2724],[117.1631,3.4057],[117.074,3.5072],[117.3347,3.5459],[117.5802,3.5655],[117.6839,3.6292],[117.5405,3.9403],[117.5587,3.9807],[117.4772,4.0211],[117.1381,4.1525],[116.9376,4.1704],[116.6566,4.1624],[116.3634,4.1988],[116.027,4.2349],[115.8181,4.2273],[115.7068,4.1567],[115.5355,3.8698],[115.4818,3.6153],[115.53,3.1707],[115.4309,2.9985],[115.1399,2.8888],[115.0419,2.7357],[115.0763,2.3991],[114.6589,1.5958],[114.4847,1.4613],[114.0957,1.3827],[113.8865,1.3052],[113.6768,1.1451],[113.5473,1.1316],[113.2963,1.2],[113.0599,1.3003],[112.8095,1.4132],[112.616,1.4629],[112.4,1.4298],[112.1609,1.2314],[111.9797,0.9951],[111.7419,0.8412],[111.562,0.7638],[111.3178,0.8132],[111.0809,0.9135],[110.9659,0.9128],[110.5486,0.726],[110.3476,0.8519],[110.2112,0.8893],[109.7612,1.3315],[109.6475,1.4643],[109.5175,1.8205]]],[[[140.8698,-2.7948],[140.2852,-2.6128],[139.592,-2.3792],[138.6343,-1.9554],[137.8543,-1.614],[137.7039,-1.6333],[137.2088,-1.9077],[137.1107,-1.9842],[137.1044,-2.213],[137.0842,-2.2511],[136.9141,-2.315],[136.4288,-2.4114],[136.2709,-2.4181],[135.7342,-3.2518],[135.5076,-3.4493],[135.2464,-3.5389],[135.0867,-3.5138],[134.9544,-3.4632],[134.8491,-3.3809],[134.7731,-3.3047],[134.634,-2.822],[134.5952,-2.7586],[134.557,-2.7078],[134.4554,-3.0004],[134.3664,-2.9434],[134.2831,-2.8546],[134.1863,-2.6196],[134.1343,-2.4037],[134.0828,-2.1814],[133.9834,-2.01],[134.0139,-1.8383],[134.141,-1.5013],[134.0792,-1.3235],[133.9073,-1.0061],[133.4963,-0.9371],[133.265,-0.8613],[132.5924,-0.5704],[132.4123,-0.5391],[132.254,-0.5267],[132.0542,-0.6542],[131.8336,-0.8263],[131.4197,-1.0115],[131.2114,-1.0246],[131.2095,-1.2915],[131.1834,-1.406],[131.0644,-1.5397],[131.6268,-1.5957],[131.8156,-1.6652],[131.9063,-1.8175],[131.9734,-2.116],[132.034,-2.2049],[132.219,-2.3443],[132.6807,-2.3814],[133.0251,-2.3616],[133.3207,-2.38],[133.5928,-2.3477],[133.7476,-2.2584],[133.855,-2.2454],[133.8836,-2.4297],[133.843,-2.6649],[133.7808,-2.7222],[133.3213,-2.7423],[133.1867,-2.6218],[133.1208,-2.5965],[132.8843,-2.7814],[132.7187,-2.9342],[132.6474,-2.9471],[132.3763,-2.8397],[132.2019,-2.8019],[132.0158,-2.8214],[131.9989,-2.9231],[132.025,-3.0184],[132.1772,-3.0434],[132.4954,-3.2207],[132.7493,-3.3981],[132.8272,-3.506],[132.8956,-3.6965],[132.723,-3.8176],[132.7128,-3.8875],[132.8618,-4.1923],[132.9316,-4.2684],[133.2449,-4.1088],[133.3955,-3.9878],[133.5083,-3.7142],[133.5632,-3.4154],[133.6688,-3.2372],[133.7525,-3.1862],[133.8225,-3.2877],[133.7627,-3.5103],[133.857,-3.7707],[134.0406,-3.9482],[134.2261,-4.0368],[134.4009,-4.0682],[134.6786,-4.0231],[134.7658,-4.0356],[134.8097,-4.1563],[134.7768,-4.3089],[135.0605,-4.4545],[135.3778,-4.5618],[135.6536,-4.593],[136.2206,-4.7634],[137.1129,-5.0347],[137.3852,-5.1231],[137.5953,-5.2498],[137.8236,-5.4272],[138.2975,-6.1889],[138.4214,-6.481],[138.5506,-6.6523],[138.8181,-6.836],[139.0283,-7.0199],[138.9678,-7.0709],[138.8614,-7.0902],[138.6624,-7.0398],[138.6496,-7.1415],[138.904,-7.4905],[139.1561,-7.7251],[139.1536,-7.8522],[138.958,-8.145],[138.917,-8.3167],[139.1124,-8.3227],[139.4451,-8.2584],[139.7941,-8.2132],[139.9769,-8.2382],[140.299,-8.6443],[140.716,-9.0438],[140.9476,-9.2739],[140.9618,-7.7274],[140.9411,-7.365],[140.7473,-6.7492],[140.9455,-6.3792],[140.8698,-2.7948]]],[[[130.7838,-3.879],[130.8058,-3.7646],[130.7252,-3.4851],[130.5935,-3.3074],[130.3687,-3.13],[129.9829,-3.0355],[129.7428,-2.9788],[129.5561,-2.9856],[129.3114,-3.1323],[129.1678,-3.1389],[128.9094,-2.9997],[128.4122,-2.9817],[128.2888,-2.9565],[128.1527,-2.9695],[128.0418,-3.0588],[128.1524,-3.2619],[128.2924,-3.465],[128.376,-3.5474],[128.5226,-3.4645],[128.6529,-3.3434],[128.9146,-3.2539],[129.0307,-3.4125],[129.4867,-3.5958],[129.5795,-3.5829],[129.5685,-3.3796],[129.5949,-3.335],[129.7813,-3.3219],[129.9141,-3.3852],[130.2971,-3.6767],[130.6093,-3.8476],[130.7838,-3.879]]],[[[126.6605,-3.8752],[127.056,-3.7473],[127.1122,-3.7217],[127.1425,-3.62],[127.0938,-3.5184],[126.9524,-3.4297],[126.8373,-3.2902],[126.7266,-3.2332],[126.3823,-3.253],[126.1111,-3.2981],[126.0457,-3.4253],[126.15,-3.6285],[126.4719,-3.8502],[126.6605,-3.8752]]],[[[138.1759,-8.5535],[138.2972,-8.5405],[138.5838,-8.2285],[138.699,-8.152],[138.8448,-7.8656],[138.8948,-7.7829],[138.8054,-7.675],[138.568,-7.523],[138.3763,-7.5552],[138.1927,-7.6764],[137.9411,-7.9947],[137.6759,-8.4592],[138.1759,-8.5535]]],[[[122.9486,-8.3771],[122.9431,-8.2407],[122.8632,-8.1409],[122.7644,-8.099],[122.6924,-8.0937],[122.6402,-8.1829],[122.7228,-8.1724],[122.757,-8.2249],[122.715,-8.2931],[122.5331,-8.3981],[122.3436,-8.4821],[122.376,-8.5818],[122.1659,-8.6343],[121.9798,-8.5503],[121.7868,-8.5825],[121.5782,-8.5893],[121.4314,-8.7231],[121.2794,-8.7171],[121.0788,-8.5714],[120.565,-8.3881],[120.3275,-8.395],[120.0251,-8.4847],[119.8525,-8.574],[119.8404,-8.6821],[119.9353,-8.9361],[120.0779,-8.9167],[120.5486,-8.9348],[120.8092,-9.0232],[120.9709,-9.0546],[121.1057,-9.0289],[121.2755,-8.9141],[121.4678,-8.9646],[121.6944,-8.9959],[121.8985,-8.8494],[122.0507,-8.868],[122.3126,-8.7445],[122.7112,-8.5975],[122.6962,-8.4926],[122.9486,-8.3771]]],[[[117.9377,-8.54],[118.0559,-8.608],[118.0331,-8.692],[117.9024,-8.6972],[117.8172,-8.8136],[117.6851,-8.7884],[117.5542,-8.7392],[117.5138,-8.6133],[117.334,-8.5667],[117.0593,-8.561],[116.9584,-8.5293],[116.8534,-8.5995],[116.7495,-8.6506],[116.6627,-8.7025],[116.6989,-8.816],[116.6345,-8.9334],[116.6632,-9.0593],[116.7542,-9.1146],[116.8003,-9.1463],[116.9764,-9.1777],[117.1159,-9.1223],[117.2766,-9.1452],[117.5573,-9.0556],[117.8409,-8.9544],[117.9739,-8.9754],[118.0772,-8.8599],[118.216,-8.7392],[118.254,-8.7655],[118.2107,-8.8862],[118.2746,-8.927],[118.658,-8.8562],[118.6255,-8.7864],[118.6888,-8.7602],[118.8282,-8.7864],[118.9705,-8.881],[118.982,-8.7025],[118.9542,-8.6552],[118.8726,-8.6715],[118.8633,-8.4808],[118.7608,-8.3793],[118.6177,-8.3924],[118.5442,-8.5293],[118.462,-8.5961],[118.4673,-8.3928],[118.42,-8.3246],[118.2671,-8.2774],[118.1301,-8.3426],[118.0483,-8.2984],[118.0247,-8.203],[117.9479,-8.1619],[117.8062,-8.178],[117.691,-8.2672],[117.6774,-8.3626],[117.7054,-8.4388],[117.7968,-8.4958],[117.9377,-8.54]]],[[[115.0724,-8.7814],[115.2437,-8.5903],[115.3482,-8.5456],[115.5005,-8.469],[115.0844,-8.2347],[114.8763,-8.2479],[114.645,-8.331],[114.4575,-8.3314],[114.5107,-8.4521],[114.8956,-8.6546],[115.0724,-8.7814]]],[[[103.7136,-0.017],[103.7222,0.0152],[103.4631,0.2879],[103.2405,0.459],[103.0466,0.5284],[102.7016,0.5658],[102.4718,0.6225],[102.2783,0.7428],[102.1359,0.9395],[102.0098,1.2697],[101.8681,1.4346],[101.6753,1.5231],[101.4743,1.5481],[101.2758,1.7192],[101.0598,2.081],[100.8317,2.1758],[100.8006,2.0677],[100.8561,1.9661],[100.8543,1.8772],[100.7319,1.8706],[100.4565,2.1178],[100.1214,2.5428],[99.8632,2.5676],[99.8722,2.6376],[99.8584,2.9044],[99.7959,2.9805],[99.4913,3.126],[98.9624,3.4362],[98.6253,3.6579],[98.1455,4.0699],[98.1994,4.3114],[98.1738,4.3813],[97.9428,4.5205],[97.5293,5.0407],[97.3841,5.1801],[97.2038,5.1734],[96.9995,5.1094],[96.7527,5.0644],[96.602,5.0768],[96.1873,5.1458],[96.0247,5.2153],[95.7405,5.4689],[95.6277,5.5258],[95.4641,5.5699],[95.2832,5.5505],[95.2161,5.4995],[95.1906,5.4105],[95.2051,5.2453],[95.3082,4.9596],[95.5609,4.5345],[95.8276,4.2237],[96.1184,3.9511],[96.3944,3.6467],[96.7204,3.7046],[96.886,3.5143],[97.2545,3.1402],[97.4277,2.9246],[97.5087,2.7405],[97.5433,2.4101],[97.5971,2.2514],[97.74,2.2072],[97.9825,2.1124],[98.3026,1.9352],[98.6006,1.7071],[98.671,1.6183],[98.7193,1.4786],[98.6891,1.3705],[98.9989,0.5578],[99.1133,0.2212],[99.401,0.0884],[99.5304,-0.017],[99.6966,-0.1524],[99.972,-0.5013],[100.272,-0.9709],[100.6503,-1.631],[100.7963,-2.0247],[100.7788,-2.1772],[100.8121,-2.336],[101.3455,-3.0149],[101.6596,-3.3193],[102.1107,-3.6043],[102.1968,-3.7566],[102.2865,-3.9788],[102.4622,-4.1818],[103.0686,-4.6127],[103.5235,-4.9994],[103.8725,-5.3418],[104.4769,-5.9824],[104.5685,-6.0712],[104.6422,-5.9757],[104.4647,-5.6392],[104.5634,-5.6009],[105.0328,-5.8795],[105.0691,-5.7587],[105.1867,-5.5423],[105.304,-5.5802],[105.4757,-5.815],[105.6407,-5.929],[105.6893,-5.8971],[105.7285,-5.8271],[105.7956,-5.3503],[105.7964,-5.2296],[105.7871,-4.9309],[105.7967,-4.7339],[105.6932,-4.3083],[105.7111,-4.1049],[105.9428,-3.2147],[105.6287,-2.9103],[105.5639,-2.7134],[105.4449,-2.5993],[105.3652,-2.5804],[104.9946,-2.4668],[104.6778,-2.6708],[104.6098,-2.5757],[104.8126,-2.1558],[104.5675,-2.1373],[104.4725,-2.0803],[104.3524,-1.8899],[104.3552,-1.7056],[104.2977,-1.3625],[104.2299,-1.1911],[104.1212,-1.1405],[103.7469,-1.1159],[103.3842,-0.8943],[103.3113,-0.8182],[103.2376,-0.6595],[103.4087,-0.5002],[103.5007,-0.3157],[103.6866,-0.1183],[103.7136,-0.017]]],[[[127.6307,-0.017],[127.6353,-0.13],[127.6363,-0.3079],[127.8839,-0.6378],[128.1828,-0.9295],[128.2994,-1.0246],[128.3697,-0.9291],[128.2815,-0.8022],[128.0992,-0.6056],[127.9456,-0.3263],[127.8868,-0.017],[127.8647,0.0992],[127.9007,0.2963],[128.0374,0.3665],[128.2028,0.3478],[128.3967,0.2783],[128.7058,0.2091],[128.6342,0.3678],[128.6416,0.4314],[128.4623,0.5263],[128.2612,0.5831],[128.1896,0.6274],[128.2626,0.7673],[128.4726,0.9267],[128.6319,1.0223],[128.5851,1.27],[128.6086,1.3845],[128.545,1.4479],[128.1823,1.2628],[128.1022,1.1991],[128.0417,0.9638],[127.8457,0.7792],[127.802,0.7155],[127.7162,0.7789],[127.6889,0.925],[127.8517,1.2684],[127.9626,1.4466],[127.9866,1.5738],[127.9181,1.7325],[127.7998,1.8974],[127.5686,1.5284],[127.4397,1.1278],[127.4235,0.9816],[127.4868,0.8483],[127.5222,0.7848],[127.4414,0.5368],[127.6275,0.0606],[127.6307,-0.017]]],[[[106.5527,-3.1752],[106.4707,-2.9212],[106.5234,-2.7939],[106.6427,-2.7111],[106.3286,-2.572],[106.0365,-2.204],[105.8963,-1.8039],[105.8634,-1.6261],[105.7224,-1.7471],[105.6557,-1.957],[105.4267,-1.7096],[105.3214,-1.8179],[105.1997,-2.1105],[105.2518,-2.1739],[105.4528,-2.1608],[105.5835,-2.205],[105.8118,-2.3824],[105.8823,-2.5602],[105.9024,-2.7254],[105.9947,-2.8904],[106.1643,-2.9981],[106.5527,-3.1752]]],[[[105.1848,-6.8657],[105.7522,-6.9202],[105.89,-6.9326],[106.1175,-6.9957],[106.3655,-7.0397],[106.5466,-7.16],[106.3447,-7.3702],[106.3202,-7.4338],[106.4837,-7.5034],[107.2068,-7.5336],[107.3676,-7.565],[107.7297,-7.7867],[108.1602,-7.8556],[108.3607,-7.8361],[108.6104,-7.7021],[109.0372,-7.7203],[109.5436,-7.8399],[110.0382,-7.9914],[110.4154,-8.2067],[110.7777,-8.3203],[111.4391,-8.3824],[112.0934,-8.4446],[112.4144,-8.4884],[112.571,-8.4626],[112.8358,-8.3476],[113.0738,-8.3471],[113.4747,-8.4861],[113.7438,-8.5999],[114.1048,-8.6881],[114.3293,-8.783],[114.0692,-8.434],[114.1376,-8.2114],[114.2522,-8.0204],[114.2308,-7.9315],[113.9484,-7.8241],[113.7614,-7.8308],[113.5587,-7.9139],[113.2626,-7.9082],[113.0727,-7.8768],[112.6784,-7.7188],[112.6246,-7.6744],[112.5009,-7.4649],[112.5366,-7.2645],[112.4049,-7.1346],[112.2748,-7.0269],[111.9168,-6.9577],[111.5683,-6.9204],[111.3297,-6.9082],[111.0447,-6.8516],[110.9145,-6.6294],[110.8146,-6.5343],[110.6133,-6.5411],[110.4915,-6.6621],[110.3959,-6.9547],[110.2426,-7.0313],[110.0273,-7.0445],[109.382,-6.9886],[109.1611,-7.0231],[108.9534,-6.9387],[108.5558,-6.9205],[108.4754,-6.6855],[108.309,-6.4508],[108.1733,-6.3557],[107.9696,-6.4388],[107.7687,-6.4519],[107.677,-6.3304],[107.5246,-6.3508],[107.3396,-6.1541],[107.0614,-6.0785],[106.9451,-6.026],[106.9351,-6.136],[106.864,-6.2696],[106.628,-6.3094],[106.5213,-6.11],[106.3081,-6.1309],[106.0242,-6.0807],[105.9332,-6.026],[105.8915,-6.1509],[105.7915,-6.2569],[105.8107,-6.4816],[105.6722,-6.4563],[105.664,-6.5193],[105.6335,-6.7552],[105.4674,-6.8132],[105.2862,-6.7712],[105.1439,-6.7817],[105.1848,-6.8657]]],[[[123.4919,-10.3522],[123.7079,-10.3453],[123.9563,-10.2431],[124.1542,-10.2045],[124.4481,-9.9878],[124.9385,-9.5545],[125.2115,-9.3951],[125.5323,-9.28],[126.1482,-9.0816],[126.8725,-8.8067],[127.0349,-8.692],[127.1415,-8.5964],[127.0972,-8.5075],[127.0438,-8.4758],[126.6529,-8.5403],[126.4094,-8.5598],[125.9998,-8.6561],[125.2898,-8.7021],[125.0798,-8.7725],[124.9179,-9.0461],[124.6199,-9.2501],[123.9688,-9.5312],[123.6654,-9.748],[123.6145,-9.8879],[123.6041,-10.1295],[123.4919,-10.3522]]],[[[120.2798,-10.3782],[120.4142,-10.3525],[120.525,-10.2441],[120.5813,-10.0978],[120.4624,-9.9265],[119.9458,-9.5907],[119.7887,-9.4576],[119.5626,-9.5089],[119.1163,-9.5226],[118.949,-9.5865],[118.9004,-9.682],[119.0317,-9.7707],[119.2539,-9.8274],[119.4098,-9.8716],[119.7698,-10.0742],[120.1824,-10.3466],[120.2798,-10.3782]]],[[[119.6921,-0.017],[119.5782,-0.4906],[119.5972,-0.8782],[119.3963,-0.9041],[119.2437,-1.2285],[119.2048,-1.4319],[119.2074,-1.5463],[119.2471,-1.9593],[119.1746,-2.1755],[118.9637,-2.5255],[118.7426,-2.7611],[118.6836,-2.9011],[118.7964,-3.4792],[118.7914,-3.6635],[119.0498,-3.6502],[119.2257,-3.5736],[119.3653,-3.6305],[119.4611,-3.8082],[119.448,-3.9608],[119.5045,-4.1894],[119.4773,-4.6725],[119.4462,-5.0666],[119.365,-5.2765],[119.2946,-5.4228],[119.3667,-5.6578],[119.4768,-5.8038],[119.6909,-5.7715],[119.9216,-5.663],[120.2481,-5.586],[120.1244,-5.3321],[120.1327,-5.2304],[120.3022,-4.944],[120.3069,-4.8042],[120.1434,-4.3978],[120.2496,-3.8827],[120.2803,-3.6539],[120.2162,-3.2346],[120.1442,-3.0759],[120.3666,-2.8974],[120.5928,-2.8016],[120.9247,-2.8263],[120.999,-3.0486],[120.9464,-3.3093],[120.8185,-3.4875],[120.8025,-3.5956],[120.8808,-3.7162],[121.0683,-3.8556],[121.508,-4.2359],[121.4165,-4.4967],[121.3928,-4.7891],[121.4413,-4.8653],[121.6487,-4.9474],[121.8728,-4.9597],[121.9735,-4.648],[122.159,-4.5142],[122.4524,-4.4881],[122.6484,-4.5131],[122.6689,-4.3859],[122.6409,-4.2843],[122.3914,-4.0878],[122.1903,-3.8468],[122.1443,-3.6626],[122.2149,-3.3574],[122.2582,-3.2111],[121.8743,-2.6527],[121.664,-2.418],[121.3602,-2.1581],[121.2649,-2.1011],[121.2535,-1.9613],[121.2671,-1.9359],[121.4773,-1.9926],[121.5858,-2.0114],[121.6501,-1.9986],[121.7465,-1.8522],[122.2229,-1.6542],[122.4196,-1.4631],[122.5943,-1.2276],[122.7571,-1.0938],[123.0019,-1.1123],[123.2127,-1.2326],[123.25,-0.9021],[123.1911,-0.8069],[122.9815,-0.7184],[122.8596,-0.744],[122.7392,-0.8778],[122.4598,-0.9419],[122.1589,-1.0125],[121.9954,-1.1145],[121.7721,-1.0959],[121.6341,-1.0136],[121.4611,-0.9886],[121.1676,-1.4277],[121.0554,-1.5487],[120.6884,-1.5367],[120.5873,-1.5179],[120.5066,-1.4482],[120.4075,-1.1751],[120.2908,-1.0864],[120.1093,-0.9851],[120.0218,-0.9027],[119.9038,-0.6805],[119.8727,-0.4646],[119.9568,-0.1403],[120.0262,-0.017],[120.143,0.1905],[120.3373,0.3562],[120.5243,0.4011],[120.8263,0.4144],[121.0851,0.3769],[121.5524,0.397],[121.9478,0.3788],[122.4656,0.4053],[122.9831,0.3746],[123.2489,0.1846],[123.4718,0.1533],[124.0254,0.2562],[124.234,0.3011],[124.4214,0.4794],[124.8574,1.0459],[124.8941,1.1032],[124.9308,1.1605],[124.9832,1.3004],[125.0162,1.5419],[124.9825,1.6499],[124.8525,1.6242],[124.7195,1.4396],[124.5451,1.3312],[124.4569,1.2039],[124.5271,1.0833],[124.4322,0.956],[124.1502,0.7966],[123.8262,0.7387],[122.9925,0.775],[122.7329,0.6728],[122.3959,0.7928],[122.1809,0.8686],[121.7924,0.8486],[121.5912,0.8609],[121.2631,1.1017],[120.9907,1.1646],[120.7674,1.1387],[120.6355,0.9224],[120.5623,0.7761],[120.4319,0.636],[120.2389,0.7881],[120.109,0.7243],[119.9137,0.5396],[119.6975,0.0053],[119.6921,-0.017]]]]},"properties":{"NAME":"Dutch East Indies","SUBJECTO":"Dutch East Indies","PARTOF":"Dutch East Indies","BORDERPRECISION":3,"LINK":null}},
{"type":"Feature","geometry":{"type":"Polygon","coordinates":[[[21.6251,69.237],[22.0723,68.9613],[22.4598,68.6935],[22.7012,68.6349],[23.3362,68.6158],[24.0818,68.7168],[24.6617,68.4955],[24.8007,68.429],[25.0628,68.5947],[25.6254,68.8071],[25.7099,69.0324],[25.7456,69.258],[25.8625,69.4544],[26.0563,69.5986],[21.6251,69.237]]]},"properties":{"NAME":"Finnmark","SUBJECTO":"Denmark-Norway","PARTOF":"Finnmark","BORDERPRECISION":3,"LINK":null}},
{"type":"Feature","geometry":{"type":"MultiPolygon","coordinates":[[[[14.0764,42.6338],[13.9958,42.6134],[13.9294,42.5304],[13.8298,42.5636],[13.8298,42.4806],[13.7634,42.464],[13.7136,42.3976],[13.6305,42.5304],[13.5475,42.4308],[13.4147,42.3644],[13.4645,42.2315],[13.4147,42.1983],[13.5807,42.0987],[13.5807,42.0489],[13.6305,42.0157],[13.6305,41.9327],[13.5641,41.8662],[13.5973,41.7998],[13.6471,41.75],[13.6471,41.7998],[13.863,41.75],[13.863,41.7832],[13.9294,41.75],[13.8796,41.667],[13.8796,41.6338],[13.9294,41.6338],[13.9626,41.5176],[13.9626,41.4677],[14.029,41.4013],[13.9958,41.3515],[13.9792,41.3349],[13.8132,41.3183],[13.7605,41.2067],[13.797,41.1934],[13.8525,41.091],[13.9419,40.998],[14.0509,40.7675],[14.24,40.8529],[14.3703,40.8515],[14.4946,40.73],[14.3498,40.6425],[14.3341,40.5936],[14.7433,40.7048],[14.951,40.5515],[14.9923,40.3722],[14.8987,40.2415],[15.0273,40.2122],[15.432,39.989],[15.5159,40.0659],[15.6662,40.0919],[15.757,39.9336],[15.8247,39.6606],[15.9896,39.4284],[16.0826,39.0125],[16.1772,38.931],[16.2122,38.778],[16.1522,38.7013],[15.9898,38.7348],[15.8273,38.6227],[15.9335,38.5399],[15.7909,38.2964],[15.6266,38.2331],[15.6275,38.0042],[15.7102,37.9414],[15.7852,37.9097],[16.0529,37.9312],[16.3307,38.3207],[16.572,38.4571],[16.5222,38.725],[16.6133,38.8273],[16.7977,38.9259],[17.0947,38.915],[17.1807,39.0222],[17.121,39.086],[17.1074,39.2805],[17.1491,39.4218],[16.874,39.5437],[16.5321,39.6975],[16.535,39.8316],[16.6239,39.9678],[16.6044,40.0899],[16.7276,40.1836],[16.8441,40.3631],[16.9487,40.4811],[17.0841,40.5251],[17.2428,40.4958],[17.2042,40.3979],[17.4017,40.2919],[17.6191,40.2878],[17.8496,40.2435],[17.9677,40.1669],[18.0171,39.9479],[18.1601,39.8731],[18.3649,39.7467],[18.4337,39.8984],[18.5226,40.0941],[18.3836,40.3078],[18.0599,40.5135],[18.0339,40.5967],[17.3193,40.9293],[16.946,41.0938],[16.4203,41.2787],[15.991,41.4061],[15.8733,41.5021],[15.9891,41.6346],[16.1984,41.7457],[16.1874,41.8409],[16.0128,41.9043],[15.4486,41.8567],[14.9224,41.9718],[14.7385,42.0472],[14.72,42.1418],[14.5193,42.2297],[14.4049,42.3531],[14.0928,42.6095],[14.0764,42.6338]]],[[[14.9424,36.7386],[15.0273,36.7451],[15.2206,37.0004],[15.3013,37.0579],[15.1162,37.2869],[15.1122,37.459],[15.181,37.6823],[15.4225,38.0526],[15.4729,38.1101],[15.4537,38.1674],[15.3867,38.2055],[14.7659,38.0576],[14.1345,37.9735],[13.8095,37.9664],[13.628,38.0298],[13.3225,38.2205],[13.066,38.0669],[12.7828,38.1174],[12.6643,38.0725],[12.5166,37.9192],[12.4541,37.766],[12.532,37.6387],[12.6369,37.5815],[13.0116,37.5249],[13.8684,37.157],[14.2159,37.0493],[14.622,36.7761],[14.9424,36.7386]]]]},"properties":{"NAME":"Kingdom of the Two Sicilies","SUBJECTO":"Kingdom of the Two Sicilies","PARTOF":"Kingdom of the Two Sicilies","BORDERPRECISION":3,"LINK":null}},
{"type":"Feature","geometry":{"type":"Polygon","coordinates":[[[8.5943,47.8894],[8.6825,47.97],[8.6121,48.2312],[8.5217,48.2915],[8.2906,48.3518],[8.2906,48.2815],[8.5116,48.1408],[8.5121,48.1123],[8.5943,47.8894]]]},"properties":{"NAME":"Hohenzollern","SUBJECTO":"Hohenzollern","PARTOF":"Hohenzollern","BORDERPRECISION":3,"LINK":null}},
{"type":"Feature","geometry":{"type":"Polygon","coordinates":[[[8.5347,51.079],[8.6329,51.0209],[8.7047,51.103],[8.7355,51.0825],[8.7047,51.0312],[8.7355,50.9593],[8.715,50.9491],[8.756,50.8157],[8.8073,50.9286],[8.8483,50.908],[8.9099,51.0004],[8.8381,51.0927],[8.8689,51.1235],[8.8637,51.2569],[8.833,51.3082],[8.8535,51.4416],[8.7714,51.4929],[8.679,51.4313],[8.7201,51.3492],[8.7509,51.3287],[8.7406,51.2979],[8.6996,51.2979],[8.6483,51.3287],[8.5662,51.3287],[8.4841,51.2774],[8.5149,51.2159],[8.5764,51.2159],[8.5867,51.1235],[8.5347,51.079]]]},"properties":{"NAME":"Waldeck","SUBJECTO":"Waldeck","PARTOF":"Waldeck","BORDERPRECISION":3,"LINK":null}},
{"type":"Feature","geometry":{"type":"Polygon","coordinates":[[[8.833,52.1598],[8.7663,52.1906],[8.715,52.1701],[8.7252,52.0983],[8.6431,52.0572],[8.5611,52.0983],[8.4995,52.0367],[8.5098,51.9444],[8.4892,51.8931],[8.5405,51.9136],[8.5816,51.8623],[8.5918,51.7597],[8.6431,51.7597],[8.6842,51.7084],[8.7355,51.7494],[8.7765,51.7391],[8.7765,51.7494],[8.8176,51.7186],[8.8483,51.7494],[8.8689,51.6571],[9.0023,51.6673],[9.1729,51.6254],[9.1818,51.6878],[9.1613,51.7289],[9.2126,51.7391],[9.1921,51.8007],[9.1202,51.7904],[9.0792,51.7084],[9.0484,51.6878],[8.9869,51.7289],[8.9458,51.7084],[8.9561,51.8007],[8.9356,51.9957],[8.8637,52.0572],[8.833,52.0572],[8.833,52.1598]]]},"properties":{"NAME":"Lippe-Detmold","SUBJECTO":"Lippe-Detmold","PARTOF":"Lippe-Detmold","BORDERPRECISION":3,"LINK":null}},
{"type":"Feature","geometry":{"type":"Polygon","coordinates":[[[9.1729,51.6254],[9.1613,51.5442],[9.3254,51.5803],[9.3254,51.5885],[9.3511,51.5982],[9.4722,51.644],[9.5546,51.637],[9.7245,51.6225],[9.7836,51.5599],[9.8231,51.5545],[9.8539,51.5545],[9.8641,51.616],[9.9052,51.616],[9.9154,51.6365],[9.9462,51.5852],[9.9873,51.5647],[9.9873,51.5955],[9.9565,51.616],[9.9873,51.6571],[10.018,51.6571],[10.0283,51.6468],[10.0488,51.6468],[10.0796,51.6365],[10.0796,51.6263],[10.1514,51.6365],[10.2108,51.6629],[10.1668,51.7069],[10.1228,51.7069],[10.1228,51.7179],[10.0678,51.7179],[10.0348,51.6959],[9.9249,51.6739],[9.8259,51.8059],[9.7709,51.7839],[9.7269,51.7179],[9.5839,51.6739],[9.4629,51.6959],[9.4739,51.7509],[9.4299,51.7729],[9.3969,51.7289],[9.3309,51.7399],[9.2979,51.7399],[9.3089,51.8279],[9.2869,51.9049],[9.2429,51.8829],[9.2429,51.8059],[9.1921,51.8007],[9.2126,51.7391],[9.1613,51.7289],[9.1818,51.6878],[9.1729,51.6254]]]},"properties":{"NAME":"Brunswick","SUBJECTO":"Brunswick","PARTOF":"Brunswick","BORDERPRECISION":3,"LINK":null}},
{"type":"Feature","geometry":{"type":"Polygon","coordinates":[[[10.1617,51.4724],[10.2552,51.4303],[10.2338,51.4785],[10.2884,51.5185],[10.4696,51.4892],[10.4751,51.5061],[10.4864,51.5038],[10.491,51.5535],[10.55,51.575],[10.5286,51.6018],[10.5714,51.6232],[10.5386,51.663],[10.5178,51.6768],[10.475,51.65],[10.4535,51.6768],[10.416,51.6554],[10.4267,51.6125],[10.3892,51.591],[10.3517,51.6125],[10.3252,51.5752],[10.2338,51.5803],[10.2177,51.6125],[10.1802,51.5964],[10.2016,51.5642],[10.1963,51.5267],[10.1519,51.5116],[10.1617,51.4724]]]},"properties":{"NAME":"Brunswick","SUBJECTO":"Brunswick","PARTOF":"Brunswick","BORDERPRECISION":3,"LINK":null}},
{"type":"Feature","geometry":{"type":"Polygon","coordinates":[[[10.4696,51.4892],[10.5105,51.4772],[10.5373,51.504],[10.6764,51.4671],[10.765,51.4437],[10.8789,51.4705],[10.8722,51.5174],[10.9727,51.5843],[10.9526,51.6312],[10.8923,51.6379],[10.8722,51.6513],[10.832,51.6111],[10.6913,51.6178],[10.5976,51.5642],[10.55,51.575],[10.491,51.5535],[10.4864,51.5038],[10.4751,51.5061],[10.4696,51.4892]]]},"properties":{"NAME":"Anhalt","SUBJECTO":"Anhalt","PARTOF":"Anhalt","BORDERPRECISION":3,"LINK":null}},
{"type":"Feature","geometry":{"type":"Polygon","coordinates":[[[10.8837,53.8824],[10.6618,53.6852],[10.7227,53.6108],[10.817,53.724],[10.8687,53.724],[10.8935,53.8844],[10.8837,53.8824]]]},"properties":{"NAME":"Lübeck","SUBJECTO":"Lübeck","PARTOF":"Lübeck","BORDERPRECISION":3,"LINK":null}},
{"type":"Feature","geometry":{"type":"Polygon","coordinates":[[[10.8837,53.8824],[10.8589,53.8772],[10.7709,53.9309],[10.7006,53.918],[10.6489,54.0603],[10.5842,54.1249],[10.5713,54.0991],[10.5454,54.0215],[10.5768,53.8854],[10.5842,53.8534],[10.5584,53.7758],[10.636,53.7111],[10.6618,53.6852],[10.8837,53.8824]]]},"properties":{"NAME":"Oldenburg","SUBJECTO":"Oldenburg","PARTOF":"Oldenburg","BORDERPRECISION":3,"LINK":null}},
{"type":"Feature","geometry":{"type":"Polygon","coordinates":[[[9.3511,51.5982],[9.38,51.5145],[9.4106,51.5553],[9.4413,51.4941],[9.4208,51.4533],[9.4515,51.3818],[9.5025,51.3512],[9.4719,51.2593],[9.5944,51.2389],[9.574,51.3104],[9.6487,51.3082],[9.7307,51.3492],[9.7923,51.339],[9.8949,51.3903],[9.977,51.4005],[9.977,51.4416],[10.0899,51.4826],[10.1001,51.4519],[10.1617,51.4724],[10.1519,51.5116],[10.1963,51.5267],[10.2016,51.5642],[10.1802,51.5964],[10.1309,51.6058],[10.1514,51.616],[10.1514,51.6365],[10.0796,51.6263],[10.0796,51.6365],[10.0488,51.6468],[10.0283,51.6468],[10.018,51.6571],[9.9873,51.6571],[9.9565,51.616],[9.9873,51.5955],[9.9873,51.5647],[9.9462,51.5852],[9.9154,51.6365],[9.9052,51.616],[9.8641,51.616],[9.8539,51.5545],[9.8231,51.5545],[9.7836,51.5599],[9.7245,51.6225],[9.5546,51.637],[9.4722,51.644],[9.3511,51.5982]]]},"properties":{"NAME":"Hanover","SUBJECTO":"UK","PARTOF":"Hanover","BORDERPRECISION":3,"LINK":null}},
{"type":"Feature","geometry":{"type":"Polygon","coordinates":[[[8.5578,53.1576],[8.5764,53.0766],[8.6602,53.0265],[8.744,53.0852],[8.6199,53.168],[8.5578,53.1576]]]},"properties":{"NAME":"Bremen","SUBJECTO":"Bremen","PARTOF":"Bremen","BORDERPRECISION":3,"LINK":null}},
{"type":"Feature","geometry":{"type":"Polygon","coordinates":[[[8.5162,53.761],[8.5619,53.7453],[8.5856,53.7931],[8.5395,53.8007],[8.5162,53.761]]]},"properties":{"NAME":"Cuxhaven","SUBJECTO":"Cuxhaven","PARTOF":"Cuxhaven","BORDERPRECISION":3,"LINK":null}},
{"type":"Feature","geometry":{"type":"Polygon","coordinates":[[[10.7709,53.9309],[10.7167,53.9639],[11.0159,54.0967],[11.0414,54.1527],[11.073,54.2196],[11.0386,54.3133],[10.6486,54.259],[10.446,54.292],[10.3402,54.3623],[10.2129,54.3719],[10.1417,54.3368],[9.8848,54.2541],[9.8267,54.2759],[9.7394,54.2759],[9.674,54.1887],[9.4487,54.1887],[9.4414,54.2468],[9.296,54.2468],[9.2597,54.305],[9.2161,54.2904],[9.1652,54.3195],[9.1361,54.2977],[9.0562,54.3486],[8.9617,54.2759],[8.884,54.2294],[8.8533,54.1682],[8.7788,54.1324],[8.8327,54.066],[8.9463,54.015],[8.819,53.969],[8.8571,53.867],[9.125,53.7905],[9.376,53.5708],[9.7523,53.5032],[9.7903,53.5927],[9.7903,53.6944],[9.943,53.5999],[10.0738,53.6581],[10.1247,53.5927],[10.3573,53.6145],[10.3573,53.7598],[10.5768,53.8854],[10.5454,54.0215],[10.5713,54.0991],[10.5842,54.1249],[10.6489,54.0603],[10.7006,53.918],[10.7709,53.9309]]]},"properties":{"NAME":"Holstein","SUBJECTO":"Holstein","PARTOF":"Holstein","BORDERPRECISION":3,"LINK":null}},
{"type":"Feature","geometry":{"type":"Polygon","coordinates":[[[9.7523,53.5032],[10.0229,53.4546],[10.052,53.4836],[10.1174,53.4764],[10.0738,53.5127],[10.0084,53.5127],[9.943,53.5999],[9.7903,53.6944],[9.7903,53.5927],[9.7523,53.5032]]]},"properties":{"NAME":"Hamburg","SUBJECTO":"Hamburg","PARTOF":"Hamburg","BORDERPRECISION":3,"LINK":null}},
{"type":"Feature","geometry":{"type":"Polygon","coordinates":[[[11.0591,51.5575],[11.1336,51.5166],[11.1782,51.5463],[11.1708,51.6021],[11.2452,51.658],[11.3903,51.6505],[11.4424,51.6133],[11.6248,51.6096],[11.662,51.5649],[11.6918,51.5873],[11.8034,51.5649],[11.8853,51.617],[11.8667,51.6356],[11.8853,51.6356],[11.9114,51.6096],[11.9337,51.5984],[11.997,51.5947],[11.997,51.617],[11.9635,51.6208],[11.9709,51.6319],[11.9858,51.6282],[11.9858,51.7398],[12.0677,51.7547],[12.0937,51.7436],[12.0974,51.7808],[12.1607,51.8403],[12.1644,51.8924],[12.1235,51.8961],[12.0826,51.9594],[12.09,51.9855],[12.0602,51.9892],[12.0156,51.9706],[11.9821,52.0264],[11.9932,52.0859],[11.9337,52.0934],[11.8518,52.0599],[11.8332,52.0748],[11.7923,52.0562],[11.6881,51.952],[11.703,51.9445],[11.6769,51.9185],[11.5876,51.9185],[11.4983,51.8292],[11.4164,51.8329],[11.3903,51.7696],[11.2824,51.7622],[11.2564,51.7957],[11.1819,51.7771],[11.1671,51.8031],[11.0666,51.7473],[11.1261,51.5798],[11.0591,51.5575]]]},"properties":{"NAME":"Anhalt","SUBJECTO":"Anhalt","PARTOF":"Anhalt","BORDERPRECISION":3,"LINK":null}},
{"type":"Feature","geometry":{"type":"Polygon","coordinates":[[[8.7868,52.365],[8.7629,52.3018],[8.7704,52.2423],[8.8504,52.1948],[8.8637,52.2214],[8.833,52.2727],[8.9048,52.3548],[8.8586,52.3856],[8.7868,52.365]]]},"properties":{"NAME":"Schaumburg-Lippe","SUBJECTO":"Schaumburg-Lippe","PARTOF":"Schaumburg-Lippe","BORDERPRECISION":3,"LINK":null}},
{"type":"Feature","geometry":{"type":"Polygon","coordinates":[[[6.433,49.4453],[6.6255,49.3018],[6.7772,49.1769],[6.9544,49.2017],[6.8841,49.4263],[7.0224,49.4263],[7.0685,49.5416],[6.9993,49.6568],[7.4373,49.9104],[7.5526,49.9796],[7.6448,49.9796],[7.737,50.1409],[7.6633,50.3437],[7.7453,50.354],[7.7146,50.4463],[7.6633,50.4668],[7.6735,50.5182],[7.7043,50.5079],[7.7248,50.5489],[7.7043,50.5797],[7.7351,50.6618],[7.7864,50.7028],[7.8377,50.6823],[7.8582,50.6413],[7.8993,50.6413],[7.9198,50.6002],[7.9711,50.6413],[8.0019,50.59],[8.0429,50.6002],[8.0224,50.7028],[8.125,50.8362],[8.1689,50.7972],[8.2584,50.867],[8.3405,50.9593],[8.3405,51.0107],[8.4225,51.0414],[8.4636,51.0107],[8.5149,51.0414],[8.5149,51.062],[8.5347,51.079],[8.5867,51.1235],[8.5764,51.2159],[8.5149,51.2159],[8.4841,51.2774],[8.5662,51.3287],[8.6483,51.3287],[8.6996,51.2979],[8.7406,51.2979],[8.7509,51.3287],[8.7201,51.3492],[8.679,51.4313],[8.7714,51.4929],[8.8535,51.4416],[8.833,51.3082],[8.8637,51.2569],[8.9869,51.3185],[8.9766,51.38],[9.0792,51.4108],[9.1408,51.4826],[9.2023,51.4929],[9.2126,51.5339],[9.1613,51.5442],[9.1729,51.6254],[9.0023,51.6673],[8.8689,51.6571],[8.8483,51.7494],[8.8176,51.7186],[8.7765,51.7494],[8.7765,51.7391],[8.7355,51.7494],[8.6842,51.7084],[8.6431,51.7597],[8.5918,51.7597],[8.5816,51.8623],[8.5405,51.9136],[8.4892,51.8931],[8.5098,51.9444],[8.4995,52.0367],[8.5611,52.0983],[8.6431,52.0572],[8.7252,52.0983],[8.715,52.1701],[8.7663,52.1906],[8.833,52.1598],[8.8504,52.1948],[8.7704,52.2423],[8.7629,52.3018],[8.7868,52.365],[8.7355,52.3753],[8.6842,52.3548],[8.6842,52.3958],[8.6944,52.4471],[8.6431,52.4882],[8.5611,52.4676],[8.5611,52.4779],[8.5303,52.4779],[8.5303,52.4574],[8.4687,52.4676],[8.4174,52.4471],[8.4071,52.3753],[8.4687,52.3137],[8.4687,52.2727],[8.4277,52.2316],[8.4174,52.1803],[8.4482,52.1598],[8.4174,52.1188],[8.3764,52.1496],[8.3148,52.0983],[8.243,52.129],[8.1814,52.0572],[8.0788,52.0264],[7.9044,52.0367],[7.8736,52.088],[7.8018,52.088],[7.8018,52.1393],[7.8736,52.1393],[7.9146,52.2111],[7.8428,52.2316],[7.8428,52.2624],[7.8428,52.3342],[7.8633,52.3445],[7.7915,52.4471],[7.73,52.4163],[7.6479,52.4471],[7.6376,52.4882],[7.5247,52.4882],[7.5145,52.3856],[7.2169,52.2214],[7.0682,52.2726],[7.0677,52.2186],[6.8822,52.1257],[6.8246,51.9564],[6.6804,51.8878],[6.3814,51.8199],[6.2114,51.8799],[6.1327,51.8384],[5.9794,51.8035],[5.9479,51.7217],[6.1169,51.6399],[6.1538,51.5207],[6.2223,51.3891],[6.1796,51.3223],[6.0892,51.1985],[6.1762,51.1441],[6.0702,51.0842],[5.9642,51.0243],[5.9279,50.9808],[6.0097,50.9645],[6.0739,50.8666],[5.9996,50.7416],[6.1545,50.6618],[6.2814,50.4976],[6.2984,50.2869],[6.1085,50.1175],[6.1366,49.982],[6.3215,49.8416],[6.5309,49.7984],[6.5114,49.6689],[6.3995,49.6042],[6.433,49.4453]]]},"properties":{"NAME":"Prussia","SUBJECTO":"Prussia","PARTOF":"Prussia","BORDERPRECISION":3,"LINK":null}},
{"type":"Feature","geometry":{"type":"Polygon","coordinates":[[[-1.0813,32.4539],[0.8732,31.9859],[6.2692,31.8735],[8.0208,33.0203],[7.8174,33.0636],[7.666,33.4123],[7.5306,33.8119],[7.5812,34.041],[8.031,34.4249],[8.2177,34.5848],[8.291,34.7695],[8.3126,35.0112],[8.2892,35.2784],[8.2771,35.6795],[8.272,36.3228],[8.3237,36.5206],[8.6315,36.8027],[8.6367,36.8853],[8.145,36.8139],[7.9132,36.7752],[7.792,36.8324],[7.719,36.9533],[7.5449,37.0421],[7.307,37.0608],[7.2049,36.9905],[7.0632,36.8819],[6.923,36.8178],[6.7705,36.8621],[6.3229,37.0906],[6.0474,36.8416],[5.7302,36.7517],[5.3827,36.6745],[5.1445,36.6677],[4.7772,36.7434],[4.6321,36.7941],[4.5326,36.813],[4.3946,36.8382],[4.1639,36.8314],[3.7412,36.8369],[3.5869,36.792],[3.3238,36.6512],[3.07,36.6189],[2.8099,36.7139],[2.5244,36.5732],[2.2938,36.5408],[1.5797,36.5139],[1.0576,36.4619],[0.7812,36.3849],[0.4744,36.225],[0.1987,36.0333],[0.0153,35.8037],[-0.0917,35.7398],[-0.2037,35.7507],[-0.283,35.7585],[-0.4288,35.8601],[-0.7343,35.7385],[-0.9175,35.668],[-1.1467,35.6294],[-1.3291,35.4889],[-1.4951,35.2339],[-1.7383,35.1188],[-2.0353,35.0546],[-2.193,35.0542],[-2.0766,34.8257],[-1.8233,34.7],[-1.7382,34.6051],[-1.664,34.2051],[-1.6739,33.83],[-1.6811,33.2578],[-1.6102,33.0485],[-1.3409,32.694],[-1.1126,32.5491],[-1.0813,32.4539]]]},"properties":{"NAME":"Algiers","SUBJECTO":"Ottoman Empire","PARTOF":"Algiers","BORDERPRECISION":3,"LINK":null}},
{"type":"Feature","geometry":{"type":"Polygon","coordinates":[[[8.0208,33.0203],[9.4169,33.3349],[10.4126,33.6311],[10.1487,33.8784],[10.0195,34.0815],[10.1164,34.2342],[10.574,34.6481],[10.8394,34.8012],[11.0828,35.145],[11.1251,35.2406],[10.989,35.6223],[10.8308,35.6793],[10.6026,35.8889],[10.5115,36.0862],[10.5092,36.2136],[10.6334,36.424],[10.9201,36.6539],[11.0394,36.909],[11.0238,37.0683],[10.8433,36.9915],[10.5806,36.7934],[10.3928,36.7166],[10.2715,36.7546],[10.1589,36.9965],[10.1327,37.1047],[10.0214,37.2001],[9.7322,37.2824],[9.4161,37.2754],[9.1503,37.1729],[8.8655,36.9684],[8.6367,36.8853],[8.6315,36.8027],[8.3237,36.5206],[8.272,36.3228],[8.2771,35.6795],[8.2892,35.2784],[8.3126,35.0112],[8.291,34.7695],[8.2177,34.5848],[8.031,34.4249],[7.5812,34.041],[7.5306,33.8119],[7.666,33.4123],[7.8174,33.0636],[8.0208,33.0203]]]},"properties":{"NAME":"Tunis","SUBJECTO":"Ottoman Empire","PARTOF":"Tunis","BORDERPRECISION":3,"LINK":null}},
{"type":"Feature","geometry":{"type":"Polygon","coordinates":[[[11.0754,14.3515],[7.1595,16.0392],[5.1784,15.6488],[4.8246,12.5824],[5.7681,11.1671],[7.1834,11.0492],[8.7166,9.0442],[9.4242,9.0442],[10.3678,9.5159],[10.8395,10.5774],[10.2498,11.6389],[10.2498,12.7003],[11.0754,14.3515]]]},"properties":{"NAME":"Hausa States","SUBJECTO":"Hausa States","PARTOF":"Hausa States","BORDERPRECISION":3,"LINK":null}},
{"type":"Feature","geometry":{"type":"Polygon","coordinates":[[[12.117,32.8785],[12.4134,32.4643],[14.7249,30.2453],[15.6495,30.5227],[18.8854,30.2212],[18.5372,30.4137],[17.9572,30.7684],[17.709,30.8949],[17.4216,30.996],[16.9838,31.0967],[16.7825,31.1281],[16.3184,31.1653],[16.0134,31.2282],[15.8433,31.285],[15.5334,31.5512],[15.3581,31.805],[15.2414,32.1733],[15.1637,32.2748],[15.0098,32.3634],[14.7908,32.363],[14.4334,32.4639],[14.157,32.6794],[13.4588,32.7796],[13.1871,32.7918],[12.7989,32.7338],[12.5648,32.7396],[12.117,32.8785]]]},"properties":{"NAME":"Tripolitania","SUBJECTO":"Ottoman Empire","PARTOF":"Tripolitania","BORDERPRECISION":3,"LINK":null}},
{"type":"Feature","geometry":{"type":"Polygon","coordinates":[[[19.3188,30.2554],[20.3648,30.3378],[21.1969,31.0775],[22.1215,31.0775],[23.7424,32.0641],[23.714,32.0764],[23.2886,32.1327],[23.1533,32.1388],[23.0267,32.2529],[23.0073,32.4816],[22.9228,32.5577],[22.5431,32.7221],[22.216,32.7913],[21.6734,32.8156],[21.0545,32.6301],[20.7651,32.496],[20.5155,32.3875],[20.3657,32.2982],[20.0684,32.0371],[19.9615,31.7955],[19.9416,31.6112],[19.9921,31.3508],[20.1167,31.0715],[20.1168,30.9571],[19.9815,30.7217],[19.6639,30.4415],[19.3228,30.2565],[19.3188,30.2554]]]},"properties":{"NAME":"Cyrenaica","SUBJECTO":"Ottoman Empire","PARTOF":"Cyrenaica","BORDERPRECISION":3,"LINK":null}},
{"type":"Feature","geometry":{"type":"Polygon","coordinates":[[[56.2816,25.4624],[56.1129,25.2175],[56.1129,24.8952],[56.1129,24.3042],[56.3815,23.8207],[57.4022,22.5314],[57.6171,22.1553],[57.6171,21.5106],[57.241,20.8122],[57.3485,20.1138],[57.8386,19.0348],[57.7784,19.3142],[57.7776,19.67],[57.8061,20.172],[57.9313,20.4009],[58.0444,20.433],[58.1504,20.3951],[58.4031,20.3575],[58.512,20.4212],[58.8614,21.1145],[59.2588,21.4774],[59.5357,21.8021],[59.8373,22.2792],[59.8257,22.3745],[59.4614,22.5389],[59.2543,22.729],[59.0216,23.0208],[58.6285,23.4583],[58.4647,23.5088],[58.2053,23.4955],[58.0807,23.5016],[57.9042,23.5711],[57.451,23.8052],[57.1462,23.9825],[56.7942,24.2676],[56.6108,24.4769],[56.4054,24.8195],[56.4053,24.9187],[56.4065,25.08],[56.4063,25.3087],[56.366,25.4547],[56.2816,25.4624]]]},"properties":{"NAME":"Oman","SUBJECTO":"Oman","PARTOF":"Oman","BORDERPRECISION":3,"LINK":null}},
{"type":"Feature","geometry":{"type":"Polygon","coordinates":[[[49.7042,24.4103],[46.9868,25.5837],[43.8988,25.9543],[42.4166,25.0896],[41.799,23.1134],[41.8125,21.7126],[41.9226,20.7665],[43.5954,20.0601],[45.3683,18.6096],[51.7613,19.9526],[53.0506,20.3824],[53.373,20.7585],[53.2655,21.833],[53.0506,22.1553],[51.6538,22.5851],[50.9554,23.2835],[50.5688,23.8545],[49.7042,24.4103]]]},"properties":{"NAME":"Nejd","SUBJECTO":"Nejd","PARTOF":"Nejd","BORDERPRECISION":3,"LINK":null}},
{"type":"Feature","geometry":{"type":"Polygon","coordinates":[[[46.8777,13.4739],[46.7113,13.9357],[46.3353,14.0968],[45.2608,13.8282],[44.5087,14.0968],[43.488,16.6218],[42.7637,16.6455],[42.8144,16.4041],[42.828,16.3215],[42.8839,15.9849],[42.7635,15.667],[42.7959,15.4701],[43.0533,14.6065],[43.2069,14.0795],[43.3476,13.851],[43.384,13.5652],[43.3028,13.241],[43.3408,13.1267],[43.4836,12.93],[43.5601,12.8603],[43.6049,12.8289],[43.8406,12.6639],[44.0627,12.6136],[44.4405,12.6398],[44.6811,12.8246],[44.7888,12.8057],[44.9636,12.8252],[45.1934,12.9337],[45.396,13.0739],[45.5186,13.2076],[45.6925,13.3478],[45.8259,13.4052],[46.0793,13.3994],[46.6012,13.4005],[46.8777,13.4739]]]},"properties":{"NAME":"Yemen","SUBJECTO":"Yemen","PARTOF":"Yemen","BORDERPRECISION":3,"LINK":null}},
{"type":"Feature","geometry":{"type":"MultiPolygon","coordinates":[[[[106.4326,14.5153],[106.5578,14.4643],[106.726,14.3065],[106.8215,14.3296],[106.5109,14.5412],[106.4326,14.5153]]],[[[106.1345,13.9938],[106.1462,14.0236],[106.1387,14.039],[106.1345,13.9938]]],[[[105.7977,13.9934],[105.9918,13.8893],[106.1037,13.9154],[106.1213,13.9602],[105.8619,13.9716],[105.7977,13.9934]]],[[[105.0826,14.2272],[105.2962,14.1266],[105.6176,14.0546],[105.1273,14.221],[105.0826,14.2272]]]]},"properties":{"NAME":"Laos","SUBJECTO":"Laos","PARTOF":"Laos","BORDERPRECISION":3,"LINK":null}},
{"type":"Feature","geometry":{"type":"Polygon","coordinates":[[[103.4713,14.3537],[102.9357,14.1498],[102.6679,13.851],[102.4346,13.5381],[102.385,13.4377],[102.7521,12.3981],[102.6882,12.2602],[102.7359,12.117],[102.6708,12.0377],[102.9626,11.3679],[103.0396,10.898],[103.192,10.9046],[103.4001,11.0385],[103.5249,11.0578],[103.6523,10.8802],[103.6703,10.7659],[103.5885,10.6641],[103.5249,10.5242],[103.6069,10.4735],[103.7388,10.4929],[103.831,10.474],[104.0031,10.5379],[104.1603,10.5192],[104.272,10.3987],[104.3872,10.3144],[104.5218,10.4441],[104.8126,10.5475],[105.2241,10.785],[105.4937,10.8882],[105.7172,10.8832],[106.0271,10.7961],[106.1034,10.9172],[106.09,11.0061],[105.8341,11.2015],[105.7368,11.3915],[105.8425,11.5827],[106.2881,11.8394],[106.523,11.9425],[106.9419,12.1419],[107.2114,12.226],[107.3845,12.3541],[107.4823,12.5833],[107.4578,13.0659],[107.4803,13.2566],[107.5146,13.422],[107.3097,13.878],[107.2967,14.1765],[107.387,14.5569],[106.8414,14.3159],[106.8215,14.3296],[106.726,14.3065],[106.5578,14.4643],[106.4326,14.5153],[106.0456,14.3871],[106.1435,14.0904],[106.1387,14.039],[106.1462,14.0236],[106.1345,13.9938],[106.1313,13.9598],[106.1213,13.9602],[106.1037,13.9154],[105.9918,13.8893],[105.7977,13.9934],[105.6176,14.0546],[105.2962,14.1266],[105.0826,14.2272],[104.356,14.3278],[104.1565,14.3504],[104.1419,14.3484],[103.7829,14.3781],[103.4713,14.3537]]]},"properties":{"NAME":"Cambodia","SUBJECTO":"Cambodia","PARTOF":"Cambodia","BORDERPRECISION":3,"LINK":null}},
{"type":"Feature","geometry":{"type":"Polygon","coordinates":[[[104.3872,10.3144],[104.4278,10.2847],[104.7649,10.1774],[104.9785,9.9809],[104.9873,9.8221],[104.8904,9.6948],[104.8224,9.4723],[104.7776,8.8813],[104.7425,8.4937],[104.9071,8.475],[105.0257,8.5197],[105.2084,8.6535],[105.2966,8.7744],[105.5031,9.029],[105.6908,9.1247],[105.9266,9.1888],[106.1184,9.3353],[106.2293,9.5516],[106.3351,9.52],[106.482,9.5521],[106.6563,9.7431],[106.7486,10.0673],[106.727,10.2261],[106.7044,10.4484],[106.09,11.0061],[106.1034,10.9172],[106.0271,10.7961],[105.7172,10.8832],[105.4937,10.8882],[105.2241,10.785],[104.8126,10.5475],[104.5218,10.4441],[104.3872,10.3144]]]},"properties":{"NAME":"Cochin China","SUBJECTO":"Cochin China","PARTOF":"Cochin China","BORDERPRECISION":3,"LINK":null}},
{"type":"Feature","geometry":{"type":"Polygon","coordinates":[[[106.09,11.0061],[106.7044,10.4484],[106.7732,10.6392],[106.8538,10.5758],[107.0356,10.4364],[107.2657,10.348],[107.412,10.3674],[107.6729,10.5268],[107.9387,10.8069],[108.1643,10.9662],[108.3528,11.0428],[108.5815,11.0878],[108.6959,11.1452],[108.8973,11.3426],[109.0613,11.5907],[109.0734,11.6352],[109.0484,11.9338],[109.0909,12.1181],[109.0684,12.4865],[109.1745,12.7091],[109.3071,12.9063],[109.0711,14.17],[108.9178,14.7923],[108.7861,15.0906],[108.4989,15.3631],[108.3631,15.6233],[108.2361,16.0804],[108.0953,16.2516],[107.8092,16.2827],[107.692,16.3714],[107.115,16.9546],[106.6223,17.3284],[106.4331,17.5503],[106.3938,17.6645],[106.3752,17.8995],[106.3644,18.0075],[105.8641,18.4892],[105.6533,18.7428],[105.5326,18.8442],[105.707,19.2829],[105.8434,19.7024],[105.9649,19.8805],[106.0417,19.9379],[106.2814,20.0464],[106.3809,20.1101],[106.6443,20.4664],[106.7716,20.6381],[106.7462,20.8159],[106.807,20.905],[107.3743,20.8808],[107.4658,20.9763],[107.4178,21.1858],[107.7898,21.4025],[107.8756,21.4621],[107.7866,21.5263],[107.3775,21.5747],[107.0981,21.6493],[106.6734,21.9262],[106.5506,22.0905],[106.5074,22.3252],[106.7198,22.6629],[106.6945,22.8342],[106.588,22.9288],[106.2381,22.9077],[105.9411,22.9314],[105.594,23.0373],[105.3134,23.296],[105.1794,23.2508],[104.9446,23.1034],[104.6314,22.854],[104.4781,22.7832],[104.115,22.7303],[103.3973,22.7071],[103.2478,22.6554],[102.9851,22.4698],[102.8388,22.5134],[102.5704,22.6896],[102.417,22.6951],[102.1855,22.6366],[101.9679,22.5337],[102.1706,22.1984],[102.4464,21.9397],[102.6907,21.6681],[102.8429,21.2499],[102.9929,20.9396],[103.2662,20.7444],[103.4779,20.6567],[103.6071,20.6829],[103.8361,20.9001],[104.0112,20.9773],[104.1291,20.9399],[104.3241,20.6363],[104.7158,20.2004],[104.7197,19.9719],[104.6051,19.8252],[104.4875,19.7419],[104.3585,19.7158],[104.1446,19.7463],[104.0048,19.701],[103.8801,19.5352],[103.8993,19.3131],[103.972,19.2691],[104.5277,18.9358],[104.8122,18.7216],[105.0986,18.4312],[105.4127,18.0837],[106.1698,17.1293],[106.4264,16.7181],[106.6382,16.4843],[106.9463,16.3083],[107.1075,16.1696],[107.1686,15.9921],[107.0671,15.7946],[107.0998,15.6678],[107.3381,15.4533],[107.434,15.257],[107.4634,14.9968],[107.3933,14.5835],[107.387,14.5569],[107.2967,14.1765],[107.3097,13.878],[107.5146,13.422],[107.4803,13.2566],[107.4578,13.0659],[107.4823,12.5833],[107.3845,12.3541],[107.2114,12.226],[106.9419,12.1419],[106.523,11.9425],[106.2881,11.8394],[105.8425,11.5827],[105.7368,11.3915],[105.8341,11.2015],[106.09,11.0061]]]},"properties":{"NAME":"Đại Việt","SUBJECTO":"Đại Việt","PARTOF":"Đại Việt","BORDERPRECISION":3,"LINK":null}},
{"type":"Feature","geometry":{"type":"Polygon","coordinates":[[[-2.193,35.0542],[-2.3259,35.054],[-2.3557,35.0539],[-2.7148,35.0977],[-2.8299,35.1421],[-3.009,35.39],[-3.2058,35.2686],[-3.4408,35.1663],[-4.0279,35.1332],[-4.2954,35.1518],[-4.593,35.1512],[-5.1096,35.3793],[-5.1718,35.4238],[-5.4794,35.8052],[-5.565,35.8623],[-5.8079,35.7854],[-5.9288,35.7279],[-6.302,34.8614],[-6.472,34.5309],[-6.5115,34.4543],[-6.753,34.1234],[-7.004,33.875],[-7.3326,33.6964],[-7.9024,33.4855],[-8.3144,33.3385],[-8.6403,33.1217],[-9.2187,32.5804],[-9.2508,32.4214],[-9.2223,32.2562],[-9.3176,31.9637],[-9.6353,31.5754],[-9.8133,31.2891],[-9.8578,31.0602],[-9.817,30.7552],[-9.625,30.4061],[-9.6027,30.1837],[-9.6626,29.9548],[-9.8696,29.643],[-10.3393,29.1463],[-8.5932,28.6414],[-8.2845,28.783],[-4.95,28.8566],[-1.7136,28.3942],[-1.3437,29.0415],[-1.7136,30.0587],[-1.2343,31.989],[-1.0813,32.4539],[-1.1126,32.5491],[-1.3409,32.694],[-1.6102,33.0485],[-1.6811,33.2578],[-1.6739,33.83],[-1.664,34.2051],[-1.7382,34.6051],[-1.8233,34.7],[-2.0766,34.8257],[-2.193,35.0542]]]},"properties":{"NAME":"Morocco","SUBJECTO":"Morocco","PARTOF":"Morocco","BORDERPRECISION":3,"LINK":null}},
{"type":"Feature","geometry":{"type":"Polygon","coordinates":[[[-57.9005,1.5939],[-57.5542,1.7085],[-57.1339,1.9017],[-56.7096,1.8915],[-56.5296,1.8735],[-56.0312,1.7493],[-55.7935,1.7253],[-56.0687,2.1814],[-55.9786,2.3281],[-55.9011,2.3985],[-55.6123,2.343],[-55.4239,2.2805],[-55.2448,2.307],[-55.0043,2.4801],[-54.8606,2.481],[-54.3883,2.2613],[-54.1683,2.6949],[-53.9773,3.3571],[-53.9902,3.5541],[-54.2249,3.9342],[-54.2636,4.2328],[-54.3239,4.5185],[-54.3661,4.6899],[-54.3042,4.9573],[-54.1284,5.2952],[-53.8369,5.6895],[-54.2862,5.8815],[-54.5697,5.9635],[-54.8948,5.9946],[-55.2834,5.9811],[-55.6581,5.9866],[-55.8098,5.999],[-55.8734,5.9607],[-55.9108,5.7763],[-56.1202,5.795],[-56.7464,6.0033],[-56.9184,5.9775],[-57.0651,5.8374],[-57.2332,6.1294],[-57.4137,6.3514],[-57.7322,6.5986],[-57.9603,6.7315],[-58.0057,6.7886],[-58.2753,6.8707],[-58.3746,6.826],[-58.5085,6.559],[-58.5751,6.9844],[-58.5816,4.9998],[-57.8789,2.8491],[-57.9005,1.5939]]]},"properties":{"NAME":"British Guiana","SUBJECTO":"UK","PARTOF":"British Guiana","BORDERPRECISION":3,"LINK":null}},
{"type":"Feature","geometry":{"type":"Polygon","coordinates":[[[-69.9012,-4.3787],[-69.9703,-4.4164],[-70.3272,-4.3104],[-70.5491,-4.2673],[-70.6938,-4.2999],[-70.9655,-4.4985],[-71.1324,-4.5504],[-71.4338,-4.5204],[-72.2862,-4.8686],[-72.6018,-5.0675],[-72.7693,-5.1448],[-73.0389,-5.7819],[-73.1825,-6.0115],[-73.1919,-6.0815],[-73.0674,-6.4684],[-73.0619,-6.5192],[-73.3431,-6.7433],[-73.622,-6.8911],[-73.7788,-7.0445],[-73.89,-7.3248],[-73.8421,-7.5787],[-73.5637,-8.0092],[-72.964,-8.9842],[-72.9161,-9.0411],[-66.4741,-9.915],[-66.468,-9.9116],[-66.306,-9.8407],[-65.8858,-9.8064],[-65.3087,-9.8157],[-65.2881,-10.1524],[-65.3238,-10.4322],[-65.3528,-10.7119],[-65.3366,-11.0804],[-65.2731,-11.3659],[-65.1221,-11.6319],[-64.7563,-12.0491],[-64.2614,-12.4719],[-64.1194,-12.5155],[-63.7654,-12.5261],[-63.6053,-12.5125],[-63.3011,-12.6251],[-62.9912,-12.763],[-62.6537,-13.0342],[-62.5189,-13.0779],[-62.1216,-13.0946],[-62.0786,-13.1007],[-61.9055,-13.4491],[-61.7263,-13.5879],[-61.6273,-13.6254],[-61.1105,-13.5906],[-60.8243,-13.6461],[-60.5828,-13.7209],[-60.4014,-13.8278],[-60.3629,-13.9039],[-60.38,-14.1581],[-60.2888,-14.6214],[-60.2752,-14.939],[-60.2129,-15.8535],[-60.1009,-16.2785],[-60.0322,-16.3289],[-59.5971,-16.3454],[-59.3721,-16.3504],[-58.6454,-16.3589],[-58.3335,-16.3697],[-58.3148,-16.503],[-58.432,-16.8786],[-58.4017,-17.1325],[-58.2056,-17.3156],[-57.8767,-17.4788],[-57.7344,-17.694],[-57.5964,-18.0426],[-57.5865,-18.2649],[-57.6698,-18.7927],[-57.7771,-19.1681],[-57.9482,-19.5122],[-58.1377,-19.8118],[-55.134,-24.0569],[-54.5537,-23.8566],[-54.4481,-23.9068],[-54.2272,-24.058],[-54.2188,-24.1215],[-54.3632,-24.459],[-54.4973,-24.8345],[-54.5969,-25.2035],[-54.6091,-25.553],[-54.5804,-25.7433],[-54.1499,-25.671],[-53.9418,-25.6634],[-53.8489,-25.7518],[-53.6165,-26.2713],[-53.6588,-27.0083],[-53.7311,-27.2183],[-53.9654,-27.3594],[-54.7547,-27.6942],[-54.9113,-27.8031],[-55.6464,-28.4551],[-56.2922,-29.0684],[-57.1046,-29.8859],[-57.4794,-30.2817],[-57.5757,-30.4029],[-57.328,-30.4015],[-56.8591,-30.2909],[-56.7464,-30.2458],[-56.6266,-30.2896],[-56.4151,-30.4534],[-56.2445,-30.6366],[-55.9789,-31.0034],[-55.8741,-31.1743],[-55.7527,-31.1672],[-55.4406,-30.9749],[-55.2765,-31.1518],[-55.0821,-31.411],[-54.8044,-31.4983],[-54.5567,-31.5858],[-54.1072,-31.85],[-53.8939,-32.0456],[-53.5102,-32.545],[-53.4511,-32.6336],[-53.3779,-32.6459],[-53.2283,-32.8165],[-53.2359,-32.9371],[-53.5209,-33.2816],[-53.567,-33.4025],[-53.4508,-33.7384],[-53.4056,-33.8795],[-52.9214,-33.4386],[-52.567,-33.0187],[-52.3507,-32.6752],[-52.1493,-31.9062],[-52.1436,-31.7474],[-52.0422,-31.5566],[-51.8995,-31.4292],[-51.6023,-31.2317],[-51.4454,-31.0154],[-51.2651,-30.4687],[-51.2661,-30.3353],[-51.2324,-30.2654],[-50.9476,-30.3601],[-50.7686,-30.366],[-50.6086,-30.3022],[-50.5817,-30.4165],[-50.854,-30.9379],[-51.137,-31.1926],[-51.333,-31.4598],[-51.4774,-31.8235],[-51.1168,-31.4721],[-50.8061,-31.1919],[-50.4687,-30.7402],[-50.2441,-30.3205],[-50.0301,-29.8055],[-49.9363,-29.6274],[-49.5465,-29.1565],[-49.1921,-28.9207],[-48.9373,-28.6978],[-48.7284,-28.3671],[-48.6391,-28.0873],[-48.5894,-27.8204],[-48.5639,-27.6806],[-48.5863,-27.2105],[-48.6026,-26.6769],[-48.7754,-26.385],[-48.7375,-26.3151],[-48.6106,-26.2449],[-48.5662,-26.1178],[-48.5162,-25.8763],[-48.5703,-25.635],[-48.7218,-25.5336],[-48.7245,-25.4256],[-48.5995,-25.4317],[-48.3444,-25.3994],[-48.1255,-25.2909],[-47.8862,-24.9855],[-47.6091,-24.788],[-47.2829,-24.6157],[-47.0451,-24.4373],[-46.2062,-23.8828],[-45.9529,-23.7679],[-45.7953,-23.7358],[-45.4592,-23.8558],[-45.3644,-23.6968],[-45.1482,-23.493],[-44.7901,-23.3525],[-44.6575,-23.2633],[-44.5613,-22.9899],[-44.23,-22.9892],[-43.8152,-22.9565],[-43.6058,-23.0069],[-43.2619,-23.0316],[-42.9674,-23.031],[-42.5271,-22.9538],[-42.1384,-22.972],[-41.9578,-22.9208],[-41.9673,-22.7556],[-41.9292,-22.5459],[-41.7696,-22.3804],[-41.5249,-22.2528],[-40.9835,-22.0864],[-41.0481,-21.6609],[-41.0234,-21.521],[-40.9328,-21.2794],[-40.4783,-20.6494],[-40.1398,-19.9752],[-39.8355,-19.7014],[-39.739,-19.5741],[-39.6913,-19.4088],[-39.8014,-18.7483],[-39.7835,-18.583],[-39.6661,-18.227],[-39.4842,-17.9978],[-39.1425,-17.7747],[-39.1621,-17.7366],[-39.225,-17.4445],[-39.2077,-17.1458],[-38.9482,-16.0016],[-38.9832,-15.5569],[-39.1262,-14.3245],[-39.0918,-14.0512],[-39.0697,-13.7208],[-38.8279,-12.9832],[-38.7989,-12.6273],[-38.6338,-12.6651],[-38.5088,-12.7983],[-38.4731,-12.9888],[-38.3859,-12.9823],[-38.2661,-12.8867],[-37.9063,-12.3903],[-37.6366,-11.9513],[-37.4097,-11.4679],[-37.4043,-11.309],[-37.3621,-11.131],[-37.1865,-10.8447],[-37.0269,-10.8253],[-36.8289,-10.7359],[-36.2046,-10.1563],[-35.5986,-9.6276],[-35.3656,-9.2459],[-35.1142,-8.6607],[-35.005,-8.2792],[-34.9246,-7.8724],[-34.8907,-7.6118],[-34.9184,-7.167],[-35.0391,-6.6526],[-35.3057,-5.7509],[-35.3449,-5.4777],[-35.4644,-5.2683],[-35.6648,-5.1797],[-36.0749,-5.1616],[-36.6359,-5.1183],[-36.9661,-5.0428],[-37.1806,-4.9543],[-37.3651,-4.8022],[-37.7348,-4.5297],[-38.0684,-4.2318],[-38.7864,-3.6043],[-39.0501,-3.4078],[-39.3929,-3.1925],[-39.7218,-3.009],[-40.2309,-2.8512],[-40.418,-2.858],[-40.6777,-2.9348],[-40.8936,-2.948],[-41.1025,-2.9738],[-41.6056,-2.9368],[-42.1083,-2.8616],[-42.3165,-2.8176],[-42.7245,-2.6215],[-43.0681,-2.4507],[-43.2332,-2.4193],[-43.334,-2.4322],[-43.7819,-2.6365],[-44.0559,-2.707],[-44.2221,-2.7772],[-44.5934,-3.1466],[-44.6703,-2.9689],[-44.711,-2.7592],[-44.6587,-2.5685],[-44.5203,-2.3839],[-44.4617,-2.2694],[-44.5538,-2.0917],[-44.7959,-1.7364],[-44.9319,-1.6223],[-45.0756,-1.6035],[-45.2563,-1.7628],[-45.3354,-1.7693],[-45.3713,-1.7567],[-45.4921,-1.49],[-45.6426,-1.3633],[-46.1236,-1.161],[-46.4899,-1.0347],[-46.6338,-1.0477],[-46.9283,-0.9276],[-47.2371,-0.6804],[-47.3162,-0.6806],[-47.4745,-0.7699],[-47.9274,-0.7709],[-48.0425,-0.8156],[-48.1651,-0.9938],[-48.3895,-1.4137],[-48.527,-1.5856],[-48.6569,-1.6558],[-49.2211,-2.1081],[-49.4228,-2.3588],[-49.4152,-2.0959],[-49.2906,-1.7906],[-49.6223,-1.9247],[-49.8886,-1.9507],[-50.3993,-1.9645],[-50.5285,-1.9331],[-50.6431,-1.8825],[-50.842,-1.5143],[-50.9768,-1.1143],[-51.0271,-1.1271],[-51.5678,-1.446],[-51.7913,-1.5355],[-52.0216,-1.5677],[-52.1435,-1.5172],[-51.9626,-1.3134],[-51.7742,-0.8555],[-51.5294,-0.4292],[-51.1704,-0.0789],[-51.0605,-0.017],[-50.8761,0.0869],[-50.6468,0.2717],[-50.5397,0.4181],[-50.1201,1.0545],[-49.8843,1.2139],[-49.8639,1.3283],[-49.881,1.5761],[-49.9692,1.7284],[-50.4091,1.8228],[-50.5549,1.9686],[-50.6881,2.2162],[-50.9004,2.8385],[-50.949,3.1116],[-51.1354,3.715],[-51.2093,4.0707],[-51.3152,4.2611],[-51.4393,4.3244],[-51.6234,4.2159],[-51.7101,4.2285],[-51.8528,4.4379],[-52.0979,4.6915],[-52.6669,5.1796],[-53.0267,5.4267],[-53.2741,5.5151],[-53.7389,5.6476],[-53.8369,5.6895],[-54.1284,5.2952],[-54.3042,4.9573],[-54.3661,4.6899],[-54.3239,4.5185],[-54.2636,4.2328],[-54.2249,3.9342],[-53.9902,3.5541],[-53.9773,3.3571],[-54.1683,2.6949],[-54.3883,2.2613],[-54.8606,2.481],[-55.0043,2.4801],[-55.2448,2.307],[-55.4239,2.2805],[-55.6123,2.343],[-55.9011,2.3985],[-55.9786,2.3281],[-56.0687,2.1814],[-55.7935,1.7253],[-56.0312,1.7493],[-56.5296,1.8735],[-56.7096,1.8915],[-57.1339,1.9017],[-57.5542,1.7085],[-57.9005,1.5939],[-58.0043,1.5596],[-58.2318,1.4184],[-58.5442,1.1877],[-58.8527,1.1541],[-59.1287,1.3304],[-59.6249,1.7343],[-60.5158,2.1898],[-63.3265,2.0619],[-63.5826,1.9396],[-63.876,1.8806],[-63.9675,1.7911],[-64.0838,1.4916],[-64.1898,1.3956],[-64.4831,1.3176],[-64.7325,1.189],[-65.0657,0.8946],[-65.3559,0.5623],[-65.478,0.5552],[-65.5617,0.9043],[-65.5989,0.9867],[-65.9394,0.6732],[-66.1259,0.6404],[-66.3428,0.7408],[-66.6554,0.9868],[-66.8498,1.0111],[-67.0553,0.9406],[-66.6598,-2.817],[-67.2531,-2.5533],[-67.8464,-3.0807],[-67.9783,-3.4103],[-69.2308,-3.4762],[-69.3626,-4.1355],[-69.9012,-4.3787]]]},"properties":{"NAME":"Vice-Royalty of Brazil","SUBJECTO":"Portugal","PARTOF":"Portugal","BORDERPRECISION":3,"LINK":null}},
{"type":"Feature","geometry":{"type":"Polygon","coordinates":[[[-58.1377,-19.8118],[-62.61,-22.1565],[-62.5246,-22.1815],[-62.4235,-22.3333],[-62.0714,-22.7442],[-61.4996,-23.3633],[-61.2405,-23.6159],[-60.8647,-23.8805],[-60.6408,-23.9872],[-60.1129,-24.0794],[-59.8111,-24.2174],[-59.0768,-24.715],[-58.4251,-25.0288],[-58.1323,-25.1097],[-57.7099,-25.3359],[-57.7178,-25.4566],[-57.9955,-25.9981],[-58.2768,-26.3808],[-58.2982,-26.4825],[-58.2036,-26.7614],[-58.2533,-26.8506],[-58.4718,-27.0297],[-58.6629,-27.2213],[-58.6918,-27.3167],[-58.6063,-27.3417],[-58.0721,-27.1925],[-57.7989,-27.2036],[-57.3525,-27.3535],[-57.0986,-27.3965],[-56.7788,-27.3946],[-56.4435,-27.3356],[-56.2692,-27.2583],[-56.1634,-27.245],[-56.0061,-27.2886],[-55.7318,-27.4521],[-55.5735,-27.2226],[-55.438,-27.1011],[-54.9851,-26.7683],[-54.8166,-26.5577],[-54.5715,-25.8513],[-54.5804,-25.7433],[-54.6091,-25.553],[-54.5969,-25.2035],[-54.4973,-24.8345],[-54.3632,-24.459],[-54.2188,-24.1215],[-54.2272,-24.058],[-54.4481,-23.9068],[-54.5537,-23.8566],[-55.134,-24.0569],[-58.1377,-19.8118]]]},"properties":{"NAME":"Paraguay","SUBJECTO":"Spain","PARTOF":"Paraguay","BORDERPRECISION":3,"LINK":null}},
{"type":"Feature","geometry":{"type":"Polygon","coordinates":[[[-80.2289,-3.4712],[-80.3716,-3.5672],[-80.5829,-3.6566],[-81.0418,-4.0516],[-81.3036,-4.3317],[-81.4133,-4.5671],[-81.4176,-4.6751],[-81.3015,-4.9989],[-81.1429,-5.1955],[-80.8762,-5.5889],[-80.8234,-5.7159],[-80.8881,-5.9003],[-81.1623,-5.9136],[-81.2436,-5.9646],[-81.297,-6.0409],[-81.0227,-6.2056],[-80.6116,-6.3699],[-80.274,-6.5661],[-80.0659,-6.7563],[-79.7971,-7.1941],[-79.6746,-7.3527],[-79.0602,-8.2155],[-78.7509,-8.7867],[-78.3021,-9.6689],[-77.7587,-10.6589],[-77.6916,-10.8367],[-77.6825,-11.0146],[-77.7072,-11.256],[-77.6739,-11.2941],[-77.4639,-11.389],[-77.3355,-11.5094],[-76.7106,-12.7597],[-76.3592,-13.2291],[-76.238,-13.502],[-76.2382,-13.9086],[-76.2418,-14.1056],[-76.0526,-14.4101],[-75.7853,-14.7272],[-75.2309,-15.2216],[-74.6214,-15.665],[-74.0496,-16.045],[-73.6726,-16.1967],[-73.283,-16.3674],[-72.9801,-16.5319],[-72.5872,-16.7407],[-72.3099,-16.8798],[-72.09,-16.9938],[-71.8632,-17.1203],[-71.6119,-17.2215],[-71.4702,-17.3927],[-71.3652,-17.6974],[-71.224,-17.8051],[-70.5841,-18.0833],[-70.4539,-18.2228],[-70.3636,-18.455],[-70.296,-18.629],[-70.2085,-19.0672],[-70.1898,-19.7596],[-70.1124,-20.6934],[-70.1106,-21.7479],[-70.1923,-22.161],[-70.2011,-22.2175],[-70.2339,-22.428],[-70.2302,-22.7964],[-70.292,-22.9871],[-70.4731,-23.0764],[-70.5732,-23.1656],[-70.5527,-23.3434],[-70.5796,-23.4896],[-70.4152,-23.5274],[-70.3595,-23.6607],[-70.4628,-23.9341],[-70.4528,-24.347],[-70.5194,-24.4551],[-70.4977,-24.8298],[-70.3981,-25.2489],[-70.4932,-25.4714],[-70.683,-25.7704],[-70.6546,-26.2595],[-70.6913,-26.5137],[-70.748,-26.8759],[-70.849,-27.2807],[-70.8574,-27.3144],[-70.9346,-27.7274],[-71.142,-27.9946],[-71.199,-28.245],[-71.2972,-28.6683],[-71.4301,-29.1005],[-71.3862,-29.2846],[-71.2336,-29.5193],[-71.2367,-29.8496],[-71.3295,-30.1039],[-71.4961,-30.3456],[-71.6816,-30.6],[-71.6954,-30.8541],[-71.6515,-31.2414],[-71.5198,-32.1812],[-71.4454,-32.543],[-71.4034,-32.6446],[-71.4161,-32.7526],[-71.5086,-32.9052],[-71.7134,-33.1088],[-71.7504,-33.1915],[-71.6099,-33.5723],[-71.6157,-33.7057],[-71.7386,-33.8774],[-71.8228,-33.9347],[-71.9627,-34.2462],[-72.0761,-34.6719],[-72.1666,-34.9579],[-72.33,-35.2826],[-72.6288,-35.6459],[-72.7096,-35.9388],[-72.8464,-36.3592],[-72.96,-36.5759],[-73.1442,-37.1558],[-73.1879,-37.2196],[-73.2779,-37.2835],[-73.3597,-37.3219],[-73.5841,-37.2777],[-73.6903,-37.3671],[-73.6725,-37.5009],[-73.435,-37.9018],[-73.4007,-38.0993],[-73.4404,-38.3543],[-73.4412,-38.6284],[-73.1963,-39.4187],[-73.1938,-39.5654],[-73.4343,-39.9104],[-73.7594,-40.2434],[-73.8208,-40.4291],[-73.9052,-40.839],[-73.8453,-41.1528],[-73.6656,-41.4794],[-73.5936,-41.6972],[-73.4636,-41.7868],[-73.4242,-41.7867],[-73.1777,-41.7606],[-72.9634,-41.5741],[-72.8909,-41.5291],[-72.7675,-41.5353],[-72.5872,-41.6183],[-71.8048,-41.5737],[-71.8602,-40.7482],[-71.8155,-40.5817],[-71.6733,-40.3379],[-71.4434,-39.2459],[-71.4195,-39.1056],[-71.3628,-39.0288],[-70.9349,-38.7907],[-70.8441,-38.7265],[-71.0408,-38.3072],[-71.1526,-37.8112],[-71.1588,-37.2892],[-71.0951,-36.8052],[-70.9912,-36.6647],[-70.3907,-36.1651],[-70.3558,-36.0186],[-70.4409,-35.5421],[-70.4804,-35.358],[-70.3368,-35.0902],[-69.8493,-34.2559],[-69.8155,-34.0717],[-69.84,-33.7608],[-70.193,-32.4934],[-70.3765,-31.974],[-70.5048,-31.6891],[-70.4345,-31.257],[-70.26,-30.7165],[-70.1288,-30.5634],[-69.9072,-30.4415],[-69.8518,-30.3586],[-69.8761,-30.016],[-69.951,-29.3561],[-69.5807,-28.5286],[-69.4541,-28.3311],[-69.1803,-28.0184],[-68.9712,-27.6426],[-68.8235,-27.2671],[-68.4674,-27.2269],[-68.3177,-27.2197],[-68.2492,-27.0796],[-68.2543,-26.9781],[-68.4928,-26.7635],[-68.5439,-26.5352],[-68.4713,-26.3634],[-68.3482,-26.1976],[-68.3616,-26.096],[-68.4802,-25.9393],[-68.5147,-25.8937],[-68.5653,-25.6971],[-68.5622,-25.4367],[-68.3728,-25.1118],[-68.4855,-24.744],[-68.3935,-24.6038],[-68.0251,-24.4365],[-67.4195,-24.198],[-67.2575,-24.0827],[-67.0145,-23.4271],[-66.9724,-23.1411],[-67.045,-23.0716],[-67.1404,-23.0086],[-67.1889,-22.9835],[-66.2772,-22.0445],[-66.1459,-21.9231],[-66.001,-22.0048],[-65.9142,-22.0805],[-65.6377,-22.1678],[-65.2319,-22.1528],[-64.9946,-22.1323],[-64.7556,-22.1627],[-64.5892,-22.2507],[-64.4358,-22.3895],[-64.2486,-22.8775],[-63.7836,-22.0745],[-63.4749,-22.0727],[-62.8764,-22.1073],[-62.61,-22.1565],[-58.1377,-19.8118],[-57.9482,-19.5122],[-57.7771,-19.1681],[-57.6698,-18.7927],[-57.5865,-18.2649],[-57.5964,-18.0426],[-57.7344,-17.694],[-57.8767,-17.4788],[-58.2056,-17.3156],[-58.4017,-17.1325],[-58.432,-16.8786],[-58.3148,-16.503],[-58.3335,-16.3697],[-58.6454,-16.3589],[-59.3721,-16.3504],[-59.5971,-16.3454],[-60.0322,-16.3289],[-60.1009,-16.2785],[-60.2129,-15.8535],[-60.2752,-14.939],[-60.2888,-14.6214],[-60.38,-14.1581],[-60.3629,-13.9039],[-60.4014,-13.8278],[-60.5828,-13.7209],[-60.8243,-13.6461],[-61.1105,-13.5906],[-61.6273,-13.6254],[-61.7263,-13.5879],[-61.9055,-13.4491],[-62.0786,-13.1007],[-62.1216,-13.0946],[-62.5189,-13.0779],[-62.6537,-13.0342],[-62.9912,-12.763],[-63.3011,-12.6251],[-63.6053,-12.5125],[-63.7654,-12.5261],[-64.1194,-12.5155],[-64.2614,-12.4719],[-64.7563,-12.0491],[-65.1221,-11.6319],[-65.2731,-11.3659],[-65.3366,-11.0804],[-65.3528,-10.7119],[-65.3238,-10.4322],[-65.2881,-10.1524],[-65.3087,-9.8157],[-65.8858,-9.8064],[-66.306,-9.8407],[-66.468,-9.9116],[-66.4741,-9.915],[-72.9161,-9.0411],[-72.964,-8.9842],[-73.5637,-8.0092],[-73.8421,-7.5787],[-73.89,-7.3248],[-73.7788,-7.0445],[-73.622,-6.8911],[-73.3431,-6.7433],[-73.0619,-6.5192],[-73.0674,-6.4684],[-73.1919,-6.0815],[-73.1825,-6.0115],[-73.0389,-5.7819],[-72.7693,-5.1448],[-72.6018,-5.0675],[-72.2862,-4.8686],[-71.4338,-4.5204],[-71.1324,-4.5504],[-70.9655,-4.4985],[-70.6938,-4.2999],[-70.5491,-4.2673],[-70.3272,-4.3104],[-69.9703,-4.4164],[-69.9012,-4.3787],[-69.817,-4.3328],[-69.878,-4.187],[-69.9484,-4.1239],[-70.2071,-3.8077],[-70.3137,-3.7511],[-70.3862,-3.777],[-70.5879,-3.7909],[-71.0608,-3.9377],[-71.7359,-3.6424],[-71.8624,-3.2626],[-72.2421,-3.5158],[-72.875,-3.3892],[-73.2547,-3.6002],[-73.1281,-3.9377],[-73.4235,-4.0221],[-73.5922,-4.444],[-73.8876,-4.5706],[-74.1829,-4.4018],[-74.3095,-4.6127],[-74.6048,-4.3596],[-74.9845,-4.7815],[-75.4935,-4.6628],[-75.6912,-5.0584],[-77.3393,-4.7947],[-77.4052,-4.3332],[-78.878,-4.8697],[-78.9983,-5.0102],[-79.1072,-5.0426],[-79.2862,-5.0119],[-79.4654,-4.7906],[-79.5515,-4.575],[-79.6917,-4.4615],[-80.0587,-4.4636],[-80.2585,-4.414],[-80.3061,-4.3253],[-80.3497,-4.1031],[-80.2446,-3.95],[-80.2314,-3.7275],[-80.2289,-3.4712]]]},"properties":{"NAME":"Vice-Royalty of Peru","SUBJECTO":"Spain","PARTOF":"Vice-Royalty of Peru","BORDERPRECISION":3,"LINK":null}},
{"type":"Feature","geometry":{"type":"Polygon","coordinates":[[[-54.5804,-25.7433],[-54.5715,-25.8513],[-54.8166,-26.5577],[-54.9851,-26.7683],[-55.438,-27.1011],[-55.5735,-27.2226],[-55.7318,-27.4521],[-56.0061,-27.2886],[-56.1634,-27.245],[-56.2692,-27.2583],[-56.4435,-27.3356],[-56.7788,-27.3946],[-57.0986,-27.3965],[-57.3525,-27.3535],[-57.7989,-27.2036],[-58.0721,-27.1925],[-58.6063,-27.3417],[-58.6918,-27.3167],[-58.6629,-27.2213],[-58.4718,-27.0297],[-58.2533,-26.8506],[-58.2036,-26.7614],[-58.2982,-26.4825],[-58.2768,-26.3808],[-57.9955,-25.9981],[-57.7178,-25.4566],[-57.7099,-25.3359],[-58.1323,-25.1097],[-58.4251,-25.0288],[-59.0768,-24.715],[-59.8111,-24.2174],[-60.1129,-24.0794],[-60.6408,-23.9872],[-60.8647,-23.8805],[-61.2405,-23.6159],[-61.4996,-23.3633],[-62.0714,-22.7442],[-62.4235,-22.3333],[-62.5246,-22.1815],[-62.61,-22.1565],[-62.8764,-22.1073],[-63.4749,-22.0727],[-63.7836,-22.0745],[-64.2486,-22.8775],[-64.4358,-22.3895],[-64.5892,-22.2507],[-64.7556,-22.1627],[-64.9946,-22.1323],[-65.2319,-22.1528],[-65.6377,-22.1678],[-65.9142,-22.0805],[-66.001,-22.0048],[-66.1459,-21.9231],[-66.2772,-22.0445],[-67.1889,-22.9835],[-67.1404,-23.0086],[-67.045,-23.0716],[-66.9724,-23.1411],[-67.0145,-23.4271],[-67.2575,-24.0827],[-67.4195,-24.198],[-68.0251,-24.4365],[-68.3935,-24.6038],[-68.4855,-24.744],[-68.3728,-25.1118],[-68.5622,-25.4367],[-68.5653,-25.6971],[-68.5147,-25.8937],[-68.4802,-25.9393],[-68.3616,-26.096],[-68.3482,-26.1976],[-68.4713,-26.3634],[-68.5439,-26.5352],[-68.4928,-26.7635],[-68.2543,-26.9781],[-68.2492,-27.0796],[-68.3177,-27.2197],[-68.4674,-27.2269],[-68.8235,-27.2671],[-68.9712,-27.6426],[-69.1803,-28.0184],[-69.4541,-28.3311],[-69.5807,-28.5286],[-69.951,-29.3561],[-69.8761,-30.016],[-69.8518,-30.3586],[-69.9072,-30.4415],[-70.1288,-30.5634],[-70.26,-30.7165],[-70.4345,-31.257],[-70.5048,-31.6891],[-70.3765,-31.974],[-70.193,-32.4934],[-69.84,-33.7608],[-69.8155,-34.0717],[-69.8493,-34.2559],[-70.3368,-35.0902],[-70.4804,-35.358],[-70.4409,-35.5421],[-70.3558,-36.0186],[-70.3907,-36.1651],[-70.9912,-36.6647],[-71.0951,-36.8052],[-71.1588,-37.2892],[-71.1526,-37.8112],[-71.0408,-38.3072],[-70.8441,-38.7265],[-70.9349,-38.7907],[-71.3628,-39.0288],[-71.4195,-39.1056],[-71.4434,-39.2459],[-71.6733,-40.3379],[-71.8155,-40.5817],[-71.8602,-40.7482],[-71.8048,-41.5737],[-70.7527,-41.0032],[-70.7502,-41.0031],[-69.951,-40.9708],[-69.7735,-40.4382],[-69.3,-40.379],[-68.8266,-39.7281],[-66.2819,-40.2607],[-64.9799,-40.0831],[-64.9207,-40.5566],[-64.2106,-40.5566],[-62.7315,-41.0497],[-62.4008,-40.9249],[-62.3533,-40.8992],[-62.2598,-40.8029],[-62.2893,-40.6749],[-62.4658,-40.3679],[-62.4349,-40.1951],[-62.2795,-39.9709],[-62.1082,-39.6898],[-62.0678,-39.5558],[-62.2064,-39.4731],[-62.351,-39.3331],[-62.3673,-38.9695],[-62.3099,-38.8802],[-61.8895,-38.9813],[-61.3607,-39.0313],[-60.9357,-39.0113],[-60.323,-38.9591],[-59.5154,-38.8745],[-58.6512,-38.6942],[-58.1831,-38.5403],[-57.8089,-38.3865],[-57.6434,-38.2587],[-57.5021,-37.9269],[-57.1739,-37.5821],[-56.8365,-37.1609],[-56.6981,-36.9441],[-56.7997,-36.543],[-56.8488,-36.4922],[-57.0836,-36.4163],[-57.2936,-36.2702],[-57.3717,-36.1494],[-57.4192,-35.9968],[-57.3996,-35.8185],[-57.2368,-35.5827],[-57.2255,-35.4363],[-57.3519,-35.2902],[-57.4793,-35.2141],[-57.8009,-35.0875],[-58.107,-34.961],[-58.5228,-34.5871],[-58.5297,-34.4855],[-58.4125,-34.3391],[-58.3397,-34.2161],[-58.1802,-34.2878],[-57.9337,-34.5414],[-57.7868,-34.5983],[-57.5587,-34.566],[-57.3477,-34.5084],[-57.0056,-34.5776],[-56.719,-34.6914],[-56.3383,-34.9955],[-56.1671,-35.0142],[-55.8791,-34.8865],[-55.6313,-34.8352],[-55.3831,-34.8157],[-54.9898,-34.9673],[-54.6215,-34.9221],[-54.4232,-34.8518],[-54.0743,-34.6478],[-53.7932,-34.3995],[-53.4319,-33.9034],[-53.4056,-33.8795],[-53.4508,-33.7384],[-53.567,-33.4025],[-53.5209,-33.2816],[-53.2359,-32.9371],[-53.2283,-32.8165],[-53.3779,-32.6459],[-53.4511,-32.6336],[-53.5102,-32.545],[-53.8939,-32.0456],[-54.1072,-31.85],[-54.5567,-31.5858],[-54.8044,-31.4983],[-55.0821,-31.411],[-55.2765,-31.1518],[-55.4406,-30.9749],[-55.7527,-31.1672],[-55.8741,-31.1743],[-55.9789,-31.0034],[-56.2445,-30.6366],[-56.4151,-30.4534],[-56.6266,-30.2896],[-56.7464,-30.2458],[-56.8591,-30.2909],[-57.328,-30.4015],[-57.5757,-30.4029],[-57.4794,-30.2817],[-57.1046,-29.8859],[-56.2922,-29.0684],[-55.6464,-28.4551],[-54.9113,-27.8031],[-54.7547,-27.6942],[-53.9654,-27.3594],[-53.7311,-27.2183],[-53.6588,-27.0083],[-53.6165,-26.2713],[-53.8489,-25.7518],[-53.9418,-25.6634],[-54.1499,-25.671],[-54.5804,-25.7433]]]},"properties":{"NAME":"Viceroyalty of the Río de la Plata","SUBJECTO":"Viceroyalty of the Río de la Plata","PARTOF":"Viceroyalty of the Río de la Plata","BORDERPRECISION":3,"LINK":null}},
{"type":"Feature","geometry":{"type":"Polygon","coordinates":[[[92.51,22.1104],[92.5976,21.387],[92.237,21.15],[92.1237,20.9964],[92.1763,20.8866],[92.4034,20.614],[92.6628,20.4049],[92.8271,20.4243],[92.9215,20.3737],[92.9333,20.3102],[92.8944,20.1132],[93.0656,19.9928],[93.2485,20.0377],[93.3343,20.0252],[93.416,19.9428],[93.7238,19.594],[93.7478,19.4734],[93.815,19.2576],[93.675,19.2509],[93.4579,19.1742],[93.6947,19.0096],[93.839,18.9527],[93.9656,19.1944],[94.0537,19.0611],[94.2474,18.5788],[94.4205,18.1408],[94.4653,17.6645],[94.4653,17.6428],[95.1639,17.6428],[95.3616,18.0383],[94.7024,20.016],[93.318,21.73],[93.1277,22.2029],[93.0046,22.0371],[92.8923,21.9793],[92.7778,22.0421],[92.51,22.1104]]]},"properties":{"NAME":"Arakan","SUBJECTO":"Arakan","PARTOF":"Arakan","BORDERPRECISION":3,"LINK":null}},
{"type":"Feature","geometry":{"type":"Polygon","coordinates":[[[13.8,45.5664],[13.825,45.6627],[13.6971,45.7518],[13.5351,45.8013],[13.592,45.9638],[13.4407,46.0039],[13.6063,46.1321],[13.522,46.2156],[13.3887,46.2163],[13.3445,46.2845],[13.6211,46.4209],[13.5689,46.5104],[13.354,46.5607],[12.9519,46.5975],[12.3619,46.7085],[12.2178,46.8843],[12.0748,46.9275],[11.7397,46.7517],[11.9084,46.4141],[11.5709,46.2454],[11.5709,45.9754],[11.3346,46.0091],[11.2334,46.0091],[11.1659,45.7391],[10.9296,45.8403],[10.7946,45.6378],[10.6596,45.8066],[10.6418,45.4694],[10.675,45.3531],[10.8244,45.3531],[10.8561,45.0507],[11.1698,45.0672],[11.2395,45.0709],[11.6048,44.9048],[11.7709,45.0709],[11.8871,45.0875],[11.9701,45.0376],[12.0531,45.021],[12.0365,45.1373],[12.1362,45.1041],[12.3778,44.7315],[12.476,44.7871],[12.5231,44.8828],[12.409,44.989],[12.3221,45.0424],[12.3125,45.1783],[12.1762,45.2143],[12.1804,45.2703],[12.2514,45.2903],[12.2797,45.4023],[12.4832,45.4623],[12.4482,45.3943],[12.8987,45.5584],[13.1046,45.5824],[13.1562,45.7265],[13.3677,45.6945],[13.4377,45.6384],[13.5646,45.7265],[13.6732,45.7145],[13.8,45.5664]]]},"properties":{"NAME":"Venetia","SUBJECTO":"Venetia","PARTOF":"Venetia","BORDERPRECISION":3,"LINK":null}},
{"type":"Feature","geometry":{"type":"Polygon","coordinates":[[[9.5724,44.437],[9.5957,44.5727],[9.7452,44.6059],[9.8946,44.5561],[9.9776,44.4067],[10.0565,44.3804],[10.1271,44.3569],[10.1935,44.4897],[10.2433,44.4897],[10.3595,44.689],[10.2765,44.9048],[10.3933,45.0263],[10.2931,45.021],[9.6621,45.2203],[9.1308,45.1207],[9.1308,44.7886],[9.2304,44.772],[9.2968,44.5395],[9.3633,44.5561],[9.3965,44.4399],[9.4795,44.4731],[9.5724,44.437]]]},"properties":{"NAME":"Parma","SUBJECTO":"Parma","PARTOF":"Parma","BORDERPRECISION":3,"LINK":null}},
{"type":"Feature","geometry":{"type":"Polygon","coordinates":[[[14.0764,42.6338],[13.9151,42.8728],[13.7916,43.1233],[13.7316,43.3742],[13.6009,43.5348],[12.6972,43.9348],[12.5081,44.1315],[12.3451,44.301],[12.2807,44.5501],[12.2736,44.6726],[12.3778,44.7315],[12.1362,45.1041],[12.0365,45.1373],[12.0531,45.021],[11.9701,45.0376],[11.8871,45.0875],[11.7709,45.0709],[11.6048,44.9048],[11.2395,45.0709],[11.1698,45.0672],[11.3392,44.855],[11.2561,44.7886],[11.1731,44.6059],[11.2893,44.4565],[11.2893,44.3735],[11.1399,44.3403],[11.202,44.1426],[11.3226,44.1576],[11.2893,44.224],[11.4554,44.2739],[11.5716,44.224],[11.555,44.1908],[11.7045,44.224],[11.6879,44.2572],[11.7377,44.3569],[11.8041,44.3403],[11.8539,44.3569],[11.9037,44.3237],[11.8871,44.2572],[11.9369,44.0912],[12.0199,44.1742],[12.0864,44.1742],[12.0531,44.1078],[12.0531,44.0746],[12.0365,43.9252],[12.0864,43.8421],[12.1694,43.892],[12.2192,43.892],[12.1196,43.7425],[12.103,43.6097],[12.1196,43.4769],[12.2192,43.344],[12.3022,43.344],[12.3022,43.2776],[12.2192,43.2278],[12.1528,43.0617],[12.1694,42.9123],[12.186,42.9123],[12.1528,42.6965],[12.1694,42.63],[12.1297,42.596],[12.0531,42.5304],[12.0697,42.298],[12.0033,42.2481],[12.0199,42.0987],[11.9601,42.0074],[11.9634,42.0047],[12.3948,41.7295],[12.6415,41.5311],[12.9768,41.3714],[13.2714,41.3142],[13.4984,41.3019],[13.7605,41.2067],[13.8132,41.3183],[13.9792,41.3349],[13.9958,41.3515],[14.029,41.4013],[13.9626,41.4677],[13.9626,41.5176],[13.9294,41.6338],[13.8796,41.6338],[13.8796,41.667],[13.9294,41.75],[13.863,41.7832],[13.863,41.75],[13.6471,41.7998],[13.6471,41.75],[13.5973,41.7998],[13.5641,41.8662],[13.6305,41.9327],[13.6305,42.0157],[13.5807,42.0489],[13.5807,42.0987],[13.4147,42.1983],[13.4645,42.2315],[13.4147,42.3644],[13.5475,42.4308],[13.6305,42.5304],[13.7136,42.3976],[13.7634,42.464],[13.8298,42.4806],[13.8298,42.5636],[13.9294,42.5304],[13.9958,42.6134],[14.0764,42.6338]]]},"properties":{"NAME":"Papal States","SUBJECTO":"Papal States","PARTOF":"Papal States","BORDERPRECISION":3,"LINK":null}},
{"type":"Feature","geometry":{"type":"Polygon","coordinates":[[[9.5724,44.437],[9.7784,44.3569],[9.8282,44.2905],[9.878,44.2905],[9.8924,44.3434],[9.9545,44.333],[9.9776,44.4067],[9.8946,44.5561],[9.7452,44.6059],[9.5957,44.5727],[9.5724,44.437]]]},"properties":{"NAME":"Pontremoli","SUBJECTO":"Pontremoli","PARTOF":"Pontremoli","BORDERPRECISION":3,"LINK":null}},
{"type":"Feature","geometry":{"type":"Polygon","coordinates":[[[10.0565,44.3804],[10.0372,44.2916],[10.1407,44.2192],[10.1717,44.3123],[10.1271,44.3569],[10.0565,44.3804]]]},"properties":{"NAME":"Fivizzano","SUBJECTO":"Fivizzano","PARTOF":"Fivizzano","BORDERPRECISION":3,"LINK":null}},
{"type":"Feature","geometry":{"type":"Polygon","coordinates":[[[10.3379,43.5962],[10.5028,43.6088],[10.5959,43.5778],[10.7511,43.6295],[10.689,43.8675],[10.7304,43.9813],[10.6916,44.0912],[10.592,44.141],[10.5422,44.0912],[10.509,44.0912],[10.4101,43.9374],[10.3595,43.8587],[10.3263,43.892],[10.2614,43.7452],[10.2925,43.7054],[10.3379,43.5962]]]},"properties":{"NAME":"Lucca","SUBJECTO":"Lucca","PARTOF":"Lucca","BORDERPRECISION":3,"LINK":null}},
{"type":"Feature","geometry":{"type":"Polygon","coordinates":[[[11.202,44.1426],[11.0569,44.1244],[11.0569,44.1576],[10.9573,44.1576],[10.8244,44.2074],[10.7082,44.1742],[10.6916,44.0912],[10.7304,43.9813],[10.689,43.8675],[10.7511,43.6295],[10.5959,43.5778],[10.5028,43.6088],[10.3379,43.5962],[10.4877,43.2359],[10.7428,42.8505],[11.1048,42.5491],[11.4974,42.3764],[11.9601,42.0074],[12.0199,42.0987],[12.0033,42.2481],[12.0697,42.298],[12.0531,42.5304],[12.1297,42.596],[12.1694,42.63],[12.1528,42.6965],[12.186,42.9123],[12.1694,42.9123],[12.1528,43.0617],[12.2192,43.2278],[12.3022,43.2776],[12.3022,43.344],[12.2192,43.344],[12.1196,43.4769],[12.103,43.6097],[12.1196,43.7425],[12.2192,43.892],[12.1694,43.892],[12.0864,43.8421],[12.0365,43.9252],[12.0531,44.0746],[12.0531,44.1078],[12.0864,44.1742],[12.0199,44.1742],[11.9369,44.0912],[11.8871,44.2572],[11.9037,44.3237],[11.8539,44.3569],[11.8041,44.3403],[11.7377,44.3569],[11.6879,44.2572],[11.7045,44.224],[11.555,44.1908],[11.5716,44.224],[11.4554,44.2739],[11.2893,44.224],[11.3226,44.1576],[11.202,44.1426]]]},"properties":{"NAME":"Tuscany","SUBJECTO":"Tuscany","PARTOF":"Tuscany","BORDERPRECISION":3,"LINK":null}},
{"type":"Feature","geometry":{"type":"Polygon","coordinates":[[[10.8561,45.0507],[10.3933,45.0263],[10.2765,44.9048],[10.3595,44.689],[10.2433,44.4897],[10.1935,44.4897],[10.1271,44.3569],[10.1717,44.3123],[10.1407,44.2192],[10.0372,44.2916],[10.0565,44.3804],[9.9776,44.4067],[9.9545,44.333],[9.8924,44.3434],[9.878,44.2905],[9.8255,44.1525],[9.9093,44.1105],[10.1367,43.9048],[10.1552,43.8811],[10.2855,43.9813],[10.4101,43.9374],[10.509,44.0912],[10.5422,44.0912],[10.592,44.141],[10.6916,44.0912],[10.7082,44.1742],[10.8244,44.2074],[10.9573,44.1576],[11.0569,44.1576],[11.0569,44.1244],[11.202,44.1426],[11.1399,44.3403],[11.2893,44.3735],[11.2893,44.4565],[11.1731,44.6059],[11.2561,44.7886],[11.3392,44.855],[11.1698,45.0672],[10.8561,45.0507]]]},"properties":{"NAME":"Modena","SUBJECTO":"Modena","PARTOF":"Modena","BORDERPRECISION":3,"LINK":null}},
{"type":"Feature","geometry":{"type":"Polygon","coordinates":[[[10.4101,43.9374],[10.2855,43.9813],[10.1552,43.8811],[10.2614,43.7452],[10.3263,43.892],[10.3595,43.8587],[10.4101,43.9374]]]},"properties":{"NAME":"Massa","SUBJECTO":"Massa","PARTOF":"Massa","BORDERPRECISION":3,"LINK":null}},
{"type":"Feature","geometry":{"type":"Polygon","coordinates":[[[74.4214,14.3755],[74.5823,14.5024],[74.521,14.6002],[74.5997,14.6757],[74.5303,14.8317],[74.4437,14.8317],[74.3917,14.9184],[74.1531,14.8495],[74.3771,14.4619],[74.4015,14.4196],[74.4214,14.3755]]]},"properties":{"NAME":"Goa","SUBJECTO":"Goa","PARTOF":"Goa","BORDERPRECISION":3,"LINK":null}},
{"type":"Feature","geometry":{"type":"Polygon","coordinates":[[[22.5885,-34.1346],[22.5067,-33.7125],[22.0924,-33.3574],[20.4945,-33.1206],[20.1986,-31.9961],[19.9618,-31.8778],[18.3357,-32.3388],[18.3087,-32.7075],[18.2315,-32.8983],[17.9455,-32.918],[17.8676,-32.9944],[17.9277,-33.096],[18.0731,-33.2228],[18.4591,-33.8321],[18.4128,-34.0229],[18.2929,-34.2456],[18.3463,-34.3472],[18.4872,-34.3977],[18.5031,-34.3087],[18.5703,-34.1942],[18.7242,-34.2193],[18.8401,-34.4351],[18.9664,-34.3967],[19.1814,-34.4217],[19.2793,-34.5041],[19.3209,-34.7329],[19.8838,-34.9923],[20.2561,-34.6229],[20.5148,-34.5334],[20.8469,-34.5009],[21.1471,-34.5385],[21.3455,-34.5444],[21.6693,-34.5056],[21.9972,-34.2634],[22.2621,-34.1675],[22.5491,-34.1479],[22.5885,-34.1346]]]},"properties":{"NAME":"Cape Colony","SUBJECTO":"Netherlands","PARTOF":"Cape Colony","BORDERPRECISION":3,"LINK":null}},
{"type":"Feature","geometry":{"type":"Polygon","coordinates":[[[22.5885,-34.1346],[22.6818,-34.1031],[22.9719,-34.1979],[23.1889,-34.2419],[23.3598,-34.1208],[23.4992,-34.0697],[23.7429,-34.0755],[24.0847,-34.1511],[24.4299,-34.3347],[24.5922,-34.3598],[24.6935,-34.3087],[24.8161,-34.1686],[24.9286,-34.0794],[25.0647,-34.0728],[25.3137,-34.1295],[25.5159,-34.1736],[25.5651,-34.1353],[25.5591,-34.0781],[25.6185,-33.9191],[25.6322,-32.3836],[24.519,-32.5288],[23.0986,-32.0553],[22.0333,-31.1676],[21.4414,-30.99],[20.0802,-31.2268],[19.0149,-31.1084],[17.4321,-30.5705],[17.5665,-30.8278],[17.9039,-31.2911],[18.1786,-31.8053],[18.2623,-32.0403],[18.3357,-32.3388],[19.9618,-31.8778],[20.1986,-31.9961],[20.4945,-33.1206],[22.0924,-33.3574],[22.5067,-33.7125],[22.5885,-34.1346]]]},"properties":{"NAME":"Dutch settlements","SUBJECTO":"Dutch settlements","PARTOF":"Dutch settlements","BORDERPRECISION":3,"LINK":null}},
{"type":"Feature","geometry":{"type":"Polygon","coordinates":[[[25.6185,-33.9191],[25.8657,-33.8868],[26.3067,-33.8923],[26.6587,-33.8471],[26.963,-33.713],[27.4082,-33.426],[27.6564,-33.2539],[28.2769,-32.7632],[28.9219,-32.2979],[29.0864,-32.1267],[28.4251,-31.1676],[27.8924,-31.1084],[27.0047,-31.8778],[25.8802,-32.3512],[25.6322,-32.3836],[25.6185,-33.9191]]]},"properties":{"NAME":"Xhosa","SUBJECTO":"Xhosa","PARTOF":"Xhosa","BORDERPRECISION":3,"LINK":null}},
{"type":"Feature","geometry":{"type":"Polygon","coordinates":[[[32.0944,-26.2554],[28.721,-28.4451],[28.4251,-28.9186],[28.6026,-29.2737],[30.2948,-30.9202],[30.391,-30.8139],[30.4872,-30.6867],[30.6749,-30.4383],[31.297,-29.5472],[31.3268,-29.5094],[31.5631,-29.2098],[31.9783,-28.9483],[32.2347,-28.7444],[32.3462,-28.5853],[32.3932,-28.3754],[32.3034,-28.1341],[32.3455,-28.026],[32.5274,-27.9811],[32.609,-27.8983],[32.7672,-27.5166],[32.849,-26.9789],[32.8874,-26.7151],[32.5679,-26.6105],[32.0944,-26.2554]]]},"properties":{"NAME":"Zulu","SUBJECTO":"Zulu","PARTOF":"Zulu","BORDERPRECISION":3,"LINK":null}},
{"type":"Feature","geometry":{"type":"Polygon","coordinates":[[[32.8874,-26.7151],[32.916,-26.5185],[32.896,-26.3723],[32.631,-26.2203],[32.4997,-26.0681],[32.6511,-25.839],[32.9449,-25.5396],[32.6271,-25.3676],[32.0944,-25.6043],[32.0944,-26.2554],[32.5679,-26.6105],[32.8874,-26.7151]]]},"properties":{"NAME":"Delagoa Bay","SUBJECTO":"Delagoa Bay","PARTOF":"Delagoa Bay","BORDERPRECISION":3,"LINK":null}},
{"type":"Feature","geometry":{"type":"Polygon","coordinates":[[[48.0147,-17.0228],[47.4821,-16.9044],[46.6535,-17.733],[45.2923,-22.6452],[45.529,-23.5921],[46.0025,-23.5921],[47.1862,-23.1186],[48.4882,-20.0411],[48.4882,-19.4493],[48.0147,-17.0228]]]},"properties":{"NAME":"Expansionist Kingdom of Merina","SUBJECTO":"Expansionist Kingdom of Merina","PARTOF":"Expansionist Kingdom of Merina","BORDERPRECISION":3,"LINK":null}},
{"type":"Feature","geometry":{"type":"Polygon","coordinates":[[[-16.8704,14.3635],[-16.0512,15.0694],[-15.7553,16.253],[-16.4501,16.1184],[-16.6003,15.7495],[-16.8648,15.2977],[-17.1902,14.9602],[-17.4332,14.8072],[-17.2205,14.725],[-17.0501,14.5856],[-16.8704,14.3635]]]},"properties":{"NAME":"Senegal","SUBJECTO":"Senegal","PARTOF":"Senegal","BORDERPRECISION":3,"LINK":null}},
{"type":"Feature","geometry":{"type":"Polygon","coordinates":[[[-15.158,11.8761],[-15.4593,12.4801],[-16.5666,12.3098],[-16.4245,12.2483],[-16.279,12.2105],[-16.2479,12.1025],[-16.086,11.9694],[-15.8086,11.8429],[-15.7363,11.8431],[-15.5496,11.9197],[-15.3254,11.9266],[-15.158,11.8761]]]},"properties":{"NAME":"Portuguese Guinea","SUBJECTO":"Portuguese Guinea","PARTOF":"Portuguese Guinea","BORDERPRECISION":3,"LINK":null}},
{"type":"Feature","geometry":{"type":"Polygon","coordinates":[[[94.4653,17.6428],[94.4649,17.2643],[94.392,16.9084],[94.1434,16.2154],[94.1444,16.0057],[94.3041,15.9489],[94.4156,16.0762],[94.5397,16.1336],[94.8193,16.2105],[94.8196,16.1597],[94.7534,15.9372],[94.828,15.842],[94.9726,15.836],[95.1248,15.9951],[95.2202,16.0017],[95.223,15.8048],[95.3298,15.6779],[95.4182,15.7417],[95.5523,15.8753],[95.7138,16.1552],[96.2039,16.385],[96.4692,16.5126],[96.6629,16.6972],[96.7341,16.888],[96.7704,17.3327],[96.8816,17.3457],[96.9831,17.2442],[97.215,16.9398],[97.352,16.5272],[97.4185,16.4828],[97.5732,16.4451],[97.5961,16.3498],[97.6114,16.0958],[97.6641,15.7909],[97.7423,15.0097],[97.823,14.616],[97.9791,14.2352],[98.1989,13.6448],[98.4859,13.1118],[98.5968,12.7372],[98.6765,12.0512],[98.5883,11.8223],[98.5902,11.6952],[98.6371,11.6572],[98.8674,11.645],[98.7384,11.4351],[98.6836,11.0855],[98.6053,10.863],[98.3979,10.5639],[98.4317,10.2019],[98.5932,10.1205],[98.6372,10.2886],[99.0919,11.0536],[99.5466,11.7551],[99.5811,11.8887],[99.3173,12.4398],[99.0976,12.9721],[99.0953,13.0864],[99.1336,13.3725],[99.0945,13.6708],[99.003,13.8862],[98.73,14.1577],[98.4869,14.3723],[98.2172,15.0185],[98.137,15.1896],[98.5029,15.3822],[98.5798,15.4716],[98.4756,16.0045],[98.5329,16.1064],[98.736,16.2093],[98.8236,16.3177],[98.7501,16.4697],[98.4595,16.938],[98.3931,17.0837],[97.9022,17.5126],[97.7876,17.5755],[97.7373,17.9689],[97.706,18.0513],[97.3735,18.4494],[97.3922,18.4535],[97.2749,18.5036],[97.3724,20.7798],[97.7735,21.3664],[98.1962,21.6085],[97.6952,23.8796],[97.628,23.8609],[97.5306,23.8921],[97.5309,24.0127],[97.6312,24.2736],[97.5581,24.5907],[97.5241,24.8],[97.8018,25.1825],[97.888,25.2719],[98.1072,25.3938],[98.3823,25.6302],[98.5754,25.9551],[98.7337,26.3432],[98.7254,26.7367],[98.6372,27.4787],[98.5717,27.5418],[98.3451,27.5278],[98.216,27.5461],[98.1181,27.6852],[98.0087,28.0908],[97.83,28.2865],[97.603,28.4121],[97.4785,28.3923],[97.3407,28.2392],[97.3404,28.1821],[95.4781,27.9089],[94.8371,27.567],[94.3244,26.8833],[92.4015,26.5842],[91.5468,26.2851],[90,26.3603],[90,25.9662],[91.4343,26.0976],[91.5657,26.0538],[91.4343,25.7911],[91.5657,25.7036],[91.4781,25.4847],[91.4343,25.2658],[91.7408,25.0031],[91.5219,25.0031],[91.5657,24.3464],[91.303,24.3464],[91.2592,24.1275],[91.4781,24.0837],[91.8283,23.7335],[91.8283,23.5584],[91.9159,23.5146],[92.0472,23.6897],[92.1786,23.4271],[92.2661,22.9455],[92.5288,22.5953],[92.51,22.1104],[92.7778,22.0421],[92.8923,21.9793],[93.0046,22.0371],[93.1277,22.2029],[93.318,21.73],[94.7024,20.016],[95.3616,18.0383],[95.1639,17.6428],[94.4653,17.6428]]]},"properties":{"NAME":"Burma","SUBJECTO":"Burma","PARTOF":"Burma","BORDERPRECISION":3,"LINK":null}},
{"type":"Feature","geometry":{"type":"Polygon","coordinates":[[[-64.0773,46.0535],[-64.2774,45.9021],[-64.2598,45.8431],[-64.3732,45.8069],[-64.3977,45.7164],[-64.9055,45.4632],[-64.9201,45.3668],[-64.8093,45.409],[-64.6962,45.4451],[-64.5586,45.4572],[-64.1968,45.4511],[-64.0077,45.427],[-63.7399,45.4511],[-63.4461,45.427],[-63.3775,45.3849],[-63.4685,45.3487],[-63.5549,45.3788],[-63.8835,45.3186],[-64.1681,45.2222],[-64.1603,45.1439],[-64.1406,45.0536],[-64.2565,45.18],[-64.3369,45.156],[-64.3068,45.3487],[-64.4579,45.3909],[-64.7538,45.2282],[-65.2531,44.9753],[-65.7493,44.7412],[-65.6333,44.6932],[-65.721,44.6512],[-65.777,44.7172],[-66.193,44.4892],[-66.159,44.4412],[-65.9982,44.5612],[-65.8408,44.6152],[-65.8566,44.5612],[-65.9845,44.4892],[-66.1895,44.1413],[-66.0009,43.7517],[-65.9387,43.8596],[-65.7816,43.6438],[-65.7126,43.56],[-65.5576,43.6199],[-65.4671,43.518],[-65.4283,43.6498],[-65.3189,43.7517],[-65.2487,43.7037],[-65.2197,43.7637],[-65.1529,43.7637],[-65.0874,43.7277],[-64.9876,43.7577],[-65.0309,43.8715],[-64.9681,43.8236],[-64.8705,43.8596],[-64.9076,43.9375],[-64.8351,43.8835],[-64.842,43.9794],[-64.7547,44.0034],[-64.649,44.0574],[-64.7063,44.1293],[-64.3608,44.3332],[-64.2823,44.3032],[-64.2361,44.3572],[-64.2506,44.4532],[-64.3911,44.4892],[-64.2863,44.5072],[-64.3058,44.6152],[-64.1465,44.6272],[-64.0876,44.5132],[-63.9967,44.5672],[-63.8878,44.7292],[-63.9021,44.5732],[-63.8259,44.5492],[-63.7897,44.5132],[-63.5589,44.5132],[-63.5165,44.5972],[-63.4185,44.6332],[-63.3877,44.7472],[-63.3033,44.6632],[-63.23,44.7832],[-63.1067,44.8313],[-63.0533,44.7112],[-62.8152,44.7712],[-62.7945,44.7952],[-62.4769,44.9213],[-62.4362,44.8733],[-62.2705,44.9874],[-62.0681,45.0054],[-62.0105,45.0717],[-61.811,45.0777],[-61.8363,45.1258],[-61.6337,45.1439],[-61.6828,45.2162],[-61.5789,45.1981],[-61.3471,45.1981],[-61.4001,45.2403],[-61.2652,45.3005],[-61.1928,45.2463],[-60.9584,45.3005],[-61.0321,45.3788],[-61.4034,45.3909],[-61.4437,45.4391],[-61.2615,45.5536],[-61.4812,45.7405],[-61.7234,45.6863],[-61.8932,45.7586],[-61.9398,45.9215],[-62.0763,45.8853],[-62.3896,45.7224],[-62.4999,45.7164],[-62.617,45.7285],[-62.7261,45.6802],[-62.6331,45.7707],[-62.7416,45.819],[-63.1211,45.8491],[-63.0874,45.8009],[-63.2756,45.7828],[-63.336,45.8612],[-63.4312,45.8551],[-63.4922,45.9155],[-63.7484,45.8793],[-63.8435,45.9879],[-64.0773,46.0535]]]},"properties":{"NAME":"Acadian Peninsula (UK)","SUBJECTO":"Acadian Peninsula (UK)","PARTOF":"Acadian Peninsula (UK)","BORDERPRECISION":3,"LINK":null}},
{"type":"Feature","geometry":{"type":"Polygon","coordinates":[[[-83.2964,14.615],[-83.3135,14.7675],[-83.4172,15.0009],[-83.5272,15.2366],[-83.7779,15.2678],[-84.132,15.3751],[-84.2344,15.502],[-84.1885,15.6038],[-84.1714,15.7628],[-84.4253,15.8767],[-84.6505,15.9334],[-84.934,15.9328],[-85.2774,15.8875],[-85.632,15.8741],[-85.8871,15.9943],[-86.0577,15.9049],[-86.372,15.8026],[-87.0214,15.8202],[-87.2362,15.8516],[-87.5706,15.908],[-87.8581,15.882],[-88.1335,15.7606],[-88.2739,15.7472],[-88.4802,15.9125],[-88.6313,15.9833],[-88.6014,15.8116],[-88.6643,15.7258],[-88.8043,15.8617],[-88.9408,15.9046],[-89.2511,15.8975],[-89.1543,17.8312],[-89.1656,17.9793],[-89.0404,18.0222],[-88.8667,17.9006],[-88.5969,18.2861],[-88.5168,18.4872],[-88.3205,18.4944],[-88.3114,18.7415],[-88.1377,18.8944],[-88.105,18.8245],[-88.0301,18.6213],[-87.8771,18.3809],[-87.8495,18.489],[-87.8004,18.7434],[-87.6822,19.2813],[-87.6371,19.5747],[-87.7886,19.5125],[-87.8582,19.5823],[-87.774,19.7414],[-87.6597,19.8751],[-87.6507,20.1899],[-87.5081,20.3902],[-87.3133,20.5815],[-87.07,20.8045],[-86.9359,20.9764],[-86.9002,21.1672],[-86.9216,21.3006],[-87.2006,21.5289],[-87.3709,21.5707],[-87.5969,21.4835],[-88.1094,21.5651],[-88.3337,21.59],[-88.6011,21.564],[-89.0581,21.3978],[-89.5475,21.2951],[-89.8628,21.2499],[-90,21.1607],[-90,21.1414],[-90,20.9912],[-90,20.6764],[-90,20.1613],[-90,19.9467],[-90,19.7535],[-90,19.3815],[-91.2197,19.1025],[-91.7025,18.8235],[-91.5256,18.7448],[-91.479,18.6338],[-91.611,18.5445],[-91.7297,18.4157],[-92.107,18.5159],[-92.0979,18.7596],[-92.4591,18.6889],[-93.0875,18.5541],[-93.7849,18.3492],[-94.242,18.2402],[-94.5899,18.2712],[-94.8165,18.4995],[-95.0833,18.7024],[-95.3431,18.7718],[-95.5392,18.765],[-95.8439,18.7961],[-96.0123,18.9293],[-96.3407,19.4816],[-96.5788,19.9197],[-96.7952,20.1545],[-96.8815,20.3577],[-97.2234,20.7638],[-97.5042,21.1892],[-97.6281,21.5512],[-97.882,22.3326],[-97.8747,22.8412],[-97.8148,23.3753],[-97.8225,24.2081],[-97.7419,24.7296],[-97.6581,25.073],[-97.4249,25.4423],[-97.26,25.8114],[-97.4514,26.2179],[-97.5733,26.561],[-97.638,26.8469],[-97.6323,27.2284],[-97.5632,27.3621],[-97.2666,27.6743],[-97.3167,27.7505],[-97.5678,27.9089],[-97.4471,27.9854],[-97.1154,28.1069],[-96.8315,28.1584],[-96.7143,28.2296],[-96.6845,28.2477],[-96.5771,28.426],[-96.7736,28.6227],[-96.7166,28.7118],[-96.3891,28.6616],[-96.2031,28.6366],[-96.0146,28.6561],[-95.6028,28.7987],[-95.2392,29.0583],[-94.8446,29.3463],[-95.0577,29.6754],[-95.007,29.7582],[-94.8574,29.7839],[-94.7969,29.5634],[-94.6021,29.5492],[-94.4258,29.5427],[-94.1415,29.69],[-94.0606,29.6991],[-93.4455,29.7678],[-93.0422,29.6923],[-92.6433,29.5787],[-92.4574,29.5656],[-92.1167,29.5416],[-92.1036,29.5496],[-104.9792,32.858],[-112.1229,42.6417],[-113.2324,41.8404],[-115.3912,41.8404],[-117.2302,42.3201],[-118.9893,43.6794],[-119.8688,43.9192],[-120.8283,43.7593],[-122.0277,42.0003],[-123.9339,39.8228],[-123.8197,39.6074],[-123.8921,39.4138],[-123.7449,39.076],[-123.7963,39.0304],[-123.741,38.9668],[-123.4605,38.7041],[-123.2216,38.5334],[-123.052,38.3019],[-122.9908,38.1388],[-122.7586,37.9568],[-122.705,37.9757],[-122.5731,37.8885],[-122.5314,37.8961],[-122.553,38.0971],[-122.5483,38.1616],[-122.4898,38.1645],[-122.4668,38.0099],[-122.3838,37.9606],[-122.3746,37.8544],[-122.2926,37.7899],[-122.1192,37.5359],[-122.2106,37.5435],[-122.2629,37.5965],[-122.3909,37.6534],[-122.4601,37.7444],[-122.4212,37.7899],[-122.4541,37.8241],[-122.4987,37.8544],[-122.5521,37.843],[-122.5781,37.7748],[-122.5581,37.5662],[-122.5,37.5359],[-122.4591,37.3956],[-122.4941,37.3008],[-122.2533,37.0696],[-122.1172,37.0128],[-122.0184,37.0293],[-121.9321,37.009],[-121.8383,36.8957],[-121.8515,36.749],[-121.9179,36.6755],[-121.998,36.6785],[-121.9972,36.5764],[-121.9268,36.3383],[-121.7429,36.2398],[-121.6517,36.0996],[-121.5611,36.0655],[-121.3852,35.7853],[-121.1985,35.6868],[-121.0841,35.5581],[-120.9277,35.4747],[-120.9148,35.3763],[-120.9486,35.3347],[-120.9486,35.2892],[-120.8368,35.2287],[-120.7796,35.2324],[-120.6773,35.1893],[-120.7372,34.9807],[-120.6663,34.754],[-120.7084,34.7011],[-120.6879,34.6217],[-120.5825,34.5915],[-120.5287,34.5083],[-120.2044,34.531],[-119.7849,34.4592],[-119.6128,34.4781],[-119.4202,34.3685],[-119.2915,34.2211],[-118.8724,34.07],[-118.7317,34.1078],[-118.6044,34.0964],[-118.502,33.983],[-118.4691,33.8924],[-118.5031,33.8583],[-118.4377,33.7942],[-118.3927,33.7752],[-118.3527,33.7865],[-118.3537,33.8281],[-118.2884,33.8432],[-118.2371,33.82],[-118.0066,33.7315],[-117.7093,33.5285],[-117.4967,33.3254],[-117.3481,33.0534],[-117.3491,32.7549],[-117.3312,32.7133],[-117.3184,32.736],[-117.3041,32.7549],[-117.2821,32.7246],[-117.193,32.5628],[-117.1737,32.5206],[-117.0746,32.3023],[-116.9603,32.1563],[-116.6107,31.8771],[-116.7061,31.7052],[-116.7047,31.5907],[-116.5095,31.2732],[-116.2293,30.943],[-116.1378,30.7651],[-116.1258,30.4981],[-116.0584,30.3392],[-115.8571,30.2824],[-115.8161,30.2125],[-115.6937,29.9203],[-115.6023,29.6852],[-115.4214,29.5329],[-114.9778,29.3113],[-114.4829,28.9117],[-114.2732,28.7086],[-114.0673,28.4229],[-114.0627,28.3402],[-114.1047,28.054],[-114.2144,27.9075],[-114.4792,27.7798],[-114.7489,27.7856],[-115.0546,27.8532],[-114.944,27.739],[-114.8813,27.6819],[-114.4779,27.2439],[-114.1533,27.1047],[-113.5853,26.7689],[-113.4221,26.7438],[-113.285,26.8077],[-112.9812,26.5031],[-112.7558,26.3637],[-112.558,26.3196],[-112.411,26.1928],[-112.3038,26.0213],[-112.0843,25.5704],[-112.0685,25.4559],[-112.1658,25.0107],[-112.0928,24.89],[-111.9057,24.687],[-111.3915,24.243],[-111.0159,24.0149],[-110.7837,23.7993],[-110.5024,23.66],[-110.2247,23.3999],[-110.1166,23.0696],[-110.0036,22.8854],[-109.8892,22.8666],[-109.5783,23.1343],[-109.5169,23.1916],[-109.4289,23.4334],[-109.4886,23.5731],[-109.6152,23.5792],[-109.8242,23.6932],[-109.9403,23.9536],[-110.2049,24.3155],[-110.3105,24.2262],[-110.4852,24.1496],[-110.6557,24.2192],[-110.7724,24.3778],[-110.7664,24.6131],[-110.7976,24.88],[-111.0898,25.4199],[-111.3287,25.8962],[-111.4835,26.5572],[-111.5938,26.7604],[-111.6941,26.6966],[-111.9149,26.6644],[-112.1151,27.02],[-112.1873,27.3123],[-112.2841,27.5093],[-112.3438,27.5346],[-112.5671,27.5595],[-112.6778,27.6292],[-112.7236,27.7055],[-112.8699,28.3347],[-112.9764,28.4107],[-113.1241,28.4295],[-113.3219,28.5563],[-113.5929,29.1026],[-113.8291,29.401],[-114.0996,29.6421],[-114.3887,29.7623],[-114.453,29.8385],[-114.6828,30.1432],[-114.7224,30.3721],[-114.7347,30.8427],[-114.8535,30.976],[-114.9727,31.1284],[-114.9875,31.1665],[-114.9671,31.3637],[-114.8387,31.8155],[-114.1951,31.5243],[-114.0823,31.5436],[-113.9521,31.6901],[-113.7463,31.6079],[-113.6886,31.538],[-113.6617,31.3346],[-113.304,31.2463],[-113.0521,31.1387],[-113.0663,30.9988],[-113.085,30.7698],[-113.0167,30.5664],[-112.908,30.414],[-112.7371,30.1091],[-112.6543,29.9185],[-112.3232,29.4359],[-112.0329,29.0613],[-111.9064,28.8136],[-111.6916,28.4961],[-111.2709,28.1091],[-111.0642,27.9951],[-110.8569,27.951],[-110.6044,27.8561],[-110.5214,27.7546],[-110.5591,27.6337],[-110.5819,27.462],[-110.5255,27.3476],[-110.3821,27.2144],[-110.1073,27.1387],[-109.9459,27.0436],[-109.8927,26.8848],[-109.7242,26.6054],[-109.5266,26.7202],[-109.1888,26.4412],[-109.1319,26.2887],[-109.3383,25.9576],[-109.3361,25.8114],[-109.2627,25.6462],[-109.1556,25.5765],[-108.9692,25.6278],[-108.8476,25.6153],[-108.683,25.3804],[-108.4993,25.2409],[-108.2255,25.1525],[-108.0775,25.0638],[-108.0126,24.9813],[-107.9867,24.7652],[-107.9157,24.6445],[-107.7706,24.5558],[-107.4038,24.2959],[-107.1906,24.0612],[-106.7573,23.5853],[-106.5116,23.3633],[-105.8389,22.5637],[-105.5399,22.2846],[-105.5084,22.1639],[-105.574,22.0874],[-105.6283,21.9538],[-105.2936,21.5223],[-105.2161,21.3126],[-105.2343,21.141],[-105.4397,20.8354],[-105.291,20.6704],[-105.312,20.5877],[-105.3928,20.5113],[-105.62,20.4726],[-105.6873,20.4026],[-105.6704,20.3517],[-105.5069,20.1041],[-105.173,19.6599],[-104.9479,19.4378],[-104.6694,19.3176],[-104.1973,19.058],[-103.9749,18.8805],[-103.7483,18.5949],[-103.4939,18.3539],[-102.6682,18.095],[-102.3583,18.0321],[-102.0855,18.0581],[-101.9926,18.0265],[-101.4872,17.5763],[-101.2208,17.4179],[-100.7374,17.2219],[-100.4126,17.0573],[-99.9791,16.893],[-99.2092,16.7166],[-98.8562,16.5966],[-98.4355,16.3623],[-98.1456,16.1722],[-97.8809,16.052],[-97.2938,15.9643],[-97.0776,15.8758],[-96.7517,15.7811],[-96.3329,15.7502],[-95.9927,15.8654],[-95.4977,16.1207],[-95.1302,16.2995],[-94.8347,16.3192],[-94.363,16.2248],[-94.0754,16.1112],[-94.0516,16.0793],[-93.8116,15.9209],[-93.3305,15.5342],[-92.9005,15.1919],[-92.4721,14.7923],[-92.1554,14.5428],[-91.9247,14.3541],[-91.5157,14.0589],[-91.242,13.9516],[-90,13.9372],[-90,13.7978],[-90,13.7727],[-89.9892,13.6782],[-89.402,13.4824],[-88.6381,13.2552],[-88.2546,13.1925],[-87.9487,13.1718],[-87.8417,13.322],[-87.8463,13.4413],[-87.7548,13.4669],[-87.7706,13.5009],[-87.5555,13.3656],[-87.5442,13.3275],[-87.4043,13.0299],[-87.6854,13.0165],[-87.6749,12.9149],[-87.5868,12.8324],[-87.2614,12.6234],[-86.885,12.2556],[-86.4336,11.7671],[-86.0141,11.3676],[-85.8397,11.0776],[-85.7327,11.0855],[-85.707,10.9832],[-85.8702,10.9279],[-85.6209,10.8266],[-85.6173,10.6516],[-85.7665,10.5502],[-85.8243,10.3607],[-85.7778,10.1384],[-85.7116,10.0305],[-85.5664,9.9227],[-85.3141,9.8279],[-85.1536,9.7012],[-85.0888,9.5831],[-84.8442,9.841],[-84.9256,9.9608],[-85.1156,9.9809],[-85.1543,10.0805],[-85.2555,10.3108],[-85.0683,10.191],[-84.8089,10.0324],[-84.6971,9.9884],[-84.6313,9.8739],[-84.6347,9.6844],[-84.4925,9.5374],[-84.1823,9.491],[-84.1467,9.4265],[-83.8338,9.2973],[-83.6149,9.1516],[-83.5329,8.9992],[-83.5508,8.8276],[-83.6639,8.6748],[-83.6055,8.5478],[-83.279,8.4133],[-83.2282,8.441],[-83.2661,8.5422],[-83.4124,8.7265],[-83.3623,8.7634],[-83.2549,8.7173],[-83.0851,8.6506],[-83.0896,8.3949],[-82.9561,8.2568],[-82.9575,8.0472],[-82.8656,8.3212],[-82.975,8.4041],[-82.8067,8.5699],[-82.8627,8.8094],[-82.6843,8.9752],[-82.9126,9.1134],[-82.9126,9.3744],[-82.9066,9.5186],[-82.8078,9.6107],[-82.593,9.5278],[-82.5599,9.5831],[-82.5535,9.586],[-82.752,9.7445],[-82.9615,10.0344],[-83.0627,10.0552],[-83.2041,10.2002],[-83.3772,10.4804],[-83.7466,10.8785],[-83.8313,11.0418],[-83.9141,11.2514],[-83.9283,11.4992],[-83.9001,11.8883],[-84.095,12.5276],[-83.8582,14.1846],[-83.2964,14.615]]]},"properties":{"NAME":"Vice-Royalty of New Spain","SUBJECTO":"Spain","PARTOF":"Vice-Royalty of New Spain","BORDERPRECISION":3,"LINK":null}},
{"type":"Feature","geometry":{"type":"Polygon","coordinates":[[[10.8395,10.5774],[12.0189,9.8698],[14.9674,9.9877],[16.6186,11.0492],[16.9724,12.4644],[16.8429,14.3277],[16.8523,14.3489],[16.8447,14.3665],[16.7103,14.6803],[16.2648,16.1206],[13.5521,16.1206],[12.2548,15.1771],[11.0754,14.3515],[10.2498,12.7003],[10.2498,11.6389],[10.8395,10.5774]]]},"properties":{"NAME":"Bornu-Kanem","SUBJECTO":"Bornu-Kanem","PARTOF":"Bornu-Kanem","BORDERPRECISION":3,"LINK":null}},
{"type":"Feature","geometry":{"type":"Polygon","coordinates":[[[7.1834,17.3],[10.8395,18.2435],[11.0754,22.3714],[10.7216,23.5508],[8.3628,24.4943],[4.8246,23.079],[4.8246,19.305],[7.1834,17.3]]]},"properties":{"NAME":"Air","SUBJECTO":"Air","PARTOF":"Air","BORDERPRECISION":3,"LINK":null}},
{"type":"Feature","geometry":{"type":"Polygon","coordinates":[[[0.6967,15.4129],[0.107,15.0591],[0.6486,13.1551],[1.977,12.672],[3.1847,12.9136],[2.1582,15.0874],[0.6967,15.4129]]]},"properties":{"NAME":"Songhai","SUBJECTO":"Songhai","PARTOF":"Songhai","BORDERPRECISION":3,"LINK":null}},
{"type":"Feature","geometry":{"type":"Polygon","coordinates":[[[-12.2782,11.6663],[-8.5026,14.4694],[-8.2668,16.3565],[-6.9694,16.3565],[-6.7335,18.2435],[-7.9129,19.0691],[-9.4462,18.7153],[-12.5126,17.182],[-12.2782,11.6663]]]},"properties":{"NAME":"Kaarta","SUBJECTO":"Kaarta","PARTOF":"Kaarta","BORDERPRECISION":3,"LINK":null}},
{"type":"Feature","geometry":{"type":"Polygon","coordinates":[[[-12.2782,11.6663],[-11.4645,11.2224],[-8.7385,11.6389],[-7.3232,12.1106],[-5.908,12.2286],[-4.9644,11.7568],[-4.6425,12.3307],[-2.2518,16.5923],[-4.0209,18.8332],[-5.79,19.0691],[-6.7335,18.2435],[-6.9694,16.3565],[-8.2668,16.3565],[-8.5026,14.4694],[-12.2782,11.6663]]]},"properties":{"NAME":"Segu","SUBJECTO":"Segu","PARTOF":"Segu","BORDERPRECISION":3,"LINK":null}},
{"type":"Feature","geometry":{"type":"Polygon","coordinates":[[[-3.4312,13.1721],[-2.5519,11.6455],[-2.3707,10.317],[-0.0761,10.0754],[0.7693,12.3097],[-0.8365,13.408],[-2.7236,13.6438],[-3.4312,13.1721]]]},"properties":{"NAME":"Mossi States","SUBJECTO":"Mossi States","PARTOF":"Mossi States","BORDERPRECISION":3,"LINK":null}},
{"type":"Feature","geometry":{"type":"Polygon","coordinates":[[[-4.303,7.4789],[-4.3743,5.2546],[-3.9416,5.266],[-3.6678,5.2284],[-3.3506,5.1529],[-3.1346,5.1406],[-3.0914,5.1598],[-3.0271,5.268],[-2.9335,5.2745],[-2.8035,5.1858],[-2.7497,5.0956],[-2.7165,5.0399],[-2.291,4.8438],[-2.0312,4.6982],[-1.6002,4.9533],[-1.1761,5.1385],[-0.6078,5.3177],[-0.7186,6.9213],[-1.0724,7.8648],[-0.8365,9.0442],[-1.5442,9.1621],[-2.1339,8.8083],[-3.3369,8.8074],[-3.5784,7.5996],[-4.303,7.4789]]]},"properties":{"NAME":"Asante","SUBJECTO":"Asante","PARTOF":"Asante","BORDERPRECISION":3,"LINK":null}},
{"type":"Feature","geometry":{"type":"Polygon","coordinates":[[[-4.9644,11.7568],[-5.5541,10.8133],[-5.4362,9.0442],[-4.9644,9.0442],[-5.0824,7.6289],[-4.303,7.4789],[-3.5784,7.5996],[-3.3369,8.8074],[-3.4576,9.4112],[-3.5784,10.0151],[-3.3973,11.5247],[-4.6425,12.3307],[-4.9644,11.7568]]]},"properties":{"NAME":"Kong Empire","SUBJECTO":"Kong Empire","PARTOF":"Kong Empire","BORDERPRECISION":3,"LINK":null}},
{"type":"Feature","geometry":{"type":"Polygon","coordinates":[[[3.9495,6.5794],[4.2113,7.7808],[3.3055,8.2035],[2.0978,8.0223],[0.7089,7.0562],[-0.3176,6.9958],[-0.4988,6.0296],[-0.1189,5.5729],[0.0898,5.656],[0.5361,5.7205],[0.8026,5.7147],[0.9394,5.7595],[1.1657,6.0663],[1.1764,6.0841],[1.3418,6.1798],[1.5579,6.2374],[1.761,6.2532],[1.923,6.2658],[2.0621,6.2766],[2.6168,6.3414],[2.7668,6.3481],[3.0634,6.3614],[3.4136,6.379],[3.4597,6.3813],[3.611,6.4134],[3.7189,6.5471],[3.9495,6.5794]]]},"properties":{"NAME":"Dahomey","SUBJECTO":"Dahomey","PARTOF":"Dahomey","BORDERPRECISION":3,"LINK":null}},
{"type":"Feature","geometry":{"type":"Polygon","coordinates":[[[4.2113,7.7808],[5.0567,7.2977],[5.9021,7.1769],[6.4455,7.1166],[7.6532,8.2035],[5.7209,9.532],[3.6678,8.9885],[3.3055,8.2035],[4.2113,7.7808]]]},"properties":{"NAME":"Oyo","SUBJECTO":"Oyo","PARTOF":"Oyo","BORDERPRECISION":3,"LINK":null}},
{"type":"Feature","geometry":{"type":"Polygon","coordinates":[[[3.9495,6.5794],[4.0721,6.4398],[4.3603,6.3261],[4.6341,6.2123],[4.8863,6.0031],[5.0567,7.2977],[4.2113,7.7808],[3.9495,6.5794]]]},"properties":{"NAME":"Africa","SUBJECTO":"Africa","PARTOF":"Africa","BORDERPRECISION":3,"LINK":null}},
{"type":"Feature","geometry":{"type":"Polygon","coordinates":[[[5.0567,7.2977],[4.8863,6.0031],[5.0952,5.7558],[5.1529,5.6415],[5.3834,5.6102],[5.4482,5.4769],[5.3546,5.3623],[5.333,5.2479],[5.4195,4.9558],[5.6066,4.6321],[5.8513,4.4293],[6.0888,4.3281],[6.6502,4.323],[6.8445,4.2916],[6.9237,4.3427],[7.0462,4.5081],[7.1757,4.5275],[6.7344,5.0082],[6.7344,5.5261],[7.0494,6.3919],[6.4455,7.1166],[5.9021,7.1769],[5.0567,7.2977]]]},"properties":{"NAME":"Sotho","SUBJECTO":"Sotho","PARTOF":"Sotho","BORDERPRECISION":3,"LINK":null}},
{"type":"Feature","geometry":{"type":"Polygon","coordinates":[[[14.9674,9.9877],[15.141,8.9281],[18.0395,7.3581],[20.3945,8.0223],[20.5153,9.5924],[17.6772,10.8605],[16.6186,11.0492],[14.9674,9.9877]]]},"properties":{"NAME":"Bagirmi","SUBJECTO":"Bagirmi","PARTOF":"Bagirmi","BORDERPRECISION":3,"LINK":null}},
{"type":"Feature","geometry":{"type":"Polygon","coordinates":[[[20.5153,16.4763],[19.7907,14.9666],[19.368,13.3966],[19.9115,12.6116],[22.6288,13.2155],[22.81,13.7589],[22.3269,15.329],[21.5419,16.5971],[20.5153,16.4763]]]},"properties":{"NAME":"Wadai","SUBJECTO":"Wadai","PARTOF":"Wadai","BORDERPRECISION":3,"LINK":null}},
{"type":"Feature","geometry":{"type":"Polygon","coordinates":[[[22.6892,15.329],[23.1723,13.5778],[24.3196,12.7928],[29.09,13.1551],[29.9958,14.242],[29.1504,17.9255],[27.4596,18.1671],[23.1119,16.5971],[22.6892,15.329]]]},"properties":{"NAME":"Darfur","SUBJECTO":"Darfur","PARTOF":"Darfur","BORDERPRECISION":3,"LINK":null}},
{"type":"Feature","geometry":{"type":"Polygon","coordinates":[[[23.5044,-10.3348],[23.2628,-9.6705],[23.6252,-6.772],[21.3305,-6.7117],[17.8886,-7.3759],[17.4659,-8.1609],[18.2509,-11.1198],[23.0213,-10.8179],[23.5044,-10.3348]]]},"properties":{"NAME":"Lunda","SUBJECTO":"Lunda","PARTOF":"Lunda","BORDERPRECISION":3,"LINK":null}},
{"type":"Feature","geometry":{"type":"Polygon","coordinates":[[[23.5044,-10.3348],[25.4669,-10.3952],[25.6481,-9.9725],[26.3727,-10.2744],[27.3388,-9.6102],[28.0031,-9.7913],[28.7277,-9.7309],[29.2712,-9.1875],[30.3581,-9.2478],[31.0827,-8.7044],[29.3316,-5.3228],[25.9802,-5.1416],[25.3159,-6.5305],[23.6252,-6.772],[23.2628,-9.6705],[23.5044,-10.3348]]]},"properties":{"NAME":"Luba","SUBJECTO":"Luba","PARTOF":"Luba","BORDERPRECISION":3,"LINK":null}},
{"type":"Feature","geometry":{"type":"Polygon","coordinates":[[[13.0231,-7.6054],[13.167,-7.8448],[13.3871,-8.1557],[13.4768,-8.416],[13.4795,-8.6321],[13.4314,-8.8228],[13.3602,-8.8929],[13.1459,-9.0649],[13.0838,-9.2875],[14.3291,-9.3681],[14.2665,-8.9393],[14.3253,-8.2343],[14.0903,-7.7055],[14.1027,-7.3759],[14.3986,-7.1984],[14.8721,-7.3759],[14.9905,-7.1984],[15.0496,-6.0147],[14.5762,-4.7718],[14.1027,-4.9494],[13.2741,-5.778],[13.215,-6.1331],[12.8007,-5.9555],[12.3717,-6.2578],[12.6715,-6.6956],[12.7957,-6.8606],[12.877,-7.0511],[12.9686,-7.5148],[13.0231,-7.6054]]]},"properties":{"NAME":"Congo","SUBJECTO":"Congo","PARTOF":"Congo","BORDERPRECISION":3,"LINK":null}},
{"type":"Feature","geometry":{"type":"Polygon","coordinates":[[[22.9005,-16.9772],[23.3836,-17.1583],[23.5648,-16.1922],[23.2169,-14.0636],[22.7194,-14.0183],[22.8401,-16.3129],[22.9005,-16.9772]]]},"properties":{"NAME":"Lozi","SUBJECTO":"Lozi","PARTOF":"Lozi","BORDERPRECISION":3,"LINK":null}},
{"type":"Feature","geometry":{"type":"Polygon","coordinates":[[[18.7943,-3.9339],[18.6736,-5.0209],[19.6397,-5.3832],[19.8209,-5.7455],[22.0551,-5.1416],[21.9948,-4.0547],[21.6928,-3.8132],[20.304,-3.9943],[18.7943,-3.9339]]]},"properties":{"NAME":"Lozi","SUBJECTO":"Lozi","PARTOF":"Lozi","BORDERPRECISION":3,"LINK":null}},
{"type":"Feature","geometry":{"type":"Polygon","coordinates":[[[26.9463,-18.6679],[26.2821,-20.6607],[26.886,-21.9288],[29.9052,-22.0495],[30.6902,-20.0568],[30.1468,-18.5472],[27.671,-18.0037],[26.9463,-18.6679]]]},"properties":{"NAME":"Rozwi","SUBJECTO":"Rozwi","PARTOF":"Rozwi","BORDERPRECISION":3,"LINK":null}},
{"type":"Feature","geometry":{"type":"Polygon","coordinates":[[[30.5997,1.38],[29.6335,-0.1297],[29.1504,-3.6924],[29.5127,-4.417],[31.2035,-4.417],[31.5658,-1.3374],[32.5924,0.7157],[32.2904,1.6215],[31.3243,2.2857],[30.5997,1.38]]]},"properties":{"NAME":"Rift Valley States","SUBJECTO":"Rift Valley States","PARTOF":"Rift Valley States","BORDERPRECISION":3,"LINK":null}},
{"type":"Feature","geometry":{"type":"Polygon","coordinates":[[[80.4598,15.7731],[80.736,15.8373],[80.9631,15.7234],[81.0879,15.8268],[81.2531,16.2259],[81.3691,16.3469],[81.5968,16.3029],[81.789,16.3287],[82.0814,16.4627],[82.2346,16.6473],[82.2674,16.857],[82.354,17.0859],[82.5464,17.2261],[82.7496,17.3345],[82.8461,17.3834],[83.077,17.5004],[83.3814,17.7107],[83.6847,18.0834],[83.9877,18.2075],[84.2627,18.4558],[84.6588,18.9331],[84.9066,19.1814],[85.1132,19.4423],[84.4416,21.0759],[83.7478,21.0759],[83.2595,20.896],[83.0025,20.5619],[82.3858,20.2278],[81.5892,18.5061],[81.3322,18.0692],[80.9981,17.9407],[80.9467,17.5038],[80.7154,17.0927],[80.5098,16.7586],[80.2015,16.7586],[79.816,16.3474],[80.4841,16.1675],[80.4598,15.7731]]]},"properties":{"NAME":"Circars","SUBJECTO":"Circars","PARTOF":"Circars","BORDERPRECISION":3,"LINK":null}},
{"type":"Feature","geometry":{"type":"Polygon","coordinates":[[[78.621,12.2614],[78.5182,12.5184],[78.7238,12.9553],[78.9294,13.0581],[78.7238,13.5977],[78.4925,13.6234],[78.1071,13.4949],[76.9507,13.572],[76.6423,13.4435],[76.411,12.981],[76.4881,12.7497],[77.1819,12.6212],[77.4903,12.6983],[77.6188,12.6983],[77.6445,12.3128],[78.0814,12.0559],[78.621,12.2614]]]},"properties":{"NAME":"Ambur","SUBJECTO":"Ambur","PARTOF":"Ambur","BORDERPRECISION":3,"LINK":null}},
{"type":"Feature","geometry":{"type":"Polygon","coordinates":[[[76.2484,10.1035],[77.0483,10.4986],[76.8479,10.8994],[76.411,10.9765],[76.2825,11.2592],[76.0512,11.4648],[76.0418,11.4659],[75.5907,11.5175],[75.6518,11.4235],[76.0751,10.554],[76.2484,10.1035]]]},"properties":{"NAME":"Malabar","SUBJECTO":"Netherlands","PARTOF":"Malabar","BORDERPRECISION":3,"LINK":null}},
{"type":"Feature","geometry":{"type":"Polygon","coordinates":[[[76.2484,10.1035],[76.294,9.9849],[76.3853,9.7477],[76.4672,9.4101],[76.8736,9.4347],[77.1562,9.3576],[77.2847,9.4347],[77.5931,9.8458],[77.6702,10.1542],[77.5674,10.2827],[77.0791,10.4369],[77.0483,10.4986],[76.2484,10.1035]]]},"properties":{"NAME":"Cochin","SUBJECTO":"Netherlands","PARTOF":"Cochin","BORDERPRECISION":3,"LINK":null}},
{"type":"Feature","geometry":{"type":"Polygon","coordinates":[[[76.4672,9.4101],[76.5379,9.119],[76.6624,8.8842],[76.7035,8.7064],[77.3414,8.0533],[77.4195,8.028],[77.4844,8.0282],[77.5888,8.0983],[77.6186,8.1174],[77.6632,8.1429],[77.7339,8.1773],[77.5417,8.638],[77.4903,9.152],[77.6445,9.3833],[77.2847,9.4347],[77.1562,9.3576],[76.8736,9.4347],[76.4672,9.4101]]]},"properties":{"NAME":"Travancore","SUBJECTO":"Netherlands","PARTOF":"Travancore","BORDERPRECISION":3,"LINK":null}},
{"type":"Feature","geometry":{"type":"Polygon","coordinates":[[[76.0418,11.4659],[75.9142,11.9582],[75.4768,12.9997],[74.9217,14.2999],[74.4214,14.3755],[74.7336,13.6834],[74.9617,12.877],[75.2109,12.1024],[75.5907,11.5175],[76.0418,11.4659]]]},"properties":{"NAME":"Kanara","SUBJECTO":"Kanara","PARTOF":"Kanara","BORDERPRECISION":3,"LINK":null}},
{"type":"Feature","geometry":{"type":"Polygon","coordinates":[[[81.345,6.6079],[81.3964,7.276],[81.1651,7.5844],[81.1394,8.1755],[80.7283,8.1755],[80.7283,8.7922],[80.5227,8.8693],[80.4199,8.4324],[80.2914,8.3039],[80.1115,8.3296],[80.0344,8.1241],[80.0786,7.7445],[80.7864,6.5742],[81.0564,6.4732],[81.345,6.6079]]]},"properties":{"NAME":"Kandy","SUBJECTO":"Kandy","PARTOF":"Kandy","BORDERPRECISION":3,"LINK":null}},
{"type":"Feature","geometry":{"type":"Polygon","coordinates":[[[79.816,16.3474],[79.4691,15.8592],[79.0322,15.7307],[79.0322,15.2681],[79.4177,14.4972],[79.4948,13.8804],[79.4177,13.3922],[79.2121,13.1609],[78.9294,13.0581],[78.7238,12.9553],[78.5182,12.5184],[78.621,12.2614],[78.7752,11.7989],[78.4154,11.1821],[78.4154,10.9508],[78.5182,10.3341],[78.4668,10.0771],[77.7473,9.5374],[77.6445,9.3833],[77.4903,9.152],[77.5417,8.638],[77.7339,8.1773],[77.848,8.2327],[77.8998,8.2578],[78.0649,8.3853],[78.1358,8.4998],[78.1811,8.8112],[78.3138,8.9958],[78.6601,9.1236],[78.7976,9.1302],[79.1596,9.2772],[78.9377,9.4355],[78.9266,9.4927],[79.0723,9.7599],[79.2225,10.1922],[79.3063,10.2559],[79.5009,10.25],[79.7899,10.2506],[79.8263,10.3587],[79.7318,11.1527],[79.7107,11.4449],[79.7694,11.731],[79.8667,11.9691],[79.7774,12.3128],[79.7774,12.5441],[79.9573,12.8268],[79.9316,13.0324],[79.9573,13.2894],[80.2018,13.4917],[80.1781,13.5235],[80.0759,13.6694],[80.1697,13.892],[80.1617,14.2541],[80.0871,14.9464],[80.0894,15.1752],[80.1634,15.3913],[80.3002,15.6457],[80.4598,15.7731],[80.4841,16.1675],[79.816,16.3474]]]},"properties":{"NAME":"Carnatic","SUBJECTO":"Carnatic","PARTOF":"Carnatic","BORDERPRECISION":3,"LINK":null}},
{"type":"Feature","geometry":{"type":"Polygon","coordinates":[[[79.8667,11.9691],[79.9228,12.1062],[80.2238,12.8311],[80.3135,13.1045],[80.3199,13.3332],[80.2018,13.4917],[79.9573,13.2894],[79.9316,13.0324],[79.9573,12.8268],[79.7774,12.5441],[79.7774,12.3128],[79.8667,11.9691]]]},"properties":{"NAME":"Madras","SUBJECTO":"Madras","PARTOF":"Madras","BORDERPRECISION":3,"LINK":null}},
{"type":"Feature","geometry":{"type":"Polygon","coordinates":[[[77.6011,14.4963],[78.0814,14.5743],[78.2099,14.7028],[78.1328,15.0111],[78.03,15.0882],[77.5931,15.0882],[77.3361,14.9854],[76.9635,14.7028],[77.6011,14.4963]]]},"properties":{"NAME":"Gooty","SUBJECTO":"Gooty","PARTOF":"Gooty","BORDERPRECISION":3,"LINK":null}},
{"type":"Feature","geometry":{"type":"Polygon","coordinates":[[[80.9981,17.9407],[80.7154,18.1463],[80.7925,18.429],[80.4841,18.5832],[80.3813,18.8658],[80.3043,19.0714],[80.3299,19.4569],[80.073,19.4826],[80.0473,19.6368],[79.8674,19.6368],[79.9188,19.8681],[79.3791,19.7139],[79.2249,19.8938],[78.9937,19.7653],[78.8138,19.8681],[78.5568,19.7139],[78.5568,19.4826],[78.2484,19.5083],[78.1199,19.277],[77.8115,19.1999],[77.8886,18.8144],[77.7344,18.429],[77.94,18.2491],[77.8886,17.9921],[77.5289,17.915],[77.3747,17.6066],[76.8864,17.5038],[76.7065,17.1955],[76.7836,16.3731],[76.5009,15.9363],[76.4238,15.1139],[76.1412,14.8055],[76.578,14.8055],[76.7065,14.7285],[76.9635,14.7028],[77.3361,14.9854],[77.5931,15.0882],[78.03,15.0882],[78.1328,15.0111],[78.2099,14.7028],[78.0814,14.5743],[77.6011,14.4963],[78.3127,14.2659],[78.4925,13.6234],[78.7238,13.5977],[78.9294,13.0581],[79.2121,13.1609],[79.4177,13.3922],[79.4948,13.8804],[79.4177,14.4972],[79.0322,15.2681],[79.0322,15.7307],[79.4691,15.8592],[79.816,16.3474],[80.2015,16.7586],[80.5098,16.7586],[80.7154,17.0927],[80.9467,17.5038],[80.9981,17.9407]]]},"properties":{"NAME":"Nizam's Dominions","SUBJECTO":"Nizam's Dominions","PARTOF":"Nizam's Dominions","BORDERPRECISION":3,"LINK":null}},
{"type":"Feature","geometry":{"type":"Polygon","coordinates":[[[37.2753,-17.7132],[36.3856,-16.9657],[35.5462,-16.9657],[34.287,-15.9164],[33.3427,-15.7065],[33.9722,-16.6509],[34.8117,-17.5952],[34.9166,-18.3297],[35.3779,-19.4268],[35.9148,-19.0316],[36.3136,-18.6495],[36.8923,-18],[37.2753,-17.7132]]]},"properties":{"NAME":"Portuguese East Africa","SUBJECTO":"Portuguese East Africa","PARTOF":"Portuguese East Africa","BORDERPRECISION":3,"LINK":null}},
{"type":"Feature","geometry":{"type":"Polygon","coordinates":[[[46.2254,2.5523],[46.3605,2.6678],[47.384,3.7948],[47.5564,3.9926],[48.0782,4.6668],[48.4716,5.2014],[48.7918,5.7041],[48.9495,5.9904],[49.0461,6.4163],[47.4786,5.5712],[45.941,3.5023],[43.8879,2.0262],[41.0549,-0.597],[38.7464,-3.9546],[38.2218,-6.1581],[38.9038,-10.7749],[40.524,-10.5501],[40.4662,-10.4753],[40.3869,-10.3725],[40.2088,-10.2521],[39.8382,-10.0051],[39.6576,-9.7957],[39.5768,-9.5417],[39.3918,-8.735],[39.4004,-8.3092],[39.4777,-7.9976],[39.4243,-7.8961],[39.2867,-7.8773],[39.2701,-7.8011],[39.4372,-7.3305],[39.5554,-7.1713],[39.5664,-7.0442],[39.2209,-6.7844],[38.9215,-6.3402],[38.8724,-6.0925],[38.9338,-5.6348],[39.1225,-5.037],[39.2291,-4.8449],[39.2673,-4.7762],[39.4174,-4.7314],[39.5298,-4.6167],[39.6814,-4.3241],[39.6401,-4.0827],[40.074,-3.4717],[40.2344,-3.1917],[40.2317,-3.0328],[40.2713,-2.8167],[40.4485,-2.6447],[40.7498,-2.5932],[40.8769,-2.4277],[40.9154,-2.0781],[41.0886,-2.1286],[41.3393,-2.0518],[41.6099,-1.8767],[41.6522,-1.7525],[41.6073,-1.5937],[41.8842,-1.2182],[42.4401,-0.5116],[42.9148,-0.017],[42.9412,0.0106],[43.0993,0.17],[43.7243,0.8003],[44.3007,1.2908],[44.5675,1.463],[45.5413,1.9671],[46.2254,2.5523]]]},"properties":{"NAME":"Zanzibar","SUBJECTO":"Zanzibar","PARTOF":"Zanzibar","BORDERPRECISION":3,"LINK":null}},
{"type":"Feature","geometry":{"type":"Polygon","coordinates":[[[30.3464,22.1114],[29.4655,20.7659],[29.4655,19.1729],[30.6909,16.8447],[31.6712,15.8644],[31.4261,13.2911],[31.6712,11.5756],[33.1417,11.5756],[33.9994,13.6587],[33.6318,15.7419],[34.6121,18.0701],[33.8769,19.6631],[32.1614,20.6434],[31.6166,21.2954],[30.6686,21.9181],[30.3464,22.1114]]]},"properties":{"NAME":"Funj","SUBJECTO":"Funj","PARTOF":"Funj","BORDERPRECISION":3,"LINK":null}},
{"type":"Feature","geometry":{"type":"Polygon","coordinates":[[[39.6362,14.1489],[39.3911,10.5953],[40.3714,10.4727],[40.4939,9.86],[42.6688,11.5113],[42.5553,11.5683],[42.81,11.7785],[43.0618,11.9188],[43.2591,11.9637],[43.4219,12.0467],[43.4748,12.0976],[43.4587,12.2247],[43.3305,12.4341],[43.048,12.7023],[42.6364,13.0934],[42.4084,13.1755],[42.355,13.2707],[42.3664,13.3597],[42.3571,13.4677],[42.079,13.861],[41.7611,13.8858],[41.7053,13.9301],[41.3413,14.3423],[40.7391,14.9192],[40.6305,14.9254],[40.3899,14.9058],[39.6362,14.1489]]]},"properties":{"NAME":"Awsa","SUBJECTO":"Awsa","PARTOF":"Awsa","BORDERPRECISION":3,"LINK":null}},
{"type":"Feature","geometry":{"type":"Polygon","coordinates":[[[38.0432,16.232],[36.0826,16.1095],[35.96,14.7616],[36.4623,8.5475],[37.308,7.8994],[38.1845,8.3178],[39.2178,8.4326],[39.5622,9.1215],[39.3911,10.5953],[39.6362,14.1489],[38.7784,14.3939],[38.0432,15.0066],[38.0432,16.232]]]},"properties":{"NAME":"Ethiopia","SUBJECTO":"Ethiopia","PARTOF":"Ethiopia","BORDERPRECISION":3,"LINK":null}},
{"type":"Feature","geometry":{"type":"Polygon","coordinates":[[[39.3911,10.5953],[39.5622,9.1215],[39.2178,8.4326],[38.1845,8.3178],[37.308,7.8994],[36.4623,8.5475],[35.1023,8.3896],[34.9797,7.2868],[38.0432,6.7966],[38.0432,5.6938],[36.0826,5.6938],[36.4502,2.6303],[38.4108,1.0373],[42.332,1.7726],[43.8025,2.8754],[43.4349,3.8557],[42.8222,4.5909],[41.7193,4.7135],[42.5771,5.8163],[42.9447,6.9191],[41.8419,8.7572],[40.4939,9.86],[40.3714,10.4727],[39.3911,10.5953]]]},"properties":{"NAME":"Oromo","SUBJECTO":"Oromo","PARTOF":"Oromo","BORDERPRECISION":3,"LINK":null}},
{"type":"Feature","geometry":{"type":"Polygon","coordinates":[[[8.5578,53.1576],[8.4233,53.2611],[8.4337,53.3335],[8.4647,53.3335],[8.4751,53.3749],[8.4337,53.3956],[8.4544,53.4163],[8.5061,53.3852],[8.5371,53.4783],[8.5018,53.449],[8.3057,53.5254],[8.189,53.5305],[8.2608,53.4388],[8.2419,53.3523],[8.175,53.3217],[8.0291,53.3726],[8.0987,53.4439],[8.011,53.5657],[7.9685,53.6375],[7.875,53.6337],[7.9061,53.4473],[7.875,53.437],[7.8543,53.3956],[7.8957,53.3852],[7.9475,53.3438],[7.9475,53.2818],[7.9061,53.2714],[7.8647,53.2714],[7.8337,53.2404],[7.8337,53.2094],[7.7716,53.1473],[7.7199,53.1473],[7.6992,53.1576],[7.6888,53.0024],[7.7302,52.9921],[7.7302,52.9611],[7.7819,52.9507],[7.813,52.8369],[7.7509,52.8162],[7.6992,52.8162],[7.6785,52.7748],[7.7095,52.7748],[7.7199,52.7335],[7.6578,52.7231],[7.6888,52.63],[7.7612,52.63],[7.7716,52.6507],[7.8854,52.6714],[7.8957,52.63],[7.9371,52.63],[7.9785,52.5679],[8.0199,52.5472],[7.9992,52.4438],[8.1026,52.4231],[8.2371,52.3714],[8.3199,52.3921],[8.3406,52.6714],[8.2694,52.6669],[8.2123,52.8527],[8.2694,52.8241],[8.2551,52.9384],[8.1408,53.0242],[8.2409,53.0385],[8.3266,52.9813],[8.3695,52.9813],[8.3266,53.0527],[8.5061,53.0335],[8.6406,53.0128],[8.6602,53.0265],[8.5764,53.0766],[8.5578,53.1576]]]},"properties":{"NAME":"Oldenburg","SUBJECTO":"Oldenburg","PARTOF":"Oldenburg","BORDERPRECISION":3,"LINK":null}},
{"type":"Feature","geometry":{"type":"Polygon","coordinates":[[[9.1921,51.8007],[9.2429,51.8059],[9.2429,51.8829],[9.2869,51.9049],[9.3089,51.8279],[9.2979,51.7399],[9.3309,51.7399],[9.3969,51.7289],[9.4299,51.7729],[9.4739,51.7509],[9.4629,51.6959],[9.5839,51.6739],[9.7269,51.7179],[9.7709,51.7839],[9.8259,51.8059],[9.9249,51.6739],[10.0348,51.6959],[10.0678,51.7179],[10.1228,51.7179],[10.1228,51.7069],[10.1668,51.7069],[10.2108,51.6629],[10.1931,51.7652],[10.2601,51.8573],[10.2936,51.8155],[10.3187,51.8322],[10.3438,51.8071],[10.3271,51.7987],[10.3355,51.7736],[10.3773,51.7987],[10.369,51.8238],[10.4527,51.8573],[10.4862,51.8238],[10.4862,51.8824],[10.5113,51.8824],[10.5281,52.008],[10.5783,52.0918],[10.5532,52.1671],[10.5783,52.1755],[10.5783,52.2425],[10.5532,52.276],[10.5532,52.2928],[10.5029,52.3514],[10.5113,52.3681],[10.5113,52.3932],[10.5281,52.4435],[10.5699,52.4435],[10.5699,52.4602],[10.5364,52.4602],[10.5281,52.7366],[10.5532,52.8035],[10.6872,52.77],[10.7039,52.8203],[10.8714,52.7784],[10.8965,52.7617],[10.9216,52.7784],[10.9802,52.7114],[11.064,52.7617],[11.0807,52.7449],[11.1142,52.7533],[11.0975,52.7784],[11.1142,52.8203],[11.1477,52.8119],[11.1812,52.8873],[11.0807,52.971],[10.9802,53.1636],[10.9802,53.1971],[10.9384,53.239],[10.8881,53.2222],[10.9049,53.1552],[10.8462,53.1971],[10.8462,53.2306],[10.7541,53.2892],[10.8379,53.3227],[10.863,53.3562],[10.9049,53.3729],[10.9132,53.4316],[10.9719,53.4232],[11.0053,53.4986],[10.9802,53.5739],[10.9886,53.6325],[10.9802,53.6577],[10.997,53.6744],[11.0388,53.6409],[11.0807,53.6911],[11.0137,53.733],[11.0137,53.8168],[10.9604,53.8984],[10.8935,53.8844],[10.8687,53.724],[10.817,53.724],[10.7227,53.6108],[10.6618,53.6852],[10.636,53.7111],[10.5584,53.7758],[10.5842,53.8534],[10.5768,53.8854],[10.3573,53.7598],[10.3573,53.6145],[10.1247,53.5927],[10.0738,53.6581],[9.943,53.5999],[10.0084,53.5127],[10.0738,53.5127],[10.1174,53.4764],[10.052,53.4836],[10.0229,53.4546],[9.7523,53.5032],[9.376,53.5708],[9.125,53.7905],[8.8485,53.7497],[8.5856,53.7931],[8.5619,53.7453],[8.5162,53.761],[8.4287,53.612],[8.5018,53.449],[8.5371,53.4783],[8.5061,53.3852],[8.4544,53.4163],[8.4337,53.3956],[8.4751,53.3749],[8.4647,53.3335],[8.4337,53.3335],[8.4233,53.2611],[8.5578,53.1576],[8.6199,53.168],[8.744,53.0852],[8.6602,53.0265],[8.6406,53.0128],[8.5061,53.0335],[8.3266,53.0527],[8.3695,52.9813],[8.3266,52.9813],[8.2409,53.0385],[8.1408,53.0242],[8.2551,52.9384],[8.2694,52.8241],[8.2123,52.8527],[8.2694,52.6669],[8.3406,52.6714],[8.3199,52.3921],[8.2371,52.3714],[8.1026,52.4231],[7.9992,52.4438],[8.0199,52.5472],[7.9785,52.5679],[7.9371,52.63],[7.8957,52.63],[7.8854,52.6714],[7.7716,52.6507],[7.7612,52.63],[7.6888,52.63],[7.6578,52.7231],[7.7199,52.7335],[7.7095,52.7748],[7.6785,52.7748],[7.6992,52.8162],[7.7509,52.8162],[7.813,52.8369],[7.7819,52.9507],[7.7302,52.9611],[7.7302,52.9921],[7.6888,53.0024],[7.6992,53.1576],[7.7199,53.1473],[7.7716,53.1473],[7.8337,53.2094],[7.8337,53.2404],[7.8647,53.2714],[7.9061,53.2714],[7.9475,53.2818],[7.9475,53.3438],[7.8957,53.3852],[7.8543,53.3956],[7.875,53.437],[7.9061,53.4473],[7.875,53.6337],[7.8364,53.6321],[7.3324,53.6044],[7.1656,53.5917],[7.0373,53.5101],[6.9809,53.3172],[6.9807,53.3167],[7.1897,53.2301],[7.1599,53.164],[7.228,52.9667],[7.0729,52.8043],[7.0348,52.6235],[6.7781,52.6399],[6.7268,52.5583],[6.7136,52.4757],[6.9119,52.4155],[6.9969,52.4429],[7.069,52.3663],[7.0682,52.2726],[7.2169,52.2214],[7.5145,52.3856],[7.5247,52.4882],[7.6376,52.4882],[7.6479,52.4471],[7.73,52.4163],[7.7915,52.4471],[7.8633,52.3445],[7.8428,52.3342],[7.8428,52.2624],[7.8428,52.2316],[7.9146,52.2111],[7.8736,52.1393],[7.8018,52.1393],[7.8018,52.088],[7.8736,52.088],[7.9044,52.0367],[8.0788,52.0264],[8.1814,52.0572],[8.243,52.129],[8.3148,52.0983],[8.3764,52.1496],[8.4174,52.1188],[8.4482,52.1598],[8.4174,52.1803],[8.4277,52.2316],[8.4687,52.2727],[8.4687,52.3137],[8.4071,52.3753],[8.4174,52.4471],[8.4687,52.4676],[8.5303,52.4574],[8.5303,52.4779],[8.5611,52.4779],[8.5611,52.4676],[8.6431,52.4882],[8.6944,52.4471],[8.6842,52.3958],[8.6842,52.3548],[8.7355,52.3753],[8.7868,52.365],[8.8586,52.3856],[8.9048,52.3548],[8.833,52.2727],[8.8637,52.2214],[8.8504,52.1948],[8.833,52.1598],[8.833,52.0572],[8.8637,52.0572],[8.9356,51.9957],[8.9561,51.8007],[8.9458,51.7084],[8.9869,51.7289],[9.0484,51.6878],[9.0792,51.7084],[9.1202,51.7904],[9.1921,51.8007]]]},"properties":{"NAME":"Mecklenburg-Strelitz","SUBJECTO":"UK","PARTOF":"Mecklenburg-Strelitz","BORDERPRECISION":3,"LINK":null}},
{"type":"Feature","geometry":{"type":"Polygon","coordinates":[[[12.2135,50.0089],[12.1034,49.9033],[11.9148,49.9645],[11.8919,49.9645],[11.8805,49.8845],[11.9376,49.8845],[11.9376,49.8616],[11.9719,49.8502],[11.9605,49.7931],[11.6861,49.7588],[11.6518,49.3701],[11.5718,49.3358],[11.6404,49.29],[11.6518,49.0385],[11.446,48.8785],[11.2974,48.8899],[11.1031,48.9699],[10.8744,48.9814],[10.8973,48.8328],[10.6458,48.7985],[10.5315,48.8328],[10.6001,48.6613],[10.7144,48.707],[10.8173,48.7756],[10.9202,48.787],[10.9087,48.3412],[10.8348,47.545],[10.8766,47.4801],[10.9029,47.4152],[11.1703,47.4245],[11.34,47.4708],[11.3598,47.5295],[11.5034,47.5357],[11.5596,47.613],[12.122,47.6284],[12.1633,47.7088],[12.3582,47.7243],[12.4461,47.6624],[12.7001,47.6902],[12.7654,47.6377],[12.7437,47.5635],[12.942,47.4832],[12.9789,47.5079],[13.023,47.6624],[12.9981,47.7335],[12.8475,47.7397],[12.9363,47.8727],[12.6942,48.1294],[12.8582,48.2316],[13.2936,48.3647],[13.3667,48.4421],[13.3841,48.5939],[13.4437,48.6063],[13.64,48.5382],[13.9467,48.6551],[13.7455,48.9399],[13.6521,48.9561],[13.5782,49.0369],[13.4797,48.9992],[13.3969,49.0895],[13.2031,49.1662],[12.9453,49.3979],[12.8608,49.3656],[12.6458,49.4846],[12.5363,49.5626],[12.5197,49.6676],[12.4483,49.7061],[12.4844,49.8888],[12.2135,50.0089]]]},"properties":{"NAME":"Bavaria","SUBJECTO":"Bavaria","PARTOF":"Bavaria","BORDERPRECISION":3,"LINK":null}},
{"type":"Feature","geometry":{"type":"Polygon","coordinates":[[[11.0807,52.971],[11.1869,53.0387],[11.2192,53.0387],[11.3162,53.1033],[11.3485,53.1518],[11.397,53.1518],[11.4617,53.0871],[11.5263,53.1033],[11.5101,53.1195],[11.591,53.1195],[11.6395,53.1518],[11.7203,53.1356],[11.7526,53.3458],[11.8173,53.2165],[11.8658,53.2488],[11.8819,53.2165],[11.9143,53.2488],[11.9628,53.2003],[12.0921,53.2003],[12.3022,53.0548],[12.3507,53.071],[12.5447,52.9902],[12.7872,52.8932],[12.8357,52.9417],[12.9326,52.9093],[12.9326,52.8608],[13.0781,52.8285],[13.0943,52.78],[13.0296,52.7477],[13.0943,52.6669],[13.2559,52.6184],[13.3044,52.6507],[13.1913,52.7962],[13.1428,52.78],[13.1428,52.877],[13.062,52.9255],[13.062,52.9902],[13.1913,52.9578],[13.2721,53.0225],[13.4176,53.0063],[13.4984,53.1195],[13.5307,53.0871],[13.6116,53.2811],[13.7247,53.2811],[13.757,53.4266],[13.6924,53.4266],[13.7732,53.4751],[13.8055,53.6044],[13.6116,53.6691],[13.5631,53.6367],[13.5307,53.6367],[13.4822,53.7014],[13.4014,53.7014],[13.2559,53.5721],[13.2074,53.6206],[13.1104,53.5721],[13.1104,53.6206],[13.1751,53.6691],[13.1428,53.7822],[13.0135,53.7337],[12.9811,53.7337],[12.8841,53.6852],[12.771,53.7014],[12.9003,53.9277],[12.8518,53.9439],[12.9003,54.0247],[12.7063,54.0894],[12.4625,54.2548],[12.3119,54.2019],[12.0411,54.0967],[11.565,54.0354],[11.4078,53.8593],[11.2025,53.8568],[11.1514,53.9384],[10.9604,53.8984],[11.0137,53.8168],[11.0137,53.733],[11.0807,53.6911],[11.0388,53.6409],[10.997,53.6744],[10.9802,53.6577],[10.9886,53.6325],[10.9802,53.5739],[11.0053,53.4986],[10.9719,53.4232],[10.9132,53.4316],[10.9049,53.3729],[10.863,53.3562],[10.8379,53.3227],[10.7541,53.2892],[10.8462,53.2306],[10.8462,53.1971],[10.9049,53.1552],[10.8881,53.2222],[10.9384,53.239],[10.9802,53.1971],[10.9802,53.1636],[11.0807,52.971]]]},"properties":{"NAME":"Mecklenburg-Schwerin","SUBJECTO":"Mecklenburg-Schwerin","PARTOF":"Mecklenburg-Schwerin","BORDERPRECISION":3,"LINK":null}},
{"type":"Feature","geometry":{"type":"Polygon","coordinates":[[[11.1336,51.5166],[11.0702,51.4408],[11.0869,51.4074],[11.137,51.4074],[11.2038,51.2738],[11.2538,51.2571],[11.2872,51.3573],[11.4208,51.374],[11.4208,51.3072],[11.5377,51.3072],[11.521,51.4575],[11.4424,51.6133],[11.3903,51.6505],[11.2452,51.658],[11.1708,51.6021],[11.1782,51.5463],[11.1336,51.5166]]]},"properties":{"NAME":"Thuringia","SUBJECTO":"Thuringia","PARTOF":"Thuringia","BORDERPRECISION":3,"LINK":null}},
{"type":"Feature","geometry":{"type":"MultiPolygon","coordinates":[[[[10.1514,51.6365],[10.1514,51.616],[10.1309,51.6058],[10.1802,51.5964],[10.2177,51.6125],[10.2338,51.5803],[10.3252,51.5752],[10.3517,51.6125],[10.3892,51.591],[10.4267,51.6125],[10.416,51.6554],[10.4535,51.6768],[10.475,51.65],[10.5178,51.6768],[10.53,51.7116],[10.5354,51.7224],[10.5894,51.717],[10.5894,51.7494],[10.6543,51.7602],[10.6651,51.7278],[10.8433,51.8844],[10.5783,52.0918],[10.5281,52.008],[10.5113,51.8824],[10.4862,51.8824],[10.4862,51.8238],[10.4527,51.8573],[10.369,51.8238],[10.3773,51.7987],[10.3355,51.7736],[10.3271,51.7987],[10.3438,51.8071],[10.3187,51.8322],[10.2936,51.8155],[10.2601,51.8573],[10.1931,51.7652],[10.2108,51.6629],[10.1514,51.6365]]],[[[10.2552,51.4303],[10.4266,51.2363],[10.5192,51.2638],[10.5105,51.4772],[10.4696,51.4892],[10.2884,51.5185],[10.2338,51.4785],[10.2552,51.4303]]]]},"properties":{"NAME":"Thuringia","SUBJECTO":"Thuringia","PARTOF":"Thuringia","BORDERPRECISION":3,"LINK":null}},
{"type":"Feature","geometry":{"type":"Polygon","coordinates":[[[10.6764,51.4671],[10.6361,51.3573],[10.7196,51.3072],[10.7362,51.2571],[10.6426,51.2363],[10.6394,51.1569],[10.5593,51.1703],[10.5449,51.2186],[10.4524,51.207],[10.4425,51.0487],[10.4984,50.9929],[10.543,51.0823],[10.5989,51.0599],[10.7553,51.1269],[10.7888,51.1158],[10.8,51.1605],[10.9453,51.1493],[10.9788,51.1716],[11.1799,51.194],[11.2022,51.2275],[11.3028,51.2163],[11.3251,51.1269],[11.3587,51.1381],[11.381,51.0711],[11.4033,51.0711],[11.5151,51.1716],[11.5598,51.1493],[11.5933,51.194],[11.6156,51.1716],[11.5709,51.1158],[11.5933,51.0711],[11.5598,51.0487],[11.6044,50.9817],[11.6938,51.0264],[11.7609,50.9929],[12.0647,51.0231],[12.1431,50.9895],[12.2397,50.9481],[12.2397,50.8981],[12.3522,50.8856],[12.3772,50.8106],[12.3147,50.773],[12.3022,50.7856],[12.2022,50.773],[12.1221,50.823],[11.9384,50.8564],[11.7046,50.7562],[11.4542,50.4557],[11.6212,50.3555],[11.7714,50.5559],[11.9772,50.548],[12.0272,50.548],[12.1147,50.4855],[12.0397,50.4355],[11.9397,50.4855],[11.9272,50.423],[11.8647,50.423],[11.8647,50.448],[11.7646,50.398],[11.8272,50.373],[11.8424,50.3274],[12.0837,50.2617],[12.1523,50.2416],[12.1773,50.1917],[12.2022,50.2397],[12.4616,50.3981],[12.5939,50.3836],[12.7837,50.4741],[12.9823,50.4741],[13.0175,50.5555],[13.1894,50.561],[13.233,50.6638],[13.3942,50.6913],[13.4733,50.6587],[13.5242,50.7565],[13.8548,50.7674],[13.9107,50.8435],[14.1465,50.8653],[14.2747,50.9088],[14.3888,50.9468],[14.2617,51.0447],[14.4578,51.0774],[14.5964,51.023],[14.6103,50.8979],[14.7648,50.8653],[14.8289,50.9169],[14.9973,50.9169],[15.0083,50.9849],[14.981,51.0175],[15.0093,51.0556],[15.267,51.023],[15.3415,51.2869],[15.2578,51.6218],[14.867,51.5939],[14.867,51.7613],[15.1741,51.7892],[15.2002,51.9853],[14.5261,51.8861],[14.5093,51.9621],[14.5514,52.2743],[14.3236,52.2743],[14.3236,52.3333],[14.138,52.2743],[14.0536,52.3249],[14.0114,52.1477],[13.8595,52.1477],[13.8005,52.0633],[13.6028,52.1112],[13.3868,52.0518],[13.3976,52.2517],[13.2464,52.2301],[13.106,52.2409],[13.1411,52.0464],[12.5795,52.095],[12.3635,52.0626],[12.1852,52.0734],[12.1069,52.1382],[12.1393,52.1868],[12.1069,52.2031],[11.9395,52.1382],[11.8153,52.1544],[11.8332,52.0748],[11.8518,52.0599],[11.9337,52.0934],[11.9932,52.0859],[11.9821,52.0264],[12.0156,51.9706],[12.0602,51.9892],[12.09,51.9855],[12.0826,51.9594],[12.1235,51.8961],[12.1644,51.8924],[12.1607,51.8403],[12.0974,51.7808],[12.0937,51.7436],[12.0677,51.7547],[11.9858,51.7398],[11.9858,51.6282],[11.9709,51.6319],[11.9635,51.6208],[11.997,51.617],[11.997,51.5947],[11.9337,51.5984],[11.9114,51.6096],[11.8853,51.6356],[11.8667,51.6356],[11.8853,51.617],[11.8034,51.5649],[11.6918,51.5873],[11.662,51.5649],[11.6248,51.6096],[11.4424,51.6133],[11.521,51.4575],[11.5377,51.3072],[11.4208,51.3072],[11.4208,51.374],[11.2872,51.3573],[11.2538,51.2571],[11.2038,51.2738],[11.137,51.4074],[11.0869,51.4074],[11.0702,51.4408],[11.1336,51.5166],[11.0591,51.5575],[10.9727,51.5843],[10.8722,51.5174],[10.8789,51.4705],[10.765,51.4437],[10.6764,51.4671]]]},"properties":{"NAME":"Saxony","SUBJECTO":"Saxony","PARTOF":"Saxony","BORDERPRECISION":3,"LINK":null}},
{"type":"Feature","geometry":{"type":"Polygon","coordinates":[[[10.5105,51.4772],[10.5192,51.2638],[10.4266,51.2363],[10.4524,51.207],[10.5449,51.2186],[10.5593,51.1703],[10.6394,51.1569],[10.6426,51.2363],[10.7362,51.2571],[10.7196,51.3072],[10.6361,51.3573],[10.6764,51.4671],[10.5373,51.504],[10.5105,51.4772]]]},"properties":{"NAME":"Thuringia","SUBJECTO":"Thuringia","PARTOF":"Thuringia","BORDERPRECISION":3,"LINK":null}},
{"type":"Feature","geometry":{"type":"Polygon","coordinates":[[[48.5536,29.9946],[48.7138,30],[48.8013,30.0827],[48.9457,30.3879],[49.0202,30.4326],[49.2222,30.4775],[49.2351,30.2234],[49.3214,30.1029],[49.4524,30.0777],[49.511,30.0207],[49.7178,30.0021],[50.1324,30.0664],[50.3598,29.7429],[50.7047,29.4006],[50.7025,29.1338],[50.7968,29.0133],[51.0823,28.512],[51.3501,28.0361],[51.6113,27.827],[51.6989,27.8145],[51.9616,27.7769],[52.4104,27.581],[52.6338,27.3146],[52.7799,27.1878],[52.8908,27.0523],[53.3807,26.9096],[53.6339,26.7479],[54.0649,26.7014],[54.6461,26.3913],[54.7599,26.4106],[54.9255,26.538],[55.0981,26.7374],[55.3401,26.7994],[55.4249,26.9631],[55.6576,26.9969],[55.8053,27.0051],[55.8997,27.1048],[56.0678,27.1122],[56.4309,27.1066],[56.6678,27.0499],[56.6836,26.9684],[56.7904,26.9739],[56.9291,26.7519],[56.935,26.4645],[57.0663,26.3075],[57.1124,26.0762],[57.2451,26.0185],[57.2548,25.7933],[57.328,25.7871],[57.4649,25.7048],[57.8051,25.6483],[57.9005,25.5409],[58.1096,25.5473],[58.3687,25.5479],[58.7444,25.536],[58.818,25.4789],[59.0315,25.3079],[59.3021,25.3402],[59.6546,25.3219],[60.2982,25.3232],[60.4796,25.2982],[60.7522,25.1844],[60.8583,25.0957],[61.344,25.0269],[61.57,25.0396],[61.8133,25.0533],[62.1383,25.1048],[62.4496,25.1626],[63.0181,25.1574],[63.4035,25.1646],[63.6503,25.3366],[64.0592,25.401],[64.1201,25.3122],[64.2383,25.2108],[64.425,25.1731],[64.8512,25.2058],[65.2157,25.2701],[65.7688,25.3093],[66.3001,25.4947],[66.9283,28.1119],[64.0439,28.3255],[61.6937,29.1374],[60.8205,29.8333],[60.7938,31.5789],[60.7295,31.9277],[60.6542,32.505],[60.5401,32.9932],[60.5554,33.0631],[60.8531,33.4838],[60.8414,33.5662],[60.5089,33.6723],[60.4658,33.7164],[58.1256,36.4445],[57.3137,36.8291],[54.0674,36.9415],[53.9845,36.7819],[53.7997,36.679],[53.139,36.6435],[52.6022,36.5769],[51.9931,36.4589],[51.7955,36.4323],[51.417,36.4557],[50.561,36.6864],[50.2522,36.8948],[50.1113,37.0978],[50.0387,37.2247],[49.848,37.2682],[49.4758,37.2916],[49.0595,37.3976],[48.8372,37.511],[48.7448,37.727],[48.8092,37.9886],[48.8315,38.3063],[48.825,38.3096],[48.9882,38.7192],[48.9457,38.8362],[48.9989,38.8787],[49.0521,38.9319],[49.0201,39.0064],[49.0414,39.1447],[46.6479,38.9607],[44.6373,39.6622],[44.4529,39.6728],[44.3489,39.6095],[44.3449,39.4144],[44.0821,39.2945],[44.0648,39.1733],[44.1832,38.8715],[44.1283,38.7029],[44.2291,38.4816],[44.2692,38.4289],[44.3176,38.4764],[44.447,38.3849],[44.4645,38.292],[44.3615,38.1656],[44.2319,37.9249],[44.2052,37.8674],[44.3009,37.8043],[44.4918,37.7543],[44.4268,37.6442],[44.4712,37.4546],[44.6601,37.2862],[44.7842,37.2704],[44.7946,37.1318],[45.1051,36.5032],[45.3587,36.0145],[45.3881,35.9256],[45.7304,35.832],[46.211,35.7838],[46.0007,35.5154],[45.9949,35.4009],[46.1844,35.0584],[45.6709,34.6173],[45.565,34.2738],[45.505,33.8798],[45.5062,33.7973],[45.6464,33.6393],[46.1051,33.2101],[46.0899,32.8417],[46.124,32.772],[46.2684,32.8236],[46.5085,32.8123],[47.0676,32.3963],[47.2636,32.3022],[47.612,32.0311],[47.7424,31.9048],[47.793,31.7972],[47.7869,31.5685],[47.6982,31.2886],[47.6733,31.0281],[47.6887,30.8821],[47.9367,30.8835],[48.0335,30.8777],[48.107,30.6686],[48.1104,30.4908],[48.0813,30.3953],[48.3898,30.1494],[48.5474,30.0487],[48.5536,29.9946]]]},"properties":{"NAME":"Persia","SUBJECTO":"Persia","PARTOF":"Persia","BORDERPRECISION":3,"LINK":null}},
{"type":"Feature","geometry":{"type":"Polygon","coordinates":[[[57.3137,36.8291],[61.229,39.8309],[64.8611,38.8695],[70.7188,38.3649],[70.8914,38.3722],[70.9606,38.3471],[72.8465,37.8546],[74.4276,37.47],[74.8122,36.9573],[75.5984,36.7521],[76.4873,36.6496],[77.3077,36.8547],[78.423,37.7264],[76.4787,38.2819],[74.1038,44.991],[74.1,44.9889],[74.0561,44.9944],[74.0172,45.0129],[74.0096,45.0338],[74.0156,45.0565],[73.9934,45.1124],[74.0077,45.1465],[73.9993,45.1887],[73.9807,45.2042],[73.8768,45.2393],[73.8397,45.2639],[73.6627,45.4356],[73.6147,45.5133],[73.4652,45.5825],[73.4367,45.6095],[73.4437,45.657],[73.4943,45.6866],[73.5318,45.7342],[73.5188,45.763],[73.4511,45.7796],[73.44,45.8059],[73.4635,45.8263],[73.4883,45.8311],[73.5599,45.8164],[73.6325,45.9067],[73.7151,45.9825],[73.7371,46.0127],[73.6627,46.0624],[73.654,46.0927],[73.6455,46.15],[73.6793,46.1831],[73.752,46.2026],[73.7749,46.2065],[73.8294,46.1851],[73.8976,46.2079],[73.9818,46.1864],[74.0207,46.2049],[74.027,46.2225],[73.9495,46.2884],[74.0232,46.3693],[74.0943,46.4278],[74.2798,46.4702],[74.3746,46.518],[74.43,46.5783],[74.5242,46.6229],[74.5531,46.6902],[74.6254,46.7521],[74.8043,46.7806],[74.9394,46.8168],[74.974,46.8141],[75.0887,46.8136],[75.1627,46.7746],[75.2006,46.7588],[75.3385,46.7299],[75.4268,46.7375],[75.8259,46.8181],[75.9506,46.7951],[76.2031,46.78],[76.2977,46.7529],[76.3359,46.7286],[76.4052,46.6623],[76.4263,46.6522],[76.4505,46.6407],[76.4963,46.6355],[76.5477,46.6499],[76.6,46.6646],[76.6684,46.6734],[76.6996,46.6675],[76.754,46.646],[76.7931,46.6307],[76.8593,46.6438],[77.0824,46.6246],[77.1748,46.556],[77.2264,46.5667],[77.266,46.6114],[77.3703,46.6228],[77.4949,46.6321],[77.6016,46.64],[77.6447,46.6561],[77.69,46.6586],[77.86,46.6479],[77.9913,46.6227],[78.1363,46.5949],[78.1693,46.5802],[78.2971,46.4686],[78.3243,46.4822],[78.3479,46.5121],[78.358,46.6158],[78.3588,46.6234],[78.3678,46.6429],[78.3971,46.6577],[78.4332,46.6525],[78.452,46.6181],[78.4765,46.6246],[78.5039,46.6647],[78.5514,46.7074],[78.5806,46.7231],[78.6303,46.747],[78.7609,46.7238],[78.7839,46.7349],[78.7873,46.755],[78.7931,46.78],[78.8229,46.7948],[78.8682,46.7987],[78.9296,46.7883],[78.9908,46.7486],[79.0188,46.7685],[79.0222,46.7949],[79.0519,46.8077],[79.0842,46.8101],[79.1219,46.7988],[79.1768,46.7639],[79.222,46.7204],[79.2447,46.6797],[79.2451,46.6452],[79.2355,46.6335],[79.2173,46.6097],[79.1574,46.6028],[79.1516,46.6008],[81.2198,46.5618],[85.3829,48.1477],[83.1155,48.2832],[84.2673,49.2046],[81.4791,50.2913],[78.65,50.8057],[74.9206,54.1492],[72.9916,55.3066],[64.6874,54.2723],[64.4571,53.5813],[59.103,53.6348],[58.8458,52.4774],[58.3314,50.9343],[55.245,51.7059],[51.3871,51.0629],[51.1299,50.4199],[51.9015,49.3911],[51.3871,48.1051],[51.7729,47.4621],[51.3689,47.09],[51.6746,47.0361],[51.7915,47.0091],[51.9353,46.8922],[52.1422,46.8382],[52.3759,46.8742],[52.4659,46.9102],[52.5558,46.9821],[52.8615,46.9372],[53.0234,46.9192],[53.1852,46.8652],[53.2302,46.7303],[53.2841,46.6764],[53.1672,46.5865],[53.1223,46.4966],[53.1852,46.4246],[53.2572,46.3167],[53.2032,46.1908],[53.1492,45.957],[53.0503,45.8312],[52.9245,45.7322],[52.8345,45.6423],[52.8435,45.5075],[53.0593,45.4535],[53.2122,45.3636],[53.2841,45.3276],[53.0593,45.3366],[52.6097,45.3996],[52.1062,45.3816],[51.9983,45.3816],[51.8454,45.4355],[51.7735,45.3906],[51.6296,45.3546],[51.5127,45.3726],[51.4588,45.3096],[51.3778,45.1748],[51.3419,45.0579],[51.216,45.0399],[51.0991,44.878],[51.189,44.7701],[51.3689,44.6802],[51.4858,44.6262],[51.5757,44.5543],[51.4138,44.5183],[51.3329,44.4824],[51.0901,44.5633],[50.8743,44.6262],[50.7214,44.6352],[50.5416,44.6442],[50.4067,44.6173],[50.3348,44.5633],[50.3258,44.3655],[50.3887,44.2935],[50.7035,44.2576],[50.9552,44.2036],[50.9912,44.0777],[51.171,43.7181],[51.261,43.6102],[51.3689,43.5562],[51.4588,43.3854],[51.4228,43.2595],[51.4228,43.1696],[51.5847,43.1786],[51.7375,43.1786],[51.8814,43.0527],[51.9803,42.9088],[52.0702,42.8279],[52.1601,42.8459],[52.295,42.8728],[52.3759,42.8009],[52.5828,42.8279],[52.7626,42.7559],[52.8345,42.648],[52.7536,42.5581],[52.7356,42.4232],[52.6727,42.2794],[52.5828,42.1894],[52.5198,42.0726],[52.5738,42.0186],[52.6007,41.9377],[52.5593,41.7578],[52.6826,41.6937],[52.7114,41.6075],[52.6922,41.5309],[52.855,41.3872],[52.97,41.1382],[52.9604,41.2723],[52.9317,41.3776],[52.97,41.5596],[52.9987,41.6841],[52.9412,41.7703],[52.9795,41.9044],[53.0657,42.0289],[53.2669,42.0864],[53.4584,42.096],[53.7362,42.1343],[53.9852,42.1055],[54.0235,42.0481],[54.0235,41.9523],[54.0235,41.8565],[54.1193,41.7799],[54.1385,41.6266],[54.1672,41.483],[54.3588,41.3872],[54.5982,41.2435],[54.7514,41.1382],[54.8281,40.9849],[54.8185,40.8796],[54.7227,40.8508],[54.6078,40.8125],[54.5024,40.8508],[54.4545,40.9179],[54.3683,40.8987],[54.3875,40.8029],[54.4545,40.7167],[54.4162,40.6593],[54.33,40.688],[54.2247,40.7263],[54.1097,40.6784],[53.9756,40.6497],[53.8416,40.6401],[53.7937,40.7263],[53.7649,40.87],[53.6979,40.8796],[53.65,40.8796],[53.6596,40.8125],[53.6117,40.7455],[53.4393,40.8029],[53.2573,40.7646],[53.1807,40.8413],[53.1519,40.8987],[53.0562,41.052],[53.0179,40.9466],[52.97,40.8221],[52.9508,40.7072],[52.9029,40.5635],[52.8263,40.4677],[52.8455,40.3336],[52.8455,40.1804],[52.9125,40.0463],[52.9891,39.9314],[53.0466,39.9984],[53.1903,39.9601],[53.3627,39.9601],[53.5063,39.9984],[53.6883,39.9792],[53.5925,39.893],[53.5159,39.7781],[53.5542,39.6536],[53.6691,39.644],[53.8128,39.5482],[53.7937,39.4908],[53.7362,39.5004],[53.5446,39.5387],[53.3722,39.5195],[53.3148,39.5674],[53.2477,39.4525],[53.2094,39.4046],[53.2477,39.2992],[53.3339,39.3854],[53.4967,39.3375],[53.5829,39.3184],[53.6596,39.3184],[53.6787,39.2513],[53.7745,39.1364],[53.9182,39.0502],[54.0331,38.9927],[54.0714,38.8969],[54.0331,38.7916],[53.9852,38.6575],[53.9373,38.5713],[53.9373,38.3318],[53.9373,38.1594],[53.8799,38.0254],[53.9278,37.8242],[53.9852,37.5177],[54.0151,37.3483],[54.0087,37.3487],[54.0674,36.9415],[57.3137,36.8291]]]},"properties":{"NAME":"central Asian khanates","SUBJECTO":"central Asian khanates","PARTOF":"central Asian khanates","BORDERPRECISION":3,"LINK":null}},
{"type":"Feature","geometry":{"type":"Polygon","coordinates":[[[66.3001,25.4947],[66.4323,25.4886],[66.6205,25.3175],[66.7005,25.1144],[66.6481,24.9046],[66.6542,24.7839],[66.7017,24.7523],[66.9995,24.7148],[67.1536,24.6516],[67.2042,24.5882],[67.3159,24.0929],[67.486,23.9281],[67.6923,23.8142],[68.047,23.7641],[68.0722,23.6752],[68.2162,23.5082],[68.8477,23.973],[69.9935,24.0457],[69.4365,27.0886],[69.1494,27.319],[68.6631,27.7093],[68.0838,28.1742],[67.4441,28.726],[66.9283,28.1119],[66.3001,25.4947]]]},"properties":{"NAME":"Sindh","SUBJECTO":"Sindh","PARTOF":"Sindh","BORDERPRECISION":3,"LINK":null}},
{"type":"Feature","geometry":{"type":"Polygon","coordinates":[[[-6.9634,55.2413],[-7.1116,55.3152],[-7.3339,55.3836],[-7.4265,55.2941],[-7.7562,55.2527],[-8.1183,55.1766],[-8.3454,55.0953],[-8.4763,54.8799],[-8.5037,54.7496],[-8.76,54.7014],[-8.8294,54.6339],[-8.2115,54.6339],[-8.3006,54.4893],[-8.6867,54.3641],[-8.5901,54.2028],[-9.0858,54.2582],[-9.3229,54.2751],[-9.4743,54.2413],[-9.892,54.3256],[-9.9888,54.2537],[-10.1597,54.1331],[-10.1785,53.9119],[-9.9129,53.9696],[-9.6965,53.8734],[-9.8724,53.7677],[-9.8096,53.6324],[-10.1514,53.5756],[-10.0211,53.5119],[-10.1598,53.3741],[-9.8848,53.2974],[-9.8029,53.3454],[-9.6167,53.3459],[-9.4407,53.2662],[-9.2974,53.2798],[-9.1582,53.2207],[-9.0017,53.3004],[-8.9236,53.1606],[-8.997,53.1204],[-9.3093,53.1153],[-9.5258,52.9046],[-9.4416,52.8333],[-9.6157,52.6366],[-9.1343,52.6809],[-9.1926,52.5545],[-9.504,52.5405],[-9.7357,52.4803],[-9.784,52.3407],[-9.8016,52.2411],[-9.8906,52.1944],[-10.4692,52.2066],[-10.4973,52.1017],[-9.9638,52.0921],[-10.294,51.9776],[-10.2169,51.7583],[-9.8354,51.8033],[-9.7952,51.6046],[-9.8191,51.4346],[-9.2433,51.4726],[-8.8478,51.5998],[-8.5652,51.6155],[-8.1588,51.8396],[-7.8616,51.9681],[-7.7506,52.0327],[-7.3724,52.0921],[-6.9617,52.1112],[-6.8939,52.2066],[-6.6168,52.2207],[-6.4892,52.1944],[-6.406,52.2144],[-6.3409,52.4271],[-6.2321,52.6133],[-6.0707,52.7666],[-6.0431,52.8931],[-6.1722,53.4392],[-6.335,53.786],[-6.4434,53.8994],[-6.3431,53.9396],[-6.2064,53.9567],[-6.0717,53.9736],[-5.9122,54.0274],[-5.7314,54.1749],[-5.6615,54.3222],[-5.7999,54.5229],[-5.7637,54.657],[-5.7849,54.7374],[-6.0182,55.093],[-6.1165,55.1602],[-6.2793,55.1397],[-6.4543,55.1865],[-6.6452,55.2064],[-6.9968,55.172],[-6.9634,55.2413]]]},"properties":{"NAME":"Kingdom of Ireland","SUBJECTO":"UK","PARTOF":"Kingdom of Ireland","BORDERPRECISION":3,"LINK":null}},
{"type":"Feature","geometry":{"type":"MultiPolygon","coordinates":[[[[-64.0773,46.0535],[-64.08,46.0543],[-64.0587,46.1147],[-63.8909,46.1086],[-63.7492,46.169],[-64.0763,46.2354],[-64.0945,46.2052],[-64.1639,46.2475],[-64.5348,46.2717],[-64.5388,46.3381],[-64.6966,46.5435],[-64.7181,46.6342],[-64.6898,46.6947],[-64.7973,46.7552],[-64.8505,46.7189],[-64.8916,46.9124],[-64.8075,47.0395],[-64.8422,47.1242],[-65.3896,47.1303],[-64.9801,47.3301],[-64.9469,47.4331],[-64.8736,47.4391],[-64.9239,47.5603],[-64.8201,47.6755],[-64.6579,47.7785],[-64.8251,47.8513],[-65.0404,47.7846],[-65.0279,47.8817],[-65.6123,47.6634],[-65.6454,47.7058],[-65.7607,47.9059],[-65.8372,47.9605],[-66.3457,48.0637],[-66.4715,48.0994],[-66.1814,48.1848],[-65.8546,48.2051],[-65.4744,48.1013],[-65.2131,48.1214],[-64.8742,48.3245],[-64.3977,48.4561],[-64.2509,48.5545],[-64.1943,48.6526],[-64.2592,48.8618],[-64.3205,48.9467],[-64.5497,49.0771],[-64.9524,49.2073],[-65.3674,49.2326],[-66.0299,49.1659],[-66.4934,49.0602],[-66.9727,48.9546],[-67.7813,48.7241],[-68.3413,48.5465],[-69.2539,48.1201],[-69.7475,47.7667],[-70.2241,47.342],[-70.5337,47.1265],[-70.7023,47.0675],[-71.0392,46.7359],[-70.8061,47.1715],[-70.5988,47.4325],[-70.4108,47.5567],[-70.1923,47.8115],[-69.8017,48.1908],[-69.6533,48.2956],[-69.5071,48.4592],[-69.1496,48.7345],[-68.8011,48.9772],[-68.307,49.2269],[-68.0653,49.2929],[-67.5838,49.3397],[-67.3177,49.4253],[-67.1886,49.5763],[-67.0964,49.8256],[-66.8547,50.0889],[-66.6191,50.2211],[-66.3727,50.3139],[-65.5815,50.3616],[-65.1687,50.3492],[-64.3259,50.3047],[-63.8501,50.299],[-63.3674,50.3329],[-63.2074,50.3464],[-62.2936,50.3086],[-61.6402,50.2769],[-60.8098,50.334],[-60.1378,50.4117],[-59.7155,50.5115],[-59.44,50.644],[-59.1316,50.8361],[-58.7193,51.1938],[-58.5243,51.3795],[-57.8279,51.4139],[-57.4576,51.4676],[-56.9641,51.4884],[-56.6662,51.6149],[-56.1813,51.8943],[-55.8236,52.021],[-55.659,52.1873],[-56.1097,52.6052],[-62.7797,51.9149],[-67.3372,52.4746],[-69.4961,52.4746],[-71.575,51.1153],[-72.7743,49.1164],[-74.6133,47.5972],[-76.0525,47.7572],[-77.8915,47.1975],[-79.9704,47.1975],[-82.4491,47.5173],[-88.3659,50.5556],[-89.5652,50.5556],[-90,49.9959],[-90,49.1964],[-89.5633,47.9881],[-89.5167,48.0037],[-89.5592,48.006],[-89.5016,48.0542],[-89.3441,48.1482],[-89.2556,48.2498],[-89.236,48.3589],[-89.1136,48.4539],[-88.8883,48.5347],[-88.8165,48.5071],[-88.8983,48.3711],[-88.8917,48.3144],[-88.7967,48.3371],[-88.6802,48.4732],[-88.5421,48.7228],[-88.43,48.825],[-88.3442,48.7798],[-88.3641,48.7023],[-88.4897,48.5926],[-88.5544,48.5058],[-88.5583,48.442],[-88.5269,48.4496],[-88.4602,48.5287],[-88.3959,48.5678],[-88.3342,48.5669],[-88.312,48.5865],[-88.3292,48.6265],[-88.3022,48.6323],[-88.231,48.6039],[-88.1695,48.6364],[-88.1176,48.7296],[-88.1258,48.7925],[-88.1941,48.825],[-88.2361,48.8715],[-88.2517,48.9321],[-88.2047,48.9765],[-88.095,49.0046],[-87.8474,48.9537],[-87.4621,48.8238],[-87.1916,48.7738],[-87.0357,48.8038],[-86.9342,48.8003],[-86.8872,48.7633],[-86.8237,48.7614],[-86.7437,48.7946],[-86.6868,48.7909],[-86.653,48.7503],[-86.5842,48.7411],[-86.4802,48.7632],[-86.384,48.7253],[-86.2955,48.6275],[-86.2246,48.4952],[-86.1714,48.3284],[-86.0769,48.1794],[-85.9412,48.0482],[-85.7973,47.9663],[-85.6453,47.9337],[-85.3884,47.9248],[-85.0266,47.9395],[-84.8935,47.8599],[-84.9892,47.6858],[-84.924,47.5242],[-84.6979,47.3749],[-84.6234,47.2609],[-84.7005,47.1823],[-84.7491,47.1007],[-84.7692,47.0161],[-84.7384,46.9526],[-84.6567,46.9102],[-84.6047,46.9029],[-84.5824,46.9307],[-84.519,46.9312],[-84.4146,46.9043],[-84.3724,46.8724],[-84.3925,46.8354],[-84.4422,46.817],[-84.5215,46.8171],[-84.5624,46.7852],[-84.5643,46.7354],[-84.5256,46.7244],[-84.503,46.7438],[-84.4668,46.7441],[-84.4362,46.7084],[-84.4408,46.7002],[-84.0204,46.5806],[-83.78,46.2577],[-83.6136,46.266],[-83.2666,46.199],[-82.9765,46.1765],[-82.7433,46.1985],[-82.6463,46.1989],[-82.6856,46.1777],[-82.4596,46.1525],[-81.9684,46.1235],[-81.7402,46.0978],[-81.775,46.0756],[-81.7883,46.0525],[-81.7802,46.0286],[-81.8215,46.0241],[-81.9122,46.0389],[-81.9207,46.0278],[-81.8469,45.9908],[-81.773,46.0079],[-81.6989,46.079],[-81.6295,46.101],[-81.5645,46.0737],[-81.5784,46.047],[-81.6712,46.0209],[-81.708,46.0081],[-81.6886,46.0085],[-81.6684,46.0123],[-81.6471,46.0197],[-81.5973,46.0301],[-81.5189,46.0437],[-81.4784,46.0497],[-81.4759,46.0483],[-81.5238,46.0381],[-81.6222,46.0191],[-81.6426,46.0069],[-81.585,46.0016],[-81.5897,45.9864],[-81.6565,45.9613],[-81.686,45.9466],[-81.6781,45.9421],[-81.6342,45.9575],[-81.5544,45.9926],[-81.5109,45.9996],[-81.5038,45.9784],[-81.4809,45.9749],[-81.4421,45.9889],[-81.4182,45.9942],[-81.4091,45.9908],[-81.3938,45.9913],[-81.3725,45.9957],[-81.3334,45.9977],[-81.2767,45.9971],[-81.2449,45.9958],[-81.2379,45.9937],[-81.2748,45.9895],[-81.3556,45.9832],[-81.3673,45.9726],[-81.3098,45.9577],[-81.2495,45.963],[-81.1863,45.9887],[-81.1654,45.9836],[-81.1867,45.9478],[-81.1011,45.9371],[-80.9085,45.9514],[-80.8071,45.9548],[-80.7969,45.9475],[-80.7954,45.9357],[-80.8025,45.9194],[-80.8044,45.9118],[-80.8011,45.9129],[-80.8008,45.9106],[-80.8036,45.9049],[-80.8032,45.9003],[-80.7998,45.8966],[-80.7975,45.8991],[-80.7965,45.9078],[-80.7941,45.9089],[-80.7904,45.9024],[-80.7819,45.9169],[-80.7688,45.9525],[-80.7607,45.9701],[-80.7579,45.9699],[-80.753,45.9507],[-80.7462,45.9127],[-80.7336,45.892],[-80.7152,45.8887],[-80.6964,45.8878],[-80.6773,45.8894],[-80.6623,45.89],[-80.6513,45.8897],[-80.6455,45.8892],[-80.6449,45.8886],[-80.6588,45.8874],[-80.6872,45.8854],[-80.7102,45.885],[-80.7279,45.8861],[-80.735,45.8783],[-80.7315,45.8617],[-80.7177,45.8503],[-80.6935,45.8443],[-80.6668,45.8478],[-80.6374,45.8607],[-80.6194,45.8662],[-80.6127,45.8643],[-80.6266,45.8556],[-80.6612,45.8403],[-80.69,45.8332],[-80.7133,45.8345],[-80.7095,45.8204],[-80.6789,45.7909],[-80.6226,45.7757],[-80.5409,45.7747],[-80.5315,45.772],[-80.5945,45.7677],[-80.6337,45.7571],[-80.6491,45.7405],[-80.6157,45.7048],[-80.5334,45.6502],[-80.4979,45.608],[-80.5089,45.5783],[-80.4899,45.5789],[-80.4408,45.6099],[-80.3974,45.6093],[-80.3596,45.5772],[-80.3549,45.5361],[-80.3831,45.4861],[-80.369,45.4517],[-80.3126,45.4329],[-80.2885,45.4068],[-80.2967,45.3734],[-80.2676,45.3507],[-80.2014,45.3389],[-80.1861,45.3493],[-80.2217,45.3821],[-80.2103,45.4016],[-80.1519,45.4077],[-80.0986,45.3957],[-80.0504,45.3653],[-80.0551,45.3129],[-80.1127,45.2384],[-80.087,45.1771],[-79.978,45.129],[-79.9671,45.1001],[-80.0543,45.0904],[-80.0421,45.0689],[-79.9307,45.0355],[-79.8941,45.0087],[-79.9323,44.9885],[-79.9181,44.9668],[-79.8513,44.9437],[-79.8117,44.9018],[-79.7991,44.8411],[-79.7775,44.806],[-79.7468,44.7964],[-79.7321,44.7985],[-79.7333,44.8122],[-79.7211,44.8215],[-79.6955,44.8263],[-79.6887,44.8308],[-79.7007,44.8349],[-79.7054,44.8369],[-79.7027,44.8367],[-79.7096,44.842],[-79.7262,44.8528],[-79.7375,44.8625],[-79.7436,44.8712],[-79.729,44.8777],[-79.6937,44.882],[-79.6759,44.8668],[-79.6753,44.8321],[-79.687,44.8096],[-79.7109,44.7993],[-79.7056,44.7794],[-79.6713,44.7498],[-79.7133,44.7393],[-79.8315,44.7478],[-79.8893,44.7671],[-79.8865,44.7973],[-79.8969,44.8113],[-79.9203,44.8093],[-79.9338,44.7989],[-79.9373,44.7801],[-79.9416,44.7695],[-79.9467,44.767],[-79.9497,44.7911],[-79.9507,44.8417],[-79.9944,44.8526],[-80.0808,44.8238],[-80.0878,44.774],[-80.0154,44.7031],[-80.0099,44.6184],[-80.0713,44.52],[-80.2243,44.5046],[-80.4689,44.5722],[-80.605,44.635],[-80.6326,44.6929],[-80.6837,44.7175],[-80.7583,44.7087],[-80.8328,44.67],[-80.9072,44.6015],[-80.9343,44.6235],[-80.9139,44.736],[-80.9627,44.7808],[-81.0807,44.7581],[-81.0949,44.7992],[-81.0052,44.9042],[-80.9907,44.9405],[-81.0513,44.9079],[-81.1174,44.9086],[-81.1888,44.9426],[-81.2524,45.0053],[-81.3082,45.0967],[-81.3248,45.1681],[-81.3023,45.2195],[-81.3904,45.248],[-81.5892,45.2538],[-81.698,45.2461],[-81.7168,45.225],[-81.6892,45.2087],[-81.6151,45.1973],[-81.5428,45.1366],[-81.4723,45.0265],[-81.4196,44.9788],[-81.3848,44.9934],[-81.344,44.9049],[-81.297,44.7131],[-81.3546,44.5462],[-81.5167,44.4042],[-81.6381,44.2683],[-81.7186,44.1386],[-81.7522,43.8923],[-81.7387,43.5294],[-81.8079,43.3176],[-81.9598,43.2569],[-82.0699,43.1845],[-82.138,43.1004],[-82.2328,43.044],[-82.3544,43.0154],[-82.4339,43.1451],[-82.8227,41.9973],[-82.6895,42.0191],[-82.5859,42.0014],[-82.5347,41.9403],[-82.4842,41.9601],[-82.4345,42.0608],[-82.2844,42.1472],[-82.0341,42.2194],[-81.9005,42.2753],[-81.8836,42.315],[-81.883,42.316],[-81.8985,42.2785],[-81.8922,42.2589],[-81.864,42.2571],[-81.8384,42.2903],[-81.8153,42.3585],[-81.6823,42.4574],[-81.4395,42.5871],[-81.0142,42.6242],[-80.4064,42.5687],[-80.0876,42.543],[-80.0577,42.5471],[-80.1458,42.5654],[-80.3517,42.5979],[-80.395,42.6565],[-80.2756,42.7411],[-80.0229,42.8066],[-79.637,42.8531],[-79.3568,42.8661],[-79.1825,42.8456],[-79.0502,42.8523],[-79.0657,42.9713],[-79.1379,43.183],[-79.14,43.2221],[-79.1891,43.2089],[-79.4775,43.1948],[-79.6861,43.2657],[-79.7925,43.3001],[-79.7967,43.2979],[-79.7944,43.2898],[-79.7857,43.2758],[-79.7831,43.2673],[-79.7866,43.2644],[-79.8226,43.2651],[-79.8911,43.2695],[-79.8961,43.2824],[-79.8377,43.3038],[-79.8068,43.3101],[-79.8033,43.3013],[-79.799,43.2982],[-79.7937,43.3006],[-79.743,43.3648],[-79.6469,43.4908],[-79.5301,43.5697],[-79.3924,43.6014],[-79.2667,43.669],[-79.1529,43.7724],[-78.7384,43.8777],[-78.0231,43.9847],[-77.6228,44.0102],[-77.5375,43.9542],[-77.4434,43.9344],[-77.3405,43.9509],[-77.2895,43.956],[-77.2904,43.9497],[-77.2937,43.9447],[-77.2992,43.9411],[-77.288,43.9445],[-77.2599,43.955],[-77.2529,43.9478],[-77.2669,43.923],[-77.2845,43.9173],[-77.3057,43.9308],[-77.3109,43.9403],[-77.3003,43.9459],[-77.3056,43.9487],[-77.327,43.9486],[-77.315,43.9253],[-77.2696,43.8786],[-77.2231,43.8513],[-77.1754,43.8433],[-77.0786,43.8628],[-76.9328,43.9097],[-76.8967,43.9355],[-76.9704,43.9402],[-77.0138,43.9353],[-77.0268,43.9209],[-77.0358,43.9129],[-77.041,43.911],[-77.0456,43.9124],[-77.0497,43.9168],[-76.9996,43.9669],[-76.8954,44.0626],[-76.8808,44.0927],[-76.9557,44.0571],[-77.0223,44.0402],[-77.0804,44.0419],[-77.1162,44.0343],[-77.1298,44.0172],[-77.1191,44.05],[-77.0844,44.1325],[-77.1274,44.1488],[-77.2484,44.0989],[-77.3098,44.0926],[-77.3118,44.13],[-77.3852,44.128],[-77.5301,44.0865],[-77.5398,44.0906],[-77.4144,44.14],[-77.3115,44.1629],[-77.2309,44.1592],[-77.152,44.168],[-77.0749,44.1893],[-77.0248,44.1998],[-77.0018,44.1995],[-76.9848,44.2085],[-76.9738,44.2269],[-76.9625,44.2396],[-76.951,44.2465],[-76.9758,44.2138],[-77.0372,44.1414],[-77.0341,44.1293],[-76.9667,44.1776],[-76.9325,44.1951],[-76.9316,44.1816],[-76.9198,44.1749],[-76.8972,44.1749],[-76.8855,44.1695],[-76.8848,44.1588],[-76.9327,44.1359],[-77.0292,44.1008],[-77.0633,44.0751],[-77.0349,44.0589],[-76.8758,44.1117],[-76.5862,44.2335],[-76.4486,44.2774],[-76.463,44.2435],[-76.3571,44.2601],[-76.1329,44.3267],[-75.4585,44.6397],[-75.218,44.7768],[-74.7824,45.0122],[-73.9903,45.0165],[-72.8616,45.0032],[-72.0267,45.0013],[-71.5346,44.9586],[-71.4562,45.1276],[-71.2929,45.3232],[-71.1118,45.3502],[-70.5894,45.2946],[-70.077,45.9471],[-69.5645,46.9461],[-69.3333,47.2279],[-69.0491,47.4644],[-68.9259,47.4259],[-68.6989,47.2639],[-68.5274,47.2257],[-68.343,47.305],[-67.9964,47.2938],[-67.7769,47.1645],[-67.6985,47.041],[-67.5592,45.7722],[-67.594,45.669],[-67.3213,45.5649],[-67.2207,45.5649],[-67.2021,45.4956],[-67.2661,45.4648],[-67.2575,45.3492],[-67.3438,45.3146],[-67.2717,45.1837],[-67.1868,45.2523],[-67.0159,45.1439],[-66.9603,45.2102],[-66.502,45.1861],[-66.4035,45.1078],[-66.0492,45.2885],[-66.1525,45.3788],[-66.0507,45.3487],[-65.8876,45.2583],[-65.7597,45.2945],[-64.8714,45.6621],[-64.7238,45.6682],[-64.5618,45.8853],[-64.7009,46.0845],[-64.4748,45.8552],[-64.5186,45.7948],[-64.2832,45.9215],[-64.2774,45.9021],[-64.0773,46.0535]]],[[[-61.3806,46.3314],[-61.4088,46.0456],[-61.2485,45.7928],[-61.025,45.67],[-60.8141,45.6444],[-60.5074,45.6645],[-59.9972,45.8536],[-59.8866,45.9252],[-59.8072,46.0812],[-60.0299,46.2886],[-60.169,46.3143],[-60.4465,46.1708],[-60.6357,46.0081],[-60.7613,45.8911],[-60.837,45.8779],[-61.072,45.9878],[-60.9626,46.1893],[-60.7016,46.3327],[-60.5839,46.3849],[-60.4788,46.5346],[-60.4285,46.7428],[-60.2598,46.9383],[-60.6271,47.1329],[-61.0466,46.6636],[-61.3806,46.3314]]],[[[-58.2311,49.1091],[-58.392,49.0368],[-58.6805,48.7026],[-58.1395,48.5991],[-58.4257,48.4482],[-58.6518,48.3759],[-58.982,48.1924],[-59.2345,48.0417],[-59.3185,47.9633],[-59.2217,47.7547],[-59.1566,47.6701],[-58.7004,47.7362],[-58.0905,47.7634],[-57.6354,47.7252],[-57.123,47.6414],[-56.8037,47.616],[-56.3301,47.6365],[-56.1456,47.7346],[-56.0789,47.8652],[-55.7385,47.8724],[-55.7561,47.6506],[-55.6977,47.5791],[-55.5127,47.5859],[-55.3675,47.7949],[-55.0971,47.7693],[-54.7826,47.7112],[-55.067,47.5477],[-55.2767,47.3127],[-55.8296,47.1293],[-55.9039,47.064],[-55.8042,46.9666],[-55.4079,46.9479],[-55.1845,47.098],[-54.9362,47.3394],[-54.7405,47.431],[-54.5762,47.4965],[-54.3858,47.6272],[-54.2114,47.8036],[-54.0857,47.7713],[-53.8963,47.5565],[-53.9013,47.4066],[-54.1251,47.1131],[-54.0824,46.9895],[-53.9142,46.9963],[-53.6437,47.1792],[-53.6249,46.8863],[-53.4893,46.8215],[-53.1696,46.7636],[-53.0696,46.7313],[-52.9165,47.0243],[-52.8042,47.3176],[-52.7286,47.4545],[-52.7352,47.5457],[-52.7737,47.5391],[-53.0958,47.5515],[-53.1628,47.6753],[-53.1184,47.8775],[-53.3556,47.9488],[-53.4943,47.8311],[-53.5768,47.7397],[-53.7029,47.8438],[-53.7587,48.0263],[-53.8817,48.1893],[-53.8125,48.2482],[-53.4113,48.2947],[-53.2293,48.4061],[-53.115,48.5239],[-53.1239,48.5958],[-53.249,48.6478],[-53.4578,48.5886],[-53.6455,48.5163],[-53.7626,48.5226],[-53.9768,48.6856],[-54.1296,48.8357],[-53.8108,49.0457],[-53.6429,49.1507],[-53.5091,49.2819],[-53.7862,49.3862],[-54.1579,49.4771],[-54.4811,49.5027],[-54.6199,49.4763],[-54.7662,49.2926],[-55.1073,49.2788],[-55.7476,49.533],[-55.8508,49.5656],[-55.9684,49.6571],[-55.5654,49.9661],[-56.0671,50.1033],[-56.2731,50.0173],[-56.4904,49.7676],[-56.6831,49.6885],[-56.7326,49.6884],[-56.7836,49.8194],[-56.6615,50.0561],[-56.11,50.7032],[-55.7703,51.0541],[-55.9274,51.2522],[-55.8185,51.3119],[-55.5565,51.3257],[-55.422,51.4252],[-55.4716,51.5245],[-55.5608,51.5574],[-56.1524,51.4701],[-56.3755,51.3836],[-56.7015,51.1845],[-57.3556,50.5952],[-57.8601,49.9879],[-58.0923,49.594],[-58.1277,49.4956],[-57.8142,49.2015],[-57.974,49.0834],[-58.1056,49.0831],[-58.2311,49.1091]]]]},"properties":{"NAME":"Quebec","SUBJECTO":"France","PARTOF":"Quebec","BORDERPRECISION":3,"LINK":null}},
{"type":"Feature","geometry":{"type":"Polygon","coordinates":[[[-61.3636,15.1981],[-61.2803,15.2375],[-61.27,15.2483],[-61.265,15.2581],[-61.2569,15.2789],[-61.2553,15.285],[-61.2544,15.2917],[-61.2508,15.3231],[-61.2506,15.3292],[-61.2533,15.4614],[-61.2672,15.5167],[-61.3042,15.5736],[-61.3178,15.5819],[-61.4272,15.6303],[-61.4336,15.6317],[-61.4522,15.6319],[-61.4681,15.6281],[-61.4747,15.6186],[-61.4825,15.5878],[-61.4914,15.5406],[-61.4764,15.4914],[-61.4747,15.4864],[-61.4625,15.4711],[-61.4506,15.4556],[-61.4228,15.4175],[-61.395,15.3594],[-61.3928,15.3547],[-61.3914,15.3497],[-61.3742,15.2744],[-61.3745,15.2683],[-61.3778,15.2481],[-61.3775,15.2364],[-61.3758,15.2075],[-61.3742,15.2025],[-61.3706,15.1992],[-61.3636,15.1981]]]},"properties":{"NAME":"Dominica","SUBJECTO":"Dominica","PARTOF":"Dominica","BORDERPRECISION":3,"LINK":null}},
{"type":"Feature","geometry":{"type":"Polygon","coordinates":[[[-63.1678,18.1644],[-63.1567,18.165],[-63.1508,18.1656],[-63.14,18.1683],[-63.0742,18.1928],[-63.0308,18.2103],[-63.0211,18.2144],[-62.9931,18.2272],[-62.9867,18.2356],[-62.9695,18.2664],[-62.97,18.2722],[-62.9725,18.2767],[-62.9789,18.2767],[-63.0225,18.2689],[-63.0486,18.2614],[-63.0533,18.2592],[-63.0575,18.2564],[-63.1414,18.1942],[-63.1553,18.1794],[-63.1586,18.1758],[-63.1678,18.1644]]]},"properties":{"NAME":"Anguilla","SUBJECTO":"Anguilla","PARTOF":"Anguilla","BORDERPRECISION":3,"LINK":null}},
{"type":"Feature","geometry":{"type":"MultiPolygon","coordinates":[[[[-68.1953,12.2211],[-68.1994,12.2242],[-68.3639,12.3053],[-68.3697,12.3069],[-68.3842,12.3075],[-68.395,12.3042],[-68.3994,12.3017],[-68.4044,12.2928],[-68.4161,12.2569],[-68.4169,12.2506],[-68.4022,12.2242],[-68.3989,12.2208],[-68.3942,12.2186],[-68.3883,12.2169],[-68.3675,12.2164],[-68.3547,12.2175],[-68.3281,12.2153],[-68.3122,12.2094],[-68.3047,12.2031],[-68.2986,12.1953],[-68.2886,12.1778],[-68.2867,12.1731],[-68.2814,12.1578],[-68.2792,12.1467],[-68.2792,12.14],[-68.2853,12.1022],[-68.2786,12.0617],[-68.2753,12.0514],[-68.2592,12.0261],[-68.2558,12.0228],[-68.2511,12.0206],[-68.2389,12.0222],[-68.2356,12.0256],[-68.2289,12.0397],[-68.2056,12.1131],[-68.1931,12.2047],[-68.1928,12.2103],[-68.1953,12.2211]]],[[[-68.9656,12.1989],[-68.9808,12.2047],[-68.9972,12.2161],[-69.0281,12.2411],[-69.0314,12.2444],[-69.0403,12.2564],[-69.0478,12.2697],[-69.0556,12.2889],[-69.0583,12.3131],[-69.0672,12.3317],[-69.0778,12.3486],[-69.0814,12.3519],[-69.0978,12.3633],[-69.1464,12.3839],[-69.1636,12.3664],[-69.1583,12.3114],[-69.1344,12.2733],[-69.0625,12.1883],[-68.9697,12.1181],[-68.9617,12.1125],[-68.8322,12.0494],[-68.8275,12.0472],[-68.817,12.0433],[-68.7989,12.0403],[-68.7469,12.0403],[-68.7531,12.065],[-68.8242,12.1603],[-68.8367,12.1686],[-68.8511,12.1753],[-68.8617,12.1789],[-68.8789,12.1828],[-68.8861,12.1831],[-68.912,12.1817],[-68.9656,12.1989]]],[[[-62.9611,17.4608],[-62.9519,17.465],[-62.9478,17.4678],[-62.9403,17.4744],[-62.9364,17.4858],[-62.9386,17.4903],[-62.9425,17.4936],[-62.9858,17.5197],[-62.9911,17.5219],[-62.9967,17.5206],[-62.9981,17.5144],[-62.9975,17.4942],[-62.9953,17.4897],[-62.9794,17.4647],[-62.9767,17.4608],[-62.9719,17.4581],[-62.9611,17.4608]]]]},"properties":{"NAME":"Netherlands Antilles","SUBJECTO":"Netherlands Antilles","PARTOF":"Netherlands Antilles","BORDERPRECISION":3,"LINK":null}},
{"type":"Feature","geometry":{"type":"Polygon","coordinates":[[[-63.0115,18.0673],[-63.0067,18.0806],[-63.0064,18.0869],[-63.0161,18.1139],[-63.0192,18.1178],[-63.0392,18.1219],[-63.045,18.1214],[-63.1422,18.0742],[-63.1467,18.0719],[-63.1461,18.0664],[-63.1439,18.0619],[-63.1398,18.0586],[-63.1099,18.0661],[-63.0303,18.0704],[-63.0115,18.0673]]]},"properties":{"NAME":"Saint Martin","SUBJECTO":"Saint Martin","PARTOF":"Saint Martin","BORDERPRECISION":3,"LINK":null}},
{"type":"Feature","geometry":{"type":"Polygon","coordinates":[[[-63.1398,18.0586],[-63.1161,18.0428],[-63.0792,18.0267],[-63.0728,18.025],[-63.0333,18.0156],[-63.0283,18.0156],[-63.0194,18.0206],[-63.0167,18.025],[-63.0122,18.0356],[-63.0103,18.0478],[-63.0115,18.0673],[-63.0303,18.0704],[-63.1099,18.0661],[-63.1398,18.0586]]]},"properties":{"NAME":"Saint Barthelemy","SUBJECTO":"Saint Barthelemy","PARTOF":"Saint Barthelemy","BORDERPRECISION":3,"LINK":null}},
{"type":"Feature","geometry":{"type":"MultiPolygon","coordinates":[[[[-157.8416,21.2902],[-157.9465,21.4156],[-158.0468,21.4589],[-158.0947,21.5911],[-158.1791,21.6891],[-158.3136,21.5752],[-158.4663,21.5706],[-158.4344,21.452],[-158.2976,21.2765],[-158.1517,21.2993],[-158.0719,21.297],[-158.0218,21.2377],[-157.8964,21.2514],[-157.8416,21.2902]]],[[[-156.5067,20.5989],[-156.253,20.6299],[-156.1209,20.7126],[-156.1185,20.7901],[-156.3959,20.9502],[-156.5508,20.9747],[-156.7157,21.0691],[-156.78,21.0432],[-156.8225,20.9399],[-156.615,20.7952],[-156.5764,20.6351],[-156.5067,20.5989]]],[[[-155.7828,18.9455],[-155.6501,19.1367],[-155.482,19.24],[-155.1372,19.3279],[-155.0599,19.4196],[-154.9477,19.4829],[-154.92,19.5552],[-155.0576,19.6224],[-155.1115,19.7515],[-155.2185,19.7722],[-155.2117,19.8962],[-155.4788,20.0874],[-155.7722,20.2129],[-155.9313,20.2837],[-156.0091,20.2631],[-156.0324,20.1959],[-155.9624,20.0789],[-155.9466,19.9892],[-156.1633,19.8084],[-156.0542,19.5035],[-156.0342,19.1057],[-155.7828,18.9455]]]]},"properties":{"NAME":"Polynesians","SUBJECTO":"Polynesians","PARTOF":"Polynesians","BORDERPRECISION":3,"LINK":null}},
{"type":"Feature","geometry":{"type":"Polygon","coordinates":[[[-77.2535,-2.0979],[-77.8537,-1.6672],[-78.5616,-2.1287],[-78.3923,-2.9128],[-77.8999,-3.1125],[-77.2535,-2.7591],[-77.2535,-2.0979]]]},"properties":{"NAME":"Shuar","SUBJECTO":"Shuar","PARTOF":"Shuar","BORDERPRECISION":3,"LINK":null}},
{"type":"Feature","geometry":{"type":"MultiPolygon","coordinates":[[[[-163.2624,55.171],[-163.1997,55.0427],[-162.968,54.9487],[-162.8006,54.9962],[-162.7459,55.0639],[-162.7876,55.1516],[-163.0909,55.2727],[-163.2624,55.171]]],[[[-160.676,55.7649],[-161.3181,55.8791],[-161.6089,55.8446],[-161.8105,55.7831],[-162.0773,55.5928],[-162.2238,55.4977],[-162.5846,55.3887],[-162.5897,55.2534],[-162.5462,55.1453],[-162.2183,55.1324],[-161.6959,55.3769],[-161.5751,55.4786],[-161.0903,55.5608],[-160.8671,55.5748],[-160.5278,55.5416],[-160.3913,55.5622],[-160.3557,55.6571],[-160.676,55.7649]]],[[[-166.7419,53.5326],[-166.6428,53.5729],[-166.6101,53.7068],[-166.4932,53.7338],[-166.3835,53.8546],[-166.5797,53.9614],[-166.7706,54.0012],[-167.1484,53.9402],[-167.0026,53.7262],[-166.9272,53.4589],[-166.7419,53.5326]]],[[[-164.7862,54.6897],[-165.0097,54.528],[-164.9488,54.4274],[-164.5645,54.3341],[-164.425,54.4015],[-164.246,54.5966],[-164.0719,54.6575],[-163.5727,54.6315],[-163.3218,54.6992],[-163.2064,54.7372],[-163.3602,54.9211],[-163.5674,55.0218],[-163.7428,55.0619],[-164.1312,54.9061],[-164.5609,54.8313],[-164.7862,54.6897]]],[[[-148.8397,60.5451],[-148.7551,60.6828],[-151.7841,59.9625],[-151.7847,59.9463],[-151.4899,59.711],[-151.448,59.5379],[-151.7723,59.3573],[-151.8007,59.3019],[-151.881,59.1635],[-151.388,59.2128],[-150.9223,59.4142],[-150.501,59.6158],[-150.0211,59.7138],[-149.5812,59.9852],[-149.3256,60.0275],[-149.0619,60.0001],[-148.6999,59.9036],[-148.4935,59.904],[-148.3009,60.1061],[-148.2575,60.2806],[-148.3361,60.4132],[-148.8397,60.5451]]],[[[-154.5852,57.3637],[-154.6614,57.2336],[-154.5926,57.1448],[-154.1601,56.9817],[-153.8778,56.9413],[-153.67,56.969],[-153.4921,57.0513],[-153.2712,57.2636],[-153.2264,57.3662],[-153.1771,57.4074],[-152.9116,57.49],[-152.7185,57.4904],[-152.3783,57.5184],[-152.4384,57.6142],[-152.6795,57.7645],[-153.1778,57.8253],[-153.3959,57.8043],[-153.4248,57.6397],[-153.5218,57.5436],[-153.7313,57.4269],[-153.8664,57.4677],[-154.1886,57.6314],[-154.342,57.4873],[-154.5852,57.3637]]],[[[-168.2235,53.59],[-168.3559,53.5495],[-168.5073,53.4289],[-168.554,53.3753],[-168.5141,53.2951],[-168.3743,53.2353],[-168.0407,53.3094],[-167.8654,53.3234],[-167.9608,53.4901],[-168.2235,53.59]]],[[[-154.0969,59.4125],[-157.1533,58.6857],[-157.1546,58.6703],[-157.2419,58.4911],[-157.5537,58.2703],[-157.6646,57.9334],[-157.6653,57.6042],[-157.7851,57.5081],[-158.1247,57.3432],[-158.4507,57.2127],[-158.6621,57.0756],[-158.671,56.8435],[-158.6173,56.7481],[-159.2487,56.781],[-159.7759,56.5823],[-159.976,56.4185],[-160.1139,56.323],[-160.4573,56.1999],[-160.6066,56.0434],[-160.6074,55.9619],[-160.1694,55.8066],[-159.614,55.8891],[-159.0769,55.992],[-158.7381,56.1896],[-158.6148,56.3667],[-158.5267,56.4485],[-157.9803,56.6539],[-157.7475,56.7702],[-157.3971,56.8459],[-156.9934,56.9149],[-156.4958,57.1002],[-156.4507,57.1755],[-156.6846,57.4007],[-156.3694,57.5656],[-155.9032,57.7173],[-155.5981,57.8962],[-154.9532,58.0347],[-154.6493,58.0765],[-154.4045,58.2488],[-154.2139,58.428],[-153.9636,58.5524],[-153.6823,58.6425],[-153.4886,58.7945],[-153.455,58.8773],[-153.6644,58.9805],[-153.9648,59.0283],[-154.1269,59.0417],[-154.2982,59.1174],[-154.2823,59.2488],[-154.0969,59.4125]]]]},"properties":{"NAME":"Suspiaq","SUBJECTO":"Suspiaq","PARTOF":"Suspiaq","BORDERPRECISION":3,"LINK":null}},
{"type":"Feature","geometry":{"type":"Polygon","coordinates":[[[-154.0969,59.4125],[-153.976,59.5192],[-153.7098,59.6444],[-153.4064,59.7074],[-153.1696,59.7401],[-161.0012,63.6283],[-161.133,63.5628],[-161.5626,63.5406],[-161.9108,63.5256],[-162.4745,63.4102],[-162.7781,63.2169],[-162.9701,63.1025],[-163.3086,63.0377],[-163.527,63.0801],[-163.968,63.2004],[-164.2918,63.2498],[-164.467,63.171],[-164.7045,62.9568],[-164.8779,62.8212],[-165.0296,62.6504],[-165.4312,62.4295],[-165.5335,62.2734],[-165.5792,62.1388],[-165.8021,62.0393],[-165.8341,61.8343],[-166.1895,61.7489],[-165.9092,61.3055],[-165.8981,61.2703],[-165.512,61.257],[-165.4233,61.2642],[-165.1432,61.1804],[-164.5393,60.9497],[-164.3017,60.9432],[-164.0581,61.0419],[-163.8949,61.0422],[-163.6888,60.9233],[-163.52,60.7063],[-163.627,60.601],[-163.9378,60.6145],[-164.5281,60.7534],[-164.8447,60.8159],[-164.9963,60.6194],[-165.128,60.5422],[-165.0476,60.4165],[-164.5942,60.2078],[-164.3847,60.0617],[-164.2076,59.902],[-164.0274,59.7982],[-163.5364,59.8408],[-163.3538,59.9314],[-163.0218,59.9667],[-162.3781,60.1631],[-161.9891,59.7119],[-161.9252,59.518],[-162.0601,59.2893],[-162.0039,58.8266],[-161.9673,58.7784],[-161.9382,58.7233],[-161.646,58.6825],[-161.1171,58.7455],[-160.8276,58.8978],[-160.8401,58.9599],[-160.4305,59.0022],[-160.0652,58.9545],[-159.8136,58.9412],[-159.5844,58.8105],[-159.3655,58.6317],[-159.1101,58.4875],[-158.9327,58.4328],[-158.8565,58.4536],[-158.8655,58.612],[-158.9731,58.7703],[-158.9119,58.8739],[-158.6362,58.971],[-158.5167,58.9989],[-158.2914,58.7302],[-157.9874,58.717],[-157.4242,58.8008],[-157.1394,58.8558],[-157.1533,58.6857],[-154.0969,59.4125]]]},"properties":{"NAME":"Yup'ik & Cup'ik","SUBJECTO":"Yup'ik & Cup'ik","PARTOF":"Yup'ik & Cup'ik","BORDERPRECISION":3,"LINK":null}},
{"type":"Feature","geometry":{"type":"MultiPolygon","coordinates":[[[[-138.2996,69.1434],[-138.9955,69.3683],[-139.9007,69.571],[-140.3346,69.6232],[-140.7394,69.5846],[-141.0593,69.5955],[-141.1614,69.5989],[-141.704,69.7344],[-142.8025,70.0903],[-143.3076,70.1968],[-144.3603,70.1334],[-145.2725,70.1164],[-145.607,70.1924],[-146.1826,70.2681],[-147.7235,70.3267],[-148.1208,70.3798],[-148.7406,70.494],[-149.2863,70.5392],[-149.9385,70.4995],[-150.6386,70.4751],[-151.1442,70.4818],[-151.7256,70.5347],[-151.915,70.4958],[-152.1371,70.5339],[-152.4895,70.6952],[-152.6512,70.8185],[-152.9712,70.934],[-153.2931,70.9489],[-153.7711,70.9712],[-154.4613,70.9932],[-155.0999,71.0773],[-155.2337,70.984],[-155.4748,70.8519],[-155.6658,70.867],[-156.138,70.9281],[-156.1455,71.0831],[-155.9729,71.1455],[-156.0432,71.223],[-156.3471,71.3313],[-156.474,71.3544],[-156.9047,71.3459],[-157.3179,71.1585],[-157.8119,70.9714],[-158.4169,70.9083],[-158.8552,70.8843],[-159.3694,70.8988],[-160.2403,70.8585],[-160.2483,70.7656],[-159.9096,70.6041],[-159.8391,70.5117],[-159.9047,70.4269],[-160.7166,70.4562],[-161.1876,70.4399],[-161.6974,70.3312],[-162.1772,70.2842],[-162.511,70.1837],[-162.8791,69.9991],[-163.1562,69.7628],[-163.5107,69.5042],[-163.7142,69.2239],[-164.0672,69.0647],[-164.8902,68.935],[-165.3355,68.904],[-166.2968,68.8796],[-166.3354,68.6614],[-166.7011,68.4805],[-166.8435,68.4052],[-165.94,68.1598],[-164.743,67.8633],[-164.5127,67.7967],[-164.044,67.589],[-163.826,67.4482],[-163.7387,67.2183],[-163.0309,67.1752],[-162.5987,67.1612],[-161.9357,67.0884],[-161.7956,66.7486],[-161.2184,66.7276],[-160.3427,66.5965],[-160.0323,66.5676],[-160.0354,66.4866],[-160.1252,66.3393],[-160.5847,66.3164],[-160.923,66.3672],[-161.2614,66.396],[-161.3792,66.359],[-161.6268,66.2263],[-161.9795,66.1156],[-162.2751,66.071],[-162.7585,66.0628],[-163.37,66.1056],[-163.8431,66.1781],[-163.8534,66.3029],[-163.7824,66.5385],[-164.4631,66.5962],[-165.0927,66.4698],[-165.5214,66.366],[-165.9972,66.2034],[-166.4282,66.1072],[-167.0242,65.9595],[-167.73,65.863],[-168.0813,65.7452],[-168.1798,65.6939],[-167.6016,65.6],[-166.9991,65.4917],[-166.1387,65.3548],[-165.6633,65.2465],[-165.8638,65.1661],[-166.3174,65.1652],[-166.6038,65.1501],[-166.6685,65.0846],[-166.586,64.7304],[-166.3477,64.6371],[-165.7407,64.559],[-165.1712,64.5457],[-164.5999,64.6188],[-164.2651,64.605],[-163.8834,64.5913],[-163.0252,64.4417],[-162.8019,64.4709],[-162.5615,64.601],[-162.1366,64.7892],[-161.2906,64.9641],[-161.1257,64.9283],[-160.9022,64.8132],[-160.7897,64.6403],[-160.9439,64.5248],[-161.361,64.5096],[-161.3729,64.4664],[-161.0063,64.1579],[-160.9266,63.9516],[-157.1779,64.0125],[-141.0142,68.4056],[-138.2996,69.1434]]],[[[-171.7277,63.4571],[-171.3226,63.4865],[-170.9664,63.4586],[-170.629,63.3663],[-169.9031,63.0752],[-169.6659,63.2397],[-169.3753,63.2545],[-169.1192,63.2407],[-169.1399,63.2906],[-169.3329,63.3973],[-170.1089,63.5603],[-170.4815,63.6884],[-170.7235,63.6879],[-170.9681,63.6517],[-171.2286,63.6512],[-171.7394,63.7504],[-171.9716,63.7285],[-172.0523,63.5995],[-171.8584,63.4998],[-171.7277,63.4571]]]]},"properties":{"NAME":"Inupiaq","SUBJECTO":"Inupiaq","PARTOF":"Inupiaq","BORDERPRECISION":3,"LINK":null}},
{"type":"Feature","geometry":{"type":"MultiPolygon","coordinates":[[[[-134.7638,56.7937],[-134.8213,56.9163],[-135.0023,57.3258],[-135.2581,57.4142],[-135.4412,57.4275],[-135.4839,57.3317],[-135.4661,57.2292],[-135.1973,56.8201],[-134.9457,56.4535],[-134.8028,56.671],[-134.7638,56.7937]]],[[[-136.3001,58.1801],[-136.4182,58.1112],[-136.5964,57.9049],[-136.237,57.7273],[-135.8164,57.4542],[-135.7914,57.5569],[-135.8217,57.7555],[-135.5425,57.7218],[-135.147,57.5992],[-135.115,57.6746],[-135.3249,58.0927],[-135.6718,58.0439],[-136.0245,58.215],[-136.3001,58.1801]]],[[[-130.0027,55.2885],[-130.1796,55.6382],[-130.1064,55.9926],[-130.2874,56.1075],[-131.1988,56.4508],[-131.6398,56.592],[-131.7249,56.6052],[-131.9554,56.7819],[-132.707,57.6287],[-133.5028,58.4243],[-133.8693,58.6851],[-134.7911,59.214],[-134.9485,59.359],[-135.1155,59.5806],[-135.2577,59.6703],[-135.6322,59.7031],[-135.8548,59.6463],[-136.1838,59.422],[-136.7349,59.1205],[-137.1163,59.0283],[-137.2233,58.8822],[-137.6486,59.1852],[-138.6214,59.7781],[-138.778,59.9096],[-138.8557,60.084],[-139.0051,60.2584],[-139.3379,60.2847],[-140.4288,60.2299],[-140.708,60.2543],[-141.0918,59.8294],[-140.9045,59.7865],[-140.4284,59.7597],[-140.1329,59.7672],[-139.9289,59.8299],[-139.5726,59.9],[-139.3998,59.8309],[-139.3066,59.7063],[-139.3674,59.63],[-139.7851,59.5184],[-139.2001,59.2773],[-138.7802,59.1814],[-138.7445,59.1814],[-138.4457,59.1619],[-138.2012,59.0305],[-137.5767,58.6042],[-137.085,58.4468],[-136.3561,58.5239],[-136.3703,58.6202],[-136.9388,58.9432],[-136.3901,58.8408],[-136.1484,58.9033],[-135.9684,58.6968],[-135.7383,58.47],[-135.6159,58.4358],[-135.3003,58.3745],[-135.2791,58.4433],[-135.3257,58.5809],[-135.5148,58.9735],[-135.4695,59.3397],[-135.3086,59.347],[-135.1438,59.1675],[-135.0459,58.9054],[-134.8303,58.5612],[-134.3801,58.3762],[-134.1235,58.2392],[-134.0166,58.1226],[-133.8404,57.9994],[-133.6403,57.9654],[-133.5048,57.8971],[-133.4741,57.8423],[-133.6413,57.7391],[-133.5969,57.6433],[-133.3408,57.3768],[-133.4004,57.2195],[-133.1967,57.1584],[-132.8713,57.0156],[-132.5593,56.7025],[-132.2711,56.5055],[-132.101,56.3494],[-132.1838,56.2541],[-132.2792,56.1316],[-132.264,55.9372],[-132.2556,55.85],[-132.0325,55.8935],[-131.9636,55.9661],[-131.767,56.01],[-131.1905,56.0348],[-131.101,55.9129],[-130.8924,55.7692],[-130.6954,55.4654],[-130.7339,55.2657],[-130.7734,55.0662],[-130.6903,54.9717],[-130.5457,54.9097],[-130.4129,55.0207],[-130.2673,55.0718],[-130.065,55.1021],[-130.0027,55.2885]]],[[[-132.6208,55.751],[-132.5944,55.812],[-132.6333,55.9001],[-133.1573,56.1163],[-133.2807,56.2316],[-133.4856,56.2583],[-133.5178,56.2107],[-133.2663,55.8311],[-133.271,55.621],[-133.016,55.371],[-132.1738,54.8463],[-132.1772,55.2848],[-132.5547,55.4531],[-132.6881,55.6492],[-132.6208,55.751]]]]},"properties":{"NAME":"Eyaq","SUBJECTO":"Eyaq","PARTOF":"Eyaq","BORDERPRECISION":3,"LINK":null}},
{"type":"Feature","geometry":{"type":"Polygon","coordinates":[[[-112.1229,42.6417],[-111.7932,42.8798],[-112.113,44.4789],[-115.311,49.0567],[-115.1646,49.0562],[-112.8618,49.0686],[-112.529,49.0638],[-110.6703,49.0541],[-110.1801,49.0698],[-108.4607,49.0594],[-108.0673,49.0615],[-106.4396,49.0637],[-104.2615,49.0557],[-103.991,49.0571],[-102.6702,49.0511],[-101.7111,49.0562],[-100.4598,49.0433],[-99.1481,49.0503],[-98.2009,49.0488],[-97.5941,49.0521],[-96.335,49.0391],[-95.1257,49.0522],[-94.8198,49.0507],[-94.9938,49.3154],[-95.0528,49.4717],[-94.8273,49.4876],[-94.424,49.1513],[-94.2983,48.9844],[-94.0877,48.7775],[-93.7132,48.5744],[-93.4802,48.6085],[-92.839,48.5151],[-92.8301,48.432],[-92.7081,48.4375],[-92.5561,48.2215],[-92.4841,48.3322],[-92.2581,48.3267],[-92.1498,48.2048],[-91.9388,48.1661],[-91.91,48.083],[-91.6821,48.0387],[-91.4245,48.102],[-91.3261,48.1288],[-91.1409,48.2149],[-90,48.2485],[-90,48.1218],[-90,48.1071],[-90,48.0885],[-90,48.0697],[-90,48.0371],[-90,47.9723],[-89.8714,47.9944],[-89.622,47.9684],[-89.5633,47.9881],[-90,49.1964],[-90,49.9959],[-89.5652,50.5556],[-88.3659,50.5556],[-82.4491,47.5173],[-79.9704,47.1975],[-77.8915,47.1975],[-76.0525,47.7572],[-74.6133,47.5972],[-72.7743,49.1164],[-71.575,51.1153],[-69.4961,52.4746],[-67.3372,52.4746],[-62.7797,51.9149],[-56.1097,52.6052],[-55.927,52.8053],[-55.9043,52.9652],[-55.7697,53.1587],[-55.7798,53.2387],[-55.8813,53.3519],[-56.3545,53.5713],[-56.6493,53.6576],[-56.8538,53.5837],[-57.1308,53.483],[-57.2689,53.6163],[-57.2852,53.6698],[-57.1058,53.8706],[-57.263,54.0242],[-57.5611,54.1307],[-58.0769,54.0829],[-58.6401,53.8677],[-59.1808,53.5191],[-59.4729,53.4719],[-59.717,53.4313],[-60.246,53.2768],[-60.1242,53.5173],[-60.1372,53.6843],[-59.9915,53.8049],[-59.863,53.8386],[-59.3987,53.8662],[-59.1062,53.9671],[-58.8436,54.1483],[-58.4681,54.2562],[-58.1699,54.2769],[-57.8386,54.3713],[-57.5154,54.4658],[-57.4329,54.5799],[-58.1155,54.7128],[-58.5572,54.7723],[-59.0798,54.993],[-59.3382,55.0802],[-59.6938,55.1537],[-60.0472,55.1192],[-60.3457,55.0445],[-60.5745,55.071],[-60.3733,55.4225],[-60.3576,55.5104],[-60.4683,55.659],[-60.8728,55.8545],[-61.2499,56.0775],[-61.4578,56.1585],[-61.743,56.1715],[-61.9277,56.273],[-62.0778,56.5037],[-62.1628,56.6123],[-62.2856,56.6937],[-62.3264,56.7685],[-62.1841,56.796],[-61.8488,56.7422],[-61.5446,56.7292],[-61.3606,56.7772],[-61.3353,56.8113],[-61.3506,57.002],[-61.4761,57.1041],[-61.8224,57.1921],[-62.0014,57.2941],[-62.186,57.4372],[-61.9992,57.5128],[-61.8284,57.5541],[-61.8881,57.725],[-62.0147,57.8412],[-62.3492,57.9022],[-62.4948,57.9568],[-62.5767,58.0389],[-62.7411,58.3886],[-62.999,58.3744],[-63.042,58.5255],[-62.887,58.6564],[-63.0057,58.8145],[-63.4758,59.1583],[-63.7441,59.517],[-64.0974,59.7446],[-64.3706,60.0144],[-64.6706,60.1809],[-64.9007,59.8816],[-64.9879,59.8191],[-65.429,59.7767],[-65.5517,59.7142],[-65.5554,59.5758],[-65.2626,59.3482],[-65.5051,59.1752],[-65.7187,59.0575],[-65.8614,58.7953],[-65.9102,58.4513],[-65.9291,58.4238],[-66.241,58.7464],[-66.3281,58.8014],[-66.4746,58.808],[-66.6246,58.5599],[-66.8209,58.3877],[-67.107,58.3047],[-67.6347,58.2694],[-67.7724,58.2485],[-68.0046,58.1657],[-68.1294,58.3097],[-68.0927,58.3647],[-68.0947,58.4815],[-68.2648,58.6394],[-68.5694,58.7833],[-68.6982,58.79],[-69.0496,58.7686],[-69.2142,58.7477],[-69.7258,58.5609],[-69.8942,58.6845],[-69.8324,58.9877],[-69.6765,58.981],[-69.476,58.9745],[-69.3647,59.0506],[-69.3426,59.2093],[-69.4461,59.3956],[-69.5073,59.7205],[-69.7043,60.3178],[-69.649,60.5202],[-69.3895,60.6745],[-69.3838,60.8564],[-69.5363,60.9892],[-69.7021,60.8978],[-70.0283,60.8832],[-70.9092,61.0426],[-71.6734,61.2657],[-71.8562,61.3707],[-71.7239,61.5467],[-72.0819,61.7432],[-72.495,61.9116],[-72.8343,62.1157],[-72.9486,62.172],[-73.3946,62.355],[-73.6597,62.3899],[-73.7402,62.3614],[-73.835,62.34],[-74.2219,62.2403],[-74.7078,62.1758],[-75.3559,62.1816],[-75.6946,62.2163],[-76.1882,62.3214],[-76.9896,62.4898],[-77.3616,62.5175],[-77.6182,62.432],[-77.8676,62.29],[-78.0049,62.0989],[-77.9854,61.8589],[-77.8754,61.7393],[-77.6014,61.6201],[-77.4591,61.5289],[-77.4622,61.4726],[-77.6884,61.1561],[-78.1765,60.7418],[-77.3885,60.6943],[-77.391,60.5755],[-77.5072,60.4146],[-77.4854,60.3239],[-77.3434,60.143],[-77.2624,59.983],[-77.2148,59.7475],[-77.3477,59.6227],[-77.5487,59.6154],[-77.6615,59.5736],[-77.7932,59.3867],[-78.042,58.9928],[-78.4326,58.7577],[-78.4688,58.7095],[-78.3368,58.5515],[-78.2687,58.531],[-78.0648,58.4076],[-77.9016,58.3529],[-77.4044,58.1136],[-77.1942,57.9905],[-76.7724,57.6625],[-76.665,57.519],[-76.5545,57.2801],[-76.4386,56.8097],[-76.4629,56.5714],[-76.5694,56.2721],[-76.7645,56.0274],[-77.2338,55.6065],[-77.5169,55.4707],[-78.3079,55.0438],[-78.5893,54.922],[-78.9818,54.8138],[-79.5451,54.6919],[-79.3987,54.2764],[-79.23,54.1494],[-78.9346,54.0763],[-78.8014,53.9627],[-78.7579,53.7488],[-79.0346,53.7416],[-78.9364,53.5479],[-78.844,53.281],[-78.842,53.0342],[-78.7247,52.6947],[-78.5731,52.4887],[-78.491,52.2561],[-78.5534,52.0102],[-78.7968,51.7709],[-78.7001,51.5656],[-78.7484,51.3204],[-78.8227,51.1614],[-78.9406,51.32],[-79.1118,51.525],[-79.2762,51.6042],[-79.534,51.4182],[-79.5943,51.2658],[-79.4953,51.1403],[-79.3385,50.843],[-79.7467,51.1133],[-80.0733,51.298],[-80.3613,51.304],[-80.3965,51.3768],[-80.5728,51.6414],[-80.8771,51.9062],[-81.3107,52.1178],[-81.7474,52.1701],[-81.7129,52.3297],[-81.7338,52.5491],[-81.8524,52.7086],[-82.0691,52.8614],[-82.3412,52.9808],[-82.3511,53.0741],[-82.2122,53.3413],[-82.1604,53.8024],[-82.1921,53.9897],[-82.3301,54.1434],[-82.3993,54.2706],[-82.3357,54.653],[-82.2021,54.9689],[-82.3827,55.0562],[-83.016,55.1494],[-83.576,55.2226],[-83.9486,55.1881],[-84.1524,55.208],[-84.4684,55.1669],[-84.7172,55.2137],[-85.161,55.3276],[-85.6029,55.5093],[-85.8924,55.6102],[-87.4672,55.912],[-87.9142,56.3319],[-88.7675,56.7385],[-89.7255,56.9342],[-90,57.074],[-90,57.1443],[-90,57.1779],[-91.3369,57.1631],[-92.1801,56.9705],[-92.4831,56.9767],[-92.4236,57.3865],[-92.5227,57.6873],[-92.8884,58.2077],[-93.0742,58.551],[-93.2395,58.6815],[-93.3638,58.7019],[-93.8876,58.6596],[-94.1865,58.6659],[-94.3023,58.707],[-94.4149,58.7137],[-94.6838,58.8785],[-94.745,59.1198],[-94.8003,59.5135],[-94.7281,59.7629],[-94.7532,59.95],[-94.6076,60.2497],[-94.4843,60.4942],[-94.376,60.7951],[-94.252,60.9284],[-94.0138,61.2165],[-93.8743,61.3432],[-93.4656,61.4353],[-93.3246,61.5411],[-93.4226,61.858],[-93.2333,61.9713],[-92.5792,62.2693],[-92.1022,62.4118],[-91.8909,62.6036],[-92.4553,62.7941],[-92.2902,62.9152],[-92.0604,62.8872],[-91.4175,62.8529],[-90,62.9462],[-90,63.0961],[-90,63.1815],[-90,63.3024],[-91.0267,63.3946],[-91.6417,63.5147],[-92.351,63.5848],[-93.3169,63.9736],[-91.9838,63.8286],[-91.5862,63.7935],[-90,63.6091],[-90,63.5614],[-89.8704,63.5752],[-89.8615,63.6467],[-90,63.9039],[-89.9945,64.0328],[-89.9727,64.1905],[-89.4948,64.0194],[-89.0774,63.9629],[-88.7045,63.9851],[-88.3771,64.0573],[-87.9918,64.2517],[-87.4352,64.5689],[-87.1573,65.0596],[-87.6163,65.0734],[-88.1714,65.1304],[-88.9044,65.3252],[-89.6924,65.6733],[-90,65.7679],[-90,65.8931],[-90,65.9716],[-90,65.9736],[-89.7776,65.98],[-89.5087,65.9292],[-89.1774,65.8129],[-88.642,65.7117],[-88.5409,65.6754],[-88.1735,65.4575],[-87.7869,65.3491],[-87.5498,65.3495],[-87.254,65.4301],[-86.3337,65.9279],[-86.0587,66.0748],[-85.9871,66.1628],[-86.5769,66.3524],[-86.8531,66.462],[-86.739,66.5651],[-85.9032,66.6182],[-85.3868,66.6118],[-85.1185,66.3331],[-84.9495,66.2747],[-84.37,66.3125],[-84.0587,66.2764],[-83.7405,66.3063],[-84.4077,66.7094],[-85.0216,66.9441],[-84.7139,67.0703],[-84.4904,67.0485],[-84.2264,66.9309],[-83.482,66.4977],[-83.1387,66.3735],[-82.6335,66.6023],[-82.33,66.6396],[-81.6967,66.9873],[-81.4992,67.0689],[-81.2844,67.3579],[-81.295,67.4987],[-81.7937,67.7578],[-82.1783,67.9954],[-82.493,68.3233],[-82.6318,68.5551],[-82.6873,68.6975],[-82.3278,68.8183],[-82.2096,68.8185],[-81.8865,68.579],[-81.7771,68.5567],[-81.583,68.602],[-81.3699,68.7224],[-81.4799,69.1886],[-81.684,69.2788],[-81.9328,69.2481],[-82.1605,69.2477],[-82.7567,69.5488],[-84.3135,69.8262],[-84.5702,69.8333],[-84.7595,69.8026],[-85.1134,69.8171],[-85.3811,69.6953],[-85.4207,69.2944],[-85.0076,69.1368],[-84.5644,68.987],[-84.6246,68.7539],[-84.7727,68.7236],[-85.3998,68.76],[-85.5063,68.6772],[-85.6695,68.3398],[-85.7817,68.0408],[-86.051,67.854],[-86.395,67.6749],[-86.4884,67.3778],[-86.6545,67.3182],[-87.0579,67.2434],[-87.3254,67.1689],[-87.534,67.2943],[-87.8084,67.5163],[-88.3239,67.8125],[-88.4815,67.991],[-88.462,68.1776],[-88.3711,68.3123],[-88.0131,68.2681],[-87.8615,68.2834],[-87.7903,68.478],[-87.8844,68.6803],[-88.0974,68.8526],[-88.5761,69.1],[-88.905,69.2276],[-89.1404,69.2347],[-89.4411,69.0457],[-89.7356,68.5343],[-90,68.3691],[-90,68.6832],[-90,68.9534],[-90,69.1636],[-90,69.2314],[-90,69.33],[-90,69.489],[-91.1725,69.6467],[-91.441,69.6462],[-91.6151,69.5853],[-91.9773,69.6073],[-92.4593,69.7125],[-92.6712,69.7424],[-92.4842,69.9933],[-92.2708,70.1161],[-91.8278,70.1323],[-91.6577,70.2858],[-92.1681,70.5077],[-92.532,70.7304],[-93.0995,70.9688],[-92.9889,71.2402],[-93.0769,71.411],[-93.2712,71.5585],[-93.8381,71.7603],[-94.1658,71.8457],[-94.4172,71.8843],[-95.2458,71.875],[-95.4106,71.859],[-95.6587,71.71],[-95.7621,71.6942],[-95.6718,71.5696],[-95.3527,71.4067],[-95.4304,71.2512],[-95.493,71.2355],[-95.9575,71.3512],[-96.1316,71.3353],[-96.3983,71.2028],[-96.6592,70.9312],[-96.6997,70.8384],[-96.1653,70.6696],[-95.9467,70.5699],[-96.3255,70.3615],[-96.4741,70.2998],[-96.464,70.1542],[-96.4226,70.093],[-96.127,69.9408],[-95.697,69.843],[-95.3096,69.7375],[-94.7496,69.6552],[-94.4232,69.6937],[-94.0367,69.5505],[-93.7307,69.4981],[-93.3272,69.4837],[-92.9925,69.5146],[-92.9561,69.0843],[-92.9855,68.9638],[-93.1943,69.0387],[-93.5271,69.219],[-93.7844,69.2185],[-93.9798,69.1427],[-94.3425,69.1119],[-94.5831,68.8781],[-94.1384,68.8413],[-93.7739,68.9247],[-93.6358,68.925],[-93.4669,68.7674],[-93.3992,68.6025],[-93.4141,68.5425],[-93.6468,68.4746],[-93.8627,68.4742],[-94.084,68.4513],[-94.637,68.069],[-95.0021,68.0534],[-95.3225,68.0603],[-95.4388,67.9408],[-95.5004,67.7247],[-95.2907,67.2798],[-95.2587,67.0284],[-95.6865,67.1681],[-96.043,67.2118],[-96.1228,67.2412],[-96.2596,67.3151],[-96.3402,67.5448],[-96.211,67.9319],[-96.1681,67.9916],[-96.2079,68.0736],[-96.4321,68.1627],[-96.8183,68.1844],[-97.21,68.2734],[-97.5718,68.3699],[-97.8304,68.3994],[-98.3671,68.361],[-98.4071,68.159],[-97.7876,68.1303],[-97.4582,68.0712],[-97.1586,67.9674],[-97.1512,67.7365],[-97.2607,67.5951],[-97.4955,67.5872],[-97.9231,67.7202],[-98.3549,67.9353],[-98.886,67.8152],[-99.3677,67.7919],[-100.2119,67.8052],[-101.002,67.7963],[-101.3974,67.7063],[-101.913,67.7053],[-102.218,67.7419],[-102.7631,67.8004],[-103.1961,67.8965],[-103.3075,67.9335],[-103.5827,68.1195],[-104.0189,68.0739],[-104.4543,68.1029],[-105.1419,68.2286],[-105.636,68.3549],[-105.912,68.3394],[-106.1186,68.2418],[-106.2119,68.1071],[-106.6296,68.0392],[-107.5045,67.9778],[-107.662,67.9626],[-107.7165,67.6276],[-107.6514,67.4272],[-107.5938,67.3383],[-107.1562,67.043],[-107.1282,66.9618],[-107.4058,66.9022],[-107.6111,66.8797],[-107.6002,66.7396],[-107.5276,66.563],[-108.348,67.0039],[-108.4852,67.0701],[-108.3277,67.1814],[-108.1011,67.2188],[-108.095,67.3596],[-108.6462,67.5589],[-108.8354,67.6106],[-109.4888,67.6911],[-110.1334,67.9058],[-110.532,67.92],[-110.9541,67.8745],[-111.3567,67.8216],[-111.7798,67.7464],[-112.1119,67.7234],[-112.5025,67.693],[-113.2898,67.6989],[-114.0663,67.7346],[-115.5617,67.8957],[-115.4021,68.2169],[-115.0201,68.2775],[-114.7654,68.3004],[-114.3447,68.2862],[-114.1087,68.3465],[-114.1945,68.4962],[-114.3896,68.6083],[-114.8315,68.7651],[-115.2851,68.8921],[-115.6898,68.9365],[-116.32,68.8977],[-116.8132,68.9118],[-117.328,68.9786],[-117.8323,69.0078],[-118.5395,69.1346],[-118.818,69.1642],[-119.2789,69.2615],[-120.2216,69.4184],[-120.8499,69.5686],[-121.6351,69.7643],[-122.3261,69.8845],[-122.8353,69.8911],[-123.0507,69.8603],[-123.2919,69.6399],[-123.8028,69.4345],[-124.2253,69.4034],[-124.6,69.4632],[-124.5081,69.5921],[-124.5344,69.7816],[-124.7069,69.9408],[-124.9893,69.8947],[-125.1396,69.8337],[-125.3862,69.818],[-125.4177,69.6965],[-125.1877,69.4092],[-125.2774,69.341],[-125.4546,69.3331],[-125.974,69.4304],[-126.0579,69.4605],[-126.6185,69.6791],[-126.7952,69.785],[-126.9971,70.0204],[-127.1663,70.2347],[-127.3517,70.3803],[-127.6673,70.5182],[-128.0111,70.6408],[-128.4159,70.6863],[-128.1212,70.4865],[-127.8055,70.3102],[-127.7255,70.1876],[-127.9398,70.0799],[-128.3091,69.995],[-128.7238,69.8725],[-129.0131,69.7202],[-129.9427,69.6426],[-130.4636,69.4674],[-130.8958,69.3003],[-131.673,69.2762],[-131.9994,69.0869],[-132.175,68.981],[-132.7133,68.8671],[-132.789,68.7091],[-132.6904,68.4616],[-133.3389,68.7982],[-133.7196,68.9179],[-133.4132,69.137],[-132.6179,69.2517],[-132.3032,69.4867],[-131.7544,69.6089],[-131.1946,69.6858],[-130.7033,69.8537],[-130.208,69.9154],[-130.0498,69.9689],[-129.8495,70.1507],[-130.2418,70.2059],[-130.7119,70.205],[-131.0591,70.1583],[-131.2355,70.0737],[-131.4462,69.9663],[-131.7766,69.9276],[-132.1665,69.8889],[-132.508,69.8579],[-132.8031,69.7586],[-133.0022,69.7583],[-133.1413,69.6746],[-133.6476,69.5069],[-133.9948,69.5063],[-134.776,69.573],[-134.8438,69.5274],[-135.104,69.4966],[-135.4392,69.5263],[-136.044,69.336],[-136.0149,69.1472],[-135.8595,69.0797],[-135.6989,68.9895],[-135.4958,68.719],[-135.6102,68.7038],[-135.8033,68.7711],[-136.2031,68.8756],[-136.9316,68.9495],[-137.2609,68.964],[-137.7285,69.0158],[-138.2751,69.1355],[-138.2996,69.1434],[-141.0142,68.4056],[-141.0145,68.0933],[-140.9972,67.0767],[-140.9738,66.0258],[-140.9155,64.7677],[-140.9273,63.7855],[-140.9466,61.835],[-140.9351,60.8597],[-140.8949,60.3888],[-140.807,60.263],[-140.708,60.2543],[-140.4288,60.2299],[-139.3379,60.2847],[-139.0051,60.2584],[-138.8557,60.084],[-138.778,59.9096],[-138.6214,59.7781],[-137.6486,59.1852],[-137.2233,58.8822],[-137.1163,59.0283],[-136.7349,59.1205],[-136.1838,59.422],[-135.8548,59.6463],[-135.6322,59.7031],[-135.2577,59.6703],[-135.1155,59.5806],[-134.9485,59.359],[-134.7911,59.214],[-133.8693,58.6851],[-133.5028,58.4243],[-132.707,57.6287],[-131.9554,56.7819],[-131.7249,56.6052],[-131.6398,56.592],[-131.1988,56.4508],[-130.2874,56.1075],[-130.1064,55.9926],[-130.1796,55.6382],[-130.0027,55.2885],[-129.8417,54.9785],[-130.0379,54.8437],[-130.1105,54.7293],[-130.2989,54.5476],[-130.2683,54.353],[-130.1765,54.1721],[-130.0036,53.938],[-129.4339,53.5175],[-129.0604,53.739],[-128.8141,53.7639],[-128.8295,53.5254],[-128.8888,53.4183],[-128.4321,52.9385],[-128.0772,52.9392],[-128.0596,52.4995],[-127.873,52.4133],[-127.7102,52.3937],[-127.4306,52.4608],[-127.0373,52.4636],[-127.3097,52.2348],[-127.5558,52.1678],[-127.7351,52.0412],[-128.0129,51.8082],[-127.455,51.7695],[-127.353,51.637],[-127.5592,51.5371],[-127.675,51.2453],[-127.6273,51.1328],[-127.4551,51.0206],[-127.2475,50.9681],[-126.6913,50.9891],[-126.4253,51.0888],[-126.2281,50.9304],[-126.1637,50.752],[-126.0859,50.7125],[-125.8668,50.6733],[-125.4123,50.5487],[-124.9392,50.5958],[-124.8485,50.2264],[-124.795,50.0353],[-124.4706,49.8125],[-124.2533,49.8392],[-124.1497,49.9313],[-123.9765,49.971],[-123.9205,49.8858],[-123.8474,49.6628],[-123.6986,49.5254],[-123.531,49.5126],[-123.212,49.6247],[-123.2452,49.469],[-123.2133,49.2724],[-122.9843,49.1352],[-122.9003,49.0672],[-122.6056,48.8347],[-122.5346,48.6974],[-122.3744,48.2661],[-122.3453,48.0767],[-122.3911,47.8676],[-122.4859,47.6064],[-122.6628,47.469],[-122.7353,47.3645],[-122.7483,47.2622],[-122.8611,47.3382],[-122.944,47.4228],[-123.1834,47.4883],[-122.9973,47.6445],[-122.8084,47.8276],[-122.826,48.0235],[-123.072,48.1667],[-123.2589,48.2056],[-123.5046,48.1855],[-123.793,48.198],[-124.1461,48.2496],[-124.4305,48.3471],[-124.6753,48.3858],[-124.7334,48.3269],[-124.7261,48.1178],[-124.3088,47.4593],[-124.249,47.0189],[-124.1948,47.0421],[-124.2141,47.0942],[-124.1903,47.1145],[-124.1323,47.1145],[-124.0605,47.0508],[-123.9053,47.0421],[-124.1696,46.9407],[-124.1771,46.8162],[-124.1307,46.6686],[-124.1586,46.3505],[-123.8821,46.2956],[-123.7871,46.2985],[-123.8151,46.2551],[-123.9093,46.2464],[-124.0542,46.2898],[-124.0522,46.2638],[-124.0384,46.2175],[-124.0173,46.1337],[-124.0037,46.05],[-124.0743,46.0153],[-124.0279,45.9402],[-124.0638,45.8363],[-123.9947,45.7641],[-124.0034,45.6836],[-124.0445,45.3332],[-124.0717,45.0479],[-124.1405,44.7891],[-124.2305,44.451],[-124.3313,44.072],[-124.3017,43.9236],[-124.1373,43.666],[-124.3017,43.3433],[-124.4828,43.2527],[-124.5868,43.1429],[-124.6297,43.014],[-124.5607,42.602],[-124.3059,42.0548],[-124.2494,41.9335],[-124.1526,41.5802],[-124.1791,41.1946],[-124.2539,41.034],[-124.3672,40.7513],[-124.4119,40.4689],[-124.3648,40.3343],[-124.0328,39.9824],[-123.9339,39.8228],[-122.0277,42.0003],[-120.8283,43.7593],[-119.8688,43.9192],[-118.9893,43.6794],[-117.2302,42.3201],[-115.3912,41.8404],[-113.2324,41.8404],[-112.1229,42.6417]]]},"properties":{"NAME":"Rupert's Land","SUBJECTO":"Rupert's Land","PARTOF":"Rupert's Land","BORDERPRECISION":3,"LINK":null}},
{"type":"Feature","geometry":{"type":"MultiPolygon","coordinates":[[[[-71.1403,21.4319],[-71.1358,21.4344],[-71.1317,21.4375],[-71.1281,21.4414],[-71.1278,21.4481],[-71.1297,21.5036],[-71.1314,21.5086],[-71.1356,21.5111],[-71.14,21.5094],[-71.1506,21.4708],[-71.1503,21.4458],[-71.15,21.4333],[-71.1458,21.4303],[-71.1403,21.4319]]],[[[-72.4606,21.6297],[-72.4567,21.6328],[-72.4467,21.6444],[-72.4445,21.6497],[-72.4286,21.6928],[-72.4275,21.6989],[-72.4286,21.7108],[-72.4336,21.7133],[-72.4486,21.7061],[-72.4567,21.6997],[-72.4681,21.6453],[-72.4658,21.6281],[-72.4606,21.6297]]],[[[-71.4689,21.655],[-71.4647,21.6583],[-71.4622,21.6628],[-71.457,21.6872],[-71.4564,21.6942],[-71.4572,21.6997],[-71.4608,21.7161],[-71.4628,21.7208],[-71.4667,21.7242],[-71.5333,21.7344],[-71.535,21.7194],[-71.505,21.7044],[-71.4983,21.6969],[-71.4808,21.6728],[-71.4781,21.6683],[-71.4764,21.6633],[-71.4736,21.6528],[-71.4689,21.655]]],[[[-71.6578,21.8233],[-71.6611,21.8272],[-71.6653,21.8303],[-71.6703,21.8328],[-71.6817,21.8364],[-71.695,21.8389],[-71.8478,21.8547],[-71.8506,21.8458],[-71.8506,21.8397],[-71.8428,21.8025],[-71.8411,21.7975],[-71.8275,21.7764],[-71.8231,21.7744],[-71.8164,21.7747],[-71.8111,21.7764],[-71.8022,21.7819],[-71.797,21.7836],[-71.7695,21.7908],[-71.7572,21.7928],[-71.75,21.7922],[-71.7189,21.7897],[-71.7131,21.7878],[-71.6808,21.7672],[-71.6742,21.7597],[-71.6589,21.7397],[-71.6536,21.74],[-71.6436,21.7442],[-71.6336,21.7722],[-71.6378,21.7817],[-71.6578,21.8233]]],[[[-72.2622,21.7511],[-72.2522,21.7628],[-72.2422,21.7744],[-72.2478,21.7956],[-72.2906,21.8322],[-72.3272,21.8558],[-72.3297,21.8269],[-72.3008,21.7589],[-72.2872,21.7442],[-72.2742,21.7417],[-72.2622,21.7511]]],[[[-71.8842,21.8472],[-71.9064,21.9353],[-71.9089,21.9397],[-71.9122,21.9433],[-71.9175,21.9458],[-71.9472,21.9531],[-71.9731,21.9572],[-72.005,21.9578],[-72.0172,21.9539],[-72.0267,21.9492],[-72.03,21.9467],[-72.0333,21.9428],[-72.0358,21.9381],[-72.0292,21.905],[-71.9017,21.8272],[-71.8892,21.8242],[-71.882,21.8236],[-71.8842,21.8472]]]]},"properties":{"NAME":"Turks and Caicos Islands","SUBJECTO":"Turks and Caicos Islands","PARTOF":"Turks and Caicos Islands","BORDERPRECISION":3,"LINK":null}},
{"type":"Feature","geometry":{"type":"MultiPolygon","coordinates":[[[[-73.0372,21.1394],[-73.0345,21.1439],[-73.0233,21.1694],[-73.0214,21.175],[-73.0031,21.3047],[-73.0025,21.3117],[-73.0061,21.3217],[-73.0089,21.3258],[-73.0178,21.3314],[-73.0244,21.3325],[-73.0314,21.3325],[-73.0533,21.3264],[-73.0672,21.3192],[-73.0703,21.3167],[-73.0753,21.2922],[-73.0836,21.2714],[-73.0864,21.2667],[-73.1381,21.1875],[-73.1547,21.1756],[-73.2558,21.1358],[-73.2611,21.1342],[-73.3067,21.1492],[-73.3372,21.1631],[-73.3417,21.1661],[-73.3497,21.1725],[-73.4222,21.1942],[-73.5272,21.1869],[-73.5317,21.1858],[-73.5364,21.1833],[-73.6406,21.1017],[-73.6556,21.0819],[-73.7022,20.9997],[-73.6858,20.9356],[-73.6839,20.9306],[-73.6806,20.9269],[-73.6681,20.9178],[-73.6628,20.9153],[-73.6125,20.9431],[-73.602,20.9464],[-73.5958,20.9472],[-73.5886,20.9467],[-73.5567,20.9403],[-73.5247,20.9339],[-73.4669,20.925],[-73.4528,20.9247],[-73.3108,20.9361],[-73.1622,20.9689],[-73.1517,20.9722],[-73.1478,20.9756],[-73.1411,20.9833],[-73.1236,21.0089],[-73.0372,21.1394]]],[[[-72.9247,21.4836],[-72.9169,21.4897],[-72.9136,21.4936],[-72.9108,21.4983],[-72.9114,21.5033],[-72.9183,21.5106],[-72.9225,21.5136],[-72.9781,21.5406],[-73.0195,21.5306],[-73.0564,21.5181],[-73.065,21.5125],[-73.0675,21.5078],[-73.0675,21.5014],[-73.0475,21.4442],[-73.0381,21.435],[-73.0233,21.4492],[-73.0195,21.4525],[-73.0111,21.4581],[-72.957,21.4811],[-72.9508,21.4819],[-72.9364,21.4808],[-72.9295,21.4811],[-72.9247,21.4836]]],[[[-72.8292,22.3822],[-73.0231,22.4325],[-73.0675,22.4419],[-73.0817,22.4436],[-73.14,22.4283],[-73.1636,22.3769],[-73.1647,22.3708],[-73.1645,22.3658],[-73.162,22.3617],[-73.1561,22.3597],[-73.0817,22.3406],[-73.0606,22.3392],[-73.0539,22.3392],[-73.0425,22.3419],[-73.0286,22.3492],[-73.0206,22.3556],[-73.0111,22.3603],[-72.9889,22.3664],[-72.8997,22.3625],[-72.8856,22.3603],[-72.8747,22.3558],[-72.8603,22.3478],[-72.8142,22.3133],[-72.8108,22.3097],[-72.7875,22.2831],[-72.7814,22.2842],[-72.7683,22.2919],[-72.7503,22.31],[-72.7403,22.3217],[-72.7375,22.3264],[-72.7386,22.3319],[-72.7406,22.3369],[-72.7622,22.3517],[-72.8292,22.3822]]],[[[-73.6103,22.5797],[-73.6044,22.5883],[-73.5958,22.6014],[-73.5933,22.6061],[-73.5942,22.6117],[-73.5983,22.6147],[-73.6044,22.6139],[-73.6206,22.5997],[-73.6231,22.58],[-73.6164,22.5786],[-73.6103,22.5797]]],[[[-73.4628,22.6019],[-73.4644,22.6069],[-73.4722,22.6136],[-73.4847,22.6167],[-73.4978,22.6189],[-73.5189,22.6203],[-73.5322,22.62],[-73.5383,22.6189],[-73.5475,22.6153],[-73.5514,22.6122],[-73.4711,22.5975],[-73.4653,22.5972],[-73.4628,22.6019]]],[[[-74.3778,22.5389],[-74.3703,22.5461],[-74.3161,22.6],[-74.2775,22.6478],[-74.2756,22.6533],[-74.28,22.6625],[-74.2845,22.6656],[-74.3761,22.5803],[-74.3795,22.5764],[-74.3853,22.5678],[-74.3878,22.5556],[-74.3881,22.5486],[-74.3861,22.5375],[-74.3822,22.5367],[-74.3778,22.5389]]],[[[-73.8472,22.7236],[-73.8492,22.7286],[-73.852,22.7314],[-73.8578,22.7297],[-73.9247,22.7089],[-73.95,22.6947],[-73.972,22.6817],[-73.9839,22.6719],[-74.0378,22.6225],[-74.0353,22.6181],[-74.0147,22.6022],[-73.9936,22.5933],[-73.9819,22.5897],[-73.9747,22.5892],[-73.9617,22.5903],[-73.9383,22.595],[-73.9275,22.5986],[-73.9214,22.5994],[-73.8994,22.5847],[-73.8925,22.5775],[-73.8856,22.5703],[-73.8786,22.5628],[-73.8697,22.5442],[-73.8639,22.5294],[-73.8639,22.5231],[-73.8678,22.5122],[-73.8869,22.4881],[-73.9108,22.4689],[-73.9214,22.4656],[-74.0397,22.3967],[-74.1783,22.2953],[-74.2767,22.2169],[-74.2814,22.1731],[-74.2764,22.1706],[-74.1839,22.2206],[-74.1806,22.2231],[-74.1617,22.2397],[-74.155,22.2475],[-74.1517,22.2522],[-74.1042,22.2953],[-74.0131,22.3244],[-73.9947,22.3344],[-73.9772,22.3456],[-73.8675,22.4694],[-73.8589,22.4903],[-73.8369,22.5517],[-73.8472,22.7236]]],[[[-74.0736,22.6633],[-74.0244,22.7086],[-74.0178,22.7164],[-74.0228,22.7189],[-74.2189,22.8083],[-74.2995,22.8411],[-74.3053,22.8431],[-74.3439,22.835],[-74.347,22.8264],[-74.3475,22.8194],[-74.3436,22.8033],[-74.2725,22.7144],[-74.2042,22.6864],[-74.1642,22.6736],[-74.1583,22.6719],[-74.0889,22.6575],[-74.0736,22.6633]]],[[[-73.7289,23.0706],[-73.665,23.0889],[-73.6683,23.0928],[-73.6728,23.0958],[-73.6828,23.1006],[-73.6886,23.1022],[-73.6964,23.1028],[-73.7706,23.1031],[-73.7833,23.1019],[-73.8136,23.0969],[-73.8153,23.0881],[-73.8111,23.085],[-73.7847,23.0675],[-73.7778,23.0664],[-73.7289,23.0706]]],[[[-75.5511,23.4314],[-75.5603,23.4369],[-75.5656,23.4392],[-75.6239,23.4556],[-75.6381,23.4569],[-75.6508,23.4558],[-75.6511,23.4531],[-75.6492,23.4481],[-75.6445,23.4389],[-75.6408,23.435],[-75.6222,23.4217],[-75.6164,23.42],[-75.5897,23.4219],[-75.5472,23.4111],[-75.5411,23.4094],[-75.5317,23.4042],[-75.525,23.4044],[-75.5231,23.4083],[-75.5253,23.4133],[-75.5286,23.4169],[-75.5511,23.4314]]],[[[-75.0214,23.1064],[-75.03,23.1125],[-75.055,23.1306],[-75.0661,23.1408],[-75.0689,23.1453],[-75.0728,23.155],[-75.0789,23.1761],[-75.0856,23.2097],[-75.0856,23.2289],[-75.0842,23.2353],[-75.0822,23.2536],[-75.0825,23.26],[-75.0847,23.2711],[-75.0981,23.325],[-75.1,23.33],[-75.1095,23.3483],[-75.2747,23.63],[-75.2864,23.6467],[-75.3039,23.665],[-75.3075,23.6678],[-75.3033,23.6303],[-75.2572,23.4897],[-75.1795,23.3981],[-75.1367,23.3639],[-75.1314,23.3553],[-75.1267,23.3461],[-75.1211,23.3311],[-75.1081,23.2703],[-75.1075,23.1647],[-75.0858,23.138],[-75.0683,23.1119],[-75.0731,23.1094],[-75.0828,23.1047],[-75.0905,23.1063],[-75.1239,23.122],[-75.1266,23.1238],[-75.1416,23.1355],[-75.1436,23.1377],[-75.1448,23.1407],[-75.1429,23.1405],[-75.1338,23.1362],[-75.1263,23.1353],[-75.1239,23.1373],[-75.1261,23.1432],[-75.1276,23.1458],[-75.1319,23.1502],[-75.1569,23.1595],[-75.1613,23.1565],[-75.1633,23.1542],[-75.1686,23.1428],[-75.1293,23.1168],[-75.1238,23.1137],[-75.1011,23.1008],[-75.0921,23.0965],[-75.0842,23.0889],[-75.065,23.0856],[-75.0506,23.0856],[-75.0356,23.0844],[-74.9931,23.08],[-74.9867,23.0789],[-74.9767,23.0742],[-74.9722,23.0711],[-74.9692,23.0681],[-74.9631,23.0603],[-74.9358,23.0239],[-74.9258,23.0061],[-74.91,22.9672],[-74.9006,22.9486],[-74.8533,22.8581],[-74.8475,22.8564],[-74.8406,22.8567],[-74.8353,22.8583],[-74.8306,22.8608],[-74.8278,22.8656],[-74.8322,22.9011],[-74.8411,22.965],[-74.8475,23],[-74.8503,23.0042],[-74.9253,23.0869],[-74.9617,23.1028],[-74.9675,23.1047],[-75.0089,23.1036],[-75.0164,23.1042],[-75.0214,23.1064]]],[[[-75.772,23.4997],[-75.9186,23.6264],[-75.9961,23.6742],[-76.0203,23.6753],[-76.0286,23.6725],[-76.0331,23.6519],[-76.0325,23.6469],[-75.9911,23.5994],[-75.9558,23.5892],[-75.9445,23.585],[-75.9344,23.5803],[-75.9097,23.5681],[-75.805,23.5003],[-75.8056,23.4947],[-75.772,23.4997]]],[[[-74.782,23.6839],[-74.7781,23.6947],[-74.797,23.7175],[-74.802,23.7183],[-74.8383,23.7178],[-74.8511,23.7167],[-74.9303,23.6958],[-74.935,23.6933],[-74.9486,23.6853],[-74.9453,23.6761],[-74.9395,23.6611],[-74.937,23.6569],[-74.9314,23.6586],[-74.9183,23.6667],[-74.9114,23.6669],[-74.8822,23.6619],[-74.8431,23.6519],[-74.8197,23.6394],[-74.8114,23.645],[-74.7917,23.6647],[-74.782,23.6839]]],[[[-76.3639,24.0722],[-76.3772,24.1003],[-76.3861,24.1125],[-76.3922,24.1142],[-76.3983,24.1133],[-76.4014,24.1017],[-76.4,24.0897],[-76.3986,24.0842],[-76.3961,24.08],[-76.3378,23.9847],[-76.335,23.9803],[-76.332,23.9761],[-76.3278,23.9731],[-76.3217,23.9728],[-76.3639,24.0722]]],[[[-74.4903,23.9544],[-74.487,23.9583],[-74.4381,24.0372],[-74.4353,24.0419],[-74.4236,24.0756],[-74.4256,24.0806],[-74.4583,24.1386],[-74.4608,24.1428],[-74.4664,24.1411],[-74.5064,24.1236],[-74.5111,24.1211],[-74.5242,24.1056],[-74.5269,24.1008],[-74.5303,24.0761],[-74.5236,24.0517],[-74.5231,24.0392],[-74.5236,24.0322],[-74.5372,23.98],[-74.5414,23.9692],[-74.5278,23.9567],[-74.4969,23.9542],[-74.4903,23.9544]]],[[[-77.9467,24.15],[-77.8858,24.1756],[-77.8089,24.2314],[-77.8,24.2428],[-77.7992,24.2489],[-77.8003,24.2533],[-77.8061,24.2547],[-77.8386,24.2542],[-77.8456,24.2539],[-77.8517,24.2525],[-77.9717,24.1936],[-77.9736,24.1881],[-77.9739,24.1814],[-77.9706,24.1578],[-77.9669,24.1542],[-77.9583,24.1483],[-77.9522,24.1481],[-77.9467,24.15]]],[[[-77.9367,24.2258],[-77.9231,24.2611],[-77.9233,24.2675],[-77.9247,24.2731],[-77.9275,24.2772],[-77.9311,24.2794],[-77.9386,24.2797],[-78.015,24.2533],[-78.0195,24.2508],[-78.0197,24.2453],[-78.0172,24.2411],[-77.9958,24.2256],[-77.9417,24.2233],[-77.9367,24.2258]]],[[[-76.4689,24.21],[-76.4647,24.2131],[-76.4644,24.2186],[-76.4664,24.2236],[-76.5231,24.2822],[-76.5314,24.2889],[-76.5364,24.2911],[-76.5425,24.2914],[-76.5453,24.2903],[-76.5472,24.2875],[-76.5467,24.2814],[-76.5447,24.2764],[-76.5036,24.2178],[-76.4747,24.2089],[-76.4689,24.21]]],[[[-77.7356,24.0286],[-77.7417,24.0303],[-77.7572,24.1342],[-77.755,24.1389],[-77.7333,24.1608],[-77.6708,24.2139],[-77.6628,24.2203],[-77.6528,24.2247],[-77.64,24.2261],[-77.6367,24.2303],[-77.6328,24.2481],[-77.6342,24.2522],[-77.6631,24.2872],[-77.6703,24.2944],[-77.6764,24.2961],[-77.6825,24.295],[-77.6972,24.2881],[-77.7011,24.2847],[-77.7164,24.2694],[-77.8525,24.1603],[-77.8767,24.0731],[-77.8083,23.8786],[-77.7303,23.7869],[-77.7208,23.7819],[-77.7036,23.7761],[-77.6967,23.7767],[-77.6442,23.8178],[-77.6058,23.8444],[-77.595,23.8481],[-77.5889,23.8492],[-77.5817,23.8489],[-77.5756,23.8472],[-77.5728,23.8428],[-77.5736,23.8367],[-77.5889,23.8228],[-77.6686,23.7794],[-77.6696,23.7664],[-77.6818,23.7603],[-77.7389,23.7806],[-77.7447,23.7822],[-77.7486,23.7789],[-77.7744,23.7469],[-77.7731,23.7428],[-77.6128,23.7275],[-77.6053,23.7272],[-77.5822,23.7331],[-77.5717,23.7367],[-77.567,23.7392],[-77.5558,23.7497],[-77.5528,23.7536],[-77.5261,23.8242],[-77.5244,23.8297],[-77.5197,23.8611],[-77.5167,23.9217],[-77.517,23.9278],[-77.5461,24.1139],[-77.5475,24.1194],[-77.5514,24.1292],[-77.5769,24.1739],[-77.5825,24.1822],[-77.6003,24.2058],[-77.6067,24.2139],[-77.612,24.2161],[-77.6194,24.2164],[-77.63,24.2128],[-77.6342,24.2094],[-77.6383,24.1992],[-77.6394,24.1931],[-77.6667,24.1206],[-77.7022,24.0492],[-77.7078,24.0403],[-77.7167,24.0311],[-77.722,24.0292],[-77.7281,24.0283],[-77.7356,24.0286]]],[[[-77.687,24.3372],[-77.6839,24.3411],[-77.6825,24.3472],[-77.6925,24.3656],[-77.6958,24.3692],[-77.7033,24.3697],[-77.727,24.3644],[-77.7442,24.3597],[-77.7603,24.3542],[-77.7711,24.3478],[-77.7742,24.3458],[-77.7933,24.3328],[-77.8042,24.3242],[-77.8067,24.3197],[-77.8047,24.3147],[-77.8017,24.3106],[-77.7967,24.3081],[-77.687,24.3372]]],[[[-75.3147,24.2139],[-75.3195,24.2231],[-75.395,24.3117],[-75.3983,24.3153],[-75.4056,24.3225],[-75.4317,24.3406],[-75.4411,24.3461],[-75.4514,24.3506],[-75.4728,24.3658],[-75.4767,24.3694],[-75.5239,24.43],[-75.5935,24.5436],[-75.5965,24.5529],[-75.6013,24.5684],[-75.6007,24.5768],[-75.6236,24.6347],[-75.6267,24.6439],[-75.6331,24.6519],[-75.6375,24.655],[-75.6842,24.6822],[-75.71,24.6942],[-75.715,24.6964],[-75.7286,24.6986],[-75.7347,24.6975],[-75.7395,24.695],[-75.7583,24.6631],[-75.7608,24.6583],[-75.7592,24.6533],[-75.7547,24.6503],[-75.7444,24.6458],[-75.7375,24.6439],[-75.7231,24.6425],[-75.6956,24.625],[-75.6911,24.6219],[-75.6374,24.5566],[-75.6331,24.5523],[-75.5966,24.5084],[-75.5949,24.5058],[-75.5874,24.4884],[-75.5851,24.4826],[-75.5837,24.4763],[-75.5802,24.4673],[-75.53,24.3836],[-75.5181,24.3606],[-75.5064,24.3442],[-75.4708,24.2944],[-75.4675,24.2908],[-75.4631,24.2881],[-75.4728,24.1817],[-75.5167,24.1606],[-75.5258,24.1556],[-75.515,24.1397],[-75.5078,24.1325],[-75.5033,24.1294],[-75.4625,24.1225],[-75.4383,24.1458],[-75.4286,24.1508],[-75.3464,24.16],[-75.3419,24.1583],[-75.3336,24.1522],[-75.297,24.1439],[-75.29,24.1442],[-75.2897,24.1497],[-75.3147,24.2139]]],[[[-77.4364,25.0081],[-77.4311,25.01],[-77.3411,25.0169],[-77.2622,25.04],[-77.2581,25.0433],[-77.2586,25.0494],[-77.2606,25.0544],[-77.27,25.0606],[-77.33,25.0769],[-77.3589,25.0797],[-77.4358,25.0775],[-77.4494,25.0769],[-77.4556,25.0756],[-77.5056,25.0628],[-77.5183,25.0564],[-77.5531,25.0333],[-77.5614,25.0275],[-77.5614,25.0211],[-77.5578,25.0119],[-77.5467,24.995],[-77.5414,24.9919],[-77.4733,24.9869],[-77.4658,24.9867],[-77.4364,25.0081]]],[[[-78.192,25.2036],[-78.205,25.2019],[-78.2119,25.2028],[-78.2136,25.1975],[-78.2144,25.185],[-78.2117,25.1739],[-78.1881,25.1144],[-78.1653,25.0675],[-78.1611,25.0578],[-78.1556,25.0361],[-78.1567,25.0231],[-78.1772,24.9172],[-78.1994,24.8678],[-78.205,24.8589],[-78.2106,24.8572],[-78.2358,24.8347],[-78.2753,24.7917],[-78.2889,24.7764],[-78.2914,24.7717],[-78.295,24.7608],[-78.3058,24.7211],[-78.2756,24.6739],[-78.272,24.6703],[-78.265,24.6706],[-78.2619,24.6747],[-78.2603,24.68],[-78.2619,24.705],[-78.2667,24.7211],[-78.2567,24.7228],[-78.1945,24.6161],[-78.1931,24.6106],[-78.1928,24.5975],[-78.2203,24.5664],[-78.2242,24.5631],[-78.2294,24.5611],[-78.2356,24.56],[-78.2486,24.5619],[-78.3217,24.5814],[-78.3275,24.5831],[-78.3314,24.5864],[-78.3325,24.5922],[-78.3283,24.6022],[-78.3047,24.6219],[-78.2914,24.645],[-78.2878,24.6558],[-78.2881,24.6675],[-78.2906,24.6786],[-78.2925,24.6836],[-78.2995,24.6975],[-78.309,24.7067],[-78.3147,24.7111],[-78.3208,24.7114],[-78.3256,24.7089],[-78.4397,24.6197],[-78.4406,24.6136],[-78.3908,24.5628],[-78.3603,24.5347],[-78.3436,24.5222],[-78.3208,24.5089],[-78.3111,24.5039],[-78.2808,24.4894],[-78.2142,24.4592],[-78.0953,24.3856],[-78.0864,24.3797],[-78.0792,24.3725],[-78.0708,24.3597],[-78.0686,24.3547],[-78.0631,24.3333],[-78.0508,24.2906],[-78.0475,24.2803],[-78.0447,24.2758],[-78.0403,24.2731],[-78.0345,24.2714],[-78.0214,24.2728],[-78.0114,24.2772],[-77.8714,24.3686],[-77.8642,24.3758],[-77.862,24.3806],[-77.8658,24.3903],[-77.8667,24.4028],[-77.8639,24.4144],[-77.8614,24.4192],[-77.8578,24.4231],[-77.8533,24.4256],[-77.8047,24.4436],[-77.7606,24.45],[-77.7431,24.4539],[-77.7383,24.4564],[-77.7253,24.4733],[-77.7208,24.4833],[-77.7172,24.4942],[-77.7164,24.5003],[-77.7167,24.5067],[-77.7217,24.5289],[-77.7433,24.62],[-77.7736,24.7328],[-77.8067,24.7583],[-77.8147,24.765],[-77.8292,24.7794],[-77.8428,24.7944],[-77.8733,24.8342],[-77.8817,24.8469],[-77.8864,24.8561],[-77.9456,24.9917],[-77.9828,25.1461],[-77.9864,25.1497],[-77.9908,25.1525],[-78.0283,25.1739],[-78.0389,25.1786],[-78.0447,25.1803],[-78.192,25.2036]]],[[[-76.5333,25.3983],[-76.6803,25.4894],[-76.6783,25.5444],[-76.7353,25.5592],[-76.7158,25.4417],[-76.6325,25.4322],[-76.6189,25.43],[-76.6069,25.4267],[-76.5964,25.4222],[-76.5878,25.4161],[-76.5756,25.4067],[-76.5594,25.3933],[-76.5522,25.3861],[-76.5431,25.3739],[-76.5395,25.3703],[-76.5314,25.3636],[-76.5228,25.3578],[-76.5131,25.3525],[-76.507,25.3508],[-76.3986,25.3281],[-76.3783,25.325],[-76.3664,25.3217],[-76.3558,25.3183],[-76.3425,25.3025],[-76.3397,25.2983],[-76.3369,25.2939],[-76.3331,25.2842],[-76.3256,25.2706],[-76.3145,25.2536],[-76.2545,25.1781],[-76.2456,25.1722],[-76.2081,25.1633],[-76.1875,25.1539],[-76.175,25.1444],[-76.1717,25.1408],[-76.1633,25.1278],[-76.1519,25.1044],[-76.145,25.0772],[-76.1436,25.0647],[-76.1439,25.0153],[-76.145,25.0092],[-76.2111,24.8658],[-76.3381,24.825],[-76.3378,24.8186],[-76.3358,24.8136],[-76.3275,24.8008],[-76.3203,24.7936],[-76.2161,24.7153],[-76.1683,24.69],[-76.1394,24.8461],[-76.11,25.0667],[-76.1092,25.0803],[-76.1106,25.105],[-76.1131,25.1164],[-76.1189,25.1311],[-76.1217,25.1353],[-76.1322,25.1461],[-76.3131,25.2872],[-76.3232,25.2977],[-76.3288,25.3196],[-76.3497,25.3433],[-76.4103,25.3403],[-76.5333,25.3983]]],[[[-77.8219,25.7022],[-77.8181,25.7056],[-77.8156,25.7103],[-77.817,25.7158],[-77.8195,25.72],[-77.8564,25.7753],[-77.8645,25.7819],[-77.875,25.7864],[-77.8881,25.785],[-77.89,25.7794],[-77.8881,25.7744],[-77.8383,25.7125],[-77.8283,25.7011],[-77.8219,25.7022]]],[[[-77.5633,26.2689],[-77.5592,26.2722],[-77.5395,26.2961],[-77.537,26.3008],[-77.5372,26.3069],[-77.5664,26.3358],[-77.5725,26.3361],[-77.575,26.3356],[-77.5817,26.3247],[-77.5811,26.3186],[-77.5686,26.2672],[-77.5633,26.2689]]],[[[-77.9172,26.7453],[-77.9445,26.7514],[-77.9506,26.7425],[-77.9578,26.7353],[-77.9619,26.7319],[-77.9667,26.7294],[-77.9836,26.7247],[-78.1064,26.7022],[-78.1203,26.7014],[-78.1272,26.7025],[-78.1986,26.7086],[-78.2461,26.7106],[-78.3108,26.6939],[-78.3272,26.6883],[-78.3495,26.6886],[-78.3639,26.6897],[-78.3761,26.6931],[-78.5189,26.7342],[-78.6003,26.7017],[-78.5997,26.6953],[-78.6028,26.6839],[-78.6536,26.6136],[-78.657,26.6094],[-78.6722,26.5956],[-78.6817,26.5906],[-78.6981,26.585],[-78.7042,26.5839],[-78.7189,26.5836],[-78.7978,26.5858],[-78.8203,26.6003],[-78.84,26.6169],[-78.8745,26.6414],[-78.9789,26.6953],[-78.9686,26.6708],[-78.8272,26.5492],[-78.8192,26.5425],[-78.7722,26.5086],[-78.7589,26.4997],[-78.7533,26.4975],[-78.73,26.4906],[-78.7231,26.4897],[-78.7086,26.4897],[-78.6892,26.4925],[-78.6783,26.4961],[-78.6028,26.5306],[-78.5464,26.5567],[-78.3661,26.6108],[-78.2989,26.6239],[-78.2436,26.6342],[-78.2375,26.6353],[-78.0211,26.6589],[-78.0133,26.6586],[-77.9636,26.6544],[-77.9575,26.6528],[-77.9469,26.6483],[-77.9381,26.6425],[-77.9086,26.6894],[-77.9172,26.7453]]],[[[-77.735,26.9144],[-77.8269,26.9292],[-77.8408,26.9283],[-77.9061,26.9194],[-77.9169,26.9158],[-77.9503,26.8978],[-77.9067,26.9031],[-77.8936,26.9044],[-77.8347,26.9103],[-77.802,26.9042],[-77.7897,26.9008],[-77.7239,26.8822],[-77.6725,26.865],[-77.6608,26.8611],[-77.6542,26.86],[-77.632,26.8583],[-77.5958,26.8575],[-77.5606,26.8664],[-77.5533,26.8667],[-77.5458,26.8664],[-77.5397,26.8647],[-77.53,26.8594],[-77.5256,26.8564],[-77.4908,26.8172],[-77.3497,26.6406],[-77.3461,26.6108],[-77.345,26.6053],[-77.3406,26.6022],[-77.33,26.5975],[-77.2928,26.5883],[-77.2731,26.5847],[-77.2278,26.5833],[-77.2147,26.5808],[-77.2025,26.5775],[-77.1817,26.5683],[-77.1564,26.5561],[-77.1519,26.5531],[-77.1489,26.5489],[-77.1478,26.5433],[-77.1481,26.5364],[-77.1544,26.5203],[-77.2,26.4522],[-77.2081,26.4456],[-77.2211,26.4442],[-77.2258,26.4417],[-77.2319,26.4158],[-77.2325,26.4061],[-77.2261,26.2478],[-77.2189,26.1469],[-77.2228,26.1436],[-77.3078,26.0761],[-77.3981,26.0264],[-77.3181,25.9878],[-77.3069,25.9839],[-77.3025,25.9808],[-77.2961,25.9731],[-77.2892,25.9589],[-77.2792,25.9344],[-77.2686,25.9167],[-77.2456,25.8894],[-77.237,25.8836],[-77.2314,25.8814],[-77.2181,25.8792],[-77.2047,25.8808],[-77.2006,25.8842],[-77.1945,25.8919],[-77.1931,25.8981],[-77.1883,25.9294],[-77.1875,25.9569],[-77.1897,26.0272],[-77.1886,26.0747],[-77.1739,26.1978],[-77.1683,26.2286],[-77.1645,26.2394],[-77.1514,26.2553],[-77.1433,26.2619],[-77.1097,26.2864],[-77.0786,26.3069],[-77.0731,26.3089],[-77.0597,26.3103],[-77.0536,26.31],[-77.05,26.3064],[-77.0278,26.3597],[-77.0397,26.4978],[-77.0422,26.5089],[-77.0478,26.5172],[-77.0514,26.5208],[-77.0764,26.54],[-77.0897,26.5489],[-77.1564,26.58],[-77.2264,26.6075],[-77.2695,26.6183],[-77.275,26.6206],[-77.2778,26.6233],[-77.3017,26.6631],[-77.3036,26.6681],[-77.4208,26.7858],[-77.4728,26.8364],[-77.5008,26.8629],[-77.5081,26.8689],[-77.537,26.8914],[-77.5467,26.8967],[-77.5736,26.9075],[-77.5911,26.9131],[-77.5972,26.9144],[-77.6025,26.9142],[-77.6067,26.9108],[-77.6356,26.9058],[-77.662,26.9031],[-77.6969,26.9058],[-77.735,26.9144]]]]},"properties":{"NAME":"Bahamas","SUBJECTO":"Bahamas","PARTOF":"Bahamas","BORDERPRECISION":3,"LINK":null}},
{"type":"Feature","geometry":{"type":"Polygon","coordinates":[[[79.8382,7.816],[79.8407,7.6965],[79.8387,7.3534],[79.8541,7.0612],[80.0168,6.496],[80.1277,6.2167],[80.2222,6.058],[80.3411,5.9693],[80.5629,5.9317],[80.8518,5.9513],[81.2027,6.0792],[81.4339,6.2703],[81.4765,6.3161],[81.5999,6.4486],[81.779,6.754],[81.8662,7.0846],[81.8049,7.3132],[81.446,7.9287],[81.3261,8.2589],[81.0601,8.4108],[81.0491,8.4743],[81.0934,8.6269],[81.0149,8.7728],[80.7676,9.1218],[80.6624,9.2995],[80.3476,9.4703],[80.1096,9.6866],[80.1781,9.4452],[80.0765,9.2791],[80.0526,9.1139],[79.896,8.9204],[79.7058,8.9309],[79.6746,8.8049],[79.8087,8.6475],[79.7242,8.4166],[79.8322,8.1031],[79.8382,7.816]],[[81.345,6.6079],[81.0564,6.4732],[80.7864,6.5742],[80.0786,7.7445],[80.0344,8.1241],[80.1115,8.3296],[80.2914,8.3039],[80.4199,8.4324],[80.5227,8.8693],[80.7283,8.7922],[80.7283,8.1755],[81.1394,8.1755],[81.1651,7.5844],[81.3964,7.276],[81.345,6.6079]]]},"properties":{"NAME":"Ceylon (Dutch)","SUBJECTO":"Netherlands","PARTOF":"Ceylon (Dutch)","BORDERPRECISION":3,"LINK":null}},
{"type":"Feature","geometry":{"type":"MultiPolygon","coordinates":[[[[-76.1329,44.3267],[-76.1308,44.3273],[-76.017,44.3359],[-76.0154,44.2859],[-76.1035,44.2218],[-76.2811,44.1435],[-76.3478,44.0685],[-76.3035,43.9969],[-76.2624,43.9909],[-76.2245,44.0505],[-76.182,44.0718],[-76.1349,44.0547],[-76.1336,44.0267],[-76.1781,43.9877],[-76.1898,43.9661],[-76.1688,43.9617],[-76.1357,43.9739],[-76.0906,44.0026],[-76.0624,44.014],[-76.051,44.008],[-76.0854,43.9661],[-76.1655,43.8882],[-76.2189,43.8574],[-76.2455,43.8737],[-76.2689,43.8712],[-76.289,43.8498],[-76.2634,43.7932],[-76.192,43.7013],[-76.1739,43.6252],[-76.2092,43.5647],[-76.2743,43.5312],[-76.3693,43.5247],[-76.519,43.4593],[-76.7236,43.3348],[-76.8625,43.2737],[-76.9357,43.2758],[-76.9607,43.2636],[-76.9375,43.237],[-77.0297,43.238],[-77.2374,43.2664],[-77.3893,43.2696],[-77.4855,43.2475],[-77.53,43.221],[-77.523,43.1902],[-77.5795,43.2164],[-77.6998,43.2996],[-77.8458,43.3498],[-78.0175,43.3669],[-78.2367,43.371],[-78.5034,43.362],[-78.8208,43.308],[-79.14,43.2221],[-79.1379,43.183],[-79.0657,42.9713],[-79.0502,42.8523],[-79.047,42.8524],[-78.9502,42.8865],[-78.8929,42.8705],[-78.8749,42.8043],[-78.9768,42.7044],[-79.1984,42.5707],[-79.5639,42.387],[-80.0734,42.1534],[-80.5664,41.9698],[-81.0429,41.8361],[-81.3968,41.699],[-81.628,41.5582],[-81.8108,41.4948],[-81.9452,41.5088],[-82.1308,41.482],[-82.3677,41.4145],[-82.5676,41.4045],[-82.7303,41.4521],[-82.8449,41.4619],[-82.9112,41.4339],[-82.972,41.4279],[-83.0273,41.4439],[-82.969,41.473],[-82.7973,41.5153],[-82.748,41.5337],[-82.8211,41.5282],[-82.8514,41.5412],[-82.8389,41.5724],[-82.8578,41.5698],[-82.9079,41.5332],[-83.0337,41.5626],[-83.2351,41.6579],[-83.3715,41.7045],[-83.4428,41.7022],[-83.4499,41.7539],[-83.3928,41.8595],[-83.3365,41.9205],[-83.281,41.937],[-83.2634,41.9583],[-83.2838,41.9846],[-83.2637,42.0021],[-83.2031,42.0108],[-83.1777,42.03],[-83.1874,42.0596],[-83.1251,42.051],[-82.9907,42.0042],[-82.8454,41.9935],[-82.8227,41.9973],[-82.4339,43.1451],[-82.4647,43.1954],[-82.5636,43.5841],[-82.6581,43.8396],[-82.7481,43.962],[-82.8356,44.0345],[-82.9207,44.0573],[-83.0735,44.0305],[-83.294,43.9542],[-83.3839,43.9106],[-83.3434,43.8997],[-83.412,43.8178],[-83.5899,43.6651],[-83.7441,43.6207],[-83.8745,43.6845],[-83.917,43.7844],[-83.8716,43.9202],[-83.7814,44.0034],[-83.6465,44.0339],[-83.5686,44.099],[-83.5478,44.1987],[-83.4868,44.2699],[-83.3856,44.3127],[-83.3186,44.429],[-83.2859,44.6188],[-83.2802,44.7561],[-83.3014,44.8406],[-83.3484,44.9134],[-83.4213,44.9744],[-83.4379,45.0229],[-83.398,45.0588],[-83.3687,45.0681],[-83.35,45.0506],[-83.3217,45.0363],[-83.2836,45.0252],[-83.2632,45.0211],[-83.2605,45.0238],[-83.3164,45.1084],[-83.4309,45.275],[-83.6365,45.3917],[-83.9331,45.4586],[-84.1151,45.5278],[-84.1823,45.5995],[-84.3552,45.6738],[-84.6338,45.751],[-84.7468,45.8544],[-84.6942,45.9842],[-84.6328,46.0289],[-84.5627,45.9884],[-84.3941,45.9624],[-84.1272,45.9508],[-83.9716,45.9505],[-83.9273,45.9614],[-83.9147,45.9909],[-83.9339,46.039],[-83.9274,46.0867],[-83.8953,46.1342],[-83.8627,46.1508],[-83.8297,46.1366],[-83.8066,46.1719],[-83.7936,46.257],[-83.78,46.2577],[-84.0204,46.5806],[-84.4408,46.7002],[-84.4657,46.6548],[-84.5552,46.5833],[-84.564,46.5233],[-84.4922,46.475],[-84.6,46.4597],[-84.8876,46.4773],[-85.0149,46.5578],[-84.9818,46.7012],[-85.1002,46.7487],[-85.3702,46.7002],[-85.6678,46.6748],[-85.9931,46.6722],[-86.2779,46.6057],[-86.5221,46.4754],[-86.7345,46.4411],[-86.9148,46.5029],[-87.0942,46.5265],[-87.2726,46.5119],[-87.4189,46.574],[-87.5329,46.713],[-87.6468,46.8096],[-87.7605,46.8639],[-87.8834,46.8984],[-88.0156,46.9132],[-88.1135,46.9141],[-88.1771,46.901],[-88.2228,46.8782],[-88.2505,46.8457],[-88.2704,46.8276],[-88.2825,46.8239],[-88.2525,46.8583],[-88.1805,46.9308],[-88.2327,46.9141],[-88.4091,46.8081],[-88.4838,46.81],[-88.4566,46.9197],[-88.3896,47.0305],[-88.2827,47.1425],[-88.1612,47.2457],[-88.025,47.3402],[-87.8951,47.3921],[-87.7717,47.4014],[-87.767,47.4246],[-87.8812,47.4617],[-88.0586,47.4532],[-88.2993,47.3991],[-88.5596,47.279],[-88.8396,47.0927],[-89.0902,46.9602],[-89.3114,46.8814],[-89.5142,46.8361],[-89.6984,46.8244],[-89.9526,46.754],[-90.2766,46.625],[-90.5274,46.6031],[-90.7048,46.6884],[-90.7677,46.7134],[-90.716,46.678],[-90.7549,46.6415],[-90.8844,46.604],[-90.8996,46.6609],[-90.8006,46.8123],[-90.778,46.9066],[-90.8318,46.944],[-91.0919,46.8956],[-91.558,46.7615],[-91.8682,46.7078],[-92.0225,46.7346],[-92.111,46.7337],[-92.1339,46.705],[-92.1492,46.6957],[-92.1568,46.7056],[-92.1636,46.7105],[-92.1696,46.7103],[-92.1629,46.7002],[-92.1434,46.68],[-92.1454,46.6776],[-92.1689,46.6929],[-92.1866,46.6881],[-92.1985,46.6629],[-92.2161,46.649],[-92.2395,46.6464],[-92.256,46.6469],[-92.2655,46.6505],[-91.8969,46.8908],[-91.1503,47.3676],[-90.4567,47.7051],[-89.8159,47.9034],[-89.622,47.9684],[-89.8714,47.9944],[-90,47.9723],[-90,48.0371],[-90,48.0697],[-90,48.0885],[-90,48.1071],[-90,48.1218],[-90,48.2485],[-91.1409,48.2149],[-91.3261,48.1288],[-91.4245,48.102],[-91.6821,48.0387],[-91.91,48.083],[-91.9388,48.1661],[-92.1498,48.2048],[-92.2581,48.3267],[-92.4841,48.3322],[-92.5561,48.2215],[-92.7081,48.4375],[-92.8301,48.432],[-92.839,48.5151],[-93.4802,48.6085],[-93.7132,48.5744],[-94.0877,48.7775],[-94.2983,48.9844],[-94.424,49.1513],[-94.8273,49.4876],[-95.0528,49.4717],[-94.9938,49.3154],[-94.8198,49.0507],[-94.9066,47.6414],[-93.351,47.1501],[-93.6376,46.6179],[-94.0879,46.577],[-94.4154,46.2086],[-94.4154,45.9629],[-94.1288,45.5126],[-93.3101,45.1851],[-93.2282,44.9395],[-91.3451,43.957],[-91.0585,43.302],[-91.1813,43.2201],[-91.0176,42.8516],[-90,42.647],[-90,42.2376],[-90,41.6235],[-90,41.4188],[-90,41.0504],[-91.0176,40.8866],[-91.4269,40.5591],[-91.3451,39.7813],[-90,39.331],[-90,38.9216],[-90,38.8397],[-90,38.2666],[-89.5643,37.7754],[-89.5233,37.366],[-89.2368,37.0794],[-89.2368,36.67],[-89.4824,36.6291],[-89.6871,35.9332],[-90,35.8103],[-90,35.1553],[-90,34.8278],[-90,34.3366],[-90,34.1319],[-91.2734,33.8044],[-90,32.4227],[-91.6316,31.5016],[-91.6316,30.9387],[-91.2734,30.6317],[-91.1711,30.3247],[-90,30.0387],[-90,30.142],[-90,30.3797],[-90,30.3859],[-90,30.39],[-89.7107,30.1834],[-89.5355,30.2083],[-89.2328,30.406],[-88.6352,30.3882],[-88.3429,30.3888],[-88.1418,30.328],[-88.0346,30.6794],[-87.7746,30.2628],[-87.6922,30.263],[-87.404,30.3074],[-87.383,30.4416],[-87.0891,30.359],[-86.6155,30.4107],[-86.3887,30.4727],[-86.2896,30.3676],[-86.0576,30.2346],[-85.7192,30.2035],[-85.6003,30.1529],[-85.4867,30.0387],[-85.4276,29.7597],[-85.3048,29.6639],[-84.7638,29.7986],[-84.5587,29.9579],[-84.3174,30.092],[-84.1238,30.1242],[-83.8862,30.0483],[-83.4924,29.6868],[-83.1182,29.2425],[-82.8949,29.1857],[-82.7789,29.1097],[-82.647,28.9065],[-82.7181,28.437],[-82.7844,28.096],[-82.8413,27.838],[-82.7165,27.7446],[-82.5047,27.9277],[-82.4293,27.8261],[-82.4508,27.7244],[-82.6196,27.5276],[-82.7527,27.5276],[-82.5839,27.3106],[-82.3101,26.8249],[-82.1423,26.8668],[-82.0776,26.5511],[-81.8873,26.4478],[-81.8366,26.0791],[-81.7447,25.9207],[-81.401,25.8587],[-81.1456,25.3782],[-81.1518,25.2732],[-81.0979,25.125],[-80.8689,25.187],[-80.738,25.1302],[-80.567,25.1918],[-80.4517,25.2077],[-80.4402,25.1457],[-80.4984,25.0372],[-80.4908,24.9959],[-80.3141,25.2439],[-80.3053,25.3576],[-80.354,25.5482],[-80.2144,25.7347],[-80.1854,25.8601],[-80.05,26.5511],[-80.0779,26.9231],[-80.1333,27.0729],[-80.2621,27.1969],[-80.2285,27.2383],[-80.4472,27.7756],[-80.6055,28.561],[-81.0259,29.2637],[-81.2311,29.6564],[-81.4054,30.0726],[-81.5115,30.7272],[-81.3048,31.2891],[-81.182,31.6404],[-80.818,32.1466],[-80.7383,32.2358],[-80.5806,32.4968],[-80.2219,32.5357],[-80.0291,32.6251],[-79.7171,32.7974],[-79.3485,33.1097],[-79.3054,33.2688],[-79.2041,33.4597],[-78.8989,33.702],[-78.6211,33.8107],[-78.3836,33.8684],[-77.9629,33.9328],[-77.9046,33.9901],[-77.6852,34.264],[-77.2959,34.6666],[-76.6218,34.763],[-76.5042,34.7955],[-76.4984,34.8339],[-76.3058,34.9788],[-76.3275,35.0143],[-76.4253,35.0321],[-76.4431,35.112],[-76.4927,35.0202],[-76.6242,35.0321],[-76.7599,34.9551],[-76.9535,35.0291],[-77.0626,35.2068],[-76.8462,35.038],[-76.7787,35.038],[-76.6525,35.1002],[-76.567,35.2127],[-76.6781,35.2156],[-76.4995,35.2808],[-76.4843,35.3341],[-76.8594,35.4852],[-76.9805,35.497],[-77.0533,35.58],[-76.8572,35.5118],[-76.6152,35.4556],[-76.5815,35.4615],[-76.6448,35.5711],[-76.5769,35.5774],[-76.5158,35.4674],[-76.4495,35.4378],[-76.3583,35.4082],[-76.141,35.3845],[-76.0268,35.4733],[-75.8842,35.6866],[-75.8559,35.6422],[-75.7828,35.6362],[-75.7082,35.7488],[-75.7292,35.8821],[-75.8488,36.0214],[-75.9298,35.974],[-75.9906,35.8081],[-76.0321,35.6925],[-76.095,35.7221],[-76.0625,35.888],[-76.0117,35.974],[-76.0677,36.048],[-76.3247,35.9829],[-76.7269,35.9918],[-76.6788,36.0629],[-76.7311,36.1577],[-76.7509,36.2614],[-76.7098,36.3533],[-76.6734,36.3296],[-76.7107,36.2584],[-76.7,36.1607],[-76.587,36.0658],[-76.5092,36.0569],[-76.3404,36.1518],[-76.4417,36.2436],[-76.2048,36.1518],[-76.0937,36.2051],[-76.2132,36.3414],[-76.1862,36.3681],[-75.9525,36.2318],[-75.9532,36.3325],[-75.8581,36.1607],[-75.7933,36.1369],[-75.896,36.3977],[-75.9606,36.4422],[-76.0383,36.5696],[-75.907,36.54],[-75.922,36.6289],[-75.9828,36.6289],[-75.9575,36.7682],[-75.8912,36.6437],[-75.7295,36.1162],[-75.7033,36.0569],[-75.5852,35.8999],[-75.5221,35.8584],[-75.7238,36.2199],[-75.9065,36.7653],[-75.9746,36.9372],[-76.3112,36.9906],[-76.3254,36.9372],[-76.5244,36.9224],[-76.5032,37.0291],[-76.723,37.2011],[-76.921,37.2664],[-76.9419,37.2864],[-76.8523,37.3583],[-76.6388,37.2693],[-76.4173,37.0291],[-76.2831,37.0558],[-76.2909,37.1952],[-76.3771,37.2901],[-76.4591,37.2782],[-76.5982,37.3494],[-76.7868,37.5629],[-76.7766,37.5748],[-76.4815,37.3227],[-76.3841,37.3316],[-76.431,37.4265],[-76.3992,37.4591],[-76.2585,37.3731],[-76.2433,37.4858],[-76.2705,37.5125],[-76.2504,37.5481],[-76.3956,37.5837],[-76.2843,37.6252],[-76.5661,37.7023],[-76.885,38.0672],[-76.4162,37.7053],[-76.3142,37.732],[-76.2152,37.9426],[-76.2864,38.0019],[-76.5356,38.0761],[-76.5143,38.1177],[-76.9435,38.2512],[-77.0344,38.3639],[-77.2401,38.3847],[-77.3318,38.4886],[-77.2464,38.6993],[-77.0537,38.7349],[-77.2459,38.5895],[-77.2525,38.4589],[-77.104,38.4767],[-76.8605,38.3313],[-76.8903,38.4441],[-76.8205,38.4203],[-76.7675,38.2927],[-76.6079,38.2898],[-76.324,38.1088],[-76.3835,38.3372],[-76.5731,38.4441],[-76.6517,38.542],[-76.6633,38.634],[-76.6181,38.539],[-76.4083,38.3966],[-76.3838,38.4589],[-76.5063,38.6785],[-76.5379,38.7854],[-76.4055,39.0852],[-76.5866,39.3109],[-76.3852,39.2752],[-76.3389,39.4623],[-76.2952,39.4326],[-76.2724,39.3613],[-76.236,39.3999],[-76.2591,39.5009],[-76.2172,39.5247],[-76.2014,39.4237],[-76.0595,39.5098],[-76.109,39.5455],[-76.066,39.6049],[-75.9401,39.6464],[-76.0057,39.4623],[-75.8581,39.4356],[-76.1515,39.3673],[-76.2601,39.201],[-76.1887,39.1743],[-76.0626,39.1951],[-76.1495,39.0674],[-76.301,39.0763],[-76.3439,39.0258],[-76.3146,38.9754],[-76.1556,38.9457],[-76.1117,38.8448],[-76.1706,38.818],[-76.2651,38.8893],[-76.3052,38.8804],[-76.3535,38.7349],[-76.321,38.7349],[-76.2793,38.8091],[-76.0076,38.6667],[-76.0053,38.6399],[-76.1663,38.6162],[-76.3261,38.539],[-76.2227,38.361],[-76.1519,38.3847],[-76.0435,38.2927],[-75.8459,38.4263],[-75.8114,38.2779],[-75.9203,38.2601],[-75.9259,38.174],[-75.8465,38.1325],[-75.7484,38.1503],[-75.85,37.9782],[-75.6817,38.0316],[-75.64,38.0049],[-75.6675,37.8981],[-75.7784,37.8447],[-75.8661,37.7142],[-76.0199,37.3257],[-75.9581,37.207],[-75.8566,37.2248],[-75.8685,37.2812],[-75.7001,37.6074],[-75.652,37.5511],[-75.5934,37.6104],[-75.6087,37.6341],[-75.4308,37.993],[-75.2115,38.2927],[-75.1554,38.2868],[-75.0874,38.3907],[-75.0421,38.4975],[-75.0887,38.8418],[-75.2149,38.8715],[-75.3888,39.1327],[-75.4038,39.293],[-75.6238,39.6732],[-75.461,39.8395],[-75.3395,39.893],[-75.4073,39.7831],[-75.5491,39.6672],[-75.4011,39.4237],[-75.3344,39.3999],[-75.1332,39.2455],[-74.94,39.2515],[-74.8892,39.1713],[-74.969,39.0318],[-74.9353,38.9783],[-74.8601,38.9902],[-74.7285,39.1268],[-74.5206,39.3524],[-74.4139,39.4178],[-74.3862,39.5009],[-74.4056,39.6138],[-74.2889,39.5722],[-74.1528,39.7652],[-73.9457,40.4468],[-74.1945,40.4885],[-74.2124,40.5144],[-74.145,40.5389],[-74.1233,40.5497],[-74.1086,40.5597],[-74.0575,40.5997],[-74.0536,40.6044],[-74.0539,40.6153],[-74.0569,40.6244],[-74.0628,40.6394],[-74.0689,40.6458],[-74.0739,40.6492],[-74.0828,40.6514],[-74.1708,40.6428],[-74.1769,40.6419],[-74.1817,40.6375],[-74.185,40.6317],[-74.2311,40.5422],[-74.2312,40.5419],[-74.2929,40.6316],[-74.1101,40.7628],[-74.0744,40.727],[-73.89,41.1744],[-73.8581,41.1863],[-73.8687,41.1386],[-74.0072,40.7986],[-73.993,40.7807],[-73.928,40.8582],[-73.784,40.882],[-73.7405,40.9775],[-73.3865,41.1386],[-72.8544,41.2937],[-72.0922,41.3654],[-71.4492,41.4251],[-71.4098,41.7236],[-71.373,41.8371],[-71.3036,41.7714],[-71.1044,41.8252],[-71.1936,41.6758],[-71.1732,41.5265],[-71.0409,41.5445],[-70.9671,41.5624],[-70.8955,41.6818],[-70.8479,41.634],[-70.8346,41.6758],[-70.7608,41.6938],[-70.7116,41.7953],[-70.6562,41.7654],[-70.6416,41.5922],[-69.922,41.7236],[-69.9358,41.9148],[-70.0341,42.0761],[-70.1378,42.1359],[-70.226,42.1359],[-70.2218,42.106],[-70.1782,42.088],[-70.0641,41.9626],[-70.0008,41.9506],[-69.991,41.867],[-70.3021,41.7594],[-70.4816,41.8072],[-70.5062,41.9865],[-70.7759,42.3032],[-70.9026,42.3451],[-71.0544,42.357],[-71.0238,42.4288],[-70.8475,42.5603],[-70.8715,42.6022],[-70.6252,42.6501],[-70.5702,42.7159],[-70.6463,42.7218],[-70.6837,42.686],[-70.7594,42.7099],[-70.7902,42.8056],[-70.8681,42.8714],[-70.6863,43.0989],[-70.5363,43.4042],[-70.3782,43.4521],[-70.3059,43.6199],[-70.1873,43.6378],[-70.2165,43.7996],[-69.922,43.9135],[-69.9693,43.8116],[-69.8261,43.7517],[-69.6797,43.8835],[-69.7537,43.9554],[-69.6075,44.0694],[-69.6623,43.9315],[-69.5066,43.8955],[-69.3945,44.0933],[-69.2489,43.9914],[-69.0947,44.1413],[-68.9455,44.3932],[-68.7817,44.6272],[-68.7146,44.6092],[-68.8041,44.3932],[-68.5043,44.2972],[-68.5583,44.4832],[-68.4666,44.4412],[-68.131,44.5672],[-68.0524,44.4112],[-67.985,44.4832],[-67.908,44.4772],[-67.8627,44.6032],[-67.7382,44.6632],[-67.6341,44.6272],[-67.5996,44.5792],[-67.5373,44.6092],[-67.5317,44.7232],[-67.3978,44.6692],[-67.1689,44.7112],[-66.9389,44.8793],[-67.0158,44.9213],[-67.1503,44.9033],[-67.0298,45.0295],[-67.1868,45.2523],[-67.2717,45.1837],[-67.3438,45.3146],[-67.2575,45.3492],[-67.2661,45.4648],[-67.2021,45.4956],[-67.2207,45.5649],[-67.3213,45.5649],[-67.594,45.669],[-67.5592,45.7722],[-67.6985,47.041],[-67.7769,47.1645],[-67.9964,47.2938],[-68.343,47.305],[-68.5274,47.2257],[-68.6989,47.2639],[-68.9259,47.4259],[-69.0491,47.4644],[-69.3333,47.2279],[-69.5645,46.9461],[-70.077,45.9471],[-70.5894,45.2946],[-71.1118,45.3502],[-71.2929,45.3232],[-71.4562,45.1276],[-71.5346,44.9586],[-72.0267,45.0013],[-72.8616,45.0032],[-73.9903,45.0165],[-74.7824,45.0122],[-75.218,44.7768],[-75.4585,44.6397],[-76.1329,44.3267]],[[-87.6051,41.8768],[-87.6816,42.0226],[-87.7832,42.2036],[-87.8149,42.4161],[-87.7766,42.66],[-87.7924,42.8415],[-87.8623,42.9606],[-87.901,43.0774],[-87.9084,43.1918],[-87.86,43.3578],[-87.7558,43.5754],[-87.7073,43.7482],[-87.7146,43.8761],[-87.6667,44.0032],[-87.5637,44.1295],[-87.5203,44.2257],[-87.5367,44.2915],[-87.487,44.4415],[-87.3712,44.6756],[-87.3433,44.8177],[-87.4033,44.8678],[-87.4701,44.8827],[-87.5438,44.8623],[-87.6265,44.7998],[-87.7182,44.6951],[-87.8239,44.6167],[-87.9435,44.5646],[-87.999,44.5828],[-87.9906,44.6714],[-87.9496,44.7699],[-87.8762,44.8782],[-87.7866,44.9441],[-87.6807,44.9676],[-87.6207,45.0221],[-87.6068,45.1074],[-87.4649,45.29],[-87.1948,45.5699],[-87.0383,45.7612],[-86.9952,45.8638],[-86.9721,45.8532],[-86.9689,45.7294],[-86.9352,45.6811],[-86.8709,45.7083],[-86.8244,45.7566],[-86.7956,45.826],[-86.7201,45.8672],[-86.5978,45.8801],[-86.5426,45.8578],[-86.5542,45.8002],[-86.5996,45.7481],[-86.6787,45.7016],[-86.6922,45.6588],[-86.6402,45.6198],[-86.606,45.6282],[-86.5894,45.6839],[-86.5244,45.7316],[-86.4112,45.7713],[-86.3349,45.8293],[-86.2955,45.9053],[-86.1297,45.947],[-85.8375,45.9542],[-85.6447,45.9924],[-85.5512,46.0616],[-85.3818,46.0748],[-85.1365,46.0321],[-84.9484,45.9678],[-84.8177,45.882],[-84.763,45.8167],[-84.7843,45.7719],[-84.8496,45.7532],[-84.9586,45.7605],[-84.9957,45.7508],[-84.9608,45.7241],[-84.9872,45.678],[-85.0746,45.6124],[-85.1044,45.5474],[-85.0765,45.4831],[-85.0257,45.4367],[-84.9519,45.4082],[-85.0269,45.3673],[-85.2506,45.3141],[-85.3692,45.2026],[-85.3826,45.0329],[-85.4234,44.8981],[-85.4916,44.7982],[-85.5384,44.7515],[-85.5638,44.7578],[-85.5511,44.8187],[-85.5004,44.9339],[-85.5048,44.9357],[-85.5645,44.824],[-85.6088,44.7886],[-85.6379,44.8294],[-85.6308,44.8991],[-85.5873,44.9976],[-85.5778,45.0668],[-85.6022,45.1068],[-85.6005,45.1284],[-85.5725,45.1318],[-85.5506,45.1467],[-85.5349,45.1733],[-85.53,45.1924],[-85.536,45.2039],[-85.5405,45.2104],[-85.5434,45.2118],[-85.611,45.1466],[-85.7433,45.0149],[-85.8735,44.9385],[-86.0018,44.9172],[-86.072,44.8652],[-86.0843,44.7826],[-86.1317,44.7288],[-86.2142,44.7039],[-86.2586,44.6054],[-86.2647,44.4333],[-86.3297,44.2749],[-86.4534,44.1299],[-86.4941,43.9991],[-86.4518,43.8823],[-86.4583,43.7762],[-86.5138,43.6808],[-86.4697,43.4955],[-86.3262,43.2202],[-86.2426,42.9879],[-86.219,42.7986],[-86.2301,42.6166],[-86.2759,42.442],[-86.3718,42.2482],[-86.5178,42.0351],[-86.6745,41.8744],[-86.8418,41.766],[-87.0251,41.6861],[-87.2245,41.6346],[-87.3751,41.6344],[-87.4771,41.6854],[-87.5538,41.7662],[-87.6051,41.8768]]],[[[-84.5643,46.7354],[-84.5648,46.7214],[-84.5451,46.7076],[-84.5256,46.7244],[-84.5643,46.7354]]],[[[-72.285,41.1158],[-72.2786,41.1172],[-72.2622,41.1253],[-72.2531,41.133],[-72.2419,41.1489],[-72.2389,41.1553],[-72.2397,41.1605],[-72.2461,41.1636],[-72.2853,41.1619],[-72.3508,41.1408],[-72.4531,41.0889],[-72.5279,41.0452],[-72.5775,41.0155],[-72.6111,40.9917],[-72.6161,40.9886],[-72.6281,40.9836],[-72.6472,40.9797],[-72.7511,40.9639],[-72.7656,40.9636],[-72.7814,40.9655],[-72.8936,40.97],[-73.0372,40.9686],[-73.1461,40.9592],[-73.1445,40.9539],[-73.1442,40.9486],[-73.1464,40.9428],[-73.1556,40.935],[-73.19,40.9203],[-73.2078,40.9147],[-73.2267,40.9105],[-73.3542,40.9258],[-73.4906,40.9342],[-73.5894,40.9205],[-73.6122,40.9117],[-73.623,40.9064],[-73.7317,40.8517],[-73.8356,40.805],[-73.9114,40.795],[-73.9225,40.7897],[-73.94,40.773],[-73.966,40.7215],[-73.9799,40.7072],[-74.0011,40.6978],[-74.0039,40.6911],[-74.005,40.68],[-74.0261,40.6586],[-74.03,40.6539],[-74.0331,40.6475],[-74.035,40.6358],[-74.0325,40.6258],[-74.0078,40.5803],[-74.0011,40.5806],[-73.9467,40.585],[-73.94,40.5855],[-73.8881,40.598],[-73.8803,40.6],[-73.8755,40.6031],[-73.8719,40.6086],[-73.875,40.6131],[-73.8836,40.615],[-73.8878,40.6189],[-73.8997,40.6358],[-73.8689,40.6544],[-73.8506,40.6592],[-73.8439,40.6597],[-73.8289,40.6592],[-73.8128,40.6567],[-73.7739,40.6447],[-73.7675,40.6417],[-73.7718,40.6293],[-73.7713,40.6261],[-73.7711,40.6196],[-73.7715,40.6163],[-73.7748,40.6149],[-73.7918,40.6088],[-73.831,40.5976],[-73.8577,40.5845],[-73.9293,40.572],[-73.9331,40.5672],[-73.929,40.5642],[-73.9141,40.5632],[-73.8529,40.5781],[-73.7972,40.5922],[-73.6536,40.5939],[-73.6181,40.5944],[-73.5828,40.5961],[-73.5767,40.5975],[-73.5797,40.6017],[-73.5858,40.6047],[-73.5933,40.6072],[-73.6528,40.62],[-73.5611,40.6453],[-73.4386,40.6658],[-73.1403,40.7189],[-73.0953,40.7305],[-73.0217,40.75],[-73.0158,40.7522],[-73.0031,40.7547],[-72.8942,40.7739],[-72.8869,40.7736],[-72.8678,40.7561],[-72.8195,40.77],[-72.6986,40.7897],[-72.6658,40.7944],[-72.5428,40.8256],[-72.4467,40.8556],[-72.3528,40.8872],[-72.0842,40.9817],[-71.8603,41.0644],[-71.8561,41.0692],[-71.8592,41.0736],[-71.8656,41.0767],[-71.8733,41.0786],[-71.9161,41.0822],[-71.9239,41.0819],[-71.998,41.0525],[-72.0033,41.0494],[-72.0128,41.0419],[-72.0208,41.0325],[-72.0258,41.0294],[-72.0533,41.0161],[-72.1019,41.0025],[-72.11,41.0039],[-72.1139,41.0078],[-72.135,41.0353],[-72.2636,41.0194],[-72.3458,40.9997],[-72.4019,40.9647],[-72.4344,40.9286],[-72.4319,40.9236],[-72.4364,40.9197],[-72.4422,40.9175],[-72.4844,40.905],[-72.498,40.9042],[-72.5847,40.9061],[-72.6072,40.9075],[-72.6158,40.9097],[-72.6211,40.913],[-72.6217,40.9183],[-72.6178,40.9231],[-72.3883,41.085],[-72.2894,41.125],[-72.2889,41.1197],[-72.285,41.1158]]]]},"properties":{"NAME":"United States of America","SUBJECTO":"United States of America","PARTOF":"United States of America","BORDERPRECISION":3,"LINK":null}},
{"type":"Feature","geometry":{"type":"MultiPolygon","coordinates":[[[[0.081,53.3862],[-0.2037,53.5233],[-0.3192,53.5789],[-0.2349,53.7994],[-0.2955,54.0332],[-0.6048,54.3002],[-0.8706,54.5472],[-1.1921,54.5954],[-1.3889,54.6805],[-1.5556,54.9216],[-1.696,55.2725],[-1.666,55.3796],[-1.719,55.4537],[-1.942,55.5561],[-2.245,55.811],[-2.5403,55.8847],[-2.7421,55.9572],[-2.9279,55.946],[-3.1615,55.8457],[-3.3559,55.8427],[-3.5772,55.8847],[-3.713,55.8847],[-3.895,55.9851],[-3.2935,55.9739],[-3.1698,56.0621],[-2.8953,56.0855],[-2.7729,56.1713],[-2.7209,56.1782],[-2.9494,56.253],[-3.1524,56.3368],[-2.9805,56.3536],[-2.6671,56.471],[-2.5148,56.6673],[-2.4131,56.7173],[-2.1589,57.0143],[-2.2032,57.0648],[-2.1078,57.2103],[-1.9446,57.4017],[-2.1504,57.572],[-2.854,57.5433],[-3.0926,57.577],[-3.4008,57.5764],[-3.7958,57.5415],[-4.1484,57.5545],[-4.2485,57.6363],[-4.1505,57.8348],[-3.9432,57.9584],[-3.1664,58.2751],[-3.0284,58.4057],[-3.165,58.5222],[-3.4405,58.5285],[-3.8305,58.5072],[-4.1389,58.4448],[-4.5099,58.4029],[-4.9256,58.567],[-5.1127,58.3949],[-4.9071,58.169],[-5.3459,58.0927],[-5.0556,57.751],[-5.23,57.7096],[-5.5685,57.7774],[-5.763,57.6198],[-5.4606,57.3881],[-5.5616,57.2993],[-5.7263,57.258],[-5.6253,56.9992],[-5.6659,56.9378],[-5.909,56.7333],[-6.0435,56.4748],[-5.8217,56.4005],[-5.6445,56.5163],[-5.5466,56.6524],[-5.4583,56.6321],[-5.2707,56.5441],[-5.3001,56.4287],[-5.497,56.1773],[-5.6331,55.9399],[-5.5702,55.7505],[-5.3336,55.8795],[-5.1346,55.8934],[-4.8484,56.0972],[-4.7107,56.1313],[-4.6233,55.908],[-4.7584,55.8197],[-4.8951,55.7721],[-4.9078,55.6639],[-4.7705,55.4884],[-4.6384,55.4279],[-4.91,55.1103],[-5.0667,54.9485],[-5.1114,54.7941],[-4.9025,54.7341],[-4.5999,54.6878],[-4.5003,54.7751],[-4.4607,54.8624],[-4.1216,54.7624],[-3.9077,54.7897],[-3.5767,54.9245],[-3.3087,54.8847],[-3.1525,54.8381],[-3.4304,54.6431],[-3.5692,54.415],[-3.4793,54.2746],[-3.2615,54.1412],[-2.8859,54.1687],[-2.8653,54.0283],[-2.9795,53.8209],[-3.0567,53.5136],[-2.9145,53.2671],[-3.3295,53.233],[-3.9567,53.2052],[-4.3175,53.0912],[-4.4919,52.991],[-4.6214,52.831],[-4.4683,52.8113],[-4.1475,52.8319],[-4.0939,52.7455],[-4.1236,52.3733],[-4.2947,52.2003],[-4.6191,52.0935],[-5.0615,52.0064],[-5.2488,51.8602],[-5.1786,51.7875],[-4.999,51.7017],[-4.1593,51.6768],[-3.4991,51.4597],[-3.1728,51.4669],[-2.7502,51.644],[-2.8947,51.3938],[-3.0331,51.3299],[-3.066,51.1777],[-3.483,51.1811],[-3.8252,51.2348],[-4.281,51.1872],[-4.2773,51.0637],[-4.4426,50.9687],[-4.5515,50.9972],[-4.6046,50.7787],[-4.8153,50.6042],[-5.0166,50.5605],[-5.2378,50.3463],[-5.7778,50.1341],[-5.4292,50.0679],[-5.2823,49.9638],[-4.967,50.2122],[-4.5406,50.358],[-4.3033,50.3235],[-4.2426,50.3915],[-4.0042,50.3141],[-3.8817,50.2004],[-3.715,50.2193],[-3.5632,50.3614],[-3.5215,50.6174],[-3.1109,50.6574],[-2.9606,50.7218],[-2.5505,50.57],[-2.432,50.6459],[-2.0237,50.57],[-2.0854,50.7028],[-1.3725,50.7663],[-1.1034,50.8167],[-0.839,50.7218],[-0.3357,50.8167],[-0.2037,50.7953],[0.1918,50.7313],[0.6726,50.9307],[0.8883,50.8927],[0.886,50.9819],[1.335,51.1207],[1.3647,51.3529],[1.1894,51.4055],[1.0301,51.3588],[0.8043,51.3783],[0.2542,51.4536],[0.6862,51.5604],[1.0313,51.8127],[1.5119,52.0258],[1.6569,52.2118],[1.6917,52.3114],[1.5857,52.65],[1.3759,52.8092],[1.0127,52.8884],[0.7418,52.9012],[0.5047,52.8475],[0.3268,52.7075],[0.0055,52.7867],[0.2509,53.0401],[0.2678,53.1267],[0.1745,53.2931],[0.081,53.3862]]],[[[-61.7381,16.9897],[-61.6867,17.0244],[-61.6825,17.0275],[-61.6675,17.0406],[-61.6664,17.0458],[-61.6689,17.085],[-61.6703,17.0903],[-61.6742,17.0936],[-61.7442,17.1372],[-61.7842,17.1583],[-61.7944,17.1633],[-61.8264,17.1672],[-61.8328,17.1639],[-61.8842,17.1097],[-61.8872,17.1053],[-61.8911,17.0942],[-61.8872,17.0331],[-61.8858,17.0281],[-61.8836,17.0236],[-61.8806,17.0197],[-61.8761,17.0169],[-61.8292,16.9969],[-61.7381,16.9897]]],[[[-61.7311,17.5472],[-61.7292,17.6086],[-61.7317,17.625],[-61.7381,17.6447],[-61.7403,17.6492],[-61.7433,17.6531],[-61.7836,17.6972],[-61.7872,17.7006],[-61.8392,17.7247],[-61.8456,17.725],[-61.8503,17.7228],[-61.8731,17.7039],[-61.8753,17.6986],[-61.8739,17.6889],[-61.8567,17.5925],[-61.8531,17.5831],[-61.8475,17.5808],[-61.8428,17.5828],[-61.8394,17.5867],[-61.8347,17.5886],[-61.8156,17.5839],[-61.7519,17.5494],[-61.7389,17.5406],[-61.7328,17.5411],[-61.7311,17.5472]]],[[[-62.585,17.0917],[-62.5528,17.0942],[-62.5478,17.0961],[-62.5444,17.0997],[-62.5386,17.1086],[-62.5353,17.1208],[-62.5342,17.1336],[-62.5353,17.145],[-62.5414,17.1769],[-62.5425,17.1822],[-62.5447,17.1867],[-62.5486,17.19],[-62.5761,17.1994],[-62.5828,17.1997],[-62.5997,17.1972],[-62.61,17.1911],[-62.6203,17.1633],[-62.6236,17.1511],[-62.6256,17.1392],[-62.6261,17.1267],[-62.6253,17.1208],[-62.6219,17.1114],[-62.6172,17.1025],[-62.6106,17.0953],[-62.5914,17.0919],[-62.585,17.0917]]],[[[-62.6225,17.2419],[-62.7017,17.3369],[-62.73,17.3653],[-62.7347,17.3681],[-62.8128,17.4094],[-62.8175,17.4108],[-62.8386,17.4019],[-62.8494,17.3931],[-62.8564,17.3858],[-62.8639,17.3708],[-62.8617,17.3664],[-62.8392,17.3278],[-62.8353,17.3244],[-62.7933,17.3],[-62.7783,17.2922],[-62.7594,17.2875],[-62.7381,17.2847],[-62.725,17.2842],[-62.7139,17.2861],[-62.7075,17.2858],[-62.6925,17.2783],[-62.6772,17.265],[-62.6711,17.2572],[-62.6622,17.2392],[-62.6539,17.2089],[-62.6253,17.2208],[-62.6217,17.2244],[-62.6206,17.2314],[-62.6225,17.2419]]],[[[-62.19,16.6725],[-62.1714,16.6714],[-62.1656,16.6717],[-62.1556,16.6753],[-62.1514,16.6781],[-62.1403,16.6883],[-62.1375,16.6928],[-62.1464,16.7467],[-62.1481,16.7517],[-62.1764,16.8086],[-62.2019,16.8136],[-62.2072,16.8111],[-62.2358,16.7306],[-62.2372,16.7175],[-62.2367,16.7119],[-62.2297,16.7047],[-62.2125,16.6869],[-62.2086,16.6836],[-62.19,16.6725]]],[[[-5.7557,55.4773],[-5.6982,55.3307],[-5.6203,55.3295],[-5.4824,55.4427],[-5.5178,55.668],[-5.6887,55.6281],[-5.7557,55.4773]]]]},"properties":{"NAME":"United Kingdom","SUBJECTO":"UK","PARTOF":"United Kingdom","BORDERPRECISION":3,"LINK":null}},
{"type":"Feature","geometry":{"type":"Polygon","coordinates":[[[81.4487,30.4028],[81.3883,30.1721],[81.264,30.0307],[81.1293,30.0531],[81.0213,30.2465],[80.6344,30.5144],[80.5651,30.4846],[80.2252,30.5962],[80.2772,30.7599],[79.7921,31.0203],[79.6286,30.9682],[79.2813,31.3477],[79.1088,31.4593],[78.8943,31.3179],[78.8053,31.3477],[78.7607,31.5409],[76.9516,31.712],[76.288,31.1353],[78.1313,30.777],[77.6802,30.3688],[77.6877,30.3666],[78.0236,30.2658],[78.3259,29.834],[78.9735,29.834],[79.0599,29.7477],[78.8872,28.5387],[79.0167,28.3228],[79.2757,28.3228],[79.4485,28.7978],[79.6212,28.9273],[79.7075,29.3591],[79.9866,29.0683],[80.0983,28.9519],[80.1159,28.8403],[80.3995,28.6692],[80.6092,28.7064],[80.9056,28.4927],[80.9086,28.4906],[81.225,28.4236],[81.3624,28.1856],[81.8076,27.9425],[81.9212,27.8805],[82.0253,27.9549],[82.4879,27.6871],[82.73,27.7168],[82.8118,27.5382],[83.1872,27.4638],[83.324,27.3746],[83.3916,27.4043],[83.4307,27.501],[83.6573,27.501],[83.8743,27.382],[84.1361,27.5382],[84.3584,27.4043],[84.6477,27.3746],[84.7113,27.2704],[84.6664,27.0695],[84.9647,27.0025],[85.0933,26.8761],[85.3714,26.757],[85.6342,26.8835],[85.7754,26.8537],[85.7599,26.7049],[85.9005,26.5933],[86.0712,26.6975],[86.3954,26.6305],[86.7765,26.4668],[87.0494,26.6008],[87.1696,26.4371],[87.3493,26.385],[87.5101,26.4445],[87.6322,26.4073],[87.9407,26.4668],[88.0922,26.4445],[88.2319,26.757],[88.0389,27.129],[88.0706,27.5234],[88.1618,27.7414],[88.2138,27.8656],[88.1973,27.8758],[87.9023,27.9475],[87.7496,27.821],[87.5965,27.8731],[87.2144,27.8433],[87.0707,28.007],[86.7872,28.1335],[86.6039,28.1335],[86.568,27.9847],[86.4457,27.9475],[86.1379,28.1186],[86.1422,27.9549],[86.0357,27.9103],[85.972,28.1186],[85.7292,28.3418],[85.5648,28.312],[85.1442,28.3418],[85.138,28.4608],[85.2166,28.6394],[85.0699,28.6469],[84.9203,28.5352],[84.267,28.937],[84.2983,29.0635],[84.2185,29.2346],[84.0884,29.309],[83.7689,29.2569],[83.6978,29.1825],[83.402,29.5397],[83.1974,29.6662],[83.1298,29.6066],[82.9176,29.7034],[82.5912,29.9712],[82.2009,30.0903],[82.1417,30.3656],[81.6557,30.4548],[81.5726,30.373],[81.4487,30.4028]]]},"properties":{"NAME":"Nepal","SUBJECTO":"Nepal","PARTOF":"Nepal","BORDERPRECISION":3,"LINK":null}},
{"type":"Feature","geometry":{"type":"Polygon","coordinates":[[[-92.1036,29.5496],[-91.9783,29.6254],[-92.2278,29.8021],[-91.951,29.832],[-91.429,29.5431],[-91.2404,29.3209],[-90,29.1087],[-90,29.119],[-90,29.1416],[-90,29.2223],[-90,29.2395],[-90,29.3044],[-90,29.3257],[-90,29.3737],[-90,29.5014],[-89.9779,29.4062],[-89.6223,29.2843],[-89.4982,29.0957],[-89.2715,29.058],[-89.0315,29.119],[-89.189,29.2692],[-89.2917,29.367],[-89.5589,29.4325],[-89.677,29.5912],[-89.686,29.7057],[-89.38,29.8734],[-89.6843,30.0904],[-89.8667,30.1317],[-90,30.0387],[-91.1711,30.3247],[-91.2734,30.6317],[-91.6316,30.9387],[-91.6316,31.5016],[-90,32.4227],[-91.2734,33.8044],[-90,34.1319],[-90,34.3366],[-90,34.8278],[-90,35.1553],[-90,35.8103],[-89.6871,35.9332],[-89.4824,36.6291],[-89.2368,36.67],[-89.2368,37.0794],[-89.5233,37.366],[-89.5643,37.7754],[-90,38.2666],[-90,38.8397],[-90,38.9216],[-90,39.331],[-91.3451,39.7813],[-91.4269,40.5591],[-91.0176,40.8866],[-90,41.0504],[-90,41.4188],[-90,41.6235],[-90,42.2376],[-90,42.647],[-91.0176,42.8516],[-91.1813,43.2201],[-91.0585,43.302],[-91.3451,43.957],[-93.2282,44.9395],[-93.3101,45.1851],[-94.1288,45.5126],[-94.4154,45.9629],[-94.4154,46.2086],[-94.0879,46.577],[-93.6376,46.6179],[-93.351,47.1501],[-94.9066,47.6414],[-94.8198,49.0507],[-95.1257,49.0522],[-96.335,49.0391],[-97.5941,49.0521],[-98.2009,49.0488],[-99.1481,49.0503],[-100.4598,49.0433],[-101.7111,49.0562],[-102.6702,49.0511],[-103.991,49.0571],[-104.2615,49.0557],[-106.4396,49.0637],[-108.0673,49.0615],[-108.4607,49.0594],[-110.1801,49.0698],[-110.6703,49.0541],[-112.529,49.0638],[-112.8618,49.0686],[-115.1646,49.0562],[-115.311,49.0567],[-112.113,44.4789],[-111.7932,42.8798],[-112.1229,42.6417],[-104.9792,32.858],[-92.1036,29.5496]]]},"properties":{"NAME":"Luisiana","SUBJECTO":"France","PARTOF":"Luisiana","BORDERPRECISION":3,"LINK":null}},
{"type":"Feature","geometry":{"type":"Polygon","coordinates":[[[6.6723,46.7971],[6.4523,46.8053],[6.4562,46.7751],[6.1079,46.5759],[6.1626,46.5456],[6.0689,46.4169],[6.1753,46.3678],[6.1017,46.2863],[6.1232,46.2584],[6.1631,46.2647],[6.1714,46.2958],[6.2163,46.3486],[6.2181,46.3546],[6.2318,46.3679],[6.2353,46.3708],[6.2482,46.3861],[6.2589,46.3925],[6.2617,46.3921],[6.2646,46.3939],[6.275,46.3918],[6.2913,46.4227],[6.3469,46.4609],[6.3542,46.4616],[6.3551,46.4621],[6.3587,46.4622],[6.3866,46.465],[6.3896,46.4654],[6.3971,46.4614],[6.3995,46.4602],[6.4262,46.4668],[6.4486,46.4736],[6.5111,46.5159],[6.5165,46.5149],[6.5197,46.5166],[6.5355,46.5115],[6.5525,46.5083],[6.5627,46.5084],[6.5862,46.5159],[6.5916,46.5178],[6.5958,46.5192],[6.601,46.5161],[6.6612,46.5053],[6.6737,46.5052],[6.6819,46.5042],[6.708,46.4958],[6.7173,46.4898],[6.7266,46.4864],[6.7427,46.4886],[6.744,46.4881],[6.7494,46.4887],[6.7566,46.4867],[6.7803,46.4747],[6.7899,46.4738],[6.8031,46.4716],[6.8172,46.4698],[6.8363,46.4685],[6.8366,46.4681],[6.8387,46.4623],[6.8402,46.4614],[6.8568,46.4571],[6.8576,46.4534],[6.8641,46.4481],[6.866,46.4476],[6.8719,46.4482],[6.8815,46.4456],[6.8822,46.4439],[6.8938,46.4413],[6.9068,46.4402],[6.9132,46.4304],[6.9194,46.4295],[6.9275,46.4211],[6.935,46.4099],[6.9255,46.3962],[6.9244,46.396],[6.9208,46.395],[6.9191,46.3956],[6.9187,46.3952],[6.8876,46.3955],[6.8724,46.3934],[6.8665,46.3956],[6.8644,46.3955],[6.8639,46.3875],[6.8579,46.3882],[6.8569,46.3853],[6.8091,46.3937],[6.8092,46.3907],[6.8092,46.3891],[6.8094,46.3802],[6.7761,46.3622],[6.8393,46.3118],[6.8637,46.2923],[6.8553,46.2704],[6.804,46.1368],[6.9031,46.1254],[6.8763,46.0545],[6.9391,46.0068],[7.0405,45.9301],[7.0486,45.9239],[7.1957,45.8605],[7.5649,45.987],[7.5769,45.9911],[7.8071,45.937],[7.8733,45.9214],[8.154,46.1457],[8.0886,46.2678],[8.376,46.431],[8.4374,46.4658],[8.4435,46.2511],[8.5836,46.1467],[8.6133,46.1247],[8.6172,46.1239],[8.8508,46.0787],[8.7853,45.993],[8.8968,45.9564],[8.9064,45.8745],[8.911,45.8351],[9.0292,45.8239],[9.0877,45.9054],[9.0196,45.9535],[8.9888,45.9752],[9.0091,46.041],[9.0229,46.0524],[9.2485,46.2389],[9.283,46.4992],[9.3883,46.506],[9.4598,46.5106],[9.4599,46.3793],[9.5274,46.3223],[9.5478,46.3051],[9.9069,46.3725],[9.9531,46.3812],[10.0108,46.2821],[10.0388,46.2341],[10.1288,46.2286],[10.1657,46.4098],[10.0928,46.4311],[10.0396,46.4466],[10.0406,46.4694],[10.044,46.5459],[10.1974,46.6195],[10.2358,46.6379],[10.2734,46.5823],[10.2928,46.5536],[10.4679,46.5463],[10.491,46.6207],[10.3791,46.6879],[10.4543,46.8263],[10.47,46.8552],[10.4901,46.9381],[10.3895,47.001],[10.3656,46.9878],[10.1041,46.8442],[9.8758,46.9382],[9.8762,46.9451],[9.8799,47.0202],[9.8011,47.0326],[9.6465,47.057],[9.602,47.064],[9.5847,47.0631],[9.4734,47.0575],[9.5165,47.2156],[9.5302,47.266],[9.6723,47.3833],[9.5625,47.5],[9.561,47.5005],[9.5299,47.4814],[9.4819,47.4817],[9.4662,47.4963],[9.4358,47.5065],[9.4374,47.5189],[9.3868,47.5443],[9.3824,47.5712],[9.3386,47.5922],[9.2606,47.6243],[9.1912,47.648],[9.1855,47.6551],[9.1827,47.6563],[9.1449,47.665],[9.1412,47.6651],[9.1382,47.6629],[9.1147,47.6655],[9.0991,47.6657],[9.0986,47.666],[9.0963,47.666],[9.094,47.6686],[9.0861,47.6732],[9.0831,47.6734],[9.0776,47.6704],[9.0689,47.674],[9.065,47.6735],[9.0548,47.6737],[9.0456,47.6732],[9.0435,47.6726],[9.0362,47.6727],[9.0039,47.671],[8.9746,47.6648],[8.9721,47.6633],[8.9707,47.6601],[8.964,47.6586],[8.961,47.6568],[8.9278,47.6494],[8.9266,47.6484],[8.9233,47.6484],[8.9105,47.6456],[8.907,47.6443],[8.8947,47.6442],[8.884,47.6503],[8.8819,47.6513],[8.875,47.6531],[8.8702,47.6525],[8.8633,47.6552],[8.86,47.657],[8.8604,47.657],[8.8598,47.6572],[8.8606,47.6571],[8.8648,47.6579],[8.8781,47.6556],[8.8273,47.6809],[8.7563,47.7162],[8.7466,47.7211],[8.636,47.7761],[8.6325,47.7778],[8.5718,47.8081],[8.4828,47.7357],[8.4073,47.6744],[8.6094,47.6717],[8.5838,47.5959],[8.4086,47.6077],[8.2171,47.6207],[8.1957,47.6171],[7.6911,47.5339],[7.64,47.5626],[7.6665,47.5798],[7.6998,47.6015],[7.5982,47.5904],[7.5825,47.5787],[7.4293,47.4638],[7.6056,47.4322],[7.4003,47.2475],[7.18,47.0927],[6.9859,46.9629],[6.6723,46.7971]],[[8.6893,47.6958],[8.6664,47.6856],[8.6612,47.691],[8.6696,47.6913],[8.6792,47.6977],[8.6668,47.7115],[8.6786,47.7122],[8.681,47.7089],[8.6921,47.7093],[8.6919,47.7118],[8.6997,47.7138],[8.7025,47.7143],[8.717,47.6911],[8.7035,47.6927],[8.6893,47.6958]],[[8.967,45.969],[8.9588,45.97],[8.9606,45.9792],[8.9644,45.9865],[8.9682,45.986],[8.9731,45.9837],[8.9734,45.9822],[8.9733,45.9803],[8.9734,45.9785],[8.9735,45.9776],[8.9739,45.9759],[8.9763,45.9751],[8.9739,45.9667],[8.9701,45.9676],[8.9694,45.9684],[8.967,45.969]]]},"properties":{"NAME":"Helvetic Republic","SUBJECTO":"Helvetic Republic","PARTOF":"Helvetic Republic","BORDERPRECISION":3,"LINK":null}},
{"type":"Feature","geometry":{"type":"Polygon","coordinates":[[[9.1308,45.1207],[9.0478,45.1539],[8.8153,45.1705],[8.5829,45.2867],[8.45,45.5192],[8.4666,45.7682],[8.5497,46.0007],[8.6366,46.1173],[8.6219,46.1207],[8.6172,46.1239],[8.6133,46.1247],[8.5836,46.1467],[8.4435,46.2511],[8.4374,46.4658],[8.376,46.431],[8.0886,46.2678],[8.154,46.1457],[7.8733,45.9214],[7.8071,45.937],[7.5769,45.9911],[7.5649,45.987],[7.1957,45.8605],[7.0486,45.9239],[7.0405,45.9301],[6.9391,46.0068],[6.8763,46.0545],[6.9031,46.1254],[6.804,46.1368],[6.8553,46.2704],[6.8637,46.2923],[6.8393,46.3118],[6.7761,46.3622],[6.8094,46.3802],[6.8092,46.3891],[6.8092,46.3907],[6.8086,46.3908],[6.7493,46.4041],[6.7282,46.4078],[6.5628,46.3959],[6.5582,46.3965],[6.5451,46.3948],[6.5277,46.4006],[6.5118,46.4027],[6.4814,46.386],[6.4773,46.3756],[6.4507,46.3691],[6.3961,46.3391],[6.3897,46.3404],[6.3892,46.34],[6.3811,46.3423],[6.3642,46.3459],[6.3632,46.3473],[6.3609,46.3479],[6.3452,46.368],[6.3225,46.368],[6.3047,46.3662],[6.2705,46.3347],[6.252,46.3015],[6.2487,46.3056],[6.2473,46.305],[6.2479,46.3026],[6.2423,46.291],[6.2231,46.2742],[6.2721,46.2819],[6.2898,46.268],[6.3156,46.2476],[6.1822,46.1588],[6.1447,46.1544],[6.1079,46.1255],[6.0497,46.143],[5.9627,46.1327],[5.9886,46.1614],[5.9415,46.1755],[5.9345,46.0263],[5.8604,46.0263],[5.9469,45.8162],[5.8975,45.7421],[5.9222,45.6557],[5.9098,45.5074],[5.8481,45.5198],[5.8234,45.3962],[5.9345,45.3221],[5.9469,45.2604],[6.0581,45.2233],[6.0334,45.3345],[6.0828,45.3715],[6.1445,45.3221],[6.2187,45.3468],[6.2681,45.3221],[6.2434,45.2974],[6.2804,45.1986],[6.5073,45.1157],[6.6653,44.9545],[6.9426,44.8687],[7.0035,44.7195],[6.9247,44.715],[6.7829,44.5479],[6.8698,44.3492],[6.7869,44.2968],[6.7869,44.198],[6.8363,44.1115],[6.8857,44.1486],[6.9351,44.1362],[6.9722,44.0621],[6.9969,44.0497],[6.9228,43.9756],[6.9598,43.9139],[6.8857,43.9015],[6.9228,43.815],[7.3552,43.9015],[7.3971,43.7641],[7.5528,43.8675],[7.6891,43.887],[7.9795,43.9649],[8.1864,44.1264],[8.6717,44.4174],[8.8966,44.4372],[9.157,44.3732],[9.6919,44.2196],[9.8255,44.1525],[9.878,44.2905],[9.8282,44.2905],[9.7784,44.3569],[9.5724,44.437],[9.4795,44.4731],[9.3965,44.4399],[9.3633,44.5561],[9.2968,44.5395],[9.2304,44.772],[9.1308,44.7886],[9.1308,45.1207]]]},"properties":{"NAME":"Kingdom of Sardinia","SUBJECTO":"France","PARTOF":"Kingdom of Sardinia","BORDERPRECISION":3,"LINK":null}},
{"type":"Feature","geometry":{"type":"MultiPolygon","coordinates":[[[[10.6596,45.8066],[10.5246,45.7391],[10.4571,46.2116],[10.5583,46.3129],[10.5583,46.7179],[10.4543,46.8263],[10.3791,46.6879],[10.491,46.6207],[10.4679,46.5463],[10.2928,46.5536],[10.2734,46.5823],[10.2358,46.6379],[10.1974,46.6195],[10.044,46.5459],[10.0406,46.4694],[10.0396,46.4466],[10.0928,46.4311],[10.1657,46.4098],[10.1288,46.2286],[10.0388,46.2341],[10.0108,46.2821],[9.9531,46.3812],[9.9069,46.3725],[9.5478,46.3051],[9.5274,46.3223],[9.4599,46.3793],[9.4598,46.5106],[9.3883,46.506],[9.283,46.4992],[9.2485,46.2389],[9.0229,46.0524],[9.0091,46.041],[8.9888,45.9752],[9.0196,45.9535],[9.0877,45.9054],[9.0292,45.8239],[8.911,45.8351],[8.9064,45.8745],[8.8968,45.9564],[8.7853,45.993],[8.8508,46.0787],[8.6172,46.1239],[8.6219,46.1207],[8.6366,46.1173],[8.5497,46.0007],[8.4666,45.7682],[8.45,45.5192],[8.5829,45.2867],[8.8153,45.1705],[9.0478,45.1539],[9.1308,45.1207],[9.6621,45.2203],[10.2931,45.021],[10.3933,45.0263],[10.8561,45.0507],[10.8244,45.3531],[10.675,45.3531],[10.6418,45.4694],[10.6596,45.8066]]],[[[8.967,45.969],[8.9694,45.9684],[8.9701,45.9676],[8.9739,45.9667],[8.9763,45.9751],[8.9739,45.9759],[8.9735,45.9776],[8.9734,45.9785],[8.9733,45.9803],[8.9734,45.9822],[8.9731,45.9837],[8.9682,45.986],[8.9644,45.9865],[8.9606,45.9792],[8.9588,45.97],[8.967,45.969]]]]},"properties":{"NAME":"Lombardy","SUBJECTO":"Lombardy","PARTOF":"Lombardy","BORDERPRECISION":3,"LINK":null}},
{"type":"Feature","geometry":{"type":"Polygon","coordinates":[[[26.1627,48.9406],[26.0817,49.1296],[26.087,49.6681],[26.1149,50.6449],[25.7521,50.5333],[25.6684,50.4495],[25.473,50.5054],[25.1381,50.924],[24.9427,50.9519],[24.8032,50.8124],[24.552,50.8682],[24.5241,51.1194],[24.3008,51.1752],[24.217,51.5101],[24.0496,51.5101],[23.9658,51.3148],[23.8821,51.3985],[23.6867,51.6218],[23.6076,51.5935],[23.296,51.4822],[23.3239,50.9519],[23.0448,50.7845],[23.0169,50.9798],[22.1796,51.0008],[22.3191,51.1054],[22.0051,51.1054],[21.6563,50.7915],[21.098,50.4775],[20.5747,50.4775],[20.4701,50.303],[20.1212,50.303],[20.0165,50.1984],[19.7723,50.1984],[19.5979,49.9541],[18.7456,50.266],[18.7691,50.177],[18.7963,49.7134],[18.6247,49.7566],[18.54,49.85],[18.5487,49.9617],[18.1878,50.0213],[18.048,50.1026],[17.8825,50.0301],[17.7507,50.036],[17.7447,50.1351],[17.7456,50.2489],[17.5971,50.211],[17.6788,50.3383],[17.3597,50.3357],[17.2433,50.39],[17.0144,50.4768],[16.8856,50.4877],[16.8844,50.4225],[17.0115,50.2869],[16.8271,50.2327],[16.728,50.1486],[16.585,50.1812],[16.4514,50.352],[16.2044,50.4632],[16.3047,50.5583],[16.3986,50.5691],[16.4428,50.6234],[16.3531,50.7049],[16.2378,50.7158],[16.2102,50.6859],[16.0009,50.656],[16.0029,50.7321],[15.8775,50.7158],[15.8183,50.7973],[15.5628,50.8213],[15.4722,50.8326],[15.3088,50.906],[15.267,51.023],[15.0093,51.0556],[14.981,51.0175],[15.0083,50.9849],[14.9973,50.9169],[14.8289,50.9169],[14.7648,50.8653],[14.6103,50.8979],[14.5964,51.023],[14.4578,51.0774],[14.2617,51.0447],[14.3888,50.9468],[14.2747,50.9088],[14.1465,50.8653],[13.9107,50.8435],[13.8548,50.7674],[13.5242,50.7565],[13.4733,50.6587],[13.3942,50.6913],[13.233,50.6638],[13.1894,50.561],[13.0175,50.5555],[12.9823,50.4741],[12.7837,50.4741],[12.5939,50.3836],[12.4616,50.3981],[12.2022,50.2397],[12.1773,50.1917],[12.1523,50.2416],[12.0837,50.2617],[12.0849,50.1518],[12.1278,50.1518],[12.2135,50.0089],[12.4844,49.8888],[12.4483,49.7061],[12.5197,49.6676],[12.5363,49.5626],[12.6458,49.4846],[12.8608,49.3656],[12.9453,49.3979],[13.2031,49.1662],[13.3969,49.0895],[13.4797,48.9992],[13.5782,49.0369],[13.6521,48.9561],[13.7455,48.9399],[13.9467,48.6551],[13.64,48.5382],[13.4437,48.6063],[13.3841,48.5939],[13.3667,48.4421],[13.2936,48.3647],[12.8582,48.2316],[12.6942,48.1294],[12.9363,47.8727],[12.8475,47.7397],[12.9981,47.7335],[13.023,47.6624],[12.9789,47.5079],[12.942,47.4832],[12.7437,47.5635],[12.7654,47.6377],[12.7001,47.6902],[12.4461,47.6624],[12.3582,47.7243],[12.1633,47.7088],[12.122,47.6284],[11.5596,47.613],[11.5034,47.5357],[11.3598,47.5295],[11.34,47.4708],[11.1703,47.4245],[10.9029,47.4152],[10.8766,47.4801],[10.8348,47.545],[10.6132,47.5852],[10.4954,47.5604],[10.3883,47.579],[10.4031,47.4554],[10.1995,47.301],[10.1029,47.301],[10.138,47.3887],[10.021,47.406],[10.0258,47.4801],[9.9383,47.5017],[9.892,47.5635],[9.78,47.5666],[9.7367,47.6161],[9.6655,47.5562],[9.6802,47.5563],[9.6803,47.5427],[9.7124,47.5506],[9.7524,47.5108],[9.7428,47.5046],[9.6992,47.5063],[9.6781,47.4888],[9.6658,47.496],[9.6478,47.4881],[9.6413,47.5071],[9.5984,47.4873],[9.5625,47.5],[9.6723,47.3833],[9.5302,47.266],[9.5165,47.2156],[9.4734,47.0575],[9.5847,47.0631],[9.602,47.064],[9.6465,47.057],[9.8011,47.0326],[9.8799,47.0202],[9.8762,46.9451],[9.8758,46.9382],[10.1041,46.8442],[10.3656,46.9878],[10.3895,47.001],[10.4901,46.9381],[10.47,46.8552],[10.4543,46.8263],[10.5583,46.7179],[10.5583,46.3129],[10.4571,46.2116],[10.5246,45.7391],[10.6596,45.8066],[10.7946,45.6378],[10.9296,45.8403],[11.1659,45.7391],[11.2334,46.0091],[11.3346,46.0091],[11.5709,45.9754],[11.5709,46.2454],[11.9084,46.4141],[11.7397,46.7517],[12.0748,46.9275],[12.2178,46.8843],[12.3619,46.7085],[12.9519,46.5975],[13.354,46.5607],[13.5689,46.5104],[13.6211,46.4209],[13.3445,46.2845],[13.3887,46.2163],[13.522,46.2156],[13.6063,46.1321],[13.4407,46.0039],[13.592,45.9638],[13.5351,45.8013],[13.6971,45.7518],[13.825,45.6627],[13.8,45.5664],[13.7491,45.4943],[13.5563,45.4596],[13.5269,45.4543],[13.6436,45.1791],[13.6721,45.0504],[13.8951,44.7592],[13.9913,44.7831],[14.0604,44.8947],[14.1885,44.9425],[14.1746,45.0104],[14.2386,45.0624],[14.3545,45.3229],[14.5246,45.2663],[14.8154,45.0779],[14.9455,44.9266],[14.907,44.7233],[14.9891,44.54],[15.2859,44.3289],[15.5482,44.2293],[15.2744,44.2366],[15.1495,44.2399],[15.4123,43.9348],[15.9128,43.6522],[16.0594,43.4335],[16.3667,43.513],[16.5485,43.4613],[16.6398,43.3897],[16.9923,43.3227],[17.0751,43.2227],[17.548,42.9201],[17.6758,42.9577],[17.6457,43.0531],[17.5352,43.1084],[17.4699,43.1586],[17.3845,43.2339],[17.2941,43.2691],[17.259,43.3947],[17.259,43.4449],[17.2137,43.47],[17.1133,43.5001],[17.0129,43.5554],[16.8421,43.7161],[16.7467,43.7512],[16.7115,43.7713],[16.7015,43.8467],[16.5357,44.0074],[16.4604,44.0224],[16.3851,44.0425],[16.3348,44.0928],[16.3097,44.148],[16.2696,44.1982],[16.1942,44.1932],[16.1842,44.2585],[16.1892,44.3037],[16.2244,44.3288],[16.154,44.379],[16.144,44.4343],[16.1038,44.4945],[16.0385,44.6],[15.9582,44.6804],[15.913,44.6954],[15.8577,44.7105],[15.8176,44.7507],[15.7573,44.7858],[15.7472,44.826],[15.8025,44.8561],[15.7874,44.9516],[15.7874,44.9867],[15.7673,45.047],[15.7874,45.1223],[15.8276,45.2027],[15.8828,45.2228],[16.0235,45.2077],[16.0687,45.1575],[16.139,45.0721],[16.2545,45.0118],[16.3449,45.0018],[16.4001,45.0922],[16.4654,45.1575],[16.5106,45.2077],[16.6061,45.2177],[16.6814,45.2027],[16.7818,45.1926],[16.8321,45.1876],[16.8923,45.2429],[16.9325,45.2378],[16.9928,45.2177],[17.0631,45.1926],[17.1685,45.1575],[17.1937,45.1324],[17.2439,45.1424],[17.2841,45.1776],[17.3544,45.1374],[17.4297,45.1324],[17.5151,45.1073],[17.5854,45.1123],[17.6658,45.1173],[17.7863,45.0771],[17.8566,45.047],[17.9319,45.0821],[17.9872,45.1223],[18.0374,45.1223],[18.0876,45.0922],[18.1479,45.0721],[18.2082,45.0922],[18.2584,45.1223],[18.3287,45.1022],[18.394,45.1022],[18.4241,45.0922],[18.4944,45.057],[18.5396,45.052],[18.5848,45.0922],[18.6501,45.0721],[18.7154,45.047],[18.7255,44.9968],[18.7807,44.9917],[18.8008,44.9516],[18.7757,44.9064],[18.841,44.8511],[18.9314,44.8411],[19.0168,44.8511],[19.0519,44.8561],[19.0168,44.8963],[19.0419,44.9265],[19.082,44.9114],[19.1222,44.9265],[19.1172,44.9616],[19.1072,44.9968],[19.1222,45.0319],[19.1021,45.0621],[19.1021,45.1324],[19.1373,45.1324],[19.1825,45.1725],[19.1674,45.2027],[19.1875,45.2077],[19.2126,45.2027],[19.2428,45.1826],[19.2779,45.1776],[19.308,45.1876],[19.3482,45.1725],[19.4085,45.1675],[19.4236,45.1926],[19.4191,45.224],[19.5435,45.2526],[19.587,45.2105],[19.8534,45.236],[19.8724,45.2643],[20.0242,45.1727],[20.1962,45.1806],[20.2406,45.1548],[20.3187,44.9987],[20.2881,44.9709],[20.334,44.9152],[20.4053,44.8552],[20.5255,44.83],[20.5706,44.8474],[20.5926,44.8368],[20.643,44.8125],[20.6329,44.7567],[20.7692,44.6603],[20.9222,44.6709],[21.0151,44.7205],[21.1492,44.7392],[21.33,44.8204],[21.3639,44.8203],[21.3675,44.8087],[21.4777,44.7928],[21.5833,44.7928],[21.5919,44.7078],[21.8589,44.6812],[21.9465,44.6188],[22.1329,44.5112],[22.1994,44.5643],[22.2959,44.6919],[22.4095,44.7503],[22.3432,44.986],[22.3953,45.2727],[22.4782,45.7285],[23.0182,45.8635],[23.2545,46.0661],[23.5583,45.8973],[23.7946,46.0661],[24.0646,46.0998],[24.4021,45.8973],[24.9421,45.9648],[25.5159,45.796],[25.4484,46.3023],[25.6509,46.4036],[25.8534,46.6736],[26.191,46.8086],[26.2922,47.2136],[25.6847,47.6187],[25.2459,47.6862],[25.3809,47.8549],[25.7859,47.9562],[26.1235,47.8549],[26.1235,48.125],[26.3597,48.125],[26.1627,48.9406]]]},"properties":{"NAME":"Austrian Empire","SUBJECTO":"Austrian Empire","PARTOF":"Austrian Empire","BORDERPRECISION":3,"LINK":null}},
{"type":"Feature","geometry":{"type":"Polygon","coordinates":[[[8.5121,48.1123],[8.3969,47.9106],[8.0223,48.4581],[8.3681,48.4869],[8.7427,48.8327],[8.8579,48.7174],[8.8867,48.7751],[9.2613,49.0632],[9.4278,49.0949],[9.4713,49.2104],[9.6378,49.2729],[9.6378,49.2939],[9.6381,49.5857],[9.5964,49.6065],[9.5964,49.6482],[9.4713,49.6482],[9.4088,49.6691],[9.3045,49.6274],[9.3254,49.5231],[9.2211,49.5231],[9.1585,49.398],[9.0751,49.3772],[9.0751,49.2729],[8.9709,49.2729],[8.9083,49.2729],[8.9709,49.3355],[8.9292,49.3563],[8.8041,49.3563],[8.7415,49.398],[8.7207,49.5531],[8.6562,49.5531],[8.5986,49.3802],[8.5121,49.5243],[8.3104,49.5531],[8.4833,49.2938],[8.1583,48.9783],[7.7291,48.6156],[7.7046,48.5196],[7.6806,48.3585],[7.536,48.1913],[7.5021,48.0583],[7.5431,48.0242],[7.446,47.7088],[7.5066,47.6037],[7.5825,47.5787],[7.5982,47.5904],[7.6998,47.6015],[7.6665,47.5798],[7.64,47.5626],[7.6911,47.5339],[8.1957,47.6171],[8.2171,47.6207],[8.4086,47.6077],[8.5838,47.5959],[8.6094,47.6717],[8.4073,47.6744],[8.4828,47.7357],[8.5718,47.8081],[8.6325,47.7778],[8.6351,47.7786],[8.5943,47.8894],[8.5121,48.1123]]]},"properties":{"NAME":"Baden","SUBJECTO":"Baden","PARTOF":"Baden","BORDERPRECISION":3,"LINK":null}},
{"type":"Feature","geometry":{"type":"MultiPolygon","coordinates":[[[[8.5943,47.8894],[8.6351,47.7786],[8.6325,47.7778],[8.636,47.7761],[8.7466,47.7211],[8.7563,47.7162],[8.8273,47.6809],[8.8781,47.6556],[8.8648,47.6579],[8.8606,47.6571],[8.8942,47.652],[8.9357,47.659],[8.9946,47.6844],[9.0064,47.6948],[8.9943,47.7067],[8.94,47.7262],[8.9592,47.7374],[9.014,47.7196],[8.9872,47.7434],[9.1009,47.7024],[9.109,47.6902],[9.0845,47.6897],[9.0482,47.7083],[9.0433,47.6935],[9.0814,47.6832],[9.1125,47.6857],[9.1243,47.6707],[9.2179,47.6663],[9.2115,47.6828],[9.188,47.6993],[9.2013,47.7074],[9.1798,47.7046],[9.1736,47.7344],[9.0669,47.7795],[9.0306,47.805],[9.043,47.8176],[9.1057,47.7924],[9.1324,47.7723],[9.2258,47.7393],[9.2372,47.7115],[9.2878,47.6838],[9.3476,47.6609],[9.4212,47.6659],[9.4641,47.6488],[9.6381,47.7091],[9.5756,48.2929],[9.7215,48.3555],[9.7215,48.6265],[9.659,48.7725],[9.659,48.8767],[9.7632,48.9601],[9.8049,49.1687],[9.8049,49.3146],[9.6378,49.2939],[9.6378,49.2729],[9.4713,49.2104],[9.4278,49.0949],[9.2613,49.0632],[8.8867,48.7751],[8.8579,48.7174],[8.7427,48.8327],[8.3681,48.4869],[8.0223,48.4581],[8.3969,47.9106],[8.5121,48.1123],[8.5116,48.1408],[8.2906,48.2815],[8.2906,48.3518],[8.5217,48.2915],[8.6121,48.2312],[8.6825,47.97],[8.5943,47.8894]]],[[[8.875,47.6531],[8.8604,47.657],[8.86,47.657],[8.8633,47.6552],[8.8702,47.6525],[8.875,47.6531]]],[[[8.9105,47.6456],[8.9065,47.6447],[8.8819,47.6513],[8.884,47.6503],[8.8947,47.6442],[8.907,47.6443],[8.9105,47.6456]]],[[[8.9278,47.6494],[8.9233,47.6484],[8.9266,47.6484],[8.9278,47.6494]]],[[[8.9721,47.6633],[8.964,47.6586],[8.9707,47.6601],[8.9721,47.6633]]],[[[9.0039,47.671],[8.9835,47.67],[8.9746,47.6648],[9.0039,47.671]]],[[[9.0456,47.6732],[9.0362,47.6727],[9.0435,47.6726],[9.0456,47.6732]]],[[[9.0831,47.6734],[9.0657,47.6742],[9.0548,47.6737],[9.065,47.6735],[9.0689,47.674],[9.0776,47.6704],[9.0831,47.6734]]],[[[9.094,47.6686],[9.0902,47.673],[9.0861,47.6732],[9.094,47.6686]]],[[[9.1412,47.6651],[9.0986,47.666],[9.0991,47.6657],[9.1147,47.6655],[9.1382,47.6629],[9.1412,47.6651]]],[[[9.1855,47.6551],[9.1779,47.6643],[9.1449,47.665],[9.1827,47.6563],[9.1855,47.6551]]],[[[9.3386,47.5922],[9.3001,47.6107],[9.2606,47.6243],[9.3386,47.5922]]],[[[8.6893,47.6958],[8.7035,47.6927],[8.717,47.6911],[8.7025,47.7143],[8.6997,47.7138],[8.6919,47.7118],[8.6921,47.7093],[8.681,47.7089],[8.6786,47.7122],[8.6668,47.7115],[8.6792,47.6977],[8.6696,47.6913],[8.6612,47.691],[8.6664,47.6856],[8.6893,47.6958]]]]},"properties":{"NAME":"Württemberg","SUBJECTO":"Württemberg","PARTOF":"Württemberg","BORDERPRECISION":3,"LINK":null}},
{"type":"Feature","geometry":{"type":"Polygon","coordinates":[[[8.8196,38.9769],[8.9314,39.0537],[8.9985,39.1751],[9.0625,39.2199],[9.2963,39.2331],[9.4789,39.1442],[9.6483,39.4572],[9.698,39.6935],[9.6308,40.0959],[9.6957,40.3137],[9.7878,40.442],[9.7937,40.5637],[9.5909,40.9029],[9.3062,41.1844],[8.9184,40.94],[8.7661,40.8628],[8.4056,40.8621],[8.2407,40.8553],[8.1595,40.7847],[8.2016,40.663],[8.4282,40.4649],[8.488,40.2088],[8.5085,39.9465],[8.465,39.6399],[8.3742,39.3078],[8.4172,39.2122],[8.5824,39.0658],[8.6961,38.9958],[8.8196,38.9769]]]},"properties":{"NAME":"Kingdom of Sardinia","SUBJECTO":"Kingdom of Sardinia","PARTOF":"Kingdom of Sardinia","BORDERPRECISION":3,"LINK":null}},
{"type":"Feature","geometry":{"type":"Polygon","coordinates":[[[-71.2581,63.5673],[-71.5355,63.3599],[-71.6913,63.3311],[-71.6217,63.2101],[-71.3189,63.0613],[-70.7794,62.9556],[-70.6739,62.8622],[-70.6481,62.9274],[-70.3622,62.8641],[-70.0752,62.7723],[-69.5595,62.7094],[-69.1553,62.4196],[-68.6636,62.3073],[-68.014,62.259],[-67.4508,62.1329],[-66.765,61.9436],[-65.9403,61.79],[-66.1332,62.1],[-66.3323,62.3188],[-66.6807,62.5659],[-67.2638,62.8557],[-68.0926,63.1456],[-68.4765,63.3371],[-68.836,63.6504],[-68.8786,63.7503],[-68.486,63.7368],[-68.2308,63.6658],[-67.6816,63.4527],[-67.7657,63.8025],[-67.2879,63.5034],[-67.1442,63.3753],[-66.496,63.0774],[-66.0868,62.9929],[-65.7631,63.0219],[-65.698,63.0078],[-65.298,62.6961],[-65.021,62.5549],[-64.7678,62.4774],[-64.9379,62.711],[-65.1325,62.8952],[-65.1561,62.9875],[-64.7393,62.9315],[-64.735,63.0665],[-65.2095,63.6429],[-65.2628,63.7643],[-65.2507,63.8716],[-65.0015,63.7647],[-64.4154,63.245],[-64.3649,63.4375],[-64.4739,63.7443],[-64.6198,63.8513],[-65.053,64.0509],[-65.3086,64.1794],[-65.4232,64.2652],[-65.3271,64.3587],[-65.0418,64.4095],[-65.6628,64.588],[-65.9261,64.7098],[-66.1925,64.8894],[-66.321,64.9108],[-66.5977,64.7662],[-66.8287,64.9603],[-67.1042,65.3224],[-67.3294,65.584],[-67.5935,65.6199],[-67.8652,65.6267],[-68.2518,66.0642],[-68.3757,66.2837],[-68.085,66.189],[-67.7758,66.0285],[-67.6142,65.9118],[-67.3055,65.9343],[-67.161,65.9858],[-67.6335,66.2925],[-67.7599,66.3729],[-67.7491,66.4757],[-67.4592,66.513],[-67.2559,66.6163],[-66.9128,66.5949],[-66.5669,66.4633],[-66.0407,66.1855],[-65.7174,66.0543],[-65.2711,66.0186],[-65.1703,66.0114],[-65.0338,65.9532],[-65.155,65.785],[-65.1778,65.6536],[-64.8437,65.3776],[-64.4253,65.502],[-64.2837,65.3786],[-64.2758,65.2696],[-64.1836,65.1899],[-63.8456,65.1107],[-63.5406,64.9953],[-63.352,65.0247],[-63.5113,65.431],[-63.3809,65.927],[-63.0123,65.665],[-62.8448,65.6143],[-62.7043,65.7458],[-62.544,65.8483],[-62.0683,65.9368],[-62.094,66.0611],[-62.2196,66.1341],[-62.6551,66.3385],[-62.2977,66.4346],[-62.1868,66.4127],[-61.8636,66.3179],[-61.4948,66.3406],[-61.4488,66.4875],[-61.3341,66.5318],[-61.2106,66.635],[-61.2978,66.679],[-61.788,66.8622],[-62.0961,67.0166],[-62.5205,66.8461],[-62.7519,66.8457],[-63.1649,66.926],[-62.9914,67.1774],[-63.394,67.1989],[-63.6235,67.1393],[-64.2559,67.116],[-64.6138,67.1153],[-64.6014,67.315],[-64.2409,67.3675],[-63.933,67.4126],[-64.1021,67.568],[-64.4902,67.7827],[-64.8289,67.9533],[-65.1033,67.9677],[-65.3958,67.9001],[-65.53,67.8701],[-66.1658,68.0029],[-66.4071,68.0248],[-66.7447,67.9273],[-66.9028,68.0985],[-66.9203,68.2253],[-67.0316,68.3073],[-67.6222,68.4633],[-68.2212,68.627],[-68.4689,68.6415],[-68.6653,68.7161],[-68.7755,68.8436],[-68.077,68.8975],[-67.9797,68.9879],[-68.5332,69.2505],[-68.3907,69.3337],[-68.0199,69.3042],[-67.6261,69.2069],[-67.1712,69.1701],[-66.8347,69.1707],[-66.6681,69.1861],[-66.7728,69.3217],[-67.0175,69.4194],[-67.4398,69.5017],[-68.0399,69.5308],[-68.2072,69.591],[-68.2338,69.7121],[-68.043,69.7731],[-67.5028,69.7968],[-67.0443,69.7977],[-67.3307,70.0327],[-67.5755,70.1853],[-67.805,70.2692],[-68.0208,70.2994],[-68.1832,70.2531],[-68.3659,70.1226],[-68.9217,70.068],[-69.2579,69.9909],[-69.4627,69.9601],[-69.6981,70.0742],[-69.5911,70.1969],[-68.7496,70.3901],[-68.5421,70.4904],[-68.4694,70.5597],[-68.7242,70.6825],[-69.0916,70.782],[-69.6838,70.7423],[-70.0577,70.6491],[-70.2929,70.6179],[-70.6516,70.7636],[-70.6666,71.0805],[-71.1518,71.0331],[-71.3564,70.9553],[-71.8815,70.9312],[-71.5627,71.164],[-71.2755,71.3197],[-71.2525,71.3508],[-71.664,71.5133],[-72.5346,71.6285],[-73.1212,71.2696],[-73.2752,71.1608],[-73.5074,71.3466],[-73.6718,71.5563],[-73.886,71.665],[-74.1119,71.688],[-74.4055,71.6094],[-74.8095,71.4219],[-75.0015,71.4526],[-75.2039,71.569],[-75.1375,71.6705],[-74.7695,71.7882],[-74.5515,71.9137],[-74.3125,71.9533],[-74.3127,72.0394],[-74.6376,72.1956],[-74.8958,72.2816],[-75.1751,72.4305],[-75.322,72.5484],[-75.6319,72.6109],[-76.15,72.5705],[-76.6775,72.6326],[-77.1187,72.7108],[-77.4551,72.726],[-77.896,72.7014],[-78.3634,72.5821],[-78.5683,72.3691],[-78.6664,72.3138],[-78.5744,71.9296],[-78.6625,71.8747],[-79.0563,71.96],[-79.1281,72.1716],[-79.1254,72.2894],[-79.3296,72.3676],[-79.6854,72.3827],[-79.9533,72.3429],[-80.0808,72.1384],[-80.5704,71.9964],[-80.8631,72.0115],[-81.0268,72.0503],[-81.0436,72.3801],[-80.7247,72.6646],[-80.4625,72.9736],[-80.4887,73.037],[-81.1799,73.4733],[-81.5318,73.6884],[-81.9064,73.7517],[-82.1952,73.7752],[-82.6968,73.7822],[-83.4561,73.6368],[-83.9261,73.58],[-84.5055,73.4911],[-84.8623,73.3548],[-84.3076,73.1967],[-83.8848,73.0704],[-84.564,73.0453],[-85.107,73.084],[-85.5057,72.9404],[-85.5295,72.6951],[-85.5044,72.6082],[-85.1473,72.4827],[-84.8311,72.4676],[-84.2893,72.2561],[-84.6658,72.224],[-85.1165,72.2781],[-85.3293,72.1913],[-85.5571,72.0811],[-85.6025,72.0104],[-85.2047,71.7687],[-85.0146,71.7066],[-84.6889,71.6604],[-84.5348,71.5359],[-84.4884,71.3493],[-84.7826,71.0617],[-85.4594,71.107],[-85.891,71.1217],[-85.8585,71.2613],[-85.2862,71.41],[-85.2431,71.4645],[-85.9447,71.7439],[-86.3325,71.9934],[-86.4483,72.1343],[-86.414,72.315],[-86.2142,72.4492],[-86.7794,72.6927],[-86.8554,72.8587],[-86.662,73.0969],[-86.035,73.3845],[-85.668,73.6006],[-85.2542,73.7775],[-85.6398,73.8649],[-86.2462,73.8798],[-86.8924,73.8305],[-87.212,73.7898],[-87.4284,73.7333],[-87.7426,73.7327],[-87.9091,73.6524],[-88.0992,73.6361],[-88.4325,73.4677],[-88.8457,73.3235],[-89.1002,73.1957],[-89.6386,72.7823],[-89.8407,72.4267],[-89.8209,72.348],[-89.3341,72.1681],[-89.3705,72.0661],[-89.661,72.042],[-89.814,71.979],[-89.9458,71.7285],[-89.9972,71.5413],[-89.435,71.4412],[-89.1925,71.4338],[-88.8542,71.45],[-88.3564,71.3965],[-87.9492,71.3506],[-87.5892,71.227],[-87.1688,71.0186],[-87.3091,70.9332],[-87.7047,70.9248],[-88.2504,70.9701],[-88.7595,71.0001],[-89.1498,70.9685],[-89.205,70.8447],[-89.0185,70.6753],[-88.4322,70.4608],[-87.948,70.3849],[-87.4017,70.3629],[-87.1215,70.4018],[-86.9435,70.5559],[-86.5369,70.5336],[-86.3733,70.4647],[-86.3719,70.1961],[-85.9839,70.1126],[-85.4681,70.0982],[-84.8737,70.1146],[-83.976,70.0398],[-83.3129,69.9571],[-82.9262,70.0112],[-82.614,69.9584],[-82.2692,69.8604],[-81.9858,69.9292],[-81.8072,69.9827],[-81.5956,69.9603],[-80.8294,69.7114],[-80.9461,69.9084],[-81.138,70.0145],[-81.1578,70.1063],[-81.0128,70.1831],[-80.7126,70.1531],[-80.1936,70.0316],[-79.8256,69.9181],[-79.485,69.8959],[-79.2414,69.8812],[-78.9403,69.9121],[-78.7129,70.0114],[-78.7438,70.1491],[-78.941,70.2713],[-80.2184,70.5916],[-80.4223,70.6143],[-80.6605,70.7526],[-80.49,70.8147],[-80.2701,70.7765],[-79.7405,70.6695],[-79.3759,70.5855],[-79.1011,70.6553],[-78.928,70.6017],[-78.6188,70.4485],[-78.2058,70.311],[-78.0034,70.2884],[-77.6986,70.1357],[-77.6223,69.8918],[-77.367,69.8088],[-76.9715,69.802],[-76.2732,69.5004],[-75.5517,69.2223],[-75.6247,69.1016],[-76.1783,69.0554],[-76.6426,69.0319],[-76.5464,68.7314],[-75.9815,68.8076],[-75.7023,68.8156],[-75.5704,68.8685],[-75.1991,68.8616],[-74.9511,68.9523],[-74.7523,69.043],[-74.5153,68.8704],[-74.4053,68.6604],[-73.9371,68.444],[-73.371,68.2954],[-73.1849,68.2958],[-72.9417,68.132],[-72.7585,67.9086],[-72.354,67.5303],[-72.3049,67.2636],[-72.527,67.0931],[-72.8735,66.8857],[-73.036,66.6423],[-73.6701,66.3765],[-73.9943,66.2659],[-74.2581,66.2361],[-74.3333,66.1626],[-74.2799,66.0602],[-73.932,65.9],[-73.4199,65.5289],[-73.4942,65.405],[-73.8474,65.4189],[-74.0791,65.4476],[-74.3713,65.3961],[-74.6648,65.3228],[-75.1043,65.2784],[-75.3676,65.2634],[-75.4023,65.1761],[-75.333,65.0892],[-75.3559,64.9155],[-75.789,65.1972],[-76.0215,65.2621],[-76.6551,65.3409],[-77.2659,65.3906],[-77.3584,65.3759],[-77.3007,65.1435],[-77.387,65.0636],[-77.8666,64.9902],[-78.0386,64.8312],[-78.1267,64.651],[-78.1034,64.5072],[-77.7375,64.3929],[-77.133,64.3079],[-76.5261,64.2301],[-75.9355,64.2671],[-75.7371,64.3967],[-75.591,64.5335],[-75.4518,64.5481],[-74.6851,64.3986],[-74.5011,64.3918],[-74.4312,64.435],[-74.5591,64.7801],[-74.2555,64.7662],[-73.6656,64.6018],[-73.1636,64.574],[-73.148,64.3441],[-72.73,64.015],[-72.3879,63.8582],[-71.8786,63.8019],[-71.2581,63.5673]]]},"properties":{"NAME":"T'atsaot'ine","SUBJECTO":"T'atsaot'ine","PARTOF":"T'atsaot'ine","BORDERPRECISION":3,"LINK":null}},
{"type":"Feature","geometry":{"type":"Polygon","coordinates":[[[120.395,-32.7612],[120.406,-32.7756],[120.4609,-32.877],[120.5296,-32.9594],[120.5377,-32.9692],[120.5816,-33.052],[120.7134,-33.1715],[120.8077,-33.1426],[120.9739,-33.125],[121.1278,-33.1243],[121.2608,-33.1151],[121.4048,-33.1152],[121.5584,-33.1594],[121.7024,-33.2151],[121.7471,-33.2358],[121.8414,-33.283],[121.9904,-33.3263],[122.2011,-33.3738],[122.3006,-33.4004],[122.4668,-33.382],[122.6219,-33.382],[122.7548,-33.3913],[122.7995,-33.1645],[122.8275,-33.0552],[122.8282,-33.0553],[122.8326,-33.0354],[122.8876,-32.9061],[122.9097,-32.7581],[122.9317,-32.4893],[122.9208,-32.3685],[122.9648,-32.2289],[122.9979,-32.0985],[123.0089,-31.9865],[123.0419,-31.8744],[123.108,-31.7529],[123.1521,-31.603],[123.1851,-31.4623],[123.2292,-31.3495],[123.2842,-31.2273],[123.3062,-31.1143],[123.3833,-30.9917],[123.2512,-30.9539],[123.1941,-30.9376],[122.8052,-30.9776],[122.2778,-31.0435],[121.6187,-31.1],[121.2394,-31.1],[121.215,-31.1139],[121.0939,-31.1892],[120.9618,-31.2457],[120.6976,-31.4054],[120.4224,-31.6399],[120.2792,-31.7429],[120.1691,-31.8925],[120.0232,-32.0589],[119.9166,-32.1804],[119.9888,-32.2294],[120.0657,-32.3407],[120.1711,-32.4765],[120.2303,-32.5538],[120.3121,-32.6534],[120.395,-32.7612]]]},"properties":{"NAME":"Kalaako/Malpa","SUBJECTO":"Kalaako/Malpa","PARTOF":"Kalaako/Malpa","BORDERPRECISION":3,"LINK":null}},
{"type":"Feature","geometry":{"type":"Polygon","coordinates":[[[128.1814,-15.2493],[128.0856,-15.3552],[128.0819,-15.3594],[128.0676,-15.4166],[128.0552,-15.4406],[128.0511,-15.4484],[128.1226,-15.5172],[128.1193,-15.5578],[128.1396,-15.5638],[128.1445,-15.5595],[128.3148,-15.5384],[128.4412,-15.4907],[128.4521,-15.3319],[128.4631,-15.2497],[128.4643,-15.2408],[128.4741,-15.1676],[128.573,-15.0986],[128.7817,-15.0827],[128.9136,-15.1252],[129.0729,-15.2312],[129.2816,-15.2948],[129.5068,-15.2948],[129.7156,-15.2895],[129.7583,-15.2734],[129.7321,-15.2312],[129.6724,-15.1544],[129.6323,-15.278],[129.4829,-15.2148],[129.1964,-14.9929],[128.9809,-14.9234],[128.4589,-14.8864],[128.389,-14.9438],[128.1814,-15.2493]]]},"properties":{"NAME":"Kadjerong","SUBJECTO":"Kadjerong","PARTOF":"Kadjerong","BORDERPRECISION":3,"LINK":null}},
{"type":"Feature","geometry":{"type":"Polygon","coordinates":[[[151.3102,-33.7738],[151.1911,-33.7837],[151.1032,-33.7654],[151.0263,-33.7426],[151.0219,-33.7408],[151.0126,-33.7563],[150.9796,-33.843],[150.9254,-33.9362],[151.0922,-33.9342],[151.2241,-33.9661],[151.2635,-33.9914],[151.3102,-33.7738]]]},"properties":{"NAME":"Eora","SUBJECTO":"Eora","PARTOF":"Eora","BORDERPRECISION":3,"LINK":null}},
{"type":"Feature","geometry":{"type":"Polygon","coordinates":[[[125.9385,-18.0475],[125.9253,-18.0466],[125.744,-18.0466],[125.6846,-18.0898],[125.744,-18.1197],[125.7282,-18.1414],[125.6561,-18.2398],[125.5627,-18.3493],[125.4965,-18.4104],[125.4968,-18.4171],[125.4989,-18.4222],[125.5463,-18.4275],[125.6342,-18.5421],[125.766,-18.7451],[125.8759,-18.8543],[126.0571,-18.9271],[126.2219,-18.9271],[126.2868,-18.9438],[126.3032,-18.9398],[126.2988,-18.8855],[126.3867,-18.8335],[126.5076,-18.7815],[126.7163,-18.6671],[126.7729,-18.5557],[126.7754,-18.4796],[126.7383,-18.4796],[126.7053,-18.3858],[126.5955,-18.2502],[126.4856,-18.1354],[126.2549,-18.0936],[125.9912,-18.1145],[125.9363,-18.0623],[125.9488,-18.0482],[125.9385,-18.0475]]]},"properties":{"NAME":"Gooniyandi","SUBJECTO":"Gooniyandi","PARTOF":"Gooniyandi","BORDERPRECISION":3,"LINK":null}},
{"type":"Feature","geometry":{"type":"Polygon","coordinates":[[[115.9854,-22.4681],[116.0156,-22.4669],[115.9497,-22.5481],[115.9123,-22.6023],[115.9269,-22.6307],[115.9552,-22.6394],[116.0046,-22.7205],[116.087,-22.7964],[116.2518,-22.8926],[116.4551,-22.9685],[116.5416,-23.0175],[116.6087,-23.0043],[116.6528,-22.923],[116.7407,-22.9078],[116.8396,-22.7812],[116.8614,-22.7712],[116.7517,-22.6647],[116.6089,-22.5836],[116.532,-22.4923],[116.4221,-22.4313],[116.3013,-22.4212],[116.1694,-22.4212],[115.9999,-22.4525],[115.9854,-22.4681]]]},"properties":{"NAME":"Pinikura","SUBJECTO":"Pinikura","PARTOF":"Pinikura","BORDERPRECISION":3,"LINK":null}},
{"type":"Feature","geometry":{"type":"Polygon","coordinates":[[[128.0819,-15.3594],[128.0661,-15.3767],[127.9849,-15.2879],[128.0176,-15.0209],[127.9892,-14.8571],[127.8589,-15.0191],[127.6653,-15.2267],[127.6606,-15.2413],[127.7161,-15.2948],[127.7161,-15.4643],[127.8259,-15.5595],[128.0237,-15.4219],[128.048,-15.4453],[128.0552,-15.4406],[128.0676,-15.4166],[128.0819,-15.3594]]]},"properties":{"NAME":"Yiiji","SUBJECTO":"Yiiji","PARTOF":"Yiiji","BORDERPRECISION":3,"LINK":null}},
{"type":"Feature","geometry":{"type":"Polygon","coordinates":[[[138.9627,-16.9936],[138.927,-16.9853],[138.6101,-16.9117],[138.4108,-16.8994],[138.3546,-16.8781],[138.3183,-16.8644],[138.312,-16.8781],[138.2904,-16.9254],[138.2245,-17.23],[138.175,-17.4031],[138.1091,-17.555],[138.0769,-17.5657],[138.186,-17.6021],[138.3179,-17.7591],[138.3793,-17.9274],[138.4167,-17.8847],[138.7903,-17.9578],[139.3073,-17.8791],[139.335,-17.8749],[139.3781,-17.7801],[139.4659,-17.644],[139.5102,-17.5898],[139.4774,-17.5716],[139.4763,-17.571],[139.2483,-17.4316],[139.1731,-17.3555],[139.0753,-17.076],[139.0498,-17.0573],[138.9627,-16.9936]]]},"properties":{"NAME":"Ganggalida","SUBJECTO":"Ganggalida","PARTOF":"Ganggalida","BORDERPRECISION":3,"LINK":null}},
{"type":"Feature","geometry":{"type":"Polygon","coordinates":[[[143.4735,-13.6654],[143.4569,-13.395],[143.421,-13.395],[143.421,-13.4804],[143.4045,-13.7687],[143.3959,-13.8123],[143.4348,-13.7967],[143.4983,-13.7728],[143.4735,-13.6654]]]},"properties":{"NAME":"Umpila","SUBJECTO":"Umpila","PARTOF":"Umpila","BORDERPRECISION":3,"LINK":null}},
{"type":"Feature","geometry":{"type":"Polygon","coordinates":[[[116.7744,-20.7855],[116.7553,-20.7883],[116.4188,-20.8371],[116.2513,-20.9236],[116.3013,-20.982],[116.4441,-21.2075],[116.4485,-21.293],[116.5179,-21.3407],[116.6858,-21.3764],[116.8414,-21.4041],[116.8818,-21.3857],[116.889,-21.3405],[116.911,-21.2843],[116.9769,-21.1767],[117.0099,-21.1101],[117.0264,-21.0435],[117.0736,-21.0403],[117.0704,-21.0253],[116.9879,-20.9768],[116.922,-20.8999],[116.8341,-20.8691],[116.7792,-20.828],[116.8116,-20.7847],[116.7744,-20.7855]]]},"properties":{"NAME":"Martuthunira","SUBJECTO":"Martuthunira","PARTOF":"Martuthunira","BORDERPRECISION":3,"LINK":null}},
{"type":"Feature","geometry":{"type":"Polygon","coordinates":[[[141.8476,-12.8425],[141.8331,-12.8494],[141.8939,-12.8707],[142.0148,-12.8707],[142.04,-12.8994],[142.0439,-12.8968],[142.0505,-12.8814],[142.0944,-12.8305],[142.1295,-12.8162],[142.1286,-12.7849],[142.1246,-12.7743],[142.0807,-12.6484],[142.0462,-12.5385],[142.012,-12.5385],[141.9434,-12.5653],[141.8774,-12.6028],[141.8314,-12.617],[141.9189,-12.7025],[141.8476,-12.8425]]]},"properties":{"NAME":"Awngthim","SUBJECTO":"Awngthim","PARTOF":"Awngthim","BORDERPRECISION":3,"LINK":null}},
{"type":"Feature","geometry":{"type":"Polygon","coordinates":[[[138.5347,-31.6817],[138.5615,-31.6928],[138.5266,-31.5739],[138.4717,-31.4802],[138.4497,-31.3583],[138.4277,-31.1094],[138.4387,-30.8645],[138.5101,-30.5812],[138.7573,-30.3207],[138.9825,-30.0596],[139.1144,-29.8311],[139.3176,-29.6833],[139.433,-29.5687],[139.4853,-29.5451],[139.4824,-29.5448],[139.2187,-29.5448],[138.9331,-29.5448],[138.6694,-29.5543],[138.4607,-29.5735],[138.4607,-29.5713],[138.4497,-29.6021],[138.1201,-29.5735],[137.5378,-29.5735],[137.1897,-29.656],[136.9226,-29.7358],[136.7286,-29.7964],[136.7908,-29.8788],[136.9775,-30.0406],[137.2412,-30.2211],[137.4719,-30.3729],[137.6477,-30.6379],[137.7356,-30.8645],[137.7246,-31.1094],[137.6003,-31.2064],[137.6023,-31.2182],[137.6123,-31.2293],[137.785,-31.2785],[138.0267,-31.4052],[138.2245,-31.513],[138.3673,-31.5832],[138.4605,-31.6467],[138.4662,-31.6487],[138.5347,-31.6817]]]},"properties":{"NAME":"Kuyani","SUBJECTO":"Kuyani","PARTOF":"Kuyani","BORDERPRECISION":3,"LINK":null}},
{"type":"Feature","geometry":{"type":"Polygon","coordinates":[[[117.188,-23.332],[117.1857,-23.3523],[117.185,-23.3714],[117.1802,-23.5136],[117.1476,-23.6182],[117.2791,-23.6797],[117.4988,-23.725],[117.6416,-23.8306],[117.6834,-23.8425],[117.7295,-23.8557],[117.7295,-23.9863],[117.7196,-23.9895],[117.8833,-24.0314],[118.0756,-23.9009],[118.1854,-23.8054],[118.3228,-23.7401],[118.504,-23.6294],[118.5602,-23.5265],[118.4161,-23.4582],[118.2019,-23.3423],[117.9163,-23.1606],[117.6306,-22.9938],[117.4933,-22.9129],[117.4274,-22.8167],[117.4487,-22.7703],[117.2957,-22.8063],[116.9934,-22.8774],[116.9824,-22.8741],[116.9824,-22.8825],[116.9824,-22.9331],[117.0099,-22.9533],[117.0483,-23.0191],[117.1307,-23.1151],[117.2021,-23.206],[117.188,-23.332]]]},"properties":{"NAME":"Yinhawangka","SUBJECTO":"Yinhawangka","PARTOF":"Yinhawangka","BORDERPRECISION":3,"LINK":null}},
{"type":"Feature","geometry":{"type":"Polygon","coordinates":[[[141.4784,-27.4045],[141.4942,-27.4249],[141.5588,-27.5083],[141.6248,-27.7613],[141.8994,-28.1592],[142.0545,-28.36],[142.0705,-28.3808],[142.0862,-28.4011],[142.0877,-28.402],[142.1183,-28.4203],[142.2738,-28.5137],[142.3114,-28.5363],[142.3194,-28.5274],[142.4158,-28.4204],[142.5146,-28.2657],[142.8003,-28.1689],[143.031,-28.0526],[143.2617,-28.0138],[143.3826,-28.0138],[143.5474,-27.975],[143.703,-27.9022],[143.7231,-27.8928],[143.7341,-27.8876],[143.6572,-27.7711],[143.6243,-27.6543],[143.5583,-27.479],[143.5254,-27.2253],[143.5364,-26.8535],[143.5364,-26.6965],[143.5631,-26.6535],[143.5152,-26.6445],[143.4265,-26.6278],[143.5364,-26.1061],[143.6462,-25.8098],[143.6572,-25.5623],[143.6773,-25.4717],[143.5254,-25.6019],[142.7124,-26.5099],[142.5696,-26.4214],[142.4158,-26.4214],[142.262,-26.4214],[142.1301,-26.5296],[141.9543,-26.9612],[141.9443,-26.9512],[141.9315,-26.9384],[141.8994,-27.0298],[141.7017,-27.2156],[141.438,-27.3523],[141.4784,-27.4045]]]},"properties":{"NAME":"Wangkumara","SUBJECTO":"Wangkumara","PARTOF":"Wangkumara","BORDERPRECISION":3,"LINK":null}},
{"type":"Feature","geometry":{"type":"Polygon","coordinates":[[[143.9931,-34.8199],[144.0363,-34.8273],[144.096,-34.8219],[144.1022,-34.8093],[144.267,-34.7506],[144.5471,-34.6603],[144.6954,-34.6648],[144.7614,-34.6829],[144.7888,-34.6829],[144.7842,-34.6734],[144.7559,-34.6332],[144.646,-34.1982],[144.6549,-34.0726],[144.613,-34.1027],[144.5636,-34.1527],[144.4482,-34.1936],[144.2944,-34.1936],[144.1777,-34.1479],[144.1791,-34.18],[144.0912,-34.2481],[143.9429,-34.3253],[143.8385,-34.4522],[143.8385,-34.5247],[143.9209,-34.71],[143.9904,-34.8175],[143.9918,-34.8197],[143.9931,-34.8199]]]},"properties":{"NAME":"Nari Nari","SUBJECTO":"Nari Nari","PARTOF":"Nari Nari","BORDERPRECISION":3,"LINK":null}},
{"type":"Feature","geometry":{"type":"Polygon","coordinates":[[[134.4414,-17.8045],[134.4397,-17.8115],[134.3966,-17.873],[134.5366,-17.9544],[134.7803,-17.9683],[135.2637,-18.031],[135.7251,-18.3441],[136.1646,-18.615],[136.2967,-18.7288],[136.3022,-18.7335],[136.3039,-18.7319],[136.5161,-18.5421],[137.1973,-18.4379],[137.2412,-18.4275],[137.3412,-18.4156],[137.3471,-18.4149],[137.1753,-18.3232],[136.8677,-18.1145],[136.7313,-18.0775],[136.6985,-18.0686],[136.637,-18.0519],[136.3623,-17.9578],[136.1206,-17.8115],[135.802,-17.6859],[135.6974,-17.6699],[135.5273,-17.644],[135.4529,-17.644],[135.1868,-17.644],[134.967,-17.644],[134.6858,-17.6859],[134.6456,-17.6919],[134.6155,-17.6964],[134.57,-17.7246],[134.4414,-17.8045]]]},"properties":{"NAME":"Wambaya","SUBJECTO":"Wambaya","PARTOF":"Wambaya","BORDERPRECISION":3,"LINK":null}},
{"type":"Feature","geometry":{"type":"Polygon","coordinates":[[[146.2143,-29.9496],[146.2468,-29.9998],[146.261,-30.0215],[146.3104,-30.1309],[146.5576,-30.2875],[146.8268,-30.4439],[146.9861,-30.5717],[146.9861,-30.6993],[146.9861,-30.8032],[147.052,-30.987],[147.1893,-31.1846],[147.2223,-31.3912],[147.2113,-31.5973],[147.2496,-31.6821],[147.3047,-31.6721],[148.0518,-31.6721],[148.7549,-31.6721],[149.0415,-31.7849],[149.1421,-31.5083],[149.1861,-31.3912],[149.1806,-31.2574],[149.0405,-31.1188],[148.9417,-31.0623],[148.9087,-30.8645],[148.7933,-30.7371],[148.6395,-30.6095],[148.5764,-30.5977],[148.4528,-30.6355],[148.2907,-30.3658],[148.2111,-30.1997],[148.082,-30.0691],[148.038,-30.0358],[147.8925,-30.0548],[147.6645,-30.1095],[147.3816,-30.119],[147.0657,-30.0738],[146.9274,-29.9983],[146.8872,-29.9763],[146.8508,-29.9413],[146.6785,-29.9264],[146.2143,-29.9496]]]},"properties":{"NAME":"Wailwan","SUBJECTO":"Wailwan","PARTOF":"Wailwan","BORDERPRECISION":3,"LINK":null}},
{"type":"Feature","geometry":{"type":"Polygon","coordinates":[[[152.9396,-30.6994],[152.9508,-30.6656],[152.7429,-30.6237],[152.3969,-30.5433],[152.1318,-30.4819],[152.1112,-30.567],[151.9958,-30.756],[151.8146,-30.9211],[151.6659,-31.0395],[151.6526,-31.0622],[151.6553,-31.0623],[151.7651,-31.0718],[152.0013,-31.0906],[152.3419,-31.1705],[152.5781,-31.2598],[152.9462,-31.2504],[152.984,-31.2681],[153.0011,-31.0555],[152.9396,-30.6994]]]},"properties":{"NAME":"Dainggatti","SUBJECTO":"Dainggatti","PARTOF":"Dainggatti","BORDERPRECISION":3,"LINK":null}},
{"type":"Feature","geometry":{"type":"Polygon","coordinates":[[[138.4933,-22.0435],[138.3838,-21.9532],[138.0652,-21.8411],[137.9553,-21.7391],[137.9443,-21.7289],[137.9374,-21.7264],[137.6917,-21.637],[137.2961,-21.637],[137.0135,-21.6464],[137.0232,-21.7092],[137.0435,-21.8411],[137.0654,-22.3907],[136.907,-22.5762],[136.9666,-22.8876],[137.1863,-23.3423],[137.6147,-23.5438],[137.9773,-23.6546],[138.3289,-23.6747],[138.3618,-23.6695],[138.3618,-23.6445],[138.3289,-23.4733],[138.2629,-23.2918],[138.252,-23.0393],[138.252,-22.6546],[138.2959,-22.3806],[138.4497,-22.106],[138.5775,-22.1129],[138.4933,-22.0435]]]},"properties":{"NAME":"Andegerebenha","SUBJECTO":"Andegerebenha","PARTOF":"Andegerebenha","BORDERPRECISION":3,"LINK":null}},
{"type":"Feature","geometry":{"type":"Polygon","coordinates":[[[122.5374,-16.9232],[122.1608,-17.3192],[122.1954,-17.3192],[122.3959,-17.3192],[122.5964,-17.3166],[122.7585,-17.3166],[122.8031,-17.3166],[122.8052,-17.2615],[122.8381,-17.0988],[122.8909,-17.0365],[122.8902,-17.0362],[122.8629,-17.0253],[122.7887,-17.0121],[122.7283,-17.0043],[122.6431,-16.9859],[122.558,-16.9438],[122.5504,-16.9362],[122.5374,-16.9232]]]},"properties":{"NAME":"Jabirrjabirr","SUBJECTO":"Jabirrjabirr","PARTOF":"Jabirrjabirr","BORDERPRECISION":3,"LINK":null}},
{"type":"Feature","geometry":{"type":"Polygon","coordinates":[[[118.5095,-28.4011],[118.8831,-28.517],[119.2017,-28.6424],[119.3938,-28.7412],[119.4214,-28.7484],[119.436,-28.7629],[119.5203,-28.8062],[119.6851,-29.0081],[119.7565,-28.9937],[119.729,-28.9697],[119.8718,-28.8543],[120.0146,-28.8447],[120.3552,-28.8062],[120.5859,-28.7965],[120.8496,-28.7965],[121.1023,-28.7773],[121.2012,-28.8158],[121.355,-28.8639],[121.8494,-28.8447],[122.1021,-28.7677],[122.1441,-28.7533],[122.2998,-28.7002],[122.3169,-28.6968],[122.2668,-28.5845],[122.135,-28.4107],[122.0581,-28.2947],[121.9592,-28.1592],[121.8713,-28.0526],[121.8054,-27.9847],[121.7638,-27.9193],[121.756,-27.9071],[121.6939,-27.8563],[121.6132,-27.7905],[121.5692,-27.7224],[121.4923,-27.6495],[121.366,-27.557],[121.322,-27.5278],[121.306,-27.5283],[121.2884,-27.5289],[121.1792,-27.5326],[120.976,-27.5326],[120.8661,-27.5375],[120.6793,-27.5083],[120.5035,-27.4595],[120.3552,-27.3913],[120.2179,-27.3523],[120.0641,-27.3279],[119.9707,-27.323],[119.7235,-27.2839],[119.6027,-27.2693],[119.3225,-27.2839],[119.2291,-27.401],[119.1248,-27.5521],[118.949,-27.8391],[118.8336,-28.0429],[118.7339,-28.0972],[118.7283,-28.1003],[118.6469,-28.1447],[118.532,-28.3041],[118.4656,-28.3962],[118.5095,-28.4011]]]},"properties":{"NAME":"Kuwarra","SUBJECTO":"Kuwarra","PARTOF":"Kuwarra","BORDERPRECISION":3,"LINK":null}},
{"type":"Feature","geometry":{"type":"Polygon","coordinates":[[[113.672,-23.7656],[113.9777,-23.8557],[114.2633,-23.931],[114.4822,-23.9698],[114.5215,-23.9159],[114.5215,-23.8758],[114.6478,-23.5438],[114.6368,-23.3725],[114.6753,-23.317],[114.7059,-23.3269],[114.7066,-23.2872],[114.7083,-23.201],[114.7302,-23.0545],[114.7742,-22.928],[114.796,-22.8274],[114.7961,-22.8268],[114.7926,-22.8217],[114.7577,-22.7711],[114.5929,-22.7306],[114.4226,-22.7255],[114.2908,-22.685],[114.1479,-22.685],[113.9612,-22.6951],[113.8239,-22.7559],[113.7831,-22.8395],[113.7744,-22.8572],[113.7579,-23.014],[113.7469,-23.2313],[113.7433,-23.2484],[113.762,-23.4811],[113.672,-23.7656]]]},"properties":{"NAME":"Payungu","SUBJECTO":"Payungu","PARTOF":"Payungu","BORDERPRECISION":3,"LINK":null}},
{"type":"Feature","geometry":{"type":"Polygon","coordinates":[[[136.3022,-18.7335],[136.4063,-18.8231],[135.7813,-19.9527],[135.8569,-19.9527],[136.0327,-20.1591],[136.0327,-20.5711],[136.2079,-20.735],[136.2921,-20.7562],[136.3843,-20.715],[136.5601,-20.7356],[136.6766,-20.8517],[136.7491,-20.8644],[137.2412,-20.9512],[137.7576,-20.8383],[138.0212,-20.6328],[138.4058,-20.4888],[138.8295,-20.4474],[138.9331,-20.4373],[138.9052,-20.3652],[138.9034,-20.3608],[138.8832,-20.3086],[138.8013,-20.0972],[138.5376,-19.8701],[138.1778,-19.8495],[138.1652,-19.8457],[137.7576,-19.6943],[137.5378,-19.6115],[137.6257,-19.3111],[137.7026,-19.1036],[137.8455,-18.7815],[137.9082,-18.5141],[137.9114,-18.5004],[137.8008,-18.4405],[137.6807,-18.3754],[137.3471,-18.4149],[137.3412,-18.4156],[137.2412,-18.4275],[137.1973,-18.4379],[136.5161,-18.5421],[136.3039,-18.7319],[136.3022,-18.7335]]]},"properties":{"NAME":"Wakaya","SUBJECTO":"Wakaya","PARTOF":"Wakaya","BORDERPRECISION":3,"LINK":null}},
{"type":"Feature","geometry":{"type":"Polygon","coordinates":[[[143.3033,-34.4608],[143.3066,-34.4641],[143.3304,-34.4884],[143.3716,-34.5405],[143.3881,-34.5699],[143.3881,-34.6196],[143.3881,-34.654],[143.3881,-34.6694],[143.4073,-34.6987],[143.465,-34.7258],[143.5776,-34.7439],[143.7067,-34.7484],[143.8303,-34.7958],[143.8907,-34.8251],[144.0108,-34.8536],[144.0143,-34.8544],[143.998,-34.8292],[143.9918,-34.8197],[143.9904,-34.8175],[143.9209,-34.71],[143.8385,-34.5247],[143.8385,-34.4522],[143.9429,-34.3253],[144.0912,-34.2481],[144.1791,-34.18],[144.1777,-34.1479],[144.1689,-34.1444],[144.0857,-34.1118],[143.8715,-33.9342],[143.6078,-33.7837],[143.4705,-33.6969],[143.4771,-33.6871],[143.2947,-33.7883],[143.2068,-33.77],[142.8967,-33.9656],[142.9047,-33.9935],[142.8557,-33.9975],[142.8497,-33.998],[142.848,-33.9963],[142.828,-34.009],[142.8058,-34.0345],[142.9047,-34.1482],[143.0365,-34.2209],[143.1738,-34.348],[143.2727,-34.4296],[143.3033,-34.4608]]]},"properties":{"NAME":"Madi Madi","SUBJECTO":"Madi Madi","PARTOF":"Madi Madi","BORDERPRECISION":3,"LINK":null}},
{"type":"Feature","geometry":{"type":"Polygon","coordinates":[[[145.6249,-28.9899],[145.6057,-28.9731],[145.6018,-28.9793],[145.4519,-28.9674],[145.3821,-29.1234],[145.0964,-29.4779],[145.0305,-29.7644],[144.9884,-30.1654],[144.9961,-30.2756],[145.2063,-30.3065],[145.5111,-30.2275],[145.568,-30.1852],[145.5963,-30.1641],[145.6787,-29.9549],[145.7941,-29.7453],[145.796,-29.6727],[145.7945,-29.6735],[145.7336,-29.7071],[145.7542,-29.3308],[145.7446,-29.2864],[145.7093,-29.1709],[145.6708,-29.0588],[145.6249,-28.9899]]]},"properties":{"NAME":"Gunu","SUBJECTO":"Gunu","PARTOF":"Gunu","BORDERPRECISION":3,"LINK":null}},
{"type":"Feature","geometry":{"type":"Polygon","coordinates":[[[113.6674,-23.7801],[113.6391,-23.8261],[113.522,-24.0157],[113.3734,-24.2638],[113.3734,-24.4471],[113.4943,-24.652],[113.5657,-24.7917],[113.6116,-24.8076],[113.6316,-24.7817],[113.7579,-24.7269],[113.9008,-24.6919],[114.137,-24.672],[114.494,-24.7718],[114.6973,-24.8466],[114.8676,-24.9213],[115.03,-24.9397],[115.2154,-24.9607],[115.3125,-24.8067],[115.3235,-24.632],[115.2576,-24.4871],[115.0983,-24.3371],[114.8676,-24.1066],[114.6313,-23.9963],[114.5215,-23.9768],[114.4822,-23.9698],[114.2633,-23.931],[113.9777,-23.8557],[113.672,-23.7656],[113.6674,-23.7801]]]},"properties":{"NAME":"Maya","SUBJECTO":"Maya","PARTOF":"Maya","BORDERPRECISION":3,"LINK":null}},
{"type":"Feature","geometry":{"type":"Polygon","coordinates":[[[152.3998,-25.0717],[152.3992,-25.0462],[152.3804,-25.0557],[152.1497,-25.1353],[151.864,-25.1652],[151.7947,-25.1512],[151.7921,-25.1637],[151.8805,-25.5276],[151.908,-25.696],[151.9299,-25.8889],[152.0123,-26.0765],[152.0673,-26.2294],[152.2375,-26.3968],[152.5562,-26.7799],[152.8528,-26.9417],[152.9192,-27.043],[153.0011,-27.0836],[153.0573,-27.1018],[153.0867,-27.01],[153.081,-26.622],[153.0691,-26.2277],[152.9893,-25.9385],[152.9715,-25.8742],[152.9242,-25.8889],[152.6935,-26.0173],[152.6605,-25.9136],[152.6495,-25.7306],[152.6331,-25.587],[152.699,-25.4433],[152.7224,-25.4111],[152.6832,-25.4013],[152.5336,-25.364],[152.4857,-25.3132],[152.3998,-25.0717]]]},"properties":{"NAME":"Dyungungoo (Gubbi Gubbi)","SUBJECTO":"Dyungungoo (Gubbi Gubbi)","PARTOF":"Dyungungoo (Gubbi Gubbi)","BORDERPRECISION":3,"LINK":null}},
{"type":"Feature","geometry":{"type":"Polygon","coordinates":[[[132.3688,-13.0955],[132.2901,-13.0879],[132.2589,-13.0848],[132.2314,-13.1276],[132.182,-13.1918],[132.1996,-13.2226],[132.2095,-13.2399],[132.2644,-13.2667],[132.3907,-13.3041],[132.561,-13.3469],[132.6764,-13.3843],[132.7478,-13.427],[132.8412,-13.4965],[132.8467,-13.5499],[132.7643,-13.5606],[132.6215,-13.5766],[132.5171,-13.614],[132.4072,-13.6727],[132.2864,-13.6887],[132.1985,-13.6833],[132.0996,-13.7207],[132.0782,-13.7498],[132.0711,-13.7595],[132.0447,-13.7954],[132.0007,-13.9287],[131.992,-13.966],[131.982,-14.0083],[131.9568,-14.1153],[131.9458,-14.291],[131.8854,-14.4294],[131.8799,-14.4879],[131.896,-14.5692],[131.9073,-14.6261],[131.9813,-14.6164],[132.038,-14.609],[132.1106,-14.5995],[132.2754,-14.5729],[132.4237,-14.5517],[132.7753,-14.6633],[132.9291,-14.743],[133.162,-14.9016],[133.1708,-14.9076],[133.1807,-14.8971],[133.2043,-14.8718],[133.3795,-14.6846],[133.429,-14.5676],[133.4454,-14.4506],[133.4619,-14.3229],[133.4695,-14.309],[133.4836,-14.283],[133.5773,-14.1099],[133.5883,-13.9501],[133.6377,-13.71],[133.6368,-13.6848],[133.6322,-13.5552],[133.6377,-13.411],[133.5716,-13.3265],[133.5498,-13.2988],[133.4674,-13.2881],[133.2587,-13.3041],[133.2317,-13.3008],[133.1268,-13.2881],[133.0779,-13.2934],[132.9785,-13.3041],[132.8082,-13.2346],[132.6864,-13.1773],[132.6667,-13.1681],[132.6489,-13.1597],[132.5055,-13.1474],[132.4622,-13.1437],[132.4384,-13.1314],[132.3688,-13.0955]]]},"properties":{"NAME":"Jawoyn","SUBJECTO":"Jawoyn","PARTOF":"Jawoyn","BORDERPRECISION":3,"LINK":null}},
{"type":"Feature","geometry":{"type":"Polygon","coordinates":[[[139.3305,-17.9262],[139.3594,-17.9226],[139.3396,-17.8742],[139.335,-17.8749],[139.3073,-17.8791],[138.7903,-17.9578],[138.4167,-17.8847],[138.3793,-17.9274],[138.4013,-17.9874],[138.4058,-17.9996],[138.4058,-18.2398],[138.1421,-18.5213],[138.1099,-18.5203],[138.1091,-18.5213],[138.1031,-18.5333],[138.1641,-18.5525],[138.5706,-18.7815],[139.1418,-19.0933],[139.1677,-19.1194],[139.3286,-18.8231],[139.2627,-18.5629],[139.2737,-18.2398],[139.3286,-17.9265],[139.3305,-17.9262]]]},"properties":{"NAME":"Nguburinji","SUBJECTO":"Nguburinji","PARTOF":"Nguburinji","BORDERPRECISION":3,"LINK":null}},
{"type":"Feature","geometry":{"type":"Polygon","coordinates":[[[134.5366,-17.9544],[134.3472,-17.9436],[134.231,-17.9369],[133.7915,-17.9787],[133.9887,-18.1453],[133.9879,-18.1455],[133.4949,-18.031],[133.4322,-18.2473],[133.4283,-18.261],[133.374,-18.4483],[133.7476,-18.8543],[133.4839,-19.1244],[132.9785,-19.2697],[132.4731,-19.3111],[132.3938,-19.3272],[132.3157,-19.343],[132.4512,-19.5598],[132.5281,-19.8184],[132.8247,-20.2107],[132.9625,-20.7348],[132.9895,-20.7664],[132.9956,-20.7767],[133.0994,-20.9512],[133.3081,-20.9409],[133.8245,-20.9307],[134.0332,-20.8485],[134.3298,-20.6533],[134.7363,-20.3652],[135.0659,-20.1178],[135.4395,-20.0559],[135.687,-20.0227],[135.7471,-20.0146],[135.7813,-19.9527],[136.4063,-18.8231],[136.3022,-18.7335],[136.2967,-18.7288],[136.1646,-18.615],[135.7251,-18.3441],[135.2637,-18.031],[134.7803,-17.9683],[134.5366,-17.9544]]]},"properties":{"NAME":"Warumungu","SUBJECTO":"Warumungu","PARTOF":"Warumungu","BORDERPRECISION":3,"LINK":null}},
{"type":"Feature","geometry":{"type":"Polygon","coordinates":[[[131.0407,-25.4659],[131.0339,-25.5127],[131.0596,-25.525],[131.2097,-25.5969],[131.5009,-25.7009],[131.9348,-25.879],[132.2314,-26.0173],[132.627,-26.1949],[132.8357,-26.3427],[132.9236,-26.4706],[132.9703,-26.4636],[133.007,-26.4581],[133.1213,-26.4411],[133.3191,-26.3131],[133.8135,-26.116],[133.8715,-26.0783],[133.7939,-26.0319],[133.7695,-26.0173],[133.5498,-25.7603],[133.2422,-25.4433],[133.1323,-25.0259],[132.8687,-24.5471],[132.4951,-24.3071],[132.2095,-23.926],[132.0337,-23.6647],[132.0337,-23.1808],[132.2701,-23.0424],[132.2754,-23.0393],[132.3035,-23.0134],[132.2864,-22.9786],[132.1962,-22.9786],[132.2314,-23.0292],[132.1216,-23.0292],[132.1209,-23.0291],[131.781,-23.009],[131.4624,-23.009],[131.2941,-22.9745],[131.2646,-23.1505],[131.1877,-23.4632],[131.0889,-23.7652],[130.979,-24.1066],[130.9131,-24.3871],[130.6714,-24.7069],[130.6011,-24.7708],[130.5762,-24.7933],[130.6989,-24.8416],[130.8472,-24.8815],[131.001,-25.0408],[131.0614,-25.2099],[131.0504,-25.3986],[131.0407,-25.4659]]]},"properties":{"NAME":"Luritja","SUBJECTO":"Luritja","PARTOF":"Luritja","BORDERPRECISION":3,"LINK":null}},
{"type":"Feature","geometry":{"type":"Polygon","coordinates":[[[144.4749,-37.1638],[144.4738,-37.1521],[144.3658,-37.1647],[144.3369,-37.1416],[144.3164,-37.1253],[144.2505,-37.0069],[144.212,-36.8489],[144.1846,-36.7345],[144.1846,-36.642],[144.2652,-36.5773],[144.278,-36.567],[144.3768,-36.5494],[144.4794,-36.5631],[144.5416,-36.5714],[144.5673,-36.5737],[144.5835,-36.5752],[144.6112,-36.5423],[144.6173,-36.5265],[144.6413,-36.4646],[144.7191,-36.3561],[144.6971,-36.3323],[144.5735,-36.1986],[144.3349,-36.2006],[144.3373,-36.1784],[144.2649,-36.1767],[144.262,-36.1902],[144.1881,-36.1898],[144.1496,-36.1724],[144.1275,-36.1418],[144.0718,-36.1387],[144.0709,-36.1283],[144.0315,-36.1291],[144.0069,-36.1296],[144.0047,-36.1119],[143.9302,-36.1134],[143.9114,-36.1101],[143.866,-36.1467],[143.7012,-36.2266],[143.4155,-36.262],[143.1958,-36.324],[143.02,-36.3682],[142.9842,-36.3613],[142.9782,-36.3703],[142.9882,-36.3812],[142.9847,-36.3924],[142.9931,-36.4103],[142.9773,-36.4355],[142.9561,-36.4443],[142.9395,-36.4465],[142.9279,-36.4728],[142.9103,-36.4828],[142.9074,-36.4892],[142.9074,-36.4942],[142.8456,-36.5796],[142.8503,-36.5818],[142.8708,-36.5859],[142.8916,-36.5851],[142.9106,-36.5798],[142.9282,-36.6219],[142.961,-36.6354],[142.9793,-36.6441],[143.0068,-36.6687],[143.0368,-36.6709],[143.0524,-36.6668],[143.0648,-36.6526],[143.0674,-36.6428],[143.0853,-36.6326],[143.1001,-36.634],[143.114,-36.6425],[143.1239,-36.6538],[143.1474,-36.6538],[143.1554,-36.665],[143.1538,-36.6818],[143.1646,-36.6999],[143.2477,-36.877],[143.2232,-36.8773],[143.2412,-36.9089],[143.2261,-36.9177],[143.2452,-36.9192],[143.3771,-36.9279],[143.443,-36.9367],[143.443,-37.0201],[143.3968,-37.0451],[143.3222,-37.0855],[143.3475,-37.129],[143.3364,-37.1374],[143.3155,-37.1437],[143.3079,-37.1561],[143.3022,-37.1708],[143.3062,-37.1917],[143.3074,-37.2128],[143.3075,-37.2141],[143.3049,-37.2287],[143.3038,-37.235],[143.3053,-37.2398],[143.3123,-37.2441],[143.3194,-37.2512],[143.3152,-37.2801],[143.3082,-37.2963],[143.3392,-37.291],[143.3651,-37.2923],[143.3817,-37.2958],[143.3959,-37.2956],[143.4107,-37.2862],[143.4286,-37.274],[143.4532,-37.268],[143.4647,-37.2707],[143.4864,-37.3025],[143.4758,-37.3074],[143.4825,-37.3157],[143.5229,-37.3096],[143.5488,-37.3049],[143.5682,-37.3065],[143.5812,-37.3284],[143.6084,-37.3537],[143.6286,-37.3849],[143.6505,-37.4077],[143.6828,-37.4204],[143.7146,-37.4232],[143.7292,-37.4179],[143.7407,-37.4027],[143.7503,-37.4023],[143.7621,-37.4065],[143.7813,-37.4181],[143.7965,-37.4313],[143.808,-37.4474],[143.8029,-37.4573],[143.7968,-37.4671],[143.7954,-37.4735],[143.8037,-37.4726],[143.8225,-37.4653],[143.852,-37.4652],[143.8987,-37.4713],[143.9614,-37.4785],[144.0348,-37.4737],[144.1197,-37.4628],[144.2024,-37.4476],[144.2509,-37.4309],[144.3026,-37.413],[144.3573,-37.4144],[144.3591,-37.4144],[144.405,-37.4298],[144.5525,-37.3423],[144.53,-37.3194],[144.5082,-37.2968],[144.4728,-37.2618],[144.4637,-37.2393],[144.4192,-37.215],[144.4344,-37.185],[144.4749,-37.1638]]]},"properties":{"NAME":"Dja Dja Wurrung","SUBJECTO":"Dja Dja Wurrung","PARTOF":"Dja Dja Wurrung","BORDERPRECISION":3,"LINK":null}},
{"type":"Feature","geometry":{"type":"Polygon","coordinates":[[[132.9956,-20.7767],[132.9735,-20.7767],[133.0005,-20.8793],[133.0994,-21.2075],[133.0774,-21.6778],[132.9459,-21.8914],[132.9244,-21.9264],[133.0225,-22.1264],[133.6816,-22.2077],[134.0165,-22.3545],[134.0967,-22.3076],[134.4067,-22.1264],[134.6704,-21.8003],[135.0659,-21.5553],[135.8789,-20.9409],[136.2505,-20.7748],[136.2079,-20.735],[136.0327,-20.5711],[136.0327,-20.1591],[135.8569,-19.9527],[135.7813,-19.9527],[135.7471,-20.0146],[135.687,-20.0227],[135.4395,-20.0559],[135.0659,-20.1178],[134.7363,-20.3652],[134.3298,-20.6533],[134.0332,-20.8485],[133.8245,-20.9307],[133.3081,-20.9409],[133.0994,-20.9512],[132.9956,-20.7767]]]},"properties":{"NAME":"Kaytej","SUBJECTO":"Kaytej","PARTOF":"Kaytej","BORDERPRECISION":3,"LINK":null}},
{"type":"Feature","geometry":{"type":"Polygon","coordinates":[[[118.7442,-34.5803],[119.0081,-34.6148],[119.1138,-34.5247],[119.0314,-34.493],[118.8841,-34.2822],[118.8666,-34.2572],[118.7297,-34.2543],[118.6523,-34.2527],[118.3337,-34.2663],[118.0206,-34.2663],[117.5867,-34.2754],[117.4878,-34.2935],[117.0264,-34.3071],[116.7462,-34.3071],[116.521,-34.3298],[116.5265,-34.3661],[116.5265,-34.4205],[116.5759,-34.6016],[116.5704,-34.8273],[116.5468,-34.8654],[116.4465,-35.027],[116.4111,-35.084],[116.4496,-35.1154],[116.7242,-35.1873],[117.1692,-35.2007],[117.741,-35.2199],[117.7933,-35.2123],[118.2071,-35.0903],[118.4159,-34.9244],[118.6728,-34.6058],[118.7442,-34.5803]]]},"properties":{"NAME":"Minang","SUBJECTO":"Minang","PARTOF":"Minang","BORDERPRECISION":3,"LINK":null}},
{"type":"Feature","geometry":{"type":"Polygon","coordinates":[[[113.0916,-26.0577],[113.0601,-26.1162],[113.1757,-26.2836],[113.4998,-26.6867],[113.5986,-26.7603],[113.7338,-26.8005],[113.8458,-26.7505],[114.0161,-26.5885],[114.2413,-26.5148],[114.527,-26.4017],[114.6313,-26.3968],[114.6772,-26.4379],[114.7412,-26.3869],[114.7687,-26.2195],[114.7687,-26.0815],[114.7192,-25.8741],[114.7275,-25.7516],[114.5709,-25.7653],[114.4446,-25.7653],[114.2139,-25.7653],[114.0051,-25.7108],[113.9552,-25.6345],[113.8965,-25.5901],[114.0553,-25.8011],[114.1825,-26.017],[114.1808,-26.2714],[114.0504,-26.2886],[114.0951,-26.5386],[113.8807,-26.509],[113.6577,-26.0682],[113.3212,-25.6903],[113.285,-25.8268],[113.3866,-25.9737],[113.5832,-26.1522],[113.7394,-26.6665],[113.5798,-26.656],[113.433,-26.572],[113.3266,-26.4146],[113.2445,-26.3411],[113.1762,-26.1417],[113.0916,-26.0577]]]},"properties":{"NAME":"Malkana","SUBJECTO":"Malkana","PARTOF":"Malkana","BORDERPRECISION":3,"LINK":null}},
{"type":"Feature","geometry":{"type":"Polygon","coordinates":[[[141.7113,-15.2267],[141.6504,-15.3228],[141.7025,-15.3332],[141.7289,-15.2122],[141.7287,-15.2122],[141.725,-15.2186],[141.7085,-15.2177],[141.7113,-15.2267]]]},"properties":{"NAME":"Yir Yoront","SUBJECTO":"Yir Yoront","PARTOF":"Yir Yoront","BORDERPRECISION":3,"LINK":null}},
{"type":"Feature","geometry":{"type":"Polygon","coordinates":[[[122.2319,-18.1673],[122.2244,-18.1834],[122.2247,-18.1898],[122.2339,-18.1876],[122.5085,-18.2607],[122.7502,-18.365],[122.8821,-18.4483],[122.8873,-18.4619],[122.908,-18.4625],[122.8931,-18.4536],[123.0029,-18.2659],[123.051,-18.0649],[122.9205,-18.0049],[122.8381,-17.8428],[122.8226,-17.7159],[122.8165,-17.6657],[122.8024,-17.6676],[122.753,-17.6833],[122.7239,-17.7156],[122.72,-17.7199],[122.7076,-17.7561],[122.6706,-17.8637],[122.6349,-17.9212],[122.5882,-17.9474],[122.5388,-17.9683],[122.4619,-18.0022],[122.3932,-18.0258],[122.3657,-18.0362],[122.326,-18.0614],[122.308,-18.0728],[122.2281,-18.1439],[122.2319,-18.1673]]]},"properties":{"NAME":"Yawuru","SUBJECTO":"Yawuru","PARTOF":"Yawuru","BORDERPRECISION":3,"LINK":null}},
{"type":"Feature","geometry":{"type":"Polygon","coordinates":[[[138.9321,-26.1508],[138.8562,-26.0963],[138.8467,-25.9856],[138.8277,-25.9704],[138.6365,-25.9975],[138.4497,-26.0074],[138.186,-26.0173],[138.0322,-26.0568],[138.0432,-26.2442],[138.1348,-26.4001],[138.219,-26.3623],[138.4717,-26.3623],[138.7354,-26.3722],[138.8892,-26.3427],[138.8892,-26.1949],[138.9361,-26.1949],[138.9321,-26.1508]]]},"properties":{"NAME":"Karangura","SUBJECTO":"Karangura","PARTOF":"Karangura","BORDERPRECISION":3,"LINK":null}},
{"type":"Feature","geometry":{"type":"Polygon","coordinates":[[[115.7151,-33.0177],[115.7148,-33.0193],[115.6535,-33.3305],[115.6499,-33.3493],[115.717,-33.4029],[115.7355,-33.4177],[115.7675,-33.4921],[115.8166,-33.6064],[115.8398,-33.6604],[115.8677,-33.6704],[115.9903,-33.7146],[116.0046,-33.7198],[116.1941,-33.9269],[116.2023,-33.9358],[116.2134,-33.9479],[116.1969,-34.1936],[116.4331,-34.3071],[116.8066,-34.289],[117.3944,-34.2799],[117.5647,-34.2073],[117.6721,-34.0216],[117.691,-33.9889],[117.6652,-33.9469],[117.5592,-33.7746],[117.4252,-33.6393],[117.4191,-33.6443],[117.2103,-33.4795],[116.9879,-33.381],[116.7572,-33.2984],[116.6778,-33.2481],[116.6309,-33.2295],[116.2692,-33.0626],[116.142,-33.0271],[116.0495,-33.0012],[115.9854,-32.9925],[115.986,-32.9835],[115.9772,-32.981],[115.9688,-32.981],[115.8344,-32.981],[115.7151,-33.0177]]]},"properties":{"NAME":"Kaniyang","SUBJECTO":"Kaniyang","PARTOF":"Kaniyang","BORDERPRECISION":3,"LINK":null}},
{"type":"Feature","geometry":{"type":"Polygon","coordinates":[[[139.1638,-34.7326],[139.1418,-35.003],[139.0998,-35.0768],[139.0649,-35.1379],[139.1023,-35.1434],[139.3066,-35.1738],[139.4096,-35.1938],[139.5358,-35.2184],[139.5374,-35.2187],[139.7241,-34.904],[139.823,-34.6694],[140.1746,-34.6874],[140.4163,-34.6874],[140.6799,-34.6874],[140.9326,-34.6151],[141.1084,-34.597],[141.2512,-34.6422],[141.3281,-34.7777],[141.4147,-34.8165],[141.438,-34.7687],[141.4542,-34.7554],[141.5259,-34.6965],[141.5698,-34.6603],[141.7028,-34.6088],[141.8115,-34.4522],[141.9445,-34.1939],[141.996,-34.0937],[142.0313,-34.0253],[142.033,-34.0215],[142.0862,-33.9069],[142.0472,-33.8792],[142.0093,-33.8522],[141.5149,-33.6878],[141.3171,-33.6055],[141.0205,-33.4589],[140.9729,-33.4431],[140.8919,-33.416],[140.8008,-33.3856],[140.3174,-33.2938],[139.9658,-33.3489],[139.5154,-33.4681],[139.2078,-33.6329],[139.1265,-33.6555],[139.0877,-33.6662],[139.0759,-33.6695],[139.0979,-33.9889],[139.0979,-34.3434],[139.115,-34.4444],[139.1302,-34.534],[139.1638,-34.7326]]]},"properties":{"NAME":"Meru","SUBJECTO":"Meru","PARTOF":"Meru","BORDERPRECISION":3,"LINK":null}},
{"type":"Feature","geometry":{"type":"Polygon","coordinates":[[[146.9238,-20.5482],[146.6016,-20.4476],[146.3379,-20.3446],[146.0742,-20.3549],[145.8435,-20.3961],[145.5875,-20.516],[145.6128,-20.5608],[145.47,-20.9409],[145.47,-21.2791],[145.5469,-21.5451],[145.5909,-21.6883],[145.6146,-21.6852],[145.9479,-21.6421],[146.3489,-21.591],[146.5469,-21.5989],[146.6071,-21.6013],[146.5892,-21.5348],[146.5851,-21.5195],[146.5686,-21.361],[146.5576,-21.1921],[146.5411,-20.9255],[146.5741,-20.6945],[146.8488,-20.6431],[146.9208,-20.552],[146.9238,-20.5482]]]},"properties":{"NAME":"Yilba","SUBJECTO":"Yilba","PARTOF":"Yilba","BORDERPRECISION":3,"LINK":null}},
{"type":"Feature","geometry":{"type":"Polygon","coordinates":[[[129.5123,-15.9772],[129.353,-16.1777],[129.2827,-16.2928],[129.267,-16.3187],[129.2871,-16.3412],[129.342,-16.4572],[129.2651,-16.6257],[129.2542,-16.6257],[129.2542,-16.794],[129.397,-16.8781],[129.6497,-16.8992],[129.8694,-17.0253],[130.144,-17.0673],[130.249,-17.1522],[130.2909,-17.1222],[130.3308,-17.0935],[130.5011,-16.9149],[130.6824,-16.6941],[130.9131,-16.4888],[130.957,-16.4414],[130.9597,-16.4223],[130.9629,-16.3995],[130.968,-16.3623],[130.9021,-16.2621],[130.8691,-16.1039],[130.8661,-16.1029],[130.7591,-16.0674],[130.7098,-16.0511],[130.4846,-15.9613],[130.4462,-15.8081],[130.4462,-15.7081],[130.4462,-15.6918],[130.4462,-15.6601],[130.4187,-15.5278],[130.3918,-15.4924],[130.3803,-15.4774],[130.3583,-15.4484],[130.2869,-15.3954],[130.1548,-15.4867],[130.1132,-15.5155],[130.0342,-15.5701],[129.787,-15.7394],[129.5123,-15.9772]]]},"properties":{"NAME":"Ngarinman","SUBJECTO":"Ngarinman","PARTOF":"Ngarinman","BORDERPRECISION":3,"LINK":null}},
{"type":"Feature","geometry":{"type":"Polygon","coordinates":[[[140.3599,-26.2296],[140.3448,-26.2639],[140.3386,-26.274],[140.224,-26.4607],[140.0867,-26.8143],[139.9933,-27.1618],[139.9766,-27.233],[140.0317,-27.2351],[140.0229,-27.2742],[139.9878,-27.4303],[139.9878,-27.4888],[140.2954,-27.5278],[140.5261,-27.6543],[140.9326,-27.6543],[141.0698,-27.5996],[141.1304,-27.5667],[141.1722,-27.5588],[141.3721,-27.479],[141.4784,-27.4045],[141.438,-27.3523],[141.7017,-27.2156],[141.8994,-27.0298],[141.9315,-26.9384],[141.6797,-26.6867],[141.4709,-26.5394],[141.1963,-26.3919],[141.0925,-26.2601],[140.9436,-26.1456],[140.8228,-26.0667],[140.5659,-25.973],[140.5024,-25.9499],[140.4272,-26.0765],[140.3599,-26.2296]]]},"properties":{"NAME":"Yawarawarka","SUBJECTO":"Yawarawarka","PARTOF":"Yawarawarka","BORDERPRECISION":3,"LINK":null}},
{"type":"Feature","geometry":{"type":"Polygon","coordinates":[[[122.7076,-17.7561],[122.6816,-17.7644],[122.5525,-17.7696],[122.3685,-17.767],[122.1899,-17.7827],[122.1824,-17.7719],[122.157,-17.7905],[122.1597,-17.8428],[122.1927,-17.9056],[122.182,-17.9176],[122.2017,-17.983],[122.2126,-18.0494],[122.2476,-18.0597],[122.326,-18.0614],[122.3657,-18.0362],[122.3932,-18.0258],[122.4619,-18.0022],[122.5388,-17.9683],[122.5882,-17.9474],[122.6349,-17.9212],[122.6706,-17.8637],[122.7076,-17.7561]]]},"properties":{"NAME":"Jukun","SUBJECTO":"Jukun","PARTOF":"Jukun","BORDERPRECISION":3,"LINK":null}},
{"type":"Feature","geometry":{"type":"Polygon","coordinates":[[[134.4087,-12.1211],[134.3925,-12.1189],[134.3962,-12.1307],[134.3985,-12.1347],[134.4562,-12.1347],[134.4662,-12.1344],[134.5551,-12.1038],[134.6046,-12.1077],[134.6047,-12.1067],[134.6045,-12.1065],[134.5963,-12.0904],[134.5963,-12.0572],[134.5948,-12.0572],[134.4087,-12.1211]]]},"properties":{"NAME":"Nakara","SUBJECTO":"Nakara","PARTOF":"Nakara","BORDERPRECISION":3,"LINK":null}},
{"type":"Feature","geometry":{"type":"Polygon","coordinates":[[[135.4576,-14.6807],[135.6184,-14.5421],[135.6305,-14.5317],[135.6317,-14.4985],[135.5548,-14.456],[135.5203,-14.4464],[135.4969,-14.4399],[135.4395,-14.424],[135.2692,-14.424],[135.1373,-14.424],[135.0366,-14.4436],[135.0275,-14.4453],[134.9506,-14.5145],[134.8737,-14.6102],[134.8439,-14.6468],[134.9286,-14.7324],[134.9945,-14.9342],[134.967,-15.0562],[134.9082,-15.165],[134.9561,-15.1782],[135.2307,-15.2842],[135.3845,-15.4007],[135.4285,-15.5701],[135.4393,-15.7681],[135.4944,-15.7605],[135.6702,-15.6971],[135.7251,-15.5384],[135.7875,-15.5278],[135.7943,-15.513],[135.824,-15.4484],[135.9119,-15.3954],[135.9448,-15.3593],[135.9004,-15.3328],[135.6275,-15.1698],[135.4166,-14.9732],[135.3881,-14.897],[135.4576,-14.6807]]]},"properties":{"NAME":"Mara","SUBJECTO":"Mara","PARTOF":"Mara","BORDERPRECISION":3,"LINK":null}},
{"type":"Feature","geometry":{"type":"Polygon","coordinates":[[[130.0855,-13.5925],[130.0611,-13.6059],[130.1138,-13.6193],[130.1303,-13.662],[130.1097,-13.7127],[130.1042,-13.7767],[130.118,-13.8207],[130.1413,-13.8647],[130.2001,-13.8878],[130.2276,-13.8823],[130.2237,-13.8807],[130.2347,-13.8221],[130.2374,-13.7127],[130.2669,-13.6347],[130.2672,-13.6338],[130.2127,-13.6033],[130.2072,-13.5232],[130.1909,-13.4978],[130.1761,-13.5111],[130.0855,-13.5925]]]},"properties":{"NAME":"Maranunggu","SUBJECTO":"Maranunggu","PARTOF":"Maranunggu","BORDERPRECISION":3,"LINK":null}},
{"type":"Feature","geometry":{"type":"Polygon","coordinates":[[[143.7122,-25.3142],[143.7085,-25.3308],[143.6869,-25.4284],[143.6773,-25.4717],[143.6572,-25.5623],[143.6462,-25.8098],[143.5364,-26.1061],[143.4265,-26.6278],[143.5152,-26.6445],[143.5631,-26.6535],[143.6353,-26.6671],[143.9758,-26.6573],[144.3713,-26.6475],[144.9097,-26.5394],[145.1087,-26.4816],[145.3162,-26.4214],[145.522,-26.3681],[145.5016,-26.328],[145.466,-26.2641],[145.4037,-26.1982],[145.3258,-26.1423],[145.2055,-26.1043],[145.1031,-26.0843],[145.0742,-26.0943],[145.0519,-26.1223],[145.0479,-26.1547],[145.041,-26.1813],[144.9955,-26.1976],[144.9249,-26.2037],[144.8793,-26.1997],[144.8156,-26.1465],[144.7792,-26.0983],[144.7496,-26.0554],[144.7313,-26.0144],[144.7017,-26.0083],[144.6425,-25.9858],[144.6267,-25.9735],[144.6154,-25.9538],[144.6126,-25.9349],[144.6063,-25.9114],[144.6322,-25.8408],[144.6735,-25.7774],[144.7027,-25.6921],[144.7269,-25.5957],[144.8265,-25.1832],[144.8751,-25.049],[145.0421,-24.8647],[145.0427,-24.8641],[145.0547,-24.7987],[144.9207,-24.677],[144.5691,-24.5671],[144.4702,-24.7468],[144.1077,-25.0358],[143.7546,-25.2843],[143.7122,-25.3142]]]},"properties":{"NAME":"Dharawala","SUBJECTO":"Dharawala","PARTOF":"Dharawala","BORDERPRECISION":3,"LINK":null}},
{"type":"Feature","geometry":{"type":"Polygon","coordinates":[[[116.4331,-23.9762],[116.4496,-24.1818],[116.3452,-24.4622],[116.3665,-24.5618],[116.3735,-24.5946],[116.5045,-24.5121],[116.7188,-24.4772],[116.8341,-24.4821],[116.8781,-24.4421],[116.933,-24.3571],[116.933,-24.2069],[116.9879,-24.0615],[117.0978,-24.0013],[117.1967,-24.0314],[117.2516,-24.0013],[117.3615,-23.9712],[117.4219,-24.0063],[117.5812,-24.0314],[117.5943,-24.0314],[117.7196,-23.9895],[117.7295,-23.9863],[117.7295,-23.8557],[117.6834,-23.8425],[117.6416,-23.8306],[117.4988,-23.725],[117.2791,-23.6797],[117.1476,-23.6182],[117.0319,-23.564],[116.6913,-23.3977],[116.2793,-23.2111],[115.9772,-23.014],[115.776,-22.9214],[115.7355,-22.9027],[115.7328,-22.9269],[115.697,-23.2514],[115.752,-23.4179],[115.8014,-23.5791],[115.8234,-23.6999],[115.8016,-23.7536],[115.7908,-23.7803],[115.7684,-23.8356],[115.8097,-23.8422],[115.8351,-23.8462],[115.8948,-23.8557],[116.2738,-23.8758],[116.3562,-23.916],[116.4331,-23.9762]]]},"properties":{"NAME":"Thiin","SUBJECTO":"Thiin","PARTOF":"Thiin","BORDERPRECISION":3,"LINK":null}},
{"type":"Feature","geometry":{"type":"Polygon","coordinates":[[[130.1548,-15.4867],[130.1331,-15.4378],[130.0122,-15.4113],[129.9133,-15.4113],[129.8859,-15.3425],[129.849,-15.296],[129.8145,-15.2524],[129.7583,-15.2734],[129.7156,-15.2895],[129.5068,-15.2948],[129.2816,-15.2948],[129.0729,-15.2312],[128.9136,-15.1252],[128.7817,-15.0827],[128.573,-15.0986],[128.4741,-15.1676],[128.4643,-15.2408],[128.4631,-15.2497],[128.4521,-15.3319],[128.4412,-15.4907],[128.3148,-15.5384],[128.1445,-15.5595],[128.1396,-15.5638],[128.1173,-15.5828],[128.1116,-15.6548],[128.0237,-15.824],[127.9382,-15.8714],[128.0786,-15.8768],[128.3313,-15.993],[128.6279,-16.0775],[129.0125,-16.1408],[129.1674,-16.2348],[129.1718,-16.2358],[129.2827,-16.2928],[129.353,-16.1777],[129.5123,-15.9772],[129.787,-15.7394],[130.0342,-15.5701],[130.1132,-15.5155],[130.1548,-15.4867]]]},"properties":{"NAME":"Doolboong/Miriwoong","SUBJECTO":"Doolboong/Miriwoong","PARTOF":"Doolboong/Miriwoong","BORDERPRECISION":3,"LINK":null}},
{"type":"Feature","geometry":{"type":"Polygon","coordinates":[[[129.0344,-18.0101],[129.1333,-18.1772],[129.1553,-18.4483],[129.1443,-18.9167],[128.8586,-19.1659],[128.7702,-19.2494],[128.7582,-19.2608],[128.7158,-19.3008],[128.9685,-19.4769],[129.2761,-19.6736],[129.6497,-19.8391],[129.8694,-19.9424],[130.2869,-20.3034],[130.4956,-20.5505],[130.4956,-20.7972],[130.3967,-21.0025],[130.2534,-21.1139],[130.3201,-21.1217],[130.4407,-21.1357],[130.7373,-21.3201],[130.8691,-21.637],[130.8252,-21.9227],[130.6714,-22.0755],[130.6824,-22.3399],[130.8582,-22.6242],[131.1328,-22.7559],[131.3196,-22.7559],[131.3086,-22.8876],[131.2983,-22.9492],[131.2941,-22.9745],[131.4624,-23.009],[131.781,-23.009],[132.1209,-23.0291],[132.1216,-23.0292],[132.2314,-23.0292],[132.1962,-22.9786],[132.0337,-22.7458],[131.8799,-22.5531],[131.8799,-22.2891],[132.0667,-22.0042],[132.4622,-21.9634],[132.7258,-21.9634],[132.9016,-21.9634],[132.9244,-21.9264],[132.9459,-21.8914],[133.0774,-21.6778],[133.0994,-21.2075],[133.0005,-20.8793],[132.9735,-20.7767],[132.9625,-20.7348],[132.8247,-20.2107],[132.5281,-19.8184],[132.4512,-19.5598],[132.3157,-19.343],[132.2739,-19.2761],[132.1985,-19.1555],[132.0557,-18.9479],[131.748,-18.7295],[131.5942,-18.5629],[131.2317,-18.3024],[131.0289,-18.1616],[130.9736,-18.1232],[130.946,-18.1041],[130.7593,-18.1876],[130.4187,-18.2294],[129.8914,-18.3128],[129.5068,-18.3232],[129.2651,-18.3232],[129.151,-18.1684],[129.0344,-18.0101]]]},"properties":{"NAME":"Warlpiri","SUBJECTO":"Warlpiri","PARTOF":"Warlpiri","BORDERPRECISION":3,"LINK":null}},
{"type":"Feature","geometry":{"type":"Polygon","coordinates":[[[145.0547,-24.7987],[145.0597,-24.7715],[145.0791,-24.6435],[145.0864,-24.5154],[145.1083,-24.4668],[145.1204,-24.4115],[145.1253,-24.3473],[145.207,-24.1777],[144.9152,-23.9612],[144.7504,-23.8406],[144.4098,-23.7703],[144.0472,-23.7602],[143.7726,-23.7904],[143.454,-23.8406],[143.4382,-23.8196],[143.3167,-23.9863],[143.1519,-24.3871],[143.0556,-24.4701],[143.2837,-24.7468],[143.7561,-25.2646],[143.7546,-25.2843],[144.1077,-25.0358],[144.4702,-24.7468],[144.5691,-24.5671],[144.9207,-24.677],[145.0547,-24.7987]]]},"properties":{"NAME":"Kuungkari","SUBJECTO":"Kuungkari","PARTOF":"Kuungkari","BORDERPRECISION":3,"LINK":null}},
{"type":"Feature","geometry":{"type":"Polygon","coordinates":[[[141.9445,-34.1939],[142.1411,-34.2345],[142.262,-34.3978],[142.3169,-34.6061],[142.4927,-34.7145],[142.6794,-34.7145],[142.7344,-34.6965],[142.8992,-34.6422],[142.9156,-34.6358],[142.9215,-34.6335],[143.1079,-34.5609],[143.3066,-34.4641],[143.3033,-34.4608],[143.2727,-34.4296],[143.1738,-34.348],[143.0365,-34.2209],[142.9047,-34.1482],[142.8058,-34.0345],[142.828,-34.009],[142.7948,-34.0299],[142.7857,-33.9362],[142.5811,-33.7384],[142.4452,-33.7118],[142.3718,-33.8339],[142.3499,-33.9525],[142.1191,-33.9342],[142.033,-34.0215],[142.0313,-34.0253],[141.996,-34.0937],[141.9445,-34.1939]]]},"properties":{"NAME":"Kureinji","SUBJECTO":"Kureinji","PARTOF":"Kureinji","BORDERPRECISION":3,"LINK":null}},
{"type":"Feature","geometry":{"type":"Polygon","coordinates":[[[143.3066,-34.4641],[143.1079,-34.5609],[142.9215,-34.6335],[142.9651,-34.6694],[142.9651,-34.6928],[142.9761,-34.7055],[142.9651,-34.756],[142.9651,-34.8318],[142.9641,-34.8414],[142.9641,-34.8415],[142.9643,-34.8415],[143.0246,-34.855],[143.038,-34.8478],[143.0145,-34.8003],[143.1683,-34.7236],[143.2892,-34.6694],[143.3829,-34.6694],[143.3881,-34.654],[143.3881,-34.6196],[143.3881,-34.5699],[143.3716,-34.5405],[143.3304,-34.4884],[143.3066,-34.4641]]]},"properties":{"NAME":"Dadi Dadi","SUBJECTO":"Dadi Dadi","PARTOF":"Dadi Dadi","BORDERPRECISION":3,"LINK":null}},
{"type":"Feature","geometry":{"type":"Polygon","coordinates":[[[138.5346,-35.2973],[138.4944,-35.3951],[138.5582,-35.355],[138.5769,-35.3432],[138.5815,-35.3353],[138.653,-35.1738],[138.7134,-34.994],[138.7903,-34.8589],[138.7903,-34.6874],[138.7739,-34.6572],[138.7175,-34.6735],[138.6694,-34.6874],[138.609,-34.502],[138.5486,-34.2981],[138.4937,-34.0436],[138.3948,-33.6558],[138.3234,-33.4314],[138.3289,-33.3168],[138.3313,-33.3089],[138.3315,-33.3081],[138.3234,-33.2984],[138.1698,-33.3243],[138.1485,-33.359],[138.0908,-33.4528],[138.0327,-33.4563],[137.9981,-33.4583],[137.9938,-33.4681],[137.9938,-33.5826],[137.9938,-33.7928],[138.0103,-33.9388],[138.0267,-34.0345],[138.0432,-34.1482],[138.0542,-34.1643],[138.1146,-34.2527],[138.1915,-34.4296],[138.2705,-34.5789],[138.4541,-34.7816],[138.5676,-34.9277],[138.5346,-35.2973]]]},"properties":{"NAME":"Kaurna Pangkarra","SUBJECTO":"Kaurna Pangkarra","PARTOF":"Kaurna Pangkarra","BORDERPRECISION":3,"LINK":null}},
{"type":"Feature","geometry":{"type":"Polygon","coordinates":[[[124.8816,-18.4796],[124.8146,-18.5802],[124.8596,-18.589],[124.8596,-18.6101],[124.8596,-18.6983],[124.8047,-18.7815],[124.7992,-18.9582],[124.8596,-19.223],[124.964,-19.3163],[125.1123,-19.8752],[125.0024,-20.1488],[124.9554,-20.1961],[125.1123,-20.1797],[125.4199,-20.2003],[126.0791,-20.2828],[126.3445,-20.3414],[126.3647,-20.2828],[126.5076,-20.0146],[126.8042,-19.1971],[126.8256,-19.1823],[126.8289,-19.1569],[126.8262,-19.1555],[126.6943,-19.0829],[126.5955,-19.1036],[126.4417,-19.1036],[126.3098,-19.0206],[126.3039,-18.9482],[126.2868,-18.9438],[126.2219,-18.9271],[126.0571,-18.9271],[125.8759,-18.8543],[125.766,-18.7451],[125.6342,-18.5421],[125.5463,-18.4275],[125.4989,-18.4222],[125.4853,-18.4207],[125.4529,-18.4171],[125.3101,-18.4848],[125.0354,-18.49],[124.9091,-18.4744],[124.8816,-18.4796]]]},"properties":{"NAME":"Walmatjarri","SUBJECTO":"Walmatjarri","PARTOF":"Walmatjarri","BORDERPRECISION":3,"LINK":null}},
{"type":"Feature","geometry":{"type":"Polygon","coordinates":[[[151.7921,-25.1637],[151.7888,-25.15],[151.7816,-25.1204],[151.7157,-25.0259],[151.6272,-25.023],[151.567,-25.0211],[151.5619,-25.0209],[151.3477,-25.0955],[151.2268,-25.2397],[151.0675,-25.3986],[150.9467,-25.5424],[150.8807,-25.6514],[150.873,-25.6608],[150.8826,-25.6682],[151.0291,-25.7801],[151.2378,-25.9679],[151.474,-26.2442],[151.5619,-26.446],[151.5839,-26.6278],[151.9739,-26.8339],[152.0618,-26.9661],[152.1606,-27.1129],[152.1801,-27.149],[152.2181,-27.2195],[152.2375,-27.2204],[152.3694,-27.196],[152.5067,-27.2058],[152.5507,-27.2644],[152.6276,-27.323],[152.7144,-27.3307],[152.7374,-27.3327],[152.7979,-27.2986],[152.8047,-27.281],[152.8297,-27.2171],[152.8418,-27.1862],[152.8857,-27.1374],[152.9297,-27.0591],[152.9192,-27.043],[152.8528,-26.9417],[152.5562,-26.7799],[152.2375,-26.3968],[152.0673,-26.2294],[152.0123,-26.0765],[151.9299,-25.8889],[151.908,-25.696],[151.8805,-25.5276],[151.7921,-25.1637]]]},"properties":{"NAME":"Waka Waka","SUBJECTO":"Waka Waka","PARTOF":"Waka Waka","BORDERPRECISION":3,"LINK":null}},
{"type":"Feature","geometry":{"type":"Polygon","coordinates":[[[141.7059,-15.2091],[141.7085,-15.2177],[141.725,-15.2186],[141.7287,-15.2122],[141.7289,-15.2122],[141.7291,-15.2115],[141.7456,-15.1358],[141.8335,-14.9448],[141.8979,-14.9298],[141.9066,-14.9182],[141.8994,-14.9182],[141.9763,-14.7961],[142.0093,-14.6421],[141.999,-14.4984],[141.9983,-14.4985],[141.795,-14.4985],[141.5918,-14.4932],[141.5241,-14.4932],[141.4939,-14.5745],[141.5479,-14.8598],[141.5539,-14.8868],[141.6524,-15.0361],[141.7059,-15.2091]]]},"properties":{"NAME":"Thaayorre","SUBJECTO":"Thaayorre","PARTOF":"Thaayorre","BORDERPRECISION":3,"LINK":null}},
{"type":"Feature","geometry":{"type":"Polygon","coordinates":[[[119.9166,-32.1804],[119.5058,-31.8945],[119.1216,-31.6986],[118.8691,-31.5303],[118.7703,-31.4274],[118.6495,-31.343],[118.4977,-31.217],[118.3518,-31.0673],[118.2652,-30.9072],[118.2157,-30.862],[118.1864,-30.9013],[117.9163,-31.2645],[117.724,-31.527],[117.5262,-31.9568],[117.5372,-32.2128],[117.6038,-32.3815],[117.6121,-32.4024],[117.6691,-32.5468],[117.7428,-32.6329],[118.0371,-32.9764],[118.1085,-33.0562],[118.1525,-33.1053],[118.4122,-33.129],[118.4914,-33.1362],[118.4766,-33.1099],[119.1687,-33.1376],[119.6082,-33.1376],[119.9484,-33.153],[120.0349,-33.148],[120.1931,-33.0856],[120.3278,-32.9534],[120.3937,-32.7734],[120.395,-32.7612],[120.3121,-32.6534],[120.2303,-32.5538],[120.1711,-32.4765],[120.0657,-32.3407],[119.9888,-32.2294],[119.9166,-32.1804]]]},"properties":{"NAME":"Nyaki-nyaki","SUBJECTO":"Nyaki-nyaki","PARTOF":"Nyaki-nyaki","BORDERPRECISION":3,"LINK":null}},
{"type":"Feature","geometry":{"type":"Polygon","coordinates":[[[145.5938,-36.2022],[145.6018,-36.1867],[145.6336,-36.1481],[145.6677,-36.1068],[145.7556,-36.0802],[145.7877,-36.0932],[145.7892,-36.0908],[145.7666,-36.0491],[145.7666,-35.9958],[145.7983,-35.9878],[145.5469,-35.9246],[145.1953,-35.7287],[145.1349,-35.3022],[145.1129,-35.3218],[144.9207,-35.4472],[144.668,-35.5814],[144.5746,-35.7421],[144.5251,-35.8534],[144.5554,-35.9246],[144.7064,-35.9802],[144.8218,-36.0513],[144.8685,-36.0802],[144.8569,-36.1118],[144.8465,-36.1401],[144.8458,-36.1422],[145.0003,-36.1867],[145.2557,-36.2088],[145.5002,-36.2133],[145.5938,-36.2022]]]},"properties":{"NAME":"Yorta Yorta","SUBJECTO":"Yorta Yorta","PARTOF":"Yorta Yorta","BORDERPRECISION":3,"LINK":null}},
{"type":"Feature","geometry":{"type":"Polygon","coordinates":[[[149.5898,-35.3801],[149.5135,-35.3739],[149.4879,-35.3718],[149.4415,-35.368],[149.2603,-35.3532],[148.8428,-35.2366],[148.5654,-35.1827],[148.3813,-35.1469],[148.1396,-35.1469],[148.1396,-35.2053],[148.1396,-35.3353],[148.0957,-35.6394],[148.0052,-36.0062],[147.9858,-36.0846],[147.8101,-36.0846],[147.8101,-36.2797],[147.8101,-36.4831],[147.8101,-36.7389],[147.843,-36.9674],[147.9968,-37.099],[148.0368,-37.1787],[148.0751,-37.2549],[148.0847,-37.2741],[148.2495,-37.3789],[148.2555,-37.3794],[148.3594,-37.3876],[148.3862,-37.3676],[148.5352,-37.2566],[149.0295,-37.0815],[149.3372,-37.0727],[149.5006,-37.0379],[149.502,-37.0376],[149.502,-36.9818],[149.502,-36.7037],[149.491,-36.3151],[149.491,-35.8356],[149.5898,-35.3801]]]},"properties":{"NAME":"Ngarigo","SUBJECTO":"Ngarigo","PARTOF":"Ngarigo","BORDERPRECISION":3,"LINK":null}},
{"type":"Feature","geometry":{"type":"Polygon","coordinates":[[[145.954,-28.0629],[145.9094,-28.2463],[145.7666,-28.5845],[145.5654,-28.9188],[145.5579,-28.9312],[145.6057,-28.9731],[145.6249,-28.9899],[145.6567,-29.0177],[145.6708,-29.0588],[145.7093,-29.1709],[145.7556,-29.3056],[145.7542,-29.3308],[145.7336,-29.7071],[145.7945,-29.6735],[145.796,-29.6727],[145.8545,-29.6403],[146.0632,-29.669],[146.4587,-29.7071],[146.6565,-29.7358],[146.7773,-29.8311],[146.8372,-29.8586],[146.8432,-29.8471],[146.9998,-29.5472],[147.2827,-29.3367],[147.4393,-29.1282],[147.4393,-29.0421],[147.3953,-29.0426],[147.2633,-29.0035],[147.1165,-28.8999],[146.9864,-28.8743],[146.8561,-28.8382],[146.7208,-28.7724],[146.4023,-28.5157],[146.1951,-28.3431],[146.0028,-28.1107],[145.96,-28.0381],[145.954,-28.0629]]]},"properties":{"NAME":"Muruwari","SUBJECTO":"Muruwari","PARTOF":"Muruwari","BORDERPRECISION":3,"LINK":null}},
{"type":"Feature","geometry":{"type":"Polygon","coordinates":[[[116.8211,-20.7845],[116.8117,-20.7847],[116.8116,-20.7847],[116.7792,-20.828],[116.8341,-20.8691],[116.922,-20.8999],[116.9879,-20.9768],[117.0704,-21.0253],[117.0937,-21.039],[117.1802,-21.0332],[117.4219,-21.0999],[117.5647,-21.146],[117.6746,-21.1921],[117.9053,-21.274],[117.9621,-21.3172],[117.975,-21.3136],[117.9163,-21.1562],[117.8833,-21.0384],[117.8448,-20.8947],[117.7954,-20.6893],[117.7939,-20.6384],[117.7552,-20.6754],[117.5969,-20.7583],[117.4032,-20.7778],[117.0881,-20.7785],[116.8211,-20.7845]]]},"properties":{"NAME":"Ngarluma","SUBJECTO":"Ngarluma","PARTOF":"Ngarluma","BORDERPRECISION":3,"LINK":null}},
{"type":"Feature","geometry":{"type":"Polygon","coordinates":[[[142.9102,-19.4562],[142.903,-19.4646],[142.9159,-19.4732],[142.9761,-19.5132],[142.8223,-19.7977],[142.5861,-19.9992],[142.4817,-20.123],[142.6025,-20.2467],[142.9267,-20.5843],[143.0882,-20.5386],[143.0969,-20.4682],[143.6682,-20.4888],[144.1033,-20.4503],[144.1187,-20.4167],[144.1187,-20.2416],[144.1516,-19.9527],[144.1621,-19.6479],[144.0567,-19.6129],[144.0088,-19.6322],[143.9861,-19.6051],[143.9698,-19.5855],[143.9539,-19.5805],[143.5583,-19.5701],[143.2947,-19.508],[143.053,-19.4562],[142.9102,-19.4562]]]},"properties":{"NAME":"Mbara","SUBJECTO":"Mbara","PARTOF":"Mbara","BORDERPRECISION":3,"LINK":null}},
{"type":"Feature","geometry":{"type":"Polygon","coordinates":[[[151.3916,-29.8105],[151.3892,-29.8129],[151.3916,-29.8162],[151.3916,-29.893],[151.5894,-30.1024],[151.6772,-30.1831],[151.8475,-30.3112],[152.0943,-30.4665],[152.1112,-30.4771],[152.1318,-30.4819],[152.3969,-30.5433],[152.7429,-30.6237],[152.9508,-30.6656],[152.965,-30.6231],[153.2027,-29.9101],[153.3286,-29.3144],[153.3032,-29.3199],[153.2098,-29.3247],[153.0615,-29.3774],[152.9517,-29.5209],[152.8732,-29.604],[152.8088,-29.6117],[152.6559,-29.604],[152.4628,-29.54],[152.2595,-29.5161],[152.185,-29.5194],[152.0921,-29.5285],[152.0672,-29.5109],[152.064,-29.4835],[152.0704,-29.4567],[151.853,-29.4539],[151.7883,-29.4471],[151.7542,-29.5065],[151.5125,-29.6881],[151.3916,-29.8105]]]},"properties":{"NAME":"Gumbainggir","SUBJECTO":"Gumbainggir","PARTOF":"Gumbainggir","BORDERPRECISION":3,"LINK":null}},
{"type":"Feature","geometry":{"type":"Polygon","coordinates":[[[142.6154,-13.0741],[142.8578,-13.0741],[142.9431,-13.0099],[142.9737,-12.9936],[142.9795,-12.9904],[142.9843,-12.9778],[142.9788,-12.8252],[142.9678,-12.6779],[142.939,-12.6216],[142.9235,-12.6216],[142.858,-12.6216],[142.6382,-12.4961],[142.6382,-12.6511],[142.6163,-12.8172],[142.6108,-13.0153],[142.6001,-13.0518],[142.6154,-13.0741]]]},"properties":{"NAME":"Yinwum","SUBJECTO":"Yinwum","PARTOF":"Yinwum","BORDERPRECISION":3,"LINK":null}},
{"type":"Feature","geometry":{"type":"Polygon","coordinates":[[[130.1786,-14.0373],[130.1591,-14.054],[130.0768,-14.082],[130.0459,-14.0918],[130.1056,-14.1166],[130.1056,-14.1277],[130.21,-14.094],[130.2924,-14.0034],[130.3014,-13.9114],[130.2403,-13.8873],[130.225,-13.8975],[130.2264,-13.8981],[130.2278,-13.9327],[130.2162,-13.9777],[130.2125,-13.992],[130.2072,-14.0127],[130.1904,-14.0271],[130.1852,-14.0353],[130.1786,-14.0373]]]},"properties":{"NAME":"Marramaninjsji","SUBJECTO":"Marramaninjsji","PARTOF":"Marramaninjsji","BORDERPRECISION":3,"LINK":null}},
{"type":"Feature","geometry":{"type":"Polygon","coordinates":[[[148.6091,-21.6598],[148.5876,-21.6596],[148.3978,-21.6574],[147.9858,-21.6574],[147.8375,-21.6013],[147.7775,-21.5853],[147.7936,-21.7595],[147.7828,-21.8195],[147.7826,-21.8207],[147.7312,-21.8207],[147.7277,-21.8972],[147.7277,-22.0347],[147.7606,-22.1416],[147.7606,-22.2738],[147.7332,-22.3602],[147.7002,-22.4313],[147.7032,-22.4435],[147.7127,-22.4821],[147.7277,-22.543],[147.7771,-22.6495],[147.8705,-22.7458],[147.8994,-22.7287],[147.9034,-22.6799],[147.9189,-22.6728],[148.0792,-22.5988],[148.2825,-22.4821],[148.4967,-22.345],[148.5141,-22.3413],[148.5751,-22.3281],[148.5846,-22.1925],[148.5846,-21.9838],[148.5846,-21.7697],[148.6091,-21.6598]]]},"properties":{"NAME":"Barna","SUBJECTO":"Barna","PARTOF":"Barna","BORDERPRECISION":3,"LINK":null}},
{"type":"Feature","geometry":{"type":"Polygon","coordinates":[[[143.4059,-13.3442],[143.421,-13.3789],[143.421,-13.395],[143.4569,-13.395],[143.4537,-13.3434],[143.4375,-13.0806],[143.3784,-12.8428],[143.3606,-12.8654],[143.2892,-12.8975],[143.2205,-12.9269],[143.1572,-12.9555],[143.1903,-12.9831],[143.3441,-13.2025],[143.4059,-13.3442]]]},"properties":{"NAME":"Uutaalnganu","SUBJECTO":"Uutaalnganu","PARTOF":"Uutaalnganu","BORDERPRECISION":3,"LINK":null}},
{"type":"Feature","geometry":{"type":"Polygon","coordinates":[[[140.9985,-36.255],[140.9985,-36.3137],[140.9985,-36.5185],[140.9879,-36.7491],[140.9875,-36.7565],[140.9886,-36.7631],[141.0082,-36.8885],[141.0095,-36.8972],[141.0133,-36.8964],[141.4709,-36.8005],[141.9104,-36.8005],[142.1301,-36.6155],[142.3279,-36.4478],[142.4597,-36.3151],[142.7454,-36.3151],[142.9382,-36.3524],[142.9842,-36.3613],[143.02,-36.3682],[143.1958,-36.324],[143.4155,-36.262],[143.7012,-36.2266],[143.866,-36.1467],[143.9114,-36.1101],[143.9539,-36.0757],[143.9725,-36.038],[143.9978,-35.9869],[143.9539,-35.8623],[143.7781,-35.8356],[143.715,-35.81],[143.684,-35.7975],[143.5583,-35.7465],[143.4265,-35.559],[143.3606,-35.3622],[143.3541,-35.3435],[143.3418,-35.3084],[143.3167,-35.2366],[143.2397,-35.012],[143.0444,-34.8608],[143.042,-34.8589],[143.0246,-34.855],[142.9643,-34.8415],[142.9641,-34.8415],[142.8003,-34.8048],[142.4158,-34.7145],[142.1082,-34.6694],[141.7566,-34.588],[141.7028,-34.6088],[141.5698,-34.6603],[141.5259,-34.6965],[141.4542,-34.7554],[141.438,-34.7687],[141.4147,-34.8165],[141.394,-34.8589],[141.2842,-35.2097],[141.1414,-35.5322],[140.9985,-35.9602],[140.9985,-36.2531],[140.9985,-36.255]]]},"properties":{"NAME":"Wergaia","SUBJECTO":"Wergaia","PARTOF":"Wergaia","BORDERPRECISION":3,"LINK":null}},
{"type":"Feature","geometry":{"type":"Polygon","coordinates":[[[125.9385,-18.0475],[125.9567,-18.0394],[126.0571,-17.9265],[126.2219,-17.7278],[126.2744,-17.7182],[126.189,-17.5917],[126.0352,-17.4764],[125.8044,-17.4345],[125.7937,-17.4169],[125.7825,-17.4502],[125.6616,-17.5655],[125.4803,-17.6702],[125.3372,-17.6495],[125.3485,-17.6702],[125.3979,-17.7696],[125.4803,-17.9056],[125.5792,-17.984],[125.6506,-18.0728],[125.6846,-18.0898],[125.744,-18.0466],[125.9253,-18.0466],[125.9385,-18.0475]]]},"properties":{"NAME":"Punuba","SUBJECTO":"Punuba","PARTOF":"Punuba","BORDERPRECISION":3,"LINK":null}},
{"type":"Feature","geometry":{"type":"Polygon","coordinates":[[[132.2739,-19.2761],[132.3938,-19.3272],[132.4731,-19.3111],[132.9785,-19.2697],[133.4839,-19.1244],[133.7476,-18.8543],[133.374,-18.4483],[133.4283,-18.261],[133.4189,-18.2508],[133.3411,-18.1667],[133.3411,-17.9474],[133.352,-17.7487],[133.2793,-17.7444],[133.0194,-17.7292],[132.2809,-17.6859],[132.0117,-17.801],[131.6382,-17.9108],[131.5094,-17.9698],[131.5056,-17.9715],[131.4899,-17.9787],[131.1053,-18.0623],[130.9736,-18.1232],[131.0289,-18.1616],[131.2317,-18.3024],[131.5942,-18.5629],[131.748,-18.7295],[132.0557,-18.9479],[132.1985,-19.1555],[132.2739,-19.2761]]]},"properties":{"NAME":"Warlmanpa","SUBJECTO":"Warlmanpa","PARTOF":"Warlmanpa","BORDERPRECISION":3,"LINK":null}},
{"type":"Feature","geometry":{"type":"Polygon","coordinates":[[[148.3605,-26.5164],[148.3587,-26.5061],[148.372,-26.3319],[148.3897,-26.1733],[148.3985,-26.1177],[148.3804,-26.0934],[148.372,-26.082],[148.332,-26.0692],[148.3327,-26.1047],[148.3332,-26.1372],[148.3699,-26.2099],[148.3115,-26.3312],[148.2194,-26.5227],[148.1982,-26.5365],[148.1808,-26.5606],[148.1808,-26.5864],[148.1692,-26.6433],[148.1557,-26.6968],[148.1364,-26.7433],[148.0998,-26.7605],[148.0458,-26.7795],[148.011,-26.7829],[147.8543,-26.7693],[147.5171,-26.7863],[147.2375,-26.7839],[146.9335,-26.7766],[146.9062,-26.7887],[146.8519,-26.8202],[146.7786,-26.8493],[146.6836,-26.8807],[146.6266,-26.9001],[146.5046,-26.9593],[146.4301,-27.0081],[146.3821,-27.1465],[146.3768,-27.162],[146.4327,-27.2478],[146.6182,-27.2682],[146.8062,-27.1529],[146.8643,-27.1379],[146.946,-27.1167],[146.9715,-27.1408],[146.9831,-27.1762],[147.0014,-27.2317],[147.0191,-27.3305],[147.0561,-27.5011],[147.0861,-27.5996],[147.1143,-27.5934],[147.1795,-27.5418],[147.2377,-27.487],[147.2536,-27.4589],[147.2818,-27.4354],[147.3347,-27.4573],[147.3859,-27.5418],[147.43,-27.6449],[147.5349,-27.6955],[147.5371,-27.6956],[147.6781,-27.7005],[147.911,-27.7104],[148.0176,-27.7104],[148.1411,-27.7204],[148.2843,-27.78],[148.4038,-27.8701],[148.4351,-27.8567],[148.4837,-27.8331],[148.5416,-27.8105],[148.5405,-27.8098],[148.4974,-27.7819],[148.4769,-27.743],[148.4901,-27.6989],[148.489,-27.6951],[148.471,-27.634],[148.4448,-27.6148],[148.4373,-27.6093],[148.4168,-27.5925],[148.4269,-27.5475],[148.4313,-27.5446],[148.4716,-27.522],[148.5144,-27.5016],[148.5489,-27.4782],[148.5493,-27.4727],[148.5525,-27.4264],[148.5386,-27.3426],[148.5192,-27.1621],[148.4388,-26.93],[148.3833,-26.7518],[148.375,-26.6007],[148.3605,-26.5164]]]},"properties":{"NAME":"Gunggari","SUBJECTO":"Gunggari","PARTOF":"Gunggari","BORDERPRECISION":3,"LINK":null}},
{"type":"Feature","geometry":{"type":"Polygon","coordinates":[[[151.6659,-31.0395],[151.8146,-30.9211],[151.9958,-30.756],[152.1112,-30.567],[152.1318,-30.4819],[152.1112,-30.4771],[152.0943,-30.4665],[151.8475,-30.3112],[151.6772,-30.1831],[151.5894,-30.1024],[151.3916,-29.893],[151.3916,-29.8162],[151.3892,-29.8129],[151.3806,-29.8216],[151.3257,-29.874],[151.1444,-29.8883],[151.084,-29.8788],[150.9961,-29.8406],[150.9961,-29.8883],[150.9741,-30.1071],[150.9631,-30.3444],[150.9741,-30.6474],[151.062,-30.8079],[151.2158,-30.9776],[151.3147,-31.1094],[151.4246,-31.0529],[151.6138,-31.0607],[151.6608,-31.0435],[151.6659,-31.0395]]]},"properties":{"NAME":"Nganyaywana","SUBJECTO":"Nganyaywana","PARTOF":"Nganyaywana","BORDERPRECISION":3,"LINK":null}},
{"type":"Feature","geometry":{"type":"Polygon","coordinates":[[[125.7916,-17.4135],[125.7937,-17.4169],[125.8044,-17.4345],[126.0352,-17.4764],[126.189,-17.5917],[126.2744,-17.7182],[126.309,-17.712],[126.4526,-17.6859],[126.7053,-17.5707],[126.958,-17.4974],[127.1448,-17.3821],[127.3425,-17.3297],[127.4963,-17.2038],[127.3645,-16.9097],[127.3206,-16.6678],[127.3535,-16.415],[127.4084,-16.0775],[127.4583,-16.0406],[127.4642,-16.0036],[127.2986,-16.0036],[127.0789,-16.0036],[126.958,-16.088],[126.936,-16.3307],[126.8591,-16.5625],[126.6614,-16.773],[126.5295,-16.8992],[126.2878,-16.9517],[126.145,-16.8571],[125.9363,-16.8361],[125.8594,-16.9307],[125.7715,-17.0043],[125.6849,-17.0693],[125.6664,-17.0832],[125.6836,-17.2143],[125.7275,-17.3087],[125.7916,-17.4135]]]},"properties":{"NAME":"Worla","SUBJECTO":"Worla","PARTOF":"Worla","BORDERPRECISION":3,"LINK":null}},
{"type":"Feature","geometry":{"type":"Polygon","coordinates":[[[140.0867,-20.1797],[140.0761,-20.1451],[140.0647,-20.1075],[140.0222,-20.1135],[140.064,-20.1583],[140.0647,-20.1591],[140.0622,-20.1602],[139.979,-20.1966],[139.8999,-20.2313],[139.5483,-20.2416],[139.0649,-20.3961],[138.9034,-20.3608],[138.9052,-20.3652],[138.9111,-20.3652],[139.043,-20.6122],[139.077,-20.9148],[139.0898,-20.9685],[139.1418,-21.187],[139.1528,-21.5757],[139.2078,-21.5434],[139.2572,-21.5144],[139.2627,-21.5157],[139.6143,-21.5962],[140.0592,-21.7187],[140.2405,-21.8054],[140.3247,-21.7865],[140.3721,-21.7758],[140.4218,-21.7646],[140.7294,-21.7391],[140.7657,-21.7193],[140.7391,-21.6636],[140.658,-21.494],[140.5151,-21.2075],[140.3776,-20.8816],[140.3723,-20.8691],[140.4004,-20.799],[140.3723,-20.7612],[140.202,-20.5094],[140.1361,-20.3498],[140.0885,-20.186],[140.0867,-20.1797]]]},"properties":{"NAME":"Kalkadoon","SUBJECTO":"Kalkadoon","PARTOF":"Kalkadoon","BORDERPRECISION":3,"LINK":null}},
{"type":"Feature","geometry":{"type":"Polygon","coordinates":[[[121.306,-27.5283],[121.2781,-27.401],[121.1517,-27.279],[121.1023,-27.1911],[121.0144,-27.064],[120.9265,-26.9074],[120.8881,-26.7848],[120.8496,-26.5934],[120.8386,-26.4657],[120.8262,-26.4308],[120.7947,-26.4214],[120.7816,-26.4138],[120.6079,-26.3131],[120.4102,-26.2442],[119.9487,-26.0963],[119.6411,-25.9975],[119.2346,-25.8098],[118.9128,-25.8098],[118.8831,-25.9926],[118.7512,-26.2097],[118.6249,-26.446],[118.3557,-26.775],[118.2294,-27.0396],[118.0391,-27.1647],[118.029,-27.1871],[118.0206,-27.2058],[118.0975,-27.3913],[118.3282,-27.7127],[118.537,-27.8439],[118.6523,-28.0332],[118.7283,-28.1003],[118.7339,-28.0972],[118.8336,-28.0429],[118.949,-27.8391],[119.1248,-27.5521],[119.2291,-27.401],[119.3225,-27.2839],[119.6027,-27.2693],[119.7235,-27.2839],[119.9707,-27.323],[120.0641,-27.3279],[120.2179,-27.3523],[120.3552,-27.3913],[120.5035,-27.4595],[120.6793,-27.5083],[120.8661,-27.5375],[120.976,-27.5326],[121.1792,-27.5326],[121.2884,-27.5289],[121.306,-27.5283]]]},"properties":{"NAME":"Tjupany","SUBJECTO":"Tjupany","PARTOF":"Tjupany","BORDERPRECISION":3,"LINK":null}},
{"type":"Feature","geometry":{"type":"Polygon","coordinates":[[[143.08,-20.6052],[143.0882,-20.5386],[142.9267,-20.5843],[142.8846,-20.5963],[142.6646,-20.6585],[142.6465,-20.6636],[142.6102,-20.6585],[142.2839,-20.6122],[141.8225,-20.5917],[141.5588,-20.3858],[141.438,-20.1385],[141.3501,-20.0353],[141.3218,-20.0441],[141.2818,-20.0567],[141.1194,-20.1075],[140.7788,-20.2519],[140.5042,-20.5402],[140.4004,-20.799],[140.3723,-20.8691],[140.3776,-20.8816],[140.5151,-21.2075],[140.658,-21.494],[140.7391,-21.6636],[140.7657,-21.7193],[140.7898,-21.7697],[140.8557,-21.9634],[140.949,-21.9382],[141.0257,-21.9174],[141.1194,-21.8921],[141.3721,-21.7493],[141.6577,-21.7085],[142.0422,-21.7697],[142.1741,-21.8615],[142.5366,-21.8819],[142.7563,-21.8411],[142.9761,-21.7289],[143.2397,-21.6983],[143.3239,-21.6815],[143.3215,-21.619],[143.3167,-21.494],[143.2617,-21.2791],[143.1189,-21.0537],[143.064,-20.7356],[143.08,-20.6052]]]},"properties":{"NAME":"Wunumara","SUBJECTO":"Wunumara","PARTOF":"Wunumara","BORDERPRECISION":3,"LINK":null}},
{"type":"Feature","geometry":{"type":"Polygon","coordinates":[[[131.0407,-25.4659],[130.946,-25.7504],[130.8252,-25.9185],[130.7813,-26.0765],[130.8032,-26.3328],[130.8362,-26.5197],[130.8691,-26.7358],[130.8252,-27.02],[130.7043,-27.3327],[130.7043,-27.464],[130.7043,-27.4829],[130.7813,-27.5375],[130.979,-27.7711],[131.2756,-28.0429],[131.7151,-28.2463],[132.1191,-28.4001],[132.1244,-28.4011],[132.605,-28.4011],[132.9236,-28.3431],[133.2487,-28.3154],[133.2642,-28.3141],[133.4639,-28.3922],[133.5059,-28.2076],[133.3411,-27.8002],[133.2422,-27.2546],[133.1104,-26.8927],[133.0664,-26.7162],[133.007,-26.4581],[132.9703,-26.4636],[132.9236,-26.4706],[132.8357,-26.3427],[132.627,-26.1949],[132.2314,-26.0173],[131.9348,-25.879],[131.5009,-25.7009],[131.2097,-25.5969],[131.0596,-25.525],[131.0339,-25.5127],[131.0407,-25.4659]]]},"properties":{"NAME":"Yankuntjatjara","SUBJECTO":"Yankuntjatjara","PARTOF":"Yankuntjatjara","BORDERPRECISION":3,"LINK":null}},
{"type":"Feature","geometry":{"type":"Polygon","coordinates":[[[129.8408,-28.3701],[129.8451,-28.2962],[129.8474,-28.256],[130.2209,-27.8488],[130.4407,-27.6446],[130.5843,-27.5294],[130.5835,-27.518],[130.5433,-27.5159],[130.5066,-27.5278],[130.177,-27.5278],[129.7156,-27.4985],[129.3311,-27.2449],[129.1113,-26.9612],[128.8916,-26.618],[128.8916,-26.3131],[128.8546,-26.0055],[128.573,-25.9975],[128.2104,-25.9975],[127.9358,-26.2047],[127.8259,-26.382],[127.6831,-26.4804],[127.3645,-26.5394],[127.3379,-26.5296],[127.4304,-26.5787],[127.3096,-26.5885],[127.0716,-26.5836],[127.0143,-26.6108],[127.1448,-26.8633],[127.2327,-27.2742],[127.3206,-27.7905],[127.2766,-28.1495],[127.3693,-28.52],[127.3755,-28.517],[127.4176,-28.5601],[127.4463,-28.5895],[127.5623,-28.5556],[127.9907,-28.4397],[128.573,-28.4011],[129.1882,-28.3624],[129.5947,-28.3624],[129.8408,-28.3701]]]},"properties":{"NAME":"Nakako","SUBJECTO":"Nakako","PARTOF":"Nakako","BORDERPRECISION":3,"LINK":null}},
{"type":"Feature","geometry":{"type":"Polygon","coordinates":[[[147.8101,-36.0846],[147.4365,-36.0846],[147.2251,-36.1002],[147.2052,-36.1016],[147.2278,-36.129],[147.2717,-36.3594],[147.2923,-36.5331],[147.2937,-36.5714],[147.2937,-36.7741],[147.2278,-36.9499],[147.1908,-37.009],[147.2038,-37.0209],[147.2937,-37.1034],[147.42,-37.2915],[147.5079,-37.4138],[147.5464,-37.4836],[147.7057,-37.4051],[147.7936,-37.3483],[147.8815,-37.2784],[148.0368,-37.1787],[147.9968,-37.099],[147.843,-36.9674],[147.8101,-36.7389],[147.8101,-36.4831],[147.8101,-36.2797],[147.8101,-36.0846]]]},"properties":{"NAME":"Jaitmatang","SUBJECTO":"Jaitmatang","PARTOF":"Jaitmatang","BORDERPRECISION":3,"LINK":null}},
{"type":"Feature","geometry":{"type":"Polygon","coordinates":[[[124.3678,-27.5186],[124.3872,-27.5083],[124.4224,-27.5239],[124.6069,-27.6057],[124.8267,-27.7808],[125.0684,-28.0332],[125.2661,-28.1301],[125.4639,-28.285],[125.7935,-28.4783],[125.9253,-28.5556],[126.2988,-28.6713],[126.5625,-28.8254],[126.6504,-28.8832],[126.936,-28.8254],[127.1338,-28.6327],[127.2815,-28.562],[127.3693,-28.52],[127.2766,-28.1495],[127.3206,-27.7905],[127.2327,-27.2742],[127.1448,-26.8633],[127.0143,-26.6108],[127.0129,-26.6082],[126.9489,-26.581],[126.8372,-26.5787],[126.3757,-26.4411],[126.1121,-26.2244],[125.7825,-26.0963],[125.4858,-25.9086],[125.2551,-25.9086],[124.8816,-26.1357],[124.7058,-26.4214],[124.6399,-26.6082],[124.53,-26.8535],[124.4861,-27.1569],[124.3933,-27.3968],[124.3652,-27.4693],[124.3571,-27.4645],[124.3678,-27.5186]]]},"properties":{"NAME":"Mandjindja","SUBJECTO":"Mandjindja","PARTOF":"Mandjindja","BORDERPRECISION":3,"LINK":null}},
{"type":"Feature","geometry":{"type":"Polygon","coordinates":[[[127.4463,-28.5895],[127.6392,-28.7869],[127.8589,-29.0562],[128.3423,-29.497],[128.4741,-29.7834],[128.4529,-30.1138],[128.4631,-30.1261],[128.7817,-30.1071],[129.0564,-30.0976],[129.342,-30.0881],[129.7266,-30.1071],[130.155,-30.1166],[130.8691,-30.1831],[131.2537,-30.2116],[131.3529,-30.2217],[131.0229,-30.1166],[130.6604,-29.9454],[130.561,-29.8905],[130.5139,-29.8646],[130.2979,-29.7453],[129.9902,-29.4683],[129.9023,-29.133],[129.8254,-28.6327],[129.8408,-28.3701],[129.5947,-28.3624],[129.1882,-28.3624],[128.573,-28.4011],[127.9907,-28.4397],[127.5623,-28.5556],[127.4463,-28.5895]]]},"properties":{"NAME":"Ngalea","SUBJECTO":"Ngalea","PARTOF":"Ngalea","BORDERPRECISION":3,"LINK":null}},
{"type":"Feature","geometry":{"type":"Polygon","coordinates":[[[144.2509,-37.4309],[144.2834,-37.5794],[144.3494,-37.7273],[144.4043,-37.8835],[144.5251,-37.9529],[144.5691,-37.9456],[144.6141,-37.9381],[144.7339,-37.9182],[144.8877,-37.8749],[144.9866,-37.8575],[145.1514,-37.9442],[145.3931,-38.0308],[145.6787,-38.2123],[146.0522,-38.3589],[146.3069,-38.3838],[146.3214,-38.3201],[146.3214,-38.319],[146.3214,-38.2166],[146.3214,-38.1302],[146.4093,-37.9745],[146.3873,-37.8315],[146.2939,-37.6577],[146.1786,-37.5228],[146.1727,-37.4884],[146.1621,-37.4923],[145.8765,-37.4879],[145.6293,-37.4007],[145.47,-37.3483],[145.1788,-37.2434],[144.9426,-37.1647],[144.7614,-37.1384],[144.5911,-37.1384],[144.4738,-37.1521],[144.4749,-37.1638],[144.4344,-37.185],[144.4192,-37.215],[144.4637,-37.2393],[144.4728,-37.2618],[144.5082,-37.2968],[144.53,-37.3194],[144.5525,-37.3423],[144.405,-37.4298],[144.3591,-37.4144],[144.3573,-37.4144],[144.3026,-37.413],[144.2509,-37.4309]]]},"properties":{"NAME":"Wurundjeri","SUBJECTO":"Wurundjeri","PARTOF":"Wurundjeri","BORDERPRECISION":3,"LINK":null}},
{"type":"Feature","geometry":{"type":"Polygon","coordinates":[[[117.8143,-20.6189],[117.7939,-20.6384],[117.7954,-20.6893],[117.8448,-20.8947],[117.8833,-21.0384],[117.9163,-21.1562],[117.975,-21.3136],[117.982,-21.3323],[118.114,-21.4326],[118.3942,-21.5502],[118.6159,-21.6265],[118.6417,-21.5996],[118.6359,-21.54],[118.6963,-21.315],[118.7402,-21.1511],[118.8007,-20.9871],[118.8062,-20.6174],[118.7567,-20.4991],[118.6743,-20.4219],[118.6209,-20.3749],[118.6087,-20.3811],[118.1907,-20.4138],[117.9685,-20.4715],[117.8143,-20.6189]]]},"properties":{"NAME":"Kariyarra","SUBJECTO":"Kariyarra","PARTOF":"Kariyarra","BORDERPRECISION":3,"LINK":null}},
{"type":"Feature","geometry":{"type":"Polygon","coordinates":[[[144.2114,-38.4382],[144.1022,-38.4321],[144.0008,-38.3977],[143.8715,-38.4665],[143.7231,-38.5653],[143.6008,-38.5681],[143.5858,-38.5739],[143.5693,-38.5688],[143.5309,-38.5696],[143.464,-38.5394],[143.4426,-38.5346],[143.4485,-38.5739],[143.3441,-38.6426],[143.2562,-38.7284],[143.1519,-38.7541],[143.1483,-38.7472],[143.1079,-38.7712],[143.2178,-38.8568],[143.3441,-38.8868],[143.5199,-38.9124],[143.7341,-38.8311],[143.9429,-38.6855],[144.0582,-38.5696],[144.1681,-38.488],[144.2114,-38.4382]]]},"properties":{"NAME":"Gadubanud","SUBJECTO":"Gadubanud","PARTOF":"Gadubanud","BORDERPRECISION":3,"LINK":null}},
{"type":"Feature","geometry":{"type":"Polygon","coordinates":[[[144.5835,-36.5752],[144.8383,-36.5979],[145.1514,-36.5847],[145.3436,-36.567],[145.4205,-36.5052],[145.481,-36.408],[145.5469,-36.293],[145.5938,-36.2022],[145.5002,-36.2133],[145.2557,-36.2088],[145.0003,-36.1867],[144.8458,-36.1422],[144.8026,-36.2819],[144.7696,-36.3704],[144.6762,-36.4677],[144.6173,-36.5265],[144.6112,-36.5423],[144.5835,-36.5752]]]},"properties":{"NAME":"Ngurraiillam","SUBJECTO":"Ngurraiillam","PARTOF":"Ngurraiillam","BORDERPRECISION":3,"LINK":null}},
{"type":"Feature","geometry":{"type":"Polygon","coordinates":[[[122.8909,-17.0365],[122.8912,-17.0361],[122.9315,-16.9885],[123.0469,-16.9465],[123.0611,-16.9401],[123.0227,-16.856],[122.949,-16.7617],[122.927,-16.7335],[122.8629,-16.7335],[122.7859,-16.7414],[122.7595,-16.7414],[122.7283,-16.7414],[122.6651,-16.7362],[122.6529,-16.7362],[122.5641,-16.8952],[122.5429,-16.9174],[122.547,-16.9281],[122.5504,-16.9362],[122.558,-16.9438],[122.6431,-16.9859],[122.7283,-17.0043],[122.7887,-17.0121],[122.8629,-17.0253],[122.8902,-17.0362],[122.8909,-17.0365]]]},"properties":{"NAME":"Nyul Nyul","SUBJECTO":"Nyul Nyul","PARTOF":"Nyul Nyul","BORDERPRECISION":3,"LINK":null}},
{"type":"Feature","geometry":{"type":"Polygon","coordinates":[[[146.0907,-36.4876],[146.0358,-36.3726],[145.8984,-36.2398],[145.8215,-36.1068],[145.7912,-36.0946],[145.7877,-36.0932],[145.7556,-36.0802],[145.6677,-36.1068],[145.6336,-36.1481],[145.6018,-36.1867],[145.5938,-36.2022],[145.5469,-36.293],[145.481,-36.408],[145.4205,-36.5052],[145.3436,-36.567],[145.1514,-36.5847],[144.8383,-36.5979],[144.5835,-36.5752],[144.5673,-36.5737],[144.5416,-36.5714],[144.4794,-36.5631],[144.3768,-36.5494],[144.278,-36.567],[144.2652,-36.5773],[144.1846,-36.642],[144.1846,-36.7345],[144.212,-36.8489],[144.2505,-37.0069],[144.3164,-37.1253],[144.3369,-37.1416],[144.3658,-37.1647],[144.4738,-37.1521],[144.5911,-37.1384],[144.7614,-37.1384],[144.9426,-37.1647],[145.1788,-37.2434],[145.47,-37.3483],[145.6293,-37.4007],[145.8765,-37.4879],[146.1621,-37.4923],[146.1727,-37.4884],[146.1644,-37.44],[146.1621,-37.4269],[146.4093,-37.3396],[146.6785,-37.226],[146.9037,-37.0771],[146.9531,-37.0639],[146.9531,-37.0552],[146.9531,-37.0201],[146.8433,-36.9938],[146.6565,-36.9894],[146.5302,-36.9192],[146.3104,-36.7213],[146.2225,-36.6155],[146.0907,-36.4876]]]},"properties":{"NAME":"Taungurung","SUBJECTO":"Taungurung","PARTOF":"Taungurung","BORDERPRECISION":3,"LINK":null}},
{"type":"Feature","geometry":{"type":"Polygon","coordinates":[[[133.007,-26.4581],[133.0664,-26.7162],[133.1104,-26.8927],[133.2422,-27.2546],[133.3411,-27.8002],[133.5059,-28.2076],[133.4639,-28.3922],[133.5608,-28.4301],[133.6267,-28.5459],[134.1101,-28.6906],[134.3518,-28.8543],[134.5319,-28.9355],[134.6265,-28.8158],[134.7693,-28.4011],[134.9231,-27.8876],[135.011,-27.44],[135.2116,-27.1773],[135.0659,-27.02],[134.6924,-26.6867],[134.165,-26.254],[133.8715,-26.0783],[133.8135,-26.116],[133.3191,-26.3131],[133.1213,-26.4411],[133.007,-26.4581]]]},"properties":{"NAME":"Antakarinja","SUBJECTO":"Antakarinja","PARTOF":"Antakarinja","BORDERPRECISION":3,"LINK":null}},
{"type":"Feature","geometry":{"type":"Polygon","coordinates":[[[130.8886,-16.0863],[130.8661,-16.1029],[130.8691,-16.1039],[130.9021,-16.2621],[130.968,-16.3623],[130.9629,-16.3995],[130.9597,-16.4223],[131.0779,-16.4677],[131.2646,-16.552],[131.347,-16.6151],[131.3635,-16.7151],[131.391,-16.6998],[131.5613,-16.6046],[131.6972,-16.4973],[131.7426,-16.4308],[131.7821,-16.4319],[131.9403,-16.3149],[132.0392,-16.2305],[132.1106,-16.1092],[132.1436,-16.0036],[132.1371,-15.9394],[132.0557,-15.8504],[131.9403,-15.7764],[131.8524,-15.7923],[131.5228,-15.8292],[131.4294,-15.8129],[131.402,-15.8081],[131.4012,-15.791],[131.369,-15.7923],[131.369,-15.9085],[131.3306,-15.993],[131.0999,-15.9983],[130.9076,-16.0722],[130.8886,-16.0863]]]},"properties":{"NAME":"Karangpurru","SUBJECTO":"Karangpurru","PARTOF":"Karangpurru","BORDERPRECISION":3,"LINK":null}},
{"type":"Feature","geometry":{"type":"Polygon","coordinates":[[[116.2683,-21.3917],[116.1035,-21.5757],[115.9277,-21.7901],[115.6421,-22.1162],[115.3894,-22.3399],[115.3152,-22.4009],[115.31,-22.4051],[115.1917,-22.5024],[115.4443,-22.5227],[115.6531,-22.5633],[115.8069,-22.5734],[115.9391,-22.4701],[115.9497,-22.4618],[115.9999,-22.4525],[116.1694,-22.4212],[116.3013,-22.4212],[116.4221,-22.4313],[116.532,-22.4923],[116.6089,-22.5836],[116.7517,-22.6647],[116.8614,-22.7712],[116.8781,-22.7873],[116.9604,-22.8673],[116.9824,-22.8741],[116.9934,-22.8774],[117.2957,-22.8063],[117.4487,-22.7703],[117.4614,-22.7426],[117.4878,-22.685],[117.5427,-22.6089],[117.5977,-22.4466],[117.7075,-22.2738],[117.7679,-22.1213],[117.8229,-22.0859],[117.8229,-22.0704],[117.8067,-22.0564],[117.6746,-21.943],[117.4823,-21.8156],[117.2626,-21.734],[117.1417,-21.637],[117.0978,-21.5297],[116.944,-21.4224],[116.8778,-21.4106],[116.8414,-21.4041],[116.6858,-21.3764],[116.5179,-21.3407],[116.4502,-21.3263],[116.3727,-21.3098],[116.3452,-21.3508],[116.2683,-21.3917]]]},"properties":{"NAME":"Kurrama","SUBJECTO":"Kurrama","PARTOF":"Kurrama","BORDERPRECISION":3,"LINK":null}},
{"type":"Feature","geometry":{"type":"Polygon","coordinates":[[[140.602,-25.4865],[140.5804,-25.5288],[140.4822,-25.7207],[140.4163,-25.9185],[140.5024,-25.9499],[140.5659,-25.973],[140.8228,-26.0667],[140.9436,-26.1456],[141.0925,-26.2601],[141.0645,-26.2244],[141.0887,-26.187],[141.2622,-25.9185],[141.3831,-25.5623],[141.7566,-25.1353],[142.0422,-24.8565],[142.24,-24.4271],[142.424,-24.2116],[142.3608,-24.1668],[142.207,-24.0766],[141.9873,-24.0766],[141.6687,-24.1066],[141.3721,-24.1267],[141.0754,-24.0565],[140.8337,-23.9863],[140.577,-23.9276],[140.5701,-24.0866],[140.5985,-24.3803],[140.603,-24.4271],[140.5206,-24.4453],[140.5261,-24.4971],[140.647,-24.7668],[140.7349,-24.9661],[140.7019,-25.2447],[140.614,-25.4631],[140.602,-25.4865]]]},"properties":{"NAME":"Karuwali","SUBJECTO":"Karuwali","PARTOF":"Karuwali","BORDERPRECISION":3,"LINK":null}},
{"type":"Feature","geometry":{"type":"Polygon","coordinates":[[[141.7289,-15.2122],[141.7025,-15.3332],[141.7017,-15.3372],[141.7014,-15.3426],[141.6907,-15.5384],[141.6592,-15.8715],[141.6577,-15.8874],[141.6577,-15.9244],[141.6577,-16.1514],[141.7566,-16.4888],[141.7676,-16.6993],[141.7789,-16.8132],[141.7888,-16.913],[141.7896,-16.9202],[142.0642,-17.0463],[142.3828,-17.2038],[142.8552,-17.3821],[142.937,-17.252],[142.9456,-17.2383],[142.9706,-17.1985],[143.1793,-17.0043],[143.3661,-16.8624],[143.454,-16.7309],[143.4974,-16.6867],[143.5419,-16.6415],[143.5083,-16.6093],[143.4924,-16.5941],[143.3057,-16.5098],[142.9541,-16.3834],[142.7344,-16.299],[142.8333,-16.1619],[143.2178,-16.0036],[143.5583,-16.0036],[143.5803,-16.0106],[143.6572,-16.0353],[143.6583,-16.028],[143.7012,-15.7394],[143.7012,-15.2206],[143.7012,-14.9872],[143.7012,-14.9671],[143.7012,-14.9448],[143.4924,-14.8386],[143.4045,-14.8284],[143.3979,-14.8276],[143.2178,-14.8067],[142.5366,-14.8174],[142.1521,-14.8705],[141.9473,-14.9182],[141.8979,-14.9298],[141.8335,-14.9448],[141.7456,-15.1358],[141.7291,-15.2115],[141.7289,-15.2122]]]},"properties":{"NAME":"Kunjen","SUBJECTO":"Kunjen","PARTOF":"Kunjen","BORDERPRECISION":3,"LINK":null}},
{"type":"Feature","geometry":{"type":"Polygon","coordinates":[[[148.5751,-22.3281],[148.5141,-22.3413],[148.4967,-22.345],[148.2825,-22.4821],[148.0792,-22.5988],[147.9189,-22.6728],[147.9034,-22.6799],[147.8994,-22.7287],[147.8979,-22.7458],[147.9977,-22.87],[148.0133,-22.8521],[148.0529,-22.8734],[148.0792,-22.8876],[148.2111,-23.0444],[148.3813,-23.3069],[148.5297,-23.4834],[148.5429,-23.5216],[148.6121,-23.4481],[148.9636,-23.312],[149.2082,-23.2071],[149.1888,-23.1808],[149.0295,-22.9483],[149.0295,-22.8066],[148.9252,-22.6799],[148.8702,-22.6089],[148.7988,-22.4516],[148.8487,-22.3923],[148.8739,-22.3624],[148.8538,-22.3298],[148.7494,-22.2942],[148.6615,-22.3094],[148.5751,-22.3281]]]},"properties":{"NAME":"Gabalbara","SUBJECTO":"Gabalbara","PARTOF":"Gabalbara","BORDERPRECISION":3,"LINK":null}},
{"type":"Feature","geometry":{"type":"Polygon","coordinates":[[[137.9981,-33.4583],[137.9806,-33.4594],[137.9125,-33.5168],[137.9046,-33.7013],[137.8637,-33.8795],[137.716,-34.0833],[137.5119,-34.4591],[137.5592,-34.9107],[137.5023,-35.0253],[137.3934,-35.0893],[137.1084,-35.0708],[137.0725,-35.1154],[137.0361,-35.294],[136.9855,-35.3956],[137.3181,-35.3443],[137.5378,-35.3084],[137.6697,-35.2546],[137.7196,-35.2138],[137.8829,-34.6874],[137.9195,-34.6318],[137.9443,-34.5066],[138.0103,-34.3071],[138.0542,-34.1891],[138.0542,-34.1643],[138.0432,-34.1482],[138.0267,-34.0345],[138.0103,-33.9388],[137.9938,-33.7928],[137.9938,-33.5826],[137.9938,-33.4681],[137.9981,-33.4583]]]},"properties":{"NAME":"Narangga","SUBJECTO":"Narangga","PARTOF":"Narangga","BORDERPRECISION":3,"LINK":null}},
{"type":"Feature","geometry":{"type":"Polygon","coordinates":[[[121.6939,-27.8563],[121.9373,-27.6933],[122.1021,-27.557],[122.4976,-27.2937],[122.8162,-26.775],[122.956,-26.5606],[122.8931,-26.4902],[122.7832,-26.1554],[122.778,-26.0299],[122.6239,-26.0074],[122.4976,-26.0074],[122.2778,-26.0469],[121.9373,-26.0963],[121.7725,-26.2737],[121.5198,-26.3623],[121.2891,-26.4017],[121.2012,-26.4706],[121.0254,-26.4902],[120.8262,-26.4308],[120.8386,-26.4657],[120.8496,-26.5934],[120.8881,-26.7848],[120.9265,-26.9074],[121.0144,-27.064],[121.1023,-27.1911],[121.1517,-27.279],[121.2781,-27.401],[121.306,-27.5283],[121.322,-27.5278],[121.366,-27.557],[121.4923,-27.6495],[121.5692,-27.7224],[121.6132,-27.7905],[121.6939,-27.8563]]]},"properties":{"NAME":"Nana","SUBJECTO":"Nana","PARTOF":"Nana","BORDERPRECISION":3,"LINK":null}},
{"type":"Feature","geometry":{"type":"Polygon","coordinates":[[[152.2181,-27.2195],[152.2266,-27.2351],[152.3145,-27.4254],[152.4188,-27.6349],[152.4285,-27.7542],[152.5661,-27.7542],[152.6869,-27.7542],[152.741,-27.7477],[152.7541,-27.7306],[152.8522,-27.6992],[153.0636,-27.6453],[153.1203,-27.6252],[153.0916,-27.5783],[153.0256,-27.4705],[153.0129,-27.4705],[152.9982,-27.4823],[153.0161,-27.4928],[153.0029,-27.4992],[153.006,-27.5262],[152.9756,-27.541],[152.8814,-27.4986],[152.8516,-27.4852],[152.7635,-27.4491],[152.7155,-27.4431],[152.7144,-27.3307],[152.6276,-27.323],[152.5507,-27.2644],[152.5067,-27.2058],[152.3694,-27.196],[152.2375,-27.2204],[152.2181,-27.2195]]]},"properties":{"NAME":"Yuggera","SUBJECTO":"Yuggera","PARTOF":"Yuggera","BORDERPRECISION":3,"LINK":null}},
{"type":"Feature","geometry":{"type":"MultiPolygon","coordinates":[[[[142.8905,-33.9439],[142.8967,-33.9656],[143.2068,-33.77],[143.2947,-33.7883],[143.4771,-33.6871],[143.5421,-33.6511],[143.5583,-33.6421],[143.8989,-33.303],[144.1736,-33.0823],[144.2717,-32.9564],[144.2395,-32.9534],[144.2379,-32.9384],[144.2297,-32.8625],[144.2285,-32.8611],[144.2295,-32.8612],[144.2175,-32.7503],[144.2834,-32.3614],[144.3823,-32.1384],[144.4922,-31.7842],[144.707,-31.5598],[144.3823,-31.6253],[144.069,-31.614],[143.9099,-31.8589],[143.5803,-32.1663],[143.1958,-32.4634],[142.9651,-32.6486],[142.7563,-32.898],[142.6794,-33.2019],[142.7783,-33.5506],[142.8905,-33.9439]]],[[[142.8431,-33.9916],[142.7857,-33.9362],[142.7948,-34.0299],[142.828,-34.009],[142.848,-33.9963],[142.8431,-33.9916]]]]},"properties":{"NAME":"Barindji","SUBJECTO":"Barindji","PARTOF":"Barindji","BORDERPRECISION":3,"LINK":null}},
{"type":"Feature","geometry":{"type":"Polygon","coordinates":[[[134.1427,-12.0836],[134.0439,-12.0612],[134.0392,-12.2635],[134.0717,-12.2595],[134.1213,-12.2595],[134.1238,-12.242],[134.1444,-12.1763],[134.1705,-12.1186],[134.2145,-12.0998],[134.2277,-12.0956],[134.1427,-12.0836]]]},"properties":{"NAME":"Gunibidji","SUBJECTO":"Gunibidji","PARTOF":"Gunibidji","BORDERPRECISION":3,"LINK":null}},
{"type":"Feature","geometry":{"type":"Polygon","coordinates":[[[133.2043,-14.8718],[133.396,-14.9129],[133.7036,-14.9448],[133.6971,-15.0635],[133.7585,-15.0191],[133.8249,-14.9352],[133.8409,-14.9023],[133.8586,-14.8926],[133.9014,-14.8386],[133.9343,-14.7749],[134.0669,-14.7411],[134.0277,-14.7164],[133.9178,-14.6367],[133.7311,-14.5145],[133.5553,-14.3921],[133.4695,-14.309],[133.4619,-14.3229],[133.4454,-14.4506],[133.429,-14.5676],[133.3795,-14.6846],[133.2043,-14.8718]]]},"properties":{"NAME":"Mangarayi","SUBJECTO":"Mangarayi","PARTOF":"Mangarayi","BORDERPRECISION":3,"LINK":null}},
{"type":"Feature","geometry":{"type":"Polygon","coordinates":[[[153.1642,-27.6967],[153.1521,-27.6771],[153.1289,-27.6939],[153.0927,-27.7199],[153.05,-27.7472],[152.9576,-27.7972],[152.7958,-27.8531],[152.6995,-27.9031],[152.6193,-27.9459],[152.5414,-27.9875],[152.4163,-27.9716],[152.2551,-27.973],[152.0706,-27.9704],[151.9758,-27.9899],[151.8668,-28.044],[151.8208,-28.1337],[151.7765,-28.1639],[151.7259,-28.1893],[151.6843,-28.2506],[151.6889,-28.3152],[151.6907,-28.3399],[151.7332,-28.4072],[151.8235,-28.4931],[151.9025,-28.652],[151.9629,-28.758],[151.9629,-28.9168],[151.9817,-28.9575],[152.0213,-28.9847],[152.0376,-28.9959],[152.068,-29.0589],[152.0932,-29.165],[152.0991,-29.3193],[152.0789,-29.421],[152.0704,-29.4567],[152.064,-29.4835],[152.0672,-29.5109],[152.0921,-29.5285],[152.185,-29.5194],[152.2595,-29.5161],[152.4628,-29.54],[152.6559,-29.604],[152.8088,-29.6117],[152.8732,-29.604],[152.9517,-29.5209],[153.0615,-29.3774],[153.2098,-29.3247],[153.3032,-29.3199],[153.3286,-29.3144],[153.3419,-29.2515],[153.3614,-29.1592],[153.4935,-28.8409],[153.4786,-28.5211],[153.4778,-28.5038],[153.3964,-28.1287],[153.2965,-27.9127],[153.1642,-27.6967]]]},"properties":{"NAME":"Bundjalung","SUBJECTO":"Bundjalung","PARTOF":"Bundjalung","BORDERPRECISION":3,"LINK":null}},
{"type":"Feature","geometry":{"type":"Polygon","coordinates":[[[115.4334,-31.3912],[115.9167,-31.3724],[116.0305,-31.4165],[116.1584,-31.4662],[116.2611,-31.4328],[116.3892,-31.3912],[116.554,-30.8456],[116.6803,-30.4108],[116.8231,-30.0952],[116.8286,-30.0548],[116.8269,-30.0517],[116.779,-30.0252],[116.764,-30.0004],[116.716,-29.9978],[116.6406,-30.0093],[116.6254,-30.0406],[116.5045,-30.1071],[116.3617,-30.1546],[116.153,-30.2211],[115.6586,-30.2686],[115.4828,-30.297],[115.2136,-30.3065],[115.0159,-30.3681],[114.9697,-30.325],[114.9719,-30.3421],[114.9912,-30.4037],[115.1147,-30.7796],[115.3043,-31.14],[115.351,-31.2457],[115.4334,-31.3912]]]},"properties":{"NAME":"Yuat","SUBJECTO":"Yuat","PARTOF":"Yuat","BORDERPRECISION":3,"LINK":null}},
{"type":"Feature","geometry":{"type":"Polygon","coordinates":[[[149.4415,-35.368],[149.4415,-35.3331],[149.4848,-35.3082],[149.619,-35.2312],[149.4745,-35.1514],[149.3818,-35.0887],[149.1422,-34.9268],[149.1284,-34.9175],[149.0887,-34.8943],[149.0572,-34.876],[148.7878,-34.719],[148.5571,-34.5382],[148.4001,-34.3815],[148.2715,-34.4522],[148.1396,-34.6874],[148.1396,-34.976],[148.1396,-35.1469],[148.3813,-35.1469],[148.5654,-35.1827],[148.8428,-35.2366],[149.2603,-35.3532],[149.4415,-35.368]]]},"properties":{"NAME":"Ngunawal","SUBJECTO":"Ngunawal","PARTOF":"Ngunawal","BORDERPRECISION":3,"LINK":null}},
{"type":"Feature","geometry":{"type":"Polygon","coordinates":[[[140.4004,-20.799],[140.5042,-20.5402],[140.7788,-20.2519],[141.1194,-20.1075],[141.2818,-20.0567],[141.2512,-19.9992],[141.1743,-19.7925],[141.1414,-19.596],[141.1225,-19.4],[141.1084,-19.4044],[141.1084,-19.3957],[140.8997,-19.4562],[140.658,-19.715],[140.4712,-19.8701],[140.2075,-20.1488],[140.0885,-20.186],[140.1361,-20.3498],[140.202,-20.5094],[140.3723,-20.7612],[140.4004,-20.799]]]},"properties":{"NAME":"Mayi-Thakurti","SUBJECTO":"Mayi-Thakurti","PARTOF":"Mayi-Thakurti","BORDERPRECISION":3,"LINK":null}},
{"type":"Feature","geometry":{"type":"Polygon","coordinates":[[[141.9266,-11.9957],[141.92,-12.0066],[141.92,-12.0393],[141.9125,-12.0857],[141.9149,-12.1094],[141.9155,-12.1156],[141.9166,-12.1266],[141.9255,-12.1541],[141.9297,-12.1783],[141.9357,-12.1788],[141.9876,-12.183],[141.9873,-12.1763],[142.0862,-12.136],[142.162,-12.0866],[142.1466,-12.0608],[142.1466,-12.0259],[142.1496,-12.0025],[142.1164,-12.0004],[142.0175,-11.9937],[141.9695,-11.9923],[141.9387,-11.976],[141.9266,-11.9957]]]},"properties":{"NAME":"Teppathiggi","SUBJECTO":"Teppathiggi","PARTOF":"Teppathiggi","BORDERPRECISION":3,"LINK":null}},
{"type":"Feature","geometry":{"type":"Polygon","coordinates":[[[135.4342,-15.8368],[135.4175,-16.0458],[135.3977,-16.3301],[135.4595,-16.3662],[135.6702,-16.4572],[135.8569,-16.6151],[136.0327,-16.773],[136.0327,-16.8127],[136.0327,-16.8571],[136.5271,-17.1408],[136.582,-17.1618],[136.5827,-17.1561],[136.5601,-17.1355],[136.5601,-17.0593],[136.5601,-16.9675],[136.5436,-16.7835],[136.5491,-16.5046],[136.5491,-16.3518],[136.6063,-16.102],[136.6095,-16.088],[136.6378,-16.0913],[136.6479,-16.0458],[136.5491,-15.9402],[136.1426,-15.6336],[135.9119,-15.5066],[135.8108,-15.5238],[135.7875,-15.5278],[135.7251,-15.5384],[135.6702,-15.6971],[135.4944,-15.7605],[135.4393,-15.7681],[135.4395,-15.7711],[135.4342,-15.8368]]]},"properties":{"NAME":"Binbinga","SUBJECTO":"Binbinga","PARTOF":"Binbinga","BORDERPRECISION":3,"LINK":null}},
{"type":"Feature","geometry":{"type":"Polygon","coordinates":[[[136.6985,-18.0686],[136.7306,-18.0698],[136.7139,-17.8951],[136.7249,-17.6126],[136.7446,-17.2634],[136.6754,-17.2405],[136.5827,-17.1561],[136.582,-17.1618],[136.5271,-17.1408],[136.0327,-16.8571],[136.0327,-16.9517],[135.9668,-17.1618],[135.7581,-17.3611],[135.6152,-17.5393],[135.5828,-17.5607],[135.6974,-17.6699],[135.802,-17.6859],[136.1206,-17.8115],[136.3623,-17.9578],[136.637,-18.0519],[136.6985,-18.0686]]]},"properties":{"NAME":"Gunindiri","SUBJECTO":"Gunindiri","PARTOF":"Gunindiri","BORDERPRECISION":3,"LINK":null}},
{"type":"Feature","geometry":{"type":"MultiPolygon","coordinates":[[[[145.5191,-20.5183],[145.2832,-20.4476],[144.8987,-20.4064],[144.307,-20.4664],[144.0857,-20.4888],[144.1033,-20.4503],[143.6682,-20.4888],[143.0969,-20.4682],[143.0882,-20.5386],[143.08,-20.6052],[143.064,-20.7356],[143.1189,-21.0537],[143.2617,-21.2791],[143.3167,-21.494],[143.3215,-21.619],[143.3239,-21.6815],[143.3276,-21.7799],[143.3276,-22.0856],[143.2189,-22.3968],[143.3644,-22.1948],[143.41,-22.1314],[143.8385,-22.0093],[144.4647,-21.9685],[144.8932,-21.9685],[145.2997,-22.1314],[145.7501,-22.3348],[145.8398,-22.3704],[145.8845,-22.3881],[145.8875,-22.3704],[145.8655,-22.1569],[145.7776,-22.0144],[145.6897,-21.9227],[145.6128,-21.7595],[145.5963,-21.7059],[145.5909,-21.6883],[145.5469,-21.5451],[145.47,-21.2791],[145.47,-20.9409],[145.6128,-20.5608],[145.5875,-20.516],[145.5579,-20.5299],[145.5191,-20.5183]]],[[[143.2073,-22.4311],[143.2079,-22.4281],[143.2068,-22.4313],[143.2073,-22.4311]]]]},"properties":{"NAME":"Yirandali","SUBJECTO":"Yirandali","PARTOF":"Yirandali","BORDERPRECISION":3,"LINK":null}},
{"type":"Feature","geometry":{"type":"Polygon","coordinates":[[[145.3962,-18.1217],[145.4041,-18.1459],[145.5249,-18.3545],[145.684,-18.4753],[145.6859,-18.4466],[145.6811,-18.4293],[145.715,-18.4275],[145.7526,-18.4429],[145.8476,-18.513],[145.9687,-18.542],[146.0835,-18.5121],[145.9246,-18.2566],[145.9844,-18.0058],[145.9671,-18.0075],[145.838,-18.0284],[145.7172,-18.0597],[145.5579,-18.1432],[145.437,-18.1354],[145.3981,-18.1185],[145.3962,-18.1217]]]},"properties":{"NAME":"Wargamaygan","SUBJECTO":"Wargamaygan","PARTOF":"Wargamaygan","BORDERPRECISION":3,"LINK":null}},
{"type":"Feature","geometry":{"type":"Polygon","coordinates":[[[142.3755,-31.4099],[142.3673,-31.3889],[142.3389,-31.3161],[142.3389,-31.2128],[142.4927,-30.9964],[142.7783,-30.9211],[143.2642,-30.8667],[143.2638,-30.8489],[143.2617,-30.7607],[143.2617,-30.4297],[143.2947,-29.9454],[143.3484,-29.79],[143.364,-29.7448],[143.064,-29.7167],[142.3828,-29.6308],[142.1741,-29.6308],[142.1382,-29.6308],[142.0642,-29.6308],[142.0642,-29.6499],[142.1386,-29.6499],[142.1411,-29.6499],[142.1411,-29.7321],[142.1411,-29.7596],[142.1411,-29.8978],[141.9873,-30.278],[141.7236,-30.6757],[141.394,-31.0341],[141.1523,-31.2785],[141.0889,-31.3192],[141.0416,-31.3495],[141.1194,-31.4005],[141.5918,-31.4099],[141.8005,-31.4287],[142.326,-31.4287],[142.3279,-31.4193],[142.3761,-31.4114],[142.3755,-31.4099]]]},"properties":{"NAME":"Bandjigali","SUBJECTO":"Bandjigali","PARTOF":"Bandjigali","BORDERPRECISION":3,"LINK":null}},
{"type":"Feature","geometry":{"type":"Polygon","coordinates":[[[148.7549,-24.257],[149.0231,-24.3792],[149.0515,-24.3921],[149.0735,-24.4021],[149.1669,-23.9863],[149.2712,-23.8356],[149.4305,-23.9461],[149.6118,-24.1066],[149.6777,-24.2119],[149.7382,-24.5321],[149.837,-24.9363],[149.9414,-24.9288],[149.9427,-24.9287],[149.9915,-24.9253],[150.0023,-24.9245],[150.1172,-24.9163],[150.4083,-24.8416],[150.5786,-24.7967],[150.614,-24.7887],[150.6458,-24.7815],[150.7104,-24.7668],[150.8203,-24.637],[150.8368,-24.4772],[150.8368,-24.3321],[150.7764,-24.2219],[150.7545,-24.1621],[150.7475,-24.1429],[150.7379,-24.1167],[150.6006,-23.7502],[150.5681,-23.7029],[150.5448,-23.669],[150.5072,-23.6143],[150.3398,-23.5685],[150.3233,-23.564],[150.0842,-23.4985],[149.7052,-23.5489],[149.5624,-23.4632],[149.4415,-23.3927],[149.3372,-23.2817],[149.2932,-23.1707],[149.2752,-23.1784],[149.2082,-23.2071],[148.9636,-23.312],[148.6121,-23.4481],[148.5429,-23.5216],[148.513,-23.5533],[148.5077,-23.559],[148.5132,-23.7502],[148.5352,-23.9009],[148.6011,-24.1066],[148.6861,-24.1898],[148.7257,-24.2285],[148.7549,-24.257]]]},"properties":{"NAME":"Gangulu","SUBJECTO":"Gangulu","PARTOF":"Gangulu","BORDERPRECISION":3,"LINK":null}},
{"type":"Feature","geometry":{"type":"Polygon","coordinates":[[[116.0305,-31.4165],[115.9827,-31.4216],[115.8179,-31.4216],[115.5899,-31.4123],[115.5075,-31.4357],[115.4935,-31.546],[115.5609,-31.661],[115.677,-31.9279],[115.7473,-32.2076],[115.7568,-32.4744],[115.7575,-32.4938],[115.7959,-32.4912],[116.0266,-32.4356],[116.1401,-32.3877],[116.1626,-32.3782],[116.2683,-32.2918],[116.5485,-32.1477],[116.5992,-32.1447],[116.6693,-31.9894],[116.7023,-31.8309],[116.7078,-31.6581],[116.6254,-31.5739],[116.499,-31.5083],[116.3919,-31.4708],[116.2611,-31.4328],[116.1584,-31.4662],[116.0305,-31.4165]]]},"properties":{"NAME":"Wajuk","SUBJECTO":"Wajuk","PARTOF":"Wajuk","BORDERPRECISION":3,"LINK":null}},
{"type":"Feature","geometry":{"type":"Polygon","coordinates":[[[140.8008,-17.7278],[140.8017,-17.7451],[140.8118,-17.9265],[140.8228,-18.1667],[140.8271,-18.1749],[140.8633,-18.2437],[140.8997,-18.3128],[140.9985,-18.6254],[141.0315,-18.8127],[141.1084,-19.2282],[141.1084,-19.3552],[141.1084,-19.3957],[141.1084,-19.4044],[141.1225,-19.4],[141.14,-19.3945],[141.4709,-19.2904],[141.7786,-19.2697],[142.262,-19.3111],[142.5806,-19.3941],[142.8223,-19.508],[142.8462,-19.4485],[142.8531,-19.4313],[142.9431,-19.2074],[142.9541,-18.9479],[142.9357,-18.8086],[142.9321,-18.7815],[142.8892,-18.7734],[142.7124,-18.7399],[142.3389,-18.6567],[142.0313,-18.5213],[141.7566,-18.3754],[141.5918,-18.2815],[141.3831,-18.1563],[141.3062,-17.9474],[141.3062,-17.8115],[141.3062,-17.6336],[141.2616,-17.5304],[141.2556,-17.5166],[141.2292,-17.4555],[141.1731,-17.4867],[141.1618,-17.493],[140.9656,-17.6021],[140.8386,-17.699],[140.8008,-17.7278]]]},"properties":{"NAME":"Mayi-Kulan","SUBJECTO":"Mayi-Kulan","PARTOF":"Mayi-Kulan","BORDERPRECISION":3,"LINK":null}},
{"type":"Feature","geometry":{"type":"Polygon","coordinates":[[[134.3966,-17.873],[134.4397,-17.8115],[134.4414,-17.8045],[134.4479,-17.7775],[134.5056,-17.5393],[134.5056,-17.2353],[134.4878,-17.2011],[134.485,-17.1958],[134.4507,-17.2143],[134.3079,-16.9727],[134.0112,-16.7099],[133.8684,-16.5625],[133.6597,-16.3834],[133.5117,-16.2413],[133.4925,-16.2337],[133.429,-16.3939],[133.3927,-16.4221],[133.418,-16.5625],[133.407,-16.7835],[133.4125,-16.9622],[133.4509,-17.1303],[133.5004,-17.3139],[133.4564,-17.5026],[133.3795,-17.644],[133.2866,-17.7003],[133.2793,-17.7444],[133.352,-17.7487],[133.3411,-17.9474],[133.3411,-18.1667],[133.4189,-18.2508],[133.4322,-18.2473],[133.4949,-18.031],[133.9879,-18.1455],[133.9887,-18.1453],[133.7915,-17.9787],[134.231,-17.9369],[134.3472,-17.9436],[134.3966,-17.873]]]},"properties":{"NAME":"Jingili","SUBJECTO":"Jingili","PARTOF":"Jingili","BORDERPRECISION":3,"LINK":null}},
{"type":"Feature","geometry":{"type":"Polygon","coordinates":[[[145.2222,-15.6642],[145.1993,-15.3989],[145.1239,-15.4802],[145.1459,-15.5913],[145.0305,-15.7711],[144.8657,-15.8874],[144.8036,-15.9138],[144.7735,-15.9266],[144.6295,-15.9877],[144.2725,-16.0986],[144.0253,-16.0933],[143.8715,-16.1197],[143.8713,-16.1244],[143.8704,-16.1441],[143.866,-16.2463],[143.8934,-16.3096],[143.8839,-16.4888],[143.8899,-16.4888],[143.9429,-16.4888],[144.0088,-16.6362],[144.2175,-16.8676],[144.3713,-17.1198],[144.5911,-17.3192],[144.725,-17.4094],[144.7601,-17.433],[144.8328,-17.4135],[145.2821,-17.3621],[145.3097,-17.3589],[145.3821,-17.3506],[145.3612,-17.3109],[145.3358,-17.2622],[145.3217,-17.2353],[145.2679,-17.1119],[145.267,-17.102],[145.2722,-16.9675],[145.3436,-16.6257],[145.3937,-16.5489],[145.3629,-16.5225],[145.3255,-16.4904],[145.3464,-16.0136],[145.2381,-15.709],[145.2222,-15.6642]]]},"properties":{"NAME":"Kuku-yalanji","SUBJECTO":"Kuku-yalanji","PARTOF":"Kuku-yalanji","BORDERPRECISION":3,"LINK":null}},
{"type":"Feature","geometry":{"type":"Polygon","coordinates":[[[142.1756,-12.085],[142.2784,-12.1253],[142.3306,-12.1709],[142.413,-12.2729],[142.5888,-12.3883],[142.6207,-12.4524],[142.6382,-12.4875],[142.6382,-12.4961],[142.858,-12.6216],[142.9235,-12.6216],[142.939,-12.6216],[142.9431,-12.6216],[142.9266,-12.4983],[142.8799,-12.3427],[142.8612,-12.3076],[142.8487,-12.2841],[142.8113,-12.2139],[142.7399,-12.0662],[142.7103,-12.0036],[142.7097,-12.0205],[142.6885,-12.0212],[142.63,-12.0232],[142.354,-12.0178],[142.2002,-12.0057],[142.1604,-12.0032],[142.1496,-12.0025],[142.1466,-12.0259],[142.1466,-12.0608],[142.162,-12.0866],[142.1686,-12.0823],[142.1756,-12.085]]]},"properties":{"NAME":"Mpalitjanh","SUBJECTO":"Mpalitjanh","PARTOF":"Mpalitjanh","BORDERPRECISION":3,"LINK":null}},
{"type":"Feature","geometry":{"type":"Polygon","coordinates":[[[116.4485,-21.293],[116.4441,-21.2075],[116.3013,-20.982],[116.2513,-20.9236],[116.201,-20.9496],[116.1346,-20.984],[115.8712,-21.1943],[115.5674,-21.4556],[115.3492,-21.6023],[114.8002,-21.8832],[114.6855,-21.9534],[114.7852,-22.0551],[114.895,-22.1874],[115.1257,-22.4009],[115.2905,-22.4009],[115.3036,-22.4009],[115.3152,-22.4009],[115.3894,-22.3399],[115.6421,-22.1162],[115.9277,-21.7901],[116.1035,-21.5757],[116.2683,-21.3917],[116.3452,-21.3508],[116.3727,-21.3098],[116.4502,-21.3263],[116.4485,-21.293]]]},"properties":{"NAME":"Nhuwala","SUBJECTO":"Nhuwala","PARTOF":"Nhuwala","BORDERPRECISION":3,"LINK":null}},
{"type":"Feature","geometry":{"type":"Polygon","coordinates":[[[149.9915,-24.9253],[149.9434,-24.9436],[149.9414,-24.9444],[149.8975,-24.9612],[149.6063,-25.0358],[149.1504,-25.1403],[149.037,-25.176],[149.0304,-25.1781],[149.027,-25.1792],[149.024,-25.1801],[149.024,-25.195],[149.024,-25.2944],[149.0186,-25.5424],[148.9856,-25.7801],[148.9746,-25.963],[148.9203,-26.089],[148.9087,-26.116],[149.0295,-26.1604],[149.2108,-26.185],[149.4196,-26.1899],[149.4944,-26.1777],[149.5294,-26.1258],[149.6832,-26.1258],[149.848,-26.0963],[149.9744,-25.9926],[149.9804,-25.9134],[149.9819,-25.8944],[149.9854,-25.8493],[150.0006,-25.694],[150.0018,-25.6811],[150.0432,-25.6905],[150.0458,-25.6217],[150.0073,-25.3788],[150.0073,-25.1801],[150.0073,-24.9612],[150.0023,-24.9245],[149.9915,-24.9253]]]},"properties":{"NAME":"Yiman","SUBJECTO":"Yiman","PARTOF":"Yiman","BORDERPRECISION":3,"LINK":null}},
{"type":"Feature","geometry":{"type":"Polygon","coordinates":[[[126.3032,-18.9398],[126.3039,-18.9482],[126.3098,-19.0206],[126.4417,-19.1036],[126.5955,-19.1036],[126.6943,-19.0829],[126.8262,-19.1555],[126.8289,-19.1569],[126.8485,-19.1666],[127.0569,-19.2697],[127.3535,-19.363],[127.7271,-19.4252],[127.7799,-19.4195],[127.7964,-19.4177],[127.9578,-19.3111],[128.4082,-19.2385],[128.7378,-19.2385],[128.7486,-19.2503],[128.7702,-19.2494],[128.8586,-19.1659],[129.1443,-18.9167],[129.1553,-18.4483],[129.1333,-18.1772],[129.0344,-18.0101],[129.151,-18.1684],[129.2651,-18.3232],[129.2761,-18.2189],[129.1992,-17.9265],[129.0536,-17.8341],[129.0564,-17.8533],[128.9959,-17.8204],[128.9795,-17.8115],[128.8806,-17.7801],[128.7817,-17.665],[128.6389,-17.6126],[128.4302,-17.5602],[128.3281,-17.5521],[128.2937,-17.5615],[128.2324,-17.7173],[128.0566,-17.9369],[127.8644,-18.0205],[127.6831,-18.1719],[127.5458,-18.2607],[127.3865,-18.3337],[127.1997,-18.4119],[127.0294,-18.4692],[126.8921,-18.4796],[126.8115,-18.4796],[126.7729,-18.5557],[126.7163,-18.6671],[126.5076,-18.7815],[126.3867,-18.8335],[126.2988,-18.8855],[126.3032,-18.9398]]]},"properties":{"NAME":"Jaru","SUBJECTO":"Jaru","PARTOF":"Jaru","BORDERPRECISION":3,"LINK":null}},
{"type":"Feature","geometry":{"type":"MultiPolygon","coordinates":[[[[130.1028,-14.1286],[130.1056,-14.1277],[130.1056,-14.1166],[130.0459,-14.0918],[130.0373,-14.0945],[129.9889,-14.1099],[129.9243,-14.1019],[129.8886,-14.0972],[129.8721,-14.1259],[129.8584,-14.1978],[129.8611,-14.267],[129.8721,-14.3256],[129.8996,-14.3682],[129.9271,-14.3602],[129.9765,-14.3815],[130.0202,-14.4132],[130.0122,-14.3868],[129.9902,-14.3442],[130.0122,-14.2804],[130.0342,-14.2005],[130.0946,-14.1312],[130.1028,-14.1286]]],[[[129.9973,-14.4343],[130.0318,-14.4367],[130.0259,-14.432],[130.0203,-14.4135],[129.9973,-14.4343]]]]},"properties":{"NAME":"Ngan’gikurunggurr","SUBJECTO":"Ngan’gikurunggurr","PARTOF":"Ngan’gikurunggurr","BORDERPRECISION":3,"LINK":null}},
{"type":"Feature","geometry":{"type":"Polygon","coordinates":[[[143.4771,-33.6871],[143.4705,-33.6969],[143.6078,-33.7837],[143.8715,-33.9342],[144.0857,-34.1118],[144.1689,-34.1444],[144.1777,-34.1479],[144.2944,-34.1936],[144.4482,-34.1936],[144.5636,-34.1527],[144.613,-34.1027],[144.6549,-34.0726],[144.6584,-34.024],[144.668,-33.8887],[144.9316,-33.6695],[145.0635,-33.5597],[144.5142,-33.1927],[144.3139,-32.9603],[144.2717,-32.9564],[144.1736,-33.0823],[143.8989,-33.303],[143.5583,-33.6421],[143.5421,-33.6511],[143.4771,-33.6871]]]},"properties":{"NAME":"Yitha Yitha","SUBJECTO":"Yitha Yitha","PARTOF":"Yitha Yitha","BORDERPRECISION":3,"LINK":null}},
{"type":"Feature","geometry":{"type":"MultiPolygon","coordinates":[[[[142.1295,-12.8162],[142.0944,-12.8305],[142.0505,-12.8814],[142.0439,-12.8968],[142.04,-12.8994],[142.0419,-12.9015],[142.0477,-12.9082],[142.0203,-12.9617],[141.9901,-13.0574],[141.9901,-13.0741],[141.9855,-13.0923],[141.9818,-13.1464],[141.9755,-13.1971],[141.9783,-13.2037],[141.9818,-13.1918],[142.2565,-13.1062],[142.3494,-13.0977],[142.2894,-13.0393],[142.229,-12.9591],[142.1576,-12.8627],[142.1388,-12.8123],[142.1295,-12.8162]]],[[[142.5959,-13.0661],[142.5931,-13.0755],[142.608,-13.0741],[142.6101,-13.0741],[142.597,-13.0661],[142.5959,-13.0661]]]]},"properties":{"NAME":"Mbeiwum","SUBJECTO":"Mbeiwum","PARTOF":"Mbeiwum","BORDERPRECISION":3,"LINK":null}},
{"type":"Feature","geometry":{"type":"Polygon","coordinates":[[[131.8175,-12.3683],[131.6761,-12.3848],[131.6346,-12.3896],[131.6162,-12.4419],[131.6162,-12.6296],[131.6107,-12.7904],[131.6107,-12.9136],[131.6588,-12.93],[131.7206,-12.951],[131.814,-13.0046],[131.9128,-13.0206],[132.0721,-12.9617],[132.1271,-12.8761],[132.215,-12.7957],[132.2181,-12.7708],[132.2424,-12.576],[132.2424,-12.4258],[132.2164,-12.3412],[132.1756,-12.344],[131.8175,-12.3683]]]},"properties":{"NAME":"Limilngan","SUBJECTO":"Limilngan","PARTOF":"Limilngan","BORDERPRECISION":3,"LINK":null}},
{"type":"Feature","geometry":{"type":"Polygon","coordinates":[[[118.2157,-30.862],[118.2652,-30.9072],[118.3518,-31.0673],[118.4977,-31.217],[118.6495,-31.343],[118.7703,-31.4274],[118.8691,-31.5303],[119.1216,-31.6986],[119.5058,-31.8945],[119.9166,-32.1804],[120.0232,-32.0589],[120.1691,-31.8925],[120.2792,-31.7429],[120.4224,-31.6399],[120.6976,-31.4054],[120.9618,-31.2457],[121.0939,-31.1892],[121.215,-31.1139],[121.2012,-31.1],[121.0341,-30.9316],[120.7393,-30.6345],[120.509,-30.0596],[120.0037,-29.3247],[119.436,-28.7629],[119.4214,-28.7484],[119.3938,-28.7412],[118.6898,-28.5565],[118.3716,-28.3843],[118.2239,-28.3044],[117.8892,-28.3532],[117.5317,-28.5749],[117.1821,-28.844],[117.105,-28.9033],[116.8402,-29.0069],[116.3095,-29.2145],[116.3282,-29.2486],[116.52,-29.5984],[116.764,-30.0004],[116.779,-30.0252],[116.8269,-30.0517],[116.9489,-30.119],[117.0492,-30.2155],[117.2296,-30.3044],[117.3168,-30.36],[117.4277,-30.3959],[117.4842,-30.4178],[117.7854,-30.5716],[117.9221,-30.6663],[117.9781,-30.6929],[118.0785,-30.7405],[118.0866,-30.7443],[118.2157,-30.862]]]},"properties":{"NAME":"Kalaamaya","SUBJECTO":"Kalaamaya","PARTOF":"Kalaamaya","BORDERPRECISION":3,"LINK":null}},
{"type":"Feature","geometry":{"type":"Polygon","coordinates":[[[116.5416,-23.0175],[116.4551,-22.9685],[116.2518,-22.8926],[116.087,-22.7964],[116.0046,-22.7205],[115.9552,-22.6394],[115.9269,-22.6307],[115.9041,-22.6236],[115.8728,-22.7103],[115.8124,-22.8268],[115.7316,-22.844],[115.7267,-22.8531],[115.7684,-22.8724],[115.776,-22.9214],[115.9772,-23.014],[116.2793,-23.2111],[116.6913,-23.3977],[117.0319,-23.564],[117.1476,-23.6182],[117.1802,-23.5136],[117.185,-23.3714],[117.1857,-23.3523],[117.188,-23.332],[117.0978,-23.3069],[116.8561,-23.206],[116.6693,-23.0898],[116.5874,-23.0434],[116.5416,-23.0175]]]},"properties":{"NAME":"Jiwarli","SUBJECTO":"Jiwarli","PARTOF":"Jiwarli","BORDERPRECISION":3,"LINK":null}},
{"type":"Feature","geometry":{"type":"Polygon","coordinates":[[[125.108,-15.2051],[125.0956,-15.2593],[125.2222,-15.2153],[125.3595,-15.2153],[125.4639,-15.3319],[125.4144,-15.4643],[125.6122,-15.586],[125.7454,-15.732],[125.8484,-15.5066],[125.9033,-15.3054],[125.9473,-14.8705],[126.0022,-14.7406],[126.0022,-14.6875],[126.0022,-14.6474],[126.0022,-14.541],[125.9678,-14.4797],[125.9223,-14.5734],[125.8632,-14.6949],[125.4972,-14.6766],[125.317,-14.7279],[125.1557,-14.8045],[125.1739,-15.0397],[125.108,-15.2051]]]},"properties":{"NAME":"Wunambul","SUBJECTO":"Wunambul","PARTOF":"Wunambul","BORDERPRECISION":3,"LINK":null}},
{"type":"Feature","geometry":{"type":"Polygon","coordinates":[[[139.2627,-21.5157],[139.2627,-22.0829],[139.3066,-22.0042],[139.4934,-22.0042],[140.0098,-22.0856],[140.2185,-22.1133],[140.2405,-22.1162],[140.2933,-22.1599],[140.3064,-22.0449],[140.3036,-21.9532],[140.2954,-21.9227],[140.3721,-21.7758],[140.3247,-21.7865],[140.2405,-21.8054],[140.0592,-21.7187],[139.6143,-21.5962],[139.2627,-21.5157]]]},"properties":{"NAME":"Yalarrnga","SUBJECTO":"Yalarrnga","PARTOF":"Yalarrnga","BORDERPRECISION":3,"LINK":null}},
{"type":"Feature","geometry":{"type":"Polygon","coordinates":[[[133.0194,-17.7292],[133.0334,-17.7278],[133.2587,-17.7173],[133.2866,-17.7003],[133.3795,-17.644],[133.4564,-17.5026],[133.5004,-17.3139],[133.4509,-17.1303],[133.4125,-16.9622],[133.407,-16.7835],[133.418,-16.5625],[133.3927,-16.4221],[133.3905,-16.4097],[133.3675,-16.4187],[133.1873,-16.4888],[132.8796,-16.4888],[132.6324,-16.415],[132.5336,-16.2569],[132.4292,-16.1619],[132.3912,-16.1903],[132.2314,-16.3096],[131.9293,-16.4361],[131.7821,-16.4319],[131.7426,-16.4308],[131.6972,-16.4973],[130.979,-17.5498],[130.979,-17.8324],[130.9855,-17.8754],[130.99,-17.9056],[131.2097,-17.9369],[131.4075,-17.9474],[131.4857,-17.9646],[131.5094,-17.9698],[131.6382,-17.9108],[132.0117,-17.801],[132.2809,-17.6859],[133.0194,-17.7292]]]},"properties":{"NAME":"Mudburra","SUBJECTO":"Mudburra","PARTOF":"Mudburra","BORDERPRECISION":3,"LINK":null}},
{"type":"Feature","geometry":{"type":"Polygon","coordinates":[[[135.4619,-32.836],[135.3735,-32.7503],[135.1978,-32.6024],[135.011,-32.482],[134.934,-32.3764],[134.8352,-32.4356],[134.4177,-32.778],[134.1541,-33.0455],[134.1109,-33.0252],[134.1078,-33.0284],[134.1461,-33.1492],[134.2085,-33.2572],[134.2373,-33.2693],[134.4209,-33.2906],[134.6311,-33.2691],[134.7102,-33.3643],[134.8437,-33.6948],[135.1531,-34.0504],[135.239,-34.1966],[135.3573,-34.4572],[135.5281,-35.0549],[135.5954,-35.1106],[135.7767,-35.1065],[135.9439,-34.844],[136.1061,-34.532],[136.4001,-34.2769],[136.6462,-34.1154],[136.6589,-34.0982],[136.8018,-33.9525],[136.7921,-33.9486],[136.7029,-33.9616],[136.4941,-33.9616],[136.1865,-33.7152],[136.0107,-33.5139],[135.9448,-33.3122],[135.791,-33.1376],[135.5164,-32.8888],[135.4944,-32.8675],[135.4724,-32.8519],[135.4619,-32.836]]]},"properties":{"NAME":"Nawu","SUBJECTO":"Nawu","PARTOF":"Nawu","BORDERPRECISION":3,"LINK":null}},
{"type":"Feature","geometry":{"type":"Polygon","coordinates":[[[134.7933,-13.904],[134.9176,-13.8647],[135.1373,-13.7954],[135.2554,-13.6688],[135.2692,-13.654],[135.2966,-13.6246],[135.3438,-13.5591],[135.3059,-13.5367],[135.2197,-13.4858],[135.0549,-13.272],[135.0549,-13.1118],[135.0275,-13.1223],[134.8737,-13.1169],[134.7473,-13.1811],[134.4727,-13.3308],[134.3311,-13.4193],[134.3298,-13.4217],[134.3463,-13.6353],[134.3683,-13.7847],[134.4507,-13.8914],[134.6814,-13.9394],[134.7933,-13.904]]]},"properties":{"NAME":"Ngalkbun","SUBJECTO":"Ngalkbun","PARTOF":"Ngalkbun","BORDERPRECISION":3,"LINK":null}},
{"type":"Feature","geometry":{"type":"Polygon","coordinates":[[[140.5206,-24.4453],[140.2405,-24.5071],[139.8834,-24.632],[139.6417,-24.7119],[139.5984,-24.6463],[139.5969,-24.6466],[139.6033,-24.667],[139.5374,-24.8864],[139.4604,-25.0657],[139.3704,-25.2205],[139.4824,-25.2049],[139.856,-25.195],[140.2185,-25.3142],[140.5042,-25.4234],[140.602,-25.4865],[140.614,-25.4631],[140.7019,-25.2447],[140.7349,-24.9661],[140.647,-24.7668],[140.5261,-24.4971],[140.5206,-24.4453]]]},"properties":{"NAME":"Mithaka","SUBJECTO":"Mithaka","PARTOF":"Mithaka","BORDERPRECISION":3,"LINK":null}},
{"type":"Feature","geometry":{"type":"Polygon","coordinates":[[[149.0231,-24.3792],[148.9911,-24.5871],[148.9911,-24.8765],[148.9856,-25.1154],[149.0278,-25.1745],[149.0273,-25.1775],[149.0297,-25.1771],[149.0304,-25.1781],[149.037,-25.176],[149.1504,-25.1403],[149.6063,-25.0358],[149.8975,-24.9612],[149.9414,-24.9444],[149.9414,-24.9288],[149.837,-24.9363],[149.7382,-24.5321],[149.6777,-24.2119],[149.6118,-24.1066],[149.4305,-23.9461],[149.2712,-23.8356],[149.1669,-23.9863],[149.0735,-24.4021],[149.0515,-24.3921],[149.0231,-24.3792]]]},"properties":{"NAME":"Wadjigu","SUBJECTO":"Wadjigu","PARTOF":"Wadjigu","BORDERPRECISION":3,"LINK":null}},
{"type":"Feature","geometry":{"type":"Polygon","coordinates":[[[138.3315,-33.3081],[138.3673,-33.1927],[138.3618,-33.0133],[138.2629,-32.7041],[138.186,-32.5005],[138.1201,-32.3243],[138.1631,-32.2724],[138.1638,-32.2715],[138.1626,-32.271],[138.1606,-32.2702],[138.1448,-32.2755],[138.0267,-32.3405],[137.8647,-32.4147],[137.7136,-32.4542],[137.6532,-32.4959],[137.6422,-32.57],[137.6422,-32.6995],[137.6587,-32.7919],[137.7136,-32.8888],[137.7686,-32.9441],[137.7644,-32.9895],[137.796,-33.0087],[137.8262,-33.0236],[137.8682,-32.7471],[138.02,-32.9695],[138.1658,-33.1918],[138.1887,-33.2935],[138.1698,-33.3243],[138.3234,-33.2984],[138.3315,-33.3081]]]},"properties":{"NAME":"Nukunu","SUBJECTO":"Nukunu","PARTOF":"Nukunu","BORDERPRECISION":3,"LINK":null}},
{"type":"Feature","geometry":{"type":"Polygon","coordinates":[[[143.364,-29.7448],[143.3484,-29.79],[143.2947,-29.9454],[143.2617,-30.4297],[143.2617,-30.7607],[143.2638,-30.8489],[143.2642,-30.8667],[143.2727,-31.2222],[143.4143,-31.3818],[143.4276,-31.3968],[143.4946,-31.4722],[143.5308,-31.513],[143.5474,-31.5317],[143.866,-31.6066],[143.9912,-31.6111],[144.069,-31.614],[144.3823,-31.6253],[144.707,-31.5598],[144.7339,-31.5317],[144.8038,-31.4612],[144.8547,-31.4099],[145.0635,-31.0153],[145.1184,-30.7796],[144.9097,-30.4676],[144.9481,-30.2686],[144.9866,-30.2742],[144.9866,-30.1831],[144.9884,-30.1654],[145.0305,-29.7644],[145.0964,-29.4779],[145.3821,-29.1234],[145.4519,-28.9674],[145.481,-28.9024],[145.4313,-28.897],[145.0415,-28.8543],[144.6877,-28.7874],[144.572,-28.7656],[144.4812,-28.7484],[143.9209,-28.7484],[143.6863,-28.7376],[143.6446,-28.7356],[143.5034,-28.7291],[143.3741,-28.7709],[143.3693,-28.7725],[143.2947,-28.7965],[143.3167,-29.1713],[143.3936,-29.6594],[143.364,-29.7448]]]},"properties":{"NAME":"Barundji","SUBJECTO":"Barundji","PARTOF":"Barundji","BORDERPRECISION":3,"LINK":null}},
{"type":"Feature","geometry":{"type":"Polygon","coordinates":[[[152.9715,-25.8742],[152.9042,-25.6303],[152.8314,-25.4715],[152.7612,-25.4207],[152.7224,-25.4111],[152.699,-25.4433],[152.6331,-25.587],[152.6495,-25.7306],[152.6605,-25.9136],[152.6935,-26.0173],[152.9242,-25.8889],[152.9715,-25.8742]]]},"properties":{"NAME":"Badtjala","SUBJECTO":"Badtjala","PARTOF":"Badtjala","BORDERPRECISION":3,"LINK":null}},
{"type":"Feature","geometry":{"type":"Polygon","coordinates":[[[118.5726,-24.3899],[118.6139,-24.3971],[118.8776,-24.4572],[119.0753,-24.5371],[119.3005,-24.687],[119.4818,-24.7867],[119.7131,-24.9332],[119.718,-24.9263],[119.8279,-24.7069],[119.8828,-24.4271],[119.8608,-24.1668],[119.8059,-23.9361],[119.696,-23.6647],[119.6268,-23.5287],[119.6191,-23.5287],[119.4708,-23.5388],[119.1412,-23.5489],[118.8455,-23.5403],[118.7897,-23.5841],[118.7238,-23.73],[118.6523,-23.9009],[118.5754,-24.1267],[118.5699,-24.3371],[118.5726,-24.3899]]]},"properties":{"NAME":"Ngalawangka","SUBJECTO":"Ngalawangka","PARTOF":"Ngalawangka","BORDERPRECISION":3,"LINK":null}},
{"type":"Feature","geometry":{"type":"Polygon","coordinates":[[[141.0925,-26.2601],[141.1963,-26.3919],[141.4709,-26.5394],[141.6797,-26.6867],[141.9315,-26.9384],[141.9443,-26.9512],[141.9543,-26.9612],[142.1301,-26.5296],[142.262,-26.4214],[142.4158,-26.4214],[142.5696,-26.4214],[142.7124,-26.5099],[143.5254,-25.6019],[143.6773,-25.4717],[143.6869,-25.4284],[143.7085,-25.3308],[143.7122,-25.3142],[143.7546,-25.2843],[143.7561,-25.2646],[143.2837,-24.7468],[143.0556,-24.4701],[142.9543,-24.5574],[142.9431,-24.5671],[142.5586,-24.3071],[142.499,-24.2648],[142.424,-24.2116],[142.24,-24.4271],[142.0422,-24.8565],[141.7566,-25.1353],[141.3831,-25.5623],[141.2622,-25.9185],[141.0887,-26.187],[141.0645,-26.2244],[141.0925,-26.2601]]]},"properties":{"NAME":"Birria","SUBJECTO":"Birria","PARTOF":"Birria","BORDERPRECISION":3,"LINK":null}},
{"type":"Feature","geometry":{"type":"Polygon","coordinates":[[[122.8436,-18.5369],[122.8107,-18.7555],[122.7393,-18.9998],[122.7508,-19.015],[122.764,-19.0325],[123.1458,-19.1348],[123.3325,-19.363],[123.5852,-19.6736],[123.8049,-20.0353],[123.8379,-20.4167],[123.8379,-20.5299],[124.2554,-20.5299],[124.7168,-20.221],[124.8999,-20.2019],[124.9554,-20.1961],[125.0024,-20.1488],[125.1123,-19.8752],[124.964,-19.3163],[124.8596,-19.223],[124.7992,-18.9582],[124.8047,-18.7815],[124.8596,-18.6983],[124.8596,-18.6101],[124.8596,-18.589],[124.8146,-18.5802],[124.7003,-18.5577],[124.6454,-18.4327],[124.5905,-18.3493],[124.4586,-18.245],[124.3751,-18.2158],[124.3615,-18.211],[124.3542,-18.2085],[124.1455,-18.3441],[124.0521,-18.5161],[124.0137,-18.6983],[123.8763,-18.8023],[123.6511,-18.6775],[123.4644,-18.5109],[123.3215,-18.4431],[123.2605,-18.4414],[123.2159,-18.4401],[123.1403,-18.4379],[122.9682,-18.4465],[122.9315,-18.4483],[122.9172,-18.4628],[122.9139,-18.4661],[122.8959,-18.4843],[122.8436,-18.5369]]]},"properties":{"NAME":"Mangala","SUBJECTO":"Mangala","PARTOF":"Mangala","BORDERPRECISION":3,"LINK":null}},
{"type":"Feature","geometry":{"type":"Polygon","coordinates":[[[132.8723,-12.7292],[132.8549,-12.7448],[132.789,-12.7314],[132.7341,-12.71],[132.7039,-12.6966],[132.6964,-12.6864],[132.7094,-12.7422],[132.6703,-12.7639],[132.6815,-12.7798],[132.7094,-12.7957],[132.7145,-12.8058],[132.7234,-12.81],[132.7643,-12.8011],[132.8302,-12.8172],[132.8396,-12.8302],[132.8556,-12.811],[132.8632,-12.777],[132.8839,-12.777],[132.8906,-12.7689],[132.8723,-12.7292]]]},"properties":{"NAME":"Bukurnidja","SUBJECTO":"Bukurnidja","PARTOF":"Bukurnidja","BORDERPRECISION":3,"LINK":null}},
{"type":"Feature","geometry":{"type":"Polygon","coordinates":[[[121.2394,-31.1],[121.6187,-31.1],[122.2778,-31.0435],[122.8052,-30.9776],[123.1941,-30.9376],[123.3545,-30.9211],[123.5522,-30.9493],[123.5587,-30.9015],[123.5193,-30.7324],[123.5083,-30.6379],[123.5083,-30.4676],[123.4753,-30.3634],[123.4094,-30.1071],[123.2007,-29.7548],[123.1018,-29.583],[122.97,-29.3822],[122.8381,-29.1522],[122.7283,-28.9409],[122.6404,-28.8543],[122.6332,-28.7278],[122.6313,-28.6958],[122.5415,-28.652],[122.3169,-28.6968],[122.2998,-28.7002],[122.1441,-28.7533],[122.1021,-28.7677],[121.8494,-28.8447],[121.355,-28.8639],[121.2012,-28.8158],[121.1023,-28.7773],[120.8496,-28.7965],[120.5859,-28.7965],[120.3552,-28.8062],[120.0146,-28.8447],[119.8718,-28.8543],[119.729,-28.9697],[119.7565,-28.9937],[120.2234,-29.4013],[120.6519,-29.8597],[120.7397,-30.1546],[120.9595,-30.5812],[120.9924,-30.7324],[121.0341,-30.9316],[121.2012,-31.1],[121.2394,-31.1]]]},"properties":{"NAME":"Wangkathaa","SUBJECTO":"Wangkathaa","PARTOF":"Wangkathaa","BORDERPRECISION":3,"LINK":null}},
{"type":"Feature","geometry":{"type":"Polygon","coordinates":[[[137.7644,-32.9895],[137.7686,-32.9441],[137.7136,-32.8888],[137.6587,-32.7919],[137.6422,-32.6995],[137.6422,-32.57],[137.6532,-32.4959],[137.7136,-32.4542],[137.8647,-32.4147],[138.0267,-32.3405],[138.1448,-32.2755],[138.1606,-32.2702],[138.1626,-32.271],[138.1665,-32.2682],[138.4003,-32.1896],[138.4937,-32.1454],[138.6475,-32.1245],[138.774,-32.0632],[138.7858,-32.0575],[138.8397,-32.0314],[138.8397,-31.8729],[138.6475,-31.7282],[138.6293,-31.7207],[138.5615,-31.6928],[138.5347,-31.6817],[138.4772,-31.6581],[138.4605,-31.6467],[138.3673,-31.5832],[138.2245,-31.513],[138.0267,-31.4052],[137.785,-31.2785],[137.6123,-31.2293],[137.6038,-31.2269],[137.6023,-31.2182],[137.6003,-31.2064],[137.5953,-31.2104],[137.4719,-31.3067],[137.0764,-31.6253],[136.7798,-31.7562],[136.1865,-31.8776],[136.0492,-31.8109],[135.6592,-31.9615],[135.3625,-32.1198],[134.944,-32.3705],[134.934,-32.3764],[135.011,-32.482],[135.1978,-32.6024],[135.3735,-32.7503],[135.4619,-32.836],[135.4944,-32.8675],[135.5164,-32.8888],[135.791,-33.1376],[135.9448,-33.3122],[136.0107,-33.5139],[136.1865,-33.7152],[136.4941,-33.9616],[136.7029,-33.9616],[136.7921,-33.9486],[136.9226,-33.9297],[137.0544,-33.8704],[137.1808,-33.7609],[137.2632,-33.5963],[137.4115,-33.3581],[137.4445,-33.28],[137.5378,-33.1697],[137.7191,-33.1053],[137.7631,-33.0041],[137.7644,-32.9895]]]},"properties":{"NAME":"Banggarla","SUBJECTO":"Banggarla","PARTOF":"Banggarla","BORDERPRECISION":3,"LINK":null}},
{"type":"Feature","geometry":{"type":"Polygon","coordinates":[[[140.8887,-22.4313],[140.8205,-22.5406],[140.6799,-22.7661],[140.5151,-23.2817],[140.5371,-23.5741],[140.5266,-23.9008],[140.5261,-23.916],[140.577,-23.9276],[140.8337,-23.9863],[141.0754,-24.0565],[141.3721,-24.1267],[141.6687,-24.1066],[141.9873,-24.0766],[142.207,-24.0766],[142.3608,-24.1668],[142.424,-24.2116],[142.499,-24.2648],[142.5586,-24.3071],[142.9431,-24.5671],[142.9543,-24.5574],[143.0556,-24.4701],[143.1519,-24.3871],[143.3167,-23.9863],[143.4382,-23.8196],[143.4091,-23.7808],[143.3331,-23.6797],[143.1793,-23.438],[143.0695,-23.1151],[143.0914,-22.8724],[143.1683,-22.6292],[143.1782,-22.579],[143.1893,-22.5227],[142.9541,-22.5227],[142.4927,-22.6546],[142.0972,-22.8167],[141.5918,-22.5734],[141.2732,-22.3501],[141.0397,-22.2781],[141.0095,-22.2688],[140.9786,-22.3104],[140.9283,-22.378],[140.8887,-22.4313]]]},"properties":{"NAME":"Maiawali","SUBJECTO":"Maiawali","PARTOF":"Maiawali","BORDERPRECISION":3,"LINK":null}},
{"type":"Feature","geometry":{"type":"Polygon","coordinates":[[[136.7306,-18.0698],[136.7313,-18.0775],[136.8677,-18.1145],[137.1753,-18.3232],[137.3471,-18.4149],[137.6807,-18.3754],[137.8008,-18.4405],[137.8015,-18.4379],[138.057,-18.5187],[138.1099,-18.5203],[138.1421,-18.5213],[138.4058,-18.2398],[138.4058,-17.9996],[138.4013,-17.9874],[138.3793,-17.9274],[138.3179,-17.7591],[138.186,-17.6021],[138.0769,-17.5657],[138.0537,-17.5734],[137.8564,-17.6388],[137.7356,-17.5183],[137.5598,-17.5131],[137.3566,-17.4817],[137.1368,-17.4188],[136.9446,-17.3034],[136.8457,-17.2911],[136.8182,-17.2877],[136.7446,-17.2634],[136.7249,-17.6126],[136.7139,-17.8951],[136.7306,-18.0698]]]},"properties":{"NAME":"Waanyi","SUBJECTO":"Waanyi","PARTOF":"Waanyi","BORDERPRECISION":3,"LINK":null}},
{"type":"Feature","geometry":{"type":"Polygon","coordinates":[[[142.0705,-28.3808],[141.7676,-28.5556],[141.6028,-28.6231],[141.3501,-28.7099],[141.1523,-28.8158],[140.9743,-28.8664],[140.9706,-28.8674],[140.9875,-28.9168],[141.0315,-29.0466],[141.026,-29.2576],[140.9491,-29.4683],[140.8173,-29.6069],[140.4602,-29.7787],[140.3009,-29.8311],[140.246,-29.8645],[140.191,-30.0548],[140.1727,-30.0911],[140.2368,-30.065],[140.2734,-30.0501],[140.8447,-29.8597],[141.6577,-29.6499],[142.0457,-29.6499],[142.0642,-29.6499],[142.0642,-29.6308],[142.1382,-29.6308],[142.1356,-29.5161],[142.1301,-29.2624],[142.1082,-29.0658],[142.1027,-28.6858],[142.1183,-28.4203],[142.0877,-28.402],[142.0862,-28.4011],[142.0705,-28.3808]]]},"properties":{"NAME":"Wadigali","SUBJECTO":"Wadigali","PARTOF":"Wadigali","BORDERPRECISION":3,"LINK":null}},
{"type":"Feature","geometry":{"type":"Polygon","coordinates":[[[151.5743,-33.2151],[151.5956,-33.1916],[151.5177,-33.1807],[151.4267,-33.1616],[151.4266,-33.1616],[151.4064,-33.2055],[151.3806,-33.2617],[151.2433,-33.3948],[151.2008,-33.3852],[151.1938,-33.4085],[151.1115,-33.546],[151.0675,-33.6649],[151.0245,-33.7366],[151.0219,-33.7408],[151.0263,-33.7426],[151.1032,-33.7654],[151.1911,-33.7837],[151.3102,-33.7738],[151.312,-33.7654],[151.3645,-33.5209],[151.5629,-33.2318],[151.5743,-33.2151]]]},"properties":{"NAME":"Guringai","SUBJECTO":"Guringai","PARTOF":"Guringai","BORDERPRECISION":3,"LINK":null}},
{"type":"Feature","geometry":{"type":"Polygon","coordinates":[[[115.8034,-23.8665],[115.8097,-23.8422],[115.7684,-23.8356],[115.7908,-23.7803],[115.8016,-23.7536],[115.719,-23.72],[115.4388,-23.6697],[115.274,-23.569],[115.0543,-23.4229],[114.9225,-23.3977],[114.7852,-23.3523],[114.7402,-23.3379],[114.7059,-23.3269],[114.6753,-23.317],[114.6368,-23.3725],[114.6478,-23.5438],[114.5215,-23.8758],[114.5215,-23.9159],[114.5215,-23.9768],[114.6313,-23.9963],[114.8676,-24.1066],[115.0983,-24.3371],[115.2576,-24.4871],[115.3235,-24.632],[115.3125,-24.8067],[115.2154,-24.9607],[115.2631,-24.9661],[115.3739,-24.9944],[115.3773,-24.9953],[115.4224,-24.8864],[115.4828,-24.6969],[115.5212,-24.6221],[115.5762,-24.4421],[115.6366,-24.2169],[115.708,-24.1367],[115.7684,-24.0013],[115.8034,-23.8665]]]},"properties":{"NAME":"Tharrgari","SUBJECTO":"Tharrgari","PARTOF":"Tharrgari","BORDERPRECISION":3,"LINK":null}},
{"type":"Feature","geometry":{"type":"Polygon","coordinates":[[[144.7601,-17.433],[144.7778,-17.445],[144.8053,-17.5498],[144.9097,-17.5498],[145.1733,-17.5288],[145.202,-17.5671],[145.2161,-17.5608],[145.22,-17.5472],[145.2557,-17.5026],[145.2887,-17.4266],[145.2903,-17.4216],[145.2821,-17.3621],[144.8328,-17.4135],[144.7601,-17.433]]]},"properties":{"NAME":"Mbabaram","SUBJECTO":"Mbabaram","PARTOF":"Mbabaram","BORDERPRECISION":3,"LINK":null}},
{"type":"Feature","geometry":{"type":"Polygon","coordinates":[[[125.702,-15.7826],[125.7275,-15.7711],[125.7454,-15.732],[125.6122,-15.586],[125.4144,-15.4643],[125.4639,-15.3319],[125.3595,-15.2153],[125.2222,-15.2153],[125.0956,-15.2593],[125.0844,-15.3084],[125.0585,-15.4213],[125.1091,-15.6247],[125.018,-15.6439],[124.6886,-15.4666],[124.6143,-15.4986],[124.4245,-15.6579],[124.3637,-15.8869],[124.3952,-16.0203],[124.3378,-16.262],[124.5314,-16.3252],[124.5596,-16.3435],[124.7552,-16.3307],[124.7917,-16.3438],[124.7827,-16.2358],[124.8157,-15.9402],[125.0024,-15.7923],[125.2222,-15.8134],[125.5627,-15.8451],[125.702,-15.7826]]]},"properties":{"NAME":"Worora","SUBJECTO":"Worora","PARTOF":"Worora","BORDERPRECISION":3,"LINK":null}},
{"type":"Feature","geometry":{"type":"Polygon","coordinates":[[[150.614,-24.7887],[150.6006,-24.9263],[150.6116,-25.1204],[150.6885,-25.4036],[150.7104,-25.6019],[150.7499,-25.6482],[150.8294,-25.6428],[150.8478,-25.6415],[150.873,-25.6608],[150.8807,-25.6514],[150.9467,-25.5424],[151.0675,-25.3986],[151.2268,-25.2397],[151.3477,-25.0955],[151.5619,-25.0209],[151.567,-25.0211],[151.6003,-25.006],[151.6272,-25.023],[151.7157,-25.0259],[151.7816,-25.1204],[151.7888,-25.15],[151.7947,-25.1512],[151.864,-25.1652],[152.1497,-25.1353],[152.3804,-25.0557],[152.3992,-25.0462],[152.3973,-24.971],[152.3967,-24.9509],[152.318,-24.8176],[152.0727,-24.7418],[151.9692,-24.5512],[151.8595,-24.2907],[151.7301,-24.1575],[151.4582,-24.0881],[151.214,-23.9502],[151.2002,-23.9424],[151.174,-23.9199],[150.9412,-24.0465],[150.7475,-24.1429],[150.7545,-24.1621],[150.7764,-24.2219],[150.8368,-24.3321],[150.8368,-24.4772],[150.8203,-24.637],[150.7104,-24.7668],[150.6458,-24.7815],[150.614,-24.7887]]]},"properties":{"NAME":"Gureng Gureng","SUBJECTO":"Gureng Gureng","PARTOF":"Gureng Gureng","BORDERPRECISION":3,"LINK":null}},
{"type":"Feature","geometry":{"type":"Polygon","coordinates":[[[137.9553,-21.7391],[137.9663,-21.7391],[138.3618,-21.5144],[138.6475,-21.4326],[138.9331,-21.2689],[139.0869,-21.0025],[139.082,-20.9587],[139.077,-20.9148],[139.043,-20.6122],[138.9111,-20.3652],[138.9052,-20.3652],[138.9331,-20.4373],[138.8295,-20.4474],[138.4058,-20.4888],[138.0212,-20.6328],[137.7576,-20.8383],[137.2412,-20.9512],[136.7491,-20.8644],[136.7358,-20.8793],[136.7173,-20.8923],[136.8896,-21.064],[136.9775,-21.4122],[137.0135,-21.6464],[137.2961,-21.637],[137.6917,-21.637],[137.9374,-21.7264],[137.9443,-21.7289],[137.9553,-21.7391]]]},"properties":{"NAME":"Bularnu","SUBJECTO":"Bularnu","PARTOF":"Bularnu","BORDERPRECISION":3,"LINK":null}},
{"type":"Feature","geometry":{"type":"Polygon","coordinates":[[[125.4965,-18.4104],[125.5627,-18.3493],[125.6561,-18.2398],[125.7282,-18.1414],[125.744,-18.1197],[125.6846,-18.0898],[125.6506,-18.0728],[125.5792,-17.984],[125.4803,-17.9056],[125.3979,-17.7696],[125.3485,-17.6702],[125.3372,-17.6495],[125.3346,-17.6448],[125.2771,-17.5393],[125.2057,-17.445],[125.0464,-17.3978],[124.8871,-17.4031],[124.7003,-17.4188],[124.552,-17.4188],[124.4899,-17.4124],[124.4586,-17.4092],[124.3982,-17.4031],[123.8599,-17.3192],[123.6731,-17.2353],[123.6347,-17.2101],[123.5687,-17.167],[123.5577,-17.209],[123.5342,-17.3887],[123.5193,-17.5026],[123.4259,-17.6911],[123.1677,-17.8585],[123.0639,-18.0264],[123.0579,-18.0362],[123.051,-18.0649],[123.0029,-18.2659],[122.8931,-18.4536],[122.908,-18.4625],[122.9139,-18.4661],[122.9172,-18.4628],[122.9315,-18.4483],[122.9682,-18.4465],[123.1403,-18.4379],[123.2159,-18.4401],[123.2336,-18.4275],[123.2605,-18.4414],[123.3215,-18.4431],[123.4644,-18.5109],[123.6511,-18.6775],[123.8763,-18.8023],[124.0137,-18.6983],[124.0521,-18.5161],[124.1455,-18.3441],[124.3542,-18.2085],[124.3615,-18.211],[124.3652,-18.2085],[124.3751,-18.2158],[124.4586,-18.245],[124.5905,-18.3493],[124.6454,-18.4327],[124.7003,-18.5577],[124.8146,-18.5802],[124.8816,-18.4796],[124.9091,-18.4744],[125.0354,-18.49],[125.3101,-18.4848],[125.4529,-18.4171],[125.4853,-18.4207],[125.4965,-18.4104]]]},"properties":{"NAME":"Nyikina","SUBJECTO":"Nyikina","PARTOF":"Nyikina","BORDERPRECISION":3,"LINK":null}},
{"type":"Feature","geometry":{"type":"Polygon","coordinates":[[[143.3222,-37.0855],[143.2892,-37.1034],[143.02,-37.0639],[142.9732,-37.0626],[142.9541,-37.0639],[142.7344,-37.0639],[142.6318,-37.0552],[142.5723,-37.0552],[142.5686,-37.0572],[142.5256,-37.1428],[142.5256,-37.3003],[142.5256,-37.4487],[142.5256,-37.562],[142.4268,-37.6229],[142.2675,-37.6142],[142.1851,-37.5707],[142.0587,-37.5707],[141.9708,-37.6403],[141.9374,-37.7087],[141.9406,-37.7099],[142.0313,-37.7251],[142.1191,-37.7642],[142.2784,-37.8098],[142.4075,-37.8749],[142.5641,-37.9204],[142.6738,-37.9677],[142.7097,-37.9832],[142.7097,-38.0008],[142.7618,-37.9918],[142.8552,-37.8011],[142.9801,-37.7147],[142.9752,-37.6903],[142.9651,-37.6403],[142.8882,-37.4967],[142.9926,-37.4094],[143.0859,-37.3134],[143.2507,-37.2128],[143.3074,-37.2128],[143.3062,-37.1917],[143.3022,-37.1708],[143.3079,-37.1561],[143.3155,-37.1437],[143.3364,-37.1374],[143.3475,-37.129],[143.3222,-37.0855]]]},"properties":{"NAME":"Djabwurung","SUBJECTO":"Djabwurung","PARTOF":"Djabwurung","BORDERPRECISION":3,"LINK":null}},
{"type":"Feature","geometry":{"type":"Polygon","coordinates":[[[123.9883,-16.8105],[123.9642,-16.7414],[123.9697,-16.6415],[123.9148,-16.5678],[123.772,-16.5098],[123.6841,-16.4677],[123.5664,-16.4153],[123.5562,-16.4417],[123.5529,-16.696],[123.6317,-16.8039],[123.8203,-16.8839],[123.8599,-16.8571],[123.9587,-16.8151],[123.9862,-16.8151],[123.9883,-16.8105]]]},"properties":{"NAME":"Unggarangi","SUBJECTO":"Unggarangi","PARTOF":"Unggarangi","BORDERPRECISION":3,"LINK":null}},
{"type":"Feature","geometry":{"type":"Polygon","coordinates":[[[122.8909,-17.0365],[122.8381,-17.0988],[122.8052,-17.2615],[122.8031,-17.3166],[122.8011,-17.3691],[122.7997,-17.4083],[122.8107,-17.6178],[122.8165,-17.6657],[122.8226,-17.7159],[122.8381,-17.8428],[122.9205,-18.0049],[123.051,-18.0649],[123.0579,-18.0362],[123.0639,-18.0264],[123.1677,-17.8585],[123.4259,-17.6911],[123.5193,-17.5026],[123.5342,-17.3887],[123.5303,-17.3769],[123.4983,-17.3186],[123.4982,-17.3191],[123.4187,-17.5799],[123.3012,-17.4657],[123.0789,-16.979],[123.0611,-16.9401],[123.0469,-16.9465],[122.9315,-16.9885],[122.8912,-17.0361],[122.8909,-17.0365]]]},"properties":{"NAME":"Nimanburu","SUBJECTO":"Nimanburu","PARTOF":"Nimanburu","BORDERPRECISION":3,"LINK":null}},
{"type":"Feature","geometry":{"type":"Polygon","coordinates":[[[136.6378,-16.0913],[136.6095,-16.088],[136.6063,-16.102],[136.5491,-16.3518],[136.5491,-16.5046],[136.5436,-16.7835],[136.5601,-16.9675],[136.5601,-17.0593],[136.5601,-17.1355],[136.5827,-17.1561],[136.6754,-17.2405],[136.7446,-17.2634],[136.8182,-17.2877],[136.8457,-17.2911],[136.9446,-17.3034],[137.1368,-17.4188],[137.3566,-17.4817],[137.5598,-17.5131],[137.7356,-17.5183],[137.8564,-17.6388],[138.0537,-17.5734],[138.0769,-17.5657],[138.1091,-17.555],[138.175,-17.4031],[138.2245,-17.23],[138.2904,-16.9254],[138.312,-16.8781],[138.3183,-16.8644],[138.281,-16.8503],[138.2603,-16.8425],[138.2364,-16.8236],[138.1366,-16.8045],[137.8235,-16.6151],[137.6862,-16.415],[137.3291,-16.3043],[137.0599,-16.1725],[136.8842,-16.1197],[136.6378,-16.0913]]]},"properties":{"NAME":"Garawa","SUBJECTO":"Garawa","PARTOF":"Garawa","BORDERPRECISION":3,"LINK":null}},
{"type":"Feature","geometry":{"type":"Polygon","coordinates":[[[142.3673,-31.3889],[142.3842,-31.4099],[142.3843,-31.41],[142.385,-31.4099],[142.6135,-31.3724],[142.9431,-31.3536],[143.2288,-31.3536],[143.41,-31.3818],[143.4143,-31.3818],[143.2727,-31.2222],[143.2642,-30.8667],[142.7783,-30.9211],[142.4927,-30.9964],[142.3389,-31.2128],[142.3389,-31.3161],[142.3673,-31.3889]]]},"properties":{"NAME":"Wandjiwalgu","SUBJECTO":"Wandjiwalgu","PARTOF":"Wandjiwalgu","BORDERPRECISION":3,"LINK":null}},
{"type":"Feature","geometry":{"type":"Polygon","coordinates":[[[138.9034,-20.3608],[139.0649,-20.3961],[139.5483,-20.2416],[139.8999,-20.2313],[139.979,-20.1966],[140.0622,-20.1602],[140.0647,-20.1591],[140.064,-20.1583],[140.0222,-20.1135],[140.0096,-20.0999],[139.9895,-20.0783],[139.7571,-19.8287],[139.4604,-19.4148],[139.2079,-19.1599],[139.1677,-19.1194],[139.1418,-19.0933],[138.5706,-18.7815],[138.1641,-18.5525],[138.1031,-18.5333],[138.057,-18.5187],[137.8015,-18.4379],[137.8008,-18.4405],[137.9114,-18.5004],[137.9082,-18.5141],[137.8455,-18.7815],[137.7026,-19.1036],[137.6257,-19.3111],[137.5378,-19.6115],[137.7576,-19.6943],[138.1652,-19.8457],[138.1778,-19.8495],[138.5376,-19.8701],[138.8013,-20.0972],[138.8832,-20.3086],[138.9034,-20.3608]]]},"properties":{"NAME":"Wakabunga","SUBJECTO":"Wakabunga","PARTOF":"Wakabunga","BORDERPRECISION":3,"LINK":null}},
{"type":"Feature","geometry":{"type":"Polygon","coordinates":[[[130.6714,-27.4595],[130.64,-27.4847],[130.5843,-27.5294],[130.4407,-27.6446],[130.2209,-27.8488],[129.8474,-28.256],[129.8451,-28.2962],[129.8408,-28.3701],[129.8254,-28.6327],[129.9023,-29.133],[129.9902,-29.4683],[130.2979,-29.7453],[130.5139,-29.8646],[130.561,-29.8905],[130.6604,-29.9454],[131.0229,-30.1166],[131.3529,-30.2217],[131.3732,-30.2282],[131.4404,-30.2496],[131.8469,-30.3729],[133.2312,-30.496],[134.3188,-30.8834],[134.9451,-31.0812],[135.8679,-31.5973],[136.0134,-31.7788],[136.0327,-31.8029],[136.0492,-31.8109],[136.1865,-31.8776],[136.7798,-31.7562],[137.0764,-31.6253],[137.4719,-31.3067],[137.5953,-31.2104],[137.6003,-31.2064],[137.7246,-31.1094],[137.7356,-30.8645],[137.6477,-30.6379],[137.4719,-30.3729],[137.2412,-30.2211],[136.9775,-30.0406],[136.7908,-29.8788],[136.7286,-29.7964],[136.7102,-29.7719],[136.582,-29.6021],[136.4172,-29.5161],[136.1426,-29.5257],[135.9229,-29.6021],[135.3845,-29.5926],[135.1099,-29.4492],[134.8572,-29.1713],[134.7144,-29.0177],[134.5775,-28.956],[134.5319,-28.9355],[134.3518,-28.8543],[134.1101,-28.6906],[133.6267,-28.5459],[133.5608,-28.4301],[133.4639,-28.3922],[133.2642,-28.3141],[133.2487,-28.3154],[132.9236,-28.3431],[132.605,-28.4011],[132.1244,-28.4011],[132.1191,-28.4001],[131.7151,-28.2463],[131.2756,-28.0429],[130.979,-27.7711],[130.7813,-27.5375],[130.7043,-27.4829],[130.686,-27.4699],[130.6714,-27.4595]]]},"properties":{"NAME":"Kokatha","SUBJECTO":"Kokatha","PARTOF":"Kokatha","BORDERPRECISION":3,"LINK":null}},
{"type":"Feature","geometry":{"type":"Polygon","coordinates":[[[142.04,-12.8994],[142.0148,-12.8707],[141.8939,-12.8707],[141.8331,-12.8494],[141.7641,-12.8822],[141.6998,-12.9128],[141.5988,-13.0465],[141.5882,-13.1495],[141.589,-13.1517],[141.622,-13.2613],[141.622,-13.3495],[141.622,-13.3501],[141.6522,-13.3442],[141.6632,-13.3923],[141.655,-13.419],[141.655,-13.4804],[141.6879,-13.5152],[141.7621,-13.5152],[141.8884,-13.4911],[141.9324,-13.3576],[141.9721,-13.2244],[141.9755,-13.1971],[141.9818,-13.1464],[141.9855,-13.0923],[141.9873,-13.0661],[141.9901,-13.0574],[142.0203,-12.9617],[142.0477,-12.9082],[142.0419,-12.9015],[142.04,-12.8994]]]},"properties":{"NAME":"Winda Winda","SUBJECTO":"Winda Winda","PARTOF":"Winda Winda","BORDERPRECISION":3,"LINK":null}},
{"type":"Feature","geometry":{"type":"Polygon","coordinates":[[[143.7231,-27.8928],[143.7393,-27.9022],[143.7561,-27.9119],[143.9264,-27.9604],[144.151,-27.9807],[144.1756,-27.9829],[144.1956,-27.9847],[144.5197,-28.0332],[144.7668,-28.0623],[144.8621,-28.078],[144.8997,-28.0843],[144.9426,-28.0914],[145.1459,-28.0817],[145.2667,-27.9604],[145.3381,-27.6446],[145.281,-27.4896],[145.2448,-27.3913],[145.1953,-27.02],[145.1349,-26.8045],[145.1087,-26.4816],[144.9097,-26.5394],[144.3713,-26.6475],[143.9758,-26.6573],[143.6353,-26.6671],[143.5631,-26.6535],[143.5364,-26.6965],[143.5364,-26.8535],[143.5254,-27.2253],[143.5583,-27.479],[143.6243,-27.6543],[143.6572,-27.7711],[143.7341,-27.8876],[143.7231,-27.8928]]]},"properties":{"NAME":"Margany","SUBJECTO":"Margany","PARTOF":"Margany","BORDERPRECISION":3,"LINK":null}},
{"type":"Feature","geometry":{"type":"Polygon","coordinates":[[[134.0222,-12.0563],[133.7615,-11.9972],[133.7585,-12.0071],[133.808,-12.0877],[133.8794,-12.1575],[134.0057,-12.2541],[133.9997,-12.2658],[134.0035,-12.2678],[134.0193,-12.2659],[134.0392,-12.2635],[134.0439,-12.0612],[134.0222,-12.0563]]]},"properties":{"NAME":"Gunbalang","SUBJECTO":"Gunbalang","PARTOF":"Gunbalang","BORDERPRECISION":3,"LINK":null}},
{"type":"Feature","geometry":{"type":"Polygon","coordinates":[[[116.3124,-29.254],[116.3282,-29.2486],[116.3095,-29.2145],[116.8402,-29.0069],[116.9165,-28.9649],[117.1821,-28.844],[117.5317,-28.5749],[117.8892,-28.3532],[118.2239,-28.3044],[118.3716,-28.3843],[118.4161,-28.3721],[118.532,-28.3041],[118.6469,-28.1447],[118.7283,-28.1003],[118.6523,-28.0332],[118.537,-27.8439],[118.3282,-27.7127],[118.0975,-27.3913],[118.0206,-27.2058],[118.029,-27.1871],[118.0125,-27.1822],[117.9767,-27.2058],[117.746,-27.2497],[117.5702,-27.4644],[117.2021,-27.7224],[116.7572,-27.9507],[116.2354,-28.2995],[115.8819,-28.5743],[115.8563,-28.5942],[115.8179,-28.5692],[115.8179,-28.6086],[115.8728,-28.705],[115.9772,-28.8639],[116.0761,-29.0226],[116.2738,-29.2672],[116.3124,-29.254]]]},"properties":{"NAME":"Badimaya","SUBJECTO":"Badimaya","PARTOF":"Badimaya","BORDERPRECISION":3,"LINK":null}},
{"type":"Feature","geometry":{"type":"Polygon","coordinates":[[[130.2739,-13.3632],[130.234,-13.4343],[130.2181,-13.4625],[130.2237,-13.4617],[130.2814,-13.435],[130.2928,-13.4263],[130.3054,-13.4167],[130.3198,-13.4056],[130.3555,-13.3896],[130.3644,-13.3884],[130.3854,-13.3854],[130.3959,-13.3839],[130.4681,-13.3736],[130.6055,-13.3736],[130.7263,-13.395],[130.8142,-13.411],[130.957,-13.4431],[131.1658,-13.4537],[131.3967,-13.4997],[131.4047,-13.4804],[131.4679,-13.4217],[131.5167,-13.4066],[131.5283,-13.3201],[131.5556,-13.2772],[131.5228,-13.2292],[131.3251,-13.1437],[131.1658,-13.0367],[130.9845,-12.9831],[130.9783,-12.9815],[130.8032,-12.935],[130.4846,-12.8921],[130.403,-12.8609],[130.3861,-12.8892],[130.2329,-13.1472],[130.2319,-13.2807],[130.2739,-13.3632]]]},"properties":{"NAME":"Kungarakany","SUBJECTO":"Kungarakany","PARTOF":"Kungarakany","BORDERPRECISION":3,"LINK":null}},
{"type":"Feature","geometry":{"type":"Polygon","coordinates":[[[133.4695,-14.309],[133.5553,-14.3921],[133.7311,-14.5145],[133.9178,-14.6367],[134.0277,-14.7164],[134.0669,-14.7411],[134.1431,-14.7218],[134.1464,-14.7234],[134.2969,-14.7961],[134.4946,-14.9342],[134.7253,-15.1146],[134.8966,-15.1618],[134.9082,-15.165],[134.967,-15.0562],[134.9945,-14.9342],[134.9286,-14.7324],[134.8439,-14.6468],[134.8077,-14.6102],[134.621,-14.5038],[134.3903,-14.3336],[134.2145,-14.1952],[133.9618,-14.046],[133.8025,-13.9287],[133.6368,-13.6848],[133.6377,-13.71],[133.5883,-13.9501],[133.5773,-14.1099],[133.4836,-14.283],[133.4695,-14.309]]]},"properties":{"NAME":"Ngalakan","SUBJECTO":"Ngalakan","PARTOF":"Ngalakan","BORDERPRECISION":3,"LINK":null}},
{"type":"Feature","geometry":{"type":"Polygon","coordinates":[[[124.2224,-31.0341],[124.3285,-32.0202],[124.4312,-32.9441],[124.7499,-32.8966],[125.0186,-32.7269],[125.3585,-32.6001],[125.4947,-32.5607],[125.7184,-32.4116],[126.0127,-32.2712],[126.2192,-32.2291],[126.4125,-32.2844],[126.7108,-32.3034],[127.3137,-32.2673],[127.6723,-32.1411],[127.9974,-32.0792],[128.4181,-31.9397],[128.9026,-31.7095],[129.5578,-31.6116],[130.1098,-31.5748],[130.3706,-31.5883],[130.6039,-31.5863],[130.7822,-31.6168],[131.0236,-31.5463],[131.0816,-31.4903],[131.1112,-31.4618],[131.1877,-31.4662],[131.3362,-30.9865],[131.2427,-30.8079],[131.026,-30.7679],[128.6871,-30.3358],[127.1299,-30.3681],[126.3585,-30.3841],[125.1894,-30.6467],[124.4196,-30.9551],[124.2224,-31.0341]]]},"properties":{"NAME":"Mirning","SUBJECTO":"Mirning","PARTOF":"Mirning","BORDERPRECISION":3,"LINK":null}},
{"type":"Feature","geometry":{"type":"Polygon","coordinates":[[[152.5367,-32.2079],[152.5799,-32.1441],[152.5177,-32.1617],[152.1991,-32.1384],[152.0288,-32.157],[151.9135,-32.1431],[151.788,-32.0491],[151.7102,-32.2221],[151.6882,-32.3243],[151.6113,-32.519],[151.6017,-32.5161],[151.6058,-32.5237],[151.5948,-32.7457],[151.5912,-32.7521],[151.5787,-32.7738],[151.6882,-32.8011],[151.8256,-32.8473],[151.9258,-32.8448],[152.0123,-32.8427],[152.1661,-32.8057],[152.254,-32.7411],[152.3078,-32.6959],[152.4451,-32.5071],[152.5367,-32.2079]]]},"properties":{"NAME":"Worimi","SUBJECTO":"Worimi","PARTOF":"Worimi","BORDERPRECISION":3,"LINK":null}},
{"type":"Feature","geometry":{"type":"Polygon","coordinates":[[[143.5083,-16.6093],[143.5254,-16.5941],[143.7012,-16.4888],[143.8839,-16.4888],[143.8934,-16.3096],[143.866,-16.2463],[143.8704,-16.1441],[143.7122,-16.1514],[143.5803,-16.088],[143.5803,-16.0106],[143.5583,-16.0036],[143.2178,-16.0036],[142.8333,-16.1619],[142.7344,-16.299],[142.9541,-16.3834],[143.3057,-16.5098],[143.4924,-16.5941],[143.5083,-16.6093]]]},"properties":{"NAME":"Kokomini","SUBJECTO":"Kokomini","PARTOF":"Kokomini","BORDERPRECISION":3,"LINK":null}},
{"type":"Feature","geometry":{"type":"Polygon","coordinates":[[[136.7286,-29.7964],[136.9226,-29.7358],[137.1897,-29.656],[137.2742,-29.6308],[137.2658,-29.5656],[137.2522,-29.4587],[137.1533,-29.1618],[137.0544,-28.8735],[136.9006,-28.517],[136.8896,-28.3141],[136.9006,-28.0138],[136.9006,-27.8375],[136.8896,-27.8391],[136.8161,-27.7334],[136.8018,-27.7127],[136.7249,-27.5375],[136.582,-27.401],[136.2524,-27.2937],[136.1388,-27.2398],[135.8789,-27.3718],[135.3735,-27.3523],[135.2789,-27.2501],[135.2116,-27.1773],[135.011,-27.44],[134.9231,-27.8876],[134.7693,-28.4011],[134.6265,-28.8158],[134.5319,-28.9355],[134.5775,-28.956],[134.7144,-29.0177],[134.8572,-29.1713],[135.1099,-29.4492],[135.3845,-29.5926],[135.9229,-29.6021],[136.1426,-29.5257],[136.4172,-29.5161],[136.582,-29.6021],[136.7102,-29.7719],[136.7286,-29.7964]]]},"properties":{"NAME":"Arabana","SUBJECTO":"Arabana","PARTOF":"Arabana","BORDERPRECISION":3,"LINK":null}},
{"type":"Feature","geometry":{"type":"Polygon","coordinates":[[[135.6305,-14.5317],[135.6545,-14.511],[135.6921,-14.4639],[135.7388,-14.4188],[135.8806,-14.203],[135.9645,-13.8913],[135.8288,-13.7327],[135.8289,-13.7286],[135.7059,-13.7047],[135.423,-13.6059],[135.3438,-13.5591],[135.2966,-13.6246],[135.2692,-13.654],[135.3241,-13.694],[135.4285,-13.8381],[135.4944,-14.0247],[135.5933,-14.1792],[135.5878,-14.3549],[135.5203,-14.4464],[135.5548,-14.456],[135.6317,-14.4985],[135.6305,-14.5317]]]},"properties":{"NAME":"Nunggubuyu","SUBJECTO":"Nunggubuyu","PARTOF":"Nunggubuyu","BORDERPRECISION":3,"LINK":null}},
{"type":"Feature","geometry":{"type":"Polygon","coordinates":[[[130.4462,-15.6918],[130.6219,-15.6971],[130.9241,-15.6548],[131.1548,-15.6548],[131.3864,-15.6592],[131.3361,-15.549],[131.2701,-15.4378],[131.1108,-15.3795],[131.0734,-15.3254],[130.9845,-15.4219],[130.8032,-15.4378],[130.5505,-15.4854],[130.3918,-15.4924],[130.4187,-15.5278],[130.4462,-15.6601],[130.4462,-15.6918]]]},"properties":{"NAME":"Nungali","SUBJECTO":"Nungali","PARTOF":"Nungali","BORDERPRECISION":3,"LINK":null}},
{"type":"Feature","geometry":{"type":"Polygon","coordinates":[[[147.7127,-22.4821],[147.6123,-22.4821],[147.4585,-22.4821],[147.2598,-22.5111],[147.2772,-22.5278],[147.2168,-22.7053],[147.1619,-22.9887],[147.1564,-23.3019],[147.1589,-23.3271],[147.1684,-23.3325],[147.3706,-23.2565],[147.6727,-23.1757],[147.832,-23.0595],[147.9977,-22.87],[147.8979,-22.7458],[147.8994,-22.7287],[147.8705,-22.7458],[147.7771,-22.6495],[147.7277,-22.543],[147.7127,-22.4821]]]},"properties":{"NAME":"Wangan","SUBJECTO":"Wangan","PARTOF":"Wangan","BORDERPRECISION":3,"LINK":null}},
{"type":"Feature","geometry":{"type":"Polygon","coordinates":[[[148.3605,-26.5164],[148.3652,-26.5262],[148.3815,-26.5796],[148.3836,-26.6164],[148.4042,-26.6865],[148.4246,-26.7596],[148.4507,-26.8997],[148.4806,-26.9729],[148.5105,-26.9929],[148.518,-27.0894],[148.5516,-27.2058],[148.57,-27.3134],[148.6091,-27.3916],[148.6052,-27.4315],[148.5661,-27.461],[148.5493,-27.4727],[148.5489,-27.4782],[148.5144,-27.5016],[148.4716,-27.522],[148.4313,-27.5446],[148.4269,-27.5475],[148.4168,-27.5925],[148.4373,-27.6093],[148.4448,-27.6148],[148.4543,-27.6188],[148.4699,-27.6318],[148.4744,-27.6343],[148.4744,-27.6401],[148.4791,-27.647],[148.4874,-27.6669],[148.4848,-27.6708],[148.4843,-27.6731],[148.4885,-27.6886],[148.489,-27.6951],[148.4901,-27.6989],[148.4769,-27.743],[148.4974,-27.7819],[148.5405,-27.8098],[148.5442,-27.809],[148.548,-27.8037],[148.5547,-27.7989],[148.5665,-27.7981],[148.5754,-27.7989],[148.579,-27.8025],[148.5825,-27.8099],[148.5882,-27.8109],[148.6006,-27.8088],[148.608,-27.8036],[148.6125,-27.7973],[148.6172,-27.7907],[148.6217,-27.7886],[148.6273,-27.791],[148.6297,-27.7965],[148.6291,-27.8036],[148.6261,-27.8067],[148.6202,-27.8172],[148.6163,-27.8235],[148.6137,-27.8324],[148.6169,-27.8366],[148.6246,-27.8308],[148.6326,-27.8308],[148.6424,-27.8322],[148.6522,-27.8332],[148.6608,-27.8327],[148.6691,-27.8301],[148.6693,-27.8286],[148.6676,-27.8244],[148.6667,-27.8176],[148.6641,-27.8146],[148.662,-27.8101],[148.6676,-27.8103],[148.6759,-27.8119],[148.6815,-27.8092],[148.6836,-27.7988],[148.6808,-27.7868],[148.6855,-27.7824],[148.6935,-27.7828],[148.6987,-27.7786],[148.7009,-27.7717],[148.7046,-27.7654],[148.7159,-27.759],[148.7218,-27.7486],[148.7286,-27.7454],[148.7383,-27.7419],[148.7445,-27.7413],[148.7499,-27.7434],[148.7518,-27.7419],[148.7504,-27.7371],[148.7457,-27.7332],[148.7391,-27.728],[148.7377,-27.7205],[148.7372,-27.7138],[148.7354,-27.7103],[148.7297,-27.6977],[148.7316,-27.6944],[148.7363,-27.6934],[148.7417,-27.6921],[148.7431,-27.6898],[148.7412,-27.6884],[148.7375,-27.6831],[148.7396,-27.6754],[148.7377,-27.6685],[148.7358,-27.6596],[148.7358,-27.6514],[148.7405,-27.6432],[148.7436,-27.6349],[148.7426,-27.6299],[148.7426,-27.6272],[148.7556,-27.6238],[148.7815,-27.6219],[148.8366,-27.623],[148.8767,-27.6485],[148.8917,-27.6829],[148.9017,-27.7461],[148.913,-27.8081],[148.923,-27.8779],[148.9681,-27.9044],[148.9896,-27.9317],[148.9893,-27.964],[148.9938,-27.9799],[149.0046,-27.9951],[149.038,-27.9927],[149.0696,-27.9696],[149.1112,-27.9648],[149.1699,-27.9727],[149.1988,-27.9807],[149.2476,-27.9712],[149.29,-27.9472],[149.3144,-27.9249],[149.3424,-27.8642],[149.3514,-27.8259],[149.3587,-27.8121],[149.4133,-27.7903],[149.4141,-27.7895],[149.3811,-27.7273],[149.3921,-27.4644],[149.4184,-27.3321],[149.2712,-27.3766],[149.2987,-27.1765],[149.3152,-26.8388],[149.4196,-26.4804],[149.4196,-26.3232],[149.4038,-26.3151],[149.3311,-26.296],[149.216,-26.3159],[149.0877,-26.2599],[148.988,-26.2441],[148.9124,-26.1828],[148.8292,-26.1212],[148.7179,-26.0753],[148.7053,-26.0676],[148.6089,-26.0092],[148.5471,-26.0092],[148.4819,-26.0154],[148.3995,-26.0246],[148.3446,-26.04],[148.3317,-26.0502],[148.332,-26.0692],[148.372,-26.082],[148.3804,-26.0934],[148.3985,-26.1177],[148.3897,-26.1733],[148.372,-26.3319],[148.3587,-26.5061],[148.3605,-26.5164]]]},"properties":{"NAME":"Mandandanji","SUBJECTO":"Mandandanji","PARTOF":"Mandandanji","BORDERPRECISION":3,"LINK":null}},
{"type":"Feature","geometry":{"type":"Polygon","coordinates":[[[140.9985,-36.3137],[140.8008,-36.3417],[140.5151,-36.3417],[140.2954,-36.3417],[140.1261,-36.3316],[140.1718,-36.5449],[140.2377,-36.8357],[140.3394,-36.8357],[140.4767,-36.8467],[140.592,-36.8511],[140.6772,-36.8554],[140.7177,-36.8937],[140.7898,-36.8576],[140.8997,-36.7829],[140.9879,-36.7491],[140.9985,-36.5185],[140.9985,-36.3137]]]},"properties":{"NAME":"Bindjali","SUBJECTO":"Bindjali","PARTOF":"Bindjali","BORDERPRECISION":3,"LINK":null}},
{"type":"Feature","geometry":{"type":"Polygon","coordinates":[[[139.9895,-20.0783],[140.0098,-19.8494],[140.0208,-19.4769],[140.0208,-19.031],[139.9329,-18.7919],[139.904,-18.4915],[139.8999,-18.4483],[140.0419,-18.4087],[139.9988,-18.2189],[139.812,-17.9892],[139.7125,-17.9631],[139.6691,-17.9517],[139.4934,-17.9056],[139.3594,-17.9226],[139.3305,-17.9262],[139.3286,-17.9265],[139.2737,-18.2398],[139.2627,-18.5629],[139.3286,-18.8231],[139.1677,-19.1194],[139.2079,-19.1599],[139.4604,-19.4148],[139.7571,-19.8287],[139.9895,-20.0783]]]},"properties":{"NAME":"Mayi-Kutuna","SUBJECTO":"Mayi-Kutuna","PARTOF":"Mayi-Kutuna","BORDERPRECISION":3,"LINK":null}},
{"type":"Feature","geometry":{"type":"Polygon","coordinates":[[[117.0937,-21.039],[117.0736,-21.0403],[117.0264,-21.0435],[117.0099,-21.1101],[116.9769,-21.1767],[116.911,-21.2843],[116.889,-21.3405],[116.8818,-21.3857],[116.8778,-21.4106],[116.944,-21.4224],[117.0978,-21.5297],[117.1417,-21.637],[117.2626,-21.734],[117.4823,-21.8156],[117.6746,-21.943],[117.8067,-22.0564],[117.8429,-22.0729],[117.8943,-22.0398],[118.0151,-22.0398],[118.2019,-22.0805],[118.5864,-22.223],[118.9105,-22.3298],[118.9235,-22.3358],[118.9298,-22.3303],[118.9105,-22.2789],[118.9215,-22.1874],[118.927,-22.1314],[118.9819,-22.0602],[119.0282,-22.0149],[119.0276,-22.0089],[118.96,-21.9838],[118.938,-21.8972],[118.894,-21.836],[118.8281,-21.7901],[118.7183,-21.7187],[118.6523,-21.7085],[118.6453,-21.6367],[118.6159,-21.6265],[118.3942,-21.5502],[118.114,-21.4326],[117.982,-21.3323],[117.9621,-21.3172],[117.9053,-21.274],[117.6746,-21.1921],[117.5647,-21.146],[117.4219,-21.0999],[117.1802,-21.0332],[117.0937,-21.039]]]},"properties":{"NAME":"Yindjibarndi","SUBJECTO":"Yindjibarndi","PARTOF":"Yindjibarndi","BORDERPRECISION":3,"LINK":null}},
{"type":"Feature","geometry":{"type":"Polygon","coordinates":[[[122.8873,-18.4619],[122.8821,-18.4483],[122.7502,-18.365],[122.5085,-18.2607],[122.2339,-18.1876],[122.2247,-18.1898],[122.2211,-18.1906],[122.1965,-18.2437],[121.7608,-18.5371],[121.5763,-18.7027],[121.5459,-18.7712],[121.5444,-18.7863],[121.8384,-18.8439],[122.4866,-18.9582],[122.7361,-19.0251],[122.7508,-19.015],[122.7393,-18.9998],[122.8107,-18.7555],[122.8436,-18.5369],[122.8959,-18.4843],[122.8873,-18.4619]]]},"properties":{"NAME":"Karajarri","SUBJECTO":"Karajarri","PARTOF":"Karajarri","BORDERPRECISION":3,"LINK":null}},
{"type":"Feature","geometry":{"type":"Polygon","coordinates":[[[150.2257,-22.4796],[150.1253,-22.4238],[150.1996,-22.5937],[150.1886,-22.7863],[149.9963,-22.8623],[149.7986,-22.8724],[149.5844,-22.8521],[149.3976,-22.685],[149.3427,-22.4618],[149.2986,-22.3721],[149.2877,-22.3501],[149.2822,-22.3504],[149.1119,-22.3602],[148.8757,-22.3602],[148.8739,-22.3624],[148.8487,-22.3923],[148.7988,-22.4516],[148.8702,-22.6089],[148.9252,-22.6799],[149.0295,-22.8066],[149.0295,-22.9483],[149.1888,-23.1808],[149.2082,-23.2071],[149.2752,-23.1784],[149.2932,-23.1707],[149.3372,-23.2817],[149.4415,-23.3927],[149.5624,-23.4632],[149.7052,-23.5489],[150.0842,-23.4985],[150.3233,-23.564],[150.3398,-23.5685],[150.5072,-23.6143],[150.5448,-23.669],[150.5681,-23.7029],[150.639,-23.6596],[150.7764,-23.569],[150.7999,-23.5582],[150.7966,-23.5043],[150.7544,-22.8115],[150.6936,-22.6781],[150.6109,-22.6211],[150.3556,-22.5517],[150.2257,-22.4796]]]},"properties":{"NAME":"Darumbal","SUBJECTO":"Darumbal","PARTOF":"Darumbal","BORDERPRECISION":3,"LINK":null}},
{"type":"Feature","geometry":{"type":"MultiPolygon","coordinates":[[[[144.6141,-37.9381],[144.6185,-37.9485],[144.6059,-38.028],[144.7309,-38.0772],[144.7803,-38.0598],[144.9698,-38.0658],[145.2521,-38.2312],[145.5043,-38.4415],[145.5371,-38.5117],[145.5359,-38.7225],[145.9339,-38.8815],[146.5259,-39.1806],[146.4319,-39.0594],[146.2992,-38.8935],[146.4277,-38.8996],[146.6345,-38.877],[146.6345,-38.8739],[146.6276,-38.7611],[146.4532,-38.7498],[146.3269,-38.7498],[146.217,-38.7284],[146.2445,-38.6255],[146.2939,-38.4407],[146.3069,-38.3838],[146.0522,-38.3589],[145.6787,-38.2123],[145.3931,-38.0308],[145.1514,-37.9442],[144.9866,-37.8575],[144.8877,-37.8749],[144.7339,-37.9182],[144.6141,-37.9381]]],[[[144.7476,-38.4558],[144.6119,-38.3711],[144.5911,-38.3804],[144.5855,-38.3811],[144.5691,-38.4106],[144.5771,-38.4986],[144.7476,-38.4558]]]]},"properties":{"NAME":"Boonwurrung","SUBJECTO":"Boonwurrung","PARTOF":"Boonwurrung","BORDERPRECISION":3,"LINK":null}},
{"type":"Feature","geometry":{"type":"Polygon","coordinates":[[[140.3721,-21.7758],[140.2954,-21.9227],[140.3036,-21.9532],[140.3064,-22.0449],[140.2933,-22.1599],[140.5481,-22.3704],[140.9283,-22.378],[140.9786,-22.3104],[140.9546,-22.2993],[140.9656,-22.1467],[140.9436,-21.9532],[140.949,-21.9382],[140.8557,-21.9634],[140.7898,-21.7697],[140.7657,-21.7193],[140.7294,-21.7391],[140.4218,-21.7646],[140.3721,-21.7758]]]},"properties":{"NAME":"Yanda","SUBJECTO":"Yanda","PARTOF":"Yanda","BORDERPRECISION":3,"LINK":null}},
{"type":"Feature","geometry":{"type":"Polygon","coordinates":[[[144.4871,-18.3312],[144.4815,-18.5023],[144.4812,-18.5109],[144.4922,-18.7815],[144.4922,-19.0413],[144.4263,-19.2593],[144.2725,-19.4666],[144.2189,-19.5474],[144.1626,-19.6322],[144.1621,-19.6479],[144.1516,-19.9527],[144.1187,-20.2416],[144.1187,-20.4167],[144.1033,-20.4503],[144.0857,-20.4888],[144.307,-20.4664],[144.8987,-20.4064],[145.2832,-20.4476],[145.5191,-20.5183],[145.5579,-20.5299],[145.5875,-20.516],[145.8435,-20.3961],[146.0742,-20.3549],[146.3379,-20.3446],[146.6016,-20.4476],[146.9238,-20.5482],[146.9301,-20.5502],[146.9312,-20.5505],[147.063,-20.6225],[147.137,-20.5681],[147.1608,-20.5505],[147.2168,-20.5094],[147.2498,-20.324],[147.2717,-20.0869],[147.223,-19.9114],[147.2089,-19.8604],[147.2058,-19.8494],[147.019,-19.8804],[146.8103,-19.8391],[146.8111,-19.8217],[146.8213,-19.6115],[146.8542,-19.4977],[146.8542,-19.4044],[146.7913,-19.387],[146.7093,-19.3642],[146.6743,-19.3545],[146.6675,-19.3526],[146.6008,-19.3358],[146.5676,-19.3275],[146.5027,-19.3111],[146.3489,-19.2385],[146.2061,-19.0933],[145.9644,-18.8855],[145.8545,-18.6775],[145.8282,-18.6459],[145.6897,-18.4796],[145.684,-18.4753],[145.5249,-18.3545],[145.4041,-18.1459],[145.3962,-18.1217],[145.3981,-18.1185],[145.3947,-18.117],[145.3601,-18.0101],[145.3381,-17.8533],[145.2832,-17.6754],[145.2109,-17.5789],[145.202,-17.5671],[145.1733,-17.5288],[144.9097,-17.5498],[144.8053,-17.5498],[144.7723,-17.5498],[144.646,-17.5498],[144.5691,-17.6964],[144.5691,-17.8951],[144.4922,-18.1772],[144.4871,-18.3312]]]},"properties":{"NAME":"Gugu-Badhun","SUBJECTO":"Gugu-Badhun","PARTOF":"Gugu-Badhun","BORDERPRECISION":3,"LINK":null}},
{"type":"Feature","geometry":{"type":"Polygon","coordinates":[[[120.5296,-32.9594],[120.3772,-33.0087],[120.2014,-33.0823],[120.1931,-33.0856],[120.0349,-33.148],[120.0146,-33.1559],[119.9484,-33.153],[119.6082,-33.1376],[119.1687,-33.1376],[118.4766,-33.1099],[118.4914,-33.1362],[118.5754,-33.2846],[118.6885,-33.5376],[118.7842,-33.7517],[119.0741,-33.9858],[119.5082,-34.3364],[119.5921,-34.2223],[119.7715,-34.1202],[120.0737,-34.1005],[120.2801,-34.1191],[120.7022,-34.0483],[121.4095,-33.9705],[121.7403,-33.9635],[121.8724,-34.0014],[122.1709,-34.1789],[122.351,-34.0958],[122.768,-34.0313],[123.014,-34.0372],[123.1858,-34.04],[123.4599,-33.9939],[123.623,-33.9151],[123.9222,-33.5214],[123.9547,-33.4787],[123.8269,-33.3764],[123.6511,-33.1376],[122.8282,-33.0553],[122.8275,-33.0552],[122.7995,-33.1645],[122.7548,-33.3913],[122.6219,-33.382],[122.4668,-33.382],[122.3006,-33.4004],[122.2011,-33.3738],[121.9904,-33.3263],[121.8414,-33.283],[121.7471,-33.2358],[121.7024,-33.2151],[121.5584,-33.1594],[121.4048,-33.1152],[121.2608,-33.1151],[121.1278,-33.1243],[120.9739,-33.125],[120.8077,-33.1426],[120.7134,-33.1715],[120.5816,-33.052],[120.5377,-32.9692],[120.5296,-32.9594]]]},"properties":{"NAME":"Wudjari","SUBJECTO":"Wudjari","PARTOF":"Wudjari","BORDERPRECISION":3,"LINK":null}},
{"type":"Feature","geometry":{"type":"Polygon","coordinates":[[[130.2909,-17.1222],[130.282,-17.1788],[130.2869,-17.1828],[130.2869,-17.2877],[130.4846,-17.3192],[130.7263,-17.3821],[130.9351,-17.3716],[130.9399,-17.3945],[130.968,-17.3926],[131.1768,-17.0883],[131.3196,-16.8571],[131.3855,-16.773],[131.391,-16.6998],[131.3635,-16.7151],[131.347,-16.6151],[131.2646,-16.552],[131.0779,-16.4677],[130.9597,-16.4223],[130.957,-16.4414],[130.9131,-16.4888],[130.6824,-16.6941],[130.5011,-16.9149],[130.3308,-17.0935],[130.2909,-17.1222]]]},"properties":{"NAME":"Bilinara","SUBJECTO":"Bilinara","PARTOF":"Bilinara","BORDERPRECISION":3,"LINK":null}},
{"type":"Feature","geometry":{"type":"MultiPolygon","coordinates":[[[[130.3854,-13.3854],[130.4024,-13.3921],[130.3959,-13.3839],[130.3854,-13.3854]]],[[[130.3054,-13.4167],[130.3039,-13.4299],[130.3198,-13.435],[130.3336,-13.4484],[130.3644,-13.3884],[130.3555,-13.3896],[130.3198,-13.4056],[130.3054,-13.4167]]]]},"properties":{"NAME":"Tjerratj","SUBJECTO":"Tjerratj","PARTOF":"Tjerratj","BORDERPRECISION":3,"LINK":null}},
{"type":"Feature","geometry":{"type":"Polygon","coordinates":[[[152.9816,-31.2972],[152.984,-31.2681],[152.9462,-31.2504],[152.5781,-31.2598],[152.3419,-31.1705],[152.0013,-31.0906],[151.7651,-31.0718],[151.6553,-31.0623],[151.6526,-31.0622],[151.6138,-31.0607],[151.4246,-31.0529],[151.3147,-31.1094],[151.3363,-31.162],[151.4575,-31.4568],[151.4269,-31.6134],[151.4246,-31.6253],[151.3477,-31.6362],[151.441,-31.6627],[151.5564,-31.7375],[151.6553,-31.8589],[151.7706,-32.036],[151.7854,-32.0471],[151.788,-32.0491],[151.9135,-32.1431],[152.0288,-32.157],[152.1991,-32.1384],[152.5177,-32.1617],[152.5799,-32.1441],[152.582,-32.1409],[152.834,-31.7683],[152.9719,-31.4182],[152.9816,-31.2972]]]},"properties":{"NAME":"Biripi","SUBJECTO":"Biripi","PARTOF":"Biripi","BORDERPRECISION":3,"LINK":null}},
{"type":"Feature","geometry":{"type":"Polygon","coordinates":[[[142.1183,-28.4203],[142.1027,-28.6858],[142.1082,-29.0658],[142.1301,-29.2624],[142.1356,-29.5161],[142.1382,-29.6308],[142.1741,-29.6308],[142.3828,-29.6308],[143.064,-29.7167],[143.364,-29.7448],[143.3936,-29.6594],[143.3167,-29.1713],[143.2947,-28.7965],[143.3693,-28.7725],[143.0175,-28.7357],[142.9541,-28.7291],[142.663,-28.6713],[142.4048,-28.5942],[142.3194,-28.5274],[142.3114,-28.5363],[142.2738,-28.5137],[142.1183,-28.4203]]]},"properties":{"NAME":"Karenggapa","SUBJECTO":"Karenggapa","PARTOF":"Karenggapa","BORDERPRECISION":3,"LINK":null}},
{"type":"Feature","geometry":{"type":"Polygon","coordinates":[[[149.0304,-25.1781],[149.0297,-25.1771],[149.0273,-25.1775],[148.8559,-25.2036],[148.8569,-25.2302],[148.8594,-25.2502],[148.8655,-25.2983],[148.8569,-25.3721],[148.8612,-25.409],[148.8393,-25.4388],[148.8247,-25.4621],[148.8186,-25.4796],[148.828,-25.5006],[148.8513,-25.5312],[148.87,-25.5817],[148.891,-25.6375],[148.9113,-25.6948],[148.9254,-25.7367],[148.9449,-25.7542],[148.9522,-25.77],[148.9565,-25.8084],[148.958,-25.8311],[148.9486,-25.8709],[148.9429,-25.8949],[148.9412,-25.8973],[148.9395,-25.8983],[148.9361,-25.8976],[148.9011,-25.8873],[148.8326,-25.874],[148.7586,-25.8623],[148.7098,-25.8585],[148.6641,-25.8535],[148.6376,-25.8551],[148.6201,-25.8616],[148.5596,-25.8838],[148.5424,-25.8888],[148.503,-25.8996],[148.4201,-25.9222],[148.368,-25.9586],[148.3313,-26.0263],[148.3317,-26.0502],[148.3446,-26.04],[148.3995,-26.0246],[148.4819,-26.0154],[148.5471,-26.0092],[148.6089,-26.0092],[148.7053,-26.0676],[148.8812,-26.0864],[148.9203,-26.089],[148.9746,-25.963],[148.9856,-25.7801],[149.0186,-25.5424],[149.024,-25.2944],[149.024,-25.195],[149.024,-25.1801],[149.027,-25.1792],[149.0304,-25.1781]]]},"properties":{"NAME":"Gungabula","SUBJECTO":"Gungabula","PARTOF":"Gungabula","BORDERPRECISION":3,"LINK":null}},
{"type":"Feature","geometry":{"type":"Polygon","coordinates":[[[142.8716,-13.0932],[142.8827,-13.133],[142.8992,-13.3522],[142.9211,-13.5339],[142.9211,-13.7581],[142.9266,-13.9661],[142.9527,-14.1849],[142.9541,-14.1845],[143.1848,-14.1046],[143.2952,-14.0898],[143.3441,-14.0833],[143.3551,-14.0194],[143.3943,-13.8207],[143.3959,-13.8123],[143.4045,-13.7687],[143.421,-13.4804],[143.421,-13.395],[143.421,-13.3789],[143.4059,-13.3442],[143.3441,-13.2025],[143.1903,-12.9831],[143.1572,-12.9555],[143.1369,-12.9385],[143.1134,-12.9189],[142.9795,-12.9904],[142.9737,-12.9936],[142.9431,-13.0099],[142.8578,-13.0741],[142.8662,-13.0741],[142.8716,-13.0932]]]},"properties":{"NAME":"Kaantju","SUBJECTO":"Kaantju","PARTOF":"Kaantju","BORDERPRECISION":3,"LINK":null}},
{"type":"Feature","geometry":{"type":"Polygon","coordinates":[[[144.3073,-32.9526],[144.3139,-32.9603],[144.5142,-33.1927],[145.0635,-33.5597],[144.9316,-33.6695],[144.668,-33.8887],[144.6584,-34.024],[144.6549,-34.0726],[144.646,-34.1982],[144.7559,-34.6332],[144.7842,-34.6734],[144.798,-34.693],[144.8555,-34.7745],[144.8546,-34.7762],[144.8767,-34.8048],[144.877,-34.805],[144.9976,-34.976],[145.1095,-35.2202],[145.1294,-35.2636],[145.1349,-35.3022],[145.1953,-35.7287],[145.5469,-35.9246],[145.7983,-35.9878],[145.8167,-35.9924],[146.1841,-36.0846],[146.9531,-36.1201],[147.2052,-36.1016],[147.2251,-36.1002],[147.4365,-36.0846],[147.8101,-36.0846],[147.9858,-36.0846],[148.0052,-36.0062],[148.0957,-35.6394],[148.1396,-35.3353],[148.1396,-35.2053],[148.1396,-35.1469],[148.1396,-34.976],[148.1396,-34.6874],[148.2715,-34.4522],[148.4001,-34.3815],[148.4692,-34.3434],[148.5307,-34.3356],[148.7549,-34.3071],[148.8733,-34.2888],[149.0397,-34.263],[149.1064,-34.2527],[149.6777,-34.0891],[149.8755,-33.7974],[149.9989,-33.2308],[150.0084,-33.1871],[150.0513,-32.9902],[150.0957,-32.8161],[150.1099,-32.7605],[150.1172,-32.7318],[149.9593,-32.4433],[149.9386,-32.4055],[149.8535,-32.25],[149.7236,-32.1033],[149.7047,-32.082],[149.6558,-32.0267],[149.1738,-31.837],[149.0415,-31.7849],[148.7549,-31.6721],[148.0518,-31.6721],[147.3047,-31.6721],[147.2496,-31.6821],[147.1258,-31.7047],[146.6895,-31.7842],[146.0083,-32.0267],[144.9536,-32.6024],[144.8657,-32.8796],[144.3434,-32.8645],[144.2295,-32.8612],[144.2285,-32.8611],[144.2297,-32.8625],[144.2902,-32.9327],[144.3073,-32.9526]]]},"properties":{"NAME":"Wiradjuri","SUBJECTO":"Wiradjuri","PARTOF":"Wiradjuri","BORDERPRECISION":3,"LINK":null}},
{"type":"Feature","geometry":{"type":"Polygon","coordinates":[[[146.6743,-19.3545],[146.7087,-19.3628],[146.7093,-19.3642],[146.7913,-19.387],[146.7963,-19.3552],[146.6305,-19.2599],[146.6291,-19.27],[146.6008,-19.3358],[146.6675,-19.3526],[146.6743,-19.3545]]]},"properties":{"NAME":"Wulgurukaba","SUBJECTO":"Wulgurukaba","PARTOF":"Wulgurukaba","BORDERPRECISION":3,"LINK":null}},
{"type":"Feature","geometry":{"type":"Polygon","coordinates":[[[138.9361,-26.1949],[138.8892,-26.1949],[138.8892,-26.3427],[138.7354,-26.3722],[138.4717,-26.3623],[138.219,-26.3623],[138.1348,-26.4001],[138.1531,-26.4312],[138.1556,-26.463],[138.1641,-26.5689],[138.23,-26.7554],[138.3069,-26.9808],[138.3728,-27.2644],[138.4021,-27.375],[138.4167,-27.362],[138.5706,-27.362],[138.8342,-27.3718],[139.1858,-27.3815],[139.3945,-27.323],[139.6033,-27.2546],[139.7791,-27.2253],[139.9766,-27.233],[139.9933,-27.1618],[140.0867,-26.8143],[140.224,-26.4607],[140.3386,-26.274],[140.3448,-26.2639],[140.3599,-26.2296],[140.1965,-26.2836],[139.7791,-26.2836],[139.4714,-26.2047],[139.1309,-26.1949],[138.9936,-26.1949],[138.9361,-26.1949]]]},"properties":{"NAME":"Ngamini","SUBJECTO":"Ngamini","PARTOF":"Ngamini","BORDERPRECISION":3,"LINK":null}},
{"type":"Feature","geometry":{"type":"Polygon","coordinates":[[[143.1483,-38.7472],[143.1519,-38.7541],[143.2562,-38.7284],[143.3441,-38.6426],[143.4485,-38.5739],[143.4426,-38.5346],[143.4418,-38.5293],[143.4375,-38.5009],[143.3979,-38.49],[143.3949,-38.4867],[143.3909,-38.4881],[143.3276,-38.4708],[143.2233,-38.4536],[143.0365,-38.4019],[142.998,-38.3675],[143.0145,-38.2641],[143.02,-38.1648],[143.053,-38.1129],[143.0804,-38.0481],[143.0804,-37.9139],[143.0804,-37.8108],[143.0475,-37.8014],[143.031,-37.7968],[142.9871,-37.749],[142.9801,-37.7147],[142.8552,-37.8011],[142.7618,-37.9918],[142.7097,-38.0008],[142.7097,-38.0243],[142.6641,-38.0526],[142.6606,-38.0634],[142.6767,-38.0978],[142.6904,-38.1497],[142.674,-38.2047],[142.6726,-38.2479],[142.663,-38.2802],[142.6369,-38.305],[142.6176,-38.333],[142.5998,-38.3524],[142.5874,-38.3826],[142.5517,-38.3976],[142.547,-38.3992],[142.5311,-38.4708],[142.6355,-38.5396],[142.6904,-38.5997],[142.8058,-38.6426],[142.9871,-38.6598],[143.1299,-38.7112],[143.1483,-38.7472]]]},"properties":{"NAME":"Giraiwurung","SUBJECTO":"Giraiwurung","PARTOF":"Giraiwurung","BORDERPRECISION":3,"LINK":null}},
{"type":"Feature","geometry":{"type":"Polygon","coordinates":[[[142.9795,-12.9904],[143.1134,-12.9189],[143.1369,-12.9385],[143.1572,-12.9555],[143.2205,-12.9269],[143.2892,-12.8975],[143.3606,-12.8654],[143.3784,-12.8428],[143.3759,-12.8328],[143.3712,-12.8138],[143.2923,-12.6868],[142.9708,-12.535],[143.1121,-12.2461],[143.1026,-12.24],[143.0997,-12.238],[142.9074,-12.2756],[142.8487,-12.2841],[142.8612,-12.3076],[142.8799,-12.3427],[142.9266,-12.4983],[142.9431,-12.6216],[142.939,-12.6216],[142.9678,-12.6779],[142.9788,-12.8252],[142.9843,-12.9778],[142.9795,-12.9904]]]},"properties":{"NAME":"Kuuku-ya’u","SUBJECTO":"Kuuku-ya’u","PARTOF":"Kuuku-ya’u","BORDERPRECISION":3,"LINK":null}},
{"type":"Feature","geometry":{"type":"Polygon","coordinates":[[[121.333,-21.994],[121.2203,-22.0124],[121.1946,-22.0166],[121.1462,-22.0245],[121.1208,-22.0559],[121.0803,-22.106],[121.1038,-22.1986],[121.1243,-22.2789],[121.1243,-22.5531],[121.1243,-22.7863],[121.1243,-23.0494],[121.0034,-23.3019],[121.002,-23.3035],[120.954,-23.3574],[120.9602,-23.3877],[120.9705,-23.438],[121.0638,-23.559],[121.1902,-23.7652],[121.4539,-24.0013],[121.712,-24.267],[121.9537,-24.5271],[122.2614,-24.7967],[122.8381,-25.2993],[122.8718,-25.3345],[122.9095,-25.3738],[122.9503,-25.4021],[122.981,-25.4234],[123.0029,-25.3986],[123.0963,-25.2944],[123.1842,-25.19],[123.3545,-25.0209],[124.2664,-24.257],[125.2551,-24.4672],[125.4685,-24.5703],[125.5278,-24.5989],[125.6067,-24.637],[125.8813,-24.4871],[126.156,-24.2269],[128.0127,-24.1066],[127.9657,-24.0587],[127.8948,-23.9863],[127.8259,-23.916],[127.4304,-23.6546],[127.0459,-23.3019],[126.925,-23.009],[126.7273,-22.6343],[126.5625,-22.3501],[126.3098,-22.0449],[126.1976,-21.9623],[126.1569,-21.9324],[125.9912,-21.8105],[125.8408,-21.8105],[125.5188,-21.8105],[125.387,-21.8105],[125.2112,-21.9634],[124.8267,-22.1162],[124.3872,-22.2891],[124.0906,-22.3501],[124.0796,-22.1569],[124.0796,-21.943],[123.8928,-21.637],[123.6072,-21.4224],[123.4094,-21.361],[123.2886,-21.3712],[123.2739,-21.3725],[123.1677,-21.3815],[122.7612,-21.9838],[122.5415,-22.411],[122.2009,-22.4009],[121.6296,-22.2179],[121.3989,-22.1467],[121.333,-21.994]]]},"properties":{"NAME":"Mardu","SUBJECTO":"Mardu","PARTOF":"Mardu","BORDERPRECISION":3,"LINK":null}},
{"type":"Feature","geometry":{"type":"Polygon","coordinates":[[[118.8841,-34.2822],[118.9215,-34.289],[118.9764,-34.3888],[119.0753,-34.4839],[119.1357,-34.5201],[119.3542,-34.5458],[119.4604,-34.4015],[119.3939,-34.3298],[119.1632,-34.1027],[119.0741,-33.9858],[118.7842,-33.7517],[118.6885,-33.5376],[118.6743,-33.5231],[118.4381,-33.1651],[118.3706,-33.151],[118.1744,-33.2548],[118.088,-33.2798],[117.8613,-33.3948],[117.6326,-33.4961],[117.529,-33.5528],[117.4878,-33.5872],[117.4493,-33.6512],[117.6526,-33.8111],[117.6652,-33.9469],[117.691,-33.9889],[117.6721,-34.0216],[117.6746,-34.0481],[117.5812,-34.2618],[118.5699,-34.2254],[118.7297,-34.2543],[118.8666,-34.2572],[118.8841,-34.2822]]]},"properties":{"NAME":"Goreng","SUBJECTO":"Goreng","PARTOF":"Goreng","BORDERPRECISION":3,"LINK":null}},
{"type":"Feature","geometry":{"type":"Polygon","coordinates":[[[133.9997,-12.2658],[134.0057,-12.2541],[133.8794,-12.1575],[133.808,-12.0877],[133.7585,-12.0071],[133.7615,-11.9972],[133.7256,-11.9891],[133.5592,-11.9513],[133.537,-11.9418],[133.4476,-11.9034],[133.1708,-11.8539],[133.1416,-11.8573],[133.1021,-11.862],[133.0977,-11.8658],[133.0728,-11.8876],[133.0559,-11.9025],[133.0499,-11.9077],[133.0444,-11.9587],[133.0334,-11.999],[133.0258,-12.03],[133.0142,-12.0769],[133.0252,-12.1226],[133.0664,-12.1521],[133.1378,-12.1978],[133.19,-12.2407],[133.2532,-12.3293],[133.3301,-12.4795],[133.3246,-12.576],[133.3026,-12.6671],[133.3191,-12.7261],[133.3191,-12.8064],[133.3743,-12.8334],[133.4029,-12.8473],[133.4399,-12.8814],[133.4509,-12.8921],[133.4904,-12.904],[133.521,-12.9131],[133.5223,-12.9136],[133.5773,-12.9939],[133.5924,-12.969],[133.6222,-12.9202],[133.6981,-12.7957],[133.7805,-12.6457],[133.8354,-12.5546],[133.9069,-12.4205],[133.9563,-12.3507],[133.9984,-12.2684],[133.9997,-12.2658]]]},"properties":{"NAME":"Gunwinggu","SUBJECTO":"Gunwinggu","PARTOF":"Gunwinggu","BORDERPRECISION":3,"LINK":null}},
{"type":"Feature","geometry":{"type":"Polygon","coordinates":[[[115.3773,-24.9953],[115.3739,-24.9944],[115.2631,-24.9661],[115.2154,-24.9607],[115.03,-24.9397],[114.8676,-24.9213],[114.6973,-24.8466],[114.494,-24.7718],[114.137,-24.672],[113.9008,-24.6919],[113.7579,-24.7269],[113.6316,-24.7817],[113.6116,-24.8076],[113.5547,-24.8815],[113.6206,-25.0906],[113.7524,-25.3242],[113.9552,-25.6345],[114.0051,-25.7108],[114.2139,-25.7653],[114.4446,-25.7653],[114.5709,-25.7653],[114.7275,-25.7516],[114.7276,-25.7495],[114.7302,-25.7108],[114.917,-25.6663],[115.1312,-25.6762],[115.4388,-25.6514],[115.6036,-25.6217],[115.7135,-25.592],[115.8234,-25.5524],[115.8563,-25.483],[115.8124,-25.2944],[115.8419,-25.2266],[115.8289,-25.2099],[115.8196,-25.2038],[115.7684,-25.1701],[115.752,-25.1768],[115.7629,-25.1701],[115.719,-25.1453],[115.5652,-25.0856],[115.4388,-25.011],[115.3773,-24.9953]],[[115.752,-25.1768],[115.7465,-25.1801],[115.719,-25.19],[115.752,-25.1768]]]},"properties":{"NAME":"Yinggarda","SUBJECTO":"Yinggarda","PARTOF":"Yinggarda","BORDERPRECISION":3,"LINK":null}},
{"type":"Feature","geometry":{"type":"Polygon","coordinates":[[[145.8695,-17.195],[145.7175,-16.9782],[145.7062,-17.02],[145.6677,-17.062],[145.6073,-17.1513],[145.5853,-17.23],[145.5482,-17.2423],[145.643,-17.2851],[145.7227,-17.3349],[145.8215,-17.3821],[145.9451,-17.4266],[145.9614,-17.429],[145.8695,-17.195]]]},"properties":{"NAME":"Yidinjdji","SUBJECTO":"Yidinjdji","PARTOF":"Yidinjdji","BORDERPRECISION":3,"LINK":null}},
{"type":"Feature","geometry":{"type":"Polygon","coordinates":[[[132.3035,-23.0134],[132.2754,-23.0393],[132.2701,-23.0424],[132.0337,-23.1808],[132.0337,-23.6647],[132.2095,-23.926],[132.4951,-24.3071],[132.8687,-24.5471],[133.1323,-25.0259],[133.2422,-25.4433],[133.5498,-25.7603],[133.7695,-26.0173],[133.7939,-26.0319],[133.8715,-26.0783],[134.165,-26.254],[134.6924,-26.6867],[135.0659,-27.02],[135.2116,-27.1773],[135.2789,-27.2501],[135.3735,-27.3523],[135.8789,-27.3718],[136.1388,-27.2398],[136.1865,-27.2156],[136.1865,-27.2016],[136.1865,-26.726],[136.2744,-26.1357],[136.2744,-25.6415],[136.2744,-25.0856],[136.2707,-25.0594],[136.1646,-24.3071],[136.1646,-23.7451],[136.1646,-23.3019],[136.1203,-23.1256],[136.0986,-23.0393],[135.0879,-23.0191],[134.3188,-23.0191],[133.9833,-22.977],[133.8354,-22.9584],[133.2202,-22.9179],[133.1918,-22.9111],[132.627,-22.7762],[132.5391,-22.7964],[132.3035,-23.0134]]]},"properties":{"NAME":"Arrernte","SUBJECTO":"Arrernte","PARTOF":"Arrernte","BORDERPRECISION":3,"LINK":null}},
{"type":"Feature","geometry":{"type":"MultiPolygon","coordinates":[[[[142.6443,-11.0927],[142.3376,-10.9154],[142.2674,-10.9899],[142.3059,-11.0383],[142.413,-11.0706],[142.5174,-11.0787],[142.6218,-11.0895],[142.6465,-11.0976],[142.6443,-11.0927]]],[[[142.6858,-11.1832],[142.6932,-11.27],[142.6987,-11.4289],[142.6987,-11.5446],[142.6987,-11.6953],[142.6892,-11.7674],[142.7701,-11.741],[142.792,-11.7382],[142.7703,-11.6137],[142.7492,-11.3213],[142.6858,-11.1832]]]]},"properties":{"NAME":"Yadhaigana","SUBJECTO":"Yadhaigana","PARTOF":"Yadhaigana","BORDERPRECISION":3,"LINK":null}},
{"type":"Feature","geometry":{"type":"Polygon","coordinates":[[[139.1302,-34.534],[138.9661,-34.6016],[138.7739,-34.6572],[138.7903,-34.6874],[138.7903,-34.8589],[138.7134,-34.994],[138.653,-35.1738],[138.5815,-35.3353],[138.5769,-35.3432],[138.9963,-35.0795],[139.0998,-35.0768],[139.1418,-35.003],[139.1638,-34.7326],[139.1302,-34.534]]]},"properties":{"NAME":"Peramangk","SUBJECTO":"Peramangk","PARTOF":"Peramangk","BORDERPRECISION":3,"LINK":null}},
{"type":"Feature","geometry":{"type":"Polygon","coordinates":[[[138.7375,-22.1215],[138.5775,-22.1129],[138.4497,-22.106],[138.2959,-22.3806],[138.252,-22.6546],[138.252,-23.0393],[138.2629,-23.2918],[138.3289,-23.4733],[138.3618,-23.6445],[138.3618,-23.6695],[138.3618,-23.916],[138.3728,-24.3071],[138.3728,-24.5771],[138.3728,-24.7069],[138.3838,-24.7069],[138.4058,-24.8466],[138.4277,-24.9363],[138.4717,-25.2447],[138.5925,-25.5226],[138.7244,-25.7405],[138.8138,-25.9089],[138.8452,-25.9679],[138.8277,-25.9704],[138.8467,-25.9856],[138.8617,-25.9975],[138.9159,-25.9281],[139.1089,-25.6811],[139.1968,-25.5524],[139.3204,-25.3131],[139.3506,-25.2546],[139.3704,-25.2205],[139.4604,-25.0657],[139.5374,-24.8864],[139.6033,-24.667],[139.5969,-24.6466],[139.5953,-24.6415],[139.4934,-24.4871],[139.3945,-24.3871],[139.2572,-24.267],[139.1199,-24.0766],[139.0265,-23.8959],[138.9825,-23.725],[138.7354,-23.3876],[138.8562,-23.2111],[139.0594,-22.9483],[139.1693,-22.6292],[139.1748,-22.3856],[139.2006,-22.2635],[139.2223,-22.1611],[139.2078,-22.1467],[138.7375,-22.1215]]]},"properties":{"NAME":"Wangkamana","SUBJECTO":"Wangkamana","PARTOF":"Wangkamana","BORDERPRECISION":3,"LINK":null}},
{"type":"Feature","geometry":{"type":"Polygon","coordinates":[[[132.2181,-12.7708],[132.2974,-12.785],[132.3715,-12.8064],[132.4292,-12.7475],[132.4301,-12.7413],[132.4072,-12.7207],[132.3962,-12.5706],[132.3962,-12.3722],[132.4,-12.3284],[132.398,-12.3289],[132.2164,-12.3412],[132.2424,-12.4258],[132.2424,-12.576],[132.2181,-12.7708]]]},"properties":{"NAME":"Konbudj","SUBJECTO":"Konbudj","PARTOF":"Konbudj","BORDERPRECISION":3,"LINK":null}},
{"type":"Feature","geometry":{"type":"Polygon","coordinates":[[[147.1289,-23.3473],[147.1289,-23.559],[147.1619,-23.7803],[147.1948,-23.9511],[147.2149,-23.99],[147.235,-23.9913],[147.4284,-24.0038],[147.5967,-24.0205],[147.8455,-24.0339],[147.9845,-24.0272],[148.0356,-24.0459],[148.1019,-24.0787],[148.1432,-24.0967],[148.2131,-24.1196],[148.2813,-24.1704],[148.3139,-24.218],[148.3982,-24.2867],[148.481,-24.3749],[148.4993,-24.3844],[148.542,-24.4068],[148.5592,-24.4188],[148.634,-24.3371],[148.7257,-24.2285],[148.6861,-24.1898],[148.6011,-24.1066],[148.5352,-23.9009],[148.5132,-23.7502],[148.5077,-23.559],[148.513,-23.5533],[148.5429,-23.5216],[148.5297,-23.4834],[148.3813,-23.3069],[148.2111,-23.0444],[148.0792,-22.8876],[148.0529,-22.8734],[148.0133,-22.8521],[147.9977,-22.87],[147.832,-23.0595],[147.6727,-23.1757],[147.3706,-23.2565],[147.1684,-23.3325],[147.1597,-23.3357],[147.1289,-23.3473]]]},"properties":{"NAME":"Gayiri","SUBJECTO":"Gayiri","PARTOF":"Gayiri","BORDERPRECISION":3,"LINK":null}},
{"type":"Feature","geometry":{"type":"Polygon","coordinates":[[[137.1897,-29.656],[137.5378,-29.5735],[138.1201,-29.5735],[138.4497,-29.6021],[138.4607,-29.5713],[138.4846,-29.5044],[138.6035,-29.1713],[138.6584,-28.8832],[138.6584,-28.7002],[138.6914,-28.4783],[138.4277,-28.1301],[138.2629,-27.8585],[138.23,-27.7711],[138.1825,-27.6995],[138.1539,-27.6565],[138.0762,-27.7322],[137.7246,-27.7905],[137.428,-27.7613],[136.9006,-27.8375],[136.9006,-28.0138],[136.8896,-28.3141],[136.9006,-28.517],[137.0544,-28.8735],[137.1533,-29.1618],[137.2522,-29.4587],[137.2658,-29.5656],[137.2742,-29.6308],[137.1897,-29.656]]]},"properties":{"NAME":"Dhirari","SUBJECTO":"Dhirari","PARTOF":"Dhirari","BORDERPRECISION":3,"LINK":null}},
{"type":"Feature","geometry":{"type":"Polygon","coordinates":[[[127.0716,-26.5836],[127.3096,-26.5885],[127.4304,-26.5787],[127.3379,-26.5296],[127.252,-26.4977],[127.0459,-26.4214],[126.6833,-26.2442],[126.3098,-25.9975],[125.8374,-25.6811],[125.6616,-25.3738],[125.5188,-25.0458],[125.5078,-24.6171],[125.5148,-24.6107],[125.5078,-24.5971],[125.4685,-24.5703],[125.2551,-24.4672],[124.2664,-24.257],[123.3545,-25.0209],[123.1842,-25.19],[123.0963,-25.2944],[123.0029,-25.3986],[122.981,-25.4234],[122.9503,-25.4021],[122.97,-25.5325],[122.97,-25.7801],[122.948,-26.0272],[122.7942,-26.0074],[122.7771,-26.0074],[122.778,-26.0299],[122.7832,-26.1554],[122.8931,-26.4902],[122.956,-26.5606],[123.0584,-26.675],[123.1567,-26.7848],[123.728,-27.1569],[124.1675,-27.3523],[124.3571,-27.4645],[124.3652,-27.4693],[124.3933,-27.3968],[124.4861,-27.1569],[124.53,-26.8535],[124.6399,-26.6082],[124.7058,-26.4214],[124.8816,-26.1357],[125.2551,-25.9086],[125.4858,-25.9086],[125.7825,-26.0963],[126.1121,-26.2244],[126.3757,-26.4411],[126.8372,-26.5787],[126.9489,-26.581],[127.0716,-26.5836]]]},"properties":{"NAME":"Ngaanyatjarra","SUBJECTO":"Ngaanyatjarra","PARTOF":"Ngaanyatjarra","BORDERPRECISION":3,"LINK":null}},
{"type":"Feature","geometry":{"type":"Polygon","coordinates":[[[148.706,-20.8448],[148.6946,-20.8291],[148.6349,-20.8619],[148.6472,-20.881],[148.689,-20.946],[148.8428,-21.1614],[149.0295,-21.494],[149.0722,-21.5913],[149.1284,-21.5859],[149.1362,-21.5954],[149.1833,-21.5706],[149.2794,-21.5408],[149.2002,-21.3142],[149.1015,-21.0601],[148.7107,-20.8474],[148.706,-20.8448]]]},"properties":{"NAME":"Yuwi","SUBJECTO":"Yuwi","PARTOF":"Yuwi","BORDERPRECISION":3,"LINK":null}},
{"type":"Feature","geometry":{"type":"Polygon","coordinates":[[[125.6664,-17.0832],[125.6849,-17.0693],[125.7715,-17.0043],[125.8594,-16.9307],[125.9363,-16.8361],[126.145,-16.8571],[126.2878,-16.9517],[126.5295,-16.8992],[126.6614,-16.773],[126.8591,-16.5625],[126.936,-16.3307],[126.958,-16.088],[127.0789,-16.0036],[127.2986,-16.0036],[127.4642,-16.0036],[127.5084,-16.0036],[127.5183,-16.0036],[127.738,-15.9825],[127.8464,-15.9223],[127.9382,-15.8714],[128.0237,-15.824],[128.1116,-15.6548],[128.1173,-15.5828],[128.1193,-15.5578],[128.1226,-15.5172],[128.0511,-15.4484],[128.048,-15.4453],[128.0237,-15.4219],[127.8259,-15.5595],[127.7161,-15.4643],[127.7161,-15.2948],[127.6606,-15.2413],[127.6502,-15.2312],[127.6172,-15.1994],[127.4414,-15.1782],[127.3755,-14.9342],[127.3755,-14.7005],[127.291,-14.4824],[127.2766,-14.4453],[127.2437,-14.438],[126.991,-14.3815],[126.749,-14.3815],[126.7477,-14.3808],[126.7473,-14.3815],[126.6943,-14.3815],[126.3538,-14.541],[126.0461,-14.6367],[126.0265,-14.6832],[126.0022,-14.7406],[125.9473,-14.8705],[125.9033,-15.3054],[125.8484,-15.5066],[125.7454,-15.732],[125.7275,-15.7711],[125.702,-15.7826],[125.5627,-15.8451],[125.2222,-15.8134],[125.0024,-15.7923],[124.8157,-15.9402],[124.7827,-16.2358],[124.7917,-16.3438],[124.7941,-16.3728],[124.8047,-16.4993],[124.8165,-16.5106],[124.8463,-16.53],[124.8332,-16.5267],[125.0574,-16.7414],[125.4968,-17.0148],[125.6177,-17.1198],[125.6664,-17.0832]]]},"properties":{"NAME":"Ngarinyin","SUBJECTO":"Ngarinyin","PARTOF":"Ngarinyin","BORDERPRECISION":3,"LINK":null}},
{"type":"Feature","geometry":{"type":"Polygon","coordinates":[[[152.8047,-27.281],[152.8118,-27.2949],[152.8025,-27.3101],[152.7963,-27.3248],[152.8066,-27.3512],[152.8272,-27.366],[152.8363,-27.382],[152.8466,-27.3969],[152.8517,-27.4106],[152.8479,-27.4266],[152.8376,-27.4358],[152.8208,-27.4438],[152.8208,-27.4598],[152.8311,-27.4655],[152.8427,-27.4701],[152.862,-27.4746],[152.8788,-27.4758],[152.8859,-27.4847],[152.8814,-27.4986],[152.9756,-27.541],[153.006,-27.5262],[153.0029,-27.4992],[153.0161,-27.4928],[152.9982,-27.4823],[153.0129,-27.4705],[153.0256,-27.4705],[152.9462,-27.341],[152.9813,-27.2779],[152.9625,-27.2745],[152.9485,-27.2745],[152.9252,-27.2704],[152.9066,-27.2607],[152.8818,-27.2511],[152.873,-27.2396],[152.8521,-27.2259],[152.8297,-27.2171],[152.8047,-27.281]]]},"properties":{"NAME":"Turrbal","SUBJECTO":"Turrbal","PARTOF":"Turrbal","BORDERPRECISION":3,"LINK":null}},
{"type":"Feature","geometry":{"type":"Polygon","coordinates":[[[126.2744,-17.7182],[126.2219,-17.7278],[126.0571,-17.9265],[125.9567,-18.0394],[125.9488,-18.0482],[125.9363,-18.0623],[125.9912,-18.1145],[126.2549,-18.0936],[126.4856,-18.1354],[126.5955,-18.2502],[126.7053,-18.3858],[126.7383,-18.4796],[126.7754,-18.4796],[126.8115,-18.4796],[126.8921,-18.4796],[127.0294,-18.4692],[127.1997,-18.4119],[127.3865,-18.3337],[127.5458,-18.2607],[127.6831,-18.1719],[127.8644,-18.0205],[128.0566,-17.9369],[128.2324,-17.7173],[128.2937,-17.5615],[128.2983,-17.5498],[128.3281,-17.5521],[128.4302,-17.5602],[128.6389,-17.6126],[128.7817,-17.665],[128.8806,-17.7801],[128.9795,-17.8115],[128.9959,-17.8204],[129.0564,-17.8533],[129.0536,-17.8341],[129.0234,-17.6231],[128.9465,-17.3926],[128.8916,-17.1723],[128.8586,-16.9832],[128.8257,-16.8151],[128.8037,-16.6993],[128.9026,-16.6467],[129.1113,-16.6257],[129.2149,-16.6257],[129.2542,-16.6257],[129.2651,-16.6257],[129.342,-16.4572],[129.2871,-16.3412],[129.267,-16.3187],[129.2212,-16.2674],[129.1674,-16.2348],[129.0125,-16.1408],[128.6279,-16.0775],[128.3313,-15.993],[128.0786,-15.8768],[127.9382,-15.8714],[127.8464,-15.9223],[127.738,-15.9825],[127.5183,-16.0036],[127.5084,-16.0036],[127.4583,-16.0406],[127.4084,-16.0775],[127.3535,-16.415],[127.3206,-16.6678],[127.3645,-16.9097],[127.4963,-17.2038],[127.3425,-17.3297],[127.1448,-17.3821],[126.958,-17.4974],[126.7053,-17.5707],[126.4526,-17.6859],[126.309,-17.712],[126.2744,-17.7182]]]},"properties":{"NAME":"Kija","SUBJECTO":"Kija","PARTOF":"Kija","BORDERPRECISION":3,"LINK":null}},
{"type":"Feature","geometry":{"type":"Polygon","coordinates":[[[130.4572,-14.4879],[130.3857,-14.4879],[130.3426,-14.5111],[130.3424,-14.5112],[130.3363,-14.5145],[130.3363,-14.5729],[130.3473,-14.6686],[130.3506,-14.7164],[130.3528,-14.7483],[130.3885,-14.7536],[130.4242,-14.7589],[130.5121,-14.7589],[130.6274,-14.7536],[130.7538,-14.7643],[130.8472,-14.7643],[130.957,-14.7961],[130.9882,-14.8202],[131.0176,-14.7871],[131.0284,-14.7749],[131.2976,-14.6793],[131.5063,-14.6048],[131.792,-14.5836],[131.896,-14.5692],[131.8799,-14.4879],[131.8854,-14.4294],[131.9458,-14.291],[131.9568,-14.1153],[131.982,-14.0083],[131.992,-13.966],[131.9485,-13.8887],[131.8607,-13.8274],[131.8195,-13.7821],[131.7233,-13.6727],[131.5503,-13.5018],[131.5298,-13.4096],[131.5283,-13.403],[131.5167,-13.4066],[131.4679,-13.4217],[131.4047,-13.4804],[131.3967,-13.4997],[131.3416,-13.6326],[131.3373,-13.6443],[131.3113,-13.7154],[131.1548,-13.7661],[131.0312,-13.7741],[130.9076,-13.7794],[130.8696,-13.8007],[130.8554,-13.8087],[130.8559,-13.8141],[130.8636,-13.9047],[130.8774,-14.0167],[130.9076,-14.1818],[130.8911,-14.3203],[130.7922,-14.3974],[130.545,-14.4826],[130.4572,-14.4879]]]},"properties":{"NAME":"Wagiman","SUBJECTO":"Wagiman","PARTOF":"Wagiman","BORDERPRECISION":3,"LINK":null}},
{"type":"Feature","geometry":{"type":"Polygon","coordinates":[[[141.9149,-12.1094],[141.898,-12.1024],[141.8633,-12.0997],[141.8586,-12.1075],[141.8246,-12.1633],[141.8445,-12.1709],[141.9049,-12.1763],[141.9297,-12.1783],[141.9255,-12.1541],[141.9166,-12.1266],[141.9155,-12.1156],[141.9149,-12.1094]]]},"properties":{"NAME":"Yupangathi","SUBJECTO":"Yupangathi","PARTOF":"Yupangathi","BORDERPRECISION":3,"LINK":null}},
{"type":"Feature","geometry":{"type":"Polygon","coordinates":[[[132.7145,-12.8058],[132.7094,-12.7957],[132.6815,-12.7798],[132.662,-12.7686],[132.6324,-12.785],[132.4786,-12.785],[132.4684,-12.7758],[132.4127,-12.8011],[132.3358,-12.8868],[132.3358,-12.9778],[132.3416,-12.9834],[132.3468,-12.9617],[132.4072,-12.9939],[132.5555,-13.0153],[132.6654,-13.0153],[132.7148,-12.9082],[132.7148,-12.8118],[132.7173,-12.8113],[132.7145,-12.8058]]]},"properties":{"NAME":"Ngombur","SUBJECTO":"Ngombur","PARTOF":"Ngombur","BORDERPRECISION":3,"LINK":null}},
{"type":"Feature","geometry":{"type":"Polygon","coordinates":[[[133.9592,-22.8879],[133.9833,-22.977],[134.3188,-23.0191],[135.0879,-23.0191],[136.0986,-23.0393],[136.1203,-23.1256],[136.4941,-23.0595],[136.907,-22.5762],[137.0654,-22.3907],[137.0435,-21.8411],[137.0232,-21.7092],[137.0135,-21.6464],[136.9775,-21.4122],[136.8896,-21.064],[136.7173,-20.8923],[136.6766,-20.8517],[136.5601,-20.7356],[136.3843,-20.715],[136.2921,-20.7562],[136.2505,-20.7748],[135.8789,-20.9409],[135.0659,-21.5553],[134.6704,-21.8003],[134.4067,-22.1264],[134.0967,-22.3076],[134.0165,-22.3545],[133.9893,-22.3704],[133.9453,-22.8369],[133.9592,-22.8879]]]},"properties":{"NAME":"Alyawarre","SUBJECTO":"Alyawarre","PARTOF":"Alyawarre","BORDERPRECISION":3,"LINK":null}},
{"type":"Feature","geometry":{"type":"Polygon","coordinates":[[[145.3358,-17.2622],[145.4315,-17.1828],[145.4919,-17.1854],[145.5323,-17.228],[145.5441,-17.2405],[145.5482,-17.2423],[145.5853,-17.23],[145.6073,-17.1513],[145.6677,-17.062],[145.7062,-17.02],[145.7175,-16.9782],[145.6857,-16.9329],[145.4511,-16.5982],[145.3937,-16.5489],[145.3436,-16.6257],[145.2722,-16.9675],[145.267,-17.102],[145.2679,-17.1119],[145.3217,-17.2353],[145.3358,-17.2622]]]},"properties":{"NAME":"Djabuganjdji","SUBJECTO":"Djabuganjdji","PARTOF":"Djabuganjdji","BORDERPRECISION":3,"LINK":null}},
{"type":"Feature","geometry":{"type":"Polygon","coordinates":[[[149.9593,-32.4433],[150.1831,-32.3753],[150.5566,-32.2593],[150.8533,-32.2593],[151.04,-32.315],[151.3037,-32.4263],[151.5556,-32.5022],[151.6017,-32.5161],[151.6113,-32.519],[151.6882,-32.3243],[151.7102,-32.2221],[151.788,-32.0491],[151.7854,-32.0471],[151.7706,-32.036],[151.6553,-31.8589],[151.5564,-31.7375],[151.441,-31.6627],[151.3477,-31.6362],[151.2927,-31.644],[150.8643,-31.7795],[150.5292,-31.8356],[150.282,-31.8915],[149.9634,-32.022],[149.7236,-32.1033],[149.8535,-32.25],[149.9386,-32.4055],[149.9593,-32.4433]]]},"properties":{"NAME":"Geawegal","SUBJECTO":"Geawegal","PARTOF":"Geawegal","BORDERPRECISION":3,"LINK":null}},
{"type":"Feature","geometry":{"type":"Polygon","coordinates":[[[134.6456,-17.6919],[134.6594,-17.6859],[134.6858,-17.6859],[134.967,-17.644],[135.1868,-17.644],[135.4529,-17.644],[135.4724,-17.6336],[135.5828,-17.5607],[135.6152,-17.5393],[135.7581,-17.3611],[135.9668,-17.1618],[136.0327,-16.9517],[136.0327,-16.8571],[136.0327,-16.8127],[136.0327,-16.773],[135.8569,-16.6151],[135.6702,-16.4572],[135.4595,-16.3662],[135.4504,-16.3623],[135.3955,-16.3623],[135.2417,-16.5098],[135.022,-16.7519],[134.9121,-16.9097],[134.7034,-17.0778],[134.6717,-17.0949],[134.6594,-17.1093],[134.4878,-17.2011],[134.5056,-17.2353],[134.5056,-17.5393],[134.4479,-17.7775],[134.57,-17.7246],[134.6155,-17.6964],[134.6456,-17.6919]]]},"properties":{"NAME":"Ngandji","SUBJECTO":"Ngandji","PARTOF":"Ngandji","BORDERPRECISION":3,"LINK":null}},
{"type":"Feature","geometry":{"type":"MultiPolygon","coordinates":[[[[144.707,-31.5598],[144.4922,-31.7842],[144.3823,-32.1384],[144.2834,-32.3614],[144.2175,-32.7503],[144.2295,-32.8612],[144.3434,-32.8645],[144.8657,-32.8796],[144.9536,-32.6024],[146.0083,-32.0267],[146.6895,-31.7842],[147.1258,-31.7047],[147.2496,-31.6821],[147.2113,-31.5973],[147.2223,-31.3912],[147.1893,-31.1846],[147.052,-30.987],[146.9861,-30.8032],[146.9861,-30.6993],[146.9861,-30.5717],[146.8268,-30.4439],[146.5576,-30.2875],[146.3104,-30.1309],[146.261,-30.0215],[146.2468,-29.9998],[146.2143,-29.9496],[146.2115,-29.9454],[145.9698,-29.9502],[145.6787,-30.0929],[145.595,-30.168],[145.5359,-30.2211],[145.5111,-30.2275],[145.2063,-30.3065],[144.9961,-30.2756],[144.9866,-30.2742],[144.9481,-30.2686],[144.9097,-30.4676],[145.1184,-30.7796],[145.0635,-31.0153],[144.8547,-31.4099],[144.8038,-31.4612],[144.7339,-31.5317],[144.707,-31.5598]]],[[[144.2717,-32.9564],[144.3139,-32.9603],[144.3073,-32.9526],[144.2902,-32.9327],[144.2297,-32.8625],[144.2379,-32.9384],[144.2395,-32.9534],[144.2717,-32.9564]]]]},"properties":{"NAME":"Wongaibon","SUBJECTO":"Wongaibon","PARTOF":"Wongaibon","BORDERPRECISION":3,"LINK":null}},
{"type":"Feature","geometry":{"type":"Polygon","coordinates":[[[145.96,-28.0381],[146.0028,-28.1107],[146.1951,-28.3431],[146.4023,-28.5157],[146.7208,-28.7724],[146.8561,-28.8382],[146.9864,-28.8743],[147.1165,-28.8999],[147.2633,-29.0035],[147.3953,-29.0426],[147.4393,-29.0421],[147.4393,-29.0346],[147.4693,-29.0302],[147.7462,-28.9901],[147.8092,-28.9588],[147.9144,-28.8543],[148.1232,-28.6424],[148.266,-28.4639],[148.3884,-28.2923],[148.3818,-28.271],[148.2319,-28.0994],[148.151,-27.961],[148.1174,-27.8593],[148.0503,-27.7932],[147.9815,-27.7621],[147.901,-27.7723],[147.8016,-27.8235],[147.735,-27.8494],[147.679,-27.831],[147.594,-27.7485],[147.5371,-27.6956],[147.5349,-27.6955],[147.43,-27.6449],[147.3859,-27.5418],[147.3347,-27.4573],[147.2818,-27.4354],[147.2536,-27.4589],[147.2377,-27.487],[147.1795,-27.5418],[147.1143,-27.5934],[147.0861,-27.5996],[147.0561,-27.5011],[147.0191,-27.3305],[147.0014,-27.2317],[146.9831,-27.1762],[146.8982,-27.1447],[146.8643,-27.1379],[146.8062,-27.1529],[146.6182,-27.2682],[146.4327,-27.2478],[146.3768,-27.162],[146.3821,-27.1465],[146.3136,-27.17],[146.2086,-27.2314],[146.1256,-27.2793],[146.0362,-27.3422],[145.9624,-27.3933],[145.8932,-27.4449],[145.845,-27.4947],[145.8094,-27.5543],[145.8103,-27.5789],[145.8126,-27.6379],[145.8325,-27.703],[145.86,-27.8682],[145.9511,-28.023],[145.96,-28.0381]]]},"properties":{"NAME":"Kooma","SUBJECTO":"Kooma","PARTOF":"Kooma","BORDERPRECISION":3,"LINK":null}},
{"type":"Feature","geometry":{"type":"Polygon","coordinates":[[[141.8159,-12.6019],[141.8314,-12.617],[141.8774,-12.6028],[141.9434,-12.5653],[142.012,-12.5385],[142.0462,-12.5385],[142.0395,-12.517],[142.0369,-12.4988],[142.0258,-12.4205],[142.0038,-12.34],[141.9901,-12.2488],[141.9878,-12.1897],[141.9876,-12.183],[141.9357,-12.1788],[141.9297,-12.1783],[141.9049,-12.1763],[141.8445,-12.1709],[141.8246,-12.1633],[141.8124,-12.1833],[141.6934,-12.3788],[141.6785,-12.4678],[141.8159,-12.6019]]]},"properties":{"NAME":"Anguthimri","SUBJECTO":"Anguthimri","PARTOF":"Anguthimri","BORDERPRECISION":3,"LINK":null}},
{"type":"Feature","geometry":{"type":"Polygon","coordinates":[[[145.4519,-28.9674],[145.6018,-28.9793],[145.6057,-28.9731],[145.5579,-28.9312],[145.5654,-28.9188],[145.7666,-28.5845],[145.9094,-28.2463],[145.954,-28.0629],[145.9511,-28.023],[145.86,-27.8682],[145.8325,-27.703],[145.8126,-27.6379],[145.8103,-27.5789],[145.6897,-27.557],[145.3217,-27.479],[145.281,-27.4896],[145.3381,-27.6446],[145.2667,-27.9604],[145.1459,-28.0817],[144.9426,-28.0914],[144.8997,-28.0843],[144.8621,-28.078],[144.7833,-28.256],[144.7119,-28.517],[144.6021,-28.7291],[144.572,-28.7656],[144.6877,-28.7874],[145.0415,-28.8543],[145.4313,-28.897],[145.481,-28.9024],[145.4519,-28.9674]]]},"properties":{"NAME":"Kunja","SUBJECTO":"Kunja","PARTOF":"Kunja","BORDERPRECISION":3,"LINK":null}},
{"type":"Feature","geometry":{"type":"Polygon","coordinates":[[[133.1416,-11.8573],[133.1735,-11.7733],[133.1735,-11.728],[133.1361,-11.7023],[133.0929,-11.6727],[132.929,-11.5332],[132.8165,-11.5661],[132.776,-11.578],[132.7643,-11.5735],[132.6614,-11.5337],[132.3838,-11.2992],[132.2056,-11.3186],[132.0406,-11.3825],[132.0246,-11.4779],[132.1344,-11.5412],[132.3028,-11.5027],[132.5146,-11.6231],[132.6109,-11.7325],[132.6263,-11.7499],[132.6263,-11.7501],[132.6434,-11.7491],[132.756,-11.6549],[132.8027,-11.6065],[132.8577,-11.628],[132.9126,-11.6953],[132.9401,-11.7517],[132.9785,-11.8217],[133.0334,-11.8781],[133.0559,-11.9025],[133.0728,-11.8876],[133.0977,-11.8658],[133.1021,-11.862],[133.1416,-11.8573]]]},"properties":{"NAME":"Iwaidja","SUBJECTO":"Iwaidja","PARTOF":"Iwaidja","BORDERPRECISION":3,"LINK":null}},
{"type":"Feature","geometry":{"type":"Polygon","coordinates":[[[138.774,-32.0632],[138.8013,-32.1477],[139.4055,-32.0919],[139.7131,-32.0919],[139.9749,-32.0741],[139.9878,-32.0733],[140.0607,-32.0733],[140.1636,-32.0733],[140.1506,-31.9769],[140.138,-31.8831],[140.1196,-31.7469],[140.0537,-31.4943],[140.0317,-31.3067],[139.8779,-31.0247],[139.8779,-30.8079],[140.0208,-30.335],[140.0512,-30.2297],[140.0647,-30.1831],[140.0931,-30.1235],[140.1416,-30.0215],[140.1416,-29.8502],[140.1416,-29.793],[140.2185,-29.5639],[139.9768,-29.5161],[139.7241,-29.5065],[139.6283,-29.4996],[139.5923,-29.497],[139.5707,-29.5067],[139.4927,-29.5418],[139.4853,-29.5451],[139.433,-29.5687],[139.3176,-29.6833],[139.1144,-29.8311],[138.9825,-30.0596],[138.7573,-30.3207],[138.5101,-30.5812],[138.4387,-30.8645],[138.4277,-31.1094],[138.4497,-31.3583],[138.4717,-31.4802],[138.5266,-31.5739],[138.5615,-31.6928],[138.6293,-31.7207],[138.6475,-31.7282],[138.8397,-31.8729],[138.8397,-32.0314],[138.7858,-32.0575],[138.774,-32.0632]]]},"properties":{"NAME":"Andyamathanha","SUBJECTO":"Andyamathanha","PARTOF":"Andyamathanha","BORDERPRECISION":3,"LINK":null}},
{"type":"Feature","geometry":{"type":"Polygon","coordinates":[[[132.3416,-12.9834],[132.3248,-13.0527],[132.2919,-13.0741],[132.2901,-13.0879],[132.3688,-13.0955],[132.4384,-13.1314],[132.4512,-13.133],[132.5055,-13.1474],[132.6489,-13.1597],[132.6667,-13.1681],[132.7176,-13.1357],[132.7615,-13.0848],[132.8055,-12.9965],[132.8329,-12.9644],[132.8344,-12.9315],[132.8247,-12.9189],[132.8355,-12.9071],[132.8357,-12.9028],[132.8485,-12.8427],[132.8396,-12.8302],[132.8302,-12.8172],[132.7643,-12.8011],[132.7234,-12.81],[132.7173,-12.8113],[132.7148,-12.8118],[132.7148,-12.9082],[132.6654,-13.0153],[132.5555,-13.0153],[132.4072,-12.9939],[132.3468,-12.9617],[132.3416,-12.9834]]]},"properties":{"NAME":"Mbukarla","SUBJECTO":"Mbukarla","PARTOF":"Mbukarla","BORDERPRECISION":3,"LINK":null}},
{"type":"Feature","geometry":{"type":"MultiPolygon","coordinates":[[[[115.8351,-23.8462],[115.8034,-23.8665],[115.7684,-24.0013],[115.708,-24.1367],[115.6366,-24.2169],[115.5762,-24.4421],[115.5212,-24.6221],[115.4828,-24.6969],[115.4224,-24.8864],[115.3773,-24.9953],[115.4388,-25.011],[115.5652,-25.0856],[115.719,-25.1453],[115.7629,-25.1701],[115.752,-25.1768],[115.7684,-25.1701],[115.8196,-25.2038],[115.8541,-25.1986],[115.8948,-25.1055],[116.0596,-24.9661],[116.1365,-24.7618],[116.2903,-24.647],[116.3375,-24.6173],[116.3665,-24.5618],[116.3452,-24.4622],[116.4496,-24.1818],[116.4331,-23.9762],[116.3562,-23.916],[116.2738,-23.8758],[115.8948,-23.8557],[115.8351,-23.8462]]],[[[115.752,-25.1768],[115.719,-25.19],[115.7465,-25.1801],[115.752,-25.1768]]]]},"properties":{"NAME":"Warriyangga","SUBJECTO":"Warriyangga","PARTOF":"Warriyangga","BORDERPRECISION":3,"LINK":null}},
{"type":"Feature","geometry":{"type":"Polygon","coordinates":[[[143.9698,-19.5855],[143.8879,-19.4873],[143.7891,-19.3422],[143.6462,-19.114],[143.6023,-18.9686],[143.5144,-18.6983],[143.4866,-18.5316],[143.3936,-18.5942],[143.1299,-18.6931],[143.0319,-18.7328],[143.02,-18.8231],[142.9357,-18.8086],[142.9541,-18.9479],[142.9431,-19.2074],[142.8531,-19.4313],[142.903,-19.4646],[142.9102,-19.4562],[143.053,-19.4562],[143.2947,-19.508],[143.5583,-19.5701],[143.9539,-19.5805],[143.9698,-19.5855]]]},"properties":{"NAME":"Yanga","SUBJECTO":"Yanga","PARTOF":"Yanga","BORDERPRECISION":3,"LINK":null}},
{"type":"Feature","geometry":{"type":"Polygon","coordinates":[[[148.6946,-20.8291],[148.567,-20.6543],[148.6899,-20.3997],[148.7564,-20.2915],[148.7037,-20.2026],[148.1904,-20.1719],[148.1752,-20.1666],[148.299,-20.2725],[148.3978,-20.4219],[148.5077,-20.6122],[148.5901,-20.7921],[148.6349,-20.8619],[148.6946,-20.8291]]]},"properties":{"NAME":"Giya","SUBJECTO":"Giya","PARTOF":"Giya","BORDERPRECISION":3,"LINK":null}},
{"type":"Feature","geometry":{"type":"Polygon","coordinates":[[[132.6703,-12.7639],[132.7094,-12.7422],[132.6964,-12.6864],[132.6908,-12.6621],[132.6709,-12.576],[132.6764,-12.517],[132.6984,-12.4527],[132.7148,-12.3346],[132.7313,-12.2219],[132.7246,-12.2009],[132.6995,-12.2192],[132.6285,-12.2712],[132.4256,-12.322],[132.4,-12.3284],[132.3962,-12.3722],[132.3962,-12.5706],[132.4072,-12.7207],[132.4301,-12.7413],[132.4684,-12.7758],[132.4786,-12.785],[132.6324,-12.785],[132.662,-12.7686],[132.6703,-12.7639]]]},"properties":{"NAME":"Gagudju","SUBJECTO":"Gagudju","PARTOF":"Gagudju","BORDERPRECISION":3,"LINK":null}},
{"type":"Feature","geometry":{"type":"Polygon","coordinates":[[[139.0998,-35.0768],[138.9963,-35.0795],[138.5769,-35.3432],[138.5582,-35.355],[138.4944,-35.3951],[138.4585,-35.4826],[138.4298,-35.5524],[138.2257,-35.7319],[138.2355,-35.7376],[138.4222,-35.7198],[138.576,-35.693],[138.7903,-35.6573],[138.941,-35.7028],[139.1275,-35.6084],[139.3679,-35.6143],[139.381,-35.8055],[139.4445,-36.0413],[139.7434,-36.3723],[139.8257,-36.5954],[139.8627,-36.7804],[139.8414,-37.0267],[139.8401,-37.042],[139.9658,-37.042],[140.0414,-37.0533],[140.2158,-37.0793],[140.408,-37.0815],[140.625,-37.0694],[140.6648,-37.0464],[140.7046,-37.0223],[140.7184,-37.0058],[140.7307,-36.9653],[140.7349,-36.9334],[140.7225,-36.8983],[140.7177,-36.8937],[140.6772,-36.8554],[140.592,-36.8511],[140.4767,-36.8467],[140.3394,-36.8357],[140.2377,-36.8357],[140.1718,-36.5449],[140.1261,-36.3316],[140.0875,-36.3293],[139.9988,-36.324],[139.845,-36.1734],[139.7681,-35.9869],[139.6582,-35.7198],[139.5703,-35.4696],[139.4824,-35.2905],[139.3835,-35.2187],[139.4096,-35.1938],[139.3066,-35.1738],[139.1023,-35.1434],[139.0649,-35.1379],[139.0998,-35.0768]]]},"properties":{"NAME":"Ngarrindjeri","SUBJECTO":"Ngarrindjeri","PARTOF":"Ngarrindjeri","BORDERPRECISION":3,"LINK":null}},
{"type":"Feature","geometry":{"type":"Polygon","coordinates":[[[122.927,-16.7335],[122.869,-16.6593],[122.7612,-16.5966],[122.731,-16.6493],[122.7338,-16.7151],[122.7595,-16.7414],[122.7859,-16.7414],[122.8629,-16.7335],[122.927,-16.7335]]]},"properties":{"NAME":"Bardi","SUBJECTO":"Bardi","PARTOF":"Bardi","BORDERPRECISION":3,"LINK":null}},
{"type":"Feature","geometry":{"type":"Polygon","coordinates":[[[133.4476,-11.9034],[133.3973,-11.8818],[133.1735,-11.728],[133.1735,-11.7733],[133.1416,-11.8573],[133.1708,-11.8539],[133.4476,-11.9034]]]},"properties":{"NAME":"Maung","SUBJECTO":"Maung","PARTOF":"Maung","BORDERPRECISION":3,"LINK":null}},
{"type":"Feature","geometry":{"type":"Polygon","coordinates":[[[118.6889,-20.3403],[118.6209,-20.3749],[118.6743,-20.4219],[118.7567,-20.4991],[118.8062,-20.6174],[118.8007,-20.9871],[118.7402,-21.1511],[118.6963,-21.315],[118.6359,-21.54],[118.6417,-21.5996],[118.6453,-21.6367],[118.6523,-21.7085],[118.7183,-21.7187],[118.8281,-21.7901],[118.894,-21.836],[118.938,-21.8972],[118.96,-21.9838],[119.0276,-22.0089],[119.0325,-22.0107],[119.1248,-22.0449],[119.2841,-22.0449],[119.6686,-22.0704],[119.9323,-22.1111],[120.0806,-22.0907],[120.4047,-22.0856],[120.6848,-22.1111],[120.954,-22.162],[121.0693,-22.2332],[121.1038,-22.1986],[121.0803,-22.106],[121.1208,-22.0559],[121.1462,-22.0245],[121.1946,-22.0166],[121.1353,-21.9532],[121.1353,-21.8411],[121.1133,-21.5962],[121.0584,-21.2894],[120.9045,-20.982],[120.6738,-20.828],[120.4761,-20.6945],[120.2234,-20.5196],[120.0256,-20.2828],[119.9569,-20.1438],[119.9439,-20.1175],[119.9268,-20.1127],[119.8883,-20.1746],[119.8279,-20.2622],[119.718,-20.3446],[119.6356,-20.391],[119.3829,-20.3549],[119.1907,-20.2828],[119.0259,-20.2364],[118.8831,-20.1488],[118.8278,-20.1398],[118.8101,-20.1735],[118.7343,-20.3172],[118.6889,-20.3403]]]},"properties":{"NAME":"Nyamal","SUBJECTO":"Nyamal","PARTOF":"Nyamal","BORDERPRECISION":3,"LINK":null}},
{"type":"Feature","geometry":{"type":"Polygon","coordinates":[[[138.9321,-26.1508],[138.9936,-26.1949],[139.1309,-26.1949],[139.4714,-26.2047],[139.7791,-26.2836],[140.1965,-26.2836],[140.3599,-26.2296],[140.4272,-26.0765],[140.5024,-25.9499],[140.4163,-25.9185],[140.4822,-25.7207],[140.5804,-25.5288],[140.602,-25.4865],[140.5042,-25.4234],[140.2185,-25.3142],[139.856,-25.195],[139.4824,-25.2049],[139.3704,-25.2205],[139.3506,-25.2546],[139.3204,-25.3131],[139.1968,-25.5524],[139.1089,-25.6811],[138.9159,-25.9281],[138.8617,-25.9975],[138.8467,-25.9856],[138.8562,-26.0963],[138.9321,-26.1508]]]},"properties":{"NAME":"Yarluyandi","SUBJECTO":"Yarluyandi","PARTOF":"Yarluyandi","BORDERPRECISION":3,"LINK":null}},
{"type":"Feature","geometry":{"type":"Polygon","coordinates":[[[147.2633,-19.9114],[147.3486,-19.9114],[147.6672,-19.932],[147.7386,-19.9473],[147.5936,-19.8553],[147.4668,-19.6506],[147.4118,-19.6529],[147.2882,-19.7047],[147.2635,-19.7486],[147.258,-19.8236],[147.2552,-19.8933],[147.2633,-19.9114]]]},"properties":{"NAME":"Yuru","SUBJECTO":"Yuru","PARTOF":"Yuru","BORDERPRECISION":3,"LINK":null}},
{"type":"Feature","geometry":{"type":"Polygon","coordinates":[[[129.9923,-14.434],[129.9973,-14.4343],[130.0203,-14.4135],[130.0202,-14.4132],[129.9765,-14.3815],[129.9271,-14.3602],[129.8996,-14.3682],[129.8721,-14.3256],[129.8611,-14.267],[129.8584,-14.1978],[129.8721,-14.1259],[129.8886,-14.0972],[129.8845,-14.0966],[129.8828,-14.0893],[129.8735,-14.05],[129.8969,-13.9927],[129.8694,-13.9834],[129.7635,-14.0071],[129.7633,-14.0191],[129.5962,-14.168],[129.614,-14.267],[129.6497,-14.3362],[129.7238,-14.4054],[129.809,-14.4453],[129.9243,-14.4294],[129.9923,-14.434]]]},"properties":{"NAME":"Marringarr","SUBJECTO":"Marringarr","PARTOF":"Marringarr","BORDERPRECISION":3,"LINK":null}},
{"type":"Feature","geometry":{"type":"MultiPolygon","coordinates":[[[[150.0023,-24.9245],[150.0073,-24.9612],[150.0073,-25.1801],[150.0073,-25.3788],[150.0458,-25.6217],[150.0432,-25.6905],[150.0897,-25.7009],[150.2325,-25.6861],[150.5566,-25.6613],[150.7499,-25.6482],[150.7104,-25.6019],[150.6885,-25.4036],[150.6116,-25.1204],[150.6006,-24.9263],[150.614,-24.7887],[150.5786,-24.7967],[150.4083,-24.8416],[150.1172,-24.9163],[150.0023,-24.9245]]],[[[149.9427,-24.9287],[149.9434,-24.9436],[149.9915,-24.9253],[149.9427,-24.9287]]]]},"properties":{"NAME":"Wuli-wuli","SUBJECTO":"Wuli-wuli","PARTOF":"Wuli-wuli","BORDERPRECISION":3,"LINK":null}},
{"type":"Feature","geometry":{"type":"MultiPolygon","coordinates":[[[[143.9918,-34.8197],[143.998,-34.8292],[143.9931,-34.8199],[143.9918,-34.8197]]],[[[143.038,-34.8478],[143.0444,-34.8608],[143.2397,-35.012],[143.3167,-35.2366],[143.3418,-35.3084],[143.4869,-35.3084],[143.7067,-35.2636],[143.833,-35.1783],[143.9374,-35.0795],[144.0363,-34.9445],[144.0479,-34.9205],[144.0108,-34.8536],[143.8907,-34.8251],[143.8303,-34.7958],[143.7067,-34.7484],[143.5776,-34.7439],[143.465,-34.7258],[143.4073,-34.6987],[143.3881,-34.6694],[143.3829,-34.6694],[143.2892,-34.6694],[143.1683,-34.7236],[143.0145,-34.8003],[143.038,-34.8478]]]]},"properties":{"NAME":"Wadi Wadi","SUBJECTO":"Wadi Wadi","PARTOF":"Wadi Wadi","BORDERPRECISION":3,"LINK":null}},
{"type":"Feature","geometry":{"type":"Polygon","coordinates":[[[116.5468,-34.8654],[116.5594,-34.8364],[116.5704,-34.6332],[116.499,-34.3389],[116.3562,-34.3026],[116.2408,-34.2391],[116.1859,-34.2163],[116.1804,-34.1664],[116.2023,-33.9358],[116.1941,-33.9269],[116.0541,-33.802],[115.9903,-33.7146],[115.8677,-33.6704],[115.8453,-33.6695],[115.8069,-33.738],[115.7563,-33.8305],[115.7407,-33.8591],[115.7245,-33.8887],[115.3729,-34.0845],[115.3493,-34.1158],[115.1485,-34.3822],[115.1367,-34.3978],[115.1477,-34.425],[115.2631,-34.4386],[115.4608,-34.493],[115.6476,-34.597],[115.8618,-34.8093],[116.0046,-34.9355],[116.2354,-34.994],[116.4276,-35.048],[116.4465,-35.027],[116.5468,-34.8654]]]},"properties":{"NAME":"Bibbulman","SUBJECTO":"Bibbulman","PARTOF":"Bibbulman","BORDERPRECISION":3,"LINK":null}},
{"type":"Feature","geometry":{"type":"Polygon","coordinates":[[[147.7312,-21.8207],[147.5354,-21.8207],[147.2827,-21.8207],[147.019,-21.8513],[146.8597,-21.8717],[146.7948,-21.8735],[146.8213,-21.9227],[146.8433,-22.1569],[146.7781,-22.3302],[146.9861,-22.345],[147.1399,-22.3958],[147.2374,-22.4896],[147.2598,-22.5111],[147.4585,-22.4821],[147.6123,-22.4821],[147.7127,-22.4821],[147.7032,-22.4435],[147.7002,-22.4313],[147.7332,-22.3602],[147.7606,-22.2738],[147.7606,-22.1416],[147.7277,-22.0347],[147.7277,-21.8972],[147.7312,-21.8207]]]},"properties":{"NAME":"Yambina","SUBJECTO":"Yambina","PARTOF":"Yambina","BORDERPRECISION":3,"LINK":null}},
{"type":"Feature","geometry":{"type":"Polygon","coordinates":[[[126.0022,-14.6875],[126.0265,-14.6832],[126.0461,-14.6367],[126.3538,-14.541],[126.6943,-14.3815],[126.7473,-14.3815],[126.7477,-14.3808],[126.6888,-14.3495],[126.6394,-14.2378],[126.6166,-14.203],[126.546,-14.3502],[126.4257,-14.147],[126.2684,-14.0711],[126.1015,-14.2049],[125.9678,-14.4797],[126.0022,-14.541],[126.0022,-14.6474],[126.0022,-14.6875]]]},"properties":{"NAME":"Gamberre","SUBJECTO":"Gamberre","PARTOF":"Gamberre","BORDERPRECISION":3,"LINK":null}},
{"type":"Feature","geometry":{"type":"Polygon","coordinates":[[[125.5148,-24.6107],[125.5078,-24.6171],[125.5188,-25.0458],[125.6616,-25.3738],[125.8374,-25.6811],[126.3098,-25.9975],[126.6833,-26.2442],[127.0459,-26.4214],[127.252,-26.4977],[127.3379,-26.5296],[127.3645,-26.5394],[127.6831,-26.4804],[127.8259,-26.382],[127.9358,-26.2047],[128.2104,-25.9975],[128.573,-25.9975],[128.8546,-26.0055],[128.9246,-26.0074],[129.0234,-25.898],[129.0674,-25.8493],[129.1003,-25.5722],[129.0894,-25.1652],[129.0344,-24.7967],[128.886,-24.4303],[128.8806,-24.4171],[128.866,-24.3954],[128.4961,-24.267],[128.1445,-24.1267],[127.9657,-24.0587],[128.0127,-24.1066],[126.156,-24.2269],[125.8813,-24.4871],[125.6067,-24.637],[125.5278,-24.5989],[125.5148,-24.6107]]]},"properties":{"NAME":"Ngatatjara","SUBJECTO":"Ngatatjara","PARTOF":"Ngatatjara","BORDERPRECISION":3,"LINK":null}},
{"type":"Feature","geometry":{"type":"Polygon","coordinates":[[[121.002,-23.3035],[120.9814,-23.2817],[120.7178,-23.3523],[120.2783,-23.4028],[119.9487,-23.3725],[119.8059,-23.3725],[119.6657,-23.3952],[119.6414,-23.3992],[119.6191,-23.4028],[119.6191,-23.4582],[119.6191,-23.5136],[119.6268,-23.5287],[119.696,-23.6647],[119.8059,-23.9361],[119.8608,-24.1668],[119.8828,-24.4271],[119.8279,-24.7069],[119.718,-24.9263],[119.7131,-24.9332],[119.7729,-24.9711],[119.7632,-24.9901],[119.696,-25.1204],[119.6466,-25.1751],[119.4653,-25.2596],[119.339,-25.3341],[119.3004,-25.3446],[119.1278,-25.4262],[119.0094,-25.5474],[118.9545,-25.6465],[118.9295,-25.7395],[118.916,-25.79],[118.9128,-25.8098],[119.2346,-25.8098],[119.6411,-25.9975],[119.9487,-26.0963],[120.4102,-26.2442],[120.6079,-26.3131],[120.7816,-26.4138],[120.7947,-26.4214],[120.8262,-26.4308],[121.0254,-26.4902],[121.2012,-26.4706],[121.2891,-26.4017],[121.5198,-26.3623],[121.7725,-26.2737],[121.9373,-26.0963],[122.2778,-26.0469],[122.4976,-26.0074],[122.6239,-26.0074],[122.7771,-26.0074],[122.7942,-26.0074],[122.948,-26.0272],[122.97,-25.7801],[122.97,-25.5325],[122.9503,-25.4021],[122.9095,-25.3738],[122.8718,-25.3345],[122.8381,-25.2993],[122.2614,-24.7967],[121.9537,-24.5271],[121.712,-24.267],[121.4539,-24.0013],[121.1902,-23.7652],[121.0638,-23.559],[120.9705,-23.438],[120.9602,-23.3877],[120.954,-23.3574],[121.002,-23.3035]]]},"properties":{"NAME":"Wawula","SUBJECTO":"Wawula","PARTOF":"Wawula","BORDERPRECISION":3,"LINK":null}},
{"type":"Feature","geometry":{"type":"Polygon","coordinates":[[[123.2886,-21.3563],[123.5632,-21.0537],[123.7061,-20.8999],[123.8379,-20.7458],[123.8379,-20.679],[123.8379,-20.5299],[123.8379,-20.4167],[123.8049,-20.0353],[123.5852,-19.6736],[123.3325,-19.363],[123.1458,-19.1348],[122.764,-19.0325],[122.7361,-19.0251],[122.4866,-18.9582],[121.8384,-18.8439],[121.5444,-18.7863],[121.5395,-18.7854],[121.5168,-18.8364],[121.3865,-19.1164],[121.1943,-19.3775],[120.8721,-19.6769],[120.7104,-19.7727],[120.2229,-19.9835],[119.9732,-20.0652],[119.9257,-20.0808],[119.9439,-20.1175],[119.9569,-20.1438],[120.0256,-20.2828],[120.2234,-20.5196],[120.4761,-20.6945],[120.6738,-20.828],[120.9045,-20.982],[121.0584,-21.2894],[121.1133,-21.5962],[121.1353,-21.8411],[121.1353,-21.9532],[121.1946,-22.0166],[121.2203,-22.0124],[121.333,-21.994],[121.3989,-22.1467],[121.6296,-22.2179],[122.2009,-22.4009],[122.5415,-22.411],[122.7612,-21.9838],[123.1677,-21.3815],[123.2739,-21.3725],[123.2886,-21.3563]]]},"properties":{"NAME":"Nyangumarda","SUBJECTO":"Nyangumarda","PARTOF":"Nyangumarda","BORDERPRECISION":3,"LINK":null}},
{"type":"Feature","geometry":{"type":"Polygon","coordinates":[[[138.4933,-22.0435],[138.5815,-22.0653],[138.7375,-22.1215],[139.2078,-22.1467],[139.2223,-22.1611],[139.2242,-22.1518],[139.2379,-22.1274],[139.2627,-22.0829],[139.2627,-21.5157],[139.2572,-21.5144],[139.2078,-21.5434],[139.1528,-21.5757],[139.1418,-21.187],[139.0898,-20.9685],[139.082,-20.9587],[139.0869,-21.0025],[138.9331,-21.2689],[138.6475,-21.4326],[138.3618,-21.5144],[137.9663,-21.7391],[137.9553,-21.7391],[138.0652,-21.8411],[138.3838,-21.9532],[138.4933,-22.0435]]]},"properties":{"NAME":"Warluwarra","SUBJECTO":"Warluwarra","PARTOF":"Warluwarra","BORDERPRECISION":3,"LINK":null}},
{"type":"Feature","geometry":{"type":"Polygon","coordinates":[[[139.9895,-20.0783],[140.0096,-20.0999],[140.0222,-20.1135],[140.0647,-20.1075],[140.0761,-20.1451],[140.0867,-20.1797],[140.0885,-20.186],[140.2075,-20.1488],[140.4712,-19.8701],[140.658,-19.715],[140.8997,-19.4562],[141.1084,-19.3957],[141.1084,-19.3552],[141.1084,-19.2282],[141.0315,-18.8127],[140.9985,-18.6254],[140.8997,-18.3128],[140.8633,-18.2437],[140.8271,-18.1749],[140.7898,-18.2711],[140.625,-18.5004],[140.3833,-18.4588],[140.0867,-18.3962],[140.0419,-18.4087],[139.8999,-18.4483],[139.904,-18.4915],[139.9329,-18.7919],[140.0208,-19.031],[140.0208,-19.4769],[140.0098,-19.8494],[139.9895,-20.0783]]]},"properties":{"NAME":"Mayi-Yapi","SUBJECTO":"Mayi-Yapi","PARTOF":"Mayi-Yapi","BORDERPRECISION":3,"LINK":null}},
{"type":"Feature","geometry":{"type":"Polygon","coordinates":[[[147.2633,-19.9114],[147.223,-19.9114],[147.2717,-20.0869],[147.2498,-20.324],[147.2168,-20.5094],[147.1608,-20.5505],[147.137,-20.5681],[147.2058,-20.6688],[147.3322,-20.8537],[147.442,-20.9973],[147.5903,-21.1818],[147.7332,-21.2689],[147.7826,-21.3559],[147.7386,-21.4531],[147.7222,-21.5706],[147.7436,-21.5763],[147.7775,-21.5853],[147.8375,-21.6013],[147.9858,-21.6574],[148.3978,-21.6574],[148.5876,-21.6596],[148.6091,-21.6598],[148.8538,-21.6625],[149.02,-21.641],[149.0591,-21.6359],[149.09,-21.6319],[149.0856,-21.622],[149.0722,-21.5913],[149.0295,-21.494],[148.8428,-21.1614],[148.689,-20.946],[148.6472,-20.881],[148.6349,-20.8619],[148.5901,-20.7921],[148.5077,-20.6122],[148.3978,-20.4219],[148.299,-20.2725],[148.1752,-20.1666],[148.1061,-20.1425],[148.0916,-20.1375],[147.9729,-20.0961],[147.7386,-19.9473],[147.6672,-19.932],[147.3486,-19.9114],[147.2633,-19.9114]]]},"properties":{"NAME":"Biri","SUBJECTO":"Biri","PARTOF":"Biri","BORDERPRECISION":3,"LINK":null}},
{"type":"Feature","geometry":{"type":"Polygon","coordinates":[[[150.282,-28.459],[149.6338,-28.7965],[148.9966,-28.8639],[148.3813,-28.8832],[147.887,-28.9697],[147.7831,-28.9847],[147.7462,-28.9901],[147.4693,-29.0302],[147.4393,-29.0346],[147.4393,-29.0421],[147.4393,-29.1282],[147.2827,-29.3367],[146.9998,-29.5472],[146.8432,-29.8471],[146.8372,-29.8586],[146.813,-29.9049],[146.8508,-29.9413],[146.8872,-29.9763],[146.9274,-29.9983],[147.0657,-30.0738],[147.3816,-30.119],[147.6645,-30.1095],[147.8925,-30.0548],[148.038,-30.0358],[148.082,-30.0691],[148.2111,-30.1997],[148.2907,-30.3658],[148.4528,-30.6355],[148.5764,-30.5977],[148.6395,-30.6095],[148.7933,-30.7371],[148.9087,-30.8645],[148.9417,-31.0623],[149.0405,-31.1188],[149.1806,-31.2574],[149.1861,-31.3912],[149.1421,-31.5083],[149.0415,-31.7849],[149.1738,-31.837],[149.6558,-32.0267],[149.7047,-32.082],[149.7236,-32.1033],[149.9634,-32.022],[150.282,-31.8915],[150.5292,-31.8356],[150.8643,-31.7795],[151.2927,-31.644],[151.3477,-31.6362],[151.4246,-31.6253],[151.4269,-31.6134],[151.4575,-31.4568],[151.3363,-31.162],[151.3147,-31.1094],[151.2158,-30.9776],[151.062,-30.8079],[150.9741,-30.6474],[150.9631,-30.3444],[150.9741,-30.1071],[150.9961,-29.8883],[150.9961,-29.8406],[150.9961,-29.7978],[150.9961,-29.7167],[150.9192,-29.5161],[150.9741,-29.3439],[150.9631,-29.1426],[150.9412,-28.9697],[150.9741,-28.7773],[150.9343,-28.7308],[150.9308,-28.7267],[150.8752,-28.6617],[150.8093,-28.5459],[150.6775,-28.4107],[150.4358,-28.3914],[150.282,-28.459]]]},"properties":{"NAME":"Kamilaroi","SUBJECTO":"Kamilaroi","PARTOF":"Kamilaroi","BORDERPRECISION":3,"LINK":null}},
{"type":"Feature","geometry":{"type":"Polygon","coordinates":[[[142.937,-17.252],[142.998,-17.3297],[143.042,-17.3821],[143.1081,-17.4105],[143.1299,-17.4198],[143.2617,-17.4764],[143.3826,-17.6021],[143.4045,-17.7382],[143.4485,-17.9892],[143.4485,-18.2189],[143.4595,-18.3545],[143.4805,-18.4941],[143.4814,-18.5004],[143.4866,-18.5316],[143.5144,-18.6983],[143.6023,-18.9686],[143.6462,-19.114],[143.7891,-19.3422],[143.8879,-19.4873],[143.9698,-19.5855],[143.9861,-19.6051],[144.0088,-19.6322],[144.0567,-19.6129],[144.2189,-19.5474],[144.2725,-19.4666],[144.4263,-19.2593],[144.4922,-19.0413],[144.4922,-18.7815],[144.4812,-18.5109],[144.4815,-18.5023],[144.4702,-18.4275],[144.4871,-18.3312],[144.4922,-18.1772],[144.5691,-17.8951],[144.5691,-17.6964],[144.646,-17.5498],[144.7723,-17.5498],[144.8053,-17.5498],[144.7778,-17.445],[144.7601,-17.433],[144.725,-17.4094],[144.5911,-17.3192],[144.3713,-17.1198],[144.2175,-16.8676],[144.0088,-16.6362],[143.9429,-16.4888],[143.8899,-16.4888],[143.8839,-16.4888],[143.7012,-16.4888],[143.5254,-16.5941],[143.5083,-16.6093],[143.5419,-16.6415],[143.4974,-16.6867],[143.454,-16.7309],[143.3661,-16.8624],[143.1793,-17.0043],[142.9706,-17.1985],[142.9456,-17.2383],[142.937,-17.252]]]},"properties":{"NAME":"Agwarmin","SUBJECTO":"Agwarmin","PARTOF":"Agwarmin","BORDERPRECISION":3,"LINK":null}},
{"type":"Feature","geometry":{"type":"Polygon","coordinates":[[[149.5006,-37.0379],[149.8233,-37.1012],[149.9277,-37.1034],[149.9525,-37.0753],[149.9753,-37.0494],[149.9752,-37.0469],[150.0107,-36.6257],[150.0865,-36.1535],[150.2215,-35.6941],[150.3428,-35.5472],[150.4799,-35.4693],[150.5237,-35.3846],[150.6528,-35.2366],[150.7489,-35.1985],[150.8013,-35.1513],[150.818,-35.1082],[150.816,-35.1063],[150.7956,-35.0862],[150.6995,-35.0795],[150.433,-34.976],[150.3561,-34.9422],[150.3297,-34.935],[150.2573,-34.9152],[150.2251,-34.9229],[150.0787,-34.958],[150.0073,-35.003],[149.8453,-35.0952],[149.6504,-35.2131],[149.6448,-35.2165],[149.619,-35.2312],[149.4848,-35.3082],[149.4415,-35.3331],[149.4415,-35.368],[149.4879,-35.3718],[149.5135,-35.3739],[149.5898,-35.3801],[149.491,-35.8356],[149.491,-36.3151],[149.502,-36.7037],[149.502,-36.9818],[149.502,-37.0376],[149.5006,-37.0379]]]},"properties":{"NAME":"Yuin","SUBJECTO":"Yuin","PARTOF":"Yuin","BORDERPRECISION":3,"LINK":null}},
{"type":"Feature","geometry":{"type":"Polygon","coordinates":[[[146.5469,-21.5989],[146.5521,-21.6574],[146.6785,-21.8768],[146.7886,-21.8737],[146.7948,-21.8735],[146.8597,-21.8717],[147.019,-21.8513],[147.2827,-21.8207],[147.5354,-21.8207],[147.7312,-21.8207],[147.7826,-21.8207],[147.7828,-21.8195],[147.7936,-21.7595],[147.7775,-21.5853],[147.7436,-21.5763],[147.7222,-21.5706],[147.7386,-21.4531],[147.7826,-21.3559],[147.7332,-21.2689],[147.5903,-21.1818],[147.442,-20.9973],[147.3322,-20.8537],[147.2058,-20.6688],[147.137,-20.5681],[147.063,-20.6225],[146.9312,-20.5505],[146.9301,-20.5502],[146.9208,-20.552],[146.8488,-20.6431],[146.5741,-20.6945],[146.5411,-20.9255],[146.5576,-21.1921],[146.5686,-21.361],[146.5851,-21.5195],[146.5892,-21.5348],[146.6071,-21.6013],[146.5469,-21.5989]]]},"properties":{"NAME":"Yangga","SUBJECTO":"Yangga","PARTOF":"Yangga","BORDERPRECISION":3,"LINK":null}},
{"type":"Feature","geometry":{"type":"Polygon","coordinates":[[[149.6337,-27.274],[149.5129,-27.3035],[149.4184,-27.3321],[149.3921,-27.4644],[149.3811,-27.7273],[149.4141,-27.7895],[149.5074,-27.9653],[149.4031,-27.9944],[149.1449,-28.0429],[148.8043,-28.135],[148.4308,-28.135],[148.4143,-28.256],[148.3884,-28.2923],[148.266,-28.4639],[148.1232,-28.6424],[147.9144,-28.8543],[147.8092,-28.9588],[147.7831,-28.9847],[147.887,-28.9697],[148.3813,-28.8832],[148.9966,-28.8639],[149.6338,-28.7965],[150.282,-28.459],[150.4358,-28.3914],[150.6775,-28.4107],[150.8093,-28.5459],[150.8752,-28.6617],[150.9308,-28.7267],[150.9336,-28.7239],[150.9576,-28.7002],[150.9082,-28.6569],[150.9082,-28.5073],[150.8258,-28.2512],[150.8038,-28.0235],[150.8148,-27.8342],[150.8313,-27.6397],[150.9686,-27.5375],[150.9678,-27.5285],[150.8917,-27.5472],[150.8748,-27.5023],[150.8643,-27.4742],[150.8478,-27.362],[150.7324,-27.2839],[150.5566,-27.2058],[150.3699,-27.2058],[150.0842,-27.196],[149.7931,-27.2351],[149.6337,-27.274]]]},"properties":{"NAME":"Bigambul","SUBJECTO":"Bigambul","PARTOF":"Bigambul","BORDERPRECISION":3,"LINK":null}},
{"type":"Feature","geometry":{"type":"Polygon","coordinates":[[[133.8586,-14.8926],[133.8249,-14.9352],[133.7585,-15.0191],[133.6971,-15.0635],[133.6926,-15.0668],[133.6267,-15.1146],[133.6267,-15.3584],[133.6157,-15.5807],[133.5608,-15.7923],[133.4949,-16.0353],[133.4839,-16.2147],[133.4956,-16.2259],[133.5117,-16.2413],[133.6597,-16.3834],[133.8684,-16.5625],[134.0112,-16.7099],[134.3079,-16.9727],[134.4507,-17.2143],[134.485,-17.1958],[134.6717,-17.0949],[134.7034,-17.0778],[134.9121,-16.9097],[135.022,-16.7519],[135.2417,-16.5098],[135.3955,-16.3623],[135.3977,-16.3301],[135.4175,-16.0458],[135.4342,-15.8368],[135.4395,-15.7711],[135.4393,-15.7681],[135.4285,-15.5701],[135.3845,-15.4007],[135.2307,-15.2842],[134.9561,-15.1782],[134.9082,-15.165],[134.8966,-15.1618],[134.7253,-15.1146],[134.4946,-14.9342],[134.2969,-14.7961],[134.1464,-14.7234],[134.1431,-14.7218],[134.0669,-14.7411],[133.9343,-14.7749],[133.9014,-14.8386],[133.8586,-14.8926]]]},"properties":{"NAME":"Alawa","SUBJECTO":"Alawa","PARTOF":"Alawa","BORDERPRECISION":3,"LINK":null}},
{"type":"Feature","geometry":{"type":"Polygon","coordinates":[[[142.6641,-38.0526],[142.7097,-38.0243],[142.7097,-38.0008],[142.7097,-37.9832],[142.6738,-37.9677],[142.5641,-37.9204],[142.4075,-37.8749],[142.2784,-37.8098],[142.1191,-37.7642],[142.0313,-37.7251],[141.9406,-37.7099],[141.9374,-37.7087],[141.91,-37.7647],[141.9049,-37.7751],[141.6632,-37.7751],[141.4709,-37.6708],[141.4201,-37.6305],[141.4243,-37.6425],[141.3954,-37.6708],[141.3322,-37.6697],[141.2801,-37.6697],[141.2389,-37.6816],[141.2457,-37.7132],[141.2416,-37.7468],[141.2265,-37.7729],[141.2266,-37.7756],[141.2279,-37.7978],[141.2856,-37.877],[141.2993,-37.916],[141.2924,-37.9669],[141.2581,-37.981],[141.2759,-38.0286],[141.2649,-38.0431],[141.2512,-38.0611],[141.238,-38.0591],[141.194,-38.0525],[141.1716,-38.0492],[141.0974,-38.021],[141.0888,-38.0173],[141.0548,-38.0027],[141.004,-37.9864],[140.9942,-37.9887],[140.9723,-37.9939],[140.9628,-37.9962],[140.9587,-38.0021],[140.9572,-38.0043],[140.9464,-38.02],[140.9464,-38.0632],[140.9525,-38.068],[140.9752,-38.0859],[140.993,-38.0913],[141.1249,-38.1734],[141.2128,-38.2339],[141.2787,-38.3373],[141.3556,-38.4235],[141.4819,-38.4536],[141.5918,-38.4278],[141.7346,-38.3718],[141.9434,-38.3933],[142.218,-38.4622],[142.3114,-38.4622],[142.424,-38.4622],[142.4817,-38.4299],[142.5133,-38.4106],[142.547,-38.3992],[142.5517,-38.3976],[142.5874,-38.3826],[142.5998,-38.3524],[142.6176,-38.333],[142.6369,-38.305],[142.663,-38.2802],[142.6726,-38.2479],[142.674,-38.2047],[142.6904,-38.1497],[142.6767,-38.0978],[142.6606,-38.0634],[142.6575,-38.0567],[142.6641,-38.0526]]]},"properties":{"NAME":"Gunditjmara","SUBJECTO":"Gunditjmara","PARTOF":"Gunditjmara","BORDERPRECISION":3,"LINK":null}},
{"type":"Feature","geometry":{"type":"Polygon","coordinates":[[[145.7983,-35.9878],[145.7666,-35.9958],[145.7666,-36.0491],[145.7892,-36.0908],[145.7877,-36.0932],[145.7912,-36.0946],[145.8215,-36.1068],[145.8984,-36.2398],[146.0358,-36.3726],[146.0907,-36.4876],[146.2225,-36.6155],[146.3104,-36.7213],[146.5302,-36.9192],[146.6565,-36.9894],[146.8433,-36.9938],[146.9531,-37.0201],[146.9531,-37.0552],[146.9861,-37.0552],[147.1838,-37.0026],[147.1908,-37.009],[147.2278,-36.9499],[147.2937,-36.7741],[147.2937,-36.5714],[147.2923,-36.5331],[147.2717,-36.3594],[147.2278,-36.129],[147.2052,-36.1016],[146.9531,-36.1201],[146.1841,-36.0846],[145.8167,-35.9924],[145.7983,-35.9878]]]},"properties":{"NAME":"Waveroo","SUBJECTO":"Waveroo","PARTOF":"Waveroo","BORDERPRECISION":3,"LINK":null}},
{"type":"Feature","geometry":{"type":"Polygon","coordinates":[[[144.7614,-34.6829],[144.6954,-34.6648],[144.5471,-34.6603],[144.267,-34.7506],[144.1022,-34.8093],[144.096,-34.8219],[144.0479,-34.9205],[144.0363,-34.9445],[143.9374,-35.0795],[143.833,-35.1783],[143.7067,-35.2636],[143.4869,-35.3084],[143.3418,-35.3084],[143.3541,-35.3435],[143.3606,-35.3622],[143.4265,-35.559],[143.5583,-35.7465],[143.684,-35.7975],[143.7313,-35.7962],[143.8165,-35.7242],[144.0308,-35.568],[144.2065,-35.4293],[144.3849,-35.3055],[144.4043,-35.286],[144.5411,-35.1626],[144.657,-35.03],[144.7559,-34.8994],[144.8383,-34.7552],[144.8546,-34.7762],[144.8555,-34.7745],[144.798,-34.693],[144.7614,-34.6829]]]},"properties":{"NAME":"Wemba Wemba","SUBJECTO":"Wemba Wemba","PARTOF":"Wemba Wemba","BORDERPRECISION":3,"LINK":null}},
{"type":"Feature","geometry":{"type":"Polygon","coordinates":[[[133.162,-14.9016],[133.0994,-14.9554],[132.9016,-15.0297],[132.6929,-15.0191],[132.4622,-14.9766],[132.3034,-15.0245],[132.2864,-15.0297],[132.2314,-15.21],[132.3193,-15.4854],[132.3193,-15.7605],[132.3193,-15.8933],[132.3193,-15.9613],[132.3303,-16.1092],[132.3912,-16.1903],[132.4292,-16.1619],[132.5336,-16.2569],[132.6324,-16.415],[132.8796,-16.4888],[133.1873,-16.4888],[133.3675,-16.4187],[133.3905,-16.4097],[133.3927,-16.4221],[133.429,-16.3939],[133.4925,-16.2337],[133.4956,-16.2259],[133.4839,-16.2147],[133.4949,-16.0353],[133.5608,-15.7923],[133.6157,-15.5807],[133.6267,-15.3584],[133.6267,-15.1146],[133.6926,-15.0668],[133.6971,-15.0635],[133.7036,-14.9448],[133.396,-14.9129],[133.2043,-14.8718],[133.1807,-14.8971],[133.1708,-14.9076],[133.162,-14.9016]]]},"properties":{"NAME":"Yangman","SUBJECTO":"Yangman","PARTOF":"Yangman","BORDERPRECISION":3,"LINK":null}},
{"type":"Feature","geometry":{"type":"Polygon","coordinates":[[[150.0432,-25.6905],[150.0018,-25.6811],[150.0006,-25.694],[149.9854,-25.8493],[149.9819,-25.8944],[149.9804,-25.9134],[149.9744,-25.9926],[149.848,-26.0963],[149.6832,-26.1258],[149.5294,-26.1258],[149.4944,-26.1777],[149.4196,-26.2885],[149.4196,-26.3232],[149.4196,-26.4804],[149.3152,-26.8388],[149.2987,-27.1765],[149.2712,-27.3766],[149.4184,-27.3321],[149.5129,-27.3035],[149.6337,-27.274],[149.7931,-27.2351],[150.0842,-27.196],[150.3699,-27.2058],[150.5566,-27.2058],[150.7324,-27.2839],[150.8478,-27.362],[150.8643,-27.4742],[150.8748,-27.5023],[150.8917,-27.5472],[150.9678,-27.5285],[150.9906,-27.5229],[151.062,-27.5326],[151.1115,-27.5911],[151.1609,-27.6689],[151.1829,-27.7808],[151.3257,-27.8391],[151.3501,-27.8391],[151.507,-27.8391],[152.2925,-27.7711],[152.4298,-27.7711],[152.4285,-27.7542],[152.4188,-27.6349],[152.3145,-27.4254],[152.2266,-27.2351],[152.2181,-27.2195],[152.1801,-27.149],[152.1606,-27.1129],[152.0618,-26.9661],[151.9739,-26.8339],[151.5839,-26.6278],[151.5619,-26.446],[151.474,-26.2442],[151.2378,-25.9679],[151.0291,-25.7801],[150.8826,-25.6682],[150.873,-25.6608],[150.8478,-25.6415],[150.8294,-25.6428],[150.7499,-25.6482],[150.5566,-25.6613],[150.2325,-25.6861],[150.0897,-25.7009],[150.0432,-25.6905]]]},"properties":{"NAME":"Barunggam","SUBJECTO":"Barunggam","PARTOF":"Barunggam","BORDERPRECISION":3,"LINK":null}},
{"type":"Feature","geometry":{"type":"Polygon","coordinates":[[[134.2461,-32.7997],[134.2581,-32.8754],[134.1109,-33.0252],[134.1541,-33.0455],[134.4177,-32.778],[134.8352,-32.4356],[134.934,-32.3764],[134.944,-32.3705],[135.3625,-32.1198],[135.6592,-31.9615],[136.0492,-31.8109],[136.0327,-31.8029],[136.0134,-31.7788],[135.8679,-31.5973],[134.9451,-31.0812],[134.3188,-30.8834],[133.2312,-30.496],[131.8469,-30.3729],[131.4404,-30.2496],[131.3732,-30.2282],[131.2866,-30.278],[131.1328,-30.496],[131.0449,-30.6379],[131.026,-30.7679],[131.2427,-30.8079],[131.3362,-30.9865],[131.1877,-31.4662],[131.1112,-31.4618],[131.0816,-31.4903],[131.3558,-31.6707],[131.6945,-31.8312],[131.9925,-32.0659],[132.1822,-32.1482],[132.3766,-32.1605],[132.5741,-32.0838],[132.6977,-32.0899],[133.1251,-32.3371],[133.3441,-32.3684],[133.7175,-32.2977],[133.837,-32.342],[134.0812,-32.5641],[134.237,-32.7419],[134.2461,-32.7997]]]},"properties":{"NAME":"Wirangu","SUBJECTO":"Wirangu","PARTOF":"Wirangu","BORDERPRECISION":3,"LINK":null}},
{"type":"Feature","geometry":{"type":"Polygon","coordinates":[[[150.7475,-24.1429],[150.9412,-24.0465],[151.174,-23.9199],[150.8025,-23.5999],[150.7999,-23.5582],[150.7764,-23.569],[150.639,-23.6596],[150.5681,-23.7029],[150.6006,-23.7502],[150.7379,-24.1167],[150.7475,-24.1429]]]},"properties":{"NAME":"Bayali","SUBJECTO":"Bayali","PARTOF":"Bayali","BORDERPRECISION":3,"LINK":null}},
{"type":"Feature","geometry":{"type":"Polygon","coordinates":[[[142.6102,-20.6585],[142.6646,-20.6585],[142.8846,-20.5963],[142.9267,-20.5843],[142.6025,-20.2467],[142.4817,-20.123],[142.5861,-19.9992],[142.8223,-19.7977],[142.9761,-19.5132],[142.9159,-19.4732],[142.903,-19.4646],[142.8531,-19.4313],[142.8462,-19.4485],[142.8223,-19.508],[142.5806,-19.3941],[142.262,-19.3111],[141.7786,-19.2697],[141.4709,-19.2904],[141.14,-19.3945],[141.1225,-19.4],[141.1414,-19.596],[141.1743,-19.7925],[141.2512,-19.9992],[141.2818,-20.0567],[141.3218,-20.0441],[141.3501,-20.0353],[141.438,-20.1385],[141.5588,-20.3858],[141.8225,-20.5917],[142.2839,-20.6122],[142.6102,-20.6585]]]},"properties":{"NAME":"Ngawun","SUBJECTO":"Ngawun","PARTOF":"Ngawun","BORDERPRECISION":3,"LINK":null}},
{"type":"Feature","geometry":{"type":"Polygon","coordinates":[[[127.6502,-15.2312],[127.6611,-15.2312],[127.6653,-15.2267],[127.8589,-15.0191],[127.9892,-14.8571],[127.9688,-14.7391],[127.9626,-14.7031],[127.678,-14.4367],[127.5291,-14.1955],[127.4325,-14.1257],[127.3975,-14.1004],[127.3424,-14.0915],[127.2437,-14.275],[127.2437,-14.438],[127.2766,-14.4453],[127.291,-14.4824],[127.3755,-14.7005],[127.3755,-14.9342],[127.4414,-15.1782],[127.6172,-15.1994],[127.6502,-15.2312]]]},"properties":{"NAME":"Kwini","SUBJECTO":"Kwini","PARTOF":"Kwini","BORDERPRECISION":3,"LINK":null}},
{"type":"Feature","geometry":{"type":"Polygon","coordinates":[[[149.2986,-22.3721],[149.3701,-22.3501],[149.3591,-22.106],[149.3591,-21.943],[149.2712,-21.7595],[149.1623,-21.6271],[149.1362,-21.5954],[149.1284,-21.5859],[149.0722,-21.5913],[149.0856,-21.622],[149.09,-21.6319],[149.0591,-21.6359],[149.02,-21.641],[148.8538,-21.6625],[148.6091,-21.6598],[148.5846,-21.7697],[148.5846,-21.9838],[148.5846,-22.1925],[148.5751,-22.3281],[148.6615,-22.3094],[148.7494,-22.2942],[148.8538,-22.3298],[148.8739,-22.3624],[148.8757,-22.3602],[149.1119,-22.3602],[149.2822,-22.3504],[149.2877,-22.3501],[149.2986,-22.3721]]]},"properties":{"NAME":"Baradha","SUBJECTO":"Baradha","PARTOF":"Baradha","BORDERPRECISION":3,"LINK":null}},
{"type":"Feature","geometry":{"type":"Polygon","coordinates":[[[144.572,-28.7656],[144.6021,-28.7291],[144.7119,-28.517],[144.7833,-28.256],[144.8621,-28.078],[144.7668,-28.0623],[144.5197,-28.0332],[144.1956,-27.9847],[144.1756,-27.9829],[144.1077,-28.0429],[143.8934,-28.2124],[143.7946,-28.2899],[143.6462,-28.4011],[143.6462,-28.5266],[143.6863,-28.7376],[143.9209,-28.7484],[144.4812,-28.7484],[144.572,-28.7656]]]},"properties":{"NAME":"Budjari","SUBJECTO":"Budjari","PARTOF":"Budjari","BORDERPRECISION":3,"LINK":null}},
{"type":"Feature","geometry":{"type":"Polygon","coordinates":[[[139.6283,-29.4996],[139.6033,-29.296],[139.6143,-28.9793],[139.6204,-28.912],[139.622,-28.8942],[139.6362,-28.7388],[139.7021,-28.4687],[139.845,-28.2366],[139.8999,-27.9847],[139.9878,-27.6446],[139.9878,-27.5488],[139.9878,-27.4888],[139.9878,-27.4303],[140.0229,-27.2742],[140.0317,-27.2351],[139.9766,-27.233],[139.7791,-27.2253],[139.6033,-27.2546],[139.3945,-27.323],[139.1858,-27.3815],[138.8342,-27.3718],[138.5706,-27.362],[138.4167,-27.362],[138.4021,-27.375],[138.4065,-27.3917],[138.4167,-27.4303],[138.2959,-27.518],[138.2127,-27.5991],[138.197,-27.6641],[138.1825,-27.6995],[138.23,-27.7711],[138.2629,-27.8585],[138.4277,-28.1301],[138.6914,-28.4783],[138.6584,-28.7002],[138.6584,-28.8832],[138.6035,-29.1713],[138.4846,-29.5044],[138.4607,-29.5713],[138.4607,-29.5735],[138.6694,-29.5543],[138.9331,-29.5448],[139.2187,-29.5448],[139.4824,-29.5448],[139.4853,-29.5451],[139.4927,-29.5418],[139.5707,-29.5067],[139.5923,-29.497],[139.6283,-29.4996]]]},"properties":{"NAME":"Dieri","SUBJECTO":"Dieri","PARTOF":"Dieri","BORDERPRECISION":3,"LINK":null}},
{"type":"Feature","geometry":{"type":"Polygon","coordinates":[[[141.5305,-14.476],[141.5241,-14.4932],[141.5918,-14.4932],[141.795,-14.4985],[141.9983,-14.4985],[141.999,-14.4984],[142.0556,-14.4901],[142.1796,-14.4719],[142.3938,-14.4719],[142.5311,-14.4187],[142.6465,-14.3549],[142.8387,-14.3176],[142.8992,-14.2857],[142.9116,-14.2769],[142.9596,-14.2431],[142.9527,-14.1849],[142.9266,-13.9661],[142.9211,-13.7581],[142.9211,-13.5339],[142.8992,-13.3522],[142.8827,-13.133],[142.8716,-13.0932],[142.8662,-13.0741],[142.8578,-13.0741],[142.6154,-13.0741],[142.6101,-13.0741],[142.608,-13.0741],[142.5931,-13.0755],[142.3494,-13.0977],[142.2565,-13.1062],[141.9818,-13.1918],[141.9783,-13.2037],[141.9721,-13.2244],[141.9324,-13.3576],[141.8884,-13.4911],[141.7621,-13.5152],[141.6879,-13.5152],[141.655,-13.4804],[141.655,-13.419],[141.6632,-13.3923],[141.6522,-13.3442],[141.622,-13.3501],[141.5836,-13.3576],[141.5637,-13.3863],[141.5522,-13.4979],[141.5123,-13.8095],[141.5948,-13.9873],[141.6684,-14.1143],[141.5845,-14.3306],[141.5305,-14.476]]]},"properties":{"NAME":"Wik","SUBJECTO":"Wik","PARTOF":"Wik","BORDERPRECISION":3,"LINK":null}},
{"type":"Feature","geometry":{"type":"Polygon","coordinates":[[[144.1994,-14.4644],[144.223,-14.6474],[144.2307,-14.8028],[144.4812,-14.7855],[144.635,-14.8705],[144.9756,-14.966],[145.0308,-15.0416],[145.0854,-15.0085],[145.1172,-14.9768],[144.9462,-14.9082],[144.6926,-14.7244],[144.5292,-14.6676],[144.3854,-14.3691],[144.2123,-14.4521],[144.1994,-14.4644]]]},"properties":{"NAME":"Mutumui","SUBJECTO":"Mutumui","PARTOF":"Mutumui","BORDERPRECISION":3,"LINK":null}},
{"type":"Feature","geometry":{"type":"Polygon","coordinates":[[[141.92,-12.0066],[141.8633,-12.0997],[141.898,-12.1024],[141.9149,-12.1094],[141.9125,-12.0857],[141.92,-12.0393],[141.92,-12.0066]]]},"properties":{"NAME":"Tjungundji","SUBJECTO":"Tjungundji","PARTOF":"Tjungundji","BORDERPRECISION":3,"LINK":null}},
{"type":"Feature","geometry":{"type":"MultiPolygon","coordinates":[[[[142.9732,-37.0626],[143.02,-37.0639],[143.2892,-37.1034],[143.3222,-37.0855],[143.3968,-37.0451],[143.443,-37.0201],[143.443,-36.9367],[143.3771,-36.9279],[143.2452,-36.9192],[143.2261,-36.9177],[143.0145,-36.9016],[142.8552,-36.8137],[142.8003,-36.7037],[142.8387,-36.5891],[142.8456,-36.5796],[142.9074,-36.4942],[142.9074,-36.4892],[142.9074,-36.397],[142.9382,-36.3524],[142.7454,-36.3151],[142.4597,-36.3151],[142.3279,-36.4478],[142.1301,-36.6155],[141.9104,-36.8005],[141.4709,-36.8005],[141.0133,-36.8964],[141.0425,-36.9411],[141.0425,-36.9894],[141.0645,-37.1253],[141.2622,-37.4443],[141.3776,-37.5968],[141.4201,-37.6305],[141.4709,-37.6708],[141.6632,-37.7751],[141.9049,-37.7751],[141.91,-37.7647],[141.9374,-37.7087],[141.9708,-37.6403],[142.0587,-37.5707],[142.1851,-37.5707],[142.2675,-37.6142],[142.4268,-37.6229],[142.5256,-37.562],[142.5256,-37.4487],[142.5256,-37.3003],[142.5256,-37.1428],[142.5686,-37.0572],[142.5723,-37.0552],[142.6318,-37.0552],[142.7179,-37.0552],[142.9732,-37.0626]]],[[[140.9886,-36.7631],[140.9766,-36.8401],[141.0082,-36.8885],[140.9886,-36.7631]]]]},"properties":{"NAME":"Jardwadjali","SUBJECTO":"Jardwadjali","PARTOF":"Jardwadjali","BORDERPRECISION":3,"LINK":null}},
{"type":"Feature","geometry":{"type":"Polygon","coordinates":[[[141.9876,-12.183],[141.9878,-12.1897],[141.9901,-12.2488],[142.0038,-12.34],[142.0258,-12.4205],[142.0369,-12.4988],[142.0395,-12.517],[142.0462,-12.5385],[142.0807,-12.6484],[142.1246,-12.7743],[142.1286,-12.7849],[142.1388,-12.8123],[142.1576,-12.8627],[142.229,-12.9591],[142.2894,-13.0393],[142.3494,-13.0977],[142.5931,-13.0755],[142.5959,-13.0661],[142.6001,-13.0518],[142.6108,-13.0153],[142.6163,-12.8172],[142.6382,-12.6511],[142.6382,-12.4961],[142.6382,-12.4875],[142.6207,-12.4524],[142.5888,-12.3883],[142.413,-12.2729],[142.3306,-12.1709],[142.2784,-12.1253],[142.1756,-12.085],[142.1686,-12.0823],[142.162,-12.0866],[142.0862,-12.136],[141.9873,-12.1763],[141.9876,-12.183]]]},"properties":{"NAME":"Luthigh","SUBJECTO":"Luthigh","PARTOF":"Luthigh","BORDERPRECISION":3,"LINK":null}},
{"type":"Feature","geometry":{"type":"Polygon","coordinates":[[[145.1197,-14.9778],[145.1172,-14.9768],[145.0854,-15.0085],[145.0308,-15.0416],[145.0456,-15.0617],[145.1074,-15.1464],[144.9426,-15.2948],[144.7449,-15.4749],[144.7449,-15.6548],[144.8108,-15.824],[144.8036,-15.9138],[144.8657,-15.8874],[145.0305,-15.7711],[145.1459,-15.5913],[145.1239,-15.4802],[145.1993,-15.3989],[145.1849,-15.232],[145.1843,-15.0476],[145.1382,-14.9978],[145.1197,-14.9778]]]},"properties":{"NAME":"Guugu-Yimidhirr","SUBJECTO":"Guugu-Yimidhirr","PARTOF":"Guugu-Yimidhirr","BORDERPRECISION":3,"LINK":null}},
{"type":"Feature","geometry":{"type":"Polygon","coordinates":[[[142.9357,-18.8086],[143.02,-18.8231],[143.0319,-18.7328],[143.0365,-18.6983],[142.9991,-18.6457],[142.8442,-18.4275],[142.6849,-18.1824],[142.5873,-18.0365],[142.5806,-18.0414],[142.5733,-18.0384],[141.9543,-17.7853],[141.806,-17.7016],[141.2616,-17.5304],[141.3062,-17.6336],[141.3062,-17.8115],[141.3062,-17.9474],[141.3831,-18.1563],[141.5918,-18.2815],[141.7566,-18.3754],[142.0313,-18.5213],[142.3389,-18.6567],[142.7124,-18.7399],[142.8892,-18.7734],[142.9321,-18.7815],[142.9357,-18.8086]]]},"properties":{"NAME":"Walangama","SUBJECTO":"Walangama","PARTOF":"Walangama","BORDERPRECISION":3,"LINK":null}},
{"type":"Feature","geometry":{"type":"Polygon","coordinates":[[[142.6465,-11.0976],[142.6218,-11.0895],[142.5174,-11.0787],[142.413,-11.0706],[142.3059,-11.0383],[142.2674,-10.9899],[142.2593,-10.9985],[142.2116,-11.0491],[142.1257,-11.1574],[142.0929,-11.5325],[141.953,-11.9523],[141.9467,-11.9628],[141.9387,-11.976],[141.9695,-11.9923],[142.0175,-11.9937],[142.1164,-12.0004],[142.1496,-12.0025],[142.1604,-12.0032],[142.2002,-12.0057],[142.354,-12.0178],[142.63,-12.0232],[142.6885,-12.0212],[142.7097,-12.0205],[142.7103,-12.0036],[142.7124,-11.9533],[142.6849,-11.8001],[142.6874,-11.781],[142.6892,-11.7674],[142.6987,-11.6953],[142.6987,-11.5446],[142.6987,-11.4289],[142.6932,-11.27],[142.6858,-11.1832],[142.6465,-11.0976]]]},"properties":{"NAME":"Anggamudi","SUBJECTO":"Anggamudi","PARTOF":"Anggamudi","BORDERPRECISION":3,"LINK":null}},
{"type":"Feature","geometry":{"type":"Polygon","coordinates":[[[130.9783,-12.9815],[131.0971,-12.9644],[131.2042,-12.9189],[131.2054,-12.9109],[131.1768,-12.8761],[131.1768,-12.6913],[131.1685,-12.5197],[131.1273,-12.3615],[131.0631,-12.261],[131.0283,-12.2683],[130.8589,-12.4466],[130.9513,-12.6308],[130.8396,-12.7073],[130.6605,-12.7204],[130.5176,-12.7334],[130.4635,-12.7589],[130.403,-12.8609],[130.4846,-12.8921],[130.8032,-12.935],[130.9783,-12.9815]]]},"properties":{"NAME":"Larrakia","SUBJECTO":"Larrakia","PARTOF":"Larrakia","BORDERPRECISION":3,"LINK":null}},
{"type":"Feature","geometry":{"type":"Polygon","coordinates":[[[139.2223,-22.1611],[139.2006,-22.2635],[139.1748,-22.3856],[139.1693,-22.6292],[139.0594,-22.9483],[138.8562,-23.2111],[138.7354,-23.3876],[138.9825,-23.725],[139.0265,-23.8959],[139.1199,-24.0766],[139.2572,-24.267],[139.3945,-24.3871],[139.4934,-24.4871],[139.5953,-24.6415],[139.5969,-24.6466],[139.5984,-24.6463],[139.6417,-24.7119],[139.8834,-24.632],[140.2405,-24.5071],[140.5206,-24.4453],[140.603,-24.4271],[140.5985,-24.3803],[140.5701,-24.0866],[140.577,-23.9276],[140.5261,-23.916],[140.5266,-23.9008],[140.5371,-23.5741],[140.5151,-23.2817],[140.6799,-22.7661],[140.8205,-22.5406],[140.8887,-22.4313],[140.9283,-22.378],[140.5481,-22.3704],[140.2933,-22.1599],[140.2405,-22.1162],[140.2185,-22.1133],[140.0098,-22.0856],[139.4934,-22.0042],[139.3066,-22.0042],[139.2627,-22.0829],[139.2379,-22.1274],[139.2242,-22.1518],[139.2223,-22.1611]]]},"properties":{"NAME":"Pitta-Pitta","SUBJECTO":"Pitta-Pitta","PARTOF":"Pitta-Pitta","BORDERPRECISION":3,"LINK":null}},
{"type":"Feature","geometry":{"type":"Polygon","coordinates":[[[151.3916,-29.8105],[151.5125,-29.6881],[151.7542,-29.5065],[151.7883,-29.4471],[151.908,-29.2385],[152.0068,-29.0946],[152.0213,-28.9847],[151.9817,-28.9575],[151.9629,-28.9168],[151.9629,-28.758],[151.9025,-28.652],[151.8235,-28.4931],[151.7332,-28.4072],[151.6907,-28.3399],[151.6889,-28.3152],[151.5015,-28.1107],[151.4575,-27.9459],[151.3501,-27.8391],[151.3257,-27.8391],[151.1829,-27.7808],[151.1609,-27.6689],[151.1115,-27.5911],[151.062,-27.5326],[150.9906,-27.5229],[150.9678,-27.5285],[150.9686,-27.5375],[150.8313,-27.6397],[150.8148,-27.8342],[150.8038,-28.0235],[150.8258,-28.2512],[150.9082,-28.5073],[150.9082,-28.6569],[150.9576,-28.7002],[150.9336,-28.7239],[150.9343,-28.7308],[150.9741,-28.7773],[150.9412,-28.9697],[150.9631,-29.1426],[150.9741,-29.3439],[150.9192,-29.5161],[150.9961,-29.7167],[150.9961,-29.7978],[150.9961,-29.8406],[151.084,-29.8788],[151.1444,-29.8883],[151.3257,-29.874],[151.3806,-29.8216],[151.3892,-29.8129],[151.3916,-29.8105]]]},"properties":{"NAME":"Ngarabal","SUBJECTO":"Ngarabal","PARTOF":"Ngarabal","BORDERPRECISION":3,"LINK":null}},
{"type":"Feature","geometry":{"type":"Polygon","coordinates":[[[114.9697,-30.325],[115.0159,-30.3681],[115.2136,-30.3065],[115.4828,-30.297],[115.6586,-30.2686],[116.153,-30.2211],[116.3617,-30.1546],[116.5045,-30.1071],[116.6254,-30.0406],[116.6406,-30.0093],[116.6693,-29.9502],[116.554,-29.7358],[116.4771,-29.5878],[116.3837,-29.3822],[116.3124,-29.254],[116.2738,-29.2672],[116.0761,-29.0226],[115.9772,-28.8639],[115.8728,-28.705],[115.8179,-28.6086],[115.8179,-28.5692],[115.73,-28.5121],[115.5981,-28.5121],[115.3949,-28.57],[115.3147,-28.5298],[115.2981,-28.5377],[115.2301,-28.57],[114.9554,-28.6327],[114.7028,-28.7195],[114.5966,-28.7195],[114.5929,-28.7195],[114.5435,-28.7725],[114.5445,-28.7804],[114.6304,-28.903],[114.8405,-29.3858],[114.9122,-29.6973],[114.9003,-30.1289],[114.917,-30.1974],[114.95,-30.3065],[114.9697,-30.325]]]},"properties":{"NAME":"Amangu","SUBJECTO":"Amangu","PARTOF":"Amangu","BORDERPRECISION":3,"LINK":null}},
{"type":"Feature","geometry":{"type":"Polygon","coordinates":[[[143.3949,-38.4867],[143.3771,-38.4665],[143.3496,-38.3761],[143.3441,-38.2554],[143.3881,-38.1562],[143.4595,-38.1518],[143.5693,-38.1562],[143.6407,-38.1259],[143.6572,-38.074],[143.5583,-38.0827],[143.3386,-38.0091],[143.1683,-37.8358],[143.0804,-37.8108],[143.0804,-37.9139],[143.0804,-38.0481],[143.053,-38.1129],[143.02,-38.1648],[143.0145,-38.2641],[142.998,-38.3675],[143.0365,-38.4019],[143.2233,-38.4536],[143.3276,-38.4708],[143.3909,-38.4881],[143.3949,-38.4867]]]},"properties":{"NAME":"Djargurdwurung","SUBJECTO":"Djargurdwurung","PARTOF":"Djargurdwurung","BORDERPRECISION":3,"LINK":null}},
{"type":"Feature","geometry":{"type":"Polygon","coordinates":[[[135.7943,-15.513],[135.8108,-15.5238],[135.9119,-15.5066],[136.1426,-15.6336],[136.5491,-15.9402],[136.6479,-16.0458],[136.6378,-16.0913],[136.8842,-16.1197],[137.0599,-16.1725],[137.3291,-16.3043],[137.6862,-16.415],[137.8235,-16.6151],[138.1366,-16.8045],[138.2364,-16.8236],[137.9546,-16.6016],[137.7596,-16.3986],[137.4257,-16.1895],[137.0737,-16.0313],[136.9549,-16.0188],[136.7978,-16.07],[136.6871,-16.0258],[136.4586,-15.7529],[136.0944,-15.4485],[135.9448,-15.3593],[135.9119,-15.3954],[135.824,-15.4484],[135.7943,-15.513]]]},"properties":{"NAME":"Yanyuwa","SUBJECTO":"Yanyuwa","PARTOF":"Yanyuwa","BORDERPRECISION":3,"LINK":null}},
{"type":"Feature","geometry":{"type":"Polygon","coordinates":[[[134.3917,-12.1187],[134.3893,-12.1184],[134.3869,-12.1181],[134.2277,-12.0956],[134.2145,-12.0998],[134.1705,-12.1186],[134.1444,-12.1763],[134.1238,-12.242],[134.1213,-12.2595],[134.1336,-12.2595],[134.187,-12.2595],[134.3573,-12.2541],[134.3683,-12.1682],[134.4025,-12.1564],[134.4026,-12.1508],[134.3962,-12.1307],[134.3925,-12.1189],[134.3917,-12.1187]]]},"properties":{"NAME":"Gungurugoni","SUBJECTO":"Gungurugoni","PARTOF":"Gungurugoni","BORDERPRECISION":3,"LINK":null}},
{"type":"Feature","geometry":{"type":"Polygon","coordinates":[[[142.033,-34.0215],[142.1191,-33.9342],[142.3499,-33.9525],[142.3718,-33.8339],[142.4452,-33.7118],[142.4707,-33.6695],[142.5476,-33.7061],[142.5811,-33.7384],[142.7857,-33.9362],[142.8431,-33.9916],[142.848,-33.9963],[142.8497,-33.998],[142.8557,-33.9975],[142.9047,-33.9935],[142.8967,-33.9656],[142.8905,-33.9439],[142.7783,-33.5506],[142.6794,-33.2019],[142.7563,-32.898],[142.9651,-32.6486],[143.1958,-32.4634],[143.5803,-32.1663],[143.9099,-31.8589],[144.069,-31.614],[143.9912,-31.6111],[143.866,-31.6066],[143.5474,-31.5317],[143.5308,-31.513],[143.443,-31.5645],[143.2837,-31.6814],[143.1244,-31.8356],[142.9431,-32.036],[142.7728,-32.1756],[142.5037,-32.3289],[142.3059,-32.5237],[141.7731,-32.9349],[141.6357,-33.0133],[141.4435,-33.1191],[141.1963,-33.2846],[141.0864,-33.3397],[140.9729,-33.4431],[141.0205,-33.4589],[141.3171,-33.6055],[141.5149,-33.6878],[142.0093,-33.8522],[142.0472,-33.8792],[142.0862,-33.9069],[142.033,-34.0215]]]},"properties":{"NAME":"Barkindji","SUBJECTO":"Barkindji","PARTOF":"Barkindji","BORDERPRECISION":3,"LINK":null}},
{"type":"Feature","geometry":{"type":"Polygon","coordinates":[[[143.3949,-38.4867],[143.3979,-38.49],[143.4375,-38.5009],[143.4418,-38.5293],[143.464,-38.5394],[143.5309,-38.5696],[143.5693,-38.5688],[143.6008,-38.5681],[143.7231,-38.5653],[143.8715,-38.4665],[144.0008,-38.3977],[143.9752,-38.389],[143.8989,-38.3632],[143.8934,-38.3201],[144.0033,-38.2727],[144.0198,-38.208],[144.0143,-38.1],[143.9923,-38.0221],[143.9484,-37.9832],[143.811,-38.0091],[143.7067,-38.0697],[143.671,-38.0728],[143.6572,-38.074],[143.6407,-38.1259],[143.5693,-38.1562],[143.4595,-38.1518],[143.3881,-38.1562],[143.3441,-38.2554],[143.3496,-38.3761],[143.3771,-38.4665],[143.3949,-38.4867]]]},"properties":{"NAME":"Gulidjan","SUBJECTO":"Gulidjan","PARTOF":"Gulidjan","BORDERPRECISION":3,"LINK":null}},
{"type":"Feature","geometry":{"type":"Polygon","coordinates":[[[138.3315,-33.3081],[138.3313,-33.3089],[138.3289,-33.3168],[138.3234,-33.4314],[138.3948,-33.6558],[138.4937,-34.0436],[138.5486,-34.2981],[138.609,-34.502],[138.6694,-34.6874],[138.7175,-34.6735],[138.7739,-34.6572],[138.9661,-34.6016],[139.1302,-34.534],[139.115,-34.4444],[139.0979,-34.3434],[139.0979,-33.9889],[139.0759,-33.6695],[139.0877,-33.6662],[138.9331,-33.4773],[138.9331,-33.1927],[139.2957,-32.898],[139.8795,-32.7776],[139.9208,-32.769],[140.0098,-32.5376],[140.0317,-32.2778],[140.0607,-32.0733],[139.9878,-32.0733],[139.9749,-32.0741],[139.7131,-32.0919],[139.4055,-32.0919],[138.8013,-32.1477],[138.774,-32.0632],[138.6475,-32.1245],[138.4937,-32.1454],[138.4003,-32.1896],[138.1665,-32.2682],[138.1626,-32.271],[138.1638,-32.2715],[138.1631,-32.2724],[138.1201,-32.3243],[138.186,-32.5005],[138.2629,-32.7041],[138.3618,-33.0133],[138.3673,-33.1927],[138.3315,-33.3081]]]},"properties":{"NAME":"Ngadjuri","SUBJECTO":"Ngadjuri","PARTOF":"Ngadjuri","BORDERPRECISION":3,"LINK":null}},
{"type":"Feature","geometry":{"type":"Polygon","coordinates":[[[122.8282,-33.0553],[123.6511,-33.1376],[123.8269,-33.3764],[123.9547,-33.4787],[123.9717,-33.4564],[124.001,-33.4232],[124.0012,-33.4221],[124.0992,-33.1665],[124.2352,-33.0117],[124.4312,-32.9441],[124.3285,-32.0202],[124.2224,-31.0341],[123.3833,-30.9917],[123.3062,-31.1143],[123.2842,-31.2273],[123.2292,-31.3495],[123.1851,-31.4623],[123.1521,-31.603],[123.108,-31.7529],[123.0419,-31.8744],[123.0089,-31.9865],[122.9979,-32.0985],[122.9648,-32.2289],[122.9208,-32.3685],[122.9317,-32.4893],[122.9097,-32.7581],[122.8876,-32.9061],[122.8326,-33.0354],[122.8282,-33.0553]]]},"properties":{"NAME":"Ngatjumay","SUBJECTO":"Ngatjumay","PARTOF":"Ngatjumay","BORDERPRECISION":3,"LINK":null}},
{"type":"Feature","geometry":{"type":"Polygon","coordinates":[[[130.7591,-16.0674],[130.7813,-16.0722],[130.8886,-16.0863],[130.9076,-16.0722],[131.0999,-15.9983],[131.3306,-15.993],[131.369,-15.9085],[131.369,-15.7923],[131.4012,-15.791],[131.3966,-15.6843],[131.3965,-15.6812],[131.3864,-15.6592],[131.1548,-15.6548],[130.9241,-15.6548],[130.6219,-15.6971],[130.4462,-15.6918],[130.4462,-15.7081],[130.4462,-15.8081],[130.4846,-15.9613],[130.7098,-16.0511],[130.7591,-16.0674]]]},"properties":{"NAME":"Ngaliwuru","SUBJECTO":"Ngaliwuru","PARTOF":"Ngaliwuru","BORDERPRECISION":3,"LINK":null}},
{"type":"Feature","geometry":{"type":"Polygon","coordinates":[[[115.9123,-22.6023],[115.9497,-22.5481],[116.0156,-22.4669],[115.9854,-22.4681],[115.9391,-22.4701],[115.8069,-22.5734],[115.6531,-22.5633],[115.4443,-22.5227],[115.1917,-22.5024],[115.31,-22.4051],[115.3036,-22.4009],[115.2905,-22.4009],[115.2631,-22.4263],[115.0928,-22.4415],[114.9225,-22.4161],[114.7961,-22.345],[114.6643,-22.2179],[114.6313,-22.0195],[114.6385,-21.9822],[114.4563,-22.0937],[114.3931,-22.31],[114.309,-22.5645],[114.232,-22.6155],[114.0748,-22.6031],[114.0273,-22.5206],[114.0225,-22.3299],[113.9006,-22.0377],[113.8715,-22.1077],[113.8223,-22.254],[113.6254,-22.5659],[113.6166,-22.6614],[113.6646,-22.7306],[113.7195,-22.8167],[113.7831,-22.8395],[113.8239,-22.7559],[113.9612,-22.6951],[114.1479,-22.685],[114.2908,-22.685],[114.4226,-22.7255],[114.5929,-22.7306],[114.7577,-22.7711],[114.7926,-22.8217],[114.8077,-22.825],[114.8621,-22.8369],[115.0928,-22.8369],[115.3455,-22.8572],[115.5048,-22.8623],[115.5981,-22.8724],[115.7147,-22.8476],[115.7316,-22.844],[115.8124,-22.8268],[115.8728,-22.7103],[115.9041,-22.6236],[115.9113,-22.6039],[115.9123,-22.6023]]]},"properties":{"NAME":"Thalanyji","SUBJECTO":"Thalanyji","PARTOF":"Thalanyji","BORDERPRECISION":3,"LINK":null}},
{"type":"Feature","geometry":{"type":"Polygon","coordinates":[[[131.6346,-12.3896],[131.5399,-12.4006],[131.1829,-12.2361],[131.109,-12.2515],[131.0631,-12.261],[131.1273,-12.3615],[131.1685,-12.5197],[131.1768,-12.6913],[131.1768,-12.8761],[131.2054,-12.9109],[131.2097,-12.9162],[131.3223,-12.9484],[131.6107,-13.0313],[131.6656,-12.9831],[131.6602,-12.9376],[131.6588,-12.93],[131.6107,-12.9136],[131.6107,-12.7904],[131.6162,-12.6296],[131.6162,-12.4419],[131.6346,-12.3896]]]},"properties":{"NAME":"Woolna","SUBJECTO":"Woolna","PARTOF":"Woolna","BORDERPRECISION":3,"LINK":null}},
{"type":"Feature","geometry":{"type":"Polygon","coordinates":[[[134.6375,-12.4366],[134.4397,-12.5385],[134.2749,-12.6618],[134.0881,-12.8707],[133.9618,-12.9831],[133.9558,-13.0257],[133.9453,-13.1009],[133.9618,-13.2934],[134.0607,-13.4003],[134.176,-13.4431],[134.3188,-13.427],[134.3311,-13.4193],[134.4727,-13.3308],[134.7473,-13.1811],[134.8737,-13.1169],[135.0275,-13.1223],[135.0549,-13.1118],[135.0549,-13.0822],[135.0549,-13.0581],[135.0549,-12.8707],[134.9341,-12.7154],[134.8737,-12.6564],[134.7693,-12.5814],[134.6869,-12.4527],[134.6869,-12.4402],[134.6836,-12.4391],[134.6594,-12.4312],[134.6375,-12.4366]]]},"properties":{"NAME":"Rembarnga","SUBJECTO":"Rembarnga","PARTOF":"Rembarnga","BORDERPRECISION":3,"LINK":null}},
{"type":"Feature","geometry":{"type":"Polygon","coordinates":[[[130.0429,-14.4454],[130.0318,-14.4367],[129.9973,-14.4343],[129.9923,-14.434],[129.9243,-14.4294],[129.809,-14.4453],[129.7238,-14.4054],[129.6497,-14.3362],[129.614,-14.267],[129.5962,-14.168],[129.581,-14.1815],[129.4916,-14.2612],[129.4266,-14.3059],[129.423,-14.4139],[129.4588,-14.4965],[129.7288,-14.6739],[129.7943,-14.7536],[129.8419,-14.7536],[130.0616,-14.7218],[130.2649,-14.7164],[130.3506,-14.7164],[130.3473,-14.6686],[130.3363,-14.5729],[130.3363,-14.5145],[130.3424,-14.5112],[130.3226,-14.5065],[130.2814,-14.4905],[130.1633,-14.4666],[130.0699,-14.4666],[130.0429,-14.4454]]]},"properties":{"NAME":"Murrinh-patha","SUBJECTO":"Murrinh-patha","PARTOF":"Murrinh-patha","BORDERPRECISION":3,"LINK":null}},
{"type":"Feature","geometry":{"type":"Polygon","coordinates":[[[130.5762,-24.7933],[130.4956,-24.8665],[130.2319,-24.7668],[129.7266,-24.627],[129.3311,-24.4871],[129.0743,-24.4459],[128.886,-24.4303],[129.0344,-24.7967],[129.0894,-25.1652],[129.1003,-25.5722],[129.0674,-25.8493],[129.0234,-25.898],[128.9246,-26.0074],[128.8546,-26.0055],[128.8916,-26.3131],[128.8916,-26.618],[129.1113,-26.9612],[129.3311,-27.2449],[129.7156,-27.4985],[130.177,-27.5278],[130.5066,-27.5278],[130.5433,-27.5159],[130.64,-27.4847],[130.6714,-27.4595],[130.686,-27.4699],[130.7043,-27.464],[130.7043,-27.3327],[130.8252,-27.02],[130.8691,-26.7358],[130.8362,-26.5197],[130.8032,-26.3328],[130.7813,-26.0765],[130.8252,-25.9185],[130.946,-25.7504],[131.0407,-25.4659],[131.0504,-25.3986],[131.0614,-25.2099],[131.001,-25.0408],[130.8472,-24.8815],[130.6989,-24.8416],[130.5762,-24.7933]]]},"properties":{"NAME":"Pitjantjatjara","SUBJECTO":"Pitjantjatjara","PARTOF":"Pitjantjatjara","BORDERPRECISION":3,"LINK":null}},
{"type":"Feature","geometry":{"type":"Polygon","coordinates":[[[141.4784,-27.4045],[141.3721,-27.479],[141.1722,-27.5588],[141.0698,-27.5996],[140.9326,-27.6543],[140.5261,-27.6543],[140.2954,-27.5278],[139.9878,-27.4888],[139.9878,-27.5488],[139.9878,-27.6446],[139.8999,-27.9847],[139.845,-28.2366],[139.7021,-28.4687],[139.6362,-28.7388],[139.622,-28.8942],[139.6204,-28.912],[139.834,-28.912],[140.2185,-28.9216],[140.5371,-28.9312],[140.7458,-28.9312],[140.9706,-28.8674],[140.9743,-28.8664],[141.1523,-28.8158],[141.3501,-28.7099],[141.6028,-28.6231],[141.7676,-28.5556],[142.0705,-28.3808],[142.0545,-28.36],[141.8994,-28.1592],[141.6248,-27.7613],[141.5588,-27.5083],[141.4942,-27.4249],[141.4784,-27.4045]]]},"properties":{"NAME":"Yandruwandha","SUBJECTO":"Yandruwandha","PARTOF":"Yandruwandha","BORDERPRECISION":3,"LINK":null}},
{"type":"Feature","geometry":{"type":"Polygon","coordinates":[[[153.1521,-27.6771],[153.1203,-27.6252],[153.0636,-27.6453],[152.8522,-27.6992],[152.7541,-27.7306],[152.741,-27.7477],[152.6882,-27.8159],[152.6476,-27.8832],[152.6193,-27.9459],[152.6995,-27.9031],[152.7958,-27.8531],[152.9576,-27.7972],[153.05,-27.7472],[153.0927,-27.7199],[153.1289,-27.6939],[153.1521,-27.6771]]]},"properties":{"NAME":"Yugambeh","SUBJECTO":"Yugambeh","PARTOF":"Yugambeh","BORDERPRECISION":3,"LINK":null}},
{"type":"Feature","geometry":{"type":"Polygon","coordinates":[[[143.7012,-14.9671],[143.877,-14.9554],[144.1736,-14.8067],[144.1912,-14.8055],[144.2307,-14.8028],[144.223,-14.6474],[144.1994,-14.4644],[144.1697,-14.4926],[144.0647,-14.5923],[143.8749,-14.5863],[143.7432,-14.4658],[143.6775,-14.299],[143.6729,-14.2873],[143.435,-14.3189],[143.4375,-14.3336],[143.4394,-14.3441],[143.4595,-14.456],[143.454,-14.7271],[143.421,-14.8227],[143.4045,-14.8262],[143.4045,-14.8284],[143.4924,-14.8386],[143.7012,-14.9448],[143.7012,-14.9671]]]},"properties":{"NAME":"Lamalama","SUBJECTO":"Lamalama","PARTOF":"Lamalama","BORDERPRECISION":3,"LINK":null}},
{"type":"Feature","geometry":{"type":"Polygon","coordinates":[[[115.7675,-33.4921],[115.741,-33.4589],[115.717,-33.4029],[115.6499,-33.3493],[115.6467,-33.3654],[115.558,-33.5754],[115.4085,-33.7666],[115.2058,-33.8052],[114.9858,-33.7547],[114.9613,-33.8693],[115.0221,-34.2621],[115.0543,-34.3752],[115.1485,-34.3822],[115.3493,-34.1158],[115.3674,-34.0709],[115.5432,-33.9798],[115.7407,-33.8591],[115.7563,-33.8305],[115.7629,-33.7974],[115.8289,-33.6878],[115.8166,-33.6064],[115.7675,-33.4921]]]},"properties":{"NAME":"Wardandi","SUBJECTO":"Wardandi","PARTOF":"Wardandi","BORDERPRECISION":3,"LINK":null}},
{"type":"Feature","geometry":{"type":"Polygon","coordinates":[[[132.7511,-12.1692],[132.7362,-12.1902],[132.7863,-12.2165],[132.8412,-12.2273],[132.8455,-12.2207],[132.8796,-12.1682],[132.9291,-12.093],[133.0258,-12.03],[133.0334,-11.999],[133.0444,-11.9587],[133.0499,-11.9077],[133.0559,-11.9025],[133.0334,-11.8781],[132.9785,-11.8217],[132.9401,-11.7517],[132.9126,-11.6953],[132.8577,-11.628],[132.8027,-11.6065],[132.756,-11.6549],[132.6434,-11.7491],[132.6263,-11.7501],[132.7165,-12.0803],[132.7323,-12.1208],[132.7511,-12.1692]]]},"properties":{"NAME":"Amarak","SUBJECTO":"Amarak","PARTOF":"Amarak","BORDERPRECISION":3,"LINK":null}},
{"type":"Feature","geometry":{"type":"Polygon","coordinates":[[[123.5758,-16.3908],[123.5664,-16.4153],[123.6841,-16.4677],[123.772,-16.5098],[123.9148,-16.5678],[123.9697,-16.6415],[123.9642,-16.7414],[123.9883,-16.8105],[123.9899,-16.8151],[124.0521,-16.8151],[124.1949,-16.8308],[124.3433,-16.8308],[124.4476,-16.8395],[124.4476,-16.773],[124.4476,-16.6467],[124.4147,-16.5678],[124.3964,-16.5173],[124.2773,-16.5228],[123.9795,-16.409],[123.6577,-16.3945],[123.5758,-16.3908]]]},"properties":{"NAME":"Umida","SUBJECTO":"Umida","PARTOF":"Umida","BORDERPRECISION":3,"LINK":null}},
{"type":"Feature","geometry":{"type":"Polygon","coordinates":[[[132.6964,-12.6864],[132.7039,-12.6966],[132.7341,-12.71],[132.789,-12.7314],[132.8549,-12.7448],[132.8723,-12.7292],[132.9236,-12.6832],[132.9648,-12.6457],[132.9703,-12.5385],[132.9675,-12.4419],[132.9291,-12.3373],[132.8687,-12.238],[132.8455,-12.2207],[132.8412,-12.2273],[132.7863,-12.2165],[132.7362,-12.1902],[132.7331,-12.1947],[132.7246,-12.2009],[132.7313,-12.2219],[132.7148,-12.3346],[132.6984,-12.4527],[132.6764,-12.517],[132.6709,-12.576],[132.6908,-12.6621],[132.6964,-12.6864]]]},"properties":{"NAME":"Kundjey’mi","SUBJECTO":"Kundjey’mi","PARTOF":"Kundjey’mi","BORDERPRECISION":3,"LINK":null}},
{"type":"Feature","geometry":{"type":"Polygon","coordinates":[[[148.0368,-37.1787],[147.8815,-37.2784],[147.7936,-37.3483],[147.7057,-37.4051],[147.5464,-37.4836],[147.5079,-37.4138],[147.42,-37.2915],[147.2937,-37.1034],[147.2038,-37.0209],[147.1908,-37.009],[147.1838,-37.0026],[146.9861,-37.0552],[146.9531,-37.0639],[146.9037,-37.0771],[146.6785,-37.226],[146.4093,-37.3396],[146.1621,-37.4269],[146.1644,-37.44],[146.1727,-37.4884],[146.1786,-37.5228],[146.2939,-37.6577],[146.3873,-37.8315],[146.4093,-37.9745],[146.3214,-38.1302],[146.3214,-38.2166],[146.3214,-38.319],[146.3214,-38.3201],[146.3069,-38.3838],[146.2939,-38.4407],[146.2445,-38.6255],[146.217,-38.7284],[146.3269,-38.7498],[146.4532,-38.7498],[146.6276,-38.7611],[146.651,-38.7626],[146.8597,-38.7412],[146.9143,-38.7172],[146.9171,-38.7134],[146.934,-38.7085],[146.9861,-38.6855],[147.1124,-38.5611],[147.5354,-38.2123],[147.7441,-38.0524],[148.0463,-37.9529],[148.3264,-37.9009],[148.8098,-37.8618],[149.057,-37.8662],[149.3097,-37.8315],[149.3107,-37.8141],[149.3152,-37.736],[149.2548,-37.6186],[148.9581,-37.4792],[148.7,-37.4749],[148.4528,-37.4094],[148.3862,-37.3676],[148.3594,-37.3876],[148.2555,-37.3794],[148.2495,-37.3789],[148.0847,-37.2741],[148.0751,-37.2549],[148.0368,-37.1787]]]},"properties":{"NAME":"Kurnai","SUBJECTO":"Kurnai","PARTOF":"Kurnai","BORDERPRECISION":3,"LINK":null}},
{"type":"Feature","geometry":{"type":"Polygon","coordinates":[[[118.9298,-22.3303],[118.9337,-22.3404],[118.9545,-22.3958],[119.0094,-22.4364],[119.1193,-22.5075],[119.2401,-22.5836],[119.3555,-22.7053],[119.4653,-22.9938],[119.5313,-23.1454],[119.5972,-23.2615],[119.6136,-23.3826],[119.6414,-23.3992],[119.6657,-23.3952],[119.8059,-23.3725],[119.9487,-23.3725],[120.2783,-23.4028],[120.7178,-23.3523],[120.9814,-23.2817],[121.002,-23.3035],[121.0034,-23.3019],[121.1243,-23.0494],[121.1243,-22.7863],[121.1243,-22.5531],[121.1243,-22.2789],[121.1038,-22.1986],[121.0693,-22.2332],[120.954,-22.162],[120.6848,-22.1111],[120.4047,-22.0856],[120.0806,-22.0907],[119.9323,-22.1111],[119.6686,-22.0704],[119.2841,-22.0449],[119.1248,-22.0449],[119.0325,-22.0107],[119.0282,-22.0149],[118.9819,-22.0602],[118.927,-22.1314],[118.9215,-22.1874],[118.9105,-22.2789],[118.9298,-22.3303]]]},"properties":{"NAME":"Palyku","SUBJECTO":"Palyku","PARTOF":"Palyku","BORDERPRECISION":3,"LINK":null}},
{"type":"Feature","geometry":{"type":"Polygon","coordinates":[[[114.643,-26.4673],[114.7028,-26.618],[114.7961,-26.9221],[114.8676,-27.1618],[114.917,-27.6105],[114.906,-27.9507],[115.0488,-28.2463],[115.2026,-28.4735],[115.2733,-28.509],[115.3147,-28.5298],[115.3949,-28.57],[115.5981,-28.5121],[115.73,-28.5121],[115.8179,-28.5692],[115.8563,-28.5942],[115.8819,-28.5743],[116.2354,-28.2995],[116.7572,-27.9507],[117.2021,-27.7224],[117.5702,-27.4644],[117.746,-27.2497],[117.9767,-27.2058],[118.0125,-27.1822],[118.0391,-27.1647],[118.2294,-27.0396],[118.3557,-26.775],[118.6249,-26.446],[118.7512,-26.2097],[118.8831,-25.9926],[118.9128,-25.8098],[118.916,-25.79],[118.9295,-25.7395],[118.9545,-25.6465],[119.0094,-25.5474],[119.1278,-25.4262],[119.1742,-25.3788],[119.3004,-25.3446],[119.339,-25.3341],[119.4653,-25.2596],[119.6466,-25.1751],[119.696,-25.1204],[119.7632,-24.9901],[119.7729,-24.9711],[119.7131,-24.9332],[119.4818,-24.7867],[119.3005,-24.687],[119.0753,-24.5371],[118.8776,-24.4572],[118.6139,-24.3971],[118.5726,-24.3899],[118.4436,-24.3671],[118.3063,-24.302],[118.0042,-24.2269],[117.7954,-24.1468],[117.6746,-24.0314],[117.5943,-24.0314],[117.5812,-24.0314],[117.4219,-24.0063],[117.3615,-23.9712],[117.2516,-24.0013],[117.1967,-24.0314],[117.0978,-24.0013],[116.9879,-24.0615],[116.933,-24.2069],[116.933,-24.3571],[116.8781,-24.4421],[116.8341,-24.4821],[116.7188,-24.4772],[116.5045,-24.5121],[116.3735,-24.5946],[116.3375,-24.6173],[116.2903,-24.647],[116.1365,-24.7618],[116.0596,-24.9661],[115.8948,-25.1055],[115.8541,-25.1986],[115.8419,-25.2266],[115.8124,-25.2944],[115.8563,-25.483],[115.8234,-25.5524],[115.7135,-25.592],[115.6036,-25.6217],[115.4388,-25.6514],[115.1312,-25.6762],[114.917,-25.6663],[114.7302,-25.7108],[114.7276,-25.7495],[114.7275,-25.7516],[114.7192,-25.8741],[114.7687,-26.0815],[114.7687,-26.2195],[114.7412,-26.3869],[114.6772,-26.4379],[114.6423,-26.4657],[114.643,-26.4673]]]},"properties":{"NAME":"Watjarri","SUBJECTO":"Watjarri","PARTOF":"Watjarri","BORDERPRECISION":3,"LINK":null}},
{"type":"Feature","geometry":{"type":"Polygon","coordinates":[[[140.1506,-31.9769],[140.4272,-31.7282],[140.8887,-31.4474],[141.0416,-31.3495],[141.0889,-31.3192],[141.1523,-31.2785],[141.394,-31.0341],[141.7236,-30.6757],[141.9873,-30.278],[142.1411,-29.8978],[142.1411,-29.7596],[142.1411,-29.7321],[142.1411,-29.6499],[142.1386,-29.6499],[142.0642,-29.6499],[142.0457,-29.6499],[141.6577,-29.6499],[140.8447,-29.8597],[140.2734,-30.0501],[140.2368,-30.065],[140.1727,-30.0911],[140.0931,-30.1235],[140.0647,-30.1831],[140.0512,-30.2297],[140.0208,-30.335],[139.8779,-30.8079],[139.8779,-31.0247],[140.0317,-31.3067],[140.0537,-31.4943],[140.1196,-31.7469],[140.138,-31.8831],[140.1506,-31.9769]]]},"properties":{"NAME":"Malyangaba","SUBJECTO":"Malyangaba","PARTOF":"Malyangaba","BORDERPRECISION":3,"LINK":null}},
{"type":"Feature","geometry":{"type":"Polygon","coordinates":[[[143.5803,-16.0106],[143.5803,-16.088],[143.7122,-16.1514],[143.8704,-16.1441],[143.8713,-16.1244],[143.8715,-16.1197],[144.0253,-16.0933],[144.2725,-16.0986],[144.6295,-15.9877],[144.7735,-15.9266],[144.8036,-15.9138],[144.8108,-15.824],[144.7449,-15.6548],[144.7449,-15.4749],[144.9426,-15.2948],[145.1074,-15.1464],[145.0456,-15.0617],[145.0308,-15.0416],[144.9756,-14.966],[144.635,-14.8705],[144.4812,-14.7855],[144.2307,-14.8028],[144.1912,-14.8055],[144.1736,-14.8067],[143.877,-14.9554],[143.7012,-14.9671],[143.7012,-14.9872],[143.7012,-15.2206],[143.7012,-15.7394],[143.6583,-16.028],[143.6572,-16.0353],[143.5803,-16.0106]]]},"properties":{"NAME":"Kokowarra","SUBJECTO":"Kokowarra","PARTOF":"Kokowarra","BORDERPRECISION":3,"LINK":null}},
{"type":"Feature","geometry":{"type":"Polygon","coordinates":[[[140.9706,-28.8674],[140.7458,-28.9312],[140.5371,-28.9312],[140.2185,-28.9216],[139.834,-28.912],[139.6204,-28.912],[139.6143,-28.9793],[139.6033,-29.296],[139.6283,-29.4996],[139.7241,-29.5065],[139.9768,-29.5161],[140.2185,-29.5639],[140.1416,-29.793],[140.1416,-29.8502],[140.1416,-30.0215],[140.0931,-30.1235],[140.1727,-30.0911],[140.191,-30.0548],[140.246,-29.8645],[140.3009,-29.8311],[140.4602,-29.7787],[140.8173,-29.6069],[140.9491,-29.4683],[141.026,-29.2576],[141.0315,-29.0466],[140.9875,-28.9168],[140.9706,-28.8674]]]},"properties":{"NAME":"Pirlatapa","SUBJECTO":"Pirlatapa","PARTOF":"Pirlatapa","BORDERPRECISION":3,"LINK":null}},
{"type":"Feature","geometry":{"type":"Polygon","coordinates":[[[127.738,-19.4562],[127.7161,-19.8081],[127.7161,-20.1178],[127.7161,-20.4064],[127.76,-20.4888],[127.738,-20.6019],[127.7389,-20.6028],[127.8738,-20.7289],[128.4192,-20.8896],[128.7158,-20.9101],[129.1443,-21.064],[129.4519,-20.9409],[129.5865,-20.949],[129.6277,-20.9307],[129.6668,-20.9539],[129.7925,-20.9614],[130.0891,-21.0947],[130.2534,-21.1139],[130.3967,-21.0025],[130.4956,-20.7972],[130.4956,-20.5505],[130.2869,-20.3034],[129.8694,-19.9424],[129.6497,-19.8391],[129.2761,-19.6736],[128.9685,-19.4769],[128.7158,-19.3008],[128.7582,-19.2608],[128.7486,-19.2503],[128.7378,-19.2385],[128.4082,-19.2385],[127.9578,-19.3111],[127.7964,-19.4177],[127.781,-19.4279],[127.738,-19.4562]]]},"properties":{"NAME":"Ngarti","SUBJECTO":"Ngarti","PARTOF":"Ngarti","BORDERPRECISION":3,"LINK":null}},
{"type":"Feature","geometry":{"type":"Polygon","coordinates":[[[151.2008,-33.3852],[151.2213,-33.3168],[151.1003,-33.3015],[150.9302,-33.28],[150.5731,-33.2433],[150.1337,-33.2111],[150.0084,-33.1871],[149.9989,-33.2308],[149.8755,-33.7974],[149.6777,-34.0891],[149.1064,-34.2527],[149.0397,-34.263],[149.1119,-34.2754],[149.3427,-34.2799],[149.6008,-34.2845],[149.9799,-34.2118],[150.4523,-34.1755],[150.5679,-34.1664],[150.6061,-34.1573],[150.6852,-34.1573],[150.7241,-34.1542],[150.7434,-34.1527],[150.7522,-34.1573],[150.8148,-34.1573],[150.9027,-33.9753],[150.9186,-33.948],[150.9254,-33.9362],[150.9796,-33.843],[151.0126,-33.7563],[151.0219,-33.7408],[151.0245,-33.7366],[151.0675,-33.6649],[151.1115,-33.546],[151.1938,-33.4085],[151.2008,-33.3852]]]},"properties":{"NAME":"Dharug","SUBJECTO":"Dharug","PARTOF":"Dharug","BORDERPRECISION":3,"LINK":null}},
{"type":"Feature","geometry":{"type":"Polygon","coordinates":[[[143.3074,-37.2128],[143.2507,-37.2128],[143.0859,-37.3134],[142.9926,-37.4094],[142.8882,-37.4967],[142.9651,-37.6403],[142.9752,-37.6903],[142.9801,-37.7147],[142.9871,-37.749],[143.031,-37.7968],[143.0475,-37.8014],[143.0804,-37.8108],[143.1683,-37.8358],[143.3386,-38.0091],[143.5583,-38.0827],[143.6572,-38.074],[143.671,-38.0728],[143.7067,-38.0697],[143.811,-38.0091],[143.9484,-37.9832],[143.9923,-38.0221],[144.0143,-38.1],[144.0198,-38.208],[144.0033,-38.2727],[143.8934,-38.3201],[143.8989,-38.3632],[143.9752,-38.389],[144.0008,-38.3977],[144.1022,-38.4321],[144.2114,-38.4382],[144.256,-38.4407],[144.4043,-38.4019],[144.5855,-38.3811],[144.5911,-38.3804],[144.6119,-38.3711],[144.5965,-38.3615],[144.4111,-38.2457],[144.5617,-38.1368],[144.6961,-38.0894],[144.6021,-38.0524],[144.6059,-38.028],[144.6185,-37.9485],[144.6141,-37.9381],[144.5691,-37.9456],[144.5251,-37.9529],[144.4043,-37.8835],[144.3494,-37.7273],[144.2834,-37.5794],[144.2509,-37.4309],[144.2024,-37.4476],[144.1197,-37.4628],[144.0348,-37.4737],[143.9614,-37.4785],[143.8987,-37.4713],[143.852,-37.4652],[143.8225,-37.4653],[143.8037,-37.4726],[143.7954,-37.4735],[143.7968,-37.4671],[143.8029,-37.4573],[143.808,-37.4474],[143.7965,-37.4313],[143.7813,-37.4181],[143.7621,-37.4065],[143.7503,-37.4023],[143.7407,-37.4027],[143.7292,-37.4179],[143.7146,-37.4232],[143.6828,-37.4204],[143.6505,-37.4077],[143.6286,-37.3849],[143.6084,-37.3537],[143.5812,-37.3284],[143.5682,-37.3065],[143.5488,-37.3049],[143.5229,-37.3096],[143.4825,-37.3157],[143.4758,-37.3074],[143.4864,-37.3025],[143.4647,-37.2707],[143.4532,-37.268],[143.4286,-37.274],[143.4107,-37.2862],[143.3959,-37.2956],[143.3817,-37.2958],[143.3651,-37.2923],[143.3392,-37.291],[143.3082,-37.2963],[143.3152,-37.2801],[143.3194,-37.2512],[143.3123,-37.2441],[143.3053,-37.2398],[143.3038,-37.235],[143.3049,-37.2287],[143.3075,-37.2141],[143.3074,-37.2128]]]},"properties":{"NAME":"Wathaurong","SUBJECTO":"Wathaurong","PARTOF":"Wathaurong","BORDERPRECISION":3,"LINK":null}},
{"type":"Feature","geometry":{"type":"Polygon","coordinates":[[[124.4586,-17.4092],[124.4586,-17.3454],[124.4476,-17.0673],[124.4476,-16.8887],[124.4476,-16.8395],[124.3433,-16.8308],[124.1949,-16.8308],[124.0521,-16.8151],[123.9899,-16.8151],[123.9862,-16.8151],[123.9587,-16.8151],[123.8599,-16.8571],[123.8203,-16.8839],[123.8378,-16.8913],[123.8852,-16.9114],[123.912,-16.9749],[123.8268,-17.2485],[123.7041,-17.2169],[123.5958,-17.1574],[123.6347,-17.2101],[123.6731,-17.2353],[123.8599,-17.3192],[124.3982,-17.4031],[124.4586,-17.4092]]]},"properties":{"NAME":"Warwa","SUBJECTO":"Warwa","PARTOF":"Warwa","BORDERPRECISION":3,"LINK":null}},
{"type":"Feature","geometry":{"type":"Polygon","coordinates":[[[141.7789,-16.8132],[141.6028,-16.7151],[141.405,-16.5836],[141.2952,-16.5204],[141.2882,-16.52],[141.2469,-16.6359],[141.1324,-16.9571],[140.8789,-17.4196],[140.881,-17.4204],[140.9161,-17.4345],[141.037,-17.466],[141.1419,-17.482],[141.1731,-17.4867],[141.2292,-17.4555],[141.2556,-17.5166],[141.2616,-17.5304],[141.806,-17.7016],[141.9543,-17.7853],[142.5733,-18.0384],[142.5806,-18.0414],[142.5873,-18.0365],[142.9541,-17.7696],[143.1299,-17.6021],[143.1299,-17.4198],[143.1081,-17.4105],[143.042,-17.3821],[142.998,-17.3297],[142.937,-17.252],[142.8552,-17.3821],[142.3828,-17.2038],[142.0642,-17.0463],[141.7896,-16.9202],[141.7888,-16.913],[141.7789,-16.8132]]]},"properties":{"NAME":"Kurtjar","SUBJECTO":"Kurtjar","PARTOF":"Kurtjar","BORDERPRECISION":3,"LINK":null}},
{"type":"Feature","geometry":{"type":"Polygon","coordinates":[[[147.2089,-19.8604],[147.2498,-19.715],[147.3322,-19.6788],[147.42,-19.6478],[147.4665,-19.6501],[147.4127,-19.5632],[147.0776,-19.513],[146.9852,-19.4628],[146.9495,-19.4434],[146.7963,-19.3552],[146.7913,-19.387],[146.8542,-19.4044],[146.8542,-19.4977],[146.8213,-19.6115],[146.8111,-19.8217],[146.8103,-19.8391],[147.019,-19.8804],[147.2058,-19.8494],[147.2089,-19.8604]]]},"properties":{"NAME":"Thul Garrie Waja (Bindal)","SUBJECTO":"Thul Garrie Waja (Bindal)","PARTOF":"Thul Garrie Waja (Bindal)","BORDERPRECISION":3,"LINK":null}},
{"type":"Feature","geometry":{"type":"Polygon","coordinates":[[[134.1213,-12.2595],[134.0717,-12.2595],[134.0392,-12.2635],[134.0193,-12.2659],[134.0035,-12.2678],[133.9997,-12.2658],[133.9984,-12.2684],[133.9563,-12.3507],[133.9069,-12.4205],[133.8354,-12.5546],[133.7805,-12.6457],[133.6981,-12.7957],[133.6222,-12.9202],[133.7476,-13.0153],[133.9558,-13.0257],[133.9618,-12.9831],[134.0881,-12.8707],[134.2749,-12.6618],[134.4397,-12.5385],[134.6375,-12.4366],[134.6594,-12.4312],[134.6836,-12.4391],[134.6869,-12.4349],[134.6869,-12.3185],[134.6924,-12.1843],[134.6995,-12.1286],[134.7005,-12.1209],[134.6924,-12.1145],[134.6054,-12.1077],[134.6046,-12.1077],[134.5551,-12.1038],[134.4662,-12.1344],[134.4025,-12.1564],[134.3683,-12.1682],[134.3573,-12.2541],[134.187,-12.2595],[134.1336,-12.2595],[134.1213,-12.2595]]]},"properties":{"NAME":"Dangbon","SUBJECTO":"Dangbon","PARTOF":"Dangbon","BORDERPRECISION":3,"LINK":null}},
{"type":"Feature","geometry":{"type":"Polygon","coordinates":[[[131.896,-14.5692],[131.792,-14.5836],[131.5063,-14.6048],[131.2976,-14.6793],[131.0284,-14.7749],[131.0176,-14.7871],[130.9882,-14.8202],[130.9625,-14.8492],[130.9735,-15.0032],[131.0339,-15.1835],[131.0339,-15.2683],[131.0597,-15.3056],[131.0734,-15.3254],[131.1108,-15.3795],[131.2701,-15.4378],[131.3361,-15.549],[131.3864,-15.6592],[131.3965,-15.6812],[131.3966,-15.6843],[131.4012,-15.791],[131.402,-15.8081],[131.4294,-15.8129],[131.5228,-15.8292],[131.8524,-15.7923],[131.9403,-15.7764],[132.0557,-15.8504],[132.1371,-15.9394],[132.1765,-15.9825],[132.1545,-16.0933],[132.1545,-16.2305],[132.3029,-15.9825],[132.3193,-15.8933],[132.3193,-15.7605],[132.3193,-15.4854],[132.2314,-15.21],[132.2864,-15.0297],[132.3034,-15.0245],[132.2095,-14.7749],[132.038,-14.609],[131.9813,-14.6164],[131.9073,-14.6261],[131.896,-14.5692]]]},"properties":{"NAME":"Wardaman","SUBJECTO":"Wardaman","PARTOF":"Wardaman","BORDERPRECISION":3,"LINK":null}},
{"type":"Feature","geometry":{"type":"Polygon","coordinates":[[[140.8386,-17.699],[140.7623,-17.6074],[140.7513,-17.5991],[140.7075,-17.632],[140.6899,-17.6378],[140.4363,-17.7216],[140.2497,-17.7982],[140.0602,-17.8304],[139.8183,-17.761],[139.751,-17.7237],[139.7189,-17.7058],[139.6857,-17.8062],[139.6857,-17.916],[139.7006,-17.9423],[139.7125,-17.9631],[139.812,-17.9892],[139.9988,-18.2189],[140.0419,-18.4087],[140.0867,-18.3962],[140.3833,-18.4588],[140.625,-18.5004],[140.7898,-18.2711],[140.8271,-18.1749],[140.8228,-18.1667],[140.8118,-17.9265],[140.8017,-17.7451],[140.8008,-17.7278],[140.8386,-17.699]]]},"properties":{"NAME":"Kukatj","SUBJECTO":"Kukatj","PARTOF":"Kukatj","BORDERPRECISION":3,"LINK":null}},
{"type":"Feature","geometry":{"type":"Polygon","coordinates":[[[115.986,-32.9835],[115.9854,-32.9925],[116.0495,-33.0012],[116.1722,-33.0179],[116.2692,-33.0626],[116.6309,-33.2295],[116.6778,-33.2481],[117.1582,-33.4383],[117.2103,-33.4795],[117.4191,-33.6443],[117.4252,-33.6393],[117.4878,-33.5872],[117.529,-33.5528],[117.6326,-33.4961],[117.9602,-33.3168],[118.088,-33.2798],[118.1744,-33.2548],[118.3706,-33.151],[118.4122,-33.129],[118.1525,-33.1053],[118.1085,-33.0562],[117.9575,-32.981],[117.7954,-32.7734],[117.7428,-32.6329],[117.6691,-32.5468],[117.6121,-32.4024],[117.5299,-32.3765],[117.5125,-32.3753],[117.3038,-32.3127],[117.0978,-32.2778],[116.9,-32.2221],[116.738,-32.1872],[116.6281,-32.1431],[116.5992,-32.1447],[116.5485,-32.1477],[116.2683,-32.2918],[116.1626,-32.3782],[116.1375,-32.3987],[116.098,-32.431],[116.0801,-32.6006],[116.0761,-32.6394],[115.9882,-32.9534],[115.986,-32.9835]]]},"properties":{"NAME":"Wiilman","SUBJECTO":"Wiilman","PARTOF":"Wiilman","BORDERPRECISION":3,"LINK":null}},
{"type":"Feature","geometry":{"type":"Polygon","coordinates":[[[134.6869,-12.4402],[134.6869,-12.4527],[134.7693,-12.5814],[134.8737,-12.6564],[134.9341,-12.7154],[135.0549,-12.8707],[135.0549,-13.0581],[135.0549,-13.0822],[135.0549,-13.1118],[135.0549,-13.272],[135.2197,-13.4858],[135.3059,-13.5367],[135.3438,-13.5591],[135.423,-13.6059],[135.7059,-13.7047],[135.8289,-13.7286],[135.8293,-13.678],[135.8309,-13.4848],[136.0086,-13.3318],[136.2383,-13.2296],[136.4691,-13.2228],[136.523,-13.1082],[136.5276,-12.9112],[136.6067,-12.8156],[136.6637,-12.6248],[136.8597,-12.4401],[136.7911,-12.3703],[136.6396,-12.3261],[136.4345,-12.1168],[136.3534,-12.1551],[136.2986,-12.5112],[136.0912,-12.5752],[135.9425,-12.3594],[135.649,-12.1884],[135.4445,-12.1761],[135.1918,-12.3737],[135.1285,-12.3866],[134.94,-12.3361],[134.7621,-12.0632],[134.7346,-12.0622],[134.7294,-12.0682],[134.7034,-12.0984],[134.7005,-12.1209],[134.6995,-12.1286],[134.6924,-12.1843],[134.6869,-12.3185],[134.6869,-12.4349],[134.6869,-12.4402]]]},"properties":{"NAME":"Yolngu","SUBJECTO":"Yolngu","PARTOF":"Yolngu","BORDERPRECISION":3,"LINK":null}},
{"type":"Feature","geometry":{"type":"Polygon","coordinates":[[[143.2079,-22.4281],[143.2073,-22.4311],[143.1893,-22.5227],[143.1782,-22.579],[143.1683,-22.6292],[143.0914,-22.8724],[143.0695,-23.1151],[143.1793,-23.438],[143.3331,-23.6797],[143.4091,-23.7808],[143.4382,-23.8196],[143.454,-23.8406],[143.7726,-23.7904],[144.0472,-23.7602],[144.4098,-23.7703],[144.7504,-23.8406],[144.9152,-23.9612],[145.207,-24.1777],[145.2339,-24.1218],[145.4587,-23.6555],[145.9161,-23.8637],[146.5914,-23.9407],[146.6024,-23.9418],[146.6484,-23.9464],[146.5851,-23.8306],[146.4862,-23.6898],[146.3873,-23.5791],[146.3654,-23.4884],[146.3763,-23.3574],[146.4093,-23.0545],[146.2115,-22.6394],[146.0791,-22.4821],[146.0632,-22.4632],[146.0577,-22.4567],[145.8845,-22.3881],[145.8398,-22.3704],[145.7501,-22.3348],[145.2997,-22.1314],[144.8932,-21.9685],[144.4647,-21.9685],[143.8385,-22.0093],[143.41,-22.1314],[143.3644,-22.1948],[143.2189,-22.3968],[143.2123,-22.4059],[143.2079,-22.4281]]]},"properties":{"NAME":"Iningai","SUBJECTO":"Iningai","PARTOF":"Iningai","BORDERPRECISION":3,"LINK":null}},
{"type":"Feature","geometry":{"type":"Polygon","coordinates":[[[131.992,-13.966],[132.0007,-13.9287],[132.0447,-13.7954],[132.0711,-13.7595],[132.0721,-13.7527],[132.0782,-13.7498],[132.0996,-13.7207],[132.1985,-13.6833],[132.2864,-13.6887],[132.4072,-13.6727],[132.5171,-13.614],[132.6215,-13.5766],[132.7643,-13.5606],[132.8467,-13.5499],[132.8412,-13.4965],[132.7478,-13.427],[132.6764,-13.3843],[132.561,-13.3469],[132.3907,-13.3041],[132.2644,-13.2667],[132.2095,-13.2399],[132.1996,-13.2226],[131.9183,-13.1009],[131.7645,-13.0153],[131.6876,-13.026],[131.6437,-13.1169],[131.5997,-13.2079],[131.5556,-13.2772],[131.5283,-13.3201],[131.5167,-13.4066],[131.5283,-13.403],[131.5298,-13.4096],[131.5503,-13.5018],[131.7233,-13.6727],[131.8195,-13.7821],[131.8607,-13.8274],[131.9485,-13.8887],[131.992,-13.966]]]},"properties":{"NAME":"Warray","SUBJECTO":"Warray","PARTOF":"Warray","BORDERPRECISION":3,"LINK":null}},
{"type":"Feature","geometry":{"type":"Polygon","coordinates":[[[142.8487,-12.2841],[142.9074,-12.2756],[143.0997,-12.238],[143.1026,-12.24],[143.1171,-12.2359],[143.1731,-12.1213],[143.1274,-12.0134],[142.9383,-12.0074],[142.8235,-11.9187],[142.7952,-11.7566],[142.792,-11.7382],[142.7701,-11.741],[142.6892,-11.7674],[142.6874,-11.781],[142.6849,-11.8001],[142.7124,-11.9533],[142.7103,-12.0036],[142.7399,-12.0662],[142.8113,-12.2139],[142.8487,-12.2841]]]},"properties":{"NAME":"Wuthathi","SUBJECTO":"Wuthathi","PARTOF":"Wuthathi","BORDERPRECISION":3,"LINK":null}},
{"type":"Feature","geometry":{"type":"Polygon","coordinates":[[[126.4526,-20.3715],[126.4526,-20.6328],[126.2769,-21.023],[126.0352,-21.5757],[125.8408,-21.8105],[125.9912,-21.8105],[126.1569,-21.9324],[126.2071,-21.9052],[126.2109,-21.8819],[126.6284,-21.6166],[127.0239,-21.0435],[127.3315,-20.9614],[127.6172,-20.6533],[127.7069,-20.6798],[127.7389,-20.6028],[127.738,-20.6019],[127.76,-20.4888],[127.7161,-20.4064],[127.7161,-20.1178],[127.7161,-19.8081],[127.738,-19.4562],[127.781,-19.4279],[127.7799,-19.4195],[127.7271,-19.4252],[127.3535,-19.363],[127.0569,-19.2697],[126.8485,-19.1666],[126.8256,-19.1823],[126.8042,-19.1971],[126.5076,-20.0146],[126.3647,-20.2828],[126.3445,-20.3414],[126.4526,-20.3652],[126.4526,-20.3715]]]},"properties":{"NAME":"Kukatja","SUBJECTO":"Kukatja","PARTOF":"Kukatja","BORDERPRECISION":3,"LINK":null}},
{"type":"Feature","geometry":{"type":"Polygon","coordinates":[[[139.335,-17.8749],[139.3396,-17.8742],[139.3594,-17.9226],[139.4934,-17.9056],[139.6691,-17.9517],[139.7006,-17.9423],[139.6857,-17.916],[139.6857,-17.8062],[139.7189,-17.7058],[139.5102,-17.5898],[139.4659,-17.644],[139.3781,-17.7801],[139.335,-17.8749]]]},"properties":{"NAME":"Mingin","SUBJECTO":"Mingin","PARTOF":"Mingin","BORDERPRECISION":3,"LINK":null}},
{"type":"Feature","geometry":{"type":"MultiPolygon","coordinates":[[[[142.3761,-31.4114],[142.3843,-31.41],[142.3842,-31.4099],[142.3673,-31.3889],[142.3755,-31.4099],[142.3761,-31.4114]]],[[[141.0416,-31.3495],[140.8887,-31.4474],[140.4272,-31.7282],[140.1506,-31.9769],[140.1636,-32.0733],[140.0607,-32.0733],[140.0317,-32.2778],[140.0098,-32.5376],[139.9208,-32.769],[139.9219,-32.7688],[141.2183,-32.38],[141.8445,-32.0546],[142.0093,-31.8776],[142.2839,-31.6347],[142.326,-31.4287],[141.8005,-31.4287],[141.5918,-31.4099],[141.1194,-31.4005],[141.0416,-31.3495]]]]},"properties":{"NAME":"Wiljali","SUBJECTO":"Wiljali","PARTOF":"Wiljali","BORDERPRECISION":3,"LINK":null}},
{"type":"Feature","geometry":{"type":"Polygon","coordinates":[[[116.6087,-23.0043],[116.5874,-23.0434],[116.6693,-23.0898],[116.8561,-23.206],[117.0978,-23.3069],[117.188,-23.332],[117.2021,-23.206],[117.1307,-23.1151],[117.0483,-23.0191],[117.0099,-22.9533],[116.9824,-22.9331],[116.9824,-22.8825],[116.9824,-22.8741],[116.9604,-22.8673],[116.8781,-22.7873],[116.8614,-22.7712],[116.8396,-22.7812],[116.7407,-22.9078],[116.6528,-22.923],[116.6087,-23.0043]]]},"properties":{"NAME":"Jurruru","SUBJECTO":"Jurruru","PARTOF":"Jurruru","BORDERPRECISION":3,"LINK":null}},
{"type":"Feature","geometry":{"type":"Polygon","coordinates":[[[141.7028,-34.6088],[141.7566,-34.588],[142.1082,-34.6694],[142.4158,-34.7145],[142.8003,-34.8048],[142.9641,-34.8415],[142.9641,-34.8414],[142.9651,-34.8318],[142.9651,-34.756],[142.9651,-34.6928],[142.9651,-34.6694],[142.9215,-34.6335],[142.9156,-34.6358],[142.8992,-34.6422],[142.7344,-34.6965],[142.6794,-34.7145],[142.4927,-34.7145],[142.3169,-34.6061],[142.262,-34.3978],[142.1411,-34.2345],[141.9445,-34.1939],[141.8115,-34.4522],[141.7028,-34.6088]]]},"properties":{"NAME":"Latje Latje","SUBJECTO":"Latje Latje","PARTOF":"Latje Latje","BORDERPRECISION":3,"LINK":null}},
{"type":"Feature","geometry":{"type":"Polygon","coordinates":[[[150.3297,-34.935],[150.4303,-34.7777],[150.5676,-34.5473],[150.6116,-34.4386],[150.7874,-34.1755],[150.7522,-34.1573],[150.7434,-34.1527],[150.7241,-34.1542],[150.6852,-34.1573],[150.5679,-34.1664],[150.4523,-34.1755],[149.9799,-34.2118],[149.6008,-34.2845],[149.3427,-34.2799],[149.1119,-34.2754],[149.0397,-34.263],[148.8733,-34.2888],[148.7549,-34.3071],[148.5307,-34.3356],[148.4692,-34.3434],[148.4001,-34.3815],[148.5571,-34.5382],[148.7878,-34.719],[149.0572,-34.876],[149.0887,-34.8943],[149.1284,-34.9175],[149.1422,-34.9268],[149.3818,-35.0887],[149.4745,-35.1514],[149.619,-35.2312],[149.6448,-35.2165],[149.6504,-35.2131],[149.8453,-35.0952],[150.0073,-35.003],[150.0787,-34.958],[150.2251,-34.9229],[150.2573,-34.9152],[150.3297,-34.935]]]},"properties":{"NAME":"Gundungurra","SUBJECTO":"Gundungurra","PARTOF":"Gundungurra","BORDERPRECISION":3,"LINK":null}},
{"type":"Feature","geometry":{"type":"Polygon","coordinates":[[[148.3862,-37.3676],[148.4528,-37.4094],[148.7,-37.4749],[148.9581,-37.4792],[149.2548,-37.6186],[149.3152,-37.736],[149.3107,-37.8141],[149.4305,-37.8054],[149.6722,-37.7577],[149.8041,-37.6708],[149.8491,-37.6433],[149.8571,-37.6344],[149.9848,-37.3469],[149.9763,-37.0803],[149.9525,-37.0753],[149.9277,-37.1034],[149.8233,-37.1012],[149.5006,-37.0379],[149.3372,-37.0727],[149.0295,-37.0815],[148.5352,-37.2566],[148.3862,-37.3676]]]},"properties":{"NAME":"Bidwell","SUBJECTO":"Bidwell","PARTOF":"Bidwell","BORDERPRECISION":3,"LINK":null}},
{"type":"Feature","geometry":{"type":"Polygon","coordinates":[[[138.3728,-24.7069],[138.0762,-24.7069],[137.7795,-24.7269],[137.45,-24.7468],[137.1423,-24.8266],[136.8567,-24.8466],[136.615,-24.9163],[136.3074,-25.0557],[136.2707,-25.0594],[136.2744,-25.0856],[136.2744,-25.6415],[136.2744,-26.1357],[136.1865,-26.726],[136.1865,-27.2016],[136.1865,-27.2156],[136.1388,-27.2398],[136.2524,-27.2937],[136.582,-27.401],[136.7249,-27.5375],[136.8018,-27.7127],[136.8161,-27.7334],[136.8896,-27.8391],[136.9006,-27.8375],[137.428,-27.7613],[137.7246,-27.7905],[138.0762,-27.7322],[138.1539,-27.6565],[138.2127,-27.5991],[138.2959,-27.518],[138.4167,-27.4303],[138.4065,-27.3917],[138.4021,-27.375],[138.3728,-27.2644],[138.3069,-26.9808],[138.23,-26.7554],[138.1641,-26.5689],[138.1556,-26.463],[138.1531,-26.4312],[138.1348,-26.4001],[138.0432,-26.2442],[138.0322,-26.0568],[138.186,-26.0173],[138.4497,-26.0074],[138.6365,-25.9975],[138.8277,-25.9704],[138.8452,-25.9679],[138.8138,-25.9089],[138.7244,-25.7405],[138.5925,-25.5226],[138.4717,-25.2447],[138.4277,-24.9363],[138.4058,-24.8466],[138.3838,-24.7069],[138.3728,-24.7069]]]},"properties":{"NAME":"Wangkangurru","SUBJECTO":"Wangkangurru","PARTOF":"Wangkangurru","BORDERPRECISION":3,"LINK":null}},
{"type":"Feature","geometry":{"type":"Polygon","coordinates":[[[114.7066,-23.2872],[114.7402,-23.3379],[114.7852,-23.3523],[114.9225,-23.3977],[115.0543,-23.4229],[115.274,-23.569],[115.4388,-23.6697],[115.719,-23.72],[115.8016,-23.7536],[115.8234,-23.6999],[115.8014,-23.5791],[115.752,-23.4179],[115.697,-23.2514],[115.7328,-22.9269],[115.7355,-22.9027],[115.776,-22.9214],[115.7684,-22.8724],[115.7267,-22.8531],[115.7147,-22.8476],[115.5981,-22.8724],[115.5048,-22.8623],[115.3455,-22.8572],[115.0928,-22.8369],[114.8621,-22.8369],[114.8077,-22.825],[114.796,-22.8274],[114.7742,-22.928],[114.7302,-23.0545],[114.7083,-23.201],[114.7066,-23.2872]]]},"properties":{"NAME":"Purduna","SUBJECTO":"Purduna","PARTOF":"Purduna","BORDERPRECISION":3,"LINK":null}},
{"type":"Feature","geometry":{"type":"Polygon","coordinates":[[[145.3981,-18.1185],[145.437,-18.1354],[145.5579,-18.1432],[145.7172,-18.0597],[145.838,-18.0284],[145.9671,-18.0075],[145.9844,-18.0058],[145.9963,-17.9562],[146.0187,-17.8622],[145.9942,-17.5126],[145.9765,-17.4675],[145.9614,-17.429],[145.9451,-17.4266],[145.8215,-17.3821],[145.7227,-17.3349],[145.643,-17.2851],[145.5482,-17.2423],[145.5441,-17.2405],[145.5323,-17.228],[145.4919,-17.1854],[145.4315,-17.1828],[145.3358,-17.2622],[145.3612,-17.3109],[145.3821,-17.3506],[145.3097,-17.3589],[145.2903,-17.4216],[145.2887,-17.4266],[145.2557,-17.5026],[145.22,-17.5472],[145.2161,-17.5608],[145.2109,-17.5789],[145.2832,-17.6754],[145.3381,-17.8533],[145.3601,-18.0101],[145.3947,-18.117],[145.3981,-18.1185]]]},"properties":{"NAME":"Djirbalngan","SUBJECTO":"Djirbalngan","PARTOF":"Djirbalngan","BORDERPRECISION":3,"LINK":null}},
{"type":"Feature","geometry":{"type":"Polygon","coordinates":[[[141.7025,-15.3332],[141.6504,-15.3228],[141.6418,-15.3363],[141.5176,-15.5323],[141.4015,-15.8567],[141.4004,-15.864],[141.6083,-15.8715],[141.6592,-15.8715],[141.6907,-15.5384],[141.7014,-15.3426],[141.7017,-15.3372],[141.7025,-15.3332]]]},"properties":{"NAME":"Koko-bera","SUBJECTO":"Koko-bera","PARTOF":"Koko-bera","BORDERPRECISION":3,"LINK":null}},
{"type":"Feature","geometry":{"type":"Polygon","coordinates":[[[147.2598,-22.5111],[147.2374,-22.4896],[147.1399,-22.3958],[146.9861,-22.345],[146.7781,-22.3302],[146.7719,-22.3298],[146.7153,-22.3308],[146.5027,-22.3348],[146.2885,-22.3856],[146.0632,-22.4364],[146.0632,-22.4632],[146.0791,-22.4821],[146.2115,-22.6394],[146.4093,-23.0545],[146.3763,-23.3574],[146.3654,-23.4884],[146.3873,-23.5791],[146.4862,-23.6898],[146.5851,-23.8306],[146.6484,-23.9464],[146.854,-23.967],[147.0662,-23.9804],[147.2149,-23.99],[147.1948,-23.9511],[147.1619,-23.7803],[147.1289,-23.559],[147.1289,-23.3473],[147.1597,-23.3357],[147.1589,-23.3271],[147.1564,-23.3019],[147.1619,-22.9887],[147.2168,-22.7053],[147.2772,-22.5278],[147.2598,-22.5111]]]},"properties":{"NAME":"Yagalingu","SUBJECTO":"Yagalingu","PARTOF":"Yagalingu","BORDERPRECISION":3,"LINK":null}},
{"type":"Feature","geometry":{"type":"Polygon","coordinates":[[[139.4096,-35.1938],[139.3835,-35.2187],[139.4824,-35.2905],[139.5703,-35.4696],[139.6582,-35.7198],[139.7681,-35.9869],[139.845,-36.1734],[139.9988,-36.324],[140.0875,-36.3293],[140.1261,-36.3316],[140.2954,-36.3417],[140.5151,-36.3417],[140.8008,-36.3417],[140.9985,-36.3137],[140.9985,-36.255],[140.9985,-36.2531],[140.9985,-35.9602],[141.1414,-35.5322],[141.2842,-35.2097],[141.394,-34.8589],[141.4147,-34.8165],[141.3281,-34.7777],[141.2512,-34.6422],[141.1084,-34.597],[140.9326,-34.6151],[140.6799,-34.6874],[140.4163,-34.6874],[140.1746,-34.6874],[139.823,-34.6694],[139.7241,-34.904],[139.5374,-35.2187],[139.5358,-35.2184],[139.4096,-35.1938]]]},"properties":{"NAME":"Ngargad","SUBJECTO":"Ngargad","PARTOF":"Ngargad","BORDERPRECISION":3,"LINK":null}},
{"type":"Feature","geometry":{"type":"Polygon","coordinates":[[[150.1253,-22.4238],[149.9448,-22.3236],[150.0081,-22.6732],[150.0173,-22.7304],[149.6702,-22.5722],[149.5568,-22.4326],[149.5062,-22.2546],[149.4114,-21.9178],[149.2939,-21.582],[149.2794,-21.5408],[149.1833,-21.5706],[149.1362,-21.5954],[149.1623,-21.6271],[149.2712,-21.7595],[149.3591,-21.943],[149.3591,-22.106],[149.3701,-22.3501],[149.2986,-22.3721],[149.3427,-22.4618],[149.3976,-22.685],[149.5844,-22.8521],[149.7986,-22.8724],[149.9963,-22.8623],[150.1886,-22.7863],[150.1996,-22.5937],[150.1253,-22.4238]]]},"properties":{"NAME":"Guwinmal","SUBJECTO":"Guwinmal","PARTOF":"Guwinmal","BORDERPRECISION":3,"LINK":null}},
{"type":"Feature","geometry":{"type":"Polygon","coordinates":[[[151.2596,-34.0098],[151.2635,-33.9914],[151.2241,-33.9661],[151.0922,-33.9342],[150.9254,-33.9362],[150.9186,-33.948],[150.9027,-33.9753],[150.8148,-34.1573],[150.7522,-34.1573],[150.7874,-34.1755],[150.6116,-34.4386],[150.5676,-34.5473],[150.4303,-34.7777],[150.3297,-34.935],[150.3561,-34.9422],[150.433,-34.976],[150.6995,-35.0795],[150.7956,-35.0862],[150.816,-35.1063],[150.8176,-35.1064],[150.8192,-35.1051],[150.8557,-35.0108],[150.8538,-34.9195],[150.845,-34.8972],[150.853,-34.8786],[150.8497,-34.7181],[150.957,-34.5615],[150.9686,-34.4703],[150.9796,-34.4024],[150.9961,-34.3457],[151.051,-34.2776],[151.0895,-34.2254],[151.1664,-34.1505],[151.2405,-34.0709],[151.2492,-34.0578],[151.2596,-34.0098]]]},"properties":{"NAME":"Tharawal","SUBJECTO":"Tharawal","PARTOF":"Tharawal","BORDERPRECISION":3,"LINK":null}},
{"type":"Feature","geometry":{"type":"Polygon","coordinates":[[[126.2071,-21.9052],[126.1976,-21.9623],[126.3098,-22.0449],[126.5625,-22.3501],[126.7273,-22.6343],[126.925,-23.009],[127.0459,-23.3019],[127.4304,-23.6546],[127.8259,-23.916],[127.8948,-23.9863],[127.9657,-24.0587],[128.1445,-24.1267],[128.4961,-24.267],[128.866,-24.3954],[128.9575,-24.4271],[129.0743,-24.4459],[129.3311,-24.4871],[129.7266,-24.627],[130.2319,-24.7668],[130.4956,-24.8665],[130.5762,-24.7933],[130.6011,-24.7708],[130.6714,-24.7069],[130.9131,-24.3871],[130.979,-24.1066],[131.0889,-23.7652],[131.1877,-23.4632],[131.2646,-23.1505],[131.2941,-22.9745],[131.2983,-22.9492],[131.3086,-22.8876],[131.3196,-22.7559],[131.1328,-22.7559],[130.8582,-22.6242],[130.6824,-22.3399],[130.6714,-22.0755],[130.8252,-21.9227],[130.8691,-21.637],[130.7373,-21.3201],[130.4407,-21.1357],[130.3201,-21.1217],[130.2534,-21.1139],[130.0891,-21.0947],[129.7925,-20.9614],[129.6668,-20.9539],[129.5865,-20.949],[129.4519,-20.9409],[129.1443,-21.064],[128.7158,-20.9101],[128.4192,-20.8896],[127.8738,-20.7289],[127.7069,-20.6798],[127.6172,-20.6533],[127.3315,-20.9614],[127.0239,-21.0435],[126.6284,-21.6166],[126.2109,-21.8819],[126.2071,-21.9052]]]},"properties":{"NAME":"Pintupi","SUBJECTO":"Pintupi","PARTOF":"Pintupi","BORDERPRECISION":3,"LINK":null}},
{"type":"Feature","geometry":{"type":"Polygon","coordinates":[[[127.2437,-14.438],[127.2437,-14.275],[127.3424,-14.0915],[127.1665,-14.0628],[126.8534,-13.7838],[126.7647,-14.0001],[126.6651,-14.102],[126.6398,-14.1546],[126.6166,-14.203],[126.6394,-14.2378],[126.6888,-14.3495],[126.7477,-14.3808],[126.749,-14.3815],[126.991,-14.3815],[127.2437,-14.438]]]},"properties":{"NAME":"Miwa","SUBJECTO":"Miwa","PARTOF":"Miwa","BORDERPRECISION":3,"LINK":null}},
{"type":"Feature","geometry":{"type":"Polygon","coordinates":[[[117.4487,-22.7703],[117.4274,-22.8167],[117.4933,-22.9129],[117.6306,-22.9938],[117.9163,-23.1606],[118.2019,-23.3423],[118.4161,-23.4582],[118.5602,-23.5265],[118.5754,-23.5338],[118.6523,-23.5338],[118.7952,-23.5388],[118.8455,-23.5403],[119.1412,-23.5489],[119.4708,-23.5388],[119.6191,-23.5287],[119.6268,-23.5287],[119.6191,-23.5136],[119.6191,-23.4582],[119.6191,-23.4028],[119.6414,-23.3992],[119.6136,-23.3826],[119.5972,-23.2615],[119.5313,-23.1454],[119.4653,-22.9938],[119.3555,-22.7053],[119.2401,-22.5836],[119.1193,-22.5075],[119.0094,-22.4364],[118.9545,-22.3958],[118.9337,-22.3404],[118.9235,-22.3358],[118.9105,-22.3298],[118.5864,-22.223],[118.2019,-22.0805],[118.0151,-22.0398],[117.8943,-22.0398],[117.8429,-22.0729],[117.8229,-22.0859],[117.7679,-22.1213],[117.7075,-22.2738],[117.5977,-22.4466],[117.5427,-22.6089],[117.4878,-22.685],[117.4614,-22.7426],[117.4487,-22.7703]]]},"properties":{"NAME":"Banjima","SUBJECTO":"Banjima","PARTOF":"Banjima","BORDERPRECISION":3,"LINK":null}},
{"type":"Feature","geometry":{"type":"Polygon","coordinates":[[[130.2672,-13.6338],[130.2676,-13.6326],[130.3033,-13.5499],[130.3226,-13.4698],[130.3277,-13.4598],[130.3336,-13.4484],[130.3198,-13.435],[130.3039,-13.4299],[130.2928,-13.4263],[130.2814,-13.435],[130.2237,-13.4617],[130.2181,-13.4625],[130.206,-13.4842],[130.1909,-13.4978],[130.2072,-13.5232],[130.2127,-13.6033],[130.2672,-13.6338]]]},"properties":{"NAME":"Kuwema","SUBJECTO":"Kuwema","PARTOF":"Kuwema","BORDERPRECISION":3,"LINK":null}},
{"type":"Feature","geometry":{"type":"Polygon","coordinates":[[[130.249,-17.1522],[130.144,-17.0673],[129.8694,-17.0253],[129.6497,-16.8992],[129.397,-16.8781],[129.2542,-16.794],[129.2542,-16.6257],[129.2149,-16.6257],[129.1113,-16.6257],[128.9026,-16.6467],[128.8037,-16.6993],[128.8257,-16.8151],[128.8586,-16.9832],[128.8916,-17.1723],[128.9465,-17.3926],[129.0234,-17.6231],[129.0536,-17.8341],[129.1992,-17.9265],[129.2761,-18.2189],[129.2651,-18.3232],[129.5068,-18.3232],[129.8914,-18.3128],[130.4187,-18.2294],[130.7593,-18.1876],[130.946,-18.1041],[130.9736,-18.1232],[131.1053,-18.0623],[131.4899,-17.9787],[131.5056,-17.9715],[131.4857,-17.9646],[131.4075,-17.9474],[131.2097,-17.9369],[130.99,-17.9056],[130.9855,-17.8754],[130.979,-17.8742],[130.957,-17.7278],[130.957,-17.4764],[130.9399,-17.3945],[130.9351,-17.3716],[130.7263,-17.3821],[130.4846,-17.3192],[130.2869,-17.2877],[130.2869,-17.1828],[130.282,-17.1788],[130.249,-17.1522]]]},"properties":{"NAME":"Gurindji","SUBJECTO":"Gurindji","PARTOF":"Gurindji","BORDERPRECISION":3,"LINK":null}},
{"type":"Feature","geometry":{"type":"Polygon","coordinates":[[[141.9066,-14.9182],[141.9473,-14.9182],[142.1521,-14.8705],[142.5366,-14.8174],[143.2178,-14.8067],[143.3979,-14.8276],[143.4045,-14.8284],[143.4045,-14.8262],[143.421,-14.8227],[143.454,-14.7271],[143.4595,-14.456],[143.4394,-14.3441],[143.4375,-14.3336],[143.435,-14.3189],[143.421,-14.2378],[143.36,-14.1153],[143.3541,-14.1035],[143.3441,-14.0833],[143.2952,-14.0898],[143.1848,-14.1046],[142.9541,-14.1845],[142.9527,-14.1849],[142.9596,-14.2431],[142.9116,-14.2769],[142.8992,-14.2857],[142.8387,-14.3176],[142.6465,-14.3549],[142.5311,-14.4187],[142.3938,-14.4719],[142.1796,-14.4719],[142.0556,-14.4901],[141.999,-14.4984],[142.0093,-14.6421],[141.9763,-14.7961],[141.8994,-14.9182],[141.9066,-14.9182]]]},"properties":{"NAME":"Bakanh","SUBJECTO":"Bakanh","PARTOF":"Bakanh","BORDERPRECISION":3,"LINK":null}},
{"type":"Feature","geometry":{"type":"Polygon","coordinates":[[[143.0319,-18.7328],[143.1299,-18.6931],[143.3936,-18.5942],[143.4866,-18.5316],[143.4814,-18.5004],[143.4805,-18.4941],[143.4595,-18.3545],[143.4485,-18.2189],[143.4485,-17.9892],[143.4045,-17.7382],[143.3826,-17.6021],[143.2617,-17.4764],[143.1299,-17.4198],[143.1299,-17.6021],[142.9541,-17.7696],[142.5873,-18.0365],[142.6849,-18.1824],[142.8442,-18.4275],[142.9991,-18.6457],[143.0365,-18.6983],[143.0319,-18.7328]]]},"properties":{"NAME":"Takalak","SUBJECTO":"Takalak","PARTOF":"Takalak","BORDERPRECISION":3,"LINK":null}},
{"type":"Feature","geometry":{"type":"Polygon","coordinates":[[[132.3035,-23.0134],[132.5391,-22.7964],[132.627,-22.7762],[133.1918,-22.9111],[133.4399,-22.8977],[133.9592,-22.8879],[133.9453,-22.8369],[133.9893,-22.3704],[134.0165,-22.3545],[133.6816,-22.2077],[133.0225,-22.1264],[132.9244,-21.9264],[132.9016,-21.9634],[132.7258,-21.9634],[132.4622,-21.9634],[132.0667,-22.0042],[131.8799,-22.2891],[131.8799,-22.5531],[132.0337,-22.7458],[132.1962,-22.9786],[132.2864,-22.9786],[132.3035,-23.0134]]]},"properties":{"NAME":"Anmatyerre","SUBJECTO":"Anmatyerre","PARTOF":"Anmatyerre","BORDERPRECISION":3,"LINK":null}},
{"type":"Feature","geometry":{"type":"Polygon","coordinates":[[[130.2001,-13.8878],[130.1413,-13.8647],[130.118,-13.8207],[130.1042,-13.7767],[130.1097,-13.7127],[130.1303,-13.662],[130.1138,-13.6193],[130.0611,-13.6059],[129.8614,-13.7151],[129.8523,-13.7201],[129.7663,-13.8156],[129.7637,-13.9903],[129.7635,-14.0071],[129.8694,-13.9834],[129.8969,-13.9927],[129.8735,-14.05],[129.8828,-14.0893],[129.8845,-14.0966],[129.8886,-14.0972],[129.9243,-14.1019],[129.9889,-14.1099],[130.0373,-14.0945],[130.0459,-14.0918],[130.0768,-14.082],[130.1591,-14.054],[130.1786,-14.0373],[130.1904,-14.0271],[130.2072,-14.0127],[130.2125,-13.992],[130.2162,-13.9777],[130.2278,-13.9327],[130.2264,-13.8981],[130.225,-13.8975],[130.2001,-13.8878]]]},"properties":{"NAME":"Marrithiyel","SUBJECTO":"Marrithiyel","PARTOF":"Marrithiyel","BORDERPRECISION":3,"LINK":null}},
{"type":"Feature","geometry":{"type":"Polygon","coordinates":[[[130.3644,-13.3884],[130.3336,-13.4484],[130.3277,-13.4598],[130.3226,-13.4698],[130.3033,-13.5499],[130.2676,-13.6326],[130.2672,-13.6338],[130.2669,-13.6347],[130.2374,-13.7127],[130.2347,-13.8221],[130.2237,-13.8807],[130.2276,-13.8823],[130.2403,-13.8873],[130.3014,-13.9114],[130.3033,-13.8914],[130.3108,-13.8911],[130.4187,-13.8861],[130.589,-13.8541],[130.7263,-13.8007],[130.8696,-13.8007],[130.9076,-13.7794],[131.0312,-13.7741],[131.1548,-13.7661],[131.3113,-13.7154],[131.3373,-13.6443],[131.3306,-13.6246],[131.2866,-13.5712],[131.2097,-13.5552],[130.7483,-13.4911],[130.4764,-13.4217],[130.4024,-13.3921],[130.3854,-13.3854],[130.3644,-13.3884]]]},"properties":{"NAME":"Malak malak","SUBJECTO":"Malak malak","PARTOF":"Malak malak","BORDERPRECISION":3,"LINK":null}},
{"type":"Feature","geometry":{"type":"Polygon","coordinates":[[[146.5046,-26.9593],[146.6266,-26.9001],[146.6836,-26.8807],[146.7786,-26.8493],[146.8519,-26.8202],[146.9062,-26.7887],[146.9335,-26.7766],[147.2375,-26.7839],[147.5171,-26.7863],[147.8543,-26.7693],[148.011,-26.7829],[148.0458,-26.7795],[148.0998,-26.7605],[148.1364,-26.7433],[148.1557,-26.6968],[148.1692,-26.6433],[148.1808,-26.5864],[148.1808,-26.5606],[148.1982,-26.5365],[148.2194,-26.5227],[148.3115,-26.3312],[148.3699,-26.2099],[148.3332,-26.1372],[148.3327,-26.1047],[148.332,-26.0692],[148.3317,-26.0502],[148.3313,-26.0263],[148.368,-25.9586],[148.4201,-25.9222],[148.503,-25.8996],[148.5424,-25.8888],[148.5596,-25.8838],[148.6201,-25.8616],[148.6376,-25.8551],[148.6641,-25.8535],[148.7098,-25.8585],[148.7586,-25.8623],[148.8326,-25.874],[148.9011,-25.8873],[148.9361,-25.8976],[148.9395,-25.8983],[148.9412,-25.8973],[148.9429,-25.8949],[148.9486,-25.8709],[148.958,-25.8311],[148.9565,-25.8084],[148.9522,-25.77],[148.9449,-25.7542],[148.9254,-25.7367],[148.9113,-25.6948],[148.891,-25.6375],[148.87,-25.5817],[148.8513,-25.5312],[148.828,-25.5006],[148.8186,-25.4796],[148.8247,-25.4621],[148.8393,-25.4388],[148.8612,-25.409],[148.8569,-25.3721],[148.8655,-25.2983],[148.8594,-25.2502],[148.8569,-25.2302],[148.8559,-25.2036],[148.8547,-25.1718],[148.8483,-25.127],[148.8354,-25.0822],[148.8289,-25.0296],[148.8354,-24.9907],[148.859,-24.9107],[148.862,-24.8795],[148.8373,-24.8389],[148.825,-24.7871],[148.8234,-24.7213],[148.8111,-24.675],[148.7849,-24.6358],[148.7745,-24.5895],[148.742,-24.5255],[148.6988,-24.4837],[148.669,-24.4763],[148.6195,-24.4619],[148.5913,-24.4414],[148.5592,-24.4188],[148.542,-24.4068],[148.4993,-24.3844],[148.481,-24.3749],[148.3982,-24.2867],[148.3139,-24.218],[148.2813,-24.1704],[148.2131,-24.1196],[148.1432,-24.0967],[148.1019,-24.0787],[148.0356,-24.0459],[147.9845,-24.0272],[147.8455,-24.0339],[147.5967,-24.0205],[147.4284,-24.0038],[147.235,-23.9913],[147.2149,-23.99],[147.0662,-23.9804],[146.854,-23.967],[146.6484,-23.9464],[146.6024,-23.9418],[146.5914,-23.9407],[145.9161,-23.8637],[145.4587,-23.6555],[145.2339,-24.1218],[145.207,-24.1777],[145.1253,-24.3473],[145.1204,-24.4115],[145.1083,-24.4668],[145.0864,-24.5154],[145.0791,-24.6435],[145.0597,-24.7715],[145.0547,-24.7987],[145.0427,-24.8641],[145.0421,-24.8647],[144.8751,-25.049],[144.8265,-25.1832],[144.7269,-25.5957],[144.7027,-25.6921],[144.6735,-25.7774],[144.6322,-25.8408],[144.6063,-25.9114],[144.6126,-25.9349],[144.6154,-25.9538],[144.6267,-25.9735],[144.6425,-25.9858],[144.7017,-26.0083],[144.7313,-26.0144],[144.7496,-26.0554],[144.7792,-26.0983],[144.8156,-26.1465],[144.8793,-26.1997],[144.9249,-26.2037],[144.9955,-26.1976],[145.041,-26.1813],[145.0479,-26.1547],[145.0519,-26.1223],[145.0742,-26.0943],[145.1031,-26.0843],[145.2055,-26.1043],[145.3258,-26.1423],[145.4037,-26.1982],[145.466,-26.2641],[145.5016,-26.328],[145.522,-26.3681],[145.535,-26.3938],[145.5751,-26.4656],[145.5907,-26.5612],[145.5773,-26.609],[145.5454,-26.6391],[145.5507,-26.6597],[145.5649,-26.7136],[145.5991,-26.8315],[145.6014,-26.9443],[145.6014,-27.0127],[145.5675,-27.0731],[145.5698,-27.1133],[145.5961,-27.1202],[145.739,-27.1216],[145.8774,-27.1041],[145.9604,-27.0871],[146.058,-27.0684],[146.2276,-27.0404],[146.4719,-26.9751],[146.5046,-26.9593]]]},"properties":{"NAME":"Bidjara","SUBJECTO":"Bidjara","PARTOF":"Bidjara","BORDERPRECISION":3,"LINK":null}},
{"type":"Feature","geometry":{"type":"Polygon","coordinates":[[[134.6078,-12.0576],[134.5963,-12.0572],[134.5963,-12.0904],[134.6045,-12.1065],[134.6047,-12.1067],[134.6046,-12.1077],[134.6054,-12.1077],[134.6924,-12.1145],[134.7005,-12.1209],[134.7034,-12.0984],[134.7294,-12.0682],[134.7327,-12.0621],[134.6078,-12.0576]]]},"properties":{"NAME":"Burarra","SUBJECTO":"Burarra","PARTOF":"Burarra","BORDERPRECISION":3,"LINK":null}},
{"type":"Feature","geometry":{"type":"MultiPolygon","coordinates":[[[[125.3372,-17.6495],[125.4803,-17.6702],[125.6616,-17.5655],[125.7825,-17.4502],[125.7937,-17.4169],[125.7916,-17.4135],[125.7275,-17.3087],[125.6836,-17.2143],[125.6664,-17.0832],[125.6177,-17.1198],[125.4968,-17.0148],[125.0574,-16.7414],[124.8332,-16.5267],[124.7163,-16.4964],[124.5659,-16.5095],[124.4349,-16.5155],[124.3964,-16.5173],[124.4147,-16.5678],[124.4476,-16.6467],[124.4476,-16.773],[124.4476,-16.8395],[124.4476,-16.8887],[124.4476,-17.0673],[124.4586,-17.3454],[124.4586,-17.4092],[124.4899,-17.4124],[124.552,-17.4188],[124.7003,-17.4188],[124.8871,-17.4031],[125.0464,-17.3978],[125.2057,-17.445],[125.2771,-17.5393],[125.3346,-17.6448],[125.3372,-17.6495]]],[[[124.6125,-16.3779],[124.8165,-16.5106],[124.8047,-16.4993],[124.7941,-16.3728],[124.7917,-16.3438],[124.7552,-16.3307],[124.5596,-16.3435],[124.6125,-16.3779]]]]},"properties":{"NAME":"Unggumi","SUBJECTO":"Unggumi","PARTOF":"Unggumi","BORDERPRECISION":3,"LINK":null}},
{"type":"Feature","geometry":{"type":"Polygon","coordinates":[[[122.3169,-28.6968],[122.5415,-28.652],[122.6313,-28.6958],[122.6294,-28.6617],[122.8271,-28.5363],[123.0139,-28.4107],[123.2776,-28.285],[123.8818,-27.8779],[124.1675,-27.6251],[124.3678,-27.5186],[124.3571,-27.4645],[124.1675,-27.3523],[123.728,-27.1569],[123.1567,-26.7848],[123.0584,-26.675],[122.956,-26.5606],[122.8162,-26.775],[122.4976,-27.2937],[122.1021,-27.557],[121.9373,-27.6933],[121.6939,-27.8563],[121.756,-27.9071],[121.7638,-27.9193],[121.8054,-27.9847],[121.8713,-28.0526],[121.9592,-28.1592],[122.0581,-28.2947],[122.135,-28.4107],[122.2668,-28.5845],[122.3169,-28.6968]]]},"properties":{"NAME":"Tjalkanti","SUBJECTO":"Tjalkanti","PARTOF":"Tjalkanti","BORDERPRECISION":3,"LINK":null}},
{"type":"Feature","geometry":{"type":"Polygon","coordinates":[[[122.1289,-17.3528],[122.1012,-17.3819],[122.0938,-17.4135],[122.1103,-17.5288],[122.1213,-17.6388],[122.1515,-17.7278],[122.1824,-17.7719],[122.1899,-17.7827],[122.3685,-17.767],[122.5525,-17.7696],[122.6816,-17.7644],[122.7076,-17.7561],[122.72,-17.7199],[122.7239,-17.7156],[122.753,-17.6833],[122.8024,-17.6676],[122.8165,-17.6657],[122.8107,-17.6178],[122.7997,-17.4083],[122.8011,-17.3691],[122.8031,-17.3166],[122.7585,-17.3166],[122.5964,-17.3166],[122.3959,-17.3192],[122.1954,-17.3192],[122.1608,-17.3192],[122.1289,-17.3528]]]},"properties":{"NAME":"Ngumbarl","SUBJECTO":"Ngumbarl","PARTOF":"Ngumbarl","BORDERPRECISION":3,"LINK":null}},
{"type":"Feature","geometry":{"type":"Polygon","coordinates":[[[114.643,-26.4673],[114.6423,-26.4657],[114.6772,-26.4379],[114.6313,-26.3968],[114.527,-26.4017],[114.2413,-26.5148],[114.0161,-26.5885],[113.8458,-26.7505],[113.7338,-26.8005],[113.703,-26.8143],[113.736,-26.9759],[113.8348,-27.1227],[113.9392,-27.279],[114.0381,-27.6397],[114.0381,-27.7613],[114.0875,-27.975],[114.2798,-28.3286],[114.3376,-28.4854],[114.4522,-28.6488],[114.5966,-28.7195],[114.7028,-28.7195],[114.9554,-28.6327],[115.2301,-28.57],[115.2981,-28.5377],[115.2733,-28.509],[115.2026,-28.4735],[115.0488,-28.2463],[114.906,-27.9507],[114.917,-27.6105],[114.8676,-27.1618],[114.7961,-26.9221],[114.7028,-26.618],[114.643,-26.4673]]]},"properties":{"NAME":"Nhanta","SUBJECTO":"Nhanta","PARTOF":"Nhanta","BORDERPRECISION":3,"LINK":null}},
{"type":"Feature","geometry":{"type":"Polygon","coordinates":[[[151.2008,-33.3852],[151.2433,-33.3948],[151.3806,-33.2617],[151.4064,-33.2055],[151.4266,-33.1616],[151.463,-33.0823],[151.4685,-32.898],[151.4476,-32.8935],[151.4244,-32.9006],[151.4026,-32.9073],[151.1169,-32.9073],[150.8148,-32.8842],[150.6116,-32.8796],[150.2985,-32.8334],[150.0957,-32.8161],[150.0513,-32.9902],[150.0084,-33.1871],[150.1337,-33.2111],[150.5731,-33.2433],[150.9302,-33.28],[151.1003,-33.3015],[151.2213,-33.3168],[151.2008,-33.3852]]]},"properties":{"NAME":"Darkinung","SUBJECTO":"Darkinung","PARTOF":"Darkinung","BORDERPRECISION":3,"LINK":null}},
{"type":"Feature","geometry":{"type":"Polygon","coordinates":[[[142.3194,-28.5274],[142.4048,-28.5942],[142.663,-28.6713],[142.9541,-28.7291],[143.0175,-28.7357],[143.064,-28.7388],[143.3221,-28.758],[143.3741,-28.7709],[143.5034,-28.7291],[143.6446,-28.7356],[143.6863,-28.7376],[143.6462,-28.5266],[143.6462,-28.4011],[143.7946,-28.2899],[143.8934,-28.2124],[144.1077,-28.0429],[144.1756,-27.9829],[144.151,-27.9807],[143.9264,-27.9604],[143.7561,-27.9119],[143.7393,-27.9022],[143.703,-27.9022],[143.5474,-27.975],[143.3826,-28.0138],[143.2617,-28.0138],[143.031,-28.0526],[142.8003,-28.1689],[142.5146,-28.2657],[142.4158,-28.4204],[142.3194,-28.5274]]]},"properties":{"NAME":"Kullilla","SUBJECTO":"Kullilla","PARTOF":"Kullilla","BORDERPRECISION":3,"LINK":null}},
{"type":"Feature","geometry":{"type":"Polygon","coordinates":[[[139.8401,-37.042],[139.8225,-37.2463],[140.004,-37.6249],[140.1196,-37.7099],[140.1267,-37.7155],[140.2492,-37.7944],[140.3264,-37.8651],[140.3339,-37.8705],[140.4547,-37.9659],[140.5206,-38.02],[140.5879,-38.0535],[140.7211,-38.0967],[140.7953,-38.0935],[140.8488,-38.0805],[140.9477,-38.0708],[140.9525,-38.068],[140.9464,-38.0632],[140.9464,-38.02],[140.9572,-38.0043],[140.9587,-38.0021],[140.9628,-37.9962],[140.9723,-37.9939],[140.9848,-37.9864],[140.9942,-37.9887],[141.004,-37.9864],[141.0548,-38.0027],[141.0888,-38.0173],[141.194,-38.0525],[141.238,-38.0591],[141.2649,-38.0431],[141.2759,-38.0286],[141.2581,-37.981],[141.2924,-37.9669],[141.2993,-37.916],[141.2856,-37.877],[141.2279,-37.7978],[141.2266,-37.7756],[141.0452,-37.7457],[140.7816,-37.6273],[140.6387,-37.5576],[140.3558,-37.392],[140.2048,-37.2281],[140.191,-37.1516],[140.1855,-37.0771],[140.0414,-37.0533],[139.9658,-37.042],[139.8401,-37.042]]]},"properties":{"NAME":"Buandig","SUBJECTO":"Buandig","PARTOF":"Buandig","BORDERPRECISION":3,"LINK":null}},
{"type":"Feature","geometry":{"type":"Polygon","coordinates":[[[141.6592,-15.8715],[141.6083,-15.8715],[141.4004,-15.864],[141.3922,-15.9194],[141.3138,-16.4482],[141.2882,-16.52],[141.2952,-16.5204],[141.405,-16.5836],[141.6028,-16.7151],[141.7789,-16.8132],[141.7676,-16.6993],[141.7566,-16.4888],[141.6577,-16.1514],[141.6577,-15.9244],[141.6577,-15.8874],[141.6592,-15.8715]]]},"properties":{"NAME":"Koknar","SUBJECTO":"Koknar","PARTOF":"Koknar","BORDERPRECISION":3,"LINK":null}},
{"type":"Feature","geometry":{"type":"Polygon","coordinates":[[[119.9439,-20.1175],[119.9257,-20.0808],[119.8125,-20.1179],[119.5311,-20.1375],[119.1365,-20.0367],[118.9363,-20.0244],[118.8651,-20.069],[118.8278,-20.1398],[118.8831,-20.1488],[119.0259,-20.2364],[119.1907,-20.2828],[119.3829,-20.3549],[119.6356,-20.391],[119.718,-20.3446],[119.8279,-20.2622],[119.8883,-20.1746],[119.9268,-20.1127],[119.9439,-20.1175]]]},"properties":{"NAME":"Ngarla","SUBJECTO":"Ngarla","PARTOF":"Ngarla","BORDERPRECISION":3,"LINK":null}},
{"type":"Feature","geometry":{"type":"Polygon","coordinates":[[[129.6932,-15.0905],[129.6724,-15.1544],[129.7321,-15.2312],[129.7583,-15.2734],[129.8145,-15.2524],[129.849,-15.296],[129.8859,-15.3425],[129.9133,-15.4113],[130.0122,-15.4113],[130.1331,-15.4378],[130.1548,-15.4867],[130.2869,-15.3954],[130.3583,-15.4484],[130.3803,-15.4774],[130.3918,-15.4924],[130.5505,-15.4854],[130.8032,-15.4378],[130.9845,-15.4219],[131.0734,-15.3254],[131.0597,-15.3056],[131.0339,-15.2683],[131.0339,-15.1835],[130.9735,-15.0032],[130.9625,-14.8492],[130.9882,-14.8202],[130.957,-14.7961],[130.8472,-14.7643],[130.7538,-14.7643],[130.6274,-14.7536],[130.5121,-14.7589],[130.4242,-14.7589],[130.3885,-14.7536],[130.3528,-14.7483],[130.3506,-14.7164],[130.2649,-14.7164],[130.0616,-14.7218],[129.8419,-14.7536],[129.7943,-14.7536],[129.8168,-14.7811],[129.8486,-14.8199],[129.8386,-14.928],[129.7025,-15.0617],[129.6932,-15.0905]]]},"properties":{"NAME":"Jaminjung","SUBJECTO":"Jaminjung","PARTOF":"Jaminjung","BORDERPRECISION":3,"LINK":null}},
{"type":"Feature","geometry":{"type":"Polygon","coordinates":[[[118.1864,-30.9013],[118.0785,-30.7405],[117.9781,-30.6929],[117.5906,-30.6003],[117.1347,-30.3758],[116.848,-30.0718],[116.4311,-31.471],[116.5744,-31.5265],[116.7308,-31.6042],[116.7308,-32.1243],[117.5299,-32.3765],[117.6121,-32.4024],[117.6038,-32.3815],[117.5372,-32.2128],[117.5262,-31.9568],[117.724,-31.527],[117.9163,-31.2645],[118.1864,-30.9013]]]},"properties":{"NAME":"Ballardong","SUBJECTO":"Ballardong","PARTOF":"Ballardong","BORDERPRECISION":3,"LINK":null}},
{"type":"Feature","geometry":{"type":"Polygon","coordinates":[[[143.6729,-14.2873],[143.582,-14.0566],[143.5765,-14.0426],[143.443,-14.0673],[143.3541,-14.1035],[143.36,-14.1153],[143.421,-14.2378],[143.435,-14.3189],[143.6729,-14.2873]]]},"properties":{"NAME":"Umbindhamu","SUBJECTO":"Umbindhamu","PARTOF":"Umbindhamu","BORDERPRECISION":3,"LINK":null}},
{"type":"Feature","geometry":{"type":"Polygon","coordinates":[[[135.5203,-14.4464],[135.5878,-14.3549],[135.5933,-14.1792],[135.4944,-14.0247],[135.4285,-13.8381],[135.3241,-13.694],[135.2692,-13.654],[135.2554,-13.6688],[135.1373,-13.7954],[134.9176,-13.8647],[134.7933,-13.904],[134.7858,-13.9127],[134.8517,-14.0034],[134.9286,-14.1739],[134.9451,-14.3176],[135.0366,-14.4436],[135.1373,-14.424],[135.2692,-14.424],[135.4395,-14.424],[135.4969,-14.4399],[135.5203,-14.4464]]]},"properties":{"NAME":"Ngandi","SUBJECTO":"Ngandi","PARTOF":"Ngandi","BORDERPRECISION":3,"LINK":null}},
{"type":"Feature","geometry":{"type":"Polygon","coordinates":[[[143.501,-13.7846],[143.4983,-13.7728],[143.4348,-13.7967],[143.3959,-13.8123],[143.3943,-13.8207],[143.3551,-14.0194],[143.3441,-14.0833],[143.3541,-14.1035],[143.443,-14.0673],[143.5765,-14.0426],[143.5381,-13.945],[143.501,-13.7846]]]},"properties":{"NAME":"Kuuku-yani","SUBJECTO":"Kuuku-yani","PARTOF":"Kuuku-yani","BORDERPRECISION":3,"LINK":null}},
{"type":"Feature","geometry":{"type":"MultiPolygon","coordinates":[[[[146.1062,-18.5487],[146.0835,-18.5121],[145.9687,-18.542],[145.8476,-18.513],[145.7526,-18.4429],[145.715,-18.4275],[145.6811,-18.4293],[145.6859,-18.4466],[145.684,-18.4753],[145.6897,-18.4796],[145.8282,-18.6459],[145.8545,-18.6775],[145.9644,-18.8855],[146.2061,-19.0933],[146.3489,-19.2385],[146.5027,-19.3111],[146.5676,-19.3275],[146.5159,-19.2708],[146.4182,-19.179],[146.3539,-19.1008],[146.3218,-19.0823],[146.2818,-19.0132],[146.2591,-18.9856],[146.1791,-18.8894],[146.1215,-18.7887],[146.1504,-18.7106],[146.157,-18.7024],[146.1339,-18.6326],[146.1062,-18.5487]]],[[[146.7093,-19.3642],[146.7087,-19.3628],[146.6743,-19.3545],[146.7093,-19.3642]]]]},"properties":{"NAME":"Nyawaygi","SUBJECTO":"Nyawaygi","PARTOF":"Nyawaygi","BORDERPRECISION":3,"LINK":null}},
{"type":"Feature","geometry":{"type":"Polygon","coordinates":[[[145.6146,-21.6852],[145.5963,-21.7059],[145.6128,-21.7595],[145.6897,-21.9227],[145.7776,-22.0144],[145.8655,-22.1569],[145.8875,-22.3704],[145.8845,-22.3881],[146.0577,-22.4567],[146.0632,-22.4632],[146.0632,-22.4364],[146.2885,-22.3856],[146.5027,-22.3348],[146.7153,-22.3308],[146.7719,-22.3298],[146.7781,-22.3302],[146.8433,-22.1569],[146.8213,-21.9227],[146.7948,-21.8735],[146.7886,-21.8737],[146.6785,-21.8768],[146.5521,-21.6574],[146.5469,-21.5989],[146.3489,-21.591],[145.9479,-21.6421],[145.6146,-21.6852]]]},"properties":{"NAME":"Miyan","SUBJECTO":"Miyan","PARTOF":"Miyan","BORDERPRECISION":3,"LINK":null}},
{"type":"Feature","geometry":{"type":"Polygon","coordinates":[[[123.2886,-21.3563],[123.2886,-21.3712],[123.4094,-21.361],[123.6072,-21.4224],[123.8928,-21.637],[124.0796,-21.943],[124.0796,-22.1569],[124.0906,-22.3501],[124.3872,-22.2891],[124.8267,-22.1162],[125.2112,-21.9634],[125.387,-21.8105],[125.5188,-21.8105],[125.8408,-21.8105],[126.0352,-21.5757],[126.2769,-21.023],[126.4526,-20.6328],[126.4526,-20.3715],[126.4526,-20.3652],[126.3445,-20.3414],[126.0791,-20.2828],[125.4199,-20.2003],[125.1123,-20.1797],[124.9554,-20.1961],[124.8999,-20.2019],[124.7168,-20.221],[124.2554,-20.5299],[123.8379,-20.5299],[123.8379,-20.679],[123.8379,-20.7458],[123.7061,-20.8999],[123.5632,-21.0537],[123.2886,-21.3563]]]},"properties":{"NAME":"Yulparitja","SUBJECTO":"Yulparitja","PARTOF":"Yulparitja","BORDERPRECISION":3,"LINK":null}},
{"type":"Feature","geometry":{"type":"Polygon","coordinates":[[[148.7257,-24.2285],[148.634,-24.3371],[148.5592,-24.4188],[148.5913,-24.4414],[148.6195,-24.4619],[148.669,-24.4763],[148.6988,-24.4837],[148.742,-24.5255],[148.7745,-24.5895],[148.7849,-24.6358],[148.8111,-24.675],[148.8234,-24.7213],[148.825,-24.7871],[148.8373,-24.8389],[148.862,-24.8795],[148.859,-24.9107],[148.8354,-24.9907],[148.8289,-25.0296],[148.8354,-25.0822],[148.8483,-25.127],[148.8547,-25.1718],[148.8559,-25.2036],[149.0273,-25.1775],[149.0278,-25.1745],[148.9856,-25.1154],[148.9911,-24.8765],[148.9911,-24.5871],[149.0231,-24.3792],[148.7549,-24.257],[148.7257,-24.2285]]]},"properties":{"NAME":"Garingbal","SUBJECTO":"Garingbal","PARTOF":"Garingbal","BORDERPRECISION":3,"LINK":null}},
{"type":"Feature","geometry":{"type":"Polygon","coordinates":[[[144.6173,-36.5265],[144.6762,-36.4677],[144.7696,-36.3704],[144.8026,-36.2819],[144.8458,-36.1422],[144.8465,-36.1401],[144.8569,-36.1118],[144.8685,-36.0802],[144.8218,-36.0513],[144.7064,-35.9802],[144.5554,-35.9246],[144.5251,-35.8534],[144.5746,-35.7421],[144.668,-35.5814],[144.9207,-35.4472],[145.1129,-35.3218],[145.1349,-35.3022],[145.1294,-35.2636],[145.1095,-35.2202],[144.9976,-34.976],[144.877,-34.805],[144.8767,-34.8048],[144.8546,-34.7762],[144.8383,-34.7552],[144.7559,-34.8994],[144.657,-35.03],[144.5411,-35.1626],[144.4647,-35.2501],[144.3849,-35.3055],[144.2065,-35.4293],[144.0308,-35.568],[143.8165,-35.7242],[143.7313,-35.7962],[143.715,-35.81],[143.7781,-35.8356],[143.9539,-35.8623],[143.9978,-35.9869],[143.9725,-36.038],[143.9978,-36.0713],[144.0315,-36.1291],[144.0709,-36.1283],[144.0718,-36.1387],[144.1275,-36.1418],[144.1496,-36.1724],[144.1881,-36.1898],[144.262,-36.1902],[144.2649,-36.1767],[144.3373,-36.1784],[144.3349,-36.2006],[144.5735,-36.1986],[144.6971,-36.3323],[144.7191,-36.3561],[144.6413,-36.4646],[144.6173,-36.5265]]]},"properties":{"NAME":"Baraba Baraba","SUBJECTO":"Baraba Baraba","PARTOF":"Baraba Baraba","BORDERPRECISION":3,"LINK":null}},
{"type":"Feature","geometry":{"type":"Polygon","coordinates":[[[141.1618,-17.493],[141.1419,-17.482],[141.037,-17.466],[140.9161,-17.4345],[140.881,-17.4204],[140.8785,-17.4203],[140.8009,-17.5618],[140.7513,-17.5991],[140.7623,-17.6074],[140.8386,-17.699],[140.9656,-17.6021],[141.1618,-17.493]]]},"properties":{"NAME":"Kuthant","SUBJECTO":"Kuthant","PARTOF":"Kuthant","BORDERPRECISION":3,"LINK":null}},
{"type":"Feature","geometry":{"type":"Polygon","coordinates":[[[149.9593,-32.4433],[150.1172,-32.7318],[150.1099,-32.7605],[150.0957,-32.8161],[150.2985,-32.8334],[150.6116,-32.8796],[150.8148,-32.8842],[151.1169,-32.9073],[151.4026,-32.9073],[151.4244,-32.9006],[151.4476,-32.8935],[151.5234,-32.8704],[151.5787,-32.7738],[151.5912,-32.7521],[151.5948,-32.7457],[151.6058,-32.5237],[151.6017,-32.5161],[151.5556,-32.5022],[151.3037,-32.4263],[151.04,-32.315],[150.8533,-32.2593],[150.5566,-32.2593],[150.1831,-32.3753],[149.9593,-32.4433]]]},"properties":{"NAME":"Wonnarua","SUBJECTO":"Wonnarua","PARTOF":"Wonnarua","BORDERPRECISION":3,"LINK":null}},
{"type":"Feature","geometry":{"type":"Polygon","coordinates":[[[133.0779,-13.2934],[133.1131,-13.28],[133.2317,-13.3008],[133.2587,-13.3041],[133.4674,-13.2881],[133.5498,-13.2988],[133.5716,-13.3265],[133.6102,-13.3175],[133.6597,-13.2453],[133.6707,-13.1062],[133.6542,-13.0367],[133.5924,-12.969],[133.5773,-12.9939],[133.5223,-12.9136],[133.521,-12.9131],[133.4904,-12.904],[133.4509,-12.8921],[133.4399,-12.8814],[133.4029,-12.8473],[133.3743,-12.8334],[133.3218,-12.8252],[133.2587,-12.8091],[133.2092,-12.8011],[133.1186,-12.7797],[133.0417,-12.7689],[132.9758,-12.7689],[132.9126,-12.777],[132.8839,-12.777],[132.8632,-12.777],[132.8556,-12.811],[132.8494,-12.8386],[132.8485,-12.8427],[132.8357,-12.9028],[132.8355,-12.9071],[132.8344,-12.9315],[132.8329,-12.9644],[132.8055,-12.9965],[132.7615,-13.0848],[132.7176,-13.1357],[132.6667,-13.1681],[132.6864,-13.1773],[132.8082,-13.2346],[132.9785,-13.3041],[133.0779,-13.2934]]]},"properties":{"NAME":"Wuningangk","SUBJECTO":"Wuningangk","PARTOF":"Wuningangk","BORDERPRECISION":3,"LINK":null}},
{"type":"Feature","geometry":{"type":"Polygon","coordinates":[[[142.3843,-31.41],[142.3761,-31.4114],[142.3279,-31.4193],[142.326,-31.4287],[142.2839,-31.6347],[142.0093,-31.8776],[141.8445,-32.0546],[141.2183,-32.38],[139.9219,-32.7688],[139.9208,-32.769],[139.8795,-32.7776],[139.2957,-32.898],[138.9331,-33.1927],[138.9331,-33.4773],[139.0877,-33.6662],[139.1265,-33.6555],[139.2078,-33.6329],[139.5154,-33.4681],[139.9658,-33.3489],[140.3174,-33.2938],[140.8008,-33.3856],[140.8919,-33.416],[140.9729,-33.4431],[141.0864,-33.3397],[141.1963,-33.2846],[141.4435,-33.1191],[141.6357,-33.0133],[141.7731,-32.9349],[142.3059,-32.5237],[142.5037,-32.3289],[142.7728,-32.1756],[142.9431,-32.036],[143.1244,-31.8356],[143.2837,-31.6814],[143.443,-31.5645],[143.5308,-31.513],[143.4946,-31.4722],[143.4276,-31.3968],[143.41,-31.3818],[143.2288,-31.3536],[142.9431,-31.3536],[142.6135,-31.3724],[142.385,-31.4099],[142.3843,-31.41]]]},"properties":{"NAME":"Danggali","SUBJECTO":"Danggali","PARTOF":"Danggali","BORDERPRECISION":3,"LINK":null}},
{"type":"Feature","geometry":{"type":"Polygon","coordinates":[[[146.8508,-29.9413],[146.813,-29.9049],[146.8372,-29.8586],[146.7773,-29.8311],[146.6565,-29.7358],[146.4587,-29.7071],[146.0632,-29.669],[145.8545,-29.6403],[145.796,-29.6727],[145.7941,-29.7453],[145.6787,-29.9549],[145.5963,-30.1641],[145.568,-30.1852],[145.595,-30.168],[145.6787,-30.0929],[145.9698,-29.9502],[146.2115,-29.9454],[146.2143,-29.9496],[146.6785,-29.9264],[146.8508,-29.9413]]]},"properties":{"NAME":"Barranbinya","SUBJECTO":"Barranbinya","PARTOF":"Barranbinya","BORDERPRECISION":3,"LINK":null}},
{"type":"Feature","geometry":{"type":"Polygon","coordinates":[[[130.0318,-14.4367],[130.0429,-14.4454],[130.0699,-14.4666],[130.1633,-14.4666],[130.2814,-14.4905],[130.3226,-14.5065],[130.3424,-14.5112],[130.3426,-14.5111],[130.3857,-14.4879],[130.4572,-14.4879],[130.545,-14.4826],[130.7922,-14.3974],[130.8911,-14.3203],[130.9076,-14.1818],[130.8774,-14.0167],[130.8636,-13.9047],[130.8559,-13.8141],[130.8554,-13.8087],[130.8696,-13.8007],[130.7263,-13.8007],[130.589,-13.8541],[130.4187,-13.8861],[130.3108,-13.8911],[130.3033,-13.8914],[130.3014,-13.9114],[130.2924,-14.0034],[130.21,-14.094],[130.1056,-14.1277],[130.1028,-14.1286],[130.0946,-14.1312],[130.0342,-14.2005],[130.0122,-14.2804],[129.9902,-14.3442],[130.0122,-14.3868],[130.0202,-14.4132],[130.0203,-14.4135],[130.0259,-14.432],[130.0318,-14.4367]]]},"properties":{"NAME":"Ngan’giwumirri","SUBJECTO":"Ngan’giwumirri","PARTOF":"Ngan’giwumirri","BORDERPRECISION":3,"LINK":null}},
{"type":"Feature","geometry":{"type":"Polygon","coordinates":[[[151.5956,-33.1916],[151.7646,-33.0047],[151.7667,-33.0043],[151.7899,-32.9741],[151.8448,-32.8934],[151.9258,-32.8448],[151.8256,-32.8473],[151.6882,-32.8011],[151.5787,-32.7738],[151.5234,-32.8704],[151.4476,-32.8935],[151.4685,-32.898],[151.463,-33.0823],[151.4266,-33.1616],[151.4267,-33.1616],[151.5177,-33.1807],[151.5956,-33.1916]]]},"properties":{"NAME":"Awabakal","SUBJECTO":"Awabakal","PARTOF":"Awabakal","BORDERPRECISION":3,"LINK":null}},
{"type":"Feature","geometry":{"type":"Polygon","coordinates":[[[115.9688,-32.981],[115.9854,-32.9234],[116.0184,-32.8265],[116.0239,-32.7596],[116.0801,-32.6006],[116.098,-32.431],[116.1375,-32.3987],[116.1401,-32.3877],[116.0266,-32.4356],[115.7959,-32.4912],[115.7575,-32.4938],[115.7669,-32.7545],[115.7151,-33.0177],[115.8344,-32.981],[115.9688,-32.981]]]},"properties":{"NAME":"Pinjarup","SUBJECTO":"Pinjarup","PARTOF":"Pinjarup","BORDERPRECISION":3,"LINK":null}},
{"type":"Feature","geometry":{"type":"Polygon","coordinates":[[[140.949,-21.9382],[140.9436,-21.9532],[140.9656,-22.1467],[140.9546,-22.2993],[140.9786,-22.3104],[141.0095,-22.2688],[141.0397,-22.2781],[141.2732,-22.3501],[141.5918,-22.5734],[142.0972,-22.8167],[142.4927,-22.6546],[142.9541,-22.5227],[143.1893,-22.5227],[143.2073,-22.4311],[143.2068,-22.4313],[143.2079,-22.4281],[143.2123,-22.4059],[143.2189,-22.3968],[143.3276,-22.0856],[143.3276,-21.7799],[143.3239,-21.6815],[143.2397,-21.6983],[142.9761,-21.7289],[142.7563,-21.8411],[142.5366,-21.8819],[142.1741,-21.8615],[142.0422,-21.7697],[141.6577,-21.7085],[141.3721,-21.7493],[141.1194,-21.8921],[141.0257,-21.9174],[140.949,-21.9382]]]},"properties":{"NAME":"Guwa","SUBJECTO":"Guwa","PARTOF":"Guwa","BORDERPRECISION":3,"LINK":null}},
{"type":"Feature","geometry":{"type":"Polygon","coordinates":[[[128.4529,-30.1138],[128.4741,-29.7834],[128.3423,-29.497],[127.8589,-29.0562],[127.6392,-28.7869],[127.4463,-28.5895],[127.4176,-28.5601],[127.3755,-28.517],[127.3693,-28.52],[127.2815,-28.562],[127.1338,-28.6327],[126.936,-28.8254],[126.6504,-28.8832],[126.5625,-28.8254],[126.2988,-28.6713],[125.9253,-28.5556],[125.7935,-28.4783],[125.4639,-28.285],[125.2661,-28.1301],[125.0684,-28.0332],[124.8267,-27.7808],[124.6069,-27.6057],[124.4224,-27.5239],[124.3872,-27.5083],[124.3678,-27.5186],[124.1675,-27.6251],[123.8818,-27.8779],[123.2776,-28.285],[123.0139,-28.4107],[122.8271,-28.5363],[122.6294,-28.6617],[122.6313,-28.6958],[122.6332,-28.7278],[122.6404,-28.8543],[122.7283,-28.9409],[122.8381,-29.1522],[122.97,-29.3822],[123.1018,-29.583],[123.2007,-29.7548],[123.4094,-30.1071],[123.4753,-30.3634],[123.5083,-30.4676],[123.5083,-30.6379],[123.5193,-30.7324],[123.5587,-30.9015],[123.5632,-30.9211],[124.0356,-30.9493],[124.4196,-30.9551],[125.1894,-30.6467],[126.3585,-30.3841],[127.1299,-30.3681],[127.6172,-30.2401],[128.1665,-30.1261],[128.4521,-30.1261],[128.4529,-30.1138]]]},"properties":{"NAME":"Nyanganyatjara","SUBJECTO":"Nyanganyatjara","PARTOF":"Nyanganyatjara","BORDERPRECISION":3,"LINK":null}},
{"type":"Feature","geometry":{"type":"MultiPolygon","coordinates":[[[[5.9996,50.7416],[6.0739,50.8666],[6.0097,50.9645],[5.9279,50.9808],[5.9642,51.0243],[6.0702,51.0842],[6.1762,51.1441],[6.0892,51.1985],[6.1796,51.3223],[6.2223,51.3891],[6.1538,51.5207],[6.1169,51.6399],[5.9479,51.7217],[5.9794,51.8035],[6.1327,51.8384],[6.2114,51.8799],[6.3814,51.8199],[6.6804,51.8878],[6.8246,51.9564],[6.8822,52.1257],[7.0677,52.2186],[7.0682,52.2726],[7.069,52.3663],[6.9969,52.4429],[6.9119,52.4155],[6.7136,52.4757],[6.7268,52.5583],[6.7781,52.6399],[7.0348,52.6235],[7.0729,52.8043],[7.228,52.9667],[7.1599,53.164],[7.1897,53.2301],[6.9807,53.3167],[6.9809,53.3172],[6.9017,53.3503],[6.7775,53.4592],[6.2969,53.4019],[5.8908,53.3822],[5.5992,53.3003],[5.3895,53.1386],[5.3321,53.0114],[5.3428,52.9963],[5.358,52.9377],[5.3257,52.7904],[5.5764,52.7599],[5.6534,52.7498],[5.5469,52.6787],[5.5557,52.5873],[5.0357,52.3337],[5.0698,52.5204],[5.02,52.6315],[5.1326,52.6264],[5.3167,52.7182],[5.207,52.7575],[5.1356,52.7516],[5.0353,52.9432],[4.8875,52.8961],[4.7739,52.9647],[4.641,52.7557],[4.3872,52.2304],[4.2644,52.0709],[3.8781,51.7917],[3.4525,51.5211],[3.5731,51.4444],[3.775,51.3877],[3.9895,51.3437],[4.173,51.3249],[4.4067,51.3401],[4.3954,51.4109],[4.5331,51.4055],[4.6711,51.4055],[4.7914,51.4872],[4.9321,51.3782],[5.0101,51.4327],[5.1125,51.4055],[5.2437,51.2366],[5.4844,51.2856],[5.8239,51.1168],[5.7742,50.9264],[5.6968,50.8829],[5.6971,50.7307],[5.9996,50.7416]]],[[[6.6611,53.5986],[6.6586,53.593],[6.6583,53.5861],[6.66,53.5803],[6.6639,53.5758],[6.6733,53.5714],[6.6906,53.5675],[6.7469,53.5603],[6.7269,53.5806],[6.7231,53.585],[6.7256,53.5869],[6.7492,53.5972],[6.7531,53.5983],[6.7753,53.6022],[6.7967,53.6022],[6.7994,53.6011],[6.8047,53.6006],[6.8064,53.6022],[6.8042,53.6044],[6.7722,53.6167],[6.7586,53.6189],[6.7475,53.6186],[6.6694,53.6039],[6.6631,53.6008],[6.6611,53.5986]]],[[[4.8858,53.1817],[4.8833,53.1842],[4.8792,53.1864],[4.8689,53.1883],[4.8597,53.1858],[4.8533,53.1814],[4.7433,53.0861],[4.7217,53.0661],[4.7139,53.0561],[4.7081,53.0444],[4.7067,53.0358],[4.7083,53.0206],[4.7158,53.0039],[4.7206,52.9978],[4.7278,52.9931],[4.7386,52.9897],[4.7536,52.9886],[4.7647,52.9903],[4.7875,52.9989],[4.8047,53.0069],[4.8586,53.0392],[4.8767,53.0569],[4.9033,53.0842],[4.9089,53.0906],[4.9122,53.0986],[4.9122,53.1419],[4.8858,53.1817]]],[[[5.1047,53.3067],[5.0997,53.3086],[5.0939,53.31],[5.0794,53.3108],[5.0547,53.3047],[5.0117,53.2925],[5.0022,53.2892],[4.9894,53.2833],[4.9647,53.2708],[4.9122,53.2425],[4.8931,53.2308],[4.8833,53.2225],[4.8811,53.2192],[4.88,53.2144],[4.8831,53.2119],[4.8897,53.2108],[4.9572,53.2378],[5.1039,53.3],[5.1064,53.3033],[5.1047,53.3067]]],[[[5.5797,53.4508],[5.5747,53.4528],[5.5567,53.4519],[5.5397,53.4494],[5.2281,53.3967],[5.2181,53.3939],[5.18,53.3811],[5.1711,53.3775],[5.1689,53.3739],[5.1667,53.365],[5.1672,53.3611],[5.1686,53.3578],[5.175,53.3525],[5.1867,53.3497],[5.2006,53.3494],[5.2131,53.35],[5.3114,53.3717],[5.3533,53.3811],[5.5611,53.4303],[5.5706,53.4336],[5.5742,53.4361],[5.5775,53.4392],[5.5797,53.4425],[5.5819,53.4478],[5.5797,53.4508]]],[[[5.7486,53.4442],[5.7714,53.4422],[5.7772,53.4406],[5.7983,53.4386],[5.8114,53.4389],[5.9481,53.4586],[5.9561,53.4628],[5.9556,53.4667],[5.9514,53.4689],[5.9372,53.4706],[5.905,53.4697],[5.8547,53.4669],[5.805,53.4639],[5.7206,53.4617],[5.6992,53.4628],[5.6744,53.4664],[5.6689,53.4717],[5.6631,53.4731],[5.6575,53.4722],[5.6536,53.4697],[5.6333,53.4481],[5.6325,53.4455],[5.6331,53.4417],[5.6378,53.4358],[5.65,53.4292],[5.6625,53.4264],[5.6839,53.4253],[5.7372,53.4425],[5.7486,53.4442]]],[[[6.3394,53.505],[6.3325,53.508],[6.3147,53.5111],[6.3033,53.5114],[6.1581,53.4992],[6.1489,53.4975],[6.1447,53.4964],[6.1361,53.4914],[6.1194,53.4772],[6.1172,53.475],[6.1164,53.4719],[6.1264,53.4583],[6.1303,53.4536],[6.135,53.4536],[6.1528,53.4672],[6.1631,53.4717],[6.2256,53.475],[6.2347,53.4764],[6.2725,53.4844],[6.3375,53.4986],[6.3403,53.5003],[6.3411,53.5028],[6.3394,53.505]]]]},"properties":{"NAME":"Batavian Republic","SUBJECTO":"","PARTOF":"","BORDERPRECISION":3,"LINK":null}},
{"type":"Feature","geometry":{"type":"MultiPolygon","coordinates":[[[[6.2231,46.2742],[6.2219,46.2731],[6.2161,46.2668],[6.2022,46.2638],[6.1973,46.2447],[6.1986,46.2422],[6.1979,46.2384],[6.1785,46.2149],[6.1793,46.2136],[6.1613,46.2061],[6.1544,46.2069],[6.156,46.2085],[6.1478,46.2067],[6.1573,46.2425],[6.1579,46.2494],[6.1597,46.2516],[6.1631,46.2647],[6.1232,46.2584],[6.1017,46.2863],[6.1753,46.3678],[6.0689,46.4169],[6.1626,46.5456],[6.1079,46.5759],[6.4562,46.7751],[6.4523,46.8053],[6.6723,46.7971],[6.9859,46.9629],[7.18,47.0927],[7.4003,47.2475],[7.6056,47.4322],[7.4293,47.4638],[7.5825,47.5787],[7.5066,47.6037],[7.446,47.7088],[7.5431,48.0242],[7.5021,48.0583],[7.536,48.1913],[7.6806,48.3585],[7.7046,48.5196],[7.7291,48.6156],[8.1583,48.9783],[7.8857,49.0652],[7.6705,49.059],[7.4654,49.0993],[7.4228,49.1831],[7.3174,49.1862],[7.285,49.1645],[6.9747,49.1366],[6.9544,49.2017],[6.7772,49.1769],[6.6255,49.3018],[6.433,49.4453],[6.368,49.4735],[6.1123,49.4787],[5.8235,49.5071],[5.7878,49.5587],[5.4754,49.4801],[5.4181,49.5826],[5.2513,49.6743],[5.0977,49.7607],[4.8599,49.7822],[4.8771,49.8848],[4.8116,49.9658],[4.8654,50.1337],[4.7549,50.1012],[4.6681,49.9604],[4.4675,49.9447],[4.2846,49.911],[4.1563,49.9658],[4.1885,50.0549],[4.1478,50.1337],[4.2196,50.2422],[4.0509,50.3181],[3.7915,50.3398],[3.675,50.3344],[3.6034,50.47],[3.3703,50.4646],[3.2828,50.5243],[3.1919,50.7307],[3.1228,50.8071],[2.9383,50.7138],[2.8751,50.6818],[2.7555,50.7392],[2.6157,50.8902],[2.5221,51.0911],[2.4426,51.048],[2.0303,51.0067],[1.8236,50.9346],[1.5889,50.8219],[1.5283,50.5777],[1.552,50.2288],[1.4162,50.1098],[1.2745,50.0043],[0.8688,49.9072],[0.5286,49.8258],[0.1894,49.681],[0.1151,49.6023],[0.0904,49.5106],[0.3308,49.455],[0.0329,49.3337],[-0.2037,49.2918],[-0.2394,49.2855],[-0.4649,49.3514],[-1.0232,49.3985],[-1.1771,49.3325],[-1.2887,49.521],[-1.251,49.6999],[-1.5242,49.6528],[-1.9413,49.7093],[-1.8915,49.5264],[-1.639,49.2196],[-1.5798,49.229],[-1.5634,49.0362],[-1.5884,48.881],[-1.5755,48.7681],[-1.4566,48.6836],[-1.5914,48.6375],[-1.8576,48.6084],[-1.8706,48.7117],[-2.076,48.6562],[-2.2001,48.599],[-2.3429,48.6741],[-2.6364,48.552],[-2.7905,48.5896],[-2.9145,48.7068],[-3.0912,48.8716],[-3.4351,48.8365],[-3.5577,48.8101],[-3.6079,48.693],[-3.8213,48.7211],[-3.9022,48.646],[-3.9989,48.7305],[-4.2515,48.6519],[-4.4883,48.6123],[-4.6257,48.5467],[-4.762,48.552],[-4.7796,48.3548],[-4.592,48.3923],[-4.4738,48.3829],[-4.3502,48.3905],[-4.3889,48.2984],[-4.588,48.2515],[-4.351,48.2046],[-4.3129,48.1013],[-4.7003,48.0638],[-4.6754,48.0169],[-4.5101,47.9981],[-4.3909,47.9418],[-4.3644,47.8293],[-3.9548,47.9043],[-3.8581,47.7918],[-3.7119,47.7981],[-3.4335,47.7168],[-3.0627,47.6039],[-2.8425,47.4919],[-2.6137,47.5722],[-2.4655,47.4944],[-2.5765,47.3249],[-2.4937,47.2469],[-2.2637,47.1829],[-2.1095,47.124],[-2.0046,47.0425],[-2.1297,46.8508],[-1.9425,46.7058],[-1.7107,46.4488],[-1.4027,46.4039],[-1.2561,46.3068],[-1.166,46.1837],[-1.0752,46.0146],[-1.2365,45.8],[-1.2474,45.6881],[-1.1384,45.5832],[-0.8547,45.3214],[-0.7285,45.0186],[-0.8142,45.1218],[-0.9004,45.2939],[-1.1234,45.4316],[-1.1752,45.5005],[-1.2755,45.1287],[-1.3318,44.6138],[-1.2303,44.7304],[-1.1358,44.6001],[-1.3144,44.559],[-1.5614,43.5244],[-1.7461,43.3602],[-1.9146,43.3054],[-1.7024,43.1959],[-1.4914,43.2096],[-1.4657,43.1549],[-1.5577,43.0454],[-1.5151,42.9976],[-1.4476,42.9839],[-1.3973,43.0318],[-0.9074,42.8813],[-0.84,42.9087],[-0.612,42.7309],[-0.5868,42.7651],[-0.4688,42.7514],[-0.4099,42.7856],[-0.2161,42.7172],[-0.2037,42.7003],[-0.1656,42.6488],[0.1796,42.6625],[0.1963,42.6078],[0.3478,42.6352],[0.5919,42.6283],[0.5841,42.7719],[0.7442,42.7719],[1.3075,42.6352],[1.3487,42.5395],[1.3644,42.4096],[1.4482,42.3755],[1.6166,42.4096],[1.7092,42.4233],[1.8601,42.3823],[1.8761,42.314],[1.9937,42.3072],[2.1711,42.3823],[2.3632,42.2935],[2.5815,42.2867],[2.5993,42.3481],[2.9365,42.4096],[3.0871,42.3686],[3.0459,42.5395],[3.0019,42.7708],[3.0679,42.9446],[3.3179,43.196],[3.4787,43.3121],[3.8075,43.4672],[4.0782,43.4871],[4.4168,43.3461],[4.6465,43.3209],[4.7506,43.3533],[4.9098,43.3664],[5.0518,43.3281],[5.4345,43.1037],[5.6466,43.0333],[5.8286,43.0208],[6.1878,43.0923],[6.3312,43.1119],[6.523,43.1509],[6.9231,43.4477],[7.2976,43.6673],[7.3971,43.7641],[7.3552,43.9015],[6.9228,43.815],[6.8857,43.9015],[6.9598,43.9139],[6.9228,43.9756],[6.9969,44.0497],[6.9722,44.0621],[6.9351,44.1362],[6.8857,44.1486],[6.8363,44.1115],[6.7869,44.198],[6.7869,44.2968],[6.8698,44.3492],[6.7829,44.5479],[6.9247,44.715],[7.0035,44.7195],[6.9426,44.8687],[6.6653,44.9545],[6.5073,45.1157],[6.2804,45.1986],[6.2434,45.2974],[6.2681,45.3221],[6.2187,45.3468],[6.1445,45.3221],[6.0828,45.3715],[6.0334,45.3345],[6.0581,45.2233],[5.9469,45.2604],[5.9345,45.3221],[5.8234,45.3962],[5.8481,45.5198],[5.9098,45.5074],[5.9222,45.6557],[5.8975,45.7421],[5.9469,45.8162],[5.8604,46.0263],[5.9345,46.0263],[5.9415,46.1755],[5.9886,46.1614],[5.9627,46.1327],[6.0497,46.143],[6.1079,46.1255],[6.1447,46.1544],[6.1822,46.1588],[6.3156,46.2476],[6.2898,46.268],[6.2721,46.2819],[6.2231,46.2742]]],[[[9.4055,42.5806],[9.4322,42.7941],[9.4142,42.9095],[9.3671,42.9881],[9.3032,42.9832],[9.2705,42.8825],[9.2804,42.7279],[9.2377,42.664],[9.1495,42.7107],[9.0184,42.691],[9.0004,42.6346],[8.879,42.6248],[8.6093,42.4873],[8.5004,42.3598],[8.6284,42.2617],[8.5172,42.2077],[8.5107,42.1341],[8.6265,42.0973],[8.6683,42.0287],[8.5896,41.9576],[8.5379,41.9478],[8.5619,41.8816],[8.6928,41.9135],[8.7424,41.8816],[8.6269,41.7321],[8.8233,41.688],[8.8546,41.6537],[8.7269,41.5606],[8.8288,41.492],[9.0133,41.4577],[9.0389,41.3695],[9.173,41.3499],[9.3045,41.5753],[9.3575,41.9012],[9.4525,42.0483],[9.4867,42.4064],[9.4586,42.5561],[9.4055,42.5806]]]]},"properties":{"NAME":"France","SUBJECTO":"France","PARTOF":"France","BORDERPRECISION":3,"LINK":null}},
{"type":"Feature","geometry":{"type":"Polygon","coordinates":[[[8.5347,51.079],[8.5149,51.062],[8.5149,51.0414],[8.4636,51.0107],[8.4225,51.0414],[8.3405,51.0107],[8.3405,50.9593],[8.2584,50.867],[8.1689,50.7972],[8.125,50.8362],[8.0224,50.7028],[8.0429,50.6002],[8.0019,50.59],[7.9711,50.6413],[7.9198,50.6002],[7.8993,50.6413],[7.8582,50.6413],[7.8377,50.6823],[7.7864,50.7028],[7.7351,50.6618],[7.7043,50.5797],[7.7248,50.5489],[7.7043,50.5079],[7.6735,50.5182],[7.6633,50.4668],[7.7146,50.4463],[7.7453,50.354],[7.6633,50.3437],[7.737,50.1409],[7.6448,49.9796],[7.5526,49.9796],[7.4373,49.9104],[6.9993,49.6568],[7.0685,49.5416],[7.0224,49.4263],[6.8841,49.4263],[6.9544,49.2017],[6.9747,49.1366],[7.285,49.1645],[7.3174,49.1862],[7.4228,49.1831],[7.4654,49.0993],[7.6705,49.059],[7.8857,49.0652],[8.1583,48.9783],[8.4833,49.2938],[8.3104,49.5531],[8.5121,49.5243],[8.5986,49.3802],[8.6562,49.5531],[8.7207,49.5531],[8.7415,49.398],[8.8041,49.3563],[8.9292,49.3563],[8.9709,49.3355],[8.9083,49.2729],[8.9709,49.2729],[9.0751,49.2729],[9.0751,49.3772],[9.1585,49.398],[9.2211,49.5231],[9.3254,49.5231],[9.3045,49.6274],[9.4088,49.6691],[9.4713,49.6482],[9.5964,49.6482],[9.5964,49.6065],[9.6381,49.5857],[9.6378,49.2939],[9.8049,49.3146],[9.8049,49.1687],[9.7632,48.9601],[9.659,48.8767],[9.659,48.7725],[9.7215,48.6265],[9.7215,48.3555],[9.5756,48.2929],[9.6381,47.7091],[9.4641,47.6488],[9.4661,47.648],[9.4882,47.6515],[9.5023,47.6464],[9.5339,47.5968],[9.5634,47.5847],[9.6009,47.5853],[9.6067,47.5725],[9.6282,47.5704],[9.6532,47.5562],[9.6655,47.5562],[9.7367,47.6161],[9.78,47.5666],[9.892,47.5635],[9.9383,47.5017],[10.0258,47.4801],[10.021,47.406],[10.138,47.3887],[10.1029,47.301],[10.1995,47.301],[10.4031,47.4554],[10.3883,47.579],[10.4954,47.5604],[10.6132,47.5852],[10.8348,47.545],[10.9087,48.3412],[10.9202,48.787],[10.8173,48.7756],[10.7144,48.707],[10.6001,48.6613],[10.5315,48.8328],[10.6458,48.7985],[10.8973,48.8328],[10.8744,48.9814],[11.1031,48.9699],[11.2974,48.8899],[11.446,48.8785],[11.6518,49.0385],[11.6404,49.29],[11.5718,49.3358],[11.6518,49.3701],[11.6861,49.7588],[11.9605,49.7931],[11.9719,49.8502],[11.9376,49.8616],[11.9376,49.8845],[11.8805,49.8845],[11.8919,49.9645],[11.9148,49.9645],[12.1034,49.9033],[12.2135,50.0089],[12.1278,50.1518],[12.0849,50.1518],[12.0837,50.2617],[11.8424,50.3274],[11.8272,50.373],[11.7646,50.398],[11.8647,50.448],[11.8647,50.423],[11.9272,50.423],[11.9397,50.4855],[12.0397,50.4355],[12.1147,50.4855],[12.0272,50.548],[11.9772,50.548],[11.7714,50.5559],[11.6212,50.3555],[11.4542,50.4557],[11.7046,50.7562],[11.9384,50.8564],[12.1221,50.823],[12.2022,50.773],[12.3022,50.7856],[12.3147,50.773],[12.3772,50.8106],[12.3522,50.8856],[12.2397,50.8981],[12.2397,50.9481],[12.1431,50.9895],[12.0647,51.0231],[11.7609,50.9929],[11.6938,51.0264],[11.6044,50.9817],[11.5598,51.0487],[11.5933,51.0711],[11.5709,51.1158],[11.6156,51.1716],[11.5933,51.194],[11.5598,51.1493],[11.5151,51.1716],[11.4033,51.0711],[11.381,51.0711],[11.3587,51.1381],[11.3251,51.1269],[11.3028,51.2163],[11.2022,51.2275],[11.1799,51.194],[10.9788,51.1716],[10.9453,51.1493],[10.8,51.1605],[10.7888,51.1158],[10.7553,51.1269],[10.5989,51.0599],[10.543,51.0823],[10.4984,50.9929],[10.4425,51.0487],[10.4524,51.207],[10.4266,51.2363],[10.2552,51.4303],[10.1617,51.4724],[10.1001,51.4519],[10.0899,51.4826],[9.977,51.4416],[9.977,51.4005],[9.8949,51.3903],[9.7923,51.339],[9.7307,51.3492],[9.6487,51.3082],[9.574,51.3104],[9.5944,51.2389],[9.4719,51.2593],[9.5025,51.3512],[9.4515,51.3818],[9.4208,51.4533],[9.4413,51.4941],[9.4106,51.5553],[9.38,51.5145],[9.3511,51.5982],[9.3254,51.5885],[9.3254,51.5803],[9.1613,51.5442],[9.2126,51.5339],[9.2023,51.4929],[9.1408,51.4826],[9.0792,51.4108],[8.9766,51.38],[8.9869,51.3185],[8.8637,51.2569],[8.8689,51.1235],[8.8381,51.0927],[8.9099,51.0004],[8.8483,50.908],[8.8073,50.9286],[8.756,50.8157],[8.715,50.9491],[8.7355,50.9593],[8.7047,51.0312],[8.7355,51.0825],[8.7047,51.103],[8.6329,51.0209],[8.5347,51.079]]]},"properties":{"NAME":"Swabia","SUBJECTO":"Swabia","PARTOF":"Swabia","BORDERPRECISION":3,"LINK":null}},
{"type":"Feature","geometry":{"type":"MultiPolygon","coordinates":[[[[10.55,51.575],[10.5976,51.5642],[10.6913,51.6178],[10.832,51.6111],[10.8722,51.6513],[10.8923,51.6379],[10.9526,51.6312],[10.9727,51.5843],[11.0591,51.5575],[11.1261,51.5798],[11.0666,51.7473],[11.1671,51.8031],[11.1819,51.7771],[11.2564,51.7957],[11.2824,51.7622],[11.3903,51.7696],[11.4164,51.8329],[11.4983,51.8292],[11.5876,51.9185],[11.6769,51.9185],[11.703,51.9445],[11.6881,51.952],[11.7923,52.0562],[11.8332,52.0748],[11.8153,52.1544],[11.9395,52.1382],[12.1069,52.2031],[12.1393,52.1868],[12.1069,52.1382],[12.1852,52.0734],[12.3635,52.0626],[12.5795,52.095],[13.1411,52.0464],[13.106,52.2409],[13.2464,52.2301],[13.3976,52.2517],[13.3868,52.0518],[13.6028,52.1112],[13.8005,52.0633],[13.8595,52.1477],[14.0114,52.1477],[14.0536,52.3249],[14.138,52.2743],[14.3236,52.3333],[14.3236,52.2743],[14.5514,52.2743],[14.5093,51.9621],[14.5261,51.8861],[15.2002,51.9853],[15.1741,51.7892],[14.867,51.7613],[14.867,51.5939],[15.2578,51.6218],[15.3415,51.2869],[15.267,51.023],[15.3088,50.906],[15.4722,50.8326],[15.5628,50.8213],[15.8183,50.7973],[15.8775,50.7158],[16.0029,50.7321],[16.0009,50.656],[16.2102,50.6859],[16.2378,50.7158],[16.3531,50.7049],[16.4428,50.6234],[16.3986,50.5691],[16.3047,50.5583],[16.2044,50.4632],[16.4514,50.352],[16.585,50.1812],[16.728,50.1486],[16.8271,50.2327],[17.0115,50.2869],[16.8844,50.4225],[16.8856,50.4877],[17.0144,50.4768],[17.2433,50.39],[17.3597,50.3357],[17.6788,50.3383],[17.5971,50.211],[17.7456,50.2489],[17.7447,50.1351],[17.7507,50.036],[17.8825,50.0301],[18.048,50.1026],[18.1878,50.0213],[18.5487,49.9617],[18.54,49.85],[18.6247,49.7566],[18.7963,49.7134],[18.7691,50.177],[18.7456,50.266],[19.5979,49.9541],[19.7723,50.1984],[20.0165,50.1984],[20.1212,50.303],[20.4701,50.303],[20.5747,50.4775],[21.098,50.4775],[21.6563,50.7915],[22.0051,51.1054],[22.3191,51.1054],[22.1796,51.0008],[23.0169,50.9798],[23.0448,50.7845],[23.3239,50.9519],[23.296,51.4822],[23.6076,51.5935],[23.6219,52.0823],[21.5317,53.4011],[22.8066,53.8076],[22.7397,53.9499],[22.699,54.4149],[22.6702,54.4939],[22.6625,54.5709],[22.7241,54.7328],[22.8243,54.7868],[22.7935,54.9024],[22.6316,54.9487],[22.5839,55.0094],[21.684,55.3535],[21.2755,55.8611],[20.9454,56.07],[20.996,56.0241],[21.0148,55.6971],[21.0185,55.634],[21.2163,55.3437],[21.2009,55.2614],[21.143,55.2558],[21.1623,55.2214],[21.1931,55.1664],[21.2239,55.1114],[21.1133,55.0892],[21.1919,54.9596],[21.1373,54.8455],[20.9852,54.8116],[20.7972,54.818],[20.1271,54.8456],[19.9426,54.8499],[19.8632,54.7517],[19.8332,54.5309],[19.8818,54.5254],[19.9381,54.6082],[20.0057,54.5475],[20.1942,54.575],[20.3267,54.564],[20.1886,54.522],[19.9775,54.4239],[19.7331,54.3103],[19.4568,54.2166],[19.3281,54.1615],[19.2303,54.167],[19.2321,54.2221],[19.3176,54.2717],[19.7577,54.4592],[19.7336,54.4612],[19.255,54.2772],[18.965,54.2276],[18.6731,54.2551],[18.5132,54.3158],[18.4538,54.5254],[18.3385,54.6026],[18.3629,54.6689],[18.7595,54.5364],[18.2794,54.7241],[17.6576,54.6855],[16.9759,54.5493],[16.4732,54.415],[16.1147,54.1996],[15.8984,54.1284],[15.3117,54.071],[15.0797,54.0025],[14.8858,53.9796],[14.5802,53.929],[14.4674,53.9104],[14.4729,53.8768],[14.4825,53.8185],[14.5569,53.7599],[14.5653,53.6936],[14.4953,53.6248],[14.5371,53.5382],[14.4332,53.5942],[14.2802,53.6134],[14.1896,53.6248],[14.1769,53.6834],[14.0097,53.6732],[13.8502,53.7293],[13.7805,53.7752],[13.7643,53.8772],[13.7378,54.0303],[13.6676,54.0842],[13.5552,53.8267],[13.2482,53.9663],[12.9003,53.9277],[12.771,53.7014],[12.8841,53.6852],[12.9811,53.7337],[13.0135,53.7337],[13.1428,53.7822],[13.1751,53.6691],[13.1104,53.6206],[13.1104,53.5721],[13.2074,53.6206],[13.2559,53.5721],[13.4014,53.7014],[13.4822,53.7014],[13.5307,53.6367],[13.5631,53.6367],[13.6116,53.6691],[13.8055,53.6044],[13.7732,53.4751],[13.6924,53.4266],[13.757,53.4266],[13.7247,53.2811],[13.6116,53.2811],[13.5307,53.0871],[13.4984,53.1195],[13.4176,53.0063],[13.2721,53.0225],[13.1913,52.9578],[13.062,52.9902],[13.062,52.9255],[13.1428,52.877],[13.1428,52.78],[13.1913,52.7962],[13.3044,52.6507],[13.2559,52.6184],[13.0943,52.6669],[13.0296,52.7477],[13.0943,52.78],[13.0781,52.8285],[12.9326,52.8608],[12.9326,52.9093],[12.8357,52.9417],[12.7872,52.8932],[12.5447,52.9902],[12.3507,53.071],[12.3022,53.0548],[12.0921,53.2003],[11.9628,53.2003],[11.9143,53.2488],[11.8819,53.2165],[11.8658,53.2488],[11.8173,53.2165],[11.7526,53.3458],[11.7203,53.1356],[11.6395,53.1518],[11.591,53.1195],[11.5101,53.1195],[11.5263,53.1033],[11.4617,53.0871],[11.397,53.1518],[11.3485,53.1518],[11.3162,53.1033],[11.2192,53.0387],[11.1869,53.0387],[11.0807,52.971],[11.1812,52.8873],[11.1477,52.8119],[11.1142,52.8203],[11.0975,52.7784],[11.1142,52.7533],[11.0807,52.7449],[11.064,52.7617],[10.9802,52.7114],[10.9216,52.7784],[10.8965,52.7617],[10.8714,52.7784],[10.7039,52.8203],[10.6872,52.77],[10.5532,52.8035],[10.5281,52.7366],[10.5364,52.4602],[10.5699,52.4602],[10.5699,52.4435],[10.5281,52.4435],[10.5113,52.3932],[10.5113,52.3681],[10.5029,52.3514],[10.5532,52.2928],[10.5532,52.276],[10.5783,52.2425],[10.5783,52.1755],[10.5532,52.1671],[10.5783,52.0918],[10.8433,51.8844],[10.6651,51.7278],[10.6543,51.7602],[10.5894,51.7494],[10.5894,51.717],[10.5354,51.7224],[10.53,51.7116],[10.5178,51.6768],[10.5386,51.663],[10.5714,51.6232],[10.5286,51.6018],[10.55,51.575]]],[[[14.4729,53.8768],[14.4248,53.915],[14.3053,53.915],[14.2272,53.9095],[14.2479,53.816],[14.3339,53.8297],[14.4591,53.8187],[14.4729,53.8768]]]]},"properties":{"NAME":"Prussia","SUBJECTO":"Prussia","PARTOF":"Prussia","BORDERPRECISION":3,"LINK":null}},
{"type":"Feature","geometry":{"type":"MultiPolygon","coordinates":[[[[21.6251,69.237],[21.4058,69.2735],[21.246,69.2275],[20.7906,68.9323],[20.7394,68.961],[20.5549,68.9751],[20.1656,68.9581],[20.039,68.4783],[19.9651,68.2765],[19.8427,68.1641],[19.6972,68.1708],[19.3961,68.2288],[18.9587,68.2937],[18.1795,68.4688],[18.1041,68.3863],[18.0942,68.0881],[18.057,67.9987],[17.9136,67.8642],[17.6009,67.8626],[17.2087,67.9051],[17.083,67.9119],[16.8739,67.8366],[16.206,67.3073],[16.2283,67.2113],[16.3051,66.9832],[16.2205,66.8281],[15.9435,66.6724],[15.3474,66.2587],[15.0384,66.0598],[14.5967,66.0502],[14.542,65.9404],[14.5153,65.5034],[14.3714,65.2341],[14.1989,65.0232],[13.9404,64.7986],[13.7179,64.5533],[13.8702,64.4967],[14.0416,64.3757],[14.155,64.1113],[14.0784,64.0322],[13.8802,63.9526],[13.5505,63.9366],[13.131,63.9487],[12.8531,63.8973],[12.5771,63.7816],[12.2992,63.5662],[12.1242,63.3446],[12.0896,63.046],[11.9327,62.554],[12.2256,62.2257],[12.0746,61.6985],[12.3366,61.5231],[12.658,61.4395],[12.7917,61.3299],[12.5974,61.0286],[12.174,60.9564],[12.431,60.6258],[12.548,60.4339],[12.4359,60.2781],[12.4228,60.0388],[12.077,59.8659],[11.8906,59.86],[11.8379,59.6696],[11.6103,59.5686],[11.7089,59.1949],[11.5633,58.8631],[11.3786,58.8571],[11.3108,59.0111],[11.1789,59.0703],[11.0392,58.9104],[11.1404,58.8512],[11.2214,58.3083],[11.4067,58.3313],[11.4311,58.2015],[11.6139,58.2473],[11.8019,58.1779],[11.7091,58.0247],[11.6098,57.8069],[11.7661,57.6727],[11.8811,57.509],[11.8766,57.3252],[12.0051,57.3252],[12.2886,56.8799],[12.526,56.7804],[12.6575,56.6108],[12.7859,56.6167],[12.8716,56.5115],[12.8048,56.4012],[12.6154,56.4356],[12.6524,56.2955],[12.4144,56.243],[12.5134,56.1206],[12.699,55.9051],[12.9859,55.6666],[12.8593,55.5329],[12.8876,55.4516],[12.8019,55.4168],[12.8024,55.3529],[13.3019,55.3007],[13.8233,55.4218],[13.9011,55.4052],[14.1172,55.3471],[14.2864,55.5155],[14.126,55.6666],[14.2589,55.8993],[14.4918,56.018],[14.6052,55.9808],[14.6529,56.1206],[15.2208,56.0804],[15.497,56.1672],[15.6962,56.061],[15.7705,56.0332],[16.0314,56.3531],[16.3762,56.8224],[16.3945,57.0743],[16.4942,57.2789],[16.6587,57.443],[16.5505,57.5452],[16.6072,57.6658],[16.4765,57.7021],[16.4595,57.8952],[16.5978,57.8665],[16.7246,57.8893],[16.7735,58.0379],[16.744,58.312],[16.5132,58.4281],[16.4429,58.6344],[17.0807,58.6499],[17.083,58.7481],[17.2454,58.7171],[17.3567,58.743],[17.5822,58.893],[17.6232,59.1001],[17.7391,59.1104],[17.7452,58.9861],[17.7264,58.9137],[17.7665,58.8723],[17.9401,58.9085],[18.0157,59.0379],[18.372,59.1571],[18.2734,59.2867],[18.5982,59.297],[18.6113,59.3333],[18.5155,59.4008],[18.4414,59.4008],[18.4296,59.3333],[18.3282,59.3697],[18.1114,59.323],[17.9776,59.3282],[17.8617,59.24],[17.5844,59.2711],[17.5749,59.2141],[17.3581,59.2452],[17.2658,59.3385],[16.9998,59.3593],[16.7765,59.4787],[16.4076,59.4475],[16.5232,59.5825],[16.7241,59.5306],[16.7855,59.5773],[17.0706,59.5461],[17.368,59.4683],[17.73,59.4164],[17.7953,59.3645],[18.0301,59.3593],[18.2514,59.4319],[18.6393,59.5669],[18.8679,59.7124],[19.0436,59.7124],[19.0373,59.8632],[18.8931,59.9257],[18.8041,60.1084],[18.4169,60.1816],[18.2244,60.323],[17.9307,60.5903],[17.7065,60.5536],[17.605,60.6375],[17.1885,60.6743],[17.3176,60.7531],[17.1462,60.9528],[17.1502,61.1977],[17.0652,61.5384],[17.1626,61.6299],[17.387,61.6584],[17.4968,62.0881],[17.3874,62.2008],[17.2902,62.4407],[17.7181,62.3567],[17.9363,62.548],[17.8682,62.7886],[17.9674,62.7746],[18.3032,62.7894],[18.3889,62.8534],[18.4866,62.9812],[18.785,63.138],[19.0759,63.2025],[19.3182,63.4448],[19.465,63.4807],[19.6703,63.3885],[19.9849,63.5173],[20.7007,63.8181],[20.8665,64.0256],[21.0489,64.2192],[21.3858,64.3846],[21.237,64.5205],[21.0643,64.592],[20.9212,64.7138],[21.3294,64.8944],[21.4894,65.0172],[21.4237,65.1039],[21.2773,65.2123],[21.5223,65.3723],[21.8187,65.3801],[21.9575,65.4457],[22.2016,65.7153],[22.4898,65.8834],[22.6456,65.9348],[22.7982,65.8548],[23.204,65.6808],[23.4057,65.7248],[23.8441,65.7985],[23.9477,65.7967],[24.2148,65.7859],[24.5911,65.5828],[25.1036,65.5401],[25.2515,65.4169],[25.1861,65.2427],[25.1326,65.0759],[25.2934,65.0039],[25.3519,64.9391],[25.3251,64.8024],[24.9319,64.816],[24.4701,64.6355],[24.094,64.3766],[23.5803,64.0821],[22.8255,63.5809],[22.7042,63.5806],[22.569,63.723],[22.4758,63.6016],[22.4288,63.395],[22.2924,63.2027],[22.075,63.1028],[21.9513,63.131],[21.6665,63.1873],[21.4947,63.123],[21.546,62.9741],[21.4813,62.8888],[21.1948,62.7607],[21.0618,62.6117],[21.0337,62.4773],[21.2001,62.4352],[21.3376,62.3436],[21.3464,62.1671],[21.2112,61.8709],[21.4052,61.7024],[21.561,61.4849],[21.5208,61.3796],[21.4983,61.1833],[21.4273,61.0151],[21.4432,60.6936],[21.5602,60.5125],[21.7468,60.4083],[21.931,60.3808],[22.2207,60.2588],[22.4215,60.2932],[22.3921,60.1212],[22.6246,60.2011],[23.0052,60.2088],[22.882,60.0556],[22.9821,59.9325],[23.2014,59.8185],[23.4189,59.8298],[23.6647,59.8356],[23.9611,59.9325],[23.9789,59.8811],[24.2814,59.9381],[24.4211,59.8698],[24.516,59.9895],[24.743,60.0382],[24.9695,60.0868],[24.993,60.0296],[25.1458,60.1097],[25.4499,60.1384],[25.5805,60.2623],[25.8455,60.1155],[25.8901,60.2358],[26.0377,60.2493],[26.3227,60.2702],[26.4428,60.3333],[26.5516,60.5707],[26.5259,60.3965],[26.5312,60.3935],[26.6946,61.122],[27.4429,61.2498],[27.4063,61.2595],[27.4324,61.2701],[27.4354,61.2955],[27.368,61.326],[27.3028,61.3294],[27.2703,61.3243],[27.2646,61.3787],[27.3006,61.4333],[27.2737,61.4681],[27.2978,61.4836],[27.2961,61.557],[27.2763,61.6529],[27.3292,61.6926],[27.3274,61.6318],[27.3392,61.5967],[27.359,61.5306],[27.4592,61.5235],[27.4764,61.5388],[27.4725,61.5499],[27.4709,61.5994],[27.488,61.6182],[27.4987,61.6],[27.515,61.5771],[27.5932,61.5813],[27.6646,61.6068],[27.6781,61.6364],[27.7575,61.6563],[27.773,61.6853],[27.7051,61.7307],[27.6226,61.7642],[27.6048,61.7808],[27.6264,61.801],[27.8163,61.7279],[27.8658,61.6964],[27.9178,61.657],[27.921,61.6269],[27.946,61.6014],[27.9996,61.5493],[28.0538,61.5105],[28.1039,61.5224],[28.1289,61.549],[28.1473,61.5507],[28.1846,61.5439],[28.2344,61.6213],[28.2479,61.7156],[28.2617,61.7445],[28.3056,61.7555],[28.3394,61.7493],[28.3688,61.7508],[28.4421,61.7679],[28.5391,61.8409],[28.6722,61.8256],[28.8067,61.8278],[28.8397,61.8463],[28.8384,61.8635],[28.7371,61.891],[28.697,61.9207],[28.5792,61.9928],[28.4269,62.0524],[28.4028,62.0691],[28.2967,62.0968],[28.1682,62.0961],[28.0862,62.1004],[28.0319,62.1083],[27.9257,62.1333],[27.8992,62.1572],[27.9024,62.2445],[27.8849,62.3061],[27.8766,62.3292],[27.8521,62.354],[27.844,62.3756],[27.7996,62.4294],[27.7554,62.4286],[27.6789,62.412],[27.5969,62.4178],[27.547,62.412],[27.4895,62.4431],[27.4591,62.4794],[27.4194,62.4961],[27.3666,62.4823],[27.2972,62.4768],[27.2358,62.5072],[27.1777,62.5534],[27.1589,62.5773],[27.1911,62.5718],[27.2954,62.518],[27.3395,62.5191],[27.3521,62.5436],[27.3728,62.5624],[27.398,62.5757],[27.6,62.4941],[27.6467,62.4984],[27.6699,62.5128],[27.669,62.5285],[27.608,62.6008],[27.6186,62.7098],[27.6483,62.735],[27.6662,62.7595],[27.6495,62.816],[27.6668,62.8738],[27.6838,62.9116],[27.652,62.9247],[27.6215,62.916],[27.5875,62.8997],[27.5637,62.8773],[27.5599,62.8507],[27.4941,62.8631],[27.4146,62.9016],[27.3912,62.9405],[27.3301,63.0013],[27.1761,63.0836],[27.1948,63.0993],[27.2068,63.1216],[27.1932,63.1694],[27.1966,63.2292],[27.1932,63.2893],[27.2135,63.3091],[27.2465,63.3084],[27.2393,63.332],[27.1902,63.3875],[27.1748,63.4385],[27.1348,63.4961],[27.068,63.5232],[27.0382,63.5166],[27.0203,63.501],[26.9589,63.5243],[26.8994,63.566],[26.8986,63.584],[27.1128,63.5463],[27.183,63.5179],[27.2338,63.4565],[27.2344,63.4271],[27.2105,63.4167],[27.2502,63.3762],[27.297,63.3557],[27.3382,63.346],[27.3628,63.3158],[27.347,63.2794],[27.3373,63.2133],[27.2639,63.1457],[27.3585,63.0679],[27.4396,63.0234],[27.5588,63.0012],[27.6053,63.0146],[27.6766,62.9794],[27.7228,62.9543],[27.7697,62.9456],[27.774,62.9957],[27.736,63.0585],[27.7674,63.0999],[27.8098,63.0923],[27.8484,63.0707],[27.8511,63.0321],[27.8882,63.0189],[28.0056,63.0403],[28.1064,63.0089],[28.2792,63.0314],[28.352,63.0397],[28.3497,63.0258],[28.3084,63.0029],[28.2623,62.9836],[28.1922,62.9635],[28.1545,62.933],[28.1868,62.8574],[28.1439,62.8252],[28.1494,62.8037],[28.1807,62.7718],[28.2113,62.73],[28.2389,62.706],[28.2683,62.6892],[28.2644,62.6628],[28.6531,62.5272],[28.799,62.4558],[28.898,62.3903],[28.8098,62.3817],[28.6593,62.42],[28.5289,62.4741],[28.4965,62.5014],[28.5651,62.4986],[28.5554,62.5226],[28.4817,62.5552],[28.4242,62.5753],[28.3671,62.5871],[28.34,62.5771],[28.2743,62.5652],[28.2114,62.5078],[28.1909,62.4476],[28.1693,62.4337],[28.1026,62.4419],[28.1057,62.476],[28.1384,62.5381],[28.0567,62.6904],[27.9794,62.7321],[27.8493,62.7194],[27.7656,62.6795],[27.7551,62.6524],[27.8015,62.6274],[27.7581,62.5832],[27.8458,62.5236],[27.9154,62.4303],[28.0396,62.4089],[28.042,62.3789],[27.9911,62.3374],[27.9626,62.2979],[27.97,62.2589],[28.0673,62.2438],[28.1439,62.2525],[28.2765,62.2562],[28.2771,62.2761],[28.3237,62.2873],[28.3579,62.2697],[28.4063,62.237],[28.506,62.2199],[28.5658,62.2216],[28.6085,62.2789],[28.6299,62.2943],[28.6703,62.3059],[28.699,62.3285],[28.6676,62.368],[28.6658,62.387],[28.6926,62.3833],[28.765,62.3484],[28.8351,62.2675],[28.8704,62.235],[28.8522,62.2124],[28.8373,62.1854],[28.7863,62.1772],[28.8258,62.1341],[28.9758,62.1424],[29.1394,62.1692],[29.1979,62.1771],[29.3305,62.1658],[29.3453,62.1859],[29.3527,62.2186],[29.319,62.2424],[29.2984,62.2748],[29.2984,62.3127],[29.278,62.3489],[29.2646,62.3936],[29.2967,62.4263],[29.3,62.4758],[29.2613,62.5508],[29.2792,62.5987],[29.3346,62.6003],[29.3518,62.5706],[29.3639,62.5304],[29.4216,62.5226],[29.5089,62.467],[29.6265,62.4185],[29.6503,62.4274],[29.6117,62.4618],[29.5889,62.5003],[29.5929,62.5268],[29.6163,62.5594],[29.6327,62.5972],[29.6973,62.6093],[29.7757,62.5773],[29.825,62.5181],[29.8854,62.4627],[29.9262,62.4336],[29.835,62.3887],[29.8019,62.3618],[29.7926,62.3348],[29.7685,62.313],[29.6876,62.3159],[29.6406,62.3099],[29.6202,62.2943],[29.599,62.2698],[29.6479,62.2234],[29.7274,62.1993],[29.7907,62.1995],[29.8737,62.1851],[29.9604,62.1638],[29.9815,62.1328],[29.9111,62.1152],[29.7083,62.1511],[29.6876,62.138],[29.6066,62.1448],[29.5178,62.1231],[29.4921,62.0889],[29.4697,62.08],[29.4922,62.0458],[29.5524,62.0028],[29.6148,61.9831],[29.6381,62.0045],[29.6854,62.0037],[29.7565,61.9495],[29.7754,61.9064],[29.777,61.8894],[29.7326,61.8741],[29.7271,61.8479],[29.6943,61.8343],[29.6601,61.8261],[29.6099,61.8021],[29.5311,61.7782],[29.4768,61.7421],[29.4262,61.7344],[29.2899,61.6487],[29.2657,61.6148],[29.1151,61.6002],[29.0984,61.5784],[28.941,61.6258],[28.7302,61.6712],[28.6291,61.6416],[28.6084,61.6174],[28.7604,61.6099],[28.7896,61.5899],[28.7225,61.5807],[28.6799,61.5581],[28.6795,61.5244],[28.6929,61.4839],[28.6455,61.4762],[28.5822,61.473],[28.5684,61.4421],[29.6985,61.6351],[30.6544,62.4003],[31.1059,62.7617],[32.4923,62.9342],[32.4293,63.0963],[30.8418,63.401],[30.4127,63.4834],[30.0068,63.7554],[29.8713,63.7946],[29.8607,63.8533],[29.4516,66.1292],[29.6877,66.8637],[29.6877,67.4146],[29.5565,67.913],[29.95,68.7261],[30.2095,69.3996],[29.9236,69.3546],[29.4628,69.1342],[29.0074,68.8318],[28.6972,68.6955],[28.6964,68.7853],[28.7397,68.9504],[29.133,69.3656],[29.1133,69.486],[28.717,69.6424],[28.4149,69.6937],[27.9087,69.8877],[27.6585,69.8864],[27.4089,69.8549],[26.5073,69.8125],[26.1177,69.6442],[26.0563,69.5986],[25.8625,69.4544],[25.7456,69.258],[25.7099,69.0324],[25.6254,68.8071],[25.0628,68.5947],[24.8007,68.429],[24.6617,68.4955],[24.0818,68.7168],[23.3362,68.6158],[22.7012,68.6349],[22.4598,68.6935],[22.0723,68.9613],[21.6251,69.237]],[[13.9454,59.0674],[13.9734,59.0658],[14.005,59.0682],[14.0384,59.0827],[14.0658,59.0972],[14.083,59.0999],[14.0895,59.0916],[14.0908,59.0794],[14.083,59.0643],[14.0717,59.0283],[14.0563,59.0169],[14.0499,59.0122],[14.0387,59.0044],[14.0121,59.0037],[13.9926,58.9864],[13.9952,58.9448],[13.9872,58.8981],[13.9752,58.8654],[13.9541,58.8437],[13.9241,58.8234],[13.8901,58.8005],[13.8593,58.7722],[13.8299,58.7443],[13.7995,58.7224],[13.7373,58.7039],[13.6311,58.6841],[13.5173,58.6633],[13.4366,58.642],[13.3581,58.6171],[13.3003,58.5614],[13.2402,58.5148],[13.1946,58.511],[13.1722,58.5119],[13.1476,58.5214],[13.1365,58.5413],[13.1494,58.5585],[13.1489,58.5734],[13.1482,58.5972],[13.1151,58.6083],[13.0406,58.6043],[12.9521,58.5716],[12.9128,58.5458],[12.8687,58.5038],[12.7983,58.4857],[12.7275,58.4521],[12.6792,58.4205],[12.6497,58.3969],[12.6243,58.3823],[12.602,58.376],[12.5796,58.3721],[12.5619,58.3732],[12.5506,58.3789],[12.5543,58.3944],[12.5727,58.4192],[12.5711,58.4322],[12.5543,58.4298],[12.507,58.3969],[12.375,58.3829],[12.3347,58.3738],[12.3133,58.3953],[12.3293,58.4339],[12.4877,58.5132],[12.6069,58.6171],[12.6113,58.6413],[12.5628,58.6502],[12.5252,58.6612],[12.5037,58.6946],[12.5009,58.7275],[12.4997,58.7645],[12.4713,58.7828],[12.4476,58.7828],[12.4255,58.8015],[12.4321,58.8125],[12.459,58.8174],[12.4738,58.8397],[12.4718,58.8769],[12.464,58.9207],[12.4686,58.9349],[12.4819,58.9306],[12.4973,58.92],[12.5103,58.9012],[12.5199,58.8674],[12.5264,58.8456],[12.5353,58.8321],[12.5571,58.8189],[12.5758,58.8257],[12.5997,58.8456],[12.6184,58.8869],[12.6469,58.9315],[12.6758,58.9867],[12.7084,59.0355],[12.7459,59.0648],[12.7841,59.0762],[12.8184,59.082],[12.8686,59.0727],[12.9453,59.0477],[13.0406,59.0143],[13.0617,58.9773],[13.0881,58.9466],[13.1221,58.9208],[13.1598,58.9051],[13.1951,58.8986],[13.2357,58.9051],[13.2436,58.9305],[13.2211,58.9927],[13.1773,59.0969],[13.1231,59.1975],[13.1033,59.2546],[13.103,59.274],[13.1081,59.2838],[13.1182,59.2955],[13.1301,59.319],[13.1427,59.3423],[13.1549,59.3529],[13.1731,59.3475],[13.1914,59.3246],[13.2179,59.3105],[13.2457,59.3103],[13.2517,59.315],[13.251,59.3245],[13.2489,59.3357],[13.2512,59.345],[13.2611,59.3518],[13.2775,59.3573],[13.3157,59.3612],[13.3782,59.3641],[13.4611,59.37],[13.5483,59.3813],[13.6283,59.3899],[13.6797,59.3897],[13.7197,59.378],[13.7385,59.3595],[13.7439,59.3415],[13.752,59.3312],[13.766,59.3309],[13.8003,59.3371],[13.8301,59.3409],[13.8674,59.3346],[13.9043,59.3277],[13.9333,59.3305],[13.9617,59.334],[13.9971,59.3291],[14.028,59.3201],[14.0455,59.3136],[14.0518,59.3048],[14.0557,59.29],[14.0543,59.2678],[14.0475,59.2412],[14.0273,59.2043],[13.9938,59.1572],[13.9463,59.1129],[13.9306,59.0898],[13.9454,59.0674]]],[[[12.9003,53.9277],[13.2482,53.9663],[13.5552,53.8267],[13.6676,54.0842],[13.431,54.0302],[13.3492,54.0635],[13.0638,54.1937],[13.0258,54.2652],[12.9431,54.347],[12.7648,54.2703],[12.6525,54.3214],[12.4625,54.2548],[12.7063,54.0894],[12.9003,54.0247],[12.8518,53.9439],[12.9003,53.9277]]],[[[27.6766,61.3104],[27.6586,61.3546],[27.6287,61.3834],[27.5557,61.3966],[27.5089,61.4085],[27.4179,61.4373],[27.3604,61.4217],[27.328,61.4002],[27.3676,61.369],[27.4754,61.3151],[27.5742,61.2722],[27.6498,61.2851],[27.6766,61.3104]]],[[[18.1581,57.3158],[18.1483,57.2353],[18.1733,57.1419],[18.2544,57.0792],[18.2567,57.0322],[18.2092,56.9892],[18.1583,56.9417],[18.1425,56.9203],[18.1403,56.915],[18.1478,56.9119],[18.1689,56.91],[18.2061,56.9119],[18.2156,56.9131],[18.295,56.9347],[18.3025,56.9375],[18.3467,56.9986],[18.3433,57.0144],[18.3358,57.0175],[18.3356,57.0233],[18.3392,57.0686],[18.3414,57.0739],[18.3456,57.0797],[18.3867,57.125],[18.3914,57.13],[18.3972,57.1342],[18.4172,57.1442],[18.4394,57.1528],[18.4556,57.1569],[18.4983,57.1653],[18.5147,57.1694],[18.5519,57.1828],[18.6581,57.2208],[18.7119,57.2417],[18.7144,57.2469],[18.7883,57.4483],[18.7694,57.4672],[18.7681,57.4722],[18.7597,57.508],[18.7933,57.6592],[18.8092,57.7036],[18.8489,57.7211],[18.9294,57.7397],[19.0333,57.8269],[19.0039,57.8989],[19.0061,57.9036],[19.0047,57.9086],[18.9142,57.9175],[18.9025,57.9183],[18.8819,57.9197],[18.725,57.9228],[18.7161,57.9211],[18.69,57.9161],[18.6819,57.9136],[18.4811,57.8186],[18.4672,57.8119],[18.4614,57.8078],[18.4564,57.8028],[18.4197,57.7603],[18.4017,57.7386],[18.3819,57.7186],[18.3558,57.6958],[18.3389,57.6817],[18.2947,57.6458],[18.2761,57.6342],[18.2492,57.6208],[18.2422,57.6175],[18.2278,57.6114],[18.2119,57.6058],[18.1914,57.5961],[18.1792,57.5883],[18.1386,57.5511],[18.1192,57.5311],[18.1114,57.5194],[18.11,57.5131],[18.1103,57.4961],[18.1153,57.4808],[18.1425,57.4094],[18.1581,57.3158]]],[[[13.591,54.486],[13.641,54.513],[13.647,54.516],[13.667,54.521],[13.67,54.522],[13.675,54.526],[13.678,54.532],[13.679,54.542],[13.678,54.563],[13.677,54.565],[13.672,54.569],[13.647,54.583],[13.639,54.585],[13.634,54.586],[13.618,54.586],[13.593,54.585],[13.516,54.577],[13.482,54.575],[13.456,54.573],[13.433,54.578],[13.407,54.589],[13.391,54.607],[13.383,54.639],[13.386,54.645],[13.391,54.649],[13.397,54.652],[13.422,54.657],[13.429,54.66],[13.442,54.671],[13.444,54.673],[13.443,54.676],[13.438,54.68],[13.43,54.682],[13.424,54.683],[13.384,54.681],[13.364,54.679],[13.292,54.673],[13.279,54.671],[13.263,54.667],[13.245,54.657],[13.231,54.648],[13.226,54.643],[13.225,54.64],[13.225,54.634],[13.245,54.559],[13.246,54.558],[13.251,54.558],[13.282,54.564],[13.286,54.565],[13.311,54.573],[13.33,54.583],[13.355,54.604],[13.375,54.61],[13.384,54.578],[13.426,54.57],[13.459,54.551],[13.503,54.55],[13.517,54.513],[13.503,54.493],[13.484,54.484],[13.447,54.489],[13.42,54.522],[13.395,54.542],[13.378,54.558],[13.367,54.58],[13.338,54.566],[13.304,54.55],[13.256,54.551],[13.231,54.552],[13.147,54.546],[13.167,54.513],[13.232,54.486],[13.229,54.465],[13.165,54.434],[13.208,54.428],[13.239,54.411],[13.268,54.383],[13.265,54.38],[13.261,54.379],[13.236,54.372],[13.223,54.369],[13.217,54.37],[13.201,54.373],[13.157,54.375],[13.151,54.375],[13.142,54.374],[13.134,54.372],[13.131,54.371],[13.129,54.368],[13.118,54.343],[13.117,54.339],[13.118,54.334],[13.122,54.331],[13.156,54.306],[13.25,54.258],[13.257,54.256],[13.268,54.255],[13.319,54.249],[13.393,54.221],[13.398,54.222],[13.424,54.234],[13.429,54.238],[13.429,54.244],[13.426,54.252],[13.422,54.259],[13.42,54.261],[13.413,54.265],[13.408,54.265],[13.403,54.265],[13.357,54.26],[13.355,54.27],[13.357,54.273],[13.359,54.275],[13.469,54.328],[13.504,54.342],[13.508,54.343],[13.684,54.349],[13.689,54.348],[13.712,54.324],[13.713,54.321],[13.711,54.297],[13.696,54.284],[13.694,54.283],[13.696,54.281],[13.711,54.272],[13.715,54.272],[13.727,54.274],[13.731,54.276],[13.744,54.331],[13.731,54.355],[13.714,54.378],[13.707,54.384],[13.702,54.388],[13.676,54.401],[13.667,54.402],[13.646,54.401],[13.631,54.401],[13.621,54.402],[13.617,54.404],[13.584,54.442],[13.578,54.454],[13.577,54.46],[13.576,54.462],[13.578,54.472],[13.581,54.478],[13.585,54.483],[13.591,54.486]]],[[[16.437,56.211],[16.474,56.224],[16.486,56.231],[16.496,56.241],[16.553,56.326],[16.572,56.355],[16.576,56.361],[16.575,56.367],[16.572,56.372],[16.57,56.377],[16.569,56.388],[16.571,56.394],[16.577,56.407],[16.636,56.519],[16.727,56.702],[16.77,56.796],[16.779,56.806],[16.785,56.81],[16.808,56.824],[16.817,56.826],[16.828,56.825],[16.837,56.827],[16.841,56.832],[16.848,56.844],[16.88,56.93],[16.927,57.038],[16.961,57.075],[17.009,57.132],[17.051,57.187],[17.124,57.321],[17.106,57.348],[17.099,57.351],[17.057,57.359],[17.036,57.352],[17.022,57.345],[17.01,57.337],[16.993,57.325],[16.983,57.316],[16.973,57.305],[16.966,57.294],[16.961,57.28],[16.959,57.274],[16.96,57.257],[16.966,57.242],[16.963,57.229],[16.959,57.224],[16.9,57.135],[16.848,57.064],[16.749,56.94],[16.645,56.884],[16.629,56.879],[16.617,56.874],[16.612,56.868],[16.543,56.776],[16.42,56.586],[16.396,56.536],[16.393,56.529],[16.392,56.465],[16.403,56.274],[16.411,56.225],[16.416,56.215],[16.421,56.211],[16.43,56.209],[16.437,56.211]]],[[[20.203,59.977],[20.211,59.98],[20.226,60],[20.227,60.003],[20.212,60.06],[20.205,60.064],[20.193,60.065],[20.164,60.069],[20.123,60.081],[20.11,60.088],[20.109,60.092],[20.103,60.096],[20.094,60.093],[20.008,60.067],[20.003,60.062],[19.999,60.055],[20.004,60.051],[20.129,59.995],[20.137,59.992],[20.203,59.977]]],[[[20.199,60.091],[20.2,60.086],[20.205,60.081],[20.263,60.054],[20.271,60.057],[20.298,60.104],[20.298,60.11],[20.295,60.121],[20.292,60.125],[20.287,60.129],[20.276,60.137],[20.269,60.141],[20.223,60.142],[20.216,60.139],[20.205,60.109],[20.199,60.091]]],[[[19.627,60.244],[19.612,60.253],[19.602,60.256],[19.589,60.257],[19.58,60.255],[19.572,60.252],[19.565,60.249],[19.541,60.23],[19.536,60.225],[19.512,60.181],[19.511,60.175],[19.523,60.151],[19.543,60.128],[19.551,60.125],[19.563,60.123],[19.575,60.122],[19.604,60.153],[19.673,60.15],[19.677,60.157],[19.674,60.173],[19.669,60.189],[19.666,60.193],[19.627,60.244]]],[[[19.914,60.217],[20.025,60.311],[20.037,60.311],[20.047,60.308],[20.062,60.301],[20.067,60.296],[20.12,60.24],[20.123,60.226],[20.106,60.221],[20.101,60.216],[20.082,60.179],[20.086,60.174],[20.092,60.17],[20.162,60.162],[20.172,60.164],[20.218,60.208],[20.277,60.274],[20.085,60.35],[19.906,60.4],[19.869,60.404],[19.857,60.404],[19.825,60.392],[19.808,60.377],[19.783,60.354],[19.78,60.349],[19.834,60.322],[19.839,60.32],[19.862,60.312],[19.868,60.317],[19.872,60.323],[19.874,60.329],[19.878,60.336],[19.883,60.342],[19.892,60.343],[19.899,60.34],[19.931,60.304],[19.937,60.295],[19.937,60.289],[19.935,60.283],[19.931,60.277],[19.817,60.188],[19.809,60.185],[19.796,60.187],[19.793,60.191],[19.761,60.238],[19.762,60.244],[19.768,60.249],[19.777,60.261],[19.783,60.293],[19.749,60.305],[19.649,60.262],[19.648,60.257],[19.696,60.164],[19.699,60.159],[19.722,60.126],[19.751,60.095],[19.772,60.081],[19.848,60.076],[19.859,60.076],[19.868,60.077],[19.873,60.081],[19.87,60.086],[19.869,60.091],[19.875,60.095],[19.895,60.097],[19.908,60.095],[19.918,60.093],[19.925,60.089],[19.928,60.084],[19.939,60.059],[19.944,60.043],[19.948,60.079],[19.951,60.085],[19.958,60.089],[19.968,60.09],[19.999,60.089],[20.022,60.086],[20.044,60.086],[20.051,60.09],[20.053,60.096],[20.051,60.101],[20.026,60.154],[19.987,60.17],[19.946,60.181],[19.937,60.184],[19.931,60.188],[19.927,60.193],[19.914,60.212],[19.914,60.217]]],[[[20.387,60.193],[20.397,60.195],[20.409,60.204],[20.441,60.243],[20.442,60.248],[20.441,60.253],[20.436,60.258],[20.394,60.267],[20.376,60.267],[20.366,60.266],[20.348,60.252],[20.343,60.247],[20.341,60.241],[20.342,60.235],[20.345,60.231],[20.387,60.193]]],[[[27.9859,62.9772],[27.9034,62.9729],[27.8494,62.9514],[27.842,62.911],[27.8863,62.8344],[28.0107,62.7753],[28.0716,62.7458],[28.1088,62.7551],[28.1088,62.7878],[28.0994,62.8516],[28.0748,62.9352],[28.0621,62.976],[27.9906,62.9775],[27.9859,62.9772]]],[[[27.7976,61.4049],[27.9137,61.4421],[27.9593,61.4804],[27.9688,61.5032],[27.9463,61.5275],[27.9232,61.5259],[27.8586,61.5188],[27.7939,61.5379],[27.7316,61.5475],[27.7122,61.5338],[27.7005,61.4876],[27.6658,61.4828],[27.5903,61.4864],[27.5484,61.4912],[27.5196,61.4852],[27.564,61.4564],[27.6622,61.4349],[27.7122,61.4028],[27.7496,61.4014],[27.7976,61.4049]]],[[[28.4162,61.4165],[28.4945,61.444],[28.4956,61.4782],[28.4449,61.5157],[28.4592,61.5584],[28.4935,61.6017],[28.5364,61.6215],[28.5154,61.6987],[28.4756,61.7229],[28.3876,61.7119],[28.3281,61.7295],[28.2773,61.7097],[28.2807,61.6645],[28.2861,61.6226],[28.3082,61.5818],[28.2426,61.5391],[28.2398,61.5234],[28.2553,61.4969],[28.2454,61.4727],[28.2256,61.4429],[28.2401,61.3942],[28.307,61.4076],[28.4162,61.4165]]],[[[29.4448,61.9481],[29.4742,61.9507],[29.477,61.9668],[29.4422,62.0377],[29.3632,62.1046],[29.3223,62.1296],[29.232,62.1261],[29.1865,62.1221],[29.1024,62.1177],[29.0191,62.1248],[28.9389,62.1046],[28.8091,62.0819],[28.7033,62.0819],[28.6912,62.0364],[28.7141,61.9949],[28.8277,61.9628],[28.9442,61.8731],[28.9897,61.8021],[29.1369,61.7754],[29.2546,61.8075],[29.3093,61.8695],[29.3271,61.944],[29.3418,61.9708],[29.4033,61.9749],[29.4448,61.9481]]]]},"properties":{"NAME":"Sweden","SUBJECTO":"Sweden","PARTOF":"Sweden","BORDERPRECISION":3,"LINK":null}},
{"type":"Feature","geometry":{"type":"MultiPolygon","coordinates":[[[[30.4328,46.1757],[30.5205,46.2514],[30.8329,46.5766],[31.0872,46.6355],[31.5377,46.7014],[31.781,46.7019],[31.9513,46.8646],[32.1888,46.5922],[31.9259,46.4099],[32.1141,46.2156],[32.2022,46.1704],[32.5164,46.1256],[32.9729,46.1459],[33.3325,46.1661],[33.5279,46.1341],[33.6388,45.9268],[33.5395,45.8747],[33.1916,45.7898],[32.9023,45.6726],[32.5032,45.4451],[32.5753,45.3611],[32.6434,45.3806],[32.9263,45.3877],[33.0135,45.3814],[33.3979,45.2527],[33.5167,45.1235],[33.5594,44.9361],[33.3955,44.6005],[33.6602,44.5237],[34.0137,44.4921],[34.135,44.5375],[34.3722,44.7572],[34.6142,44.8415],[35.0673,44.8617],[35.3867,45.0819],[35.5996,45.1017],[35.8655,45.0311],[36.0047,45.0443],[36.2648,45.0966],[36.3671,45.1615],[36.4151,45.2716],[36.521,45.3883],[36.3232,45.4397],[35.8498,45.4452],[35.5462,45.3799],[35.3167,45.3212],[35.0634,45.3401],[34.99,45.45],[35.0319,45.5343],[35.0081,45.6119],[34.1273,46.0639],[33.8391,46.1931],[34.0642,46.2649],[34.4957,46.2787],[34.6923,46.2531],[34.9068,46.273],[35.0464,46.3577],[35.2124,46.6371],[35.4161,46.4947],[35.6243,46.5211],[35.8506,46.6644],[36.354,46.7758],[36.8646,46.8093],[37.1926,46.8944],[37.4221,47.0769],[37.8593,47.1037],[38.2097,47.1505],[38.8002,47.2292],[39.1599,47.2689],[39.1941,47.243],[39.2824,47.074],[38.7227,46.8779],[38.4011,46.7214],[38.0319,46.6687],[37.8666,46.6554],[37.7571,46.6032],[37.9702,46.4413],[38.2649,46.3186],[38.459,46.0789],[38.2272,46.0201],[37.9899,46.0067],[37.8679,45.7925],[37.7061,45.5784],[37.6613,45.3452],[37.461,45.3125],[37.2277,45.312],[36.9599,45.2274],[37.3179,44.9242],[37.4739,44.6924],[37.6217,44.6733],[37.7741,44.7445],[37.8804,44.7189],[38.1092,44.4938],[38.277,44.4232],[38.5561,44.3851],[38.9237,44.2119],[39.4587,43.8329],[40.0981,43.3776],[40.2516,43.2682],[40.5571,43.1466],[40.9693,43.0767],[41.1226,43.0191],[41.4097,42.7882],[41.5027,42.6085],[41.6518,42.1206],[41.6805,41.7933],[41.6661,41.7292],[41.5211,41.4658],[41.484,41.4365],[42.029,41.3998],[42.2501,41.369],[42.3515,41.4016],[42.6938,41.5637],[42.8784,41.5455],[43.9568,42.5912],[44.0525,42.5592],[44.1695,42.6124],[44.2972,42.6124],[44.3716,42.6869],[44.4142,42.7294],[44.5099,42.7614],[44.6695,42.7614],[44.7865,42.7294],[44.8716,42.6656],[44.9354,42.7401],[44.978,42.772],[45.0312,42.772],[45.1375,42.7188],[45.2014,42.6763],[45.2971,42.6763],[45.3822,42.6231],[45.4779,42.5486],[45.6481,42.5486],[45.8077,42.538],[45.8609,42.4741],[45.8077,42.389],[45.7545,42.2508],[45.9141,42.1231],[46.0417,42.0487],[46.1587,42.0061],[46.2864,41.9848],[46.3927,41.9955],[46.4991,41.9636],[46.5558,41.8785],[46.6587,41.8891],[46.6693,41.8146],[46.765,41.8359],[46.8501,41.8359],[46.914,41.7508],[47.1267,41.6232],[47.1693,41.57],[47.2224,41.57],[47.3501,41.4423],[47.3501,41.304],[47.616,41.2615],[47.8181,41.1977],[47.9883,41.2189],[48.0628,41.3147],[48.2011,41.4636],[48.2237,41.4711],[47.2486,42.7849],[47.1948,43.3759],[47.4934,43.5832],[47.5383,43.6731],[47.5653,43.844],[47.4394,44.0328],[47.3315,44.1856],[47.2236,44.2036],[47.1427,44.3385],[46.9988,44.3565],[46.8459,44.4464],[46.81,44.5363],[46.8729,44.6802],[47.0258,44.7881],[47.1697,44.86],[47.2506,44.9859],[47.3945,45.1748],[47.4754,45.3186],[47.5563,45.4535],[47.6552,45.5434],[47.6013,45.6603],[47.6282,45.7322],[47.6732,45.7502],[47.7541,45.7143],[47.871,45.6783],[48.0149,45.7143],[48.3026,45.7682],[48.4825,45.8851],[48.6353,45.975],[48.7702,45.8851],[48.8331,45.9211],[48.8331,46.02],[48.8331,46.0829],[48.8871,46.0829],[49.0579,46.1369],[49.2378,46.2628],[49.3132,46.3527],[49.4086,46.4336],[49.5345,46.5415],[49.7233,46.5325],[49.9481,46.5595],[50.2718,46.6854],[50.6315,46.9102],[50.8204,46.9192],[51.1171,47.063],[51.3689,47.09],[51.7729,47.4621],[51.3871,48.1051],[51.9015,49.3911],[51.1299,50.4199],[51.3871,51.0629],[55.245,51.7059],[58.3314,50.9343],[58.8458,52.4774],[59.103,53.6348],[64.4571,53.5813],[64.6874,54.2723],[72.9916,55.3066],[74.9206,54.1492],[78.65,50.8057],[81.4791,50.2913],[84.2673,49.2046],[83.1155,48.2832],[85.3829,48.1477],[85.6015,48.231],[90,51.5694],[91.9653,51.5694],[92.591,52.4002],[93.5674,52.3489],[95.1874,53.7955],[95.8658,53.7955],[97.3194,52.8265],[97.6101,52.1481],[98.9176,52.037],[99.2954,51.9465],[99.7582,51.9027],[100.2246,51.8193],[101.0112,51.6717],[101.327,51.5678],[101.7724,51.4252],[102.1174,51.3611],[102.1822,51.2692],[102.1842,51.0256],[102.2657,50.809],[102.4496,50.6062],[102.639,50.4562],[103.3779,50.2173],[103.6808,50.1664],[104.7969,50.4086],[105.1551,50.4433],[105.6824,50.4264],[106.3229,50.4167],[106.6685,50.3135],[107.2684,49.9758],[107.5491,49.8271],[108.0583,49.6862],[108.4235,49.5185],[109.0169,49.4042],[109.424,49.2955],[109.8669,49.2588],[110.1999,49.241],[110.9203,49.2905],[111.3783,49.319],[111.6178,49.3529],[112.0081,49.4006],[112.5245,49.462],[112.7612,49.535],[113.0331,49.6539],[113.2347,49.8312],[113.5744,50.0552],[114.0983,50.2743],[114.2483,50.2751],[114.5226,50.2963],[114.8555,50.2259],[115.1937,49.9983],[115.3466,49.9403],[115.7337,49.864],[116.2862,49.9976],[116.566,50.0056],[116.7598,49.9299],[116.7805,49.9218],[116.9841,49.8446],[117.4905,49.5863],[117.645,49.5936],[117.842,49.6338],[118.9403,49.9725],[119.2912,50.125],[119.3465,50.2301],[119.3217,50.3677],[119.1639,50.5244],[119.1366,50.5899],[119.1823,50.7017],[119.3722,50.8933],[119.5595,51.1376],[119.8598,51.4881],[120.129,51.7334],[120.746,52.0071],[120.8211,52.3642],[120.7731,52.4763],[120.5636,52.6142],[120.3129,52.6261],[119.9427,52.591],[119.9965,52.7038],[120.1653,52.8305],[120.7022,53.1845],[120.9171,53.2586],[121.1878,53.3197],[121.6748,53.3571],[121.6609,53.7604],[120.9211,53.8344],[121.0691,54.2783],[120.9211,54.5002],[121.217,54.7221],[121.291,55.092],[121.7349,55.388],[121.9568,55.9058],[122.6966,55.9798],[123.5104,56.4237],[124.1022,56.2757],[124.5461,56.2757],[124.916,56.2017],[126.5435,56.4976],[126.9134,56.4976],[128.1711,56.7196],[128.8369,56.6456],[129.2068,56.8675],[130.3904,56.0538],[130.9083,55.24],[130.5384,53.9084],[131.1302,53.9084],[132.018,52.4288],[132.3879,52.3548],[133.1277,52.6507],[133.4236,52.6507],[134.2373,53.4645],[134.6812,52.9466],[135.273,53.0206],[136.1608,53.0206],[137.2392,53.4565],[137.0713,53.4895],[137.1217,53.5894],[137.3258,53.7431],[137.3829,53.8098],[137.0407,53.8625],[136.7702,53.6954],[136.4871,53.6548],[136.3507,53.7012],[136.3435,53.8878],[136.4916,54.4555],[136.1964,54.475],[135.7258,54.4073],[135.3126,54.4132],[135.0945,54.4328],[134.902,54.5594],[134.8937,54.7199],[134.9852,54.8539],[135.2695,55.0287],[136.1194,55.4206],[136.5213,55.5899],[137.2291,55.9827],[137.6019,56.2403],[138.3459,56.8042],[138.8668,57.1245],[139.2938,57.3362],[140.0287,57.6441],[140.4998,58.1708],[140.5874,58.2393],[140.9943,58.3906],[141.3496,58.5009],[141.5908,58.7275],[141.9238,58.9409],[142.3578,59.141],[142.8459,59.2725],[142.9268,59.2796],[143.3029,59.2665],[143.8241,59.295],[144.3898,59.3099],[144.8457,59.2832],[145.4041,59.3255],[145.4957,59.2088],[145.5128,59.0369],[145.6526,58.9754],[145.957,58.9829],[146.0235,59.196],[146.054,59.2511],[146.3074,59.286],[146.7064,59.2248],[146.9996,59.191],[147.3522,59.2329],[147.9192,59.2615],[148.1028,59.2068],[148.4161,59.0974],[148.6303,59.194],[148.7472,59.2974],[148.7284,59.4763],[149.0453,59.5872],[149.3803,59.6085],[149.7296,59.5953],[150.1201,59.3895],[150.2787,59.3622],[150.6634,59.4318],[151.1402,59.4396],[151.5236,59.3439],[151.8573,59.0558],[151.7833,59.035],[151.3927,58.9794],[151.0562,58.9238],[151.0075,58.7933],[151.1354,58.7318],[151.3545,58.6911],[151.6907,58.7535],[152.1912,58.9259],[152.5042,58.7687],[152.8283,58.9477],[152.9682,58.9961],[153.1399,59.0101],[153.4541,58.9489],[153.9244,58.9223],[154.3871,59.04],[154.9059,59.1028],[154.878,59.1577],[154.7528,59.2812],[154.1818,59.3008],[153.9445,59.3967],[153.943,59.5688],[154.0922,59.7759],[154.3157,59.9833],[154.6933,60.199],[155.1518,60.3944],[155.7339,60.5554],[155.6667,60.778],[155.8508,60.883],[156.4184,61.1213],[156.3812,61.2051],[156.4232,61.401],[156.8252,61.5628],[157.098,61.6334],[157.5283,61.6693],[158.1184,61.7195],[158.8413,61.784],[159.1064,61.7073],[159.2311,61.5463],[159.4546,61.5608],[159.9658,61.765],[160.1183,61.7513],[160.1493,61.6602],[160.0562,61.5129],[159.8569,61.3025],[159.7435,61.0996],[159.8155,60.9811],[160.2356,60.947],[160.077,60.7376],[160.0071,60.5913],[160.1188,60.5636],[160.645,60.7178],[161.5358,61.1868],[162.2352,61.5099],[162.4506,61.5594],[162.7488,61.609],[162.7669,61.6721],[162.7106,61.7632],[163.0092,62.1783],[162.9902,62.3261],[163.3403,62.4113],[163.8184,62.4897],[164.1377,62.5327],[165.0672,62.4357],[165.2857,62.2881],[165.0548,62.2595],[164.2772,62.2229],[164.0083,62.1309],[163.9259,61.955],[163.9423,61.7374],[163.5757,61.3305],[163.8314,61.2331],[163.7927,61.1282],[163.4448,60.8903],[163.3293,60.6949],[162.3811,60.4636],[161.8179,60.268],[161.7008,60.0735],[161.5352,59.9417],[160.8442,59.5542],[160.4519,59.3539],[159.6491,58.9537],[159.5863,58.8027],[159.3927,58.6104],[159.1043,58.4249],[158.3263,58.0268],[157.9617,57.8828],[157.5112,57.7455],[156.7769,57.5805],[156.8395,57.5057],[156.8777,57.3627],[156.8147,57.2606],[156.5579,56.9475],[156.2358,56.7568],[155.703,56.3696],[155.6276,56.2679],[155.5057,55.6396],[155.4535,55.2758],[155.4652,54.9198],[155.5831,54.5521],[155.6302,54.4654],[155.6381,54.3184],[155.7075,54.065],[155.7108,53.8049],[155.9418,53.1931],[156.0381,52.7815],[156.1752,52.6093],[156.3332,52.2716],[156.3619,51.9142],[156.4747,51.6038],[156.5637,51.2344],[156.6964,50.9577],[156.8246,51.0041],[157.2095,51.229],[157.8978,51.666],[158.258,52.0171],[158.3895,52.2027],[158.4624,52.5871],[158.4317,52.7131],[158.4614,52.826],[158.7881,52.9594],[159.3198,53.1265],[159.5918,53.1336],[159.8969,53.2406],[159.9221,53.3005],[159.9048,53.4002],[159.6835,53.5794],[159.6332,53.7058],[159.6951,53.8592],[159.9311,54.0864],[160.0274,54.1533],[160.4043,54.3676],[160.6829,54.4483],[160.8376,54.4486],[161.1364,54.4091],[161.5666,54.4232],[161.8759,54.5641],[162.0082,54.7382],[161.9385,54.8451],[161.6474,54.9851],[161.5027,55.2874],[161.6094,55.5569],[161.8613,55.8609],[162.3176,56.2401],[162.5218,56.3487],[162.7219,56.3423],[162.5472,56.1053],[162.5546,56.0107],[162.7713,55.9166],[163.0091,55.9441],[163.166,56.1065],[163.1723,56.3838],[163.098,56.5597],[162.7443,56.5997],[162.6128,56.8029],[162.5124,57.0335],[162.5933,57.1695],[162.932,57.3742],[163.1278,57.5516],[163.0784,57.6265],[162.8257,57.701],[162.2037,57.6794],[161.9892,57.7199],[161.7999,57.8627],[161.8044,58.1017],[161.9384,58.2592],[162.22,58.4855],[162.6159,58.733],[162.9074,58.8913],[162.7534,58.9665],[162.8352,59.0559],[163.2545,59.2904],[163.0998,59.3589],[163.0429,59.462],[163.1064,59.5792],[163.3887,59.8141],[163.5163,59.8557],[163.7668,59.8838],[163.6497,59.792],[164.1105,60.0782],[164.3281,59.9607],[164.4419,59.7402],[164.5846,59.6647],[164.8816,59.7341],[164.933,59.9619],[165.1136,60.0314],[165.4154,60.1152],[165.78,60.3541],[165.9563,60.3105],[166.2034,60.3526],[165.945,59.7706],[166.0272,59.7087],[166.2685,59.8333],[166.8684,60.1734],[167.104,60.271],[167.6896,60.3554],[168.2109,60.4329],[168.6708,60.4546],[169.1541,60.4346],[169.4557,60.2963],[169.5316,60.1299],[169.6136,60.0122],[169.8775,59.8746],[170.0601,59.8818],[170.2731,60.0134],[170.2684,60.1451],[170.3368,60.2771],[170.5197,60.3399],[171.0724,60.4521],[171.2484,60.6542],[172.0001,60.8576],[172.1082,60.9833],[172.4924,61.2633],[172.9183,61.2781],[173.1263,61.3694],[173.3426,61.5518],[173.4809,61.6011],[173.9268,61.616],[174.2504,61.7147],[174.3487,61.799],[174.5423,61.8907],[174.6527,61.8909],[175.1726,61.9691],[176.5491,62.3797],[176.5805,62.4291],[176.832,62.6764],[176.9683,62.6908],[177.1903,62.67],[177.1349,62.55],[177.2908,62.4868],[177.691,62.4523],[178.2503,62.3829],[178.4519,62.3199],[178.7377,62.2993],[179.0488,62.3914],[179.2422,62.5257],[179.2318,62.6385],[179.2877,62.8151],[178.9316,62.7651],[179.0043,62.9702],[178.9395,63.0833],[178.714,63.1537],[178.5011,63.3802],[178.3444,63.458],[178.0777,63.4291],[178.4026,63.6641],[178.3716,63.7494],[178.2878,63.9129],[178.1765,64.0053],[178.1473,64.1566],[177.8134,64.0474],[178.0111,64.1921],[177.5347,64.0897],[177.1932,64.2104],[177.0816,64.303],[177.0816,64.5174],[176.9305,64.5529],[176.7532,64.5711],[176.4678,64.409],[176.044,64.5012],[175.8998,64.5474],[176.156,64.6779],[175.9651,64.9037],[176.1802,64.868],[176.3317,64.7729],[176.7125,64.7817],[177.1347,64.9274],[177.0263,64.8442],[177.2515,64.8561],[177.3735,64.7614],[177.4267,64.6067],[177.8441,64.5832],[178.0044,64.5477],[178.4738,64.5772],[178.726,64.6063],[179.016,64.7729],[179.3091,64.7865],[180,64.9535],[180,65.0519],[180,65.311],[180,65.3816],[180,65.9631],[180,66.9631],[180,67.9631],[180,68.9199],[179.2815,69.1473],[178.965,69.2291],[178.6289,69.2585],[178.0428,69.4076],[177.705,69.4896],[177.0792,69.5336],[176.546,69.6229],[176.1922,69.7127],[175.611,69.7794],[174.5745,69.7851],[173.6367,69.7607],[173.0083,69.6917],[172.9082,69.8348],[172.3592,69.9092],[171.8484,69.9385],[171.3022,69.9752],[170.4517,70.0192],[170.2363,69.762],[170.0563,69.6109],[170.4313,69.5589],[170.7932,69.184],[170.9049,69.0343],[170.8328,68.9219],[170.0889,68.7785],[169.3886,68.7175],[169.1132,68.7842],[168.9861,68.9634],[168.5924,69.1125],[168.1,69.2315],[167.9216,69.3287],[167.5032,69.5686],[167.3201,69.6586],[166.7004,69.4317],[166.3092,69.3783],[165.3301,69.4066],[164.6365,69.4128],[164.3182,69.4649],[164.0537,69.66],[163.7224,69.6745],[163.0382,69.5452],[162.2749,69.5363],[162.1178,69.5586],[161.961,69.5282],[161.4161,69.3542],[161.1708,69.1586],[160.8623,69.0831],[160.674,69.2703],[160.6816,69.5785],[160.3924,69.6156],[160.0166,69.6224],[159.673,69.6519],[159.4438,69.7646],[159.5727,69.999],[159.6279,70.2198],[159.4656,70.395],[159.2292,70.5475],[158.9341,70.6235],[158.4087,70.8142],[158.078,70.8673],[157.3964,70.9275],[156.0432,70.9866],[155.0492,70.9385],[153.9165,70.7905],[153.4044,70.7282],[152.7906,70.681],[152.134,70.6644],[151.8991,70.733],[151.6448,70.8938],[151.48,71.0858],[151.1195,71.2548],[150.6937,71.3467],[149.7154,71.4376],[148.9622,71.5679],[148.7109,71.6294],[149.722,71.8952],[149.6225,71.9419],[149.5303,72.0274],[149.1045,72.0889],[148.698,72.1662],[148.1595,72.1964],[146.9151,72.2019],[146.1861,71.8421],[145.7462,71.6937],[145.3338,71.6309],[145.1004,71.5762],[144.8013,71.5911],[144.8808,71.7231],[145.2614,71.8404],[145.6782,71.9267],[145.815,72.0984],[145.6646,72.1605],[145.2096,72.1207],[144.8204,72.1433],[145.6,72.4262],[144.5618,72.4556],[144.2674,72.5021],[143.8188,72.5326],[142.9025,72.6172],[142.2002,72.6787],[141.4084,72.7873],[141.294,72.7871],[140.5891,72.4952],[140.215,72.4319],[139.7556,72.4232],[139.3118,72.3832],[139.1683,72.3438],[138.9693,72.2105],[139.05,72.1638],[139.3388,72.1644],[139.8479,72.2356],[139.806,72.0015],[139.7386,71.8379],[139.8257,71.6284],[139.7445,71.4036],[139.1588,71.418],[138.8999,71.5026],[138.6749,71.6184],[138.4461,71.6103],[138.1194,71.4702],[138.1138,71.3851],[138.1754,71.362],[138.0758,71.246],[137.8549,71.1298],[137.7713,71.0988],[137.6297,71.0754],[136.765,71.4058],[136.2266,71.5132],[135.8606,71.5434],[135.5106,71.5118],[134.6229,71.3013],[134.2414,71.2619],[133.7439,71.3228],[133.1384,71.4532],[132.7906,71.592],[132.6843,71.8014],[132.5538,71.809],[132.2836,71.6609],[131.7917,71.1879],[131.4127,70.8638],[131.0548,70.6865],[130.7793,70.6783],[130.1717,70.8153],[129.3552,71.1757],[128.7835,71.538],[128.4325,71.7546],[128.1701,71.8319],[127.7141,72.0101],[127.4175,72.1422],[127.1209,72.2119],[126.69,72.2189],[126.2253,72.2493],[126.1113,72.2804],[126.2164,72.3823],[127.3135,72.7139],[128.1706,72.8965],[128.291,72.9125],[128.5249,72.9523],[128.4989,73.1259],[128.3148,73.2075],[127.7196,73.4015],[127.0968,73.4163],[126.487,73.3834],[125.7173,73.3978],[125.3346,73.5241],[124.8177,73.6582],[124.4567,73.7053],[124.2222,73.6969],[123.4099,73.4808],[123.425,73.4332],[123.4422,73.3302],[123.5148,73.172],[122.8824,72.7528],[122.2433,72.9091],[121.6995,72.9002],[120.5785,72.8351],[120.1128,72.8815],[119.7986,72.9125],[119.4174,72.9669],[118.4978,73.0362],[118.3385,73.1861],[118.4604,73.5192],[117.9188,73.5341],[117.5346,73.5493],[116.6711,73.6192],[115.6115,73.6252],[114.9341,73.5603],[114.1867,73.551],[113.547,73.2009],[113.3117,73.3827],[113.3077,73.613],[113.2216,73.7481],[112.997,73.7796],[112.4768,73.6591],[112.0934,73.6346],[111.7617,73.6578],[111.4949,73.7449],[111.2153,73.7683],[110.9441,73.9433],[110.5513,74.0384],[110.2896,73.9421],[110.1632,73.8301],[110.1784,73.7982],[110.4,73.7429],[110.4423,73.5679],[109.9906,73.44],[109.5952,73.3916],[108.7496,73.2632],[107.8043,73.1428],[107.2499,73.1338],[106.5015,73.0613],[106.087,72.8554],[105.6002,72.7443],[105.2788,72.7515],[106.2083,73.2585],[107.2655,73.5222],[108.3399,73.6912],[108.6969,73.8194],[110.0547,74.2537],[111.5866,74.731],[112.1113,74.7804],[112.5771,74.8862],[113.625,75.2727],[113.2216,75.4368],[113.1134,75.4944],[113.723,75.8688],[113.533,76.0937],[113.1489,76.0595],[112.8223,76.0589],[112.5885,76.2592],[112.0572,76.4514],[111.4273,76.5681],[110.5477,76.6423],[109.9402,76.6327],[109.6564,76.6913],[108.8595,76.6475],[108.2445,76.6464],[107.7715,76.4012],[107.666,76.4431],[107.2908,76.4339],[106.404,76.4323],[106.5374,76.5672],[107.0714,76.771],[107.2401,76.8984],[107.1603,76.9491],[106.2429,76.9135],[105.5281,76.98],[104.7046,76.9275],[104.4851,76.995],[104.7823,77.1488],[105.4697,77.3293],[105.4495,77.4491],[105.0625,77.5685],[104.3937,77.5672],[103.9466,77.5922],[103.3933,77.5578],[102.3897,77.3748],[101.6905,77.2026],[101.1665,77.0058],[101.1115,76.8529],[101.3895,76.625],[100.8303,76.4554],[100.4074,76.4714],[99.9832,76.437],[99.7736,76.2854],[99.8334,76.21],[99.7794,76.0593],[99.4672,75.9669],[99.1586,75.9997],[98.7162,76.074],[98.2887,76.0565],[97.6837,75.9552],[97.1164,75.8708],[96.6582,75.8533],[95.9818,75.902],[96.1394,76.0859],[95.9673,76.1692],[95.4877,76.1683],[94.6943,76.1836],[94.3096,76.0741],[93.5921,75.8808],[92.6705,75.7626],[91.6347,75.6527],[90,75.6015],[90,75.5585],[89.7963,75.5244],[89.6846,75.5082],[89.2847,75.4661],[87.9223,75.0599],[87.4875,74.9609],[86.9583,74.7821],[86.8126,74.5399],[86.8135,74.4353],[86.9776,74.299],[87.394,74.1795],[87.5406,74.0997],[87.6908,73.9],[87.5696,73.7721],[87.1397,73.6041],[86.905,73.5559],[86.1235,73.4511],[86.3264,73.6344],[86.7569,73.7866],[86.4921,73.8738],[85.8562,73.8248],[85.3812,73.6963],[85.0015,73.5762],[84.8295,73.5997],[84.6161,73.7427],[83.9766,73.6698],[83.0204,73.6123],[81.8775,73.6022],[80.8382,73.5526],[80.6201,73.4965],[80.5005,73.4247],[80.464,73.3136],[80.8289,73.0135],[80.8717,72.84],[80.8442,72.5802],[80.9823,72.447],[81.5853,72.354],[82.026,72.2452],[82.3206,72.2223],[82.4363,72.0506],[82.8546,71.9421],[83.2024,71.8259],[83.5611,71.6244],[83.2526,71.2829],[83.168,71.1822],[83.5047,70.8129],[83.5709,70.6517],[83.6571,70.5982],[83.677,70.4603],[83.3707,70.3373],[83.0363,70.2449],[83.0759,70.5818],[82.8037,70.8193],[82.6755,70.8421],[82.5015,70.7111],[82.1957,70.358],[82.0456,70.4189],[82.1036,70.8564],[82.2153,71.2036],[82.5289,71.3202],[82.8801,71.4913],[82.8184,71.6463],[82.4914,71.5681],[81.6714,71.5743],[81.4253,71.6127],[80.8283,71.767],[80.3387,72.0076],[79.7032,72.1783],[79.2226,72.2713],[78.6473,72.2624],[78.2696,72.2147],[78.0857,72.1753],[78.1264,71.8476],[77.7899,71.7769],[77.2749,71.8149],[77.0749,71.8924],[76.4567,71.8679],[76.3329,71.7197],[76.6072,71.5183],[76.8661,71.449],[77.2849,71.4188],[78.1369,71.3739],[78.3716,71.2505],[78.6085,70.8499],[78.2492,70.8339],[78.1047,70.8413],[77.7362,71.0255],[77.0016,71.0626],[76.2932,71.1385],[75.6706,71.1991],[75.452,71.3225],[75.2843,71.4461],[75.2213,71.6477],[75.2966,71.8969],[75.5825,72.1706],[75.6662,72.4135],[75.6173,72.6255],[75.4076,72.6644],[75.1199,72.6875],[75.0161,72.7188],[75.0746,72.4203],[74.9987,72.1304],[74.9212,72.0287],[74.5866,71.8722],[74.1372,71.7545],[73.5914,71.7069],[73.2169,71.4577],[73.2707,71.3726],[73.698,71.1414],[74.1892,70.6726],[74.2496,70.5729],[74.1222,70.3659],[73.791,70.0522],[73.6541,69.7565],[73.9079,69.2745],[73.9145,69.1543],[74.318,69.1625],[74.9017,69.081],[75.1886,69.1266],[75.598,69.21],[76.1775,69.1359],[76.538,69.0841],[77.0299,68.9799],[77.406,68.9356],[77.6358,68.8162],[77.8342,68.4727],[77.9091,68.3237],[78.0072,68.2568],[77.9775,68.1451],[77.5142,67.9733],[77.4832,67.8025],[77.6889,67.7584],[77.946,67.7737],[78.3046,67.6929],[78.5357,67.6118],[78.4779,67.4785],[78.089,67.4113],[77.5048,67.4324],[77.0907,67.5277],[76.9549,67.6533],[77.1079,68.1138],[77.0398,68.4638],[76.6609,68.6722],[76.3278,68.7763],[75.5372,68.7749],[74.9163,68.7064],[74.6121,68.6385],[74.505,68.5935],[74.3951,68.347],[74.6694,68.1017],[74.7706,67.8494],[74.7417,67.6862],[74.3525,67.4044],[73.9845,67.2634],[73.8108,66.9904],[73.6902,66.8651],[73.1655,66.6438],[72.5574,66.496],[72.4211,66.3347],[72.2088,66.1735],[71.7943,66.1581],[71.2595,66.2228],[70.9834,66.2004],[70.4736,66.236],[69.7673,66.3297],[69.4351,66.4242],[69.1726,66.5483],[69.0848,66.6875],[69.3554,66.7394],[69.7915,66.7549],[70.1207,66.7188],[70.8399,66.5514],[71.3495,66.6624],[71.5441,66.7141],[71.3995,66.9491],[71.6471,67.0673],[71.9305,67.1563],[72.485,67.4378],[72.8377,67.6456],[72.9878,67.7941],[73.1752,68.1659],[73.3936,68.3824],[73.3941,68.4421],[73.3086,68.5166],[72.8462,68.6352],[72.6435,68.8069],[72.5255,69.0691],[72.5515,69.6563],[72.4369,70.187],[72.6959,70.3556],[72.7742,70.4552],[72.6797,70.8235],[72.555,70.9772],[72.1362,71.2776],[71.7976,71.4318],[71.8978,71.5872],[72.4983,71.9618],[72.6546,72.1183],[72.8448,72.4946],[72.8527,72.6439],[72.714,72.7696],[72.4553,72.8243],[71.9758,72.7998],[71.6629,72.8307],[70.9403,72.79],[70.2144,72.7335],[69.5116,72.803],[69.3431,72.8343],[69.0567,72.6447],[68.8121,72.0955],[68.5508,71.822],[68.3162,71.6349],[67.8225,71.4167],[67.1555,71.2296],[66.9796,71.2138],[66.818,71.1054],[66.6702,70.8661],[66.7748,70.7356],[67.2853,70.7058],[67.3982,70.5985],[67.4218,70.2234],[67.3833,70.1394],[67.2772,70.0706],[66.9649,69.9558],[66.828,69.8194],[66.799,69.7437],[66.8844,69.6231],[67.7787,69.5569],[68.1059,69.4293],[68.0935,69.1359],[68.2577,68.9411],[68.5118,68.8367],[68.6918,68.8145],[69.109,68.8303],[69.0026,68.6954],[68.4879,68.2242],[68.3846,68.1793],[68.2154,68.2014],[67.8265,68.3721],[67.1717,68.6471],[66.5843,68.8855],[66.1255,68.9972],[65.3554,69.1834],[64.873,69.2277],[63.9232,69.4592],[63.4123,69.5487],[62.8539,69.6156],[62.2813,69.7051],[61.3043,69.7335],[61.03,69.7406],[60.8487,69.71],[60.5517,69.5434],[60.3692,69.4677],[60.986,69.0026],[60.9341,68.8151],[60.7563,68.6725],[60.5121,68.5899],[60.0791,68.619],[59.9254,68.5813],[59.892,68.402],[59.7623,68.2974],[59.5019,68.2894],[59.2177,68.3485],[59.1198,68.3931],[59.062,68.4975],[59.3459,68.6999],[59.199,68.7744],[58.7704,68.856],[58.4093,68.8329],[57.9592,68.7048],[57.5259,68.4946],[57.3637,68.457],[57.0242,68.4489],[56.5403,68.5526],[56.1951,68.5669],[55.7229,68.5361],[55.3354,68.4831],[55.1265,68.4006],[54.996,68.2065],[54.8772,68.1095],[54.7523,68.0498],[54.6485,68.0719],[54.576,68.1611],[54.3797,68.1607],[53.854,68.0853],[53.6257,68.0477],[53.3168,68.1364],[53.3162,68.2332],[53.3959,68.3004],[53.7821,68.3384],[53.8084,68.6073],[53.8891,68.787],[53.5024,68.8163],[53.1794,68.7557],[53.0058,68.6806],[52.9388,68.4712],[52.7197,68.3514],[52.4627,68.2987],[52.3374,68.3357],[52.2449,68.5446],[51.8308,68.4094],[51.139,68.2664],[50.4959,68.1535],[49.6301,67.9362],[49.1856,67.8388],[48.6353,67.6524],[48.0807,67.5625],[47.9529,67.3773],[47.8221,67.1113],[47.7062,66.8901],[47.5712,66.8163],[46.9726,66.7785],[46.4021,66.7186],[46.0768,66.7621],[45.7154,66.8496],[45.3856,67.0994],[44.9571,67.2314],[44.8712,67.3124],[45.0925,67.5421],[45.4626,67.6391],[46.1641,67.6774],[46.6341,67.7005],[46.4394,67.9079],[46.162,68.1082],[45.8634,68.3833],[45.5796,68.4425],[44.6678,68.3886],[44.012,68.4919],[43.8532,68.4692],[43.8222,68.3273],[44.1687,68.097],[44.2611,67.8296],[44.2158,67.7183],[43.7036,67.2659],[43.8381,67.1629],[44.2192,67.0898],[44.362,66.906],[44.3836,66.612],[44.1221,66.2672],[44.0528,66.0405],[44.0294,66.0112],[43.8762,66.011],[43.2414,66.2509],[42.4185,66.3811],[42.2108,66.41],[42.1334,66.3879],[41.6233,66.0652],[41.3542,65.9552],[40.6814,65.7936],[40.0369,65.6031],[39.9513,65.5812],[39.8231,65.4356],[39.9794,65.1531],[40.366,64.8579],[40.4621,64.7503],[40.4398,64.5636],[40.3222,64.4629],[39.9971,64.5412],[39.6216,64.476],[39.1934,64.511],[38.2529,64.7031],[37.6041,64.8528],[37.1019,65.0681],[36.8839,65.0677],[36.5685,64.7646],[36.9967,64.4066],[37.262,64.3139],[37.4633,64.3],[37.6681,64.3433],[37.8799,64.3079],[38.0539,64.1293],[38.0541,63.9863],[37.9449,63.8504],[37.5915,63.8069],[37.4105,63.7495],[37.2465,63.7849],[36.9875,63.8415],[36.4206,63.8761],[36.24,63.9186],[36.0155,64.197],[35.6233,64.2536],[35.0818,64.2883],[34.8846,64.3668],[34.8148,64.4598],[34.7729,64.6822],[34.4257,65.1065],[34.332,65.3455],[34.2934,65.3962],[34.6012,65.4839],[34.7256,65.615],[34.7262,65.797],[34.5437,66.0008],[34.2585,66.1098],[33.8442,66.1821],[33.4697,66.3131],[32.9709,66.5834],[32.7535,66.649],[32.4247,66.891],[32.3578,66.9203],[32.2194,66.9937],[32.6443,67.0461],[32.991,66.9878],[33.1577,66.9145],[33.4375,66.7017],[33.6513,66.6801],[34.153,66.6296],[35.1677,66.4115],[35.7717,66.2589],[36.5052,66.1725],[37.4224,66.0938],[38.0479,66.0074],[38.7821,66.0015],[39.19,66.0387],[39.9775,66.2009],[40.3451,66.3186],[40.8364,66.5614],[41.147,66.7823],[41.2553,66.937],[41.2088,67.0695],[41.0169,67.2019],[40.9508,67.3347],[40.9734,67.5344],[40.8261,67.66],[39.9181,67.9404],[39.3347,68.0359],[38.6685,68.1463],[38.4064,68.2427],[37.6886,68.6296],[37.2459,68.7935],[36.0183,69.0237],[35.4366,69.1504],[34.9341,69.1494],[34.6989,69.1641],[34.3051,69.1708],[33.818,69.1925],[33.6284,69.2147],[33.3156,69.0713],[33.2806,69.342],[33.0096,69.3867],[32.5963,69.4236],[32.3517,69.5137],[32.1906,69.6417],[32.076,69.8154],[32.0716,69.8835],[31.7822,69.777],[31.3313,69.6628],[31.0538,69.6396],[30.8717,69.5101],[30.6408,69.4185],[30.2699,69.4091],[30.2095,69.3996],[29.95,68.7261],[29.5565,67.913],[29.6877,67.4146],[29.6877,66.8637],[29.4516,66.1292],[29.8607,63.8533],[29.8713,63.7946],[30.0068,63.7554],[30.4127,63.4834],[30.8418,63.401],[32.4293,63.0963],[32.4923,62.9342],[31.1059,62.7617],[30.6544,62.4003],[29.6985,61.6351],[28.5684,61.4421],[28.568,61.4412],[28.4637,61.3993],[28.4063,61.37],[28.3451,61.3494],[28.3596,61.3313],[28.477,61.3321],[28.6408,61.3516],[28.6626,61.3678],[28.7142,61.3518],[28.8204,61.2973],[28.867,61.2473],[28.7879,61.2042],[28.61,61.1616],[28.3588,61.0934],[28.2916,61.08],[27.9875,61.0797],[27.9468,61.0677],[27.9187,61.0803],[27.8919,61.1141],[27.8816,61.1572],[27.9655,61.188],[28.0824,61.1785],[28.1724,61.1529],[28.1974,61.1634],[28.1737,61.1881],[28.0725,61.2332],[27.8619,61.2523],[27.6775,61.2323],[27.6253,61.2139],[27.5193,61.2296],[27.4429,61.2498],[26.6946,61.122],[26.5312,60.3935],[26.6131,60.3478],[26.9223,60.3161],[26.9456,60.3763],[27.1785,60.4424],[27.4062,60.3448],[27.4736,60.4261],[28.0114,60.5107],[28.4318,60.6035],[28.5215,60.6233],[28.5512,60.5326],[28.4352,60.3373],[28.5694,60.1984],[28.6916,60.15],[28.969,60.1088],[29.5107,60.1446],[29.6873,60.131],[29.9529,59.9856],[30.1266,59.806],[29.9632,59.7366],[29.7655,59.7362],[29.4136,59.86],[29.0761,59.9078],[28.9363,59.8246],[28.7959,59.6722],[28.6627,59.6443],[28.4444,59.7337],[28.3091,59.6644],[28.351,59.6021],[28.2663,59.5622],[28.1631,59.5907],[28.0942,59.6647],[27.9417,59.6476],[27.8967,59.5338],[27.9734,59.5167],[28.0131,59.4582],[28.0159,59.4542],[27.8936,59.3461],[27.702,59.2975],[27.2651,59.338],[26.999,59.3177],[26.8619,59.3717],[26.3433,59.4466],[25.7211,59.4598],[25.49,59.42],[25.4488,59.494],[25.2483,59.3618],[24.7512,59.4485],[24.7138,59.3518],[24.5709,59.3743],[24.5376,59.3234],[24.3416,59.3689],[24.2819,59.2841],[24.0296,59.2354],[24.0321,59.1757],[23.5702,59.1381],[23.4158,59.119],[23.457,59.0055],[23.3379,58.9724],[23.432,58.8581],[23.3608,58.7674],[23.5119,58.5809],[23.6905,58.6655],[23.6709,58.2414],[23.9081,58.2244],[24.0584,58.1115],[24.3311,58.3079],[24.4968,58.2132],[24.4144,58.1059],[24.4156,57.9479],[24.3456,57.8622],[24.3254,57.8375],[24.2362,57.7282],[24.3229,57.3369],[24.3465,57.1597],[24.2663,57.0301],[24.1584,56.9755],[23.7678,56.8659],[23.4145,56.8924],[23.2154,56.9807],[23.1747,57.0485],[23.0709,57.2613],[22.8814,57.3341],[22.5854,57.5087],[22.5636,57.6156],[22.433,57.6156],[22.3599,57.5857],[22.2854,57.565],[21.8103,57.4754],[21.6773,57.4637],[21.5795,57.3726],[21.4596,57.2496],[21.3397,57.1771],[21.3244,56.8544],[21.0221,56.6839],[20.9648,56.609],[20.949,56.4732],[20.916,56.0967],[20.9454,56.07],[21.2755,55.8611],[21.684,55.3535],[22.5839,55.0094],[22.6316,54.9487],[22.7935,54.9024],[22.8243,54.7868],[22.7241,54.7328],[22.6625,54.5709],[22.6702,54.4939],[22.699,54.4149],[22.7397,53.9499],[22.8066,53.8076],[21.5317,53.4011],[23.6219,52.0823],[23.6076,51.5935],[23.6867,51.6218],[23.8821,51.3985],[23.9658,51.3148],[24.0496,51.5101],[24.217,51.5101],[24.3008,51.1752],[24.5241,51.1194],[24.552,50.8682],[24.8032,50.8124],[24.9427,50.9519],[25.1381,50.924],[25.473,50.5054],[25.6684,50.4495],[25.7521,50.5333],[26.1149,50.6449],[26.087,49.6681],[26.0817,49.1296],[26.1627,48.9406],[26.5242,48.827],[26.9894,48.6808],[27.1077,48.6436],[27.1077,48.8326],[27.4858,48.6706],[27.4858,48.7516],[27.6478,48.7516],[27.7061,48.4397],[27.7231,48.434],[27.8196,48.3943],[27.882,48.3376],[27.9444,48.3149],[28.0125,48.3092],[28.0579,48.2808],[28.0806,48.2524],[28.1147,48.2184],[28.1601,48.2241],[28.2168,48.2127],[28.2963,48.2297],[28.3473,48.2297],[28.3587,48.2014],[28.319,48.156],[28.3019,48.1333],[28.3473,48.1503],[28.387,48.139],[28.387,48.1049],[28.4154,48.0822],[28.4268,48.0974],[28.9082,47.8184],[29.0106,47.5539],[29.1156,47.2827],[29.4267,46.8161],[29.8068,46.505],[29.9643,46.3685],[30.0661,46.2804],[30.4328,46.1757]],[[29.8572,61.188],[29.825,61.2156],[29.8367,61.2261],[29.8602,61.2393],[29.8646,61.251],[29.8578,61.2654],[29.8551,61.2712],[29.8913,61.295],[29.9255,61.2917],[29.9494,61.2894],[30.0291,61.2545],[30.0793,61.2426],[30.0941,61.2585],[30.0895,61.2706],[30.09,61.2993],[30.13,61.3126],[30.1739,61.3141],[30.193,61.3272],[30.196,61.3478],[30.1826,61.3611],[30.1793,61.3727],[30.2009,61.389],[30.2044,61.4002],[30.21,61.418],[30.2169,61.4313],[30.2373,61.4463],[30.2521,61.4586],[30.2516,61.4727],[30.2349,61.4926],[30.2388,61.5148],[30.2852,61.5166],[30.4393,61.4915],[30.4662,61.4872],[30.4807,61.49],[30.485,61.5093],[30.4863,61.5149],[30.5127,61.5252],[30.5508,61.5354],[30.5528,61.5357],[30.6059,61.5413],[30.6167,61.5603],[30.6165,61.5604],[30.5934,61.5795],[30.5943,61.6058],[30.7481,61.7261],[30.7575,61.7334],[30.852,61.775],[30.8882,61.7648],[30.8959,61.7544],[30.9057,61.7422],[31.0259,61.7144],[31.0567,61.6892],[31.0711,61.6451],[31.0984,61.6204],[31.1606,61.6187],[31.1723,61.6298],[31.2382,61.643],[31.2575,61.6411],[31.2859,61.6152],[31.3081,61.605],[31.3278,61.6167],[31.3341,61.6274],[31.3648,61.6274],[31.4861,61.5508],[31.5332,61.4974],[31.5758,61.4372],[31.6036,61.4226],[31.6197,61.427],[31.6165,61.4425],[31.6204,61.4611],[31.6369,61.4627],[31.6979,61.4155],[31.7623,61.3837],[31.8707,61.3474],[31.8986,61.324],[32.3596,61.1805],[32.5269,61.1175],[32.5634,61.0794],[32.5813,61.0449],[32.5806,61.0139],[32.5926,60.9976],[32.6334,60.9867],[32.6407,60.9691],[32.7654,60.886],[32.8078,60.8264],[32.8119,60.7565],[32.8436,60.7122],[32.903,60.6935],[32.9365,60.6703],[32.9443,60.6426],[32.9069,60.5859],[32.8414,60.497],[32.8157,60.4819],[32.7818,60.4882],[32.7221,60.5211],[32.6417,60.5369],[32.5999,60.5335],[32.5965,60.5111],[32.6179,60.4756],[32.664,60.4271],[32.6767,60.3924],[32.6559,60.3717],[32.5949,60.3546],[32.5902,60.3302],[32.6144,60.2858],[32.6123,60.2454],[32.5839,60.2089],[32.5004,60.1765],[32.3615,60.1481],[32.2602,60.1543],[32.1961,60.1954],[32.0571,60.2265],[31.8433,60.2479],[31.6994,60.2356],[31.5989,60.1696],[31.5906,60.1556],[31.5969,60.1438],[31.6059,60.1423],[31.6064,60.1336],[31.5482,60.0719],[31.5409,60.0345],[31.565,59.998],[31.5672,59.9666],[31.5472,59.9401],[31.5098,59.9204],[31.4548,59.9072],[31.4014,59.9113],[31.3493,59.9328],[31.2744,59.9376],[31.1764,59.9258],[31.1063,59.9277],[31.064,59.9432],[31.0428,59.951],[31.0632,59.9629],[31.1453,60.0055],[31.1429,60.0317],[31.106,60.0563],[31.0951,60.0837],[31.1149,60.1349],[31.109,60.1464],[31.0189,60.1929],[30.9568,60.2636],[30.8491,60.4426],[30.8321,60.4575],[30.8169,60.4588],[30.8033,60.4466],[30.776,60.4481],[30.7742,60.4921],[30.7586,60.5245],[30.7237,60.5618],[30.6633,60.5928],[30.5339,60.6301],[30.5239,60.6546],[30.504,60.7036],[30.5045,60.7316],[30.5254,60.7389],[30.5332,60.7655],[30.5279,60.8117],[30.5021,60.8432],[30.4559,60.86],[30.4412,60.8736],[30.4358,60.9027],[30.4087,60.928],[30.2927,61.0051],[30.1249,61.0874],[29.8572,61.188]],[[35.9854,61.7559],[36.0256,61.7036],[36.0606,61.6544],[36.1087,61.6111],[36.1591,61.5715],[36.2002,61.5312],[36.2473,61.4933],[36.312,61.4595],[36.3715,61.4323],[36.4056,61.4107],[36.4189,61.3924],[36.4279,61.3731],[36.4249,61.3491],[36.4084,61.3191],[36.3956,61.3021],[36.3827,61.285],[36.3801,61.281],[36.3736,61.2711],[36.3712,61.2568],[36.3781,61.2419],[36.3885,61.225],[36.3946,61.2062],[36.3869,61.1841],[36.3639,61.1597],[36.325,61.1355],[36.2793,61.1138],[36.2241,61.0965],[36.1628,61.0828],[36.0987,61.0626],[36.0368,61.0297],[35.9763,60.9939],[35.9148,60.9668],[35.8803,60.9478],[35.8842,60.9311],[35.9045,60.9166],[35.9099,60.9025],[35.899,60.8898],[35.8803,60.8783],[35.8551,60.8705],[35.8287,60.8665],[35.8008,60.8718],[35.7716,60.8864],[35.719,60.9045],[35.6346,60.9185],[35.5506,60.938],[35.4994,60.9698],[35.4733,61.0021],[35.4498,61.023],[35.4262,61.0332],[35.3996,61.0399],[35.3633,61.0382],[35.3161,61.0281],[35.2549,61.0146],[35.1845,61.0049],[35.1329,61.0071],[35.1168,61.0222],[35.0929,61.0447],[35.0224,61.0645],[34.9425,61.0704],[34.8963,61.0469],[34.869,61.027],[34.8464,61.0267],[34.8285,61.0386],[34.8149,61.055],[34.8024,61.0735],[34.7955,61.0965],[34.7967,61.1228],[34.804,61.1496],[34.8188,61.1736],[34.8381,61.1937],[34.8873,61.2061],[34.9742,61.212],[35.0747,61.2071],[35.1566,61.1937],[35.2069,61.1772],[35.2311,61.1652],[35.2077,61.1588],[35.1432,61.1558],[35.0777,61.1513],[35.0526,61.1411],[35.062,61.1256],[35.08,61.1083],[35.1081,61.0916],[35.142,61.0773],[35.1921,61.0689],[35.2593,61.0666],[35.3453,61.0726],[35.4406,61.0626],[35.5273,61.0228],[35.5834,61.0342],[35.6146,61.0761],[35.6322,61.1078],[35.6294,61.15],[35.6114,61.1974],[35.5777,61.2464],[35.5369,61.2922],[35.4946,61.329],[35.4574,61.3559],[35.3984,61.3858],[35.3039,61.4296],[35.1539,61.4852],[34.9616,61.5434],[34.7725,61.6009],[34.63,61.6544],[34.5314,61.7043],[34.4482,61.7533],[34.388,61.7961],[34.3445,61.8312],[34.3227,61.8545],[34.3146,61.8687],[34.3356,61.8644],[34.3847,61.843],[34.4453,61.8188],[34.4944,61.8076],[34.5313,61.8116],[34.5624,61.8238],[34.5829,61.846],[34.5943,61.874],[34.5938,61.906],[34.5859,61.9378],[34.5663,61.9689],[34.5373,61.999],[34.4768,62.0385],[34.381,62.0926],[34.294,62.1415],[34.2552,62.1686],[34.2552,62.1857],[34.2621,62.2105],[34.2654,62.2382],[34.2565,62.2623],[34.2226,62.2937],[34.1649,62.3392],[34.0983,62.3789],[34.0424,62.3965],[34.0033,62.4008],[33.9775,62.408],[33.9618,62.4251],[33.9473,62.453],[33.9406,62.4816],[33.944,62.5005],[33.9586,62.51],[33.9787,62.5159],[34.0029,62.5161],[34.0271,62.5118],[34.0539,62.4945],[34.0842,62.4635],[34.1369,62.414],[34.2177,62.3523],[34.2916,62.2973],[34.3275,62.264],[34.3295,62.2457],[34.3212,62.227],[34.3429,62.1989],[34.417,62.1582],[34.5142,62.1196],[34.5914,62.0965],[34.6356,62.095],[34.6532,62.1085],[34.644,62.1361],[34.6324,62.1819],[34.647,62.2126],[34.6581,62.2452],[34.6148,62.3043],[34.609,62.3388],[34.6332,62.3483],[34.6815,62.3388],[34.6956,62.3646],[34.6596,62.4063],[34.5922,62.458],[34.547,62.4978],[34.527,62.5236],[34.5202,62.5417],[34.532,62.5463],[34.5566,62.5399],[34.5953,62.5191],[34.6406,62.4891],[34.6959,62.4427],[34.7585,62.3826],[34.8105,62.3323],[34.8405,62.3101],[34.852,62.2944],[34.8593,62.2604],[34.8708,62.2194],[34.8925,62.1871],[34.928,62.1597],[34.9757,62.1176],[35.0286,62.0779],[35.0749,62.0536],[35.1146,62.0536],[35.1496,62.071],[35.165,62.0807],[35.1678,62.0967],[35.1436,62.1272],[35.0938,62.1722],[35.0518,62.2116],[35.0459,62.2288],[35.0959,62.2181],[35.1884,62.1902],[35.284,62.1616],[35.3413,62.149],[35.3872,62.1578],[35.455,62.1807],[35.5183,62.2105],[35.5535,62.2359],[35.5639,62.2602],[35.5672,62.2871],[35.5586,62.3188],[35.5402,62.3542],[35.4983,62.4036],[35.4331,62.4686],[35.3518,62.5227],[35.2709,62.5454],[35.2014,62.5497],[35.1472,62.5592],[35.093,62.5805],[35.0237,62.6133],[34.967,62.639],[34.9434,62.6428],[34.868,62.6105],[34.8386,62.5912],[34.7761,62.6223],[34.7393,62.6213],[34.7037,62.6434],[34.6582,62.6799],[34.6211,62.7124],[34.5831,62.7557],[34.5355,62.8185],[34.4796,62.8738],[34.4895,62.9036],[34.5325,62.9157],[34.6054,62.8728],[34.7033,62.8442],[34.7879,62.8311],[34.8549,62.8256],[34.9104,62.8154],[34.9581,62.7974],[35.0058,62.773],[35.083,62.7412],[35.202,62.7053],[35.326,62.6662],[35.4157,62.6267],[35.4639,62.6042],[35.4876,62.6059],[35.495,62.6192],[35.5037,62.6247],[35.5194,62.6173],[35.5436,62.5994],[35.5846,62.576],[35.6412,62.5556],[35.698,62.5376],[35.7398,62.5202],[35.7712,62.4959],[35.8029,62.4611],[35.8219,62.4118],[35.8227,62.3522],[35.8004,62.2814],[35.7643,62.2052],[35.7302,62.1392],[35.6744,62.0794],[35.6894,62.0402],[35.7495,61.9991],[35.8184,61.9511],[35.843,61.9019],[35.8707,61.8548],[35.9256,61.8064],[35.9854,61.7559]],[[109.7604,55.7735],[109.847,55.7546],[109.9554,55.6722],[109.8607,55.5748],[109.8639,55.539],[109.8572,55.4456],[109.8246,55.4019],[109.7905,55.3297],[109.7813,55.2797],[109.75,55.1854],[109.7439,55.1396],[109.7682,55.0828],[109.7648,55.0396],[109.7158,54.9316],[109.7022,54.9018],[109.6836,54.85],[109.6456,54.8072],[109.6326,54.7718],[109.607,54.6761],[109.5441,54.6291],[109.5234,54.5586],[109.4897,54.3804],[109.4957,54.2621],[109.5537,54.174],[109.5559,54.1538],[109.5379,54.1162],[109.5001,54.0614],[109.426,53.9978],[109.2438,53.8686],[109.2105,53.8277],[109.1982,53.7926],[109.2044,53.737],[109.2038,53.6785],[109.1994,53.66],[109.1776,53.6376],[109.0304,53.639],[109.0089,53.6678],[109.0343,53.7598],[109.0605,53.8044],[109.0607,53.831],[109.033,53.8583],[108.9941,53.8688],[108.9438,53.8624],[108.891,53.8419],[108.8359,53.8073],[108.6186,53.5824],[108.5321,53.5134],[108.5446,53.5076],[108.6457,53.5483],[108.7322,53.5708],[108.8419,53.5865],[108.9206,53.5656],[108.9685,53.5078],[108.9891,53.4503],[108.9823,53.3933],[108.9311,53.3444],[108.7677,53.2813],[108.7287,53.278],[108.7027,53.2835],[108.6762,53.3039],[108.6612,53.3017],[108.392,53.1633],[108.3022,53.1094],[108.2973,53.0933],[108.3299,53.0562],[108.3348,53.0375],[108.2878,52.989],[108.234,52.9457],[108.007,52.837],[107.9477,52.7803],[107.7631,52.7139],[107.6744,52.7014],[107.5785,52.7012],[107.3866,52.6479],[107.0988,52.5417],[106.9382,52.4746],[106.9046,52.4466],[106.8431,52.3563],[106.8061,52.3285],[106.752,52.3165],[106.693,52.3377],[106.5991,52.3705],[106.4973,52.3831],[106.3902,52.3545],[106.3139,52.3231],[106.2691,52.282],[106.258,52.2307],[106.2807,52.1691],[106.2606,52.103],[106.1865,51.9564],[106.1338,51.9159],[106.0651,51.8627],[105.9674,51.7742],[105.7977,51.7011],[105.4351,51.6145],[105.0648,51.5572],[104.9029,51.522],[104.8262,51.4898],[104.6552,51.4823],[104.39,51.4997],[104.1564,51.5354],[103.8174,51.634],[103.7449,51.6686],[103.7134,51.6942],[103.7227,51.7109],[103.7432,51.7224],[103.7907,51.7317],[104.1325,51.7695],[104.3432,51.7828],[104.5365,51.7841],[104.6625,51.8061],[104.721,51.8488],[104.812,51.8702],[104.8669,51.8702],[104.9354,51.8702],[105.0532,51.8821],[105.1651,51.9059],[105.2427,51.9382],[105.2857,51.9788],[105.3445,52.0094],[105.4188,52.0302],[105.5696,52.1083],[105.6916,52.2162],[105.8598,52.3867],[106.06,52.5119],[106.2925,52.5919],[106.4516,52.6565],[106.5374,52.7059],[106.5785,52.7417],[106.7017,52.832],[106.7574,52.8693],[106.7833,52.906],[106.881,52.9731],[106.8973,53.0027],[106.8732,53.0294],[106.7736,53.0223],[106.7804,53.0446],[106.852,53.1029],[107.0719,53.2413],[107.232,53.3163],[107.5347,53.439],[107.5472,53.4526],[107.551,53.5021],[107.5758,53.5479],[107.627,53.611],[107.7893,53.7115],[108.0624,53.8492],[108.2235,53.9761],[108.2754,54.0364],[108.2977,54.0783],[108.3618,54.1731],[108.4081,54.2099],[108.4729,54.2768],[108.5189,54.3498],[108.5464,54.4289],[108.5928,54.4925],[108.7226,54.6005],[108.7857,54.6723],[108.8271,54.7387],[108.8469,54.7996],[108.882,54.8526],[108.9325,54.8978],[108.9441,54.9306],[108.9169,54.951],[108.9531,54.9833],[109.0527,55.0276],[109.1102,55.0992],[109.1711,55.1937],[109.1977,55.2614],[109.2133,55.4054],[109.1906,55.4637],[109.1935,55.5356],[109.2387,55.5747],[109.3135,55.6079],[109.507,55.7309],[109.5756,55.7715],[109.6672,55.7786],[109.7604,55.7735]],[[34.9896,63.5851],[34.9841,63.5641],[34.9525,63.5402],[35.0128,63.5056],[35.1446,63.4823],[35.2492,63.4917],[35.3736,63.4923],[35.4132,63.4479],[35.3817,63.4341],[35.1928,63.404],[35.1724,63.3805],[35.0994,63.3831],[35.0494,63.3989],[34.9769,63.4291],[34.8716,63.4638],[34.8288,63.4337],[34.8851,63.2939],[34.953,63.1811],[34.9573,63.119],[34.9459,63.0333],[34.9104,62.9508],[34.8631,62.919],[34.861,62.9412],[34.8675,62.9761],[34.864,63.0104],[34.8734,63.0403],[34.8986,63.0547],[34.8907,63.1065],[34.8585,63.1723],[34.8529,63.2252],[34.8354,63.2764],[34.804,63.3256],[34.702,63.3988],[34.5521,63.459],[34.5168,63.4839],[34.5254,63.5024],[34.4533,63.6234],[34.3581,63.6967],[34.3078,63.6919],[34.2664,63.6562],[34.2154,63.613],[34.2144,63.676],[34.2844,63.777],[34.3473,63.8512],[34.4284,63.8482],[34.5626,63.8164],[34.644,63.7892],[34.6158,63.7662],[34.8567,63.7208],[34.8614,63.6882],[34.9896,63.5851]],[[33.3553,63.424],[33.4414,63.4438],[33.5862,63.4874],[33.6371,63.4763],[33.6566,63.4332],[33.6969,63.4093],[33.8471,63.4385],[33.9328,63.4181],[33.9912,63.2968],[34.066,63.2288],[34.0171,63.2007],[33.8969,63.1886],[33.7033,63.1902],[33.5722,63.2027],[33.4992,63.2163],[33.3068,63.2837],[33.2738,63.3164],[33.2738,63.3414],[33.2829,63.3817],[33.2574,63.4234],[33.3553,63.424]]],[[[27.5742,61.2722],[27.5879,61.2663],[27.6371,61.2732],[27.6498,61.2851],[27.5742,61.2722]]],[[[55.8852,74.1048],[55.1879,74.1035],[54.8936,74.0629],[54.3492,73.8699],[54.0176,73.7336],[54.4787,73.5194],[54.6636,73.472],[54.9936,73.5362],[55.4249,73.5529],[55.7574,73.5774],[56.265,73.5147],[56.6951,73.4201],[56.9604,73.3571],[57.3304,73.4849],[57.8228,73.7806],[57.7994,73.9243],[57.4047,74.0516],[57.6712,74.1883],[58.0093,74.1489],[58.1905,74.0851],[58.7331,74.2866],[58.8819,74.3914],[58.6025,74.5035],[58.6564,74.6084],[58.8506,74.6894],[59.7716,74.6588],[60.0088,74.6754],[60.4335,74.8378],[60.6234,74.9353],[60.3337,75.0326],[60.4633,75.1561],[60.887,75.2475],[61.8326,75.3565],[62.6615,75.4986],[63.6165,75.6331],[64.6005,75.7595],[66.5482,75.9799],[67.7225,76.1745],[68.3283,76.3183],[68.5715,76.3944],[68.9368,76.6058],[68.8672,76.7664],[68.6683,76.8678],[68.4567,76.9268],[67.5723,76.8912],[66.4423,76.8296],[66.2733,76.7615],[65.9261,76.5074],[65.0873,76.4552],[64.1046,76.3439],[63.6733,76.3263],[62.8053,76.182],[62.5933,76.1648],[61.8187,76.2892],[61.4255,76.2297],[61.3026,76.2379],[60.949,75.961],[60.6167,75.8936],[60.043,75.9175],[59.4559,75.8664],[59.0176,75.7989],[58.5585,75.6816],[58.1701,75.5316],[57.7287,75.291],[57.3273,75.2985],[57.2261,75.3313],[56.995,75.2731],[56.3026,74.8706],[56.5392,74.7659],[56.652,74.6934],[56.2688,74.612],[55.9645,74.6034],[55.7759,74.5385],[55.6185,74.4175],[55.9456,74.2654],[55.8852,74.1048]]],[[[35.3471,61.9978],[35.3393,62.0328],[35.308,62.0766],[35.2518,62.0797],[35.1956,61.9879],[35.1707,61.9057],[35.1604,61.8586],[35.2018,61.8391],[35.2736,61.8703],[35.3258,61.9354],[35.3471,61.9978]]],[[[56.4801,73.0946],[56.5085,73.1739],[56.0641,73.2761],[55.8162,73.3073],[55.1807,73.2665],[54.7362,73.2577],[54.1441,73.1457],[53.5023,73.1366],[53.3098,73.0413],[53.0797,72.9065],[52.6111,72.74],[53.0529,72.6306],[53.1978,72.6309],[53.0885,72.4735],[52.584,72.1277],[52.3511,72.0413],[52.0583,72.0486],[51.9149,72.0952],[51.7605,72.0793],[51.5851,71.9852],[51.4821,71.8447],[51.5335,71.6579],[51.8149,71.4798],[52.121,71.4649],[52.4019,71.5197],[52.5505,71.5899],[53.2338,71.5135],[53.8831,71.3287],[54.3079,71.2057],[54.3535,71.198],[54.3207,71.0898],[53.7147,70.9267],[53.7286,70.7651],[54.0316,70.7195],[54.5225,70.7589],[54.6941,70.7438],[54.9983,70.5217],[55.2663,70.5605],[55.6788,70.7072],[56.0586,70.731],[57.2378,70.691],[57.2507,70.8178],[56.7275,70.994],[56.3788,71.1323],[56.1515,71.271],[55.7207,71.6424],[55.5204,72.1098],[55.5176,72.478],[55.6227,72.6511],[55.8221,72.7539],[56.1359,72.786],[56.2716,72.8572],[56.4801,73.0946]]],[[[106.9625,53.0233],[107.3139,53.068],[107.4378,53.1025],[107.6389,53.2204],[107.7668,53.267],[107.7953,53.393],[107.7444,53.3991],[107.5841,53.2833],[107.3525,53.2102],[107.0905,53.133],[106.995,53.1066],[106.9604,53.0782],[106.9625,53.0233]]]]},"properties":{"NAME":"Russian Empire","SUBJECTO":"Russian Empire","PARTOF":"Russian Empire","BORDERPRECISION":3,"LINK":null}},
{"type":"Feature","geometry":{"type":"MultiPolygon","coordinates":[[[[26.0563,69.5986],[26.1177,69.6442],[26.5073,69.8125],[27.4089,69.8549],[27.6585,69.8864],[27.9087,69.8877],[28.4149,69.6937],[28.717,69.6424],[29.1133,69.486],[29.133,69.3656],[28.7397,68.9504],[28.6964,68.7853],[28.6972,68.6955],[29.0074,68.8318],[29.4628,69.1342],[29.9236,69.3546],[30.2095,69.3996],[30.2699,69.4091],[30.6408,69.4185],[30.8717,69.5101],[31.0538,69.6396],[30.7354,69.7524],[30.3613,69.7668],[30.0558,69.7209],[29.7286,69.6976],[29.5559,69.8334],[29.08,69.9612],[28.8171,70.0979],[28.7301,70.1359],[29.7349,70.1149],[30.2519,70.1311],[30.7988,70.308],[30.7542,70.4304],[30.462,70.5373],[30.0414,70.5441],[29.7412,70.605],[28.9843,70.8574],[28.7948,70.8648],[28.3889,70.5718],[28.2897,70.3722],[27.8754,70.4251],[28.0189,70.6095],[27.9853,70.717],[28.1364,70.8327],[28.3084,70.9486],[28.2112,71.0179],[27.9475,71.0174],[27.516,70.9703],[27.1311,70.5771],[26.9344,70.4693],[26.6174,70.392],[26.6191,70.7991],[26.6065,70.9146],[26.2627,70.7907],[25.574,70.3671],[25.263,70.1065],[25.0741,70.1444],[25.1224,70.4352],[25.2307,70.5582],[25.8321,70.8978],[25.389,70.9046],[24.849,70.8266],[24.5705,70.7414],[24.3596,70.6103],[24.2077,70.4719],[23.9549,70.5021],[23.8273,70.4788],[23.5084,70.2791],[23.2925,70.0113],[23.2036,69.9428],[22.7456,70.1706],[22.3064,70.2156],[22.1633,70.0931],[21.9081,69.804],[21.6086,69.9625],[21.412,70.0154],[21.1027,69.8177],[20.7339,69.7792],[20.5527,69.5219],[20.1965,69.3177],[20.2782,69.5818],[20.3583,69.7104],[20.2864,69.7859],[20.1577,69.7478],[19.8212,69.3697],[19.58,69.1811],[19.2892,69.2106],[19.1702,69.2555],[18.9848,69.3154],[18.5532,69.2469],[18.3191,69.3594],[18.0974,69.058],[18.0515,69.0279],[17.9281,69.0051],[17.8947,69.0351],[17.5659,68.9744],[17.4489,68.887],[17.4069,68.7715],[17.0397,68.6585],[16.8548,68.5578],[17.1264,68.4161],[17.0333,68.3376],[16.7191,68.3114],[16.5219,68.3409],[16.6485,68.0457],[16.4116,67.8742],[16.2327,67.9111],[16.0711,68.0447],[15.9197,68.049],[15.8542,67.9252],[15.5722,67.8207],[15.7618,67.6763],[15.7457,67.5973],[15.5799,67.5833],[15.3845,67.4644],[15.2267,67.5086],[14.9762,67.5229],[14.6991,67.3744],[14.5692,67.3293],[14.6165,67.2453],[14.7777,67.2165],[14.6393,67.1231],[14.3731,67.0931],[14.0547,66.9746],[13.8591,66.9594],[13.7472,66.9224],[13.9916,66.6875],[13.592,66.6573],[13.3832,66.679],[13.2421,66.5685],[13.1686,66.4583],[13.2554,66.3925],[13.4028,66.3488],[13.581,66.1881],[13.1519,66.1361],[13.1088,66.0337],[13.0874,65.8804],[12.7091,65.9089],[12.4792,65.617],[12.2841,65.4349],[12.4962,65.3845],[12.5265,65.109],[12.2222,65.1011],[12.1121,65.1299],[11.8956,64.9127],[11.6897,64.7757],[11.4699,64.6746],[11.4065,64.617],[11.5077,64.5167],[11.3641,64.416],[11.2135,64.4157],[10.9966,64.4942],[10.8906,64.4725],[10.7398,64.3862],[10.0662,64.0555],[9.8701,63.8764],[9.8321,63.6836],[9.4409,63.4975],[9.2161,63.2836],[9.1542,63.319],[8.9572,63.404],[8.6059,63.3251],[8.4723,63.1755],[8.258,63.0543],[8.2313,62.8414],[7.9892,62.9403],[7.6065,62.9041],[7.0882,62.9102],[6.9819,62.8461],[7.1016,62.7046],[7.5467,62.5993],[7.2893,62.4856],[6.9887,62.5416],[6.613,62.5833],[6.5325,62.3357],[6.3084,62.2858],[6.0535,62.3348],[5.8236,62.179],[5.5646,62.1503],[5.4697,62.0937],[5.4257,62.0093],[5.5282,61.9326],[5.7195,61.8795],[5.8339,61.8194],[5.7971,61.7699],[5.5924,61.7897],[5.416,61.7695],[5.149,61.7409],[5.1011,61.6986],[5.141,61.3896],[5.0183,61.3051],[5.1196,61.1371],[5.387,61.0256],[5.1085,60.9061],[4.9804,60.6892],[5.0755,60.5917],[5.2552,60.5641],[5.4558,60.5924],[5.5511,60.5089],[5.2618,60.3271],[5.0962,60.2641],[5.2791,60.1253],[5.5246,60.1675],[5.8941,60.1613],[5.8058,59.9493],[5.6317,59.8838],[5.5433,59.8243],[5.694,59.7529],[5.9105,59.7529],[6.1854,59.8243],[5.9699,59.7113],[5.6666,59.6756],[5.7411,59.628],[5.6462,59.5865],[5.4493,59.6578],[5.4186,59.5152],[5.3826,59.7113],[5.0866,59.5092],[5.1766,59.3074],[5.2826,59.2718],[5.3503,59.3905],[5.3438,59.2659],[5.5285,59.2659],[5.7171,59.3371],[5.6829,59.4142],[5.6805,59.5092],[5.7995,59.432],[5.8159,59.3134],[6.1134,59.527],[6.0763,59.4202],[5.8775,59.3134],[6.0203,59.254],[6.2375,59.2837],[6.0326,59.2007],[5.7719,59.0762],[5.8223,59.017],[5.9404,58.9341],[6.0505,58.9814],[6.2661,58.9933],[6.0412,58.9518],[5.9837,58.8867],[6.0936,58.798],[5.7937,58.9163],[5.6658,58.8216],[5.6275,58.9637],[5.4746,58.9755],[5.531,58.8808],[5.3997,58.7152],[5.6155,58.4552],[5.8738,58.4316],[6.2313,58.2782],[6.6517,58.172],[6.4791,58.0895],[6.6437,58.0424],[6.7257,58.1367],[6.8742,58.0778],[6.9586,57.9717],[7.9084,58.066],[8.0302,58.066],[8.1537,58.0895],[8.1752,58.172],[8.9217,58.5379],[9.1459,58.6561],[9.3716,58.7861],[9.3462,58.8453],[9.6976,58.9992],[9.9376,58.94],[10.1723,58.9874],[10.2111,59.0703],[10.3633,59.2125],[10.4296,59.26],[10.3786,59.3667],[10.4071,59.4973],[10.5697,59.5805],[10.6336,59.4499],[10.5493,59.3786],[10.6568,59.2244],[10.7689,59.1177],[10.8292,59.1058],[11.1121,59.1651],[11.1789,59.0703],[11.3108,59.0111],[11.3786,58.8571],[11.5633,58.8631],[11.7089,59.1949],[11.6103,59.5686],[11.8379,59.6696],[11.8906,59.86],[12.077,59.8659],[12.4228,60.0388],[12.4359,60.2781],[12.548,60.4339],[12.431,60.6258],[12.174,60.9564],[12.5974,61.0286],[12.7917,61.3299],[12.658,61.4395],[12.3366,61.5231],[12.0746,61.6985],[12.2256,62.2257],[11.9327,62.554],[12.0896,63.046],[12.1242,63.3446],[12.2992,63.5662],[12.5771,63.7816],[12.8531,63.8973],[13.131,63.9487],[13.5505,63.9366],[13.8802,63.9526],[14.0784,64.0322],[14.155,64.1113],[14.0416,64.3757],[13.8702,64.4967],[13.7179,64.5533],[13.9404,64.7986],[14.1989,65.0232],[14.3714,65.2341],[14.5153,65.5034],[14.542,65.9404],[14.5967,66.0502],[15.0384,66.0598],[15.3474,66.2587],[15.9435,66.6724],[16.2205,66.8281],[16.3051,66.9832],[16.2283,67.2113],[16.206,67.3073],[16.8739,67.8366],[17.083,67.9119],[17.2087,67.9051],[17.6009,67.8626],[17.9136,67.8642],[18.057,67.9987],[18.0942,68.0881],[18.1041,68.3863],[18.1795,68.4688],[18.9587,68.2937],[19.3961,68.2288],[19.6972,68.1708],[19.8427,68.1641],[19.9651,68.2765],[20.039,68.4783],[20.1656,68.9581],[20.5549,68.9751],[20.7394,68.961],[20.7906,68.9323],[21.246,69.2275],[21.4058,69.2735],[21.6251,69.237],[26.0563,69.5986]]],[[[10.1417,54.3368],[10.0649,54.4339],[9.8648,54.4114],[9.978,54.4901],[9.9867,54.5924],[9.8644,54.7263],[9.6103,54.88],[9.496,54.9383],[9.421,54.9765],[9.5178,55.1287],[9.5166,55.2231],[9.5439,55.3513],[9.6302,55.4594],[9.7607,55.5017],[9.6901,55.6049],[9.9757,55.6203],[10.0071,55.7304],[10.1471,55.7649],[10.2299,55.9509],[10.1752,56.0759],[10.2934,56.1371],[10.4425,56.1509],[10.4961,56.0336],[10.7507,56.0973],[10.8887,56.3687],[10.8258,56.4433],[10.3138,56.4695],[10.2297,56.6051],[10.2162,56.8498],[9.8346,56.8899],[9.3701,56.8823],[9.3221,56.7189],[9.3119,56.4811],[9.1359,56.4604],[9.0027,56.6572],[8.8686,56.6161],[8.6749,56.3577],[8.4522,56.4116],[8.3088,56.4792],[8.1834,56.4315],[8.1245,56.2075],[8.1166,56.0923],[8.317,55.8489],[8.32,55.7677],[8.1251,55.6358],[8.0346,55.4759],[8.214,55.3986],[8.319,55.4811],[8.4813,55.3492],[8.5596,55.3561],[8.6451,55.069],[8.6161,54.8874],[8.596,54.7614],[8.7421,54.6078],[8.9506,54.4186],[8.8524,54.3316],[8.5539,54.2754],[8.5807,54.1937],[8.884,54.2294],[8.9617,54.2759],[9.0562,54.3486],[9.1361,54.2977],[9.1652,54.3195],[9.2161,54.2904],[9.2597,54.305],[9.296,54.2468],[9.4414,54.2468],[9.4487,54.1887],[9.674,54.1887],[9.7394,54.2759],[9.8267,54.2759],[9.8848,54.2541],[10.1417,54.3368]]],[[[20.3442,79.7963],[21.2526,79.789],[21.9708,79.7829],[21.6549,79.4781],[20.9833,79.3609],[20.9983,79.1911],[23.8205,79.1475],[24.4163,79.3122],[24.8552,79.3753],[25.3367,79.403],[26.067,79.5741],[26.9686,79.8539],[27.1968,79.9444],[26.9486,80.1137],[26.2544,80.1989],[25.3513,80.1489],[25.034,80.1675],[24.7829,80.3797],[24.4214,80.4373],[23.9442,80.3198],[23.4983,80.0971],[23.1154,80.0963],[23.0768,80.2406],[23.2164,80.6108],[22.826,80.473],[22.5874,80.2686],[22.1977,80.1233],[21.8812,80.2768],[21.4759,80.3147],[20.9737,80.275],[20.5245,80.3224],[19.9154,80.6334],[19.3988,80.3686],[19.0676,80.165],[18.6958,80.0874],[18.3306,79.8824],[19.2181,79.7402],[19.5617,79.7678],[20.3442,79.7963]]],[[[13.3967,79.4337],[13.283,79.4871],[13.2522,79.8007],[12.7174,79.7817],[12.4577,79.7543],[12.0003,79.7714],[11.5165,79.7165],[11.2843,79.7071],[10.9194,79.5452],[11.3352,79.2071],[11.5452,79.172],[12.157,79.3154],[12.5248,79.0586],[11.7603,78.8802],[12.0746,78.6957],[12.4375,78.5909],[12.9101,78.4252],[13.0621,78.3468],[13.6184,78.2692],[13.8718,78.2959],[14.3528,78.4279],[14.819,78.7185],[15.0839,78.7807],[15.4803,78.6494],[16.617,78.4673],[15.9209,78.2649],[14.9534,78.1236],[14.3365,78.0268],[13.9051,77.9999],[14.131,77.7664],[14.8934,77.7852],[15.5981,77.8384],[16.418,77.9006],[16.7116,77.7886],[16.2868,77.6152],[15.4821,77.5533],[14.7779,77.5348],[14.4846,77.3709],[15.0989,77.1153],[15.9461,76.8868],[16.6629,76.7269],[16.913,76.7189],[17.267,76.8129],[17.2799,76.983],[17.4849,77.2481],[17.8294,77.4889],[18.3886,77.5416],[18.7868,77.9398],[19.1158,78.4545],[19.4291,78.5866],[20.3212,78.685],[20.9081,78.8094],[20.6842,78.9149],[19.9319,79.1082],[19.5049,79.1606],[19.1516,79.2309],[18.8465,79.3817],[18.5487,79.5597],[18.3505,79.5146],[18.016,79.3623],[17.769,79.4153],[17.7222,79.4866],[17.7982,79.6209],[17.8341,79.8095],[17.5706,79.8899],[16.9953,79.8978],[16.7766,79.9786],[16.3263,80.0251],[15.9166,79.8418],[15.935,79.7429],[16.082,79.5282],[16.2892,79.3679],[16.3888,79.2346],[16.1332,79.1364],[15.7741,79.2423],[15.2372,79.5892],[14.8101,79.8037],[14.5747,79.7853],[14.3166,79.7219],[14.2581,79.5336],[14.1589,79.3638],[13.3967,79.4337]]],[[[-23.9726,65.6871],[-24.1615,65.6066],[-24.2189,65.5337],[-24.1469,65.4393],[-23.6785,65.3167],[-23.3742,65.3536],[-23.1832,65.4266],[-22.8137,65.4709],[-22.3616,65.4499],[-22.1465,65.3849],[-21.9548,65.378],[-21.7938,65.2985],[-21.7289,65.1825],[-21.8092,65.0374],[-21.9783,64.9503],[-22.4503,64.9062],[-22.7784,64.8552],[-23.1356,64.8473],[-23.4367,64.8036],[-23.6112,64.7457],[-23.6746,64.6593],[-23.5083,64.559],[-23.2575,64.5738],[-22.5536,64.6255],[-22.3924,64.6617],[-22.2786,64.6188],[-22.0862,64.4396],[-21.8567,64.3826],[-21.4885,64.3761],[-21.8041,64.1104],[-22.3113,63.952],[-22.5066,63.8658],[-22.3729,63.7732],[-21.5475,63.7176],[-21.0791,63.7113],[-20.8799,63.7403],[-20.4039,63.6983],[-19.8267,63.4783],[-19.5531,63.4147],[-18.9608,63.3375],[-18.6419,63.3238],[-18.1569,63.3675],[-17.9441,63.4248],[-17.5915,63.6893],[-17.2444,63.7328],[-16.9175,63.7334],[-16.5338,63.7841],[-15.8765,63.9927],[-15.6341,64.0575],[-15.2665,64.2802],[-15.0768,64.2089],[-14.8212,64.195],[-14.5975,64.2671],[-14.3659,64.4756],[-14.3481,64.6695],[-14.2603,64.7128],[-13.8934,64.7207],[-13.6942,64.7786],[-13.6258,64.8939],[-13.5574,65.0094],[-13.5256,65.1833],[-13.5898,65.43],[-13.6469,65.4953],[-14.4001,65.5667],[-14.7541,65.6971],[-14.6407,65.9453],[-14.7633,66.0547],[-15.0708,66.0614],[-15.574,66.2068],[-15.8599,66.4187],[-16.3852,66.4544],[-16.3757,66.1321],[-16.568,66.0293],[-16.9221,65.9776],[-17.5697,66.0129],[-18.0225,66.0778],[-17.861,65.8371],[-17.8838,65.7568],[-18.1279,65.7855],[-18.369,65.8945],[-18.6763,66.0912],[-19.0441,66.0174],[-19.1654,66.0026],[-19.2745,65.9293],[-19.1559,65.7253],[-19.2392,65.6668],[-19.336,65.6739],[-19.556,65.7683],[-19.7477,65.9065],[-19.9733,66.1107],[-20.2174,66.0006],[-20.1413,65.6506],[-20.1684,65.5559],[-20.3889,65.4755],[-20.6725,65.424],[-20.8306,65.3656],[-21.0797,65.2054],[-21.4947,65.568],[-21.2962,65.6994],[-21.2425,65.8818],[-21.4432,66.1299],[-21.7791,66.2537],[-22.2098,66.2896],[-22.6764,66.3913],[-22.8411,66.281],[-22.5601,66.1132],[-22.4741,65.9964],[-22.6093,65.9231],[-22.9109,65.9444],[-23.3411,66.1337],[-23.4656,66.1334],[-23.6083,65.9796],[-23.4261,65.8267],[-23.267,65.7249],[-23.5705,65.6806],[-23.9726,65.6871]]],[[[-25.6949,71.273],[-25.8496,71.4357],[-26.7875,71.5583],[-26.3545,71.6058],[-26.1202,71.6686],[-25.6276,71.6306],[-25.2913,71.5689],[-24.913,71.4374],[-24.3864,71.1825],[-24.227,71.059],[-24.0402,70.7737],[-23.7537,70.5896],[-23.0842,70.4679],[-22.6157,70.4841],[-22.2032,70.4849],[-21.9573,70.4316],[-21.7138,70.3861],[-21.5471,70.4401],[-21.4708,70.5323],[-21.5601,71.0562],[-21.5918,71.211],[-21.726,71.4046],[-21.9044,71.4975],[-22.0297,71.4351],[-22.4309,71.3412],[-22.6485,71.7452],[-22.8178,71.8697],[-23.3813,72.0407],[-23.9196,72.1885],[-24.1365,72.2901],[-24.4778,72.3915],[-25.073,72.6344],[-25.7782,72.6095],[-26.4601,72.7265],[-27.0377,72.7491],[-27.3572,72.8591],[-27.5164,73.0963],[-27.5189,73.1598],[-27.4406,73.287],[-27.2628,73.343],[-26.8266,73.4075],[-26.4156,73.3685],[-25.7629,73.3538],[-25.498,73.4339],[-25.0099,73.4746],[-24.5689,73.6269],[-24.0764,73.7557],[-23.9086,73.724],[-23.4938,73.5093],[-22.8203,73.3275],[-22.2692,73.2649],[-21.7085,73.2739],[-21.4405,73.3937],[-20.8796,73.4425],[-20.3881,73.4221],[-20.3296,73.4196],[-20.3138,73.6668],[-20.3536,73.8106],[-20.6794,73.9221],[-21.1525,73.9933],[-21.7809,74.0162],[-22.0288,74.104],[-21.7623,74.3055],[-21.0315,74.2666],[-20.5022,74.2274],[-19.7162,74.2128],[-19.4251,74.2696],[-19.051,74.3347],[-18.8987,74.4398],[-19.0709,74.6089],[-19.4092,74.6811],[-19.8206,74.745],[-20.146,74.8416],[-20.424,74.8816],[-20.6158,74.9543],[-20.6689,75.0608],[-20.6792,75.3082],[-20.5118,75.3582],[-20.143,75.3093],[-19.5616,75.2277],[-19.3888,75.2611],[-19.1935,75.4435],[-19.1998,75.6928],[-19.3222,75.8927],[-19.5702,76.11],[-19.8835,76.1766],[-20.6328,76.2088],[-21.217,76.2666],[-21.751,76.3666],[-22.3777,76.6359],[-22.2502,76.8058],[-21.7733,76.8238],[-21.553,76.7562],[-21.1827,76.6975],[-20.5606,76.9112],[-19.9779,76.9463],[-19.6266,76.913],[-18.8829,76.8888],[-18.057,76.8053],[-17.942,76.8651],[-17.9201,77.0611],[-18.0164,77.2063],[-18.2534,77.3001],[-19.0644,77.2386],[-19.3147,77.2981],[-20.1049,77.3825],[-20.2351,77.5112],[-20.1743,77.5975],[-19.9437,77.6411],[-19.6409,77.6331],[-19.0857,77.5996],[-19.0592,77.6946],[-19.1773,77.8242],[-19.3358,77.8672],[-20.3913,77.9867],[-20.7767,77.9686],[-21.1112,77.8032],[-21.382,77.5866],[-21.5635,77.6294],[-21.7676,77.7673],[-21.7,77.9235],[-21.2557,78.4126],[-20.8788,78.8179],[-20.545,78.8362],[-20.0682,78.8018],[-19.7632,78.8731],[-19.5515,79.1926],[-19.4813,79.4603],[-19.3854,79.5499],[-19.1768,79.613],[-18.1023,79.6689],[-17.7677,79.7774],[-17.7692,79.9666],[-18.6046,80.0118],[-19.3159,79.9912],[-20.193,79.8538],[-20.2674,79.9989],[-20.0447,80.2397],[-19.7158,80.3373],[-19.045,80.4262],[-18.0492,80.4087],[-17.3327,80.4297],[-16.9196,80.411],[-16.4409,80.451],[-15.7344,80.6978],[-15.0126,80.8577],[-14.7622,80.9879],[-14.2019,81.2101],[-13.531,81.2723],[-12.6445,81.3858],[-12.5631,81.5086],[-12.7051,81.6213],[-13.2033,81.6718],[-13.714,81.7742],[-14.2525,81.8354],[-14.7463,81.8552],[-15.4988,81.9057],[-16.4654,81.9036],[-16.9734,81.7984],[-17.2897,81.6528],[-17.9635,81.5177],[-18.5894,81.5471],[-19.3174,81.597],[-20.0654,81.5235],[-20.4141,81.4307],[-21.1817,81.2866],[-21.8173,81.1135],[-22.6119,80.8718],[-23.3388,80.623],[-23.5533,80.6028],[-23.9117,80.5628],[-24.0554,80.6313],[-24.1096,80.7694],[-23.5329,81.0999],[-23.0953,81.2521],[-22.0529,81.5398],[-21.7979,81.757],[-22.0636,81.9648],[-22.9476,81.9002],[-23.6388,81.7738],[-24.3873,81.679],[-24.8766,81.5954],[-25.1785,81.636],[-25.9747,81.8311],[-26.3933,81.8615],[-26.8417,81.8501],[-27.8905,81.8479],[-28.8907,81.7937],[-30.6513,81.8107],[-31.2665,81.7783],[-32.4145,81.6516],[-32.7487,81.7647],[-32.5981,81.9736],[-32.0028,82.0695],[-31.8031,82.1226],[-31.1347,82.1981],[-30.6127,82.2099],[-29.7428,82.2224],[-29.0164,82.2345],[-28.3914,82.3104],[-27.3924,82.2806],[-26.1184,82.2514],[-25.4572,82.221],[-24.9023,82.2434],[-24.3837,82.2977],[-23.3474,82.3533],[-22.59,82.4191],[-22.3688,82.5055],[-22.2319,82.5596],[-22.4324,82.7433],[-23.5996,82.8499],[-24.1026,82.9255],[-24.7079,82.8913],[-25.3236,82.9999],[-26.4208,83.3423],[-27.1738,83.3856],[-27.9419,83.4064],[-28.8177,83.4721],[-29.0653,83.4264],[-29.344,83.4709],[-29.936,83.5035],[-30.7572,83.479],[-31.5937,83.5791],[-32.5132,83.577],[-33.5784,83.4839],[-34.4269,83.403],[-35.322,83.4687],[-36.4871,83.5113],[-37.3966,83.4753],[-38.5872,83.3824],[-38.4521,83.17],[-38.5872,82.8277],[-39.4894,82.8915],[-40.1946,82.9668],[-41.194,83.1862],[-41.8811,83.2628],[-42.4794,83.2279],[-43.8125,83.0803],[-44.8941,83.0779],[-45.2129,82.9667],[-44.6835,82.727],[-44.102,82.5764],[-43.9554,82.4905],[-44.3228,81.8231],[-44.683,81.7289],[-45.5252,81.8205],[-46.3703,81.944],[-47.3192,82.0891],[-47.897,82.2148],[-49.1365,82.3826],[-49.6476,82.4781],[-50.4385,82.4871],[-50.7724,82.4971],[-50.9054,82.3681],[-50.503,82.188],[-50.1359,81.9464],[-49.846,81.8113],[-49.938,81.6762],[-50.6261,81.7888],[-51.4623,81.975],[-52.3643,82.1205],[-52.816,82.1301],[-53.0104,81.68],[-53.2527,81.5352],[-53.6635,81.4626],[-53.7679,82.2446],[-54.2467,82.2968],[-54.5752,82.3281],[-55.7092,82.2404],[-56.5433,82.1432],[-57.0681,82.0892],[-58.0578,82.0344],[-58.1333,82.0132],[-57.8196,81.7838],[-57.074,81.5477],[-57.4442,81.4239],[-57.8053,81.505],[-58.3887,81.6066],[-59.3519,81.791],[-60.0387,81.8833],[-60.8873,81.8606],[-61.1224,81.7976],[-61.1122,81.7042],[-60.9517,81.3655],[-60.9567,81.2637],[-61.1118,81.1824],[-61.7053,81.1509],[-62.2513,81.1195],[-62.7748,81.1587],[-63.7254,81.0862],[-64.6083,80.9739],[-65.2413,80.8728],[-66.5217,80.7113],[-67.1428,80.5621],[-67.4103,80.2107],[-66.8512,80.0385],[-66.4194,79.9819],[-65.8996,80.0692],[-65.0237,80.0518],[-64.6232,79.9492],[-64.6755,79.9039],[-64.7995,79.6784],[-64.8905,79.3824],[-65.1645,79.3104],[-65.3041,79.2209],[-65.4849,79.1582],[-66.3587,79.1744],[-66.8543,79.1289],[-67.9691,79.1268],[-68.3485,79.0905],[-68.8385,78.9741],[-69.2663,78.7962],[-69.8468,78.7598],[-70.7802,78.6873],[-71.4628,78.6243],[-72.0188,78.5792],[-72.3832,78.5257],[-72.5453,78.3235],[-72.5254,78.1661],[-71.8884,77.9494],[-71.6695,77.9151],[-71.343,77.9418],[-71.0452,77.9163],[-70.678,77.8301],[-70.3795,77.6661],[-69.9936,77.5804],[-69.6875,77.5551],[-69.2921,77.599],[-68.9532,77.6342],[-68.4412,77.5833],[-67.8518,77.5931],[-67.3523,77.7065],[-66.8047,77.7768],[-66.4356,77.6822],[-66.1534,77.5532],[-66.1778,77.398],[-66.3093,77.3547],[-66.7838,77.2593],[-67.7363,77.1889],[-68.3406,77.1963],[-69.2521,77.2117],[-70.6184,77.2778],[-71.1839,77.2595],[-71.4483,77.1219],[-71.057,77.0285],[-70.5,76.8333],[-70.2167,76.8253],[-69.851,76.792],[-68.8562,76.7854],[-68.3763,76.7778],[-68.1859,76.7016],[-68.1444,76.5998],[-68.353,76.5486],[-69.0448,76.2938],[-67.6191,76.019],[-67.0367,75.9362],[-66.5634,75.9287],[-66.5404,75.9707],[-66.6839,76.3067],[-66.0268,76.1732],[-65.4745,76.0986],[-64.8359,76.167],[-64.4734,76.2519],[-64.0038,76.2949],[-63.6508,76.3799],[-62.9162,76.3645],[-62.4676,76.34],[-61.5075,76.2575],[-60.6511,76.1077],[-59.7835,75.9165],[-59.0683,75.8425],[-58.6357,75.7933],[-58.2285,75.6106],[-58.2053,75.2952],[-58.0746,75.2045],[-57.7743,75.0895],[-56.9394,74.919],[-56.6795,74.7006],[-56.1822,74.1206],[-55.7793,73.7045],[-55.3535,73.3463],[-55.15,73.283],[-54.7304,73.0376],[-54.5582,72.8716],[-54.6261,72.7213],[-54.7931,72.6657],[-55.104,72.752],[-55.3661,72.7278],[-55.2976,72.1612],[-55.4296,71.8713],[-55.6264,71.7304],[-55.6143,71.5979],[-55.4766,71.4891],[-55.0124,71.3346],[-54.3816,71.3047],[-53.9882,71.4141],[-53.8646,71.5466],[-53.7187,71.617],[-53.3229,71.8908],[-52.8134,71.7434],[-52.532,71.7049],[-52.0368,71.698],[-51.7201,71.5896],[-51.7914,71.5427],[-52.0356,71.48],[-52.198,71.3554],[-51.8934,71.2473],[-51.6754,71.2244],[-51.4038,71.0236],[-51.3264,70.823],[-50.9392,70.5772],[-50.7995,70.3854],[-50.8245,70.2473],[-51.1528,70.3233],[-51.8057,70.5294],[-52.3675,70.6669],[-52.6898,70.6817],[-53.6281,70.8186],[-53.8855,70.8104],[-54.158,70.8099],[-54.3032,70.7402],[-54.3735,70.7247],[-54.0085,70.5099],[-53.6663,70.357],[-53.2599,70.3347],[-52.9091,70.2894],[-52.1668,70.0688],[-51.6365,69.9402],[-51.1171,69.9411],[-50.5726,69.8663],[-50.4566,69.7376],[-50.6944,69.5329],[-50.7674,69.3364],[-50.3665,69.1939],[-50.2788,69.1112],[-50.2665,68.9532],[-50.3688,68.9079],[-50.6066,68.9601],[-50.8744,68.9446],[-50.9138,68.8093],[-50.9538,68.5393],[-51.0052,68.5092],[-51.2137,68.4789],[-51.6787,68.5005],[-52.3369,68.6641],[-52.6912,68.6634],[-52.8425,68.5058],[-52.6834,68.4537],[-51.9667,68.3055],[-51.5605,68.2316],[-50.9499,68.091],[-50.491,67.9726],[-50.3567,67.8909],[-50.4911,67.6454],[-50.4771,67.4822],[-50.9394,67.5258],[-51.3565,67.5918],[-51.5268,67.6509],[-51.876,67.6651],[-52.26,67.7386],[-52.8079,67.7748],[-53.1801,67.6626],[-53.319,67.6178],[-53.4358,67.6176],[-53.4684,67.5582],[-53.4941,67.4735],[-53.395,67.3623],[-53.1467,67.3951],[-52.9781,67.3103],[-53.1703,67.2858],[-53.2512,67.2139],[-53.3494,67.2103],[-53.4496,67.0844],[-53.3974,66.9959],[-53.2673,66.9224],[-53.1042,66.908],[-52.8468,66.9306],[-52.3032,66.9095],[-52.448,66.6073],[-52.6532,66.5678],[-52.9169,66.5445],[-53.2217,66.5309],[-53.3943,66.4518],[-53.3481,66.3243],[-52.8604,66.3532],[-52.6105,66.268],[-52.7297,66.2764],[-53.1084,66.034],[-53.1025,65.8732],[-52.8354,65.6549],[-52.536,65.4952],[-52.4138,65.4809],[-52.1869,65.5177],[-52.0777,65.3724],[-52.0843,65.2126],[-51.9917,65.0097],[-51.9402,64.6568],[-51.9574,64.3766],[-51.8048,64.2333],[-51.5214,64.3702],[-51.2797,64.4281],[-50.9937,64.6154],[-50.7718,64.659],[-50.3574,64.6957],[-50.1445,64.7393],[-50.0199,64.6101],[-50.0426,64.4376],[-50.2569,64.3797],[-50.439,64.2431],[-50.9879,64.0915],[-51.266,63.9264],[-51.355,63.8118],[-51.3658,63.726],[-51.1005,63.4695],[-50.8231,63.4915],[-50.6167,63.4348],[-50.5909,63.15],[-50.4658,63.0507],[-50.2217,63.0085],[-49.9737,62.9947],[-49.8575,62.9665],[-49.8893,62.8457],[-50.0959,62.668],[-50.1589,62.4624],[-50.0967,62.3564],[-50.0479,62.3141],[-49.6115,62.1947],[-49.4013,62.2163],[-49.206,62.1743],[-49.1164,62.1038],[-49.1483,61.7723],[-48.9155,61.421],[-48.5679,61.2461],[-48.2,61.1416],[-47.9692,61.0369],[-47.8694,60.939],[-47.8224,60.7782],[-47.6305,60.5968],[-47.4162,60.723],[-47.1594,60.8564],[-46.9721,60.8637],[-46.531,60.8926],[-46.3311,60.8719],[-46.1959,60.9352],[-46.0719,60.9424],[-45.7709,61.1041],[-45.6065,61.0204],[-45.4603,60.8946],[-45.4899,60.7966],[-45.6041,60.6845],[-45.6217,60.6006],[-45.362,60.4615],[-44.8562,60.3787],[-44.6822,60.2884],[-44.7531,60.0307],[-44.4674,59.7609],[-44.2761,60.0316],[-44.0523,60.1642],[-43.5788,59.9357],[-43.1436,59.8188],[-43.0145,59.8329],[-42.962,60.0341],[-43.1541,60.3053],[-43.4971,60.479],[-43.1499,60.5145],[-42.9272,60.501],[-42.7849,60.5292],[-42.7541,60.6969],[-42.8244,60.8016],[-42.8171,61.0256],[-43.0373,61.2917],[-42.6703,61.2643],[-42.4783,61.3068],[-42.3062,61.7289],[-42.2714,62.1944],[-42.4204,62.286],[-42.9191,62.4619],[-43.226,62.6809],[-42.7395,62.6889],[-42.2988,62.7394],[-42.2589,62.7324],[-41.9637,62.6904],[-41.8344,62.6906],[-41.7891,62.8468],[-41.9039,63.0525],[-41.9156,63.1236],[-41.6531,63.0957],[-41.4345,63.0392],[-41.227,63.253],[-41.223,63.3099],[-41.3782,63.5234],[-41.1634,63.5667],[-40.8939,63.5244],[-40.7657,63.5745],[-40.5162,63.7821],[-40.6912,63.9319],[-40.8926,64.0317],[-41.1042,64.0886],[-41.4841,64.2742],[-41.0111,64.3324],[-40.4724,64.3478],[-40.3553,64.427],[-40.3507,64.5275],[-40.4836,64.6854],[-40.8277,64.8935],[-41.0603,65.0375],[-40.2537,64.9667],[-40.0424,64.9815],[-39.8978,64.9529],[-39.7269,64.9965],[-39.6863,65.1706],[-39.7818,65.3519],[-39.992,65.5333],[-39.4271,65.5707],[-38.9894,65.5716],[-38.4674,65.6454],[-38.1103,65.821],[-37.9367,66.004],[-37.9249,66.2088],[-38.0418,66.3992],[-37.5673,66.3194],[-37.2094,66.3128],[-37.1548,66.3202],[-37.5789,65.5451],[-37.0479,65.7428],[-36.7705,65.7652],[-36.3244,65.7223],[-35.9719,65.8469],[-35.7745,66.1031],[-35.708,66.3522],[-35.2477,66.2285],[-34.7823,66.266],[-34.4331,66.384],[-33.9601,66.7669],[-33.6642,67.0624],[-33.214,67.47],[-32.956,67.641],[-32.578,67.7531],[-32.2675,67.8652],[-32.1238,67.8729],[-32.0372,67.9847],[-32.3555,68.4542],[-32.3591,68.544],[-32.3099,68.5441],[-32.0188,68.4474],[-31.6346,68.2538],[-31.3547,68.0456],[-31.0203,67.9568],[-30.7365,67.9276],[-30.305,67.9805],[-29.9945,68.3914],[-29.8254,68.4141],[-29.3997,68.2281],[-29.1621,68.251],[-28.8631,68.3262],[-28.4212,68.4167],[-28.1953,68.4171],[-27.9591,68.4774],[-26.9636,68.5017],[-26.8687,68.5267],[-26.3621,68.66],[-25.8016,68.8636],[-25.3244,69.0899],[-24.8966,69.3921],[-24.5835,69.3399],[-24.3333,69.3328],[-23.4444,69.5685],[-22.7323,69.7741],[-22.1575,70.0561],[-22.434,70.0785],[-23.0089,70.0927],[-23.4595,70.0919],[-23.5874,70.084],[-23.7753,70.1448],[-24.1952,70.2435],[-24.5847,70.304],[-25.4533,70.2871],[-26.252,70.1784],[-26.5226,70.1779],[-27.4749,70.2068],[-27.912,70.2825],[-28.3845,70.458],[-28.2218,70.6273],[-28.0835,70.8973],[-27.9162,70.998],[-27.6061,71.0682],[-27.0844,71.0846],[-26.3294,71.1324],[-26.086,71.1948],[-25.6949,71.273]]],[[[-23.2649,72.3702],[-22.8328,72.269],[-22.1457,72.0273],[-21.9061,72.0512],[-21.8095,72.1454],[-21.8821,72.365],[-22.2505,72.498],[-22.7294,72.6152],[-23.131,72.6775],[-23.7984,72.6605],[-23.657,72.4717],[-23.5854,72.4404],[-23.2649,72.3702]]],[[[-54.1253,69.4812],[-53.8071,69.3383],[-53.5515,69.2784],[-53.3217,69.3241],[-52.8674,69.3928],[-52.5211,69.4766],[-52.1726,69.4923],[-51.9279,69.5155],[-51.8774,69.5307],[-51.8129,69.6216],[-52.084,69.7725],[-52.4336,69.8704],[-52.7012,69.9154],[-53.0375,70.0366],[-53.6167,70.1578],[-54.1375,70.1875],[-54.4283,70.2482],[-54.5937,70.2402],[-54.7227,70.0869],[-54.6869,69.707],[-54.5744,69.6089],[-54.4859,69.5636],[-54.1253,69.4812]]],[[[8.3589,57.0227],[8.1835,56.7985],[8.3682,56.6669],[8.4709,56.5969],[8.5071,56.6473],[8.666,56.7005],[8.7781,56.7985],[8.847,56.9863],[8.9709,57.0003],[9.0785,57.0368],[9.1412,57.0087],[9.3338,57.0227],[9.503,56.9751],[10.2566,57.0059],[10.3333,57.1715],[10.4628,57.2417],[10.4507,57.458],[10.4012,57.5059],[10.5581,57.7451],[10.4795,57.7591],[10.3901,57.6606],[10.2895,57.6719],[9.8493,57.5818],[9.4487,57.2276],[9.3024,57.1658],[8.9599,57.1322],[8.6613,57.1041],[8.534,57.1406],[8.3589,57.0227]]],[[[11.9073,55.0213],[11.9696,54.9542],[12.077,54.9947],[12.3014,55.1703],[12.4297,55.2447],[12.1584,55.3791],[12.3444,55.5077],[12.4091,55.5483],[12.4692,55.7106],[12.444,55.9677],[12.2377,55.9876],[12.088,55.967],[12.0526,55.7031],[11.9625,55.5813],[11.7281,55.6619],[11.5677,55.8848],[11.2963,55.6746],[11.1019,55.6337],[11.2301,55.3368],[11.2854,55.1886],[11.5848,55.1622],[11.7672,55.176],[11.9073,55.0213]]]]},"properties":{"NAME":"Denmark-Norway","SUBJECTO":"","PARTOF":"","BORDERPRECISION":3,"LINK":null}},
{"type":"Feature","geometry":{"type":"MultiPolygon","coordinates":[[[[137.3349,37.2735],[137.3096,37.4327],[136.8108,37.3107],[136.7219,37.2659],[136.6404,37.1703],[136.6685,36.6675],[136.5015,36.4635],[136.1873,36.202],[135.9779,35.9725],[135.9265,35.7625],[135.928,35.6035],[135.7271,35.4505],[135.4325,35.3608],[135.3577,35.3225],[135.188,35.443],[135.157,35.6465],[134.7558,35.5312],[134.2236,35.4538],[133.8041,35.4275],[133.2286,35.3118],[133.0062,35.2541],[132.9808,35.4449],[132.7887,35.3872],[132.6629,35.3806],[131.6723,34.502],[131.3341,34.2918],[131.1098,34.2405],[130.8923,34.2464],[130.8116,34.1193],[130.7793,33.9669],[130.899,33.9037],[131.3942,33.9364],[131.6549,33.9116],[131.995,33.8043],[131.9973,34.09],[132.1835,34.2872],[132.3867,34.2685],[132.4812,34.1291],[132.8477,34.2631],[133.5891,34.4424],[133.7043,34.4299],[133.8253,34.3857],[134.0217,34.4687],[134.2135,34.5706],[134.4273,34.6282],[134.7825,34.5527],[134.9357,34.5404],[135.2057,34.6171],[135.2868,34.5982],[135.317,34.4713],[135.2367,34.3505],[135.014,34.2041],[134.9692,34.1342],[135.057,33.7662],[135.0629,33.69],[135.1915,33.6014],[135.446,33.5067],[135.7557,33.3423],[135.991,33.7237],[136.1992,34.0034],[136.3938,34.1117],[136.7669,34.1696],[136.8986,34.2587],[136.7113,34.4043],[136.5237,34.4928],[136.5071,34.5182],[136.5866,34.677],[136.6169,34.7596],[136.7339,34.8741],[137.0418,34.7287],[137.2482,34.4816],[137.5317,34.5266],[137.7592,34.5525],[138.1491,34.5279],[138.2952,34.763],[138.4502,34.903],[138.589,34.9731],[138.6837,34.9923],[138.751,34.9226],[138.7498,34.6497],[138.7794,34.5799],[138.8638,34.5674],[139.0228,34.6883],[139.0529,35.0249],[139.2086,35.1651],[139.4226,35.1655],[139.6827,35.4458],[139.9137,35.5544],[140.0029,35.4974],[139.9205,35.2619],[139.7881,34.9628],[139.8301,34.836],[140.3166,35.0338],[140.3949,35.4091],[140.4699,35.4856],[140.5569,35.543],[140.8343,35.6771],[140.6448,35.8358],[140.5554,35.9691],[140.5466,36.2872],[140.6556,36.6183],[140.9639,36.9563],[140.9822,37.2682],[140.9232,37.6246],[140.8809,37.7392],[140.8722,37.9174],[140.9506,38.1214],[141.0245,38.2107],[141.0967,38.2618],[141.4287,38.3899],[141.4964,38.4219],[141.4671,38.5875],[141.5686,38.7852],[141.8878,39.13],[141.9985,39.4489],[141.9981,39.672],[141.6756,40.3162],[141.5662,40.4567],[141.4671,40.5141],[141.4412,40.7892],[141.4483,41.1797],[141.4369,41.2694],[141.2858,41.3715],[141.087,41.4416],[140.7745,41.2552],[140.9368,41.1147],[141.0766,41.1021],[141.1526,40.8654],[140.7933,40.7495],[140.657,40.7236],[140.5672,40.8258],[140.4728,40.9857],[140.3864,40.9855],[140.2391,40.838],[140.1597,40.729],[139.9152,40.575],[139.985,40.1146],[139.9103,39.9866],[139.8046,39.8907],[139.8621,39.7825],[140.0111,39.6935],[140.0301,39.4832],[139.9679,39.209],[139.8961,38.9985],[139.7414,38.7433],[139.7457,38.6796],[139.5039,38.4179],[139.4398,38.1884],[139.3539,38.0672],[139.1979,37.9204],[138.8562,37.7351],[138.699,37.4482],[138.492,37.3013],[138.3172,37.2055],[137.5718,36.8921],[137.464,36.8537],[137.2759,36.6942],[137.1762,36.6431],[137.0453,36.6683],[136.983,36.8336],[137.0138,37.0374],[137.1182,37.1458],[137.3349,37.2735]]],[[[132.4219,32.9292],[132.4671,32.7579],[132.5676,32.6375],[132.6988,32.5489],[132.9007,32.6699],[132.9697,32.7653],[133.0439,32.9939],[133.1542,33.2164],[133.241,33.2991],[133.5165,33.3949],[133.7269,33.3762],[133.9175,33.2433],[133.9986,33.1483],[134.3877,33.5426],[134.5191,33.6508],[134.5648,33.8413],[134.6098,33.8986],[134.5404,34.0127],[134.1527,34.1135],[134.0102,34.1893],[133.8056,34.1762],[133.603,34.0362],[133.4629,33.8835],[133.2455,33.8006],[132.9687,33.7936],[132.7843,33.9075],[132.5794,33.6405],[132.4499,33.5196],[132.1211,33.3475],[132.3426,33.1068],[132.4219,32.9292]]],[[[130.6745,31.2115],[130.5541,30.97],[130.5793,30.9065],[130.744,30.8878],[130.9597,31.193],[131.0488,31.2758],[131.1231,31.3076],[131.2106,31.3523],[131.3193,31.5112],[131.3687,31.8034],[131.4069,32.0828],[131.4536,32.2479],[131.563,32.4322],[131.831,32.6931],[131.7953,32.8073],[131.5956,33.0037],[131.4136,33.1112],[131.6698,33.3085],[131.5688,33.4861],[131.286,33.3903],[131.0925,33.428],[130.9711,33.5039],[130.8595,33.6751],[130.6444,33.7],[130.4266,33.6742],[130.3177,33.547],[130.1762,33.3372],[129.8583,33.2604],[129.528,33.2978],[129.3434,33.1514],[129.4609,32.9866],[129.6303,32.8663],[129.7337,32.638],[129.8459,32.5874],[130.0346,32.81],[130.1075,32.9308],[130.2574,32.912],[130.4965,32.557],[130.4812,32.3475],[130.444,32.2839],[130.1349,32.023],[130.0589,31.9721],[130.2193,31.5597],[130.2051,31.4264],[130.0601,31.2166],[130.0863,31.1214],[130.2329,31.0265],[130.4044,31.23],[130.4744,31.4396],[130.5819,31.5287],[130.7325,31.4783],[130.6745,31.2115]]],[[[140.1245,41.7922],[139.9777,41.5035],[140.0126,41.3818],[140.1125,41.2731],[140.2686,41.3247],[140.4429,41.5364],[140.5889,41.6777],[140.706,41.6972],[140.8434,41.6398],[140.9793,41.6529],[141.155,41.7493],[141.0195,41.8709],[140.7677,42.005],[140.2455,42.2284],[140.2234,42.3631],[140.4215,42.4854],[140.5409,42.537],[140.6935,42.5501],[140.8607,42.39],[140.9296,42.2555],[141.3969,42.5194],[141.721,42.5393],[141.9281,42.5013],[142.8423,42.0669],[143.0335,41.9582],[143.2138,41.9265],[143.3304,42.1961],[143.5086,42.421],[143.8479,42.7746],[144.0028,42.8777],[144.1664,42.9422],[144.3701,42.949],[144.5902,42.8596],[144.7542,42.8663],[144.9947,42.9374],[145.1959,43.047],[145.4481,43.1696],[145.3596,43.33],[145.1486,43.5995],[145.0594,43.7858],[145.2099,44.0369],[145.3486,44.198],[145.3476,44.243],[145.14,44.1783],[144.7504,43.8816],[144.6138,43.8428],[144.4866,43.8618],[144.0281,43.9509],[143.7902,44.0276],[143.5082,44.1558],[143.0205,44.4637],[142.539,44.8427],[142.1322,45.2097],[141.904,45.4031],[141.8753,45.4354],[141.5974,45.2797],[141.5228,45.1826],[141.5666,44.9696],[141.7457,44.6286],[141.7427,44.2488],[141.7094,43.9142],[141.5067,43.8045],[141.3019,43.7205],[141.3036,43.187],[141.0642,43.0966],[140.8966,43.1348],[140.5989,43.327],[140.4982,43.3204],[140.3736,43.1852],[140.5168,43.057],[140.4998,42.8964],[140.209,42.7289],[139.974,42.6514],[139.7117,42.4776],[139.7772,42.1121],[139.8525,42.0352],[140.0997,41.946],[140.1245,41.7922]]],[[[148.4763,45.2586],[148.493,45.2703],[148.5219,45.2872],[148.5625,45.3097],[148.5822,45.3169],[148.5919,45.3189],[148.6197,45.3203],[148.6561,45.3172],[148.6739,45.3144],[148.6827,45.3122],[148.71,45.3086],[148.7188,45.3078],[148.7561,45.3097],[148.7753,45.3133],[148.785,45.3164],[148.8253,45.335],[148.8336,45.3405],[148.84,45.3467],[148.843,45.3528],[148.8452,45.3655],[148.8589,45.4675],[148.8564,45.4742],[148.8503,45.4811],[148.8422,45.4883],[148.7997,45.5136],[148.7908,45.5169],[148.773,45.5211],[148.7639,45.5219],[148.72,45.5244],[148.7008,45.5208],[148.5589,45.4592],[148.5403,45.4478],[148.4605,45.3922],[148.3972,45.3353],[148.3842,45.3233],[148.3702,45.305],[148.3505,45.2872],[148.3422,45.2814],[148.3219,45.2703],[148.3122,45.2672],[148.0791,45.2486],[148.0697,45.248],[148.0516,45.2494],[148.0344,45.2561],[148.0086,45.2672],[148.0003,45.273],[147.9977,45.2797],[148.0016,45.3053],[148.0019,45.3122],[148.0022,45.3253],[147.9969,45.3386],[147.96,45.4192],[147.9514,45.4225],[147.9422,45.4233],[147.9327,45.4214],[147.9041,45.4042],[147.8794,45.3867],[147.8683,45.3747],[147.8589,45.3625],[147.8561,45.3561],[147.8577,45.343],[147.8733,45.29],[147.8925,45.2367],[147.895,45.23],[147.8941,45.2236],[147.8875,45.2178],[147.878,45.2147],[147.859,45.2106],[147.8402,45.2086],[147.7833,45.1975],[147.7639,45.1897],[147.7539,45.1842],[147.7455,45.1783],[147.7133,45.1483],[147.7022,45.1364],[147.6913,45.1242],[147.6775,45.1058],[147.6691,45.0872],[147.6644,45.0811],[147.6564,45.0753],[147.6177,45.0625],[147.608,45.0594],[147.5986,45.0575],[147.5894,45.0569],[147.505,45.0439],[147.4919,44.993],[147.4864,44.9805],[147.48,44.9747],[147.3936,44.9203],[147.3105,44.8761],[147.2272,44.8361],[147.1119,44.7939],[147.1444,44.7283],[147.153,44.7253],[147.1594,44.7183],[147.1622,44.7117],[147.1639,44.6986],[147.163,44.6922],[147.1602,44.6861],[147.153,44.6736],[147.1441,44.6614],[147.1064,44.6253],[147.0983,44.6194],[147.0064,44.5717],[146.9408,44.5544],[146.8469,44.4769],[146.838,44.4647],[146.8355,44.4583],[146.8322,44.4353],[146.8405,44.4155],[146.8486,44.4083],[146.8655,44.3994],[146.883,44.3969],[146.9105,44.3992],[146.93,44.4022],[146.9489,44.4086],[146.9586,44.4144],[146.9647,44.4203],[146.9736,44.4328],[146.9791,44.4453],[146.9808,44.4522],[146.9889,44.4708],[147.0025,44.4894],[147.0211,44.5075],[147.0405,44.5178],[147.0791,44.5283],[147.0883,44.5292],[147.1064,44.5292],[147.1433,44.5331],[147.1708,44.5361],[147.1803,44.538],[147.1991,44.5444],[147.2091,44.5503],[147.2253,44.5619],[147.2405,44.58],[147.2514,44.6053],[147.2822,44.6544],[147.2911,44.6669],[147.345,44.7003],[147.4694,44.773],[147.4791,44.7775],[147.4977,44.7814],[147.5075,44.7844],[147.5172,44.7889],[147.5272,44.7947],[147.5352,44.8005],[147.548,44.8125],[147.6227,44.8972],[147.6147,44.9044],[147.6061,44.9075],[147.5883,44.9117],[147.5858,44.9183],[147.5877,44.9311],[147.5905,44.9372],[147.6044,44.9556],[147.6205,44.9661],[147.6299,44.9692],[147.6394,44.9711],[147.658,44.9736],[147.6766,44.9747],[147.7039,44.9725],[147.7125,44.9694],[147.7211,44.9558],[147.7274,44.9489],[147.7358,44.9442],[147.7444,44.9411],[147.7533,44.9389],[147.7625,44.9383],[147.8488,44.9653],[147.868,44.9714],[147.8777,44.9747],[147.9167,44.9897],[147.942,45],[147.9461,45.0017],[147.9641,45.0117],[147.9772,45.0308],[147.9847,45.0431],[147.9875,45.0494],[147.9922,45.0555],[147.9986,45.0614],[148.0297,45.0847],[148.038,45.0905],[148.048,45.0964],[148.2155,45.1889],[148.2355,45.1989],[148.2655,45.2133],[148.2852,45.2208],[148.3327,45.2297],[148.3419,45.2303],[148.3713,45.235],[148.428,45.2444],[148.4472,45.248],[148.4666,45.2542],[148.4763,45.2586]]],[[[146.4889,44.4256],[146.4688,44.4222],[146.36,44.4208],[146.345,44.4219],[146.3283,44.4256],[146.3033,44.4342],[146.273,44.4464],[146.2603,44.4533],[146.2427,44.4692],[146.2327,44.4769],[146.2014,44.4994],[146.195,44.5028],[146.1875,44.5058],[146.1791,44.5078],[146.1714,44.5086],[146.1608,44.5066],[146.148,44.51],[146.1339,44.5092],[146.1274,44.5072],[146.1005,44.4886],[146.0861,44.4753],[146.0816,44.4697],[146.078,44.4636],[146.0508,44.4119],[146.008,44.3392],[145.9738,44.2878],[145.9633,44.2805],[145.9516,44.275],[145.9394,44.2705],[145.9269,44.2669],[145.9211,44.2644],[145.9094,44.2589],[145.8925,44.25],[145.8872,44.2464],[145.8777,44.2372],[145.79,44.1483],[145.7639,44.1169],[145.7594,44.1114],[145.7533,44.0939],[145.7544,44.0786],[145.7558,44.0736],[145.7558,44.0686],[145.7533,44.0625],[145.7494,44.0561],[145.7447,44.0517],[145.6614,43.9922],[145.645,43.9822],[145.5525,43.9261],[145.4883,43.898],[145.4825,43.8953],[145.4097,43.8353],[145.4075,43.8294],[145.4261,43.74],[145.4375,43.7169],[145.5433,43.6508],[145.5486,43.6492],[145.5547,43.6508],[145.5594,43.6555],[145.5619,43.6614],[145.5755,43.7389],[145.5741,43.775],[145.5741,43.7856],[145.5753,43.8175],[145.5778,43.8286],[145.5803,43.8344],[145.5916,43.8536],[145.5958,43.8589],[145.6575,43.8997],[145.6725,43.8989],[145.6883,43.8961],[145.6958,43.8961],[145.7089,43.8989],[145.7628,43.9197],[145.7741,43.925],[145.7794,43.9286],[145.7869,43.9414],[145.7894,43.9472],[145.7958,43.9753],[145.7997,43.9817],[145.808,43.9925],[145.8172,44.0025],[145.8311,44.0169],[145.9308,44.1192],[145.9402,44.128],[146.0919,44.2361],[146.1028,44.2433],[146.12,44.2514],[146.1383,44.2578],[146.1575,44.2631],[146.1772,44.2667],[146.2044,44.27],[146.3297,44.2917],[146.5083,44.358],[146.535,44.3761],[146.54,44.3805],[146.5503,44.3989],[146.568,44.4383],[146.538,44.4425],[146.5205,44.4344],[146.4889,44.4256]]],[[[146.905,43.84],[146.8749,43.8608],[146.8669,43.868],[146.8505,43.8739],[146.8427,43.875],[146.7847,43.8619],[146.6105,43.8067],[146.6047,43.8039],[146.6005,43.7986],[146.5991,43.7931],[146.5961,43.7367],[146.5986,43.7322],[146.6469,43.7072],[146.6555,43.7044],[146.6633,43.7036],[146.67,43.7044],[146.6827,43.7078],[146.7803,43.7519],[146.7975,43.76],[146.8616,43.7967],[146.905,43.84]]],[[[146.1689,43.4678],[146.2055,43.4811],[146.2102,43.4856],[146.2261,43.5256],[146.2222,43.5297],[146.2141,43.5317],[146.1735,43.5347],[146.1594,43.5458],[146.1522,43.5458],[146.1461,43.5439],[146.0808,43.5181],[146.0761,43.5133],[146.1244,43.4592],[146.1308,43.458],[146.1375,43.4589],[146.1564,43.4642],[146.1689,43.4678]]]]},"properties":{"NAME":"Japan","SUBJECTO":"Japan","PARTOF":"Japan","BORDERPRECISION":3,"LINK":null}},
{"type":"Feature","geometry":{"type":"MultiPolygon","coordinates":[[[[149.5339,45.5828],[149.5436,45.5858],[149.6739,45.6286],[149.6841,45.633],[149.6925,45.6386],[149.7841,45.7108],[149.8108,45.7344],[149.8686,45.773],[149.8788,45.7786],[149.9816,45.8336],[149.9911,45.8339],[150.0178,45.8275],[150.0269,45.8267],[150.0664,45.8475],[150.1589,45.9],[150.1941,45.9278],[150.1989,45.9325],[150.2028,45.9517],[150.2022,45.9583],[150.2127,45.9833],[150.2219,46.0019],[150.2269,46.0078],[150.2405,46.0197],[150.2508,46.025],[150.3102,46.0505],[150.4255,46.1189],[150.475,46.1594],[150.4986,46.1925],[150.4372,46.2142],[150.3524,46.2133],[150.3427,46.2117],[150.0728,46.0825],[150.0375,46.065],[149.9688,46.0297],[149.9586,46.0242],[149.9291,46.0075],[149.8905,45.9719],[149.8569,45.9231],[149.6761,45.8553],[149.6678,45.8508],[149.6628,45.8447],[149.6191,45.7903],[149.548,45.7011],[149.4811,45.6083],[149.4735,45.6033],[149.4608,45.5997],[149.4508,45.5955],[149.4422,45.5897],[149.4375,45.5836],[149.4408,45.5808],[149.5244,45.5825],[149.5339,45.5828]]],[[[150.8119,46.4419],[150.8672,46.4353],[150.8741,46.4408],[150.8755,46.4472],[150.8733,46.4508],[150.8511,46.47],[150.8419,46.4711],[150.8322,46.4705],[150.8222,46.4678],[150.7985,46.45],[150.8028,46.443],[150.8119,46.4419]]],[[[150.7544,46.6997],[150.765,46.7039],[150.77,46.7097],[150.7689,46.723],[150.7622,46.7275],[150.7533,46.7297],[150.7436,46.7294],[150.7397,46.7286],[150.7308,46.7228],[150.7333,46.7161],[150.7375,46.7092],[150.7455,46.7019],[150.7544,46.6997]]],[[[152.4469,47.3825],[152.4372,47.3825],[152.4269,47.3797],[152.4164,47.3755],[152.4089,47.37],[152.4016,47.3642],[152.3914,47.3503],[152.388,47.3442],[152.3886,47.3308],[152.3944,47.3236],[152.4025,47.3164],[152.4225,47.3034],[152.5083,47.3033],[152.5191,47.3072],[152.5336,47.3189],[152.5419,47.3283],[152.5417,47.335],[152.5375,47.3419],[152.5316,47.3492],[152.5119,47.3711],[152.5039,47.3772],[152.4855,47.3819],[152.4469,47.3825]]],[[[153.0819,47.8008],[153.0741,47.8083],[153.0652,47.8119],[153.0561,47.8144],[153.0461,47.813],[153.0258,47.7955],[153.0147,47.7839],[153.0058,47.7717],[152.9811,47.7233],[152.9866,47.7069],[152.9908,47.7],[152.9966,47.6928],[153.0061,47.6917],[153.0161,47.693],[153.0478,47.7022],[153.0691,47.7089],[153.0803,47.7142],[153.0966,47.7531],[153.0983,47.7592],[153.0977,47.7725],[153.0958,47.7794],[153.0877,47.7933],[153.0819,47.8008]]],[[[153.1847,48.1364],[153.1747,48.135],[153.1636,48.1308],[153.1561,48.1253],[153.1469,48.1133],[153.1378,48.1011],[153.14,48.0944],[153.1464,48.0883],[153.2058,48.0533],[153.215,48.0511],[153.2244,48.05],[153.2367,48.0511],[153.2797,48.0431],[153.2905,48.0536],[153.2875,48.0936],[153.2833,48.0992],[153.275,48.1056],[153.2411,48.1255],[153.2233,48.133],[153.2141,48.1353],[153.2047,48.1364],[153.1847,48.1364]]],[[[154.1614,48.9125],[154.1405,48.9097],[154.1294,48.9058],[154.12,48.9005],[154.1122,48.895],[153.988,48.78],[153.9766,48.7617],[153.973,48.7489],[153.973,48.7422],[153.975,48.7356],[153.9808,48.7347],[153.9994,48.723],[154.0092,48.7219],[154.0194,48.7233],[154.0308,48.7269],[154.0536,48.7372],[154.0633,48.7428],[154.1889,48.835],[154.2194,48.8705],[154.2272,48.8828],[154.2308,48.8955],[154.2289,48.9025],[154.2208,48.9086],[154.2114,48.9111],[154.1819,48.9136],[154.1614,48.9125]]],[[[154.0111,48.9508],[154.0089,48.9578],[154.0047,48.9636],[153.9669,48.9722],[153.9189,48.9797],[153.9075,48.9758],[153.9019,48.97],[153.8983,48.9572],[153.9003,48.9503],[153.9041,48.9433],[153.9211,48.9265],[153.9308,48.9239],[153.9405,48.9228],[153.9819,48.9267],[154.0036,48.9319],[154.0111,48.9375],[154.0111,48.9508]]],[[[154.5833,49.1005],[154.593,49.1061],[154.5988,49.1119],[154.6008,49.1183],[154.6008,49.1247],[154.5969,49.1319],[154.5911,49.1394],[154.583,49.1458],[154.5647,49.1522],[154.4983,49.1661],[154.4886,49.1675],[154.4686,49.1686],[154.4647,49.1679],[154.4547,49.1692],[154.4461,49.1678],[154.4422,49.1617],[154.4402,49.1553],[154.4713,49.0983],[154.483,49.0833],[154.4916,49.0783],[154.5005,49.0744],[154.5103,49.0733],[154.5211,49.0758],[154.5833,49.1005]]],[[[154.7433,49.5861],[154.7452,49.5792],[154.7511,49.5717],[154.703,49.4808],[154.6383,49.4231],[154.6064,49.3797],[154.6024,49.3736],[154.6005,49.3672],[154.5986,49.3475],[154.5939,49.291],[154.6316,49.2803],[154.6975,49.2636],[154.7072,49.2622],[154.7158,49.2639],[154.7917,49.2922],[154.8033,49.2972],[154.8111,49.3028],[154.815,49.3089],[154.835,49.3458],[154.8269,49.3853],[154.823,49.3925],[154.7997,49.4155],[154.7939,49.4231],[154.7903,49.43],[154.7903,49.4433],[154.7941,49.4561],[154.818,49.5058],[154.83,49.5175],[154.8377,49.523],[154.8477,49.5283],[154.8708,49.5372],[154.8783,49.5417],[154.8822,49.5475],[154.9044,49.6175],[154.9044,49.6242],[154.8953,49.6267],[154.8564,49.6333],[154.8144,49.6364],[154.7491,49.5919],[154.7433,49.5861]]],[[[154.4558,49.8211],[154.4386,49.8314],[154.4289,49.8325],[154.4086,49.8339],[154.3983,49.8339],[154.375,49.825],[154.3672,49.8192],[154.3652,49.8128],[154.355,49.7667],[154.3675,49.7464],[154.3763,49.7425],[154.4044,49.7336],[154.4144,49.7325],[154.425,49.7336],[154.4325,49.738],[154.4561,49.788],[154.4619,49.8069],[154.46,49.8139],[154.4558,49.8211]]],[[[152.0874,46.9779],[152.1741,47.063],[152.2319,47.1025],[152.2536,47.1131],[152.27,47.1244],[152.2772,47.13],[152.2897,47.1417],[152.293,47.1478],[152.2864,47.1525],[152.2686,47.1586],[152.2597,47.1608],[152.2366,47.1453],[152.2066,47.125],[152.2255,47.1747],[152.2169,47.1717],[152.2025,47.1603],[152.1811,47.1431],[152.1202,47.0908],[152.1044,47.0731],[152.0511,47.0206],[152.0448,47.0134],[152.0205,46.9887],[151.8688,46.8664],[151.86,46.8608],[151.8494,46.8567],[151.8394,46.8553],[151.83,46.855],[151.7647,46.8622],[151.7452,46.8617],[151.7253,46.8572],[151.7147,46.8533],[151.7058,46.8475],[151.7044,46.8411],[151.7122,46.8011],[151.7202,46.795],[151.7372,46.7853],[151.7633,46.7747],[151.7722,46.7722],[151.7816,46.7714],[151.8011,46.773],[151.8216,46.7786],[151.8319,46.7828],[152.013,46.8889],[152.0183,46.8947],[152.025,46.9072],[152.0266,46.9136],[152.03,46.9197],[152.0352,46.9256],[152.0874,46.9779]]],[[[155.4833,50.1194],[155.4994,50.1305],[155.5155,50.1417],[155.5255,50.1469],[155.5963,50.1783],[155.6186,50.1831],[155.6917,50.1836],[155.7019,50.1836],[155.7316,50.1794],[155.7419,50.1792],[155.7636,50.1814],[155.7855,50.185],[155.7953,50.1889],[155.8928,50.2636],[156.1489,50.5189],[156.153,50.525],[156.1247,50.6997],[156.1213,50.72],[156.1164,50.7475],[156.1125,50.7547],[156.1041,50.7611],[156.0769,50.773],[156.0672,50.7758],[156.0455,50.7736],[156.0341,50.7711],[156.0222,50.7675],[156.01,50.7625],[155.9791,50.7469],[155.8969,50.6986],[155.8889,50.693],[155.8827,50.6872],[155.8636,50.6567],[155.8614,50.6503],[155.8608,50.6369],[155.8583,50.6175],[155.8558,50.6044],[155.8516,50.5917],[155.7655,50.4639],[155.7614,50.458],[155.7491,50.4464],[155.6694,50.3908],[155.6614,50.3853],[155.6491,50.3805],[155.638,50.378],[155.6277,50.378],[155.5453,50.375],[155.4491,50.368],[155.4383,50.3669],[155.4272,50.3644],[155.3922,50.3533],[155.2477,50.3014],[155.2216,50.2344],[155.2086,50.0808],[155.2122,50.0669],[155.2241,50.0533],[155.2262,50.0526],[155.245,50.0567],[155.2558,50.0578],[155.2978,50.06],[155.3186,50.0597],[155.3383,50.0572],[155.3575,50.053],[155.4711,50.108],[155.4833,50.1194]]],[[[156.1689,50.7414],[156.1644,50.7286],[156.1636,50.7086],[156.1672,50.695],[156.1728,50.6875],[156.1805,50.6797],[156.1891,50.6744],[156.1983,50.6703],[156.2855,50.6467],[156.3508,50.6371],[156.4008,50.6256],[156.4038,50.6534],[156.4063,50.6571],[156.4142,50.6739],[156.435,50.6908],[156.4519,50.7083],[156.4861,50.7503],[156.4902,50.7561],[156.4955,50.8289],[156.4958,50.8355],[156.4941,50.8425],[156.4886,50.85],[156.473,50.8655],[156.4639,50.8694],[156.4539,50.8708],[156.4427,50.87],[156.3647,50.8586],[156.3533,50.8561],[156.3411,50.8511],[156.1922,50.7714],[156.1858,50.7655],[156.1753,50.7536],[156.1689,50.7414]]],[[[155.4478,50.8978],[155.4477,50.88],[155.4494,50.8722],[155.4611,50.8505],[155.473,50.8355],[155.4808,50.828],[155.4983,50.8175],[155.5272,50.8097],[155.5469,50.8055],[155.5569,50.8042],[155.588,50.8028],[155.6208,50.8061],[155.6444,50.8136],[155.6589,50.8247],[155.6611,50.8311],[155.6697,50.8567],[155.6661,50.8705],[155.6508,50.9058],[155.6469,50.913],[155.6392,50.9208],[155.6005,50.9314],[155.5803,50.9342],[155.5697,50.9342],[155.5056,50.9311],[155.4944,50.93],[155.4827,50.9261],[155.4744,50.9205],[155.4478,50.8978]]]]},"properties":{"NAME":"Kuril Islands","SUBJECTO":"(Russian and Japanese claim)","PARTOF":"","BORDERPRECISION":3,"LINK":null}},
{"type":"Feature","geometry":{"type":"MultiPolygon","coordinates":[[[[124.1339,39.8431],[124.209,39.7383],[124.4428,39.573],[124.5481,39.5413],[124.6884,39.6054],[124.86,39.6185],[124.9223,39.6186],[125.2065,39.4853],[125.2961,39.3643],[125.2109,39.2112],[125.0279,38.8156],[125.2937,38.6887],[125.2686,38.5676],[124.9294,38.4649],[124.7362,38.2798],[124.6937,38.1395],[124.7697,37.9359],[125.077,37.7709],[125.1816,37.6564],[125.2694,37.4847],[125.5617,37.8355],[125.7412,37.785],[125.909,37.5115],[126.0525,37.6009],[126.2097,37.7541],[126.3304,37.6614],[126.3717,37.6298],[126.3719,37.6269],[126.373,37.6217],[126.3753,37.6172],[126.3819,37.6089],[126.3864,37.6053],[126.3975,37.5989],[126.4103,37.5939],[126.4189,37.5925],[126.4486,37.5922],[126.5014,37.5944],[126.5139,37.5972],[126.5394,37.6278],[126.5308,37.6773],[126.5407,37.6776],[126.5464,37.6522],[126.5475,37.6472],[126.55,37.6425],[126.5533,37.6383],[126.5725,37.62],[126.6292,37.5914],[126.6521,37.5668],[126.6589,37.555],[126.6628,37.5406],[126.6744,37.488],[126.6708,37.485],[126.6641,37.4839],[126.6319,37.4875],[126.6258,37.4858],[126.6219,37.4814],[126.6255,37.4714],[126.6564,37.4111],[126.6608,37.4075],[126.6661,37.4044],[126.6728,37.4019],[126.7169,37.3861],[126.7255,37.3847],[126.7328,37.385],[126.7419,37.3868],[126.7222,37.328],[126.7705,37.3047],[126.8019,37.2955],[126.8091,37.2955],[126.815,37.2975],[126.8361,37.308],[126.8433,37.3083],[126.8475,37.3044],[126.8636,37.2717],[126.8658,37.2669],[126.8619,37.2628],[126.8561,37.2608],[126.7661,37.2319],[126.7528,37.245],[126.6994,37.2622],[126.6681,37.2556],[126.6619,37.2539],[126.6589,37.2486],[126.6608,37.1619],[126.6611,37.1561],[126.6878,37.1244],[126.6944,37.1217],[126.7075,37.1236],[126.7186,37.128],[126.723,37.1317],[126.7386,37.1489],[126.7594,37.1689],[126.7639,37.1722],[126.77,37.1742],[126.8691,37.1764],[126.8697,37.1722],[126.8686,37.1458],[126.8653,37.1408],[126.8594,37.1389],[126.853,37.138],[126.8194,37.1339],[126.7822,37.1255],[126.7764,37.1236],[126.773,37.1186],[126.7542,37.0542],[126.7528,37.0486],[126.7561,37.0444],[126.8658,36.9505],[126.8702,36.9469],[126.908,36.9194],[126.9144,36.9169],[126.9217,36.9169],[127.0002,36.9297],[126.9922,36.9108],[126.9061,36.8169],[126.8464,36.7525],[126.8386,36.7533],[126.8342,36.7569],[126.8308,36.7611],[126.8286,36.7658],[126.8272,36.8411],[126.8289,36.8536],[126.8317,36.8597],[126.8342,36.8728],[126.8342,36.8783],[126.8306,36.8942],[126.8255,36.9092],[126.8233,36.9139],[126.7811,36.9636],[126.7767,36.9672],[126.7692,36.9692],[126.7614,36.97],[126.6822,36.9717],[126.62,36.9728],[126.5717,37.0214],[126.5675,37.025],[126.5253,37.0503],[126.5178,37.0522],[126.5025,37.0528],[126.4992,37.0497],[126.4905,36.9955],[126.5142,36.9414],[126.4975,36.8708],[126.4955,36.8642],[126.4905,36.8522],[126.4833,36.8425],[126.4789,36.8392],[126.4725,36.8394],[126.4683,36.843],[126.4633,36.8639],[126.4622,36.8947],[126.462,36.8982],[126.4685,36.9064],[126.4766,36.9222],[126.4792,36.9283],[126.478,36.9336],[126.4491,36.9914],[126.4425,36.9997],[126.4372,37.0028],[126.4294,37.0047],[126.4225,37.0047],[126.3928,37.0047],[126.3558,36.9964],[126.35,36.9944],[126.3397,36.9892],[126.335,36.9856],[126.345,36.9567],[126.3483,36.9525],[126.3528,36.9489],[126.383,36.9294],[126.3897,36.9305],[126.4072,36.9358],[126.4136,36.9333],[126.4138,36.9149],[126.4151,36.912],[126.4151,36.8967],[126.4011,36.8519],[126.3247,36.8039],[126.2944,36.7872],[126.2894,36.7858],[126.2839,36.7947],[126.2803,36.8044],[126.2792,36.8097],[126.2805,36.8153],[126.2972,36.8436],[126.3144,36.8678],[126.3208,36.878],[126.3217,36.8844],[126.3089,36.9422],[126.3044,36.9622],[126.2978,36.9636],[126.2911,36.9625],[126.2861,36.96],[126.1883,36.8825],[126.1844,36.8783],[126.1917,36.8199],[126.1643,36.8097],[126.1289,36.7517],[126.1236,36.7092],[126.128,36.7053],[126.1661,36.6753],[126.1728,36.6728],[126.1861,36.6703],[126.1927,36.6714],[126.2292,36.6808],[126.235,36.6825],[126.24,36.6853],[126.2439,36.6897],[126.2483,36.7025],[126.2514,36.7075],[126.2561,36.7111],[126.2728,36.7175],[126.275,36.7128],[126.2989,36.6394],[126.2991,36.6278],[126.2931,36.5819],[126.3155,36.5994],[126.3369,36.6455],[126.3347,36.6503],[126.3228,36.6617],[126.3094,36.6783],[126.3047,36.6875],[126.3036,36.6928],[126.3075,36.6972],[126.343,36.7367],[126.3475,36.74],[126.3547,36.7403],[126.4694,36.7436],[126.4753,36.7419],[126.4972,36.7239],[126.5161,36.6597],[126.5269,36.5986],[126.5272,36.5928],[126.5247,36.5869],[126.5189,36.585],[126.5125,36.5875],[126.5069,36.5908],[126.5003,36.5919],[126.4742,36.588],[126.4658,36.58],[126.4644,36.5747],[126.4806,36.4811],[126.4958,36.3942],[126.5366,36.2192],[126.5444,36.1364],[126.6736,36.0047],[126.6853,36],[126.6889,36],[126.7073,36.0008],[126.7395,36.0058],[126.8591,36.0555],[126.8692,36.0606],[126.871,36.0578],[126.873,36.0547],[126.8688,36.0431],[126.8536,36.0353],[126.7619,35.9953],[126.7053,35.9847],[126.6425,35.9717],[126.6317,35.9672],[126.6283,35.9619],[126.6153,35.9258],[126.6142,35.9194],[126.6142,35.8961],[126.6153,35.8908],[126.62,35.8886],[126.7258,35.8825],[126.733,35.8825],[126.7825,35.8931],[126.7883,35.8947],[126.8011,35.8617],[126.7519,35.7783],[126.7383,35.7764],[126.7067,35.7708],[126.6958,35.7664],[126.6425,35.7422],[126.6322,35.7369],[126.4794,35.64],[126.4747,35.6358],[126.4686,35.6092],[126.4708,35.6044],[126.4772,35.5961],[126.488,35.5842],[126.4986,35.578],[126.5072,35.5764],[126.515,35.5758],[126.5214,35.5767],[126.5358,35.5855],[126.5469,35.59],[126.6439,35.5947],[126.6511,35.595],[126.6586,35.5942],[126.665,35.5917],[126.6691,35.588],[126.675,35.5736],[126.6875,35.5392],[126.6878,35.5333],[126.6839,35.5289],[126.6786,35.5322],[126.6194,35.5469],[126.5289,35.5269],[126.523,35.525],[126.4969,35.5125],[126.4917,35.5097],[126.4842,35.5011],[126.4569,35.4625],[126.4469,35.4478],[126.4414,35.4302],[126.4289,35.4161],[126.425,35.4117],[126.4219,35.4067],[126.3875,35.3369],[126.3783,35.3122],[126.3636,35.2278],[126.3605,35.1803],[126.3875,35.1478],[126.4114,35.1192],[126.4208,35.1117],[126.4314,35.1056],[126.4439,35.1005],[126.4556,35.0947],[126.4589,35.0905],[126.4572,35.0689],[126.4314,35.0233],[126.4211,35.0181],[126.4164,35.0203],[126.3597,35.0692],[126.343,35.0955],[126.3408,35.1003],[126.3433,35.1064],[126.3497,35.1167],[126.3533,35.1208],[126.3542,35.1272],[126.353,35.1325],[126.3494,35.148],[126.345,35.1517],[126.2694,35.1367],[126.2636,35.1347],[126.2542,35.1286],[126.2511,35.1233],[126.2492,35.1167],[126.2483,35.1103],[126.3042,34.9619],[126.318,34.9322],[126.3225,34.9286],[126.3328,34.9225],[126.338,34.9194],[126.3439,34.9175],[126.3694,34.9308],[126.3761,34.9405],[126.3769,34.9467],[126.4336,34.9636],[126.4133,34.8944],[126.3786,34.8092],[126.3711,34.8005],[126.3691,34.7939],[126.3714,34.7892],[126.3758,34.7856],[126.3814,34.7836],[126.4992,34.7761],[126.5105,34.7756],[126.515,34.7789],[126.5186,34.7833],[126.5311,34.8039],[126.5336,34.8169],[126.54,34.873],[126.5908,34.8775],[126.6597,34.8128],[126.6608,34.8075],[126.635,34.7822],[126.6292,34.7805],[126.608,34.7794],[126.4941,34.7505],[126.4769,34.725],[126.4925,34.7217],[126.5031,34.7153],[126.6202,34.6242],[126.6183,34.6194],[126.6125,34.6178],[126.6061,34.6167],[126.5367,34.6136],[126.5289,34.6142],[126.5217,34.6164],[126.4728,34.6372],[126.4619,34.6422],[126.4514,34.6483],[126.4325,34.6194],[126.4517,34.578],[126.4175,34.5958],[126.3511,34.6992],[126.3433,34.7128],[126.3283,34.7347],[126.3167,34.7461],[126.3114,34.7492],[126.3039,34.7511],[126.2969,34.7511],[126.2928,34.7475],[126.2894,34.7422],[126.2669,34.6833],[126.2653,34.6708],[126.273,34.6339],[126.2883,34.5903],[126.3128,34.5681],[126.3183,34.565],[126.3914,34.5439],[126.4633,34.4847],[126.4619,34.4792],[126.4619,34.4733],[126.4783,34.3453],[126.525,34.3161],[126.5564,34.3005],[126.5941,34.2994],[126.6003,34.3003],[126.6839,34.4344],[126.7561,34.5578],[126.7655,34.5733],[126.7725,34.5828],[126.7775,34.5855],[126.7833,34.5872],[126.7897,34.5861],[126.795,34.5831],[126.7991,34.5794],[126.8028,34.5694],[126.8042,34.5583],[126.805,34.5297],[126.8,34.4919],[126.8008,34.4631],[126.8117,34.4455],[126.8169,34.4425],[126.8894,34.4125],[126.8878,34.435],[126.8969,34.4492],[126.9383,34.4872],[126.9664,34.5042],[126.9855,34.5264],[126.9886,34.5317],[126.9894,34.5378],[127.0097,34.6022],[127.0369,34.62],[127.0917,34.6505],[127.1125,34.6603],[127.2167,34.7075],[127.2739,34.7275],[127.3286,34.743],[127.3353,34.7419],[127.3383,34.7378],[127.3516,34.698],[127.3528,34.6928],[127.3325,34.6564],[127.3286,34.6522],[127.2422,34.5694],[127.2072,34.5689],[127.1927,34.5694],[127.1917,34.5747],[127.2028,34.5969],[127.2111,34.6142],[127.213,34.6208],[127.213,34.6272],[127.2119,34.6325],[127.2064,34.6356],[127.2017,34.633],[127.1317,34.5653],[127.1253,34.555],[127.1233,34.5481],[127.1247,34.5372],[127.1292,34.5278],[127.1355,34.5194],[127.1397,34.5158],[127.1683,34.5119],[127.2436,34.5114],[127.3153,34.4436],[127.3894,34.4711],[127.51,34.5786],[127.5144,34.5914],[127.5133,34.5967],[127.4889,34.6378],[127.4858,34.6419],[127.4294,34.6769],[127.4086,34.6894],[127.3919,34.6983],[127.3875,34.7019],[127.3639,34.7514],[127.3989,34.8022],[127.4183,34.8186],[127.4939,34.8517],[127.5225,34.8569],[127.5678,34.7667],[127.5628,34.7175],[127.5583,34.7047],[127.5564,34.6922],[127.5542,34.6561],[127.5564,34.6514],[127.5764,34.6383],[127.635,34.615],[127.6408,34.6169],[127.7439,34.7233],[127.7478,34.7275],[127.7694,34.795],[127.7739,34.8264],[127.7736,34.8439],[127.7172,34.8417],[127.7108,34.8405],[127.705,34.8389],[127.6903,34.8303],[127.6864,34.8258],[127.673,34.8155],[127.6675,34.8139],[127.6547,34.8119],[127.6386,34.8142],[127.6114,34.8408],[127.605,34.8492],[127.5764,34.8869],[127.5686,34.9119],[127.5692,34.9178],[127.5889,34.9383],[127.5933,34.9417],[127.6005,34.9419],[127.6056,34.9386],[127.6092,34.9231],[127.6186,34.9105],[127.628,34.9036],[127.6353,34.9017],[127.6431,34.9008],[127.6608,34.9053],[127.7674,34.9603],[127.8308,34.9467],[127.8639,34.9403],[127.883,34.943],[127.8939,34.9475],[127.9094,34.9553],[128.0205,34.9864],[128.0469,34.9475],[128.048,34.9422],[128.0503,34.9375],[128.0561,34.9308],[128.0667,34.9244],[128.0728,34.9217],[128.1541,34.8944],[128.1764,34.8894],[128.2039,34.8883],[128.2066,34.8944],[128.208,34.8997],[128.2089,34.9119],[128.2077,34.9228],[128.2111,34.928],[128.2161,34.9305],[128.2278,34.9342],[128.3291,34.9494],[128.3408,34.9436],[128.3511,34.9314],[128.3561,34.9097],[128.3566,34.9053],[128.3463,34.9],[128.3355,34.8714],[128.403,34.8336],[128.4089,34.8319],[128.435,34.8347],[128.4458,34.8389],[128.4519,34.8455],[128.463,34.8686],[128.47,34.8858],[128.5014,35.0083],[128.4875,35.0475],[128.4833,35.0511],[128.4772,35.0539],[128.4655,35.0503],[128.4155,35.0322],[128.4105,35.0297],[128.4072,35.0244],[128.4052,35.0178],[128.3961,35.0108],[128.3911,35.0083],[128.3794,35.0047],[128.3725,35.0047],[128.3711,35.0094],[128.378,35.0361],[128.3861,35.0422],[128.5728,35.17],[128.6114,35.1733],[128.62,35.1486],[128.7105,35.1011],[128.735,35.0928],[128.8105,35.0842],[128.9191,35.0892],[128.925,35.0908],[128.9294,35.0942],[128.9739,35.1348],[128.9786,35.085],[129.1369,35.1122],[129.1747,35.1469],[129.2375,35.1899],[129.2416,35.2089],[129.2778,35.2958],[129.2811,35.3008],[129.3422,35.3425],[129.3475,35.345],[129.4394,35.4758],[129.4664,35.5372],[129.4694,35.5503],[129.4744,35.5803],[129.4753,35.5922],[129.4733,35.6028],[129.4648,35.6446],[129.4866,35.6833],[129.5839,35.9889],[129.5869,35.9996],[129.5883,36.0076],[129.5883,36.0193],[129.5853,36.0349],[129.5739,36.064],[129.5645,36.0766],[129.5573,36.0788],[129.5511,36.0771],[129.5281,36.051],[129.4903,36.0157],[129.4816,36.008],[129.4718,36],[129.463,35.9947],[129.4572,35.993],[129.45,35.993],[129.4255,35.9972],[129.419,36.0005],[129.3983,36.013],[129.3941,36.0166],[129.3889,36.0257],[129.3869,36.036],[129.3819,36.3086],[129.3819,36.3144],[129.3853,36.3275],[129.3905,36.3394],[129.4058,36.3572],[129.418,36.3697],[129.4352,36.3942],[129.438,36.4003],[129.4391,36.4064],[129.4505,36.5005],[129.4505,36.5064],[129.4411,36.5361],[129.4369,36.5458],[129.4272,36.5583],[129.423,36.5678],[129.42,36.5778],[129.4189,36.5831],[129.4169,36.6167],[129.4178,36.6228],[129.4222,36.6342],[129.4386,36.6603],[129.4425,36.6647],[129.4519,36.6714],[129.4622,36.6764],[129.4669,36.6797],[129.4697,36.6858],[129.4716,36.6925],[129.473,36.7103],[129.475,36.7689],[129.475,36.7744],[129.4686,36.7889],[129.4591,36.8072],[129.4539,36.8161],[129.4308,36.8689],[129.4278,36.8789],[129.4236,36.9],[129.4161,36.9422],[129.4139,37.0161],[129.4139,37.0217],[129.415,37.028],[129.4172,37.0347],[129.4239,37.045],[129.4286,37.0483],[129.4319,37.0533],[129.4336,37.0589],[129.4294,37.0683],[129.3763,37.135],[129.3658,37.1469],[129.3625,37.15],[129.3541,37.2283],[129.353,37.2336],[129.3425,37.2572],[129.2589,37.3714],[129.1897,37.4647],[129.1361,37.5256],[129.0664,37.6244],[129.06,37.6386],[129.063,37.6575],[129.063,37.6689],[129.05,37.6858],[129.0105,37.7244],[128.9986,37.7361],[128.8827,37.848],[128.8783,37.8519],[128.8633,37.8561],[128.858,37.8594],[128.6411,38.1172],[128.6378,38.1214],[128.6344,38.1255],[128.6258,38.1444],[128.5325,38.3306],[128.3892,38.5794],[128.3636,38.6252],[128.3214,38.5992],[128.3072,38.5889],[128.3036,38.5839],[128.3019,38.5783],[128.3055,38.5628],[128.3077,38.558],[128.3136,38.5319],[128.3136,38.5205],[128.3127,38.5142],[128.3077,38.4886],[128.3014,38.4683],[128.2933,38.4505],[128.2797,38.4303],[128.2696,38.4205],[128.1441,38.5346],[127.956,38.6941],[127.4046,39.0753],[127.2769,39.2217],[127.4408,39.6237],[127.5524,39.7642],[127.6715,39.8664],[127.9313,39.9562],[128.2362,39.9696],[128.4466,40.0659],[128.791,40.3543],[129.0148,40.5275],[129.177,40.6302],[129.4778,40.682],[129.5614,41.0727],[129.6311,41.2778],[129.5907,41.4699],[129.6413,41.6558],[129.8247,41.8614],[130.4351,42.2768],[130.3599,42.4535],[130.2259,42.6513],[129.9656,42.9574],[129.8543,42.9568],[129.7405,42.8985],[129.5682,42.7374],[129.4645,42.4166],[129.0345,42.1774],[128.7555,42.0606],[128.5136,42.0529],[128.31,42.0774],[128.1603,42.1342],[127.984,42.1076],[127.8608,41.9982],[127.8493,41.8445],[128.0781,41.5004],[128.0985,41.4494],[127.8615,41.3777],[127.4228,41.3562],[127.1943,41.4252],[126.9724,41.5391],[126.8493,41.7175],[126.6475,41.71],[126.4742,41.6515],[126.1655,41.1894],[125.8795,40.945],[125.415,40.6997],[124.7251,40.4277],[124.4911,40.2796],[124.3043,40.0807],[124.1339,39.8431]]],[[[126.5994,33.2333],[126.6222,33.24],[126.7253,33.2703],[126.7647,33.2828],[126.843,33.3083],[126.8475,33.3117],[126.9083,33.3792],[126.9158,33.3878],[126.9189,33.3928],[126.9367,33.4244],[126.9411,33.4539],[126.898,33.5233],[126.8908,33.5253],[126.8397,33.5364],[126.8358,33.5406],[126.8275,33.5478],[126.8214,33.5505],[126.813,33.5519],[126.7931,33.5508],[126.6958,33.54],[126.6336,33.5317],[126.378,33.4747],[126.3722,33.473],[126.3175,33.4528],[126.3125,33.4503],[126.2703,33.4228],[126.1836,33.3528],[126.1764,33.3442],[126.1583,33.3147],[126.1553,33.2894],[126.1578,33.2789],[126.1705,33.2625],[126.1861,33.2475],[126.2072,33.2294],[126.2269,33.2164],[126.2611,33.1939],[126.2664,33.1908],[126.2739,33.1903],[126.2858,33.193],[126.2905,33.1955],[126.2972,33.2053],[126.3011,33.2094],[126.3097,33.2164],[126.3147,33.2192],[126.3308,33.2255],[126.3406,33.2272],[126.4169,33.2356],[126.4247,33.2347],[126.4455,33.2294],[126.4761,33.2225],[126.4825,33.2214],[126.5086,33.2236],[126.5869,33.2314],[126.5994,33.2333]]],[[[126.7392,34.2786],[126.7655,34.2808],[126.7719,34.2819],[126.775,34.2869],[126.7708,34.2964],[126.7308,34.3639],[126.7139,34.3783],[126.7014,34.3869],[126.6941,34.3892],[126.6872,34.3889],[126.6689,34.385],[126.6639,34.3825],[126.6578,34.3755],[126.6547,34.3705],[126.6491,34.35],[126.6458,34.325],[126.648,34.3203],[126.6514,34.3161],[126.6955,34.2872],[126.7008,34.2842],[126.7314,34.2792],[126.7392,34.2786]]],[[[127.1605,34.4144],[127.2136,34.4189],[127.2194,34.4205],[127.2289,34.4267],[127.2328,34.4311],[127.2417,34.4472],[127.2441,34.4533],[127.2458,34.4658],[127.2436,34.4705],[127.2394,34.4742],[127.2227,34.4836],[127.213,34.4856],[127.1991,34.4853],[127.1317,34.4736],[127.1258,34.4717],[127.1142,34.4639],[127.1114,34.4603],[127.1158,34.4344],[127.1336,34.4203],[127.1458,34.415],[127.1605,34.4144]]],[[[127.7855,34.4739],[127.7908,34.4764],[127.7953,34.4797],[127.7983,34.485],[127.7983,34.4908],[127.7864,34.5194],[127.7763,34.5337],[127.7708,34.5383],[127.7644,34.5408],[127.7511,34.5419],[127.7414,34.5389],[127.7158,34.5308],[127.7119,34.5267],[127.713,34.5214],[127.7161,34.5172],[127.7583,34.4875],[127.7808,34.4747],[127.7855,34.4739]]],[[[126.1797,34.3511],[126.1867,34.3514],[126.1991,34.3533],[126.2564,34.3697],[126.2619,34.3714],[126.3425,34.4014],[126.3469,34.4047],[126.3678,34.4417],[126.3828,34.4719],[126.3836,34.4783],[126.3833,34.4839],[126.3811,34.4917],[126.3803,34.4947],[126.3769,34.4989],[126.335,34.54],[126.2983,34.5558],[126.2733,34.5658],[126.2533,34.5731],[126.2433,34.5733],[126.2389,34.57],[126.1019,34.425],[126.0997,34.4192],[126.0989,34.4128],[126.0992,34.4069],[126.1016,34.3967],[126.1061,34.3872],[126.1125,34.3789],[126.1436,34.3556],[126.1503,34.3544],[126.1719,34.3519],[126.1797,34.3511]]],[[[127.7997,34.5722],[127.8039,34.5756],[127.8066,34.5817],[127.8128,34.6219],[127.8122,34.6414],[127.7941,34.6614],[127.7681,34.6642],[127.7369,34.64],[127.733,34.6358],[127.7333,34.6186],[127.7344,34.6133],[127.7366,34.6086],[127.74,34.6044],[127.7483,34.5969],[127.7586,34.5908],[127.7867,34.5761],[127.7931,34.5733],[127.7997,34.5722]]],[[[125.9719,34.6472],[125.9914,34.6681],[126.0025,34.6811],[126.0061,34.6855],[126.0086,34.6914],[126.0064,34.6961],[126.0031,34.7003],[125.9938,34.7078],[125.9814,34.7169],[125.9561,34.7128],[125.9233,34.7],[125.9181,34.6975],[125.915,34.6922],[125.9144,34.6858],[125.9155,34.6808],[125.9178,34.6761],[125.9264,34.6689],[125.9636,34.6486],[125.9719,34.6472]]],[[[126.0005,34.79],[125.993,34.7919],[125.9855,34.7925],[125.9792,34.7917],[125.9736,34.7897],[125.9558,34.7758],[125.9508,34.773],[125.9444,34.7719],[125.9217,34.7739],[125.9153,34.7728],[125.9083,34.7728],[125.898,34.7672],[125.8939,34.7639],[125.8922,34.7511],[125.8889,34.7389],[125.8883,34.7325],[125.8905,34.728],[125.9044,34.7178],[125.9119,34.7169],[125.9322,34.7183],[125.9361,34.7228],[125.9391,34.728],[125.9383,34.7453],[125.9408,34.7511],[125.9453,34.7547],[125.9511,34.7567],[125.9669,34.7544],[125.9739,34.7519],[125.9803,34.7528],[125.9836,34.758],[125.9883,34.7606],[125.9958,34.7586],[126.0033,34.758],[126.0092,34.76],[126.0086,34.7642],[126.0053,34.7683],[126.0031,34.773],[126.0064,34.7853],[126.0039,34.79],[126.0008,34.7919],[126.0005,34.79]]],[[[128.0808,34.8278],[128.0858,34.8303],[128.0789,34.8697],[128.0758,34.8739],[128.0658,34.8785],[128.0358,34.908],[128.0314,34.9117],[128.0241,34.9139],[128.0172,34.9139],[128.0078,34.9078],[127.9769,34.8642],[127.9742,34.8583],[127.9733,34.8519],[127.9797,34.8436],[127.99,34.8372],[127.9972,34.8353],[128.0133,34.8328],[128.0808,34.8278]]],[[[126.0425,34.8539],[126.0636,34.8544],[126.0742,34.8592],[126.0786,34.8625],[126.0822,34.8669],[126.0897,34.885],[126.0911,34.8903],[126.0944,34.9097],[126.0766,34.9213],[126.0753,34.9231],[126.07,34.9261],[126.0628,34.9283],[126.0577,34.9256],[126.0022,34.8903],[125.9853,34.8683],[125.9836,34.865],[125.9869,34.8608],[125.993,34.8583],[126.0425,34.8539]]],[[[127.9622,34.7983],[127.9561,34.8008],[127.9164,34.8328],[127.9103,34.8419],[127.9091,34.8472],[127.9066,34.8692],[127.9097,34.8742],[127.9377,34.9019],[127.9361,34.9114],[127.9339,34.9161],[127.9308,34.9205],[127.9267,34.9242],[127.9214,34.9272],[127.9153,34.93],[127.8986,34.9331],[127.8858,34.9311],[127.88,34.9294],[127.8755,34.9261],[127.8678,34.9175],[127.8369,34.8797],[127.8269,34.8558],[127.8222,34.843],[127.8528,34.7389],[127.8572,34.7239],[127.8605,34.7197],[127.8803,34.7122],[127.8886,34.7105],[127.9772,34.6978],[127.985,34.6969],[128.0444,34.695],[128.0566,34.6975],[128.0608,34.7011],[128.0625,34.7064],[128.0755,34.8],[128.0733,34.8047],[128.0691,34.8083],[128.0555,34.8133],[128.0325,34.8178],[128.0019,34.8208],[127.9903,34.8172],[127.968,34.8],[127.9622,34.7983]]],[[[128.743,34.788],[128.7544,34.8769],[128.7544,34.8828],[128.7352,34.9333],[128.73,34.9422],[128.7282,34.943],[128.7111,34.9767],[128.6636,34.9603],[128.6411,34.9525],[128.5072,34.89],[128.5019,34.8875],[128.4944,34.8803],[128.4905,34.8689],[128.4886,34.8564],[128.4905,34.8458],[128.495,34.8364],[128.498,34.8322],[128.5211,34.8092],[128.5261,34.8058],[128.5358,34.8119],[128.5397,34.8161],[128.5522,34.8236],[128.5919,34.8367],[128.5977,34.835],[128.6008,34.8306],[128.6041,34.8092],[128.6011,34.7603],[128.5852,34.7039],[128.5883,34.6994],[128.5941,34.6978],[128.6125,34.7011],[128.6361,34.7072],[128.6419,34.7092],[128.68,34.7222],[128.6855,34.7242],[128.7419,34.7817],[128.743,34.788]]],[[[126.0997,35.0458],[126.1061,35.0469],[126.1155,35.053],[126.1444,35.0803],[126.1469,35.1325],[126.1497,35.1333],[126.1622,35.1433],[126.1558,35.1461],[126.1489,35.1458],[126.1372,35.1422],[126.1175,35.1305],[126.068,35.0986],[126.0639,35.095],[126.06,35.0908],[126.0583,35.0839],[126.0561,35.0594],[126.0594,35.0553],[126.093,35.0472],[126.0997,35.0458]]],[[[126.4211,36.3994],[126.4283,36.3997],[126.4319,36.4039],[126.4339,36.4108],[126.3786,36.5861],[126.3764,36.5908],[126.36,36.593],[126.3528,36.5928],[126.3469,36.5911],[126.3419,36.5883],[126.3344,36.5811],[126.3275,36.5717],[126.325,36.5655],[126.3253,36.5597],[126.3358,36.4386],[126.3383,36.4342],[126.3655,36.4105],[126.3753,36.4039],[126.3822,36.4028],[126.4211,36.3994]]],[[[126.1636,36.8242],[126.1694,36.8258],[126.1739,36.8294],[126.1724,36.8368],[126.1669,36.84],[126.1611,36.838],[126.158,36.8331],[126.1591,36.8278],[126.1636,36.8242]]],[[[130.8755,37.45],[130.8875,37.4533],[130.9208,37.4767],[130.9225,37.4819],[130.9221,37.5153],[130.9241,37.5192],[130.9194,37.5453],[130.9122,37.5455],[130.8447,37.5314],[130.8386,37.53],[130.8075,37.5183],[130.8058,37.5131],[130.8058,37.5072],[130.8116,37.4814],[130.8158,37.4719],[130.8188,37.4678],[130.8686,37.4508],[130.8755,37.45]]],[[[124.6519,37.9144],[124.6955,37.9161],[124.7014,37.9181],[124.7392,37.9461],[124.7436,37.9497],[124.7466,37.9547],[124.7455,37.96],[124.743,37.9647],[124.7317,37.9764],[124.7255,37.978],[124.7255,37.9817],[124.718,37.9836],[124.71,37.9842],[124.6889,37.9825],[124.6239,37.9742],[124.6153,37.9686],[124.6097,37.9572],[124.6133,37.9475],[124.633,37.9225],[124.6367,37.9183],[124.6433,37.9158],[124.6519,37.9144]]]]},"properties":{"NAME":"Korea","SUBJECTO":"Korea","PARTOF":"Korea","BORDERPRECISION":3,"LINK":null}},
{"type":"Feature","geometry":{"type":"Polygon","coordinates":[[[88.2319,26.757],[88.6018,26.6404],[88.8675,26.9084],[89.1538,26.8275],[89.4053,26.7909],[89.7963,26.6948],[89.8344,26.6854],[90,26.7186],[90,26.7787],[90.5968,26.7641],[91.0028,26.7541],[91.0643,26.7526],[92.1703,26.9873],[91.3005,27.9973],[89.7848,28.0226],[89.672,28.1975],[88.1618,27.7414],[88.0706,27.5234],[88.0389,27.129],[88.2319,26.757]]]},"properties":{"NAME":"Bhutan","SUBJECTO":"Bhutan","PARTOF":"Bhutan","BORDERPRECISION":3,"LINK":null}},
{"type":"Feature","geometry":{"type":"Polygon","coordinates":[[[81.8076,27.9425],[81.1285,26.426],[81.4195,26.1996],[82.0605,25.6014],[82.4878,25.4732],[82.7116,25.2209],[82.9671,24.9936],[82.9671,25.5725],[82.5987,25.8883],[82.8092,26.1514],[82.9145,26.5198],[84.1116,26.0715],[84.4534,26.3706],[84.197,26.7124],[83.9429,26.9994],[83.8743,27.382],[83.6573,27.501],[83.4307,27.501],[83.3916,27.4043],[83.324,27.3746],[83.1872,27.4638],[82.8118,27.5382],[82.73,27.7168],[82.4879,27.6871],[82.0253,27.9549],[81.9212,27.8805],[81.8076,27.9425]]]},"properties":{"NAME":"Oudh","SUBJECTO":"Oudh","PARTOF":"Oudh","BORDERPRECISION":3,"LINK":null}},
{"type":"Feature","geometry":{"type":"Polygon","coordinates":[[[78.4925,13.6234],[78.3127,14.2659],[77.6011,14.4963],[76.9635,14.7028],[76.7065,14.7285],[76.578,14.8055],[76.1412,14.8055],[75.6529,14.6514],[75.2662,14.6195],[74.9915,14.2893],[74.9217,14.2999],[75.4768,12.9997],[75.9142,11.9582],[76.0418,11.4659],[76.0512,11.4648],[76.2825,11.2592],[76.411,10.9765],[76.8479,10.8994],[77.0483,10.4986],[77.0791,10.4369],[77.5674,10.2827],[77.6702,10.1542],[77.5931,9.8458],[77.2847,9.4347],[77.6445,9.3833],[77.7473,9.5374],[78.4668,10.0771],[78.5182,10.3341],[78.4154,10.9508],[78.4154,11.1821],[78.7752,11.7989],[78.621,12.2614],[78.0814,12.0559],[77.6445,12.3128],[77.6188,12.6983],[77.4903,12.6983],[77.1819,12.6212],[76.4881,12.7497],[76.411,12.981],[76.6423,13.4435],[76.9507,13.572],[78.1071,13.4949],[78.4925,13.6234]]]},"properties":{"NAME":"Mysore","SUBJECTO":"Mysore","PARTOF":"Mysore","BORDERPRECISION":3,"LINK":null}},
{"type":"Feature","geometry":{"type":"Polygon","coordinates":[[[68.2162,23.5082],[68.3729,23.3264],[68.7908,23.0287],[68.8824,22.9971],[69.1072,22.8989],[69.3918,22.8394],[69.6649,22.7892],[70.0459,22.7773],[70.3102,22.8286],[71.7622,23.7212],[72.7451,23.7212],[74.7534,22.6957],[75.3944,22.6957],[78.5992,24.8322],[80.0521,25.4732],[80.1873,25.6562],[76.1088,29.668],[76.0967,29.6627],[73.317,29.6953],[73.1115,29.4607],[71.7019,27.8517],[69.1494,27.319],[69.4365,27.0886],[69.9935,24.0457],[68.8477,23.973],[68.2162,23.5082]]]},"properties":{"NAME":"Rajputs","SUBJECTO":"Rajputs","PARTOF":"Rajputs","BORDERPRECISION":3,"LINK":null}},
{"type":"Feature","geometry":{"type":"Polygon","coordinates":[[[74.4214,14.3755],[74.9217,14.2999],[74.9915,14.2893],[75.2662,14.6195],[75.6529,14.6514],[76.1412,14.8055],[76.4238,15.1139],[76.5009,15.9363],[76.7836,16.3731],[76.7065,17.1955],[76.8864,17.5038],[77.3747,17.6066],[77.5289,17.915],[77.8886,17.9921],[77.94,18.2491],[77.7344,18.429],[77.8886,18.8144],[77.8115,19.1999],[78.1199,19.277],[78.2484,19.5083],[78.5568,19.4826],[78.5568,19.7139],[78.8138,19.8681],[78.9937,19.7653],[79.2249,19.8938],[79.3791,19.7139],[79.9188,19.8681],[79.8674,19.6368],[80.0473,19.6368],[80.073,19.4826],[80.3299,19.4569],[80.3043,19.0714],[80.3813,18.8658],[80.4841,18.5832],[80.7925,18.429],[80.7154,18.1463],[80.9981,17.9407],[81.3322,18.0692],[81.5892,18.5061],[82.3858,20.2278],[83.0025,20.5619],[83.2595,20.896],[83.7478,21.0759],[84.4416,21.0759],[85.1132,19.4423],[85.3791,19.6054],[85.7148,19.6977],[85.9089,19.7235],[86.1192,19.8065],[86.3856,20.0167],[86.6324,20.2036],[86.6379,20.3191],[86.7752,20.4686],[86.9261,20.6913],[86.8442,20.8753],[86.7962,21.1357],[86.8187,21.1865],[86.8748,21.5873],[86.7493,22.8468],[86.3169,23.4954],[85.967,23.8883],[85.967,24.2041],[85.7039,24.4673],[85.3355,24.3094],[85.3355,24.8883],[84.8618,25.0988],[84.4407,25.0462],[84.4407,24.3094],[84.1961,24.342],[83.6513,24.4146],[83.4934,24.6252],[83.4997,24.6533],[82.9117,24.4542],[80.8957,25.3327],[80.4755,26.0464],[80.1873,25.6562],[80.0521,25.4732],[78.5992,24.8322],[75.3944,22.6957],[74.7534,22.6957],[72.7451,23.7212],[71.7622,23.7212],[70.3102,22.8286],[70.3806,22.8606],[70.4106,22.7526],[70.1762,22.479],[69.9685,22.3515],[69.7692,22.2875],[69.4922,22.2488],[69.0142,22.305],[68.8942,22.2857],[69.1261,21.9685],[69.7522,21.3981],[70.2099,20.948],[70.4675,20.777],[70.8551,20.6508],[71.0244,20.6575],[71.3026,20.7724],[71.5289,20.8237],[71.8944,20.9897],[72.1209,21.1553],[72.2562,21.3526],[72.289,21.5496],[72.2557,21.6321],[72.131,21.7462],[72.1271,21.8287],[72.233,22.0196],[72.319,22.115],[72.6956,22.1285],[72.6659,21.8489],[72.7147,21.4361],[72.7657,21.1504],[72.9311,20.9538],[73.1129,20.8271],[73.1097,20.6873],[72.8644,20.312],[72.7595,20.0576],[72.7825,19.9497],[72.8534,19.2447],[73.0642,18.0317],[73.4093,16.5585],[73.5727,16.0379],[73.8414,15.3905],[74.0322,15.0588],[74.1531,14.8495],[74.3917,14.9184],[74.4437,14.8317],[74.5303,14.8317],[74.5997,14.6757],[74.521,14.6002],[74.5823,14.5024],[74.4214,14.3755]]]},"properties":{"NAME":"Maratha Confederacy","SUBJECTO":"Maratha Confederacy","PARTOF":"Maratha Confederacy","BORDERPRECISION":3,"LINK":null}},
{"type":"Feature","geometry":{"type":"Polygon","coordinates":[[[66.9283,28.1119],[67.4441,28.726],[67.8256,29.1802],[69.6631,32.4277],[73.1387,35.9882],[79.9336,32.6869],[79.6195,34.137],[79.3203,35.6753],[79.1654,37.1709],[78.423,37.7264],[77.3077,36.8547],[76.4873,36.6496],[75.5984,36.7521],[74.8122,36.9573],[74.4276,37.47],[72.8465,37.8546],[70.9606,38.3471],[70.8914,38.3722],[70.7188,38.3649],[64.8611,38.8695],[61.229,39.8309],[57.3137,36.8291],[58.1256,36.4445],[60.4658,33.7164],[60.5089,33.6723],[60.8414,33.5662],[60.8531,33.4838],[60.5554,33.0631],[60.5401,32.9932],[60.6542,32.505],[60.7295,31.9277],[60.7938,31.5789],[60.8205,29.8333],[61.6937,29.1374],[64.0439,28.3255],[66.9283,28.1119]]]},"properties":{"NAME":"Afghanistan","SUBJECTO":"Afghanistan","PARTOF":"Afghanistan","BORDERPRECISION":3,"LINK":null}},
{"type":"Feature","geometry":{"type":"Polygon","coordinates":[[[69.1494,27.319],[71.7019,27.8517],[73.1115,29.4607],[70.7494,29.2826],[68.6631,27.7093],[69.1494,27.319]]]},"properties":{"NAME":"Bahawalpur","SUBJECTO":"Bahawalpur","PARTOF":"Bahawalpur","BORDERPRECISION":3,"LINK":null}},
{"type":"Feature","geometry":{"type":"Polygon","coordinates":[[[92.51,22.1104],[92.5288,22.5953],[92.2661,22.9455],[92.1786,23.4271],[92.0472,23.6897],[91.9159,23.5146],[91.8283,23.5584],[91.8283,23.7335],[91.4781,24.0837],[91.2592,24.1275],[91.303,24.3464],[91.5657,24.3464],[91.5219,25.0031],[91.7408,25.0031],[91.4343,25.2658],[91.4781,25.4847],[91.5657,25.7036],[91.4343,25.7911],[91.5657,26.0538],[91.4343,26.0976],[90,25.9662],[90,26.3603],[91.1618,26.7502],[91.0643,26.7526],[91.0028,26.7541],[90.5968,26.7641],[90,26.7787],[90,26.7186],[89.8344,26.6854],[89.7963,26.6948],[89.4053,26.7909],[89.1538,26.8275],[88.8675,26.9084],[88.6018,26.6404],[88.2319,26.757],[88.0922,26.4445],[87.9407,26.4668],[87.6322,26.4073],[87.5101,26.4445],[87.3493,26.385],[87.1696,26.4371],[87.0494,26.6008],[86.7765,26.4668],[86.3954,26.6305],[86.0712,26.6975],[85.9005,26.5933],[85.7599,26.7049],[85.7754,26.8537],[85.6342,26.8835],[85.3714,26.757],[85.0933,26.8761],[84.9647,27.0025],[84.6664,27.0695],[84.7113,27.2704],[84.6477,27.3746],[84.3584,27.4043],[84.1361,27.5382],[83.8743,27.382],[83.9429,26.9994],[84.197,26.7124],[84.4534,26.3706],[84.1116,26.0715],[82.9145,26.5198],[82.8092,26.1514],[82.5987,25.8883],[82.9671,25.5725],[82.9671,24.9936],[82.7116,25.2209],[82.4878,25.4732],[82.0605,25.6014],[81.4195,26.1996],[81.1285,26.426],[81.8076,27.9425],[81.3624,28.1856],[81.225,28.4236],[80.9086,28.4906],[80.9056,28.4927],[80.6092,28.7064],[80.3995,28.6692],[80.1159,28.8403],[80.0983,28.9519],[79.9866,29.0683],[79.7075,29.3591],[79.6212,28.9273],[79.4485,28.7978],[79.2757,28.3228],[79.0167,28.3228],[78.8872,28.5387],[79.0599,29.7477],[78.9735,29.834],[78.3259,29.834],[78.0236,30.2658],[77.6877,30.3666],[76.1088,29.668],[80.1873,25.6562],[80.4755,26.0464],[80.8957,25.3327],[82.9117,24.4542],[83.4997,24.6533],[83.4934,24.6252],[83.6513,24.4146],[84.1961,24.342],[84.4407,24.3094],[84.4407,25.0462],[84.8618,25.0988],[85.3355,24.8883],[85.3355,24.3094],[85.7039,24.4673],[85.967,24.2041],[85.967,23.8883],[86.3169,23.4954],[86.7493,22.8468],[86.8748,21.5873],[86.8187,21.1865],[86.9372,21.2884],[87.1942,21.3843],[87.6407,21.5631],[87.8675,21.697],[88.053,21.9387],[88.1216,21.8627],[88.2479,21.5961],[88.2996,21.5518],[88.3771,21.5773],[88.4539,21.7363],[88.5676,21.8954],[88.657,21.8574],[88.7235,21.54],[88.8809,21.5149],[89.0255,21.547],[88.9948,21.6295],[89.0723,21.7743],[89.2339,21.6554],[89.4566,21.9417],[89.579,21.7006],[89.6702,21.7198],[89.7963,21.8321],[89.8697,22.1332],[89.9027,22.1078],[90,21.9303],[90,22.0199],[90,22.0584],[90,22.1348],[90,22.3254],[90,22.561],[91.0814,22.5613],[91.4102,22.7208],[91.5711,22.5433],[91.8459,21.9087],[91.946,21.3626],[92.0669,21.1151],[92.1237,20.9964],[92.237,21.15],[92.5976,21.387],[92.51,22.1104]]]},"properties":{"NAME":"Bundelkhand","SUBJECTO":"Bundelkhand","PARTOF":"Bundelkhand","BORDERPRECISION":3,"LINK":null}},
{"type":"Feature","geometry":{"type":"Polygon","coordinates":[[[68.6631,27.7093],[70.7494,29.2826],[73.1115,29.4607],[73.317,29.6953],[76.0967,29.6627],[76.1088,29.668],[77.6877,30.3666],[77.6802,30.3688],[78.1313,30.777],[76.288,31.1353],[76.9516,31.712],[78.7607,31.5409],[78.8053,31.3477],[78.8943,31.3179],[79.1088,31.4593],[79.2813,31.3477],[79.6286,30.9682],[79.7921,31.0203],[80.2772,30.7599],[80.2252,30.5962],[80.5651,30.4846],[80.6344,30.5144],[81.0213,30.2465],[81.1293,30.0531],[81.264,30.0307],[81.3883,30.1721],[81.4487,30.4028],[80.175,31.5731],[79.9336,32.6869],[73.1387,35.9882],[69.6631,32.4277],[67.8256,29.1802],[67.4441,28.726],[68.0838,28.1742],[68.6631,27.7093]]]},"properties":{"NAME":"Sikhs","SUBJECTO":"Sikhs","PARTOF":"Sikhs","BORDERPRECISION":3,"LINK":null}},
{"type":"Feature","geometry":{"type":"Polygon","coordinates":[[[44.6373,39.6622],[46.6479,38.9607],[49.0414,39.1447],[49.1159,39.1872],[49.1797,39.1447],[49.2223,39.0383],[49.2754,39.017],[49.3074,39.134],[49.3393,39.283],[49.3818,39.3255],[49.4882,39.2936],[49.4988,39.3787],[49.4031,39.4851],[49.4456,39.6553],[49.4882,39.7616],[49.5414,39.8786],[49.552,40.0914],[49.5733,40.1765],[49.669,40.2403],[49.8499,40.2722],[49.9137,40.3254],[50.0307,40.3467],[50.1264,40.3467],[50.3073,40.3254],[50.4668,40.2616],[50.4668,40.3254],[50.4243,40.4105],[50.3179,40.4956],[50.1902,40.5701],[50.0201,40.602],[49.8073,40.5807],[49.6052,40.6871],[49.6052,40.7615],[49.4775,40.836],[49.3499,40.953],[49.2861,41.0594],[49.2435,41.2934],[49.1159,41.4317],[48.9989,41.5168],[48.8925,41.687],[48.6832,41.8359],[48.6623,41.9017],[48.5004,41.9287],[48.4195,42.0905],[48.2217,42.2794],[48.1318,42.4053],[47.9699,42.5941],[47.844,42.6211],[47.7901,42.8548],[47.7361,42.8998],[47.5653,43.0077],[47.5833,43.1875],[47.6552,43.2775],[47.6013,43.3224],[47.5743,43.5023],[47.6732,43.6641],[47.7361,43.8619],[47.6642,43.8529],[47.6103,43.754],[47.5653,43.6012],[47.5203,43.5113],[47.4934,43.5832],[47.1948,43.3759],[47.2486,42.7849],[48.2237,41.4711],[48.2011,41.4636],[48.0628,41.3147],[47.9883,41.2189],[47.8181,41.1977],[47.616,41.2615],[47.3501,41.304],[47.3501,41.4423],[47.2224,41.57],[47.1693,41.57],[47.1267,41.6232],[46.914,41.7508],[46.8501,41.8359],[46.765,41.8359],[46.6693,41.8146],[46.6587,41.8891],[46.5558,41.8785],[46.4991,41.9636],[46.3927,41.9955],[46.2864,41.9848],[46.1587,42.0061],[46.0417,42.0487],[45.9141,42.1231],[45.7545,42.2508],[45.8077,42.389],[45.8609,42.4741],[45.8077,42.538],[45.6481,42.5486],[45.4779,42.5486],[45.3822,42.6231],[45.2971,42.6763],[45.2014,42.6763],[45.1375,42.7188],[45.0312,42.772],[44.978,42.772],[44.9354,42.7401],[44.8716,42.6656],[44.7865,42.7294],[44.6695,42.7614],[44.5099,42.7614],[44.4142,42.7294],[44.3716,42.6869],[44.2972,42.6124],[44.1695,42.6124],[44.0525,42.5592],[43.9568,42.5912],[42.8784,41.5455],[43.4753,41.0874],[43.4893,41.0747],[43.8473,40.75],[43.8589,40.6604],[43.6697,40.2946],[43.6845,40.1091],[43.8124,40.0139],[44.4481,39.9599],[44.6696,39.757],[44.6373,39.6622]]]},"properties":{"NAME":"central Asian khanates","SUBJECTO":"central Asian khanates","PARTOF":"central Asian khanates","BORDERPRECISION":3,"LINK":null}},
{"type":"Feature","geometry":{"type":"MultiPolygon","coordinates":[[[[107.8756,21.4621],[107.9,21.479],[108.1167,21.4985],[108.2659,21.4734],[108.3873,21.5309],[108.4589,21.7089],[108.4666,21.7851],[108.555,21.8234],[108.813,21.4936],[109.1174,21.399],[109.3219,21.4312],[109.4143,21.5648],[109.5161,21.5968],[109.7798,21.483],[109.7868,21.4068],[109.6081,21.057],[109.6029,20.8792],[109.7116,20.5682],[109.9283,20.2447],[110.2713,20.3153],[110.4337,20.4363],[110.4141,20.5252],[110.2932,20.5821],[110.0772,20.8675],[110.0724,20.9183],[110.2026,21.0964],[110.2338,21.2553],[110.2388,21.2807],[110.3634,21.2429],[110.5664,21.2306],[110.7496,21.3771],[111.0856,21.4794],[111.4342,21.4611],[111.5361,21.4931],[111.734,21.7095],[111.8312,21.7541],[112.0395,21.6593],[112.3079,21.6789],[112.4725,21.7301],[112.7495,21.7561],[112.8153,21.8261],[112.8156,21.9341],[112.8713,22.0612],[113.0967,21.9791],[113.2837,22.0303],[113.3777,22.1639],[113.3991,22.4752],[113.4193,22.5705],[113.3766,22.6466],[113.4626,22.7739],[113.536,22.7041],[113.7168,22.4822],[113.8452,22.4634],[113.9891,22.5527],[114.3039,22.6486],[114.5375,22.6745],[114.5587,22.4649],[114.8478,22.51],[115.0435,22.5994],[115.1855,22.7458],[115.3088,22.7714],[115.5425,22.6957],[115.7067,22.6389],[115.86,22.8361],[116.0847,22.8874],[116.3406,22.9133],[116.4002,22.9833],[116.4039,23.1993],[116.4521,23.2502],[116.7091,23.346],[116.9627,23.5562],[117.2454,23.633],[117.4059,23.6905],[117.7532,23.9834],[117.8491,24.0471],[117.7961,24.4217],[117.8613,24.5108],[117.9249,24.5617],[118.1242,24.5304],[118.3456,24.4673],[118.5312,24.69],[118.8129,24.8494],[118.9454,25.1355],[119.0237,25.3135],[119.0959,25.4407],[119.3354,25.5301],[119.4286,25.6509],[119.4703,25.7717],[119.436,26.0383],[119.5549,26.2672],[119.4289,26.5908],[119.6007,26.6928],[119.857,26.706],[119.9714,26.7888],[120.0841,26.9859],[120.3518,27.177],[120.4089,27.3105],[120.5059,27.5901],[120.6865,27.8699],[120.9424,28.2133],[121.0086,28.277],[121.1659,28.1249],[121.2597,28.1823],[121.3585,28.3857],[121.3458,28.5444],[121.4325,28.8367],[121.5668,29.1735],[121.6492,29.3197],[121.5582,29.3576],[121.4115,29.3446],[121.3619,29.4144],[121.4984,29.5226],[121.6704,29.6245],[121.7744,29.7645],[121.7703,29.8343],[121.5652,29.8466],[121.3913,29.9224],[121.1552,30.1886],[121.0825,30.2138],[120.8627,30.188],[120.4379,29.9966],[120.2676,30.0216],[119.9437,30.1162],[120.2269,30.2502],[120.6087,30.3462],[121.0355,30.5947],[121.3284,30.6905],[121.5689,30.7101],[121.6319,30.7928],[121.6402,30.9261],[121.4989,31.2814],[121.3079,31.4207],[121.2683,31.4523],[121.6233,31.6182],[121.645,31.688],[121.606,31.8276],[121.4837,31.948],[121.2305,32.0618],[121.0508,32.328],[120.7383,32.4607],[120.6609,32.5431],[120.7194,32.848],[120.6406,33.0446],[120.3403,33.3361],[120.1494,33.8943],[119.9736,34.1352],[119.6205,34.3694],[119.2999,34.5909],[119.0209,34.6919],[119.0032,34.9395],[119.0602,35.0413],[119.6888,35.545],[119.9073,35.7681],[119.9756,35.9336],[119.9138,36.1434],[120.1393,36.1948],[120.1965,36.1567],[120.2037,36.0359],[120.2697,35.9851],[120.5048,36.0556],[120.5373,36.3865],[120.8555,36.5844],[121.6099,36.8342],[121.8467,36.8602],[121.9801,36.8222],[122.2556,36.7337],[122.2813,36.982],[122.3929,37.3006],[122.2695,37.3003],[122.0576,37.3636],[121.8948,37.376],[121.4343,37.3368],[121.1898,37.4255],[120.7874,37.7049],[120.6581,37.7365],[120.4181,37.6787],[120.1694,37.5763],[119.9407,37.3529],[119.5989,37.1166],[119.2844,37.046],[118.9546,37.0771],[118.837,37.2042],[118.8116,37.4461],[118.8673,37.7074],[118.8752,37.9494],[118.7446,38.0638],[118.2003,38.0436],[117.8407,38.1639],[117.5895,38.2845],[117.479,38.4499],[117.4395,38.6028],[117.5751,38.9153],[117.7529,39.2025],[117.9101,39.2602],[118.0699,39.2542],[118.2746,38.9996],[118.4124,39.0509],[118.5593,39.1723],[118.7813,39.1664],[118.9776,39.2241],[119.0906,39.3391],[119.1494,39.454],[119.2107,39.639],[119.3855,39.8434],[119.5478,39.933],[119.8238,40.0422],[120.1127,40.0811],[120.2727,40.1518],[120.7884,40.6838],[121.0106,40.8507],[121.0853,40.8572],[121.368,40.8706],[121.4267,40.8643],[121.7536,40.737],[122.0824,40.488],[122.1079,40.3537],[122.0365,40.264],[121.789,40.0781],[121.6681,39.9054],[121.2394,39.5538],[121.2133,39.4836],[121.2822,39.3499],[121.449,39.3821],[121.6602,39.3315],[121.5118,39.1719],[121.1237,38.8651],[121.0653,38.7503],[121.2165,38.757],[121.4884,38.8786],[121.7432,39.0894],[122.0275,39.2558],[123.0391,39.6722],[123.3664,39.7494],[123.9165,39.8079],[124.1041,39.8848],[124.1339,39.8431],[124.3043,40.0807],[124.4911,40.2796],[124.7251,40.4277],[125.415,40.6997],[125.8795,40.945],[126.1655,41.1894],[126.4742,41.6515],[126.6475,41.71],[126.8493,41.7175],[126.9724,41.5391],[127.1943,41.4252],[127.4228,41.3562],[127.8615,41.3777],[128.0985,41.4494],[128.0781,41.5004],[127.8493,41.8445],[127.8608,41.9982],[127.984,42.1076],[128.1603,42.1342],[128.31,42.0774],[128.5136,42.0529],[128.7555,42.0606],[129.0345,42.1774],[129.4645,42.4166],[129.5682,42.7374],[129.7405,42.8985],[129.8543,42.9568],[129.9656,42.9574],[130.2259,42.6513],[130.3599,42.4535],[130.4351,42.2768],[130.4676,42.2988],[131.0646,42.7492],[131.3568,42.9939],[131.5842,43.2127],[131.8652,43.2904],[131.6746,43.0266],[131.8831,43.072],[132.1818,43.1946],[132.3331,42.9637],[132.4847,42.8805],[132.5944,42.9],[132.8274,42.8619],[132.9528,42.6695],[133.312,42.7794],[134.1389,42.993],[134.5686,43.2122],[134.9624,43.515],[135.1561,43.7212],[135.4148,44.0368],[135.6928,44.224],[136.034,44.3984],[136.1792,44.5468],[136.2851,44.753],[136.4941,44.966],[137.2969,45.6463],[137.7205,45.9967],[137.9846,46.2693],[138.2429,46.7107],[138.3516,46.8732],[138.685,47.1335],[138.9493,47.3224],[139.0467,47.6152],[139.2137,47.8106],[140.081,48.5026],[140.1466,48.7244],[140.3282,49.3579],[140.3722,49.6913],[140.457,50.104],[140.3488,50.4192],[140.3235,50.5178],[140.4045,50.8274],[140.7303,51.4413],[140.9699,51.6928],[141.1263,51.8716],[141.2571,52.1035],[141.1606,52.2092],[140.9395,52.2618],[141.0905,52.5869],[141.032,52.7261],[140.8282,52.8252],[141.0897,52.9851],[141.1212,53.0516],[140.8937,53.1974],[140.7023,53.2769],[140.3213,53.5356],[140.1025,53.8017],[139.8059,53.9611],[139.378,54.0804],[139.0517,54.0865],[138.7604,54.0859],[138.4168,54.0919],[138.4095,53.8051],[138.234,53.5716],[137.9794,53.4646],[137.2392,53.4565],[136.1608,53.0206],[135.273,53.0206],[134.6812,52.9466],[134.2373,53.4645],[133.4236,52.6507],[133.1277,52.6507],[132.3879,52.3548],[132.018,52.4288],[131.1302,53.9084],[130.5384,53.9084],[130.9083,55.24],[130.3904,56.0538],[129.2068,56.8675],[128.8369,56.6456],[128.1711,56.7196],[126.9134,56.4976],[126.5435,56.4976],[124.916,56.2017],[124.5461,56.2757],[124.1022,56.2757],[123.5104,56.4237],[122.6966,55.9798],[121.9568,55.9058],[121.7349,55.388],[121.291,55.092],[121.217,54.7221],[120.9211,54.5002],[121.0691,54.2783],[120.9211,53.8344],[121.6609,53.7604],[121.6748,53.3571],[121.1878,53.3197],[120.9171,53.2586],[120.7022,53.1845],[120.1653,52.8305],[119.9965,52.7038],[119.9427,52.591],[120.3129,52.6261],[120.5636,52.6142],[120.7731,52.4763],[120.8211,52.3642],[120.746,52.0071],[120.129,51.7334],[119.8598,51.4881],[119.5595,51.1376],[119.3722,50.8933],[119.1823,50.7017],[119.1366,50.5899],[119.1639,50.5244],[119.3217,50.3677],[119.3465,50.2301],[119.2912,50.125],[118.9403,49.9725],[117.842,49.6338],[117.645,49.5936],[117.4905,49.5863],[116.9841,49.8446],[116.7805,49.9218],[116.7598,49.9299],[116.566,50.0056],[116.2862,49.9976],[115.7337,49.864],[115.3466,49.9403],[115.1937,49.9983],[114.8555,50.2259],[114.5226,50.2963],[114.2483,50.2751],[114.0983,50.2743],[113.5744,50.0552],[113.2347,49.8312],[113.0331,49.6539],[112.7612,49.535],[112.5245,49.462],[112.0081,49.4006],[111.6178,49.3529],[111.3783,49.319],[110.9203,49.2905],[110.1999,49.241],[109.8669,49.2588],[109.424,49.2955],[109.0169,49.4042],[108.4235,49.5185],[108.0583,49.6862],[107.5491,49.8271],[107.2684,49.9758],[106.6685,50.3135],[106.3229,50.4167],[105.6824,50.4264],[105.1551,50.4433],[104.7969,50.4086],[103.6808,50.1664],[103.3779,50.2173],[102.639,50.4562],[102.4496,50.6062],[102.2657,50.809],[102.1842,51.0256],[102.1822,51.2692],[102.1174,51.3611],[101.7724,51.4252],[101.327,51.5678],[101.0112,51.6717],[100.2246,51.8193],[99.7582,51.9027],[99.2954,51.9465],[98.9176,52.037],[97.6101,52.1481],[97.3194,52.8265],[95.8658,53.7955],[95.1874,53.7955],[93.5674,52.3489],[92.591,52.4002],[91.9653,51.5694],[90,51.5694],[85.6015,48.231],[85.3829,48.1477],[81.2198,46.5618],[79.1516,46.6008],[79.0949,46.5816],[79.068,46.5258],[79.0228,46.4475],[78.9711,46.406],[78.8898,46.3699],[78.7874,46.3848],[78.7113,46.3964],[78.6253,46.3798],[78.5443,46.4014],[78.4654,46.3924],[78.4384,46.3769],[78.4352,46.3518],[78.4621,46.3128],[78.4451,46.2972],[78.4087,46.2988],[78.3674,46.3385],[78.3173,46.3499],[78.2334,46.3369],[78.1606,46.3187],[78.1275,46.3187],[78.0752,46.3283],[78.0176,46.3426],[77.8654,46.4287],[77.8175,46.4394],[77.7812,46.4229],[77.7258,46.4071],[77.6521,46.4154],[77.5626,46.4354],[77.4293,46.4997],[77.3553,46.5022],[77.282,46.4729],[77.1651,46.489],[77.1039,46.4542],[77.0036,46.4637],[76.8526,46.4923],[76.7418,46.532],[76.464,46.5419],[76.2385,46.5549],[76.1763,46.532],[76.0333,46.5117],[75.9094,46.5357],[75.867,46.5356],[75.7146,46.5165],[75.6113,46.5072],[75.5578,46.5303],[75.5148,46.5667],[75.4916,46.5965],[75.4902,46.631],[75.5042,46.635],[75.5082,46.6362],[75.5105,46.6361],[75.548,46.6345],[75.5604,46.6444],[75.5624,46.646],[75.5598,46.653],[75.5528,46.6726],[75.5092,46.678],[75.4633,46.6706],[75.4172,46.6411],[75.4079,46.619],[75.404,46.6097],[75.4321,46.5419],[75.448,46.4983],[75.4057,46.4708],[75.3501,46.4699],[75.3301,46.5127],[75.304,46.5194],[75.2777,46.5149],[75.2559,46.4742],[75.2408,46.4477],[75.2122,46.4266],[75.1519,46.4375],[75.1211,46.4464],[75.0932,46.4609],[75.0667,46.451],[75.0125,46.4171],[74.9112,46.4046],[74.8881,46.3766],[74.8566,46.2939],[74.8152,46.2156],[74.7938,46.1303],[74.7714,46.1078],[74.5992,46.0222],[74.5499,46.0059],[74.3699,46.0201],[74.278,46.0041],[74.2582,45.9767],[74.2531,45.9417],[74.3033,45.7898],[74.2893,45.7647],[74.2508,45.761],[74.2429,45.7517],[74.2453,45.7395],[74.3109,45.6955],[74.3127,45.6709],[74.2895,45.6506],[74.2308,45.6153],[74.1006,45.5369],[74.0894,45.5091],[74.0828,45.3521],[74.0865,45.3435],[74.1283,45.3369],[74.151,45.3173],[74.1557,45.2706],[74.1434,45.1029],[74.1356,45.0702],[74.101,45.0586],[74.0942,45.0401],[74.1195,44.9997],[74.1038,44.991],[76.4787,38.2819],[78.423,37.7264],[79.1654,37.1709],[79.3203,35.6753],[79.6195,34.137],[79.9336,32.6869],[80.175,31.5731],[81.4487,30.4028],[81.5726,30.373],[81.6557,30.4548],[82.1417,30.3656],[82.2009,30.0903],[82.5912,29.9712],[82.9176,29.7034],[83.1298,29.6066],[83.1974,29.6662],[83.402,29.5397],[83.6978,29.1825],[83.7689,29.2569],[84.0884,29.309],[84.2185,29.2346],[84.2983,29.0635],[84.267,28.937],[84.9203,28.5352],[85.0699,28.6469],[85.2166,28.6394],[85.138,28.4608],[85.1442,28.3418],[85.5648,28.312],[85.7292,28.3418],[85.972,28.1186],[86.0357,27.9103],[86.1422,27.9549],[86.1379,28.1186],[86.4457,27.9475],[86.568,27.9847],[86.6039,28.1335],[86.7872,28.1335],[87.0707,28.007],[87.2144,27.8433],[87.5965,27.8731],[87.7496,27.821],[87.9023,27.9475],[88.1973,27.8758],[88.2138,27.8656],[88.1618,27.7414],[89.672,28.1975],[89.7848,28.0226],[91.3005,27.9973],[92.1703,26.9873],[91.0643,26.7526],[91.1618,26.7502],[90,26.3603],[91.5468,26.2851],[92.4015,26.5842],[94.3244,26.8833],[94.8371,27.567],[95.4781,27.9089],[97.3404,28.1821],[97.3407,28.2392],[97.4785,28.3923],[97.603,28.4121],[97.83,28.2865],[98.0087,28.0908],[98.1181,27.6852],[98.216,27.5461],[98.3451,27.5278],[98.5717,27.5418],[98.6372,27.4787],[98.7254,26.7367],[98.7337,26.3432],[98.5754,25.9551],[98.3823,25.6302],[98.1072,25.3938],[97.888,25.2719],[97.8018,25.1825],[97.5241,24.8],[97.5581,24.5907],[97.6312,24.2736],[97.5309,24.0127],[97.5306,23.8921],[97.628,23.8609],[97.6952,23.8796],[97.7679,23.8998],[98.1368,24.0988],[98.4835,24.1389],[98.6988,24.1465],[98.7692,24.0898],[98.894,23.2968],[98.985,23.1513],[99.234,23.1845],[99.4689,23.1414],[99.4836,23.0209],[99.1559,22.3078],[99.2086,22.1494],[99.3109,22.1056],[99.5389,22.1069],[99.7555,22.1272],[99.8867,21.9565],[100.0402,21.6209],[100.21,21.5012],[100.3208,21.4638],[100.6122,21.5353],[100.8947,21.7211],[100.945,21.55],[101.014,21.4424],[101.0937,21.354],[101.2385,21.2596],[101.5842,21.2235],[101.7038,21.3194],[101.7529,21.4721],[101.6995,21.7067],[101.5969,21.8712],[101.535,22.1375],[101.5544,22.2837],[101.6624,22.3923],[101.9679,22.5337],[102.1855,22.6366],[102.417,22.6951],[102.5704,22.6896],[102.8388,22.5134],[102.9851,22.4698],[103.2478,22.6554],[103.3973,22.7071],[104.115,22.7303],[104.4781,22.7832],[104.6314,22.854],[104.9446,23.1034],[105.1794,23.2508],[105.3134,23.296],[105.594,23.0373],[105.9411,22.9314],[106.2381,22.9077],[106.588,22.9288],[106.6945,22.8342],[106.7198,22.6629],[106.5074,22.3252],[106.5506,22.0905],[106.6734,21.9262],[107.0981,21.6493],[107.3775,21.5747],[107.7866,21.5263],[107.8756,21.4621]]],[[[108.685,19.2956],[108.5769,19.1874],[108.5605,19.0603],[108.6519,18.4824],[108.9386,18.3306],[109.4297,18.0966],[109.6691,18.4147],[110.1313,18.5872],[110.2625,18.6256],[110.3615,18.7656],[110.2987,18.8988],[110.427,19.2294],[110.6125,19.4712],[110.8118,19.6304],[110.8854,19.7068],[110.6174,20.0175],[110.2583,19.9405],[110.0606,19.9401],[109.9159,19.8],[109.6577,19.9011],[109.5503,19.9136],[109.4423,19.7355],[109.4201,19.6592],[109.1982,19.6841],[108.8737,19.404],[108.685,19.2956]]]]},"properties":{"NAME":"Qing Empire","SUBJECTO":"Qing Empire","PARTOF":"Qing Empire","BORDERPRECISION":3,"LINK":null}},
{"type":"Feature","geometry":{"type":"Polygon","coordinates":[[[104.1565,14.3504],[104.356,14.3278],[105.0826,14.2272],[105.1273,14.221],[105.6176,14.0546],[105.7977,13.9934],[105.8619,13.9716],[106.1213,13.9602],[106.1313,13.9598],[106.1345,13.9938],[106.1387,14.039],[106.1435,14.0904],[106.0456,14.3871],[106.4326,14.5153],[106.5109,14.5412],[106.8215,14.3296],[106.8414,14.3159],[107.387,14.5569],[107.3933,14.5835],[107.4634,14.9968],[107.434,15.257],[107.3381,15.4533],[107.0998,15.6678],[107.0671,15.7946],[107.1686,15.9921],[107.1075,16.1696],[106.9463,16.3083],[106.6382,16.4843],[106.4264,16.7181],[106.1698,17.1293],[105.4127,18.0837],[105.0986,18.4312],[104.8122,18.7216],[104.5277,18.9358],[103.972,19.2691],[103.8993,19.3131],[103.8801,19.5352],[104.0048,19.701],[104.1446,19.7463],[104.3585,19.7158],[104.4875,19.7419],[104.6051,19.8252],[104.7197,19.9719],[104.7158,20.2004],[104.3241,20.6363],[104.1291,20.9399],[104.0112,20.9773],[103.8361,20.9001],[103.6071,20.6829],[103.4779,20.6567],[103.2662,20.7444],[102.9929,20.9396],[102.8429,21.2499],[102.6907,21.6681],[102.4464,21.9397],[102.1706,22.1984],[101.9679,22.5337],[101.6624,22.3923],[101.5544,22.2837],[101.535,22.1375],[101.5969,21.8712],[101.6995,21.7067],[101.7529,21.4721],[101.7038,21.3194],[101.5842,21.2235],[101.2385,21.2596],[101.0937,21.354],[101.014,21.4424],[100.945,21.55],[100.8947,21.7211],[100.6122,21.5353],[100.3208,21.4638],[100.21,21.5012],[100.0402,21.6209],[99.8867,21.9565],[99.7555,22.1272],[99.5389,22.1069],[99.3109,22.1056],[99.2086,22.1494],[99.1559,22.3078],[99.4836,23.0209],[99.4689,23.1414],[99.234,23.1845],[98.985,23.1513],[98.894,23.2968],[98.7692,24.0898],[98.6988,24.1465],[98.4835,24.1389],[98.1368,24.0988],[97.7679,23.8998],[97.6952,23.8796],[98.1962,21.6085],[97.7735,21.3664],[97.3724,20.7798],[97.2749,18.5036],[97.3922,18.4535],[97.3735,18.4494],[97.706,18.0513],[97.7373,17.9689],[97.7876,17.5755],[97.9022,17.5126],[98.3931,17.0837],[98.4595,16.938],[98.7501,16.4697],[98.8236,16.3177],[98.736,16.2093],[98.5329,16.1064],[98.4756,16.0045],[98.5798,15.4716],[98.5029,15.3822],[98.137,15.1896],[98.2172,15.0185],[98.4869,14.3723],[98.73,14.1577],[99.003,13.8862],[99.0945,13.6708],[99.1336,13.3725],[99.0953,13.0864],[99.0976,12.9721],[99.3173,12.4398],[99.5811,11.8887],[99.5466,11.7551],[99.0919,11.0536],[98.6372,10.2886],[98.5932,10.1205],[98.6326,10.1007],[98.5018,9.7192],[98.2506,8.9371],[98.1772,8.6002],[98.1952,8.3271],[98.2924,8.1557],[98.3903,8.2195],[98.5446,8.2643],[98.7496,8.0868],[98.8895,8.0172],[99.0245,7.8714],[99.1186,7.6428],[99.2939,7.3192],[99.4681,7.3386],[99.5717,7.2626],[99.6397,7.0658],[99.6108,6.9386],[99.663,6.71],[99.8338,6.5388],[99.9691,6.5073],[100.1544,6.6031],[100.222,6.5206],[100.1644,6.3871],[100.1587,6.3401],[100.3604,6.4166],[100.6174,6.4223],[100.6653,6.2124],[100.8667,6.1591],[100.9841,6.0518],[101.0083,5.9503],[101.0271,5.8556],[100.9314,5.6766],[100.9844,5.5689],[101.0764,5.5313],[101.1862,5.7086],[101.3117,5.8346],[101.4508,5.7611],[101.4729,5.5463],[101.7626,5.5862],[101.8123,5.8451],[102.0349,6.0025],[102.0738,6.1542],[101.9784,6.2194],[101.6796,6.4643],[101.5599,6.7395],[101.428,6.8282],[101.2175,6.8023],[100.9753,6.8526],[100.6149,6.9789],[100.5396,7.0487],[100.3446,7.4405],[100.2875,7.7724],[100.3019,7.8868],[100.2077,8.325],[100.1315,8.5321],[100.0093,8.4901],[99.9294,8.5849],[99.8659,8.7119],[99.9021,8.9216],[99.898,9.0678],[99.8373,9.2265],[99.724,9.258],[99.5462,9.1941],[99.2985,9.1618],[99.1956,9.2378],[99.1187,9.371],[99.0713,9.8983],[99.1862,10.4894],[99.5013,11.2461],[99.7634,11.7804],[99.8953,12.0792],[99.8711,12.2634],[99.8337,12.5238],[99.9771,12.8418],[100.0232,12.9944],[99.9303,13.261],[100.04,13.3947],[100.2397,13.4904],[100.4739,13.5099],[100.5855,13.4721],[100.9087,13.4473],[100.957,13.3649],[100.8712,12.8056],[100.8716,12.6785],[101.023,12.6725],[101.1537,12.6093],[101.3291,12.5588],[101.5866,12.661],[101.7235,12.655],[101.9186,12.5855],[102.3239,12.1861],[102.5298,12.1484],[102.6121,12.0958],[102.6882,12.2602],[102.7521,12.3981],[102.385,13.4377],[102.3603,13.5078],[102.6679,13.851],[102.9357,14.1498],[103.4713,14.3537],[103.6214,14.4108],[104.1565,14.3504]]]},"properties":{"NAME":"Rattanakosin Kingdom","SUBJECTO":"Rattanakosin Kingdom","PARTOF":"Rattanakosin Kingdom","BORDERPRECISION":3,"LINK":null}},
{"type":"Feature","geometry":{"type":"MultiPolygon","coordinates":[[[[-170.5503,-14.2983],[-170.5461,-14.2986],[-170.5425,-14.2975],[-170.5367,-14.2889],[-170.54,-14.2839],[-170.5484,-14.2825],[-170.5608,-14.2878],[-170.5559,-14.295],[-170.5503,-14.2983]]],[[[-170.66,-14.2553],[-170.6681,-14.2556],[-170.6817,-14.2581],[-170.795,-14.2981],[-170.8003,-14.3006],[-170.8092,-14.3081],[-170.8223,-14.3203],[-170.8261,-14.325],[-170.8223,-14.3294],[-170.7664,-14.3636],[-170.7494,-14.3739],[-170.7439,-14.3756],[-170.6373,-14.2894],[-170.5786,-14.2792],[-170.5633,-14.2725],[-170.5608,-14.2692],[-170.56,-14.2658],[-170.5656,-14.2558],[-170.5703,-14.2528],[-170.66,-14.2553]]],[[[-169.5095,-14.2767],[-169.4445,-14.2617],[-169.44,-14.2606],[-169.4383,-14.2567],[-169.4395,-14.2317],[-169.4456,-14.2267],[-169.4498,-14.2264],[-169.5153,-14.2267],[-169.5223,-14.2269],[-169.5339,-14.2297],[-169.5361,-14.2317],[-169.5372,-14.2378],[-169.5356,-14.2428],[-169.5217,-14.2683],[-169.5178,-14.2728],[-169.5131,-14.2758],[-169.5095,-14.2767]]],[[[-169.6231,-14.1839],[-169.6219,-14.1764],[-169.6219,-14.1686],[-169.6261,-14.1669],[-169.6406,-14.1717],[-169.6447,-14.1761],[-169.6442,-14.1811],[-169.6417,-14.1861],[-169.6314,-14.1908],[-169.6256,-14.1897],[-169.6231,-14.1839]]],[[[-169.6831,-14.1667],[-169.6873,-14.1664],[-169.6909,-14.1675],[-169.6942,-14.1736],[-169.6942,-14.1853],[-169.6931,-14.1889],[-169.687,-14.1919],[-169.6856,-14.1919],[-169.6811,-14.1917],[-169.6614,-14.1833],[-169.6598,-14.1806],[-169.6598,-14.1792],[-169.6622,-14.175],[-169.6656,-14.1728],[-169.6831,-14.1667]]],[[[-178.7209,-20.6481],[-178.7245,-20.6447],[-178.7306,-20.6461],[-178.7333,-20.6503],[-178.7378,-20.6597],[-178.7372,-20.6661],[-178.7333,-20.6694],[-178.715,-20.6744],[-178.7078,-20.6744],[-178.7056,-20.6708],[-178.7209,-20.6481]]],[[[-178.2114,-19.8525],[-178.2017,-19.8436],[-178.2003,-19.8408],[-178.1981,-19.8358],[-178.2003,-19.8311],[-178.2039,-19.8275],[-178.2097,-19.8264],[-178.2128,-19.8275],[-178.2217,-19.84],[-178.2231,-19.8456],[-178.2217,-19.8511],[-178.2164,-19.8533],[-178.2114,-19.8525]]],[[[-178.3914,-19.1761],[-178.3864,-19.1594],[-178.3864,-19.1389],[-178.3884,-19.1339],[-178.3928,-19.1306],[-178.3986,-19.1292],[-178.4111,-19.1436],[-178.4231,-19.1725],[-178.425,-19.1775],[-178.4231,-19.1822],[-178.4186,-19.185],[-178.3967,-19.185],[-178.3914,-19.1761]]],[[[179.773,-19.1233],[179.7583,-19.1303],[179.7539,-19.1331],[179.7397,-19.1819],[179.7402,-19.1881],[179.7466,-19.1958],[179.7747,-19.1975],[179.7797,-19.1953],[179.7936,-19.1878],[179.7975,-19.1844],[179.7966,-19.1783],[179.7892,-19.1417],[179.7775,-19.125],[179.773,-19.1233]]],[[[-178.5933,-19.1206],[-178.5992,-19.1286],[-178.6014,-19.1336],[-178.6022,-19.1397],[-178.6014,-19.1458],[-178.597,-19.1558],[-178.5933,-19.1592],[-178.5803,-19.1675],[-178.5561,-19.1792],[-178.5459,-19.1819],[-178.5386,-19.1819],[-178.5508,-19.1178],[-178.5544,-19.1142],[-178.5589,-19.1117],[-178.5639,-19.1094],[-178.5697,-19.1081],[-178.5764,-19.1086],[-178.5858,-19.1136],[-178.5933,-19.1206]]],[[[178.3722,-18.9317],[178.345,-18.9264],[178.3391,-18.9275],[178.3069,-18.9356],[178.1819,-18.9822],[178.178,-18.9856],[178.1753,-18.9897],[178.1714,-19],[178.0686,-19.0661],[177.9722,-19.1028],[177.9677,-19.1056],[177.9522,-19.1253],[177.9511,-19.1314],[177.9533,-19.1364],[177.9561,-19.1406],[177.9605,-19.1433],[177.9988,-19.1625],[178.0047,-19.1628],[178.0158,-19.1594],[178.0327,-19.1478],[178.0389,-19.1481],[178.0855,-19.1583],[178.0941,-19.1628],[178.1361,-19.1378],[178.1705,-19.0939],[178.1691,-19.0883],[178.1703,-19.0753],[178.1725,-19.0706],[178.188,-19.0492],[178.1919,-19.0458],[178.303,-18.9992],[178.3075,-18.9992],[178.3255,-19.0028],[178.3291,-19.0064],[178.3283,-19.0125],[178.328,-19.0278],[178.3375,-19.0506],[178.3416,-19.0508],[178.3738,-19.0525],[178.3805,-19.0519],[178.4172,-19.0469],[178.423,-19.0456],[178.4655,-19.0339],[178.4864,-19.0189],[178.498,-19.0094],[178.4983,-18.99],[178.4963,-18.9781],[178.4941,-18.9733],[178.4905,-18.9697],[178.4683,-18.9564],[178.3722,-18.9317]]],[[[-178.9428,-18.9253],[-178.9494,-18.9258],[-178.9628,-18.9342],[-178.9686,-18.9422],[-178.9723,-18.9528],[-178.9672,-18.9783],[-178.9622,-18.9872],[-178.9586,-18.9908],[-178.9534,-18.9928],[-178.947,-18.9936],[-178.9367,-18.9894],[-178.9336,-18.9853],[-178.9306,-18.9742],[-178.9306,-18.9606],[-178.9314,-18.9486],[-178.9333,-18.9369],[-178.9386,-18.9281],[-178.9428,-18.9253]]],[[[-179.8533,-18.9728],[-179.8525,-18.9667],[-179.8481,-18.9569],[-179.84,-18.9508],[-179.8342,-18.9494],[-179.8269,-18.9494],[-179.8159,-18.9531],[-179.8123,-18.9564],[-179.8095,-18.9608],[-179.8059,-18.9711],[-179.8044,-18.9836],[-179.8031,-18.9864],[-179.795,-18.9803],[-179.7883,-18.9725],[-179.7823,-18.9589],[-179.7836,-18.9464],[-179.7886,-18.9372],[-179.8172,-18.9267],[-179.8217,-18.9253],[-179.8389,-18.9225],[-179.845,-18.9225],[-179.8531,-18.9286],[-179.8575,-18.9383],[-179.8658,-18.9775],[-179.8703,-19.0011],[-179.8689,-19.0053],[-179.8653,-19.0086],[-179.8572,-19.0122],[-179.8508,-19.0131],[-179.8533,-18.9728]]],[[[178.528,-18.8672],[178.5258,-18.8625],[178.5216,-18.8597],[178.5092,-18.8586],[178.5042,-18.8608],[178.4803,-18.8797],[178.4766,-18.8831],[178.4719,-18.8969],[178.4711,-18.91],[178.4733,-18.915],[178.4972,-18.9339],[178.5022,-18.9347],[178.528,-18.9108],[178.5341,-18.9025],[178.5364,-18.8978],[178.5364,-18.8922],[178.528,-18.8672]]],[[[-178.4767,-18.6469],[-178.5014,-18.6372],[-178.5067,-18.6353],[-178.517,-18.6447],[-178.5197,-18.6489],[-178.5214,-18.6544],[-178.5214,-18.6614],[-178.5192,-18.6664],[-178.5161,-18.6706],[-178.512,-18.6733],[-178.5061,-18.6747],[-178.4986,-18.6747],[-178.4864,-18.6725],[-178.4783,-18.6664],[-178.4731,-18.6575],[-178.4731,-18.6506],[-178.4767,-18.6469]]],[[[179.8358,-18.5817],[179.8366,-18.5867],[179.8394,-18.5908],[179.888,-18.6375],[179.8958,-18.6439],[179.9083,-18.6447],[179.9128,-18.6419],[179.9666,-18.56],[179.9697,-18.5489],[179.9675,-18.5442],[179.9639,-18.5406],[179.95,-18.5397],[179.9289,-18.5403],[179.9055,-18.5456],[179.8813,-18.5517],[179.8491,-18.5667],[179.8402,-18.5722],[179.8375,-18.5764],[179.8358,-18.5817]]],[[[177.6361,-18.4914],[177.6308,-18.4919],[177.6152,-18.505],[177.613,-18.5097],[177.6136,-18.5161],[177.6191,-18.5383],[177.6375,-18.5689],[177.648,-18.5864],[177.6552,-18.5936],[177.6602,-18.5942],[177.6633,-18.5903],[177.6642,-18.5839],[177.6636,-18.5778],[177.6516,-18.5097],[177.6497,-18.5047],[177.6447,-18.4958],[177.6361,-18.4914]]],[[[178.1272,-18.3539],[178.1236,-18.3572],[178.1211,-18.3619],[178.1094,-18.4075],[178.1125,-18.4117],[178.1166,-18.4147],[178.1283,-18.4175],[178.1327,-18.4175],[178.1386,-18.4164],[178.1503,-18.4067],[178.1566,-18.3778],[178.1569,-18.3708],[178.1555,-18.3653],[178.1533,-18.3606],[178.1497,-18.3561],[178.1453,-18.3533],[178.1397,-18.3519],[178.1272,-18.3539]]],[[[-178.7475,-18.2014],[-178.7636,-18.1883],[-178.7731,-18.1833],[-178.787,-18.1825],[-178.808,-18.1833],[-178.8189,-18.1853],[-178.8242,-18.1872],[-178.8286,-18.19],[-178.8431,-18.2108],[-178.8439,-18.2169],[-178.8367,-18.2239],[-178.812,-18.2428],[-178.8031,-18.2483],[-178.7981,-18.2503],[-178.7917,-18.2511],[-178.7784,-18.2497],[-178.7653,-18.2483],[-178.7603,-18.2464],[-178.7514,-18.2408],[-178.7478,-18.2375],[-178.7447,-18.2333],[-178.7411,-18.2228],[-178.7411,-18.2161],[-178.7425,-18.2103],[-178.7447,-18.2056],[-178.7475,-18.2014]]],[[[179.2458,-18.0364],[179.3361,-18.1211],[179.3416,-18.1225],[179.3519,-18.1211],[179.3586,-18.1136],[179.3675,-18.0944],[179.3683,-18.0881],[179.3677,-18.0819],[179.3552,-18.0139],[179.3533,-18.0092],[179.308,-17.9483],[179.3003,-17.9419],[179.2922,-17.9372],[179.2733,-17.9356],[179.2667,-17.9361],[179.2433,-17.9511],[179.2364,-17.9683],[179.243,-18.0253],[179.2458,-18.0364]]],[[[-178.9911,-17.9508],[-179.0017,-17.9403],[-179.017,-17.9272],[-179.0214,-17.9244],[-179.027,-17.9231],[-179.0481,-17.9236],[-179.0589,-17.9275],[-179.0684,-17.9325],[-179.0778,-17.9442],[-179.0786,-17.9503],[-179.0764,-17.955],[-179.0706,-17.9633],[-179.06,-17.9739],[-179.0289,-17.9925],[-179.0239,-17.9947],[-179.0181,-17.9961],[-179.0117,-17.9953],[-178.9955,-17.99],[-178.9928,-17.9872],[-178.9897,-17.9797],[-178.9883,-17.9742],[-178.9889,-17.9556],[-178.9911,-17.9508]]],[[[-178.3239,-17.8825],[-178.3347,-17.8858],[-178.3478,-17.8942],[-178.3508,-17.8983],[-178.3544,-17.9086],[-178.358,-17.9261],[-178.3572,-17.9308],[-178.3553,-17.9356],[-178.34,-17.9558],[-178.3306,-17.9606],[-178.3189,-17.9633],[-178.3014,-17.9661],[-178.287,-17.9661],[-178.2628,-17.9614],[-178.2475,-17.9553],[-178.2439,-17.9517],[-178.2408,-17.9475],[-178.2386,-17.9428],[-178.2381,-17.9322],[-178.2386,-17.9261],[-178.2445,-17.9178],[-178.2561,-17.9081],[-178.265,-17.9025],[-178.2975,-17.8853],[-178.31,-17.8831],[-178.3239,-17.8825]]],[[[179.4219,-17.8483],[179.4286,-17.8408],[179.4303,-17.8283],[179.4211,-17.7972],[179.4161,-17.7881],[179.3972,-17.785],[179.3928,-17.7864],[179.3861,-17.7942],[179.3961,-17.8219],[179.4083,-17.8447],[179.4119,-17.8483],[179.4169,-17.8506],[179.4219,-17.8483]]],[[[-179.2883,-17.7811],[-179.2853,-17.777],[-179.2831,-17.772],[-179.2817,-17.7667],[-179.2817,-17.7597],[-179.285,-17.7408],[-179.2881,-17.7367],[-179.2923,-17.7339],[-179.3025,-17.7297],[-179.3133,-17.7261],[-179.3192,-17.7275],[-179.3259,-17.735],[-179.3325,-17.7497],[-179.3347,-17.7614],[-179.3333,-17.767],[-179.3311,-17.772],[-179.2984,-17.7853],[-179.2925,-17.7839],[-179.2883,-17.7811]]],[[[178.8327,-17.6272],[178.8283,-17.6244],[178.8167,-17.6214],[178.8102,-17.6206],[178.7919,-17.6211],[178.778,-17.6286],[178.7605,-17.6394],[178.7567,-17.6428],[178.7508,-17.6511],[178.7486,-17.6558],[178.7441,-17.6725],[178.7477,-17.7197],[178.7719,-17.7544],[178.8203,-17.7428],[178.8377,-17.7319],[178.8497,-17.7153],[178.8533,-17.705],[178.8536,-17.6883],[178.853,-17.6697],[178.8503,-17.6586],[178.8361,-17.6306],[178.8327,-17.6272]]],[[[-179.1478,-17.4783],[-179.142,-17.477],[-179.1325,-17.4722],[-179.1297,-17.4681],[-179.1281,-17.4625],[-179.1275,-17.4561],[-179.1281,-17.45],[-179.1433,-17.4311],[-179.1534,-17.4297],[-179.1681,-17.4297],[-179.1789,-17.4331],[-179.1817,-17.4372],[-179.1833,-17.4497],[-179.1734,-17.4678],[-179.1661,-17.4747],[-179.1617,-17.4775],[-179.1478,-17.4783]]],[[[178.1755,-18.2417],[178.1822,-18.2342],[178.1944,-18.2178],[178.2194,-18.1931],[178.2305,-18.19],[178.2436,-18.1886],[178.2733,-18.1475],[178.3386,-18.12],[178.3488,-18.1161],[178.3958,-18.1042],[178.4008,-18.1036],[178.5322,-18.0922],[178.5533,-18.0975],[178.5575,-18.1003],[178.5608,-18.1156],[178.5883,-18.1353],[178.6611,-18.0897],[178.678,-18.0783],[178.6811,-18.0742],[178.6922,-18.0569],[178.6975,-18.0472],[178.6933,-18.025],[178.6208,-17.8939],[178.5977,-17.7842],[178.5952,-17.6936],[178.5986,-17.6825],[178.6008,-17.6706],[178.6011,-17.6581],[178.5983,-17.6431],[178.5911,-17.6358],[178.3725,-17.475],[178.3028,-17.4303],[178.2808,-17.4031],[178.2816,-17.3897],[178.2797,-17.3781],[178.2714,-17.3489],[178.2691,-17.3439],[178.2441,-17.3261],[178.2397,-17.3233],[178.2175,-17.31],[178.193,-17.3011],[178.1886,-17.3039],[178.1869,-17.3233],[178.1705,-17.3425],[178.1247,-17.3578],[177.9594,-17.4092],[177.9536,-17.4106],[177.9464,-17.4106],[177.8978,-17.4078],[177.8333,-17.3961],[177.835,-17.3864],[177.8352,-17.3797],[177.8344,-17.3733],[177.8311,-17.3628],[177.8253,-17.3628],[177.8203,-17.3647],[177.6247,-17.4447],[177.5191,-17.5039],[177.5103,-17.5094],[177.388,-17.6328],[177.3853,-17.6514],[177.3872,-17.6631],[177.3903,-17.6675],[177.4197,-17.6811],[177.4225,-17.6853],[177.4239,-17.6908],[177.4325,-17.7375],[177.433,-17.7436],[177.4319,-17.7567],[177.4297,-17.7617],[177.3713,-17.8125],[177.2941,-17.8478],[177.2794,-17.8544],[177.275,-17.8572],[177.2594,-17.87],[177.2567,-17.8742],[177.2483,-17.9564],[177.2488,-17.9628],[177.2592,-17.9983],[177.2991,-18.0786],[177.3297,-18.1158],[177.3333,-18.1194],[177.473,-18.1628],[177.5161,-18.1531],[177.6061,-18.1739],[177.6119,-18.1756],[177.6164,-18.1783],[177.62,-18.1817],[177.8641,-18.2639],[177.9602,-18.2683],[178.0191,-18.2678],[178.155,-18.2567],[178.1602,-18.2547],[178.1647,-18.2519],[178.1755,-18.2417]]],[[[177.1,-17.3147],[177.1125,-17.3144],[177.1175,-17.3125],[177.1433,-17.2956],[177.1583,-17.2681],[177.1583,-17.2653],[177.1455,-17.25],[177.1419,-17.2478],[177.1114,-17.2583],[177.1003,-17.2711],[177.1,-17.3147]]],[[[-179.1164,-17.2678],[-179.1178,-17.2622],[-179.1214,-17.2586],[-179.1467,-17.2481],[-179.1526,-17.2467],[-179.1584,-17.2481],[-179.1628,-17.2508],[-179.1634,-17.2572],[-179.1615,-17.2689],[-179.157,-17.2786],[-179.1534,-17.2822],[-179.1484,-17.2842],[-179.1417,-17.285],[-179.1286,-17.2836],[-179.1237,-17.2817],[-179.1201,-17.2781],[-179.1178,-17.2733],[-179.1164,-17.2678]]],[[[179.4417,-17.2478],[179.433,-17.2422],[179.4191,-17.2428],[179.3572,-17.2594],[179.358,-17.2628],[179.3705,-17.2964],[179.3791,-17.3158],[179.3839,-17.3497],[179.3844,-17.3658],[179.3833,-17.3997],[179.3994,-17.3944],[179.4236,-17.3758],[179.4272,-17.3725],[179.4405,-17.3433],[179.4441,-17.3331],[179.448,-17.3158],[179.4497,-17.3033],[179.4466,-17.2569],[179.4453,-17.2514],[179.4417,-17.2478]]],[[[-178.9086,-17.2178],[-178.9092,-17.2131],[-178.9222,-17.1978],[-179.0078,-17.1511],[-179.015,-17.1508],[-179.02,-17.1531],[-179.0114,-17.1822],[-178.9858,-17.3181],[-178.9751,-17.2978],[-178.973,-17.2914],[-178.9713,-17.2891],[-178.9414,-17.26],[-178.9292,-17.2608],[-178.9253,-17.2572],[-178.9231,-17.2525],[-178.9086,-17.2178]]],[[[177.2083,-17.0889],[177.1875,-17.1175],[177.1783,-17.1436],[177.1772,-17.1608],[177.1772,-17.1636],[177.188,-17.1675],[177.1994,-17.1703],[177.2636,-17.1236],[177.2703,-17.1164],[177.2761,-17.1081],[177.2822,-17.0956],[177.2892,-17.0811],[177.2914,-17.0764],[177.2914,-17.0694],[177.288,-17.0589],[177.2852,-17.0547],[177.2811,-17.0519],[177.2461,-17.0556],[177.2402,-17.0567],[177.2358,-17.0594],[177.2083,-17.0889]]],[[[178.3402,-16.8306],[178.3389,-16.8247],[178.3314,-16.8006],[178.33,-16.7964],[178.325,-16.7942],[178.2772,-16.7894],[178.2744,-16.7933],[178.2766,-16.8253],[178.2789,-16.8303],[178.2822,-16.8339],[178.2875,-16.8358],[178.2939,-16.8367],[178.333,-16.8358],[178.338,-16.8353],[178.3402,-16.8306]]],[[[179.8928,-16.9461],[179.8847,-16.9592],[179.8824,-16.9642],[179.883,-16.9703],[179.8867,-16.9739],[179.9186,-16.9992],[179.9291,-17.0061],[179.9475,-17.0028],[179.9575,-16.9986],[179.9847,-16.9831],[180,-16.9657],[180,-16.7874],[179.9688,-16.8525],[179.9594,-16.8711],[179.9541,-16.88],[179.9469,-16.8869],[179.9322,-16.9008],[179.9044,-16.9297],[179.8928,-16.9461]]],[[[-179.8211,-16.7811],[-179.8531,-16.6928],[-179.8616,-16.6803],[-179.8681,-16.6795],[-179.8898,-16.6864],[-179.8951,-16.6884],[-179.9295,-16.7101],[-179.9386,-16.7159],[-180,-16.7874],[-180,-16.9657],[-179.9933,-16.9553],[-179.9876,-16.947],[-179.9359,-16.8997],[-179.9022,-16.8755],[-179.8211,-16.7811]]],[[[177.5705,-16.6983],[177.5672,-16.7094],[177.5583,-16.7219],[177.4766,-16.7961],[177.4314,-16.8444],[177.443,-16.8378],[177.5216,-16.79],[177.5741,-16.7361],[177.5844,-16.7189],[177.5936,-16.6994],[177.5944,-16.6933],[177.593,-16.6878],[177.5839,-16.6828],[177.5664,-16.6783],[177.56,-16.6775],[177.5605,-16.6803],[177.5641,-16.6839],[177.5669,-16.6881],[177.5705,-16.6983]]],[[[179.9433,-16.6519],[179.9491,-16.6436],[179.9505,-16.6381],[179.9505,-16.6242],[179.95,-16.6178],[179.9478,-16.6131],[179.9167,-16.6258],[179.8844,-16.6575],[179.8867,-16.6603],[179.9142,-16.6619],[179.9294,-16.6592],[179.9389,-16.6544],[179.9433,-16.6519]]],[[[180,-16.4943],[179.9952,-16.4961],[179.9864,-16.5017],[179.9836,-16.5058],[179.9819,-16.5114],[179.9811,-16.5244],[179.9819,-16.5308],[179.9847,-16.535],[179.9883,-16.5383],[179.9947,-16.5392],[180,-16.5379],[180,-16.4943]]],[[[-179.9711,-16.4589],[-179.9886,-16.477],[-179.9975,-16.4892],[-180,-16.4943],[-180,-16.5379],[-179.9762,-16.5353],[-179.9698,-16.5345],[-179.932,-16.5208],[-179.9269,-16.5189],[-179.8937,-16.4353],[-179.8964,-16.4311],[-179.9023,-16.4294],[-179.9148,-16.4317],[-179.9445,-16.4444],[-179.9495,-16.4467],[-179.9711,-16.4589]]],[[[179.5686,-16.7581],[179.5597,-16.7636],[179.5466,-16.765],[179.5394,-16.7647],[179.493,-16.7617],[179.4786,-16.7011],[179.4844,-16.6928],[179.5916,-16.5397],[179.653,-16.5017],[179.6747,-16.4947],[179.6891,-16.4881],[179.738,-16.4586],[179.7466,-16.4531],[179.7539,-16.4464],[179.7569,-16.4422],[179.8097,-16.3608],[179.853,-16.2911],[179.8917,-16.2447],[179.8983,-16.2372],[179.958,-16.1975],[179.9797,-16.1836],[179.9927,-16.1756],[180,-16.1727],[180,-16.1547],[179.9677,-16.1525],[179.9611,-16.1531],[179.9561,-16.1558],[179.9155,-16.1792],[179.8711,-16.2058],[179.8422,-16.2075],[179.7708,-16.2036],[179.6728,-16.2283],[179.5033,-16.2739],[179.4633,-16.2922],[179.4014,-16.3492],[179.3917,-16.3819],[179.403,-16.3986],[179.4044,-16.4028],[179.4041,-16.4097],[179.4005,-16.4131],[179.3319,-16.4131],[179.2986,-16.4128],[179.235,-16.4067],[179.2294,-16.3981],[179.2241,-16.3975],[178.9819,-16.4697],[178.9264,-16.4994],[178.93,-16.5031],[178.9278,-16.5147],[178.9255,-16.5197],[178.8975,-16.5483],[178.8939,-16.5519],[178.8894,-16.5547],[178.8633,-16.5667],[178.8269,-16.5747],[178.7775,-16.5992],[178.773,-16.6017],[178.7461,-16.6242],[178.7402,-16.6325],[178.7319,-16.6456],[178.7077,-16.6753],[178.6955,-16.6742],[178.6839,-16.6714],[178.6003,-16.6439],[178.5952,-16.6417],[178.5283,-16.7067],[178.4783,-16.7589],[178.4761,-16.7636],[178.4789,-16.7817],[178.4858,-16.7983],[178.4886,-16.8028],[178.4922,-16.8061],[178.5022,-16.8106],[178.518,-16.8161],[178.5253,-16.8164],[178.5436,-16.8144],[178.5516,-16.8083],[178.625,-16.8356],[178.6708,-16.9217],[178.6791,-16.9619],[178.6819,-16.9731],[178.6902,-16.9925],[178.6966,-17.0003],[178.7003,-17.0025],[178.7097,-17.0072],[178.7269,-17.0117],[178.7472,-17.0119],[178.7539,-17.0114],[178.7589,-17.0094],[178.7883,-16.9903],[178.7961,-16.9842],[178.8097,-16.9497],[178.8114,-16.9317],[178.8116,-16.9261],[178.8094,-16.9144],[178.8102,-16.9081],[178.8697,-16.8608],[178.9066,-16.855],[178.9441,-16.8792],[178.9483,-16.8889],[178.9497,-16.8944],[178.9547,-16.9036],[178.9589,-16.9064],[179.0189,-16.9272],[179.0239,-16.9253],[179.07,-16.8931],[179.0722,-16.8883],[179.0736,-16.8828],[179.0397,-16.8747],[179.0369,-16.8789],[179.0331,-16.8892],[179.0264,-16.8967],[179.0205,-16.8981],[179.0164,-16.8953],[179.0164,-16.8897],[179.0464,-16.8083],[179.0494,-16.8042],[179.053,-16.8006],[179.1683,-16.7242],[179.2064,-16.7053],[179.2658,-16.6906],[179.2722,-16.6914],[179.278,-16.6928],[179.3494,-16.7317],[179.3558,-16.7394],[179.3555,-16.7519],[179.3547,-16.7567],[179.3519,-16.7608],[179.3483,-16.7644],[179.3438,-16.7669],[179.3336,-16.7711],[179.3319,-16.8022],[179.4094,-16.8108],[179.5716,-16.8011],[179.6628,-16.7397],[179.71,-16.7297],[179.7463,-16.7264],[179.7789,-16.7275],[179.8105,-16.7347],[179.8447,-16.7439],[179.8533,-16.7564],[179.8552,-16.7614],[179.8661,-16.7719],[179.8705,-16.7733],[179.898,-16.7708],[179.9022,-16.7694],[179.9372,-16.7544],[179.9453,-16.7497],[179.9519,-16.7419],[179.9505,-16.7364],[179.8872,-16.6708],[179.878,-16.6658],[179.8713,-16.665],[179.8744,-16.6367],[179.9011,-16.5772],[179.9239,-16.5364],[179.9269,-16.5325],[179.9472,-16.5172],[179.9503,-16.5131],[179.9516,-16.5075],[179.9455,-16.475],[179.9441,-16.4694],[179.9419,-16.4644],[179.9375,-16.4617],[179.9325,-16.4608],[179.918,-16.4678],[179.8524,-16.5089],[179.813,-16.5406],[179.7519,-16.5914],[179.7147,-16.625],[179.643,-16.6908],[179.6161,-16.7206],[179.5686,-16.7581]]],[[[-169.8939,-19.1456],[-169.8881,-19.1444],[-169.8592,-19.1306],[-169.8503,-19.1258],[-169.8244,-19.1108],[-169.7981,-19.0872],[-169.7814,-19.0678],[-169.7817,-19.0628],[-169.8128,-18.9722],[-169.8175,-18.9683],[-169.8689,-18.9636],[-169.8848,-18.9633],[-169.8947,-18.9703],[-169.9289,-19.0106],[-169.9317,-19.0167],[-169.9531,-19.0703],[-169.9514,-19.0764],[-169.9309,-19.1244],[-169.8939,-19.1456]]],[[[-174.9747,-21.3658],[-174.9736,-21.3914],[-174.9658,-21.4178],[-174.9339,-21.4461],[-174.9245,-21.4522],[-174.9173,-21.4542],[-174.9109,-21.4267],[-174.9114,-21.3061],[-174.9353,-21.3247],[-174.9706,-21.3539],[-174.9739,-21.3589],[-174.9747,-21.3658]]],[[[-175.0517,-21.1617],[-175.0464,-21.1525],[-175.0456,-21.1458],[-175.0472,-21.1394],[-175.0503,-21.1344],[-175.0608,-21.1272],[-175.067,-21.1247],[-175.0731,-21.1242],[-175.0936,-21.125],[-175.1072,-21.1281],[-175.1195,-21.1325],[-175.1233,-21.135],[-175.1295,-21.1447],[-175.132,-21.1553],[-175.132,-21.1631],[-175.135,-21.1731],[-175.1417,-21.1786],[-175.1458,-21.1781],[-175.1522,-21.1756],[-175.2767,-21.125],[-175.3047,-21.0744],[-175.3022,-21.0714],[-175.3019,-21.0681],[-175.3053,-21.065],[-175.3125,-21.0636],[-175.3161,-21.0647],[-175.3392,-21.0731],[-175.3431,-21.0767],[-175.3514,-21.0861],[-175.355,-21.0914],[-175.3595,-21.0992],[-175.3605,-21.1025],[-175.358,-21.1294],[-175.3569,-21.1339],[-175.3514,-21.1433],[-175.3364,-21.1617],[-175.3236,-21.1744],[-175.3145,-21.18],[-175.1864,-21.2528],[-175.1453,-21.2681],[-175.135,-21.2678],[-175.1236,-21.2639],[-175.118,-21.2603],[-175.0517,-21.1617]]],[[[-174.7675,-20.2781],[-174.7608,-20.2764],[-174.7584,-20.2725],[-174.7561,-20.2644],[-174.7567,-20.2425],[-174.76,-20.2372],[-174.7656,-20.2347],[-174.7792,-20.2308],[-174.7864,-20.2317],[-174.792,-20.2347],[-174.7953,-20.2386],[-174.7959,-20.2453],[-174.7883,-20.2664],[-174.7853,-20.2717],[-174.7775,-20.2756],[-174.7675,-20.2781]]],[[[-174.4186,-19.9283],[-174.4139,-19.9267],[-174.3928,-19.905],[-174.3889,-19.9006],[-174.3867,-19.8939],[-174.3875,-19.8869],[-174.3909,-19.8817],[-174.3958,-19.8806],[-174.4011,-19.8836],[-174.4053,-19.8881],[-174.42,-19.9056],[-174.4225,-19.91],[-174.4239,-19.9147],[-174.4228,-19.9278],[-174.4186,-19.9283]]],[[[-174.3186,-19.8219],[-174.3145,-19.8172],[-174.3117,-19.8114],[-174.3064,-19.7719],[-174.3097,-19.7669],[-174.3159,-19.7642],[-174.3225,-19.7644],[-174.3259,-19.7683],[-174.3544,-19.8064],[-174.355,-19.812],[-174.3531,-19.8156],[-174.3481,-19.8186],[-174.3333,-19.8247],[-174.3275,-19.8253],[-174.3186,-19.8219]]],[[[-175.0784,-19.7081],[-175.0817,-19.7064],[-175.0869,-19.7081],[-175.0903,-19.7119],[-175.0978,-19.7414],[-175.0986,-19.7497],[-175.0914,-19.7681],[-175.0855,-19.7825],[-175.0839,-19.7861],[-175.0809,-19.7894],[-175.0772,-19.7936],[-175.0697,-19.7989],[-175.0633,-19.8008],[-175.0567,-19.8008],[-175.0514,-19.7992],[-175.0475,-19.7961],[-175.0442,-19.7922],[-175.0423,-19.7875],[-175.0425,-19.7814],[-175.0439,-19.7592],[-175.0503,-19.7283],[-175.0547,-19.7219],[-175.0589,-19.7181],[-175.0784,-19.7081]]],[[[-174.2631,-19.7447],[-174.2492,-19.7072],[-174.2475,-19.6972],[-174.2509,-19.6922],[-174.2561,-19.6881],[-174.2617,-19.6911],[-174.3053,-19.7369],[-174.3072,-19.7408],[-174.3047,-19.7447],[-174.2992,-19.7486],[-174.2928,-19.7511],[-174.2792,-19.7536],[-174.2725,-19.7528],[-174.2664,-19.75],[-174.2631,-19.7447]]],[[[-175.015,-19.6517],[-175.0189,-19.6542],[-175.0253,-19.6597],[-175.0314,-19.6681],[-175.0359,-19.6767],[-175.0361,-19.6794],[-175.035,-19.6836],[-175.0339,-19.6867],[-175.032,-19.6888],[-175.0256,-19.6919],[-175.0211,-19.6925],[-175.0183,-19.6914],[-175.0139,-19.6856],[-175.0039,-19.6644],[-175.0028,-19.6603],[-175.0031,-19.6569],[-175.0056,-19.6525],[-175.0106,-19.6514],[-175.015,-19.6517]]],[[[-174.28,-19.5928],[-174.2864,-19.5914],[-174.292,-19.5944],[-174.2939,-19.6011],[-174.2939,-19.6072],[-174.2906,-19.6186],[-174.282,-19.6344],[-174.2739,-19.6433],[-174.2608,-19.6519],[-174.2503,-19.6572],[-174.2445,-19.6561],[-174.2406,-19.6544],[-174.2389,-19.6511],[-174.2392,-19.6469],[-174.2417,-19.6428],[-174.28,-19.5928]]],[[[-174.6498,-18.7831],[-174.6556,-18.7839],[-174.6653,-18.7872],[-174.6709,-18.7903],[-174.6742,-18.7942],[-174.675,-18.8044],[-174.6731,-18.8128],[-174.667,-18.8258],[-174.6537,-18.8303],[-174.647,-18.8303],[-174.6386,-18.8275],[-174.6303,-18.8233],[-174.6244,-18.8142],[-174.6231,-18.8094],[-174.6244,-18.8067],[-174.6456,-18.7856],[-174.6498,-18.7831]]],[[[-174.0736,-18.6811],[-174.0797,-18.6814],[-174.0858,-18.6842],[-174.0942,-18.6911],[-174.0978,-18.6964],[-174.0961,-18.7011],[-174.0903,-18.7031],[-174.0666,-18.7064],[-174.0614,-18.7047],[-174.0617,-18.6986],[-174.0656,-18.6872],[-174.0689,-18.6822],[-174.0736,-18.6811]]],[[[-174.0411,-18.6803],[-174.0433,-18.6808],[-174.045,-18.6836],[-174.0445,-18.6875],[-174.0348,-18.7139],[-174.0334,-18.7156],[-174.0242,-18.7197],[-174.0197,-18.7172],[-174.0164,-18.7119],[-174.015,-18.7053],[-174.0192,-18.6944],[-174.0297,-18.6842],[-174.0375,-18.6808],[-174.0411,-18.6803]]],[[[-174.1236,-18.6775],[-174.1264,-18.6828],[-174.1278,-18.6903],[-174.1284,-18.6972],[-174.1281,-18.7033],[-174.1239,-18.7044],[-174.0897,-18.6742],[-174.0867,-18.6703],[-174.0853,-18.6656],[-174.0911,-18.6639],[-174.1058,-18.6667],[-174.1158,-18.6714],[-174.1236,-18.6775]]],[[[-174.07,-18.6394],[-174.0642,-18.6564],[-174.062,-18.6622],[-174.0544,-18.6697],[-173.987,-18.6842],[-173.9106,-18.6381],[-173.9073,-18.6331],[-173.9062,-18.6269],[-173.9075,-18.6206],[-173.9167,-18.5997],[-173.9317,-18.5753],[-173.9356,-18.5708],[-173.9392,-18.5689],[-173.9675,-18.5681],[-173.9894,-18.5711],[-173.9955,-18.5733],[-174.0009,-18.5764],[-174.0056,-18.58],[-174.0131,-18.5897],[-174.0172,-18.6031],[-174.0234,-18.6144],[-174.0272,-18.6189],[-174.0334,-18.6211],[-174.0414,-18.6211],[-174.0495,-18.6211],[-174.0572,-18.6211],[-174.0625,-18.6236],[-174.0681,-18.6264],[-174.0706,-18.6325],[-174.07,-18.6394]]],[[[-175.6792,-15.615],[-175.67,-15.6242],[-175.6658,-15.6272],[-175.6547,-15.6303],[-175.6447,-15.6292],[-175.6364,-15.625],[-175.612,-15.6044],[-175.6095,-15.6006],[-175.6072,-15.585],[-175.6089,-15.5708],[-175.6167,-15.5633],[-175.6214,-15.5608],[-175.6272,-15.5603],[-175.6678,-15.5661],[-175.6717,-15.5686],[-175.6781,-15.5764],[-175.6839,-15.5897],[-175.6847,-15.5936],[-175.6828,-15.6078],[-175.6792,-15.615]]],[[[-178.1406,-14.3164],[-178.1342,-14.3178],[-178.0608,-14.3239],[-178.0425,-14.3194],[-178.0423,-14.3167],[-178.0448,-14.3144],[-178.1247,-14.2503],[-178.13,-14.2469],[-178.1778,-14.2331],[-178.1856,-14.2317],[-178.1895,-14.2361],[-178.1911,-14.2433],[-178.1883,-14.2561],[-178.1809,-14.2728],[-178.1778,-14.2781],[-178.1711,-14.2878],[-178.1539,-14.3081],[-178.1406,-14.3164]]],[[[-176.1678,-13.3528],[-176.165,-13.3531],[-176.1614,-13.3528],[-176.1445,-13.3467],[-176.1406,-13.3436],[-176.1386,-13.3383],[-176.1211,-13.2633],[-176.1219,-13.2564],[-176.1236,-13.2514],[-176.1458,-13.2181],[-176.1503,-13.2142],[-176.1562,-13.2136],[-176.1606,-13.2161],[-176.1783,-13.2322],[-176.1831,-13.2436],[-176.1858,-13.2578],[-176.1911,-13.2869],[-176.1881,-13.3136],[-176.1772,-13.3414],[-176.1703,-13.3511],[-176.1678,-13.3528]]],[[[-171.4653,-14.0528],[-171.442,-14.0575],[-171.4297,-14.0197],[-171.4286,-14.0128],[-171.4294,-14.0053],[-171.432,-13.9994],[-171.4422,-13.9864],[-171.4461,-13.9825],[-171.6191,-13.8786],[-171.7481,-13.8317],[-171.8223,-13.8075],[-171.8839,-13.8056],[-171.9067,-13.8067],[-172.0278,-13.8394],[-172.0309,-13.8411],[-172.0578,-13.8647],[-172.0617,-13.8692],[-172.0648,-13.8744],[-172.0648,-13.8819],[-172.06,-13.9003],[-172.057,-13.9061],[-172.0528,-13.9106],[-172.0484,-13.9144],[-171.9111,-14.0125],[-171.7681,-14.0358],[-171.6484,-14.0503],[-171.5889,-14.0525],[-171.5461,-14.0503],[-171.5244,-14.0478],[-171.5167,-14.0478],[-171.48,-14.0506],[-171.4653,-14.0528]]],[[[-172.2225,-13.5631],[-172.2859,-13.4864],[-172.2897,-13.4819],[-172.2989,-13.4742],[-172.3044,-13.4711],[-172.3114,-13.4692],[-172.3484,-13.4614],[-172.3608,-13.4606],[-172.3911,-13.4642],[-172.4753,-13.4797],[-172.5519,-13.4972],[-172.5965,-13.5091],[-172.6553,-13.5192],[-172.7286,-13.5133],[-172.7361,-13.5094],[-172.7417,-13.5075],[-172.7531,-13.5094],[-172.7581,-13.5111],[-172.77,-13.5156],[-172.775,-13.5194],[-172.7795,-13.5272],[-172.7803,-13.53],[-172.7806,-13.5333],[-172.7797,-13.5397],[-172.7728,-13.55],[-172.7534,-13.5722],[-172.75,-13.5758],[-172.6911,-13.6261],[-172.59,-13.7397],[-172.5744,-13.7658],[-172.5325,-13.8008],[-172.5272,-13.8039],[-172.5195,-13.8053],[-172.5089,-13.8067],[-172.4892,-13.8069],[-172.4828,-13.8067],[-172.3933,-13.7917],[-172.2623,-13.8019],[-172.2575,-13.8058],[-172.252,-13.8075],[-172.225,-13.8089],[-172.2142,-13.8078],[-172.2105,-13.8053],[-172.1678,-13.6914],[-172.1678,-13.6844],[-172.1689,-13.6775],[-172.1934,-13.6133],[-172.2031,-13.5919],[-172.2225,-13.5631]]]]},"properties":{"NAME":"Tuʻi Tonga Empire","SUBJECTO":"Tuʻi Tonga Empire","PARTOF":"Tuʻi Tonga Empire","BORDERPRECISION":3,"LINK":null}},
{"type":"Feature","geometry":{"type":"Polygon","coordinates":[[[-109.2414,-27.1331],[-109.2358,-27.1311],[-109.2242,-27.1211],[-109.2183,-27.1119],[-109.2172,-27.1056],[-109.2178,-27.0994],[-109.2214,-27.0958],[-109.3658,-27.0633],[-109.3714,-27.0639],[-109.3908,-27.0667],[-109.3961,-27.0683],[-109.4092,-27.0844],[-109.4156,-27.0925],[-109.4206,-27.1019],[-109.4225,-27.1075],[-109.4453,-27.1753],[-109.447,-27.1808],[-109.4492,-27.1931],[-109.447,-27.1981],[-109.4425,-27.2008],[-109.4278,-27.2019],[-109.4158,-27.1933],[-109.3889,-27.1772],[-109.3339,-27.1514],[-109.3217,-27.1492],[-109.2908,-27.15],[-109.2414,-27.1331]]]},"properties":{"NAME":"Polynesians","SUBJECTO":"Polynesians","PARTOF":"Polynesians","BORDERPRECISION":3,"LINK":null}},
{"type":"Feature","geometry":{"type":"MultiPolygon","coordinates":[[[[113.9496,22.3028],[113.9015,22.2909],[113.8585,22.2577],[113.8362,22.2139],[113.8671,22.1973],[113.9037,22.2185],[113.9317,22.2059],[113.9546,22.2338],[113.9891,22.2145],[114.0221,22.2285],[114.0307,22.3101],[114.0465,22.34],[113.9496,22.3028]]],[[[114.0292,22.5085],[114.0421,22.4985],[113.9812,22.4687],[113.9014,22.4065],[113.9254,22.3672],[113.9467,22.3659],[114.0077,22.3719],[114.0866,22.3606],[114.1024,22.3287],[114.144,22.3314],[114.1607,22.3138],[114.1533,22.2987],[114.1159,22.2784],[114.1275,22.2544],[114.0988,22.2165],[114.134,22.1717],[114.2072,22.2218],[114.2163,22.1923],[114.2312,22.2223],[114.2631,22.2044],[114.2588,22.2218],[114.3291,22.2723],[114.398,22.3964],[114.4131,22.4369],[114.3578,22.5051],[114.309,22.5535],[114.2186,22.5509],[114.1663,22.5608],[114.0845,22.5283],[114.0292,22.5085]]]]},"properties":{"NAME":"Hong Kong","SUBJECTO":"Hong Kong","PARTOF":"Hong Kong","BORDERPRECISION":3,"LINK":null}}
]}