{"type":"FeatureCollection", "features": [
{"type":"Feature","geometry":{"type":"Polygon","coordinates":[[[5.8235,49.5071],[6.433,49.4453],[6.5309,49.7984],[6.1085,50.1175],[5.7379,49.9025],[5.8235,49.5071]]]},"properties":{"NAME":"Luxembourg","SUBJECTO":"Luxembourg","PARTOF":"Luxembourg","BORDERPRECISION":3,"LINK":null}},
{"type":"Feature","geometry":{"type":"MultiPolygon","coordinates":[[[[33.9247,34.9532],[33.7805,35.2081],[34.4582,35.6446],[32.1437,35.0425],[32.2711,34.7197],[32.8167,34.5386],[33.9247,34.9532]]],[[[23.2424,39.0441],[22.8699,38.8372],[24.5272,37.9674],[24.1319,38.6534],[23.2424,39.0441]]],[[[25.3102,37.0022],[25.3102,37.1962],[24.9377,36.9597],[25.3102,37.0022]]],[[[18.5136,42.3621],[19.607,41.7615],[19.3691,40.2603],[20.2118,39.4049],[21.1595,39.0048],[20.7718,38.8509],[21.1724,38.3478],[22.3337,38.4267],[23.1163,38.1574],[22.7472,37.9526],[21.9058,38.2697],[21.2211,37.8284],[21.7809,36.8225],[21.9842,37.0205],[22.3903,36.5244],[22.6736,36.7543],[22.9826,36.6148],[22.6423,37.5849],[23.1096,37.3466],[23.4181,37.4693],[22.8981,37.9],[23.4193,38.0681],[23.9182,37.6846],[23.9607,38.2099],[22.4905,38.8769],[22.8711,39.0243],[22.8509,39.3661],[23.2361,39.2032],[22.4674,40.1185],[22.4921,40.4983],[22.8519,40.6513],[23.2605,39.9709],[23.6386,39.9603],[23.2918,40.2873],[23.9066,39.9972],[23.6272,40.3453],[24.2954,40.1765],[23.6347,40.7728],[25.0189,41.0171],[26.5565,40.4983],[26.1409,40.0447],[27.4742,40.9628],[28.9645,40.9892],[29.0811,41.2005],[28.1044,41.593],[27.502,42.5163],[28.0346,43.3919],[28.4457,43.4764],[28.6862,44.4881],[29.579,45.0575],[29.6295,45.7504],[30.4328,46.1757],[29.4267,46.8161],[28.9082,47.8184],[27.7061,48.4397],[27.6478,48.7516],[27.1077,48.8326],[27.1077,48.6436],[26.1627,48.9406],[26.3597,48.125],[25.2459,47.6862],[26.2922,47.2136],[25.4484,46.3023],[25.5159,45.796],[23.2545,46.0661],[22.4782,45.7285],[22.1329,44.5112],[21.3442,44.8831],[20.7893,44.7421],[20.1882,45.2597],[19.0117,45.4588],[19.4236,45.1926],[18.9314,44.8411],[18.5848,45.0922],[16.8923,45.2429],[16.3449,45.0018],[15.8276,45.2027],[16.1942,44.1932],[17.548,42.9201],[17.6464,42.8646],[18.5136,42.3621]]],[[[24.7156,35.0348],[26.1605,35.0243],[26.2735,35.3127],[25.7418,35.137],[25.6732,35.3494],[23.5294,35.5696],[23.5131,35.276],[24.7156,35.0348]]],[[[50.5688,23.8545],[50.9683,24.4362],[49.9369,25.9558],[50.1218,26.7376],[48.855,27.5227],[48.1291,29.2682],[47.614,29.2722],[47.996,29.4903],[47.9572,29.9476],[48.5536,29.9946],[48.0813,30.3953],[48.0335,30.8777],[47.6887,30.8821],[47.7424,31.9048],[46.5085,32.8123],[46.124,32.772],[46.1051,33.2101],[45.5062,33.7973],[45.6709,34.6173],[46.1844,35.0584],[45.9949,35.4009],[46.211,35.7838],[45.3881,35.9256],[44.2052,37.8674],[44.4645,38.292],[44.0821,39.2945],[44.6696,39.757],[43.6845,40.1091],[43.8473,40.75],[42.8784,41.5455],[41.484,41.4365],[40.361,40.9634],[38.314,40.9209],[36.3829,41.2375],[35.9578,41.6856],[35.2861,41.6715],[35.0019,42.0432],[33.1555,41.9496],[31.2177,41.0541],[29.1612,41.2164],[29.0145,40.9787],[29.3204,40.7411],[29.8827,40.7464],[28.9016,40.6201],[29.0524,40.3347],[27.0561,40.4297],[26.186,39.9972],[26.0641,39.4555],[26.9575,39.5483],[26.6022,39.2557],[27.0349,38.8211],[26.6957,38.6408],[26.9974,38.4001],[26.4687,38.4448],[26.3932,38.1044],[27.1398,37.8891],[27.1604,37.3601],[27.5256,37.1314],[27.3081,36.9207],[27.9988,36.9094],[28.0142,36.5272],[29.0023,36.6948],[29.4719,36.0907],[30.3949,36.118],[30.5936,36.7617],[30.9053,36.7942],[33.1713,35.9709],[33.8337,36.0706],[34.4851,36.6268],[35.2205,36.388],[35.8909,36.7711],[36.0824,36.6215],[35.6649,36.1335],[35.8731,34.4223],[34.1463,31.2086],[34.9355,29.4181],[34.7639,28.0967],[35.4365,27.7297],[36.6693,26.0168],[37.2183,25.1666],[37.2015,24.6583],[38.4901,23.6127],[39.0556,22.5719],[39.1667,21.2188],[39.5269,20.6922],[40.8198,19.6847],[41.9226,20.7665],[41.8125,21.7126],[41.0704,22.2627],[40.6475,24.1528],[38.8141,24.8414],[36.5935,29.7873],[36.5248,31.1615],[37.2119,33.5665],[38.0364,34.5972],[40.0291,34.391],[44.0832,30.337],[46.9051,29.4376],[46.5092,28.9701],[47.4386,28.8293],[48.469,26.6954],[49.3954,26.0778],[49.7042,24.4103],[50.5688,23.8545]]]]},"properties":{"NAME":"Ottoman Empire","SUBJECTO":"Ottoman Empire","PARTOF":"Ottoman Empire","BORDERPRECISION":3,"LINK":null}},
{"type":"Feature","geometry":{"type":"Polygon","coordinates":[[[91.6078,27.6415],[91.319,28.0143],[90,28.0535],[89.8634,28.2725],[88.8026,27.181],[88.8675,26.9084],[91.1618,26.7502],[91.9089,26.8053],[91.9989,27.193],[91.6078,27.6415]]]},"properties":{"NAME":"Bhutan","SUBJECTO":"Bhutan","PARTOF":"Bhutan","BORDERPRECISION":3,"LINK":null}},
{"type":"Feature","geometry":{"type":"MultiPolygon","coordinates":[[[[-66.9056,17.9362],[-65.9674,18.0272],[-65.7241,18.3328],[-67.161,18.5141],[-67.152,17.9865],[-66.9056,17.9362]]],[[[-71.677,18.0025],[-71.4008,17.7041],[-70.6955,18.5192],[-70.2992,18.2595],[-69.808,18.5465],[-68.9859,18.5102],[-68.6647,18.1994],[-68.3729,18.575],[-69.9934,19.6839],[-70.8816,19.9299],[-71.7771,19.771],[-71.8953,18.614],[-71.677,18.0025]]],[[[-82.1772,22.3659],[-79.7345,21.6719],[-78.7279,21.6168],[-78.4504,20.969],[-77.0987,20.5333],[-77.663,19.9028],[-75.5191,19.9074],[-74.1734,20.1899],[-75.0619,20.6965],[-75.6537,20.6825],[-75.7509,21.1209],[-77.1913,21.4484],[-79.9846,22.8791],[-81.4311,23.1367],[-83.6904,22.814],[-84.308,22.4949],[-84.7064,21.7696],[-82.5624,22.7084],[-81.6626,22.5068],[-82.1772,22.3659]]]]},"properties":{"NAME":"Spain","SUBJECTO":"Spain","PARTOF":"Spain","BORDERPRECISION":3,"LINK":null}},
{"type":"Feature","geometry":{"type":"Polygon","coordinates":[[[-71.7771,19.771],[-73.4745,19.8354],[-72.7672,19.5255],[-72.6984,18.9408],[-72.2978,18.662],[-74.4418,18.524],[-73.857,18.112],[-72.1783,18.2873],[-71.677,18.0025],[-71.8953,18.614],[-71.7771,19.771]]]},"properties":{"NAME":"Haiti","SUBJECTO":"Haiti","PARTOF":"Haiti","BORDERPRECISION":3,"LINK":null}},
{"type":"Feature","geometry":{"type":"MultiPolygon","coordinates":[[[[-88.3205,18.4944],[-88.8667,17.9006],[-89.1656,17.9793],[-89.2511,15.8975],[-88.9408,15.9046],[-88.2834,16.8347],[-88.1119,18.1939],[-88.1237,18.3871],[-88.3992,18.309],[-88.3205,18.4944]]],[[[-83.2964,14.615],[-83.8582,14.1846],[-84.095,12.5276],[-83.9001,11.8883],[-83.2964,14.615]]],[[[-73.0372,21.1394],[-73.0244,21.3325],[-73.6858,20.9356],[-73.0372,21.1394]]],[[[-77.7356,24.0286],[-77.6764,24.2961],[-77.8767,24.0731],[-77.5717,23.7367],[-77.6067,24.2139],[-77.7356,24.0286]]],[[[-75.3147,24.2139],[-75.7395,24.695],[-75.515,24.1397],[-75.3147,24.2139]]],[[[-78.192,25.2036],[-78.1928,24.5975],[-78.4406,24.6136],[-78.0214,24.2728],[-77.7167,24.5067],[-78.192,25.2036]]],[[[-76.5333,25.3983],[-76.7353,25.5592],[-76.7158,25.4417],[-76.1717,25.1408],[-76.1683,24.69],[-76.1189,25.1311],[-76.5333,25.3983]]],[[[-77.9172,26.7453],[-78.9789,26.6953],[-78.7086,26.4897],[-77.9172,26.7453]]],[[[-77.735,26.9144],[-77.9503,26.8978],[-77.1489,26.5489],[-77.3981,26.0264],[-77.2047,25.8808],[-77.0422,26.5089],[-77.735,26.9144]]],[[[-77.2908,17.806],[-76.3007,17.9924],[-77.7695,18.5105],[-78.3249,18.3504],[-77.2908,17.806]]]]},"properties":{"NAME":"United Kingdom","SUBJECTO":"United Kingdom","PARTOF":"United Kingdom","BORDERPRECISION":3,"LINK":null}},
{"type":"Feature","geometry":{"type":"MultiPolygon","coordinates":[[[[120.3636,14.5309],[120.4714,14.8043],[121.2854,14.3424],[120.7986,14.3858],[120.5106,14.112],[121.0094,13.6557],[121.6249,13.8984],[122.3941,13.3029],[122.4854,13.8812],[123.239,13.0252],[123.8189,12.9756],[123.3976,13.5274],[123.7019,13.8203],[123.3592,13.953],[122.9851,13.7298],[122.4865,14.3195],[122.1066,13.9185],[121.7288,14.1083],[121.2422,15.3078],[122.3956,17.1143],[122.0703,17.4376],[122.0496,18.4475],[121.5808,18.2941],[120.8004,18.5528],[120.3931,18.0438],[120.2931,16.2332],[120.2021,16.0425],[119.762,16.3591],[119.6814,16.1875],[119.9717,14.9049],[120.3636,14.5309]]],[[[121.094,12.2011],[121.3168,12.7416],[121.1807,13.3321],[120.3405,13.3874],[121.094,12.2011]]],[[[125.3231,11.1239],[125.1191,12.4766],[124.264,12.4176],[125.3231,11.1239]]],[[[121.873,10.4684],[122.7062,10.9403],[122.9199,11.5253],[122.4702,11.4544],[121.9936,11.7583],[121.873,10.4684]]],[[[118.8646,10.0236],[119.5643,10.5016],[119.3539,11.2126],[118.8646,10.0236]]],[[[122.9416,9.0476],[123.2391,10.9224],[122.9202,10.8518],[122.7007,10.0318],[122.3031,9.6498],[122.9416,9.0476]]],[[[117.2706,8.4508],[118.5046,9.4828],[118.5081,9.9211],[117.3788,8.8958],[117.2706,8.4508]]],[[[126.0452,6.6082],[126.372,7.3396],[126.2719,8.4258],[125.9232,8.4822],[126.0371,8.959],[125.4281,9.7836],[125.4013,8.9512],[124.9909,8.7153],[124.7416,8.918],[124.6706,8.4287],[124.3716,8.5615],[123.6628,8.0135],[123.4859,8.496],[122.8888,8.3422],[122.0937,7.7751],[121.8245,7.0565],[121.9919,6.8726],[122.6351,7.7826],[122.7254,7.4524],[123.3337,7.7714],[123.8153,7.6581],[124.0736,7.2584],[123.9735,6.3369],[124.803,5.7859],[125.1295,6.0534],[125.2893,5.4883],[125.5329,5.9399],[125.2804,6.5938],[125.6146,7.2363],[126.0452,6.6082]]]]},"properties":{"NAME":"Philippines","SUBJECTO":"Philippines","PARTOF":"Philippines","BORDERPRECISION":3,"LINK":null}},
{"type":"Feature","geometry":{"type":"Polygon","coordinates":[[[80.5629,5.9317],[81.4339,6.2703],[81.8662,7.0846],[80.6624,9.2995],[80.1096,9.6866],[80.0526,9.1139],[79.6746,8.8049],[79.8541,7.0612],[80.2222,6.058],[80.5629,5.9317]]]},"properties":{"NAME":"Ceylon","SUBJECTO":"Ceylon","PARTOF":"Ceylon","BORDERPRECISION":3,"LINK":null}},
{"type":"Feature","geometry":{"type":"MultiPolygon","coordinates":[[[[175.3077,-37.321],[174.6448,-36.8306],[174.9727,-36.778],[174.3002,-35.3473],[173.3303,-35.0844],[173.0192,-34.5175],[172.6332,-34.5595],[174.7647,-37.2965],[174.9451,-37.9284],[174.6547,-38.9833],[173.8048,-39.4197],[175.3536,-40.3],[174.8954,-41.2961],[175.3653,-41.6616],[177.1557,-39.9502],[177.0238,-39.4452],[178.4082,-38.7712],[178.5995,-38.1254],[178.2413,-37.8323],[177.3618,-38.2365],[176.1292,-37.7982],[175.6627,-36.95],[175.64,-37.4097],[175.3077,-37.321]]],[[[172.0627,-43.9231],[173.0096,-43.8438],[172.4405,-43.5094],[174.2335,-42.0112],[174.0585,-41.2914],[173.264,-41.5437],[172.4374,-40.7531],[172.0868,-41.7068],[171.4584,-41.9929],[171.0241,-42.8869],[167.9667,-44.4802],[167.1375,-45.1998],[167.2812,-45.5629],[166.8007,-45.5574],[167.0095,-45.8167],[166.6403,-45.6971],[166.8439,-45.9145],[166.5228,-46.2327],[167.3376,-46.1684],[168.4173,-46.651],[169.3993,-46.7096],[170.6116,-45.9461],[171.0245,-45.0754],[170.6341,-44.8627],[171.1712,-44.9392],[170.9942,-44.2675],[171.3779,-44.3377],[172.0627,-43.9231]]]]},"properties":{"NAME":"Maori","SUBJECTO":"Maori","PARTOF":"Maori","BORDERPRECISION":3,"LINK":null}},
{"type":"Feature","geometry":{"type":"MultiPolygon","coordinates":[[[[-6.3431,53.9396],[-5.6615,54.3222],[-6.0182,55.093],[-7.3339,55.3836],[-8.76,54.7014],[-8.2115,54.6339],[-8.5901,54.2028],[-9.892,54.3256],[-10.1597,54.1331],[-10.1785,53.9119],[-9.6965,53.8734],[-10.1598,53.3741],[-8.9236,53.1606],[-9.5258,52.9046],[-9.6157,52.6366],[-9.1926,52.5545],[-10.4692,52.2066],[-9.9638,52.0921],[-10.294,51.9776],[-9.8354,51.8033],[-9.8191,51.4346],[-6.406,52.2144],[-6.0431,52.8931],[-6.3431,53.9396]]],[[[0.081,53.3862],[-2.245,55.811],[-3.895,55.9851],[-2.7209,56.1782],[-3.1524,56.3368],[-1.9446,57.4017],[-4.1484,57.5545],[-3.0284,58.4057],[-4.9256,58.567],[-4.9071,58.169],[-5.3459,58.0927],[-5.0556,57.751],[-5.763,57.6198],[-5.4606,57.3881],[-6.0435,56.4748],[-5.2707,56.5441],[-5.5702,55.7505],[-4.7107,56.1313],[-5.1114,54.7941],[-3.1525,54.8381],[-3.5692,54.415],[-2.8859,54.1687],[-2.9145,53.2671],[-4.4919,52.991],[-4.1236,52.3733],[-5.2488,51.8602],[-3.4991,51.4597],[-2.7502,51.644],[-3.066,51.1777],[-4.281,51.1872],[-5.7778,50.1341],[-5.2823,49.9638],[-4.5406,50.358],[-3.715,50.2193],[-3.5215,50.6174],[-2.9606,50.7218],[-2.0237,50.57],[0.8883,50.8927],[1.3647,51.3529],[0.2542,51.4536],[1.6917,52.3114],[1.3759,52.8092],[0.0055,52.7867],[0.081,53.3862]]],[[[-5.7557,55.4773],[-5.6203,55.3295],[-5.5178,55.668],[-5.7557,55.4773]]]]},"properties":{"NAME":"United Kingdom of Great Britain and Ireland","SUBJECTO":"United Kingdom of Great Britain and Ireland","PARTOF":"United Kingdom of Great Britain and Ireland","BORDERPRECISION":3,"LINK":null}},
{"type":"Feature","geometry":{"type":"Polygon","coordinates":[[[-8.8061,41.8892],[-8.1573,42.087],[-7.9186,41.8892],[-6.7087,41.96],[-6.1115,41.4175],[-6.8344,41.0605],[-6.8783,39.7024],[-7.431,39.5205],[-6.9334,38.9613],[-7.3939,38.295],[-6.8448,38.1002],[-7.4915,37.2082],[-6.6322,37.0218],[-6.2045,36.2821],[-5.6606,36.008],[-4.4466,36.722],[-2.2388,36.7284],[-1.6257,37.4395],[-0.8026,37.615],[-0.6647,38.1766],[0.1726,38.7383],[-0.3948,39.4345],[0.7338,40.875],[3.1289,41.8572],[3.0871,42.3686],[1.4482,42.3755],[0.7442,42.7719],[-0.1656,42.6488],[-1.9146,43.3054],[-7.9795,43.7401],[-8.3104,43.353],[-9.2708,43.0487],[-8.6441,42.4197],[-8.8061,41.8892]]]},"properties":{"NAME":"Spain","SUBJECTO":"Spain","PARTOF":"Spain","BORDERPRECISION":3,"LINK":null}},
{"type":"Feature","geometry":{"type":"Polygon","coordinates":[[[-8.8061,41.8892],[-8.6941,40.9922],[-9.549,38.7745],[-9.0408,38.9202],[-9.2366,38.4174],[-8.7889,38.436],[-8.9908,36.99],[-7.4915,37.2082],[-6.8448,38.1002],[-7.3939,38.295],[-6.9334,38.9613],[-7.431,39.5205],[-6.8783,39.7024],[-6.8344,41.0605],[-6.1115,41.4175],[-6.7087,41.96],[-7.9186,41.8892],[-8.1573,42.087],[-8.8061,41.8892]]]},"properties":{"NAME":"Portugal","SUBJECTO":"Portugal","PARTOF":"Portugal","BORDERPRECISION":3,"LINK":null}},
{"type":"Feature","geometry":{"type":"Polygon","coordinates":[[[61.2213,35.5816],[60.4192,34.078],[60.8531,33.4838],[60.5401,32.9932],[60.7938,31.5789],[61.6936,31.2666],[61.7792,30.9052],[60.8205,29.8333],[62.6121,29.367],[65.6105,29.6128],[66.2016,29.8066],[66.3817,30.6901],[66.9208,31.2074],[67.6837,31.2244],[68.2427,31.7672],[69.0533,31.6258],[69.5079,32.9486],[70.2892,33.2831],[69.87,33.9408],[71.1535,34.1384],[71.0967,34.6204],[71.6589,35.1251],[71.3248,36.0516],[72.3727,36.7177],[73.7863,36.7269],[74.5205,37.0046],[74.3884,37.1704],[74.7333,37.2094],[73.0472,37.3283],[71.5245,36.7143],[71.4441,37.834],[70.7188,38.3649],[70.2214,37.528],[69.567,37.5053],[69.3078,37.0837],[68.7065,37.1822],[67.9654,36.8344],[67.5153,37.2138],[65.7247,37.4903],[64.826,37.1479],[64.4945,36.2806],[63.1166,35.7894],[62.6776,35.2655],[61.2213,35.5816]]]},"properties":{"NAME":"Afghanistan","SUBJECTO":"Afghanistan","PARTOF":"Afghanistan","BORDERPRECISION":3,"LINK":null}},
{"type":"Feature","geometry":{"type":"MultiPolygon","coordinates":[[[[100.1587,6.3401],[100.6643,3.9037],[101.2643,3.2252],[101.3364,2.7805],[103.3491,1.4124],[104.1756,1.3887],[103.3511,2.804],[103.3418,4.8054],[102.0738,6.1542],[101.7626,5.5862],[101.4729,5.5463],[101.3117,5.8346],[101.0764,5.5313],[100.6174,6.4223],[100.1587,6.3401]]],[[[114.0737,4.455],[112.7592,3.0086],[111.3718,2.5989],[110.8934,1.5113],[111.1199,1.2703],[109.5175,1.8205],[109.6475,1.4643],[110.5486,0.726],[110.9659,0.9128],[111.562,0.7638],[112.4,1.4298],[113.5473,1.1316],[114.4847,1.4613],[115.0763,2.3991],[115.0419,2.7357],[115.53,3.1707],[115.7068,4.1567],[117.5587,3.9807],[118.1124,4.1448],[118.3912,4.3742],[117.9484,4.7989],[119.0426,5.1698],[118.377,5.6385],[117.7616,5.58],[117.8665,5.9043],[117.3701,5.7889],[117.5071,6.3928],[116.5956,6.8991],[115.7173,5.4676],[115.2917,5.454],[115.3614,4.8759],[114.9615,4.8765],[115.1613,4.3094],[114.4337,3.9983],[114.0737,4.455]]]]},"properties":{"NAME":"Malaya","SUBJECTO":"Malaya","PARTOF":"Malaya","BORDERPRECISION":3,"LINK":null}},
{"type":"Feature","geometry":{"type":"Polygon","coordinates":[[[81.0213,30.2465],[80.4129,29.7852],[80.0983,28.9519],[80.9056,28.4927],[82.8118,27.5382],[83.8743,27.382],[84.6477,27.3746],[84.6664,27.0695],[85.3714,26.757],[85.7754,26.8537],[85.9005,26.5933],[87.0494,26.6008],[87.3493,26.385],[88.0922,26.4445],[88.2319,26.757],[88.1973,27.8758],[87.2144,27.8433],[86.7872,28.1335],[86.4457,27.9475],[86.1379,28.1186],[86.0357,27.9103],[85.7292,28.3418],[85.1442,28.3418],[85.2166,28.6394],[84.9203,28.5352],[84.267,28.937],[84.0884,29.309],[83.6978,29.1825],[82.2009,30.0903],[82.1417,30.3656],[81.4487,30.4028],[81.264,30.0307],[81.0213,30.2465]]]},"properties":{"NAME":"Nepal","SUBJECTO":"Nepal","PARTOF":"Nepal","BORDERPRECISION":3,"LINK":null}},
{"type":"Feature","geometry":{"type":"Polygon","coordinates":[[[-61.1142,10.8217],[-61.8091,10.725],[-61.6531,10.2786],[-62.0388,10.0575],[-61.2067,10.1182],[-61.1142,10.8217]]]},"properties":{"NAME":"Trinidad","SUBJECTO":"Trinidad","PARTOF":"Trinidad","BORDERPRECISION":3,"LINK":null}},
{"type":"Feature","geometry":{"type":"Polygon","coordinates":[[[114.9615,4.8765],[114.7452,4.9844],[114.0737,4.455],[114.4337,3.9983],[115.1613,4.3094],[114.9615,4.8765]]]},"properties":{"NAME":"Brunei","SUBJECTO":"Brunei","PARTOF":"Brunei","BORDERPRECISION":3,"LINK":null}},
{"type":"Feature","geometry":{"type":"MultiPolygon","coordinates":[[[[-76.1329,44.3267],[-74.7824,45.0122],[-71.5346,44.9586],[-71.2929,45.3232],[-70.5894,45.2946],[-69.0491,47.4644],[-67.7769,47.1645],[-67.594,45.669],[-67.1868,45.2523],[-66.4035,45.1078],[-66.1525,45.3788],[-65.7597,45.2945],[-64.7238,45.6682],[-64.7009,46.0845],[-64.2598,45.8431],[-64.9201,45.3668],[-64.5586,45.4572],[-63.3775,45.3849],[-64.1406,45.0536],[-64.4579,45.3909],[-66.193,44.4892],[-65.8408,44.6152],[-66.1895,44.1413],[-65.4671,43.518],[-64.2823,44.3032],[-64.3058,44.6152],[-63.8878,44.7292],[-63.5589,44.5132],[-60.9584,45.3005],[-61.9398,45.9215],[-62.7261,45.6802],[-64.5348,46.2717],[-64.8422,47.1242],[-65.3896,47.1303],[-64.6579,47.7785],[-65.6123,47.6634],[-66.4715,48.0994],[-65.2131,48.1214],[-64.2509,48.5545],[-64.3205,48.9467],[-64.9524,49.2073],[-68.3413,48.5465],[-71.0392,46.7359],[-69.5071,48.4592],[-68.307,49.2269],[-67.3177,49.4253],[-66.3727,50.3139],[-61.6402,50.2769],[-59.7155,50.5115],[-58.5243,51.3795],[-56.9641,51.4884],[-55.8236,52.021],[-56.1097,52.6052],[-55.7798,53.2387],[-56.6493,53.6576],[-57.1308,53.483],[-57.5611,54.1307],[-60.246,53.2768],[-59.9915,53.8049],[-57.4329,54.5799],[-59.6938,55.1537],[-60.5745,55.071],[-60.4683,55.659],[-62.2856,56.6937],[-61.3606,56.7772],[-61.3506,57.002],[-62.186,57.4372],[-61.8881,57.725],[-62.999,58.3744],[-63.0057,58.8145],[-64.3706,60.0144],[-64.6706,60.1809],[-65.5517,59.7142],[-65.2626,59.3482],[-65.9291,58.4238],[-66.4746,58.808],[-66.8209,58.3877],[-68.0046,58.1657],[-68.5694,58.7833],[-69.8942,58.6845],[-69.3647,59.0506],[-69.5363,60.9892],[-70.0283,60.8832],[-71.6734,61.2657],[-73.3946,62.355],[-75.3559,62.1816],[-77.3616,62.5175],[-78.0049,62.0989],[-77.4622,61.4726],[-78.1765,60.7418],[-77.3885,60.6943],[-77.2148,59.7475],[-78.4688,58.7095],[-76.7724,57.6625],[-76.4629,56.5714],[-77.2338,55.6065],[-79.5451,54.6919],[-78.7579,53.7488],[-78.491,52.2561],[-78.8227,51.1614],[-79.2762,51.6042],[-79.5943,51.2658],[-79.3385,50.843],[-80.3613,51.304],[-80.8771,51.9062],[-81.7474,52.1701],[-82.3412,52.9808],[-82.2021,54.9689],[-84.4684,55.1669],[-87.4672,55.912],[-90,57.1779],[-92.4831,56.9767],[-93.0742,58.551],[-94.6838,58.8785],[-94.376,60.7951],[-93.3246,61.5411],[-93.4226,61.858],[-91.8909,62.6036],[-92.4553,62.7941],[-90,62.9462],[-90,63.3024],[-92.351,63.5848],[-93.3169,63.9736],[-89.8704,63.5752],[-89.9727,64.1905],[-88.3771,64.0573],[-87.1573,65.0596],[-88.9044,65.3252],[-90,65.9736],[-87.5498,65.3495],[-85.9871,66.1628],[-86.739,66.5651],[-83.7405,66.3063],[-85.0216,66.9441],[-84.7139,67.0703],[-83.1387,66.3735],[-82.33,66.6396],[-81.295,67.4987],[-82.6873,68.6975],[-81.583,68.602],[-81.4799,69.1886],[-85.1134,69.8171],[-85.4207,69.2944],[-84.6246,68.7539],[-85.3998,68.76],[-86.4884,67.3778],[-87.3254,67.1689],[-88.4815,67.991],[-88.3711,68.3123],[-87.8615,68.2834],[-88.0974,68.8526],[-89.1404,69.2347],[-90,68.3691],[-90,69.489],[-92.6712,69.7424],[-91.6577,70.2858],[-93.0995,70.9688],[-93.2712,71.5585],[-95.2458,71.875],[-95.4304,71.2512],[-96.1316,71.3353],[-96.6592,70.9312],[-95.9467,70.5699],[-96.4226,70.093],[-92.9925,69.5146],[-92.9561,69.0843],[-94.3425,69.1119],[-94.5831,68.8781],[-93.6358,68.925],[-93.4141,68.5425],[-95.3225,68.0603],[-95.2587,67.0284],[-96.2596,67.3151],[-96.2079,68.0736],[-97.5718,68.3699],[-98.4071,68.159],[-97.1586,67.9674],[-97.2607,67.5951],[-98.3549,67.9353],[-101.913,67.7053],[-105.912,68.3394],[-107.662,67.9626],[-107.1282,66.9618],[-107.5276,66.563],[-108.4852,67.0701],[-108.095,67.3596],[-110.1334,67.9058],[-112.5025,67.693],[-115.5617,67.8957],[-115.4021,68.2169],[-114.1087,68.3465],[-114.8315,68.7651],[-117.8323,69.0078],[-122.3261,69.8845],[-124.2253,69.4034],[-124.9893,69.8947],[-125.4546,69.3331],[-128.4159,70.6863],[-127.9398,70.0799],[-131.673,69.2762],[-132.7133,68.8671],[-132.6904,68.4616],[-133.7196,68.9179],[-133.4132,69.137],[-129.8495,70.1507],[-131.0591,70.1583],[-133.6476,69.5069],[-135.4392,69.5263],[-136.044,69.336],[-135.6102,68.7038],[-141.0593,69.5955],[-140.9155,64.7677],[-140.807,60.263],[-139.0051,60.2584],[-137.2233,58.8822],[-135.8548,59.6463],[-135.2577,59.6703],[-131.7249,56.6052],[-130.1064,55.9926],[-130.0027,55.2885],[-130.2989,54.5476],[-130.0036,53.938],[-129.4339,53.5175],[-128.8141,53.7639],[-128.0596,52.4995],[-127.0373,52.4636],[-128.0129,51.8082],[-127.353,51.637],[-127.6273,51.1328],[-126.4253,51.0888],[-126.0859,50.7125],[-124.9392,50.5958],[-124.795,50.0353],[-124.4706,49.8125],[-123.9765,49.971],[-123.6986,49.5254],[-123.212,49.6247],[-122.9003,49.0672],[-115.1646,49.0562],[-108.0673,49.0615],[-98.2009,49.0488],[-94.8198,49.0507],[-94.8273,49.4876],[-94.0877,48.7775],[-92.839,48.5151],[-92.5561,48.2215],[-91.6821,48.0387],[-90,48.2485],[-90,47.9723],[-89.622,47.9684],[-88.43,48.825],[-88.5583,48.442],[-88.1695,48.6364],[-88.095,49.0046],[-86.4802,48.7632],[-85.9412,48.0482],[-84.8935,47.8599],[-84.7384,46.9526],[-84.3724,46.8724],[-84.7436,46.4684],[-83.8207,46.1504],[-80.7579,45.9699],[-79.6759,44.8668],[-80.0808,44.8238],[-80.0713,44.52],[-80.9072,44.6015],[-81.3023,45.2195],[-81.698,45.2461],[-81.297,44.7131],[-81.8079,43.3176],[-82.2978,43.0287],[-83.056,42.027],[-82.5347,41.9403],[-81.4395,42.5871],[-80.0876,42.543],[-80.395,42.6565],[-79.0502,42.8523],[-79.14,43.2221],[-79.8961,43.2824],[-79.1529,43.7724],[-77.6228,44.0102],[-77.1754,43.8433],[-76.8808,44.0927],[-77.5398,44.0906],[-76.1329,44.3267]]],[[[-98.8779,68.8851],[-96.4728,68.5143],[-95.5146,68.8087],[-97.7416,69.8316],[-99.365,68.9745],[-98.8779,68.8851]]],[[[-101.4063,72.2948],[-98.7181,71.3538],[-98.0039,71.5497],[-98.484,71.8924],[-97.0552,71.7153],[-96.4346,72.6984],[-98.3937,73.1306],[-97.3471,73.8911],[-100.934,73.8603],[-99.963,73.1674],[-100.8349,72.7455],[-102.2792,73.1472],[-102.6687,72.8528],[-101.4063,72.2948]]],[[[-95.4931,73.6143],[-94.5424,72.1898],[-93.6393,72.5299],[-94.2658,72.8527],[-92.0006,72.8411],[-90,73.5908],[-90,73.9998],[-94.8682,74.1368],[-95.4931,73.6143]]],[[[-125.6454,49.0562],[-124.999,49.1689],[-125.0978,48.7954],[-123.902,48.4706],[-123.5934,48.6347],[-123.8614,49.158],[-124.8808,49.5755],[-125.7186,50.4094],[-128.4328,50.8269],[-125.6454,49.0562]]],[[[-132.3785,53.987],[-133.0967,54.0191],[-132.5688,53.2795],[-132.0898,53.3988],[-131.8942,53.8942],[-132.3785,53.987]]],[[[-111.7255,72.3306],[-111.6408,72.7253],[-112.8389,72.9527],[-114.4727,72.6251],[-114.647,73.3549],[-118.3988,72.4757],[-118.9684,71.9088],[-117.4908,71.4976],[-115.517,71.4234],[-118.4988,71.0528],[-117.7607,70.7217],[-113.7641,70.7369],[-111.5437,70.3254],[-117.1929,70.123],[-116.6562,69.5159],[-113.7168,69.204],[-113.1522,68.5956],[-109.2094,68.8132],[-106.5924,69.4968],[-104.1878,68.8978],[-102.2779,68.954],[-101.8037,69.2413],[-102.198,69.4823],[-103.2675,69.3291],[-103.3613,69.6391],[-102.2395,69.8763],[-100.9671,69.6284],[-101.0552,70.0308],[-104.5946,71.0479],[-105.3126,72.6501],[-106.5232,73.1949],[-108.1815,73.3829],[-107.5273,72.0164],[-108.0605,71.7571],[-109.8335,72.9504],[-110.5246,72.9967],[-110.0794,72.5622],[-111.7255,72.3306]]],[[[-125.1892,71.9285],[-122.5744,71.146],[-121.9362,71.5048],[-120.8435,71.5303],[-120.4536,72.2985],[-115.6537,73.6325],[-117.3362,74.1673],[-119.5574,74.1631],[-121.2387,74.58],[-124.9093,74.4437],[-124.0103,73.721],[-125.9037,72.1546],[-125.1892,71.9285]]],[[[-114.3724,76.4696],[-116.2964,76.2378],[-115.1503,75.7568],[-117.3966,75.4071],[-115.1859,75.1543],[-111.1497,75.3525],[-111.3673,75.1037],[-114.2173,74.8446],[-113.4428,74.546],[-112.2028,74.4998],[-109.0703,75.1329],[-106.0312,75.1056],[-105.498,75.8466],[-106.59,76.1299],[-106.6915,75.7607],[-108.1633,76.0092],[-108.965,76.871],[-110.3825,76.4349],[-109.1026,75.8481],[-109.6459,75.6382],[-111.3856,75.6599],[-114.3724,76.4696]]],[[[-122.6358,76.2764],[-120.0999,75.9781],[-118.736,76.9377],[-117.413,76.43],[-115.6824,77.3812],[-116.3591,77.5784],[-119.6956,77.3133],[-122.6358,76.2764]]],[[[-113.1602,77.7925],[-112.7644,77.5507],[-110.6197,77.5375],[-109.6612,77.9499],[-112.3957,78.0028],[-113.1602,77.7925]]],[[[-103.5125,78.2732],[-101.1679,78.2689],[-100.1998,77.8172],[-99.0494,77.9411],[-100.1632,78.7725],[-104.4411,79.4588],[-105.481,79.2242],[-103.3776,78.6074],[-104.9661,78.5339],[-103.5125,78.2732]]],[[[-60.6271,47.1329],[-61.3806,46.3314],[-61.2485,45.7928],[-60.8141,45.6444],[-59.8072,46.0812],[-60.169,46.3143],[-60.7613,45.8911],[-61.072,45.9878],[-60.2598,46.9383],[-60.6271,47.1329]]],[[[-57.8142,49.2015],[-58.392,49.0368],[-58.6805,48.7026],[-58.1395,48.5991],[-59.2345,48.0417],[-59.1566,47.6701],[-54.7826,47.7112],[-55.9039,47.064],[-55.4079,46.9479],[-54.2114,47.8036],[-53.8963,47.5565],[-54.0824,46.9895],[-53.6437,47.1792],[-53.6249,46.8863],[-53.0696,46.7313],[-52.7352,47.5457],[-53.0958,47.5515],[-53.3556,47.9488],[-53.5768,47.7397],[-53.8817,48.1893],[-53.1239,48.5958],[-53.7626,48.5226],[-54.1296,48.8357],[-53.5091,49.2819],[-54.4811,49.5027],[-55.1073,49.2788],[-55.9684,49.6571],[-55.5654,49.9661],[-56.0671,50.1033],[-56.7326,49.6884],[-55.4716,51.5245],[-56.3755,51.3836],[-57.3556,50.5952],[-58.1277,49.4956],[-57.8142,49.2015]]],[[[-87.0529,63.752],[-87.1012,63.5447],[-85.6007,63.7476],[-85.1568,63.1847],[-83.4958,63.7444],[-83.4259,64.1741],[-82.0005,63.6328],[-80.696,63.4996],[-80.1794,63.722],[-81.8721,63.9907],[-82.1096,64.6436],[-84.1224,65.3414],[-84.8423,65.202],[-85.5575,65.8636],[-86.0611,64.1405],[-87.0529,63.752]]],[[[-76.7942,68.1472],[-77.0648,67.3287],[-75.7704,67.3015],[-75.1195,68.113],[-75.8847,68.3431],[-76.7942,68.1472]]],[[[-71.2581,63.5673],[-71.6217,63.2101],[-70.6739,62.8622],[-65.9403,61.79],[-68.8786,63.7503],[-67.6816,63.4527],[-67.7657,63.8025],[-64.7678,62.4774],[-65.2507,63.8716],[-64.4154,63.245],[-64.4739,63.7443],[-65.4232,64.2652],[-65.0418,64.4095],[-66.1925,64.8894],[-66.5977,64.7662],[-68.3757,66.2837],[-67.3055,65.9343],[-67.7491,66.4757],[-66.9128,66.5949],[-65.0338,65.9532],[-64.8437,65.3776],[-64.4253,65.502],[-63.5406,64.9953],[-63.3809,65.927],[-62.8448,65.6143],[-62.0683,65.9368],[-62.6551,66.3385],[-61.4948,66.3406],[-61.2106,66.635],[-62.0961,67.0166],[-63.1649,66.926],[-62.9914,67.1774],[-64.6138,67.1153],[-63.933,67.4126],[-64.8289,67.9533],[-66.7447,67.9273],[-67.0316,68.3073],[-68.6653,68.7161],[-67.9797,68.9879],[-68.3907,69.3337],[-66.6681,69.1861],[-68.2072,69.591],[-67.0443,69.7977],[-67.3307,70.0327],[-68.0208,70.2994],[-69.4627,69.9601],[-68.4694,70.5597],[-69.0916,70.782],[-70.2929,70.6179],[-70.6666,71.0805],[-71.8815,70.9312],[-71.664,71.5133],[-72.5346,71.6285],[-73.2752,71.1608],[-73.886,71.665],[-75.0015,71.4526],[-74.3127,72.0394],[-75.6319,72.6109],[-77.896,72.7014],[-78.6625,71.8747],[-79.3296,72.3676],[-80.8631,72.0115],[-80.4887,73.037],[-81.9064,73.7517],[-84.5055,73.4911],[-83.8848,73.0704],[-85.5057,72.9404],[-84.2893,72.2561],[-85.6025,72.0104],[-84.4884,71.3493],[-84.7826,71.0617],[-85.891,71.1217],[-85.2431,71.4645],[-86.8554,72.8587],[-85.2542,73.7775],[-87.7426,73.7327],[-89.6386,72.7823],[-89.9972,71.5413],[-87.1688,71.0186],[-89.1498,70.9685],[-88.4322,70.4608],[-86.5369,70.5336],[-85.9839,70.1126],[-81.8072,69.9827],[-80.8294,69.7114],[-81.0128,70.1831],[-79.8256,69.9181],[-78.7129,70.0114],[-80.6605,70.7526],[-79.1011,70.6553],[-75.5517,69.2223],[-76.6426,69.0319],[-76.5464,68.7314],[-74.7523,69.043],[-72.354,67.5303],[-73.036,66.6423],[-74.3333,66.1626],[-73.4942,65.405],[-75.3676,65.2634],[-75.3559,64.9155],[-76.0215,65.2621],[-77.3584,65.3759],[-78.1034,64.5072],[-75.9355,64.2671],[-75.4518,64.5481],[-74.5011,64.3918],[-74.2555,64.7662],[-73.1636,64.574],[-72.73,64.015],[-71.2581,63.5673]]],[[[-89.8017,75.9182],[-91.1564,75.9743],[-90,76.1847],[-90,76.5908],[-93.0849,76.527],[-91.8668,74.7889],[-91.054,74.9773],[-89.6981,74.6146],[-88.3902,74.9905],[-88.1436,74.569],[-86.3057,74.621],[-86.2116,74.8157],[-84.5679,74.6161],[-83.581,74.699],[-83.4487,75.0823],[-82.373,74.5555],[-80.3493,74.6159],[-79.5766,75.3957],[-81.5316,75.8585],[-83.5587,75.9049],[-86.179,75.4081],[-87.6377,75.7049],[-88.7627,75.4198],[-89.8017,75.9182]]],[[[-88.6398,82.0738],[-91.2186,81.8373],[-89.2355,80.8636],[-85.811,81.3945],[-85.5038,80.6181],[-78.9623,81.0342],[-77.5209,80.7499],[-81.7187,80.3854],[-82.2626,80.051],[-80.7316,79.6585],[-83.6184,80.2067],[-86.1701,80.279],[-85.693,79.7192],[-81.5972,78.7546],[-85.8068,78.9062],[-86.9172,78.2452],[-84.8434,78.1596],[-84.8683,77.7077],[-83.0486,77.6312],[-83.3188,77.374],[-84.9299,77.3451],[-87.8125,77.8756],[-87.0992,77.2807],[-89.247,76.9768],[-89.4181,76.6103],[-88.5888,76.4678],[-88.1834,76.7401],[-85.0371,76.4069],[-84.6219,76.8917],[-83.088,76.4783],[-82.5719,76.7763],[-81.3823,76.6511],[-80.8135,76.2377],[-78.2123,76.5468],[-77.8243,76.8876],[-82.1024,77.3161],[-81.1003,77.5765],[-78.8554,77.3738],[-78.3668,78.0329],[-76.2906,78.0107],[-74.9631,79.1223],[-77.2992,79.2856],[-77.2388,79.5827],[-73.6739,79.5177],[-74.2455,80.0427],[-71.4545,79.8458],[-70.4205,80.0504],[-70.5111,80.5454],[-65.2998,81.4584],[-65.5879,81.705],[-67.5164,81.5873],[-67.5852,81.9613],[-63.9206,82.0112],[-61.8163,82.473],[-70.5843,83.176],[-70.8996,82.8109],[-73.3612,83.103],[-73.2534,82.7729],[-76.3821,83.1519],[-75.9249,82.5174],[-78.6985,83.0025],[-81.5226,82.6893],[-80.0924,81.9659],[-84.9466,82.3795],[-86.6818,81.9937],[-88.6398,82.0738]]],[[[-100.6194,75.7889],[-100.3871,75.1824],[-98.1638,75.0957],[-97.6513,76.1384],[-98.6148,76.6778],[-98.9029,76.4144],[-100.6937,76.6059],[-100.0738,76.0162],[-101.7463,76.5445],[-102.5336,75.7686],[-100.6194,75.7889]]],[[[-96.7231,77.0224],[-95.7241,76.4712],[-93.9376,76.3985],[-94.1951,76.8991],[-96.7231,77.0224]]],[[[-97.3098,78.8222],[-98.4372,78.6609],[-96.602,77.9981],[-95.097,78.4384],[-97.3098,78.8222]]],[[[-88.3729,80.226],[-93.4347,81.4398],[-95.5804,80.3862],[-94.675,80.1165],[-96.4334,79.9334],[-95.0394,79.3962],[-93.1776,79.5342],[-90,79.1261],[-94.1893,79.1478],[-91.4238,78.305],[-90,78.2627],[-90,78.6241],[-88.9447,78.3624],[-88.6607,78.9007],[-87.7873,78.7255],[-87.1654,79.1256],[-85.2532,79.2592],[-86.9967,79.4453],[-88.1504,80.4601],[-88.3729,80.226]]]]},"properties":{"NAME":"Canada","SUBJECTO":"Canada","PARTOF":"Canada","BORDERPRECISION":3,"LINK":null}},
{"type":"Feature","geometry":{"type":"MultiPolygon","coordinates":[[[[5.8235,49.5071],[4.8599,49.7822],[4.8654,50.1337],[4.1563,49.9658],[4.2196,50.2422],[3.3703,50.4646],[3.1228,50.8071],[2.7555,50.7392],[2.5221,51.0911],[1.5889,50.8219],[1.552,50.2288],[0.1894,49.681],[0.0329,49.3337],[-1.1771,49.3325],[-1.251,49.6999],[-1.9413,49.7093],[-1.4566,48.6836],[-2.6364,48.552],[-3.0912,48.8716],[-4.762,48.552],[-4.7796,48.3548],[-4.3502,48.3905],[-4.588,48.2515],[-4.3129,48.1013],[-4.6754,48.0169],[-2.4655,47.4944],[-1.0752,46.0146],[-1.2474,45.6881],[-0.7285,45.0186],[-1.1752,45.5005],[-1.1358,44.6001],[-1.9146,43.3054],[-0.1656,42.6488],[0.7442,42.7719],[1.4482,42.3755],[3.0871,42.3686],[3.0679,42.9446],[3.8075,43.4672],[5.8286,43.0208],[6.523,43.1509],[7.3971,43.7641],[6.8857,43.9015],[6.9426,44.8687],[5.8234,45.3962],[5.9415,46.1755],[6.9219,47.5141],[7.5066,47.6037],[8.1583,48.9783],[6.9544,49.2017],[6.433,49.4453],[5.8235,49.5071]]],[[[9.4322,42.7941],[9.3032,42.9832],[9.2377,42.664],[8.5004,42.3598],[8.7269,41.5606],[9.173,41.3499],[9.4322,42.7941]]]]},"properties":{"NAME":"France","SUBJECTO":"France","PARTOF":"France","BORDERPRECISION":3,"LINK":null}},
{"type":"Feature","geometry":{"type":"MultiPolygon","coordinates":[[[[14.0764,42.6338],[13.4147,42.3644],[13.5973,41.7998],[13.9294,41.75],[13.7605,41.2067],[14.0509,40.7675],[14.4946,40.73],[14.3341,40.5936],[14.951,40.5515],[14.8987,40.2415],[15.6662,40.0919],[16.2122,38.778],[15.6266,38.2331],[15.7852,37.9097],[16.572,38.4571],[16.6133,38.8273],[17.1807,39.0222],[17.1491,39.4218],[16.5321,39.6975],[16.9487,40.4811],[17.8496,40.2435],[18.3649,39.7467],[18.5226,40.0941],[18.0339,40.5967],[15.991,41.4061],[16.1874,41.8409],[14.9224,41.9718],[14.0764,42.6338]]],[[[14.9424,36.7386],[15.3013,37.0579],[15.1122,37.459],[15.3867,38.2055],[13.8095,37.9664],[13.3225,38.2205],[12.5166,37.9192],[12.6369,37.5815],[14.9424,36.7386]]]]},"properties":{"NAME":"Kingdom of the Two Sicilies","SUBJECTO":"Kingdom of the Two Sicilies","PARTOF":"Kingdom of the Two Sicilies","BORDERPRECISION":3,"LINK":null}},
{"type":"Feature","geometry":{"type":"Polygon","coordinates":[[[8.1583,48.9783],[8.3104,49.5531],[7.6448,49.9796],[6.9993,49.6568],[6.9544,49.2017],[8.1583,48.9783]]]},"properties":{"NAME":"Palatinate","SUBJECTO":"Palatinate","PARTOF":"Palatinate","BORDERPRECISION":3,"LINK":null}},
{"type":"Feature","geometry":{"type":"Polygon","coordinates":[[[8.5943,47.8894],[8.6121,48.2312],[8.2906,48.3518],[8.5121,48.1123],[8.5943,47.8894]]]},"properties":{"NAME":"Hohenzollern","SUBJECTO":"Hohenzollern","PARTOF":"Hohenzollern","BORDERPRECISION":3,"LINK":null}},
{"type":"Feature","geometry":{"type":"Polygon","coordinates":[[[7.5066,47.6037],[8.6351,47.7786],[8.5943,47.8894],[8.5121,48.1123],[8.3969,47.9106],[8.0223,48.4581],[9.6378,49.2939],[9.5964,49.6482],[9.0751,49.3772],[8.3104,49.5531],[8.1583,48.9783],[7.5066,47.6037]]]},"properties":{"NAME":"Baden","SUBJECTO":"Baden","PARTOF":"Baden","BORDERPRECISION":3,"LINK":null}},
{"type":"Feature","geometry":{"type":"Polygon","coordinates":[[[15.0093,51.0556],[14.6401,51.4482],[13.1148,51.6357],[12.0647,51.5107],[12.0647,51.0231],[12.3772,50.8106],[11.8424,50.3274],[12.2523,50.2159],[14.2617,51.0447],[14.7648,50.8653],[15.0093,51.0556]]]},"properties":{"NAME":"Saxony","SUBJECTO":"Saxony","PARTOF":"Saxony","BORDERPRECISION":3,"LINK":null}},
{"type":"Feature","geometry":{"type":"Polygon","coordinates":[[[9.9105,50.5017],[10.187,50.251],[10.2331,50.493],[9.9105,50.5017]]]},"properties":{"NAME":"Prussia","SUBJECTO":"Prussia","PARTOF":"Prussia","BORDERPRECISION":3,"LINK":null}},
{"type":"Feature","geometry":{"type":"Polygon","coordinates":[[[11.2583,50.6987],[11.4482,50.4973],[11.4271,50.6549],[11.2583,50.6987]]]},"properties":{"NAME":"Prussia","SUBJECTO":"Prussia","PARTOF":"Prussia","BORDERPRECISION":3,"LINK":null}},
{"type":"Feature","geometry":{"type":"MultiPolygon","coordinates":[[[[10.8935,53.8844],[10.7227,53.6108],[10.9132,53.4316],[10.9604,53.8984],[10.8935,53.8844]]],[[[12.8357,52.9417],[13.2559,52.6184],[13.062,52.9902],[13.5307,53.0871],[13.8055,53.6044],[13.2559,53.5721],[12.8357,52.9417]]]]},"properties":{"NAME":"Mecklenburg-Strelitz","SUBJECTO":"Mecklenburg-Strelitz","PARTOF":"Mecklenburg-Strelitz","BORDERPRECISION":3,"LINK":null}},
{"type":"Feature","geometry":{"type":"Polygon","coordinates":[[[8.3104,49.5531],[9.0751,49.3772],[8.8236,50.2293],[8.4152,50.0774],[7.737,50.1409],[7.6448,49.9796],[8.3104,49.5531]]]},"properties":{"NAME":"Grand Duchy of Hesse","SUBJECTO":"Grand Duchy of Hesse","PARTOF":"Grand Duchy of Hesse","BORDERPRECISION":3,"LINK":null}},
{"type":"Feature","geometry":{"type":"Polygon","coordinates":[[[8.4152,50.0774],[8.3642,50.1462],[8.402,50.2719],[8.3655,50.6386],[8.1689,50.7972],[7.7351,50.6618],[7.737,50.1409],[8.4152,50.0774]]]},"properties":{"NAME":"Nassau","SUBJECTO":"Nassau","PARTOF":"Nassau","BORDERPRECISION":3,"LINK":null}},
{"type":"Feature","geometry":{"type":"Polygon","coordinates":[[[8.402,50.2719],[8.4123,50.6105],[8.3655,50.6386],[8.402,50.2719]]]},"properties":{"NAME":"Wetzlar","SUBJECTO":"Wetzlar","PARTOF":"Wetzlar","BORDERPRECISION":3,"LINK":null}},
{"type":"Feature","geometry":{"type":"Polygon","coordinates":[[[8.5347,51.079],[8.756,50.8157],[8.8637,51.2569],[8.7714,51.4929],[8.5347,51.079]]]},"properties":{"NAME":"Waldeck","SUBJECTO":"Waldeck","PARTOF":"Waldeck","BORDERPRECISION":3,"LINK":null}},
{"type":"Feature","geometry":{"type":"Polygon","coordinates":[[[8.833,52.1598],[8.4892,51.8931],[8.6842,51.7084],[9.1729,51.6254],[9.1921,51.8007],[8.9458,51.7084],[8.833,52.1598]]]},"properties":{"NAME":"Lippe-Detmold","SUBJECTO":"Lippe-Detmold","PARTOF":"Lippe-Detmold","BORDERPRECISION":3,"LINK":null}},
{"type":"Feature","geometry":{"type":"Polygon","coordinates":[[[9.1729,51.6254],[9.1613,51.5442],[9.3511,51.5982],[10.1514,51.6365],[10.2108,51.6629],[9.1921,51.8007],[9.1729,51.6254]]]},"properties":{"NAME":"Brunswick","SUBJECTO":"Brunswick","PARTOF":"Brunswick","BORDERPRECISION":3,"LINK":null}},
{"type":"Feature","geometry":{"type":"Polygon","coordinates":[[[10.1617,51.4724],[10.4696,51.4892],[10.55,51.575],[10.1802,51.5964],[10.1617,51.4724]]]},"properties":{"NAME":"Brunswick","SUBJECTO":"Brunswick","PARTOF":"Brunswick","BORDERPRECISION":3,"LINK":null}},
{"type":"Feature","geometry":{"type":"Polygon","coordinates":[[[10.4696,51.4892],[10.9727,51.5843],[10.55,51.575],[10.4696,51.4892]]]},"properties":{"NAME":"Anhalt","SUBJECTO":"Anhalt","PARTOF":"Anhalt","BORDERPRECISION":3,"LINK":null}},
{"type":"Feature","geometry":{"type":"Polygon","coordinates":[[[10.9132,53.4316],[11.0807,52.971],[11.7526,53.3458],[12.8357,52.9417],[13.2559,53.5721],[12.771,53.7014],[12.9003,54.0247],[12.4625,54.2548],[10.9604,53.8984],[10.9132,53.4316]]]},"properties":{"NAME":"Mecklenburg-Schwerin","SUBJECTO":"Mecklenburg-Schwerin","PARTOF":"Mecklenburg-Schwerin","BORDERPRECISION":3,"LINK":null}},
{"type":"Feature","geometry":{"type":"MultiPolygon","coordinates":[[[[12.0647,51.0231],[11.9508,50.8588],[11.5933,51.194],[10.8,51.1605],[10.8224,50.6912],[10.5989,51.0599],[9.9286,51.1046],[9.694,50.5049],[10.1803,49.961],[10.8683,49.961],[11.0361,50.531],[11.3062,50.1904],[11.8424,50.3274],[12.3772,50.8106],[12.0647,51.0231]],[[9.9105,50.5017],[10.2331,50.493],[10.187,50.251],[9.9105,50.5017]],[[11.2583,50.6987],[11.4271,50.6549],[11.4482,50.4973],[11.2583,50.6987]]],[[[10.3371,51.3491],[10.2482,51.1504],[10.8284,51.2412],[10.3371,51.3491]]]]},"properties":{"NAME":"Thuringia","SUBJECTO":"Thuringia","PARTOF":"Thuringia","BORDERPRECISION":3,"LINK":null}},
{"type":"Feature","geometry":{"type":"Polygon","coordinates":[[[10.8935,53.8844],[10.8837,53.8824],[10.6618,53.6852],[10.7227,53.6108],[10.8935,53.8844]]]},"properties":{"NAME":"Lübeck","SUBJECTO":"Lübeck","PARTOF":"Lübeck","BORDERPRECISION":3,"LINK":null}},
{"type":"Feature","geometry":{"type":"Polygon","coordinates":[[[10.8837,53.8824],[10.7709,53.9309],[10.5842,54.1249],[10.5768,53.8854],[10.6618,53.6852],[10.8837,53.8824]]]},"properties":{"NAME":"Oldenburg","SUBJECTO":"Oldenburg","PARTOF":"Oldenburg","BORDERPRECISION":3,"LINK":null}},
{"type":"Feature","geometry":{"type":"Polygon","coordinates":[[[9.3511,51.5982],[9.6487,51.3082],[10.1617,51.4724],[10.1802,51.5964],[10.1514,51.6365],[9.3511,51.5982]]]},"properties":{"NAME":"Hanover","SUBJECTO":"Hanover","PARTOF":"Hanover","BORDERPRECISION":3,"LINK":null}},
{"type":"Feature","geometry":{"type":"Polygon","coordinates":[[[8.3642,50.1462],[9.078,50.5834],[8.4123,50.6105],[8.402,50.2719],[8.3642,50.1462]]]},"properties":{"NAME":"Grand Duchy of Hesse","SUBJECTO":"Grand Duchy of Hesse","PARTOF":"Grand Duchy of Hesse","BORDERPRECISION":3,"LINK":null}},
{"type":"Feature","geometry":{"type":"Polygon","coordinates":[[[8.8236,50.2293],[9.694,50.5049],[9.9286,51.1046],[9.6487,51.3082],[9.3511,51.5982],[9.1613,51.5442],[8.8637,51.2569],[8.756,50.8157],[8.5347,51.079],[8.1689,50.7972],[8.3655,50.6386],[8.4123,50.6105],[9.078,50.5834],[8.3642,50.1462],[8.4152,50.0774],[8.8236,50.2293]]]},"properties":{"NAME":"Electoral Hesse","SUBJECTO":"Electoral Hesse","PARTOF":"Electoral Hesse","BORDERPRECISION":3,"LINK":null}},
{"type":"Feature","geometry":{"type":"Polygon","coordinates":[[[7.875,53.6337],[7.6578,52.7231],[7.9992,52.4438],[8.3199,52.3921],[8.6602,53.0265],[8.5578,53.1576],[8.5018,53.449],[8.189,53.5305],[8.175,53.3217],[7.875,53.6337]]]},"properties":{"NAME":"Oldenburg","SUBJECTO":"Oldenburg","PARTOF":"Oldenburg","BORDERPRECISION":3,"LINK":null}},
{"type":"Feature","geometry":{"type":"Polygon","coordinates":[[[8.6602,53.0265],[8.744,53.0852],[8.5578,53.1576],[8.6602,53.0265]]]},"properties":{"NAME":"Bremen","SUBJECTO":"Bremen","PARTOF":"Bremen","BORDERPRECISION":3,"LINK":null}},
{"type":"Feature","geometry":{"type":"Polygon","coordinates":[[[8.5162,53.761],[8.5619,53.7453],[8.5856,53.7931],[8.5162,53.761]]]},"properties":{"NAME":"Cuxhaven","SUBJECTO":"Cuxhaven","PARTOF":"Cuxhaven","BORDERPRECISION":3,"LINK":null}},
{"type":"Feature","geometry":{"type":"Polygon","coordinates":[[[8.884,54.2294],[10.1417,54.3368],[9.496,54.9383],[8.6161,54.8874],[8.9506,54.4186],[8.5807,54.1937],[8.884,54.2294]]]},"properties":{"NAME":"Schleswig","SUBJECTO":"Schleswig","PARTOF":"Schleswig","BORDERPRECISION":3,"LINK":null}},
{"type":"Feature","geometry":{"type":"Polygon","coordinates":[[[10.7227,53.6108],[10.6618,53.6852],[10.5768,53.8854],[9.943,53.5999],[10.1174,53.4764],[9.7523,53.5032],[9.125,53.7905],[8.5856,53.7931],[8.5619,53.7453],[8.5162,53.761],[8.5018,53.449],[8.5578,53.1576],[8.744,53.0852],[8.6602,53.0265],[8.3199,52.3921],[7.9992,52.4438],[7.6578,52.7231],[7.875,53.6337],[7.0373,53.5101],[7.228,52.9667],[6.7136,52.4757],[7.0682,52.2726],[7.6376,52.4882],[8.0788,52.0264],[8.4174,52.4471],[8.7868,52.365],[8.9048,52.3548],[8.8504,52.1948],[8.833,52.1598],[8.9458,51.7084],[9.1921,51.8007],[10.2108,51.6629],[10.5532,52.8035],[11.1142,52.7533],[11.0807,52.971],[10.9132,53.4316],[10.7227,53.6108]]]},"properties":{"NAME":"Hanover","SUBJECTO":"Hanover","PARTOF":"Hanover","BORDERPRECISION":3,"LINK":null}},
{"type":"Feature","geometry":{"type":"Polygon","coordinates":[[[10.7709,53.9309],[11.0386,54.3133],[10.1417,54.3368],[8.884,54.2294],[9.125,53.7905],[9.7523,53.5032],[9.943,53.5999],[10.5768,53.8854],[10.5842,54.1249],[10.7709,53.9309]]]},"properties":{"NAME":"Holstein","SUBJECTO":"Holstein","PARTOF":"Holstein","BORDERPRECISION":3,"LINK":null}},
{"type":"Feature","geometry":{"type":"Polygon","coordinates":[[[9.943,53.5999],[9.7523,53.5032],[10.1174,53.4764],[9.943,53.5999]]]},"properties":{"NAME":"Hamburg","SUBJECTO":"Hamburg","PARTOF":"Hamburg","BORDERPRECISION":3,"LINK":null}},
{"type":"Feature","geometry":{"type":"Polygon","coordinates":[[[11.0591,51.5575],[11.997,51.5947],[11.9932,52.0859],[11.0591,51.5575]]]},"properties":{"NAME":"Anhalt","SUBJECTO":"Anhalt","PARTOF":"Anhalt","BORDERPRECISION":3,"LINK":null}},
{"type":"Feature","geometry":{"type":"Polygon","coordinates":[[[8.7868,52.365],[8.8504,52.1948],[8.9048,52.3548],[8.7868,52.365]]]},"properties":{"NAME":"Schaumburg-Lippe","SUBJECTO":"Schaumburg-Lippe","PARTOF":"Schaumburg-Lippe","BORDERPRECISION":3,"LINK":null}},
{"type":"Feature","geometry":{"type":"Polygon","coordinates":[[[6.433,49.4453],[6.9544,49.2017],[6.9993,49.6568],[7.6448,49.9796],[7.737,50.1409],[7.7351,50.6618],[8.1689,50.7972],[8.5347,51.079],[8.7714,51.4929],[8.8637,51.2569],[9.1613,51.5442],[9.1729,51.6254],[8.6842,51.7084],[8.4892,51.8931],[8.833,52.1598],[8.8504,52.1948],[8.7868,52.365],[8.4174,52.4471],[8.0788,52.0264],[7.6376,52.4882],[7.0682,52.2726],[6.6804,51.8878],[5.9794,51.8035],[6.0102,50.7594],[6.1085,50.1175],[6.5309,49.7984],[6.433,49.4453]]]},"properties":{"NAME":"Prussia","SUBJECTO":"Prussia","PARTOF":"Prussia","BORDERPRECISION":3,"LINK":null}},
{"type":"Feature","geometry":{"type":"Polygon","coordinates":[[[-1.0813,32.4539],[0.8732,31.9859],[6.2692,31.8735],[8.0208,33.0203],[7.5306,33.8119],[8.291,34.7695],[8.272,36.3228],[8.6367,36.8853],[7.9132,36.7752],[7.307,37.0608],[6.923,36.8178],[6.3229,37.0906],[5.3827,36.6745],[3.7412,36.8369],[1.0576,36.4619],[-0.0917,35.7398],[-1.1467,35.6294],[-1.4951,35.2339],[-2.193,35.0542],[-1.7382,34.6051],[-1.6102,33.0485],[-1.0813,32.4539]]]},"properties":{"NAME":"Algiers","SUBJECTO":"Algiers","PARTOF":"Algiers","BORDERPRECISION":3,"LINK":null}},
{"type":"Feature","geometry":{"type":"Polygon","coordinates":[[[8.0208,33.0203],[10.4126,33.6311],[10.0195,34.0815],[11.1251,35.2406],[10.5115,36.0862],[11.0238,37.0683],[10.3928,36.7166],[10.0214,37.2001],[9.4161,37.2754],[8.6367,36.8853],[8.272,36.3228],[8.291,34.7695],[7.5306,33.8119],[8.0208,33.0203]]]},"properties":{"NAME":"Tunis","SUBJECTO":"Tunis","PARTOF":"Tunis","BORDERPRECISION":3,"LINK":null}},
{"type":"Feature","geometry":{"type":"Polygon","coordinates":[[[34.4638,9.7466],[38.9384,9.7197],[39.4561,10.3669],[38.8784,14.6235],[38.2548,14.3918],[37.7203,14.8017],[36.4767,14.2665],[36.2299,13.2489],[35.8795,13.1035],[35.1674,11.9462],[34.9,10.9827],[34.4262,10.728],[34.4638,9.7466]]]},"properties":{"NAME":"Ethiopia","SUBJECTO":"Ethiopia","PARTOF":"Ethiopia","BORDERPRECISION":3,"LINK":null}},
{"type":"Feature","geometry":{"type":"Polygon","coordinates":[[[23.1614,-9.9513],[24.3143,-9.9974],[24.9138,-9.7207],[25.4211,-8.5217],[25.3289,-7.9222],[25.0522,-7.6916],[23.5303,-7.9222],[23.1614,-8.5678],[23.1614,-9.9513]]]},"properties":{"NAME":"Lunda","SUBJECTO":"Lunda","PARTOF":"Lunda","BORDERPRECISION":3,"LINK":null}},
{"type":"Feature","geometry":{"type":"Polygon","coordinates":[[[18.9009,-9.9433],[19.3589,-10.8995],[20.0629,-10.4178],[20.137,-10.0473],[19.8406,-9.7138],[19.3589,-9.6027],[18.9009,-9.9433]]]},"properties":{"NAME":"Imbangala","SUBJECTO":"Imbangala","PARTOF":"Imbangala","BORDERPRECISION":3,"LINK":null}},
{"type":"Feature","geometry":{"type":"Polygon","coordinates":[[[12.4971,12.2187],[15.8108,11.982],[16.8523,14.3489],[16.7103,14.6803],[15.1481,14.3962],[14.5327,13.7808],[12.7338,14.4909],[11.5977,14.0649],[12.4971,12.2187]]]},"properties":{"NAME":"Bornu-Kanem","SUBJECTO":"Bornu-Kanem","PARTOF":"Bornu-Kanem","BORDERPRECISION":3,"LINK":null}},
{"type":"Feature","geometry":{"type":"Polygon","coordinates":[[[11.5977,14.0649],[7.1595,16.0392],[2.4996,15.4475],[1.4641,13.6723],[2.7215,9.6041],[4.7186,7.681],[8.8607,8.1988],[12.1892,7.3112],[13.2987,7.755],[13.6686,8.2727],[13.0029,9.826],[12.4971,12.2187],[11.5977,14.0649]]]},"properties":{"NAME":"Fulani Empire","SUBJECTO":"Fulani Empire","PARTOF":"Fulani Empire","BORDERPRECISION":3,"LINK":null}},
{"type":"Feature","geometry":{"type":"Polygon","coordinates":[[[-13.1643,8.8508],[-12.912,8.5574],[-13.2125,8.347],[-13.0441,8.1377],[-11.4654,6.8439],[-11.046,7.3087],[-11.4645,8.6332],[-13.0312,9.0018],[-13.1643,8.8508]]]},"properties":{"NAME":"Sierra Leone","SUBJECTO":"Sierra Leone","PARTOF":"Sierra Leone","BORDERPRECISION":3,"LINK":null}},
{"type":"Feature","geometry":{"type":"Polygon","coordinates":[[[34.1463,31.2086],[32.5972,30.9639],[30.996,31.4689],[29.2488,30.7537],[26.1433,31.4906],[25.2582,31.4379],[26.0048,30.7076],[29.4257,22.6638],[31.6447,21.2769],[32.6617,20.9996],[35.2505,21.3694],[36.8001,21.9149],[35.7463,22.9143],[35.4685,23.7207],[35.7247,23.9118],[34.9974,24.7172],[32.3185,29.5402],[32.648,29.8522],[33.3307,28.5512],[34.2412,27.7589],[34.9355,29.4181],[34.1463,31.2086]]]},"properties":{"NAME":"Egypt","SUBJECTO":"Egypt","PARTOF":"Egypt","BORDERPRECISION":3,"LINK":null}},
{"type":"Feature","geometry":{"type":"Polygon","coordinates":[[[12.117,32.8785],[14.7249,30.2453],[15.6495,30.5227],[18.8854,30.2212],[17.4216,30.996],[15.8433,31.285],[15.0098,32.3634],[12.117,32.8785]]]},"properties":{"NAME":"Tripolitania","SUBJECTO":"Tripolitania","PARTOF":"Tripolitania","BORDERPRECISION":3,"LINK":null}},
{"type":"Feature","geometry":{"type":"Polygon","coordinates":[[[19.3188,30.2554],[20.3648,30.3378],[21.1969,31.0775],[22.1215,31.0775],[23.7424,32.0641],[23.1533,32.1388],[22.9228,32.5577],[22.216,32.7913],[21.0545,32.6301],[20.0684,32.0371],[20.1168,30.9571],[19.3188,30.2554]]]},"properties":{"NAME":"Cyrenaica","SUBJECTO":"Cyrenaica","PARTOF":"Cyrenaica","BORDERPRECISION":3,"LINK":null}},
{"type":"Feature","geometry":{"type":"Polygon","coordinates":[[[56.2816,25.4624],[56.1129,24.3042],[57.6171,22.1553],[57.241,20.8122],[57.8386,19.0348],[57.9313,20.4009],[58.512,20.4212],[59.8257,22.3745],[58.6285,23.4583],[57.9042,23.5711],[56.7942,24.2676],[56.2816,25.4624]]]},"properties":{"NAME":"Oman","SUBJECTO":"Oman","PARTOF":"Oman","BORDERPRECISION":3,"LINK":null}},
{"type":"Feature","geometry":{"type":"Polygon","coordinates":[[[49.7042,24.4103],[46.9868,25.5837],[43.8988,25.9543],[42.4166,25.0896],[41.799,23.1134],[41.8125,21.7126],[41.9226,20.7665],[43.5954,20.0601],[45.3683,18.6096],[51.7613,19.9526],[53.0506,20.3824],[53.373,20.7585],[53.0506,22.1553],[51.6538,22.5851],[50.5688,23.8545],[49.7042,24.4103]]]},"properties":{"NAME":"Nejd","SUBJECTO":"Nejd","PARTOF":"Nejd","BORDERPRECISION":3,"LINK":null}},
{"type":"Feature","geometry":{"type":"Polygon","coordinates":[[[46.8777,13.4739],[46.7113,13.9357],[46.3353,14.0968],[45.2608,13.8282],[44.5087,14.0968],[43.488,16.6218],[42.7637,16.6455],[42.7959,15.4701],[43.5601,12.8603],[44.4405,12.6398],[45.8259,13.4052],[46.8777,13.4739]]]},"properties":{"NAME":"Yemen","SUBJECTO":"Yemen","PARTOF":"Yemen","BORDERPRECISION":3,"LINK":null}},
{"type":"Feature","geometry":{"type":"Polygon","coordinates":[[[48.5536,29.9946],[49.2222,30.4775],[49.3214,30.1029],[50.1324,30.0664],[51.3501,28.0361],[52.4104,27.581],[52.8908,27.0523],[54.6461,26.3913],[55.4249,26.9631],[56.4309,27.1066],[56.7904,26.9739],[57.2548,25.7933],[59.0315,25.3079],[61.344,25.0269],[66.4323,25.4886],[66.7017,24.7523],[67.7707,25.8085],[67.6633,27.8499],[68.3617,28.2797],[69.275,28.3872],[69.0533,31.6258],[68.2427,31.7672],[67.6837,31.2244],[66.9208,31.2074],[66.3817,30.6901],[66.2016,29.8066],[65.6105,29.6128],[62.6121,29.367],[60.8205,29.8333],[61.7792,30.9052],[61.6936,31.2666],[60.7938,31.5789],[60.5401,32.9932],[60.8531,33.4838],[60.4192,34.078],[61.2213,35.5816],[61.014,36.6366],[60.3463,36.6074],[58.9716,37.5992],[57.2255,38.1882],[55.3557,38.0377],[54.0151,37.3483],[53.7997,36.679],[51.7955,36.4323],[50.561,36.6864],[50.0387,37.2247],[48.8372,37.511],[48.9457,38.8362],[49.4882,39.2936],[49.5733,40.1765],[50.4668,40.3254],[49.3499,40.953],[47.5653,43.0077],[47.7361,43.8619],[47.4934,43.5832],[47.1948,43.3759],[47.2486,42.7849],[48.2237,41.4711],[47.9883,41.2189],[47.3501,41.304],[46.8501,41.8359],[45.9141,42.1231],[45.8077,42.538],[45.0312,42.772],[43.9568,42.5912],[42.8784,41.5455],[43.8473,40.75],[43.6845,40.1091],[44.6696,39.757],[44.0821,39.2945],[44.4645,38.292],[44.2052,37.8674],[45.3881,35.9256],[46.211,35.7838],[45.9949,35.4009],[46.1844,35.0584],[45.6709,34.6173],[45.5062,33.7973],[46.1051,33.2101],[46.124,32.772],[46.5085,32.8123],[47.7424,31.9048],[47.6887,30.8821],[48.0335,30.8777],[48.0813,30.3953],[48.5536,29.9946]]]},"properties":{"NAME":"Persia","SUBJECTO":"Persia","PARTOF":"Persia","BORDERPRECISION":3,"LINK":null}},
{"type":"Feature","geometry":{"type":"Polygon","coordinates":[[[103.6214,14.4108],[102.9357,14.1498],[102.3603,13.5078],[102.7521,12.3981],[102.6121,12.0958],[102.5298,12.1484],[103.0396,10.898],[103.5249,11.0578],[103.5249,10.5242],[104.3872,10.3144],[105.4937,10.8882],[106.0271,10.7961],[106.09,11.0061],[105.7368,11.3915],[105.8425,11.5827],[107.4823,12.5833],[107.387,14.5569],[106.8414,14.3159],[106.5109,14.5412],[106.0456,14.3871],[106.1435,14.0904],[106.1313,13.9598],[105.8619,13.9716],[105.1273,14.221],[104.356,14.3278],[103.6214,14.4108]]]},"properties":{"NAME":"Cambodia","SUBJECTO":"Cambodia","PARTOF":"Cambodia","BORDERPRECISION":3,"LINK":null}},
{"type":"Feature","geometry":{"type":"Polygon","coordinates":[[[104.3872,10.3144],[104.9785,9.9809],[104.9071,8.475],[106.482,9.5521],[106.7044,10.4484],[106.09,11.0061],[106.0271,10.7961],[105.4937,10.8882],[104.3872,10.3144]]]},"properties":{"NAME":"Cochin China","SUBJECTO":"Cochin China","PARTOF":"Cochin China","BORDERPRECISION":3,"LINK":null}},
{"type":"Feature","geometry":{"type":"Polygon","coordinates":[[[106.09,11.0061],[106.7044,10.4484],[106.7732,10.6392],[107.412,10.3674],[108.6959,11.1452],[109.0613,11.5907],[109.3071,12.9063],[108.9178,14.7923],[108.2361,16.0804],[106.6223,17.3284],[106.3644,18.0075],[105.5326,18.8442],[105.8434,19.7024],[106.807,20.905],[107.3743,20.8808],[107.8756,21.4621],[106.6734,21.9262],[106.588,22.9288],[105.9411,22.9314],[105.3134,23.296],[104.4781,22.7832],[102.9851,22.4698],[102.5704,22.6896],[101.9679,22.5337],[102.9929,20.9396],[103.4779,20.6567],[104.1291,20.9399],[104.7158,20.2004],[104.4875,19.7419],[104.0048,19.701],[103.8993,19.3131],[104.8122,18.7216],[107.1075,16.1696],[107.387,14.5569],[107.4823,12.5833],[105.8425,11.5827],[105.7368,11.3915],[106.09,11.0061]]]},"properties":{"NAME":"Annam","SUBJECTO":"Annam","PARTOF":"Annam","BORDERPRECISION":3,"LINK":null}},
{"type":"Feature","geometry":{"type":"Polygon","coordinates":[[[46.2254,2.5523],[48.9495,5.9904],[49.8319,7.9939],[50.7794,9.3684],[51.1807,11.7774],[50.6973,11.948],[49.3035,11.246],[47.3907,11.1593],[46.721,8.4268],[45.3569,6.8529],[45.252,5.8036],[45.941,3.5023],[46.2254,2.5523]]]},"properties":{"NAME":"Somalia","SUBJECTO":"Somalia","PARTOF":"Somalia","BORDERPRECISION":3,"LINK":null}},
{"type":"Feature","geometry":{"type":"Polygon","coordinates":[[[45.941,3.5023],[43.8879,2.0262],[41.0549,-0.597],[38.7464,-3.9546],[38.2218,-6.1581],[38.9038,-10.7749],[40.524,-10.5501],[39.5768,-9.5417],[39.4777,-7.9976],[39.2701,-7.8011],[39.5664,-7.0442],[38.8724,-6.0925],[39.1225,-5.037],[39.6814,-4.3241],[40.2713,-2.8167],[40.7498,-2.5932],[40.9154,-2.0781],[41.6099,-1.8767],[42.4401,-0.5116],[43.7243,0.8003],[46.2254,2.5523],[45.941,3.5023]]]},"properties":{"NAME":"Zanzibar","SUBJECTO":"Zanzibar","PARTOF":"Zanzibar","BORDERPRECISION":3,"LINK":null}},
{"type":"Feature","geometry":{"type":"Polygon","coordinates":[[[38.9038,-10.7749],[39.5334,-12.2439],[39.6383,-15.2868],[39.2186,-15.7065],[37.6447,-16.0213],[36.3856,-16.9657],[35.5462,-16.9657],[34.287,-15.9164],[33.3427,-15.7065],[34.8117,-17.5952],[34.9166,-18.3297],[34.1821,-18.5396],[33.9722,-18.9593],[34.4969,-23.2613],[35.2974,-23.825],[35.5118,-22.1848],[35.2338,-22.2045],[35.1072,-20.9845],[34.6733,-20.5151],[34.7262,-19.8604],[37.2753,-17.7132],[39.4713,-16.717],[40.5741,-15.4817],[40.8554,-14.6994],[40.3658,-12.9909],[40.524,-10.5501],[38.9038,-10.7749]]]},"properties":{"NAME":"Portuguese East Africa","SUBJECTO":"Portuguese East Africa","PARTOF":"Portuguese East Africa","BORDERPRECISION":3,"LINK":null}},
{"type":"Feature","geometry":{"type":"MultiPolygon","coordinates":[[[[59.4472,45.1876],[59.1333,45.1945],[59.2379,44.7966],[59.4472,45.1876]]],[[[77.4923,41.0564],[78.1107,41.0728],[78.8706,41.6788],[80.256,42.0837],[80.2109,42.8081],[80.7721,43.3825],[80.4195,44.6855],[79.9629,44.9019],[81.6903,45.3566],[82.7062,45.2652],[82.4399,45.7355],[83.2517,47.2949],[85.4776,47.0927],[85.7619,48.3614],[86.6243,48.5549],[86.9081,49.1104],[89.4621,49.6395],[90,50.3067],[92.1597,50.7553],[93.3234,50.6206],[94.2104,51.3201],[93.5674,52.3489],[91.124,52.4774],[84.4369,50.5485],[81.4791,50.2913],[78.65,50.8057],[77.0583,52.2327],[75.4633,51.6632],[71.8843,51.7417],[66.5306,50.6366],[72.9517,45.0337],[76.7365,43.364],[73.7766,42.9748],[76.9791,41.7197],[77.4923,41.0564]],[[78.8229,46.7948],[79.2451,46.6452],[78.4451,46.2972],[75.4633,46.6706],[74.278,46.0041],[74.1,44.9889],[73.4367,45.6095],[73.6793,46.1831],[74.6254,46.7521],[78.2971,46.4686],[78.8229,46.7948]]]]},"properties":{"NAME":"central Asian khanates","SUBJECTO":"central Asian khanates","PARTOF":"central Asian khanates","BORDERPRECISION":3,"LINK":null}},
{"type":"Feature","geometry":{"type":"Polygon","coordinates":[[[91.6078,27.6415],[92.3673,27.7981],[94.4117,29.1617],[95.309,29.0018],[95.9286,29.3798],[96.4553,28.8815],[96.2546,28.3853],[97.3404,28.1821],[97.603,28.4121],[98.216,27.5461],[98.6372,27.4787],[98.7254,26.7367],[98.3823,25.6302],[97.5241,24.8],[97.6952,23.8796],[98.7692,24.0898],[98.985,23.1513],[99.4689,23.1414],[99.2086,22.1494],[99.7555,22.1272],[100.3208,21.4638],[100.8947,21.7211],[101.0937,21.354],[101.5842,21.2235],[101.5544,22.2837],[101.9679,22.5337],[102.5704,22.6896],[102.9851,22.4698],[104.4781,22.7832],[105.3134,23.296],[105.9411,22.9314],[106.588,22.9288],[106.6734,21.9262],[107.8756,21.4621],[108.3873,21.5309],[108.555,21.8234],[109.1174,21.399],[109.7798,21.483],[109.7116,20.5682],[109.9283,20.2447],[110.2713,20.3153],[110.4141,20.5252],[110.0724,20.9183],[110.2388,21.2807],[112.7495,21.7561],[112.8713,22.0612],[113.3777,22.1639],[113.4626,22.7739],[113.8452,22.4634],[114.5375,22.6745],[114.5587,22.4649],[114.8478,22.51],[115.3088,22.7714],[115.7067,22.6389],[117.8491,24.0471],[117.9249,24.5617],[118.3456,24.4673],[118.8129,24.8494],[119.4286,25.6509],[119.4289,26.5908],[120.3518,27.177],[121.0086,28.277],[121.2597,28.1823],[121.6492,29.3197],[121.3619,29.4144],[121.7744,29.7645],[121.0825,30.2138],[119.9437,30.1162],[121.5689,30.7101],[121.2683,31.4523],[121.645,31.688],[120.6609,32.5431],[120.1494,33.8943],[119.0032,34.9395],[119.9073,35.7681],[119.9138,36.1434],[120.5048,36.0556],[120.5373,36.3865],[121.6099,36.8342],[122.2556,36.7337],[122.3929,37.3006],[121.4343,37.3368],[120.6581,37.7365],[119.5989,37.1166],[118.9546,37.0771],[118.8752,37.9494],[117.8407,38.1639],[117.4395,38.6028],[117.7529,39.2025],[118.2746,38.9996],[118.9776,39.2241],[119.3855,39.8434],[120.2727,40.1518],[121.0106,40.8507],[121.7536,40.737],[122.1079,40.3537],[121.2394,39.5538],[121.6602,39.3315],[121.0653,38.7503],[123.0391,39.6722],[124.1339,39.8431],[125.8795,40.945],[126.4742,41.6515],[127.8615,41.3777],[128.0985,41.4494],[127.984,42.1076],[129.0345,42.1774],[129.8543,42.9568],[130.2259,42.6513],[131.1396,43.2266],[130.9905,44.8174],[131.7395,45.2593],[132.7776,44.9877],[132.989,45.1436],[134.1653,47.3346],[134.7174,47.6942],[134.6284,48.2131],[130.9245,47.7323],[130.3836,48.9642],[127.5159,49.8744],[125.5092,53.1568],[124.6432,53.1125],[123.3526,53.5103],[120.7022,53.1845],[119.9427,52.591],[120.7731,52.4763],[120.746,52.0071],[119.1823,50.7017],[119.2912,50.125],[117.842,49.6338],[116.566,50.0056],[115.7337,49.864],[114.5226,50.2963],[112.5245,49.462],[110.1999,49.241],[108.4235,49.5185],[106.3229,50.4167],[103.6808,50.1664],[102.639,50.4562],[102.1174,51.3611],[97.6101,52.1481],[97.3194,52.8265],[95.8658,53.7955],[95.1874,53.7955],[93.5674,52.3489],[94.2104,51.3201],[93.3234,50.6206],[92.1597,50.7553],[90,50.3067],[89.4621,49.6395],[86.9081,49.1104],[86.6243,48.5549],[85.7619,48.3614],[85.4776,47.0927],[83.2517,47.2949],[82.4399,45.7355],[82.7062,45.2652],[81.6903,45.3566],[79.9629,44.9019],[80.4195,44.6855],[80.7721,43.3825],[80.2109,42.8081],[80.256,42.0837],[78.8706,41.6788],[78.1107,41.0728],[77.4923,41.0564],[77.0204,41.1116],[76.4816,40.437],[75.7009,40.3368],[75.43,40.6102],[73.8849,39.8797],[73.712,38.7187],[74.7029,38.5207],[75.0102,37.4655],[74.7333,37.2094],[74.3884,37.1704],[74.5205,37.0046],[75.6278,36.769],[76.0923,35.7984],[77.8462,35.4748],[78.1443,34.5475],[78.8067,34.1997],[78.6245,33.5042],[79.447,33.2003],[79.5653,32.7018],[78.9705,32.3893],[78.804,32.672],[78.4507,32.5828],[78.8053,31.3477],[79.1088,31.4593],[81.0213,30.2465],[81.264,30.0307],[81.4487,30.4028],[82.1417,30.3656],[82.2009,30.0903],[83.6978,29.1825],[84.0884,29.309],[84.267,28.937],[84.9203,28.5352],[85.2166,28.6394],[85.1442,28.3418],[85.7292,28.3418],[86.0357,27.9103],[86.1379,28.1186],[86.4457,27.9475],[86.7872,28.1335],[87.2144,27.8433],[88.1973,27.8758],[88.6683,27.9483],[88.8026,27.181],[89.8634,28.2725],[90,28.0535],[91.319,28.0143],[91.6078,27.6415]]]},"properties":{"NAME":"Manchu Empire","SUBJECTO":"Manchu Empire","PARTOF":"Manchu Empire","BORDERPRECISION":3,"LINK":null}},
{"type":"Feature","geometry":{"type":"Polygon","coordinates":[[[-2.193,35.0542],[-3.009,35.39],[-4.593,35.1512],[-5.565,35.8623],[-5.9288,35.7279],[-7.004,33.875],[-8.3144,33.3385],[-9.2187,32.5804],[-9.8578,31.0602],[-9.6626,29.9548],[-10.3393,29.1463],[-8.5932,28.6414],[-4.95,28.8566],[-1.7136,28.3942],[-1.3437,29.0415],[-1.7136,30.0587],[-1.0813,32.4539],[-1.6102,33.0485],[-1.7382,34.6051],[-2.193,35.0542]]]},"properties":{"NAME":"Morocco","SUBJECTO":"Morocco","PARTOF":"Morocco","BORDERPRECISION":3,"LINK":null}},
{"type":"Feature","geometry":{"type":"MultiPolygon","coordinates":[[[[-50.4763,-1.6788],[-48.8857,-1.4211],[-48.4019,-0.3907],[-50.5014,-0.2617],[-50.4763,-1.6788]]],[[[-58.5751,6.9844],[-58.6166,7.4991],[-59.8344,8.4402],[-61.7647,8.5828],[-60.7927,9.3882],[-62.1033,10.0209],[-62.2969,9.7218],[-62.9253,10.3687],[-62.1782,10.6817],[-63.8566,10.7099],[-64.8837,10.1357],[-66.4781,10.6788],[-67.9796,10.5421],[-68.6946,11.3795],[-69.6289,11.5406],[-69.9735,12.2284],[-70.3393,11.9988],[-69.7478,11.5335],[-71.5482,10.9493],[-71.0144,9.6267],[-71.6047,9.0916],[-72.114,9.904],[-71.688,10.7693],[-71.9879,11.6076],[-71.0606,12.0608],[-71.4368,12.4223],[-71.9089,12.3513],[-72.3797,11.8101],[-73.3623,11.325],[-74.2189,11.3676],[-74.449,10.7697],[-74.7163,11.0615],[-75.2264,10.8252],[-75.7027,9.426],[-76.1577,9.3106],[-76.8425,8.5592],[-76.8582,7.93],[-78.2665,9.3855],[-79.5004,9.6384],[-81.1684,8.8278],[-82.2296,9.0465],[-82.5599,9.5831],[-82.9066,9.5186],[-82.6843,8.9752],[-82.9575,8.0472],[-82.6539,8.3211],[-81.6643,8.1646],[-81.1969,7.6396],[-81.1173,7.9431],[-80.8138,7.2701],[-80.4058,7.2988],[-79.9712,7.5579],[-80.4246,8.1924],[-79.7121,8.616],[-79.7169,8.8831],[-79.0676,9.0343],[-78.3815,8.3949],[-78.0448,8.5515],[-77.7942,8.1793],[-78.2466,8.1971],[-78.2655,7.8857],[-77.3222,6.5435],[-77.4746,6.092],[-77.1805,5.7875],[-77.5004,5.5136],[-77.2666,4.7388],[-77.4445,4.1791],[-77.106,3.7922],[-77.8021,2.5769],[-78.6095,2.3654],[-78.4918,1.9208],[-79.0139,1.7735],[-78.9843,1.297],[-80.0856,0.818],[-80.109,0.049],[-80.4822,-0.3839],[-80.3388,-0.6632],[-80.9661,-1.0331],[-80.7776,-2.5387],[-80.3573,-2.7284],[-79.813,-2.1705],[-79.7618,-2.797],[-80.2289,-3.4712],[-80.2585,-4.414],[-79.6917,-4.4615],[-79.1072,-5.0426],[-77.4052,-4.3332],[-77.3393,-4.7947],[-75.6912,-5.0584],[-75.4935,-4.6628],[-74.9845,-4.7815],[-74.6048,-4.3596],[-74.3095,-4.6127],[-74.1829,-4.4018],[-73.5922,-4.444],[-73.1281,-3.9377],[-73.2547,-3.6002],[-71.8624,-3.2626],[-71.7359,-3.6424],[-71.0608,-3.9377],[-70.2071,-3.8077],[-69.9012,-4.3787],[-69.3626,-4.1355],[-69.2308,-3.4762],[-67.9783,-3.4103],[-67.2531,-2.5533],[-66.6598,-2.817],[-67.0553,0.9406],[-66.6554,0.9868],[-66.1259,0.6404],[-65.5989,0.9867],[-65.3559,0.5623],[-63.876,1.8806],[-63.3265,2.0619],[-60.5158,2.1898],[-58.8527,1.1541],[-57.9005,1.5939],[-57.8789,2.8491],[-58.5816,4.9998],[-58.5751,6.9844]],[[-77.2535,-2.7591],[-77.8999,-3.1125],[-78.3923,-2.9128],[-78.5616,-2.1287],[-77.8537,-1.6672],[-77.2535,-2.0979],[-77.2535,-2.7591]]]]},"properties":{"NAME":"Vice-Royalty of New Granada","SUBJECTO":"Spain","PARTOF":"Vice-Royalty of New Granada","BORDERPRECISION":3,"LINK":null}},
{"type":"Feature","geometry":{"type":"Polygon","coordinates":[[[-57.9005,1.5939],[-57.1339,1.9017],[-55.7935,1.7253],[-56.0687,2.1814],[-55.9011,2.3985],[-54.8606,2.481],[-54.3883,2.2613],[-53.9773,3.3571],[-54.3661,4.6899],[-53.8369,5.6895],[-54.8948,5.9946],[-57.0651,5.8374],[-58.0057,6.7886],[-58.3746,6.826],[-58.5085,6.559],[-58.5751,6.9844],[-58.5816,4.9998],[-57.8789,2.8491],[-57.9005,1.5939]]]},"properties":{"NAME":"Guiana","SUBJECTO":"Netherlands","PARTOF":"Guiana","BORDERPRECISION":3,"LINK":null}},
{"type":"Feature","geometry":{"type":"Polygon","coordinates":[[[-69.9012,-4.3787],[-70.6938,-4.2999],[-72.7693,-5.1448],[-73.1825,-6.0115],[-73.0619,-6.5192],[-73.89,-7.3248],[-72.964,-8.9842],[-66.4741,-9.915],[-65.3087,-9.8157],[-65.2731,-11.3659],[-64.7563,-12.0491],[-64.2614,-12.4719],[-62.0786,-13.1007],[-61.7263,-13.5879],[-60.4014,-13.8278],[-60.1009,-16.2785],[-58.3335,-16.3697],[-58.4017,-17.1325],[-57.5964,-18.0426],[-58.1377,-19.8118],[-55.134,-24.0569],[-54.5537,-23.8566],[-54.2272,-24.058],[-54.5804,-25.7433],[-53.8489,-25.7518],[-53.6165,-26.2713],[-53.7311,-27.2183],[-54.9113,-27.8031],[-57.5757,-30.4029],[-56.6266,-30.2896],[-55.8741,-31.1743],[-55.4406,-30.9749],[-54.1072,-31.85],[-53.2283,-32.8165],[-53.567,-33.4025],[-53.4056,-33.8795],[-52.3507,-32.6752],[-52.1436,-31.7474],[-51.4454,-31.0154],[-51.2324,-30.2654],[-50.5817,-30.4165],[-51.4774,-31.8235],[-50.4687,-30.7402],[-49.9363,-29.6274],[-48.7284,-28.3671],[-48.7754,-26.385],[-48.5162,-25.8763],[-48.7245,-25.4256],[-48.1255,-25.2909],[-46.2062,-23.8828],[-45.4592,-23.8558],[-44.5613,-22.9899],[-42.1384,-22.972],[-41.7696,-22.3804],[-40.9835,-22.0864],[-40.9328,-21.2794],[-39.739,-19.5741],[-39.6661,-18.227],[-39.1425,-17.7747],[-38.9482,-16.0016],[-39.1262,-14.3245],[-38.7989,-12.6273],[-38.4731,-12.9888],[-38.2661,-12.8867],[-37.1865,-10.8447],[-35.5986,-9.6276],[-34.8907,-7.6118],[-35.4644,-5.2683],[-37.1806,-4.9543],[-39.7218,-3.009],[-42.1083,-2.8616],[-43.2332,-2.4193],[-44.5934,-3.1466],[-44.711,-2.7592],[-44.4617,-2.2694],[-44.7959,-1.7364],[-45.3713,-1.7567],[-45.6426,-1.3633],[-47.2371,-0.6804],[-48.0425,-0.8156],[-49.4228,-2.3588],[-49.2906,-1.7906],[-50.5285,-1.9331],[-50.9768,-1.1143],[-52.1435,-1.5172],[-51.5294,-0.4292],[-49.8843,1.2139],[-49.881,1.5761],[-50.6881,2.2162],[-51.3152,4.2611],[-51.7101,4.2285],[-52.6669,5.1796],[-53.8369,5.6895],[-54.3661,4.6899],[-53.9773,3.3571],[-54.3883,2.2613],[-54.8606,2.481],[-55.9011,2.3985],[-56.0687,2.1814],[-55.7935,1.7253],[-57.1339,1.9017],[-57.9005,1.5939],[-58.8527,1.1541],[-60.5158,2.1898],[-63.3265,2.0619],[-63.876,1.8806],[-65.3559,0.5623],[-65.5989,0.9867],[-66.1259,0.6404],[-66.6554,0.9868],[-67.0553,0.9406],[-66.6598,-2.817],[-67.2531,-2.5533],[-67.9783,-3.4103],[-69.2308,-3.4762],[-69.3626,-4.1355],[-69.9012,-4.3787]]]},"properties":{"NAME":"Viceroyalty of Brazil","SUBJECTO":"Portugal","PARTOF":"Vice-Royalty of Brazil","BORDERPRECISION":3,"LINK":null}},
{"type":"Feature","geometry":{"type":"Polygon","coordinates":[[[-58.1377,-19.8118],[-62.61,-22.1565],[-60.8647,-23.8805],[-57.7099,-25.3359],[-58.2768,-26.3808],[-58.2036,-26.7614],[-58.6918,-27.3167],[-56.1634,-27.245],[-55.7318,-27.4521],[-54.8166,-26.5577],[-54.5804,-25.7433],[-54.2272,-24.058],[-54.5537,-23.8566],[-55.134,-24.0569],[-58.1377,-19.8118]]]},"properties":{"NAME":"Paraguay","SUBJECTO":"Paraguay","PARTOF":"Paraguay","BORDERPRECISION":3,"LINK":null}},
{"type":"Feature","geometry":{"type":"Polygon","coordinates":[[[-80.2289,-3.4712],[-81.4133,-4.5671],[-80.8234,-5.7159],[-81.297,-6.0409],[-80.0659,-6.7563],[-79.0602,-8.2155],[-77.7587,-10.6589],[-77.7072,-11.256],[-76.3592,-13.2291],[-76.0526,-14.4101],[-74.0496,-16.045],[-71.6119,-17.2215],[-70.296,-18.629],[-70.1106,-21.7479],[-70.292,-22.9871],[-70.5732,-23.1656],[-70.3981,-25.2489],[-71.4301,-29.1005],[-71.2367,-29.8496],[-71.6816,-30.6],[-71.4161,-32.7526],[-73.1442,-37.1558],[-73.6903,-37.3671],[-73.1938,-39.5654],[-73.7594,-40.2434],[-73.8453,-41.1528],[-73.4636,-41.7868],[-72.8909,-41.5291],[-71.8048,-41.5737],[-71.4195,-39.1056],[-70.8441,-38.7265],[-71.0951,-36.8052],[-70.3907,-36.1651],[-70.4804,-35.358],[-69.8155,-34.0717],[-70.4345,-31.257],[-69.8518,-30.3586],[-69.951,-29.3561],[-69.5807,-28.5286],[-68.8235,-27.2671],[-68.2492,-27.0796],[-68.5439,-26.5352],[-68.3482,-26.1976],[-68.4855,-24.744],[-67.2575,-24.0827],[-66.9724,-23.1411],[-67.1889,-22.9835],[-66.1459,-21.9231],[-64.7556,-22.1627],[-64.2486,-22.8775],[-63.7836,-22.0745],[-62.61,-22.1565],[-58.1377,-19.8118],[-57.5964,-18.0426],[-58.4017,-17.1325],[-58.3335,-16.3697],[-60.1009,-16.2785],[-60.4014,-13.8278],[-61.7263,-13.5879],[-62.0786,-13.1007],[-64.2614,-12.4719],[-64.7563,-12.0491],[-65.2731,-11.3659],[-65.3087,-9.8157],[-66.4741,-9.915],[-72.964,-8.9842],[-73.89,-7.3248],[-73.0619,-6.5192],[-73.1825,-6.0115],[-72.7693,-5.1448],[-70.6938,-4.2999],[-69.9012,-4.3787],[-70.2071,-3.8077],[-71.0608,-3.9377],[-71.7359,-3.6424],[-71.8624,-3.2626],[-73.2547,-3.6002],[-73.1281,-3.9377],[-73.5922,-4.444],[-74.1829,-4.4018],[-74.3095,-4.6127],[-74.6048,-4.3596],[-74.9845,-4.7815],[-75.4935,-4.6628],[-75.6912,-5.0584],[-77.3393,-4.7947],[-77.4052,-4.3332],[-79.1072,-5.0426],[-79.6917,-4.4615],[-80.2585,-4.414],[-80.2289,-3.4712]]]},"properties":{"NAME":"Vice-Royalty of Peru","SUBJECTO":"Spain","PARTOF":"Vice-Royalty of Peru","BORDERPRECISION":3,"LINK":null}},
{"type":"Feature","geometry":{"type":"Polygon","coordinates":[[[-54.5804,-25.7433],[-54.8166,-26.5577],[-55.7318,-27.4521],[-56.1634,-27.245],[-58.6918,-27.3167],[-58.2036,-26.7614],[-58.2768,-26.3808],[-57.7099,-25.3359],[-60.8647,-23.8805],[-62.61,-22.1565],[-63.7836,-22.0745],[-64.2486,-22.8775],[-64.7556,-22.1627],[-66.1459,-21.9231],[-67.1889,-22.9835],[-66.9724,-23.1411],[-67.2575,-24.0827],[-68.4855,-24.744],[-68.3482,-26.1976],[-68.5439,-26.5352],[-68.2492,-27.0796],[-68.8235,-27.2671],[-69.5807,-28.5286],[-69.951,-29.3561],[-69.8518,-30.3586],[-70.4345,-31.257],[-69.8155,-34.0717],[-70.4804,-35.358],[-70.3907,-36.1651],[-71.0951,-36.8052],[-70.8441,-38.7265],[-71.4195,-39.1056],[-71.8048,-41.5737],[-70.7527,-41.0032],[-69.951,-40.9708],[-69.7735,-40.4382],[-69.3,-40.379],[-68.8266,-39.7281],[-66.2819,-40.2607],[-64.9799,-40.0831],[-64.9207,-40.5566],[-62.7315,-41.0497],[-62.4008,-40.9249],[-62.0678,-39.5558],[-62.3099,-38.8802],[-60.9357,-39.0113],[-58.1831,-38.5403],[-57.6434,-38.2587],[-56.6981,-36.9441],[-57.3717,-36.1494],[-57.2255,-35.4363],[-58.5228,-34.5871],[-58.3397,-34.2161],[-56.3383,-34.9955],[-54.9898,-34.9673],[-54.0743,-34.6478],[-53.4056,-33.8795],[-53.567,-33.4025],[-53.2283,-32.8165],[-54.1072,-31.85],[-55.4406,-30.9749],[-55.8741,-31.1743],[-56.6266,-30.2896],[-57.5757,-30.4029],[-54.9113,-27.8031],[-53.7311,-27.2183],[-53.6165,-26.2713],[-53.8489,-25.7518],[-54.5804,-25.7433]]]},"properties":{"NAME":"United Provinces of La Plata","SUBJECTO":"Spain","PARTOF":"United Provinces of La Plata","BORDERPRECISION":3,"LINK":null}},
{"type":"Feature","geometry":{"type":"Polygon","coordinates":[[[92.51,22.1104],[92.5976,21.387],[92.1237,20.9964],[93.7238,19.594],[93.815,19.2576],[93.4579,19.1742],[94.0537,19.0611],[94.4653,17.6428],[95.1639,17.6428],[95.3616,18.0383],[94.7024,20.016],[93.1277,22.2029],[92.8923,21.9793],[92.51,22.1104]]]},"properties":{"NAME":"Arakan","SUBJECTO":"Arakan","PARTOF":"Arakan","BORDERPRECISION":3,"LINK":null}},
{"type":"Feature","geometry":{"type":"Polygon","coordinates":[[[10.8561,45.0507],[10.6596,45.8066],[10.3957,46.8874],[9.9945,46.2525],[9.283,46.4992],[9.0292,45.8239],[8.6366,46.1173],[8.45,45.5192],[9.1308,45.1207],[10.3933,45.0263],[10.8561,45.0507]]]},"properties":{"NAME":"Lombardy","SUBJECTO":"Austrian Empire","PARTOF":"Lombardy","BORDERPRECISION":3,"LINK":null}},
{"type":"Feature","geometry":{"type":"Polygon","coordinates":[[[10.8561,45.0507],[11.1698,45.0672],[11.6048,44.9048],[12.0365,45.1373],[12.3778,44.7315],[12.2797,45.4023],[13.1562,45.7265],[13.8,45.5664],[13.3445,46.2845],[13.5689,46.5104],[12.0748,46.9275],[11.5709,45.9754],[10.7946,45.6378],[10.6596,45.8066],[10.8561,45.0507]]]},"properties":{"NAME":"Venetia","SUBJECTO":"Austrian Empire","PARTOF":"Venetia","BORDERPRECISION":3,"LINK":null}},
{"type":"Feature","geometry":{"type":"Polygon","coordinates":[[[9.1308,45.1207],[9.5724,44.437],[9.7452,44.6059],[9.9776,44.4067],[10.0565,44.3804],[10.1271,44.3569],[10.3933,45.0263],[9.1308,45.1207]]]},"properties":{"NAME":"Parma","SUBJECTO":"Austrian Empire","PARTOF":"Parma","BORDERPRECISION":3,"LINK":null}},
{"type":"Feature","geometry":{"type":"Polygon","coordinates":[[[7.3971,43.7641],[8.6717,44.4174],[9.8255,44.1525],[9.878,44.2905],[9.5724,44.437],[9.1308,45.1207],[8.45,45.5192],[8.6366,46.1173],[8.4374,46.4658],[7.7899,45.927],[6.9553,45.9389],[6.8074,46.394],[6.3837,46.3416],[6.1079,46.1255],[5.9415,46.1755],[5.8234,45.3962],[6.9426,44.8687],[6.8857,43.9015],[7.3971,43.7641]]]},"properties":{"NAME":"Kingdom of Sardinia","SUBJECTO":"Kingdom of Sardinia","PARTOF":"Kingdom of Sardinia","BORDERPRECISION":3,"LINK":null}},
{"type":"Feature","geometry":{"type":"Polygon","coordinates":[[[14.0764,42.6338],[13.6009,43.5348],[12.3451,44.301],[12.3778,44.7315],[12.0365,45.1373],[11.6048,44.9048],[11.1698,45.0672],[11.202,44.1426],[11.8539,44.3569],[12.2192,43.892],[11.9601,42.0074],[13.7605,41.2067],[13.9294,41.75],[13.5973,41.7998],[13.4147,42.3644],[14.0764,42.6338]],[[12.4038,43.9558],[12.5166,43.9898],[12.4878,43.8969],[12.4038,43.9558]]]},"properties":{"NAME":"Papal States","SUBJECTO":"Papal States","PARTOF":"Papal States","BORDERPRECISION":3,"LINK":null}},
{"type":"Feature","geometry":{"type":"Polygon","coordinates":[[[9.5724,44.437],[9.878,44.2905],[9.9776,44.4067],[9.7452,44.6059],[9.5724,44.437]]]},"properties":{"NAME":"Pontremoli","SUBJECTO":"Pontremoli","PARTOF":"Pontremoli","BORDERPRECISION":3,"LINK":null}},
{"type":"Feature","geometry":{"type":"Polygon","coordinates":[[[10.0565,44.3804],[10.1407,44.2192],[10.1271,44.3569],[10.0565,44.3804]]]},"properties":{"NAME":"Fivizzano","SUBJECTO":"Fivizzano","PARTOF":"Fivizzano","BORDERPRECISION":3,"LINK":null}},
{"type":"Feature","geometry":{"type":"Polygon","coordinates":[[[10.3379,43.5962],[10.7511,43.6295],[10.6916,44.0912],[10.4101,43.9374],[10.2614,43.7452],[10.3379,43.5962]]]},"properties":{"NAME":"Lucca","SUBJECTO":"Lucca","PARTOF":"Lucca","BORDERPRECISION":3,"LINK":null}},
{"type":"Feature","geometry":{"type":"Polygon","coordinates":[[[11.202,44.1426],[10.6916,44.0912],[10.7511,43.6295],[10.3379,43.5962],[10.7428,42.8505],[11.9601,42.0074],[12.2192,43.892],[11.8539,44.3569],[11.202,44.1426]]]},"properties":{"NAME":"Tuscany","SUBJECTO":"Tuscany","PARTOF":"Tuscany","BORDERPRECISION":3,"LINK":null}},
{"type":"Feature","geometry":{"type":"Polygon","coordinates":[[[10.3933,45.0263],[10.1271,44.3569],[10.1407,44.2192],[10.0565,44.3804],[9.9776,44.4067],[9.878,44.2905],[9.8255,44.1525],[10.1552,43.8811],[10.4101,43.9374],[10.6916,44.0912],[11.202,44.1426],[11.1698,45.0672],[10.8561,45.0507],[10.3933,45.0263]]]},"properties":{"NAME":"Modena","SUBJECTO":"Austrian Empire","PARTOF":"Modena","BORDERPRECISION":3,"LINK":null}},
{"type":"Feature","geometry":{"type":"Polygon","coordinates":[[[10.4101,43.9374],[10.1552,43.8811],[10.2614,43.7452],[10.4101,43.9374]]]},"properties":{"NAME":"Massa","SUBJECTO":"Massa","PARTOF":"Massa","BORDERPRECISION":3,"LINK":null}},
{"type":"Feature","geometry":{"type":"Polygon","coordinates":[[[9.6378,49.2939],[9.4641,47.6488],[9.6655,47.5562],[10.1029,47.301],[10.3883,47.579],[11.1703,47.4245],[12.3582,47.7243],[12.9789,47.5079],[12.6942,48.1294],[13.9467,48.6551],[12.5363,49.5626],[12.2523,50.2159],[11.8424,50.3274],[11.3062,50.1904],[11.0361,50.531],[10.8683,49.961],[10.1803,49.961],[9.694,50.5049],[8.8236,50.2293],[9.0751,49.3772],[9.5964,49.6482],[9.6378,49.2939]]]},"properties":{"NAME":"Bavaria","SUBJECTO":"Bavaria","PARTOF":"Bavaria","BORDERPRECISION":3,"LINK":null}},
{"type":"Feature","geometry":{"type":"Polygon","coordinates":[[[8.5943,47.8894],[8.6351,47.7786],[8.9835,47.6796],[9.1181,47.6785],[9.2161,47.671],[9.043,47.8176],[9.4641,47.6488],[9.6378,49.2939],[8.0223,48.4581],[8.3969,47.9106],[8.5121,48.1123],[8.2906,48.3518],[8.6121,48.2312],[8.5943,47.8894]]]},"properties":{"NAME":"Württemberg","SUBJECTO":"Württemberg","PARTOF":"Württemberg","BORDERPRECISION":3,"LINK":null}},
{"type":"Feature","geometry":{"type":"Polygon","coordinates":[[[91.1618,26.7502],[90,26.3603],[90,25.9662],[91.5657,26.0538],[91.4343,25.2658],[91.7408,25.0031],[91.5219,25.0031],[91.5657,24.3464],[91.2592,24.1275],[91.8283,23.5584],[92.0472,23.6897],[93.4287,24.0779],[94.1848,23.9362],[95.1818,26.5576],[96.2967,27.2431],[97.0642,27.1333],[97.3404,28.1821],[96.2546,28.3853],[96.4553,28.8815],[95.9286,29.3798],[95.309,29.0018],[94.4117,29.1617],[92.3673,27.7981],[91.6078,27.6415],[91.9989,27.193],[91.9089,26.8053],[91.1618,26.7502]]]},"properties":{"NAME":"Assam","SUBJECTO":"Assam","PARTOF":"Assam","BORDERPRECISION":3,"LINK":null}},
{"type":"Feature","geometry":{"type":"Polygon","coordinates":[[[97.3404,28.1821],[97.0642,27.1333],[96.2967,27.2431],[95.1818,26.5576],[94.1848,23.9362],[93.4287,24.0779],[92.0472,23.6897],[92.51,22.1104],[92.8923,21.9793],[93.1277,22.2029],[94.7024,20.016],[95.3616,18.0383],[95.1639,17.6428],[94.4653,17.6428],[94.1444,16.0057],[94.8193,16.2105],[94.828,15.842],[95.2202,16.0017],[95.3298,15.6779],[96.6629,16.6972],[96.7704,17.3327],[97.5732,16.4451],[97.823,14.616],[98.5968,12.7372],[98.5902,11.6952],[98.8674,11.645],[98.3979,10.5639],[98.5932,10.1205],[99.5811,11.8887],[99.003,13.8862],[98.137,15.1896],[98.5798,15.4716],[98.4756,16.0045],[98.8236,16.3177],[97.2749,18.5036],[97.3724,20.7798],[98.1962,21.6085],[97.6952,23.8796],[97.5241,24.8],[98.3823,25.6302],[98.7254,26.7367],[98.6372,27.4787],[98.216,27.5461],[97.603,28.4121],[97.3404,28.1821]]]},"properties":{"NAME":"Burma","SUBJECTO":"Burma","PARTOF":"Burma","BORDERPRECISION":3,"LINK":null}},
{"type":"Feature","geometry":{"type":"Polygon","coordinates":[[[88.8026,27.181],[88.6683,27.9483],[88.1973,27.8758],[88.2319,26.757],[88.6018,26.6404],[88.8675,26.9084],[88.8026,27.181]]]},"properties":{"NAME":"Sikkim (Indian princely state)","SUBJECTO":"Sikkim (Indian princely state)","PARTOF":"Sikkim (Indian princely state)","BORDERPRECISION":3,"LINK":null}},
{"type":"Feature","geometry":{"type":"Polygon","coordinates":[[[80.9056,28.4927],[80.1806,26.7258],[80.5227,26.1102],[81.9592,25.2893],[82.7116,25.2209],[83.3273,25.905],[83.122,26.4522],[83.6009,26.4522],[83.6693,26.9994],[83.9429,26.9994],[83.8743,27.382],[82.8118,27.5382],[80.9056,28.4927]]]},"properties":{"NAME":"Oudh","SUBJECTO":"Oudh","PARTOF":"Oudh","BORDERPRECISION":3,"LINK":null}},
{"type":"Feature","geometry":{"type":"Polygon","coordinates":[[[75.2403,14.1547],[75.0013,14.0486],[75.5611,12.5083],[75.8328,12.5536],[76.0591,12.0782],[76.4553,12.1801],[76.7822,11.1002],[77.2796,11.1278],[77.1655,11.4458],[77.4513,11.6934],[77.8814,11.6595],[78.1304,12.1575],[78.6058,12.248],[78.7869,12.7687],[78.47,12.7687],[78.3907,13.0403],[77.6324,13.1988],[77.5645,13.4138],[77.2928,13.1535],[76.7948,13.1874],[76.7495,13.493],[77.0778,13.6289],[76.659,13.6855],[76.3647,14.4098],[76.1497,14.3646],[76.3987,14.025],[76.2296,13.9188],[75.2403,14.1547]]]},"properties":{"NAME":"Mysore (Indian princely state)","SUBJECTO":"Mysore (Indian princely state)","PARTOF":"Mysore (Indian princely state)","BORDERPRECISION":3,"LINK":null}},
{"type":"Feature","geometry":{"type":"Polygon","coordinates":[[[76.294,9.9849],[76.7035,8.7064],[77.3414,8.0533],[77.848,8.2327],[77.4461,8.4397],[77.3187,10.0667],[76.6113,10.3638],[76.294,9.9849]]]},"properties":{"NAME":"Travancore","SUBJECTO":"Travancore","PARTOF":"Travancore","BORDERPRECISION":3,"LINK":null}},
{"type":"Feature","geometry":{"type":"Polygon","coordinates":[[[88.8675,26.9084],[88.6018,26.6404],[88.2319,26.757],[88.0922,26.4445],[87.3493,26.385],[87.0494,26.6008],[85.9005,26.5933],[85.7754,26.8537],[85.3714,26.757],[84.6664,27.0695],[84.6477,27.3746],[83.8743,27.382],[83.9429,26.9994],[83.6693,26.9994],[83.6009,26.4522],[83.122,26.4522],[83.3273,25.905],[82.7116,25.2209],[81.9592,25.2893],[80.5227,26.1102],[80.1806,26.7258],[80.9056,28.4927],[80.0983,28.9519],[79.7075,29.3591],[79.2757,28.3228],[79.0167,28.3228],[79.0599,29.7477],[78.3259,29.834],[77.6802,30.3688],[77.5919,29.9636],[76.9442,29.7045],[77.0737,29.2727],[77.4192,29.2296],[76.642,28.7114],[77.0737,28.4524],[76.8147,27.8047],[77.5487,27.9343],[77.5487,27.5457],[77.8077,27.5888],[78.369,26.7685],[78.2395,26.2072],[78.9735,26.4662],[78.8872,25.8618],[79.2757,25.7322],[79.2757,25.43],[80.2688,25.5164],[80.6574,25.2573],[80.571,24.9982],[81.0892,24.8687],[81.2187,24.4369],[81.7368,24.7824],[81.8663,24.5665],[82.2118,24.7392],[82.3413,24.1779],[83.4639,23.7893],[83.5502,23.1848],[84.5865,22.6667],[84.2842,22.1054],[85.3205,22.1486],[85.3205,21.76],[85.8818,21.5441],[85.9681,22.0191],[85.7522,22.0622],[85.9681,22.3645],[86.2704,22.2349],[86.3567,21.8032],[86.8748,21.5873],[85.2341,21.026],[85.3637,20.2056],[84.6728,20.292],[84.4569,20.1625],[84.716,19.7739],[84.1547,19.5148],[83.9388,20.1625],[83.5502,19.9466],[83.3775,20.3352],[82.5572,20.3783],[82.2981,20.1625],[81.8663,20.4647],[81.7023,19.4716],[82.1168,18.3318],[81.9095,18.09],[81.2187,18.539],[80.59,17.2679],[79.9622,18.077],[80.3966,17.0745],[81.1427,16.9916],[80.1825,16.5356],[79.9407,16.7429],[79.837,16.4665],[79.3189,16.3284],[79.4226,16.0175],[76.9356,15.4303],[76.4175,14.8086],[75.9684,14.8086],[75.2403,14.1547],[76.2296,13.9188],[76.3987,14.025],[76.1497,14.3646],[76.3647,14.4098],[76.659,13.6855],[77.0778,13.6289],[76.7495,13.493],[76.7948,13.1874],[77.2928,13.1535],[77.5645,13.4138],[77.6324,13.1988],[78.3907,13.0403],[78.47,12.7687],[78.7869,12.7687],[78.6058,12.248],[78.1304,12.1575],[77.8814,11.6595],[77.4513,11.6934],[77.1655,11.4458],[77.2796,11.1278],[76.7822,11.1002],[76.4553,12.1801],[76.0591,12.0782],[75.8328,12.5536],[75.5611,12.5083],[75.0013,14.0486],[74.8976,14.5322],[74.5997,14.6757],[74.4214,14.3755],[75.2109,12.1024],[76.294,9.9849],[76.6113,10.3638],[77.3187,10.0667],[77.4461,8.4397],[77.848,8.2327],[78.3138,8.9958],[79.1596,9.2772],[78.9266,9.4927],[79.2225,10.1922],[79.8263,10.3587],[79.7107,11.4449],[80.3135,13.1045],[80.0759,13.6694],[80.3002,15.6457],[80.9631,15.7234],[81.3691,16.3469],[82.0814,16.4627],[82.354,17.0859],[83.9877,18.2075],[85.1132,19.4423],[86.6324,20.2036],[86.9261,20.6913],[86.8187,21.1865],[88.053,21.9387],[88.2996,21.5518],[88.5676,21.8954],[88.7235,21.54],[89.0255,21.547],[89.4566,21.9417],[89.6702,21.7198],[89.8697,22.1332],[90,21.9303],[90,22.561],[91.4102,22.7208],[92.1237,20.9964],[92.5976,21.387],[92.51,22.1104],[92.0472,23.6897],[91.8283,23.5584],[91.2592,24.1275],[91.5657,24.3464],[91.5219,25.0031],[91.7408,25.0031],[91.4343,25.2658],[91.5657,26.0538],[90,25.9662],[90,26.3603],[91.1618,26.7502],[88.8675,26.9084]]]},"properties":{"NAME":"British East India Company","SUBJECTO":"British East India Company","PARTOF":"British East India Company","BORDERPRECISION":3,"LINK":null}},
{"type":"Feature","geometry":{"type":"Polygon","coordinates":[[[74.5997,14.6757],[74.1531,14.8495],[74.4214,14.3755],[74.5997,14.6757]]]},"properties":{"NAME":"Goa","SUBJECTO":"Goa","PARTOF":"Goa","BORDERPRECISION":3,"LINK":null}},
{"type":"Feature","geometry":{"type":"Polygon","coordinates":[[[31.9997,-1.28],[33.5067,0.1041],[33.4142,1.0289],[33.1923,1.7502],[32.7484,2.194],[31.3798,2.1385],[30.64,1.2138],[30.2952,-0.7592],[31.9997,-1.28]]]},"properties":{"NAME":"Buganda","SUBJECTO":"Buganda","PARTOF":"Buganda","BORDERPRECISION":3,"LINK":null}},
{"type":"Feature","geometry":{"type":"Polygon","coordinates":[[[31.3798,2.1385],[31.4723,3.1558],[29.7271,3.7387],[28.4487,3.502],[27.7385,2.1289],[27.9279,-0.8066],[30.2952,-0.7592],[30.64,1.2138],[31.3798,2.1385]]]},"properties":{"NAME":"Bunyoro","SUBJECTO":"Bunyoro","PARTOF":"Bunyoro","BORDERPRECISION":3,"LINK":null}},
{"type":"Feature","geometry":{"type":"Polygon","coordinates":[[[30.2952,-0.7592],[27.9279,-0.8066],[26.981,-1.8008],[27.0283,-2.227],[27.8806,-2.7478],[31.905,-2.4637],[31.9997,-1.28],[30.2952,-0.7592]]]},"properties":{"NAME":"Nkore","SUBJECTO":"Nkore","PARTOF":"Nkore","BORDERPRECISION":3,"LINK":null}},
{"type":"Feature","geometry":{"type":"Polygon","coordinates":[[[27.8806,-2.7478],[26.9336,-3.5527],[26.6496,-4.5469],[26.8863,-5.92],[30.5793,-6.0147],[31.5736,-5.8253],[32.2365,-5.3518],[32.5205,-4.1208],[31.905,-2.4637],[27.8806,-2.7478]]]},"properties":{"NAME":"Rwanda","SUBJECTO":"Rwanda","PARTOF":"Rwanda","BORDERPRECISION":3,"LINK":null}},
{"type":"Feature","geometry":{"type":"Polygon","coordinates":[[[26.8863,-5.92],[26.7443,-8.382],[27.3124,-8.7608],[31.0054,-8.7608],[32.2365,-8.6187],[32.6626,-7.9085],[32.2365,-5.3518],[31.5736,-5.8253],[30.5793,-6.0147],[26.8863,-5.92]]]},"properties":{"NAME":"Burundi","SUBJECTO":"Burundi","PARTOF":"Burundi","BORDERPRECISION":3,"LINK":null}},
{"type":"Feature","geometry":{"type":"Polygon","coordinates":[[[34.287,-15.9164],[35.1719,-15.5787],[35.0773,-14.2056],[34.5564,-13.2114],[34.4617,-11.6016],[33.5148,-11.2228],[33.136,-11.3175],[32.9467,-12.7853],[32.272,-13.8861],[31.1475,-14.3003],[30.8516,-15.0697],[31.0291,-15.7207],[33.3427,-15.7065],[34.287,-15.9164]]]},"properties":{"NAME":"Kazembe","SUBJECTO":"Kazembe","PARTOF":"Kazembe","BORDERPRECISION":3,"LINK":null}},
{"type":"Feature","geometry":{"type":"Polygon","coordinates":[[[29.5495,-15.3656],[28.7802,-14.182],[26.6496,-14.1228],[24.5781,-13.235],[23.8679,-13.235],[23.2169,-14.0636],[23.3945,-16.4309],[22.8026,-17.7922],[23.572,-18.4432],[25.7618,-18.384],[27.8332,-18.6799],[29.1944,-17.2003],[29.5495,-15.3656]]]},"properties":{"NAME":"Lozi","SUBJECTO":"Lozi","PARTOF":"Lozi","BORDERPRECISION":3,"LINK":null}},
{"type":"Feature","geometry":{"type":"Polygon","coordinates":[[[13.0231,-7.6054],[13.4768,-8.416],[13.0838,-9.2875],[13.7299,-10.5443],[13.8132,-11.6562],[13.459,-12.5022],[12.5854,-13.4637],[12.3009,-14.5602],[14.4427,-12.6404],[14.6777,-11.7592],[14.0903,-7.7055],[13.0231,-7.6054]]]},"properties":{"NAME":"Angola","SUBJECTO":"Angola","PARTOF":"Angola","BORDERPRECISION":3,"LINK":null}},
{"type":"Feature","geometry":{"type":"Polygon","coordinates":[[[14.0903,-7.7055],[14.3986,-7.1984],[14.8721,-7.3759],[14.9905,-7.1984],[15.0496,-6.0147],[14.5762,-4.7718],[14.1027,-4.9494],[13.2741,-5.778],[13.215,-6.1331],[12.8007,-5.9555],[12.3717,-6.2578],[13.0231,-7.6054],[14.0903,-7.7055]]]},"properties":{"NAME":"Congo","SUBJECTO":"Congo","PARTOF":"Congo","BORDERPRECISION":3,"LINK":null}},
{"type":"Feature","geometry":{"type":"Polygon","coordinates":[[[22.5885,-34.1346],[22.0924,-33.3574],[20.4945,-33.1206],[19.9618,-31.8778],[18.3357,-32.3388],[18.2315,-32.8983],[17.8676,-32.9944],[18.4591,-33.8321],[18.3463,-34.3472],[18.7242,-34.2193],[19.8838,-34.9923],[20.5148,-34.5334],[21.6693,-34.5056],[22.5885,-34.1346]]]},"properties":{"NAME":"Cape Colony","SUBJECTO":"Cape Colony","PARTOF":"Cape Colony","BORDERPRECISION":3,"LINK":null}},
{"type":"Feature","geometry":{"type":"Polygon","coordinates":[[[22.5885,-34.1346],[23.7429,-34.0755],[24.5922,-34.3598],[24.9286,-34.0794],[25.5159,-34.1736],[25.6185,-33.9191],[25.6322,-32.3836],[24.519,-32.5288],[23.0986,-32.0553],[22.0333,-31.1676],[21.4414,-30.99],[20.0802,-31.2268],[17.4321,-30.5705],[18.3357,-32.3388],[19.9618,-31.8778],[20.4945,-33.1206],[22.0924,-33.3574],[22.5885,-34.1346]]]},"properties":{"NAME":"Dutch East Indies","SUBJECTO":"Netherlands","PARTOF":"Dutch East Indies","BORDERPRECISION":3,"LINK":null}},
{"type":"Feature","geometry":{"type":"Polygon","coordinates":[[[25.6185,-33.9191],[26.963,-33.713],[29.0864,-32.1267],[28.4251,-31.1676],[27.8924,-31.1084],[27.0047,-31.8778],[25.6322,-32.3836],[25.6185,-33.9191]]]},"properties":{"NAME":"Xhosa","SUBJECTO":"Xhosa","PARTOF":"Xhosa","BORDERPRECISION":3,"LINK":null}},
{"type":"Feature","geometry":{"type":"Polygon","coordinates":[[[32.0944,-26.2554],[28.721,-28.4451],[28.4251,-28.9186],[30.2948,-30.9202],[31.5631,-29.2098],[32.3462,-28.5853],[32.8874,-26.7151],[32.0944,-26.2554]]]},"properties":{"NAME":"Zulu","SUBJECTO":"Zulu","PARTOF":"Zulu","BORDERPRECISION":3,"LINK":null}},
{"type":"Feature","geometry":{"type":"Polygon","coordinates":[[[32.8874,-26.7151],[32.896,-26.3723],[32.4997,-26.0681],[32.9449,-25.5396],[32.6271,-25.3676],[32.0944,-25.6043],[32.0944,-26.2554],[32.8874,-26.7151]]]},"properties":{"NAME":"Delagoa Bay","SUBJECTO":"Delagoa Bay","PARTOF":"Delagoa Bay","BORDERPRECISION":3,"LINK":null}},
{"type":"Feature","geometry":{"type":"Polygon","coordinates":[[[48.0221,-17.9993],[47.4821,-16.9044],[46.6535,-17.733],[46.1283,-20.6625],[44.9446,-22.3789],[46.6609,-23.2666],[47.3711,-21.0176],[48.318,-20.0707],[48.9099,-17.9993],[48.0221,-17.9993]]]},"properties":{"NAME":"Expansionist Kingdom of Merina","SUBJECTO":"Expansionist Kingdom of Merina","PARTOF":"Expansionist Kingdom of Merina","BORDERPRECISION":3,"LINK":null}},
{"type":"Feature","geometry":{"type":"Polygon","coordinates":[[[-0.5173,6.1503],[-0.5175,6.1546],[-0.5895,7.5235],[-0.3798,8.0829],[-0.1457,8.7072],[-0.7375,9.0031],[-2.2171,8.7811],[-3.441,8.9997],[-4.2885,9.151],[-4.8803,8.7811],[-4.5752,5.2494],[-2.7497,5.0956],[-2.7794,5.4289],[-0.5299,6.1506],[-0.5173,6.1503]]]},"properties":{"NAME":"Asante","SUBJECTO":"Asante","PARTOF":"Asante","BORDERPRECISION":3,"LINK":null}},
{"type":"Feature","geometry":{"type":"Polygon","coordinates":[[[-0.5173,6.1503],[0.1703,6.3753],[1.5804,6.8278],[1.761,6.2532],[2.6168,6.3414],[2.1477,8.1153],[0.3722,8.3373],[-0.3798,8.0829],[-0.5895,7.5235],[-0.5175,6.1546],[-0.5173,6.1503]]]},"properties":{"NAME":"Oyo","SUBJECTO":"Oyo","PARTOF":"Oyo","BORDERPRECISION":3,"LINK":null}},
{"type":"Feature","geometry":{"type":"Polygon","coordinates":[[[-2.7497,5.0956],[-2.0312,4.6982],[1.761,6.2532],[1.5804,6.8278],[0.1703,6.3753],[-0.5173,6.1503],[-0.5299,6.1506],[-2.7794,5.4289],[-2.7497,5.0956]]]},"properties":{"NAME":"Fante","SUBJECTO":"Fante","PARTOF":"Fante","BORDERPRECISION":3,"LINK":null}},
{"type":"Feature","geometry":{"type":"Polygon","coordinates":[[[-0.7375,9.0031],[-0.1457,12.85],[-0.6635,15.2173],[-1.1814,15.7352],[-2.7349,15.8831],[-3.3268,15.5132],[-3.9926,13.6638],[-3.9926,11.4444],[-3.441,8.9997],[-2.2171,8.7811],[-0.7375,9.0031]]]},"properties":{"NAME":"Mossi States","SUBJECTO":"Mossi States","PARTOF":"Mossi States","BORDERPRECISION":3,"LINK":null}},
{"type":"Feature","geometry":{"type":"Polygon","coordinates":[[[7.1757,4.5275],[6.7344,5.0082],[6.7344,5.5261],[7.1783,6.2658],[6.3645,6.9317],[5.6247,6.6357],[5.333,5.2479],[5.6066,4.6321],[6.0888,4.3281],[6.8445,4.2916],[7.1757,4.5275]]]},"properties":{"NAME":"Sotho","SUBJECTO":"Sotho","PARTOF":"Sotho","BORDERPRECISION":3,"LINK":null}},
{"type":"Feature","geometry":{"type":"Polygon","coordinates":[[[-4.5844,17.0668],[-5.5461,17.2147],[-7.3216,16.179],[-11.3905,16.1051],[-12.5742,15.2173],[-12.2782,11.6663],[-11.4645,11.2224],[-8.7272,11.2224],[-5.2502,10.1867],[-4.7324,10.8525],[-4.9543,11.5184],[-4.2145,15.8831],[-4.5844,17.0668]]]},"properties":{"NAME":"Kaarta","SUBJECTO":"Kaarta","PARTOF":"Kaarta","BORDERPRECISION":3,"LINK":null}},
{"type":"Feature","geometry":{"type":"Polygon","coordinates":[[[-16.8704,14.3635],[-16.0512,15.0694],[-15.7553,16.253],[-16.4501,16.1184],[-17.4332,14.8072],[-16.8704,14.3635]]]},"properties":{"NAME":"Senegal","SUBJECTO":"Senegal","PARTOF":"Senegal","BORDERPRECISION":3,"LINK":null}},
{"type":"Feature","geometry":{"type":"Polygon","coordinates":[[[-15.158,11.8761],[-15.4593,12.4801],[-16.5666,12.3098],[-15.8086,11.8429],[-15.158,11.8761]]]},"properties":{"NAME":"Portuguese Guinea","SUBJECTO":"Portuguese Guinea","PARTOF":"Portuguese Guinea","BORDERPRECISION":3,"LINK":null}},
{"type":"Feature","geometry":{"type":"Polygon","coordinates":[[[-61.6867,17.0244],[-61.7944,17.1633],[-61.8872,17.1053],[-61.6867,17.0244]]]},"properties":{"NAME":"Antigua and Barbuda","SUBJECTO":"Antigua and Barbuda","PARTOF":"Antigua and Barbuda","BORDERPRECISION":3,"LINK":null}},
{"type":"Feature","geometry":{"type":"Polygon","coordinates":[[[134.4625,-33.2863],[135.7124,-35.2074],[137.8682,-32.7471],[138.1887,-33.2935],[137.5119,-34.4591],[137.5023,-35.0253],[137.1084,-35.0708],[136.947,-35.4726],[137.6833,-35.3309],[138.1015,-34.3561],[138.5676,-34.9277],[138.1972,-35.7569],[139.3679,-35.6143],[140.012,-37.6416],[140.6522,-38.1639],[143.3648,-38.9697],[144.7476,-38.4558],[144.4111,-38.2457],[144.9698,-38.0658],[145.5359,-38.7225],[146.5259,-39.1806],[146.2992,-38.8935],[148.037,-38.0979],[149.5041,-37.9288],[149.8571,-37.6344],[150.2215,-35.6941],[150.762,-35.2531],[151.3645,-33.5209],[152.1762,-32.8767],[152.9719,-31.4182],[153.4935,-28.8409],[152.9462,-27.341],[153.0691,-26.2277],[152.8314,-25.4715],[151.7301,-24.1575],[150.8025,-23.5999],[150.6936,-22.6781],[149.9448,-22.3236],[150.0173,-22.7304],[149.5568,-22.4326],[149.1015,-21.0601],[148.567,-20.6543],[148.7037,-20.2026],[147.9729,-20.0961],[146.3218,-19.0823],[145.9246,-18.2566],[145.9942,-17.5126],[145.3255,-16.4904],[145.1843,-15.0476],[144.3854,-14.3691],[144.0647,-14.5923],[143.7432,-14.4658],[143.3712,-12.8138],[142.9708,-12.535],[143.1731,-12.1213],[142.8235,-11.9187],[142.6443,-11.0927],[142.3376,-10.9154],[141.6934,-12.3788],[141.9189,-12.7025],[141.5988,-13.0465],[141.4682,-14.7568],[141.7113,-15.2267],[141.3138,-16.4482],[140.8009,-17.5618],[140.0602,-17.8304],[139.2483,-17.4316],[138.9627,-16.9936],[136.6871,-16.0258],[135.4166,-14.9732],[135.8806,-14.203],[135.8309,-13.4848],[136.4691,-13.2228],[136.8597,-12.4401],[136.4345,-12.1168],[136.0912,-12.5752],[135.649,-12.1884],[135.1285,-12.3866],[134.6447,-12.059],[134.6443,-12.1108],[134.6415,-12.4356],[134.6411,-12.4778],[134.6353,-13.1519],[134.6346,-13.2426],[134.6287,-13.9284],[134.6237,-14.5054],[134.6192,-15.0316],[134.6183,-15.1412],[134.6012,-17.133],[134.5941,-17.9577],[134.5744,-20.2472],[134.5724,-20.4814],[134.5599,-21.937],[134.5546,-22.5537],[134.5506,-23.0191],[134.5487,-23.2413],[134.5226,-26.28],[134.5203,-26.5456],[134.4999,-28.9211],[134.4992,-29.0036],[134.4836,-30.8289],[134.4826,-30.9351],[134.4672,-32.7375],[134.4625,-33.2863]]]},"properties":{"NAME":"New South Wales","SUBJECTO":"United Kingdom of Great Britain and Ireland","PARTOF":"New South Wales","BORDERPRECISION":3,"LINK":null}},
{"type":"Feature","geometry":{"type":"Polygon","coordinates":[[[-59.5331,13.0506],[-59.4292,13.165],[-59.6311,13.335],[-59.5331,13.0506]]]},"properties":{"NAME":"Barbados","SUBJECTO":"Barbados","PARTOF":"Barbados","BORDERPRECISION":3,"LINK":null}},
{"type":"Feature","geometry":{"type":"Polygon","coordinates":[[[-61.3636,15.1981],[-61.2533,15.4614],[-61.4522,15.6319],[-61.3636,15.1981]]]},"properties":{"NAME":"Dominica","SUBJECTO":"Dominica","PARTOF":"Dominica","BORDERPRECISION":3,"LINK":null}},
{"type":"Feature","geometry":{"type":"Polygon","coordinates":[[[-61.7469,11.9975],[-61.6286,12.0481],[-61.6119,12.2311],[-61.7469,11.9975]]]},"properties":{"NAME":"Grenada","SUBJECTO":"Grenada","PARTOF":"Grenada","BORDERPRECISION":3,"LINK":null}},
{"type":"Feature","geometry":{"type":"Polygon","coordinates":[[[-60.8608,14.4028],[-60.9408,14.7408],[-61.1747,14.8769],[-60.8608,14.4028]]]},"properties":{"NAME":"Martinique","SUBJECTO":"Martinique","PARTOF":"Martinique","BORDERPRECISION":3,"LINK":null}},
{"type":"Feature","geometry":{"type":"Polygon","coordinates":[[[-62.1714,16.6714],[-62.2019,16.8136],[-62.2367,16.7119],[-62.1714,16.6714]]]},"properties":{"NAME":"Montserrat","SUBJECTO":"Montserrat","PARTOF":"Montserrat","BORDERPRECISION":3,"LINK":null}},
{"type":"Feature","geometry":{"type":"Polygon","coordinates":[[[-63.1678,18.1644],[-62.9931,18.2272],[-62.9725,18.2767],[-63.1678,18.1644]]]},"properties":{"NAME":"Anguilla","SUBJECTO":"Anguilla","PARTOF":"Anguilla","BORDERPRECISION":3,"LINK":null}},
{"type":"Feature","geometry":{"type":"Polygon","coordinates":[[[-62.7017,17.3369],[-62.8639,17.3708],[-62.6253,17.2208],[-62.7017,17.3369]]]},"properties":{"NAME":"Saint Kitts and Nevis","SUBJECTO":"Saint Kitts and Nevis","PARTOF":"Saint Kitts and Nevis","BORDERPRECISION":3,"LINK":null}},
{"type":"Feature","geometry":{"type":"Polygon","coordinates":[[[-60.9547,13.7094],[-60.9303,14.1094],[-61.0794,13.88],[-60.9547,13.7094]]]},"properties":{"NAME":"Saint Lucia","SUBJECTO":"Saint Lucia","PARTOF":"Saint Lucia","BORDERPRECISION":3,"LINK":null}},
{"type":"Feature","geometry":{"type":"Polygon","coordinates":[[[-61.1731,13.1325],[-61.1772,13.3842],[-61.2814,13.2078],[-61.1731,13.1325]]]},"properties":{"NAME":"Saint Vincent and the Grenadines","SUBJECTO":"Saint Vincent and the Grenadines","PARTOF":"Saint Vincent and the Grenadines","BORDERPRECISION":3,"LINK":null}},
{"type":"Feature","geometry":{"type":"Polygon","coordinates":[[[-61.3461,16.3342],[-61.4603,16.5142],[-61.7836,16.3331],[-61.695,15.9492],[-61.3461,16.3342]]]},"properties":{"NAME":"Guadeloupe","SUBJECTO":"Guadeloupe","PARTOF":"Guadeloupe","BORDERPRECISION":3,"LINK":null}},
{"type":"Feature","geometry":{"type":"MultiPolygon","coordinates":[[[[-68.1953,12.2211],[-68.4161,12.2569],[-68.2511,12.0206],[-68.1953,12.2211]]],[[[-68.9656,12.1989],[-69.1636,12.3664],[-69.0625,12.1883],[-68.7469,12.0403],[-68.9656,12.1989]]]]},"properties":{"NAME":"Netherlands Antilles","SUBJECTO":"Netherlands Antilles","PARTOF":"Netherlands Antilles","BORDERPRECISION":3,"LINK":null}},
{"type":"Feature","geometry":{"type":"Polygon","coordinates":[[[-63.0115,18.0673],[-63.0392,18.1219],[-63.1398,18.0586],[-63.0115,18.0673]]]},"properties":{"NAME":"Saint Martin","SUBJECTO":"Saint Martin","PARTOF":"Saint Martin","BORDERPRECISION":3,"LINK":null}},
{"type":"Feature","geometry":{"type":"Polygon","coordinates":[[[-63.1398,18.0586],[-63.0283,18.0156],[-63.0115,18.0673],[-63.1398,18.0586]]]},"properties":{"NAME":"Saint Barthelemy","SUBJECTO":"Saint Barthelemy","PARTOF":"Saint Barthelemy","BORDERPRECISION":3,"LINK":null}},
{"type":"Feature","geometry":{"type":"Polygon","coordinates":[[[-88.3205,18.4944],[-88.1377,18.8944],[-87.8771,18.3809],[-87.6507,20.1899],[-86.9359,20.9764],[-87.2006,21.5289],[-88.6011,21.564],[-90,21.1607],[-90,19.3815],[-91.2197,19.1025],[-91.7025,18.8235],[-91.479,18.6338],[-91.7297,18.4157],[-92.107,18.5159],[-92.0979,18.7596],[-94.242,18.2402],[-96.0123,18.9293],[-97.5042,21.1892],[-97.882,22.3326],[-97.7419,24.7296],[-97.26,25.8114],[-97.638,26.8469],[-97.2666,27.6743],[-97.5678,27.9089],[-96.6845,28.2477],[-96.7166,28.7118],[-95.6028,28.7987],[-94.8446,29.3463],[-95.007,29.7582],[-94.6021,29.5492],[-94.0606,29.6991],[-93.7116,31.0143],[-94.246,31.9764],[-94.2469,33.5352],[-95.4281,33.9449],[-96.5517,33.6693],[-97.1847,33.9393],[-97.3409,33.7016],[-100.2037,34.5435],[-100.2358,37.7093],[-104.0985,37.5484],[-110.2144,38.3531],[-110.2144,42.0548],[-118.925,42.0548],[-124.3059,42.0548],[-124.4119,40.4689],[-123.7963,39.0304],[-122.7586,37.9568],[-122.5314,37.8961],[-122.4898,38.1645],[-122.1192,37.5359],[-122.5521,37.843],[-122.4941,37.3008],[-121.9321,37.009],[-121.9268,36.3383],[-120.6773,35.1893],[-120.6879,34.6217],[-118.6044,34.0964],[-117.4967,33.3254],[-116.0584,30.3392],[-114.0673,28.4229],[-114.2144,27.9075],[-115.0546,27.8532],[-114.4779,27.2439],[-112.411,26.1928],[-112.0928,24.89],[-110.2247,23.3999],[-110.0036,22.8854],[-109.5169,23.1916],[-109.4886,23.5731],[-110.2049,24.3155],[-110.6557,24.2192],[-111.5938,26.7604],[-111.9149,26.6644],[-112.2841,27.5093],[-112.7236,27.7055],[-112.8699,28.3347],[-114.6828,30.1432],[-114.9875,31.1665],[-114.8387,31.8155],[-114.1951,31.5243],[-113.9521,31.6901],[-113.0521,31.1387],[-113.0167,30.5664],[-111.6916,28.4961],[-110.6044,27.8561],[-110.5255,27.3476],[-109.7242,26.6054],[-109.5266,26.7202],[-109.1888,26.4412],[-109.2627,25.6462],[-108.0775,25.0638],[-105.5399,22.2846],[-105.6283,21.9538],[-105.2161,21.3126],[-105.312,20.5877],[-105.6704,20.3517],[-104.9479,19.4378],[-103.4939,18.3539],[-101.9926,18.0265],[-101.2208,17.4179],[-97.8809,16.052],[-96.3329,15.7502],[-95.1302,16.2995],[-94.363,16.2248],[-91.5157,14.0589],[-90,13.9372],[-89.9892,13.6782],[-88.2546,13.1925],[-87.9487,13.1718],[-87.7706,13.5009],[-87.4043,13.0299],[-87.6749,12.9149],[-85.7327,11.0855],[-85.7116,10.0305],[-85.0888,9.5831],[-84.8442,9.841],[-85.2555,10.3108],[-84.6971,9.9884],[-84.4925,9.5374],[-83.6149,9.1516],[-83.6055,8.5478],[-83.279,8.4133],[-83.4124,8.7265],[-83.0851,8.6506],[-82.9575,8.0472],[-82.6843,8.9752],[-82.9066,9.5186],[-82.5599,9.5831],[-83.7466,10.8785],[-83.9001,11.8883],[-84.095,12.5276],[-83.8582,14.1846],[-83.2964,14.615],[-83.5272,15.2366],[-84.132,15.3751],[-84.1714,15.7628],[-84.6505,15.9334],[-88.2739,15.7472],[-88.6313,15.9833],[-88.6643,15.7258],[-88.9408,15.9046],[-89.2511,15.8975],[-89.1656,17.9793],[-88.8667,17.9006],[-88.3205,18.4944]]]},"properties":{"NAME":"Vice-Royalty of New Spain","SUBJECTO":"Spain","PARTOF":"Vice-Royalty of New Spain","BORDERPRECISION":3,"LINK":null}},
{"type":"Feature","geometry":{"type":"MultiPolygon","coordinates":[[[[-158.0719,21.297],[-157.8416,21.2902],[-158.1791,21.6891],[-158.4663,21.5706],[-158.0719,21.297]]],[[[-156.8225,20.9399],[-156.5067,20.5989],[-156.1209,20.7126],[-156.8225,20.9399]]],[[[-156.1633,19.8084],[-155.7828,18.9455],[-154.92,19.5552],[-155.9313,20.2837],[-156.1633,19.8084]]]]},"properties":{"NAME":"Kongldom of Hawaii","SUBJECTO":"Kongldom of Hawaii","PARTOF":"Kongldom of Hawaii","BORDERPRECISION":3,"LINK":null}},
{"type":"Feature","geometry":{"type":"Polygon","coordinates":[[[-77.2535,-2.7591],[-77.2535,-2.0979],[-77.8537,-1.6672],[-78.5616,-2.1287],[-78.3923,-2.9128],[-77.8999,-3.1125],[-77.2535,-2.7591]]]},"properties":{"NAME":"Shuar","SUBJECTO":"Shuar","PARTOF":"Shuar","BORDERPRECISION":3,"LINK":null}},
{"type":"Feature","geometry":{"type":"Polygon","coordinates":[[[106.5527,-3.1752],[106.6427,-2.7111],[106.0365,-2.204],[105.8634,-1.6261],[105.6557,-1.957],[105.4267,-1.7096],[105.1997,-2.1105],[105.8118,-2.3824],[105.9947,-2.8904],[106.5527,-3.1752]]]},"properties":{"NAME":"Dutch East Indies","SUBJECTO":"Dutch East Indies","PARTOF":"Dutch East Indies","BORDERPRECISION":3,"LINK":null}},
{"type":"Feature","geometry":{"type":"MultiPolygon","coordinates":[[[[149.379,-6.2094],[149.5542,-6.4061],[150.2763,-6.3409],[151.2801,-5.6714],[151.9199,-5.6573],[152.0587,-5.4981],[151.8349,-5.2063],[152.2682,-4.7795],[152.0899,-4.3604],[151.5393,-4.4061],[151.5699,-5.0289],[151.1574,-5.0997],[150.7216,-5.6218],[150.1808,-5.7056],[149.8693,-5.4012],[149.6485,-5.7131],[148.3063,-5.7732],[149.379,-6.2094]]],[[[142.4133,-3.3073],[137.8543,-1.614],[137.1107,-1.9842],[137.0842,-2.2511],[136.2709,-2.4181],[135.7342,-3.2518],[135.2464,-3.5389],[134.7731,-3.3047],[134.557,-2.7078],[134.4554,-3.0004],[134.2831,-2.8546],[133.9073,-1.0061],[132.254,-0.5267],[131.2114,-1.0246],[131.0644,-1.5397],[131.8156,-1.6652],[132.219,-2.3443],[133.855,-2.2454],[133.7808,-2.7222],[132.0158,-2.8214],[132.8272,-3.506],[132.7128,-3.8875],[132.9316,-4.2684],[133.3955,-3.9878],[133.7525,-3.1862],[134.0406,-3.9482],[134.7658,-4.0356],[135.0605,-4.4545],[137.8236,-5.4272],[139.0283,-7.0199],[138.6496,-7.1415],[139.1561,-7.7251],[138.917,-8.3167],[139.9769,-8.2382],[140.9476,-9.2739],[142.6074,-9.3766],[143.3311,-9],[142.2489,-8.3095],[143.4368,-8.3578],[143.3561,-8.1292],[143.7796,-8.1092],[143.6648,-7.6709],[144.6274,-7.7832],[145.8196,-8.0984],[146.6461,-9.2789],[147.6155,-10.084],[149.7834,-10.4099],[150.0024,-10.7336],[150.4946,-10.7389],[150.4176,-10.2941],[149.5674,-9.9273],[149.8299,-9.7106],[149.1757,-9.5531],[149.1977,-9.1208],[148.4588,-9.097],[148.0347,-8.2462],[147.1512,-7.5617],[146.9091,-6.8948],[147.7386,-6.7405],[147.3765,-6.1248],[145.6081,-5.5248],[145.7282,-4.997],[144.5427,-3.9954],[142.4133,-3.3073]]],[[[137.6759,-8.4592],[138.2972,-8.5405],[138.8948,-7.7829],[138.3763,-7.5552],[137.6759,-8.4592]]]]},"properties":{"NAME":"Papou","SUBJECTO":"Papu","PARTOF":"Papou","BORDERPRECISION":3,"LINK":null}},
{"type":"Feature","geometry":{"type":"Polygon","coordinates":[[[69.0533,31.6258],[69.275,28.3872],[68.3617,28.2797],[67.6633,27.8499],[67.7707,25.8085],[66.7017,24.7523],[67.1536,24.6516],[67.3159,24.0929],[68.7908,23.0287],[70.3806,22.8606],[69.9685,22.3515],[68.8942,22.2857],[70.4675,20.777],[71.0244,20.6575],[71.8944,20.9897],[72.2562,21.3526],[72.233,22.0196],[72.6956,22.1285],[72.7657,21.1504],[73.1129,20.8271],[72.7595,20.0576],[73.0642,18.0317],[74.1531,14.8495],[74.5997,14.6757],[74.8976,14.5322],[75.0013,14.0486],[75.2403,14.1547],[75.9684,14.8086],[76.4175,14.8086],[76.9356,15.4303],[79.4226,16.0175],[79.3189,16.3284],[79.837,16.4665],[79.9407,16.7429],[80.1825,16.5356],[81.1427,16.9916],[80.3966,17.0745],[79.9622,18.077],[80.59,17.2679],[81.2187,18.539],[81.9095,18.09],[82.1168,18.3318],[81.7023,19.4716],[81.8663,20.4647],[82.2981,20.1625],[82.5572,20.3783],[83.3775,20.3352],[83.5502,19.9466],[83.9388,20.1625],[84.1547,19.5148],[84.716,19.7739],[84.4569,20.1625],[84.6728,20.292],[85.3637,20.2056],[85.2341,21.026],[86.8748,21.5873],[86.3567,21.8032],[86.2704,22.2349],[85.9681,22.3645],[85.7522,22.0622],[85.9681,22.0191],[85.8818,21.5441],[85.3205,21.76],[85.3205,22.1486],[84.2842,22.1054],[84.5865,22.6667],[83.5502,23.1848],[83.4639,23.7893],[82.3413,24.1779],[82.2118,24.7392],[81.8663,24.5665],[81.7368,24.7824],[81.2187,24.4369],[81.0892,24.8687],[80.571,24.9982],[80.6574,25.2573],[80.2688,25.5164],[79.2757,25.43],[79.2757,25.7322],[78.8872,25.8618],[78.9735,26.4662],[78.2395,26.2072],[78.369,26.7685],[77.8077,27.5888],[77.5487,27.5457],[77.5487,27.9343],[76.8147,27.8047],[77.0737,28.4524],[76.642,28.7114],[77.4192,29.2296],[77.0737,29.2727],[76.9442,29.7045],[77.5919,29.9636],[77.6802,30.3688],[78.3259,29.834],[79.0599,29.7477],[79.0167,28.3228],[79.2757,28.3228],[79.7075,29.3591],[80.0983,28.9519],[80.4129,29.7852],[81.0213,30.2465],[79.1088,31.4593],[78.8053,31.3477],[78.4507,32.5828],[78.804,32.672],[78.9705,32.3893],[79.5653,32.7018],[79.447,33.2003],[78.6245,33.5042],[78.8067,34.1997],[78.1443,34.5475],[77.8462,35.4748],[76.0923,35.7984],[75.6278,36.769],[74.5205,37.0046],[73.7863,36.7269],[72.3727,36.7177],[71.3248,36.0516],[71.6589,35.1251],[71.0967,34.6204],[71.1535,34.1384],[69.87,33.9408],[70.2892,33.2831],[69.5079,32.9486],[69.0533,31.6258]]]},"properties":{"NAME":"Maratha Confederacy","SUBJECTO":"Maratha Confederacy","PARTOF":"Maratha Confederacy","BORDERPRECISION":3,"LINK":null}},
{"type":"Feature","geometry":{"type":"Polygon","coordinates":[[[8.6961,38.9958],[9.4789,39.1442],[9.6483,39.4572],[9.7937,40.5637],[9.3062,41.1844],[8.1595,40.7847],[8.488,40.2088],[8.3742,39.3078],[8.6961,38.9958]]]},"properties":{"NAME":"Kingdom of Sardinia","SUBJECTO":"Kingdom of Sardinia","PARTOF":"Kingdom of Sardinia","BORDERPRECISION":3,"LINK":null}},
{"type":"Feature","geometry":{"type":"Polygon","coordinates":[[[5.9415,46.1755],[6.1079,46.1255],[6.3837,46.3416],[6.1478,46.2067],[6.5111,46.5159],[6.8074,46.394],[6.9553,45.9389],[7.7899,45.927],[8.4374,46.4658],[8.6366,46.1173],[9.0292,45.8239],[9.283,46.4992],[9.9945,46.2525],[10.3957,46.8874],[9.5208,47.0694],[9.5393,47.4872],[8.9835,47.6796],[8.6351,47.7786],[7.5066,47.6037],[6.9219,47.5141],[5.9415,46.1755]]]},"properties":{"NAME":"Switzerland","SUBJECTO":"Switzerland","PARTOF":"Switzerland","BORDERPRECISION":3,"LINK":null}},
{"type":"Feature","geometry":{"type":"Polygon","coordinates":[[[120.395,-32.7612],[120.406,-32.7756],[120.4609,-32.877],[120.5296,-32.9594],[120.5377,-32.9692],[120.5816,-33.052],[120.7134,-33.1715],[122.7548,-33.3913],[122.7995,-33.1645],[122.8275,-33.0552],[122.8282,-33.0553],[122.8326,-33.0354],[122.9097,-32.7581],[122.9317,-32.4893],[122.9208,-32.3685],[122.9979,-32.0985],[123.108,-31.7529],[123.1851,-31.4623],[123.3833,-30.9917],[123.2512,-30.9539],[123.1941,-30.9376],[122.8052,-30.9776],[122.2778,-31.0435],[121.6187,-31.1],[121.2394,-31.1],[121.215,-31.1139],[120.9618,-31.2457],[120.6976,-31.4054],[120.4224,-31.6399],[120.1691,-31.8925],[120.0232,-32.0589],[119.9166,-32.1804],[119.9888,-32.2294],[120.0657,-32.3407],[120.2303,-32.5538],[120.3121,-32.6534],[120.395,-32.7612]]]},"properties":{"NAME":"Kalaako/Malpa","SUBJECTO":"Kalaako/Malpa","PARTOF":"Kalaako/Malpa","BORDERPRECISION":3,"LINK":null}},
{"type":"Feature","geometry":{"type":"Polygon","coordinates":[[[128.1814,-15.2493],[128.0856,-15.3552],[128.0819,-15.3594],[128.0676,-15.4166],[128.0552,-15.4406],[128.048,-15.4453],[128.0511,-15.4484],[128.1226,-15.5172],[128.1193,-15.5578],[128.1396,-15.5638],[128.1445,-15.5595],[128.4412,-15.4907],[128.4521,-15.3319],[128.4631,-15.2497],[128.4643,-15.2408],[128.4741,-15.1676],[128.7817,-15.0827],[129.2816,-15.2948],[129.7156,-15.2895],[129.7583,-15.2734],[129.7321,-15.2312],[129.6724,-15.1544],[129.6323,-15.278],[128.4589,-14.8864],[128.1814,-15.2493]]]},"properties":{"NAME":"Kadjerong","SUBJECTO":"Kadjerong","PARTOF":"Kadjerong","BORDERPRECISION":3,"LINK":null}},
{"type":"Feature","geometry":{"type":"Polygon","coordinates":[[[125.9385,-18.0475],[125.9253,-18.0466],[125.744,-18.0466],[125.6846,-18.0898],[125.744,-18.1197],[125.7282,-18.1414],[125.6561,-18.2398],[125.5627,-18.3493],[125.4965,-18.4104],[125.4968,-18.4171],[125.4989,-18.4222],[125.5463,-18.4275],[125.8759,-18.8543],[126.0571,-18.9271],[126.2219,-18.9271],[126.2868,-18.9438],[126.3032,-18.9398],[126.2988,-18.8855],[126.7163,-18.6671],[126.7729,-18.5557],[126.7754,-18.4796],[126.7383,-18.4796],[126.4856,-18.1354],[125.9363,-18.0623],[125.9488,-18.0482],[125.9385,-18.0475]]]},"properties":{"NAME":"Gooniyandi","SUBJECTO":"Gooniyandi","PARTOF":"Gooniyandi","BORDERPRECISION":3,"LINK":null}},
{"type":"Feature","geometry":{"type":"Polygon","coordinates":[[[115.9854,-22.4681],[116.0156,-22.4669],[115.9497,-22.5481],[115.9123,-22.6023],[115.9269,-22.6307],[115.9552,-22.6394],[116.087,-22.7964],[116.4551,-22.9685],[116.5416,-23.0175],[116.6087,-23.0043],[116.6528,-22.923],[116.8396,-22.7812],[116.8614,-22.7712],[116.7517,-22.6647],[116.6089,-22.5836],[116.532,-22.4923],[116.4221,-22.4313],[116.1694,-22.4212],[115.9999,-22.4525],[115.9854,-22.4681]]]},"properties":{"NAME":"Pinikura","SUBJECTO":"Pinikura","PARTOF":"Pinikura","BORDERPRECISION":3,"LINK":null}},
{"type":"Feature","geometry":{"type":"Polygon","coordinates":[[[128.0856,-15.3552],[127.9849,-15.2879],[128.0176,-15.0209],[127.9892,-14.8571],[127.8589,-15.0191],[127.6653,-15.2267],[127.6606,-15.2413],[127.7161,-15.2948],[127.7161,-15.4643],[127.8259,-15.5595],[128.0237,-15.4219],[128.048,-15.4453],[128.0552,-15.4406],[128.0676,-15.4166],[128.0819,-15.3594],[128.0856,-15.3552]]]},"properties":{"NAME":"Yiiji","SUBJECTO":"Yiiji","PARTOF":"Yiiji","BORDERPRECISION":3,"LINK":null}},
{"type":"Feature","geometry":{"type":"Polygon","coordinates":[[[116.7744,-20.7855],[116.7553,-20.7883],[116.4188,-20.8371],[116.2513,-20.9236],[116.4441,-21.2075],[116.4485,-21.293],[116.5179,-21.3407],[116.6858,-21.3764],[116.8414,-21.4041],[116.8818,-21.3857],[116.889,-21.3405],[117.0264,-21.0435],[117.0736,-21.0403],[117.0704,-21.0253],[116.9879,-20.9768],[116.922,-20.8999],[116.7792,-20.828],[116.8116,-20.7847],[116.7744,-20.7855]]]},"properties":{"NAME":"Martuthunira","SUBJECTO":"Martuthunira","PARTOF":"Martuthunira","BORDERPRECISION":3,"LINK":null}},
{"type":"Feature","geometry":{"type":"Polygon","coordinates":[[[117.188,-23.332],[117.1857,-23.3523],[117.185,-23.3714],[117.1802,-23.5136],[117.1476,-23.6182],[117.2791,-23.6797],[117.4988,-23.725],[117.6416,-23.8306],[117.6834,-23.8425],[117.7295,-23.8557],[117.7295,-23.9863],[117.7196,-23.9895],[117.8833,-24.0314],[118.504,-23.6294],[118.5602,-23.5265],[118.4161,-23.4582],[118.2019,-23.3423],[117.4933,-22.9129],[117.4274,-22.8167],[117.4487,-22.7703],[117.2957,-22.8063],[116.9934,-22.8774],[116.9824,-22.8741],[116.9824,-22.8825],[116.9824,-22.9331],[117.2021,-23.206],[117.188,-23.332]]]},"properties":{"NAME":"Yinhawangka","SUBJECTO":"Yinhawangka","PARTOF":"Yinhawangka","BORDERPRECISION":3,"LINK":null}},
{"type":"Feature","geometry":{"type":"Polygon","coordinates":[[[122.5374,-16.9232],[122.1608,-17.3192],[122.5964,-17.3166],[122.7585,-17.3166],[122.8031,-17.3166],[122.8052,-17.2615],[122.8381,-17.0988],[122.8909,-17.0365],[122.8629,-17.0253],[122.6431,-16.9859],[122.5374,-16.9232]]]},"properties":{"NAME":"Jabirrjabirr","SUBJECTO":"Jabirrjabirr","PARTOF":"Jabirrjabirr","BORDERPRECISION":3,"LINK":null}},
{"type":"Feature","geometry":{"type":"Polygon","coordinates":[[[118.5095,-28.4011],[119.2017,-28.6424],[119.3938,-28.7412],[119.4214,-28.7484],[119.436,-28.7629],[119.5203,-28.8062],[119.6851,-29.0081],[119.7565,-28.9937],[119.729,-28.9697],[120.3552,-28.8062],[121.8494,-28.8447],[122.1021,-28.7677],[122.1441,-28.7533],[122.2998,-28.7002],[122.3169,-28.6968],[122.2668,-28.5845],[121.9592,-28.1592],[121.8054,-27.9847],[121.7638,-27.9193],[121.756,-27.9071],[121.6939,-27.8563],[121.6132,-27.7905],[121.4923,-27.6495],[121.322,-27.5278],[121.306,-27.5283],[121.2884,-27.5289],[121.1792,-27.5326],[120.976,-27.5326],[120.8661,-27.5375],[119.6027,-27.2693],[119.3225,-27.2839],[118.8336,-28.0429],[118.7339,-28.0972],[118.7283,-28.1003],[118.6469,-28.1447],[118.532,-28.3041],[118.4656,-28.3962],[118.5095,-28.4011]]]},"properties":{"NAME":"Kuwarra","SUBJECTO":"Kuwarra","PARTOF":"Kuwarra","BORDERPRECISION":3,"LINK":null}},
{"type":"Feature","geometry":{"type":"Polygon","coordinates":[[[113.6674,-23.7801],[114.2633,-23.931],[114.4822,-23.9698],[114.5215,-23.9159],[114.5215,-23.8758],[114.6478,-23.5438],[114.6753,-23.317],[114.7059,-23.3269],[114.7066,-23.2872],[114.7083,-23.201],[114.7302,-23.0545],[114.7742,-22.928],[114.796,-22.8274],[114.7961,-22.8268],[114.7926,-22.8217],[114.7577,-22.7711],[114.2908,-22.685],[113.8239,-22.7559],[113.7831,-22.8395],[113.7744,-22.8572],[113.7579,-23.014],[113.762,-23.4811],[113.6674,-23.7801]]]},"properties":{"NAME":"Payungu","SUBJECTO":"Payungu","PARTOF":"Payungu","BORDERPRECISION":3,"LINK":null}},
{"type":"Feature","geometry":{"type":"Polygon","coordinates":[[[114.4822,-23.9698],[114.2633,-23.931],[113.6674,-23.7801],[113.3734,-24.2638],[113.5657,-24.7917],[113.6116,-24.8076],[113.6316,-24.7817],[113.7579,-24.7269],[114.137,-24.672],[114.8676,-24.9213],[115.03,-24.9397],[115.2154,-24.9607],[115.3125,-24.8067],[115.3235,-24.632],[114.8676,-24.1066],[114.6313,-23.9963],[114.5215,-23.9768],[114.4822,-23.9698]]]},"properties":{"NAME":"Maya","SUBJECTO":"Maya","PARTOF":"Maya","BORDERPRECISION":3,"LINK":null}},
{"type":"Feature","geometry":{"type":"Polygon","coordinates":[[[132.3688,-13.0955],[132.2901,-13.0879],[132.2589,-13.0848],[132.182,-13.1918],[132.1996,-13.2226],[132.2095,-13.2399],[132.8467,-13.5499],[132.6215,-13.5766],[132.4072,-13.6727],[132.1985,-13.6833],[132.0996,-13.7207],[132.0782,-13.7498],[132.0711,-13.7595],[132.0447,-13.7954],[132.0007,-13.9287],[131.992,-13.966],[131.982,-14.0083],[131.9568,-14.1153],[131.9458,-14.291],[131.8854,-14.4294],[131.8799,-14.4879],[131.896,-14.5692],[131.9073,-14.6261],[131.9813,-14.6164],[132.038,-14.609],[132.1106,-14.5995],[132.4237,-14.5517],[132.7753,-14.6633],[132.9291,-14.743],[133.162,-14.9016],[133.1708,-14.9076],[133.1807,-14.8971],[133.2043,-14.8718],[133.3795,-14.6846],[133.4619,-14.3229],[133.4695,-14.309],[133.4836,-14.283],[133.5773,-14.1099],[133.6377,-13.71],[133.6368,-13.6848],[133.6322,-13.5552],[133.6377,-13.411],[133.5716,-13.3265],[133.5498,-13.2988],[132.9785,-13.3041],[132.8082,-13.2346],[132.6864,-13.1773],[132.6667,-13.1681],[132.6489,-13.1597],[132.3688,-13.0955]]]},"properties":{"NAME":"Jawoyn","SUBJECTO":"Jawoyn","PARTOF":"Jawoyn","BORDERPRECISION":3,"LINK":null}},
{"type":"Feature","geometry":{"type":"Polygon","coordinates":[[[134.5941,-17.9577],[134.3472,-17.9436],[134.231,-17.9369],[133.7915,-17.9787],[133.9887,-18.1453],[133.9879,-18.1455],[133.4949,-18.031],[133.4322,-18.2473],[133.4189,-18.2508],[133.4283,-18.261],[133.374,-18.4483],[133.7476,-18.8543],[133.4839,-19.1244],[132.9785,-19.2697],[132.4731,-19.3111],[132.3938,-19.3272],[132.3157,-19.343],[132.4512,-19.5598],[132.5281,-19.8184],[132.8247,-20.2107],[132.9625,-20.7348],[132.9895,-20.7664],[132.9956,-20.7767],[133.0994,-20.9512],[134.3298,-20.6533],[134.5724,-20.4814],[134.5744,-20.2472],[134.5941,-17.9577]]]},"properties":{"NAME":"Warumungu","SUBJECTO":"Warumungu","PARTOF":"Warumungu","BORDERPRECISION":3,"LINK":null}},
{"type":"Feature","geometry":{"type":"Polygon","coordinates":[[[131.0407,-25.4659],[131.0339,-25.5127],[131.0596,-25.525],[131.2097,-25.5969],[131.9348,-25.879],[132.627,-26.1949],[132.9236,-26.4706],[132.9703,-26.4636],[133.007,-26.4581],[133.1213,-26.4411],[133.3191,-26.3131],[133.8135,-26.116],[133.8715,-26.0783],[133.9731,-26.0124],[134.0112,-25.9877],[133.1213,-24.5771],[132.2095,-23.7049],[132.1216,-23.4128],[132.3413,-23.0898],[132.3149,-23.0363],[132.3035,-23.0134],[132.2864,-22.9786],[132.1962,-22.9786],[132.2314,-23.0292],[132.1216,-23.0292],[132.1209,-23.0291],[131.781,-23.009],[131.4624,-23.009],[131.2941,-22.9745],[131.2646,-23.1505],[131.1877,-23.4632],[130.9131,-24.3871],[130.6714,-24.7069],[130.6011,-24.7708],[130.5762,-24.7933],[130.6989,-24.8416],[130.8472,-24.8815],[131.001,-25.0408],[131.0614,-25.2099],[131.0504,-25.3986],[131.0407,-25.4659]]]},"properties":{"NAME":"Luritja","SUBJECTO":"Luritja","PARTOF":"Luritja","BORDERPRECISION":3,"LINK":null}},
{"type":"Feature","geometry":{"type":"Polygon","coordinates":[[[134.5724,-20.4814],[134.3298,-20.6533],[133.0994,-20.9512],[132.9956,-20.7767],[132.9735,-20.7767],[133.0005,-20.8793],[133.0994,-21.2075],[133.0774,-21.6778],[132.9459,-21.8914],[132.9244,-21.9264],[133.0225,-22.1264],[133.6816,-22.2077],[134.0165,-22.3545],[134.0991,-22.3907],[134.1291,-22.4032],[134.5386,-22.5734],[134.5546,-22.5537],[134.5599,-21.937],[134.5724,-20.4814]]]},"properties":{"NAME":"Kaytej","SUBJECTO":"Kaytej","PARTOF":"Kaytej","BORDERPRECISION":3,"LINK":null}},
{"type":"Feature","geometry":{"type":"Polygon","coordinates":[[[118.7442,-34.5803],[119.1138,-34.5247],[119.0314,-34.493],[118.8841,-34.2822],[118.8666,-34.2572],[118.7297,-34.2543],[118.6523,-34.2527],[117.5867,-34.2754],[116.521,-34.3298],[116.5759,-34.6016],[116.5704,-34.8273],[116.5468,-34.8654],[116.4465,-35.027],[116.4111,-35.084],[117.7933,-35.2123],[118.7442,-34.5803]]]},"properties":{"NAME":"Minang","SUBJECTO":"Minang","PARTOF":"Minang","BORDERPRECISION":3,"LINK":null}},
{"type":"Feature","geometry":{"type":"Polygon","coordinates":[[[113.0916,-26.0577],[113.4998,-26.6867],[113.5986,-26.7603],[113.7338,-26.8005],[113.8458,-26.7505],[114.0161,-26.5885],[114.6313,-26.3968],[114.6772,-26.4379],[114.7412,-26.3869],[114.7687,-26.2195],[114.7192,-25.8741],[114.7275,-25.7516],[114.5709,-25.7653],[114.2139,-25.7653],[114.0051,-25.7108],[113.9552,-25.6345],[113.8965,-25.5901],[114.1808,-26.2714],[113.8807,-26.509],[113.3212,-25.6903],[113.7394,-26.6665],[113.5798,-26.656],[113.0916,-26.0577]]]},"properties":{"NAME":"Malkana","SUBJECTO":"Malkana","PARTOF":"Malkana","BORDERPRECISION":3,"LINK":null}},
{"type":"Feature","geometry":{"type":"Polygon","coordinates":[[[122.2319,-18.1673],[122.2244,-18.1834],[122.2247,-18.1898],[122.2339,-18.1876],[122.7502,-18.365],[122.8821,-18.4483],[122.8873,-18.4619],[122.908,-18.4625],[122.8931,-18.4536],[123.0029,-18.2659],[123.051,-18.0649],[122.9205,-18.0049],[122.8381,-17.8428],[122.8226,-17.7159],[122.8165,-17.6657],[122.8024,-17.6676],[122.753,-17.6833],[122.7239,-17.7156],[122.72,-17.7199],[122.7076,-17.7561],[122.6706,-17.8637],[122.6349,-17.9212],[122.3657,-18.0362],[122.326,-18.0614],[122.308,-18.0728],[122.2281,-18.1439],[122.2319,-18.1673]]]},"properties":{"NAME":"Yawuru","SUBJECTO":"Yawuru","PARTOF":"Yawuru","BORDERPRECISION":3,"LINK":null}},
{"type":"Feature","geometry":{"type":"Polygon","coordinates":[[[115.7151,-33.0177],[115.7148,-33.0193],[115.6535,-33.3305],[115.6499,-33.3493],[115.7355,-33.4177],[115.8166,-33.6064],[115.8398,-33.6604],[115.8677,-33.6704],[115.9903,-33.7146],[116.0046,-33.7198],[116.1941,-33.9269],[116.2023,-33.9358],[116.2134,-33.9479],[116.1969,-34.1936],[117.5647,-34.2073],[117.6721,-34.0216],[117.691,-33.9889],[117.6652,-33.9469],[117.5592,-33.7746],[117.4252,-33.6393],[117.4191,-33.6443],[117.2103,-33.4795],[116.9879,-33.381],[116.7572,-33.2984],[116.6778,-33.2481],[116.6309,-33.2295],[116.2692,-33.0626],[116.142,-33.0271],[116.0495,-33.0012],[115.9854,-32.9925],[115.986,-32.9835],[115.9772,-32.981],[115.9688,-32.981],[115.8344,-32.981],[115.7151,-33.0177]]]},"properties":{"NAME":"Kaniyang","SUBJECTO":"Kaniyang","PARTOF":"Kaniyang","BORDERPRECISION":3,"LINK":null}},
{"type":"Feature","geometry":{"type":"Polygon","coordinates":[[[129.5123,-15.9772],[129.353,-16.1777],[129.2827,-16.2928],[129.267,-16.3187],[129.2871,-16.3412],[129.342,-16.4572],[129.2651,-16.6257],[129.2542,-16.6257],[129.2542,-16.794],[130.144,-17.0673],[130.249,-17.1522],[130.2909,-17.1222],[130.3308,-17.0935],[130.6824,-16.6941],[130.957,-16.4414],[130.9597,-16.4223],[130.9629,-16.3995],[130.968,-16.3623],[130.8691,-16.1039],[130.8661,-16.1029],[130.7591,-16.0674],[130.7098,-16.0511],[130.4846,-15.9613],[130.4462,-15.8081],[130.4462,-15.7081],[130.4462,-15.6918],[130.4462,-15.6601],[130.4187,-15.5278],[130.3918,-15.4924],[130.3803,-15.4774],[130.3583,-15.4484],[130.2869,-15.3954],[130.1548,-15.4867],[130.1132,-15.5155],[130.0342,-15.5701],[129.787,-15.7394],[129.5123,-15.9772]]]},"properties":{"NAME":"Ngarinman","SUBJECTO":"Ngarinman","PARTOF":"Ngarinman","BORDERPRECISION":3,"LINK":null}},
{"type":"Feature","geometry":{"type":"Polygon","coordinates":[[[122.7076,-17.7561],[122.6816,-17.7644],[122.1899,-17.7827],[122.1824,-17.7719],[122.157,-17.7905],[122.2017,-17.983],[122.2126,-18.0494],[122.2476,-18.0597],[122.326,-18.0614],[122.3657,-18.0362],[122.6349,-17.9212],[122.6706,-17.8637],[122.7076,-17.7561]]]},"properties":{"NAME":"Jukun","SUBJECTO":"Jukun","PARTOF":"Jukun","BORDERPRECISION":3,"LINK":null}},
{"type":"Feature","geometry":{"type":"Polygon","coordinates":[[[130.0855,-13.5925],[130.0611,-13.6059],[130.1138,-13.6193],[130.1042,-13.7767],[130.1413,-13.8647],[130.2001,-13.8878],[130.2276,-13.8823],[130.2237,-13.8807],[130.2374,-13.7127],[130.2669,-13.6347],[130.2672,-13.6338],[130.2127,-13.6033],[130.1909,-13.4978],[130.1761,-13.5111],[130.0855,-13.5925]]]},"properties":{"NAME":"Maranunggu","SUBJECTO":"Maranunggu","PARTOF":"Maranunggu","BORDERPRECISION":3,"LINK":null}},
{"type":"Feature","geometry":{"type":"Polygon","coordinates":[[[116.4331,-23.9762],[116.4496,-24.1818],[116.3452,-24.4622],[116.3665,-24.5618],[116.3735,-24.5946],[116.5045,-24.5121],[116.8341,-24.4821],[117.0978,-24.0013],[117.3615,-23.9712],[117.4219,-24.0063],[117.5812,-24.0314],[117.5943,-24.0314],[117.7196,-23.9895],[117.7295,-23.9863],[117.7295,-23.8557],[117.6834,-23.8425],[117.6416,-23.8306],[117.4988,-23.725],[117.2791,-23.6797],[117.1476,-23.6182],[117.0319,-23.564],[116.6913,-23.3977],[116.2793,-23.2111],[115.9772,-23.014],[115.776,-22.9214],[115.7355,-22.9027],[115.7328,-22.9269],[115.697,-23.2514],[115.8234,-23.6999],[115.8016,-23.7536],[115.7908,-23.7803],[115.7684,-23.8356],[115.8097,-23.8422],[115.8351,-23.8462],[115.8948,-23.8557],[116.2738,-23.8758],[116.4331,-23.9762]]]},"properties":{"NAME":"Thiin","SUBJECTO":"Thiin","PARTOF":"Thiin","BORDERPRECISION":3,"LINK":null}},
{"type":"Feature","geometry":{"type":"Polygon","coordinates":[[[130.1548,-15.4867],[130.1331,-15.4378],[129.9133,-15.4113],[129.8859,-15.3425],[129.849,-15.296],[129.8145,-15.2524],[129.7583,-15.2734],[129.7156,-15.2895],[129.2816,-15.2948],[128.7817,-15.0827],[128.4741,-15.1676],[128.4643,-15.2408],[128.4631,-15.2497],[128.4521,-15.3319],[128.4412,-15.4907],[128.1445,-15.5595],[128.1396,-15.5638],[128.1173,-15.5828],[128.1116,-15.6548],[128.0237,-15.824],[127.9382,-15.8714],[128.0786,-15.8768],[129.0125,-16.1408],[129.1674,-16.2348],[129.1718,-16.2358],[129.2827,-16.2928],[129.353,-16.1777],[129.5123,-15.9772],[129.787,-15.7394],[130.0342,-15.5701],[130.1132,-15.5155],[130.1548,-15.4867]]]},"properties":{"NAME":"Doolboong/Miriwoong","SUBJECTO":"Doolboong/Miriwoong","PARTOF":"Doolboong/Miriwoong","BORDERPRECISION":3,"LINK":null}},
{"type":"Feature","geometry":{"type":"Polygon","coordinates":[[[129.0344,-18.0101],[129.1443,-18.9167],[128.8586,-19.1659],[128.7702,-19.2494],[128.7582,-19.2608],[128.7158,-19.3008],[130.4956,-20.5505],[130.4956,-20.7972],[130.3967,-21.0025],[130.2534,-21.1139],[130.3201,-21.1217],[130.4407,-21.1357],[130.7373,-21.3201],[130.6824,-22.3399],[131.3196,-22.7559],[131.3086,-22.8876],[131.2983,-22.9492],[131.2941,-22.9745],[131.4624,-23.009],[131.781,-23.009],[132.1209,-23.0291],[132.1216,-23.0292],[132.2314,-23.0292],[132.1962,-22.9786],[132.0337,-22.7458],[131.8799,-22.5531],[131.8799,-22.2891],[132.0667,-22.0042],[132.9016,-21.9634],[132.9244,-21.9264],[132.9459,-21.8914],[133.0774,-21.6778],[133.0994,-21.2075],[133.0005,-20.8793],[132.9735,-20.7767],[132.9625,-20.7348],[132.8247,-20.2107],[132.5281,-19.8184],[132.4512,-19.5598],[132.3157,-19.343],[132.2739,-19.2761],[132.1985,-19.1555],[132.0557,-18.9479],[131.748,-18.7295],[131.5942,-18.5629],[131.2317,-18.3024],[131.0289,-18.1616],[130.9736,-18.1232],[130.946,-18.1041],[129.2651,-18.3232],[129.151,-18.1684],[129.0344,-18.0101]]]},"properties":{"NAME":"Warlpiri","SUBJECTO":"Warlpiri","PARTOF":"Warlpiri","BORDERPRECISION":3,"LINK":null}},
{"type":"Feature","geometry":{"type":"Polygon","coordinates":[[[124.8816,-18.4796],[124.8146,-18.5802],[124.8596,-18.589],[124.8596,-18.6101],[124.8596,-18.6983],[124.8047,-18.7815],[124.7992,-18.9582],[125.1123,-19.8752],[125.0024,-20.1488],[124.9554,-20.1961],[125.1123,-20.1797],[126.0791,-20.2828],[126.3445,-20.3414],[126.3647,-20.2828],[126.8042,-19.1971],[126.8256,-19.1823],[126.8289,-19.1569],[126.8262,-19.1555],[126.6943,-19.0829],[126.4417,-19.1036],[126.3098,-19.0206],[126.3039,-18.9482],[126.3032,-18.9398],[126.2868,-18.9438],[126.2219,-18.9271],[126.0571,-18.9271],[125.8759,-18.8543],[125.5463,-18.4275],[125.4989,-18.4222],[125.4853,-18.4207],[125.4529,-18.4171],[125.3101,-18.4848],[124.8816,-18.4796]]]},"properties":{"NAME":"Walmatjarri","SUBJECTO":"Walmatjarri","PARTOF":"Walmatjarri","BORDERPRECISION":3,"LINK":null}},
{"type":"Feature","geometry":{"type":"Polygon","coordinates":[[[119.9166,-32.1804],[118.8691,-31.5303],[118.4977,-31.217],[118.2652,-30.9072],[118.2157,-30.862],[118.1864,-30.9013],[117.9163,-31.2645],[117.724,-31.527],[117.5262,-31.9568],[117.5372,-32.2128],[117.6038,-32.3815],[117.6121,-32.4024],[117.6691,-32.5468],[117.7428,-32.6329],[118.0371,-32.9764],[118.1085,-33.0562],[118.1525,-33.1053],[118.4122,-33.129],[118.4914,-33.1362],[118.4766,-33.1099],[119.1687,-33.1376],[119.6082,-33.1376],[119.9484,-33.153],[120.0349,-33.148],[120.1931,-33.0856],[120.3278,-32.9534],[120.3937,-32.7734],[120.395,-32.7612],[120.3121,-32.6534],[120.2303,-32.5538],[120.0657,-32.3407],[119.9888,-32.2294],[119.9166,-32.1804]]]},"properties":{"NAME":"Nyaki-nyaki","SUBJECTO":"Nyaki-nyaki","PARTOF":"Nyaki-nyaki","BORDERPRECISION":3,"LINK":null}},
{"type":"Feature","geometry":{"type":"Polygon","coordinates":[[[116.8211,-20.7845],[116.8117,-20.7847],[116.8116,-20.7847],[116.7792,-20.828],[116.922,-20.8999],[116.9879,-20.9768],[117.0704,-21.0253],[117.0937,-21.039],[117.1802,-21.0332],[117.4219,-21.0999],[117.9053,-21.274],[117.9621,-21.3172],[117.975,-21.3136],[117.9163,-21.1562],[117.7954,-20.6893],[117.7939,-20.6384],[117.8143,-20.6189],[117.0881,-20.7785],[116.8211,-20.7845]]]},"properties":{"NAME":"Ngarluma","SUBJECTO":"Ngarluma","PARTOF":"Ngarluma","BORDERPRECISION":3,"LINK":null}},
{"type":"Feature","geometry":{"type":"Polygon","coordinates":[[[130.1904,-14.0271],[130.1786,-14.0373],[130.1591,-14.054],[130.0768,-14.082],[130.0459,-14.0918],[130.1056,-14.1166],[130.1056,-14.1277],[130.21,-14.094],[130.2924,-14.0034],[130.3014,-13.9114],[130.2403,-13.8873],[130.225,-13.8975],[130.2264,-13.8981],[130.2278,-13.9327],[130.2162,-13.9777],[130.2125,-13.992],[130.2072,-14.0127],[130.1904,-14.0271]]]},"properties":{"NAME":"Marramaninjsji","SUBJECTO":"Marramaninjsji","PARTOF":"Marramaninjsji","BORDERPRECISION":3,"LINK":null}},
{"type":"Feature","geometry":{"type":"Polygon","coordinates":[[[125.9385,-18.0475],[125.9488,-18.0482],[125.9567,-18.0394],[126.0571,-17.9265],[126.2219,-17.7278],[126.2744,-17.7182],[126.189,-17.5917],[126.0352,-17.4764],[125.8044,-17.4345],[125.7937,-17.4169],[125.7825,-17.4502],[125.6616,-17.5655],[125.4803,-17.6702],[125.3372,-17.6495],[125.3485,-17.6702],[125.3979,-17.7696],[125.4803,-17.9056],[125.6506,-18.0728],[125.6846,-18.0898],[125.744,-18.0466],[125.9253,-18.0466],[125.9385,-18.0475]]]},"properties":{"NAME":"Punuba","SUBJECTO":"Punuba","PARTOF":"Punuba","BORDERPRECISION":3,"LINK":null}},
{"type":"Feature","geometry":{"type":"Polygon","coordinates":[[[132.2739,-19.2761],[132.3938,-19.3272],[132.4731,-19.3111],[132.9785,-19.2697],[133.4839,-19.1244],[133.7476,-18.8543],[133.374,-18.4483],[133.4283,-18.261],[133.4189,-18.2508],[133.3411,-18.1667],[133.352,-17.7487],[133.2793,-17.7444],[133.0194,-17.7292],[132.8796,-17.7435],[132.7533,-17.7435],[132.4731,-17.7696],[131.5503,-17.9787],[131.5094,-17.9698],[131.5056,-17.9715],[131.4899,-17.9787],[131.1053,-18.0623],[130.9736,-18.1232],[131.0289,-18.1616],[131.2317,-18.3024],[131.5942,-18.5629],[131.748,-18.7295],[132.0557,-18.9479],[132.1985,-19.1555],[132.2739,-19.2761]]]},"properties":{"NAME":"Warlmanpa","SUBJECTO":"Warlmanpa","PARTOF":"Warlmanpa","BORDERPRECISION":3,"LINK":null}},
{"type":"Feature","geometry":{"type":"Polygon","coordinates":[[[125.7916,-17.4135],[125.7937,-17.4169],[125.8044,-17.4345],[126.0352,-17.4764],[126.189,-17.5917],[126.2744,-17.7182],[126.309,-17.712],[126.4526,-17.6859],[126.958,-17.4974],[127.4963,-17.2038],[127.3206,-16.6678],[127.4084,-16.0775],[127.4583,-16.0406],[127.4642,-16.0036],[127.2986,-16.0036],[127.0789,-16.0036],[126.958,-16.088],[126.8591,-16.5625],[126.5295,-16.8992],[125.9363,-16.8361],[125.8594,-16.9307],[125.7715,-17.0043],[125.6849,-17.0693],[125.6664,-17.0832],[125.6836,-17.2143],[125.7275,-17.3087],[125.7916,-17.4135]]]},"properties":{"NAME":"Worla","SUBJECTO":"Worla","PARTOF":"Worla","BORDERPRECISION":3,"LINK":null}},
{"type":"Feature","geometry":{"type":"Polygon","coordinates":[[[121.306,-27.5283],[121.2781,-27.401],[120.9265,-26.9074],[120.8496,-26.5934],[120.8386,-26.4657],[120.8262,-26.4308],[120.7947,-26.4214],[120.7816,-26.4138],[120.6079,-26.3131],[119.6411,-25.9975],[119.2346,-25.8098],[118.9128,-25.8098],[118.8831,-25.9926],[118.2294,-27.0396],[118.0391,-27.1647],[118.029,-27.1871],[118.0206,-27.2058],[118.6523,-28.0332],[118.7283,-28.1003],[118.7339,-28.0972],[118.8336,-28.0429],[119.3225,-27.2839],[119.6027,-27.2693],[120.8661,-27.5375],[120.976,-27.5326],[121.1792,-27.5326],[121.2884,-27.5289],[121.306,-27.5283]]]},"properties":{"NAME":"Tjupany","SUBJECTO":"Tjupany","PARTOF":"Tjupany","BORDERPRECISION":3,"LINK":null}},
{"type":"Feature","geometry":{"type":"Polygon","coordinates":[[[131.0407,-25.4659],[130.946,-25.7504],[130.8252,-25.9185],[130.7813,-26.0765],[130.8691,-26.7358],[130.7043,-27.3327],[130.7043,-27.464],[130.7043,-27.4829],[130.7813,-27.5375],[130.979,-27.7711],[131.2756,-28.0429],[131.7151,-28.2463],[132.1191,-28.4001],[132.1244,-28.4011],[132.605,-28.4011],[132.9236,-28.3431],[133.2487,-28.3154],[133.2642,-28.3141],[133.4639,-28.3922],[133.5059,-28.2076],[133.3411,-27.8002],[133.2422,-27.2546],[133.1104,-26.8927],[133.0664,-26.7162],[133.007,-26.4581],[132.9703,-26.4636],[132.9236,-26.4706],[132.627,-26.1949],[131.9348,-25.879],[131.2097,-25.5969],[131.0596,-25.525],[131.0339,-25.5127],[131.0407,-25.4659]]]},"properties":{"NAME":"Yankuntjatjara","SUBJECTO":"Yankuntjatjara","PARTOF":"Yankuntjatjara","BORDERPRECISION":3,"LINK":null}},
{"type":"Feature","geometry":{"type":"Polygon","coordinates":[[[129.8408,-28.3701],[129.8451,-28.2962],[129.8474,-28.256],[130.2209,-27.8488],[130.4407,-27.6446],[130.5843,-27.5294],[130.5835,-27.518],[130.5433,-27.5159],[130.21,-27.4985],[129.2871,-27.1276],[129.0784,-26.8241],[129.0234,-26.4017],[129.0234,-26.0963],[129.0234,-25.958],[129.0234,-25.898],[128.9246,-26.0074],[128.8546,-26.0055],[128.573,-25.9975],[128.2104,-25.9975],[127.6831,-26.4804],[127.3645,-26.5394],[127.3379,-26.5296],[127.4304,-26.5787],[127.3096,-26.5885],[127.0716,-26.5836],[127.0143,-26.6108],[127.1448,-26.8633],[127.2327,-27.2742],[127.3206,-27.7905],[127.2766,-28.1495],[127.3693,-28.52],[127.3755,-28.517],[127.4176,-28.5601],[127.4463,-28.5895],[127.5623,-28.5556],[127.9907,-28.4397],[129.1882,-28.3624],[129.5947,-28.3624],[129.8408,-28.3701]]]},"properties":{"NAME":"Nakako","SUBJECTO":"Nakako","PARTOF":"Nakako","BORDERPRECISION":3,"LINK":null}},
{"type":"Feature","geometry":{"type":"Polygon","coordinates":[[[124.3678,-27.5186],[124.3872,-27.5083],[124.4224,-27.5239],[124.6069,-27.6057],[125.4639,-28.285],[126.6504,-28.8832],[126.936,-28.8254],[127.1338,-28.6327],[127.2815,-28.562],[127.3693,-28.52],[127.2766,-28.1495],[127.3206,-27.7905],[127.2327,-27.2742],[127.1448,-26.8633],[127.0143,-26.6108],[127.0129,-26.6082],[126.9489,-26.581],[126.8372,-26.5787],[126.3757,-26.4411],[125.2551,-25.9086],[124.7058,-26.4214],[124.53,-26.8535],[124.4861,-27.1569],[124.3933,-27.3968],[124.3652,-27.4693],[124.3571,-27.4645],[124.3678,-27.5186]]]},"properties":{"NAME":"Mandjindja","SUBJECTO":"Mandjindja","PARTOF":"Mandjindja","BORDERPRECISION":3,"LINK":null}},
{"type":"Feature","geometry":{"type":"Polygon","coordinates":[[[127.4463,-28.5895],[127.6392,-28.7869],[127.8589,-29.0562],[128.3423,-29.497],[128.4741,-29.7834],[128.4529,-30.1138],[128.4631,-30.1261],[130.155,-30.1166],[130.8691,-30.1831],[131.2537,-30.2116],[131.3529,-30.2217],[131.0229,-30.1166],[130.6604,-29.9454],[130.561,-29.8905],[130.5139,-29.8646],[130.2979,-29.7453],[129.9902,-29.4683],[129.8254,-28.6327],[129.8408,-28.3701],[129.5947,-28.3624],[129.1882,-28.3624],[127.9907,-28.4397],[127.5623,-28.5556],[127.4463,-28.5895]]]},"properties":{"NAME":"Ngalea","SUBJECTO":"Ngalea","PARTOF":"Ngalea","BORDERPRECISION":3,"LINK":null}},
{"type":"Feature","geometry":{"type":"Polygon","coordinates":[[[117.8143,-20.6189],[117.7939,-20.6384],[117.7954,-20.6893],[117.9163,-21.1562],[117.975,-21.3136],[117.982,-21.3323],[118.114,-21.4326],[118.3942,-21.5502],[118.6159,-21.6265],[118.6417,-21.5996],[118.6359,-21.54],[118.8007,-20.9871],[118.8062,-20.6174],[118.6209,-20.3749],[118.6889,-20.3403],[117.9685,-20.4715],[117.8143,-20.6189]]]},"properties":{"NAME":"Kariyarra","SUBJECTO":"Kariyarra","PARTOF":"Kariyarra","BORDERPRECISION":3,"LINK":null}},
{"type":"Feature","geometry":{"type":"Polygon","coordinates":[[[122.5641,-16.8952],[123.0789,-16.979],[123.0227,-16.856],[122.949,-16.7617],[122.927,-16.7335],[122.7859,-16.7414],[122.7595,-16.7414],[122.7283,-16.7414],[122.6529,-16.7362],[122.5641,-16.8952]]]},"properties":{"NAME":"Nyul Nyul","SUBJECTO":"Nyul Nyul","PARTOF":"Nyul Nyul","BORDERPRECISION":3,"LINK":null}},
{"type":"Feature","geometry":{"type":"Polygon","coordinates":[[[134.5203,-26.5456],[134.165,-26.254],[133.8715,-26.0783],[133.8135,-26.116],[133.3191,-26.3131],[133.1213,-26.4411],[133.007,-26.4581],[133.0664,-26.7162],[133.1104,-26.8927],[133.2422,-27.2546],[133.3411,-27.8002],[133.5059,-28.2076],[133.4639,-28.3922],[133.5608,-28.4301],[133.6267,-28.5459],[134.1101,-28.6906],[134.4999,-28.9211],[134.5203,-26.5456]]]},"properties":{"NAME":"Antakarinja","SUBJECTO":"Antakarinja","PARTOF":"Antakarinja","BORDERPRECISION":3,"LINK":null}},
{"type":"Feature","geometry":{"type":"Polygon","coordinates":[[[130.8886,-16.0863],[130.8661,-16.1029],[130.8691,-16.1039],[130.968,-16.3623],[130.9629,-16.3995],[130.9597,-16.4223],[131.0779,-16.4677],[131.2646,-16.552],[131.3635,-16.7151],[131.391,-16.6998],[131.5613,-16.6046],[131.6972,-16.4973],[131.7426,-16.4308],[131.7821,-16.4319],[131.9403,-16.3149],[132.0392,-16.2305],[132.1436,-16.0036],[132.1371,-15.9394],[132.0557,-15.8504],[131.9403,-15.7764],[131.5228,-15.8292],[131.4294,-15.8129],[131.402,-15.8081],[131.4012,-15.791],[131.369,-15.7923],[131.3306,-15.993],[131.0999,-15.9983],[130.9076,-16.0722],[130.8886,-16.0863]]]},"properties":{"NAME":"Karangpurru","SUBJECTO":"Karangpurru","PARTOF":"Karangpurru","BORDERPRECISION":3,"LINK":null}},
{"type":"Feature","geometry":{"type":"Polygon","coordinates":[[[116.2683,-21.3917],[115.6421,-22.1162],[115.3894,-22.3399],[115.3152,-22.4009],[115.31,-22.4051],[115.1917,-22.5024],[115.8069,-22.5734],[115.9391,-22.4701],[115.9497,-22.4618],[115.9999,-22.4525],[116.1694,-22.4212],[116.4221,-22.4313],[116.532,-22.4923],[116.6089,-22.5836],[116.7517,-22.6647],[116.8614,-22.7712],[116.8781,-22.7873],[116.9604,-22.8673],[116.9824,-22.8741],[116.9934,-22.8774],[117.2957,-22.8063],[117.4487,-22.7703],[117.4614,-22.7426],[117.4878,-22.685],[117.5427,-22.6089],[117.5977,-22.4466],[117.7075,-22.2738],[117.7679,-22.1213],[117.8229,-22.0859],[117.8229,-22.0704],[117.8067,-22.0564],[117.6746,-21.943],[117.4823,-21.8156],[117.2626,-21.734],[116.944,-21.4224],[116.8778,-21.4106],[116.8414,-21.4041],[116.6858,-21.3764],[116.5179,-21.3407],[116.4502,-21.3263],[116.3727,-21.3098],[116.2683,-21.3917]]]},"properties":{"NAME":"Kurrama","SUBJECTO":"Kurrama","PARTOF":"Kurrama","BORDERPRECISION":3,"LINK":null}},
{"type":"Feature","geometry":{"type":"Polygon","coordinates":[[[121.6939,-27.8563],[121.9373,-27.6933],[122.1021,-27.557],[122.4976,-27.2937],[122.8162,-26.775],[122.956,-26.5606],[122.8931,-26.4902],[122.7832,-26.1554],[122.778,-26.0299],[122.6239,-26.0074],[122.4976,-26.0074],[121.9373,-26.0963],[121.0254,-26.4902],[120.8262,-26.4308],[120.8386,-26.4657],[120.8496,-26.5934],[120.9265,-26.9074],[121.2781,-27.401],[121.306,-27.5283],[121.322,-27.5278],[121.4923,-27.6495],[121.6132,-27.7905],[121.6939,-27.8563]]]},"properties":{"NAME":"Nana","SUBJECTO":"Nana","PARTOF":"Nana","BORDERPRECISION":3,"LINK":null}},
{"type":"Feature","geometry":{"type":"Polygon","coordinates":[[[134.1427,-12.0836],[134.0439,-12.0612],[134.0392,-12.2635],[134.0717,-12.2595],[134.1213,-12.2595],[134.1238,-12.242],[134.1444,-12.1763],[134.1705,-12.1186],[134.2277,-12.0956],[134.1427,-12.0836]]]},"properties":{"NAME":"Gunibidji","SUBJECTO":"Gunibidji","PARTOF":"Gunibidji","BORDERPRECISION":3,"LINK":null}},
{"type":"Feature","geometry":{"type":"Polygon","coordinates":[[[133.2043,-14.8718],[133.396,-14.9129],[133.7036,-14.9448],[133.6971,-15.0635],[133.7585,-15.0191],[133.8249,-14.9352],[133.8586,-14.8926],[133.9014,-14.8386],[133.9343,-14.7749],[134.0669,-14.7411],[134.0277,-14.7164],[133.5553,-14.3921],[133.4695,-14.309],[133.4619,-14.3229],[133.3795,-14.6846],[133.2043,-14.8718]]]},"properties":{"NAME":"Mangarayi","SUBJECTO":"Mangarayi","PARTOF":"Mangarayi","BORDERPRECISION":3,"LINK":null}},
{"type":"Feature","geometry":{"type":"Polygon","coordinates":[[[115.4334,-31.3912],[116.3892,-31.3912],[116.8231,-30.0952],[116.8286,-30.0548],[116.8269,-30.0517],[116.779,-30.0252],[116.764,-30.0004],[116.716,-29.9978],[116.6406,-30.0093],[116.6254,-30.0406],[116.5045,-30.1071],[116.153,-30.2211],[115.0159,-30.3681],[114.9697,-30.325],[114.9719,-30.3421],[115.1147,-30.7796],[115.4334,-31.3912]]]},"properties":{"NAME":"Yuat","SUBJECTO":"Yuat","PARTOF":"Yuat","BORDERPRECISION":3,"LINK":null}},
{"type":"Feature","geometry":{"type":"Polygon","coordinates":[[[115.7473,-32.2076],[115.7568,-32.4744],[115.7575,-32.4938],[116.0266,-32.4356],[116.1401,-32.3877],[116.1626,-32.3782],[116.2683,-32.2918],[116.5485,-32.1477],[116.5992,-32.1447],[116.6693,-31.9894],[116.7078,-31.6581],[115.5075,-31.4357],[115.7473,-32.2076]]]},"properties":{"NAME":"Wajuk","SUBJECTO":"Wajuk","PARTOF":"Wajuk","BORDERPRECISION":3,"LINK":null}},
{"type":"Feature","geometry":{"type":"Polygon","coordinates":[[[134.3472,-17.9436],[134.4397,-17.8115],[134.5056,-17.5393],[134.5056,-17.2353],[134.485,-17.1958],[134.4507,-17.2143],[134.3079,-16.9727],[134.0112,-16.7099],[133.8684,-16.5625],[133.6597,-16.3834],[133.5117,-16.2413],[133.4925,-16.2337],[133.429,-16.3939],[133.3927,-16.4221],[133.418,-16.5625],[133.4125,-16.9622],[133.5004,-17.3139],[133.3795,-17.644],[133.2866,-17.7003],[133.2793,-17.7444],[133.352,-17.7487],[133.3411,-18.1667],[133.4189,-18.2508],[133.4322,-18.2473],[133.4949,-18.031],[133.9879,-18.1455],[133.9887,-18.1453],[133.7915,-17.9787],[134.231,-17.9369],[134.3472,-17.9436]]]},"properties":{"NAME":"Jingili","SUBJECTO":"Jingili","PARTOF":"Jingili","BORDERPRECISION":3,"LINK":null}},
{"type":"Feature","geometry":{"type":"Polygon","coordinates":[[[116.4485,-21.293],[116.4441,-21.2075],[116.2513,-20.9236],[116.201,-20.9496],[116.1346,-20.984],[115.3492,-21.6023],[114.8002,-21.8832],[115.1257,-22.4009],[115.2905,-22.4009],[115.3036,-22.4009],[115.31,-22.4051],[115.3152,-22.4009],[115.3894,-22.3399],[115.6421,-22.1162],[116.2683,-21.3917],[116.3727,-21.3098],[116.4502,-21.3263],[116.4485,-21.293]]]},"properties":{"NAME":"Nhuwala","SUBJECTO":"Nhuwala","PARTOF":"Nhuwala","BORDERPRECISION":3,"LINK":null}},
{"type":"Feature","geometry":{"type":"Polygon","coordinates":[[[126.3032,-18.9398],[126.3039,-18.9482],[126.3098,-19.0206],[126.4417,-19.1036],[126.6943,-19.0829],[126.8262,-19.1555],[126.8289,-19.1569],[126.8485,-19.1666],[127.0569,-19.2697],[127.7271,-19.4252],[127.7799,-19.4195],[127.7964,-19.4177],[127.9578,-19.3111],[128.7378,-19.2385],[128.7486,-19.2503],[128.7702,-19.2494],[128.8586,-19.1659],[129.1443,-18.9167],[129.0344,-18.0101],[129.151,-18.1684],[129.2651,-18.3232],[129.2761,-18.2189],[129.1992,-17.9265],[129.0536,-17.8341],[129.0564,-17.8533],[128.9959,-17.8204],[128.9795,-17.8115],[128.8806,-17.7801],[128.7817,-17.665],[128.4302,-17.5602],[128.3281,-17.5521],[128.2937,-17.5615],[128.2324,-17.7173],[128.0566,-17.9369],[127.5458,-18.2607],[127.0294,-18.4692],[126.8921,-18.4796],[126.8115,-18.4796],[126.7729,-18.5557],[126.7163,-18.6671],[126.2988,-18.8855],[126.3032,-18.9398]]]},"properties":{"NAME":"Jaru","SUBJECTO":"Jaru","PARTOF":"Jaru","BORDERPRECISION":3,"LINK":null}},
{"type":"Feature","geometry":{"type":"MultiPolygon","coordinates":[[[[130.1028,-14.1286],[130.1056,-14.1277],[130.1056,-14.1166],[130.0459,-14.0918],[130.0373,-14.0945],[129.9889,-14.1099],[129.9243,-14.1019],[129.8886,-14.0972],[129.8721,-14.1259],[129.8611,-14.267],[129.8996,-14.3682],[129.9271,-14.3602],[129.9765,-14.3815],[130.0202,-14.4132],[130.0122,-14.3868],[129.9902,-14.3442],[130.0122,-14.2804],[130.0946,-14.1312],[130.1028,-14.1286]]],[[[129.9973,-14.4343],[130.0318,-14.4367],[130.0259,-14.432],[130.0203,-14.4135],[129.9973,-14.4343]]]]},"properties":{"NAME":"Ngan’gikurunggurr","SUBJECTO":"Ngan’gikurunggurr","PARTOF":"Ngan’gikurunggurr","BORDERPRECISION":3,"LINK":null}},
{"type":"Feature","geometry":{"type":"Polygon","coordinates":[[[131.8175,-12.3683],[131.6761,-12.3848],[131.6346,-12.3896],[131.6107,-12.9136],[131.6588,-12.93],[131.7206,-12.951],[131.814,-13.0046],[131.9128,-13.0206],[132.215,-12.7957],[132.2181,-12.7708],[132.2424,-12.576],[132.2424,-12.4258],[132.2164,-12.3412],[132.1756,-12.344],[131.8175,-12.3683]]]},"properties":{"NAME":"Limilngan","SUBJECTO":"Limilngan","PARTOF":"Limilngan","BORDERPRECISION":3,"LINK":null}},
{"type":"Feature","geometry":{"type":"Polygon","coordinates":[[[118.2157,-30.862],[118.2652,-30.9072],[118.4977,-31.217],[118.8691,-31.5303],[119.9166,-32.1804],[120.0232,-32.0589],[120.1691,-31.8925],[120.4224,-31.6399],[120.6976,-31.4054],[120.9618,-31.2457],[121.215,-31.1139],[121.2012,-31.1],[121.0341,-30.9316],[120.7393,-30.6345],[120.0037,-29.3247],[119.436,-28.7629],[119.4214,-28.7484],[119.3938,-28.7412],[118.6898,-28.5565],[118.3716,-28.3843],[118.2239,-28.3044],[117.8892,-28.3532],[116.3095,-29.2145],[116.3282,-29.2486],[116.52,-29.5984],[116.764,-30.0004],[116.779,-30.0252],[116.8269,-30.0517],[116.9489,-30.119],[117.0492,-30.2155],[117.4842,-30.4178],[117.7854,-30.5716],[117.9221,-30.6663],[117.9781,-30.6929],[118.0785,-30.7405],[118.0866,-30.7443],[118.2157,-30.862]]]},"properties":{"NAME":"Kalaamaya","SUBJECTO":"Kalaamaya","PARTOF":"Kalaamaya","BORDERPRECISION":3,"LINK":null}},
{"type":"Feature","geometry":{"type":"Polygon","coordinates":[[[116.5416,-23.0175],[116.4551,-22.9685],[116.087,-22.7964],[115.9552,-22.6394],[115.9269,-22.6307],[115.9041,-22.6236],[115.8728,-22.7103],[115.8124,-22.8268],[115.7316,-22.844],[115.7267,-22.8531],[115.7684,-22.8724],[115.776,-22.9214],[115.9772,-23.014],[116.2793,-23.2111],[116.6913,-23.3977],[117.0319,-23.564],[117.1476,-23.6182],[117.1802,-23.5136],[117.185,-23.3714],[117.1857,-23.3523],[117.188,-23.332],[117.0978,-23.3069],[116.8561,-23.206],[116.6693,-23.0898],[116.5874,-23.0434],[116.5416,-23.0175]]]},"properties":{"NAME":"Jiwarli","SUBJECTO":"Jiwarli","PARTOF":"Jiwarli","BORDERPRECISION":3,"LINK":null}},
{"type":"Feature","geometry":{"type":"Polygon","coordinates":[[[125.108,-15.2051],[125.0956,-15.2593],[125.3595,-15.2153],[125.4144,-15.4643],[125.6122,-15.586],[125.7454,-15.732],[125.8484,-15.5066],[125.9473,-14.8705],[126.0022,-14.7406],[126.0022,-14.6875],[126.0022,-14.6474],[126.0022,-14.541],[125.9678,-14.4797],[125.1557,-14.8045],[125.108,-15.2051]]]},"properties":{"NAME":"Wunambul","SUBJECTO":"Wunambul","PARTOF":"Wunambul","BORDERPRECISION":3,"LINK":null}},
{"type":"Feature","geometry":{"type":"Polygon","coordinates":[[[130.9855,-17.8754],[130.99,-17.9056],[131.4075,-17.9474],[131.4857,-17.9646],[131.5056,-17.9715],[131.5094,-17.9698],[131.5503,-17.9787],[132.4731,-17.7696],[132.7533,-17.7435],[132.8796,-17.7435],[133.0194,-17.7292],[133.0334,-17.7278],[133.2587,-17.7173],[133.2866,-17.7003],[133.3795,-17.644],[133.5004,-17.3139],[133.4125,-16.9622],[133.418,-16.5625],[133.3927,-16.4221],[133.3905,-16.4097],[133.3675,-16.4187],[133.1873,-16.4888],[132.8796,-16.4888],[132.4292,-16.1619],[132.3912,-16.1903],[132.2314,-16.3096],[131.9293,-16.4361],[131.7821,-16.4319],[131.7426,-16.4308],[131.6972,-16.4973],[130.979,-17.5498],[130.979,-17.8324],[130.9855,-17.8754]]]},"properties":{"NAME":"Mudburra","SUBJECTO":"Mudburra","PARTOF":"Mudburra","BORDERPRECISION":3,"LINK":null}},
{"type":"Feature","geometry":{"type":"Polygon","coordinates":[[[134.6346,-13.2426],[134.4727,-13.3308],[134.3311,-13.4193],[134.3298,-13.4217],[134.4507,-13.8914],[134.6287,-13.9284],[134.6346,-13.2426]]]},"properties":{"NAME":"Ngalkbun","SUBJECTO":"Ngalkbun","PARTOF":"Ngalkbun","BORDERPRECISION":3,"LINK":null}},
{"type":"Feature","geometry":{"type":"Polygon","coordinates":[[[118.5726,-24.3899],[118.6139,-24.3971],[118.8776,-24.4572],[119.0753,-24.5371],[119.3005,-24.687],[119.4818,-24.7867],[119.7131,-24.9332],[119.718,-24.9263],[119.8279,-24.7069],[119.8608,-24.1668],[119.8059,-23.9361],[119.696,-23.6647],[119.6268,-23.5287],[119.6191,-23.5287],[119.4708,-23.5388],[119.1412,-23.5489],[118.8455,-23.5403],[118.7897,-23.5841],[118.6523,-23.9009],[118.5754,-24.1267],[118.5699,-24.3371],[118.5726,-24.3899]]]},"properties":{"NAME":"Ngalawangka","SUBJECTO":"Ngalawangka","PARTOF":"Ngalawangka","BORDERPRECISION":3,"LINK":null}},
{"type":"Feature","geometry":{"type":"Polygon","coordinates":[[[122.8436,-18.5369],[122.7393,-18.9998],[122.7508,-19.015],[122.764,-19.0325],[123.1458,-19.1348],[123.5852,-19.6736],[123.8049,-20.0353],[123.8379,-20.4167],[123.8379,-20.5299],[124.2554,-20.5299],[124.7168,-20.221],[124.8999,-20.2019],[124.9554,-20.1961],[125.0024,-20.1488],[125.1123,-19.8752],[124.7992,-18.9582],[124.8047,-18.7815],[124.8596,-18.6983],[124.8596,-18.6101],[124.8596,-18.589],[124.8146,-18.5802],[124.7003,-18.5577],[124.5905,-18.3493],[124.4586,-18.245],[124.3751,-18.2158],[124.3615,-18.211],[124.3542,-18.2085],[124.1455,-18.3441],[123.8763,-18.8023],[123.3215,-18.4431],[123.2605,-18.4414],[123.2159,-18.4401],[123.1403,-18.4379],[122.9682,-18.4465],[122.9315,-18.4483],[122.9172,-18.4628],[122.9139,-18.4661],[122.8959,-18.4843],[122.8436,-18.5369]]]},"properties":{"NAME":"Mangala","SUBJECTO":"Mangala","PARTOF":"Mangala","BORDERPRECISION":3,"LINK":null}},
{"type":"Feature","geometry":{"type":"Polygon","coordinates":[[[132.8723,-12.7292],[132.8549,-12.7448],[132.7039,-12.6966],[132.6964,-12.6864],[132.7094,-12.7422],[132.6703,-12.7639],[132.6815,-12.7798],[132.7094,-12.7957],[132.7145,-12.8058],[132.7173,-12.8113],[132.7234,-12.81],[132.7643,-12.8011],[132.8302,-12.8172],[132.8396,-12.8302],[132.8556,-12.811],[132.8632,-12.777],[132.8839,-12.777],[132.8906,-12.7689],[132.8723,-12.7292]]]},"properties":{"NAME":"Bukurnidja","SUBJECTO":"Bukurnidja","PARTOF":"Bukurnidja","BORDERPRECISION":3,"LINK":null}},
{"type":"Feature","geometry":{"type":"Polygon","coordinates":[[[121.2394,-31.1],[121.6187,-31.1],[122.2778,-31.0435],[122.8052,-30.9776],[123.1941,-30.9376],[123.3545,-30.9211],[123.5522,-30.9493],[123.5587,-30.9015],[123.5193,-30.7324],[123.5083,-30.4676],[123.4094,-30.1071],[122.6404,-28.8543],[122.6332,-28.7278],[122.6313,-28.6958],[122.5415,-28.652],[122.3169,-28.6968],[122.2998,-28.7002],[122.1441,-28.7533],[122.1021,-28.7677],[121.8494,-28.8447],[120.3552,-28.8062],[119.729,-28.9697],[119.7565,-28.9937],[120.2234,-29.4013],[120.6519,-29.8597],[120.9595,-30.5812],[120.9924,-30.7324],[121.0341,-30.9316],[121.2012,-31.1],[121.2394,-31.1]]]},"properties":{"NAME":"Wangkathaa","SUBJECTO":"Wangkathaa","PARTOF":"Wangkathaa","BORDERPRECISION":3,"LINK":null}},
{"type":"Feature","geometry":{"type":"Polygon","coordinates":[[[115.8034,-23.8665],[115.8097,-23.8422],[115.7684,-23.8356],[115.7908,-23.7803],[115.8016,-23.7536],[115.719,-23.72],[115.4388,-23.6697],[115.0543,-23.4229],[114.9225,-23.3977],[114.7852,-23.3523],[114.7402,-23.3379],[114.7059,-23.3269],[114.6753,-23.317],[114.6478,-23.5438],[114.5215,-23.8758],[114.5215,-23.9159],[114.5215,-23.9768],[114.6313,-23.9963],[114.8676,-24.1066],[115.3235,-24.632],[115.3125,-24.8067],[115.2154,-24.9607],[115.2631,-24.9661],[115.3739,-24.9944],[115.3773,-24.9953],[115.4224,-24.8864],[115.4828,-24.6969],[115.5212,-24.6221],[115.6366,-24.2169],[115.7684,-24.0013],[115.8034,-23.8665]]]},"properties":{"NAME":"Tharrgari","SUBJECTO":"Tharrgari","PARTOF":"Tharrgari","BORDERPRECISION":3,"LINK":null}},
{"type":"Feature","geometry":{"type":"Polygon","coordinates":[[[125.702,-15.7826],[125.7275,-15.7711],[125.7454,-15.732],[125.6122,-15.586],[125.4144,-15.4643],[125.3595,-15.2153],[125.0956,-15.2593],[125.0844,-15.3084],[125.0585,-15.4213],[125.1091,-15.6247],[124.6886,-15.4666],[124.4245,-15.6579],[124.3378,-16.262],[124.5314,-16.3252],[124.5596,-16.3435],[124.7552,-16.3307],[124.7917,-16.3438],[124.7827,-16.2358],[124.8157,-15.9402],[125.0024,-15.7923],[125.5627,-15.8451],[125.702,-15.7826]]]},"properties":{"NAME":"Worora","SUBJECTO":"Worora","PARTOF":"Worora","BORDERPRECISION":3,"LINK":null}},
{"type":"Feature","geometry":{"type":"Polygon","coordinates":[[[125.4989,-18.4222],[125.4968,-18.4171],[125.4965,-18.4104],[125.5627,-18.3493],[125.6561,-18.2398],[125.7282,-18.1414],[125.744,-18.1197],[125.6846,-18.0898],[125.6506,-18.0728],[125.4803,-17.9056],[125.3979,-17.7696],[125.3485,-17.6702],[125.3372,-17.6495],[125.3346,-17.6448],[125.2771,-17.5393],[125.2057,-17.445],[125.0464,-17.3978],[124.7003,-17.4188],[124.552,-17.4188],[124.4899,-17.4124],[124.4586,-17.4092],[124.3982,-17.4031],[123.8599,-17.3192],[123.6731,-17.2353],[123.6347,-17.2101],[123.5687,-17.167],[123.5577,-17.209],[123.5342,-17.3887],[123.5193,-17.5026],[123.4259,-17.6911],[123.1677,-17.8585],[123.0639,-18.0264],[123.0579,-18.0362],[123.051,-18.0649],[123.0029,-18.2659],[122.8931,-18.4536],[122.908,-18.4625],[122.9139,-18.4661],[122.9172,-18.4628],[122.9315,-18.4483],[122.9682,-18.4465],[123.1403,-18.4379],[123.2159,-18.4401],[123.2336,-18.4275],[123.2605,-18.4414],[123.3215,-18.4431],[123.8763,-18.8023],[124.1455,-18.3441],[124.3542,-18.2085],[124.3615,-18.211],[124.3751,-18.2158],[124.4586,-18.245],[124.5905,-18.3493],[124.7003,-18.5577],[124.8146,-18.5802],[124.8816,-18.4796],[125.3101,-18.4848],[125.4529,-18.4171],[125.4853,-18.4207],[125.4989,-18.4222]]]},"properties":{"NAME":"Nyikina","SUBJECTO":"Nyikina","PARTOF":"Nyikina","BORDERPRECISION":3,"LINK":null}},
{"type":"Feature","geometry":{"type":"Polygon","coordinates":[[[123.9862,-16.8151],[123.9899,-16.8151],[123.9883,-16.8105],[123.9642,-16.7414],[123.9697,-16.6415],[123.9148,-16.5678],[123.5758,-16.3908],[123.6317,-16.8039],[123.8203,-16.8839],[123.8599,-16.8571],[123.9587,-16.8151],[123.9862,-16.8151]]]},"properties":{"NAME":"Unggarangi","SUBJECTO":"Unggarangi","PARTOF":"Unggarangi","BORDERPRECISION":3,"LINK":null}},
{"type":"Feature","geometry":{"type":"Polygon","coordinates":[[[122.8909,-17.0365],[122.8381,-17.0988],[122.8052,-17.2615],[122.8031,-17.3166],[122.8011,-17.3691],[122.7997,-17.4083],[122.8107,-17.6178],[122.8165,-17.6657],[122.8226,-17.7159],[122.8381,-17.8428],[122.9205,-18.0049],[123.051,-18.0649],[123.0579,-18.0362],[123.0639,-18.0264],[123.1677,-17.8585],[123.4259,-17.6911],[123.5193,-17.5026],[123.5342,-17.3887],[123.5303,-17.3769],[123.4983,-17.3186],[123.3012,-17.4657],[122.9315,-16.9885],[122.8909,-17.0365]]]},"properties":{"NAME":"Nimanburu","SUBJECTO":"Nimanburu","PARTOF":"Nimanburu","BORDERPRECISION":3,"LINK":null}},
{"type":"Feature","geometry":{"type":"Polygon","coordinates":[[[134.4999,-28.9211],[134.1101,-28.6906],[133.6267,-28.5459],[133.5608,-28.4301],[133.4639,-28.3922],[133.2642,-28.3141],[133.2487,-28.3154],[132.9236,-28.3431],[132.605,-28.4011],[132.1244,-28.4011],[132.1191,-28.4001],[131.7151,-28.2463],[131.2756,-28.0429],[130.979,-27.7711],[130.7813,-27.5375],[130.7043,-27.4829],[130.686,-27.4699],[130.6714,-27.4595],[130.64,-27.4847],[130.5843,-27.5294],[130.4407,-27.6446],[130.2209,-27.8488],[129.8474,-28.256],[129.8451,-28.2962],[129.8408,-28.3701],[129.8254,-28.6327],[129.9902,-29.4683],[130.2979,-29.7453],[130.5139,-29.8646],[130.561,-29.8905],[130.6604,-29.9454],[131.0229,-30.1166],[131.3529,-30.2217],[131.3732,-30.2282],[131.4404,-30.2496],[131.8469,-30.3729],[133.2312,-30.496],[134.3188,-30.8834],[134.4826,-30.9351],[134.4836,-30.8289],[134.4992,-29.0036],[134.4999,-28.9211]]]},"properties":{"NAME":"Kokatha","SUBJECTO":"Kokatha","PARTOF":"Kokatha","BORDERPRECISION":3,"LINK":null}},
{"type":"Feature","geometry":{"type":"Polygon","coordinates":[[[134.0222,-12.0563],[133.7615,-11.9972],[134.0057,-12.2541],[133.9997,-12.2658],[134.0035,-12.2678],[134.0193,-12.2659],[134.0392,-12.2635],[134.0439,-12.0612],[134.0222,-12.0563]]]},"properties":{"NAME":"Gunbalang","SUBJECTO":"Gunbalang","PARTOF":"Gunbalang","BORDERPRECISION":3,"LINK":null}},
{"type":"Feature","geometry":{"type":"Polygon","coordinates":[[[116.3124,-29.254],[116.3282,-29.2486],[116.3095,-29.2145],[117.8892,-28.3532],[118.2239,-28.3044],[118.3716,-28.3843],[118.4161,-28.3721],[118.532,-28.3041],[118.6469,-28.1447],[118.7283,-28.1003],[118.6523,-28.0332],[118.0206,-27.2058],[118.029,-27.1871],[118.0125,-27.1822],[117.9767,-27.2058],[117.746,-27.2497],[117.5702,-27.4644],[116.7572,-27.9507],[116.2354,-28.2995],[115.8819,-28.5743],[115.8563,-28.5942],[115.8179,-28.5692],[115.8179,-28.6086],[116.0761,-29.0226],[116.2738,-29.2672],[116.3124,-29.254]]]},"properties":{"NAME":"Badimaya","SUBJECTO":"Badimaya","PARTOF":"Badimaya","BORDERPRECISION":3,"LINK":null}},
{"type":"Feature","geometry":{"type":"Polygon","coordinates":[[[130.2739,-13.3632],[130.234,-13.4343],[130.2181,-13.4625],[130.2814,-13.435],[130.2928,-13.4263],[130.3039,-13.4299],[130.3054,-13.4167],[130.3198,-13.4056],[130.3555,-13.3896],[130.3644,-13.3884],[130.3854,-13.3854],[130.3959,-13.3839],[130.4681,-13.3736],[130.6055,-13.3736],[130.957,-13.4431],[131.1658,-13.4537],[131.3967,-13.4997],[131.4047,-13.4804],[131.4679,-13.4217],[131.5167,-13.4066],[131.5283,-13.3201],[131.5556,-13.2772],[131.5228,-13.2292],[131.1658,-13.0367],[130.403,-12.8609],[130.2739,-13.3632]]]},"properties":{"NAME":"Kungarakany","SUBJECTO":"Kungarakany","PARTOF":"Kungarakany","BORDERPRECISION":3,"LINK":null}},
{"type":"Feature","geometry":{"type":"Polygon","coordinates":[[[134.6237,-14.5054],[133.8025,-13.9287],[133.6368,-13.6848],[133.6377,-13.71],[133.5773,-14.1099],[133.4836,-14.283],[133.4695,-14.309],[133.5553,-14.3921],[134.0277,-14.7164],[134.0669,-14.7411],[134.1431,-14.7218],[134.1464,-14.7234],[134.2969,-14.7961],[134.6192,-15.0316],[134.6237,-14.5054]]]},"properties":{"NAME":"Ngalakan","SUBJECTO":"Ngalakan","PARTOF":"Ngalakan","BORDERPRECISION":3,"LINK":null}},
{"type":"Feature","geometry":{"type":"Polygon","coordinates":[[[124.2224,-31.0341],[124.4312,-32.9441],[126.0127,-32.2712],[127.3137,-32.2673],[128.9026,-31.7095],[131.1112,-31.4618],[131.2427,-30.8079],[131.026,-30.7679],[128.6871,-30.3358],[126.3585,-30.3841],[125.1894,-30.6467],[124.4196,-30.9551],[124.2224,-31.0341]]]},"properties":{"NAME":"Mirning","SUBJECTO":"Mirning","PARTOF":"Mirning","BORDERPRECISION":3,"LINK":null}},
{"type":"Feature","geometry":{"type":"Polygon","coordinates":[[[130.4462,-15.6918],[130.6219,-15.6971],[130.9241,-15.6548],[131.1548,-15.6548],[131.3864,-15.6592],[131.3361,-15.549],[131.2701,-15.4378],[131.1108,-15.3795],[131.0734,-15.3254],[130.9845,-15.4219],[130.5505,-15.4854],[130.3918,-15.4924],[130.4187,-15.5278],[130.4462,-15.6601],[130.4462,-15.6918]]]},"properties":{"NAME":"Nungali","SUBJECTO":"Nungali","PARTOF":"Nungali","BORDERPRECISION":3,"LINK":null}},
{"type":"Feature","geometry":{"type":"Polygon","coordinates":[[[117.0937,-21.039],[117.0736,-21.0403],[117.0264,-21.0435],[116.889,-21.3405],[116.8818,-21.3857],[116.8778,-21.4106],[116.944,-21.4224],[117.2626,-21.734],[117.4823,-21.8156],[117.6746,-21.943],[117.8067,-22.0564],[117.8429,-22.0729],[117.8943,-22.0398],[118.2019,-22.0805],[118.9105,-22.3298],[118.9235,-22.3358],[118.9298,-22.3303],[118.9105,-22.2789],[118.9819,-22.0602],[119.0282,-22.0149],[119.0325,-22.0107],[119.0276,-22.0089],[118.96,-21.9838],[118.6523,-21.7085],[118.6453,-21.6367],[118.6159,-21.6265],[118.3942,-21.5502],[118.114,-21.4326],[117.982,-21.3323],[117.9621,-21.3172],[117.9053,-21.274],[117.4219,-21.0999],[117.1802,-21.0332],[117.0937,-21.039]]]},"properties":{"NAME":"Yindjibarndi","SUBJECTO":"Yindjibarndi","PARTOF":"Yindjibarndi","BORDERPRECISION":3,"LINK":null}},
{"type":"Feature","geometry":{"type":"Polygon","coordinates":[[[122.8873,-18.4619],[122.8821,-18.4483],[122.7502,-18.365],[122.2339,-18.1876],[122.2247,-18.1898],[122.2211,-18.1906],[122.1965,-18.2437],[121.7608,-18.5371],[121.5763,-18.7027],[121.5459,-18.7712],[121.5444,-18.7863],[121.8384,-18.8439],[122.4866,-18.9582],[122.7361,-19.0251],[122.7508,-19.015],[122.7393,-18.9998],[122.8436,-18.5369],[122.8959,-18.4843],[122.8873,-18.4619]]]},"properties":{"NAME":"Karajarri","SUBJECTO":"Karajarri","PARTOF":"Karajarri","BORDERPRECISION":3,"LINK":null}},
{"type":"Feature","geometry":{"type":"Polygon","coordinates":[[[120.5296,-32.9594],[120.3772,-33.0087],[120.2014,-33.0823],[120.1931,-33.0856],[120.0349,-33.148],[119.9484,-33.153],[119.6082,-33.1376],[119.1687,-33.1376],[118.4766,-33.1099],[118.4914,-33.1362],[118.5754,-33.2846],[118.6885,-33.5376],[118.7842,-33.7517],[119.0741,-33.9858],[119.5082,-34.3364],[119.7715,-34.1202],[121.7403,-33.9635],[122.1709,-34.1789],[123.623,-33.9151],[123.9222,-33.5214],[123.9547,-33.4787],[123.6511,-33.1376],[122.8282,-33.0553],[122.8275,-33.0552],[122.7995,-33.1645],[122.7548,-33.3913],[120.7134,-33.1715],[120.5816,-33.052],[120.5377,-32.9692],[120.5296,-32.9594]]]},"properties":{"NAME":"Wudjari","SUBJECTO":"Wudjari","PARTOF":"Wudjari","BORDERPRECISION":3,"LINK":null}},
{"type":"Feature","geometry":{"type":"Polygon","coordinates":[[[130.2909,-17.1222],[130.282,-17.1788],[130.2869,-17.1828],[130.2869,-17.2877],[130.9351,-17.3716],[130.9399,-17.3945],[130.968,-17.3926],[131.3855,-16.773],[131.391,-16.6998],[131.3635,-16.7151],[131.2646,-16.552],[131.0779,-16.4677],[130.9597,-16.4223],[130.957,-16.4414],[130.6824,-16.6941],[130.3308,-17.0935],[130.2909,-17.1222]]]},"properties":{"NAME":"Bilinara","SUBJECTO":"Bilinara","PARTOF":"Bilinara","BORDERPRECISION":3,"LINK":null}},
{"type":"Feature","geometry":{"type":"MultiPolygon","coordinates":[[[[130.3854,-13.3854],[130.4024,-13.3921],[130.3959,-13.3839],[130.3854,-13.3854]]],[[[130.3039,-13.4299],[130.3198,-13.435],[130.3336,-13.4484],[130.3644,-13.3884],[130.3555,-13.3896],[130.3198,-13.4056],[130.3054,-13.4167],[130.3039,-13.4299]]]]},"properties":{"NAME":"Tjerratj","SUBJECTO":"Tjerratj","PARTOF":"Tjerratj","BORDERPRECISION":3,"LINK":null}},
{"type":"Feature","geometry":{"type":"Polygon","coordinates":[[[121.333,-21.994],[121.2203,-22.0124],[121.1946,-22.0166],[121.1462,-22.0245],[121.1208,-22.0559],[121.0803,-22.106],[121.1038,-22.1986],[121.1243,-22.2789],[121.1243,-23.0494],[121.0034,-23.3019],[121.002,-23.3035],[120.954,-23.3574],[120.9602,-23.3877],[120.9705,-23.438],[121.9537,-24.5271],[122.8381,-25.2993],[122.8718,-25.3345],[122.9095,-25.3738],[122.9503,-25.4021],[122.981,-25.4234],[124.2664,-24.257],[125.2551,-24.4672],[125.4685,-24.5703],[125.5278,-24.5989],[125.6067,-24.637],[126.156,-24.2269],[128.0127,-24.1066],[127.9657,-24.0587],[127.8948,-23.9863],[127.8259,-23.916],[127.4304,-23.6546],[127.0459,-23.3019],[126.5625,-22.3501],[126.3098,-22.0449],[126.1976,-21.9623],[126.1569,-21.9324],[125.9912,-21.8105],[125.8408,-21.8105],[125.5188,-21.8105],[125.387,-21.8105],[124.0906,-22.3501],[123.8928,-21.637],[123.4094,-21.361],[123.2886,-21.3712],[123.2812,-21.3719],[123.2849,-21.3679],[123.2739,-21.3725],[123.1677,-21.3815],[122.5415,-22.411],[121.333,-21.994]]]},"properties":{"NAME":"Mardu","SUBJECTO":"Mardu","PARTOF":"Mardu","BORDERPRECISION":3,"LINK":null}},
{"type":"Feature","geometry":{"type":"Polygon","coordinates":[[[118.8841,-34.2822],[118.9215,-34.289],[119.1357,-34.5201],[119.3542,-34.5458],[119.4604,-34.4015],[119.1632,-34.1027],[119.0741,-33.9858],[118.7842,-33.7517],[118.6885,-33.5376],[118.6743,-33.5231],[118.4381,-33.1651],[118.3706,-33.151],[118.1744,-33.2548],[118.088,-33.2798],[117.8613,-33.3948],[117.6326,-33.4961],[117.529,-33.5528],[117.4878,-33.5872],[117.4493,-33.6512],[117.6526,-33.8111],[117.6652,-33.9469],[117.691,-33.9889],[117.6721,-34.0216],[117.6746,-34.0481],[117.5812,-34.2618],[118.5699,-34.2254],[118.7297,-34.2543],[118.8666,-34.2572],[118.8841,-34.2822]]]},"properties":{"NAME":"Goreng","SUBJECTO":"Goreng","PARTOF":"Goreng","BORDERPRECISION":3,"LINK":null}},
{"type":"Feature","geometry":{"type":"Polygon","coordinates":[[[133.9997,-12.2658],[134.0057,-12.2541],[133.7615,-11.9972],[133.7256,-11.9891],[133.5592,-11.9513],[133.537,-11.9418],[133.4476,-11.9034],[133.1708,-11.8539],[133.1416,-11.8573],[133.1021,-11.862],[133.0977,-11.8658],[133.0728,-11.8876],[133.0559,-11.9025],[133.0499,-11.9077],[133.0444,-11.9587],[133.0334,-11.999],[133.0258,-12.03],[133.0142,-12.0769],[133.5773,-12.9939],[133.6222,-12.9202],[133.6981,-12.7957],[133.9069,-12.4205],[133.9563,-12.3507],[133.9984,-12.2684],[133.9997,-12.2658]]]},"properties":{"NAME":"Gunwinggu","SUBJECTO":"Gunwinggu","PARTOF":"Gunwinggu","BORDERPRECISION":3,"LINK":null}},
{"type":"Feature","geometry":{"type":"Polygon","coordinates":[[[115.3773,-24.9953],[115.3739,-24.9944],[115.2631,-24.9661],[115.2154,-24.9607],[115.03,-24.9397],[114.8676,-24.9213],[114.137,-24.672],[113.7579,-24.7269],[113.6316,-24.7817],[113.6116,-24.8076],[113.5547,-24.8815],[113.6206,-25.0906],[113.7524,-25.3242],[113.9552,-25.6345],[114.0051,-25.7108],[114.2139,-25.7653],[114.5709,-25.7653],[114.7275,-25.7516],[114.7276,-25.7495],[114.7302,-25.7108],[115.8234,-25.5524],[115.8124,-25.2944],[115.8419,-25.2266],[115.8289,-25.2099],[115.8196,-25.2038],[115.7684,-25.1701],[115.752,-25.1768],[115.4388,-25.011],[115.3773,-24.9953]]]},"properties":{"NAME":"Yinggarda","SUBJECTO":"Yinggarda","PARTOF":"Yinggarda","BORDERPRECISION":3,"LINK":null}},
{"type":"Feature","geometry":{"type":"Polygon","coordinates":[[[134.5506,-23.0191],[134.3188,-23.0191],[133.9833,-22.977],[133.8354,-22.9584],[133.2202,-22.9179],[133.1918,-22.9111],[132.627,-22.7762],[132.5391,-22.7964],[132.3035,-23.0134],[132.3149,-23.0363],[132.3413,-23.0898],[132.1216,-23.4128],[132.2095,-23.7049],[133.1213,-24.5771],[134.0112,-25.9877],[133.9731,-26.0124],[133.8715,-26.0783],[134.165,-26.254],[134.5203,-26.5456],[134.5226,-26.28],[134.5487,-23.2413],[134.5506,-23.0191]]]},"properties":{"NAME":"Arrernte","SUBJECTO":"Arrernte","PARTOF":"Arrernte","BORDERPRECISION":3,"LINK":null}},
{"type":"Feature","geometry":{"type":"Polygon","coordinates":[[[132.2181,-12.7708],[132.2974,-12.785],[132.3715,-12.8064],[132.4292,-12.7475],[132.4301,-12.7413],[132.4072,-12.7207],[132.4,-12.3284],[132.398,-12.3289],[132.2164,-12.3412],[132.2424,-12.4258],[132.2424,-12.576],[132.2181,-12.7708]]]},"properties":{"NAME":"Konbudj","SUBJECTO":"Konbudj","PARTOF":"Konbudj","BORDERPRECISION":3,"LINK":null}},
{"type":"Feature","geometry":{"type":"Polygon","coordinates":[[[127.0716,-26.5836],[127.3096,-26.5885],[127.4304,-26.5787],[127.3379,-26.5296],[127.2657,-26.4912],[127.0789,-26.3919],[126.8701,-26.2343],[126.3647,-25.958],[126.134,-25.7603],[125.9033,-25.6514],[125.5847,-24.9661],[125.5847,-24.7468],[125.5148,-24.6107],[125.5078,-24.5971],[125.4685,-24.5703],[125.2551,-24.4672],[124.2664,-24.257],[122.981,-25.4234],[122.9503,-25.4021],[122.97,-25.5325],[122.948,-26.0272],[122.7942,-26.0074],[122.7771,-26.0074],[122.778,-26.0299],[122.7832,-26.1554],[122.8931,-26.4902],[122.956,-26.5606],[123.0584,-26.675],[123.1567,-26.7848],[123.728,-27.1569],[124.1675,-27.3523],[124.3571,-27.4645],[124.3652,-27.4693],[124.3933,-27.3968],[124.4861,-27.1569],[124.53,-26.8535],[124.7058,-26.4214],[125.2551,-25.9086],[126.3757,-26.4411],[126.8372,-26.5787],[126.9489,-26.581],[127.0716,-26.5836]]]},"properties":{"NAME":"Ngaanyatjarra","SUBJECTO":"Ngaanyatjarra","PARTOF":"Ngaanyatjarra","BORDERPRECISION":3,"LINK":null}},
{"type":"Feature","geometry":{"type":"Polygon","coordinates":[[[125.6664,-17.0832],[125.6849,-17.0693],[125.7715,-17.0043],[125.8594,-16.9307],[125.9363,-16.8361],[126.5295,-16.8992],[126.8591,-16.5625],[126.958,-16.088],[127.0789,-16.0036],[127.2986,-16.0036],[127.4642,-16.0036],[127.5084,-16.0036],[127.5183,-16.0036],[127.738,-15.9825],[127.8464,-15.9223],[127.9382,-15.8714],[128.0237,-15.824],[128.1116,-15.6548],[128.1173,-15.5828],[128.1193,-15.5578],[128.1226,-15.5172],[128.0511,-15.4484],[128.048,-15.4453],[128.0237,-15.4219],[127.8259,-15.5595],[127.7161,-15.4643],[127.7161,-15.2948],[127.6606,-15.2413],[127.6502,-15.2312],[127.6172,-15.1994],[127.4414,-15.1782],[127.3755,-14.7005],[127.291,-14.4824],[127.2766,-14.4453],[127.2437,-14.438],[126.991,-14.3815],[126.749,-14.3815],[126.7477,-14.3808],[126.7473,-14.3815],[126.6943,-14.3815],[126.0461,-14.6367],[126.0265,-14.6832],[126.0022,-14.7406],[125.9473,-14.8705],[125.8484,-15.5066],[125.7454,-15.732],[125.7275,-15.7711],[125.702,-15.7826],[125.5627,-15.8451],[125.0024,-15.7923],[124.8157,-15.9402],[124.7827,-16.2358],[124.7917,-16.3438],[124.7941,-16.3728],[124.8047,-16.4993],[124.8463,-16.53],[125.6177,-17.1198],[125.6664,-17.0832]]]},"properties":{"NAME":"Ngarinyin","SUBJECTO":"Ngarinyin","PARTOF":"Ngarinyin","BORDERPRECISION":3,"LINK":null}},
{"type":"Feature","geometry":{"type":"Polygon","coordinates":[[[126.2744,-17.7182],[126.2219,-17.7278],[126.0571,-17.9265],[125.9567,-18.0394],[125.9488,-18.0482],[125.9363,-18.0623],[126.4856,-18.1354],[126.7383,-18.4796],[126.7754,-18.4796],[126.8115,-18.4796],[126.8921,-18.4796],[127.0294,-18.4692],[127.5458,-18.2607],[128.0566,-17.9369],[128.2324,-17.7173],[128.2937,-17.5615],[128.2983,-17.5498],[128.3281,-17.5521],[128.4302,-17.5602],[128.7817,-17.665],[128.8806,-17.7801],[128.9795,-17.8115],[128.9959,-17.8204],[129.0564,-17.8533],[129.0536,-17.8341],[129.0234,-17.6231],[128.8916,-17.1723],[128.8037,-16.6993],[128.9026,-16.6467],[129.1113,-16.6257],[129.2149,-16.6257],[129.2542,-16.6257],[129.2651,-16.6257],[129.342,-16.4572],[129.2871,-16.3412],[129.267,-16.3187],[129.2212,-16.2674],[129.1674,-16.2348],[129.0125,-16.1408],[128.0786,-15.8768],[127.9382,-15.8714],[127.8464,-15.9223],[127.738,-15.9825],[127.5183,-16.0036],[127.5084,-16.0036],[127.4583,-16.0406],[127.4084,-16.0775],[127.3206,-16.6678],[127.4963,-17.2038],[126.958,-17.4974],[126.4526,-17.6859],[126.309,-17.712],[126.2744,-17.7182]]]},"properties":{"NAME":"Kija","SUBJECTO":"Kija","PARTOF":"Kija","BORDERPRECISION":3,"LINK":null}},
{"type":"Feature","geometry":{"type":"Polygon","coordinates":[[[130.4572,-14.4879],[130.3857,-14.4879],[130.3426,-14.5111],[130.3424,-14.5112],[130.3363,-14.5145],[130.3363,-14.5729],[130.3473,-14.6686],[130.3506,-14.7164],[130.3528,-14.7483],[130.3885,-14.7536],[130.4242,-14.7589],[130.8472,-14.7643],[130.957,-14.7961],[130.9882,-14.8202],[131.0176,-14.7871],[131.0284,-14.7749],[131.792,-14.5836],[131.896,-14.5692],[131.8799,-14.4879],[131.8854,-14.4294],[131.9458,-14.291],[131.9568,-14.1153],[131.982,-14.0083],[131.992,-13.966],[131.9485,-13.8887],[131.5503,-13.5018],[131.5298,-13.4096],[131.5283,-13.403],[131.5167,-13.4066],[131.4679,-13.4217],[131.4047,-13.4804],[131.3967,-13.4997],[131.3416,-13.6326],[131.3373,-13.6443],[131.3113,-13.7154],[131.1548,-13.7661],[130.9076,-13.7794],[130.8696,-13.8007],[130.8554,-13.8087],[130.8559,-13.8141],[130.8636,-13.9047],[130.8774,-14.0167],[130.9076,-14.1818],[130.8911,-14.3203],[130.4572,-14.4879]]]},"properties":{"NAME":"Wagiman","SUBJECTO":"Wagiman","PARTOF":"Wagiman","BORDERPRECISION":3,"LINK":null}},
{"type":"Feature","geometry":{"type":"Polygon","coordinates":[[[132.6703,-12.7639],[132.662,-12.7686],[132.6324,-12.785],[132.4786,-12.785],[132.4684,-12.7758],[132.4127,-12.8011],[132.3358,-12.9778],[132.3416,-12.9834],[132.3468,-12.9617],[132.6654,-13.0153],[132.7148,-12.9082],[132.7148,-12.8118],[132.7173,-12.8113],[132.7145,-12.8058],[132.7094,-12.7957],[132.6815,-12.7798],[132.6703,-12.7639]]]},"properties":{"NAME":"Ngombur","SUBJECTO":"Ngombur","PARTOF":"Ngombur","BORDERPRECISION":3,"LINK":null}},
{"type":"Feature","geometry":{"type":"Polygon","coordinates":[[[134.5546,-22.5537],[134.5386,-22.5734],[134.1291,-22.4032],[134.0112,-22.6546],[133.9783,-22.8876],[133.9592,-22.8879],[133.9833,-22.977],[134.3188,-23.0191],[134.5506,-23.0191],[134.5546,-22.5537]]]},"properties":{"NAME":"Alyawarre","SUBJECTO":"Alyawarre","PARTOF":"Alyawarre","BORDERPRECISION":3,"LINK":null}},
{"type":"Feature","geometry":{"type":"Polygon","coordinates":[[[133.1416,-11.8573],[133.1735,-11.7733],[133.1735,-11.728],[132.929,-11.5332],[132.776,-11.578],[132.3838,-11.2992],[132.0406,-11.3825],[132.6263,-11.7499],[132.8027,-11.6065],[132.8577,-11.628],[132.9785,-11.8217],[133.0334,-11.8781],[133.0559,-11.9025],[133.0728,-11.8876],[133.0977,-11.8658],[133.1021,-11.862],[133.1416,-11.8573]]]},"properties":{"NAME":"Iwaidja","SUBJECTO":"Iwaidja","PARTOF":"Iwaidja","BORDERPRECISION":3,"LINK":null}},
{"type":"Feature","geometry":{"type":"Polygon","coordinates":[[[132.3416,-12.9834],[132.3248,-13.0527],[132.2919,-13.0741],[132.2901,-13.0879],[132.3688,-13.0955],[132.6489,-13.1597],[132.6667,-13.1681],[132.7176,-13.1357],[132.8329,-12.9644],[132.8357,-12.9028],[132.8485,-12.8427],[132.8396,-12.8302],[132.8302,-12.8172],[132.7643,-12.8011],[132.7234,-12.81],[132.7173,-12.8113],[132.7148,-12.8118],[132.7148,-12.9082],[132.6654,-13.0153],[132.3468,-12.9617],[132.3416,-12.9834]]]},"properties":{"NAME":"Mbukarla","SUBJECTO":"Mbukarla","PARTOF":"Mbukarla","BORDERPRECISION":3,"LINK":null}},
{"type":"Feature","geometry":{"type":"Polygon","coordinates":[[[115.8351,-23.8462],[115.8034,-23.8665],[115.7684,-24.0013],[115.6366,-24.2169],[115.5212,-24.6221],[115.4828,-24.6969],[115.4224,-24.8864],[115.3773,-24.9953],[115.4388,-25.011],[115.752,-25.1768],[115.7684,-25.1701],[115.8196,-25.2038],[115.8541,-25.1986],[115.8948,-25.1055],[116.0596,-24.9661],[116.1365,-24.7618],[116.2903,-24.647],[116.3375,-24.6173],[116.3665,-24.5618],[116.3452,-24.4622],[116.4496,-24.1818],[116.4331,-23.9762],[116.2738,-23.8758],[115.8948,-23.8557],[115.8351,-23.8462]]]},"properties":{"NAME":"Warriyangga","SUBJECTO":"Warriyangga","PARTOF":"Warriyangga","BORDERPRECISION":3,"LINK":null}},
{"type":"Feature","geometry":{"type":"Polygon","coordinates":[[[132.6703,-12.7639],[132.7094,-12.7422],[132.6964,-12.6864],[132.6908,-12.6621],[132.6709,-12.576],[132.7246,-12.2009],[132.6995,-12.2192],[132.6285,-12.2712],[132.4256,-12.322],[132.4,-12.3284],[132.4072,-12.7207],[132.4301,-12.7413],[132.4684,-12.7758],[132.4786,-12.785],[132.6324,-12.785],[132.662,-12.7686],[132.6703,-12.7639]]]},"properties":{"NAME":"Gagudju","SUBJECTO":"Gagudju","PARTOF":"Gagudju","BORDERPRECISION":3,"LINK":null}},
{"type":"Feature","geometry":{"type":"Polygon","coordinates":[[[122.927,-16.7335],[122.869,-16.6593],[122.7338,-16.7151],[122.7595,-16.7414],[122.7859,-16.7414],[122.927,-16.7335]]]},"properties":{"NAME":"Bardi","SUBJECTO":"Bardi","PARTOF":"Bardi","BORDERPRECISION":3,"LINK":null}},
{"type":"Feature","geometry":{"type":"Polygon","coordinates":[[[133.4476,-11.9034],[133.3973,-11.8818],[133.1735,-11.728],[133.1735,-11.7733],[133.1416,-11.8573],[133.1708,-11.8539],[133.4476,-11.9034]]]},"properties":{"NAME":"Maung","SUBJECTO":"Maung","PARTOF":"Maung","BORDERPRECISION":3,"LINK":null}},
{"type":"Feature","geometry":{"type":"Polygon","coordinates":[[[118.6889,-20.3403],[118.6209,-20.3749],[118.8062,-20.6174],[118.8007,-20.9871],[118.6359,-21.54],[118.6417,-21.5996],[118.6453,-21.6367],[118.6523,-21.7085],[118.96,-21.9838],[119.0276,-22.0089],[119.0325,-22.0107],[119.1248,-22.0449],[119.9323,-22.1111],[120.6848,-22.1111],[121.0693,-22.2332],[121.1038,-22.1986],[121.0803,-22.106],[121.1208,-22.0559],[121.1462,-22.0245],[121.1946,-22.0166],[121.1353,-21.9532],[120.9045,-20.982],[120.2234,-20.5196],[120.0256,-20.2828],[119.9569,-20.1438],[119.9439,-20.1175],[119.9268,-20.1127],[119.6356,-20.391],[118.8278,-20.1398],[118.8101,-20.1735],[118.7343,-20.3172],[118.6889,-20.3403]]]},"properties":{"NAME":"Nyamal","SUBJECTO":"Nyamal","PARTOF":"Nyamal","BORDERPRECISION":3,"LINK":null}},
{"type":"Feature","geometry":{"type":"Polygon","coordinates":[[[129.9923,-14.434],[129.9973,-14.4343],[130.0203,-14.4135],[130.0202,-14.4132],[129.9765,-14.3815],[129.9271,-14.3602],[129.8996,-14.3682],[129.8611,-14.267],[129.8721,-14.1259],[129.8886,-14.0972],[129.8845,-14.0966],[129.8828,-14.0893],[129.8735,-14.05],[129.8969,-13.9927],[129.7635,-14.0071],[129.7633,-14.0191],[129.5962,-14.168],[129.809,-14.4453],[129.9243,-14.4294],[129.9923,-14.434]]]},"properties":{"NAME":"Marringarr","SUBJECTO":"Marringarr","PARTOF":"Marringarr","BORDERPRECISION":3,"LINK":null}},
{"type":"Feature","geometry":{"type":"Polygon","coordinates":[[[116.5468,-34.8654],[116.5594,-34.8364],[116.5704,-34.6332],[116.499,-34.3389],[116.1859,-34.2163],[116.1804,-34.1664],[116.2023,-33.9358],[116.1941,-33.9269],[116.0541,-33.802],[115.9903,-33.7146],[115.8677,-33.6704],[115.8453,-33.6695],[115.8069,-33.738],[115.7563,-33.8305],[115.7407,-33.8591],[115.7245,-33.8887],[115.3729,-34.0845],[115.3493,-34.1158],[115.1485,-34.3822],[115.1367,-34.3978],[116.0046,-34.9355],[116.4276,-35.048],[116.4465,-35.027],[116.5468,-34.8654]]]},"properties":{"NAME":"Bibbulman","SUBJECTO":"Bibbulman","PARTOF":"Bibbulman","BORDERPRECISION":3,"LINK":null}},
{"type":"Feature","geometry":{"type":"Polygon","coordinates":[[[126.0022,-14.6875],[126.0265,-14.6832],[126.0461,-14.6367],[126.6943,-14.3815],[126.7473,-14.3815],[126.7477,-14.3808],[126.6888,-14.3495],[126.6166,-14.203],[126.546,-14.3502],[126.2684,-14.0711],[126.1015,-14.2049],[125.9678,-14.4797],[126.0022,-14.541],[126.0022,-14.6474],[126.0022,-14.6875]]]},"properties":{"NAME":"Gamberre","SUBJECTO":"Gamberre","PARTOF":"Gamberre","BORDERPRECISION":3,"LINK":null}},
{"type":"Feature","geometry":{"type":"Polygon","coordinates":[[[127.3379,-26.5296],[127.3645,-26.5394],[127.6831,-26.4804],[128.2104,-25.9975],[128.573,-25.9975],[128.8546,-26.0055],[128.9246,-26.0074],[129.0234,-25.898],[129.0674,-25.8493],[129.0344,-24.7967],[128.886,-24.4303],[128.8806,-24.4171],[128.866,-24.3954],[128.4961,-24.267],[128.1445,-24.1267],[127.9657,-24.0587],[128.0127,-24.1066],[126.156,-24.2269],[125.6067,-24.637],[125.5278,-24.5989],[125.5148,-24.6107],[125.5847,-24.7468],[125.5847,-24.9661],[125.9033,-25.6514],[126.134,-25.7603],[126.3647,-25.958],[126.8701,-26.2343],[127.0789,-26.3919],[127.2657,-26.4912],[127.3379,-26.5296]]]},"properties":{"NAME":"Ngatatjara","SUBJECTO":"Ngatatjara","PARTOF":"Ngatatjara","BORDERPRECISION":3,"LINK":null}},
{"type":"Feature","geometry":{"type":"Polygon","coordinates":[[[121.002,-23.3035],[120.9814,-23.2817],[119.8059,-23.3725],[119.6657,-23.3952],[119.6414,-23.3992],[119.6191,-23.4028],[119.6191,-23.4582],[119.6191,-23.5136],[119.6268,-23.5287],[119.696,-23.6647],[119.8059,-23.9361],[119.8608,-24.1668],[119.8279,-24.7069],[119.718,-24.9263],[119.7131,-24.9332],[119.7729,-24.9711],[119.7632,-24.9901],[119.696,-25.1204],[119.6466,-25.1751],[119.0094,-25.5474],[118.9545,-25.6465],[118.9295,-25.7395],[118.916,-25.79],[118.9128,-25.8098],[119.2346,-25.8098],[119.6411,-25.9975],[120.6079,-26.3131],[120.7816,-26.4138],[120.7947,-26.4214],[120.8262,-26.4308],[121.0254,-26.4902],[121.9373,-26.0963],[122.4976,-26.0074],[122.6239,-26.0074],[122.7771,-26.0074],[122.7942,-26.0074],[122.948,-26.0272],[122.97,-25.5325],[122.9503,-25.4021],[122.9095,-25.3738],[122.8718,-25.3345],[122.8381,-25.2993],[121.9537,-24.5271],[120.9705,-23.438],[120.9602,-23.3877],[120.954,-23.3574],[121.002,-23.3035]]]},"properties":{"NAME":"Wawula","SUBJECTO":"Wawula","PARTOF":"Wawula","BORDERPRECISION":3,"LINK":null}},
{"type":"Feature","geometry":{"type":"Polygon","coordinates":[[[123.2849,-21.3679],[123.2886,-21.3563],[123.5632,-21.0537],[123.7061,-20.8999],[123.8379,-20.7458],[123.8379,-20.679],[123.8379,-20.5299],[123.8379,-20.4167],[123.8049,-20.0353],[123.5852,-19.6736],[123.1458,-19.1348],[122.764,-19.0325],[122.7361,-19.0251],[122.4866,-18.9582],[121.8384,-18.8439],[121.5444,-18.7863],[121.5395,-18.7854],[120.8721,-19.6769],[120.2229,-19.9835],[119.9732,-20.0652],[119.9257,-20.0808],[119.9439,-20.1175],[119.9569,-20.1438],[120.0256,-20.2828],[120.2234,-20.5196],[120.9045,-20.982],[121.1353,-21.9532],[121.1946,-22.0166],[121.2203,-22.0124],[121.333,-21.994],[122.5415,-22.411],[123.1677,-21.3815],[123.2739,-21.3725],[123.2849,-21.3679]]]},"properties":{"NAME":"Nyangumarda","SUBJECTO":"Nyangumarda","PARTOF":"Nyangumarda","BORDERPRECISION":3,"LINK":null}},
{"type":"Feature","geometry":{"type":"Polygon","coordinates":[[[134.485,-17.1958],[134.6012,-17.133],[134.6183,-15.1412],[134.6192,-15.0316],[134.2969,-14.7961],[134.1464,-14.7234],[134.1431,-14.7218],[134.0669,-14.7411],[133.9343,-14.7749],[133.9014,-14.8386],[133.8586,-14.8926],[133.8249,-14.9352],[133.7585,-15.0191],[133.6971,-15.0635],[133.6926,-15.0668],[133.6267,-15.1146],[133.4839,-16.2147],[133.4956,-16.2259],[133.4925,-16.2337],[133.5117,-16.2413],[133.6597,-16.3834],[133.8684,-16.5625],[134.0112,-16.7099],[134.3079,-16.9727],[134.4507,-17.2143],[134.485,-17.1958]]]},"properties":{"NAME":"Alawa","SUBJECTO":"Alawa","PARTOF":"Alawa","BORDERPRECISION":3,"LINK":null}},
{"type":"Feature","geometry":{"type":"Polygon","coordinates":[[[133.162,-14.9016],[133.0994,-14.9554],[132.9016,-15.0297],[132.4622,-14.9766],[132.3034,-15.0245],[132.2864,-15.0297],[132.2314,-15.21],[132.3193,-15.4854],[132.3193,-15.7605],[132.3193,-15.8933],[132.3193,-15.9613],[132.3303,-16.1092],[132.3912,-16.1903],[132.4292,-16.1619],[132.8796,-16.4888],[133.1873,-16.4888],[133.3675,-16.4187],[133.3905,-16.4097],[133.3927,-16.4221],[133.429,-16.3939],[133.4925,-16.2337],[133.4956,-16.2259],[133.4839,-16.2147],[133.6267,-15.1146],[133.6926,-15.0668],[133.6971,-15.0635],[133.7036,-14.9448],[133.396,-14.9129],[133.2043,-14.8718],[133.1807,-14.8971],[133.1708,-14.9076],[133.162,-14.9016]]]},"properties":{"NAME":"Yangman","SUBJECTO":"Yangman","PARTOF":"Yangman","BORDERPRECISION":3,"LINK":null}},
{"type":"Feature","geometry":{"type":"Polygon","coordinates":[[[134.4826,-30.9351],[134.3188,-30.8834],[133.2312,-30.496],[131.8469,-30.3729],[131.4404,-30.2496],[131.3732,-30.2282],[131.2866,-30.278],[131.026,-30.7679],[131.2427,-30.8079],[131.1112,-31.4618],[132.1822,-32.1482],[133.837,-32.342],[134.237,-32.7419],[134.1541,-33.0455],[134.4672,-32.7375],[134.4826,-30.9351]]]},"properties":{"NAME":"Wirangu","SUBJECTO":"Wirangu","PARTOF":"Wirangu","BORDERPRECISION":3,"LINK":null}},
{"type":"Feature","geometry":{"type":"Polygon","coordinates":[[[127.6606,-15.2413],[127.6653,-15.2267],[127.8589,-15.0191],[127.9892,-14.8571],[127.9688,-14.7391],[127.9626,-14.7031],[127.3975,-14.1004],[127.2437,-14.275],[127.2437,-14.438],[127.2766,-14.4453],[127.291,-14.4824],[127.3755,-14.7005],[127.4414,-15.1782],[127.6172,-15.1994],[127.6502,-15.2312],[127.6606,-15.2413]]]},"properties":{"NAME":"Kwini","SUBJECTO":"Kwini","PARTOF":"Kwini","BORDERPRECISION":3,"LINK":null}},
{"type":"Feature","geometry":{"type":"Polygon","coordinates":[[[130.4635,-12.7589],[131.2042,-12.9189],[131.2054,-12.9109],[131.1768,-12.8761],[131.1685,-12.5197],[131.1273,-12.3615],[131.0631,-12.261],[131.0283,-12.2683],[130.8589,-12.4466],[130.9513,-12.6308],[130.4635,-12.7589]]]},"properties":{"NAME":"Larrakia","SUBJECTO":"Larrakia","PARTOF":"Larrakia","BORDERPRECISION":3,"LINK":null}},
{"type":"Feature","geometry":{"type":"Polygon","coordinates":[[[114.9697,-30.325],[115.0159,-30.3681],[116.153,-30.2211],[116.5045,-30.1071],[116.6254,-30.0406],[116.6406,-30.0093],[116.6693,-29.9502],[116.3837,-29.3822],[116.3124,-29.254],[116.2738,-29.2672],[116.0761,-29.0226],[115.8179,-28.6086],[115.8179,-28.5692],[115.73,-28.5121],[115.3949,-28.57],[115.3147,-28.5298],[115.2981,-28.5377],[115.2301,-28.57],[114.7028,-28.7195],[114.5966,-28.7195],[114.5929,-28.7195],[114.5435,-28.7725],[114.9122,-29.6973],[114.9003,-30.1289],[114.95,-30.3065],[114.9697,-30.325]]]},"properties":{"NAME":"Amangu","SUBJECTO":"Amangu","PARTOF":"Amangu","BORDERPRECISION":3,"LINK":null}},
{"type":"Feature","geometry":{"type":"Polygon","coordinates":[[[134.2277,-12.0956],[134.1705,-12.1186],[134.1444,-12.1763],[134.1238,-12.242],[134.1213,-12.2595],[134.1336,-12.2595],[134.187,-12.2595],[134.3573,-12.2541],[134.3683,-12.1682],[134.4025,-12.1564],[134.4026,-12.1508],[134.3925,-12.1189],[134.2277,-12.0956]]]},"properties":{"NAME":"Gungurugoni","SUBJECTO":"Gungurugoni","PARTOF":"Gungurugoni","BORDERPRECISION":3,"LINK":null}},
{"type":"Feature","geometry":{"type":"Polygon","coordinates":[[[122.8282,-33.0553],[123.6511,-33.1376],[123.9547,-33.4787],[123.9222,-33.5214],[124.4312,-32.9441],[124.2224,-31.0341],[123.3833,-30.9917],[123.1851,-31.4623],[123.108,-31.7529],[122.9979,-32.0985],[122.9208,-32.3685],[122.9317,-32.4893],[122.9097,-32.7581],[122.8326,-33.0354],[122.8282,-33.0553]]]},"properties":{"NAME":"Ngatjumay","SUBJECTO":"Ngatjumay","PARTOF":"Ngatjumay","BORDERPRECISION":3,"LINK":null}},
{"type":"Feature","geometry":{"type":"Polygon","coordinates":[[[130.7591,-16.0674],[130.7813,-16.0722],[130.8886,-16.0863],[130.9076,-16.0722],[131.0999,-15.9983],[131.3306,-15.993],[131.369,-15.7923],[131.4012,-15.791],[131.3966,-15.6843],[131.3965,-15.6812],[131.3864,-15.6592],[131.1548,-15.6548],[130.9241,-15.6548],[130.6219,-15.6971],[130.4462,-15.6918],[130.4462,-15.7081],[130.4462,-15.8081],[130.4846,-15.9613],[130.7098,-16.0511],[130.7591,-16.0674]]]},"properties":{"NAME":"Ngaliwuru","SUBJECTO":"Ngaliwuru","PARTOF":"Ngaliwuru","BORDERPRECISION":3,"LINK":null}},
{"type":"Feature","geometry":{"type":"Polygon","coordinates":[[[115.9123,-22.6023],[115.9497,-22.5481],[116.0156,-22.4669],[115.9854,-22.4681],[115.9391,-22.4701],[115.8069,-22.5734],[115.1917,-22.5024],[115.31,-22.4051],[115.3036,-22.4009],[115.2905,-22.4009],[115.2631,-22.4263],[115.0928,-22.4415],[114.9225,-22.4161],[114.6385,-21.9822],[114.232,-22.6155],[113.9006,-22.0377],[113.6254,-22.5659],[113.7195,-22.8167],[113.7831,-22.8395],[113.8239,-22.7559],[114.2908,-22.685],[114.7577,-22.7711],[114.7926,-22.8217],[114.7961,-22.8268],[114.796,-22.8274],[114.8077,-22.825],[114.8621,-22.8369],[115.5981,-22.8724],[115.7147,-22.8476],[115.7267,-22.8531],[115.7316,-22.844],[115.8124,-22.8268],[115.8728,-22.7103],[115.9041,-22.6236],[115.9113,-22.6039],[115.9123,-22.6023]]]},"properties":{"NAME":"Thalanyji","SUBJECTO":"Thalanyji","PARTOF":"Thalanyji","BORDERPRECISION":3,"LINK":null}},
{"type":"Feature","geometry":{"type":"Polygon","coordinates":[[[131.6761,-12.3848],[131.1829,-12.2361],[131.109,-12.2515],[131.0631,-12.261],[131.1273,-12.3615],[131.1685,-12.5197],[131.1768,-12.8761],[131.2054,-12.9109],[131.2097,-12.9162],[131.6107,-13.0313],[131.6656,-12.9831],[131.6602,-12.9376],[131.6588,-12.93],[131.6107,-12.9136],[131.6346,-12.3896],[131.6761,-12.3848]]]},"properties":{"NAME":"Woolna","SUBJECTO":"Woolna","PARTOF":"Woolna","BORDERPRECISION":3,"LINK":null}},
{"type":"Feature","geometry":{"type":"Polygon","coordinates":[[[134.6411,-12.4778],[134.5551,-12.5546],[133.9618,-13.026],[133.9558,-13.0257],[133.9453,-13.1009],[133.9618,-13.2934],[134.0607,-13.4003],[134.3188,-13.427],[134.3311,-13.4193],[134.4727,-13.3308],[134.6346,-13.2426],[134.6353,-13.1519],[134.6411,-12.4778]]]},"properties":{"NAME":"Rembarnga","SUBJECTO":"Rembarnga","PARTOF":"Rembarnga","BORDERPRECISION":3,"LINK":null}},
{"type":"Feature","geometry":{"type":"Polygon","coordinates":[[[130.0429,-14.4454],[130.0318,-14.4367],[129.9973,-14.4343],[129.9923,-14.434],[129.9243,-14.4294],[129.809,-14.4453],[129.5962,-14.168],[129.4266,-14.3059],[129.423,-14.4139],[129.7288,-14.6739],[129.7943,-14.7536],[130.0616,-14.7218],[130.2649,-14.7164],[130.3506,-14.7164],[130.3473,-14.6686],[130.3363,-14.5729],[130.3363,-14.5145],[130.3424,-14.5112],[130.3226,-14.5065],[130.2814,-14.4905],[130.1633,-14.4666],[130.0699,-14.4666],[130.0429,-14.4454]]]},"properties":{"NAME":"Murrinh-patha","SUBJECTO":"Murrinh-patha","PARTOF":"Murrinh-patha","BORDERPRECISION":3,"LINK":null}},
{"type":"Feature","geometry":{"type":"Polygon","coordinates":[[[130.5762,-24.7933],[130.4956,-24.8665],[129.3311,-24.4871],[129.0743,-24.4459],[128.886,-24.4303],[129.0344,-24.7967],[129.0674,-25.8493],[129.0234,-25.898],[129.0234,-25.958],[129.0234,-26.0963],[129.0234,-26.4017],[129.0784,-26.8241],[129.2871,-27.1276],[130.21,-27.4985],[130.5433,-27.5159],[130.64,-27.4847],[130.6714,-27.4595],[130.686,-27.4699],[130.7043,-27.464],[130.7043,-27.3327],[130.8691,-26.7358],[130.7813,-26.0765],[130.8252,-25.9185],[130.946,-25.7504],[131.0407,-25.4659],[131.0504,-25.3986],[131.0614,-25.2099],[131.001,-25.0408],[130.8472,-24.8815],[130.6989,-24.8416],[130.5762,-24.7933]]]},"properties":{"NAME":"Pitjantjatjara","SUBJECTO":"Pitjantjatjara","PARTOF":"Pitjantjatjara","BORDERPRECISION":3,"LINK":null}},
{"type":"Feature","geometry":{"type":"Polygon","coordinates":[[[117.9781,-35.0977],[118.021,-35.1019],[118.0011,-35.0897],[117.9781,-35.0977]]]},"properties":{"NAME":"Minang","SUBJECTO":"Minang","PARTOF":"Minang","BORDERPRECISION":3,"LINK":null}},
{"type":"Feature","geometry":{"type":"Polygon","coordinates":[[[115.6535,-33.3305],[115.558,-33.5754],[115.4085,-33.7666],[114.9613,-33.8693],[115.0543,-34.3752],[115.1485,-34.3822],[115.3493,-34.1158],[115.3674,-34.0709],[115.5432,-33.9798],[115.7407,-33.8591],[115.7563,-33.8305],[115.7629,-33.7974],[115.8289,-33.6878],[115.8166,-33.6064],[115.7355,-33.4177],[115.6499,-33.3493],[115.6535,-33.3305]]]},"properties":{"NAME":"Wardandi","SUBJECTO":"Wardandi","PARTOF":"Wardandi","BORDERPRECISION":3,"LINK":null}},
{"type":"Feature","geometry":{"type":"Polygon","coordinates":[[[133.0559,-11.9025],[133.0334,-11.8781],[132.9785,-11.8217],[132.8577,-11.628],[132.8027,-11.6065],[132.6263,-11.7499],[132.7511,-12.1692],[132.8412,-12.2273],[132.9291,-12.093],[133.0258,-12.03],[133.0334,-11.999],[133.0444,-11.9587],[133.0499,-11.9077],[133.0559,-11.9025]]]},"properties":{"NAME":"Amarak","SUBJECTO":"Amarak","PARTOF":"Amarak","BORDERPRECISION":3,"LINK":null}},
{"type":"Feature","geometry":{"type":"Polygon","coordinates":[[[123.9899,-16.8151],[124.0521,-16.8151],[124.1949,-16.8308],[124.3433,-16.8308],[124.4476,-16.8395],[124.4476,-16.773],[124.4476,-16.6467],[124.3964,-16.5173],[124.2773,-16.5228],[123.9795,-16.409],[123.5758,-16.3908],[123.9148,-16.5678],[123.9697,-16.6415],[123.9642,-16.7414],[123.9883,-16.8105],[123.9899,-16.8151]]]},"properties":{"NAME":"Umida","SUBJECTO":"Umida","PARTOF":"Umida","BORDERPRECISION":3,"LINK":null}},
{"type":"Feature","geometry":{"type":"Polygon","coordinates":[[[132.6964,-12.6864],[132.7039,-12.6966],[132.8549,-12.7448],[132.8723,-12.7292],[132.9236,-12.6832],[132.9648,-12.6457],[132.9675,-12.4419],[132.7511,-12.1692],[132.6995,-12.2192],[132.7246,-12.2009],[132.6709,-12.576],[132.6908,-12.6621],[132.6964,-12.6864]]]},"properties":{"NAME":"Kundjey’mi","SUBJECTO":"Kundjey’mi","PARTOF":"Kundjey’mi","BORDERPRECISION":3,"LINK":null}},
{"type":"Feature","geometry":{"type":"Polygon","coordinates":[[[118.9235,-22.3358],[118.9337,-22.3404],[118.9545,-22.3958],[119.6136,-23.3826],[119.6414,-23.3992],[119.6657,-23.3952],[119.8059,-23.3725],[120.9814,-23.2817],[121.002,-23.3035],[121.0034,-23.3019],[121.1243,-23.0494],[121.1243,-22.2789],[121.1038,-22.1986],[121.0693,-22.2332],[120.6848,-22.1111],[119.9323,-22.1111],[119.1248,-22.0449],[119.0325,-22.0107],[119.0282,-22.0149],[118.9819,-22.0602],[118.9105,-22.2789],[118.9298,-22.3303],[118.9235,-22.3358]]]},"properties":{"NAME":"Palyku","SUBJECTO":"Palyku","PARTOF":"Palyku","BORDERPRECISION":3,"LINK":null}},
{"type":"Feature","geometry":{"type":"Polygon","coordinates":[[[114.643,-26.4673],[114.7028,-26.618],[114.8676,-27.1618],[114.906,-27.9507],[115.0488,-28.2463],[115.2026,-28.4735],[115.2733,-28.509],[115.3147,-28.5298],[115.3949,-28.57],[115.73,-28.5121],[115.8179,-28.5692],[115.8563,-28.5942],[115.8819,-28.5743],[116.2354,-28.2995],[116.7572,-27.9507],[117.5702,-27.4644],[117.746,-27.2497],[117.9767,-27.2058],[118.0125,-27.1822],[118.0391,-27.1647],[118.2294,-27.0396],[118.8831,-25.9926],[118.9128,-25.8098],[118.916,-25.79],[118.9295,-25.7395],[118.9545,-25.6465],[119.0094,-25.5474],[119.6466,-25.1751],[119.696,-25.1204],[119.7632,-24.9901],[119.7729,-24.9711],[119.7131,-24.9332],[119.4818,-24.7867],[119.3005,-24.687],[119.0753,-24.5371],[118.8776,-24.4572],[118.6139,-24.3971],[118.5726,-24.3899],[118.4436,-24.3671],[118.0042,-24.2269],[117.6746,-24.0314],[117.5943,-24.0314],[117.5812,-24.0314],[117.4219,-24.0063],[117.3615,-23.9712],[117.0978,-24.0013],[116.8341,-24.4821],[116.5045,-24.5121],[116.3735,-24.5946],[116.3375,-24.6173],[116.2903,-24.647],[116.1365,-24.7618],[116.0596,-24.9661],[115.8948,-25.1055],[115.8541,-25.1986],[115.8419,-25.2266],[115.8124,-25.2944],[115.8234,-25.5524],[114.7302,-25.7108],[114.7276,-25.7495],[114.7275,-25.7516],[114.7192,-25.8741],[114.7687,-26.2195],[114.7412,-26.3869],[114.6772,-26.4379],[114.6423,-26.4657],[114.643,-26.4673]]]},"properties":{"NAME":"Watjarri","SUBJECTO":"Watjarri","PARTOF":"Watjarri","BORDERPRECISION":3,"LINK":null}},
{"type":"Feature","geometry":{"type":"Polygon","coordinates":[[[127.738,-19.4562],[127.738,-20.6019],[127.7389,-20.6028],[127.8738,-20.7289],[128.4192,-20.8896],[128.7158,-20.9101],[129.1443,-21.064],[129.4519,-20.9409],[129.5865,-20.949],[129.6277,-20.9307],[129.6668,-20.9539],[129.7925,-20.9614],[130.0891,-21.0947],[130.2534,-21.1139],[130.3967,-21.0025],[130.4956,-20.7972],[130.4956,-20.5505],[128.7158,-19.3008],[128.7582,-19.2608],[128.7486,-19.2503],[128.7378,-19.2385],[127.9578,-19.3111],[127.7964,-19.4177],[127.7799,-19.4195],[127.781,-19.4279],[127.738,-19.4562]]]},"properties":{"NAME":"Ngarti","SUBJECTO":"Ngarti","PARTOF":"Ngarti","BORDERPRECISION":3,"LINK":null}},
{"type":"Feature","geometry":{"type":"Polygon","coordinates":[[[124.4586,-17.4092],[124.4586,-17.3454],[124.4476,-17.0673],[124.4476,-16.8887],[124.4476,-16.8395],[124.3433,-16.8308],[124.1949,-16.8308],[124.0521,-16.8151],[123.9899,-16.8151],[123.9862,-16.8151],[123.9587,-16.8151],[123.8599,-16.8571],[123.8203,-16.8839],[123.912,-16.9749],[123.8268,-17.2485],[123.7041,-17.2169],[123.5958,-17.1574],[123.6347,-17.2101],[123.6731,-17.2353],[123.8599,-17.3192],[124.3982,-17.4031],[124.4586,-17.4092]]]},"properties":{"NAME":"Warwa","SUBJECTO":"Warwa","PARTOF":"Warwa","BORDERPRECISION":3,"LINK":null}},
{"type":"Feature","geometry":{"type":"Polygon","coordinates":[[[134.6443,-12.1108],[134.5551,-12.1038],[134.4025,-12.1564],[134.3683,-12.1682],[134.3573,-12.2541],[134.187,-12.2595],[134.1336,-12.2595],[134.1213,-12.2595],[134.0717,-12.2595],[134.0392,-12.2635],[134.0193,-12.2659],[134.0035,-12.2678],[133.9997,-12.2658],[133.9984,-12.2684],[133.9563,-12.3507],[133.9069,-12.4205],[133.6981,-12.7957],[133.6222,-12.9202],[133.7476,-13.0153],[133.9558,-13.0257],[133.9618,-13.026],[134.5551,-12.5546],[134.6411,-12.4778],[134.6415,-12.4356],[134.6443,-12.1108]]]},"properties":{"NAME":"Dangbon","SUBJECTO":"Dangbon","PARTOF":"Dangbon","BORDERPRECISION":3,"LINK":null}},
{"type":"Feature","geometry":{"type":"Polygon","coordinates":[[[131.896,-14.5692],[131.792,-14.5836],[131.0284,-14.7749],[131.0176,-14.7871],[130.9882,-14.8202],[130.9625,-14.8492],[130.9735,-15.0032],[131.0339,-15.2683],[131.0597,-15.3056],[131.0734,-15.3254],[131.1108,-15.3795],[131.2701,-15.4378],[131.3361,-15.549],[131.3864,-15.6592],[131.3965,-15.6812],[131.3966,-15.6843],[131.4012,-15.791],[131.402,-15.8081],[131.4294,-15.8129],[131.5228,-15.8292],[131.9403,-15.7764],[132.0557,-15.8504],[132.1371,-15.9394],[132.1765,-15.9825],[132.1545,-16.2305],[132.3029,-15.9825],[132.3193,-15.8933],[132.3193,-15.7605],[132.3193,-15.4854],[132.2314,-15.21],[132.2864,-15.0297],[132.3034,-15.0245],[132.2095,-14.7749],[132.038,-14.609],[131.9813,-14.6164],[131.9073,-14.6261],[131.896,-14.5692]]]},"properties":{"NAME":"Wardaman","SUBJECTO":"Wardaman","PARTOF":"Wardaman","BORDERPRECISION":3,"LINK":null}},
{"type":"Feature","geometry":{"type":"Polygon","coordinates":[[[115.986,-32.9835],[115.9854,-32.9925],[116.0495,-33.0012],[116.1722,-33.0179],[116.2692,-33.0626],[116.6309,-33.2295],[116.6778,-33.2481],[117.1582,-33.4383],[117.2103,-33.4795],[117.4191,-33.6443],[117.4252,-33.6393],[117.4878,-33.5872],[117.529,-33.5528],[117.6326,-33.4961],[117.9602,-33.3168],[118.088,-33.2798],[118.1744,-33.2548],[118.3706,-33.151],[118.4122,-33.129],[118.1525,-33.1053],[118.1085,-33.0562],[117.9575,-32.981],[117.7954,-32.7734],[117.7428,-32.6329],[117.6691,-32.5468],[117.6121,-32.4024],[117.5299,-32.3765],[117.5125,-32.3753],[116.6281,-32.1431],[116.5992,-32.1447],[116.5485,-32.1477],[116.2683,-32.2918],[116.1626,-32.3782],[116.1401,-32.3877],[116.1375,-32.3987],[116.098,-32.431],[116.0801,-32.6006],[116.0761,-32.6394],[115.9882,-32.9534],[115.986,-32.9835]]]},"properties":{"NAME":"Wiilman","SUBJECTO":"Wiilman","PARTOF":"Wiilman","BORDERPRECISION":3,"LINK":null}},
{"type":"Feature","geometry":{"type":"Polygon","coordinates":[[[131.992,-13.966],[132.0007,-13.9287],[132.0447,-13.7954],[132.0711,-13.7595],[132.0782,-13.7498],[132.0996,-13.7207],[132.1985,-13.6833],[132.4072,-13.6727],[132.6215,-13.5766],[132.8467,-13.5499],[132.2095,-13.2399],[132.1996,-13.2226],[131.9183,-13.1009],[131.7645,-13.0153],[131.6876,-13.026],[131.5997,-13.2079],[131.5556,-13.2772],[131.5283,-13.3201],[131.5167,-13.4066],[131.5283,-13.403],[131.5298,-13.4096],[131.5503,-13.5018],[131.9485,-13.8887],[131.992,-13.966]]]},"properties":{"NAME":"Warray","SUBJECTO":"Warray","PARTOF":"Warray","BORDERPRECISION":3,"LINK":null}},
{"type":"Feature","geometry":{"type":"Polygon","coordinates":[[[126.4526,-20.3715],[126.4526,-20.6328],[126.0352,-21.5757],[125.8408,-21.8105],[125.9912,-21.8105],[126.1569,-21.9324],[126.2071,-21.9052],[126.2109,-21.8819],[127.0239,-21.0435],[127.6172,-20.6533],[127.7069,-20.6798],[127.7389,-20.6028],[127.738,-20.6019],[127.738,-19.4562],[127.781,-19.4279],[127.7799,-19.4195],[127.7271,-19.4252],[127.0569,-19.2697],[126.8485,-19.1666],[126.8256,-19.1823],[126.8042,-19.1971],[126.3647,-20.2828],[126.3445,-20.3414],[126.4526,-20.3652],[126.4526,-20.3715]]]},"properties":{"NAME":"Kukatja","SUBJECTO":"Kukatja","PARTOF":"Kukatja","BORDERPRECISION":3,"LINK":null}},
{"type":"Feature","geometry":{"type":"Polygon","coordinates":[[[116.6087,-23.0043],[116.5874,-23.0434],[116.6693,-23.0898],[116.8561,-23.206],[117.0978,-23.3069],[117.188,-23.332],[117.2021,-23.206],[116.9824,-22.9331],[116.9824,-22.8825],[116.9824,-22.8741],[116.9604,-22.8673],[116.8781,-22.7873],[116.8614,-22.7712],[116.8396,-22.7812],[116.6528,-22.923],[116.6087,-23.0043]]]},"properties":{"NAME":"Jurruru","SUBJECTO":"Jurruru","PARTOF":"Jurruru","BORDERPRECISION":3,"LINK":null}},
{"type":"Feature","geometry":{"type":"Polygon","coordinates":[[[114.7066,-23.2872],[114.7402,-23.3379],[114.7852,-23.3523],[114.9225,-23.3977],[115.0543,-23.4229],[115.4388,-23.6697],[115.719,-23.72],[115.8016,-23.7536],[115.8234,-23.6999],[115.697,-23.2514],[115.7328,-22.9269],[115.7355,-22.9027],[115.776,-22.9214],[115.7684,-22.8724],[115.7267,-22.8531],[115.7147,-22.8476],[115.5981,-22.8724],[114.8621,-22.8369],[114.8077,-22.825],[114.796,-22.8274],[114.7742,-22.928],[114.7302,-23.0545],[114.7083,-23.201],[114.7066,-23.2872]]]},"properties":{"NAME":"Purduna","SUBJECTO":"Purduna","PARTOF":"Purduna","BORDERPRECISION":3,"LINK":null}},
{"type":"Feature","geometry":{"type":"Polygon","coordinates":[[[126.2071,-21.9052],[126.1976,-21.9623],[126.3098,-22.0449],[126.5625,-22.3501],[127.0459,-23.3019],[127.4304,-23.6546],[127.8259,-23.916],[127.8948,-23.9863],[127.9657,-24.0587],[128.1445,-24.1267],[128.4961,-24.267],[128.866,-24.3954],[128.9575,-24.4271],[129.0743,-24.4459],[129.3311,-24.4871],[130.4956,-24.8665],[130.5762,-24.7933],[130.6011,-24.7708],[130.6714,-24.7069],[130.9131,-24.3871],[131.1877,-23.4632],[131.2646,-23.1505],[131.2941,-22.9745],[131.2983,-22.9492],[131.3086,-22.8876],[131.3196,-22.7559],[130.6824,-22.3399],[130.7373,-21.3201],[130.4407,-21.1357],[130.3201,-21.1217],[130.2534,-21.1139],[130.0891,-21.0947],[129.7925,-20.9614],[129.6668,-20.9539],[129.5865,-20.949],[129.4519,-20.9409],[129.1443,-21.064],[128.7158,-20.9101],[128.4192,-20.8896],[127.8738,-20.7289],[127.7069,-20.6798],[127.6172,-20.6533],[127.0239,-21.0435],[126.2109,-21.8819],[126.2071,-21.9052]]]},"properties":{"NAME":"Pintupi","SUBJECTO":"Pintupi","PARTOF":"Pintupi","BORDERPRECISION":3,"LINK":null}},
{"type":"Feature","geometry":{"type":"Polygon","coordinates":[[[127.2437,-14.438],[127.2437,-14.275],[127.3975,-14.1004],[126.8534,-13.7838],[126.7647,-14.0001],[126.6651,-14.102],[126.6398,-14.1546],[126.6166,-14.203],[126.6888,-14.3495],[126.7477,-14.3808],[126.749,-14.3815],[126.991,-14.3815],[127.2437,-14.438]]]},"properties":{"NAME":"Miwa","SUBJECTO":"Miwa","PARTOF":"Miwa","BORDERPRECISION":3,"LINK":null}},
{"type":"Feature","geometry":{"type":"Polygon","coordinates":[[[117.4487,-22.7703],[117.4274,-22.8167],[117.4933,-22.9129],[118.2019,-23.3423],[118.4161,-23.4582],[118.5602,-23.5265],[118.5754,-23.5338],[118.6523,-23.5338],[118.7952,-23.5388],[118.8455,-23.5403],[119.1412,-23.5489],[119.4708,-23.5388],[119.6191,-23.5287],[119.6268,-23.5287],[119.6191,-23.5136],[119.6191,-23.4582],[119.6191,-23.4028],[119.6414,-23.3992],[119.6136,-23.3826],[118.9545,-22.3958],[118.9337,-22.3404],[118.9235,-22.3358],[118.9105,-22.3298],[118.2019,-22.0805],[117.8943,-22.0398],[117.8429,-22.0729],[117.8229,-22.0859],[117.7679,-22.1213],[117.7075,-22.2738],[117.5977,-22.4466],[117.5427,-22.6089],[117.4878,-22.685],[117.4614,-22.7426],[117.4487,-22.7703]]]},"properties":{"NAME":"Banjima","SUBJECTO":"Banjima","PARTOF":"Banjima","BORDERPRECISION":3,"LINK":null}},
{"type":"Feature","geometry":{"type":"Polygon","coordinates":[[[130.2672,-13.6338],[130.2676,-13.6326],[130.3033,-13.5499],[130.3226,-13.4698],[130.3277,-13.4598],[130.3336,-13.4484],[130.3198,-13.435],[130.3039,-13.4299],[130.2928,-13.4263],[130.2814,-13.435],[130.2181,-13.4625],[130.206,-13.4842],[130.1909,-13.4978],[130.2127,-13.6033],[130.2672,-13.6338]]]},"properties":{"NAME":"Kuwema","SUBJECTO":"Kuwema","PARTOF":"Kuwema","BORDERPRECISION":3,"LINK":null}},
{"type":"Feature","geometry":{"type":"Polygon","coordinates":[[[130.249,-17.1522],[130.144,-17.0673],[129.2542,-16.794],[129.2542,-16.6257],[129.2149,-16.6257],[129.1113,-16.6257],[128.9026,-16.6467],[128.8037,-16.6993],[128.8916,-17.1723],[129.0234,-17.6231],[129.0536,-17.8341],[129.1992,-17.9265],[129.2761,-18.2189],[129.2651,-18.3232],[130.946,-18.1041],[130.9736,-18.1232],[131.1053,-18.0623],[131.4899,-17.9787],[131.5056,-17.9715],[131.4857,-17.9646],[131.4075,-17.9474],[130.99,-17.9056],[130.9855,-17.8754],[130.979,-17.8742],[130.957,-17.7278],[130.957,-17.4764],[130.9399,-17.3945],[130.9351,-17.3716],[130.2869,-17.2877],[130.2869,-17.1828],[130.282,-17.1788],[130.249,-17.1522]]]},"properties":{"NAME":"Gurindji","SUBJECTO":"Gurindji","PARTOF":"Gurindji","BORDERPRECISION":3,"LINK":null}},
{"type":"Feature","geometry":{"type":"Polygon","coordinates":[[[132.9244,-21.9264],[132.9016,-21.9634],[132.0667,-22.0042],[131.8799,-22.2891],[131.8799,-22.5531],[132.0337,-22.7458],[132.1962,-22.9786],[132.2864,-22.9786],[132.3035,-23.0134],[132.5391,-22.7964],[132.627,-22.7762],[133.1918,-22.9111],[133.4399,-22.8977],[133.9592,-22.8879],[133.9783,-22.8876],[134.0112,-22.6546],[134.1291,-22.4032],[134.0991,-22.3907],[134.0165,-22.3545],[133.6816,-22.2077],[133.0225,-22.1264],[132.9244,-21.9264]]]},"properties":{"NAME":"Anmatyerre","SUBJECTO":"Anmatyerre","PARTOF":"Anmatyerre","BORDERPRECISION":3,"LINK":null}},
{"type":"Feature","geometry":{"type":"Polygon","coordinates":[[[130.2001,-13.8878],[130.1413,-13.8647],[130.1042,-13.7767],[130.1138,-13.6193],[130.0611,-13.6059],[129.8614,-13.7151],[129.8523,-13.7201],[129.7663,-13.8156],[129.7637,-13.9903],[129.7635,-14.0071],[129.8969,-13.9927],[129.8735,-14.05],[129.8828,-14.0893],[129.8845,-14.0966],[129.8886,-14.0972],[129.9243,-14.1019],[129.9889,-14.1099],[130.0373,-14.0945],[130.0459,-14.0918],[130.0768,-14.082],[130.1591,-14.054],[130.1786,-14.0373],[130.1904,-14.0271],[130.2072,-14.0127],[130.2125,-13.992],[130.2162,-13.9777],[130.2278,-13.9327],[130.2264,-13.8981],[130.225,-13.8975],[130.2001,-13.8878]]]},"properties":{"NAME":"Marrithiyel","SUBJECTO":"Marrithiyel","PARTOF":"Marrithiyel","BORDERPRECISION":3,"LINK":null}},
{"type":"Feature","geometry":{"type":"Polygon","coordinates":[[[130.3644,-13.3884],[130.3336,-13.4484],[130.3277,-13.4598],[130.3226,-13.4698],[130.3033,-13.5499],[130.2676,-13.6326],[130.2672,-13.6338],[130.2669,-13.6347],[130.2374,-13.7127],[130.2237,-13.8807],[130.2276,-13.8823],[130.2403,-13.8873],[130.3014,-13.9114],[130.3033,-13.8914],[130.3108,-13.8911],[130.4187,-13.8861],[130.589,-13.8541],[130.7263,-13.8007],[130.8696,-13.8007],[130.9076,-13.7794],[131.1548,-13.7661],[131.3113,-13.7154],[131.3373,-13.6443],[131.3306,-13.6246],[131.2866,-13.5712],[130.7483,-13.4911],[130.4764,-13.4217],[130.4024,-13.3921],[130.3854,-13.3854],[130.3644,-13.3884]]]},"properties":{"NAME":"Malak malak","SUBJECTO":"Malak malak","PARTOF":"Malak malak","BORDERPRECISION":3,"LINK":null}},
{"type":"Feature","geometry":{"type":"MultiPolygon","coordinates":[[[[125.3372,-17.6495],[125.4803,-17.6702],[125.6616,-17.5655],[125.7825,-17.4502],[125.7937,-17.4169],[125.7916,-17.4135],[125.7275,-17.3087],[125.6836,-17.2143],[125.6664,-17.0832],[125.6177,-17.1198],[124.8463,-16.53],[124.7163,-16.4964],[124.3964,-16.5173],[124.4476,-16.6467],[124.4476,-16.773],[124.4476,-16.8395],[124.4476,-16.8887],[124.4476,-17.0673],[124.4586,-17.3454],[124.4586,-17.4092],[124.4899,-17.4124],[124.552,-17.4188],[124.7003,-17.4188],[125.0464,-17.3978],[125.2057,-17.445],[125.2771,-17.5393],[125.3346,-17.6448],[125.3372,-17.6495]]],[[[124.6125,-16.3779],[124.8463,-16.53],[124.8047,-16.4993],[124.7941,-16.3728],[124.7917,-16.3438],[124.7552,-16.3307],[124.5596,-16.3435],[124.6125,-16.3779]]]]},"properties":{"NAME":"Unggumi","SUBJECTO":"Unggumi","PARTOF":"Unggumi","BORDERPRECISION":3,"LINK":null}},
{"type":"Feature","geometry":{"type":"Polygon","coordinates":[[[122.3169,-28.6968],[122.5415,-28.652],[122.6313,-28.6958],[122.6294,-28.6617],[123.2776,-28.285],[123.8818,-27.8779],[124.1675,-27.6251],[124.3678,-27.5186],[124.3571,-27.4645],[124.1675,-27.3523],[123.728,-27.1569],[123.1567,-26.7848],[123.0584,-26.675],[122.956,-26.5606],[122.8162,-26.775],[122.4976,-27.2937],[122.1021,-27.557],[121.9373,-27.6933],[121.6939,-27.8563],[121.756,-27.9071],[121.7638,-27.9193],[121.8054,-27.9847],[121.9592,-28.1592],[122.2668,-28.5845],[122.3169,-28.6968]]]},"properties":{"NAME":"Tjalkanti","SUBJECTO":"Tjalkanti","PARTOF":"Tjalkanti","BORDERPRECISION":3,"LINK":null}},
{"type":"Feature","geometry":{"type":"Polygon","coordinates":[[[122.1289,-17.3528],[122.1012,-17.3819],[122.0938,-17.4135],[122.1213,-17.6388],[122.1515,-17.7278],[122.1824,-17.7719],[122.1899,-17.7827],[122.6816,-17.7644],[122.7076,-17.7561],[122.72,-17.7199],[122.7239,-17.7156],[122.753,-17.6833],[122.8024,-17.6676],[122.8165,-17.6657],[122.8107,-17.6178],[122.7997,-17.4083],[122.8011,-17.3691],[122.8031,-17.3166],[122.7585,-17.3166],[122.5964,-17.3166],[122.1608,-17.3192],[122.1289,-17.3528]]]},"properties":{"NAME":"Ngumbarl","SUBJECTO":"Ngumbarl","PARTOF":"Ngumbarl","BORDERPRECISION":3,"LINK":null}},
{"type":"Feature","geometry":{"type":"Polygon","coordinates":[[[114.643,-26.4673],[114.6423,-26.4657],[114.6772,-26.4379],[114.6313,-26.3968],[114.0161,-26.5885],[113.8458,-26.7505],[113.7338,-26.8005],[113.703,-26.8143],[114.3376,-28.4854],[114.4522,-28.6488],[114.5966,-28.7195],[114.7028,-28.7195],[115.2301,-28.57],[115.2981,-28.5377],[115.2733,-28.509],[115.2026,-28.4735],[115.0488,-28.2463],[114.906,-27.9507],[114.8676,-27.1618],[114.7028,-26.618],[114.643,-26.4673]]]},"properties":{"NAME":"Nhanta","SUBJECTO":"Nhanta","PARTOF":"Nhanta","BORDERPRECISION":3,"LINK":null}},
{"type":"Feature","geometry":{"type":"Polygon","coordinates":[[[119.9439,-20.1175],[119.9257,-20.0808],[119.9732,-20.0652],[119.5311,-20.1375],[118.9363,-20.0244],[118.8651,-20.069],[118.8278,-20.1398],[119.6356,-20.391],[119.9268,-20.1127],[119.9439,-20.1175]]]},"properties":{"NAME":"Ngarla","SUBJECTO":"Ngarla","PARTOF":"Ngarla","BORDERPRECISION":3,"LINK":null}},
{"type":"Feature","geometry":{"type":"Polygon","coordinates":[[[129.6932,-15.0905],[129.6724,-15.1544],[129.7321,-15.2312],[129.7583,-15.2734],[129.8145,-15.2524],[129.849,-15.296],[129.8859,-15.3425],[129.9133,-15.4113],[130.1331,-15.4378],[130.1548,-15.4867],[130.2869,-15.3954],[130.3583,-15.4484],[130.3803,-15.4774],[130.3918,-15.4924],[130.5505,-15.4854],[130.9845,-15.4219],[131.0734,-15.3254],[131.0597,-15.3056],[131.0339,-15.2683],[130.9735,-15.0032],[130.9625,-14.8492],[130.9882,-14.8202],[130.957,-14.7961],[130.8472,-14.7643],[130.4242,-14.7589],[130.3885,-14.7536],[130.3528,-14.7483],[130.3506,-14.7164],[130.2649,-14.7164],[130.0616,-14.7218],[129.7943,-14.7536],[129.7025,-15.0617],[129.6932,-15.0905]]]},"properties":{"NAME":"Jaminjung","SUBJECTO":"Jaminjung","PARTOF":"Jaminjung","BORDERPRECISION":3,"LINK":null}},
{"type":"Feature","geometry":{"type":"Polygon","coordinates":[[[118.1864,-30.9013],[118.0785,-30.7405],[117.9781,-30.6929],[117.5906,-30.6003],[117.1347,-30.3758],[116.848,-30.0718],[116.4311,-31.471],[116.7308,-31.6042],[116.7308,-32.1243],[117.5299,-32.3765],[117.6121,-32.4024],[117.6038,-32.3815],[117.5372,-32.2128],[117.5262,-31.9568],[117.724,-31.527],[117.9163,-31.2645],[118.1864,-30.9013]]]},"properties":{"NAME":"Ballardong","SUBJECTO":"Ballardong","PARTOF":"Ballardong","BORDERPRECISION":3,"LINK":null}},
{"type":"Feature","geometry":{"type":"Polygon","coordinates":[[[123.2849,-21.3679],[123.2812,-21.3719],[123.2886,-21.3712],[123.4094,-21.361],[123.8928,-21.637],[124.0906,-22.3501],[125.387,-21.8105],[125.5188,-21.8105],[125.8408,-21.8105],[126.0352,-21.5757],[126.4526,-20.6328],[126.4526,-20.3715],[126.4526,-20.3652],[126.3445,-20.3414],[126.0791,-20.2828],[125.1123,-20.1797],[124.9554,-20.1961],[124.8999,-20.2019],[124.7168,-20.221],[124.2554,-20.5299],[123.8379,-20.5299],[123.8379,-20.679],[123.8379,-20.7458],[123.7061,-20.8999],[123.5632,-21.0537],[123.2886,-21.3563],[123.2849,-21.3679]]]},"properties":{"NAME":"Yulparitja","SUBJECTO":"Yulparitja","PARTOF":"Yulparitja","BORDERPRECISION":3,"LINK":null}},
{"type":"Feature","geometry":{"type":"Polygon","coordinates":[[[133.5716,-13.3265],[133.6102,-13.3175],[133.6597,-13.2453],[133.6707,-13.1062],[133.3905,-12.8359],[133.0417,-12.7689],[132.9758,-12.7689],[132.9126,-12.777],[132.8839,-12.777],[132.8632,-12.777],[132.8556,-12.811],[132.8494,-12.8386],[132.8485,-12.8427],[132.8357,-12.9028],[132.8329,-12.9644],[132.7176,-13.1357],[132.6667,-13.1681],[132.6864,-13.1773],[132.8082,-13.2346],[132.9785,-13.3041],[133.5498,-13.2988],[133.5716,-13.3265]]]},"properties":{"NAME":"Wuningangk","SUBJECTO":"Wuningangk","PARTOF":"Wuningangk","BORDERPRECISION":3,"LINK":null}},
{"type":"Feature","geometry":{"type":"Polygon","coordinates":[[[130.0318,-14.4367],[130.0429,-14.4454],[130.0699,-14.4666],[130.1633,-14.4666],[130.2814,-14.4905],[130.3226,-14.5065],[130.3424,-14.5112],[130.3426,-14.5111],[130.3857,-14.4879],[130.4572,-14.4879],[130.8911,-14.3203],[130.9076,-14.1818],[130.8774,-14.0167],[130.8636,-13.9047],[130.8559,-13.8141],[130.8554,-13.8087],[130.8696,-13.8007],[130.7263,-13.8007],[130.589,-13.8541],[130.4187,-13.8861],[130.3108,-13.8911],[130.3033,-13.8914],[130.3014,-13.9114],[130.2924,-14.0034],[130.21,-14.094],[130.1056,-14.1277],[130.1028,-14.1286],[130.0946,-14.1312],[130.0122,-14.2804],[129.9902,-14.3442],[130.0122,-14.3868],[130.0202,-14.4132],[130.0203,-14.4135],[130.0259,-14.432],[130.0318,-14.4367]]]},"properties":{"NAME":"Ngan’giwumirri","SUBJECTO":"Ngan’giwumirri","PARTOF":"Ngan’giwumirri","BORDERPRECISION":3,"LINK":null}},
{"type":"Feature","geometry":{"type":"Polygon","coordinates":[[[115.9688,-32.981],[115.9854,-32.9234],[116.0184,-32.8265],[116.0239,-32.7596],[116.0801,-32.6006],[116.098,-32.431],[116.1375,-32.3987],[116.1401,-32.3877],[116.0266,-32.4356],[115.7575,-32.4938],[115.7669,-32.7545],[115.7151,-33.0177],[115.8344,-32.981],[115.9688,-32.981]]]},"properties":{"NAME":"Pinjarup","SUBJECTO":"Pinjarup","PARTOF":"Pinjarup","BORDERPRECISION":3,"LINK":null}},
{"type":"Feature","geometry":{"type":"Polygon","coordinates":[[[128.4529,-30.1138],[128.4741,-29.7834],[128.3423,-29.497],[127.8589,-29.0562],[127.6392,-28.7869],[127.4463,-28.5895],[127.4176,-28.5601],[127.3755,-28.517],[127.3693,-28.52],[127.2815,-28.562],[127.1338,-28.6327],[126.936,-28.8254],[126.6504,-28.8832],[125.4639,-28.285],[124.6069,-27.6057],[124.4224,-27.5239],[124.3872,-27.5083],[124.3678,-27.5186],[124.1675,-27.6251],[123.8818,-27.8779],[123.2776,-28.285],[122.6294,-28.6617],[122.6313,-28.6958],[122.6332,-28.7278],[122.6404,-28.8543],[123.4094,-30.1071],[123.5083,-30.4676],[123.5193,-30.7324],[123.5587,-30.9015],[123.5632,-30.9211],[124.4196,-30.9551],[125.1894,-30.6467],[126.3585,-30.3841],[128.4521,-30.1261],[128.4529,-30.1138]]]},"properties":{"NAME":"Nyanganyatjara","SUBJECTO":"Nyanganyatjara","PARTOF":"Nyanganyatjara","BORDERPRECISION":3,"LINK":null}},
{"type":"Feature","geometry":{"type":"MultiPolygon","coordinates":[[[[6.1085,50.1175],[6.0102,50.7594],[5.079,51.3921],[3.2136,51.3536],[2.5221,51.0911],[2.7555,50.7392],[3.1228,50.8071],[3.3703,50.4646],[4.2196,50.2422],[4.1563,49.9658],[4.8654,50.1337],[4.8599,49.7822],[5.8235,49.5071],[5.7379,49.9025],[6.1085,50.1175]]],[[[26.1627,48.9406],[26.0364,49.6338],[24.2573,50.1593],[20.263,49.887],[18.7858,49.892],[17.7507,50.036],[17.6788,50.3383],[17.0144,50.4768],[16.585,50.1812],[16.3531,50.7049],[15.0093,51.0556],[14.7648,50.8653],[14.2617,51.0447],[12.2523,50.2159],[12.5363,49.5626],[13.9467,48.6551],[12.6942,48.1294],[12.9789,47.5079],[12.3582,47.7243],[11.1703,47.4245],[10.3883,47.579],[10.1029,47.301],[9.6655,47.5562],[9.5393,47.4872],[9.5208,47.0694],[10.3957,46.8874],[10.6596,45.8066],[10.7946,45.6378],[11.5709,45.9754],[12.0748,46.9275],[13.5689,46.5104],[13.3445,46.2845],[13.8,45.5664],[13.5046,45.5032],[13.8951,44.7592],[14.3263,45.3542],[14.5741,45.2912],[14.9891,44.54],[15.5482,44.2293],[15.1495,44.2399],[15.4123,43.9348],[16.0594,43.4335],[16.9923,43.3227],[17.548,42.9201],[16.1942,44.1932],[15.8276,45.2027],[16.3449,45.0018],[16.8923,45.2429],[18.5848,45.0922],[18.9314,44.8411],[19.4236,45.1926],[19.0117,45.4588],[20.1882,45.2597],[20.7893,44.7421],[21.3442,44.8831],[22.1329,44.5112],[22.4782,45.7285],[23.2545,46.0661],[25.5159,45.796],[25.4484,46.3023],[26.2922,47.2136],[25.2459,47.6862],[26.3597,48.125],[26.1627,48.9406]]]]},"properties":{"NAME":"Austrian Empire","SUBJECTO":"Austrian Empire","PARTOF":"Austrian Empire","BORDERPRECISION":3,"LINK":null}},
{"type":"Feature","geometry":{"type":"MultiPolygon","coordinates":[[[[152.0874,46.9779],[152.2864,47.1525],[151.7122,46.8011],[152.0874,46.9779]]],[[[155.4833,50.1194],[156.1489,50.5189],[156.0769,50.773],[155.2477,50.3014],[155.2241,50.0533],[155.4833,50.1194]]],[[[156.1689,50.7414],[156.4008,50.6256],[156.4886,50.85],[156.1689,50.7414]]]]},"properties":{"NAME":"Kuril Islands","SUBJECTO":"(Russian and Japanese claim)","PARTOF":"","BORDERPRECISION":3,"LINK":null}},
{"type":"Feature","geometry":{"type":"MultiPolygon","coordinates":[[[[136.8108,37.3107],[136.6685,36.6675],[135.7271,35.4505],[135.3577,35.3225],[135.157,35.6465],[133.0062,35.2541],[132.9808,35.4449],[132.6629,35.3806],[130.7793,33.9669],[131.995,33.8043],[132.1835,34.2872],[132.4812,34.1291],[135.2057,34.6171],[135.0629,33.69],[135.7557,33.3423],[136.1992,34.0034],[136.8986,34.2587],[136.5071,34.5182],[136.7339,34.8741],[137.2482,34.4816],[138.1491,34.5279],[138.6837,34.9923],[138.8638,34.5674],[139.0529,35.0249],[139.9137,35.5544],[139.8301,34.836],[140.3166,35.0338],[140.8343,35.6771],[140.5466,36.2872],[140.9639,36.9563],[140.8722,37.9174],[141.4964,38.4219],[141.9985,39.4489],[141.4369,41.2694],[141.087,41.4416],[140.7745,41.2552],[141.1526,40.8654],[140.657,40.7236],[140.3864,40.9855],[139.9152,40.575],[139.8961,38.9985],[138.699,37.4482],[137.1762,36.6431],[137.0138,37.0374],[137.3096,37.4327],[136.8108,37.3107]]],[[[132.5676,32.6375],[132.9007,32.6699],[133.241,33.2991],[133.7269,33.3762],[133.9986,33.1483],[134.5404,34.0127],[134.0102,34.1893],[133.2455,33.8006],[132.7843,33.9075],[132.1211,33.3475],[132.5676,32.6375]]],[[[130.5793,30.9065],[131.2106,31.3523],[131.831,32.6931],[131.4136,33.1112],[131.5688,33.4861],[130.6444,33.7],[129.3434,33.1514],[129.7337,32.638],[130.1075,32.9308],[130.4965,32.557],[130.0589,31.9721],[130.0601,31.2166],[130.2329,31.0265],[130.7325,31.4783],[130.5793,30.9065]]],[[[140.0126,41.3818],[141.155,41.7493],[140.2455,42.2284],[140.5409,42.537],[140.9296,42.2555],[141.9281,42.5013],[143.2138,41.9265],[144.0028,42.8777],[145.4481,43.1696],[145.0594,43.7858],[145.3476,44.243],[144.6138,43.8428],[143.7902,44.0276],[141.8753,45.4354],[141.5228,45.1826],[141.7094,43.9142],[141.3019,43.7205],[141.3036,43.187],[140.4982,43.3204],[140.4998,42.8964],[139.7117,42.4776],[140.0997,41.946],[140.0126,41.3818]]],[[[146.4688,44.4222],[146.1274,44.5072],[145.4375,43.7169],[146.4688,44.4222]]],[[[148.493,45.2703],[148.8422,45.4883],[148.0791,45.2486],[147.9327,45.4214],[146.8405,44.4155],[148.493,45.2703]]]]},"properties":{"NAME":"Japan","SUBJECTO":"Japan","PARTOF":"Japan","BORDERPRECISION":3,"LINK":null}},
{"type":"Feature","geometry":{"type":"MultiPolygon","coordinates":[[[[-141.0593,69.5955],[-143.3076,70.1968],[-145.2725,70.1164],[-151.915,70.4958],[-152.9712,70.934],[-156.138,70.9281],[-156.0432,71.223],[-156.9047,71.3459],[-157.8119,70.9714],[-160.2403,70.8585],[-159.9047,70.4269],[-162.1772,70.2842],[-164.0672,69.0647],[-166.2968,68.8796],[-166.8435,68.4052],[-164.5127,67.7967],[-163.7387,67.2183],[-160.0323,66.5676],[-160.1252,66.3393],[-161.2614,66.396],[-162.7585,66.0628],[-163.8431,66.1781],[-163.7824,66.5385],[-164.4631,66.5962],[-168.1798,65.6939],[-165.6633,65.2465],[-166.6038,65.1501],[-166.3477,64.6371],[-163.0252,64.4417],[-161.2906,64.9641],[-160.7897,64.6403],[-161.361,64.5096],[-161.133,63.5628],[-163.3086,63.0377],[-164.2918,63.2498],[-166.1895,61.7489],[-165.8981,61.2703],[-164.5393,60.9497],[-163.8949,61.0422],[-163.52,60.7063],[-164.8447,60.8159],[-165.0476,60.4165],[-164.0274,59.7982],[-162.3781,60.1631],[-161.9382,58.7233],[-160.4305,59.0022],[-158.9327,58.4328],[-158.6362,58.971],[-158.2914,58.7302],[-157.1394,58.8558],[-157.6653,57.6042],[-158.6621,57.0756],[-158.6173,56.7481],[-159.7759,56.5823],[-160.6074,55.9619],[-160.1694,55.8066],[-159.0769,55.992],[-158.5267,56.4485],[-156.4958,57.1002],[-156.3694,57.5656],[-154.6493,58.0765],[-153.4886,58.7945],[-154.2982,59.1174],[-153.976,59.5192],[-150.3112,61.3139],[-149.3169,60.9294],[-151.1596,60.6597],[-151.881,59.1635],[-149.5812,59.9852],[-148.4935,59.904],[-148.2575,60.2806],[-148.8397,60.5451],[-147.9401,61.2059],[-145.4927,60.3836],[-145.0029,60.5524],[-144.4064,60.0926],[-141.5855,60.1398],[-140.4284,59.7597],[-139.5726,59.9],[-139.3066,59.7063],[-139.7851,59.5184],[-137.085,58.4468],[-136.3561,58.5239],[-136.9388,58.9432],[-136.1484,58.9033],[-135.3003,58.3745],[-135.3086,59.347],[-134.8303,58.5612],[-133.5048,57.8971],[-133.4004,57.2195],[-132.101,56.3494],[-132.2556,55.85],[-131.1905,56.0348],[-130.5457,54.9097],[-130.0027,55.2885],[-130.1064,55.9926],[-131.7249,56.6052],[-135.2577,59.6703],[-135.8548,59.6463],[-137.2233,58.8822],[-139.0051,60.2584],[-140.807,60.263],[-140.9155,64.7677],[-141.0593,69.5955]]],[[[-132.6881,55.6492],[-132.6333,55.9001],[-133.4856,56.2583],[-133.271,55.621],[-132.1738,54.8463],[-132.6881,55.6492]]],[[[-135.4661,57.2292],[-134.9457,56.4535],[-135.0023,57.3258],[-135.4412,57.4275],[-135.4661,57.2292]]],[[[-162.2238,55.4977],[-162.5462,55.1453],[-160.3557,55.6571],[-161.3181,55.8791],[-162.2238,55.4977]]],[[[-153.1778,57.8253],[-153.7313,57.4269],[-154.1886,57.6314],[-154.5926,57.1448],[-153.67,56.969],[-153.1771,57.4074],[-152.3783,57.5184],[-153.1778,57.8253]]],[[[-135.147,57.5992],[-135.3249,58.0927],[-136.4182,58.1112],[-136.5964,57.9049],[-135.8164,57.4542],[-135.8217,57.7555],[-135.147,57.5992]]],[[[-179.501,68.954],[-180,68.98],[-180,68.069],[-180,67.069],[-180,66.069],[-180,65.069],[-179.315,65.536],[-179.696,66.183],[-178.517,66.403],[-178.552,65.512],[-176.078,65.47],[-175.449,64.784],[-173.682,64.347],[-173.413,64.62],[-172.993,64.282],[-173.02,64.499],[-172.356,64.458],[-173.201,64.786],[-172.126,65.086],[-172.8,65.682],[-171.116,65.476],[-171.541,65.837],[-170.636,65.611],[-169.701,66.125],[-170.644,66.237],[-171.726,66.955],[-173.012,67.056],[-172.431,66.934],[-173.353,66.839],[-173.667,67.132],[-174.653,67.064],[-173.759,66.448],[-174.462,66.301],[-174.837,67.389],[-175.372,67.341],[-175.464,67.707],[-179.501,68.954]]]]},"properties":{"NAME":"Russian Empire","SUBJECTO":"Russian Empire","PARTOF":"Russian Empire","BORDERPRECISION":3,"LINK":null}},
{"type":"Feature","geometry":{"type":"MultiPolygon","coordinates":[[[[-79.0502,42.8523],[-79.5639,42.387],[-81.8108,41.4948],[-83.0273,41.4439],[-82.748,41.5337],[-83.4499,41.7539],[-83.056,42.027],[-82.2978,43.0287],[-82.8356,44.0345],[-83.8745,43.6845],[-83.2605,45.0238],[-84.7468,45.8544],[-83.8207,46.1504],[-84.7436,46.4684],[-85.1002,46.7487],[-86.7345,46.4411],[-87.8834,46.8984],[-88.4838,46.81],[-87.8812,47.4617],[-90.2766,46.625],[-90.8844,46.604],[-90.8318,46.944],[-92.2655,46.6505],[-89.622,47.9684],[-90,47.9723],[-90,48.2485],[-91.6821,48.0387],[-92.5561,48.2215],[-92.839,48.5151],[-94.0877,48.7775],[-94.8273,49.4876],[-94.8198,49.0507],[-98.2009,49.0488],[-108.0673,49.0615],[-115.1646,49.0562],[-122.9003,49.0672],[-122.3453,48.0767],[-122.7483,47.2622],[-123.1834,47.4883],[-122.8084,47.8276],[-123.072,48.1667],[-124.7334,48.3269],[-124.249,47.0189],[-123.9053,47.0421],[-124.1586,46.3505],[-123.7871,46.2985],[-124.0542,46.2898],[-124.1373,43.666],[-124.6297,43.014],[-124.3059,42.0548],[-118.925,42.0548],[-110.2144,42.0548],[-110.2144,38.3531],[-104.0985,37.5484],[-100.2358,37.7093],[-100.2037,34.5435],[-97.3409,33.7016],[-97.1847,33.9393],[-96.5517,33.6693],[-95.4281,33.9449],[-94.2469,33.5352],[-94.246,31.9764],[-93.7116,31.0143],[-94.0606,29.6991],[-92.1167,29.5416],[-92.2278,29.8021],[-91.951,29.832],[-91.2404,29.3209],[-90,29.1087],[-90,29.5014],[-89.2715,29.058],[-89.0315,29.119],[-89.677,29.5912],[-89.38,29.8734],[-90,30.0387],[-90,30.39],[-89.7107,30.1834],[-89.2328,30.406],[-88.1418,30.328],[-88.0346,30.6794],[-87.7746,30.2628],[-86.3887,30.4727],[-85.6003,30.1529],[-85.3048,29.6639],[-83.8862,30.0483],[-82.647,28.9065],[-82.8413,27.838],[-82.4293,27.8261],[-82.7527,27.5276],[-81.7447,25.9207],[-81.401,25.8587],[-81.0979,25.125],[-80.4517,25.2077],[-80.4908,24.9959],[-80.0779,26.9231],[-81.4054,30.0726],[-81.5115,30.7272],[-81.182,31.6404],[-80.5806,32.4968],[-79.7171,32.7974],[-78.8989,33.702],[-77.9629,33.9328],[-77.2959,34.6666],[-76.3058,34.9788],[-76.9535,35.0291],[-77.0626,35.2068],[-76.7787,35.038],[-76.4843,35.3341],[-77.0533,35.58],[-76.141,35.3845],[-75.7292,35.8821],[-75.9298,35.974],[-76.0321,35.6925],[-76.0677,36.048],[-76.7269,35.9918],[-76.7098,36.3533],[-76.587,36.0658],[-76.0937,36.2051],[-76.1862,36.3681],[-75.7933,36.1369],[-75.9575,36.7682],[-75.5221,35.8584],[-75.9746,36.9372],[-76.5244,36.9224],[-76.9419,37.2864],[-76.2831,37.0558],[-76.7868,37.5629],[-76.3841,37.3316],[-76.2843,37.6252],[-76.5661,37.7023],[-76.885,38.0672],[-76.4162,37.7053],[-76.2152,37.9426],[-77.2401,38.3847],[-77.3318,38.4886],[-77.2464,38.6993],[-77.2525,38.4589],[-76.8605,38.3313],[-76.8205,38.4203],[-76.324,38.1088],[-76.6517,38.542],[-76.4083,38.3966],[-76.5866,39.3109],[-75.9401,39.6464],[-76.3535,38.7349],[-76.0076,38.6667],[-76.3261,38.539],[-76.0435,38.2927],[-75.8459,38.4263],[-75.64,38.0049],[-75.8566,37.2248],[-75.0421,38.4975],[-75.6238,39.6732],[-75.3395,39.893],[-75.5491,39.6672],[-74.8601,38.9902],[-74.1528,39.7652],[-73.9457,40.4468],[-74.2929,40.6316],[-73.89,41.1744],[-73.993,40.7807],[-72.8544,41.2937],[-71.4492,41.4251],[-71.373,41.8371],[-71.1044,41.8252],[-71.1732,41.5265],[-70.7116,41.7953],[-70.6416,41.5922],[-69.922,41.7236],[-69.9358,41.9148],[-70.1378,42.1359],[-69.991,41.867],[-70.3021,41.7594],[-71.0544,42.357],[-70.5702,42.7159],[-70.8681,42.8714],[-70.5363,43.4042],[-70.2165,43.7996],[-69.2489,43.9914],[-68.7817,44.6272],[-68.5043,44.2972],[-68.5583,44.4832],[-67.1689,44.7112],[-66.9389,44.8793],[-67.1868,45.2523],[-67.594,45.669],[-67.7769,47.1645],[-69.0491,47.4644],[-70.5894,45.2946],[-71.2929,45.3232],[-71.5346,44.9586],[-74.7824,45.0122],[-76.1329,44.3267],[-76.2092,43.5647],[-76.9375,43.237],[-79.14,43.2221],[-79.0502,42.8523]],[[-87.6816,42.0226],[-87.9084,43.1918],[-87.3433,44.8177],[-87.9435,44.5646],[-87.9496,44.7699],[-86.9952,45.8638],[-86.9352,45.6811],[-86.5426,45.8578],[-86.6402,45.6198],[-86.1297,45.947],[-84.9484,45.9678],[-84.9519,45.4082],[-85.5384,44.7515],[-85.5434,45.2118],[-86.072,44.8652],[-86.4534,44.1299],[-86.3718,42.2482],[-87.2245,41.6346],[-87.6816,42.0226]]],[[[-72.2786,41.1172],[-74.0325,40.6258],[-73.5828,40.5961],[-71.8561,41.0692],[-72.6211,40.913],[-72.2786,41.1172]]]]},"properties":{"NAME":"United States","SUBJECTO":"United States","PARTOF":"United States","BORDERPRECISION":3,"LINK":null}},
{"type":"Feature","geometry":{"type":"MultiPolygon","coordinates":[[[[124.1339,39.8431],[125.2961,39.3643],[125.0279,38.8156],[125.2686,38.5676],[124.7362,38.2798],[124.7697,37.9359],[125.2694,37.4847],[125.5617,37.8355],[125.909,37.5115],[126.5413,37.6749],[126.8658,37.2669],[126.8464,36.7525],[126.5025,37.0528],[126.1289,36.7517],[126.4972,36.7239],[126.5444,36.1364],[126.873,36.0547],[126.4747,35.6358],[126.6878,35.5333],[126.4314,35.0233],[126.2492,35.1167],[126.3758,34.7856],[126.6597,34.8128],[126.4517,34.578],[126.2894,34.7422],[126.4783,34.3453],[127.3286,34.743],[127.1247,34.5372],[127.3894,34.4711],[127.4183,34.8186],[127.7478,34.7275],[127.5933,34.9417],[128.435,34.8347],[128.5728,35.17],[129.1369,35.1122],[129.5883,36.0076],[129.4336,37.0589],[128.3636,38.6252],[128.2605,38.4117],[127.2769,39.2217],[127.6715,39.8664],[129.4778,40.682],[129.6413,41.6558],[130.4351,42.2768],[130.2259,42.6513],[129.8543,42.9568],[129.0345,42.1774],[127.984,42.1076],[128.0985,41.4494],[127.8615,41.3777],[126.4742,41.6515],[125.8795,40.945],[124.1339,39.8431]]],[[[126.5994,33.2333],[126.898,33.5233],[126.1583,33.3147],[126.5994,33.2333]]]]},"properties":{"NAME":"Korea","SUBJECTO":"Korea","PARTOF":"Korea","BORDERPRECISION":3,"LINK":null}},
{"type":"Feature","geometry":{"type":"MultiPolygon","coordinates":[[[[9.496,54.9383],[9.7045,55.4835],[10.153,55.084],[10.733,55.064],[10.835,55.294],[10.619,55.619],[9.68,55.504],[10.8887,56.3687],[9.8346,56.8899],[9.3701,56.8823],[9.3119,56.4811],[9.0027,56.6572],[8.6749,56.3577],[8.1834,56.4315],[8.0346,55.4759],[8.5596,55.3561],[8.6161,54.8874],[9.496,54.9383]]],[[[-22.4741,65.9964],[-23.4656,66.1334],[-23.267,65.7249],[-24.1469,65.4393],[-21.9548,65.378],[-21.8092,65.0374],[-23.6746,64.6593],[-21.4885,64.3761],[-22.3729,63.7732],[-19.5531,63.4147],[-18.1569,63.3675],[-15.2665,64.2802],[-14.8212,64.195],[-13.6942,64.7786],[-13.6469,65.4953],[-14.7541,65.6971],[-14.7633,66.0547],[-15.8599,66.4187],[-16.3852,66.4544],[-16.568,66.0293],[-18.0225,66.0778],[-17.8838,65.7568],[-18.6763,66.0912],[-19.336,65.6739],[-19.9733,66.1107],[-20.1684,65.5559],[-21.0797,65.2054],[-21.4432,66.1299],[-22.6764,66.3913],[-22.4741,65.9964]]],[[[10.5581,57.7451],[9.3024,57.1658],[8.534,57.1406],[8.1835,56.7985],[8.4709,56.5969],[8.847,56.9863],[10.2566,57.0059],[10.5581,57.7451]]],[[[12.0526,55.7031],[11.5677,55.8848],[11.1019,55.6337],[11.2854,55.1886],[11.9696,54.9542],[12.4297,55.2447],[12.444,55.9677],[12.0526,55.7031]]],[[[-27.912,70.2825],[-27.9162,70.998],[-25.6949,71.273],[-26.7875,71.5583],[-26.1202,71.6686],[-24.913,71.4374],[-23.7537,70.5896],[-21.5471,70.4401],[-21.9044,71.4975],[-22.4309,71.3412],[-22.8178,71.8697],[-25.073,72.6344],[-27.0377,72.7491],[-27.5189,73.1598],[-24.0764,73.7557],[-22.2692,73.2649],[-20.3296,73.4196],[-20.3536,73.8106],[-22.0288,74.104],[-21.7623,74.3055],[-19.051,74.3347],[-20.6689,75.0608],[-20.5118,75.3582],[-19.3888,75.2611],[-19.1998,75.6928],[-19.5702,76.11],[-22.3777,76.6359],[-19.9779,76.9463],[-17.942,76.8651],[-18.2534,77.3001],[-20.1049,77.3825],[-19.1773,77.8242],[-20.7767,77.9686],[-21.382,77.5866],[-21.7,77.9235],[-19.3854,79.5499],[-17.7677,79.7774],[-18.6046,80.0118],[-20.193,79.8538],[-20.0447,80.2397],[-16.4409,80.451],[-12.7051,81.6213],[-16.4654,81.9036],[-23.9117,80.5628],[-22.0636,81.9648],[-24.8766,81.5954],[-26.3933,81.8615],[-32.7487,81.7647],[-31.1347,82.1981],[-23.3474,82.3533],[-22.4324,82.7433],[-26.4208,83.3423],[-32.5132,83.577],[-38.5872,83.3824],[-38.5872,82.8277],[-41.8811,83.2628],[-44.8941,83.0779],[-44.683,81.7289],[-50.7724,82.4971],[-49.938,81.6762],[-52.816,82.1301],[-53.6635,81.4626],[-54.5752,82.3281],[-58.1333,82.0132],[-57.4442,81.4239],[-60.8873,81.8606],[-61.1118,81.1824],[-67.1428,80.5621],[-66.8512,80.0385],[-64.6232,79.9492],[-65.4849,79.1582],[-72.3832,78.5257],[-72.5254,78.1661],[-69.9936,77.5804],[-66.8047,77.7768],[-66.1534,77.5532],[-67.7363,77.1889],[-71.1839,77.2595],[-70.5,76.8333],[-68.1859,76.7016],[-69.0448,76.2938],[-66.5634,75.9287],[-66.6839,76.3067],[-65.4745,76.0986],[-62.9162,76.3645],[-58.6357,75.7933],[-54.5582,72.8716],[-55.3661,72.7278],[-55.4766,71.4891],[-54.3816,71.3047],[-53.3229,71.8908],[-51.7201,71.5896],[-52.198,71.3554],[-50.8245,70.2473],[-52.3675,70.6669],[-54.3735,70.7247],[-53.6663,70.357],[-50.5726,69.8663],[-50.2665,68.9532],[-50.8744,68.9446],[-50.9538,68.5393],[-52.8425,68.5058],[-50.491,67.9726],[-50.4771,67.4822],[-52.8079,67.7748],[-53.4358,67.6176],[-52.9781,67.3103],[-53.3974,66.9959],[-52.3032,66.9095],[-53.3481,66.3243],[-52.6105,66.268],[-53.1025,65.8732],[-52.1869,65.5177],[-51.8048,64.2333],[-50.1445,64.7393],[-50.0426,64.4376],[-51.3658,63.726],[-49.8575,62.9665],[-50.0967,62.3564],[-49.206,62.1743],[-48.9155,61.421],[-47.6305,60.5968],[-45.7709,61.1041],[-44.4674,59.7609],[-44.0523,60.1642],[-43.0145,59.8329],[-43.4971,60.479],[-42.7849,60.5292],[-43.0373,61.2917],[-42.4783,61.3068],[-42.2714,62.1944],[-43.226,62.6809],[-41.8344,62.6906],[-41.9156,63.1236],[-41.4345,63.0392],[-41.3782,63.5234],[-40.5162,63.7821],[-41.4841,64.2742],[-40.3553,64.427],[-41.0603,65.0375],[-39.7269,64.9965],[-39.992,65.5333],[-38.4674,65.6454],[-38.0418,66.3992],[-37.1548,66.3202],[-37.5789,65.5451],[-36.3244,65.7223],[-35.708,66.3522],[-34.4331,66.384],[-32.1238,67.8729],[-32.3591,68.544],[-30.7365,67.9276],[-29.9945,68.3914],[-29.3997,68.2281],[-26.9636,68.5017],[-22.1575,70.0561],[-27.912,70.2825]]],[[[-21.9061,72.0512],[-22.2505,72.498],[-23.7984,72.6605],[-21.9061,72.0512]]],[[[-53.0375,70.0366],[-54.4283,70.2482],[-54.7227,70.0869],[-54.5744,69.6089],[-53.5515,69.2784],[-51.8774,69.5307],[-53.0375,70.0366]]],[[[9.781,54.91],[10.071,54.875],[9.708,55.081],[9.781,54.91]]],[[[12.072,54.786],[11.713,54.942],[11.964,54.562],[12.072,54.786]]],[[[11.834,54.661],[11.649,54.907],[11.014,54.896],[11.834,54.661]]],[[[10.801,54.991],[10.704,54.726],[10.949,55.161],[10.801,54.991]]]]},"properties":{"NAME":"Denmark","SUBJECTO":"Denmark","PARTOF":"Denmark","BORDERPRECISION":3,"LINK":null}},
{"type":"Feature","geometry":{"type":"MultiPolygon","coordinates":[[[[31.0538,69.6396],[29.7286,69.6976],[28.7301,70.1359],[30.2519,70.1311],[30.462,70.5373],[28.7948,70.8648],[27.8754,70.4251],[27.9475,71.0174],[26.6174,70.392],[26.6065,70.9146],[25.263,70.1065],[25.8321,70.8978],[23.8273,70.4788],[23.2036,69.9428],[22.3064,70.2156],[20.1965,69.3177],[20.2864,69.7859],[19.58,69.1811],[18.3191,69.3594],[16.4116,67.8742],[15.9197,68.049],[15.7457,67.5973],[13.7472,66.9224],[13.9916,66.6875],[13.3832,66.679],[13.581,66.1881],[12.7091,65.9089],[12.5265,65.109],[11.3641,64.416],[10.8906,64.4725],[8.2313,62.8414],[7.0882,62.9102],[7.5467,62.5993],[6.613,62.5833],[5.4697,62.0937],[5.7971,61.7699],[5.1011,61.6986],[5.387,61.0256],[4.9804,60.6892],[5.5511,60.5089],[5.0962,60.2641],[5.8941,60.1613],[5.694,59.7529],[6.1854,59.8243],[5.0866,59.5092],[5.5285,59.2659],[6.1134,59.527],[5.8775,59.3134],[6.2375,59.2837],[5.7719,59.0762],[6.2661,58.9933],[6.0936,58.798],[5.4746,58.9755],[5.6155,58.4552],[6.9586,57.9717],[8.1537,58.0895],[9.6976,58.9992],[10.1723,58.9874],[10.5697,59.5805],[11.1789,59.0703],[11.2214,58.3083],[11.8019,58.1779],[11.8766,57.3252],[12.8716,56.5115],[12.4144,56.243],[12.9859,55.6666],[12.8024,55.3529],[14.1172,55.3471],[14.6529,56.1206],[15.7705,56.0332],[16.6587,57.443],[16.4429,58.6344],[17.3567,58.743],[17.6232,59.1001],[17.9401,58.9085],[18.6113,59.3333],[17.5749,59.2141],[16.5232,59.5825],[18.0301,59.3593],[19.0436,59.7124],[17.9307,60.5903],[17.1885,60.6743],[17.2902,62.4407],[17.7181,62.3567],[17.8682,62.7886],[20.7007,63.8181],[21.3858,64.3846],[20.9212,64.7138],[21.2773,65.2123],[22.4898,65.8834],[23.9477,65.7967],[23.4877,67.8343],[21.1333,68.7092],[21.246,69.2275],[22.7012,68.6349],[24.0818,68.7168],[24.8007,68.429],[26.5073,69.8125],[27.9087,69.8877],[29.1133,69.486],[28.6972,68.6955],[31.0538,69.6396]]],[[[20.3442,79.7963],[21.9708,79.7829],[20.9983,79.1911],[23.8205,79.1475],[27.1968,79.9444],[24.4214,80.4373],[23.1154,80.0963],[23.2164,80.6108],[22.1977,80.1233],[19.9154,80.6334],[18.3306,79.8824],[20.3442,79.7963]]],[[[13.3967,79.4337],[13.2522,79.8007],[11.2843,79.7071],[13.0621,78.3468],[15.0839,78.7807],[16.617,78.4673],[13.9051,77.9999],[14.131,77.7664],[16.7116,77.7886],[14.4846,77.3709],[16.913,76.7189],[19.1158,78.4545],[20.9081,78.8094],[16.3263,80.0251],[16.1332,79.1364],[14.8101,79.8037],[13.3967,79.4337]]],[[[16.572,56.372],[17.057,57.359],[16.421,56.211],[16.572,56.372]]]]},"properties":{"NAME":"Sweden–Norway","SUBJECTO":"","PARTOF":"","BORDERPRECISION":3,"LINK":null}},
{"type":"Feature","geometry":{"type":"Polygon","coordinates":[[[15.0093,51.0556],[16.3531,50.7049],[16.585,50.1812],[17.0144,50.4768],[17.6788,50.3383],[17.7507,50.036],[18.7858,49.892],[18.7685,50.1793],[18.1401,50.9877],[18.0861,52.3918],[18.5991,52.4998],[18.9912,53.1305],[20.4774,53.1305],[22.8066,53.8076],[22.7935,54.9024],[21.684,55.3535],[20.9454,56.07],[21.1373,54.8455],[19.9426,54.8499],[19.8332,54.5309],[20.3267,54.564],[19.3281,54.1615],[19.7577,54.4592],[18.6731,54.2551],[18.3629,54.6689],[18.7595,54.5364],[18.2794,54.7241],[14.4729,53.8768],[14.5371,53.5382],[13.8502,53.7293],[13.6676,54.0842],[12.9431,54.347],[12.4625,54.2548],[12.9003,54.0247],[12.771,53.7014],[13.2559,53.5721],[13.8055,53.6044],[13.5307,53.0871],[13.062,52.9902],[13.2559,52.6184],[12.8357,52.9417],[11.7526,53.3458],[11.0807,52.971],[11.1142,52.7533],[10.5532,52.8035],[10.2108,51.6629],[10.1514,51.6365],[10.1802,51.5964],[10.55,51.575],[10.9727,51.5843],[10.4696,51.4892],[10.1617,51.4724],[9.6487,51.3082],[9.9286,51.1046],[10.5989,51.0599],[10.8224,50.6912],[10.8,51.1605],[11.5933,51.194],[11.9508,50.8588],[12.0647,51.0231],[12.0647,51.5107],[13.1148,51.6357],[14.6401,51.4482],[15.0093,51.0556]],[[10.3371,51.3491],[10.8284,51.2412],[10.2482,51.1504],[10.3371,51.3491]],[[11.0591,51.5575],[11.9932,52.0859],[11.997,51.5947],[11.0591,51.5575]]]},"properties":{"NAME":"Prussia","SUBJECTO":"Prussia","PARTOF":"Prussia","BORDERPRECISION":3,"LINK":null}},
{"type":"Feature","geometry":{"type":"Polygon","coordinates":[[[14.0699,53.9178],[13.7784,54.0444],[13.8278,53.8297],[14.2054,53.8132],[14.0699,53.9178]]]},"properties":{"NAME":"Prussia","SUBJECTO":"Prussia","PARTOF":"Prussia","BORDERPRECISION":3,"LINK":null}},
{"type":"Feature","geometry":{"type":"Polygon","coordinates":[[[20.263,49.887],[20.1795,50.1467],[18.7685,50.1793],[18.7858,49.892],[20.263,49.887]]]},"properties":{"NAME":"Republic of Kraków","SUBJECTO":"Republic of Kraków","PARTOF":"Republic of Kraków","BORDERPRECISION":3,"LINK":null}},
{"type":"Feature","geometry":{"type":"Polygon","coordinates":[[[30.4328,46.1757],[30.8329,46.5766],[31.9513,46.8646],[32.2022,46.1704],[33.5279,46.1341],[33.6388,45.9268],[32.5032,45.4451],[33.3979,45.2527],[33.3955,44.6005],[34.0137,44.4921],[35.3867,45.0819],[36.2648,45.0966],[36.521,45.3883],[35.0634,45.3401],[33.8391,46.1931],[39.1599,47.2689],[39.2824,47.074],[37.7571,46.6032],[38.459,46.0789],[37.9899,46.0067],[37.6613,45.3452],[36.9599,45.2274],[37.4739,44.6924],[37.8804,44.7189],[41.4097,42.7882],[41.484,41.4365],[42.8784,41.5455],[43.9568,42.5912],[45.0312,42.772],[45.8077,42.538],[45.9141,42.1231],[46.8501,41.8359],[47.3501,41.304],[47.9883,41.2189],[48.2237,41.4711],[47.2486,42.7849],[47.1948,43.3759],[47.4934,43.5832],[47.3315,44.1856],[46.81,44.5363],[47.6282,45.7322],[48.7702,45.8851],[49.5345,46.5415],[51.1171,47.063],[53.1852,46.8652],[52.8345,45.6423],[53.2691,45.3351],[58.6133,46.7869],[65.3279,50.3883],[66.5306,50.6366],[71.8843,51.7417],[75.4633,51.6632],[77.0583,52.2327],[78.65,50.8057],[81.4791,50.2913],[84.4369,50.5485],[91.124,52.4774],[93.5674,52.3489],[95.1874,53.7955],[95.8658,53.7955],[97.3194,52.8265],[97.6101,52.1481],[102.1174,51.3611],[102.639,50.4562],[103.6808,50.1664],[106.3229,50.4167],[108.4235,49.5185],[110.1999,49.241],[112.5245,49.462],[114.5226,50.2963],[115.7337,49.864],[116.566,50.0056],[117.842,49.6338],[119.2912,50.125],[119.1823,50.7017],[120.746,52.0071],[120.7731,52.4763],[119.9427,52.591],[120.7022,53.1845],[123.3526,53.5103],[124.6432,53.1125],[125.5092,53.1568],[127.5159,49.8744],[130.3836,48.9642],[130.9245,47.7323],[134.6284,48.2131],[134.7174,47.6942],[134.1653,47.3346],[132.989,45.1436],[132.7776,44.9877],[131.7395,45.2593],[130.9905,44.8174],[131.1396,43.2266],[130.2259,42.6513],[130.4351,42.2768],[131.8652,43.2904],[131.6746,43.0266],[132.1818,43.1946],[132.9528,42.6695],[134.5686,43.2122],[137.7205,45.9967],[140.081,48.5026],[140.4045,50.8274],[141.2571,52.1035],[140.8282,52.8252],[141.1212,53.0516],[139.378,54.0804],[138.4168,54.0919],[137.9794,53.4646],[137.0713,53.4895],[137.3829,53.8098],[136.3507,53.7012],[136.4916,54.4555],[135.0945,54.4328],[134.9852,54.8539],[137.2291,55.9827],[142.8459,59.2725],[145.4041,59.3255],[145.957,58.9829],[146.3074,59.286],[148.4161,59.0974],[148.7284,59.4763],[149.7296,59.5953],[151.5236,59.3439],[151.8573,59.0558],[151.0562,58.9238],[151.3545,58.6911],[154.9059,59.1028],[153.943,59.5688],[155.7339,60.5554],[156.8252,61.5628],[160.1183,61.7513],[159.7435,61.0996],[160.2356,60.947],[160.1188,60.5636],[162.7488,61.609],[162.9902,62.3261],[165.0672,62.4357],[165.2857,62.2881],[164.0083,62.1309],[163.3293,60.6949],[161.8179,60.268],[158.3263,58.0268],[156.7769,57.5805],[156.5579,56.9475],[155.6276,56.2679],[155.7108,53.8049],[156.8246,51.0041],[158.258,52.0171],[158.4614,52.826],[159.8969,53.2406],[159.6332,53.7058],[160.0274,54.1533],[161.8759,54.5641],[161.5027,55.2874],[162.3176,56.2401],[162.7219,56.3423],[162.7713,55.9166],[163.166,56.1065],[162.5124,57.0335],[163.0784,57.6265],[161.9892,57.7199],[161.8044,58.1017],[162.9074,58.8913],[163.3887,59.8141],[164.1105,60.0782],[164.5846,59.6647],[166.2034,60.3526],[166.0272,59.7087],[167.104,60.271],[168.6708,60.4546],[170.0601,59.8818],[172.4924,61.2633],[176.5491,62.3797],[176.832,62.6764],[178.7377,62.2993],[179.2422,62.5257],[178.0777,63.4291],[178.1473,64.1566],[177.5347,64.0897],[176.9305,64.5529],[175.8998,64.5474],[175.9651,64.9037],[177.1347,64.9274],[178.0044,64.5477],[180,64.9535],[180,65.0519],[180,65.311],[180,65.3816],[180,65.9631],[180,66.9631],[180,67.9631],[180,68.9199],[176.1922,69.7127],[173.0083,69.6917],[170.4517,70.0192],[170.0563,69.6109],[170.8328,68.9219],[169.3886,68.7175],[167.3201,69.6586],[166.3092,69.3783],[163.7224,69.6745],[162.1178,69.5586],[160.8623,69.0831],[158.4087,70.8142],[156.0432,70.9866],[152.134,70.6644],[151.1195,71.2548],[148.7109,71.6294],[149.5303,72.0274],[146.9151,72.2019],[144.8013,71.5911],[145.6782,71.9267],[145.6646,72.1605],[144.8204,72.1433],[145.6,72.4262],[141.4084,72.7873],[138.9693,72.2105],[139.8479,72.2356],[139.7445,71.4036],[138.4461,71.6103],[137.6297,71.0754],[135.8606,71.5434],[134.2414,71.2619],[132.5538,71.809],[130.7793,70.6783],[127.4175,72.1422],[126.1113,72.2804],[128.5249,72.9523],[127.7196,73.4015],[125.7173,73.3978],[124.2222,73.6969],[122.8824,72.7528],[120.5785,72.8351],[118.4978,73.0362],[118.4604,73.5192],[116.6711,73.6192],[114.1867,73.551],[113.547,73.2009],[113.2216,73.7481],[111.7617,73.6578],[110.5513,74.0384],[109.9906,73.44],[105.2788,72.7515],[113.625,75.2727],[113.533,76.0937],[109.6564,76.6913],[106.404,76.4323],[107.1603,76.9491],[104.7046,76.9275],[105.4495,77.4491],[103.9466,77.5922],[101.6905,77.2026],[101.3895,76.625],[99.4672,75.9669],[96.6582,75.8533],[94.6943,76.1836],[87.4875,74.9609],[87.1397,73.6041],[86.1235,73.4511],[86.4921,73.8738],[85.0015,73.5762],[84.6161,73.7427],[80.6201,73.4965],[80.9823,72.447],[83.5611,71.6244],[83.3707,70.3373],[82.6755,70.8421],[82.0456,70.4189],[82.8184,71.6463],[81.4253,71.6127],[79.2226,72.2713],[78.0857,72.1753],[77.7899,71.7769],[76.3329,71.7197],[78.1369,71.3739],[78.6085,70.8499],[75.6706,71.1991],[75.6173,72.6255],[75.0161,72.7188],[74.9212,72.0287],[73.2169,71.4577],[74.2496,70.5729],[73.9145,69.1543],[77.406,68.9356],[78.0072,68.2568],[77.4832,67.8025],[78.4779,67.4785],[77.0907,67.5277],[77.0398,68.4638],[75.5372,68.7749],[74.505,68.5935],[74.7417,67.6862],[72.2088,66.1735],[69.1726,66.5483],[69.3554,66.7394],[70.8399,66.5514],[71.5441,66.7141],[73.3936,68.3824],[72.6435,68.8069],[72.6797,70.8235],[71.7976,71.4318],[72.8527,72.6439],[69.3431,72.8343],[68.3162,71.6349],[66.6702,70.8661],[67.3982,70.5985],[66.8844,69.6231],[67.7787,69.5569],[68.2577,68.9411],[69.109,68.8303],[68.3846,68.1793],[65.3554,69.1834],[61.03,69.7406],[60.3692,69.4677],[60.9341,68.8151],[59.7623,68.2974],[58.7704,68.856],[57.3637,68.457],[55.7229,68.5361],[54.7523,68.0498],[53.6257,68.0477],[53.5024,68.8163],[52.7197,68.3514],[52.2449,68.5446],[48.0807,67.5625],[47.5712,66.8163],[46.4021,66.7186],[44.8712,67.3124],[45.4626,67.6391],[46.6341,67.7005],[45.8634,68.3833],[43.8532,68.4692],[44.0294,66.0112],[42.2108,66.41],[39.9513,65.5812],[40.3222,64.4629],[36.8839,65.0677],[36.9967,64.4066],[38.0539,64.1293],[37.4105,63.7495],[34.8846,64.3668],[34.5437,66.0008],[32.2194,66.9937],[35.7717,66.2589],[38.7821,66.0015],[40.8364,66.5614],[40.9734,67.5344],[35.4366,69.1504],[33.3156,69.0713],[32.0716,69.8835],[31.0538,69.6396],[28.6972,68.6955],[29.1133,69.486],[27.9087,69.8877],[26.5073,69.8125],[24.8007,68.429],[24.0818,68.7168],[22.7012,68.6349],[21.246,69.2275],[21.1333,68.7092],[23.4877,67.8343],[23.9477,65.7967],[25.1036,65.5401],[25.3251,64.8024],[22.8255,63.5809],[22.569,63.723],[22.2924,63.2027],[21.4947,63.123],[21.0618,62.6117],[21.5602,60.5125],[22.3921,60.1212],[23.0052,60.2088],[23.2014,59.8185],[24.4211,59.8698],[25.5805,60.2623],[25.8455,60.1155],[26.5516,60.5707],[26.9223,60.3161],[28.5215,60.6233],[28.5694,60.1984],[29.6873,60.131],[30.1266,59.806],[29.0761,59.9078],[27.9417,59.6476],[27.702,59.2975],[25.4488,59.494],[23.4158,59.119],[23.6709,58.2414],[24.4968,58.2132],[24.2663,57.0301],[23.4145,56.8924],[22.5636,57.6156],[21.6773,57.4637],[20.9454,56.07],[21.684,55.3535],[22.7935,54.9024],[22.8066,53.8076],[20.4774,53.1305],[18.9912,53.1305],[18.5991,52.4998],[18.0861,52.3918],[18.1401,50.9877],[18.7685,50.1793],[20.1795,50.1467],[20.263,49.887],[24.2573,50.1593],[26.0364,49.6338],[26.1627,48.9406],[27.1077,48.6436],[27.1077,48.8326],[27.6478,48.7516],[27.7061,48.4397],[28.9082,47.8184],[29.4267,46.8161],[30.4328,46.1757]]]},"properties":{"NAME":"Russian Empire","SUBJECTO":"Russian Empire","PARTOF":"Russian Empire","BORDERPRECISION":3,"LINK":null}},
{"type":"Feature","geometry":{"type":"Polygon","coordinates":[[[12.4038,43.9558],[12.4878,43.8969],[12.5166,43.9898],[12.4038,43.9558]]]},"properties":{"NAME":"San Marino","SUBJECTO":"San Marino","PARTOF":"San Marino","BORDERPRECISION":3,"LINK":null}},
{"type":"Feature","geometry":{"type":"Polygon","coordinates":[[[102.0738,6.1542],[101.428,6.8282],[100.5396,7.0487],[99.8373,9.2265],[99.1956,9.2378],[99.0713,9.8983],[99.8953,12.0792],[100.04,13.3947],[100.9087,13.4473],[100.8716,12.6785],[101.7235,12.655],[102.5298,12.1484],[102.6121,12.0958],[102.7521,12.3981],[102.3603,13.5078],[102.9357,14.1498],[103.6214,14.4108],[104.356,14.3278],[105.1273,14.221],[105.8619,13.9716],[106.1313,13.9598],[106.1435,14.0904],[106.0456,14.3871],[106.5109,14.5412],[106.8414,14.3159],[107.387,14.5569],[107.1075,16.1696],[104.8122,18.7216],[103.8993,19.3131],[104.0048,19.701],[104.4875,19.7419],[104.7158,20.2004],[104.1291,20.9399],[103.4779,20.6567],[102.9929,20.9396],[101.9679,22.5337],[101.5544,22.2837],[101.5842,21.2235],[101.0937,21.354],[100.8947,21.7211],[100.3208,21.4638],[99.7555,22.1272],[99.2086,22.1494],[99.4689,23.1414],[98.985,23.1513],[98.7692,24.0898],[97.6952,23.8796],[98.1962,21.6085],[97.3724,20.7798],[97.2749,18.5036],[98.8236,16.3177],[98.4756,16.0045],[98.5798,15.4716],[98.137,15.1896],[99.003,13.8862],[99.5811,11.8887],[98.5932,10.1205],[98.1952,8.3271],[98.8895,8.0172],[99.2939,7.3192],[99.5717,7.2626],[99.663,6.71],[100.1544,6.6031],[100.1587,6.3401],[100.6174,6.4223],[101.0764,5.5313],[101.3117,5.8346],[101.4729,5.5463],[101.7626,5.5862],[102.0738,6.1542]]]},"properties":{"NAME":"Rattanakosin Kingdom","SUBJECTO":"Rattanakosin Kingdom","PARTOF":"Rattanakosin Kingdom","BORDERPRECISION":3,"LINK":null}},
{"type":"Feature","geometry":{"type":"Polygon","coordinates":[[[74.7333,37.2094],[75.0102,37.4655],[74.7029,38.5207],[73.712,38.7187],[73.8849,39.8797],[75.43,40.6102],[75.7009,40.3368],[76.4816,40.437],[77.0204,41.1116],[77.4923,41.0564],[76.9791,41.7197],[73.7766,42.9748],[76.7365,43.364],[72.9517,45.0337],[66.5306,50.6366],[65.3279,50.3883],[58.6133,46.7869],[53.2691,45.3351],[51.5127,45.3726],[51.0991,44.878],[51.5757,44.5543],[50.5416,44.6442],[50.3258,44.3655],[50.9552,44.2036],[51.4228,43.1696],[52.7626,42.7559],[52.5593,41.7578],[52.97,41.1382],[53.0657,42.0289],[53.7362,42.1343],[54.8281,40.9849],[54.3683,40.8987],[54.4162,40.6593],[53.8416,40.6401],[53.0562,41.052],[52.8263,40.4677],[52.9891,39.9314],[53.6883,39.9792],[53.7937,39.4908],[53.2094,39.4046],[54.0714,38.8969],[54.0151,37.3483],[55.3557,38.0377],[57.2255,38.1882],[58.9716,37.5992],[60.3463,36.6074],[61.014,36.6366],[61.2213,35.5816],[62.6776,35.2655],[63.1166,35.7894],[64.4945,36.2806],[64.826,37.1479],[65.7247,37.4903],[67.5153,37.2138],[67.9654,36.8344],[68.7065,37.1822],[69.3078,37.0837],[69.567,37.5053],[70.2214,37.528],[70.7188,38.3649],[71.4441,37.834],[71.5245,36.7143],[73.0472,37.3283],[74.7333,37.2094]],[[61.2496,46.6115],[61.6543,46.7689],[60.9989,46.0779],[61.0206,45.4873],[61.1746,45.1876],[61.8616,45.0483],[61.1094,44.7167],[60.0769,43.6086],[59.1264,44.0022],[58.3673,43.7371],[58.2381,44.9031],[58.7207,45.8477],[59.3287,46.0259],[59.4314,45.8034],[59.5308,46.3427],[60.7857,46.1518],[60.0207,46.4494],[60.2705,46.6997],[60.7257,46.6258],[60.5034,46.8057],[60.9381,46.4898],[61.2496,46.6115]]]},"properties":{"NAME":"Turan","SUBJECTO":"Turan","PARTOF":"Turan","BORDERPRECISION":3,"LINK":null}},
{"type":"Feature","geometry":{"type":"MultiPolygon","coordinates":[[[[178.1755,-18.2417],[178.6811,-18.0742],[178.5983,-17.6431],[178.193,-17.3011],[177.5103,-17.5094],[177.3297,-18.1158],[178.1755,-18.2417]]],[[[179.5686,-16.7581],[180,-16.1727],[180,-16.1547],[178.4761,-16.7636],[178.7539,-17.0114],[179.2658,-16.6906],[179.4094,-16.8108],[179.9372,-16.7544],[179.9419,-16.4644],[179.5686,-16.7581]]],[[[-172.2225,-13.5631],[-172.7806,-13.5333],[-172.5089,-13.8067],[-172.2105,-13.8053],[-172.2225,-13.5631]]]]},"properties":{"NAME":"Tuʻi Tonga Empire","SUBJECTO":"Tuʻi Tonga Empire","PARTOF":"Tuʻi Tonga Empire","BORDERPRECISION":3,"LINK":null}},
{"type":"Feature","geometry":{"type":"Polygon","coordinates":[[[-109.2414,-27.1331],[-109.3908,-27.0667],[-109.4492,-27.1931],[-109.2414,-27.1331]]]},"properties":{"NAME":"Polynesians","SUBJECTO":"Polynesians","PARTOF":"Polynesians","BORDERPRECISION":3,"LINK":null}},
{"type":"Feature","geometry":{"type":"Polygon","coordinates":[[[114.0292,22.5085],[114.2631,22.2044],[114.4131,22.4369],[114.0292,22.5085]]]},"properties":{"NAME":"Hong Kong","SUBJECTO":"Hong Kong","PARTOF":"Hong Kong","BORDERPRECISION":3,"LINK":null}},
{"type":"Feature","geometry":{"type":"Polygon","coordinates":[[[108.5605,19.0603],[108.6519,18.4824],[109.4297,18.0966],[110.2625,18.6256],[110.8854,19.7068],[110.6174,20.0175],[109.5503,19.9136],[108.5605,19.0603]]]},"properties":{"NAME":"Manchu Empire","SUBJECTO":"Manchu Empire","PARTOF":"Manchu Empire","BORDERPRECISION":3,"LINK":null}}
]}