{"type":"FeatureCollection", "features": [
{"type":"Feature","geometry":{"type":"Polygon","coordinates":[[[5.8235,49.5071],[6.433,49.4453],[6.1085,50.1175],[5.8235,49.5071]]]},"properties":{"NAME":"Luxembourg","SUBJECTO":"Luxembourg","PARTOF":"Luxembourg","BORDERPRECISION":3,"LINK":null}},
{"type":"Feature","geometry":{"type":"MultiPolygon","coordinates":[[[[148.4472,45.248],[148.8422,45.4883],[147.9327,45.4214],[146.8405,44.4155],[148.4472,45.248]]],[[[137.3096,37.4327],[136.6404,37.1703],[135.7271,35.4505],[132.6629,35.3806],[130.7793,33.9669],[131.995,33.8043],[132.1835,34.2872],[135.2057,34.6171],[135.0629,33.69],[135.7557,33.3423],[136.8986,34.2587],[136.5071,34.5182],[136.7339,34.8741],[137.2482,34.4816],[138.1491,34.5279],[138.6837,34.9923],[138.8638,34.5674],[139.9137,35.5544],[139.8301,34.836],[140.3166,35.0338],[140.8343,35.6771],[140.8722,37.9174],[141.9985,39.4489],[141.2858,41.3715],[140.7745,41.2552],[141.1526,40.8654],[140.3864,40.9855],[139.9152,40.575],[139.9679,39.209],[139.3539,38.0672],[137.1762,36.6431],[137.3096,37.4327]]],[[[132.4671,32.7579],[132.9007,32.6699],[133.5165,33.3949],[133.9986,33.1483],[134.5404,34.0127],[132.7843,33.9075],[132.1211,33.3475],[132.4671,32.7579]]],[[[130.5541,30.97],[131.2106,31.3523],[131.831,32.6931],[131.5688,33.4861],[130.6444,33.7],[129.3434,33.1514],[129.7337,32.638],[130.1075,32.9308],[130.4965,32.557],[130.0601,31.2166],[130.7325,31.4783],[130.5541,30.97]]],[[[139.9777,41.5035],[141.155,41.7493],[140.2455,42.2284],[140.5409,42.537],[140.9296,42.2555],[141.9281,42.5013],[143.2138,41.9265],[144.0028,42.8777],[145.4481,43.1696],[145.3476,44.243],[144.6138,43.8428],[143.7902,44.0276],[141.8753,45.4354],[141.3036,43.187],[140.4982,43.3204],[139.7117,42.4776],[139.9777,41.5035]]]]},"properties":{"NAME":"Imperial Japan","SUBJECTO":"Imperial Japan","PARTOF":"Imperial Japan","BORDERPRECISION":3,"LINK":null}},
{"type":"Feature","geometry":{"type":"Polygon","coordinates":[[[91.6078,27.6415],[89.8634,28.2725],[88.8026,27.181],[89.8344,26.6854],[91.9089,26.8053],[91.6078,27.6415]]]},"properties":{"NAME":"Bhutan","SUBJECTO":"Bhutan","PARTOF":"Bhutan","BORDERPRECISION":3,"LINK":null}},
{"type":"Feature","geometry":{"type":"MultiPolygon","coordinates":[[[[-66.9056,17.9362],[-65.7241,18.3328],[-67.161,18.5141],[-66.9056,17.9362]]],[[[-82.1772,22.3659],[-78.7279,21.6168],[-78.4504,20.969],[-77.0987,20.5333],[-77.663,19.9028],[-74.1734,20.1899],[-79.9846,22.8791],[-81.4311,23.1367],[-83.6904,22.814],[-84.7064,21.7696],[-82.5624,22.7084],[-81.6626,22.5068],[-82.1772,22.3659]]]]},"properties":{"NAME":"Spain","SUBJECTO":"Spain","PARTOF":"Spain","BORDERPRECISION":3,"LINK":null}},
{"type":"Feature","geometry":{"type":"Polygon","coordinates":[[[-71.7771,19.771],[-73.4745,19.8354],[-72.7672,19.5255],[-72.2978,18.662],[-74.4418,18.524],[-73.857,18.112],[-72.1783,18.2873],[-71.677,18.0025],[-71.7771,19.771]]]},"properties":{"NAME":"Haiti","SUBJECTO":"Haiti","PARTOF":"Haiti","BORDERPRECISION":3,"LINK":null}},
{"type":"Feature","geometry":{"type":"Polygon","coordinates":[[[-71.677,18.0025],[-71.4008,17.7041],[-70.6955,18.5192],[-70.2992,18.2595],[-68.9859,18.5102],[-68.6647,18.1994],[-68.3729,18.575],[-69.9934,19.6839],[-71.7771,19.771],[-71.677,18.0025]]]},"properties":{"NAME":"Dominican Republic","SUBJECTO":"Dominican Republic","PARTOF":"Dominican Republic","BORDERPRECISION":3,"LINK":null}},
{"type":"Feature","geometry":{"type":"MultiPolygon","coordinates":[[[[120.3636,14.5309],[120.4714,14.8043],[121.2854,14.3424],[120.5106,14.112],[121.0094,13.6557],[121.6249,13.8984],[122.3941,13.3029],[122.4854,13.8812],[123.239,13.0252],[123.8189,12.9756],[123.3976,13.5274],[123.7019,13.8203],[122.9851,13.7298],[122.4865,14.3195],[122.1066,13.9185],[121.7288,14.1083],[121.2422,15.3078],[122.3956,17.1143],[122.0496,18.4475],[120.8004,18.5528],[120.3931,18.0438],[120.2931,16.2332],[119.6814,16.1875],[120.3636,14.5309]]],[[[121.094,12.2011],[121.1807,13.3321],[120.3405,13.3874],[121.094,12.2011]]],[[[125.3231,11.1239],[125.1191,12.4766],[124.264,12.4176],[125.3231,11.1239]]],[[[121.873,10.4684],[122.7062,10.9403],[122.9199,11.5253],[121.9936,11.7583],[121.873,10.4684]]],[[[118.8646,10.0236],[119.5643,10.5016],[119.3539,11.2126],[118.8646,10.0236]]],[[[122.9416,9.0476],[123.2391,10.9224],[122.3031,9.6498],[122.9416,9.0476]]],[[[117.2706,8.4508],[118.5046,9.4828],[118.5081,9.9211],[117.2706,8.4508]]],[[[126.0452,6.6082],[126.2719,8.4258],[125.9232,8.4822],[126.0371,8.959],[125.4281,9.7836],[125.4013,8.9512],[124.7416,8.918],[124.6706,8.4287],[123.6628,8.0135],[123.4859,8.496],[122.8888,8.3422],[121.8245,7.0565],[122.6351,7.7826],[122.7254,7.4524],[123.8153,7.6581],[123.9735,6.3369],[124.803,5.7859],[125.1295,6.0534],[125.2893,5.4883],[125.6146,7.2363],[126.0452,6.6082]]]]},"properties":{"NAME":"Philippines","SUBJECTO":"Philippines","PARTOF":"Philippines","BORDERPRECISION":3,"LINK":null}},
{"type":"Feature","geometry":{"type":"MultiPolygon","coordinates":[[[[-73.1411,20.9833],[-73.0178,21.3314],[-73.7022,20.9997],[-73.1411,20.9833]]],[[[-78.0389,25.1786],[-78.4406,24.6136],[-78.0345,24.2714],[-77.7164,24.5003],[-78.0389,25.1786]]],[[[-76.3497,25.3433],[-76.7353,25.5592],[-76.1683,24.69],[-76.3497,25.3433]]],[[[-77.662,26.9031],[-77.9503,26.8978],[-77.1489,26.5489],[-77.2047,25.8808],[-77.0422,26.5089],[-77.662,26.9031]]],[[[-77.7373,17.9321],[-76.3007,17.9924],[-77.7695,18.5105],[-78.3249,18.3504],[-77.7373,17.9321]]],[[[-61.224,10.6903],[-61.8091,10.725],[-61.6531,10.2786],[-62.0388,10.0575],[-61.2067,10.1182],[-61.224,10.6903]]],[[[-6.335,53.786],[-5.7849,54.7374],[-7.3339,55.3836],[-8.76,54.7014],[-8.2115,54.6339],[-8.5901,54.2028],[-9.892,54.3256],[-10.1598,53.3741],[-8.9236,53.1606],[-9.5258,52.9046],[-9.1926,52.5545],[-10.4692,52.2066],[-9.8191,51.4346],[-6.406,52.2144],[-6.335,53.786]]],[[[0.2678,53.1267],[-2.245,55.811],[-3.895,55.9851],[-2.7209,56.1782],[-3.1524,56.3368],[-1.9446,57.4017],[-4.1484,57.5545],[-3.0284,58.4057],[-4.9256,58.567],[-6.0435,56.4748],[-5.2707,56.5441],[-5.5702,55.7505],[-4.7107,56.1313],[-5.1114,54.7941],[-3.1525,54.8381],[-3.5692,54.415],[-2.8859,54.1687],[-2.9145,53.2671],[-4.4919,52.991],[-4.1236,52.3733],[-5.2488,51.8602],[-3.4991,51.4597],[-2.7502,51.644],[-3.066,51.1777],[-4.281,51.1872],[-5.7778,50.1341],[0.8883,50.8927],[1.3647,51.3529],[0.2542,51.4536],[1.6917,52.3114],[1.3759,52.8092],[0.0055,52.7867],[0.2678,53.1267]]]]},"properties":{"NAME":"United Kingdom of Great Britain and Ireland","SUBJECTO":"United Kingdom of Great Britain and Ireland","PARTOF":"United Kingdom of Great Britain and Ireland","BORDERPRECISION":3,"LINK":null}},
{"type":"Feature","geometry":{"type":"Polygon","coordinates":[[[-87.4043,13.0299],[-87.6749,12.9149],[-85.8397,11.0776],[-83.7466,10.8785],[-83.4172,15.0009],[-84.8338,14.7714],[-85.7353,13.8566],[-86.6893,13.7682],[-86.8234,13.1505],[-87.4043,13.0299]]]},"properties":{"NAME":"Nicaragua","SUBJECTO":"Nicaragua","PARTOF":"Nicaragua","BORDERPRECISION":3,"LINK":null}},
{"type":"Feature","geometry":{"type":"Polygon","coordinates":[[[-85.8397,11.0776],[-85.7116,10.0305],[-85.0888,9.5831],[-84.8442,9.841],[-85.2555,10.3108],[-84.6971,9.9884],[-83.6149,9.1516],[-83.6055,8.5478],[-83.0851,8.6506],[-82.9575,8.0472],[-82.9066,9.5186],[-82.5599,9.5831],[-83.7466,10.8785],[-85.8397,11.0776]]]},"properties":{"NAME":"Costa Rica","SUBJECTO":"Costa Rica","PARTOF":"Costa Rica","BORDERPRECISION":3,"LINK":null}},
{"type":"Feature","geometry":{"type":"Polygon","coordinates":[[[80.5629,5.9317],[81.4339,6.2703],[81.8662,7.0846],[80.1096,9.6866],[79.6746,8.8049],[79.8541,7.0612],[80.5629,5.9317]]]},"properties":{"NAME":"Ceylon","SUBJECTO":"Ceylon","PARTOF":"Ceylon","BORDERPRECISION":3,"LINK":null}},
{"type":"Feature","geometry":{"type":"MultiPolygon","coordinates":[[[[175.3077,-37.321],[174.6448,-36.8306],[174.9727,-36.778],[174.3002,-35.3473],[172.6332,-34.5595],[174.7647,-37.2965],[174.6547,-38.9833],[173.8048,-39.4197],[175.3536,-40.3],[174.8954,-41.2961],[175.3653,-41.6616],[177.1557,-39.9502],[177.0238,-39.4452],[178.4082,-38.7712],[178.5995,-38.1254],[178.2413,-37.8323],[177.3618,-38.2365],[176.1292,-37.7982],[175.6627,-36.95],[175.64,-37.4097],[175.3077,-37.321]]],[[[172.0627,-43.9231],[173.0096,-43.8438],[172.4405,-43.5094],[174.2335,-42.0112],[174.0585,-41.2914],[173.264,-41.5437],[172.4374,-40.7531],[171.0241,-42.8869],[167.9667,-44.4802],[166.5228,-46.2327],[169.3993,-46.7096],[170.6116,-45.9461],[170.9942,-44.2675],[172.0627,-43.9231]]]]},"properties":{"NAME":"M?ori","SUBJECTO":"M?ori","PARTOF":"M?ori","BORDERPRECISION":3,"LINK":null}},
{"type":"Feature","geometry":{"type":"MultiPolygon","coordinates":[[[[-68.4559,-52.4202],[-69.0409,-50.5624],[-67.8335,-49.9682],[-67.5776,-49.0585],[-65.9926,-48.0767],[-65.7133,-47.3536],[-67.1119,-46.7324],[-67.4725,-45.9223],[-66.6949,-45.1311],[-65.4362,-44.8897],[-65.3072,-43.6014],[-64.3093,-43.0271],[-65.0851,-42.7844],[-63.6,-42.7044],[-63.729,-42.101],[-64.2859,-42.4745],[-64.992,-42.1934],[-65.1532,-40.9753],[-63.4756,-41.1898],[-62.3533,-40.8992],[-62.3099,-38.8802],[-59.5154,-38.8745],[-57.6434,-38.2587],[-56.6981,-36.9441],[-57.3717,-36.1494],[-57.2255,-35.4363],[-58.5228,-34.5871],[-58.3397,-34.2161],[-57.5757,-30.4029],[-54.9113,-27.8031],[-53.7311,-27.2183],[-53.8489,-25.7518],[-54.5804,-25.7433],[-55.7318,-27.4521],[-58.6918,-27.3167],[-57.7099,-25.3359],[-60.8647,-23.8805],[-62.61,-22.1565],[-63.7836,-22.0745],[-64.2486,-22.8775],[-64.7556,-22.1627],[-66.1459,-21.9231],[-67.1889,-22.9835],[-67.2575,-24.0827],[-68.4855,-24.744],[-68.4802,-25.9393],[-68.2492,-27.0796],[-68.8235,-27.2671],[-69.5807,-28.5286],[-70.4345,-31.257],[-69.8155,-34.0717],[-70.3907,-36.1651],[-71.0951,-36.8052],[-70.8441,-38.7265],[-71.4195,-39.1056],[-72.089,-42.4984],[-71.6735,-44.3719],[-71.0689,-44.6647],[-71.9916,-44.895],[-71.4001,-45.2789],[-71.7903,-47.0942],[-72.3823,-47.578],[-72.4584,-48.8543],[-73.4961,-49.5581],[-73.158,-50.855],[-72.3329,-50.6927],[-71.7945,-52.0884],[-69.5865,-52.1429],[-68.4559,-52.4202]]],[[[-68.7494,-54.8886],[-66.458,-55.0697],[-65.2592,-54.7188],[-66.4175,-54.6072],[-68.7053,-53.2346],[-68.7494,-54.8886]]]]},"properties":{"NAME":"Argentina","SUBJECTO":"Argentina","PARTOF":"Argentina","BORDERPRECISION":3,"LINK":null}},
{"type":"Feature","geometry":{"type":"Polygon","coordinates":[[[-24.2189,65.5337],[-21.7938,65.2985],[-23.6746,64.6593],[-21.4885,64.3761],[-22.3729,63.7732],[-18.9608,63.3375],[-14.8212,64.195],[-13.5574,65.0094],[-13.6469,65.4953],[-16.3852,66.4544],[-17.8838,65.7568],[-18.6763,66.0912],[-19.336,65.6739],[-19.9733,66.1107],[-21.0797,65.2054],[-21.4432,66.1299],[-22.6764,66.3913],[-22.6093,65.9231],[-23.4656,66.1334],[-23.267,65.7249],[-24.2189,65.5337]]]},"properties":{"NAME":"Iceland","SUBJECTO":"Iceland","PARTOF":"Iceland","BORDERPRECISION":3,"LINK":null}},
{"type":"Feature","geometry":{"type":"Polygon","coordinates":[[[6.1085,50.1175],[5.9996,50.7416],[5.1125,51.4055],[3.775,51.3877],[2.5221,51.0911],[4.1563,49.9658],[4.8654,50.1337],[5.8235,49.5071],[6.1085,50.1175]]]},"properties":{"NAME":"Belgium","SUBJECTO":"Belgium","PARTOF":"Belgium","BORDERPRECISION":3,"LINK":null}},
{"type":"Feature","geometry":{"type":"MultiPolygon","coordinates":[[[[-14.5098,28.05],[-13.881,28.1994],[-13.5182,29.4285],[-14.5098,28.05]]],[[[-15.574,28.178],[-15.9127,27.9005],[-15.574,27.7294],[-15.2112,27.9005],[-15.574,28.178]]],[[[-17.2913,28.2846],[-17.3397,28.0287],[-16.6383,28.05],[-16.082,28.5399],[-17.2913,28.2846]]],[[[-8.8061,41.8892],[-6.7087,41.96],[-6.1115,41.4175],[-6.8344,41.0605],[-6.8783,39.7024],[-7.431,39.5205],[-6.9334,38.9613],[-7.3939,38.295],[-6.8448,38.1002],[-7.4915,37.2082],[-6.6322,37.0218],[-5.6606,36.008],[-4.4466,36.722],[-2.2388,36.7284],[0.1726,38.7383],[-0.3948,39.4345],[0.7338,40.875],[3.1289,41.8572],[3.0871,42.3686],[-0.1656,42.6488],[-1.9146,43.3054],[-7.9795,43.7401],[-9.2708,43.0487],[-8.6441,42.4197],[-8.8061,41.8892]]]]},"properties":{"NAME":"Spain","SUBJECTO":"Spain","PARTOF":"Spain","BORDERPRECISION":3,"LINK":null}},
{"type":"Feature","geometry":{"type":"Polygon","coordinates":[[[-8.8061,41.8892],[-9.549,38.7745],[-9.0408,38.9202],[-9.2366,38.4174],[-8.7889,38.436],[-8.9908,36.99],[-7.4915,37.2082],[-6.8448,38.1002],[-7.3939,38.295],[-6.9334,38.9613],[-7.431,39.5205],[-6.8783,39.7024],[-6.8344,41.0605],[-6.1115,41.4175],[-6.7087,41.96],[-8.8061,41.8892]]]},"properties":{"NAME":"Portugal","SUBJECTO":"Portugal","PARTOF":"Portugal","BORDERPRECISION":3,"LINK":null}},
{"type":"Feature","geometry":{"type":"Polygon","coordinates":[[[61.2213,35.5816],[60.4192,34.078],[60.8531,33.4838],[60.5401,32.9932],[60.7938,31.5789],[61.7792,30.9052],[60.8205,29.8333],[62.9464,29.3563],[66.0906,29.7361],[66.9208,31.2074],[69.2064,31.798],[69.5079,32.9486],[70.2892,33.2831],[69.87,33.9408],[71.1535,34.1384],[71.6495,36.3336],[74.5205,37.0046],[74.7333,37.2094],[72.7142,37.1861],[71.5245,36.7143],[71.4441,37.834],[70.8914,38.3722],[70.2214,37.528],[67.9654,36.8344],[65.7247,37.4903],[62.6776,35.2655],[61.2213,35.5816]]]},"properties":{"NAME":"Afghanistan","SUBJECTO":"Afghanistan","PARTOF":"Afghanistan","BORDERPRECISION":3,"LINK":null}},
{"type":"Feature","geometry":{"type":"Polygon","coordinates":[[[-88.9408,15.9046],[-88.2834,16.8347],[-88.3205,18.4944],[-89.1543,17.8312],[-89.2511,15.8975],[-88.9408,15.9046]]]},"properties":{"NAME":"Belize","SUBJECTO":"Belize","PARTOF":"Belize","BORDERPRECISION":3,"LINK":null}},
{"type":"Feature","geometry":{"type":"Polygon","coordinates":[[[-89.1543,17.8312],[-91.0099,17.8362],[-91.0278,17.2782],[-91.4772,17.2639],[-90,16.8164],[-90,16.0978],[-91.7595,16.0978],[-92.2435,15.2822],[-92.1554,14.5428],[-91.242,13.9516],[-90,13.8729],[-89.3803,14.4666],[-88.2739,15.7472],[-88.9408,15.9046],[-89.2511,15.8975],[-89.1543,17.8312]]]},"properties":{"NAME":"Guatemala","SUBJECTO":"Guatemala","PARTOF":"Guatemala","BORDERPRECISION":3,"LINK":null}},
{"type":"Feature","geometry":{"type":"Polygon","coordinates":[[[-83.4172,15.0009],[-84.6505,15.9334],[-88.2739,15.7472],[-89.3803,14.4666],[-88.5144,13.8872],[-87.7896,13.9086],[-87.7706,13.5009],[-87.4043,13.0299],[-86.8234,13.1505],[-86.6893,13.7682],[-85.7353,13.8566],[-84.8338,14.7714],[-83.4172,15.0009]]]},"properties":{"NAME":"Honduras","SUBJECTO":"Honduras","PARTOF":"Honduras","BORDERPRECISION":3,"LINK":null}},
{"type":"Feature","geometry":{"type":"Polygon","coordinates":[[[-90,13.8729],[-88.6381,13.2552],[-87.9487,13.1718],[-87.7706,13.5009],[-87.7896,13.9086],[-88.5144,13.8872],[-89.3803,14.4666],[-90,13.8729]]]},"properties":{"NAME":"El Salvador","SUBJECTO":"El Salvador","PARTOF":"El Salvador","BORDERPRECISION":3,"LINK":null}},
{"type":"Feature","geometry":{"type":"MultiPolygon","coordinates":[[[[100.1587,6.3401],[100.6643,3.9037],[101.3364,2.7805],[103.3491,1.4124],[104.1756,1.3887],[103.3511,2.804],[103.3418,4.8054],[102.0738,6.1542],[101.7626,5.5862],[101.3117,5.8346],[101.0764,5.5313],[100.6174,6.4223],[100.1587,6.3401]]],[[[114.0737,4.455],[112.7592,3.0086],[111.3718,2.5989],[110.8934,1.5113],[111.1199,1.2703],[109.5175,1.8205],[110.5486,0.726],[111.562,0.7638],[112.616,1.4629],[113.6768,1.1451],[114.6589,1.5958],[115.7068,4.1567],[117.5587,3.9807],[118.3187,4.2342],[118.1084,4.939],[119.0426,5.1698],[117.7616,5.58],[117.8665,5.9043],[117.3701,5.7889],[117.5071,6.3928],[117.0311,6.8365],[116.5956,6.8991],[115.7173,5.4676],[115.2917,5.454],[115.3614,4.8759],[114.9615,4.8765],[115.1613,4.3094],[114.4337,3.9983],[114.0737,4.455]]]]},"properties":{"NAME":"Malaya","SUBJECTO":"Malaya","PARTOF":"Malaya","BORDERPRECISION":3,"LINK":null}},
{"type":"Feature","geometry":{"type":"Polygon","coordinates":[[[-56.7096,1.8915],[-55.7935,1.7253],[-55.9011,2.3985],[-54.3883,2.2613],[-53.9773,3.3571],[-54.3661,4.6899],[-53.8369,5.6895],[-54.8948,5.9946],[-57.0651,5.8374],[-57.9951,3.9626],[-57.1635,3.122],[-56.7096,1.8915]]]},"properties":{"NAME":"Dutch Guiana","SUBJECTO":"Dutch Guiana","PARTOF":"Dutch Guiana","BORDERPRECISION":3,"LINK":null}},
{"type":"Feature","geometry":{"type":"Polygon","coordinates":[[[-54.3883,2.2613],[-52.8464,2.0925],[-51.6234,4.2159],[-53.8369,5.6895],[-54.3661,4.6899],[-53.9773,3.3571],[-54.3883,2.2613]]]},"properties":{"NAME":"French Guiana","SUBJECTO":"French Guiana","PARTOF":"French Guiana","BORDERPRECISION":3,"LINK":null}},
{"type":"Feature","geometry":{"type":"MultiPolygon","coordinates":[[[[149.5542,-6.4061],[151.9199,-5.6573],[152.0899,-4.3604],[151.5393,-4.4061],[151.5699,-5.0289],[150.7216,-5.6218],[149.8693,-5.4012],[149.6485,-5.7131],[148.3063,-5.7732],[149.5542,-6.4061]]],[[[140.9476,-9.2739],[142.6074,-9.3766],[143.3311,-9],[142.2489,-8.3095],[143.4368,-8.3578],[143.6648,-7.6709],[144.6274,-7.7832],[145.8196,-8.0984],[147.6155,-10.084],[150.5234,-10.6371],[147.1512,-7.5617],[146.9091,-6.8948],[147.7386,-6.7405],[147.3765,-6.1248],[145.6081,-5.5248],[145.7282,-4.997],[144.5427,-3.9954],[140.8698,-2.7948],[140.9476,-9.2739]]]]},"properties":{"NAME":"Papua New Guinea","SUBJECTO":"Papua New Guinea","PARTOF":"Papua New Guinea","BORDERPRECISION":3,"LINK":null}},
{"type":"Feature","geometry":{"type":"Polygon","coordinates":[[[128.824,-24.9351],[128.7219,-31.9172],[131.2802,-31.6348],[133.837,-32.342],[135.7124,-35.2074],[137.8682,-32.7471],[138.1887,-33.2935],[136.947,-35.4726],[137.6833,-35.3309],[138.1015,-34.3561],[138.5676,-34.9277],[138.1972,-35.7569],[139.3679,-35.6143],[140.012,-37.6416],[141.0559,-38.3769],[141.0193,-33.9979],[140.9764,-28.8594],[140.9514,-25.869],[137.8776,-25.9193],[137.8985,-24.9351],[128.824,-24.9351]]]},"properties":{"NAME":"South Australia (UK)","SUBJECTO":"United Kingdom of Great Britain and Ireland","PARTOF":"United Kingdom of Great Britain and Ireland","BORDERPRECISION":3,"LINK":null}},
{"type":"Feature","geometry":{"type":"Polygon","coordinates":[[[-58.3397,-34.2161],[-56.3383,-34.9955],[-54.9898,-34.9673],[-53.4056,-33.8795],[-53.2283,-32.8165],[-54.1072,-31.85],[-55.4406,-30.9749],[-55.8741,-31.1743],[-56.6266,-30.2896],[-57.5757,-30.4029],[-58.3397,-34.2161]]]},"properties":{"NAME":"Uruguay","SUBJECTO":"Uruguay","PARTOF":"Uruguay","BORDERPRECISION":3,"LINK":null}},
{"type":"Feature","geometry":{"type":"Polygon","coordinates":[[[5.9996,50.7416],[5.9794,51.8035],[7.0677,52.2186],[7.1599,53.164],[5.3895,53.1386],[5.4732,52.1766],[4.7188,52.8024],[3.775,51.3877],[5.1125,51.4055],[5.9996,50.7416]]]},"properties":{"NAME":"Netherlands","SUBJECTO":"Netherlands","PARTOF":"Netherlands","BORDERPRECISION":3,"LINK":null}},
{"type":"Feature","geometry":{"type":"Polygon","coordinates":[[[88.1973,27.8758],[86.0357,27.9103],[82.1417,30.3656],[81.0213,30.2465],[80.1159,28.8403],[82.8118,27.5382],[84.1361,27.5382],[85.3714,26.757],[87.3493,26.385],[88.0922,26.4445],[88.1973,27.8758]]]},"properties":{"NAME":"Nepal","SUBJECTO":"Nepal","PARTOF":"Nepal","BORDERPRECISION":3,"LINK":null}},
{"type":"Feature","geometry":{"type":"Polygon","coordinates":[[[114.9615,4.8765],[114.0737,4.455],[114.4337,3.9983],[115.1613,4.3094],[114.9615,4.8765]]]},"properties":{"NAME":"Brunei","SUBJECTO":"Brunei","PARTOF":"Brunei","BORDERPRECISION":3,"LINK":null}},
{"type":"Feature","geometry":{"type":"MultiPolygon","coordinates":[[[[109.5175,1.8205],[108.9555,1.2593],[108.841,0.3313],[109.4286,-0.7096],[109.1789,-0.869],[109.9409,-1.6426],[110.1023,-3.0785],[111.5872,-2.7957],[111.7395,-3.647],[112.5777,-3.4227],[112.7954,-2.971],[113.6084,-3.6111],[114.2185,-3.4319],[114.5809,-4.2954],[115.8063,-3.5365],[116.2482,-2.7983],[116.0408,-2.4429],[116.3491,-2.4168],[116.0463,-1.9345],[117.3703,-1.0038],[117.5343,0.6107],[118.7652,0.823],[117.7301,1.7994],[117.8292,2.3143],[117.139,3.1706],[117.074,3.5072],[117.6839,3.6292],[117.5587,3.9807],[115.7068,4.1567],[114.6589,1.5958],[113.6768,1.1451],[112.616,1.4629],[111.562,0.7638],[110.5486,0.726],[109.5175,1.8205]]],[[[140.8698,-2.7948],[137.7039,-1.6333],[136.2709,-2.4181],[135.2464,-3.5389],[134.557,-2.7078],[134.2831,-2.8546],[133.9073,-1.0061],[132.254,-0.5267],[131.2114,-1.0246],[131.0644,-1.5397],[131.8156,-1.6652],[132.219,-2.3443],[133.855,-2.2454],[133.7808,-2.7222],[132.0158,-2.8214],[132.8272,-3.506],[132.9316,-4.2684],[133.7525,-3.1862],[134.0406,-3.9482],[137.5953,-5.2498],[139.0283,-7.0199],[138.6496,-7.1415],[139.1561,-7.7251],[138.917,-8.3167],[139.9769,-8.2382],[140.9476,-9.2739],[140.8698,-2.7948]]],[[[130.7838,-3.879],[130.3687,-3.13],[128.0418,-3.0588],[128.376,-3.5474],[129.7813,-3.3219],[130.7838,-3.879]]],[[[126.6605,-3.8752],[127.0938,-3.5184],[126.1111,-3.2981],[126.6605,-3.8752]]],[[[138.1759,-8.5535],[138.8948,-7.7829],[138.568,-7.523],[137.6759,-8.4592],[138.1759,-8.5535]]],[[[122.9486,-8.3771],[122.6924,-8.0937],[122.1659,-8.6343],[120.565,-8.3881],[119.8404,-8.6821],[121.6944,-8.9959],[122.9486,-8.3771]]],[[[117.9377,-8.54],[117.8172,-8.8136],[116.9584,-8.5293],[116.6632,-9.0593],[118.9705,-8.881],[118.7608,-8.3793],[118.462,-8.5961],[117.8062,-8.178],[117.9377,-8.54]]],[[[115.0724,-8.7814],[115.5005,-8.469],[114.4575,-8.3314],[115.0724,-8.7814]]],[[[103.7136,-0.017],[102.2783,0.7428],[101.0598,2.081],[100.7319,1.8706],[99.8632,2.5676],[97.3841,5.1801],[95.2161,5.4995],[95.8276,4.2237],[97.2545,3.1402],[97.5971,2.2514],[98.671,1.6183],[99.1133,0.2212],[99.972,-0.5013],[101.3455,-3.0149],[104.5685,-6.0712],[104.5634,-5.6009],[105.6407,-5.929],[105.9428,-3.2147],[105.4449,-2.5993],[104.6778,-2.6708],[104.8126,-2.1558],[104.3524,-1.8899],[104.2299,-1.1911],[103.3113,-0.8182],[103.7136,-0.017]]],[[[127.6307,-0.017],[128.2994,-1.0246],[127.8647,0.0992],[128.7058,0.2091],[128.1896,0.6274],[128.6086,1.3845],[127.802,0.7155],[127.7998,1.8974],[127.4235,0.9816],[127.6307,-0.017]]],[[[106.5527,-3.1752],[106.6427,-2.7111],[105.8634,-1.6261],[105.6557,-1.957],[105.4267,-1.7096],[105.1997,-2.1105],[106.5527,-3.1752]]],[[[105.1848,-6.8657],[107.7297,-7.7867],[109.0372,-7.7203],[114.3293,-8.783],[114.2308,-7.9315],[112.6784,-7.7188],[112.2748,-7.0269],[110.8146,-6.5343],[110.2426,-7.0313],[109.1611,-7.0231],[108.5558,-6.9205],[108.1733,-6.3557],[105.9332,-6.026],[105.6335,-6.7552],[105.1848,-6.8657]]],[[[123.4919,-10.3522],[127.0972,-8.5075],[125.0798,-8.7725],[123.6654,-9.748],[123.4919,-10.3522]]],[[[120.2798,-10.3782],[120.5813,-10.0978],[119.7887,-9.4576],[118.949,-9.5865],[120.2798,-10.3782]]],[[[119.6921,-0.017],[118.6836,-2.9011],[118.7914,-3.6635],[119.4611,-3.8082],[119.4768,-5.8038],[120.2481,-5.586],[120.1442,-3.0759],[120.5928,-2.8016],[120.9247,-2.8263],[120.8025,-3.5956],[121.508,-4.2359],[121.4413,-4.8653],[122.6484,-4.5131],[122.2582,-3.2111],[121.2535,-1.9613],[122.7571,-1.0938],[123.2127,-1.2326],[123.25,-0.9021],[121.4611,-0.9886],[121.0554,-1.5487],[120.5873,-1.5179],[119.9038,-0.6805],[120.143,0.1905],[124.234,0.3011],[125.0162,1.5419],[123.8262,0.7387],[120.7674,1.1387],[119.6921,-0.017]]]]},"properties":{"NAME":"Netherlands Indies","SUBJECTO":"Netherlands","PARTOF":"Netherlands","BORDERPRECISION":3,"LINK":null}},
{"type":"Feature","geometry":{"type":"MultiPolygon","coordinates":[[[[-26.7875,71.5583],[-25.2913,71.5689],[-23.7537,70.5896],[-21.5471,70.4401],[-21.9044,71.4975],[-27.5189,73.1598],[-24.0764,73.7557],[-22.2692,73.2649],[-20.3296,73.4196],[-22.0288,74.104],[-19.051,74.3347],[-20.6689,75.0608],[-19.1998,75.6928],[-22.3777,76.6359],[-17.942,76.8651],[-20.1049,77.3825],[-19.1773,77.8242],[-20.7767,77.9686],[-21.382,77.5866],[-21.7,77.9235],[-17.7677,79.7774],[-20.193,79.8538],[-20.0447,80.2397],[-16.4409,80.451],[-12.7051,81.6213],[-16.4654,81.9036],[-23.9117,80.5628],[-22.0636,81.9648],[-24.8766,81.5954],[-32.7487,81.7647],[-31.1347,82.1981],[-23.3474,82.3533],[-22.4324,82.7433],[-32.5132,83.577],[-38.5872,83.3824],[-38.5872,82.8277],[-41.8811,83.2628],[-44.8941,83.0779],[-44.683,81.7289],[-50.7724,82.4971],[-49.938,81.6762],[-52.816,82.1301],[-53.6635,81.4626],[-54.5752,82.3281],[-58.1333,82.0132],[-57.4442,81.4239],[-60.8873,81.8606],[-61.1118,81.1824],[-67.1428,80.5621],[-66.8512,80.0385],[-64.6232,79.9492],[-65.4849,79.1582],[-72.5453,78.3235],[-69.9936,77.5804],[-66.1534,77.5532],[-71.4483,77.1219],[-68.3763,76.7778],[-69.0448,76.2938],[-67.6191,76.019],[-62.9162,76.3645],[-58.2285,75.6106],[-54.5582,72.8716],[-55.4766,71.4891],[-54.3816,71.3047],[-53.3229,71.8908],[-51.7201,71.5896],[-50.8245,70.2473],[-54.3735,70.7247],[-50.5726,69.8663],[-50.2788,69.1112],[-51.0052,68.5092],[-52.8425,68.5058],[-50.491,67.9726],[-50.4771,67.4822],[-52.8079,67.7748],[-53.4941,67.4735],[-53.2673,66.9224],[-52.3032,66.9095],[-53.3943,66.4518],[-51.9574,64.3766],[-50.1445,64.7393],[-51.3658,63.726],[-49.8575,62.9665],[-50.0479,62.3141],[-47.6305,60.5968],[-45.7709,61.1041],[-44.4674,59.7609],[-44.0523,60.1642],[-43.0145,59.8329],[-43.4971,60.479],[-42.7849,60.5292],[-42.2714,62.1944],[-43.226,62.6809],[-41.8344,62.6906],[-40.5162,63.7821],[-41.4841,64.2742],[-40.3553,64.427],[-41.0603,65.0375],[-39.7269,64.9965],[-39.992,65.5333],[-38.4674,65.6454],[-38.0418,66.3992],[-37.1548,66.3202],[-37.5789,65.5451],[-36.3244,65.7223],[-32.1238,67.8729],[-32.3591,68.544],[-30.305,67.9805],[-29.9945,68.3914],[-26.9636,68.5017],[-22.7323,69.7741],[-22.1575,70.0561],[-28.3845,70.458],[-27.9162,70.998],[-25.6949,71.273],[-26.7875,71.5583]]],[[[-22.1457,72.0273],[-21.8821,72.365],[-23.7984,72.6605],[-22.1457,72.0273]]],[[[-53.5515,69.2784],[-51.8129,69.6216],[-54.5937,70.2402],[-53.5515,69.2784]]]]},"properties":{"NAME":"Greenland","SUBJECTO":"Greenland","PARTOF":"Greenland","BORDERPRECISION":3,"LINK":null}},
{"type":"Feature","geometry":{"type":"MultiPolygon","coordinates":[[[[-76.1329,44.3267],[-74.7824,45.0122],[-71.5346,44.9586],[-70.5894,45.2946],[-69.0491,47.4644],[-67.7769,47.1645],[-67.1868,45.2523],[-65.7597,45.2945],[-64.7238,45.6682],[-64.7009,46.0845],[-64.2598,45.8431],[-64.9201,45.3668],[-64.5586,45.4572],[-63.3775,45.3849],[-64.1406,45.0536],[-64.4579,45.3909],[-66.193,44.4892],[-65.8408,44.6152],[-66.1895,44.1413],[-65.4671,43.518],[-64.3058,44.6152],[-63.5589,44.5132],[-60.9584,45.3005],[-61.9398,45.9215],[-62.7261,45.6802],[-64.5348,46.2717],[-64.8422,47.1242],[-65.3896,47.1303],[-64.6579,47.7785],[-65.6123,47.6634],[-66.4715,48.0994],[-64.2509,48.5545],[-64.9524,49.2073],[-68.3413,48.5465],[-71.0392,46.7359],[-69.5071,48.4592],[-67.3177,49.4253],[-66.3727,50.3139],[-59.7155,50.5115],[-58.5243,51.3795],[-56.9641,51.4884],[-55.8236,52.021],[-55.7798,53.2387],[-57.1308,53.483],[-57.5611,54.1307],[-60.246,53.2768],[-59.9915,53.8049],[-57.4329,54.5799],[-60.5745,55.071],[-60.4683,55.659],[-62.2856,56.6937],[-61.3506,57.002],[-64.3706,60.0144],[-65.5517,59.7142],[-65.9291,58.4238],[-66.4746,58.808],[-68.0046,58.1657],[-68.5694,58.7833],[-69.8942,58.6845],[-69.5363,60.9892],[-71.6734,61.2657],[-73.3946,62.355],[-75.3559,62.1816],[-77.3616,62.5175],[-78.1765,60.7418],[-77.3885,60.6943],[-77.2148,59.7475],[-78.4688,58.7095],[-76.7724,57.6625],[-76.4629,56.5714],[-77.2338,55.6065],[-79.5451,54.6919],[-78.7579,53.7488],[-78.8227,51.1614],[-79.2762,51.6042],[-79.3385,50.843],[-80.3613,51.304],[-82.3412,52.9808],[-82.2021,54.9689],[-87.4672,55.912],[-90,57.1779],[-92.4831,56.9767],[-93.0742,58.551],[-94.6838,58.8785],[-94.376,60.7951],[-91.8909,62.6036],[-92.4553,62.7941],[-90,62.9462],[-90,63.3024],[-93.3169,63.9736],[-89.8704,63.5752],[-89.9727,64.1905],[-88.3771,64.0573],[-87.1573,65.0596],[-90,65.9736],[-87.5498,65.3495],[-85.9871,66.1628],[-86.739,66.5651],[-83.7405,66.3063],[-84.7139,67.0703],[-83.1387,66.3735],[-82.33,66.6396],[-81.295,67.4987],[-82.6873,68.6975],[-81.583,68.602],[-81.4799,69.1886],[-85.1134,69.8171],[-84.6246,68.7539],[-87.3254,67.1689],[-88.4815,67.991],[-88.0974,68.8526],[-89.1404,69.2347],[-90,68.3691],[-90,69.489],[-92.6712,69.7424],[-91.6577,70.2858],[-93.2712,71.5585],[-95.2458,71.875],[-96.4226,70.093],[-92.9925,69.5146],[-92.9561,69.0843],[-94.3425,69.1119],[-93.4141,68.5425],[-95.3225,68.0603],[-95.2587,67.0284],[-96.2596,67.3151],[-96.2079,68.0736],[-97.5718,68.3699],[-98.4071,68.159],[-97.1586,67.9674],[-97.2607,67.5951],[-98.3549,67.9353],[-101.913,67.7053],[-105.912,68.3394],[-107.662,67.9626],[-107.5276,66.563],[-108.095,67.3596],[-110.1334,67.9058],[-115.5617,67.8957],[-114.1087,68.3465],[-114.8315,68.7651],[-122.3261,69.8845],[-124.2253,69.4034],[-124.9893,69.8947],[-125.4546,69.3331],[-128.4159,70.6863],[-127.9398,70.0799],[-131.673,69.2762],[-132.6904,68.4616],[-133.4132,69.137],[-129.8495,70.1507],[-135.4392,69.5263],[-135.6102,68.7038],[-141.0593,69.5955],[-140.807,60.263],[-139.0051,60.2584],[-137.2233,58.8822],[-135.2577,59.6703],[-131.7249,56.6052],[-130.1064,55.9926],[-130.0027,55.2885],[-130.0036,53.938],[-129.4339,53.5175],[-128.8141,53.7639],[-128.0596,52.4995],[-127.0373,52.4636],[-128.0129,51.8082],[-127.353,51.637],[-127.6273,51.1328],[-124.9392,50.5958],[-124.795,50.0353],[-123.212,49.6247],[-122.9003,49.0672],[-115.1646,49.0562],[-108.0673,49.0615],[-98.2009,49.0488],[-94.8198,49.0507],[-94.8273,49.4876],[-92.5561,48.2215],[-89.622,47.9684],[-88.095,49.0046],[-86.4802,48.7632],[-85.9412,48.0482],[-84.8935,47.8599],[-84.3724,46.8724],[-84.7436,46.4684],[-83.8207,46.1504],[-80.7579,45.9699],[-79.6759,44.8668],[-80.0713,44.52],[-80.9072,44.6015],[-81.698,45.2461],[-81.297,44.7131],[-82.2978,43.0287],[-83.056,42.027],[-79.0502,42.8523],[-79.14,43.2221],[-79.8961,43.2824],[-79.1529,43.7724],[-77.1754,43.8433],[-76.8808,44.0927],[-77.5398,44.0906],[-76.1329,44.3267]]],[[[-98.606,68.8631],[-96.4728,68.5143],[-95.5146,68.8087],[-97.7416,69.8316],[-99.365,68.9745],[-98.606,68.8631]]],[[[-100.7592,72.241],[-98.7181,71.3538],[-98.484,71.8924],[-97.0552,71.7153],[-96.4346,72.6984],[-98.3937,73.1306],[-97.3471,73.8911],[-100.934,73.8603],[-99.963,73.1674],[-100.8349,72.7455],[-102.2792,73.1472],[-102.6687,72.8528],[-100.7592,72.241]]],[[[-95.6145,73.3188],[-94.1086,72.222],[-94.2658,72.8527],[-92.0006,72.8411],[-90,73.9998],[-94.8682,74.1368],[-95.6145,73.3188]]],[[[-125.4596,49.1679],[-123.7191,48.4775],[-123.8614,49.158],[-125.7186,50.4094],[-128.4328,50.8269],[-125.4596,49.1679]]],[[[-132.7299,54.0667],[-132.5688,53.2795],[-131.8942,53.8942],[-132.7299,54.0667]]],[[[-111.6408,72.7253],[-113.2413,72.944],[-114.4727,72.6251],[-114.647,73.3549],[-118.3988,72.4757],[-118.9684,71.9088],[-115.517,71.4234],[-118.4988,71.0528],[-117.7607,70.7217],[-111.5437,70.3254],[-117.1929,70.123],[-116.6562,69.5159],[-113.7168,69.204],[-113.1522,68.5956],[-109.2094,68.8132],[-106.5924,69.4968],[-104.1878,68.8978],[-102.2779,68.954],[-101.8037,69.2413],[-103.3613,69.6391],[-100.9671,69.6284],[-101.0552,70.0308],[-104.5946,71.0479],[-105.6093,72.8711],[-108.1815,73.3829],[-108.0605,71.7571],[-109.29,72.8404],[-110.4546,73.0127],[-110.0794,72.5622],[-111.7255,72.3306],[-111.6408,72.7253]]],[[[-124.5773,71.8983],[-122.5744,71.146],[-115.6537,73.6325],[-121.2387,74.58],[-124.9093,74.4437],[-124.0103,73.721],[-125.9037,72.1546],[-124.5773,71.8983]]],[[[-114.948,76.4431],[-116.2964,76.2378],[-115.1503,75.7568],[-117.3966,75.4071],[-115.1859,75.1543],[-111.1497,75.3525],[-114.2173,74.8446],[-113.4428,74.546],[-106.0312,75.1056],[-105.498,75.8466],[-108.1633,76.0092],[-108.965,76.871],[-110.3825,76.4349],[-109.6459,75.6382],[-114.948,76.4431]]],[[[-122.2821,76.1506],[-120.0999,75.9781],[-118.5655,76.9466],[-117.413,76.43],[-116.3591,77.5784],[-120.183,77.2091],[-122.2821,76.1506]]],[[[-113.0243,77.6021],[-110.6197,77.5375],[-109.6612,77.9499],[-112.3957,78.0028],[-113.0243,77.6021]]],[[[-103.2325,78.2737],[-99.0494,77.9411],[-100.1632,78.7725],[-105.4515,79.4031],[-103.2325,78.2737]]],[[[-61.0466,46.6636],[-61.2485,45.7928],[-59.8866,45.9252],[-60.169,46.3143],[-61.072,45.9878],[-60.2598,46.9383],[-60.6271,47.1329],[-61.0466,46.6636]]],[[[-57.974,49.0834],[-59.1566,47.6701],[-54.7826,47.7112],[-55.9039,47.064],[-55.4079,46.9479],[-54.2114,47.8036],[-54.0824,46.9895],[-53.6437,47.1792],[-53.0696,46.7313],[-52.7352,47.5457],[-53.8817,48.1893],[-53.1239,48.5958],[-54.1296,48.8357],[-53.5091,49.2819],[-55.1073,49.2788],[-56.0671,50.1033],[-56.7326,49.6884],[-55.4716,51.5245],[-57.3556,50.5952],[-57.974,49.0834]]],[[[-87.1012,63.5447],[-85.6007,63.7476],[-85.1568,63.1847],[-83.1885,64.1818],[-82.0005,63.6328],[-80.1794,63.722],[-81.8721,63.9907],[-82.1096,64.6436],[-84.1224,65.3414],[-84.8423,65.202],[-85.5575,65.8636],[-86.0611,64.1405],[-87.1012,63.5447]]],[[[-77.1125,67.8484],[-76.8628,67.2625],[-75.1463,67.577],[-75.8847,68.3431],[-77.1125,67.8484]]],[[[-71.5355,63.3599],[-69.1553,62.4196],[-65.9403,61.79],[-68.8786,63.7503],[-67.6816,63.4527],[-67.7657,63.8025],[-64.7678,62.4774],[-65.2507,63.8716],[-64.4154,63.245],[-64.4739,63.7443],[-68.3757,66.2837],[-67.3055,65.9343],[-67.7491,66.4757],[-66.9128,66.5949],[-63.5406,64.9953],[-63.3809,65.927],[-62.8448,65.6143],[-62.0683,65.9368],[-62.6551,66.3385],[-61.2106,66.635],[-62.9914,67.1774],[-64.6138,67.1153],[-63.933,67.4126],[-64.8289,67.9533],[-66.7447,67.9273],[-68.6653,68.7161],[-68.3907,69.3337],[-66.6681,69.1861],[-68.2072,69.591],[-67.3307,70.0327],[-68.0208,70.2994],[-69.4627,69.9601],[-68.4694,70.5597],[-70.2929,70.6179],[-70.6666,71.0805],[-71.8815,70.9312],[-71.664,71.5133],[-73.2752,71.1608],[-73.886,71.665],[-75.0015,71.4526],[-74.3127,72.0394],[-75.6319,72.6109],[-77.896,72.7014],[-78.6625,71.8747],[-79.3296,72.3676],[-80.8631,72.0115],[-80.4887,73.037],[-81.9064,73.7517],[-85.5057,72.9404],[-84.4884,71.3493],[-85.891,71.1217],[-85.2431,71.4645],[-86.8554,72.8587],[-85.2542,73.7775],[-87.7426,73.7327],[-89.9972,71.5413],[-87.1688,71.0186],[-89.1498,70.9685],[-89.0185,70.6753],[-80.8294,69.7114],[-81.0128,70.1831],[-78.7129,70.0114],[-80.6605,70.7526],[-79.1011,70.6553],[-75.5517,69.2223],[-76.5464,68.7314],[-74.7523,69.043],[-73.1849,68.2958],[-72.3049,67.2636],[-74.3333,66.1626],[-73.4942,65.405],[-75.3676,65.2634],[-75.3559,64.9155],[-77.3584,65.3759],[-78.1034,64.5072],[-76.5261,64.2301],[-74.5011,64.3918],[-74.5591,64.7801],[-73.1636,64.574],[-71.5355,63.3599]]],[[[-90,75.9678],[-91.1564,75.9743],[-90,76.5908],[-93.0849,76.527],[-91.8668,74.7889],[-89.6981,74.6146],[-88.3902,74.9905],[-88.1436,74.569],[-84.5679,74.6161],[-83.4487,75.0823],[-82.373,74.5555],[-80.3493,74.6159],[-79.5766,75.3957],[-81.5316,75.8585],[-88.7627,75.4198],[-90,75.9678]]],[[[-90,82.0173],[-89.2355,80.8636],[-85.811,81.3945],[-85.5038,80.6181],[-78.9623,81.0342],[-77.5209,80.7499],[-81.7187,80.3854],[-80.7316,79.6585],[-86.1701,80.279],[-81.5972,78.7546],[-85.8068,78.9062],[-86.9172,78.2452],[-84.8434,78.1596],[-83.3188,77.374],[-87.8125,77.8756],[-87.0992,77.2807],[-89.4181,76.6103],[-85.0371,76.4069],[-84.6219,76.8917],[-80.8135,76.2377],[-77.8243,76.8876],[-82.1024,77.3161],[-78.8554,77.3738],[-78.3668,78.0329],[-76.2906,78.0107],[-74.9631,79.1223],[-77.2388,79.5827],[-73.6739,79.5177],[-74.2455,80.0427],[-70.4205,80.0504],[-65.2998,81.4584],[-67.5852,81.9613],[-61.8163,82.473],[-70.5843,83.176],[-73.2534,82.7729],[-76.3821,83.1519],[-75.9249,82.5174],[-78.6985,83.0025],[-81.5226,82.6893],[-80.0924,81.9659],[-84.9466,82.3795],[-90,82.0173]]],[[[-100.097,75.7648],[-100.3871,75.1824],[-98.1638,75.0957],[-98.6148,76.6778],[-98.9029,76.4144],[-100.6937,76.6059],[-100.0738,76.0162],[-101.7463,76.5445],[-102.5336,75.7686],[-100.097,75.7648]]],[[[-96.8095,76.9197],[-93.9376,76.3985],[-94.1951,76.8991],[-96.8095,76.9197]]],[[[-98.3432,78.8025],[-97.0868,78.0145],[-95.2325,78.1315],[-98.3432,78.8025]]],[[[-88.3364,80.1198],[-93.4347,81.4398],[-96.4334,79.9334],[-95.0394,79.3962],[-90,79.1261],[-94.1893,79.1478],[-91.4238,78.305],[-90,78.6241],[-88.9447,78.3624],[-88.6607,78.9007],[-85.2532,79.2592],[-88.1504,80.4601],[-88.3364,80.1198]]]]},"properties":{"NAME":"Canada","SUBJECTO":"Canada","PARTOF":"Canada","BORDERPRECISION":3,"LINK":null}},
{"type":"Feature","geometry":{"type":"MultiPolygon","coordinates":[[[[5.8235,49.5071],[4.8654,50.1337],[4.1563,49.9658],[2.5221,51.0911],[0.0329,49.3337],[-1.9413,49.7093],[-1.4566,48.6836],[-4.762,48.552],[-4.3502,48.3905],[-4.6754,48.0169],[-2.4655,47.4944],[-1.0752,46.0146],[-0.7285,45.0186],[-1.1752,45.5005],[-1.9146,43.3054],[-0.1656,42.6488],[3.0871,42.3686],[3.0679,42.9446],[3.8075,43.4672],[5.8286,43.0208],[7.3971,43.7641],[6.8857,43.9015],[6.9426,44.8687],[5.8234,45.3962],[5.9415,46.1755],[6.9219,47.5141],[7.5066,47.6037],[8.1583,48.9783],[6.433,49.4453],[5.8235,49.5071]]],[[[9.4322,42.7941],[8.5004,42.3598],[9.173,41.3499],[9.4322,42.7941]]]]},"properties":{"NAME":"France","SUBJECTO":"France","PARTOF":"France","BORDERPRECISION":3,"LINK":null}},
{"type":"Feature","geometry":{"type":"Polygon","coordinates":[[[5.9415,46.1755],[6.3837,46.3416],[6.7461,46.4871],[6.7765,46.4734],[6.8074,46.394],[6.9553,45.9389],[7.7899,45.927],[8.3745,46.4708],[8.8907,45.8662],[9.2101,46.4981],[9.9945,46.2525],[10.3957,46.8874],[9.5208,47.0694],[9.5393,47.4872],[8.9835,47.6796],[7.5066,47.6037],[6.9219,47.5141],[5.9415,46.1755]]]},"properties":{"NAME":"Switzerland","SUBJECTO":"Switzerland","PARTOF":"Switzerland","BORDERPRECISION":3,"LINK":null}},
{"type":"Feature","geometry":{"type":"Polygon","coordinates":[[[-57.0651,5.8374],[-58.0057,6.7886],[-58.5085,6.559],[-58.6166,7.4991],[-59.4043,8.1597],[-60.1038,6.5572],[-58.7029,2.7667],[-57.8789,2.8491],[-57.9005,1.5939],[-56.7096,1.8915],[-57.1635,3.122],[-57.9951,3.9626],[-57.0651,5.8374]]]},"properties":{"NAME":"British Guiana","SUBJECTO":"British Guiana","PARTOF":"British Guiana","BORDERPRECISION":3,"LINK":null}},
{"type":"Feature","geometry":{"type":"MultiPolygon","coordinates":[[[[-59.4043,8.1597],[-60.2125,8.5633],[-61.7647,8.5828],[-60.7927,9.3882],[-62.1033,10.0209],[-62.2969,9.7218],[-62.9519,10.4513],[-62.2897,10.7323],[-63.8566,10.7099],[-64.8837,10.1357],[-66.4781,10.6788],[-67.9796,10.5421],[-68.6946,11.3795],[-69.6289,11.5406],[-69.9735,12.2284],[-70.3393,11.9988],[-69.7478,11.5335],[-71.5482,10.9493],[-71.0144,9.6267],[-71.6047,9.0916],[-72.114,9.904],[-71.688,10.7693],[-71.9879,11.6076],[-71.1887,11.9116],[-72.051,11.7218],[-73.3368,9.1994],[-72.8776,9.2402],[-72.364,7.4693],[-71.8121,6.9703],[-70.3065,6.9729],[-69.3032,6.0061],[-67.4759,6.2077],[-67.9076,4.8319],[-67.223,3.3355],[-67.7678,2.8237],[-66.8498,1.0111],[-66.1259,0.6404],[-65.5989,0.9867],[-65.3559,0.5623],[-63.3265,2.0619],[-60.5158,2.1898],[-58.8527,1.1541],[-57.9005,1.5939],[-57.8789,2.8491],[-58.7029,2.7667],[-60.1038,6.5572],[-59.4043,8.1597]]],[[[-50.225,-1.7354],[-48.8857,-1.4211],[-48.4019,-0.3907],[-50.5014,-0.2617],[-50.6466,-1.2661],[-50.225,-1.7354]]]]},"properties":{"NAME":"Venezuela","SUBJECTO":"Venezuela","PARTOF":"Venezuela","BORDERPRECISION":3,"LINK":null}},
{"type":"Feature","geometry":{"type":"Polygon","coordinates":[[[-57.5757,-30.4029],[-56.6266,-30.2896],[-55.8741,-31.1743],[-55.4406,-30.9749],[-54.1072,-31.85],[-53.2283,-32.8165],[-53.4056,-33.8795],[-51.2324,-30.2654],[-50.5817,-30.4165],[-51.4774,-31.8235],[-48.7284,-28.3671],[-48.7245,-25.4256],[-46.2062,-23.8828],[-45.4592,-23.8558],[-44.5613,-22.9899],[-42.1384,-22.972],[-40.9835,-22.0864],[-40.9328,-21.2794],[-39.739,-19.5741],[-39.6661,-18.227],[-39.1425,-17.7747],[-38.7989,-12.6273],[-38.2661,-12.8867],[-37.1865,-10.8447],[-35.5986,-9.6276],[-34.8907,-7.6118],[-35.4644,-5.2683],[-37.1806,-4.9543],[-39.7218,-3.009],[-43.2332,-2.4193],[-44.5934,-3.1466],[-44.4617,-2.2694],[-44.7959,-1.7364],[-47.2371,-0.6804],[-48.0425,-0.8156],[-49.4228,-2.3588],[-49.2906,-1.7906],[-50.5285,-1.9331],[-50.9768,-1.1143],[-52.1435,-1.5172],[-49.8639,1.3283],[-50.6881,2.2162],[-51.3152,4.2611],[-51.6234,4.2159],[-52.8464,2.0925],[-54.3883,2.2613],[-55.9011,2.3985],[-55.7935,1.7253],[-56.7096,1.8915],[-57.9005,1.5939],[-58.8527,1.1541],[-60.5158,2.1898],[-63.3265,2.0619],[-65.3559,0.5623],[-65.5989,0.9867],[-66.1259,0.6404],[-66.8498,1.0111],[-66.6598,-2.817],[-67.2531,-2.5533],[-67.9783,-3.4103],[-69.2308,-3.4762],[-69.3626,-4.1355],[-69.9012,-4.3787],[-70.6938,-4.2999],[-72.7693,-5.1448],[-73.0619,-6.5192],[-73.89,-7.3248],[-72.9161,-9.0411],[-65.3087,-9.8157],[-65.2731,-11.3659],[-64.2614,-12.4719],[-60.4014,-13.8278],[-60.1009,-16.2785],[-58.3335,-16.3697],[-58.4017,-17.1325],[-57.5964,-18.0426],[-58.1377,-19.8118],[-57.8058,-22.154],[-55.6228,-22.4462],[-55.2347,-24.0321],[-54.2272,-24.058],[-54.5804,-25.7433],[-53.8489,-25.7518],[-53.7311,-27.2183],[-54.9113,-27.8031],[-57.5757,-30.4029]]]},"properties":{"NAME":"Kingdom of Brazil","SUBJECTO":"Portugal","PARTOF":"Kingdom of Brazil","BORDERPRECISION":3,"LINK":null}},
{"type":"Feature","geometry":{"type":"Polygon","coordinates":[[[-80.2289,-3.4712],[-80.2585,-4.414],[-79.1072,-5.0426],[-77.4052,-4.3332],[-77.3393,-4.7947],[-75.6912,-5.0584],[-74.6048,-4.3596],[-73.5922,-4.444],[-72.875,-3.3892],[-71.8624,-3.2626],[-71.0608,-3.9377],[-70.5879,-3.7909],[-70.0523,-2.8217],[-70.6941,-2.4124],[-72.9591,-2.4513],[-74.7049,-0.3769],[-76.1479,0.3455],[-77.2897,0.2624],[-78.9435,1.3808],[-80.0856,0.818],[-80.3388,-0.6632],[-80.9661,-1.0331],[-80.7776,-2.5387],[-80.3573,-2.7284],[-79.813,-2.1705],[-80.2289,-3.4712]]]},"properties":{"NAME":"Ecuador","SUBJECTO":"Ecuador","PARTOF":"Ecuador","BORDERPRECISION":3,"LINK":null}},
{"type":"Feature","geometry":{"type":"MultiPolygon","coordinates":[[[[-68.4802,-25.9393],[-69.2199,-26.0604],[-69.4671,-26.8845],[-70.2912,-26.8021],[-70.849,-27.2807],[-71.6816,-30.6],[-71.6157,-33.7057],[-73.1442,-37.1558],[-73.6903,-37.3671],[-73.1938,-39.5654],[-73.9052,-40.839],[-73.4636,-41.7868],[-72.5872,-41.6183],[-72.5297,-43.0627],[-73.082,-44.0223],[-72.5552,-44.5429],[-73.3141,-45.086],[-73.0473,-45.3765],[-73.9697,-46.7134],[-74.0875,-46.2984],[-74.4293,-46.5326],[-74.189,-45.8449],[-75.496,-46.5801],[-73.9788,-47.0317],[-74.5378,-47.7873],[-73.3605,-47.9738],[-74.2103,-48.0081],[-74.1902,-50.171],[-73.5302,-50.4329],[-74.2694,-50.9944],[-73.4081,-52.0238],[-72.4492,-52.1611],[-72.5588,-52.5726],[-71.678,-52.6439],[-72.7509,-53.1378],[-71.4425,-52.8294],[-71.8723,-53.6956],[-70.998,-53.8207],[-70.5727,-52.7082],[-69.3432,-52.2877],[-68.4559,-52.4202],[-69.5865,-52.1429],[-71.7945,-52.0884],[-72.3329,-50.6927],[-73.158,-50.855],[-73.4961,-49.5581],[-72.4584,-48.8543],[-72.3823,-47.578],[-71.7903,-47.0942],[-71.4001,-45.2789],[-71.9916,-44.895],[-71.0689,-44.6647],[-71.6735,-44.3719],[-72.089,-42.4984],[-71.4195,-39.1056],[-70.8441,-38.7265],[-71.0951,-36.8052],[-70.3907,-36.1651],[-69.8155,-34.0717],[-70.4345,-31.257],[-69.5807,-28.5286],[-68.8235,-27.2671],[-68.2492,-27.0796],[-68.4802,-25.9393]]],[[[-68.7013,-52.7201],[-69.4067,-52.5665],[-70.4647,-53.3731],[-69.5146,-53.3446],[-70.1455,-53.8057],[-69.0555,-54.602],[-70.6207,-54.5015],[-70.7215,-54.9369],[-68.7494,-54.8886],[-68.7053,-53.2346],[-68.7013,-52.7201]]],[[[-73.7713,-43.5088],[-73.6372,-41.9668],[-74.296,-43.2655],[-73.7713,-43.5088]]],[[[-73.0804,-53.032],[-72.869,-52.2813],[-73.5605,-52.2826],[-73.0804,-53.032]]]]},"properties":{"NAME":"Chile","SUBJECTO":"Chile","PARTOF":"Chile","BORDERPRECISION":3,"LINK":null}},
{"type":"Feature","geometry":{"type":"Polygon","coordinates":[[[-69.9012,-4.3787],[-70.5879,-3.7909],[-71.0608,-3.9377],[-71.8624,-3.2626],[-72.875,-3.3892],[-73.5922,-4.444],[-74.6048,-4.3596],[-75.6912,-5.0584],[-77.3393,-4.7947],[-77.4052,-4.3332],[-79.1072,-5.0426],[-80.2585,-4.414],[-80.2289,-3.4712],[-81.4133,-4.5671],[-80.8234,-5.7159],[-81.297,-6.0409],[-80.0659,-6.7563],[-79.0602,-8.2155],[-75.7853,-14.7272],[-70.4539,-18.2228],[-70.2011,-22.2175],[-67.9394,-22.0587],[-68.64,-20.4449],[-68.4329,-19.4591],[-69.4975,-17.4073],[-69.0123,-16.6167],[-69.2908,-14.9412],[-68.8362,-14.1698],[-68.9162,-13.2192],[-69.6263,-13.4306],[-70.2196,-12.178],[-73.1207,-9.4045],[-72.9161,-9.0411],[-73.89,-7.3248],[-73.0619,-6.5192],[-72.7693,-5.1448],[-70.6938,-4.2999],[-69.9012,-4.3787]]]},"properties":{"NAME":"Peru","SUBJECTO":"Peru","PARTOF":"Peru","BORDERPRECISION":3,"LINK":null}},
{"type":"Feature","geometry":{"type":"Polygon","coordinates":[[[-2.193,35.0542],[-3.009,35.39],[-4.593,35.1512],[-5.565,35.8623],[-5.9288,35.7279],[-7.004,33.875],[-9.2187,32.5804],[-9.8133,31.2891],[-9.8696,29.643],[-11.5765,28.2286],[-13.1236,27.5463],[-8.6412,27.5668],[-8.5932,28.6414],[-3.7294,30.8942],[-3.7803,31.555],[-2.8171,31.9928],[-1.2343,31.989],[-2.193,35.0542]]]},"properties":{"NAME":"Morocco","SUBJECTO":"Morocco","PARTOF":"Morocco","BORDERPRECISION":3,"LINK":null}},
{"type":"Feature","geometry":{"type":"Polygon","coordinates":[[[-88.3205,18.4944],[-88.1377,18.8944],[-87.8771,18.3809],[-87.6507,20.1899],[-86.9359,20.9764],[-87.2006,21.5289],[-90.3044,21.0521],[-90.7975,19.2486],[-91.7025,18.8235],[-91.7297,18.4157],[-92.0979,18.7596],[-94.5899,18.2712],[-96.0123,18.9293],[-97.882,22.3326],[-97.7419,24.7296],[-97.26,25.8114],[-99.1,26.4088],[-101.1966,29.4909],[-102.2372,29.7778],[-103.586,29.0569],[-104.5743,29.5797],[-105.1263,30.6146],[-106.5445,31.7021],[-108.2321,31.7243],[-108.371,31.2776],[-111.0889,31.3067],[-114.8841,32.6357],[-117.1737,32.5206],[-115.6023,29.6852],[-114.0673,28.4229],[-114.2144,27.9075],[-115.0546,27.8532],[-112.411,26.1928],[-112.0928,24.89],[-110.0036,22.8854],[-109.4886,23.5731],[-110.2049,24.3155],[-110.6557,24.2192],[-111.5938,26.7604],[-111.9149,26.6644],[-112.8699,28.3347],[-114.6828,30.1432],[-114.8387,31.8155],[-113.0521,31.1387],[-111.6916,28.4961],[-109.1888,26.4412],[-109.2627,25.6462],[-108.0775,25.0638],[-105.5399,22.2846],[-105.2161,21.3126],[-105.6873,20.4026],[-104.9479,19.4378],[-103.4939,18.3539],[-101.9926,18.0265],[-97.8809,16.052],[-96.3329,15.7502],[-94.363,16.2248],[-92.1554,14.5428],[-92.2435,15.2822],[-91.7595,16.0978],[-90,16.0978],[-90,16.8164],[-91.4772,17.2639],[-91.0278,17.2782],[-91.0099,17.8362],[-89.1543,17.8312],[-88.3205,18.4944]]]},"properties":{"NAME":"Mexico","SUBJECTO":"Mexico","PARTOF":"Mexico","BORDERPRECISION":3,"LINK":null}},
{"type":"Feature","geometry":{"type":"Polygon","coordinates":[[[31.7266,-26.1535],[31.6633,-27.0405],[32.8254,-27.1345],[32.6511,-25.839],[35.5009,-24.0852],[35.5118,-22.1848],[34.7262,-19.8604],[37.2753,-17.7132],[39.4713,-16.717],[40.5741,-15.4817],[40.8554,-14.6994],[40.3658,-12.9909],[40.524,-10.5501],[39.0648,-11.2088],[39.7433,-13.7129],[39.6383,-15.2868],[39.2186,-15.7065],[37.6447,-16.0213],[36.3856,-16.9657],[35.5462,-16.9657],[33.8123,-15.7283],[32.8912,-15.3634],[32.6346,-15.8254],[33.0864,-16.4015],[34.2698,-17.617],[34.37,-18.2185],[33.6683,-20.3237],[33.969,-23.231],[33.4678,-24.5343],[31.7635,-25.637],[31.7266,-26.1535]]]},"properties":{"NAME":"Portuguese East Africa","SUBJECTO":"Portuguese East Africa","PARTOF":"Portuguese East Africa","BORDERPRECISION":3,"LINK":null}},
{"type":"Feature","geometry":{"type":"Polygon","coordinates":[[[21.992,-28.5868],[21.538,-28.2435],[20.736,-28.7448],[19.8404,-28.4442],[19.129,-28.9476],[17.7066,-28.8731],[17.0085,-28.0719],[16.3342,-28.5608],[18.1786,-31.8053],[18.3087,-32.7075],[17.8676,-32.9944],[18.3463,-34.3472],[18.7242,-34.2193],[19.8838,-34.9923],[22.2621,-34.1675],[24.5922,-34.3598],[26.6587,-33.8471],[29.9743,-31.2743],[29.157,-30.85],[28.6918,-29.9697],[26.3847,-30.422],[25.7485,-30.5493],[24.1739,-29.5473],[23.543,-29.1458],[22.6026,-29.6631],[21.992,-28.5868]]]},"properties":{"NAME":"Cape Colony","SUBJECTO":"Cape Colony","PARTOF":"Cape Colony","BORDERPRECISION":3,"LINK":null}},
{"type":"Feature","geometry":{"type":"Polygon","coordinates":[[[29.9743,-31.2743],[31.3268,-29.5094],[31.0076,-28.7007],[30.3917,-28.4954],[29.086,-28.498],[28.6918,-29.9697],[29.157,-30.85],[29.9743,-31.2743]]]},"properties":{"NAME":"Natal","SUBJECTO":"Natal","PARTOF":"Natal","BORDERPRECISION":3,"LINK":null}},
{"type":"Feature","geometry":{"type":"Polygon","coordinates":[[[28.6918,-29.9697],[29.086,-28.498],[28.8973,-28.5073],[27.2209,-29.178],[26.3847,-30.422],[28.6918,-29.9697]]]},"properties":{"NAME":"Basutoland","SUBJECTO":"Basutoland","PARTOF":"Basutoland","BORDERPRECISION":3,"LINK":null}},
{"type":"Feature","geometry":{"type":"Polygon","coordinates":[[[31.3268,-29.5094],[32.3932,-28.3754],[31.2577,-27.6373],[30.6934,-27.5762],[30.2377,-27.5458],[30.3917,-28.4954],[31.0076,-28.7007],[31.3268,-29.5094]]]},"properties":{"NAME":"Zululand","SUBJECTO":"Zululand","PARTOF":"Zululand","BORDERPRECISION":3,"LINK":null}},
{"type":"Feature","geometry":{"type":"Polygon","coordinates":[[[31.7266,-26.1535],[31.2643,-25.6851],[30.5585,-26.84],[30.6934,-27.5762],[31.2577,-27.6373],[31.6633,-27.0405],[31.7266,-26.1535]]]},"properties":{"NAME":"Swaziland","SUBJECTO":"Swaziland","PARTOF":"Swaziland","BORDERPRECISION":3,"LINK":null}},
{"type":"Feature","geometry":{"type":"Polygon","coordinates":[[[26.3847,-30.422],[27.2209,-29.178],[28.8973,-28.5073],[29.2982,-26.9828],[28.416,-26.5016],[27.1328,-26.662],[27.213,-26.9828],[25.1278,-27.5442],[24.1739,-29.5473],[25.7485,-30.5493],[26.3847,-30.422]]]},"properties":{"NAME":"Orange Free State","SUBJECTO":"Orange Free State","PARTOF":"Orange Free State","BORDERPRECISION":3,"LINK":null}},
{"type":"Feature","geometry":{"type":"Polygon","coordinates":[[[31.2643,-25.6851],[31.8646,-24.8174],[31.8646,-22.4114],[31.5438,-21.85],[29.4586,-21.5292],[29.1378,-22.0104],[27.2451,-22.7547],[26.5265,-23.3193],[26.4239,-24.1918],[25.3684,-24.7372],[25.1278,-27.5442],[27.213,-26.9828],[27.1328,-26.662],[28.416,-26.5016],[29.2982,-26.9828],[30.5585,-26.84],[31.2643,-25.6851]]]},"properties":{"NAME":"Transvaal","SUBJECTO":"Transvaal","PARTOF":"Transvaal","BORDERPRECISION":3,"LINK":null}},
{"type":"Feature","geometry":{"type":"Polygon","coordinates":[[[24.1739,-29.5473],[25.1278,-27.5442],[23.2752,-27.3036],[21.992,-28.5868],[22.6026,-29.6631],[23.543,-29.1458],[24.1739,-29.5473]]]},"properties":{"NAME":"Griqualand West","SUBJECTO":"Griqualand West","PARTOF":"Griqualand West","BORDERPRECISION":3,"LINK":null}},
{"type":"Feature","geometry":{"type":"Polygon","coordinates":[[[27.9637,-18.3918],[26.4239,-18.5971],[25.6026,-19.675],[25.7566,-20.2909],[26.7832,-20.5989],[28.9903,-19.4697],[29.1956,-18.8537],[27.9637,-18.3918]]]},"properties":{"NAME":"Ndebele","SUBJECTO":"Ndebele","PARTOF":"Ndebele","BORDERPRECISION":3,"LINK":null}},
{"type":"Feature","geometry":{"type":"Polygon","coordinates":[[[27.5018,-22.2414],[27.5018,-21.4715],[27.0398,-21.4715],[25.3973,-22.0874],[25.0893,-22.5493],[25.8593,-23.2679],[27.5018,-22.2414]]]},"properties":{"NAME":"Ngwato","SUBJECTO":"Ngwato","PARTOF":"Ngwato","BORDERPRECISION":3,"LINK":null}},
{"type":"Feature","geometry":{"type":"Polygon","coordinates":[[[27.4765,-16.879],[28.0348,-14.9628],[27.0743,-14.1572],[24.6268,-13.9713],[23.1706,-15.1486],[23.2171,-16.8062],[24.1118,-17.6453],[26.0354,-17.733],[27.4765,-16.879]]]},"properties":{"NAME":"Lozi","SUBJECTO":"Lozi","PARTOF":"Lozi","BORDERPRECISION":3,"LINK":null}},
{"type":"Feature","geometry":{"type":"Polygon","coordinates":[[[40.524,-10.5501],[39.6576,-9.7957],[39.2701,-7.8011],[39.5664,-7.0442],[38.8724,-6.0925],[40.2713,-2.8167],[41.6099,-1.8767],[43.3326,0.4052],[41.6501,1.2008],[40.9115,0.0189],[39.8774,0.0189],[39.9512,-1.0152],[37.7352,-2.3448],[37.6614,-3.3789],[38.2523,-3.896],[37.9568,-6.7768],[36.184,-7.4416],[36.0363,-8.5496],[38.3262,-9.0666],[39.0648,-11.2088],[40.524,-10.5501]]]},"properties":{"NAME":"Sultinate of Zanzibar","SUBJECTO":"Sultinate of Zanzibar","PARTOF":"Sultinate of Zanzibar","BORDERPRECISION":3,"LINK":null}},
{"type":"Feature","geometry":{"type":"Polygon","coordinates":[[[33.8123,-15.7283],[34.1441,-14.7812],[33.6741,-13.4653],[32.8751,-12.7133],[31.7472,-12.7603],[30.6662,-13.6063],[29.9612,-14.8752],[30.1962,-16.0972],[31.7002,-16.8492],[33.0864,-16.4015],[32.6346,-15.8254],[32.8912,-15.3634],[33.8123,-15.7283]]]},"properties":{"NAME":"Shona","SUBJECTO":"Shona","PARTOF":"Shona","BORDERPRECISION":3,"LINK":null}},
{"type":"Feature","geometry":{"type":"Polygon","coordinates":[[[24.3684,-13.6533],[25.9194,-12.5253],[26.0604,-11.8673],[25.0264,-10.8334],[22.9115,-11.4914],[22.4415,-12.1023],[22.6295,-13.5593],[24.3684,-13.6533]]]},"properties":{"NAME":"Barotse","SUBJECTO":"Barotse","PARTOF":"Barotse","BORDERPRECISION":3,"LINK":null}},
{"type":"Feature","geometry":{"type":"Polygon","coordinates":[[[32.8751,1.5272],[33.3451,1.9032],[33.0631,2.5612],[32.2172,2.5612],[31.3712,2.3262],[29.8202,0.7752],[30.0082,-0.1647],[30.9012,-0.4467],[31.6532,0.7282],[32.8751,1.5272]]]},"properties":{"NAME":"Bunyoro","SUBJECTO":"Bunyoro","PARTOF":"Bunyoro","BORDERPRECISION":3,"LINK":null}},
{"type":"Feature","geometry":{"type":"Polygon","coordinates":[[[30.9012,-0.4467],[30.817,-1.1084],[31.1362,-1.4807],[32.1011,-1.4652],[33.3237,-0.113],[32.8751,1.5272],[31.6532,0.7282],[30.9012,-0.4467]]]},"properties":{"NAME":"Buganda","SUBJECTO":"Buganda","PARTOF":"Buganda","BORDERPRECISION":3,"LINK":null}},
{"type":"Feature","geometry":{"type":"Polygon","coordinates":[[[26.7798,-11.8179],[27.1911,-12.3466],[28.7185,-12.6404],[29.1885,-11.9354],[30.6572,-11.5242],[31.3034,-10.9367],[31.1272,-9.233],[29.0123,-8.1755],[27.4261,-8.293],[26.7798,-11.8179]]]},"properties":{"NAME":"Yeke","SUBJECTO":"Yeke","PARTOF":"Yeke","BORDERPRECISION":3,"LINK":null}},
{"type":"Feature","geometry":{"type":"Polygon","coordinates":[[[29.4235,-4.4744],[29.541,-6.4131],[31.0684,-8.5868],[32.3021,-8.293],[33.1834,-7.4118],[34.1821,-5.4144],[31.0684,-4.2394],[30.6572,-3.7107],[30.246,-4.2982],[29.4235,-4.4744]]]},"properties":{"NAME":"Mirambo Unyanyembe Ukimbu","SUBJECTO":"Mirambo Unyanyembe Ukimbu","PARTOF":"Mirambo Unyanyembe Ukimbu","BORDERPRECISION":3,"LINK":null}},
{"type":"Feature","geometry":{"type":"Polygon","coordinates":[[[30.6572,-3.7107],[30.7159,-3.182],[30.1872,-3.0057],[29.306,-3.8869],[29.4235,-4.4744],[30.246,-4.2982],[30.6572,-3.7107]]]},"properties":{"NAME":"Burundi","SUBJECTO":"Burundi","PARTOF":"Burundi","BORDERPRECISION":3,"LINK":null}},
{"type":"Feature","geometry":{"type":"Polygon","coordinates":[[[32.8309,-3.0057],[31.1859,-3.1232],[31.3034,-4.0632],[32.6546,-4.4157],[33.4771,-4.0632],[33.7121,-3.2407],[32.8309,-3.0057]]]},"properties":{"NAME":"Nguni","SUBJECTO":"Nguni","PARTOF":"Nguni","BORDERPRECISION":3,"LINK":null}},
{"type":"Feature","geometry":{"type":"Polygon","coordinates":[[[30.817,-1.1084],[29.776,-1.4783],[29.6585,-2.5357],[30.4222,-2.712],[31.0684,-2.3595],[31.1362,-1.4807],[30.817,-1.1084]]]},"properties":{"NAME":"Rwanda","SUBJECTO":"Rwanda","PARTOF":"Rwanda","BORDERPRECISION":3,"LINK":null}},
{"type":"Feature","geometry":{"type":"Polygon","coordinates":[[[27.661,-6.3543],[28.836,-6.3543],[28.7185,-5.2969],[28.1898,-5.0619],[28.131,-4.4744],[29.0123,-3.6519],[28.7773,-3.0057],[27.3086,-2.6532],[27.2498,-1.067],[26.3686,0.2842],[23.2549,-0.7145],[22.785,-1.3608],[24.5474,-3.3582],[24.5789,-5.2457],[25.2524,-6.1781],[26.2511,-6.5306],[27.661,-6.3543]]]},"properties":{"NAME":"Sultanate of Utetera","SUBJECTO":"Sultanate of Utetera","PARTOF":"Sultanate of Utetera","BORDERPRECISION":3,"LINK":null}},
{"type":"Feature","geometry":{"type":"Polygon","coordinates":[[[25.2524,-6.1781],[24.4887,-6.8243],[24.6649,-8.4693],[25.4874,-8.6455],[27.1323,-8.293],[27.661,-6.3543],[26.2511,-6.5306],[25.2524,-6.1781]]]},"properties":{"NAME":"Lunda","SUBJECTO":"Lunda","PARTOF":"Lunda","BORDERPRECISION":3,"LINK":null}},
{"type":"Feature","geometry":{"type":"Polygon","coordinates":[[[24.5789,-5.2457],[23.6074,-6.0019],[23.6074,-6.4131],[24.4887,-6.8243],[25.2524,-6.1781],[24.5789,-5.2457]]]},"properties":{"NAME":"Luba","SUBJECTO":"Luba","PARTOF":"Luba","BORDERPRECISION":3,"LINK":null}},
{"type":"Feature","geometry":{"type":"Polygon","coordinates":[[[22.7262,-4.7681],[22.315,-3.8282],[21.375,-3.6519],[20.905,-4.1219],[20.7288,-5.5319],[21.5513,-6.9418],[22.2562,-6.5893],[22.7262,-4.7681]]]},"properties":{"NAME":"Kuba","SUBJECTO":"Kuba","PARTOF":"Kuba","BORDERPRECISION":3,"LINK":null}},
{"type":"Feature","geometry":{"type":"Polygon","coordinates":[[[13.0231,-7.6054],[13.4768,-8.416],[13.0838,-9.2875],[13.8132,-11.6562],[12.5854,-13.4637],[12.3009,-14.5602],[14.4203,-12.6605],[14.6777,-11.7592],[14.3684,-9.6379],[14.0903,-7.7055],[13.0231,-7.6054]]]},"properties":{"NAME":"Angola","SUBJECTO":"Angola","PARTOF":"Angola","BORDERPRECISION":3,"LINK":null}},
{"type":"Feature","geometry":{"type":"Polygon","coordinates":[[[14.4203,-12.6605],[16.1464,-13.0516],[16.0877,-9.8205],[14.3684,-9.6379],[14.6777,-11.7592],[14.4203,-12.6605]]]},"properties":{"NAME":"Ovimbundu","SUBJECTO":"Ovimbundu","PARTOF":"Ovimbundu","BORDERPRECISION":3,"LINK":null}},
{"type":"Feature","geometry":{"type":"Polygon","coordinates":[[[14.3684,-9.6379],[16.0877,-9.8205],[16.9102,-9.938],[17.6151,-9.2917],[16.9102,-8.058],[15.5569,-7.7348],[14.9715,-7.7055],[14.0903,-7.7055],[14.3684,-9.6379]]]},"properties":{"NAME":"Mbailundu","SUBJECTO":"Mbailundu","PARTOF":"Mbailundu","BORDERPRECISION":3,"LINK":null}},
{"type":"Feature","geometry":{"type":"Polygon","coordinates":[[[14.0903,-7.7055],[14.9715,-7.7055],[14.568,-6.283],[13.4191,-4.5553],[12.5628,-4.2982],[11.8514,-4.71],[13.0231,-7.6054],[14.0903,-7.7055]]]},"properties":{"NAME":"Congo","SUBJECTO":"Congo","PARTOF":"Congo","BORDERPRECISION":3,"LINK":null}},
{"type":"Feature","geometry":{"type":"Polygon","coordinates":[[[14.568,-6.283],[16.0289,-4.7681],[16.3521,-4.445],[16.6752,-4.1219],[16.3814,-3.4757],[15.089,-2.8882],[14.384,-3.182],[13.4191,-4.5553],[14.568,-6.283]]]},"properties":{"NAME":"Teke","SUBJECTO":"Teke","PARTOF":"Teke","BORDERPRECISION":3,"LINK":null}},
{"type":"Feature","geometry":{"type":"Polygon","coordinates":[[[16.9102,-8.058],[17.5564,-7.7055],[17.4389,-7.1181],[18.0851,-5.8256],[17.7326,-5.1206],[16.3521,-4.445],[16.0289,-4.7681],[15.5569,-7.7348],[16.9102,-8.058]]]},"properties":{"NAME":"Yaka","SUBJECTO":"Yaka","PARTOF":"Yaka","BORDERPRECISION":3,"LINK":null}},
{"type":"Feature","geometry":{"type":"Polygon","coordinates":[[[54.9828,17.0154],[55.5611,17.9372],[56.2576,17.9768],[56.9043,18.8168],[57.8386,19.0348],[57.9313,20.4009],[58.512,20.4212],[59.8373,22.2792],[58.6285,23.4583],[56.7942,24.2676],[56.2816,25.4624],[56.1256,24.096],[58.1664,22.5577],[58.3845,21.9762],[56.1318,18.8926],[54.8834,18.1583],[54.9828,17.0154]]]},"properties":{"NAME":"Oman","SUBJECTO":"Oman","PARTOF":"Oman","BORDERPRECISION":3,"LINK":null}},
{"type":"Feature","geometry":{"type":"Polygon","coordinates":[[[56.1256,24.096],[54.9568,23.4456],[51.5054,23.3721],[50.7748,24.1544],[50.5688,23.8545],[49.7042,24.4103],[49.3954,26.0778],[48.469,26.6954],[47.4386,28.8293],[46.5092,28.9701],[46.9051,29.4376],[44.0832,30.337],[40.0291,34.391],[38.0364,34.5972],[37.2119,33.5665],[36.5248,31.1615],[36.5935,29.7873],[37.3635,27.9574],[39.7558,25.4283],[40.8573,24.9877],[41.0704,22.2627],[41.8125,21.7126],[41.9226,20.7665],[45.5572,17.2036],[45.4112,13.0904],[48.7646,14.0977],[51.9504,15.5405],[52.8943,16.61],[54.9828,17.0154],[54.8834,18.1583],[56.1318,18.8926],[58.3845,21.9762],[58.1664,22.5577],[56.1256,24.096]]]},"properties":{"NAME":"Arabia","SUBJECTO":"Arabia","PARTOF":"Arabia","BORDERPRECISION":3,"LINK":null}},
{"type":"Feature","geometry":{"type":"Polygon","coordinates":[[[56.2816,25.4624],[56.3671,26.2361],[54.276,24.1098],[51.9456,23.9455],[51.2914,24.2814],[50.9683,24.4362],[50.7748,24.1544],[51.5054,23.3721],[54.9568,23.4456],[56.1256,24.096],[56.2816,25.4624]]]},"properties":{"NAME":"Trucial Oman","SUBJECTO":"Trucial Oman","PARTOF":"Trucial Oman","BORDERPRECISION":3,"LINK":null}},
{"type":"Feature","geometry":{"type":"Polygon","coordinates":[[[51.2914,24.2814],[51.5867,25.6091],[51.217,26.0665],[50.9683,24.4362],[51.2914,24.2814]]]},"properties":{"NAME":"Qatar","SUBJECTO":"Qatar","PARTOF":"Qatar","BORDERPRECISION":3,"LINK":null}},
{"type":"Feature","geometry":{"type":"Polygon","coordinates":[[[32.648,29.8522],[32.5972,30.9639],[30.996,31.4689],[28.9664,30.7848],[25.2582,31.4379],[24.2929,31.9233],[24.292,30.4898],[25.2532,29.8983],[24.8096,27.0148],[25.6229,26.5712],[25.9186,25.6839],[24.8096,24.7227],[25.6229,22.8004],[28.5064,22.061],[28.5804,21.3216],[29.3197,21.5434],[28.6543,18.2163],[29.024,16.3679],[28.2107,16.146],[27.6931,15.1849],[27.7671,14.2976],[29.4676,12.9668],[29.6155,7.3476],[30.9464,5.2034],[32.2033,4.7598],[32.7208,9.4178],[33.8299,11.8577],[34.9759,15.7764],[36.8243,17.1072],[37.7116,16.8854],[38.9588,17.2031],[38.6417,18.0607],[37.3982,18.915],[37.1278,21.2272],[35.5759,23.2317],[35.7247,23.9118],[32.6493,28.7658],[32.3185,29.5402],[32.648,29.8522]]]},"properties":{"NAME":"Egypt","SUBJECTO":"Egypt","PARTOF":"Egypt","BORDERPRECISION":3,"LINK":null}},
{"type":"Feature","geometry":{"type":"Polygon","coordinates":[[[8.3298,32.6488],[8.9274,32.1095],[9.3271,30.1472],[10.5262,30.8013],[10.4536,31.7825],[11.5009,32.3382],[11.4707,33.1441],[10.0195,34.0815],[11.1251,35.2406],[10.5115,36.0862],[11.0238,37.0683],[10.3928,36.7166],[9.4161,37.2754],[8.6367,36.8853],[8.291,34.7695],[7.5812,34.041],[8.3298,32.6488]]]},"properties":{"NAME":"Tunisia","SUBJECTO":"Tunisia","PARTOF":"Tunisia","BORDERPRECISION":3,"LINK":null}},
{"type":"Feature","geometry":{"type":"Polygon","coordinates":[[[-1.2343,31.989],[1.366,30.9492],[4.8101,33.2632],[8.3298,32.6488],[7.5812,34.041],[8.291,34.7695],[8.6367,36.8853],[6.3229,37.0906],[5.3827,36.6745],[1.0576,36.4619],[-2.193,35.0542],[-1.2343,31.989]]]},"properties":{"NAME":"Algeria","SUBJECTO":"Algeria","PARTOF":"Algeria","BORDERPRECISION":3,"LINK":null}},
{"type":"Feature","geometry":{"type":"Polygon","coordinates":[[[12.4971,12.2187],[16.4877,12.0066],[17.7255,14.5897],[17.1873,18.249],[15.5729,18.5719],[15.1962,17.2804],[13.9047,15.935],[12.1826,15.5045],[11.5977,14.0649],[12.4971,12.2187]]]},"properties":{"NAME":"Kanem-Bornu","SUBJECTO":"Kanem-Bornu","PARTOF":"Kanem-Bornu","BORDERPRECISION":3,"LINK":null}},
{"type":"Feature","geometry":{"type":"Polygon","coordinates":[[[6.0265,8.1932],[3.4633,8.3397],[2.8774,7.7538],[3.2435,7.3144],[5.5139,6.875],[6.173,7.3876],[6.0265,8.1932]]]},"properties":{"NAME":"Ibadan","SUBJECTO":"Ibadan","PARTOF":"Ibadan","BORDERPRECISION":3,"LINK":null}},
{"type":"Feature","geometry":{"type":"Polygon","coordinates":[[[5.4195,4.9558],[6.0998,5.1905],[6.0998,5.8497],[4.6341,6.2123],[5.3834,5.6102],[5.4195,4.9558]]]},"properties":{"NAME":"Benin","SUBJECTO":"Benin","PARTOF":"Benin","BORDERPRECISION":3,"LINK":null}},
{"type":"Feature","geometry":{"type":"Polygon","coordinates":[[[3.4136,6.379],[4.0721,6.4398],[3.3168,7.0947],[2.8323,6.3511],[3.4136,6.379]]]},"properties":{"NAME":"Lagos","SUBJECTO":"Lagos","PARTOF":"Lagos","BORDERPRECISION":3,"LINK":null}},
{"type":"Feature","geometry":{"type":"Polygon","coordinates":[[[2.1737,6.2897],[2.7128,6.3457],[2.7175,6.8782],[2.1925,6.7657],[2.1737,6.2897]]]},"properties":{"NAME":"Cotonou","SUBJECTO":"Cotonou","PARTOF":"Cotonou","BORDERPRECISION":3,"LINK":null}},
{"type":"Feature","geometry":{"type":"Polygon","coordinates":[[[-0.1189,5.5729],[-0.7698,6.2408],[-1.8572,5.9033],[-2.7165,5.0399],[-2.0312,4.6982],[-0.1189,5.5729]]]},"properties":{"NAME":"Accra","SUBJECTO":"Accra","PARTOF":"Accra","BORDERPRECISION":3,"LINK":null}},
{"type":"Feature","geometry":{"type":"Polygon","coordinates":[[[-3.6678,5.2284],[-3.0914,5.1598],[-3.3196,5.8283],[-4.2945,6.2033],[-5.2394,5.1928],[-3.6678,5.2284]]]},"properties":{"NAME":"Ivory Coast","SUBJECTO":"Ivory Coast","PARTOF":"Ivory Coast","BORDERPRECISION":3,"LINK":null}},
{"type":"Feature","geometry":{"type":"Polygon","coordinates":[[[-0.1189,5.5729],[0.8026,5.7147],[0.2427,6.8782],[-0.9947,7.4782],[-2.3071,7.2907],[-2.7165,5.0399],[-1.8572,5.9033],[-0.7698,6.2408],[-0.1189,5.5729]]]},"properties":{"NAME":"Asante","SUBJECTO":"Asante","PARTOF":"Asante","BORDERPRECISION":3,"LINK":null}},
{"type":"Feature","geometry":{"type":"Polygon","coordinates":[[[-12.3103,7.6453],[-11.5689,8.5281],[-11.3814,9.5405],[-12.2439,9.8405],[-13.1783,9.0922],[-12.912,8.5574],[-13.2125,8.347],[-12.3103,7.6453]]]},"properties":{"NAME":"Sierra Leone","SUBJECTO":"Sierra Leone","PARTOF":"Sierra Leone","BORDERPRECISION":3,"LINK":null}},
{"type":"Feature","geometry":{"type":"Polygon","coordinates":[[[-12.3103,7.6453],[-9.7789,5.7069],[-9.5441,6.3907],[-9.8816,7.4407],[-10.894,7.6281],[-10.894,8.3406],[-11.5689,8.5281],[-12.3103,7.6453]]]},"properties":{"NAME":"Liberia","SUBJECTO":"Liberia","PARTOF":"Liberia","BORDERPRECISION":3,"LINK":null}},
{"type":"Feature","geometry":{"type":"Polygon","coordinates":[[[-16.7671,13.3597],[-15.453,13.3265],[-14.9722,13.2965],[-15.0023,13.7472],[-15.9186,13.7777],[-16.4709,13.7225],[-16.7671,13.3597]]]},"properties":{"NAME":"Gambia","SUBJECTO":"Gambia","PARTOF":"Gambia","BORDERPRECISION":3,"LINK":null}},
{"type":"Feature","geometry":{"type":"Polygon","coordinates":[[[-16.7671,13.3597],[-16.4245,12.2483],[-15.9938,12.2749],[-15.453,13.3265],[-16.7671,13.3597]]]},"properties":{"NAME":"Portuguese Guinea","SUBJECTO":"Portuguese Guinea","PARTOF":"Portuguese Guinea","BORDERPRECISION":3,"LINK":null}},
{"type":"Feature","geometry":{"type":"Polygon","coordinates":[[[-3.5544,13.6816],[-2.9692,15.0877],[-3.6032,16.4939],[-5.115,16.6111],[-7.0657,15.908],[-9.3837,16.0607],[-11.0062,15.4297],[-11.406,13.1543],[-10.9184,11.9239],[-9.8942,12.2754],[-8.2361,11.7481],[-6.3829,11.7481],[-3.963,13.4852],[-3.5544,13.6816]]]},"properties":{"NAME":"Tukular Caliphate","SUBJECTO":"Tukular Caliphate","PARTOF":"Tukular Caliphate","BORDERPRECISION":3,"LINK":null}},
{"type":"Feature","geometry":{"type":"Polygon","coordinates":[[[-15.9186,13.7777],[-16.0238,14.1678],[-15.9036,15.3997],[-15.3328,15.5499],[-12.7789,13.8373],[-12.0878,14.1077],[-12.4484,15.8203],[-16.1255,17.3011],[-16.6003,15.7495],[-17.4332,14.8072],[-16.4709,13.7225],[-15.9186,13.7777]]]},"properties":{"NAME":"Senegal","SUBJECTO":"Senegal","PARTOF":"Senegal","BORDERPRECISION":3,"LINK":null}},
{"type":"Feature","geometry":{"type":"Polygon","coordinates":[[[-16.0238,14.1678],[-14.852,14.1077],[-13.6202,12.966],[-13.1094,12.996],[-12.7789,13.8373],[-15.3328,15.5499],[-15.9036,15.3997],[-16.0238,14.1678]]]},"properties":{"NAME":"Futa Toro","SUBJECTO":"Futa Toro","PARTOF":"Futa Toro","BORDERPRECISION":3,"LINK":null}},
{"type":"Feature","geometry":{"type":"Polygon","coordinates":[[[-3.963,13.4852],[-3.8506,12.4608],[-3.2403,12.6486],[-3.0525,13.212],[-3.5544,13.6816],[-3.963,13.4852]]]},"properties":{"NAME":"Kong","SUBJECTO":"Kong","PARTOF":"Kong","BORDERPRECISION":3,"LINK":null}},
{"type":"Feature","geometry":{"type":"Polygon","coordinates":[[[-2.9117,13.8692],[-2.4422,13.165],[-3.2403,12.2731],[-1.6911,10.7238],[-1.8788,8.799],[-0.0949,8.3765],[1.2196,8.6582],[0.9841,10.6164],[-0.0115,11.2801],[1.3605,13.0242],[-1.0338,14.5265],[-2.9117,13.8692]]]},"properties":{"NAME":"Mossi States","SUBJECTO":"Mossi States","PARTOF":"Mossi States","BORDERPRECISION":3,"LINK":null}},
{"type":"Feature","geometry":{"type":"Polygon","coordinates":[[[-14.4136,12.6956],[-14.5075,11.6158],[-13.146,10.6769],[-12.254,10.6299],[-12.301,11.5689],[-13.146,12.367],[-14.4136,12.6956]]]},"properties":{"NAME":"Futa Jalon","SUBJECTO":"Futa Jalon","PARTOF":"Futa Jalon","BORDERPRECISION":3,"LINK":null}},
{"type":"Feature","geometry":{"type":"Polygon","coordinates":[[[-7.5124,8.846],[-7.7002,8.1418],[-6.4796,7.6254],[-5.8224,7.7192],[-5.5407,8.1887],[-4.6956,7.2028],[-3.8975,7.4845],[-4.3201,8.1887],[-4.0853,9.1746],[-5.5407,8.6112],[-6.0101,10.0196],[-6.9021,9.9727],[-7.5124,8.846]]]},"properties":{"NAME":"Second Samori Empire","SUBJECTO":"Second Samori Empire","PARTOF":"Second Samori Empire","BORDERPRECISION":3,"LINK":null}},
{"type":"Feature","geometry":{"type":"Polygon","coordinates":[[[7.0879,6.7334],[6.4776,6.4986],[6.5246,5.278],[7.041,5.7944],[7.6982,5.7944],[7.6044,6.4986],[7.0879,6.7334]]]},"properties":{"NAME":"Ato trading confederacy","SUBJECTO":"Ato trading confederacy","PARTOF":"Ato trading confederacy","BORDERPRECISION":3,"LINK":null}},
{"type":"Feature","geometry":{"type":"Polygon","coordinates":[[[9.3704,1.1707],[10.4681,1.0998],[10.9845,1.9918],[9.8943,2.1377],[9.3704,1.1707]]]},"properties":{"NAME":"Spanish Guinea","SUBJECTO":"Spanish Guinea","PARTOF":"Spanish Guinea","BORDERPRECISION":3,"LINK":null}},
{"type":"Feature","geometry":{"type":"Polygon","coordinates":[[[9.229,-1.3881],[10.7028,-0.5903],[10.0456,0.912],[9.3501,0.5352],[9.8833,0.0788],[9.4734,0.116],[8.8152,-0.8958],[9.229,-1.3881]]]},"properties":{"NAME":"Gabon","SUBJECTO":"Gabon","PARTOF":"Gabon","BORDERPRECISION":3,"LINK":null}},
{"type":"Feature","geometry":{"type":"Polygon","coordinates":[[[39.7964,15.0888],[39.1994,15.4654],[39.1055,14.7143],[39.481,14.6204],[39.7964,15.0888]]]},"properties":{"NAME":"Egypt","SUBJECTO":"Egypt","PARTOF":"Egypt","BORDERPRECISION":3,"LINK":null}},
{"type":"Feature","geometry":{"type":"Polygon","coordinates":[[[39.481,14.6204],[37.6501,14.4795],[36.899,13.4467],[34.6925,12.4608],[35.7253,9.9257],[36.2417,7.2498],[37.791,8.5173],[38.7299,11.9444],[41.1711,12.5078],[41.2181,13.0711],[40.2322,13.4937],[39.7964,15.0888],[39.481,14.6204]]]},"properties":{"NAME":"Ethiopia","SUBJECTO":"Ethiopia","PARTOF":"Ethiopia","BORDERPRECISION":3,"LINK":null}},
{"type":"Feature","geometry":{"type":"Polygon","coordinates":[[[47.3907,11.1593],[46.6773,10.7003],[44.2808,10.3965],[43.3681,11.4556],[41.9516,8.8929],[42.3624,8.6582],[45.3552,9.7732],[46.5289,9.4797],[49.6391,9.8905],[49.6472,11.3294],[47.3907,11.1593]]]},"properties":{"NAME":"Harer (Egypt)","SUBJECTO":"Harer (Egypt)","PARTOF":"Harer (Egypt)","BORDERPRECISION":3,"LINK":null}},
{"type":"Feature","geometry":{"type":"Polygon","coordinates":[[[-54.5804,-25.7433],[-54.2272,-24.058],[-55.2347,-24.0321],[-55.6228,-22.4462],[-57.8058,-22.154],[-62.61,-22.1565],[-60.8647,-23.8805],[-57.7099,-25.3359],[-58.6918,-27.3167],[-55.7318,-27.4521],[-54.5804,-25.7433]]]},"properties":{"NAME":"Paraguay","SUBJECTO":"Paraguay","PARTOF":"Paraguay","BORDERPRECISION":3,"LINK":null}},
{"type":"Feature","geometry":{"type":"Polygon","coordinates":[[[-62.61,-22.1565],[-57.8058,-22.154],[-58.1377,-19.8118],[-57.5964,-18.0426],[-58.4017,-17.1325],[-58.3335,-16.3697],[-60.1009,-16.2785],[-60.4014,-13.8278],[-64.2614,-12.4719],[-65.2731,-11.3659],[-65.3087,-9.8157],[-72.9161,-9.0411],[-73.1207,-9.4045],[-70.2196,-12.178],[-69.6263,-13.4306],[-68.9162,-13.2192],[-68.8362,-14.1698],[-69.2908,-14.9412],[-69.0123,-16.6167],[-69.4975,-17.4073],[-68.4329,-19.4591],[-68.64,-20.4449],[-67.9394,-22.0587],[-70.2011,-22.2175],[-70.849,-27.2807],[-70.2912,-26.8021],[-69.4671,-26.8845],[-69.2199,-26.0604],[-68.4802,-25.9393],[-68.4855,-24.744],[-67.2575,-24.0827],[-67.1889,-22.9835],[-66.1459,-21.9231],[-64.7556,-22.1627],[-64.2486,-22.8775],[-63.7836,-22.0745],[-62.61,-22.1565]]]},"properties":{"NAME":"Bolivia","SUBJECTO":"Bolivia","PARTOF":"Bolivia","BORDERPRECISION":3,"LINK":null}},
{"type":"Feature","geometry":{"type":"Polygon","coordinates":[[[61.2213,35.5816],[61.014,36.6366],[60.3463,36.6074],[57.2255,38.1882],[55.3557,38.0377],[54.0151,37.3483],[53.7997,36.679],[51.7955,36.4323],[48.8372,37.511],[49.5733,40.1765],[50.4668,40.3254],[49.3499,40.953],[47.5653,43.0077],[47.7361,43.8619],[47.4934,43.5832],[47.2486,42.7849],[47.9883,41.2189],[45.0312,42.772],[43.9568,42.5912],[42.8784,41.5455],[43.8473,40.75],[43.6845,40.1091],[44.6696,39.757],[44.0821,39.2945],[44.2052,37.8674],[45.3881,35.9256],[46.211,35.7838],[45.5062,33.7973],[46.124,32.772],[47.7424,31.9048],[47.6887,30.8821],[48.5536,29.9946],[49.2222,30.4775],[49.3214,30.1029],[50.1324,30.0664],[51.3501,28.0361],[53.6339,26.7479],[54.6461,26.3913],[56.4309,27.1066],[57.4649,25.7048],[61.57,25.0396],[61.6735,25.6277],[61.6804,25.6454],[61.7374,26.5435],[62.6055,26.9775],[62.0858,28.4422],[61.9724,28.4808],[61.6593,28.6568],[61.5986,28.7368],[61.501,28.8654],[60.8205,29.8333],[61.7792,30.9052],[60.7938,31.5789],[60.5401,32.9932],[60.8531,33.4838],[60.4192,34.078],[61.2213,35.5816]]]},"properties":{"NAME":"Persia","SUBJECTO":"Persia","PARTOF":"Persia","BORDERPRECISION":3,"LINK":null}},
{"type":"Feature","geometry":{"type":"MultiPolygon","coordinates":[[[[65.7247,37.4903],[64.814,38.2436],[61.5897,39.3491],[57.2255,38.1882],[60.3463,36.6074],[61.014,36.6366],[61.2213,35.5816],[62.6776,35.2655],[65.7247,37.4903]]],[[[74.7333,37.2094],[74.7029,38.5207],[73.712,38.7187],[73.8849,39.8797],[72.8487,40.6062],[71.4598,39.7381],[72.7142,37.1861],[74.7333,37.2094]]]]},"properties":{"NAME":"central Asian khanates","SUBJECTO":"central Asian khanates","PARTOF":"central Asian khanates","BORDERPRECISION":3,"LINK":null}},
{"type":"Feature","geometry":{"type":"Polygon","coordinates":[[[61.6804,25.6454],[61.8127,25.9841],[63.2405,26.6656],[62.4868,28.3059],[62.0858,28.4422],[62.6055,26.9775],[61.7374,26.5435],[61.6804,25.6454]]]},"properties":{"NAME":"India","SUBJECTO":"India","PARTOF":"India","BORDERPRECISION":3,"LINK":null}},
{"type":"Feature","geometry":{"type":"Polygon","coordinates":[[[30.4328,46.1757],[27.6478,48.7516],[26.4799,48.5858],[26.0899,48.6077],[26.1235,47.8549],[25.2459,47.6862],[26.2922,47.2136],[25.5159,45.796],[23.2545,46.0661],[22.4782,45.7285],[22.4095,44.7503],[22.694,44.2631],[22.9444,43.8954],[25.3781,43.7806],[26.6844,44.2526],[28.5101,43.7431],[29.6295,45.7504],[30.4328,46.1757]]]},"properties":{"NAME":"Romania","SUBJECTO":"Romania","PARTOF":"Romania","BORDERPRECISION":3,"LINK":null}},
{"type":"Feature","geometry":{"type":"Polygon","coordinates":[[[22.4095,44.7503],[22.1329,44.5112],[19.3532,44.8913],[19.5089,43.5755],[20.3627,42.8573],[21.0898,42.4701],[22.3384,42.6654],[22.3774,42.713],[22.4495,42.8009],[22.694,44.2631],[22.4095,44.7503]]]},"properties":{"NAME":"Serbia","SUBJECTO":"Serbia","PARTOF":"Serbia","BORDERPRECISION":3,"LINK":null}},
{"type":"Feature","geometry":{"type":"Polygon","coordinates":[[[19.5089,43.5755],[18.5617,43.6398],[18.5136,42.3621],[19.607,41.7615],[20.3627,42.8573],[19.5089,43.5755]]]},"properties":{"NAME":"Montenegro","SUBJECTO":"Montenegro","PARTOF":"Montenegro","BORDERPRECISION":3,"LINK":null}},
{"type":"Feature","geometry":{"type":"Polygon","coordinates":[[[19.3532,44.8913],[15.8276,45.2027],[16.1942,44.1932],[17.5337,42.9293],[18.5136,42.3621],[18.5617,43.6398],[19.5089,43.5755],[19.3532,44.8913]]]},"properties":{"NAME":"Bosnia-Herzegovina","SUBJECTO":"Bosnia-Herzegovina","PARTOF":"Bosnia-Herzegovina","BORDERPRECISION":3,"LINK":null}},
{"type":"Feature","geometry":{"type":"MultiPolygon","coordinates":[[[[-156.78,21.0432],[-156.5067,20.5989],[-156.1209,20.7126],[-156.78,21.0432]]],[[[-155.9466,19.9892],[-155.7828,18.9455],[-154.9477,19.4829],[-155.9313,20.2837],[-155.9466,19.9892]]],[[[-158.1517,21.2993],[-157.8416,21.2902],[-158.4663,21.5706],[-158.1517,21.2993]]]]},"properties":{"NAME":"Kingdom of Hawaii","SUBJECTO":"Kingdom of Hawaii","PARTOF":"Kingdom of Hawaii","BORDERPRECISION":3,"LINK":null}},
{"type":"Feature","geometry":{"type":"MultiPolygon","coordinates":[[[[91.6078,27.6415],[94.4117,29.1617],[95.309,29.0018],[95.9286,29.3798],[96.4553,28.8815],[96.2546,28.3853],[97.83,28.2865],[98.6372,27.4787],[98.7337,26.3432],[97.5241,24.8],[97.6952,23.8796],[98.6988,24.1465],[98.985,23.1513],[99.4689,23.1414],[99.2086,22.1494],[101.014,21.4424],[101.7038,21.3194],[101.5544,22.2837],[102.1855,22.6366],[104.4781,22.7832],[105.3134,23.296],[106.588,22.9288],[106.6734,21.9262],[107.8756,21.4621],[108.555,21.8234],[109.1174,21.399],[109.7798,21.483],[109.7116,20.5682],[110.2713,20.3153],[110.2388,21.2807],[112.7495,21.7561],[113.3777,22.1639],[113.4626,22.7739],[113.8452,22.4634],[114.5375,22.6745],[114.5587,22.4649],[114.8478,22.51],[115.3088,22.7714],[115.7067,22.6389],[117.8491,24.0471],[117.9249,24.5617],[118.8129,24.8494],[119.4286,25.6509],[119.4289,26.5908],[121.2597,28.1823],[121.7744,29.7645],[121.0825,30.2138],[119.9437,30.1162],[121.5689,30.7101],[121.2683,31.4523],[121.645,31.688],[119.0032,34.9395],[119.9138,36.1434],[122.2556,36.7337],[122.3929,37.3006],[120.6581,37.7365],[118.9546,37.0771],[118.8752,37.9494],[117.4395,38.6028],[117.7529,39.2025],[118.9776,39.2241],[121.0106,40.8507],[122.1079,40.3537],[121.0653,38.7503],[124.1339,39.8431],[126.4742,41.6515],[127.8615,41.3777],[127.984,42.1076],[129.0345,42.1774],[129.8543,42.9568],[130.2259,42.6513],[131.1396,43.2266],[130.9905,44.8174],[131.7395,45.2593],[132.989,45.1436],[134.6284,48.2131],[130.9245,47.7323],[130.3836,48.9642],[127.5159,49.8744],[125.5092,53.1568],[123.3526,53.5103],[120.7022,53.1845],[119.9427,52.591],[120.7731,52.4763],[120.746,52.0071],[119.1823,50.7017],[119.2912,50.125],[117.842,49.6338],[114.5226,50.2963],[112.5245,49.462],[110.1999,49.241],[108.4235,49.5185],[106.3229,50.4167],[103.3779,50.2173],[102.4496,50.6062],[102.1174,51.3611],[97.6101,52.1481],[97.3194,52.8265],[95.1874,53.7955],[93.5674,52.3489],[94.2104,51.3201],[93.3234,50.6206],[90,50.3067],[89.4621,49.6395],[86.9081,49.1104],[86.6243,48.5549],[85.7619,48.3614],[85.4776,47.0927],[83.2517,47.2949],[82.6019,45.2],[80.06,45.0378],[80.7721,43.3825],[80.256,42.0837],[78.1107,41.0728],[77.0204,41.1116],[76.4816,40.437],[75.43,40.6102],[73.8849,39.8797],[73.712,38.7187],[74.7029,38.5207],[74.7333,37.2094],[74.5205,37.0046],[75.6278,36.769],[76.0923,35.7984],[77.8462,35.4748],[78.1443,34.5475],[78.8067,34.1997],[78.6245,33.5042],[79.447,33.2003],[79.5653,32.7018],[78.4507,32.5828],[78.8053,31.3477],[81.0213,30.2465],[82.1417,30.3656],[86.0357,27.9103],[88.1973,27.8758],[88.6683,27.9483],[88.8026,27.181],[89.8634,28.2725],[91.6078,27.6415]]],[[[108.685,19.2956],[108.6519,18.4824],[109.4297,18.0966],[110.2625,18.6256],[110.8854,19.7068],[110.6174,20.0175],[109.5503,19.9136],[108.685,19.2956]]]]},"properties":{"NAME":"Manchu Empire","SUBJECTO":"Manchu Empire","PARTOF":"Manchu Empire","BORDERPRECISION":3,"LINK":null}},
{"type":"Feature","geometry":{"type":"Polygon","coordinates":[[[50.1085,-14.1202],[49.3866,-14.4213],[47.2018,-16.938],[47.4783,-17.8782],[46.5934,-17.8229],[46.3168,-18.2101],[46.4827,-19.261],[45.8743,-20.3119],[46.1438,-21.1279],[45.6624,-22.1474],[45.9172,-22.912],[47.642,-23.551],[49.8982,-16.4595],[49.6203,-15.4623],[50.1873,-15.9568],[50.4863,-15.4795],[50.1085,-14.1202]]]},"properties":{"NAME":"Imerina","SUBJECTO":"Imerina","PARTOF":"Imerina","BORDERPRECISION":3,"LINK":null}},
{"type":"Feature","geometry":{"type":"Polygon","coordinates":[[[50.1085,-14.1202],[49.8805,-12.9196],[49.1763,-12.2665],[48.7513,-13.4177],[48.3496,-13.838],[47.9425,-13.5847],[47.6329,-14.9836],[46.4192,-15.9395],[44.4544,-16.2424],[43.9825,-17.5018],[44.5854,-19.528],[43.2913,-22.4098],[44.0368,-24.9887],[45.2105,-25.66],[46.8551,-25.218],[47.642,-23.551],[45.9172,-22.912],[45.6624,-22.1474],[46.1438,-21.1279],[45.8743,-20.3119],[46.4827,-19.261],[46.3168,-18.2101],[46.5934,-17.8229],[47.4783,-17.8782],[47.2018,-16.938],[49.3866,-14.4213],[50.1085,-14.1202]]]},"properties":{"NAME":"Madagascar","SUBJECTO":"Madagascar","PARTOF":"Madagascar","BORDERPRECISION":3,"LINK":null}},
{"type":"Feature","geometry":{"type":"Polygon","coordinates":[[[2.1925,6.7657],[2.2562,8.7911],[1.4266,8.6805],[1.3159,7.7955],[0.6522,7.6296],[0.7628,6.9659],[1.3159,7.0765],[1.3418,6.1798],[2.1737,6.2897],[2.1925,6.7657]]]},"properties":{"NAME":"Dahomey","SUBJECTO":"Dahomey","PARTOF":"Dahomey","BORDERPRECISION":3,"LINK":null}},
{"type":"Feature","geometry":{"type":"Polygon","coordinates":[[[11.5977,14.0649],[11.1063,16.1503],[9.4381,17.0113],[9.4919,17.98],[9.1152,18.3029],[7.8237,18.7334],[7.6084,18.4105],[6.3707,18.6257],[4.9177,16.8499],[3.5724,16.6884],[1.4641,13.6723],[2.3669,13.3819],[2.5328,12.6076],[4.8005,10.9483],[4.6899,9.2889],[4.3581,8.9017],[6.0265,8.1932],[6.9786,7.2412],[8.5166,7.5341],[9.2489,7.2412],[9.6151,7.8271],[11.0066,8.0468],[11.8122,8.9988],[12.4713,8.8524],[13.2037,11.1959],[12.4971,12.2187],[11.5977,14.0649]]]},"properties":{"NAME":"Sokoto Caliphate","SUBJECTO":"Sokoto Caliphate","PARTOF":"Sokoto Caliphate","BORDERPRECISION":3,"LINK":null}},
{"type":"Feature","geometry":{"type":"Polygon","coordinates":[[[1.4641,13.6723],[1.7278,12.6694],[0.7628,11.5014],[1.7584,10.5611],[1.5372,8.9571],[2.432,8.9731],[4.6899,9.2889],[4.8005,10.9483],[2.5328,12.6076],[2.3669,13.3819],[1.4641,13.6723]]]},"properties":{"NAME":"Borgu States","SUBJECTO":"Borgu States","PARTOF":"Borgu States","BORDERPRECISION":3,"LINK":null}},
{"type":"Feature","geometry":{"type":"Polygon","coordinates":[[[6.0265,8.1932],[4.3581,8.9017],[4.6899,9.2889],[2.432,8.9731],[3.4633,8.3397],[6.0265,8.1932]]]},"properties":{"NAME":"Oyo","SUBJECTO":"Oyo","PARTOF":"Oyo","BORDERPRECISION":3,"LINK":null}},
{"type":"Feature","geometry":{"type":"Polygon","coordinates":[[[9.2839,4.0173],[9.3361,5.2512],[8.2851,5.2512],[8.263,4.7459],[8.8747,4.6201],[9.2839,4.0173]]]},"properties":{"NAME":"Calabar","SUBJECTO":"Calabar","PARTOF":"Calabar","BORDERPRECISION":3,"LINK":null}},
{"type":"Feature","geometry":{"type":"Polygon","coordinates":[[[7.8883,4.4528],[7.0683,5.3065],[6.7364,4.864],[7.8883,4.4528]]]},"properties":{"NAME":"Opobo","SUBJECTO":"Opobo","PARTOF":"Opobo","BORDERPRECISION":3,"LINK":null}},
{"type":"Feature","geometry":{"type":"Polygon","coordinates":[[[-9.8942,12.2754],[-10.4231,11.6628],[-11.4559,11.3341],[-11.0334,9.0807],[-9.625,8.8929],[-9.625,7.7662],[-8.8739,8.0009],[-8.3105,7.7192],[-7.7002,8.1418],[-7.5124,8.846],[-7.2307,10.4891],[-5.9162,11.475],[-6.3829,11.7481],[-8.2361,11.7481],[-9.8942,12.2754]]]},"properties":{"NAME":"First Samori Empire","SUBJECTO":"First Samori Empire","PARTOF":"First Samori Empire","BORDERPRECISION":3,"LINK":null}},
{"type":"Feature","geometry":{"type":"Polygon","coordinates":[[[-61.6867,17.0244],[-61.7944,17.1633],[-61.8872,17.1053],[-61.6867,17.0244]]]},"properties":{"NAME":"Antigua and Barbuda","SUBJECTO":"Antigua and Barbuda","PARTOF":"Antigua and Barbuda","BORDERPRECISION":3,"LINK":null}},
{"type":"Feature","geometry":{"type":"Polygon","coordinates":[[[128.824,-24.9351],[128.9704,-14.9227],[128.4589,-14.8864],[128.0661,-15.3767],[127.5291,-14.1955],[126.8534,-13.7838],[126.546,-14.3502],[126.2684,-14.0711],[125.8632,-14.6949],[125.1557,-14.8045],[125.1091,-15.6247],[124.4245,-15.6579],[124.3378,-16.262],[124.8463,-16.53],[123.5758,-16.3908],[123.912,-16.9749],[123.4187,-17.5799],[122.7383,-16.5833],[122.0855,-17.3984],[122.1965,-18.2437],[120.8721,-19.6769],[116.4188,-20.8371],[114.4563,-22.0937],[114.232,-22.6155],[113.9006,-22.0377],[113.3792,-24.6136],[114.1808,-26.2714],[113.8807,-26.509],[113.3212,-25.6903],[113.7394,-26.6665],[113.0351,-26.1627],[114.6304,-28.903],[115.677,-31.9279],[115.6467,-33.3654],[114.9858,-33.7547],[115.0469,-34.4225],[116.2514,-35.1007],[117.7933,-35.2123],[119.7715,-34.1202],[123.3586,-34.0428],[124.2484,-33.1441],[125.6419,-32.5624],[128.7219,-31.9172],[128.824,-24.9351]]]},"properties":{"NAME":"Western Australia (UK)","SUBJECTO":"United Kingdom of Great Britain and Ireland","PARTOF":"United Kingdom of Great Britain and Ireland","BORDERPRECISION":3,"LINK":null}},
{"type":"Feature","geometry":{"type":"Polygon","coordinates":[[[141.0559,-38.3769],[143.3648,-38.9697],[144.9698,-38.0658],[146.5259,-39.1806],[146.2992,-38.8935],[148.7534,-38.0053],[147.7137,-35.9119],[144.7289,-35.9623],[143.1432,-34.6429],[141.0193,-33.9979],[141.0559,-38.3769]]]},"properties":{"NAME":"Victoria (UK)","SUBJECTO":"United Kingdom of Great Britain and Ireland","PARTOF":"United Kingdom of Great Britain and Ireland","BORDERPRECISION":3,"LINK":null}},
{"type":"Feature","geometry":{"type":"Polygon","coordinates":[[[140.9764,-28.8594],[149.0196,-28.8843],[149.5792,-28.4205],[151.0094,-28.5571],[151.6313,-29.0204],[152.1909,-28.8299],[152.0044,-28.3932],[153.3972,-28.1323],[152.8314,-25.4715],[150.8025,-23.5999],[150.6936,-22.6781],[149.5568,-22.4326],[149.1015,-21.0601],[148.567,-20.6543],[148.7037,-20.2026],[146.3218,-19.0823],[145.1843,-15.0476],[144.3854,-14.3691],[143.7432,-14.4658],[142.6443,-11.0927],[142.1257,-11.1574],[141.6934,-12.3788],[141.7113,-15.2267],[140.8009,-17.5618],[139.8183,-17.761],[138.0741,-16.6957],[137.8985,-24.9351],[137.8776,-25.9193],[140.9514,-25.869],[140.9764,-28.8594]]]},"properties":{"NAME":"Queensland (UK)","SUBJECTO":"United Kingdom of Great Britain and Ireland","PARTOF":"United Kingdom of Great Britain and Ireland","BORDERPRECISION":3,"LINK":null}},
{"type":"Feature","geometry":{"type":"Polygon","coordinates":[[[141.0193,-33.9979],[143.1432,-34.6429],[144.7289,-35.9623],[147.7137,-35.9119],[148.7534,-38.0053],[149.8571,-37.6344],[150.2215,-35.6941],[152.834,-31.7683],[153.3972,-28.1323],[152.0044,-28.3932],[152.1909,-28.8299],[151.6313,-29.0204],[151.0094,-28.5571],[149.5792,-28.4205],[149.0196,-28.8843],[140.9764,-28.8594],[141.0193,-33.9979]]]},"properties":{"NAME":"New South Wales (UK)","SUBJECTO":"United Kingdom of Great Britain and Ireland","PARTOF":"United Kingdom of Great Britain and Ireland","BORDERPRECISION":3,"LINK":null}},
{"type":"Feature","geometry":{"type":"Polygon","coordinates":[[[137.8985,-24.9351],[138.0741,-16.6957],[135.3881,-14.897],[135.8806,-14.203],[135.8309,-13.4848],[136.4691,-13.2228],[136.7911,-12.3703],[136.4345,-12.1168],[136.0912,-12.5752],[135.649,-12.1884],[135.1285,-12.3866],[132.3838,-11.2992],[132.0246,-11.4779],[132.7331,-12.1947],[131.0283,-12.2683],[129.4266,-14.3059],[129.8486,-14.8199],[129.6323,-15.278],[128.9704,-14.9227],[128.824,-24.9351],[137.8985,-24.9351]]]},"properties":{"NAME":"Northern Territory (UK)","SUBJECTO":"United Kingdom of Great Britain and Ireland","PARTOF":"United Kingdom of Great Britain and Ireland","BORDERPRECISION":3,"LINK":null}},
{"type":"Feature","geometry":{"type":"Polygon","coordinates":[[[-61.3636,15.1981],[-61.2533,15.4614],[-61.4522,15.6319],[-61.3636,15.1981]]]},"properties":{"NAME":"Dominica","SUBJECTO":"Dominica","PARTOF":"Dominica","BORDERPRECISION":3,"LINK":null}},
{"type":"Feature","geometry":{"type":"Polygon","coordinates":[[[-60.8608,14.4028],[-60.9408,14.7408],[-61.1747,14.8769],[-60.8608,14.4028]]]},"properties":{"NAME":"France","SUBJECTO":"France","PARTOF":"France","BORDERPRECISION":3,"LINK":null}},
{"type":"Feature","geometry":{"type":"Polygon","coordinates":[[[-62.1714,16.6714],[-62.2019,16.8136],[-62.2367,16.7119],[-62.1714,16.6714]]]},"properties":{"NAME":"Montserrat","SUBJECTO":"Montserrat","PARTOF":"Montserrat","BORDERPRECISION":3,"LINK":null}},
{"type":"Feature","geometry":{"type":"Polygon","coordinates":[[[-63.1678,18.1644],[-62.9931,18.2272],[-62.9725,18.2767],[-63.1678,18.1644]]]},"properties":{"NAME":"Anguilla","SUBJECTO":"Anguilla","PARTOF":"Anguilla","BORDERPRECISION":3,"LINK":null}},
{"type":"Feature","geometry":{"type":"Polygon","coordinates":[[[-62.7017,17.3369],[-62.8639,17.3708],[-62.6253,17.2208],[-62.7017,17.3369]]]},"properties":{"NAME":"Saint Kitts and Nevis","SUBJECTO":"Saint Kitts and Nevis","PARTOF":"Saint Kitts and Nevis","BORDERPRECISION":3,"LINK":null}},
{"type":"Feature","geometry":{"type":"Polygon","coordinates":[[[-64.7619,17.7742],[-64.8961,17.6767],[-64.5603,17.7483],[-64.7619,17.7742]]]},"properties":{"NAME":"United States Virgin Islands","SUBJECTO":"United States Virgin Islands","PARTOF":"United States Virgin Islands","BORDERPRECISION":3,"LINK":null}},
{"type":"Feature","geometry":{"type":"Polygon","coordinates":[[[-61.3461,16.3342],[-61.7836,16.3331],[-61.695,15.9492],[-61.3461,16.3342]]]},"properties":{"NAME":"Guadeloupe","SUBJECTO":"Guadeloupe","PARTOF":"Guadeloupe","BORDERPRECISION":3,"LINK":null}},
{"type":"Feature","geometry":{"type":"Polygon","coordinates":[[[-68.9656,12.1989],[-69.1636,12.3664],[-69.0625,12.1883],[-68.7469,12.0403],[-68.9656,12.1989]]]},"properties":{"NAME":"Netherlands Antilles","SUBJECTO":"Netherlands Antilles","PARTOF":"Netherlands Antilles","BORDERPRECISION":3,"LINK":null}},
{"type":"Feature","geometry":{"type":"Polygon","coordinates":[[[-63.0115,18.0673],[-63.0392,18.1219],[-63.1398,18.0586],[-63.0115,18.0673]]]},"properties":{"NAME":"Saint Martin","SUBJECTO":"Saint Martin","PARTOF":"Saint Martin","BORDERPRECISION":3,"LINK":null}},
{"type":"Feature","geometry":{"type":"Polygon","coordinates":[[[-63.1398,18.0586],[-63.0283,18.0156],[-63.0115,18.0673],[-63.1398,18.0586]]]},"properties":{"NAME":"Saint Barthelemy","SUBJECTO":"Saint Barthelemy","PARTOF":"Saint Barthelemy","BORDERPRECISION":3,"LINK":null}},
{"type":"Feature","geometry":{"type":"MultiPolygon","coordinates":[[[[-79.0502,42.8523],[-81.8108,41.4948],[-83.0273,41.4439],[-83.4499,41.7539],[-83.056,42.027],[-82.2978,43.0287],[-82.8356,44.0345],[-83.8745,43.6845],[-83.2605,45.0238],[-84.7468,45.8544],[-83.8207,46.1504],[-84.7436,46.4684],[-88.4838,46.81],[-87.8812,47.4617],[-90.2766,46.625],[-90.8844,46.604],[-90.8318,46.944],[-92.2655,46.6505],[-89.622,47.9684],[-92.5561,48.2215],[-94.8273,49.4876],[-94.8198,49.0507],[-98.2009,49.0488],[-108.0673,49.0615],[-115.1646,49.0562],[-122.9003,49.0672],[-122.3453,48.0767],[-122.7483,47.2622],[-123.072,48.1667],[-124.7334,48.3269],[-123.7871,46.2985],[-124.6297,43.014],[-124.3648,40.3343],[-123.7963,39.0304],[-122.7586,37.9568],[-122.4898,38.1645],[-122.1192,37.5359],[-122.5521,37.843],[-122.4941,37.3008],[-120.6773,35.1893],[-120.6879,34.6217],[-118.6044,34.0964],[-117.4967,33.3254],[-117.1737,32.5206],[-114.8841,32.6357],[-111.0889,31.3067],[-108.371,31.2776],[-108.2321,31.7243],[-106.5445,31.7021],[-105.1263,30.6146],[-104.5743,29.5797],[-103.586,29.0569],[-102.2372,29.7778],[-101.1966,29.4909],[-99.1,26.4088],[-97.26,25.8114],[-97.5678,27.9089],[-96.6845,28.2477],[-96.7166,28.7118],[-95.6028,28.7987],[-94.8446,29.3463],[-95.007,29.7582],[-92.1167,29.5416],[-91.951,29.832],[-91.2404,29.3209],[-90,29.1087],[-90,29.5014],[-89.2715,29.058],[-89.677,29.5912],[-89.38,29.8734],[-90,30.0387],[-90,30.39],[-88.1418,30.328],[-88.0346,30.6794],[-87.7746,30.2628],[-86.3887,30.4727],[-85.3048,29.6639],[-83.8862,30.0483],[-82.647,28.9065],[-82.8413,27.838],[-82.4293,27.8261],[-82.7527,27.5276],[-81.7447,25.9207],[-80.4908,24.9959],[-80.0779,26.9231],[-81.4054,30.0726],[-81.182,31.6404],[-78.8989,33.702],[-76.3058,34.9788],[-76.9535,35.0291],[-76.4843,35.3341],[-77.0533,35.58],[-76.141,35.3845],[-75.7292,35.8821],[-76.7269,35.9918],[-76.7098,36.3533],[-75.7933,36.1369],[-75.9575,36.7682],[-75.5221,35.8584],[-75.9746,36.9372],[-76.9419,37.2864],[-76.2831,37.0558],[-76.885,38.0672],[-76.4162,37.7053],[-76.2152,37.9426],[-77.2464,38.6993],[-76.324,38.1088],[-76.5866,39.3109],[-75.9401,39.6464],[-76.3535,38.7349],[-75.64,38.0049],[-75.8566,37.2248],[-75.0421,38.4975],[-75.6238,39.6732],[-75.3395,39.893],[-74.8601,38.9902],[-74.1528,39.7652],[-73.9457,40.4468],[-74.2929,40.6316],[-73.89,41.1744],[-73.993,40.7807],[-71.4492,41.4251],[-71.373,41.8371],[-71.1732,41.5265],[-69.922,41.7236],[-71.0544,42.357],[-70.5363,43.4042],[-68.7817,44.6272],[-68.5043,44.2972],[-67.1689,44.7112],[-67.1868,45.2523],[-67.7769,47.1645],[-69.0491,47.4644],[-70.5894,45.2946],[-71.5346,44.9586],[-74.7824,45.0122],[-76.1329,44.3267],[-76.2092,43.5647],[-76.9375,43.237],[-79.14,43.2221],[-79.0502,42.8523]],[[-87.6051,41.8768],[-87.9084,43.1918],[-87.3433,44.8177],[-87.9496,44.7699],[-86.9952,45.8638],[-86.6402,45.6198],[-85.1365,46.0321],[-84.9519,45.4082],[-85.5384,44.7515],[-85.5434,45.2118],[-86.072,44.8652],[-86.4534,44.1299],[-86.3718,42.2482],[-87.0251,41.6861],[-87.6051,41.8768]]],[[[-141.0593,69.5955],[-143.3076,70.1968],[-151.915,70.4958],[-152.9712,70.934],[-156.138,70.9281],[-156.9047,71.3459],[-160.2403,70.8585],[-159.9047,70.4269],[-162.1772,70.2842],[-164.0672,69.0647],[-166.2968,68.8796],[-166.8435,68.4052],[-163.7387,67.2183],[-160.0323,66.5676],[-162.7585,66.0628],[-164.4631,66.5962],[-168.1798,65.6939],[-165.6633,65.2465],[-166.6038,65.1501],[-166.3477,64.6371],[-163.0252,64.4417],[-161.2906,64.9641],[-160.7897,64.6403],[-161.133,63.5628],[-163.3086,63.0377],[-164.2918,63.2498],[-166.1895,61.7489],[-165.8981,61.2703],[-163.52,60.7063],[-164.8447,60.8159],[-165.0476,60.4165],[-164.0274,59.7982],[-162.3781,60.1631],[-161.9382,58.7233],[-160.4305,59.0022],[-158.9327,58.4328],[-158.6362,58.971],[-157.1394,58.8558],[-158.6173,56.7481],[-160.6074,55.9619],[-159.0769,55.992],[-154.6493,58.0765],[-153.4886,58.7945],[-154.2982,59.1174],[-153.976,59.5192],[-150.3112,61.3139],[-149.3169,60.9294],[-151.1596,60.6597],[-151.881,59.1635],[-149.5812,59.9852],[-148.4935,59.904],[-148.8397,60.5451],[-147.9401,61.2059],[-144.4064,60.0926],[-139.5726,59.9],[-139.7851,59.5184],[-137.085,58.4468],[-136.3561,58.5239],[-136.9388,58.9432],[-135.3003,58.3745],[-135.3086,59.347],[-132.101,56.3494],[-132.2556,55.85],[-131.1905,56.0348],[-130.5457,54.9097],[-130.0027,55.2885],[-130.1064,55.9926],[-131.7249,56.6052],[-135.2577,59.6703],[-137.2233,58.8822],[-139.0051,60.2584],[-140.807,60.263],[-141.0593,69.5955]]],[[[-72.2786,41.1172],[-74.0325,40.6258],[-73.5828,40.5961],[-71.8561,41.0692],[-72.6211,40.913],[-72.2786,41.1172]]],[[[-132.1772,55.2848],[-133.4856,56.2583],[-132.1738,54.8463],[-132.1772,55.2848]]],[[[-163.5674,55.0218],[-164.9488,54.4274],[-163.2064,54.7372],[-163.5674,55.0218]]],[[[-160.3913,55.5622],[-161.6089,55.8446],[-162.5462,55.1453],[-160.3913,55.5622]]],[[[-170.9681,63.6517],[-172.0523,63.5995],[-169.9031,63.0752],[-169.1192,63.2407],[-170.9681,63.6517]]],[[[-154.342,57.4873],[-154.5926,57.1448],[-153.8778,56.9413],[-152.3783,57.5184],[-153.1778,57.8253],[-154.342,57.4873]]],[[[-136.4182,58.1112],[-135.8164,57.4542],[-135.8217,57.7555],[-135.147,57.5992],[-135.3249,58.0927],[-136.4182,58.1112]]]]},"properties":{"NAME":"United States of America","SUBJECTO":"United States of America","PARTOF":"United States of America","BORDERPRECISION":3,"LINK":null}},
{"type":"Feature","geometry":{"type":"MultiPolygon","coordinates":[[[[7.3971,43.7641],[8.6717,44.4174],[9.9093,44.1105],[11.1048,42.5491],[15.6662,40.0919],[16.2122,38.778],[15.6275,38.0042],[16.0529,37.9312],[17.1807,39.0222],[16.5321,39.6975],[16.9487,40.4811],[18.3649,39.7467],[18.5226,40.0941],[15.991,41.4061],[16.1874,41.8409],[14.7385,42.0472],[13.6009,43.5348],[12.6972,43.9348],[12.1804,45.2703],[13.5643,45.7263],[13.5689,46.5104],[12.0748,46.9275],[11.5709,45.9754],[10.7946,45.6378],[10.3957,46.8874],[9.9945,46.2525],[9.2101,46.4981],[8.8907,45.8662],[8.3745,46.4708],[7.7899,45.927],[6.9553,45.9389],[6.8074,46.394],[6.3837,46.3416],[5.9415,46.1755],[5.8234,45.3962],[6.9426,44.8687],[6.8857,43.9015],[7.3971,43.7641]]],[[[13.0116,37.5249],[15.0273,36.7451],[15.4537,38.1674],[12.7828,38.1174],[12.4541,37.766],[13.0116,37.5249]]],[[[8.3742,39.3078],[8.8196,38.9769],[9.6483,39.4572],[9.7937,40.5637],[9.3062,41.1844],[8.1595,40.7847],[8.3742,39.3078]]]]},"properties":{"NAME":"Italy","SUBJECTO":"Italy","PARTOF":"Italy","BORDERPRECISION":3,"LINK":null}},
{"type":"Feature","geometry":{"type":"Polygon","coordinates":[[[10.3957,46.8874],[10.7946,45.6378],[11.5709,45.9754],[12.0748,46.9275],[13.5689,46.5104],[13.5643,45.7263],[13.8951,44.7592],[14.6244,45.2746],[15.4123,43.9348],[17.5337,42.9293],[16.1942,44.1932],[15.8276,45.2027],[19.3532,44.8913],[22.1329,44.5112],[22.4095,44.7503],[22.4782,45.7285],[23.2545,46.0661],[25.5159,45.796],[26.2922,47.2136],[25.2459,47.6862],[26.1235,47.8549],[26.0899,48.6077],[26.4799,48.5858],[26.2547,49.7504],[24.4044,50.6343],[22.4828,50.3717],[21.9078,50.8122],[20.2706,50.1042],[18.7691,50.177],[17.7507,50.036],[16.8856,50.4877],[16.728,50.1486],[16.3531,50.7049],[14.2617,51.0447],[12.2354,50.2408],[13.9467,48.6551],[12.6942,48.1294],[12.9789,47.5079],[12.3582,47.7243],[10.1029,47.301],[9.6655,47.5562],[9.5393,47.4872],[9.5208,47.0694],[10.3957,46.8874]]]},"properties":{"NAME":"Austria Hungary","SUBJECTO":"Austria Hungary","PARTOF":"Austria Hungary","BORDERPRECISION":3,"LINK":null}},
{"type":"Feature","geometry":{"type":"Polygon","coordinates":[[[-82.9575,8.0472],[-81.6643,8.1646],[-80.8138,7.2701],[-80.4058,7.2988],[-79.9712,7.5579],[-80.4246,8.1924],[-79.3206,9.0401],[-77.7942,8.1793],[-78.3271,8.0889],[-77.3222,6.5435],[-77.4445,4.1791],[-77.106,3.7922],[-77.8021,2.5769],[-78.6095,2.3654],[-78.4918,1.9208],[-79.0139,1.7735],[-78.9435,1.3808],[-77.2897,0.2624],[-76.1479,0.3455],[-74.7049,-0.3769],[-72.9591,-2.4513],[-70.6941,-2.4124],[-70.0523,-2.8217],[-70.5879,-3.7909],[-69.9012,-4.3787],[-69.3626,-4.1355],[-69.2308,-3.4762],[-67.9783,-3.4103],[-67.2531,-2.5533],[-66.6598,-2.817],[-66.8498,1.0111],[-67.7678,2.8237],[-67.223,3.3355],[-67.9076,4.8319],[-67.4759,6.2077],[-69.3032,6.0061],[-70.3065,6.9729],[-71.8121,6.9703],[-72.364,7.4693],[-72.8776,9.2402],[-73.3368,9.1994],[-72.051,11.7218],[-71.1887,11.9116],[-71.6979,12.4281],[-73.3623,11.325],[-74.2189,11.3676],[-74.449,10.7697],[-74.7163,11.0615],[-75.2264,10.8252],[-75.7027,9.426],[-76.8425,8.5592],[-76.8582,7.93],[-78.2665,9.3855],[-79.5004,9.6384],[-81.1684,8.8278],[-82.2296,9.0465],[-82.5599,9.5831],[-82.9066,9.5186],[-82.9575,8.0472]]]},"properties":{"NAME":"Colombia","SUBJECTO":"Colombia","PARTOF":"Colombia","BORDERPRECISION":3,"LINK":null}},
{"type":"Feature","geometry":{"type":"Polygon","coordinates":[[[22.694,44.2631],[22.4495,42.8009],[22.3774,42.713],[24.2178,42.2815],[27.4958,42.4183],[28.5101,43.7431],[26.6844,44.2526],[25.3781,43.7806],[22.9444,43.8954],[22.694,44.2631]]]},"properties":{"NAME":"Bulgaria","SUBJECTO":"Bulgaria","PARTOF":"Bulgaria","BORDERPRECISION":3,"LINK":null}},
{"type":"Feature","geometry":{"type":"MultiPolygon","coordinates":[[[[50.7748,24.1544],[50.9683,24.4362],[49.9369,25.9558],[50.1218,26.7376],[48.855,27.5227],[48.1291,29.2682],[47.614,29.2722],[47.9572,29.9476],[48.5536,29.9946],[47.6887,30.8821],[47.7424,31.9048],[46.124,32.772],[45.5062,33.7973],[46.211,35.7838],[45.3881,35.9256],[44.2052,37.8674],[44.0821,39.2945],[44.6696,39.757],[43.6845,40.1091],[43.8473,40.75],[42.8784,41.5455],[41.484,41.4365],[40.361,40.9634],[38.314,40.9209],[36.3829,41.2375],[35.0019,42.0432],[33.1555,41.9496],[31.2177,41.0541],[29.1612,41.2164],[29.3204,40.7411],[29.8827,40.7464],[28.9016,40.6201],[29.0524,40.3347],[27.0561,40.4297],[26.186,39.9972],[26.0641,39.4555],[26.9575,39.5483],[26.6022,39.2557],[27.0349,38.8211],[26.3932,38.1044],[27.1398,37.8891],[27.3081,36.9207],[27.9988,36.9094],[28.0142,36.5272],[29.0023,36.6948],[29.4719,36.0907],[30.3949,36.118],[30.9053,36.7942],[33.1713,35.9709],[34.4851,36.6268],[36.0824,36.6215],[35.6649,36.1335],[35.8731,34.4223],[34.5007,31.6211],[33.7096,30.9957],[32.5972,30.9639],[32.648,29.8522],[34.058,27.7903],[35.0734,29.4189],[34.7639,28.0967],[36.6693,26.0168],[37.2015,24.6583],[38.4901,23.6127],[39.1667,21.2188],[40.6938,19.8687],[42.7637,16.6455],[43.3408,13.1267],[44.0627,12.6136],[45.4112,13.0904],[45.5572,17.2036],[41.9226,20.7665],[41.8125,21.7126],[41.0704,22.2627],[40.8573,24.9877],[39.7558,25.4283],[37.3635,27.9574],[36.5935,29.7873],[36.5248,31.1615],[37.2119,33.5665],[38.0364,34.5972],[40.0291,34.391],[44.0832,30.337],[46.9051,29.4376],[46.5092,28.9701],[47.4386,28.8293],[48.469,26.6954],[49.3954,26.0778],[49.7042,24.4103],[50.5688,23.8545],[50.7748,24.1544]]],[[[24.2929,31.9233],[23.1533,32.1388],[22.5431,32.7221],[21.0545,32.6301],[20.0684,32.0371],[19.9815,30.7217],[18.915,30.2049],[15.8433,31.285],[15.0098,32.3634],[11.4707,33.1441],[11.5009,32.3382],[10.4536,31.7825],[10.5262,30.8013],[9.3271,30.1472],[11.3531,28.6414],[11.427,27.6802],[10.0222,25.536],[10.244,24.7227],[11.7967,24.1312],[13.1275,25.0185],[14.0887,24.5749],[13.793,22.8743],[14.6063,22.5046],[18.5989,23.6137],[20.1516,27.6063],[21.0388,28.4935],[22.1479,28.4935],[24.8096,27.0148],[25.2532,29.8983],[24.292,30.4898],[24.2929,31.9233]]],[[[20.3627,42.8573],[19.607,41.7615],[19.3691,40.2603],[20.3407,39.3151],[21.3917,40.3193],[22.4921,40.4983],[22.8519,40.6513],[23.2605,39.9709],[23.6386,39.9603],[23.2918,40.2873],[23.9066,39.9972],[23.6272,40.3453],[24.2954,40.1765],[23.6347,40.7728],[25.0189,41.0171],[26.5565,40.4983],[26.1409,40.0447],[27.4742,40.9628],[28.8278,40.9147],[29.0811,41.2005],[28.1044,41.593],[27.4958,42.4183],[24.2178,42.2815],[22.3774,42.713],[22.3384,42.6654],[21.0898,42.4701],[20.3627,42.8573]]],[[[24.7156,35.0348],[26.1605,35.0243],[26.2735,35.3127],[23.5294,35.5696],[23.5131,35.276],[24.7156,35.0348]]],[[[33.4839,34.7958],[34.4582,35.6446],[32.1437,35.0425],[32.8167,34.5386],[33.4839,34.7958]]]]},"properties":{"NAME":"Ottoman Empire","SUBJECTO":"Ottoman Empire","PARTOF":"Ottoman Empire","BORDERPRECISION":3,"LINK":null}},
{"type":"Feature","geometry":{"type":"MultiPolygon","coordinates":[[[[20.3407,39.3151],[21.1595,39.0048],[20.7718,38.8509],[21.1724,38.3478],[23.1163,38.1574],[21.9058,38.2697],[21.2211,37.8284],[21.7809,36.8225],[22.9826,36.6148],[22.6423,37.5849],[23.4181,37.4693],[22.8981,37.9],[23.4193,38.0681],[23.9182,37.6846],[23.9607,38.2099],[22.4905,38.8769],[22.8509,39.3661],[23.2361,39.2032],[22.4921,40.4983],[21.3917,40.3193],[20.3407,39.3151]]],[[[23.2424,39.0441],[22.8699,38.8372],[24.5272,37.9674],[23.2424,39.0441]]]]},"properties":{"NAME":"Greece","SUBJECTO":"Greece","PARTOF":"Greece","BORDERPRECISION":3,"LINK":null}},
{"type":"Feature","geometry":{"type":"Polygon","coordinates":[[[14.5622,35.8203],[14.3264,35.9789],[14.375,35.8475],[14.5622,35.8203]]]},"properties":{"NAME":"Malta","SUBJECTO":"Malta","PARTOF":"Malta","BORDERPRECISION":3,"LINK":null}},
{"type":"Feature","geometry":{"type":"Polygon","coordinates":[[[88.8026,27.181],[88.6683,27.9483],[88.1973,27.8758],[88.0922,26.4445],[87.3493,26.385],[85.3714,26.757],[84.1361,27.5382],[82.8118,27.5382],[80.1159,28.8403],[81.0213,30.2465],[78.8053,31.3477],[78.4507,32.5828],[79.5653,32.7018],[79.447,33.2003],[78.6245,33.5042],[78.8067,34.1997],[78.1443,34.5475],[77.8462,35.4748],[76.0923,35.7984],[75.6278,36.769],[74.5205,37.0046],[71.6495,36.3336],[71.1535,34.1384],[69.87,33.9408],[70.2892,33.2831],[69.5079,32.9486],[69.2064,31.798],[66.9208,31.2074],[66.0906,29.7361],[62.9464,29.3563],[60.8205,29.8333],[61.501,28.8654],[61.5986,28.7368],[61.6593,28.6568],[61.9724,28.4808],[62.0858,28.4422],[62.4868,28.3059],[63.2405,26.6656],[61.8127,25.9841],[61.6804,25.6454],[61.6735,25.6277],[61.57,25.0396],[66.4323,25.4886],[67.3159,24.0929],[68.7908,23.0287],[70.3806,22.8606],[69.9685,22.3515],[68.8942,22.2857],[70.8551,20.6508],[72.1209,21.1553],[72.233,22.0196],[72.6956,22.1285],[73.1129,20.8271],[72.8534,19.2447],[73.5727,16.0379],[76.7035,8.7064],[77.3414,8.0533],[79.1596,9.2772],[79.2225,10.1922],[79.7899,10.2506],[79.7107,11.4449],[80.3135,13.1045],[80.3002,15.6457],[82.0814,16.4627],[85.1132,19.4423],[86.6324,20.2036],[86.9372,21.2884],[88.053,21.9387],[88.2996,21.5518],[88.5676,21.8954],[88.8809,21.5149],[89.4566,21.9417],[89.6702,21.7198],[90,22.561],[91.4102,22.7208],[92.1763,20.8866],[93.416,19.9428],[93.815,19.2576],[93.4579,19.1742],[93.9656,19.1944],[94.2474,18.5788],[94.4649,17.2643],[94.1444,16.0057],[94.8193,16.2105],[95.3298,15.6779],[96.6629,16.6972],[96.7704,17.3327],[97.5732,16.4451],[98.8674,11.645],[98.3979,10.5639],[98.5932,10.1205],[99.5811,11.8887],[99.003,13.8862],[98.137,15.1896],[98.8236,16.3177],[97.2749,18.5036],[97.3724,20.7798],[98.1962,21.6085],[97.6952,23.8796],[97.5241,24.8],[98.7337,26.3432],[98.6372,27.4787],[97.83,28.2865],[96.2546,28.3853],[96.4553,28.8815],[95.9286,29.3798],[95.309,29.0018],[94.4117,29.1617],[91.6078,27.6415],[91.9089,26.8053],[89.8344,26.6854],[88.8026,27.181]]]},"properties":{"NAME":"British Raj","SUBJECTO":"United Kingdom","PARTOF":"British Raj","BORDERPRECISION":3,"LINK":null}},
{"type":"Feature","geometry":{"type":"MultiPolygon","coordinates":[[[[18.1478,56.9119],[19.0047,57.9086],[18.1192,57.5311],[18.1478,56.9119]]],[[[20.3442,79.7963],[21.9708,79.7829],[20.9983,79.1911],[23.8205,79.1475],[27.1968,79.9444],[24.4214,80.4373],[23.1154,80.0963],[23.2164,80.6108],[22.1977,80.1233],[19.9154,80.6334],[18.3306,79.8824],[20.3442,79.7963]]],[[[13.3967,79.4337],[13.2522,79.8007],[11.2843,79.7071],[13.0621,78.3468],[15.0839,78.7807],[16.617,78.4673],[13.9051,77.9999],[16.7116,77.7886],[14.4846,77.3709],[16.913,76.7189],[20.9081,78.8094],[16.3263,80.0251],[16.1332,79.1364],[14.8101,79.8037],[13.3967,79.4337]]],[[[31.0538,69.6396],[28.7301,70.1359],[30.2519,70.1311],[30.462,70.5373],[28.7948,70.8648],[27.8754,70.4251],[27.9475,71.0174],[25.263,70.1065],[25.8321,70.8978],[23.2036,69.9428],[22.3064,70.2156],[20.1965,69.3177],[20.2864,69.7859],[19.58,69.1811],[18.3191,69.3594],[16.4116,67.8742],[15.9197,68.049],[13.3832,66.679],[13.581,66.1881],[11.3641,64.416],[5.1011,61.6986],[5.0962,60.2641],[6.1854,59.8243],[5.0866,59.5092],[6.2375,59.2837],[6.0936,58.798],[5.4746,58.9755],[5.6155,58.4552],[6.9586,57.9717],[8.1537,58.0895],[10.5697,59.5805],[12.8716,56.5115],[12.8024,55.3529],[14.1172,55.3471],[14.6529,56.1206],[15.7705,56.0332],[16.6587,57.443],[16.4429,58.6344],[18.6113,59.3333],[17.5749,59.2141],[16.5232,59.5825],[18.0301,59.3593],[19.0436,59.7124],[17.1885,60.6743],[17.2902,62.4407],[20.7007,63.8181],[22.4898,65.8834],[23.9477,65.7967],[23.4877,67.8343],[21.1333,68.7092],[21.246,69.2275],[24.8007,68.429],[26.5073,69.8125],[29.1133,69.486],[28.6972,68.6955],[31.0538,69.6396]],[[14.005,59.0682],[12.3347,58.3738],[13.1549,59.3529],[14.005,59.0682]]]]},"properties":{"NAME":"Sweden–Norway","SUBJECTO":"Sweden–Norway","PARTOF":"Sweden–Norway","BORDERPRECISION":3,"LINK":null}},
{"type":"Feature","geometry":{"type":"MultiPolygon","coordinates":[[[[10.1417,54.3368],[9.5439,55.3513],[10.74,55.067],[10.627,55.617],[9.6901,55.6049],[10.8887,56.3687],[9.3701,56.8823],[9.3119,56.4811],[8.1245,56.2075],[8.884,54.2294],[10.1417,54.3368]]],[[[12.12,54.806],[11.713,54.942],[11.964,54.562],[12.12,54.806]]],[[[8.3589,57.0227],[8.4709,56.5969],[8.847,56.9863],[10.2566,57.0059],[10.5581,57.7451],[8.3589,57.0227]]],[[[11.9073,55.0213],[12.444,55.9677],[11.1019,55.6337],[11.9073,55.0213]]]]},"properties":{"NAME":"Denmark","SUBJECTO":"Denmark","PARTOF":"Denmark","BORDERPRECISION":3,"LINK":null}},
{"type":"Feature","geometry":{"type":"Polygon","coordinates":[[[102.0738,6.1542],[101.428,6.8282],[100.5396,7.0487],[99.8373,9.2265],[99.1956,9.2378],[99.0713,9.8983],[100.04,13.3947],[100.9087,13.4473],[100.8716,12.6785],[102.6641,12.3325],[102.3685,13.4043],[102.8484,14.0931],[103.2555,14.3369],[104.3927,14.3817],[105.0565,14.2395],[105.4744,14.7247],[104.5842,17.3296],[103.8077,18.3474],[103.2245,18.4392],[102.6615,17.8454],[101.8646,18.1074],[101.3368,17.5772],[100.8884,17.6],[101.0971,19.5507],[100.3871,19.6735],[100.4353,20.0358],[100.0012,20.4587],[101.014,21.4424],[99.2086,22.1494],[99.4689,23.1414],[98.985,23.1513],[98.6988,24.1465],[97.6952,23.8796],[98.1962,21.6085],[97.3724,20.7798],[97.2749,18.5036],[98.8236,16.3177],[98.137,15.1896],[99.003,13.8862],[99.5811,11.8887],[98.5932,10.1205],[98.1952,8.3271],[98.8895,8.0172],[100.1587,6.3401],[100.6174,6.4223],[101.0764,5.5313],[101.3117,5.8346],[101.7626,5.5862],[102.0738,6.1542]]]},"properties":{"NAME":"Rattanakosin Kingdom","SUBJECTO":"Rattanakosin Kingdom","PARTOF":"Rattanakosin Kingdom","BORDERPRECISION":3,"LINK":null}},
{"type":"Feature","geometry":{"type":"MultiPolygon","coordinates":[[[[124.1339,39.8431],[125.2961,39.3643],[124.7697,37.9359],[125.2694,37.4847],[125.5617,37.8355],[125.909,37.5115],[126.5399,37.6814],[126.8658,37.2669],[126.8464,36.7525],[126.5025,37.0528],[126.1289,36.7517],[126.873,36.0547],[126.2492,35.1167],[126.6597,34.8128],[126.2894,34.7422],[126.4783,34.3453],[129.1369,35.1122],[129.5883,36.0076],[129.4336,37.0589],[128.3636,38.6252],[127.2769,39.2217],[127.6715,39.8664],[129.4778,40.682],[129.6413,41.6558],[130.4351,42.2768],[130.2259,42.6513],[129.8543,42.9568],[129.0345,42.1774],[127.984,42.1076],[127.8615,41.3777],[126.4742,41.6515],[124.1339,39.8431]]],[[[126.5994,33.2333],[126.898,33.5233],[126.1583,33.3147],[126.5994,33.2333]]]]},"properties":{"NAME":"Korea","SUBJECTO":"Korea","PARTOF":"Korea","BORDERPRECISION":3,"LINK":null}},
{"type":"Feature","geometry":{"type":"Polygon","coordinates":[[[6.433,49.4453],[8.1583,48.9783],[7.5066,47.6037],[8.9835,47.6796],[9.1181,47.6785],[9.2161,47.671],[9.6655,47.5562],[10.1029,47.301],[12.3582,47.7243],[12.9789,47.5079],[12.6942,48.1294],[13.9467,48.6551],[12.2354,50.2408],[14.2617,51.0447],[16.3531,50.7049],[16.728,50.1486],[16.8856,50.4877],[17.7507,50.036],[18.7691,50.177],[18.0861,52.3918],[18.9912,53.1305],[20.4774,53.1305],[22.8066,53.8076],[22.7935,54.9024],[20.9454,56.07],[21.1373,54.8455],[19.9426,54.8499],[20.3267,54.564],[19.3281,54.1615],[19.7577,54.4592],[18.6731,54.2551],[18.2794,54.7241],[14.4729,53.8768],[14.5371,53.5382],[12.9431,54.347],[10.8589,53.8772],[11.0386,54.3133],[10.1417,54.3368],[8.884,54.2294],[9.125,53.7905],[8.175,53.3217],[7.1656,53.5917],[7.1599,53.164],[7.0677,52.2186],[5.9794,51.8035],[5.9996,50.7416],[6.1085,50.1175],[6.433,49.4453]]]},"properties":{"NAME":"Germany","SUBJECTO":"Germany","PARTOF":"Germany","BORDERPRECISION":3,"LINK":null}},
{"type":"Feature","geometry":{"type":"MultiPolygon","coordinates":[[[[72.7142,37.1861],[71.4598,39.7381],[72.8487,40.6062],[73.8849,39.8797],[75.43,40.6102],[76.4816,40.437],[77.0204,41.1116],[78.1107,41.0728],[80.256,42.0837],[80.7721,43.3825],[80.06,45.0378],[82.6019,45.2],[83.2517,47.2949],[85.4776,47.0927],[85.7619,48.3614],[86.6243,48.5549],[86.9081,49.1104],[89.4621,49.6395],[90,50.3067],[93.3234,50.6206],[94.2104,51.3201],[93.5674,52.3489],[95.1874,53.7955],[97.3194,52.8265],[97.6101,52.1481],[102.1174,51.3611],[102.4496,50.6062],[103.3779,50.2173],[106.3229,50.4167],[108.4235,49.5185],[110.1999,49.241],[112.5245,49.462],[114.5226,50.2963],[117.842,49.6338],[119.2912,50.125],[119.1823,50.7017],[120.746,52.0071],[120.7731,52.4763],[119.9427,52.591],[120.7022,53.1845],[123.3526,53.5103],[125.5092,53.1568],[127.5159,49.8744],[130.3836,48.9642],[130.9245,47.7323],[134.6284,48.2131],[132.989,45.1436],[131.7395,45.2593],[130.9905,44.8174],[131.1396,43.2266],[130.2259,42.6513],[130.4351,42.2768],[131.8652,43.2904],[131.6746,43.0266],[132.1818,43.1946],[132.9528,42.6695],[134.5686,43.2122],[140.081,48.5026],[141.1212,53.0516],[139.378,54.0804],[137.0713,53.4895],[137.3829,53.8098],[136.3507,53.7012],[136.4916,54.4555],[135.0945,54.4328],[134.9852,54.8539],[142.8459,59.2725],[145.4041,59.3255],[145.957,58.9829],[146.3074,59.286],[148.4161,59.0974],[149.7296,59.5953],[151.5236,59.3439],[151.3545,58.6911],[154.9059,59.1028],[153.943,59.5688],[156.8252,61.5628],[160.1183,61.7513],[160.1188,60.5636],[162.7488,61.609],[162.9902,62.3261],[165.0672,62.4357],[164.0083,62.1309],[163.3293,60.6949],[158.3263,58.0268],[156.7769,57.5805],[155.6276,56.2679],[155.7108,53.8049],[156.8246,51.0041],[158.258,52.0171],[158.4614,52.826],[159.8969,53.2406],[160.0274,54.1533],[161.8759,54.5641],[161.5027,55.2874],[162.3176,56.2401],[163.166,56.1065],[162.5124,57.0335],[163.0784,57.6265],[161.9892,57.7199],[161.8044,58.1017],[163.3887,59.8141],[164.1105,60.0782],[164.5846,59.6647],[166.2034,60.3526],[166.0272,59.7087],[168.6708,60.4546],[170.0601,59.8818],[176.832,62.6764],[178.7377,62.2993],[179.2422,62.5257],[178.1473,64.1566],[175.8998,64.5474],[175.9651,64.9037],[178.0044,64.5477],[180,64.9535],[180,65.0689],[180,68.9801],[170.4517,70.0192],[170.8328,68.9219],[169.3886,68.7175],[167.3201,69.6586],[166.3092,69.3783],[162.1178,69.5586],[160.8623,69.0831],[158.4087,70.8142],[152.134,70.6644],[148.7109,71.6294],[149.5303,72.0274],[146.9151,72.2019],[144.8013,71.5911],[145.6,72.4262],[141.4084,72.7873],[138.9693,72.2105],[139.8479,72.2356],[139.7445,71.4036],[138.4461,71.6103],[137.6297,71.0754],[135.8606,71.5434],[134.2414,71.2619],[132.5538,71.809],[130.7793,70.6783],[126.1113,72.2804],[128.5249,72.9523],[127.7196,73.4015],[124.2222,73.6969],[122.8824,72.7528],[120.5785,72.8351],[116.6711,73.6192],[113.547,73.2009],[113.2216,73.7481],[110.5513,74.0384],[109.9906,73.44],[105.2788,72.7515],[113.625,75.2727],[113.533,76.0937],[109.6564,76.6913],[106.404,76.4323],[107.1603,76.9491],[104.7046,76.9275],[105.4495,77.4491],[103.9466,77.5922],[99.4672,75.9669],[94.6943,76.1836],[87.4875,74.9609],[87.1397,73.6041],[86.1235,73.4511],[86.4921,73.8738],[80.6201,73.4965],[80.9823,72.447],[83.5611,71.6244],[83.3707,70.3373],[82.6755,70.8421],[82.0456,70.4189],[82.8184,71.6463],[79.2226,72.2713],[76.3329,71.7197],[78.6085,70.8499],[75.6706,71.1991],[75.0161,72.7188],[74.9212,72.0287],[73.2169,71.4577],[73.9145,69.1543],[77.406,68.9356],[77.4832,67.8025],[78.4779,67.4785],[77.0907,67.5277],[77.0398,68.4638],[75.5372,68.7749],[72.2088,66.1735],[69.1726,66.5483],[71.5441,66.7141],[73.3936,68.3824],[71.7976,71.4318],[72.8527,72.6439],[69.3431,72.8343],[66.6702,70.8661],[66.8844,69.6231],[69.109,68.8303],[68.3846,68.1793],[65.3554,69.1834],[61.03,69.7406],[60.9341,68.8151],[59.7623,68.2974],[58.7704,68.856],[53.6257,68.0477],[53.5024,68.8163],[46.4021,66.7186],[44.8712,67.3124],[46.6341,67.7005],[45.8634,68.3833],[43.8532,68.4692],[44.0294,66.0112],[42.2108,66.41],[39.9513,65.5812],[40.3222,64.4629],[36.8839,65.0677],[36.9967,64.4066],[38.0539,64.1293],[37.4105,63.7495],[34.8846,64.3668],[34.5437,66.0008],[32.2194,66.9937],[38.7821,66.0015],[40.8364,66.5614],[40.9734,67.5344],[35.4366,69.1504],[33.3156,69.0713],[32.0716,69.8835],[31.0538,69.6396],[28.6972,68.6955],[29.1133,69.486],[26.5073,69.8125],[24.8007,68.429],[21.246,69.2275],[21.1333,68.7092],[23.4877,67.8343],[23.9477,65.7967],[25.1036,65.5401],[25.3251,64.8024],[21.0618,62.6117],[21.5602,60.5125],[23.2014,59.8185],[28.5215,60.6233],[28.5694,60.1984],[30.1266,59.806],[29.0761,59.9078],[27.702,59.2975],[25.4488,59.494],[23.4158,59.119],[23.6709,58.2414],[24.4968,58.2132],[24.2663,57.0301],[23.4145,56.8924],[22.5636,57.6156],[21.6773,57.4637],[20.9454,56.07],[22.7935,54.9024],[22.8066,53.8076],[20.4774,53.1305],[18.9912,53.1305],[18.0861,52.3918],[18.7691,50.177],[20.2706,50.1042],[21.9078,50.8122],[22.4828,50.3717],[24.4044,50.6343],[26.2547,49.7504],[26.4799,48.5858],[27.6478,48.7516],[30.4328,46.1757],[31.9513,46.8646],[32.2022,46.1704],[33.5279,46.1341],[32.5032,45.4451],[33.3979,45.2527],[33.3955,44.6005],[34.0137,44.4921],[36.521,45.3883],[35.0634,45.3401],[33.8391,46.1931],[39.1599,47.2689],[37.7571,46.6032],[38.459,46.0789],[36.9599,45.2274],[41.4097,42.7882],[41.484,41.4365],[42.8784,41.5455],[43.9568,42.5912],[45.0312,42.772],[47.9883,41.2189],[47.2486,42.7849],[47.4934,43.5832],[46.81,44.5363],[47.6282,45.7322],[48.7702,45.8851],[51.1171,47.063],[53.1852,46.8652],[52.8435,45.5075],[53.2841,45.3276],[51.5127,45.3726],[51.0991,44.878],[51.5757,44.5543],[50.3258,44.3655],[50.9552,44.2036],[51.4228,43.1696],[52.7626,42.7559],[52.97,41.1382],[53.0657,42.0289],[53.7362,42.1343],[54.8281,40.9849],[53.8416,40.6401],[53.0562,41.052],[52.8263,40.4677],[52.9891,39.9314],[53.6883,39.9792],[53.7937,39.4908],[53.2094,39.4046],[54.0714,38.8969],[54.0151,37.3483],[55.3557,38.0377],[57.2255,38.1882],[61.5897,39.3491],[64.814,38.2436],[65.7247,37.4903],[67.9654,36.8344],[70.2214,37.528],[70.8914,38.3722],[71.4441,37.834],[71.5245,36.7143],[72.7142,37.1861]],[[30.2927,61.0051],[29.8551,61.2712],[30.852,61.775],[32.5269,61.1175],[32.5839,60.2089],[31.1063,59.9277],[30.2927,61.0051]],[[78.8229,46.7948],[79.2451,46.6452],[78.4451,46.2972],[75.4633,46.6706],[74.278,46.0041],[74.1,44.9889],[73.4367,45.6095],[74.6254,46.7521],[78.2971,46.4686],[78.8229,46.7948]],[[109.9554,55.6722],[109.5379,54.1162],[108.5321,53.5134],[108.9311,53.3444],[106.3139,52.3231],[105.7977,51.7011],[103.7449,51.6686],[105.1651,51.9059],[106.5374,52.7059],[108.2235,53.9761],[109.2387,55.5747],[109.9554,55.6722]],[[36.4056,61.4107],[35.8551,60.8705],[34.8285,61.0386],[35.6114,61.1974],[33.944,62.5005],[34.5914,62.0965],[34.532,62.5463],[35.0749,62.0536],[35.5672,62.2871],[34.5325,62.9157],[35.7712,62.4959],[36.4056,61.4107]]],[[[142.697,47.3623],[142.854,49.1277],[143.5984,49.2336],[144.5399,48.7533],[143.0742,51.2676],[142.6749,53.5402],[141.767,53.2723],[141.5982,52.2167],[142.1529,50.89],[141.8983,45.9148],[142.6148,46.7128],[143.3034,46.0112],[143.4448,46.5717],[142.697,47.3623]]],[[[56.1515,71.271],[55.8162,73.3073],[53.5023,73.1366],[51.5335,71.6579],[54.3535,71.198],[53.7286,70.7651],[54.9983,70.5217],[57.2378,70.691],[56.1515,71.271]]],[[[56.652,74.6934],[54.0176,73.7336],[56.9604,73.3571],[58.8506,74.6894],[67.7225,76.1745],[68.6683,76.8678],[59.0176,75.7989],[56.652,74.6934]]],[[[-174.3711,66.9437],[-174.1933,66.288],[-175.514,67.6688],[-180,68.9801],[-180,65.2592],[-178.9751,66.0514],[-178.6535,65.5399],[-176.5285,65.6096],[-175.3009,64.7257],[-173.077,64.384],[-172.4112,65.1727],[-173.0431,65.8062],[-171.2003,65.5612],[-171.6686,65.8892],[-170.9762,65.6784],[-169.8324,66.0246],[-171.958,66.9557],[-174.3711,66.9437]]],[[[60.5461,69.7991],[59.0331,70.4789],[58.4214,70.2647],[60.5461,69.7991]]],[[[50.1825,69.0955],[48.9433,69.5069],[48.2178,68.8883],[50.1825,69.0955]]],[[[143.1419,73.6414],[141.1297,73.8778],[139.6766,73.3655],[143.2274,73.2042],[143.1419,73.6414]]],[[[147.1655,75.3614],[146.415,75.5861],[146.0808,75.2147],[148.2561,74.7892],[150.6297,74.8897],[150.8736,75.1569],[147.1655,75.3614]]],[[[139.7678,75.9736],[138.7333,76.2161],[137.0719,75.7253],[138.1392,74.7778],[143.6444,74.9236],[142.6125,75.0997],[142.1552,75.3755],[142.6667,75.7275],[142.9036,75.1339],[144.3972,75.0558],[145.2003,75.5972],[141.3566,76.1805],[140.9111,75.6086],[139.7678,75.9736]]],[[[-178.23,71.4755],[-180,71.5358],[-180,70.9972],[-177.6339,71.1122],[-178.23,71.4755]]],[[[71.2761,73.2831],[70.2014,73.4583],[69.8664,73.0328],[71.2761,73.2831]]],[[[179.7847,70.9397],[180,70.9972],[180,71.5359],[178.6177,71.05],[179.7847,70.9397]]],[[[107.4378,53.1025],[107.7953,53.393],[106.9625,53.0233],[107.4378,53.1025]]]]},"properties":{"NAME":"Russian Empire","SUBJECTO":"Russian Empire","PARTOF":"Russian Empire","BORDERPRECISION":3,"LINK":null}},
{"type":"Feature","geometry":{"type":"Polygon","coordinates":[[[-170.5503,-14.2983],[-170.54,-14.2839],[-170.5608,-14.2878],[-170.5503,-14.2983]]]},"properties":{"NAME":"American Samoa","SUBJECTO":"American Samoa","PARTOF":"American Samoa","BORDERPRECISION":3,"LINK":null}},
{"type":"Feature","geometry":{"type":"Polygon","coordinates":[[[-170.7494,-14.3739],[-170.5656,-14.2558],[-170.8261,-14.325],[-170.7494,-14.3739]]]},"properties":{"NAME":"American Samoa","SUBJECTO":"American Samoa","PARTOF":"American Samoa","BORDERPRECISION":3,"LINK":null}},
{"type":"Feature","geometry":{"type":"Polygon","coordinates":[[[-169.5095,-14.2767],[-169.4395,-14.2317],[-169.5339,-14.2297],[-169.5095,-14.2767]]]},"properties":{"NAME":"American Samoa","SUBJECTO":"American Samoa","PARTOF":"American Samoa","BORDERPRECISION":3,"LINK":null}},
{"type":"Feature","geometry":{"type":"Polygon","coordinates":[[[-169.6314,-14.1908],[-169.6261,-14.1669],[-169.6447,-14.1761],[-169.6314,-14.1908]]]},"properties":{"NAME":"American Samoa","SUBJECTO":"American Samoa","PARTOF":"American Samoa","BORDERPRECISION":3,"LINK":null}},
{"type":"Feature","geometry":{"type":"Polygon","coordinates":[[[-169.687,-14.1919],[-169.6622,-14.175],[-169.6909,-14.1675],[-169.687,-14.1919]]]},"properties":{"NAME":"American Samoa","SUBJECTO":"American Samoa","PARTOF":"American Samoa","BORDERPRECISION":3,"LINK":null}},
{"type":"Feature","geometry":{"type":"Polygon","coordinates":[[[-178.7056,-20.6708],[-178.7306,-20.6461],[-178.7372,-20.6661],[-178.7056,-20.6708]]]},"properties":{"NAME":"Fiji","SUBJECTO":"Fiji","PARTOF":"Fiji","BORDERPRECISION":3,"LINK":null}},
{"type":"Feature","geometry":{"type":"Polygon","coordinates":[[[-178.2039,-19.8275],[-178.2217,-19.8511],[-178.2017,-19.8436],[-178.2039,-19.8275]]]},"properties":{"NAME":"Fiji","SUBJECTO":"Fiji","PARTOF":"Fiji","BORDERPRECISION":3,"LINK":null}},
{"type":"Feature","geometry":{"type":"Polygon","coordinates":[[[-178.3928,-19.1306],[-178.4186,-19.185],[-178.3914,-19.1761],[-178.3928,-19.1306]]]},"properties":{"NAME":"Fiji","SUBJECTO":"Fiji","PARTOF":"Fiji","BORDERPRECISION":3,"LINK":null}},
{"type":"Feature","geometry":{"type":"Polygon","coordinates":[[[179.7583,-19.1303],[179.7402,-19.1881],[179.7747,-19.1975],[179.7583,-19.1303]]]},"properties":{"NAME":"Fiji","SUBJECTO":"Fiji","PARTOF":"Fiji","BORDERPRECISION":3,"LINK":null}},
{"type":"Feature","geometry":{"type":"Polygon","coordinates":[[[-178.5459,-19.1819],[-178.5764,-19.1086],[-178.6014,-19.1458],[-178.5459,-19.1819]]]},"properties":{"NAME":"Fiji","SUBJECTO":"Fiji","PARTOF":"Fiji","BORDERPRECISION":3,"LINK":null}},
{"type":"Feature","geometry":{"type":"Polygon","coordinates":[[[178.1725,-19.0706],[178.4963,-18.9781],[177.9511,-19.1314],[178.1725,-19.0706]]]},"properties":{"NAME":"Fiji","SUBJECTO":"Fiji","PARTOF":"Fiji","BORDERPRECISION":3,"LINK":null}},
{"type":"Feature","geometry":{"type":"Polygon","coordinates":[[[-178.9367,-18.9894],[-178.9494,-18.9258],[-178.9672,-18.9783],[-178.9367,-18.9894]]]},"properties":{"NAME":"Fiji","SUBJECTO":"Fiji","PARTOF":"Fiji","BORDERPRECISION":3,"LINK":null}},
{"type":"Feature","geometry":{"type":"Polygon","coordinates":[[[-179.8572,-19.0122],[-179.7886,-18.9372],[-179.8531,-18.9286],[-179.8572,-19.0122]]]},"properties":{"NAME":"Fiji","SUBJECTO":"Fiji","PARTOF":"Fiji","BORDERPRECISION":3,"LINK":null}},
{"type":"Feature","geometry":{"type":"Polygon","coordinates":[[[178.5022,-18.9347],[178.5216,-18.8597],[178.4719,-18.8969],[178.5022,-18.9347]]]},"properties":{"NAME":"Fiji","SUBJECTO":"Fiji","PARTOF":"Fiji","BORDERPRECISION":3,"LINK":null}},
{"type":"Feature","geometry":{"type":"Polygon","coordinates":[[[-178.4986,-18.6747],[-178.4731,-18.6506],[-178.5067,-18.6353],[-178.4986,-18.6747]]]},"properties":{"NAME":"Fiji","SUBJECTO":"Fiji","PARTOF":"Fiji","BORDERPRECISION":3,"LINK":null}},
{"type":"Feature","geometry":{"type":"Polygon","coordinates":[[[179.9697,-18.5489],[179.8366,-18.5867],[179.9083,-18.6447],[179.9697,-18.5489]]]},"properties":{"NAME":"Fiji","SUBJECTO":"Fiji","PARTOF":"Fiji","BORDERPRECISION":3,"LINK":null}},
{"type":"Feature","geometry":{"type":"Polygon","coordinates":[[[177.6633,-18.5903],[177.6308,-18.4919],[177.6191,-18.5383],[177.6633,-18.5903]]]},"properties":{"NAME":"Fiji","SUBJECTO":"Fiji","PARTOF":"Fiji","BORDERPRECISION":3,"LINK":null}},
{"type":"Feature","geometry":{"type":"Polygon","coordinates":[[[178.1503,-18.4067],[178.1272,-18.3539],[178.1094,-18.4075],[178.1503,-18.4067]]]},"properties":{"NAME":"Fiji","SUBJECTO":"Fiji","PARTOF":"Fiji","BORDERPRECISION":3,"LINK":null}},
{"type":"Feature","geometry":{"type":"Polygon","coordinates":[[[-178.7475,-18.2014],[-178.8439,-18.2169],[-178.7653,-18.2483],[-178.7475,-18.2014]]]},"properties":{"NAME":"Fiji","SUBJECTO":"Fiji","PARTOF":"Fiji","BORDERPRECISION":3,"LINK":null}},
{"type":"Feature","geometry":{"type":"Polygon","coordinates":[[[179.3683,-18.0881],[179.2433,-17.9511],[179.2458,-18.0364],[179.3683,-18.0881]]]},"properties":{"NAME":"Fiji","SUBJECTO":"Fiji","PARTOF":"Fiji","BORDERPRECISION":3,"LINK":null}},
{"type":"Feature","geometry":{"type":"Polygon","coordinates":[[[-179.0017,-17.9403],[-179.0786,-17.9503],[-179.0181,-17.9961],[-179.0017,-17.9403]]]},"properties":{"NAME":"Fiji","SUBJECTO":"Fiji","PARTOF":"Fiji","BORDERPRECISION":3,"LINK":null}},
{"type":"Feature","geometry":{"type":"Polygon","coordinates":[[[-178.2975,-17.8853],[-178.3553,-17.9356],[-178.2475,-17.9553],[-178.2975,-17.8853]]]},"properties":{"NAME":"Fiji","SUBJECTO":"Fiji","PARTOF":"Fiji","BORDERPRECISION":3,"LINK":null}},
{"type":"Feature","geometry":{"type":"Polygon","coordinates":[[[179.4169,-17.8506],[179.4211,-17.7972],[179.3972,-17.785],[179.4169,-17.8506]]]},"properties":{"NAME":"Fiji","SUBJECTO":"Fiji","PARTOF":"Fiji","BORDERPRECISION":3,"LINK":null}},
{"type":"Feature","geometry":{"type":"Polygon","coordinates":[[[-179.2817,-17.7597],[-179.3133,-17.7261],[-179.3347,-17.7614],[-179.2817,-17.7597]]]},"properties":{"NAME":"Fiji","SUBJECTO":"Fiji","PARTOF":"Fiji","BORDERPRECISION":3,"LINK":null}},
{"type":"Feature","geometry":{"type":"Polygon","coordinates":[[[178.8283,-17.6244],[178.7486,-17.6558],[178.7719,-17.7544],[178.8283,-17.6244]]]},"properties":{"NAME":"Fiji","SUBJECTO":"Fiji","PARTOF":"Fiji","BORDERPRECISION":3,"LINK":null}},
{"type":"Feature","geometry":{"type":"Polygon","coordinates":[[[-179.1281,-17.45],[-179.1833,-17.4497],[-179.1478,-17.4783],[-179.1281,-17.45]]]},"properties":{"NAME":"Fiji","SUBJECTO":"Fiji","PARTOF":"Fiji","BORDERPRECISION":3,"LINK":null}},
{"type":"Feature","geometry":{"type":"Polygon","coordinates":[[[178.6933,-18.025],[178.193,-17.3011],[177.2483,-17.9564],[177.8641,-18.2639],[178.6933,-18.025]]]},"properties":{"NAME":"Fiji","SUBJECTO":"Fiji","PARTOF":"Fiji","BORDERPRECISION":3,"LINK":null}},
{"type":"Feature","geometry":{"type":"Polygon","coordinates":[[[177.1125,-17.3144],[177.1419,-17.2478],[177.1003,-17.2711],[177.1125,-17.3144]]]},"properties":{"NAME":"Fiji","SUBJECTO":"Fiji","PARTOF":"Fiji","BORDERPRECISION":3,"LINK":null}},
{"type":"Feature","geometry":{"type":"Polygon","coordinates":[[[-179.1526,-17.2467],[-179.157,-17.2786],[-179.1237,-17.2817],[-179.1526,-17.2467]]]},"properties":{"NAME":"Fiji","SUBJECTO":"Fiji","PARTOF":"Fiji","BORDERPRECISION":3,"LINK":null}},
{"type":"Feature","geometry":{"type":"Polygon","coordinates":[[[179.4191,-17.2428],[179.3572,-17.2594],[179.3833,-17.3997],[179.4191,-17.2428]]]},"properties":{"NAME":"Fiji","SUBJECTO":"Fiji","PARTOF":"Fiji","BORDERPRECISION":3,"LINK":null}},
{"type":"Feature","geometry":{"type":"Polygon","coordinates":[[[-179.0114,-17.1822],[-178.9858,-17.3181],[-178.9092,-17.2131],[-179.0114,-17.1822]]]},"properties":{"NAME":"Fiji","SUBJECTO":"Fiji","PARTOF":"Fiji","BORDERPRECISION":3,"LINK":null}},
{"type":"Feature","geometry":{"type":"Polygon","coordinates":[[[177.1875,-17.1175],[177.1994,-17.1703],[177.2852,-17.0547],[177.1875,-17.1175]]]},"properties":{"NAME":"Fiji","SUBJECTO":"Fiji","PARTOF":"Fiji","BORDERPRECISION":3,"LINK":null}},
{"type":"Feature","geometry":{"type":"Polygon","coordinates":[[[178.2766,-16.8253],[178.3402,-16.8306],[178.2772,-16.7894],[178.2766,-16.8253]]]},"properties":{"NAME":"Fiji","SUBJECTO":"Fiji","PARTOF":"Fiji","BORDERPRECISION":3,"LINK":null}},
{"type":"Feature","geometry":{"type":"Polygon","coordinates":[[[179.8824,-16.9642],[180,-16.9657],[180,-16.7874],[179.8824,-16.9642]]]},"properties":{"NAME":"Fiji","SUBJECTO":"Fiji","PARTOF":"Fiji","BORDERPRECISION":3,"LINK":null}},
{"type":"Feature","geometry":{"type":"Polygon","coordinates":[[[-179.9295,-16.7101],[-180,-16.7874],[-180,-16.9657],[-179.8211,-16.7811],[-179.9295,-16.7101]]]},"properties":{"NAME":"Fiji","SUBJECTO":"Fiji","PARTOF":"Fiji","BORDERPRECISION":3,"LINK":null}},
{"type":"Feature","geometry":{"type":"Polygon","coordinates":[[[177.5583,-16.7219],[177.4314,-16.8444],[177.5216,-16.79],[177.593,-16.6878],[177.56,-16.6775],[177.5583,-16.7219]]]},"properties":{"NAME":"Fiji","SUBJECTO":"Fiji","PARTOF":"Fiji","BORDERPRECISION":3,"LINK":null}},
{"type":"Feature","geometry":{"type":"Polygon","coordinates":[[[179.8867,-16.6603],[179.9433,-16.6519],[179.9478,-16.6131],[179.8867,-16.6603]]]},"properties":{"NAME":"Fiji","SUBJECTO":"Fiji","PARTOF":"Fiji","BORDERPRECISION":3,"LINK":null}},
{"type":"Feature","geometry":{"type":"Polygon","coordinates":[[[179.9883,-16.5383],[180,-16.5379],[180,-16.4943],[179.9819,-16.5114],[179.9883,-16.5383]]]},"properties":{"NAME":"Fiji","SUBJECTO":"Fiji","PARTOF":"Fiji","BORDERPRECISION":3,"LINK":null}},
{"type":"Feature","geometry":{"type":"Polygon","coordinates":[[[-180,-16.4943],[-180,-16.5379],[-179.9269,-16.5189],[-179.8937,-16.4353],[-180,-16.4943]]]},"properties":{"NAME":"Fiji","SUBJECTO":"Fiji","PARTOF":"Fiji","BORDERPRECISION":3,"LINK":null}},
{"type":"Feature","geometry":{"type":"Polygon","coordinates":[[[179.8983,-16.2372],[180,-16.1727],[180,-16.1547],[178.4858,-16.7983],[179.9022,-16.7694],[179.9519,-16.7419],[179.8713,-16.665],[179.9325,-16.4608],[179.4786,-16.7011],[179.8983,-16.2372]]]},"properties":{"NAME":"Fiji","SUBJECTO":"Fiji","PARTOF":"Fiji","BORDERPRECISION":3,"LINK":null}},
{"type":"Feature","geometry":{"type":"Polygon","coordinates":[[[-169.8939,-19.1456],[-169.8175,-18.9683],[-169.9317,-19.0167],[-169.8939,-19.1456]]]},"properties":{"NAME":"Niue","SUBJECTO":"Niue","PARTOF":"Niue","BORDERPRECISION":3,"LINK":null}},
{"type":"Feature","geometry":{"type":"Polygon","coordinates":[[[-174.9747,-21.3658],[-174.9173,-21.4542],[-174.9114,-21.3061],[-174.9747,-21.3658]]]},"properties":{"NAME":"Tonga","SUBJECTO":"Tonga","PARTOF":"Tonga","BORDERPRECISION":3,"LINK":null}},
{"type":"Feature","geometry":{"type":"Polygon","coordinates":[[[-175.1233,-21.135],[-175.3605,-21.1025],[-175.1453,-21.2681],[-175.1233,-21.135]]]},"properties":{"NAME":"Tonga","SUBJECTO":"Tonga","PARTOF":"Tonga","BORDERPRECISION":3,"LINK":null}},
{"type":"Feature","geometry":{"type":"Polygon","coordinates":[[[-174.7953,-20.2386],[-174.7608,-20.2764],[-174.76,-20.2372],[-174.7953,-20.2386]]]},"properties":{"NAME":"Tonga","SUBJECTO":"Tonga","PARTOF":"Tonga","BORDERPRECISION":3,"LINK":null}},
{"type":"Feature","geometry":{"type":"Polygon","coordinates":[[[-174.4053,-19.8881],[-174.4228,-19.9278],[-174.3889,-19.9006],[-174.4053,-19.8881]]]},"properties":{"NAME":"Tonga","SUBJECTO":"Tonga","PARTOF":"Tonga","BORDERPRECISION":3,"LINK":null}},
{"type":"Feature","geometry":{"type":"Polygon","coordinates":[[[-174.3544,-19.8064],[-174.3186,-19.8219],[-174.3097,-19.7669],[-174.3544,-19.8064]]]},"properties":{"NAME":"Tonga","SUBJECTO":"Tonga","PARTOF":"Tonga","BORDERPRECISION":3,"LINK":null}},
{"type":"Feature","geometry":{"type":"Polygon","coordinates":[[[-175.0855,-19.7825],[-175.0423,-19.7875],[-175.0817,-19.7064],[-175.0855,-19.7825]]]},"properties":{"NAME":"Tonga","SUBJECTO":"Tonga","PARTOF":"Tonga","BORDERPRECISION":3,"LINK":null}},
{"type":"Feature","geometry":{"type":"Polygon","coordinates":[[[-174.3072,-19.7408],[-174.2664,-19.75],[-174.2509,-19.6922],[-174.3072,-19.7408]]]},"properties":{"NAME":"Tonga","SUBJECTO":"Tonga","PARTOF":"Tonga","BORDERPRECISION":3,"LINK":null}},
{"type":"Feature","geometry":{"type":"Polygon","coordinates":[[[-175.0339,-19.6867],[-175.0183,-19.6914],[-175.0056,-19.6525],[-175.0339,-19.6867]]]},"properties":{"NAME":"Tonga","SUBJECTO":"Tonga","PARTOF":"Tonga","BORDERPRECISION":3,"LINK":null}},
{"type":"Feature","geometry":{"type":"Polygon","coordinates":[[[-174.2739,-19.6433],[-174.2389,-19.6511],[-174.2864,-19.5914],[-174.2739,-19.6433]]]},"properties":{"NAME":"Tonga","SUBJECTO":"Tonga","PARTOF":"Tonga","BORDERPRECISION":3,"LINK":null}},
{"type":"Feature","geometry":{"type":"Polygon","coordinates":[[[-174.667,-18.8258],[-174.6244,-18.8142],[-174.6498,-18.7831],[-174.667,-18.8258]]]},"properties":{"NAME":"Tonga","SUBJECTO":"Tonga","PARTOF":"Tonga","BORDERPRECISION":3,"LINK":null}},
{"type":"Feature","geometry":{"type":"Polygon","coordinates":[[[-174.0903,-18.7031],[-174.0614,-18.7047],[-174.0689,-18.6822],[-174.0903,-18.7031]]]},"properties":{"NAME":"Tonga","SUBJECTO":"Tonga","PARTOF":"Tonga","BORDERPRECISION":3,"LINK":null}},
{"type":"Feature","geometry":{"type":"Polygon","coordinates":[[[-174.0334,-18.7156],[-174.015,-18.7053],[-174.0411,-18.6803],[-174.0334,-18.7156]]]},"properties":{"NAME":"Tonga","SUBJECTO":"Tonga","PARTOF":"Tonga","BORDERPRECISION":3,"LINK":null}},
{"type":"Feature","geometry":{"type":"Polygon","coordinates":[[[-174.1281,-18.7033],[-174.0853,-18.6656],[-174.1236,-18.6775],[-174.1281,-18.7033]]]},"properties":{"NAME":"Tonga","SUBJECTO":"Tonga","PARTOF":"Tonga","BORDERPRECISION":3,"LINK":null}},
{"type":"Feature","geometry":{"type":"Polygon","coordinates":[[[-173.987,-18.6842],[-173.9392,-18.5689],[-174.0681,-18.6264],[-173.987,-18.6842]]]},"properties":{"NAME":"Tonga","SUBJECTO":"Tonga","PARTOF":"Tonga","BORDERPRECISION":3,"LINK":null}},
{"type":"Feature","geometry":{"type":"Polygon","coordinates":[[[-175.6447,-15.6292],[-175.6214,-15.5608],[-175.6839,-15.5897],[-175.6447,-15.6292]]]},"properties":{"NAME":"Tonga","SUBJECTO":"Tonga","PARTOF":"Tonga","BORDERPRECISION":3,"LINK":null}},
{"type":"Feature","geometry":{"type":"Polygon","coordinates":[[[-178.0425,-14.3194],[-178.1895,-14.2361],[-178.1406,-14.3164],[-178.0425,-14.3194]]]},"properties":{"NAME":"Wallis and Futuna Islands","SUBJECTO":"Wallis and Futuna Islands","PARTOF":"Wallis and Futuna Islands","BORDERPRECISION":3,"LINK":null}},
{"type":"Feature","geometry":{"type":"Polygon","coordinates":[[[-176.1614,-13.3528],[-176.1211,-13.2633],[-176.1562,-13.2136],[-176.1614,-13.3528]]]},"properties":{"NAME":"Wallis and Futuna Islands","SUBJECTO":"Wallis and Futuna Islands","PARTOF":"Wallis and Futuna Islands","BORDERPRECISION":3,"LINK":null}},
{"type":"Feature","geometry":{"type":"Polygon","coordinates":[[[-171.4297,-14.0197],[-171.8223,-13.8075],[-172.0648,-13.8744],[-171.4297,-14.0197]]]},"properties":{"NAME":"Samoa","SUBJECTO":"Samoa","PARTOF":"Samoa","BORDERPRECISION":3,"LINK":null}},
{"type":"Feature","geometry":{"type":"Polygon","coordinates":[[[-172.2859,-13.4864],[-172.7806,-13.5333],[-172.2142,-13.8078],[-172.2859,-13.4864]]]},"properties":{"NAME":"Samoa","SUBJECTO":"Samoa","PARTOF":"Samoa","BORDERPRECISION":3,"LINK":null}},
{"type":"Feature","geometry":{"type":"Polygon","coordinates":[[[-109.2414,-27.1331],[-109.3908,-27.0667],[-109.4492,-27.1931],[-109.2414,-27.1331]]]},"properties":{"NAME":"Rapa Nui","SUBJECTO":"Chile","PARTOF":"Rapa Nui","BORDERPRECISION":3,"LINK":null}},
{"type":"Feature","geometry":{"type":"Polygon","coordinates":[[[114.0292,22.5085],[114.2631,22.2044],[114.4131,22.4369],[114.0292,22.5085]]]},"properties":{"NAME":"Hong Kong","SUBJECTO":"United Kingdom","PARTOF":null,"BORDERPRECISION":3,"LINK":null}},
{"type":"Feature","geometry":{"type":"Polygon","coordinates":[[[101.014,21.4424],[100.0012,20.4587],[100.4353,20.0358],[100.3871,19.6735],[101.0971,19.5507],[100.8884,17.6],[101.3368,17.5772],[101.8646,18.1074],[102.6615,17.8454],[103.2245,18.4392],[103.8077,18.3474],[104.5842,17.3296],[105.4744,14.7247],[105.0565,14.2395],[104.3927,14.3817],[103.2555,14.3369],[102.8484,14.0931],[102.3685,13.4043],[102.6641,12.3325],[103.0396,10.898],[103.5249,11.0578],[103.5249,10.5242],[104.9785,9.9809],[104.7425,8.4937],[106.482,9.5521],[106.7732,10.6392],[107.412,10.3674],[109.0613,11.5907],[109.3071,12.9063],[108.7861,15.0906],[105.5326,18.8442],[106.807,20.905],[107.3743,20.8808],[107.8756,21.4621],[106.6734,21.9262],[106.588,22.9288],[105.3134,23.296],[104.4781,22.7832],[102.1855,22.6366],[101.5544,22.2837],[101.7038,21.3194],[101.014,21.4424]]]},"properties":{"NAME":"French Indochina","SUBJECTO":"France","PARTOF":"French Indochina","BORDERPRECISION":3,"LINK":null}}
]}