{"type":"FeatureCollection", "features": [
{"type":"Feature","geometry":{"type":"Polygon","coordinates":[[[5.8235,49.5071],[6.2605,49.4757],[6.1085,50.1175],[5.8235,49.5071]]]},"properties":{"NAME":"Luxembourg","SUBJECTO":"Luxembourg","PARTOF":"Luxembourg","BORDERPRECISION":3,"LINK":null}},
{"type":"Feature","geometry":{"type":"Polygon","coordinates":[[[10.3957,46.8874],[9.5208,47.0694],[9.5393,47.4872],[8.9835,47.6796],[6.9219,47.5141],[5.9415,46.1755],[6.3837,46.3416],[6.7461,46.4871],[6.7765,46.4734],[6.8074,46.394],[6.9553,45.9389],[7.7899,45.927],[8.3745,46.4708],[8.8907,45.8662],[9.2101,46.4981],[9.9945,46.2525],[10.3957,46.8874]]]},"properties":{"NAME":"Switzerland","SUBJECTO":"Switzerland","PARTOF":"Switzerland","BORDERPRECISION":3,"LINK":null}},
{"type":"Feature","geometry":{"type":"MultiPolygon","coordinates":[[[[-77.2908,17.806],[-76.3007,17.9924],[-77.7695,18.5105],[-78.3249,18.3504],[-77.2908,17.806]]],[[[-78.192,25.2036],[-78.4406,24.6136],[-78.0214,24.2728],[-77.7167,24.5067],[-78.192,25.2036]]],[[[-77.735,26.9144],[-77.1489,26.5489],[-77.2047,25.8808],[-77.0422,26.5089],[-77.735,26.9144]]],[[[-61.1142,10.8217],[-61.8091,10.725],[-61.6531,10.2786],[-62.0388,10.0575],[-61.2067,10.1182],[-61.1142,10.8217]]],[[[33.7727,35.1293],[34.4582,35.6446],[32.1437,35.0425],[32.9145,34.5413],[33.7727,35.1293]]],[[[0.081,53.3862],[-2.245,55.811],[-3.895,55.9851],[-2.7209,56.1782],[-3.1524,56.3368],[-1.9446,57.4017],[-4.1484,57.5545],[-3.0284,58.4057],[-4.9256,58.567],[-6.0435,56.4748],[-5.2707,56.5441],[-5.5702,55.7505],[-4.7107,56.1313],[-5.1114,54.7941],[-3.1525,54.8381],[-3.5692,54.415],[-2.8859,54.1687],[-2.9145,53.2671],[-4.4919,52.991],[-4.1236,52.3733],[-5.2488,51.8602],[-3.4991,51.4597],[-2.7502,51.644],[-3.066,51.1777],[-4.281,51.1872],[-5.7778,50.1341],[0.8883,50.8927],[1.3647,51.3529],[0.2542,51.4536],[1.6917,52.3114],[1.3759,52.8092],[0.0055,52.7867],[0.081,53.3862]]],[[[-7.2255,55.1042],[-8.3454,55.0953],[-8.5901,54.2028],[-10.1597,54.1331],[-9.6965,53.8734],[-10.1598,53.3741],[-8.9236,53.1606],[-9.5258,52.9046],[-9.1926,52.5545],[-10.4692,52.2066],[-9.8191,51.4346],[-6.406,52.2144],[-6.4434,53.8994],[-5.6615,54.3222],[-6.1165,55.1602],[-7.2255,55.1042]]]]},"properties":{"NAME":"United Kingdom of Great Britain and Ireland","SUBJECTO":"United Kingdom of Great Britain and Ireland","PARTOF":"United Kingdom of Great Britain and Ireland","BORDERPRECISION":3,"LINK":null}},
{"type":"Feature","geometry":{"type":"Polygon","coordinates":[[[91.6078,27.6415],[89.8634,28.2725],[88.8026,27.181],[89.8344,26.6854],[91.9089,26.8053],[91.6078,27.6415]]]},"properties":{"NAME":"Bhutan","SUBJECTO":"Bhutan","PARTOF":"Bhutan","BORDERPRECISION":3,"LINK":null}},
{"type":"Feature","geometry":{"type":"Polygon","coordinates":[[[51.2878,24.4108],[51.5867,25.6091],[51.217,26.0665],[50.9683,24.4362],[51.1198,24.3987],[51.2878,24.4108]]]},"properties":{"NAME":"Qatar","SUBJECTO":"Qatar","PARTOF":"Qatar","BORDERPRECISION":3,"LINK":null}},
{"type":"Feature","geometry":{"type":"Polygon","coordinates":[[[-82.1772,22.3659],[-78.7279,21.6168],[-78.4504,20.969],[-77.0987,20.5333],[-77.663,19.9028],[-74.1734,20.1899],[-79.9846,22.8791],[-81.4311,23.1367],[-83.6904,22.814],[-84.7064,21.7696],[-82.5624,22.7084],[-81.6626,22.5068],[-82.1772,22.3659]]]},"properties":{"NAME":"Cuba","SUBJECTO":"Cuba","PARTOF":"Cuba","BORDERPRECISION":3,"LINK":null}},
{"type":"Feature","geometry":{"type":"MultiPolygon","coordinates":[[[[-156.5508,20.9747],[-156.8225,20.9399],[-156.5764,20.6351],[-156.1209,20.7126],[-156.5508,20.9747]]],[[[-158.4344,21.452],[-157.8416,21.2902],[-158.1791,21.6891],[-158.4344,21.452]]],[[[-168.3559,53.5495],[-168.5141,53.2951],[-167.8654,53.3234],[-168.3559,53.5495]]],[[[-166.4932,53.7338],[-167.1484,53.9402],[-166.9272,53.4589],[-166.4932,53.7338]]],[[[-156.0324,20.1959],[-155.7828,18.9455],[-154.92,19.5552],[-156.0324,20.1959]]],[[[-122.9003,49.0672],[-122.3453,48.0767],[-122.7483,47.2622],[-123.072,48.1667],[-124.7334,48.3269],[-123.7871,46.2985],[-124.6297,43.014],[-124.1526,41.5802],[-124.3648,40.3343],[-123.7963,39.0304],[-122.7586,37.9568],[-122.4898,38.1645],[-122.1192,37.5359],[-122.5521,37.843],[-122.4941,37.3008],[-120.6773,35.1893],[-120.6879,34.6217],[-118.6044,34.0964],[-117.4967,33.3254],[-117.1737,32.5206],[-114.8841,32.6357],[-111.0889,31.3067],[-108.371,31.2776],[-108.2321,31.7243],[-106.5445,31.7021],[-105.1263,30.6146],[-104.5743,29.5797],[-103.586,29.0569],[-102.2372,29.7778],[-101.1966,29.4909],[-99.1,26.4088],[-97.26,25.8114],[-97.5678,27.9089],[-96.6845,28.2477],[-96.7166,28.7118],[-95.6028,28.7987],[-94.8446,29.3463],[-95.007,29.7582],[-92.1167,29.5416],[-91.951,29.832],[-91.2404,29.3209],[-90,29.1087],[-90,29.5014],[-89.2715,29.058],[-89.677,29.5912],[-89.38,29.8734],[-90,30.0387],[-90,30.39],[-88.1418,30.328],[-88.0346,30.6794],[-87.7746,30.2628],[-86.3887,30.4727],[-85.3048,29.6639],[-83.8862,30.0483],[-82.647,28.9065],[-82.8413,27.838],[-82.4293,27.8261],[-82.7527,27.5276],[-81.7447,25.9207],[-81.0979,25.125],[-80.4908,24.9959],[-80.0779,26.9231],[-81.4054,30.0726],[-81.182,31.6404],[-78.8989,33.702],[-76.3058,34.9788],[-76.9535,35.0291],[-76.4843,35.3341],[-77.0533,35.58],[-76.141,35.3845],[-75.7292,35.8821],[-76.7269,35.9918],[-76.7098,36.3533],[-76.587,36.0658],[-76.1862,36.3681],[-75.7933,36.1369],[-75.9575,36.7682],[-75.5221,35.8584],[-75.9746,36.9372],[-76.9419,37.2864],[-76.2831,37.0558],[-76.885,38.0672],[-76.4162,37.7053],[-76.2152,37.9426],[-77.2464,38.6993],[-76.324,38.1088],[-76.5866,39.3109],[-75.9401,39.6464],[-76.3535,38.7349],[-75.64,38.0049],[-75.8566,37.2248],[-75.0421,38.4975],[-75.6238,39.6732],[-75.3395,39.893],[-74.8601,38.9902],[-74.1528,39.7652],[-73.9457,40.4468],[-74.2929,40.6316],[-73.89,41.1744],[-73.993,40.7807],[-71.4492,41.4251],[-71.373,41.8371],[-71.1732,41.5265],[-69.922,41.7236],[-71.0544,42.357],[-70.5363,43.4042],[-68.7817,44.6272],[-68.5043,44.2972],[-67.1689,44.7112],[-67.1868,45.2523],[-67.7769,47.1645],[-69.0491,47.4644],[-70.5894,45.2946],[-71.5346,44.9586],[-74.7824,45.0122],[-76.1329,44.3267],[-76.2092,43.5647],[-76.9375,43.237],[-79.14,43.2221],[-79.0502,42.8523],[-81.8108,41.4948],[-83.0273,41.4439],[-83.4499,41.7539],[-83.056,42.027],[-82.2978,43.0287],[-82.8356,44.0345],[-83.8745,43.6845],[-83.2605,45.0238],[-84.7468,45.8544],[-83.8207,46.1504],[-84.7436,46.4684],[-88.4838,46.81],[-87.8812,47.4617],[-90.2766,46.625],[-90.8844,46.604],[-90.8318,46.944],[-92.2655,46.6505],[-89.622,47.9684],[-92.5561,48.2215],[-94.8273,49.4876],[-94.8198,49.0507],[-98.2009,49.0488],[-108.0673,49.0615],[-115.1646,49.0562],[-122.9003,49.0672]],[[-87.7832,42.2036],[-87.3433,44.8177],[-87.9435,44.5646],[-87.8762,44.8782],[-86.9952,45.8638],[-86.6402,45.6198],[-84.9484,45.9678],[-84.9519,45.4082],[-85.5384,44.7515],[-85.5434,45.2118],[-86.072,44.8652],[-86.4534,44.1299],[-86.5178,42.0351],[-87.3751,41.6344],[-87.7832,42.2036]]],[[[-133.2807,56.2316],[-133.271,55.621],[-132.1738,54.8463],[-133.2807,56.2316]]],[[[-164.5645,54.3341],[-163.3602,54.9211],[-164.5609,54.8313],[-165.0097,54.528],[-164.5645,54.3341]]],[[[-161.8105,55.7831],[-162.5462,55.1453],[-160.3913,55.5622],[-161.8105,55.7831]]],[[[-172.0523,63.5995],[-169.9031,63.0752],[-169.1192,63.2407],[-170.4815,63.6884],[-172.0523,63.5995]]],[[[-154.1601,56.9817],[-152.4384,57.6142],[-154.1886,57.6314],[-154.6614,57.2336],[-154.1601,56.9817]]],[[[-135.8164,57.4542],[-135.8217,57.7555],[-135.147,57.5992],[-135.3249,58.0927],[-136.3001,58.1801],[-135.8164,57.4542]]],[[[-141.0593,69.5955],[-143.3076,70.1968],[-151.915,70.4958],[-152.9712,70.934],[-156.138,70.9281],[-156.9047,71.3459],[-160.2403,70.8585],[-159.9047,70.4269],[-162.1772,70.2842],[-164.0672,69.0647],[-166.2968,68.8796],[-166.8435,68.4052],[-163.7387,67.2183],[-160.0323,66.5676],[-162.7585,66.0628],[-164.4631,66.5962],[-168.1798,65.6939],[-165.6633,65.2465],[-166.6038,65.1501],[-166.3477,64.6371],[-163.0252,64.4417],[-161.2906,64.9641],[-160.7897,64.6403],[-161.133,63.5628],[-163.3086,63.0377],[-164.2918,63.2498],[-166.1895,61.7489],[-165.8981,61.2703],[-163.52,60.7063],[-164.8447,60.8159],[-165.0476,60.4165],[-164.0274,59.7982],[-162.3781,60.1631],[-161.9382,58.7233],[-160.4305,59.0022],[-158.9327,58.4328],[-158.6362,58.971],[-157.1394,58.8558],[-158.6173,56.7481],[-160.6074,55.9619],[-159.0769,55.992],[-154.6493,58.0765],[-153.4886,58.7945],[-154.2982,59.1174],[-153.976,59.5192],[-150.3112,61.3139],[-149.3169,60.9294],[-151.1596,60.6597],[-151.881,59.1635],[-149.5812,59.9852],[-148.4935,59.904],[-148.8397,60.5451],[-147.9401,61.2059],[-144.4064,60.0926],[-139.5726,59.9],[-139.7851,59.5184],[-137.085,58.4468],[-136.3561,58.5239],[-136.9388,58.9432],[-135.3003,58.3745],[-135.3086,59.347],[-132.101,56.3494],[-132.2556,55.85],[-131.1905,56.0348],[-130.5457,54.9097],[-130.0027,55.2885],[-130.1064,55.9926],[-131.7249,56.6052],[-135.2577,59.6703],[-137.2233,58.8822],[-139.0051,60.2584],[-140.807,60.263],[-141.0593,69.5955]]]]},"properties":{"NAME":"United States","SUBJECTO":"United States","PARTOF":"United States","BORDERPRECISION":3,"LINK":null}},
{"type":"Feature","geometry":{"type":"Polygon","coordinates":[[[-71.7771,19.771],[-73.4745,19.8354],[-72.7672,19.5255],[-72.2978,18.662],[-74.4418,18.524],[-73.857,18.112],[-72.1783,18.2873],[-71.677,18.0025],[-71.7771,19.771]]]},"properties":{"NAME":"Haiti","SUBJECTO":"Haiti","PARTOF":"Haiti","BORDERPRECISION":3,"LINK":null}},
{"type":"Feature","geometry":{"type":"Polygon","coordinates":[[[-71.677,18.0025],[-71.4008,17.7041],[-70.6955,18.5192],[-70.2992,18.2595],[-68.9859,18.5102],[-68.6647,18.1994],[-68.3729,18.575],[-69.9934,19.6839],[-71.7771,19.771],[-71.677,18.0025]]]},"properties":{"NAME":"Dominican Republic","SUBJECTO":"Dominican Republic","PARTOF":"Dominican Republic","BORDERPRECISION":3,"LINK":null}},
{"type":"Feature","geometry":{"type":"MultiPolygon","coordinates":[[[[120.3636,14.5309],[120.4714,14.8043],[121.2854,14.3424],[120.5106,14.112],[121.0094,13.6557],[121.6249,13.8984],[122.3941,13.3029],[122.4854,13.8812],[123.239,13.0252],[123.8189,12.9756],[123.3976,13.5274],[123.7019,13.8203],[122.9851,13.7298],[122.4865,14.3195],[122.1066,13.9185],[121.7288,14.1083],[121.2422,15.3078],[122.3956,17.1143],[122.0496,18.4475],[120.8004,18.5528],[120.3931,18.0438],[120.2931,16.2332],[119.6814,16.1875],[120.3636,14.5309]]],[[[121.094,12.2011],[121.1807,13.3321],[120.3405,13.3874],[121.094,12.2011]]],[[[125.3231,11.1239],[125.1191,12.4766],[124.264,12.4176],[125.3231,11.1239]]],[[[121.873,10.4684],[122.7062,10.9403],[122.9199,11.5253],[121.9936,11.7583],[121.873,10.4684]]],[[[118.8646,10.0236],[119.5643,10.5016],[119.3539,11.2126],[118.8646,10.0236]]],[[[122.9416,9.0476],[123.2391,10.9224],[122.3031,9.6498],[122.9416,9.0476]]],[[[117.2706,8.4508],[118.5046,9.4828],[118.5081,9.9211],[117.2706,8.4508]]],[[[126.0452,6.6082],[126.2719,8.4258],[125.9232,8.4822],[126.0371,8.959],[125.4281,9.7836],[125.4013,8.9512],[124.7416,8.918],[124.6706,8.4287],[123.6628,8.0135],[123.4859,8.496],[122.8888,8.3422],[122.0937,7.7751],[121.8245,7.0565],[122.6351,7.7826],[122.7254,7.4524],[123.8153,7.6581],[123.9735,6.3369],[124.803,5.7859],[125.1295,6.0534],[125.2893,5.4883],[125.6146,7.2363],[126.0452,6.6082]]]]},"properties":{"NAME":"Philippines","SUBJECTO":"Philippines","PARTOF":"Philippines","BORDERPRECISION":3,"LINK":null}},
{"type":"Feature","geometry":{"type":"Polygon","coordinates":[[[-66.9056,17.9362],[-65.7241,18.3328],[-67.161,18.5141],[-66.9056,17.9362]]]},"properties":{"NAME":"Puerto Rico","SUBJECTO":"Puerto Rico","PARTOF":"Puerto Rico","BORDERPRECISION":3,"LINK":null}},
{"type":"Feature","geometry":{"type":"Polygon","coordinates":[[[-85.8397,11.0776],[-83.7466,10.8785],[-83.4172,15.0009],[-84.8338,14.7714],[-85.7353,13.8566],[-86.6893,13.7682],[-86.8234,13.1505],[-87.4043,13.0299],[-87.6749,12.9149],[-85.8397,11.0776]]]},"properties":{"NAME":"Nicaragua","SUBJECTO":"Nicaragua","PARTOF":"Nicaragua","BORDERPRECISION":3,"LINK":null}},
{"type":"Feature","geometry":{"type":"Polygon","coordinates":[[[-85.8397,11.0776],[-85.7116,10.0305],[-85.0888,9.5831],[-84.8442,9.841],[-85.2555,10.3108],[-84.6971,9.9884],[-83.6149,9.1516],[-83.6055,8.5478],[-83.0851,8.6506],[-82.9575,8.0472],[-82.9066,9.5186],[-82.5599,9.5831],[-83.7466,10.8785],[-85.8397,11.0776]]]},"properties":{"NAME":"Costa Rica","SUBJECTO":"Costa Rica","PARTOF":"Costa Rica","BORDERPRECISION":3,"LINK":null}},
{"type":"Feature","geometry":{"type":"Polygon","coordinates":[[[-13.1643,8.8508],[-13.0441,8.1377],[-11.4654,6.8439],[-10.377,8.0756],[-10.6817,9.3294],[-11.29,9.8979],[-12.2785,9.8666],[-13.1643,8.8508]]]},"properties":{"NAME":"Sierra Leone","SUBJECTO":"Sierra Leone","PARTOF":"Sierra Leone","BORDERPRECISION":3,"LINK":null}},
{"type":"Feature","geometry":{"type":"Polygon","coordinates":[[[80.5629,5.9317],[81.4339,6.2703],[81.8662,7.0846],[80.1096,9.6866],[79.6746,8.8049],[79.8541,7.0612],[80.5629,5.9317]]]},"properties":{"NAME":"Ceylon","SUBJECTO":"Ceylon","PARTOF":"Ceylon","BORDERPRECISION":3,"LINK":null}},
{"type":"Feature","geometry":{"type":"Polygon","coordinates":[[[-82.9575,8.0472],[-81.6643,8.1646],[-80.8138,7.2701],[-80.4058,7.2988],[-79.9712,7.5579],[-80.4246,8.1924],[-79.0676,9.0343],[-77.7942,8.1793],[-78.3271,8.0889],[-77.8967,7.1718],[-77.6993,7.7502],[-77.1253,7.9804],[-77.4947,8.6615],[-78.6118,9.4801],[-79.5004,9.6384],[-81.1684,8.8278],[-82.2296,9.0465],[-82.5599,9.5831],[-82.9066,9.5186],[-82.9575,8.0472]]]},"properties":{"NAME":"Panama","SUBJECTO":"Panama","PARTOF":"Panama","BORDERPRECISION":3,"LINK":null}},
{"type":"Feature","geometry":{"type":"Polygon","coordinates":[[[-60.553,5.0091],[-59.8994,5.0448],[-60.0849,4.4588],[-59.5129,3.9663],[-59.9354,2.7305],[-59.1287,1.3304],[-58.5442,1.1877],[-56.7096,1.8915],[-57.1635,3.122],[-57.9951,3.9626],[-57.0651,5.8374],[-58.0057,6.7886],[-58.5085,6.559],[-58.6166,7.4991],[-59.8344,8.4402],[-60.6091,7.4501],[-60.2339,6.9564],[-61.0213,6.672],[-61.2548,5.8696],[-60.553,5.0091]]]},"properties":{"NAME":"Guyana","SUBJECTO":"Guyana","PARTOF":"Guyana","BORDERPRECISION":3,"LINK":null}},
{"type":"Feature","geometry":{"type":"Polygon","coordinates":[[[-11.4654,6.8439],[-7.5625,4.3512],[-7.3596,5.605],[-8.5073,6.4437],[-8.3038,7.4365],[-9.1574,7.139],[-9.6217,8.3949],[-10.377,8.0756],[-11.4654,6.8439]]]},"properties":{"NAME":"Liberia","SUBJECTO":"Liberia","PARTOF":"Liberia","BORDERPRECISION":3,"LINK":null}},
{"type":"Feature","geometry":{"type":"Polygon","coordinates":[[[13.0172,-4.7682],[12.1997,-5.7514],[12.3394,-6.1898],[16.5564,-6.0185],[17.6032,-8.1164],[19.3104,-8.0427],[19.5493,-7.0306],[21.7541,-7.3798],[21.7025,-9.5161],[22.2727,-10.3391],[22.1854,-11.0707],[23.9405,-11.0412],[26.6281,-12.0552],[27.1234,-11.5501],[28.8495,-13.3263],[29.7829,-13.467],[29.713,-12.1387],[29.1165,-12.422],[28.3343,-11.6446],[28.4655,-9.3043],[29.0495,-8.5444],[30.6595,-8.289],[29.517,-6.4384],[29.2431,-3.3877],[28.8052,-2.6147],[29.5285,-1.4345],[29.7695,0.4421],[31.2446,2.0082],[30.7127,2.3737],[30.7372,3.5052],[29.5998,4.5535],[29.2159,4.1762],[28.7358,4.4658],[28.2232,4.183],[27.2437,5.1624],[26.4438,4.9542],[25.4882,5.3108],[25.0974,4.87],[22.8804,4.7614],[22.3381,3.9955],[20.5621,4.3409],[19.5783,5.0787],[19.1245,4.9171],[17.9603,2.088],[17.4547,-0.8453],[17.012,-1.1403],[16.2521,-1.9902],[15.9936,-3.6699],[15.5323,-4.0922],[14.4439,-4.8869],[14.3341,-4.3027],[13.0172,-4.7682]]]},"properties":{"NAME":"Belgian Congo","SUBJECTO":"Belgium","PARTOF":"Belgian Congo","BORDERPRECISION":3,"LINK":null}},
{"type":"Feature","geometry":{"type":"MultiPolygon","coordinates":[[[[12.3394,-6.1898],[13.4768,-8.416],[13.0838,-9.2875],[13.8371,-11.3575],[12.4407,-13.877],[11.782,-15.8675],[11.7813,-17.336],[13.2326,-16.9913],[14.0618,-17.4505],[18.266,-17.4639],[20.6129,-18.016],[23.2292,-17.6637],[21.9945,-16.3803],[21.9591,-13.0746],[23.7819,-13.013],[24.0928,-12.3817],[23.9405,-11.0412],[22.1854,-11.0707],[22.2727,-10.3391],[21.7025,-9.5161],[21.7541,-7.3798],[19.5493,-7.0306],[19.3104,-8.0427],[17.6032,-8.1164],[16.5564,-6.0185],[12.3394,-6.1898]]],[[[13.0172,-4.7682],[12.7043,-4.5286],[11.9997,-5.0041],[12.1997,-5.7514],[13.0172,-4.7682]]]]},"properties":{"NAME":"Angola","SUBJECTO":"Portugal","PARTOF":"Angola","BORDERPRECISION":3,"LINK":null}},
{"type":"Feature","geometry":{"type":"Polygon","coordinates":[[[34.4944,-11.6042],[34.059,-9.9412],[33.2046,-9.6578],[33.6508,-10.4433],[33.2555,-10.8653],[33.2278,-11.9463],[33.6234,-12.389],[32.9002,-12.8828],[32.7231,-13.5896],[33.1076,-14.0451],[33.6429,-14.5887],[34.3797,-14.5271],[34.2187,-15.9587],[35.2217,-17.1545],[35.8764,-14.8298],[34.6053,-13.4068],[34.4944,-11.6042]]]},"properties":{"NAME":"Malawi","SUBJECTO":"United Kingdom of Great Britain and Ireland","PARTOF":"Malawi","BORDERPRECISION":3,"LINK":null}},
{"type":"Feature","geometry":{"type":"Polygon","coordinates":[[[-69.5899,-10.9022],[-68.6399,-12.5804],[-69.2908,-14.9412],[-69.0123,-16.6167],[-69.4301,-17.6038],[-68.4329,-19.4591],[-68.64,-20.4449],[-67.7826,-22.9044],[-67.1889,-22.9835],[-66.1459,-21.9231],[-64.7556,-22.1627],[-64.2486,-22.8775],[-63.7836,-22.0745],[-62.61,-22.1565],[-61.5508,-19.6412],[-59.2147,-19.3036],[-58.1377,-19.8118],[-57.5964,-18.0426],[-58.4017,-17.1325],[-58.3335,-16.3697],[-60.1009,-16.2785],[-60.4014,-13.8278],[-61.7263,-13.5879],[-62.0786,-13.1007],[-64.7563,-12.0491],[-65.2731,-11.3659],[-65.3087,-9.8157],[-66.306,-9.8407],[-68.5022,-11.0864],[-69.5899,-10.9022]]]},"properties":{"NAME":"Bolivia","SUBJECTO":"Bolivia","PARTOF":"Bolivia","BORDERPRECISION":3,"LINK":null}},
{"type":"Feature","geometry":{"type":"Polygon","coordinates":[[[33.1076,-14.0451],[30.2982,-15.0408],[30.48,-16.0506],[32.6487,-16.6101],[32.9275,-17.1489],[33.0396,-18.3818],[32.6899,-18.9624],[33.0611,-19.9268],[32.4141,-21.4312],[31.2784,-22.5569],[32.0134,-26.0818],[32.1633,-27.0094],[32.849,-26.9789],[32.6511,-25.839],[35.5009,-24.0852],[35.5118,-22.1848],[35.2338,-22.2045],[34.7262,-19.8604],[37.2753,-17.7132],[39.4713,-16.717],[40.5741,-15.4817],[40.8554,-14.6994],[40.3658,-12.9909],[40.4662,-10.4753],[38.6066,-11.4376],[37.9897,-11.2251],[37.473,-11.7813],[35.9383,-11.4216],[34.4944,-11.6042],[34.6053,-13.4068],[35.8764,-14.8298],[35.2217,-17.1545],[34.2187,-15.9587],[34.3797,-14.5271],[33.6429,-14.5887],[33.1076,-14.0451]]]},"properties":{"NAME":"Mozambique","SUBJECTO":"Portugal","PARTOF":"Mozambique","BORDERPRECISION":3,"LINK":null}},
{"type":"Feature","geometry":{"type":"Polygon","coordinates":[[[44.6722,-16.2356],[43.9716,-17.5527],[44.5171,-20.0239],[43.2913,-22.4098],[44.0368,-24.9887],[45.2105,-25.66],[47.2585,-24.7658],[49.8982,-16.4595],[49.6203,-15.4623],[50.1873,-15.9568],[50.4863,-15.4795],[49.8805,-12.9196],[49.1763,-12.2665],[48.7513,-13.4177],[48.3496,-13.838],[47.9425,-13.5847],[47.8837,-14.7161],[47.1993,-15.0163],[47.2446,-15.3657],[46.4192,-15.9395],[44.6722,-16.2356]]]},"properties":{"NAME":"Madagascar (France)","SUBJECTO":"France","PARTOF":"France","BORDERPRECISION":3,"LINK":null}},
{"type":"Feature","geometry":{"type":"Polygon","coordinates":[[[11.7813,-17.336],[14.5701,-22.7581],[14.7916,-23.4031],[14.444,-23.4117],[15.1369,-26.8291],[16.3342,-28.5608],[17.0085,-28.0719],[17.7066,-28.8731],[18.9372,-28.963],[19.8404,-28.4442],[19.8428,-24.9441],[19.886,-22.1146],[20.919,-22.0577],[20.95,-18.3955],[23.2863,-18.1147],[23.6596,-18.4495],[25,-17.8122],[23.2292,-17.6637],[20.6129,-18.016],[18.266,-17.4639],[14.0618,-17.4505],[13.2326,-16.9913],[11.7813,-17.336]]]},"properties":{"NAME":"German South-West Africa","SUBJECTO":"German South-West Africa","PARTOF":"German South-West Africa","BORDERPRECISION":3,"LINK":null}},
{"type":"Feature","geometry":{"type":"MultiPolygon","coordinates":[[[[-69.4301,-17.6038],[-70.3636,-18.455],[-70.1106,-21.7479],[-70.5732,-23.1656],[-70.3981,-25.2489],[-71.6816,-30.6],[-71.4161,-32.7526],[-73.1442,-37.1558],[-73.6903,-37.3671],[-73.1938,-39.5654],[-73.9052,-40.839],[-73.4636,-41.7868],[-72.5872,-41.6183],[-72.5297,-43.0627],[-73.082,-44.0223],[-72.5552,-44.5429],[-73.3141,-45.086],[-73.0473,-45.3765],[-73.9697,-46.7134],[-74.0875,-46.2984],[-74.4293,-46.5326],[-74.189,-45.8449],[-75.496,-46.5801],[-73.9788,-47.0317],[-74.5378,-47.7873],[-73.3605,-47.9738],[-74.2103,-48.0081],[-74.1902,-50.171],[-73.5302,-50.4329],[-74.2694,-50.9944],[-73.4081,-52.0238],[-72.4492,-52.1611],[-72.5588,-52.5726],[-71.678,-52.6439],[-72.7509,-53.1378],[-71.4425,-52.8294],[-71.8723,-53.6956],[-70.998,-53.8207],[-70.5727,-52.7082],[-69.3432,-52.2877],[-68.4559,-52.4202],[-69.5865,-52.1429],[-71.7945,-52.0884],[-72.3329,-50.6927],[-73.158,-50.855],[-73.3866,-50.3499],[-73.4961,-49.5581],[-72.4584,-48.8543],[-72.3823,-47.578],[-71.6932,-46.6915],[-71.4001,-45.2789],[-71.9916,-44.895],[-71.0689,-44.6647],[-71.6735,-44.3719],[-72.0465,-43.05],[-71.8602,-40.7482],[-71.4195,-39.1056],[-70.8441,-38.7265],[-71.0951,-36.8052],[-70.3907,-36.1651],[-70.4804,-35.358],[-69.8155,-34.0717],[-70.4345,-31.257],[-69.5807,-28.5286],[-68.8235,-27.2671],[-68.2492,-27.0796],[-68.4855,-24.744],[-67.2575,-24.0827],[-67.1889,-22.9835],[-67.7826,-22.9044],[-68.64,-20.4449],[-68.4329,-19.4591],[-69.4301,-17.6038]]],[[[-73.7713,-43.5088],[-73.6372,-41.9668],[-74.296,-43.2655],[-73.7713,-43.5088]]],[[[-73.0804,-53.032],[-72.869,-52.2813],[-73.5605,-52.2826],[-73.0804,-53.032]]],[[[-68.7494,-54.8886],[-68.7053,-53.2346],[-68.7013,-52.7201],[-69.4067,-52.5665],[-70.4647,-53.3731],[-69.5146,-53.3446],[-70.1455,-53.8057],[-69.0555,-54.602],[-70.6207,-54.5015],[-70.7215,-54.9369],[-68.7494,-54.8886]]]]},"properties":{"NAME":"Chile","SUBJECTO":"Chile","PARTOF":"Chile","BORDERPRECISION":3,"LINK":null}},
{"type":"Feature","geometry":{"type":"Polygon","coordinates":[[[19.8428,-24.9441],[20.649,-25.7533],[20.7733,-26.9543],[22.1724,-26.5583],[23.0884,-25.364],[25.3759,-25.8404],[26.9631,-23.7711],[29.2334,-22.1873],[27.97,-21.5779],[27.6179,-20.569],[26.1037,-19.5351],[25,-17.8122],[23.6596,-18.4495],[23.2863,-18.1147],[20.95,-18.3955],[20.919,-22.0577],[19.886,-22.1146],[19.8428,-24.9441]]]},"properties":{"NAME":"Botswana","SUBJECTO":"United Kingdom of Great Britain and Ireland","PARTOF":"Botswana","BORDERPRECISION":3,"LINK":null}},
{"type":"Feature","geometry":{"type":"Polygon","coordinates":[[[-62.61,-22.1565],[-60.8647,-23.8805],[-57.7099,-25.3359],[-58.6918,-27.3167],[-55.7318,-27.4521],[-54.5804,-25.7433],[-54.2272,-24.058],[-55.2347,-24.0321],[-55.6228,-22.4462],[-57.8058,-22.154],[-58.1377,-19.8118],[-59.2147,-19.3036],[-61.5508,-19.6412],[-62.61,-22.1565]]]},"properties":{"NAME":"Paraguay","SUBJECTO":"Paraguay","PARTOF":"Paraguay","BORDERPRECISION":3,"LINK":null}},
{"type":"Feature","geometry":{"type":"MultiPolygon","coordinates":[[[[32.1633,-27.0094],[31.9004,-27.4561],[31.3312,-27.4085],[30.8118,-26.7501],[31.3616,-25.8185],[32.0134,-26.0818],[31.2784,-22.5569],[29.2334,-22.1873],[26.9631,-23.7711],[25.3759,-25.8404],[23.0884,-25.364],[22.1724,-26.5583],[20.7733,-26.9543],[20.649,-25.7533],[19.8428,-24.9441],[19.8404,-28.4442],[18.9372,-28.963],[17.7066,-28.8731],[17.0085,-28.0719],[16.3342,-28.5608],[18.1786,-31.8053],[18.3087,-32.7075],[17.8676,-32.9944],[18.3463,-34.3472],[18.7242,-34.2193],[19.8838,-34.9923],[22.2621,-34.1675],[24.5922,-34.3598],[26.963,-33.713],[28.9219,-32.2979],[32.2347,-28.7444],[32.849,-26.9789],[32.1633,-27.0094]],[[27.8479,-30.7863],[27.0708,-29.7987],[28.6156,-28.7215],[29.4362,-29.429],[27.8479,-30.7863]]],[[[14.5701,-22.7581],[14.444,-23.4117],[14.7916,-23.4031],[14.5701,-22.7581]]]]},"properties":{"NAME":"South Africa","SUBJECTO":"United Kingdom of Great Britain and Ireland","PARTOF":"South Africa","BORDERPRECISION":3,"LINK":null}},
{"type":"Feature","geometry":{"type":"Polygon","coordinates":[[[32.0134,-26.0818],[31.3616,-25.8185],[30.8118,-26.7501],[31.3312,-27.4085],[31.9004,-27.4561],[32.1633,-27.0094],[32.0134,-26.0818]]]},"properties":{"NAME":"Swaziland","SUBJECTO":"Swaziland","PARTOF":"Swaziland","BORDERPRECISION":3,"LINK":null}},
{"type":"Feature","geometry":{"type":"Polygon","coordinates":[[[27.8479,-30.7863],[29.4362,-29.429],[28.6156,-28.7215],[27.0708,-29.7987],[27.8479,-30.7863]]]},"properties":{"NAME":"Lesotho","SUBJECTO":"Lesotho","PARTOF":"Lesotho","BORDERPRECISION":3,"LINK":null}},
{"type":"Feature","geometry":{"type":"MultiPolygon","coordinates":[[[[175.3077,-37.321],[174.6448,-36.8306],[174.9727,-36.778],[174.3002,-35.3473],[172.6332,-34.5595],[174.7647,-37.2965],[174.6547,-38.9833],[173.8048,-39.4197],[175.3536,-40.3],[174.8954,-41.2961],[175.3653,-41.6616],[177.1557,-39.9502],[177.0238,-39.4452],[178.4082,-38.7712],[178.5995,-38.1254],[178.2413,-37.8323],[177.3618,-38.2365],[176.1292,-37.7982],[175.6627,-36.95],[175.64,-37.4097],[175.3077,-37.321]]],[[[172.0627,-43.9231],[173.0096,-43.8438],[172.4405,-43.5094],[174.2335,-42.0112],[174.0585,-41.2914],[173.264,-41.5437],[172.4374,-40.7531],[171.0241,-42.8869],[167.9667,-44.4802],[166.5228,-46.2327],[169.3993,-46.7096],[170.6116,-45.9461],[170.9942,-44.2675],[172.0627,-43.9231]]]]},"properties":{"NAME":"New Zealand","SUBJECTO":"New Zealand","PARTOF":"New Zealand","BORDERPRECISION":3,"LINK":null}},
{"type":"Feature","geometry":{"type":"MultiPolygon","coordinates":[[[[-67.1889,-22.9835],[-67.2575,-24.0827],[-68.4855,-24.744],[-68.2492,-27.0796],[-68.8235,-27.2671],[-69.5807,-28.5286],[-70.4345,-31.257],[-69.8155,-34.0717],[-70.4804,-35.358],[-70.3907,-36.1651],[-71.0951,-36.8052],[-70.8441,-38.7265],[-71.4195,-39.1056],[-71.8602,-40.7482],[-72.0465,-43.05],[-71.6735,-44.3719],[-71.0689,-44.6647],[-71.9916,-44.895],[-71.4001,-45.2789],[-71.6932,-46.6915],[-72.3823,-47.578],[-72.4584,-48.8543],[-73.4961,-49.5581],[-73.3866,-50.3499],[-73.158,-50.855],[-72.3329,-50.6927],[-71.7945,-52.0884],[-69.5865,-52.1429],[-68.4559,-52.4202],[-69.0409,-50.5624],[-67.8335,-49.9682],[-67.5776,-49.0585],[-65.9926,-48.0767],[-65.7133,-47.3536],[-67.1119,-46.7324],[-67.4725,-45.9223],[-66.6949,-45.1311],[-65.4362,-44.8897],[-65.3072,-43.6014],[-64.3093,-43.0271],[-65.0851,-42.7844],[-63.6,-42.7044],[-63.729,-42.101],[-64.2859,-42.4745],[-64.992,-42.1934],[-65.1532,-40.9753],[-63.4756,-41.1898],[-62.3533,-40.8992],[-62.3099,-38.8802],[-59.5154,-38.8745],[-57.6434,-38.2587],[-56.6981,-36.9441],[-57.3717,-36.1494],[-57.2255,-35.4363],[-58.5228,-34.5871],[-58.3397,-34.2161],[-57.5757,-30.4029],[-54.9113,-27.8031],[-53.7311,-27.2183],[-53.8489,-25.7518],[-54.5804,-25.7433],[-55.7318,-27.4521],[-58.6918,-27.3167],[-57.7099,-25.3359],[-60.8647,-23.8805],[-62.61,-22.1565],[-63.7836,-22.0745],[-64.2486,-22.8775],[-64.7556,-22.1627],[-66.1459,-21.9231],[-67.1889,-22.9835]]],[[[-68.7494,-54.8886],[-66.458,-55.0697],[-65.2592,-54.7188],[-66.4175,-54.6072],[-68.7053,-53.2346],[-68.7494,-54.8886]]]]},"properties":{"NAME":"Argentina","SUBJECTO":"Argentina","PARTOF":"Argentina","BORDERPRECISION":3,"LINK":null}},
{"type":"Feature","geometry":{"type":"Polygon","coordinates":[[[-24.2189,65.5337],[-21.7938,65.2985],[-23.6746,64.6593],[-21.4885,64.3761],[-22.3729,63.7732],[-18.9608,63.3375],[-14.8212,64.195],[-13.5574,65.0094],[-13.6469,65.4953],[-16.3852,66.4544],[-16.568,66.0293],[-18.0225,66.0778],[-17.8838,65.7568],[-18.6763,66.0912],[-19.336,65.6739],[-19.9733,66.1107],[-21.0797,65.2054],[-21.4432,66.1299],[-22.6764,66.3913],[-22.6093,65.9231],[-23.4656,66.1334],[-23.267,65.7249],[-24.2189,65.5337]]]},"properties":{"NAME":"Iceland","SUBJECTO":"Iceland","PARTOF":"Iceland","BORDERPRECISION":3,"LINK":null}},
{"type":"Feature","geometry":{"type":"Polygon","coordinates":[[[6.1085,50.1175],[5.9996,50.7416],[5.1125,51.4055],[3.775,51.3877],[2.5221,51.0911],[4.1563,49.9658],[4.8654,50.1337],[4.8599,49.7822],[5.8235,49.5071],[6.1085,50.1175]]]},"properties":{"NAME":"Belgium","SUBJECTO":"Belgium","PARTOF":"Belgium","BORDERPRECISION":3,"LINK":null}},
{"type":"Feature","geometry":{"type":"MultiPolygon","coordinates":[[[[-14.5098,28.05],[-13.881,28.1994],[-13.5182,29.4285],[-14.5098,28.05]]],[[[-15.574,28.178],[-15.9127,27.9005],[-15.574,27.7294],[-15.2112,27.9005],[-15.574,28.178]]],[[[-17.2913,28.2846],[-17.3397,28.0287],[-16.6383,28.05],[-16.082,28.5399],[-17.2913,28.2846]]],[[[-8.8061,41.8892],[-6.7087,41.96],[-6.1115,41.4175],[-6.8344,41.0605],[-6.8783,39.7024],[-7.431,39.5205],[-6.9334,38.9613],[-7.3939,38.295],[-6.8448,38.1002],[-7.4915,37.2082],[-6.6322,37.0218],[-5.6606,36.008],[-4.4466,36.722],[-2.2388,36.7284],[0.1726,38.7383],[-0.3948,39.4345],[0.7338,40.875],[3.1289,41.8572],[3.0871,42.3686],[-0.1656,42.6488],[-1.9146,43.3054],[-7.9795,43.7401],[-9.2708,43.0487],[-8.6441,42.4197],[-8.8061,41.8892]]]]},"properties":{"NAME":"Spain","SUBJECTO":"Spain","PARTOF":"Spain","BORDERPRECISION":3,"LINK":null}},
{"type":"Feature","geometry":{"type":"Polygon","coordinates":[[[40.0981,43.3776],[41.4097,42.7882],[41.484,41.4365],[42.8784,41.5455],[43.4893,41.0747],[45.141,41.304],[46.6693,41.0807],[46.5558,41.8785],[45.0312,42.772],[44.0525,42.5592],[42.9569,43.1762],[40.0981,43.3776]]]},"properties":{"NAME":"Georgia","SUBJECTO":"Georgia","PARTOF":"Georgia","BORDERPRECISION":3,"LINK":null}},
{"type":"Feature","geometry":{"type":"Polygon","coordinates":[[[19.3677,41.8464],[19.5577,42.5473],[20.0471,42.4875],[20.3627,42.8573],[19.2227,43.5102],[18.4844,42.9778],[18.5136,42.3621],[19.3677,41.8464]]]},"properties":{"NAME":"Montenegro","SUBJECTO":"Montenegro","PARTOF":"Montenegro","BORDERPRECISION":3,"LINK":null}},
{"type":"Feature","geometry":{"type":"Polygon","coordinates":[[[19.3677,41.8464],[19.3691,40.2603],[20.1224,39.551],[21.0316,40.7268],[20.0471,42.4875],[19.5577,42.5473],[19.3677,41.8464]]]},"properties":{"NAME":"Albania","SUBJECTO":"Albania","PARTOF":"Albania","BORDERPRECISION":3,"LINK":null}},
{"type":"Feature","geometry":{"type":"Polygon","coordinates":[[[-8.8061,41.8892],[-8.6941,40.9922],[-9.549,38.7745],[-9.0408,38.9202],[-9.2366,38.4174],[-8.7889,38.436],[-8.9908,36.99],[-7.4915,37.2082],[-6.8448,38.1002],[-7.3939,38.295],[-6.9334,38.9613],[-7.431,39.5205],[-6.8783,39.7024],[-6.8344,41.0605],[-6.1115,41.4175],[-6.7087,41.96],[-8.8061,41.8892]]]},"properties":{"NAME":"Portugal","SUBJECTO":"Portugal","PARTOF":"Portugal","BORDERPRECISION":3,"LINK":null}},
{"type":"Feature","geometry":{"type":"MultiPolygon","coordinates":[[[[45.141,41.304],[46.063,40.2403],[45.7651,39.985],[46.6268,39.5702],[46.6011,38.9833],[47.8538,39.7097],[48.3955,39.363],[48.0518,38.6871],[48.825,38.3096],[49.5733,40.1765],[50.4668,40.3254],[49.6052,40.6871],[48.6832,41.8359],[47.8181,41.1977],[46.5558,41.8785],[46.6693,41.0807],[45.141,41.304]]],[[[44.6696,39.757],[45.5595,38.9329],[46.2844,38.8225],[45.946,39.5595],[44.6696,39.757]]]]},"properties":{"NAME":"Azerbaijan","SUBJECTO":"Azerbaijan","PARTOF":"Azerbaijan","BORDERPRECISION":3,"LINK":null}},
{"type":"Feature","geometry":{"type":"Polygon","coordinates":[[[43.4893,41.0747],[43.6845,40.1091],[44.6696,39.757],[45.946,39.5595],[46.2844,38.8225],[46.6011,38.9833],[46.6268,39.5702],[45.7651,39.985],[46.063,40.2403],[45.141,41.304],[43.4893,41.0747]]]},"properties":{"NAME":"Armenia","SUBJECTO":"Armenia","PARTOF":"Armenia","BORDERPRECISION":3,"LINK":null}},
{"type":"Feature","geometry":{"type":"Polygon","coordinates":[[[46.6011,38.9833],[46.2844,38.8225],[45.5595,38.9329],[44.6696,39.757],[44.0821,39.2945],[44.2052,37.8674],[45.3881,35.9256],[46.211,35.7838],[45.5062,33.7973],[46.124,32.772],[47.7424,31.9048],[47.6887,30.8821],[48.5536,29.9946],[49.2222,30.4775],[49.3214,30.1029],[50.1324,30.0664],[51.3501,28.0361],[53.6339,26.7479],[54.6461,26.3913],[56.4309,27.1066],[57.4649,25.7048],[61.57,25.0396],[61.9413,26.1564],[63.1562,26.5508],[63.257,27.1038],[62.671,28.2054],[61.6593,28.6568],[60.8205,29.8333],[61.7792,30.9052],[60.7938,31.5789],[60.5401,32.9932],[60.8531,33.4838],[60.4192,34.078],[61.2213,35.5816],[61.014,36.6366],[60.3463,36.6074],[57.2255,38.1882],[55.3557,38.0377],[54.0151,37.3483],[53.7997,36.679],[51.417,36.4557],[48.8372,37.511],[48.825,38.3096],[48.0518,38.6871],[48.3955,39.363],[47.8538,39.7097],[46.6011,38.9833]]]},"properties":{"NAME":"Persia","SUBJECTO":"Persia","PARTOF":"Persia","BORDERPRECISION":3,"LINK":null}},
{"type":"Feature","geometry":{"type":"Polygon","coordinates":[[[60.8205,29.8333],[62.9464,29.3563],[66.0906,29.7361],[66.9208,31.2074],[69.2064,31.798],[69.5079,32.9486],[70.2892,33.2831],[69.87,33.9408],[71.1535,34.1384],[71.6495,36.3336],[74.5205,37.0046],[74.7333,37.2094],[73.0472,37.3283],[71.5245,36.7143],[71.4441,37.834],[70.7188,38.3649],[70.2214,37.528],[69.567,37.5053],[69.3078,37.0837],[67.9654,36.8344],[65.7247,37.4903],[64.826,37.1479],[64.4945,36.2806],[62.6776,35.2655],[61.2213,35.5816],[60.4192,34.078],[60.8531,33.4838],[60.5401,32.9932],[60.7938,31.5789],[61.7792,30.9052],[60.8205,29.8333]]]},"properties":{"NAME":"Afghanistan","SUBJECTO":"Afghanistan","PARTOF":"Afghanistan","BORDERPRECISION":3,"LINK":null}},
{"type":"Feature","geometry":{"type":"Polygon","coordinates":[[[11.4707,33.1441],[10.0195,34.0815],[11.1251,35.2406],[10.5115,36.0862],[11.0238,37.0683],[10.3928,36.7166],[9.4161,37.2754],[8.6367,36.8853],[8.291,34.7695],[7.5306,33.8119],[9.0065,31.9073],[9.5749,30.2074],[10.1328,30.6427],[10.1324,31.4816],[11.4164,32.3277],[11.4707,33.1441]]]},"properties":{"NAME":"Tunisia","SUBJECTO":"Tunisia","PARTOF":"Tunisia","BORDERPRECISION":3,"LINK":null}},
{"type":"Feature","geometry":{"type":"Polygon","coordinates":[[[-117.1737,32.5206],[-115.6023,29.6852],[-114.0673,28.4229],[-114.2144,27.9075],[-115.0546,27.8532],[-112.411,26.1928],[-112.0928,24.89],[-110.0036,22.8854],[-109.4886,23.5731],[-110.2049,24.3155],[-110.6557,24.2192],[-111.5938,26.7604],[-111.9149,26.6644],[-112.8699,28.3347],[-114.6828,30.1432],[-114.8387,31.8155],[-113.0521,31.1387],[-111.6916,28.4961],[-109.1888,26.4412],[-109.2627,25.6462],[-108.0775,25.0638],[-105.5399,22.2846],[-105.2161,21.3126],[-105.6873,20.4026],[-104.9479,19.4378],[-103.4939,18.3539],[-101.9926,18.0265],[-97.8809,16.052],[-96.3329,15.7502],[-95.1302,16.2995],[-94.363,16.2248],[-92.1554,14.5428],[-92.2435,15.2822],[-91.7595,16.0978],[-90,16.0978],[-90,16.8164],[-91.4772,17.2639],[-91.0278,17.2782],[-91.0099,17.8362],[-89.1543,17.8312],[-88.3205,18.4944],[-88.1377,18.8944],[-87.8771,18.3809],[-87.6507,20.1899],[-86.9359,20.9764],[-87.2006,21.5289],[-90,21.1607],[-90,19.3815],[-91.2197,19.1025],[-91.7297,18.4157],[-92.0979,18.7596],[-94.5899,18.2712],[-96.0123,18.9293],[-97.882,22.3326],[-97.7419,24.7296],[-97.26,25.8114],[-99.1,26.4088],[-101.1966,29.4909],[-102.2372,29.7778],[-103.586,29.0569],[-104.5743,29.5797],[-105.1263,30.6146],[-106.5445,31.7021],[-108.2321,31.7243],[-108.371,31.2776],[-111.0889,31.3067],[-114.8841,32.6357],[-117.1737,32.5206]]]},"properties":{"NAME":"Mexico","SUBJECTO":"Mexico","PARTOF":"Mexico","BORDERPRECISION":3,"LINK":null}},
{"type":"Feature","geometry":{"type":"Polygon","coordinates":[[[47.9114,29.8903],[47.1067,29.8118],[46.9051,29.4376],[46.5092,28.9701],[48.4435,28.4402],[48.1291,29.2682],[47.614,29.2722],[47.9114,29.8903]]]},"properties":{"NAME":"Kuwait","SUBJECTO":"Kuwait","PARTOF":"Kuwait","BORDERPRECISION":3,"LINK":null}},
{"type":"Feature","geometry":{"type":"Polygon","coordinates":[[[100.1587,6.3401],[100.6174,6.4223],[101.0764,5.5313],[101.3117,5.8346],[101.7626,5.5862],[102.0738,6.1542],[101.428,6.8282],[100.5396,7.0487],[99.8373,9.2265],[99.1956,9.2378],[99.0713,9.8983],[100.04,13.3947],[100.9087,13.4473],[100.8716,12.6785],[101.7235,12.655],[102.6708,12.0377],[102.3345,13.2326],[102.8484,14.0931],[105.0565,14.2395],[105.4732,15.1502],[103.8077,18.3474],[103.2245,18.4392],[102.6615,17.8454],[101.8646,18.1074],[100.9536,17.4543],[101.1176,19.5],[100.4172,19.5086],[100.4306,20.2262],[100.0012,20.4587],[98.0157,19.7486],[97.7111,18.5085],[97.3735,18.4494],[98.8236,16.3177],[98.137,15.1896],[99.003,13.8862],[99.5811,11.8887],[98.5932,10.1205],[98.1952,8.3271],[98.8895,8.0172],[100.1587,6.3401]]]},"properties":{"NAME":"Rattanakosin Kingdom","SUBJECTO":"Rattanakosin Kingdom","PARTOF":"Rattanakosin Kingdom","BORDERPRECISION":3,"LINK":null}},
{"type":"Feature","geometry":{"type":"Polygon","coordinates":[[[-89.1543,17.8312],[-89.2511,15.8975],[-88.9408,15.9046],[-88.2834,16.8347],[-88.3205,18.4944],[-89.1543,17.8312]]]},"properties":{"NAME":"Belize","SUBJECTO":"Belize","PARTOF":"Belize","BORDERPRECISION":3,"LINK":null}},
{"type":"Feature","geometry":{"type":"Polygon","coordinates":[[[-92.1554,14.5428],[-91.242,13.9516],[-90,13.8729],[-89.3803,14.4666],[-89.1764,15.0962],[-88.2739,15.7472],[-88.9408,15.9046],[-89.2511,15.8975],[-89.1543,17.8312],[-91.0099,17.8362],[-91.0278,17.2782],[-91.4772,17.2639],[-90,16.8164],[-90,16.0978],[-91.7595,16.0978],[-92.2435,15.2822],[-92.1554,14.5428]]]},"properties":{"NAME":"Guatemala","SUBJECTO":"Guatemala","PARTOF":"Guatemala","BORDERPRECISION":3,"LINK":null}},
{"type":"Feature","geometry":{"type":"Polygon","coordinates":[[[-83.4172,15.0009],[-84.6505,15.9334],[-88.2739,15.7472],[-89.1764,15.0962],[-89.3803,14.4666],[-88.5144,13.8872],[-87.7896,13.9086],[-87.7706,13.5009],[-87.4043,13.0299],[-86.8234,13.1505],[-86.6893,13.7682],[-85.7353,13.8566],[-84.8338,14.7714],[-83.4172,15.0009]]]},"properties":{"NAME":"Honduras","SUBJECTO":"Honduras","PARTOF":"Honduras","BORDERPRECISION":3,"LINK":null}},
{"type":"Feature","geometry":{"type":"Polygon","coordinates":[[[-90,13.8729],[-88.6381,13.2552],[-87.9487,13.1718],[-87.7706,13.5009],[-87.7896,13.9086],[-88.5144,13.8872],[-89.3803,14.4666],[-90,13.8729]]]},"properties":{"NAME":"El Salvador","SUBJECTO":"El Salvador","PARTOF":"El Salvador","BORDERPRECISION":3,"LINK":null}},
{"type":"Feature","geometry":{"type":"Polygon","coordinates":[[[-77.8967,7.1718],[-77.3222,6.5435],[-77.4445,4.1791],[-77.106,3.7922],[-77.8021,2.5769],[-78.6095,2.3654],[-78.4918,1.9208],[-79.0139,1.7735],[-78.9435,1.3808],[-77.2897,0.2624],[-76.1479,0.3455],[-75.5256,-0.1402],[-74.4742,-0.5726],[-72.9591,-2.4513],[-70.9231,-2.3184],[-70.0523,-2.8217],[-70.5879,-3.7909],[-69.878,-4.187],[-69.3208,-1.2983],[-69.9838,-0.2662],[-69.983,0.4648],[-69.0424,0.534],[-69.7611,1.0446],[-69.7366,1.655],[-67.9747,1.6146],[-67.1797,2.0707],[-67.7678,2.8237],[-67.223,3.3355],[-67.9352,5.1432],[-67.4759,6.2077],[-69.3032,6.0061],[-70.3065,6.9729],[-71.8121,6.9703],[-72.364,7.4693],[-72.8776,9.2402],[-73.3368,9.1994],[-72.051,11.7218],[-71.1887,11.9116],[-71.1305,12.2132],[-71.6979,12.4281],[-73.3623,11.325],[-74.2189,11.3676],[-74.449,10.7697],[-74.7163,11.0615],[-75.2264,10.8252],[-75.7027,9.426],[-76.8425,8.5592],[-76.8582,7.93],[-77.4947,8.6615],[-77.1253,7.9804],[-77.6993,7.7502],[-77.8967,7.1718]]]},"properties":{"NAME":"Colombia","SUBJECTO":"Colombia","PARTOF":"Colombia","BORDERPRECISION":3,"LINK":null}},
{"type":"Feature","geometry":{"type":"MultiPolygon","coordinates":[[[[100.1587,6.3401],[100.6643,3.9037],[101.3364,2.7805],[103.3491,1.4124],[104.1756,1.3887],[103.3511,2.804],[103.3418,4.8054],[102.0738,6.1542],[101.7626,5.5862],[101.3117,5.8346],[101.0764,5.5313],[100.6174,6.4223],[100.1587,6.3401]]],[[[109.5175,1.8205],[110.5486,0.726],[111.562,0.7638],[112.616,1.4629],[113.6768,1.1451],[114.6589,1.5958],[115.7068,4.1567],[117.5587,3.9807],[118.3187,4.2342],[118.1084,4.939],[119.0426,5.1698],[117.7616,5.58],[117.8665,5.9043],[117.3701,5.7889],[117.5071,6.3928],[117.0311,6.8365],[116.5956,6.8991],[115.7173,5.4676],[115.2917,5.454],[115.3614,4.8759],[114.9615,4.8765],[115.1613,4.3094],[114.4337,3.9983],[114.0737,4.455],[112.7592,3.0086],[111.3718,2.5989],[110.8934,1.5113],[111.1199,1.2703],[109.5175,1.8205]]]]},"properties":{"NAME":"Malaya","SUBJECTO":"Malaya","PARTOF":"Malaya","BORDERPRECISION":3,"LINK":null}},
{"type":"Feature","geometry":{"type":"Polygon","coordinates":[[[-56.7096,1.8915],[-55.7935,1.7253],[-55.9011,2.3985],[-54.3883,2.2613],[-53.9773,3.3571],[-54.3661,4.6899],[-53.8369,5.6895],[-54.8948,5.9946],[-57.0651,5.8374],[-57.9951,3.9626],[-57.1635,3.122],[-56.7096,1.8915]]]},"properties":{"NAME":"Suriname","SUBJECTO":"Suriname","PARTOF":"Suriname","BORDERPRECISION":3,"LINK":null}},
{"type":"Feature","geometry":{"type":"Polygon","coordinates":[[[-54.3883,2.2613],[-52.8464,2.0925],[-51.6234,4.2159],[-53.8369,5.6895],[-54.3661,4.6899],[-53.9773,3.3571],[-54.3883,2.2613]]]},"properties":{"NAME":"French Guiana","SUBJECTO":"French Guiana","PARTOF":"French Guiana","BORDERPRECISION":3,"LINK":null}},
{"type":"Feature","geometry":{"type":"MultiPolygon","coordinates":[[[[9.8812,2.0583],[9.3704,1.1707],[9.629,0.8895],[11.2388,0.9102],[11.2177,2.0543],[9.8812,2.0583]]],[[[8.5763,3.0665],[8.8272,3.6119],[8.3581,3.3174],[8.5763,3.0665]]]]},"properties":{"NAME":"Equatorial Guinea","SUBJECTO":"Equatorial Guinea","PARTOF":"Equatorial Guinea","BORDERPRECISION":3,"LINK":null}},
{"type":"Feature","geometry":{"type":"Polygon","coordinates":[[[-78.9435,1.3808],[-80.0856,0.818],[-80.3388,-0.6632],[-80.9661,-1.0331],[-80.7776,-2.5387],[-80.3573,-2.7284],[-79.813,-2.1705],[-80.2289,-3.4712],[-80.2585,-4.414],[-78.9983,-5.0102],[-78.0405,-3.2187],[-75.8871,-1.992],[-75.2067,-0.8375],[-75.5256,-0.1402],[-76.1479,0.3455],[-77.2897,0.2624],[-78.9435,1.3808]]]},"properties":{"NAME":"Ecuador","SUBJECTO":"Ecuador","PARTOF":"Ecuador","BORDERPRECISION":3,"LINK":null}},
{"type":"Feature","geometry":{"type":"Polygon","coordinates":[[[-69.5899,-10.9022],[-70.5645,-10.8889],[-70.5428,-9.5227],[-71.3243,-10.0166],[-72.1539,-10.0024],[-72.3054,-9.5585],[-73.1207,-9.4045],[-72.9161,-9.0411],[-73.89,-7.3248],[-73.0619,-6.5192],[-72.7693,-5.1448],[-69.878,-4.187],[-70.5879,-3.7909],[-70.0523,-2.8217],[-70.9231,-2.3184],[-72.9591,-2.4513],[-74.4742,-0.5726],[-75.5256,-0.1402],[-75.2067,-0.8375],[-75.8871,-1.992],[-78.0405,-3.2187],[-78.9983,-5.0102],[-80.2585,-4.414],[-80.2289,-3.4712],[-81.4133,-4.5671],[-80.8234,-5.7159],[-81.297,-6.0409],[-80.0659,-6.7563],[-79.0602,-8.2155],[-76.3592,-13.2291],[-76.0526,-14.4101],[-74.0496,-16.045],[-71.6119,-17.2215],[-70.3636,-18.455],[-69.4301,-17.6038],[-69.0123,-16.6167],[-69.2908,-14.9412],[-68.6399,-12.5804],[-69.5899,-10.9022]]]},"properties":{"NAME":"Peru","SUBJECTO":"Peru","PARTOF":"Peru","BORDERPRECISION":3,"LINK":null}},
{"type":"Feature","geometry":{"type":"MultiPolygon","coordinates":[[[[-60.553,5.0091],[-61.6294,4.208],[-62.58,4.0434],[-62.8413,3.4888],[-64.5827,4.1205],[-63.902,2.3763],[-63.2071,2.1834],[-65.3559,0.5623],[-65.5989,0.9867],[-66.1259,0.6404],[-66.8498,1.0111],[-67.1797,2.0707],[-67.9747,1.6146],[-69.7366,1.655],[-69.7611,1.0446],[-69.0424,0.534],[-69.983,0.4648],[-69.9838,-0.2662],[-69.3208,-1.2983],[-69.878,-4.187],[-72.7693,-5.1448],[-73.0619,-6.5192],[-73.89,-7.3248],[-72.9161,-9.0411],[-73.1207,-9.4045],[-72.3054,-9.5585],[-72.1539,-10.0024],[-71.3243,-10.0166],[-70.5428,-9.5227],[-70.5645,-10.8889],[-69.5899,-10.9022],[-68.5022,-11.0864],[-66.306,-9.8407],[-65.3087,-9.8157],[-65.2731,-11.3659],[-64.7563,-12.0491],[-62.0786,-13.1007],[-61.7263,-13.5879],[-60.4014,-13.8278],[-60.1009,-16.2785],[-58.3335,-16.3697],[-58.4017,-17.1325],[-57.5964,-18.0426],[-58.1377,-19.8118],[-57.8058,-22.154],[-55.6228,-22.4462],[-55.2347,-24.0321],[-54.2272,-24.058],[-54.5804,-25.7433],[-53.8489,-25.7518],[-53.7311,-27.2183],[-54.9113,-27.8031],[-57.5757,-30.4029],[-56.6266,-30.2896],[-55.8741,-31.1743],[-55.4406,-30.9749],[-54.1072,-31.85],[-53.2283,-32.8165],[-53.4056,-33.8795],[-51.2324,-30.2654],[-50.5817,-30.4165],[-51.4774,-31.8235],[-48.7284,-28.3671],[-48.7245,-25.4256],[-46.2062,-23.8828],[-45.4592,-23.8558],[-44.5613,-22.9899],[-42.1384,-22.972],[-40.9835,-22.0864],[-40.9328,-21.2794],[-39.739,-19.5741],[-39.6661,-18.227],[-39.1425,-17.7747],[-38.7989,-12.6273],[-38.2661,-12.8867],[-37.1865,-10.8447],[-35.5986,-9.6276],[-34.8907,-7.6118],[-35.4644,-5.2683],[-37.1806,-4.9543],[-39.7218,-3.009],[-42.1083,-2.8616],[-43.2332,-2.4193],[-44.5934,-3.1466],[-44.4617,-2.2694],[-44.7959,-1.7364],[-47.2371,-0.6804],[-48.0425,-0.8156],[-49.4228,-2.3588],[-49.2906,-1.7906],[-50.5285,-1.9331],[-50.9768,-1.1143],[-52.1435,-1.5172],[-49.8639,1.3283],[-50.6881,2.2162],[-51.3152,4.2611],[-51.6234,4.2159],[-52.8464,2.0925],[-54.3883,2.2613],[-55.9011,2.3985],[-55.7935,1.7253],[-56.7096,1.8915],[-58.5442,1.1877],[-59.1287,1.3304],[-59.9354,2.7305],[-59.5129,3.9663],[-60.0849,4.4588],[-59.8994,5.0448],[-60.553,5.0091]]],[[[-50.225,-1.7354],[-48.8857,-1.4211],[-48.4019,-0.3907],[-50.5014,-0.2617],[-50.6466,-1.2661],[-50.225,-1.7354]]]]},"properties":{"NAME":"Brazil","SUBJECTO":"Brazil","PARTOF":"Brazil","BORDERPRECISION":3,"LINK":null}},
{"type":"Feature","geometry":{"type":"MultiPolygon","coordinates":[[[[149.5542,-6.4061],[151.9199,-5.6573],[152.0899,-4.3604],[151.5393,-4.4061],[151.5699,-5.0289],[150.7216,-5.6218],[149.8693,-5.4012],[149.6485,-5.7131],[148.3063,-5.7732],[149.5542,-6.4061]]],[[[140.9476,-9.2739],[142.6074,-9.3766],[143.3311,-9],[142.2489,-8.3095],[143.4368,-8.3578],[143.6648,-7.6709],[144.6274,-7.7832],[145.8196,-8.0984],[147.6155,-10.084],[150.5234,-10.6371],[149.5674,-9.9273],[149.8299,-9.7106],[149.0779,-9.458],[149.1977,-9.1208],[148.4588,-9.097],[147.1512,-7.5617],[146.9091,-6.8948],[147.7386,-6.7405],[147.3765,-6.1248],[145.6081,-5.5248],[145.7282,-4.997],[144.5427,-3.9954],[140.8698,-2.7948],[140.9476,-9.2739]]]]},"properties":{"NAME":"Papua New Guinea","SUBJECTO":"Papua New Guinea","PARTOF":"Papua New Guinea","BORDERPRECISION":3,"LINK":null}},
{"type":"Feature","geometry":{"type":"MultiPolygon","coordinates":[[[[146.7127,-43.7218],[147.9257,-42.8234],[148.2695,-41.0926],[146.3822,-41.3083],[144.6969,-40.8622],[145.6243,-42.5189],[145.2794,-42.6677],[146.7127,-43.7218]]],[[[142.3376,-10.9154],[141.6785,-12.4678],[141.7113,-15.2267],[140.7075,-17.632],[139.8183,-17.761],[135.4166,-14.9732],[135.8309,-13.4848],[136.4691,-13.2228],[136.7911,-12.3703],[136.4345,-12.1168],[136.0912,-12.5752],[135.649,-12.1884],[135.1285,-12.3866],[132.2056,-11.3186],[132.7511,-12.1692],[131.0283,-12.2683],[130.4635,-12.7589],[129.4266,-14.3059],[129.8486,-14.8199],[129.6323,-15.278],[128.4589,-14.8864],[128.0661,-15.3767],[127.9626,-14.7031],[126.8534,-13.7838],[126.546,-14.3502],[126.2684,-14.0711],[125.8632,-14.6949],[125.1557,-14.8045],[125.1091,-15.6247],[124.4245,-15.6579],[124.3378,-16.262],[124.8463,-16.53],[123.5758,-16.3908],[123.912,-16.9749],[123.4187,-17.5799],[122.7383,-16.5833],[122.0855,-17.3984],[122.1965,-18.2437],[120.8721,-19.6769],[116.4188,-20.8371],[114.4563,-22.0937],[114.232,-22.6155],[113.9006,-22.0377],[113.3792,-24.6136],[114.1808,-26.2714],[113.8807,-26.509],[113.3212,-25.6903],[113.7394,-26.6665],[113.0351,-26.1627],[114.6304,-28.903],[115.677,-31.9279],[115.6467,-33.3654],[114.9858,-33.7547],[115.0469,-34.4225],[116.2514,-35.1007],[117.5298,-35.251],[119.7715,-34.1202],[123.3586,-34.0428],[124.2484,-33.1441],[126.0589,-32.4344],[131.2802,-31.6348],[133.837,-32.342],[135.7124,-35.2074],[137.8682,-32.7471],[138.1887,-33.2935],[136.947,-35.4726],[137.6833,-35.3309],[138.1015,-34.3561],[138.5676,-34.9277],[138.1972,-35.7569],[139.3679,-35.6143],[140.012,-37.6416],[141.2253,-38.4566],[143.3648,-38.9697],[144.9698,-38.0658],[146.5259,-39.1806],[146.2992,-38.8935],[148.037,-38.0979],[149.7124,-37.7943],[150.2215,-35.6941],[152.9719,-31.4182],[153.4935,-28.8409],[152.9042,-25.6303],[150.8025,-23.5999],[150.6936,-22.6781],[149.5568,-22.4326],[149.1015,-21.0601],[148.567,-20.6543],[148.7037,-20.2026],[146.3218,-19.0823],[145.1843,-15.0476],[144.3854,-14.3691],[143.7432,-14.4658],[143.3712,-12.8138],[142.9708,-12.535],[143.1731,-12.1213],[142.3376,-10.9154]]]]},"properties":{"NAME":"Australia","SUBJECTO":"Australia","PARTOF":"Australia","BORDERPRECISION":3,"LINK":null}},
{"type":"Feature","geometry":{"type":"Polygon","coordinates":[[[-58.3397,-34.2161],[-56.3383,-34.9955],[-54.9898,-34.9673],[-53.4056,-33.8795],[-53.2283,-32.8165],[-54.1072,-31.85],[-55.4406,-30.9749],[-55.8741,-31.1743],[-56.6266,-30.2896],[-57.5757,-30.4029],[-58.3397,-34.2161]]]},"properties":{"NAME":"Uruguay","SUBJECTO":"Uruguay","PARTOF":"Uruguay","BORDERPRECISION":3,"LINK":null}},
{"type":"Feature","geometry":{"type":"Polygon","coordinates":[[[5.9996,50.7416],[5.9794,51.8035],[7.0677,52.2186],[7.1599,53.164],[5.3895,53.1386],[5.4732,52.1766],[4.7188,52.8024],[3.775,51.3877],[5.1125,51.4055],[5.9996,50.7416]]]},"properties":{"NAME":"Netherlands","SUBJECTO":"Netherlands","PARTOF":"Netherlands","BORDERPRECISION":3,"LINK":null}},
{"type":"Feature","geometry":{"type":"Polygon","coordinates":[[[88.1973,27.8758],[86.0357,27.9103],[82.1417,30.3656],[81.0213,30.2465],[80.1159,28.8403],[82.8118,27.5382],[84.1361,27.5382],[85.3714,26.757],[87.3493,26.385],[88.0922,26.4445],[88.1973,27.8758]]]},"properties":{"NAME":"Nepal","SUBJECTO":"Nepal","PARTOF":"Nepal","BORDERPRECISION":3,"LINK":null}},
{"type":"Feature","geometry":{"type":"Polygon","coordinates":[[[42.3278,12.3571],[43.048,12.7023],[39.8979,15.502],[39.7964,15.0888],[38.6417,18.0607],[37.0243,16.9519],[36.4767,14.2665],[37.1501,14.4453],[37.3461,14.0533],[37.7203,14.8017],[38.2548,14.3918],[39.9297,14.4275],[42.3278,12.3571]]]},"properties":{"NAME":"Eritrea","SUBJECTO":"Italy","PARTOF":"Eritrea","BORDERPRECISION":3,"LINK":null}},
{"type":"Feature","geometry":{"type":"Polygon","coordinates":[[[36.4767,14.2665],[36.134,12.7717],[35.1674,11.9462],[34.9487,10.8201],[34.3527,10.6768],[34.0418,8.4315],[33.139,8.3435],[33.0298,7.7708],[34.6075,6.6362],[35.7726,5.1495],[35.8022,4.565],[36.2013,4.4979],[39.1578,3.3964],[40.733,4.1494],[41.7652,3.825],[42.6535,4.1354],[43.5911,4.7956],[44.9947,4.8166],[47.9025,7.8782],[43.856,9.0299],[42.8017,10.3455],[42.9276,10.8928],[41.8714,10.8547],[41.7936,11.5533],[42.3278,12.3571],[39.9297,14.4275],[38.2548,14.3918],[37.7203,14.8017],[37.3461,14.0533],[37.1501,14.4453],[36.4767,14.2665]]]},"properties":{"NAME":"Abyssinia","SUBJECTO":"Abyssinia","PARTOF":"Abyssinia","BORDERPRECISION":3,"LINK":null}},
{"type":"Feature","geometry":{"type":"Polygon","coordinates":[[[-16.4551,13.5711],[-16.7756,13.1453],[-15.302,13.5711],[-14.584,13.2156],[-14.0054,13.4247],[-15.2811,13.8081],[-16.4551,13.5711]]]},"properties":{"NAME":"Gambia, The","SUBJECTO":"Gambia, The","PARTOF":"Gambia, The","BORDERPRECISION":3,"LINK":null}},
{"type":"Feature","geometry":{"type":"Polygon","coordinates":[[[42.3278,12.3571],[41.7936,11.5533],[41.8714,10.8547],[42.9276,10.8928],[43.2985,11.4756],[42.5553,11.5683],[43.4748,12.0976],[43.048,12.7023],[42.3278,12.3571]]]},"properties":{"NAME":"Djibouti","SUBJECTO":"France","PARTOF":"Djibouti","BORDERPRECISION":3,"LINK":null}},
{"type":"Feature","geometry":{"type":"Polygon","coordinates":[[[-16.5666,12.3098],[-15.158,11.8761],[-15.4158,11.3354],[-15.0083,11.1017],[-13.7755,11.7457],[-13.6939,12.6234],[-16.5666,12.3098]]]},"properties":{"NAME":"Portuguese Guinea","SUBJECTO":"Portuguese Guinea","PARTOF":"Portuguese Guinea","BORDERPRECISION":3,"LINK":null}},
{"type":"Feature","geometry":{"type":"Polygon","coordinates":[[[-59.8344,8.4402],[-61.7647,8.5828],[-60.7927,9.3882],[-62.1033,10.0209],[-62.2969,9.7218],[-62.9519,10.4513],[-62.2897,10.7323],[-63.8566,10.7099],[-64.8837,10.1357],[-66.4781,10.6788],[-67.9796,10.5421],[-68.6946,11.3795],[-69.6289,11.5406],[-69.9735,12.2284],[-70.3393,11.9988],[-69.7478,11.5335],[-71.5482,10.9493],[-71.0144,9.6267],[-71.6047,9.0916],[-72.114,9.904],[-71.688,10.7693],[-71.9879,11.6076],[-71.1887,11.9116],[-72.051,11.7218],[-73.3368,9.1994],[-72.8776,9.2402],[-72.364,7.4693],[-71.8121,6.9703],[-70.3065,6.9729],[-69.3032,6.0061],[-67.4759,6.2077],[-67.9352,5.1432],[-67.223,3.3355],[-67.7678,2.8237],[-67.1797,2.0707],[-66.8498,1.0111],[-66.1259,0.6404],[-65.5989,0.9867],[-65.3559,0.5623],[-63.2071,2.1834],[-63.902,2.3763],[-64.5827,4.1205],[-62.8413,3.4888],[-62.58,4.0434],[-61.6294,4.208],[-60.553,5.0091],[-61.2548,5.8696],[-61.0213,6.672],[-60.2339,6.9564],[-60.6091,7.4501],[-59.8344,8.4402]]]},"properties":{"NAME":"Venezuela","SUBJECTO":"Venezuela","PARTOF":"Venezuela","BORDERPRECISION":3,"LINK":null}},
{"type":"Feature","geometry":{"type":"Polygon","coordinates":[[[114.9615,4.8765],[114.0737,4.455],[114.4337,3.9983],[115.1613,4.3094],[114.9615,4.8765]]]},"properties":{"NAME":"Brunei","SUBJECTO":"Brunei","PARTOF":"Brunei","BORDERPRECISION":3,"LINK":null}},
{"type":"Feature","geometry":{"type":"MultiPolygon","coordinates":[[[[109.5175,1.8205],[108.9555,1.2593],[108.841,0.3313],[109.4286,-0.7096],[109.1789,-0.869],[109.9409,-1.6426],[110.1023,-3.0785],[111.5872,-2.7957],[111.7395,-3.647],[112.5777,-3.4227],[112.7954,-2.971],[113.6084,-3.6111],[114.2185,-3.4319],[114.5809,-4.2954],[115.8063,-3.5365],[116.2482,-2.7983],[116.0408,-2.4429],[116.3491,-2.4168],[116.0463,-1.9345],[117.3703,-1.0038],[117.5343,0.6107],[118.7652,0.823],[117.7301,1.7994],[117.8292,2.3143],[117.139,3.1706],[117.074,3.5072],[117.6839,3.6292],[117.5587,3.9807],[115.7068,4.1567],[114.6589,1.5958],[113.6768,1.1451],[112.616,1.4629],[111.562,0.7638],[110.5486,0.726],[109.5175,1.8205]]],[[[140.8698,-2.7948],[137.7039,-1.6333],[136.2709,-2.4181],[135.2464,-3.5389],[134.557,-2.7078],[134.2831,-2.8546],[133.9073,-1.0061],[132.254,-0.5267],[131.2114,-1.0246],[131.0644,-1.5397],[131.8156,-1.6652],[132.219,-2.3443],[133.855,-2.2454],[133.7808,-2.7222],[132.0158,-2.8214],[132.8272,-3.506],[132.9316,-4.2684],[133.7525,-3.1862],[134.0406,-3.9482],[137.5953,-5.2498],[139.0283,-7.0199],[138.6496,-7.1415],[139.1561,-7.7251],[138.917,-8.3167],[139.9769,-8.2382],[140.9476,-9.2739],[140.8698,-2.7948]]],[[[130.7838,-3.879],[130.3687,-3.13],[128.0418,-3.0588],[128.376,-3.5474],[129.7813,-3.3219],[130.7838,-3.879]]],[[[126.6605,-3.8752],[127.0938,-3.5184],[126.1111,-3.2981],[126.6605,-3.8752]]],[[[138.1759,-8.5535],[138.8948,-7.7829],[138.568,-7.523],[137.6759,-8.4592],[138.1759,-8.5535]]],[[[122.9486,-8.3771],[122.6924,-8.0937],[122.1659,-8.6343],[120.565,-8.3881],[119.8404,-8.6821],[121.6944,-8.9959],[122.9486,-8.3771]]],[[[117.9377,-8.54],[117.8172,-8.8136],[116.9584,-8.5293],[116.6632,-9.0593],[118.9705,-8.881],[118.7608,-8.3793],[118.462,-8.5961],[117.8062,-8.178],[117.9377,-8.54]]],[[[115.0724,-8.7814],[115.5005,-8.469],[114.4575,-8.3314],[115.0724,-8.7814]]],[[[103.7136,-0.017],[102.2783,0.7428],[101.0598,2.081],[100.7319,1.8706],[99.8632,2.5676],[97.3841,5.1801],[95.2161,5.4995],[95.8276,4.2237],[97.2545,3.1402],[97.5971,2.2514],[98.671,1.6183],[99.1133,0.2212],[99.972,-0.5013],[101.3455,-3.0149],[104.5685,-6.0712],[104.5634,-5.6009],[105.6407,-5.929],[105.9428,-3.2147],[105.4449,-2.5993],[104.6778,-2.6708],[104.8126,-2.1558],[104.3524,-1.8899],[104.2299,-1.1911],[103.3113,-0.8182],[103.7136,-0.017]]],[[[127.6307,-0.017],[128.2994,-1.0246],[127.8647,0.0992],[128.7058,0.2091],[128.1896,0.6274],[128.6086,1.3845],[127.802,0.7155],[127.7998,1.8974],[127.4235,0.9816],[127.6307,-0.017]]],[[[106.5527,-3.1752],[106.6427,-2.7111],[105.8634,-1.6261],[105.6557,-1.957],[105.4267,-1.7096],[105.1997,-2.1105],[106.5527,-3.1752]]],[[[105.1848,-6.8657],[107.7297,-7.7867],[109.0372,-7.7203],[114.3293,-8.783],[114.2308,-7.9315],[112.6784,-7.7188],[112.2748,-7.0269],[110.8146,-6.5343],[110.2426,-7.0313],[109.1611,-7.0231],[108.5558,-6.9205],[108.1733,-6.3557],[105.9332,-6.026],[105.6335,-6.7552],[105.1848,-6.8657]]],[[[123.4919,-10.3522],[127.0972,-8.5075],[125.0798,-8.7725],[123.6654,-9.748],[123.4919,-10.3522]]],[[[120.2798,-10.3782],[120.5813,-10.0978],[119.7887,-9.4576],[118.949,-9.5865],[120.2798,-10.3782]]],[[[119.6921,-0.017],[118.6836,-2.9011],[118.7914,-3.6635],[119.4611,-3.8082],[119.4768,-5.8038],[120.2481,-5.586],[120.1442,-3.0759],[120.5928,-2.8016],[120.9247,-2.8263],[120.8025,-3.5956],[121.508,-4.2359],[121.4413,-4.8653],[122.6484,-4.5131],[122.2582,-3.2111],[121.2535,-1.9613],[122.7571,-1.0938],[123.2127,-1.2326],[123.25,-0.9021],[121.4611,-0.9886],[121.0554,-1.5487],[120.5873,-1.5179],[119.9038,-0.6805],[120.143,0.1905],[124.234,0.3011],[125.0162,1.5419],[123.8262,0.7387],[120.7674,1.1387],[119.6921,-0.017]]]]},"properties":{"NAME":"Netherlands Indies","SUBJECTO":"Netherlands Indies","PARTOF":"Netherlands Indies","BORDERPRECISION":3,"LINK":null}},
{"type":"Feature","geometry":{"type":"MultiPolygon","coordinates":[[[[-89.622,47.9684],[-88.095,49.0046],[-86.4802,48.7632],[-85.9412,48.0482],[-84.8935,47.8599],[-84.3724,46.8724],[-84.7436,46.4684],[-83.8207,46.1504],[-80.7579,45.9699],[-79.6759,44.8668],[-80.0713,44.52],[-80.9072,44.6015],[-81.698,45.2461],[-81.297,44.7131],[-82.2978,43.0287],[-83.056,42.027],[-79.0502,42.8523],[-79.14,43.2221],[-79.8961,43.2824],[-79.1529,43.7724],[-77.1754,43.8433],[-76.8808,44.0927],[-77.5398,44.0906],[-76.1329,44.3267],[-74.7824,45.0122],[-71.5346,44.9586],[-70.5894,45.2946],[-69.0491,47.4644],[-67.7769,47.1645],[-67.1868,45.2523],[-65.7597,45.2945],[-64.7238,45.6682],[-64.7009,46.0845],[-64.2598,45.8431],[-64.9201,45.3668],[-64.5586,45.4572],[-63.3775,45.3849],[-64.1406,45.0536],[-64.4579,45.3909],[-66.193,44.4892],[-65.8408,44.6152],[-66.1895,44.1413],[-65.4671,43.518],[-64.3058,44.6152],[-63.5589,44.5132],[-60.9584,45.3005],[-61.9398,45.9215],[-62.7261,45.6802],[-64.5348,46.2717],[-64.8422,47.1242],[-65.3896,47.1303],[-64.6579,47.7785],[-65.6123,47.6634],[-66.4715,48.0994],[-64.2509,48.5545],[-64.9524,49.2073],[-68.3413,48.5465],[-71.0392,46.7359],[-69.5071,48.4592],[-67.3177,49.4253],[-66.3727,50.3139],[-59.7155,50.5115],[-58.5243,51.3795],[-56.9641,51.4884],[-55.8236,52.021],[-55.7798,53.2387],[-56.6493,53.6576],[-57.1308,53.483],[-57.5611,54.1307],[-60.246,53.2768],[-59.9915,53.8049],[-57.4329,54.5799],[-60.5745,55.071],[-60.4683,55.659],[-62.2856,56.6937],[-61.3506,57.002],[-64.3706,60.0144],[-65.5517,59.7142],[-65.9291,58.4238],[-66.4746,58.808],[-68.0046,58.1657],[-68.5694,58.7833],[-69.8942,58.6845],[-69.5363,60.9892],[-71.6734,61.2657],[-73.3946,62.355],[-75.3559,62.1816],[-77.3616,62.5175],[-78.1765,60.7418],[-77.3885,60.6943],[-77.2148,59.7475],[-78.4688,58.7095],[-76.7724,57.6625],[-76.4629,56.5714],[-77.2338,55.6065],[-79.5451,54.6919],[-78.7579,53.7488],[-78.8227,51.1614],[-79.2762,51.6042],[-79.3385,50.843],[-80.3613,51.304],[-82.3412,52.9808],[-82.2021,54.9689],[-87.4672,55.912],[-90,57.1779],[-92.4831,56.9767],[-93.0742,58.551],[-94.6838,58.8785],[-94.376,60.7951],[-91.8909,62.6036],[-92.4553,62.7941],[-90,62.9462],[-90,63.3024],[-93.3169,63.9736],[-89.8704,63.5752],[-89.9727,64.1905],[-88.3771,64.0573],[-87.1573,65.0596],[-90,65.9736],[-87.5498,65.3495],[-85.9871,66.1628],[-86.739,66.5651],[-83.7405,66.3063],[-84.7139,67.0703],[-83.1387,66.3735],[-82.33,66.6396],[-81.295,67.4987],[-82.6873,68.6975],[-81.583,68.602],[-81.4799,69.1886],[-85.1134,69.8171],[-84.6246,68.7539],[-87.3254,67.1689],[-88.4815,67.991],[-88.0974,68.8526],[-89.1404,69.2347],[-90,68.3691],[-90,69.489],[-92.6712,69.7424],[-91.6577,70.2858],[-93.2712,71.5585],[-95.2458,71.875],[-96.4226,70.093],[-92.9925,69.5146],[-92.9561,69.0843],[-94.3425,69.1119],[-93.4141,68.5425],[-95.3225,68.0603],[-95.2587,67.0284],[-96.2596,67.3151],[-96.2079,68.0736],[-97.5718,68.3699],[-98.4071,68.159],[-97.1586,67.9674],[-97.2607,67.5951],[-98.3549,67.9353],[-101.913,67.7053],[-105.912,68.3394],[-107.662,67.9626],[-107.5276,66.563],[-108.095,67.3596],[-110.1334,67.9058],[-115.5617,67.8957],[-114.1087,68.3465],[-114.8315,68.7651],[-122.3261,69.8845],[-124.2253,69.4034],[-124.9893,69.8947],[-125.4546,69.3331],[-128.4159,70.6863],[-127.9398,70.0799],[-131.673,69.2762],[-132.6904,68.4616],[-133.4132,69.137],[-129.8495,70.1507],[-135.4392,69.5263],[-135.6102,68.7038],[-141.0593,69.5955],[-140.807,60.263],[-139.0051,60.2584],[-137.2233,58.8822],[-135.2577,59.6703],[-131.7249,56.6052],[-130.1064,55.9926],[-130.0027,55.2885],[-130.0036,53.938],[-129.4339,53.5175],[-128.8141,53.7639],[-128.0596,52.4995],[-127.0373,52.4636],[-128.0129,51.8082],[-127.353,51.637],[-127.6273,51.1328],[-124.9392,50.5958],[-124.795,50.0353],[-123.212,49.6247],[-122.9003,49.0672],[-115.1646,49.0562],[-108.0673,49.0615],[-98.2009,49.0488],[-94.8198,49.0507],[-94.8273,49.4876],[-92.5561,48.2215],[-89.622,47.9684]]],[[[-98.8779,68.8851],[-96.4728,68.5143],[-95.5146,68.8087],[-97.7416,69.8316],[-98.8779,68.8851]]],[[[-101.4063,72.2948],[-98.7181,71.3538],[-98.484,71.8924],[-97.0552,71.7153],[-96.4346,72.6984],[-98.3937,73.1306],[-97.3471,73.8911],[-100.934,73.8603],[-99.963,73.1674],[-100.8349,72.7455],[-102.2792,73.1472],[-102.6687,72.8528],[-101.4063,72.2948]]],[[[-95.4931,73.6143],[-94.5424,72.1898],[-94.2658,72.8527],[-92.0006,72.8411],[-90,73.9998],[-94.8682,74.1368],[-95.4931,73.6143]]],[[[-125.6454,49.0562],[-123.5934,48.6347],[-125.7186,50.4094],[-128.4328,50.8269],[-125.6454,49.0562]]],[[[-132.3785,53.987],[-133.0967,54.0191],[-132.5688,53.2795],[-131.8942,53.8942],[-132.3785,53.987]]],[[[-111.7255,72.3306],[-112.8389,72.9527],[-114.4727,72.6251],[-114.647,73.3549],[-118.3988,72.4757],[-118.9684,71.9088],[-115.517,71.4234],[-118.4988,71.0528],[-117.7607,70.7217],[-111.5437,70.3254],[-117.1929,70.123],[-116.6562,69.5159],[-113.7168,69.204],[-113.1522,68.5956],[-109.2094,68.8132],[-106.5924,69.4968],[-104.1878,68.8978],[-102.2779,68.954],[-101.8037,69.2413],[-103.3613,69.6391],[-100.9671,69.6284],[-101.0552,70.0308],[-104.5946,71.0479],[-106.5232,73.1949],[-108.1815,73.3829],[-108.0605,71.7571],[-109.8335,72.9504],[-111.7255,72.3306]]],[[[-125.1892,71.9285],[-122.5744,71.146],[-115.6537,73.6325],[-121.2387,74.58],[-124.9093,74.4437],[-124.0103,73.721],[-125.9037,72.1546],[-125.1892,71.9285]]],[[[-114.3724,76.4696],[-116.2964,76.2378],[-115.1503,75.7568],[-117.3966,75.4071],[-115.1859,75.1543],[-111.1497,75.3525],[-114.2173,74.8446],[-113.4428,74.546],[-106.0312,75.1056],[-105.498,75.8466],[-108.1633,76.0092],[-108.965,76.871],[-110.3825,76.4349],[-109.6459,75.6382],[-114.3724,76.4696]]],[[[-122.6358,76.2764],[-120.0999,75.9781],[-118.736,76.9377],[-117.413,76.43],[-115.6824,77.3812],[-119.6956,77.3133],[-122.6358,76.2764]]],[[[-113.1602,77.7925],[-110.6197,77.5375],[-109.6612,77.9499],[-113.1602,77.7925]]],[[[-103.5125,78.2732],[-99.0494,77.9411],[-100.1632,78.7725],[-104.4411,79.4588],[-103.3776,78.6074],[-104.9661,78.5339],[-103.5125,78.2732]]],[[[-60.6271,47.1329],[-61.3806,46.3314],[-60.8141,45.6444],[-59.8072,46.0812],[-60.169,46.3143],[-61.072,45.9878],[-60.2598,46.9383],[-60.6271,47.1329]]],[[[-57.8142,49.2015],[-59.1566,47.6701],[-54.7826,47.7112],[-55.9039,47.064],[-55.4079,46.9479],[-54.2114,47.8036],[-54.0824,46.9895],[-53.6437,47.1792],[-53.0696,46.7313],[-52.7352,47.5457],[-53.8817,48.1893],[-53.1239,48.5958],[-54.1296,48.8357],[-53.5091,49.2819],[-55.1073,49.2788],[-56.0671,50.1033],[-56.7326,49.6884],[-55.4716,51.5245],[-57.3556,50.5952],[-58.1277,49.4956],[-57.8142,49.2015]]],[[[-87.0529,63.752],[-85.6007,63.7476],[-85.1568,63.1847],[-83.4259,64.1741],[-82.0005,63.6328],[-80.1794,63.722],[-81.8721,63.9907],[-82.1096,64.6436],[-84.1224,65.3414],[-84.8423,65.202],[-85.5575,65.8636],[-86.0611,64.1405],[-87.0529,63.752]]],[[[-76.7942,68.1472],[-77.0648,67.3287],[-75.7704,67.3015],[-75.1195,68.113],[-76.7942,68.1472]]],[[[-71.2581,63.5673],[-71.6217,63.2101],[-70.6739,62.8622],[-65.9403,61.79],[-68.8786,63.7503],[-67.6816,63.4527],[-67.7657,63.8025],[-64.7678,62.4774],[-65.2507,63.8716],[-64.4154,63.245],[-64.4739,63.7443],[-68.3757,66.2837],[-67.3055,65.9343],[-67.7491,66.4757],[-66.9128,66.5949],[-63.5406,64.9953],[-63.3809,65.927],[-62.8448,65.6143],[-62.0683,65.9368],[-62.6551,66.3385],[-61.2106,66.635],[-62.9914,67.1774],[-64.6138,67.1153],[-63.933,67.4126],[-64.8289,67.9533],[-66.7447,67.9273],[-68.6653,68.7161],[-68.3907,69.3337],[-66.6681,69.1861],[-68.2072,69.591],[-67.3307,70.0327],[-68.0208,70.2994],[-69.4627,69.9601],[-68.4694,70.5597],[-70.2929,70.6179],[-70.6666,71.0805],[-71.8815,70.9312],[-71.664,71.5133],[-72.5346,71.6285],[-73.2752,71.1608],[-73.886,71.665],[-75.0015,71.4526],[-74.3127,72.0394],[-75.6319,72.6109],[-77.896,72.7014],[-78.6625,71.8747],[-79.3296,72.3676],[-80.8631,72.0115],[-80.4887,73.037],[-81.9064,73.7517],[-85.5057,72.9404],[-84.4884,71.3493],[-85.891,71.1217],[-85.2431,71.4645],[-86.8554,72.8587],[-85.2542,73.7775],[-87.7426,73.7327],[-89.9972,71.5413],[-87.1688,71.0186],[-89.1498,70.9685],[-88.4322,70.4608],[-80.8294,69.7114],[-81.0128,70.1831],[-78.7129,70.0114],[-80.6605,70.7526],[-79.1011,70.6553],[-75.5517,69.2223],[-76.5464,68.7314],[-74.7523,69.043],[-72.354,67.5303],[-74.3333,66.1626],[-73.4942,65.405],[-75.3676,65.2634],[-75.3559,64.9155],[-77.3584,65.3759],[-78.1034,64.5072],[-75.9355,64.2671],[-74.5011,64.3918],[-74.2555,64.7662],[-71.2581,63.5673]]],[[[-89.8017,75.9182],[-91.1564,75.9743],[-90,76.5908],[-93.0849,76.527],[-91.8668,74.7889],[-89.6981,74.6146],[-88.3902,74.9905],[-88.1436,74.569],[-84.5679,74.6161],[-83.4487,75.0823],[-82.373,74.5555],[-80.3493,74.6159],[-79.5766,75.3957],[-81.5316,75.8585],[-86.179,75.4081],[-87.6377,75.7049],[-88.7627,75.4198],[-89.8017,75.9182]]],[[[-88.6398,82.0738],[-91.2186,81.8373],[-89.2355,80.8636],[-85.811,81.3945],[-85.5038,80.6181],[-78.9623,81.0342],[-77.5209,80.7499],[-81.7187,80.3854],[-80.7316,79.6585],[-86.1701,80.279],[-81.5972,78.7546],[-85.8068,78.9062],[-86.9172,78.2452],[-84.8434,78.1596],[-83.3188,77.374],[-87.8125,77.8756],[-87.0992,77.2807],[-89.4181,76.6103],[-85.0371,76.4069],[-84.6219,76.8917],[-80.8135,76.2377],[-77.8243,76.8876],[-82.1024,77.3161],[-78.8554,77.3738],[-78.3668,78.0329],[-76.2906,78.0107],[-74.9631,79.1223],[-77.2388,79.5827],[-73.6739,79.5177],[-74.2455,80.0427],[-70.4205,80.0504],[-65.2998,81.4584],[-67.5852,81.9613],[-61.8163,82.473],[-70.5843,83.176],[-73.2534,82.7729],[-76.3821,83.1519],[-75.9249,82.5174],[-78.6985,83.0025],[-81.5226,82.6893],[-80.0924,81.9659],[-84.9466,82.3795],[-88.6398,82.0738]]],[[[-100.6194,75.7889],[-100.3871,75.1824],[-98.1638,75.0957],[-98.6148,76.6778],[-98.9029,76.4144],[-100.6937,76.6059],[-100.0738,76.0162],[-101.7463,76.5445],[-102.5336,75.7686],[-100.6194,75.7889]]],[[[-96.7231,77.0224],[-93.9376,76.3985],[-94.1951,76.8991],[-96.7231,77.0224]]],[[[-97.3098,78.8222],[-96.602,77.9981],[-95.097,78.4384],[-97.3098,78.8222]]],[[[-88.3729,80.226],[-93.4347,81.4398],[-96.4334,79.9334],[-95.0394,79.3962],[-90,79.1261],[-94.1893,79.1478],[-91.4238,78.305],[-90,78.6241],[-88.9447,78.3624],[-88.6607,78.9007],[-85.2532,79.2592],[-88.3729,80.226]]]]},"properties":{"NAME":"Canada","SUBJECTO":"Canada","PARTOF":"Canada","BORDERPRECISION":3,"LINK":null}},
{"type":"Feature","geometry":{"type":"MultiPolygon","coordinates":[[[[21.9708,79.7829],[20.9983,79.1911],[23.8205,79.1475],[27.1968,79.9444],[24.4214,80.4373],[23.1154,80.0963],[23.2164,80.6108],[22.1977,80.1233],[19.9154,80.6334],[18.3306,79.8824],[21.9708,79.7829]]],[[[13.2522,79.8007],[10.9194,79.5452],[11.7603,78.8802],[13.6184,78.2692],[15.0839,78.7807],[16.617,78.4673],[13.9051,77.9999],[16.7116,77.7886],[14.4846,77.3709],[16.913,76.7189],[20.9081,78.8094],[17.5706,79.8899],[15.9166,79.8418],[16.1332,79.1364],[13.2522,79.8007]]],[[[11.1789,59.0703],[11.5633,58.8631],[12.548,60.4339],[12.2992,63.5662],[14.0784,64.0322],[14.5967,66.0502],[16.8739,67.8366],[17.9136,67.8642],[18.1795,68.4688],[19.8427,68.1641],[20.7906,68.9323],[21.4058,69.2735],[22.4598,68.6935],[24.8007,68.429],[26.1177,69.6442],[27.9087,69.8877],[29.1133,69.486],[28.6972,68.6955],[31.0538,69.6396],[28.7301,70.1359],[30.2519,70.1311],[30.462,70.5373],[28.7948,70.8648],[27.8754,70.4251],[28.2112,71.0179],[26.6174,70.392],[26.6065,70.9146],[25.263,70.1065],[25.8321,70.8978],[24.849,70.8266],[23.2036,69.9428],[22.3064,70.2156],[20.1965,69.3177],[20.2864,69.7859],[19.58,69.1811],[18.3191,69.3594],[16.4116,67.8742],[15.9197,68.049],[13.3832,66.679],[13.581,66.1881],[11.3641,64.416],[8.2313,62.8414],[7.0882,62.9102],[7.5467,62.5993],[5.4697,62.0937],[5.0962,60.2641],[6.1854,59.8243],[5.0866,59.5092],[5.5285,59.2659],[6.1134,59.527],[6.2661,58.9933],[5.4746,58.9755],[5.6155,58.4552],[6.9586,57.9717],[8.0302,58.066],[10.5697,59.5805],[11.1789,59.0703]]]]},"properties":{"NAME":"Norway","SUBJECTO":"Norway","PARTOF":"Norway","BORDERPRECISION":3,"LINK":null}},
{"type":"Feature","geometry":{"type":"Polygon","coordinates":[[[20.7906,68.9323],[23.4877,67.8343],[23.9477,65.7967],[25.1036,65.5401],[25.3251,64.8024],[21.0618,62.6117],[21.5602,60.5125],[23.2014,59.8185],[28.4318,60.6035],[31.4083,62.792],[30.0149,63.6156],[29.0229,66.8874],[29.9461,67.5339],[28.6972,68.6955],[29.1133,69.486],[27.9087,69.8877],[26.1177,69.6442],[24.8007,68.429],[22.4598,68.6935],[21.4058,69.2735],[20.7906,68.9323]]]},"properties":{"NAME":"Finland","SUBJECTO":"Finland","PARTOF":"Finland","BORDERPRECISION":3,"LINK":null}},
{"type":"Feature","geometry":{"type":"Polygon","coordinates":[[[20.0471,42.4875],[21.0316,40.7268],[22.9202,41.2307],[22.3264,42.2927],[22.9278,43.0864],[22.3181,43.6815],[22.694,44.2631],[22.4095,44.7503],[22.1329,44.5112],[20.643,44.8125],[20.5706,44.8474],[19.1674,45.2027],[19.1172,44.3338],[19.6245,44.0325],[19.2227,43.5102],[20.3627,42.8573],[20.0471,42.4875]]]},"properties":{"NAME":"Serbia","SUBJECTO":"Serbia","PARTOF":"Serbia","BORDERPRECISION":3,"LINK":null}},
{"type":"Feature","geometry":{"type":"MultiPolygon","coordinates":[[[[6.9553,45.9389],[7.1191,45.4305],[6.5073,45.1157],[7.5528,43.8675],[8.6717,44.4174],[9.6919,44.2196],[11.1048,42.5491],[15.6662,40.0919],[16.2122,38.778],[15.6275,38.0042],[16.0529,37.9312],[17.1807,39.0222],[16.5321,39.6975],[16.9487,40.4811],[18.3649,39.7467],[18.5226,40.0941],[15.991,41.4061],[16.1874,41.8409],[14.7385,42.0472],[13.6009,43.5348],[12.6972,43.9348],[12.1804,45.2703],[13.1562,45.7265],[13.8,45.5664],[13.5689,46.5104],[12.0748,46.9275],[11.5709,45.9754],[10.5246,45.7391],[10.3957,46.8874],[9.9945,46.2525],[9.2101,46.4981],[8.8907,45.8662],[8.3745,46.4708],[7.7899,45.927],[6.9553,45.9389]]],[[[9.4055,42.5806],[9.3032,42.9832],[8.5004,42.3598],[9.173,41.3499],[9.4055,42.5806]]],[[[14.622,36.7761],[15.3013,37.0579],[15.3867,38.2055],[12.5166,37.9192],[14.622,36.7761]]],[[[8.6961,38.9958],[9.6483,39.4572],[9.7937,40.5637],[9.3062,41.1844],[8.1595,40.7847],[8.6961,38.9958]]]]},"properties":{"NAME":"Kingfom of Italy","SUBJECTO":"Italy","PARTOF":"Italy","BORDERPRECISION":3,"LINK":null}},
{"type":"Feature","geometry":{"type":"Polygon","coordinates":[[[22.694,44.2631],[22.9444,43.8954],[25.3781,43.7806],[26.6844,44.2526],[28.5101,43.7431],[29.6295,45.7504],[30.4328,46.1757],[27.6478,48.7516],[26.4799,48.5858],[26.0378,48.2164],[26.5276,47.5332],[25.2273,47.2486],[26.0248,46.8321],[25.5159,45.796],[23.2545,46.0661],[22.4782,45.7285],[22.4095,44.7503],[22.694,44.2631]]]},"properties":{"NAME":"Romania","SUBJECTO":"Romania","PARTOF":"Romania","BORDERPRECISION":3,"LINK":null}},
{"type":"Feature","geometry":{"type":"Polygon","coordinates":[[[10.3957,46.8874],[10.5246,45.7391],[11.5709,45.9754],[12.0748,46.9275],[13.5689,46.5104],[13.8,45.5664],[13.8951,44.7592],[14.5246,45.2663],[16.0594,43.4335],[18.5136,42.3621],[18.4844,42.9778],[19.2227,43.5102],[19.6245,44.0325],[19.1172,44.3338],[19.1674,45.2027],[20.5706,44.8474],[20.643,44.8125],[22.1329,44.5112],[22.4095,44.7503],[22.4782,45.7285],[23.2545,46.0661],[25.5159,45.796],[26.0248,46.8321],[25.2273,47.2486],[26.5276,47.5332],[26.0378,48.2164],[26.4799,48.5858],[26.2194,49.1343],[26.2547,49.7504],[24.4044,50.6343],[22.4828,50.3717],[21.9078,50.8122],[20.2706,50.1042],[19.3112,50.2684],[18.6045,49.939],[16.8856,50.4877],[16.728,50.1486],[16.3531,50.7049],[14.2617,51.0447],[12.2354,50.2408],[13.9467,48.6551],[12.6942,48.1294],[12.9789,47.5079],[12.3582,47.7243],[10.1029,47.301],[9.6655,47.5562],[9.5393,47.4872],[9.5208,47.0694],[10.3957,46.8874]]]},"properties":{"NAME":"Austro-Hungarian Empire","SUBJECTO":"Austro-Hungarian Empire","PARTOF":"Austro-Hungarian Empire","BORDERPRECISION":3,"LINK":null}},
{"type":"Feature","geometry":{"type":"Polygon","coordinates":[[[102.6708,12.0377],[103.0396,10.898],[103.5249,11.0578],[103.5249,10.5242],[104.9785,9.9809],[104.9071,8.475],[106.6563,9.7431],[106.7732,10.6392],[107.412,10.3674],[109.0613,11.5907],[109.3071,12.9063],[108.7861,15.0906],[105.5326,18.8442],[106.807,20.905],[107.3743,20.8808],[107.8756,21.4621],[106.6734,21.9262],[106.588,22.9288],[105.3134,23.296],[104.4781,22.7832],[102.1855,22.6366],[101.5544,22.2837],[101.7038,21.3194],[101.014,21.4424],[100.0012,20.4587],[100.4306,20.2262],[100.4172,19.5086],[101.1176,19.5],[100.9536,17.4543],[101.8646,18.1074],[102.6615,17.8454],[103.2245,18.4392],[103.8077,18.3474],[105.4732,15.1502],[105.0565,14.2395],[102.8484,14.0931],[102.3345,13.2326],[102.6708,12.0377]]]},"properties":{"NAME":"French Indochina","SUBJECTO":"France","PARTOF":"French Indochina","BORDERPRECISION":3,"LINK":null}},
{"type":"Feature","geometry":{"type":"MultiPolygon","coordinates":[[[[107.8756,21.4621],[108.555,21.8234],[109.1174,21.399],[109.7798,21.483],[109.7116,20.5682],[110.2713,20.3153],[110.2388,21.2807],[112.7495,21.7561],[113.3777,22.1639],[113.4626,22.7739],[113.8452,22.4634],[114.5375,22.6745],[114.5587,22.4649],[114.8478,22.51],[115.3088,22.7714],[115.7067,22.6389],[117.8491,24.0471],[117.9249,24.5617],[118.8129,24.8494],[119.4286,25.6509],[119.4289,26.5908],[121.2597,28.1823],[121.6492,29.3197],[121.3619,29.4144],[121.7744,29.7645],[121.0825,30.2138],[119.9437,30.1162],[121.5689,30.7101],[121.2683,31.4523],[121.645,31.688],[119.0032,34.9395],[119.9138,36.1434],[122.2556,36.7337],[122.3929,37.3006],[120.6581,37.7365],[118.9546,37.0771],[118.8752,37.9494],[117.4395,38.6028],[117.7529,39.2025],[118.9776,39.2241],[121.0106,40.8507],[122.1079,40.3537],[121.0653,38.7503],[124.1339,39.8431],[126.4742,41.6515],[127.8615,41.3777],[127.984,42.1076],[129.0345,42.1774],[129.8543,42.9568],[130.2259,42.6513],[131.1396,43.2266],[130.9905,44.8174],[131.7395,45.2593],[132.989,45.1436],[134.6284,48.2131],[130.9245,47.7323],[130.3836,48.9642],[127.5159,49.8744],[125.8527,52.9465],[123.3526,53.5103],[120.9171,53.2586],[119.9965,52.7038],[120.7731,52.4763],[120.746,52.0071],[119.1823,50.7017],[119.2912,50.125],[117.645,49.5936],[116.7598,49.9299],[115.717,47.7287],[118.5291,47.9516],[119.7678,46.7455],[116.6881,46.3989],[115.9081,45.6061],[114.6391,45.4701],[113.7687,44.8658],[111.9593,45.1072],[111.4146,44.5574],[111.8898,43.7378],[109.3795,42.4351],[107.3588,42.4112],[104.8084,41.5777],[101.736,42.5408],[96.3387,42.7888],[96.094,41.9971],[94.1511,41.4026],[93.7371,40.6094],[93.0045,40.5853],[92.3993,38.9946],[90.1061,38.4728],[91.3483,37.0883],[90.8068,36.8083],[91.2527,36.1167],[89.5663,36.0575],[89.7161,34.0416],[90.4195,33.2414],[95.2757,32.4248],[95.5263,31.7356],[97.7034,32.5501],[98.9251,31.0935],[98.9547,28.9605],[98.6262,28.9605],[98.7069,28.1882],[98.0087,28.0908],[98.6372,27.4787],[98.7337,26.3432],[97.5241,24.8],[97.5306,23.8921],[98.6988,24.1465],[98.985,23.1513],[99.4689,23.1414],[99.2086,22.1494],[101.014,21.4424],[101.7038,21.3194],[101.5544,22.2837],[102.1855,22.6366],[104.4781,22.7832],[105.3134,23.296],[106.588,22.9288],[106.6734,21.9262],[107.8756,21.4621]]],[[[108.5605,19.0603],[108.6519,18.4824],[109.4297,18.0966],[110.2625,18.6256],[110.8854,19.7068],[110.6174,20.0175],[109.5503,19.9136],[108.5605,19.0603]]]]},"properties":{"NAME":"Manchu Empire","SUBJECTO":"Manchu Empire","PARTOF":"Manchu Empire","BORDERPRECISION":3,"LINK":null}},
{"type":"Feature","geometry":{"type":"Polygon","coordinates":[[[8.6367,36.8853],[6.3229,37.0906],[5.3827,36.6745],[1.0576,36.4619],[-2.193,35.0542],[-1.2343,31.989],[-2.8171,31.9928],[-3.7803,31.555],[-3.7294,30.8942],[-8.5932,28.6414],[-8.6412,27.5668],[-8.6292,27.1727],[-3.4936,24.1129],[1.0874,21.133],[1.8395,20.1648],[3.0624,19.905],[3.2252,18.9526],[5.7755,19.4442],[11.959,23.4717],[14.1801,22.5694],[14.9677,22.968],[14.9166,24.6148],[10.3147,24.4663],[9.9493,25.2714],[13.2485,27.4744],[9.5749,30.2074],[9.0065,31.9073],[7.5306,33.8119],[8.291,34.7695],[8.6367,36.8853]]]},"properties":{"NAME":"Algeria","SUBJECTO":"France","PARTOF":"France","BORDERPRECISION":3,"LINK":null}},
{"type":"Feature","geometry":{"type":"Polygon","coordinates":[[[30.7372,3.5052],[33.4564,3.6421],[34.4276,4.5314],[35.8022,4.565],[35.7726,5.1495],[34.6075,6.6362],[33.0298,7.7708],[33.139,8.3435],[34.0418,8.4315],[34.3527,10.6768],[34.9487,10.8201],[35.1674,11.9462],[36.134,12.7717],[36.4767,14.2665],[37.0243,16.9519],[38.6417,18.0607],[37.3982,18.915],[36.8001,21.9149],[31.1663,21.9184],[25.3216,21.9225],[24.6868,21.6063],[19.6353,21.6021],[23.9497,19.4743],[23.9509,15.6994],[22.9098,15.617],[21.778,12.8013],[22.261,12.6771],[22.819,10.9072],[23.5785,9.9075],[23.4509,8.7055],[25.1881,7.8451],[26.4137,6.0473],[27.1961,5.6579],[27.2437,5.1624],[28.2232,4.183],[28.7358,4.4658],[29.2159,4.1762],[29.5998,4.5535],[30.7372,3.5052]]]},"properties":{"NAME":"Anglo-Egyption Sudan","SUBJECTO":"United Kingdom of Great Britain and Ireland","PARTOF":"Anglo-Egyption Sudan","BORDERPRECISION":3,"LINK":null}},
{"type":"Feature","geometry":{"type":"Polygon","coordinates":[[[36.8001,21.9149],[35.7463,22.9143],[35.7247,23.9118],[32.3185,29.5402],[32.648,29.8522],[34.2412,27.7589],[34.9355,29.4181],[34.1463,31.2086],[32.5972,30.9639],[30.996,31.4689],[29.2488,30.7537],[24.9822,31.647],[24.6608,31.4882],[24.7129,27.1988],[25.2342,27.0871],[25.3087,26.2308],[24.6757,25.5233],[24.6868,21.6063],[25.3216,21.9225],[31.1663,21.9184],[36.8001,21.9149]]]},"properties":{"NAME":"Egypt","SUBJECTO":"United Kingdom of Great Britain and Ireland","PARTOF":"Egypt","BORDERPRECISION":3,"LINK":null}},
{"type":"Feature","geometry":{"type":"Polygon","coordinates":[[[9.5749,30.2074],[13.2485,27.4744],[9.9493,25.2714],[10.3147,24.4663],[14.9166,24.6148],[14.9677,22.968],[15.9705,23.3806],[19.6353,21.6021],[24.6868,21.6063],[24.6757,25.5233],[25.3087,26.2308],[25.2342,27.0871],[24.7129,27.1988],[24.6608,31.4882],[24.9822,31.647],[21.6734,32.8156],[20.0684,32.0371],[19.9815,30.7217],[18.915,30.2049],[15.8433,31.285],[15.0098,32.3634],[11.4707,33.1441],[11.4164,32.3277],[10.1324,31.4816],[10.1328,30.6427],[9.5749,30.2074]]]},"properties":{"NAME":"Libya","SUBJECTO":"Italy","PARTOF":"Libya","BORDERPRECISION":3,"LINK":null}},
{"type":"Feature","geometry":{"type":"Polygon","coordinates":[[[-2.193,35.0542],[-2.3259,35.054],[-2.7385,34.2185],[-6.472,34.5309],[-9.2187,32.5804],[-9.8133,31.2891],[-9.8696,29.643],[-11.5765,28.2286],[-13.1236,27.5463],[-8.6412,27.5668],[-8.5932,28.6414],[-3.7294,30.8942],[-3.7803,31.555],[-2.8171,31.9928],[-1.2343,31.989],[-2.193,35.0542]]]},"properties":{"NAME":"Morocco","SUBJECTO":"Morocco","PARTOF":"Morocco","BORDERPRECISION":3,"LINK":null}},
{"type":"Feature","geometry":{"type":"Polygon","coordinates":[[[-2.3259,35.054],[-3.009,35.39],[-4.593,35.1512],[-5.565,35.8623],[-6.472,34.5309],[-2.7385,34.2185],[-2.3259,35.054]]]},"properties":{"NAME":"Spanish Morocco","SUBJECTO":"Spanish Morocco","PARTOF":"Spanish Morocco","BORDERPRECISION":3,"LINK":null}},
{"type":"Feature","geometry":{"type":"Polygon","coordinates":[[[-8.6412,27.5668],[-13.1236,27.5463],[-14.6712,25.596],[-11.917,25.5871],[-11.9145,25.6661],[-8.6884,25.9136],[-8.6292,27.1727],[-8.6412,27.5668]]]},"properties":{"NAME":"Spanish Sahara","SUBJECTO":"Spain","PARTOF":"Spain","BORDERPRECISION":3,"LINK":null}},
{"type":"Feature","geometry":{"type":"Polygon","coordinates":[[[-14.6712,25.596],[-14.82,24.7329],[-15.714,23.8731],[-17.0161,21.3141],[-13.0244,21.2795],[-13.1166,22.7856],[-11.9905,23.4787],[-11.9461,24.6487],[-11.917,25.5871],[-14.6712,25.596]]]},"properties":{"NAME":"Rio De Oro","SUBJECTO":"Rio De Oro","PARTOF":"Rio De Oro","BORDERPRECISION":3,"LINK":null}},
{"type":"Feature","geometry":{"type":"Polygon","coordinates":[[[0.064,11.0648],[-2.8246,10.857],[-2.5249,8.2781],[-3.1936,6.6023],[-2.7497,5.0956],[-2.0312,4.6982],[0.8026,5.7147],[-0.0829,6.49],[-0.3695,8.5537],[0.064,11.0648]]]},"properties":{"NAME":"Gold Coast","SUBJECTO":"United Kingdom of Great Britain and Ireland","PARTOF":"Gold Coast","BORDERPRECISION":3,"LINK":null}},
{"type":"Feature","geometry":{"type":"Polygon","coordinates":[[[0.8026,5.7147],[1.761,6.2532],[1.314,9.9853],[0.8416,10.4401],[0.9251,10.8983],[0.064,11.0648],[-0.3695,8.5537],[-0.0829,6.49],[0.8026,5.7147]]]},"properties":{"NAME":"Togoland","SUBJECTO":"Togoland","PARTOF":"Togoland","BORDERPRECISION":3,"LINK":null}},
{"type":"Feature","geometry":{"type":"Polygon","coordinates":[[[14.0334,13.0606],[13.5387,13.6551],[12.252,13.0755],[10.6962,13.3523],[9.4774,12.824],[7.936,13.317],[6.9578,13.0188],[6.0015,13.7378],[4.1902,13.4792],[3.6514,12.1539],[3.8306,10.7057],[2.7642,8.8625],[2.7668,6.3481],[3.9495,6.5794],[4.6341,6.2123],[6.0888,4.3281],[8.5918,4.712],[8.8379,5.7077],[11.1874,8.4161],[11.646,8.462],[11.967,9.1499],[12.77,9.2904],[14.0334,13.0606]]]},"properties":{"NAME":"Nigeria","SUBJECTO":"United Kingdom of Great Britain and Ireland","PARTOF":"Nigeria","BORDERPRECISION":3,"LINK":null}},
{"type":"Feature","geometry":{"type":"Polygon","coordinates":[[[17.012,-1.1403],[17.0117,0.1612],[15.8193,1.3536],[9.8833,0.0788],[9.4734,0.116],[8.8152,-0.8958],[9.6564,-2.4191],[11.9997,-5.0041],[12.7043,-4.5286],[13.0172,-4.7682],[14.3341,-4.3027],[14.4439,-4.8869],[15.5323,-4.0922],[15.9936,-3.6699],[16.2521,-1.9902],[17.012,-1.1403]]]},"properties":{"NAME":"French Equatorial Africa","SUBJECTO":"France","PARTOF":"French Equatorial Africa","BORDERPRECISION":3,"LINK":null}},
{"type":"Feature","geometry":{"type":"Polygon","coordinates":[[[-10.377,8.0756],[-9.6217,8.3949],[-9.1574,7.139],[-8.3038,7.4365],[-8.5073,6.4437],[-7.3596,5.605],[-7.5625,4.3512],[-5,5.2383],[-2.7497,5.0956],[-3.1936,6.6023],[-2.5249,8.2781],[-2.8246,10.857],[0.064,11.0648],[0.9251,10.8983],[0.8416,10.4401],[1.314,9.9853],[1.761,6.2532],[2.7668,6.3481],[2.7642,8.8625],[3.8306,10.7057],[3.6514,12.1539],[4.1902,13.4792],[6.0015,13.7378],[6.9578,13.0188],[7.936,13.317],[9.4774,12.824],[10.6962,13.3523],[12.252,13.0755],[13.5387,13.6551],[14.0334,13.0606],[14.8242,12.417],[15.1635,10.3724],[18.1527,4.0704],[18.1491,3.1018],[17.3419,2.845],[17.0117,0.1612],[17.012,-1.1403],[17.4547,-0.8453],[17.9603,2.088],[19.1245,4.9171],[19.5783,5.0787],[20.5621,4.3409],[22.3381,3.9955],[22.8804,4.7614],[25.0974,4.87],[25.4882,5.3108],[26.4438,4.9542],[27.2437,5.1624],[27.1961,5.6579],[26.4137,6.0473],[25.1881,7.8451],[23.4509,8.7055],[23.5785,9.9075],[22.819,10.9072],[22.261,12.6771],[21.778,12.8013],[22.9098,15.617],[23.9509,15.6994],[23.9497,19.4743],[19.6353,21.6021],[15.9705,23.3806],[14.9677,22.968],[14.1801,22.5694],[11.959,23.4717],[5.7755,19.4442],[3.2252,18.9526],[3.0624,19.905],[1.8395,20.1648],[1.0874,21.133],[-3.4936,24.1129],[-8.6292,27.1727],[-8.6884,25.9136],[-11.9145,25.6661],[-11.917,25.5871],[-11.9461,24.6487],[-11.9905,23.4787],[-13.1166,22.7856],[-13.0244,21.2795],[-17.0161,21.3141],[-17.0213,20.7436],[-16.7109,20.8904],[-16.269,20.3639],[-16.4716,19.3657],[-15.9827,18.1784],[-16.6003,15.7495],[-17.4332,14.8072],[-16.4551,13.5711],[-15.2811,13.8081],[-14.0054,13.4247],[-14.584,13.2156],[-15.302,13.5711],[-16.7756,13.1453],[-16.5666,12.3098],[-13.6939,12.6234],[-13.7755,11.7457],[-15.0083,11.1017],[-13.6801,9.9156],[-13.1643,8.8508],[-12.2785,9.8666],[-11.29,9.8979],[-10.6817,9.3294],[-10.377,8.0756]]]},"properties":{"NAME":"French West Africa","SUBJECTO":"France","PARTOF":"France","BORDERPRECISION":3,"LINK":null}},
{"type":"Feature","geometry":{"type":"Polygon","coordinates":[[[9.629,0.8895],[9.3501,0.5352],[9.8833,0.0788],[15.8193,1.3536],[17.0117,0.1612],[17.3419,2.845],[18.1491,3.1018],[18.1527,4.0704],[15.1635,10.3724],[14.8242,12.417],[14.0334,13.0606],[12.77,9.2904],[11.967,9.1499],[11.646,8.462],[11.1874,8.4161],[8.8379,5.7077],[8.5918,4.712],[9.7802,3.8532],[9.8812,2.0583],[11.2177,2.0543],[11.2388,0.9102],[9.629,0.8895]]]},"properties":{"NAME":"Kamerun","SUBJECTO":"Kamerun","PARTOF":"Kamerun","BORDERPRECISION":3,"LINK":null}},
{"type":"Feature","geometry":{"type":"Polygon","coordinates":[[[30.6595,-8.289],[33.2046,-9.6578],[34.059,-9.9412],[34.4944,-11.6042],[35.9383,-11.4216],[37.473,-11.7813],[37.9897,-11.2251],[38.6066,-11.4376],[40.4662,-10.4753],[39.6576,-9.7957],[39.3918,-8.735],[39.5664,-7.0442],[38.8724,-6.0925],[39.2291,-4.8449],[37.6568,-3.6936],[37.6162,-3.1662],[33.9192,-1.1173],[33.2672,-1.1321],[29.5285,-1.4345],[28.8052,-2.6147],[29.2431,-3.3877],[29.517,-6.4384],[30.6595,-8.289]]]},"properties":{"NAME":"German E. Africa (Tanganyika)","SUBJECTO":"German Empire","PARTOF":"German Empire","BORDERPRECISION":3,"LINK":null}},
{"type":"Feature","geometry":{"type":"Polygon","coordinates":[[[36.2013,4.4979],[36.1997,3.0837],[34.9181,2.2589],[34.9759,1.4329],[33.2672,-1.1321],[33.9192,-1.1173],[37.6162,-3.1662],[37.6568,-3.6936],[39.2291,-4.8449],[40.2713,-2.8167],[41.6099,-1.8767],[42.9412,0.0106],[42.6535,4.1354],[41.7652,3.825],[40.733,4.1494],[39.1578,3.3964],[36.2013,4.4979]]]},"properties":{"NAME":"British East Africa","SUBJECTO":"United Kingdom of Great Britain and Ireland","PARTOF":"British East Africa","BORDERPRECISION":3,"LINK":null}},
{"type":"Feature","geometry":{"type":"Polygon","coordinates":[[[29.5285,-1.4345],[33.2672,-1.1321],[34.9759,1.4329],[34.9181,2.2589],[36.1997,3.0837],[36.2013,4.4979],[35.8022,4.565],[34.4276,4.5314],[33.4564,3.6421],[30.7372,3.5052],[30.7127,2.3737],[31.2446,2.0082],[29.7695,0.4421],[29.5285,-1.4345]]]},"properties":{"NAME":"Uganda","SUBJECTO":"Uganda","PARTOF":"Uganda","BORDERPRECISION":3,"LINK":null}},
{"type":"Feature","geometry":{"type":"Polygon","coordinates":[[[42.6535,4.1354],[42.9412,0.0106],[47.5564,3.9926],[50.7794,9.3684],[51.1807,11.7774],[50.6973,11.948],[49.6472,11.3294],[48.4425,11.2965],[48.677,8.3905],[47.9025,7.8782],[44.9947,4.8166],[43.5911,4.7956],[42.6535,4.1354]]]},"properties":{"NAME":"British Somaliland","SUBJECTO":"United Kingdom of Great Britain and Ireland","PARTOF":"British Somaliland","BORDERPRECISION":3,"LINK":null}},
{"type":"Feature","geometry":{"type":"Polygon","coordinates":[[[47.9025,7.8782],[48.677,8.3905],[48.4425,11.2965],[44.2808,10.3965],[43.2985,11.4756],[42.9276,10.8928],[42.8017,10.3455],[43.856,9.0299],[47.9025,7.8782]]]},"properties":{"NAME":"Italian Somaliland","SUBJECTO":"Italy","PARTOF":"Italy","BORDERPRECISION":3,"LINK":null}},
{"type":"Feature","geometry":{"type":"Polygon","coordinates":[[[23.9405,-11.0412],[24.0928,-12.3817],[23.7819,-13.013],[21.9591,-13.0746],[21.9945,-16.3803],[23.2292,-17.6637],[25,-17.8122],[26.1037,-19.5351],[27.6179,-20.569],[27.97,-21.5779],[29.2334,-22.1873],[31.2784,-22.5569],[32.4141,-21.4312],[33.0611,-19.9268],[32.6899,-18.9624],[33.0396,-18.3818],[32.9275,-17.1489],[32.6487,-16.6101],[30.48,-16.0506],[30.2982,-15.0408],[33.1076,-14.0451],[32.7231,-13.5896],[32.9002,-12.8828],[33.6234,-12.389],[33.2278,-11.9463],[33.2555,-10.8653],[33.6508,-10.4433],[33.2046,-9.6578],[30.6595,-8.289],[29.0495,-8.5444],[28.4655,-9.3043],[28.3343,-11.6446],[29.1165,-12.422],[29.713,-12.1387],[29.7829,-13.467],[28.8495,-13.3263],[27.1234,-11.5501],[26.6281,-12.0552],[23.9405,-11.0412]]]},"properties":{"NAME":"Rhodesia","SUBJECTO":"United Kingdom of Great Britain and Ireland","PARTOF":"Rhodesia","BORDERPRECISION":3,"LINK":null}},
{"type":"Feature","geometry":{"type":"Polygon","coordinates":[[[5.8235,49.5071],[4.8599,49.7822],[4.8654,50.1337],[4.1563,49.9658],[2.5221,51.0911],[1.5889,50.8219],[1.552,50.2288],[0.0329,49.3337],[-1.9413,49.7093],[-1.4566,48.6836],[-4.762,48.552],[-4.3502,48.3905],[-4.6754,48.0169],[-2.4655,47.4944],[-1.0752,46.0146],[-0.7285,45.0186],[-1.1752,45.5005],[-1.9146,43.3054],[-0.1656,42.6488],[3.0871,42.3686],[3.0679,42.9446],[3.8075,43.4672],[5.8286,43.0208],[7.5528,43.8675],[6.5073,45.1157],[7.1191,45.4305],[6.9553,45.9389],[6.8074,46.394],[6.3837,46.3416],[5.9415,46.1755],[6.9219,47.5141],[7.1188,48.5158],[6.2605,49.4757],[5.8235,49.5071]]]},"properties":{"NAME":"France","SUBJECTO":"France","PARTOF":"France","BORDERPRECISION":3,"LINK":null}},
{"type":"Feature","geometry":{"type":"Polygon","coordinates":[[[56.1613,25.4733],[56.2973,26.1597],[56.1567,25.9665],[56.1613,25.4733]]]},"properties":{"NAME":"Arabia (Nejd)","SUBJECTO":"Arabia (Nejd)","PARTOF":"Arabia (Nejd)","BORDERPRECISION":3,"LINK":null}},
{"type":"Feature","geometry":{"type":"Polygon","coordinates":[[[116.7598,49.9299],[114.0983,50.2743],[112.5245,49.462],[109.424,49.2955],[106.3229,50.4167],[103.3779,50.2173],[102.4496,50.6062],[102.1174,51.3611],[98.9176,52.037],[97.9396,51.2269],[98.2363,50.2424],[97.4228,49.7863],[94.7,50.0268],[94.2105,50.5493],[92.1597,50.7553],[90,50.3067],[89.4621,49.6395],[87.8684,49.2329],[88.2299,48.5374],[90,47.8447],[90,46.8498],[91.1583,46.5527],[90,46.0143],[90,45.3285],[93.058,45.0436],[95.244,44.277],[96.3387,42.7888],[101.736,42.5408],[104.8084,41.5777],[107.3588,42.4112],[109.3795,42.4351],[111.8898,43.7378],[111.4146,44.5574],[111.9593,45.1072],[113.7687,44.8658],[114.6391,45.4701],[115.9081,45.6061],[116.6881,46.3989],[119.7678,46.7455],[118.5291,47.9516],[115.717,47.7287],[116.7598,49.9299]]]},"properties":{"NAME":"Mongolia","SUBJECTO":"Mongolia","PARTOF":"Mongolia","BORDERPRECISION":3,"LINK":null}},
{"type":"Feature","geometry":{"type":"Polygon","coordinates":[[[74.5205,37.0046],[75.6278,36.769],[76.0923,35.7984],[77.8462,35.4748],[78.1443,34.5475],[78.8067,34.1997],[79.8372,34.5065],[80.4471,35.4245],[81.6922,35.2572],[82.5869,35.7491],[84.0983,35.3556],[88.5221,36.5002],[89.5663,36.0575],[91.2527,36.1167],[90.8068,36.8083],[91.3483,37.0883],[90.1061,38.4728],[92.3993,38.9946],[93.0045,40.5853],[93.7371,40.6094],[94.1511,41.4026],[96.094,41.9971],[96.3387,42.7888],[95.244,44.277],[93.058,45.0436],[90,45.3285],[90,46.0143],[91.1583,46.5527],[90,46.8498],[90,47.8447],[88.2299,48.5374],[87.8684,49.2329],[85.7619,48.3614],[85.4776,47.0927],[83.2517,47.2949],[82.6019,45.2],[80.06,45.0378],[80.7721,43.3825],[80.256,42.0837],[78.1107,41.0728],[77.0204,41.1116],[76.4816,40.437],[75.43,40.6102],[73.8849,39.8797],[73.712,38.7187],[74.7029,38.5207],[74.7333,37.2094],[74.5205,37.0046]]]},"properties":{"NAME":"Xinjiang","SUBJECTO":"Xinjiang","PARTOF":"Xinjiang","BORDERPRECISION":3,"LINK":null}},
{"type":"Feature","geometry":{"type":"Polygon","coordinates":[[[91.6078,27.6415],[94.4117,29.1617],[95.309,29.0018],[95.9286,29.3798],[96.4553,28.8815],[96.2546,28.3853],[98.0087,28.0908],[98.7069,28.1882],[98.6262,28.9605],[98.9547,28.9605],[98.9251,31.0935],[97.7034,32.5501],[95.5263,31.7356],[95.2757,32.4248],[90.4195,33.2414],[89.7161,34.0416],[89.5663,36.0575],[88.5221,36.5002],[84.0983,35.3556],[82.5869,35.7491],[81.6922,35.2572],[80.4471,35.4245],[79.8372,34.5065],[78.8067,34.1997],[78.6245,33.5042],[79.447,33.2003],[79.5653,32.7018],[78.9705,32.3893],[78.4507,32.5828],[78.8053,31.3477],[81.0213,30.2465],[82.1417,30.3656],[86.0357,27.9103],[88.1973,27.8758],[88.6683,27.9483],[88.8026,27.181],[89.8634,28.2725],[91.6078,27.6415]]]},"properties":{"NAME":"Tibet","SUBJECTO":"Tibet","PARTOF":"Tibet","BORDERPRECISION":3,"LINK":null}},
{"type":"Feature","geometry":{"type":"Polygon","coordinates":[[[143.7513,50.0232],[142.6749,53.5402],[141.6896,53.1657],[142.084,50.0103],[143.7513,50.0232]]]},"properties":{"NAME":"Sakhalin (RU)","SUBJECTO":"Russia","PARTOF":"Sakhalin (RU)","BORDERPRECISION":3,"LINK":null}},
{"type":"Feature","geometry":{"type":"Polygon","coordinates":[[[-61.6867,17.0244],[-61.7944,17.1633],[-61.8872,17.1053],[-61.6867,17.0244]]]},"properties":{"NAME":"Antigua and Barbuda","SUBJECTO":"Antigua and Barbuda","PARTOF":"Antigua and Barbuda","BORDERPRECISION":3,"LINK":null}},
{"type":"Feature","geometry":{"type":"Polygon","coordinates":[[[-59.5331,13.0506],[-59.4292,13.165],[-59.6311,13.335],[-59.5331,13.0506]]]},"properties":{"NAME":"Barbados","SUBJECTO":"Barbados","PARTOF":"Barbados","BORDERPRECISION":3,"LINK":null}},
{"type":"Feature","geometry":{"type":"Polygon","coordinates":[[[-61.3636,15.1981],[-61.2533,15.4614],[-61.4522,15.6319],[-61.3636,15.1981]]]},"properties":{"NAME":"Dominica","SUBJECTO":"Dominica","PARTOF":"Dominica","BORDERPRECISION":3,"LINK":null}},
{"type":"Feature","geometry":{"type":"Polygon","coordinates":[[[-61.7469,11.9975],[-61.6286,12.0481],[-61.6119,12.2311],[-61.7469,11.9975]]]},"properties":{"NAME":"Grenada","SUBJECTO":"Grenada","PARTOF":"Grenada","BORDERPRECISION":3,"LINK":null}},
{"type":"Feature","geometry":{"type":"Polygon","coordinates":[[[-60.8608,14.4028],[-60.9408,14.7408],[-61.1747,14.8769],[-60.8608,14.4028]]]},"properties":{"NAME":"Martinique","SUBJECTO":"Martinique","PARTOF":"Martinique","BORDERPRECISION":3,"LINK":null}},
{"type":"Feature","geometry":{"type":"Polygon","coordinates":[[[-62.1714,16.6714],[-62.2019,16.8136],[-62.2367,16.7119],[-62.1714,16.6714]]]},"properties":{"NAME":"Montserrat","SUBJECTO":"Montserrat","PARTOF":"Montserrat","BORDERPRECISION":3,"LINK":null}},
{"type":"Feature","geometry":{"type":"Polygon","coordinates":[[[-63.1678,18.1644],[-62.9931,18.2272],[-62.9725,18.2767],[-63.1678,18.1644]]]},"properties":{"NAME":"Anguilla","SUBJECTO":"Anguilla","PARTOF":"Anguilla","BORDERPRECISION":3,"LINK":null}},
{"type":"Feature","geometry":{"type":"Polygon","coordinates":[[[-62.7017,17.3369],[-62.8639,17.3708],[-62.6253,17.2208],[-62.7017,17.3369]]]},"properties":{"NAME":"Saint Kitts and Nevis","SUBJECTO":"Saint Kitts and Nevis","PARTOF":"Saint Kitts and Nevis","BORDERPRECISION":3,"LINK":null}},
{"type":"Feature","geometry":{"type":"Polygon","coordinates":[[[-60.9547,13.7094],[-60.9303,14.1094],[-61.0794,13.88],[-60.9547,13.7094]]]},"properties":{"NAME":"Saint Lucia","SUBJECTO":"Saint Lucia","PARTOF":"Saint Lucia","BORDERPRECISION":3,"LINK":null}},
{"type":"Feature","geometry":{"type":"Polygon","coordinates":[[[-61.1731,13.1325],[-61.1772,13.3842],[-61.2814,13.2078],[-61.1731,13.1325]]]},"properties":{"NAME":"Saint Vincent and the Grenadines","SUBJECTO":"Saint Vincent and the Grenadines","PARTOF":"Saint Vincent and the Grenadines","BORDERPRECISION":3,"LINK":null}},
{"type":"Feature","geometry":{"type":"Polygon","coordinates":[[[-64.7619,17.7742],[-64.8961,17.6767],[-64.5603,17.7483],[-64.7619,17.7742]]]},"properties":{"NAME":"United States Virgin Islands","SUBJECTO":"United States Virgin Islands","PARTOF":"United States Virgin Islands","BORDERPRECISION":3,"LINK":null}},
{"type":"Feature","geometry":{"type":"Polygon","coordinates":[[[-61.3461,16.3342],[-61.7836,16.3331],[-61.695,15.9492],[-61.3461,16.3342]]]},"properties":{"NAME":"Guadeloupe","SUBJECTO":"Guadeloupe","PARTOF":"Guadeloupe","BORDERPRECISION":3,"LINK":null}},
{"type":"Feature","geometry":{"type":"Polygon","coordinates":[[[-68.9656,12.1989],[-69.1636,12.3664],[-69.0625,12.1883],[-68.7469,12.0403],[-68.9656,12.1989]]]},"properties":{"NAME":"Netherlands Antilles","SUBJECTO":"Netherlands Antilles","PARTOF":"Netherlands Antilles","BORDERPRECISION":3,"LINK":null}},
{"type":"Feature","geometry":{"type":"Polygon","coordinates":[[[-63.0115,18.0673],[-63.0392,18.1219],[-63.1398,18.0586],[-63.0115,18.0673]]]},"properties":{"NAME":"Saint Martin","SUBJECTO":"Saint Martin","PARTOF":"Saint Martin","BORDERPRECISION":3,"LINK":null}},
{"type":"Feature","geometry":{"type":"Polygon","coordinates":[[[-63.1398,18.0586],[-63.0283,18.0156],[-63.0115,18.0673],[-63.1398,18.0586]]]},"properties":{"NAME":"Saint Barthelemy","SUBJECTO":"Saint Barthelemy","PARTOF":"Saint Barthelemy","BORDERPRECISION":3,"LINK":null}},
{"type":"Feature","geometry":{"type":"Polygon","coordinates":[[[41.484,41.4365],[40.361,40.9634],[38.314,40.9209],[36.3829,41.2375],[35.0019,42.0432],[33.1555,41.9496],[31.2177,41.0541],[29.1612,41.2164],[29.3204,40.7411],[29.8827,40.7464],[28.9016,40.6201],[29.0524,40.3347],[27.0561,40.4297],[26.186,39.9972],[26.0641,39.4555],[26.9575,39.5483],[26.6022,39.2557],[27.0349,38.8211],[26.3932,38.1044],[27.1398,37.8891],[27.3081,36.9207],[27.9988,36.9094],[28.0142,36.5272],[29.0023,36.6948],[29.4719,36.0907],[30.3949,36.118],[30.9053,36.7942],[33.1713,35.9709],[34.4851,36.6268],[36.0824,36.6215],[35.6649,36.1335],[35.8731,34.4223],[34.1463,31.2086],[34.9355,29.4181],[34.7639,28.0967],[36.6693,26.0168],[37.2015,24.6583],[38.4901,23.6127],[39.1667,21.2188],[40.6938,19.8687],[42.5353,17.0707],[43.6049,12.8289],[45.5207,15.1306],[42.3654,21.3356],[40.8537,22.3663],[40.6475,24.1528],[37.7616,28.8253],[36.5935,29.7873],[37.2119,33.5665],[38.0364,34.5972],[40.0291,34.391],[44.0832,30.337],[46.9051,29.4376],[47.1067,29.8118],[47.9114,29.8903],[48.5536,29.9946],[47.6887,30.8821],[47.7424,31.9048],[46.124,32.772],[45.5062,33.7973],[46.211,35.7838],[45.3881,35.9256],[44.2052,37.8674],[44.0821,39.2945],[44.6696,39.757],[43.6845,40.1091],[43.4893,41.0747],[42.8784,41.5455],[41.484,41.4365]]]},"properties":{"NAME":"Ottoman Empire","SUBJECTO":"Ottoman Empire","PARTOF":"Ottoman Empire","BORDERPRECISION":3,"LINK":null}},
{"type":"Feature","geometry":{"type":"MultiPolygon","coordinates":[[[[11.1789,59.0703],[12.8716,56.5115],[12.606,56.0295],[13.3019,55.3007],[14.1172,55.3471],[14.6529,56.1206],[15.7705,56.0332],[16.6587,57.443],[16.4429,58.6344],[18.6113,59.3333],[17.5749,59.2141],[16.5232,59.5825],[18.0301,59.3593],[19.0436,59.7124],[17.1885,60.6743],[17.2902,62.4407],[20.7007,63.8181],[22.4898,65.8834],[23.9477,65.7967],[23.4877,67.8343],[20.7906,68.9323],[19.8427,68.1641],[18.1795,68.4688],[17.9136,67.8642],[16.8739,67.8366],[14.5967,66.0502],[14.0784,64.0322],[12.2992,63.5662],[12.548,60.4339],[11.5633,58.8631],[11.1789,59.0703]]],[[[18.1478,56.9119],[19.0047,57.9086],[18.1192,57.5311],[18.1478,56.9119]]]]},"properties":{"NAME":"Sweden","SUBJECTO":"Sweden","PARTOF":"Sweden","BORDERPRECISION":3,"LINK":null}},
{"type":"Feature","geometry":{"type":"MultiPolygon","coordinates":[[[[-25.6949,71.273],[-26.7875,71.5583],[-25.2913,71.5689],[-23.7537,70.5896],[-21.5471,70.4401],[-21.9044,71.4975],[-27.5189,73.1598],[-24.0764,73.7557],[-22.2692,73.2649],[-20.3296,73.4196],[-22.0288,74.104],[-19.051,74.3347],[-20.6689,75.0608],[-19.1998,75.6928],[-22.3777,76.6359],[-17.942,76.8651],[-20.1049,77.3825],[-19.1773,77.8242],[-20.7767,77.9686],[-21.382,77.5866],[-21.7,77.9235],[-17.7677,79.7774],[-20.193,79.8538],[-20.0447,80.2397],[-16.4409,80.451],[-12.7051,81.6213],[-16.4654,81.9036],[-23.9117,80.5628],[-22.0636,81.9648],[-24.8766,81.5954],[-32.7487,81.7647],[-31.1347,82.1981],[-23.3474,82.3533],[-22.4324,82.7433],[-32.5132,83.577],[-38.5872,83.3824],[-38.5872,82.8277],[-41.8811,83.2628],[-44.8941,83.0779],[-44.683,81.7289],[-50.7724,82.4971],[-49.938,81.6762],[-52.816,82.1301],[-53.6635,81.4626],[-54.5752,82.3281],[-58.1333,82.0132],[-57.4442,81.4239],[-60.8873,81.8606],[-61.1118,81.1824],[-67.1428,80.5621],[-66.8512,80.0385],[-64.6232,79.9492],[-65.4849,79.1582],[-72.5453,78.3235],[-69.9936,77.5804],[-66.1534,77.5532],[-71.4483,77.1219],[-68.3763,76.7778],[-69.0448,76.2938],[-67.6191,76.019],[-62.9162,76.3645],[-58.2285,75.6106],[-54.5582,72.8716],[-55.4766,71.4891],[-54.3816,71.3047],[-53.3229,71.8908],[-51.7201,71.5896],[-50.8245,70.2473],[-54.3735,70.7247],[-50.5726,69.8663],[-50.9538,68.5393],[-52.8425,68.5058],[-50.491,67.9726],[-50.4771,67.4822],[-53.4358,67.6176],[-53.3974,66.9959],[-52.3032,66.9095],[-53.3481,66.3243],[-52.6105,66.268],[-53.1025,65.8732],[-51.8048,64.2333],[-50.1445,64.7393],[-51.3658,63.726],[-47.6305,60.5968],[-45.7709,61.1041],[-44.4674,59.7609],[-44.0523,60.1642],[-43.0145,59.8329],[-43.4971,60.479],[-42.7849,60.5292],[-42.2714,62.1944],[-43.226,62.6809],[-41.8344,62.6906],[-40.5162,63.7821],[-41.4841,64.2742],[-40.3553,64.427],[-41.0603,65.0375],[-39.7269,64.9965],[-39.992,65.5333],[-38.4674,65.6454],[-38.0418,66.3992],[-37.1548,66.3202],[-37.5789,65.5451],[-36.3244,65.7223],[-32.1238,67.8729],[-32.3591,68.544],[-30.305,67.9805],[-29.9945,68.3914],[-26.9636,68.5017],[-22.7323,69.7741],[-22.1575,70.0561],[-28.3845,70.458],[-27.9162,70.998],[-25.6949,71.273]]],[[[12.606,56.0295],[11.9672,56.0072],[12.0269,55.6533],[11.6412,55.9715],[10.9275,55.7151],[11.9866,54.9916],[12.606,56.0295]]],[[[8.5475,56.6841],[9.0044,57.0259],[10.0892,57.0654],[10.2541,57.0162],[10.388,57.0512],[10.5926,57.7003],[8.529,57.0494],[8.5475,56.6841]]],[[[9.6708,54.8434],[9.6173,55.6805],[10.951,56.4197],[10.1956,56.4897],[10.3449,56.6812],[9.9761,56.6747],[10.3102,56.923],[10.0587,57.0491],[9.211,56.9375],[9.3353,56.5354],[8.1792,56.6674],[8.1297,55.5344],[8.8186,54.8908],[9.5671,54.9021],[9.6184,54.8751],[9.6708,54.8434]]],[[[11.3391,54.6623],[12.1366,54.8525],[11.1313,54.9462],[11.3391,54.6623]]],[[[10.7115,55.0991],[10.6507,55.5849],[9.8341,55.5286],[10.7115,55.0991]]],[[[-54.1253,69.4812],[-51.8129,69.6216],[-54.5937,70.2402],[-54.1253,69.4812]]],[[[-22.8328,72.269],[-21.9061,72.0512],[-23.7984,72.6605],[-22.8328,72.269]]]]},"properties":{"NAME":"Denmark","SUBJECTO":"Denmark","PARTOF":"Denmark","BORDERPRECISION":3,"LINK":null}},
{"type":"Feature","geometry":{"type":"Polygon","coordinates":[[[51.1198,24.3987],[51.9529,22.4842],[55.3183,22.072],[55.1952,21.1185],[49.8192,17.6467],[45.5207,15.1306],[43.6049,12.8289],[44.4405,12.6398],[51.3126,15.2469],[52.6522,16.4887],[54.9106,16.9701],[55.5611,17.9372],[56.2576,17.9768],[56.9043,18.8168],[57.8386,19.0348],[57.9313,20.4009],[58.512,20.4212],[59.8257,22.3745],[58.6285,23.4583],[56.7942,24.2676],[56.1613,25.4733],[56.1567,25.9665],[54.276,24.1098],[51.9456,23.9455],[51.2878,24.4108],[51.1198,24.3987]]]},"properties":{"NAME":"British Protectorate","SUBJECTO":"United Kingdom of Great Britain and Ireland","PARTOF":"British Protectorate","BORDERPRECISION":3,"LINK":null}},
{"type":"Feature","geometry":{"type":"Polygon","coordinates":[[[50.9683,24.4362],[49.9369,25.9558],[50.1218,26.7376],[48.855,27.5227],[48.4435,28.4402],[46.5092,28.9701],[46.9051,29.4376],[44.0832,30.337],[40.0291,34.391],[38.0364,34.5972],[37.2119,33.5665],[36.5935,29.7873],[37.7616,28.8253],[40.6475,24.1528],[40.8537,22.3663],[42.3654,21.3356],[45.5207,15.1306],[49.8192,17.6467],[55.1952,21.1185],[55.3183,22.072],[51.9529,22.4842],[51.1198,24.3987],[50.9683,24.4362]]]},"properties":{"NAME":"Arabia (Nejd)","SUBJECTO":"Arabia (Nejd)","PARTOF":"Arabia (Nejd)","BORDERPRECISION":3,"LINK":null}},
{"type":"Feature","geometry":{"type":"MultiPolygon","coordinates":[[[[20.1224,39.551],[21.1595,39.0048],[20.7718,38.8509],[21.1724,38.3478],[23.1163,38.1574],[21.9058,38.2697],[21.2211,37.8284],[21.7809,36.8225],[22.9826,36.6148],[22.6423,37.5849],[23.4181,37.4693],[22.8981,37.9],[23.4193,38.0681],[23.9182,37.6846],[23.9607,38.2099],[22.4905,38.8769],[22.8509,39.3661],[23.2361,39.2032],[22.4921,40.4983],[22.8519,40.6513],[23.5969,39.9341],[23.2918,40.2873],[24.2954,40.1765],[23.6347,40.7728],[24.5191,40.8731],[24.4181,41.4762],[22.9202,41.2307],[21.0316,40.7268],[20.1224,39.551]]],[[[23.2424,39.0441],[22.8699,38.8372],[24.5272,37.9674],[23.2424,39.0441]]]]},"properties":{"NAME":"Greece","SUBJECTO":"Greece","PARTOF":"Greece","BORDERPRECISION":3,"LINK":null}},
{"type":"Feature","geometry":{"type":"Polygon","coordinates":[[[14.5622,35.8203],[14.3264,35.9789],[14.375,35.8475],[14.5622,35.8203]]]},"properties":{"NAME":"Malta","SUBJECTO":"Malta","PARTOF":"Malta","BORDERPRECISION":3,"LINK":null}},
{"type":"Feature","geometry":{"type":"Polygon","coordinates":[[[88.8026,27.181],[88.6683,27.9483],[88.1973,27.8758],[88.0922,26.4445],[87.3493,26.385],[85.3714,26.757],[84.1361,27.5382],[82.8118,27.5382],[80.1159,28.8403],[81.0213,30.2465],[78.8053,31.3477],[78.4507,32.5828],[78.9705,32.3893],[79.5653,32.7018],[79.447,33.2003],[78.6245,33.5042],[78.8067,34.1997],[78.1443,34.5475],[77.8462,35.4748],[76.0923,35.7984],[75.6278,36.769],[74.5205,37.0046],[71.6495,36.3336],[71.1535,34.1384],[69.87,33.9408],[70.2892,33.2831],[69.5079,32.9486],[69.2064,31.798],[66.9208,31.2074],[66.0906,29.7361],[62.9464,29.3563],[60.8205,29.8333],[61.6593,28.6568],[62.671,28.2054],[63.257,27.1038],[63.1562,26.5508],[61.9413,26.1564],[61.57,25.0396],[66.4323,25.4886],[67.3159,24.0929],[68.7908,23.0287],[70.3806,22.8606],[69.9685,22.3515],[68.8942,22.2857],[70.8551,20.6508],[72.1209,21.1553],[72.233,22.0196],[72.6956,22.1285],[73.1129,20.8271],[72.8534,19.2447],[73.5727,16.0379],[76.7035,8.7064],[77.3414,8.0533],[79.1596,9.2772],[79.2225,10.1922],[79.7899,10.2506],[79.7107,11.4449],[80.3135,13.1045],[80.3002,15.6457],[82.0814,16.4627],[85.1132,19.4423],[86.6324,20.2036],[86.9372,21.2884],[88.053,21.9387],[88.2996,21.5518],[88.5676,21.8954],[88.8809,21.5149],[89.4566,21.9417],[89.6702,21.7198],[90,22.561],[91.4102,22.7208],[92.1763,20.8866],[93.416,19.9428],[93.815,19.2576],[93.4579,19.1742],[93.9656,19.1944],[94.2474,18.5788],[94.4649,17.2643],[94.1444,16.0057],[94.8193,16.2105],[95.3298,15.6779],[96.6629,16.6972],[96.7704,17.3327],[97.5732,16.4451],[98.5902,11.6952],[98.8674,11.645],[98.3979,10.5639],[98.5932,10.1205],[99.5811,11.8887],[99.003,13.8862],[98.137,15.1896],[98.8236,16.3177],[97.3735,18.4494],[97.7111,18.5085],[98.0157,19.7486],[100.0012,20.4587],[101.014,21.4424],[99.2086,22.1494],[99.4689,23.1414],[98.985,23.1513],[98.6988,24.1465],[97.5306,23.8921],[97.5241,24.8],[98.7337,26.3432],[98.6372,27.4787],[98.0087,28.0908],[96.2546,28.3853],[96.4553,28.8815],[95.9286,29.3798],[95.309,29.0018],[94.4117,29.1617],[91.6078,27.6415],[91.9089,26.8053],[89.8344,26.6854],[88.8026,27.181]]]},"properties":{"NAME":"British Raj","SUBJECTO":"United Kingdom","PARTOF":"British Raj","BORDERPRECISION":3,"LINK":null}},
{"type":"Feature","geometry":{"type":"MultiPolygon","coordinates":[[[[124.1339,39.8431],[125.2961,39.3643],[124.7697,37.9359],[125.2694,37.4847],[125.5617,37.8355],[125.909,37.5115],[126.5396,37.6827],[126.8658,37.2669],[126.8464,36.7525],[126.5025,37.0528],[126.1289,36.7517],[126.873,36.0547],[126.2492,35.1167],[126.6597,34.8128],[126.2894,34.7422],[126.4783,34.3453],[127.3286,34.743],[127.3894,34.4711],[127.5933,34.9417],[129.1369,35.1122],[129.5883,36.0076],[129.4336,37.0589],[128.3636,38.6252],[127.2769,39.2217],[127.6715,39.8664],[129.4778,40.682],[129.6413,41.6558],[130.4351,42.2768],[130.2259,42.6513],[129.8543,42.9568],[129.0345,42.1774],[127.984,42.1076],[127.8615,41.3777],[126.4742,41.6515],[124.1339,39.8431]]],[[[142.084,50.0103],[141.8983,45.9148],[142.6148,46.7128],[143.3034,46.0112],[143.4448,46.5717],[142.4899,47.9016],[143.0326,49.2195],[144.5399,48.7533],[143.7513,50.0232],[142.084,50.0103]]],[[[121.8222,24.6225],[121.8817,25.1147],[121.0628,25.05],[120.1155,23.6314],[120.7164,21.9281],[121.8222,24.6225]]],[[[138.699,37.4482],[137.1762,36.6431],[137.3096,37.4327],[136.7219,37.2659],[135.7271,35.4505],[132.6629,35.3806],[130.7793,33.9669],[131.995,33.8043],[132.1835,34.2872],[135.2057,34.6171],[135.0629,33.69],[135.7557,33.3423],[136.8986,34.2587],[136.5071,34.5182],[136.7339,34.8741],[137.2482,34.4816],[138.1491,34.5279],[138.6837,34.9923],[138.8638,34.5674],[139.9137,35.5544],[139.8301,34.836],[140.3166,35.0338],[140.8343,35.6771],[140.8722,37.9174],[141.9985,39.4489],[141.2858,41.3715],[140.7745,41.2552],[141.1526,40.8654],[140.3864,40.9855],[139.9152,40.575],[139.8961,38.9985],[138.699,37.4482]]],[[[133.8056,34.1762],[132.1211,33.3475],[132.6988,32.5489],[133.241,33.2991],[133.9986,33.1483],[134.5191,33.6508],[134.5404,34.0127],[133.8056,34.1762]]],[[[130.2193,31.5597],[130.2329,31.0265],[130.7325,31.4783],[130.5793,30.9065],[131.2106,31.3523],[131.831,32.6931],[131.5688,33.4861],[130.4266,33.6742],[129.3434,33.1514],[129.7337,32.638],[130.1075,32.9308],[130.4965,32.557],[130.2193,31.5597]]],[[[140.5168,43.057],[139.7117,42.4776],[140.1125,41.2731],[141.155,41.7493],[140.2455,42.2284],[140.5409,42.537],[140.9296,42.2555],[141.9281,42.5013],[143.2138,41.9265],[144.0028,42.8777],[145.4481,43.1696],[145.3476,44.243],[144.6138,43.8428],[143.7902,44.0276],[141.8753,45.4354],[141.3036,43.187],[140.4982,43.3204],[140.5168,43.057]]],[[[146.5083,44.358],[146.1274,44.5072],[145.4375,43.7169],[146.5083,44.358]]],[[[148.3327,45.2297],[148.8503,45.4811],[147.9327,45.4214],[146.8405,44.4155],[148.3327,45.2297]]]]},"properties":{"NAME":"Empire of Japan","SUBJECTO":"Empire of Japan","PARTOF":"Empire of Japan","BORDERPRECISION":3,"LINK":null}},
{"type":"Feature","geometry":{"type":"Polygon","coordinates":[[[46.5558,41.8785],[47.8181,41.1977],[48.6832,41.8359],[47.5653,43.0077],[47.7361,43.8619],[47.5203,43.5113],[46.81,44.5363],[47.6282,45.7322],[48.7702,45.8851],[51.1171,47.063],[53.1852,46.8652],[52.8435,45.5075],[53.2841,45.3276],[51.5127,45.3726],[51.0991,44.878],[51.5757,44.5543],[50.3258,44.3655],[50.9552,44.2036],[51.4228,43.1696],[52.7626,42.7559],[52.97,41.1382],[53.0657,42.0289],[53.7362,42.1343],[54.8281,40.9849],[53.8416,40.6401],[53.0562,41.052],[52.8263,40.4677],[52.9891,39.9314],[53.6883,39.9792],[53.7937,39.4908],[53.2094,39.4046],[54.0714,38.8969],[54.0151,37.3483],[55.3557,38.0377],[57.2255,38.1882],[60.3463,36.6074],[61.014,36.6366],[61.2213,35.5816],[62.6776,35.2655],[64.4945,36.2806],[64.826,37.1479],[65.7247,37.4903],[67.9654,36.8344],[69.3078,37.0837],[69.567,37.5053],[70.2214,37.528],[70.7188,38.3649],[71.4441,37.834],[71.5245,36.7143],[73.0472,37.3283],[74.7333,37.2094],[74.7029,38.5207],[73.712,38.7187],[73.8849,39.8797],[75.43,40.6102],[76.4816,40.437],[77.0204,41.1116],[78.1107,41.0728],[80.256,42.0837],[80.7721,43.3825],[80.06,45.0378],[82.6019,45.2],[83.2517,47.2949],[85.4776,47.0927],[85.7619,48.3614],[87.8684,49.2329],[89.4621,49.6395],[90,50.3067],[92.1597,50.7553],[94.2105,50.5493],[94.7,50.0268],[97.4228,49.7863],[98.2363,50.2424],[97.9396,51.2269],[98.9176,52.037],[102.1174,51.3611],[102.4496,50.6062],[103.3779,50.2173],[106.3229,50.4167],[109.424,49.2955],[112.5245,49.462],[114.0983,50.2743],[116.7598,49.9299],[117.645,49.5936],[119.2912,50.125],[119.1823,50.7017],[120.746,52.0071],[120.7731,52.4763],[119.9965,52.7038],[120.9171,53.2586],[123.3526,53.5103],[125.8527,52.9465],[127.5159,49.8744],[130.3836,48.9642],[130.9245,47.7323],[134.6284,48.2131],[132.989,45.1436],[131.7395,45.2593],[130.9905,44.8174],[131.1396,43.2266],[130.2259,42.6513],[130.4351,42.2768],[131.8652,43.2904],[131.6746,43.0266],[132.1818,43.1946],[132.9528,42.6695],[134.5686,43.2122],[137.7205,45.9967],[140.081,48.5026],[141.1212,53.0516],[139.378,54.0804],[137.0713,53.4895],[137.3829,53.8098],[136.3507,53.7012],[136.4916,54.4555],[135.0945,54.4328],[134.9852,54.8539],[142.8459,59.2725],[145.4041,59.3255],[145.957,58.9829],[146.3074,59.286],[148.4161,59.0974],[149.7296,59.5953],[151.5236,59.3439],[151.3545,58.6911],[154.9059,59.1028],[153.943,59.5688],[156.8252,61.5628],[160.1183,61.7513],[160.1188,60.5636],[162.7488,61.609],[162.9902,62.3261],[165.0672,62.4357],[164.0083,62.1309],[163.3293,60.6949],[158.3263,58.0268],[156.7769,57.5805],[155.6276,56.2679],[155.7108,53.8049],[156.8246,51.0041],[158.258,52.0171],[158.4614,52.826],[159.8969,53.2406],[160.0274,54.1533],[161.8759,54.5641],[161.5027,55.2874],[162.3176,56.2401],[163.166,56.1065],[162.5124,57.0335],[163.0784,57.6265],[161.9892,57.7199],[161.8044,58.1017],[163.3887,59.8141],[164.1105,60.0782],[164.5846,59.6647],[166.2034,60.3526],[166.0272,59.7087],[168.6708,60.4546],[170.0601,59.8818],[176.832,62.6764],[178.7377,62.2993],[179.2422,62.5257],[178.1473,64.1566],[175.8998,64.5474],[175.9651,64.9037],[178.0044,64.5477],[180,64.9535],[180,65.0519],[180,65.311],[180,65.3816],[180,65.9631],[180,66.9631],[180,67.9631],[180,68.9199],[176.1922,69.7127],[170.4517,70.0192],[170.8328,68.9219],[169.3886,68.7175],[167.3201,69.6586],[166.3092,69.3783],[162.1178,69.5586],[160.8623,69.0831],[158.4087,70.8142],[152.134,70.6644],[148.7109,71.6294],[149.5303,72.0274],[146.9151,72.2019],[144.8013,71.5911],[145.6,72.4262],[141.4084,72.7873],[138.9693,72.2105],[139.8479,72.2356],[139.7445,71.4036],[138.4461,71.6103],[137.6297,71.0754],[135.8606,71.5434],[134.2414,71.2619],[132.5538,71.809],[130.7793,70.6783],[126.1113,72.2804],[128.5249,72.9523],[127.7196,73.4015],[124.2222,73.6969],[122.8824,72.7528],[120.5785,72.8351],[116.6711,73.6192],[113.547,73.2009],[113.2216,73.7481],[110.5513,74.0384],[109.9906,73.44],[105.2788,72.7515],[113.625,75.2727],[113.533,76.0937],[109.6564,76.6913],[106.404,76.4323],[107.1603,76.9491],[104.7046,76.9275],[105.4495,77.4491],[103.9466,77.5922],[99.4672,75.9669],[96.6582,75.8533],[94.6943,76.1836],[87.4875,74.9609],[87.1397,73.6041],[86.1235,73.4511],[86.4921,73.8738],[80.6201,73.4965],[80.9823,72.447],[83.5611,71.6244],[83.3707,70.3373],[82.6755,70.8421],[82.0456,70.4189],[82.8184,71.6463],[81.4253,71.6127],[79.2226,72.2713],[76.3329,71.7197],[78.6085,70.8499],[75.6706,71.1991],[75.0161,72.7188],[74.9212,72.0287],[73.2169,71.4577],[73.9145,69.1543],[77.406,68.9356],[77.4832,67.8025],[78.4779,67.4785],[77.0907,67.5277],[77.0398,68.4638],[75.5372,68.7749],[74.505,68.5935],[74.7417,67.6862],[72.2088,66.1735],[69.1726,66.5483],[71.5441,66.7141],[73.3936,68.3824],[71.7976,71.4318],[72.8527,72.6439],[69.3431,72.8343],[66.6702,70.8661],[66.8844,69.6231],[69.109,68.8303],[68.3846,68.1793],[65.3554,69.1834],[61.03,69.7406],[60.9341,68.8151],[59.7623,68.2974],[58.7704,68.856],[53.6257,68.0477],[53.5024,68.8163],[46.4021,66.7186],[44.8712,67.3124],[46.6341,67.7005],[45.8634,68.3833],[43.8532,68.4692],[44.0294,66.0112],[42.2108,66.41],[39.9513,65.5812],[40.3222,64.4629],[36.8839,65.0677],[36.9967,64.4066],[38.0539,64.1293],[37.4105,63.7495],[34.8846,64.3668],[34.5437,66.0008],[32.2194,66.9937],[38.7821,66.0015],[40.8364,66.5614],[40.9734,67.5344],[35.4366,69.1504],[33.3156,69.0713],[32.0716,69.8835],[31.0538,69.6396],[28.6972,68.6955],[29.9461,67.5339],[29.0229,66.8874],[30.0149,63.6156],[31.4083,62.792],[28.4318,60.6035],[28.5694,60.1984],[30.1266,59.806],[29.0761,59.9078],[27.702,59.2975],[25.4488,59.494],[23.4158,59.119],[23.6709,58.2414],[24.4968,58.2132],[24.2663,57.0301],[23.4145,56.8924],[22.5636,57.6156],[21.6773,57.4637],[20.9454,56.07],[22.7935,54.9024],[22.8066,53.8076],[20.4774,53.1305],[18.9912,53.1305],[18.0861,52.3918],[18.1401,50.9877],[18.7691,50.177],[19.3112,50.2684],[20.2706,50.1042],[21.9078,50.8122],[22.4828,50.3717],[24.4044,50.6343],[26.2547,49.7504],[26.2194,49.1343],[26.4799,48.5858],[27.6478,48.7516],[30.4328,46.1757],[31.9513,46.8646],[32.2022,46.1704],[33.5279,46.1341],[32.5032,45.4451],[33.3979,45.2527],[33.3955,44.6005],[34.0137,44.4921],[36.521,45.3883],[35.0634,45.3401],[33.8391,46.1931],[39.1599,47.2689],[37.7571,46.6032],[38.459,46.0789],[36.9599,45.2274],[40.0981,43.3776],[42.9569,43.1762],[44.0525,42.5592],[45.0312,42.772],[46.5558,41.8785]]]},"properties":{"NAME":"Russian Empire","SUBJECTO":"Russia","PARTOF":"Russian Empire","BORDERPRECISION":3,"LINK":null}},
{"type":"Feature","geometry":{"type":"MultiPolygon","coordinates":[[[[-180,65.9631],[-180,65.3816],[-180,65.311],[-180,65.2592],[-178.9751,66.0514],[-178.6535,65.5399],[-176.5285,65.6096],[-175.8274,64.934],[-173.7238,64.3828],[-172.4366,65.02],[-173.0431,65.8062],[-171.2003,65.5612],[-171.6686,65.8892],[-170.9762,65.6784],[-169.8324,66.0246],[-171.958,66.9557],[-173.8749,67.1593],[-174.6352,66.4048],[-175.514,67.6688],[-180,68.9169],[-180,67.9631],[-180,66.9631],[-180,65.9631]]],[[[53.5023,73.1366],[51.8149,71.4798],[54.3535,71.198],[53.7286,70.7651],[54.9983,70.5217],[57.2378,70.691],[55.5204,72.1098],[56.5085,73.1739],[53.5023,73.1366]]],[[[55.7574,73.5774],[56.9604,73.3571],[60.4633,75.1561],[67.7225,76.1745],[68.4567,76.9268],[56.995,75.2731],[55.8852,74.1048],[54.0176,73.7336],[55.7574,73.5774]]]]},"properties":{"NAME":"Russian Empire","SUBJECTO":"Russia","PARTOF":"Russian Empire","BORDERPRECISION":3,"LINK":null}},
{"type":"Feature","geometry":{"type":"Polygon","coordinates":[[[22.9202,41.2307],[24.4181,41.4762],[24.5191,40.8731],[26.788,40.656],[26.181,40.045],[27.51,40.984],[29.033,41.052],[27.4968,42.435],[28.5101,43.7431],[26.6844,44.2526],[25.3781,43.7806],[22.9444,43.8954],[22.694,44.2631],[22.3181,43.6815],[22.9278,43.0864],[22.3264,42.2927],[22.9202,41.2307]]]},"properties":{"NAME":"Bulgaria","SUBJECTO":"Bulgaria","PARTOF":"Bulgaria","BORDERPRECISION":3,"LINK":null}},
{"type":"Feature","geometry":{"type":"Polygon","coordinates":[[[6.2605,49.4757],[7.1188,48.5158],[6.9219,47.5141],[8.9835,47.6796],[9.1181,47.6785],[9.2161,47.671],[9.6655,47.5562],[10.1029,47.301],[12.3582,47.7243],[12.9789,47.5079],[12.6942,48.1294],[13.9467,48.6551],[12.2354,50.2408],[14.2617,51.0447],[16.3531,50.7049],[16.728,50.1486],[16.8856,50.4877],[18.6045,49.939],[19.3112,50.2684],[18.7691,50.177],[18.1401,50.9877],[18.0861,52.3918],[18.9912,53.1305],[20.4774,53.1305],[22.8066,53.8076],[22.7935,54.9024],[20.9454,56.07],[21.1373,54.8455],[19.9426,54.8499],[20.3267,54.564],[19.3281,54.1615],[19.7577,54.4592],[18.6731,54.2551],[18.2794,54.7241],[14.4729,53.8768],[14.5371,53.5382],[12.9431,54.347],[10.8589,53.8772],[11.0386,54.3133],[9.8648,54.4114],[9.6708,54.8434],[9.6184,54.8751],[9.5671,54.9021],[8.8186,54.8908],[8.5539,54.2754],[9.125,53.7905],[8.175,53.3217],[7.1656,53.5917],[7.1599,53.164],[7.0677,52.2186],[5.9794,51.8035],[5.9996,50.7416],[6.1085,50.1175],[6.2605,49.4757]]]},"properties":{"NAME":"German Empire","SUBJECTO":"German Empire","PARTOF":"German Empire","BORDERPRECISION":3,"LINK":null}},
{"type":"Feature","geometry":{"type":"Polygon","coordinates":[[[-170.7494,-14.3739],[-170.5656,-14.2558],[-170.8261,-14.325],[-170.7494,-14.3739]]]},"properties":{"NAME":"American Samoa","SUBJECTO":"American Samoa","PARTOF":"American Samoa","BORDERPRECISION":3,"LINK":null}},
{"type":"Feature","geometry":{"type":"MultiPolygon","coordinates":[[[[178.6933,-18.025],[178.193,-17.3011],[177.2483,-17.9564],[177.8641,-18.2639],[178.6933,-18.025]]],[[[179.8983,-16.2372],[180,-16.1727],[180,-16.1547],[178.4858,-16.7983],[179.9022,-16.7694],[179.9325,-16.4608],[179.4786,-16.7011],[179.8983,-16.2372]]]]},"properties":{"NAME":"Fiji","SUBJECTO":"Fiji","PARTOF":"Fiji","BORDERPRECISION":3,"LINK":null}},
{"type":"Feature","geometry":{"type":"Polygon","coordinates":[[[-169.8939,-19.1456],[-169.8175,-18.9683],[-169.9317,-19.0167],[-169.8939,-19.1456]]]},"properties":{"NAME":"Niue","SUBJECTO":"Niue","PARTOF":"Niue","BORDERPRECISION":3,"LINK":null}},
{"type":"Feature","geometry":{"type":"Polygon","coordinates":[[[-175.1233,-21.135],[-175.3605,-21.1025],[-175.1453,-21.2681],[-175.1233,-21.135]]]},"properties":{"NAME":"Tonga","SUBJECTO":"Tonga","PARTOF":"Tonga","BORDERPRECISION":3,"LINK":null}},
{"type":"Feature","geometry":{"type":"Polygon","coordinates":[[[-178.0425,-14.3194],[-178.1895,-14.2361],[-178.1406,-14.3164],[-178.0425,-14.3194]]]},"properties":{"NAME":"Wallis and Futuna Islands","SUBJECTO":"Wallis and Futuna Islands","PARTOF":"Wallis and Futuna Islands","BORDERPRECISION":3,"LINK":null}},
{"type":"Feature","geometry":{"type":"Polygon","coordinates":[[[-172.2859,-13.4864],[-172.7806,-13.5333],[-172.2142,-13.8078],[-172.2859,-13.4864]]]},"properties":{"NAME":"Samoa","SUBJECTO":"Samoa","PARTOF":"Samoa","BORDERPRECISION":3,"LINK":null}},
{"type":"Feature","geometry":{"type":"Polygon","coordinates":[[[-109.2414,-27.1331],[-109.3908,-27.0667],[-109.4492,-27.1931],[-109.2414,-27.1331]]]},"properties":{"NAME":"Rapa Nui","SUBJECTO":"Chile","PARTOF":"Rapa Nui","BORDERPRECISION":3,"LINK":null}},
{"type":"Feature","geometry":{"type":"Polygon","coordinates":[[[114.0292,22.5085],[114.2631,22.2044],[114.4131,22.4369],[114.0292,22.5085]]]},"properties":{"NAME":"Hong Kong","SUBJECTO":"United Kingdom","PARTOF":"British Empire","BORDERPRECISION":3,"LINK":null}}
]}