{"type":"FeatureCollection", "features": [
{"type":"Feature","geometry":{"type":"Polygon","coordinates":[[[5.8235,49.5071],[6.433,49.4453],[6.1085,50.1175],[5.8235,49.5071]]]},"properties":{"NAME":"Luxembourg","SUBJECTO":"Luxembourg","PARTOF":"Luxembourg","BORDERPRECISION":3,"LINK":null}},
{"type":"Feature","geometry":{"type":"Polygon","coordinates":[[[10.3957,46.8874],[9.5208,47.0694],[9.5393,47.4872],[8.9835,47.6796],[7.5066,47.6037],[6.9219,47.5141],[5.9415,46.1755],[6.3837,46.3416],[6.7461,46.4871],[6.7765,46.4734],[6.8074,46.394],[6.9553,45.9389],[7.7899,45.927],[8.3745,46.4708],[8.8907,45.8662],[9.2101,46.4981],[9.9945,46.2525],[10.3957,46.8874]]]},"properties":{"NAME":"Switzerland","SUBJECTO":"Switzerland","PARTOF":"Switzerland","BORDERPRECISION":3,"LINK":null}},
{"type":"Feature","geometry":{"type":"MultiPolygon","coordinates":[[[[5.8235,49.5071],[4.8599,49.7822],[4.8654,50.1337],[4.1563,49.9658],[2.5221,51.0911],[1.5889,50.8219],[1.552,50.2288],[0.0329,49.3337],[-1.1771,49.3325],[-1.251,49.6999],[-1.9413,49.7093],[-1.4566,48.6836],[-2.6364,48.552],[-3.0912,48.8716],[-4.762,48.552],[-4.3502,48.3905],[-4.6754,48.0169],[-2.4655,47.4944],[-1.0752,46.0146],[-0.7285,45.0186],[-1.1752,45.5005],[-1.1358,44.6001],[-1.9146,43.3054],[-0.1656,42.6488],[3.0871,42.3686],[3.0679,42.9446],[3.8075,43.4672],[5.8286,43.0208],[7.5528,43.8675],[6.5073,45.1157],[7.1191,45.4305],[6.6745,45.8033],[6.9553,45.9389],[6.8074,46.394],[6.3837,46.3416],[5.9415,46.1755],[6.9219,47.5141],[7.5066,47.6037],[8.1583,48.9783],[6.433,49.4453],[5.8235,49.5071]]],[[[9.4142,42.9095],[8.5004,42.3598],[9.173,41.3499],[9.4142,42.9095]]]]},"properties":{"NAME":"France","SUBJECTO":"France","PARTOF":"France","BORDERPRECISION":3,"LINK":null}},
{"type":"Feature","geometry":{"type":"MultiPolygon","coordinates":[[[[33.7805,35.2081],[34.4582,35.6446],[32.1437,35.0425],[32.9145,34.5413],[33.9247,34.9532],[33.7805,35.2081]]],[[[-6.3431,53.9396],[-5.6615,54.3222],[-6.0182,55.093],[-7.3339,55.3836],[-8.76,54.7014],[-8.2115,54.6339],[-8.5901,54.2028],[-10.1597,54.1331],[-9.6965,53.8734],[-10.1598,53.3741],[-8.9236,53.1606],[-9.5258,52.9046],[-9.1926,52.5545],[-10.4692,52.2066],[-9.9638,52.0921],[-9.8191,51.4346],[-6.406,52.2144],[-6.3431,53.9396]]],[[[0.081,53.3862],[-2.245,55.811],[-3.895,55.9851],[-2.7209,56.1782],[-3.1524,56.3368],[-1.9446,57.4017],[-4.1484,57.5545],[-3.0284,58.4057],[-4.9256,58.567],[-6.0435,56.4748],[-5.2707,56.5441],[-5.5702,55.7505],[-4.7107,56.1313],[-5.1114,54.7941],[-3.1525,54.8381],[-3.5692,54.415],[-2.8859,54.1687],[-2.9145,53.2671],[-4.4919,52.991],[-4.1236,52.3733],[-5.2488,51.8602],[-3.4991,51.4597],[-2.7502,51.644],[-3.066,51.1777],[-4.281,51.1872],[-5.7778,50.1341],[-5.2823,49.9638],[-4.5406,50.358],[-3.715,50.2193],[-2.9606,50.7218],[0.8883,50.8927],[1.3647,51.3529],[0.2542,51.4536],[1.6917,52.3114],[1.3759,52.8092],[0.0055,52.7867],[0.081,53.3862]]]]},"properties":{"NAME":"United Kingdom of Great Britain and Ireland","SUBJECTO":"United Kingdom of Great Britain and Ireland","PARTOF":"United Kingdom of Great Britain and Ireland","BORDERPRECISION":3,"LINK":null}},
{"type":"Feature","geometry":{"type":"Polygon","coordinates":[[[91.6078,27.6415],[91.319,28.0143],[89.8634,28.2725],[88.8026,27.181],[89.8344,26.6854],[91.9089,26.8053],[91.6078,27.6415]]]},"properties":{"NAME":"Bhutan","SUBJECTO":"Bhutan","PARTOF":"Bhutan","BORDERPRECISION":3,"LINK":null}},
{"type":"Feature","geometry":{"type":"Polygon","coordinates":[[[51.2878,24.4108],[51.5867,25.6091],[51.217,26.0665],[50.8473,25.2652],[50.9683,24.4362],[51.1198,24.3987],[51.2878,24.4108]]]},"properties":{"NAME":"Qatar","SUBJECTO":"United Kingdom of Great Britain and Ireland","PARTOF":"Qatar","BORDERPRECISION":3,"LINK":null}},
{"type":"Feature","geometry":{"type":"Polygon","coordinates":[[[51.1198,24.3987],[51.9529,22.4842],[55.3674,22.0657],[55.6988,22.3027],[55.6581,23.7445],[56.0041,24.9407],[56.4053,24.9187],[56.1613,25.4733],[56.1567,25.9665],[54.276,24.1098],[51.9456,23.9455],[51.2878,24.4108],[51.1198,24.3987]]]},"properties":{"NAME":"Trucial Oman","SUBJECTO":"United Kingdom of Great Britain and Ireland","PARTOF":"Trucial Oman","BORDERPRECISION":3,"LINK":null}},
{"type":"Feature","geometry":{"type":"MultiPolygon","coordinates":[[[[56.1613,25.4733],[56.3671,26.2361],[56.1567,25.9665],[56.1613,25.4733]]],[[[55.6988,22.3027],[56.0302,21.2374],[51.8061,18.9829],[53.0209,16.6538],[54.9106,16.9701],[55.5611,17.9372],[56.2576,17.9768],[56.9043,18.8168],[57.8386,19.0348],[57.9313,20.4009],[58.512,20.4212],[59.8373,22.2792],[58.6285,23.4583],[57.1462,23.9825],[56.4053,24.9187],[56.0041,24.9407],[55.6581,23.7445],[55.6988,22.3027]]]]},"properties":{"NAME":"Muscat and Oman","SUBJECTO":"United Kingdom of Great Britain and Ireland","PARTOF":"Muscat and Oman","BORDERPRECISION":3,"LINK":null}},
{"type":"Feature","geometry":{"type":"Polygon","coordinates":[[[-82.1772,22.3659],[-78.7279,21.6168],[-78.4504,20.969],[-77.0987,20.5333],[-77.663,19.9028],[-74.1734,20.1899],[-79.9846,22.8791],[-81.4311,23.1367],[-83.6904,22.814],[-84.7064,21.7696],[-82.5624,22.7084],[-81.6626,22.5068],[-82.1772,22.3659]]]},"properties":{"NAME":"Cuba","SUBJECTO":"Cuba","PARTOF":"Cuba","BORDERPRECISION":3,"LINK":null}},
{"type":"Feature","geometry":{"type":"Polygon","coordinates":[[[-71.7771,19.771],[-73.4745,19.8354],[-72.7672,19.5255],[-72.2978,18.662],[-74.4418,18.524],[-73.857,18.112],[-72.1783,18.2873],[-71.677,18.0025],[-71.7771,19.771]]]},"properties":{"NAME":"Haiti","SUBJECTO":"Haiti","PARTOF":"Haiti","BORDERPRECISION":3,"LINK":null}},
{"type":"Feature","geometry":{"type":"Polygon","coordinates":[[[-71.677,18.0025],[-71.4008,17.7041],[-70.6955,18.5192],[-70.2992,18.2595],[-68.9859,18.5102],[-68.6647,18.1994],[-68.3729,18.575],[-69.9934,19.6839],[-71.7771,19.771],[-71.677,18.0025]]]},"properties":{"NAME":"Dominican Republic","SUBJECTO":"Dominican Republic","PARTOF":"Dominican Republic","BORDERPRECISION":3,"LINK":null}},
{"type":"Feature","geometry":{"type":"MultiPolygon","coordinates":[[[[120.3636,14.5309],[120.4714,14.8043],[121.2854,14.3424],[120.5106,14.112],[121.0094,13.6557],[121.6249,13.8984],[122.3941,13.3029],[122.4854,13.8812],[123.239,13.0252],[123.8189,12.9756],[123.3976,13.5274],[123.7019,13.8203],[122.9851,13.7298],[122.4865,14.3195],[122.1066,13.9185],[121.7288,14.1083],[121.2422,15.3078],[122.3956,17.1143],[122.0703,17.4376],[122.0496,18.4475],[120.8004,18.5528],[120.3931,18.0438],[120.2931,16.2332],[119.6814,16.1875],[120.3636,14.5309]]],[[[121.094,12.2011],[121.1807,13.3321],[120.3405,13.3874],[121.094,12.2011]]],[[[125.3231,11.1239],[125.1191,12.4766],[124.264,12.4176],[125.3231,11.1239]]],[[[121.873,10.4684],[122.7062,10.9403],[122.9199,11.5253],[121.9936,11.7583],[121.873,10.4684]]],[[[118.8646,10.0236],[119.5643,10.5016],[119.3539,11.2126],[118.8646,10.0236]]],[[[122.9416,9.0476],[123.2391,10.9224],[122.3031,9.6498],[122.9416,9.0476]]],[[[117.2706,8.4508],[118.5046,9.4828],[118.5081,9.9211],[117.2706,8.4508]]],[[[126.0452,6.6082],[126.372,7.3396],[126.2719,8.4258],[125.9232,8.4822],[126.0371,8.959],[125.4281,9.7836],[125.4013,8.9512],[124.7416,8.918],[124.6706,8.4287],[124.3716,8.5615],[123.6628,8.0135],[123.4859,8.496],[122.8888,8.3422],[122.0937,7.7751],[121.8245,7.0565],[121.9919,6.8726],[122.6351,7.7826],[122.7254,7.4524],[123.8153,7.6581],[123.9735,6.3369],[124.803,5.7859],[125.1295,6.0534],[125.2893,5.4883],[125.6146,7.2363],[126.0452,6.6082]]]]},"properties":{"NAME":"Philippines","SUBJECTO":"Philippines","PARTOF":"Philippines","BORDERPRECISION":3,"LINK":null}},
{"type":"Feature","geometry":{"type":"Polygon","coordinates":[[[-66.9056,17.9362],[-65.7241,18.3328],[-67.161,18.5141],[-66.9056,17.9362]]]},"properties":{"NAME":"Puerto Rico","SUBJECTO":"Puerto Rico","PARTOF":"Puerto Rico","BORDERPRECISION":3,"LINK":null}},
{"type":"Feature","geometry":{"type":"Polygon","coordinates":[[[-77.2908,17.806],[-76.3007,17.9924],[-77.7695,18.5105],[-78.3249,18.3504],[-77.2908,17.806]]]},"properties":{"NAME":"Jamaica","SUBJECTO":"Jamaica","PARTOF":"Jamaica","BORDERPRECISION":3,"LINK":null}},
{"type":"Feature","geometry":{"type":"Polygon","coordinates":[[[-85.8397,11.0776],[-83.7466,10.8785],[-83.8831,12.1222],[-83.4172,15.0009],[-84.8338,14.7714],[-85.7353,13.8566],[-86.6893,13.7682],[-86.8234,13.1505],[-87.4043,13.0299],[-87.6749,12.9149],[-85.8397,11.0776]]]},"properties":{"NAME":"Nicaragua","SUBJECTO":"Nicaragua","PARTOF":"Nicaragua","BORDERPRECISION":3,"LINK":null}},
{"type":"Feature","geometry":{"type":"Polygon","coordinates":[[[-85.8397,11.0776],[-85.7116,10.0305],[-85.0888,9.5831],[-84.8442,9.841],[-85.2555,10.3108],[-84.6971,9.9884],[-84.4925,9.5374],[-83.6149,9.1516],[-83.6055,8.5478],[-83.0851,8.6506],[-82.9575,8.0472],[-82.6843,8.9752],[-82.9066,9.5186],[-82.5599,9.5831],[-83.7466,10.8785],[-85.8397,11.0776]]]},"properties":{"NAME":"Costa Rica","SUBJECTO":"Costa Rica","PARTOF":"Costa Rica","BORDERPRECISION":3,"LINK":null}},
{"type":"Feature","geometry":{"type":"Polygon","coordinates":[[[-13.1643,8.8508],[-13.0441,8.1377],[-11.4654,6.8439],[-10.377,8.0756],[-10.6817,9.3294],[-11.29,9.8979],[-12.2785,9.8666],[-13.1643,8.8508]]]},"properties":{"NAME":"Sierra Leone","SUBJECTO":"Sierra Leone","PARTOF":"Sierra Leone","BORDERPRECISION":3,"LINK":null}},
{"type":"Feature","geometry":{"type":"Polygon","coordinates":[[[80.5629,5.9317],[81.4339,6.2703],[81.8662,7.0846],[80.6624,9.2995],[80.1096,9.6866],[79.6746,8.8049],[79.8541,7.0612],[80.2222,6.058],[80.5629,5.9317]]]},"properties":{"NAME":"Ceylon","SUBJECTO":"Ceylon","PARTOF":"Ceylon","BORDERPRECISION":3,"LINK":null}},
{"type":"Feature","geometry":{"type":"Polygon","coordinates":[[[-82.9575,8.0472],[-82.6539,8.3211],[-81.6643,8.1646],[-81.1969,7.6396],[-81.1173,7.9431],[-80.8138,7.2701],[-80.4058,7.2988],[-79.9712,7.5579],[-80.4246,8.1924],[-79.0676,9.0343],[-77.7942,8.1793],[-78.3271,8.0889],[-77.8967,7.1718],[-77.6993,7.7502],[-77.1253,7.9804],[-77.4947,8.6615],[-78.6118,9.4801],[-79.5004,9.6384],[-81.1684,8.8278],[-82.2296,9.0465],[-82.5599,9.5831],[-82.9066,9.5186],[-82.6843,8.9752],[-82.9575,8.0472]]]},"properties":{"NAME":"Panama","SUBJECTO":"Panama","PARTOF":"Panama","BORDERPRECISION":3,"LINK":null}},
{"type":"Feature","geometry":{"type":"Polygon","coordinates":[[[-60.553,5.0091],[-59.8994,5.0448],[-60.0849,4.4588],[-59.5129,3.9663],[-59.9354,2.7305],[-59.6249,1.7343],[-59.1287,1.3304],[-58.5442,1.1877],[-56.7096,1.8915],[-57.1635,3.122],[-57.9951,3.9626],[-57.8401,4.8345],[-57.2547,4.9524],[-57.0651,5.8374],[-58.0057,6.7886],[-58.5085,6.559],[-58.6166,7.4991],[-59.8344,8.4402],[-60.6091,7.4501],[-60.2339,6.9564],[-61.0213,6.672],[-61.2548,5.8696],[-60.553,5.0091]]]},"properties":{"NAME":"Guyana","SUBJECTO":"Guyana","PARTOF":"Guyana","BORDERPRECISION":3,"LINK":null}},
{"type":"Feature","geometry":{"type":"Polygon","coordinates":[[[-11.4654,6.8439],[-9.2479,5.1719],[-7.5625,4.3512],[-7.3596,5.605],[-8.5073,6.4437],[-8.3038,7.4365],[-8.6084,7.5809],[-9.1574,7.139],[-9.6217,8.3949],[-10.377,8.0756],[-11.4654,6.8439]]]},"properties":{"NAME":"Liberia","SUBJECTO":"Liberia","PARTOF":"Liberia","BORDERPRECISION":3,"LINK":null}},
{"type":"Feature","geometry":{"type":"Polygon","coordinates":[[[13.0172,-4.7682],[12.1997,-5.7514],[12.3394,-6.1898],[16.5564,-6.0185],[17.6032,-8.1164],[19.3104,-8.0427],[19.5493,-7.0306],[21.7541,-7.3798],[21.7025,-9.5161],[22.2727,-10.3391],[22.1854,-11.0707],[23.9405,-11.0412],[24.5747,-11.438],[25.1694,-11.2755],[25.4305,-11.7317],[26.6281,-12.0552],[27.1234,-11.5501],[28.8495,-13.3263],[29.7829,-13.467],[29.713,-12.1387],[29.1165,-12.422],[28.3343,-11.6446],[28.6196,-10.524],[28.4655,-9.3043],[29.0495,-8.5444],[30.6595,-8.289],[29.517,-6.4384],[29.3455,-4.7545],[28.894,-2.7668],[29.0806,-1.8122],[29.5285,-1.4345],[29.7695,0.4421],[31.2446,2.0082],[30.7127,2.3737],[30.7372,3.5052],[29.5998,4.5535],[29.2159,4.1762],[28.7358,4.4658],[28.2232,4.183],[27.2437,5.1624],[26.4438,4.9542],[25.4882,5.3108],[25.0974,4.87],[23.3039,4.5352],[22.8804,4.7614],[22.3381,3.9955],[20.5621,4.3409],[19.5783,5.0787],[19.1245,4.9171],[18.6123,4.3229],[17.9603,2.088],[17.4547,-0.8453],[16.2521,-1.9902],[15.9936,-3.6699],[14.4439,-4.8869],[14.3341,-4.3027],[13.3146,-4.9254],[13.0172,-4.7682]]]},"properties":{"NAME":"Zaire (Belgium)","SUBJECTO":"Belgium","PARTOF":"Zaire (Belgium)","BORDERPRECISION":3,"LINK":null}},
{"type":"Feature","geometry":{"type":"Polygon","coordinates":[[[30.6595,-8.289],[33.2046,-9.6578],[34.059,-9.9412],[34.4944,-11.6042],[35.9383,-11.4216],[36.4166,-11.7684],[37.473,-11.7813],[37.9897,-11.2251],[38.6066,-11.4376],[40.4662,-10.4753],[39.6576,-9.7957],[39.3918,-8.735],[39.5664,-7.0442],[38.8724,-6.0925],[39.2291,-4.8449],[37.6568,-3.6936],[37.6162,-3.1662],[33.9192,-1.1173],[33.2672,-1.1321],[30.596,-1.1548],[30.8892,-2.1129],[30.4638,-2.4841],[30.3922,-2.9231],[30.8381,-3.3082],[29.9091,-4.5979],[29.3455,-4.7545],[29.517,-6.4384],[30.6595,-8.289]]]},"properties":{"NAME":"Tanzania, United Republic of","SUBJECTO":"Tanzania, United Republic of","PARTOF":"Tanzania, United Republic of","BORDERPRECISION":3,"LINK":null}},
{"type":"Feature","geometry":{"type":"Polygon","coordinates":[[[28.894,-2.7668],[29.5581,-2.9217],[30.4638,-2.4841],[30.8892,-2.1129],[30.596,-1.1548],[29.5285,-1.4345],[29.0806,-1.8122],[28.894,-2.7668]]]},"properties":{"NAME":"Rwanda (Belgium)","SUBJECTO":"Belgium","PARTOF":"Rwanda (Belgium)","BORDERPRECISION":3,"LINK":null}},
{"type":"Feature","geometry":{"type":"Polygon","coordinates":[[[29.3455,-4.7545],[29.9091,-4.5979],[30.8381,-3.3082],[30.3922,-2.9231],[30.4638,-2.4841],[29.5581,-2.9217],[28.894,-2.7668],[29.3455,-4.7545]]]},"properties":{"NAME":"Burundi","SUBJECTO":"Burundi","PARTOF":"Burundi","BORDERPRECISION":3,"LINK":null}},
{"type":"Feature","geometry":{"type":"MultiPolygon","coordinates":[[[[12.3394,-6.1898],[13.4768,-8.416],[13.0838,-9.2875],[13.8371,-11.3575],[13.649,-12.1968],[12.4407,-13.877],[11.782,-15.8675],[11.7813,-17.336],[13.2326,-16.9913],[14.0618,-17.4505],[18.266,-17.4639],[19.0473,-17.8853],[20.6129,-18.016],[23.2292,-17.6637],[21.9945,-16.3803],[21.9591,-13.0746],[23.7819,-13.013],[24.0928,-12.3817],[23.9405,-11.0412],[22.1854,-11.0707],[22.2727,-10.3391],[21.7025,-9.5161],[21.7541,-7.3798],[19.5493,-7.0306],[19.3104,-8.0427],[17.6032,-8.1164],[16.5564,-6.0185],[12.3394,-6.1898]]],[[[13.0172,-4.7682],[12.7043,-4.5286],[11.9997,-5.0041],[12.1997,-5.7514],[13.0172,-4.7682]]]]},"properties":{"NAME":"Angola","SUBJECTO":"Angola","PARTOF":"Angola","BORDERPRECISION":3,"LINK":null}},
{"type":"Feature","geometry":{"type":"Polygon","coordinates":[[[23.9405,-11.0412],[24.0928,-12.3817],[23.7819,-13.013],[21.9591,-13.0746],[21.9945,-16.3803],[23.2292,-17.6637],[24.0596,-17.4998],[25,-17.8122],[25.3453,-18.0136],[26.8887,-18.1063],[28.0002,-16.7709],[28.8575,-16.6006],[29.3678,-15.7647],[30.4022,-15.6696],[30.3824,-14.983],[33.1076,-14.0451],[32.7231,-13.5896],[32.9002,-12.8828],[33.6234,-12.389],[33.2278,-11.9463],[33.2555,-10.8653],[33.6508,-10.4433],[33.2046,-9.6578],[30.6595,-8.289],[29.0495,-8.5444],[28.4655,-9.3043],[28.6196,-10.524],[28.3343,-11.6446],[29.1165,-12.422],[29.713,-12.1387],[29.7829,-13.467],[28.8495,-13.3263],[27.1234,-11.5501],[26.6281,-12.0552],[25.4305,-11.7317],[25.1694,-11.2755],[24.5747,-11.438],[23.9405,-11.0412]]]},"properties":{"NAME":"Zambia","SUBJECTO":"Zambia","PARTOF":"Zambia","BORDERPRECISION":3,"LINK":null}},
{"type":"Feature","geometry":{"type":"Polygon","coordinates":[[[33.2046,-9.6578],[33.6508,-10.4433],[33.2555,-10.8653],[33.2278,-11.9463],[33.6234,-12.389],[32.9002,-12.8828],[32.7231,-13.5896],[33.1076,-14.0451],[33.6429,-14.5887],[34.3797,-14.5271],[34.5117,-15.4864],[34.2187,-15.9587],[35.2217,-17.1545],[35.2495,-16.3023],[35.7882,-16.0702],[35.8764,-14.8298],[34.6053,-13.4068],[34.4944,-11.6042],[34.059,-9.9412],[33.2046,-9.6578]]]},"properties":{"NAME":"Malawi","SUBJECTO":"Malawi","PARTOF":"Malawi","BORDERPRECISION":3,"LINK":null}},
{"type":"Feature","geometry":{"type":"Polygon","coordinates":[[[-69.5899,-10.9022],[-68.6399,-12.5804],[-68.8362,-14.1698],[-69.2908,-14.9412],[-69.0123,-16.6167],[-69.5196,-17.1914],[-69.4301,-17.6038],[-68.4329,-19.4591],[-68.64,-20.4449],[-67.7826,-22.9044],[-67.1889,-22.9835],[-66.1459,-21.9231],[-64.7556,-22.1627],[-64.2486,-22.8775],[-63.7836,-22.0745],[-62.61,-22.1565],[-61.5508,-19.6412],[-59.2147,-19.3036],[-58.1377,-19.8118],[-57.5964,-18.0426],[-58.4017,-17.1325],[-58.3335,-16.3697],[-60.1009,-16.2785],[-60.4014,-13.8278],[-61.7263,-13.5879],[-62.0786,-13.1007],[-64.7563,-12.0491],[-65.2731,-11.3659],[-65.3087,-9.8157],[-66.306,-9.8407],[-68.5022,-11.0864],[-69.5899,-10.9022]]]},"properties":{"NAME":"Bolivia","SUBJECTO":"Bolivia","PARTOF":"Bolivia","BORDERPRECISION":3,"LINK":null}},
{"type":"Feature","geometry":{"type":"Polygon","coordinates":[[[34.4944,-11.6042],[34.6053,-13.4068],[35.8764,-14.8298],[35.7882,-16.0702],[35.2495,-16.3023],[35.2217,-17.1545],[34.2187,-15.9587],[34.5117,-15.4864],[34.3797,-14.5271],[33.6429,-14.5887],[33.1076,-14.0451],[30.3824,-14.983],[30.4022,-15.6696],[30.48,-16.0506],[32.6487,-16.6101],[32.9275,-17.1489],[33.0396,-18.3818],[32.6899,-18.9624],[33.0611,-19.9268],[32.4141,-21.4312],[31.2784,-22.5569],[31.9776,-24.6449],[32.0134,-26.0818],[32.1633,-27.0094],[32.849,-26.9789],[32.6511,-25.839],[35.5009,-24.0852],[35.5118,-22.1848],[35.2338,-22.2045],[34.7262,-19.8604],[37.2753,-17.7132],[39.4713,-16.717],[40.5741,-15.4817],[40.8554,-14.6994],[40.3658,-12.9909],[40.4662,-10.4753],[38.6066,-11.4376],[37.9897,-11.2251],[37.473,-11.7813],[36.4166,-11.7684],[35.9383,-11.4216],[34.4944,-11.6042]]]},"properties":{"NAME":"Mozambique","SUBJECTO":"Mozambique","PARTOF":"Mozambique","BORDERPRECISION":3,"LINK":null}},
{"type":"Feature","geometry":{"type":"Polygon","coordinates":[[[44.6722,-16.2356],[43.9716,-17.5527],[44.5171,-20.0239],[43.501,-21.4942],[43.2913,-22.4098],[43.8271,-23.4129],[43.6714,-24.2268],[44.0368,-24.9887],[45.2105,-25.66],[46.8551,-25.218],[47.2585,-24.7658],[49.4247,-17.1978],[49.8982,-16.4595],[49.6203,-15.4623],[50.1873,-15.9568],[50.4863,-15.4795],[49.8805,-12.9196],[49.1763,-12.2665],[48.7513,-13.4177],[48.3496,-13.838],[47.9425,-13.5847],[47.8837,-14.7161],[47.1993,-15.0163],[47.2446,-15.3657],[46.7344,-15.4494],[46.4192,-15.9395],[44.6722,-16.2356]]]},"properties":{"NAME":"Madagascar (France)","SUBJECTO":"Madagascar (France)","PARTOF":"Madagascar (France)","BORDERPRECISION":3,"LINK":null}},
{"type":"Feature","geometry":{"type":"Polygon","coordinates":[[[25.3453,-18.0136],[26.1037,-19.5351],[27.6179,-20.569],[27.97,-21.5779],[29.2334,-22.1873],[31.2784,-22.5569],[32.4141,-21.4312],[33.0611,-19.9268],[32.6899,-18.9624],[33.0396,-18.3818],[32.9275,-17.1489],[32.6487,-16.6101],[30.48,-16.0506],[30.4022,-15.6696],[29.3678,-15.7647],[28.8575,-16.6006],[28.0002,-16.7709],[26.8887,-18.1063],[25.3453,-18.0136]]]},"properties":{"NAME":"Zimbabwe","SUBJECTO":"Zimbabwe","PARTOF":"Zimbabwe","BORDERPRECISION":3,"LINK":null}},
{"type":"Feature","geometry":{"type":"MultiPolygon","coordinates":[[[[-69.4301,-17.6038],[-70.3636,-18.455],[-70.1106,-21.7479],[-70.5732,-23.1656],[-70.3981,-25.2489],[-71.4301,-29.1005],[-71.2367,-29.8496],[-71.6816,-30.6],[-71.4161,-32.7526],[-73.1442,-37.1558],[-73.6903,-37.3671],[-73.1938,-39.5654],[-73.9052,-40.839],[-73.4636,-41.7868],[-72.5872,-41.6183],[-72.5297,-43.0627],[-73.082,-44.0223],[-72.5552,-44.5429],[-73.3141,-45.086],[-73.0473,-45.3765],[-73.9697,-46.7134],[-74.0875,-46.2984],[-74.4293,-46.5326],[-74.189,-45.8449],[-75.496,-46.5801],[-73.9788,-47.0317],[-74.5378,-47.7873],[-73.3605,-47.9738],[-74.2103,-48.0081],[-74.1902,-50.171],[-73.5302,-50.4329],[-74.2694,-50.9944],[-73.2585,-51.7058],[-73.4081,-52.0238],[-72.4492,-52.1611],[-72.5588,-52.5726],[-71.678,-52.6439],[-72.7509,-53.1378],[-71.4425,-52.8294],[-71.8723,-53.6956],[-70.998,-53.8207],[-70.5727,-52.7082],[-69.3432,-52.2877],[-68.4559,-52.4202],[-69.5865,-52.1429],[-71.7945,-52.0884],[-72.3329,-50.6927],[-73.158,-50.855],[-73.3866,-50.3499],[-73.4961,-49.5581],[-72.4584,-48.8543],[-72.3823,-47.578],[-71.6932,-46.6915],[-71.4001,-45.2789],[-71.9916,-44.895],[-71.0689,-44.6647],[-71.6735,-44.3719],[-72.0465,-43.05],[-71.8602,-40.7482],[-71.4195,-39.1056],[-70.8441,-38.7265],[-71.0951,-36.8052],[-70.3907,-36.1651],[-70.4804,-35.358],[-69.8155,-34.0717],[-70.4345,-31.257],[-69.8518,-30.3586],[-69.5807,-28.5286],[-68.8235,-27.2671],[-68.2492,-27.0796],[-68.4855,-24.744],[-67.2575,-24.0827],[-67.1889,-22.9835],[-67.7826,-22.9044],[-68.64,-20.4449],[-68.4329,-19.4591],[-69.4301,-17.6038]]],[[[-73.7713,-43.5088],[-73.6372,-41.9668],[-74.0048,-42.0188],[-74.296,-43.2655],[-73.7713,-43.5088]]],[[[-73.0804,-53.032],[-72.869,-52.2813],[-73.5605,-52.2826],[-73.0804,-53.032]]],[[[-68.7494,-54.8886],[-68.7053,-53.2346],[-68.7013,-52.7201],[-69.4067,-52.5665],[-70.4647,-53.3731],[-69.5146,-53.3446],[-70.1455,-53.8057],[-69.0555,-54.602],[-70.6207,-54.5015],[-70.7215,-54.9369],[-68.7494,-54.8886]]]]},"properties":{"NAME":"Chile","SUBJECTO":"Chile","PARTOF":"Chile","BORDERPRECISION":3,"LINK":null}},
{"type":"Feature","geometry":{"type":"Polygon","coordinates":[[[25,-17.8122],[23.6596,-18.4495],[23.2863,-18.1147],[20.95,-18.3955],[20.919,-22.0577],[19.886,-22.1146],[19.8428,-24.9441],[20.649,-25.7533],[20.6073,-26.9107],[21.8882,-26.7507],[23.0884,-25.364],[24.4773,-25.9028],[25.4829,-25.7825],[25.865,-24.8711],[26.8149,-24.3569],[26.9631,-23.7711],[29.2334,-22.1873],[27.97,-21.5779],[27.6179,-20.569],[26.1037,-19.5351],[25.3453,-18.0136],[25,-17.8122]]]},"properties":{"NAME":"Botswana","SUBJECTO":"Botswana","PARTOF":"Botswana","BORDERPRECISION":3,"LINK":null}},
{"type":"Feature","geometry":{"type":"Polygon","coordinates":[[[-62.61,-22.1565],[-60.8647,-23.8805],[-57.7099,-25.3359],[-58.6918,-27.3167],[-55.7318,-27.4521],[-54.8166,-26.5577],[-54.5804,-25.7433],[-54.2272,-24.058],[-55.2347,-24.0321],[-55.6228,-22.4462],[-57.8058,-22.154],[-57.7516,-20.6862],[-58.1377,-19.8118],[-59.2147,-19.3036],[-61.5508,-19.6412],[-62.61,-22.1565]]]},"properties":{"NAME":"Paraguay","SUBJECTO":"Paraguay","PARTOF":"Paraguay","BORDERPRECISION":3,"LINK":null}},
{"type":"Feature","geometry":{"type":"Polygon","coordinates":[[[32.0134,-26.0818],[31.3616,-25.8185],[30.8118,-26.7501],[31.3312,-27.4085],[31.9004,-27.4561],[32.1633,-27.0094],[32.0134,-26.0818]]]},"properties":{"NAME":"Swaziland","SUBJECTO":"Swaziland","PARTOF":"Swaziland","BORDERPRECISION":3,"LINK":null}},
{"type":"Feature","geometry":{"type":"Polygon","coordinates":[[[27.8479,-30.7863],[28.9897,-30.1375],[29.4362,-29.429],[28.6156,-28.7215],[27.0708,-29.7987],[27.8479,-30.7863]]]},"properties":{"NAME":"Lesotho","SUBJECTO":"Lesotho","PARTOF":"Lesotho","BORDERPRECISION":3,"LINK":null}},
{"type":"Feature","geometry":{"type":"MultiPolygon","coordinates":[[[[175.3077,-37.321],[174.6448,-36.8306],[174.9727,-36.778],[174.3002,-35.3473],[172.6332,-34.5595],[174.7647,-37.2965],[174.6547,-38.9833],[173.8048,-39.4197],[175.3536,-40.3],[174.8954,-41.2961],[175.3653,-41.6616],[177.1557,-39.9502],[177.0238,-39.4452],[178.4082,-38.7712],[178.5995,-38.1254],[178.2413,-37.8323],[177.3618,-38.2365],[176.1292,-37.7982],[175.6627,-36.95],[175.64,-37.4097],[175.3077,-37.321]]],[[[172.0627,-43.9231],[173.0096,-43.8438],[172.4405,-43.5094],[174.2335,-42.0112],[174.0585,-41.2914],[173.264,-41.5437],[172.4374,-40.7531],[171.0241,-42.8869],[167.9667,-44.4802],[166.5228,-46.2327],[169.3993,-46.7096],[170.6116,-45.9461],[171.0245,-45.0754],[170.6341,-44.8627],[171.1712,-44.9392],[170.9942,-44.2675],[172.0627,-43.9231]]]]},"properties":{"NAME":"New Zealand","SUBJECTO":"New Zealand","PARTOF":"New Zealand","BORDERPRECISION":3,"LINK":null}},
{"type":"Feature","geometry":{"type":"MultiPolygon","coordinates":[[[[-67.1889,-22.9835],[-67.2575,-24.0827],[-68.4855,-24.744],[-68.2492,-27.0796],[-68.8235,-27.2671],[-69.5807,-28.5286],[-69.8518,-30.3586],[-70.4345,-31.257],[-69.8155,-34.0717],[-70.4804,-35.358],[-70.3907,-36.1651],[-71.0951,-36.8052],[-70.8441,-38.7265],[-71.4195,-39.1056],[-71.8602,-40.7482],[-72.0465,-43.05],[-71.6735,-44.3719],[-71.0689,-44.6647],[-71.9916,-44.895],[-71.4001,-45.2789],[-71.6932,-46.6915],[-72.3823,-47.578],[-72.4584,-48.8543],[-73.4961,-49.5581],[-73.3866,-50.3499],[-73.158,-50.855],[-72.3329,-50.6927],[-71.7945,-52.0884],[-69.5865,-52.1429],[-68.4559,-52.4202],[-69.0409,-50.5624],[-67.8335,-49.9682],[-67.5776,-49.0585],[-65.9926,-48.0767],[-65.7133,-47.3536],[-67.1119,-46.7324],[-67.4725,-45.9223],[-66.6949,-45.1311],[-65.4362,-44.8897],[-65.3072,-43.6014],[-64.3093,-43.0271],[-65.0851,-42.7844],[-63.6,-42.7044],[-63.729,-42.101],[-64.2859,-42.4745],[-64.992,-42.1934],[-65.1532,-40.9753],[-63.4756,-41.1898],[-62.3533,-40.8992],[-62.3099,-38.8802],[-59.5154,-38.8745],[-57.6434,-38.2587],[-56.6981,-36.9441],[-57.3717,-36.1494],[-57.2255,-35.4363],[-58.5228,-34.5871],[-58.3397,-34.2161],[-57.5757,-30.4029],[-54.9113,-27.8031],[-53.7311,-27.2183],[-53.8489,-25.7518],[-54.5804,-25.7433],[-54.8166,-26.5577],[-55.7318,-27.4521],[-58.6918,-27.3167],[-57.7099,-25.3359],[-60.8647,-23.8805],[-62.61,-22.1565],[-63.7836,-22.0745],[-64.2486,-22.8775],[-64.7556,-22.1627],[-66.1459,-21.9231],[-67.1889,-22.9835]]],[[[-68.7053,-53.2346],[-68.3054,-52.9431],[-68.7013,-52.7201],[-68.7053,-53.2346]]],[[[-68.7494,-54.8886],[-66.458,-55.0697],[-65.2592,-54.7188],[-66.4175,-54.6072],[-68.7053,-53.2346],[-68.7494,-54.8886]]]]},"properties":{"NAME":"Argentina","SUBJECTO":"Argentina","PARTOF":"Argentina","BORDERPRECISION":3,"LINK":null}},
{"type":"Feature","geometry":{"type":"Polygon","coordinates":[[[-24.2189,65.5337],[-21.7938,65.2985],[-21.9783,64.9503],[-23.6746,64.6593],[-21.4885,64.3761],[-22.3729,63.7732],[-18.9608,63.3375],[-14.8212,64.195],[-13.5574,65.0094],[-13.6469,65.4953],[-16.3852,66.4544],[-16.568,66.0293],[-18.0225,66.0778],[-17.8838,65.7568],[-18.6763,66.0912],[-19.336,65.6739],[-19.9733,66.1107],[-21.0797,65.2054],[-21.4432,66.1299],[-22.6764,66.3913],[-22.6093,65.9231],[-23.4656,66.1334],[-23.267,65.7249],[-24.2189,65.5337]]]},"properties":{"NAME":"Iceland","SUBJECTO":"Iceland","PARTOF":"Iceland","BORDERPRECISION":3,"LINK":null}},
{"type":"Feature","geometry":{"type":"Polygon","coordinates":[[[28.0131,59.4582],[23.4158,59.119],[24.3456,57.8622],[25.2752,58.0587],[27.3489,57.5264],[28.0131,59.4582]]]},"properties":{"NAME":"Estonia","SUBJECTO":"Estonia","PARTOF":"Estonia","BORDERPRECISION":3,"LINK":null}},
{"type":"Feature","geometry":{"type":"Polygon","coordinates":[[[24.3456,57.8622],[23.7678,56.8659],[22.5636,57.6156],[21.6773,57.4637],[20.9454,56.07],[22.1229,56.421],[24.8979,56.4133],[26.5938,55.6655],[27.5805,55.7812],[28.1364,56.1404],[27.3489,57.5264],[25.2752,58.0587],[24.3456,57.8622]]]},"properties":{"NAME":"Latvia","SUBJECTO":"Latvia","PARTOF":"Latvia","BORDERPRECISION":3,"LINK":null}},
{"type":"Feature","geometry":{"type":"Polygon","coordinates":[[[20.9454,56.07],[21.1623,55.2214],[22.5468,55.0566],[22.699,54.4149],[23.5721,53.9003],[25.7227,54.1316],[26.5938,55.6655],[24.8979,56.4133],[22.1229,56.421],[20.9454,56.07]]]},"properties":{"NAME":"Lithuania","SUBJECTO":"Lithuania","PARTOF":"Lithuania","BORDERPRECISION":3,"LINK":null}},
{"type":"Feature","geometry":{"type":"Polygon","coordinates":[[[119.7678,46.7455],[118.5291,47.9516],[115.717,47.7287],[116.7598,49.9299],[114.0983,50.2743],[112.5245,49.462],[110.1999,49.241],[105.1551,50.4433],[103.3779,50.2173],[102.4496,50.6062],[102.1174,51.3611],[98.9176,52.037],[97.9396,51.2269],[98.2363,50.2424],[97.4228,49.7863],[94.7,50.0268],[94.2105,50.5493],[92.1597,50.7553],[90,50.3067],[89.4621,49.6395],[87.8684,49.2329],[88.2299,48.5374],[90,47.8447],[90,46.8498],[91.1583,46.5527],[90,46.0143],[90,45.3285],[93.058,45.0436],[95.244,44.277],[96.3387,42.7888],[101.736,42.5408],[105.025,41.5852],[107.3588,42.4112],[109.3795,42.4351],[110.2532,42.7667],[111.8898,43.7378],[111.4146,44.5574],[111.9593,45.1072],[113.7687,44.8658],[114.6391,45.4701],[115.9081,45.6061],[116.6881,46.3989],[119.5814,46.6474],[119.7147,46.7175],[119.7678,46.7455]]]},"properties":{"NAME":"Mongolia","SUBJECTO":"Mongolia","PARTOF":"Mongolia","BORDERPRECISION":3,"LINK":null}},
{"type":"Feature","geometry":{"type":"Polygon","coordinates":[[[6.1085,50.1175],[5.9996,50.7416],[5.1125,51.4055],[3.775,51.3877],[2.5221,51.0911],[4.1563,49.9658],[4.8654,50.1337],[4.8599,49.7822],[5.8235,49.5071],[6.1085,50.1175]]]},"properties":{"NAME":"Belgium","SUBJECTO":"Belgium","PARTOF":"Belgium","BORDERPRECISION":3,"LINK":null}},
{"type":"Feature","geometry":{"type":"MultiPolygon","coordinates":[[[[-1.9146,43.3054],[-7.9795,43.7401],[-9.2708,43.0487],[-8.6441,42.4197],[-8.8061,41.8892],[-6.7087,41.96],[-6.1115,41.4175],[-6.8344,41.0605],[-6.8783,39.7024],[-7.431,39.5205],[-6.9334,38.9613],[-7.3939,38.295],[-6.8448,38.1002],[-7.4915,37.2082],[-6.6322,37.0218],[-5.6606,36.008],[-4.4466,36.722],[-2.2388,36.7284],[-1.6257,37.4395],[-0.8026,37.615],[-0.6647,38.1766],[0.1726,38.7383],[-0.3948,39.4345],[0.7338,40.875],[3.1289,41.8572],[3.0871,42.3686],[-0.1656,42.6488],[-1.9146,43.3054]]],[[[-14.5098,28.05],[-13.881,28.1994],[-13.5182,29.4285],[-14.5098,28.05]]],[[[-15.574,28.178],[-15.9127,27.9005],[-15.574,27.7294],[-15.2112,27.9005],[-15.574,28.178]]],[[[-17.2913,28.2846],[-17.3397,28.0287],[-16.6383,28.05],[-16.082,28.5399],[-17.2913,28.2846]]]]},"properties":{"NAME":"Spain","SUBJECTO":"Spain","PARTOF":"Spain","BORDERPRECISION":3,"LINK":null}},
{"type":"Feature","geometry":{"type":"Polygon","coordinates":[[[20.1224,39.551],[21.0316,40.7268],[20.073,42.4859],[19.5577,42.5473],[19.3677,41.8464],[19.3691,40.2603],[20.1224,39.551]]]},"properties":{"NAME":"Albania","SUBJECTO":"Albania","PARTOF":"Albania","BORDERPRECISION":3,"LINK":null}},
{"type":"Feature","geometry":{"type":"Polygon","coordinates":[[[-8.8061,41.8892],[-8.6941,40.9922],[-9.549,38.7745],[-9.0408,38.9202],[-9.2366,38.4174],[-8.7889,38.436],[-8.9908,36.99],[-7.4915,37.2082],[-6.8448,38.1002],[-7.3939,38.295],[-6.9334,38.9613],[-7.431,39.5205],[-6.8783,39.7024],[-6.8344,41.0605],[-6.1115,41.4175],[-6.7087,41.96],[-8.8061,41.8892]]]},"properties":{"NAME":"Portugal","SUBJECTO":"Portugal","PARTOF":"Portugal","BORDERPRECISION":3,"LINK":null}},
{"type":"Feature","geometry":{"type":"Polygon","coordinates":[[[61.2213,35.5816],[60.4192,34.078],[60.8531,33.4838],[60.5401,32.9932],[60.7938,31.5789],[61.6936,31.2666],[61.7792,30.9052],[60.8205,29.8333],[62.9464,29.3563],[66.0906,29.7361],[66.9208,31.2074],[69.2064,31.798],[69.5079,32.9486],[70.2892,33.2831],[69.87,33.9408],[71.1535,34.1384],[71.0967,34.6204],[71.6589,35.1251],[71.3248,36.0516],[71.6495,36.3336],[74.5205,37.0046],[74.7333,37.2094],[73.0472,37.3283],[71.5245,36.7143],[71.4441,37.834],[70.7188,38.3649],[70.2214,37.528],[69.567,37.5053],[69.3078,37.0837],[67.9654,36.8344],[67.5153,37.2138],[65.7247,37.4903],[64.826,37.1479],[64.4945,36.2806],[63.1166,35.7894],[62.6776,35.2655],[61.2213,35.5816]]]},"properties":{"NAME":"Afghanistan","SUBJECTO":"Afghanistan","PARTOF":"Afghanistan","BORDERPRECISION":3,"LINK":null}},
{"type":"Feature","geometry":{"type":"Polygon","coordinates":[[[11.4707,33.1441],[10.0195,34.0815],[11.1251,35.2406],[10.5115,36.0862],[11.0238,37.0683],[10.3928,36.7166],[10.0214,37.2001],[9.4161,37.2754],[8.6367,36.8853],[8.291,34.7695],[7.5306,33.8119],[9.0065,31.9073],[9.5749,30.2074],[10.1328,30.6427],[10.1324,31.4816],[11.4164,32.3277],[11.4707,33.1441]]]},"properties":{"NAME":"Tunisia","SUBJECTO":"Tunisia","PARTOF":"Tunisia","BORDERPRECISION":3,"LINK":null}},
{"type":"Feature","geometry":{"type":"Polygon","coordinates":[[[8.6367,36.8853],[7.307,37.0608],[6.923,36.8178],[6.3229,37.0906],[5.3827,36.6745],[3.7412,36.8369],[1.0576,36.4619],[-2.193,35.0542],[-1.7382,34.6051],[-1.2343,31.989],[-2.8171,31.9928],[-3.7803,31.555],[-3.7294,30.8942],[-8.5932,28.6414],[-8.6412,27.5668],[-8.6292,27.1727],[-3.4936,24.1129],[1.0874,21.133],[1.8395,20.1648],[3.0624,19.905],[3.2252,18.9526],[5.7755,19.4442],[7.5384,20.9164],[11.959,23.4717],[11.4479,24.2568],[10.3147,24.4663],[9.3767,26.0371],[9.9233,26.8092],[9.5749,30.2074],[9.0065,31.9073],[7.5306,33.8119],[8.291,34.7695],[8.6367,36.8853]]]},"properties":{"NAME":"Algeria","SUBJECTO":"Algeria","PARTOF":"Algeria","BORDERPRECISION":3,"LINK":null}},
{"type":"Feature","geometry":{"type":"Polygon","coordinates":[[[-2.193,35.0542],[-3.009,35.39],[-4.593,35.1512],[-5.565,35.8623],[-5.9288,35.7279],[-7.004,33.875],[-9.2187,32.5804],[-9.8133,31.2891],[-9.8696,29.643],[-11.5765,28.2286],[-13.1236,27.5463],[-8.6412,27.5668],[-8.5932,28.6414],[-3.7294,30.8942],[-3.7803,31.555],[-2.8171,31.9928],[-1.2343,31.989],[-1.7382,34.6051],[-2.193,35.0542]]]},"properties":{"NAME":"Morocco","SUBJECTO":"Morocco","PARTOF":"Morocco","BORDERPRECISION":3,"LINK":null}},
{"type":"Feature","geometry":{"type":"Polygon","coordinates":[[[-97.26,25.8114],[-99.1,26.4088],[-101.1966,29.4909],[-102.2372,29.7778],[-103.0221,29.092],[-103.586,29.0569],[-104.5743,29.5797],[-105.1263,30.6146],[-106.5445,31.7021],[-108.2321,31.7243],[-108.371,31.2776],[-111.0889,31.3067],[-114.8841,32.6357],[-117.1737,32.5206],[-115.6023,29.6852],[-114.0673,28.4229],[-114.2144,27.9075],[-115.0546,27.8532],[-112.411,26.1928],[-112.0928,24.89],[-110.0036,22.8854],[-109.4886,23.5731],[-110.2049,24.3155],[-110.6557,24.2192],[-111.5938,26.7604],[-111.9149,26.6644],[-112.8699,28.3347],[-114.6828,30.1432],[-114.8387,31.8155],[-113.0521,31.1387],[-111.6916,28.4961],[-109.1888,26.4412],[-109.2627,25.6462],[-108.0775,25.0638],[-105.5399,22.2846],[-105.2161,21.3126],[-105.312,20.5877],[-105.6873,20.4026],[-104.9479,19.4378],[-103.4939,18.3539],[-101.9926,18.0265],[-101.2208,17.4179],[-97.8809,16.052],[-96.3329,15.7502],[-95.1302,16.2995],[-94.363,16.2248],[-92.1554,14.5428],[-92.2435,15.2822],[-91.7595,16.0978],[-90,16.0978],[-90,16.8164],[-91.4772,17.2639],[-91.0278,17.2782],[-91.0099,17.8362],[-89.1543,17.8312],[-88.3205,18.4944],[-88.1377,18.8944],[-87.8771,18.3809],[-87.6507,20.1899],[-86.9359,20.9764],[-87.2006,21.5289],[-90,21.1607],[-90,19.3815],[-91.2197,19.1025],[-91.7297,18.4157],[-92.0979,18.7596],[-94.5899,18.2712],[-96.0123,18.9293],[-97.882,22.3326],[-97.7419,24.7296],[-97.26,25.8114]]]},"properties":{"NAME":"Mexico","SUBJECTO":"Mexico","PARTOF":"Mexico","BORDERPRECISION":3,"LINK":null}},
{"type":"Feature","geometry":{"type":"Polygon","coordinates":[[[100.1587,6.3401],[100.6174,6.4223],[101.0764,5.5313],[101.3117,5.8346],[101.7626,5.5862],[102.0738,6.1542],[101.428,6.8282],[100.5396,7.0487],[99.8373,9.2265],[99.1956,9.2378],[99.0713,9.8983],[100.04,13.3947],[100.9087,13.4473],[100.8716,12.6785],[101.7235,12.655],[102.6708,12.0377],[102.3345,13.2326],[102.8484,14.0931],[103.7829,14.3781],[105.0565,14.2395],[105.4732,15.1502],[103.8077,18.3474],[103.2245,18.4392],[102.6615,17.8454],[101.8646,18.1074],[100.9536,17.4543],[101.1176,19.5],[100.4172,19.5086],[100.4306,20.2262],[100.0012,20.4587],[98.9933,19.8622],[98.0157,19.7486],[97.7111,18.5085],[97.3735,18.4494],[98.8236,16.3177],[98.4756,16.0045],[98.5798,15.4716],[98.137,15.1896],[99.003,13.8862],[99.5811,11.8887],[98.5932,10.1205],[98.1952,8.3271],[98.8895,8.0172],[100.1587,6.3401]]]},"properties":{"NAME":"Rattanakosin Kingdom","SUBJECTO":"Rattanakosin Kingdom","PARTOF":"Rattanakosin Kingdom","BORDERPRECISION":3,"LINK":null}},
{"type":"Feature","geometry":{"type":"Polygon","coordinates":[[[-89.1543,17.8312],[-89.2511,15.8975],[-88.9408,15.9046],[-88.2834,16.8347],[-88.3205,18.4944],[-89.1543,17.8312]]]},"properties":{"NAME":"Belize","SUBJECTO":"Belize","PARTOF":"Belize","BORDERPRECISION":3,"LINK":null}},
{"type":"Feature","geometry":{"type":"Polygon","coordinates":[[[-92.1554,14.5428],[-91.242,13.9516],[-90,13.8729],[-89.3803,14.4666],[-89.1764,15.0962],[-88.2739,15.7472],[-88.9408,15.9046],[-89.2511,15.8975],[-89.1543,17.8312],[-91.0099,17.8362],[-91.0278,17.2782],[-91.4772,17.2639],[-90,16.8164],[-90,16.0978],[-91.7595,16.0978],[-92.2435,15.2822],[-92.1554,14.5428]]]},"properties":{"NAME":"Guatemala","SUBJECTO":"Guatemala","PARTOF":"Guatemala","BORDERPRECISION":3,"LINK":null}},
{"type":"Feature","geometry":{"type":"Polygon","coordinates":[[[-83.4172,15.0009],[-84.6505,15.9334],[-88.2739,15.7472],[-89.1764,15.0962],[-89.3803,14.4666],[-88.5144,13.8872],[-87.7896,13.9086],[-87.7706,13.5009],[-87.4043,13.0299],[-86.8234,13.1505],[-86.6893,13.7682],[-85.7353,13.8566],[-84.8338,14.7714],[-83.4172,15.0009]]]},"properties":{"NAME":"Honduras","SUBJECTO":"Honduras","PARTOF":"Honduras","BORDERPRECISION":3,"LINK":null}},
{"type":"Feature","geometry":{"type":"Polygon","coordinates":[[[-90,13.8729],[-88.6381,13.2552],[-87.9487,13.1718],[-87.7706,13.5009],[-87.7896,13.9086],[-88.5144,13.8872],[-89.3803,14.4666],[-90,13.8729]]]},"properties":{"NAME":"El Salvador","SUBJECTO":"El Salvador","PARTOF":"El Salvador","BORDERPRECISION":3,"LINK":null}},
{"type":"Feature","geometry":{"type":"Polygon","coordinates":[[[-77.8967,7.1718],[-77.3222,6.5435],[-77.4445,4.1791],[-77.106,3.7922],[-77.8021,2.5769],[-78.6095,2.3654],[-78.4918,1.9208],[-79.0139,1.7735],[-78.9435,1.3808],[-77.2897,0.2624],[-76.1479,0.3455],[-75.5256,-0.1402],[-74.4742,-0.5726],[-72.9591,-2.4513],[-70.9231,-2.3184],[-70.0523,-2.8217],[-70.5879,-3.7909],[-69.878,-4.187],[-69.3208,-1.2983],[-69.5008,-0.6002],[-69.9838,-0.2662],[-69.983,0.4648],[-69.0424,0.534],[-69.7611,1.0446],[-69.7366,1.655],[-67.9747,1.6146],[-67.1797,2.0707],[-67.7678,2.8237],[-67.223,3.3355],[-67.9352,5.1432],[-67.4759,6.2077],[-69.3032,6.0061],[-70.3065,6.9729],[-71.8121,6.9703],[-72.364,7.4693],[-72.3531,8.315],[-72.8776,9.2402],[-73.3368,9.1994],[-72.051,11.7218],[-71.1887,11.9116],[-71.1305,12.2132],[-71.6979,12.4281],[-73.3623,11.325],[-74.2189,11.3676],[-74.449,10.7697],[-74.7163,11.0615],[-75.2264,10.8252],[-75.7027,9.426],[-76.8425,8.5592],[-76.8582,7.93],[-77.4947,8.6615],[-77.1253,7.9804],[-77.6993,7.7502],[-77.8967,7.1718]]]},"properties":{"NAME":"Colombia","SUBJECTO":"Colombia","PARTOF":"Colombia","BORDERPRECISION":3,"LINK":null}},
{"type":"Feature","geometry":{"type":"Polygon","coordinates":[[[0.064,11.0648],[-2.8246,10.857],[-2.5249,8.2781],[-3.1936,6.6023],[-2.7497,5.0956],[-2.0312,4.6982],[1.1657,6.0663],[0.5359,6.8152],[0.7343,8.2593],[0.064,11.0648]]]},"properties":{"NAME":"Ghana","SUBJECTO":"Ghana","PARTOF":"Ghana","BORDERPRECISION":3,"LINK":null}},
{"type":"Feature","geometry":{"type":"Polygon","coordinates":[[[1.1657,6.0663],[1.761,6.2532],[1.314,9.9853],[0.8416,10.4401],[0.9251,10.8983],[0.064,11.0648],[0.7343,8.2593],[0.5359,6.8152],[1.1657,6.0663]]]},"properties":{"NAME":"Togo","SUBJECTO":"Togo","PARTOF":"Togo","BORDERPRECISION":3,"LINK":null}},
{"type":"Feature","geometry":{"type":"MultiPolygon","coordinates":[[[[100.1587,6.3401],[100.6643,3.9037],[101.3364,2.7805],[103.3491,1.4124],[104.1756,1.3887],[103.3511,2.804],[103.3418,4.8054],[102.0738,6.1542],[101.7626,5.5862],[101.3117,5.8346],[101.0764,5.5313],[100.6174,6.4223],[100.1587,6.3401]]],[[[109.5175,1.8205],[110.5486,0.726],[111.562,0.7638],[112.616,1.4629],[113.6768,1.1451],[114.6589,1.5958],[115.7068,4.1567],[117.5587,3.9807],[118.3187,4.2342],[118.1084,4.939],[119.0426,5.1698],[118.377,5.6385],[117.7616,5.58],[117.8665,5.9043],[117.3701,5.7889],[117.5071,6.3928],[117.0311,6.8365],[116.5956,6.8991],[115.7173,5.4676],[115.2917,5.454],[115.3614,4.8759],[114.9615,4.8765],[115.1613,4.3094],[114.4337,3.9983],[114.0737,4.455],[112.7592,3.0086],[111.3718,2.5989],[110.8934,1.5113],[111.1199,1.2703],[109.5175,1.8205]]]]},"properties":{"NAME":"Malaysia","SUBJECTO":"Malaysia","PARTOF":"Malaysia","BORDERPRECISION":3,"LINK":null}},
{"type":"Feature","geometry":{"type":"Polygon","coordinates":[[[-56.7096,1.8915],[-55.7935,1.7253],[-55.9011,2.3985],[-54.3883,2.2613],[-53.9773,3.3571],[-54.3661,4.6899],[-53.8369,5.6895],[-54.8948,5.9946],[-57.0651,5.8374],[-57.2547,4.9524],[-57.8401,4.8345],[-57.9951,3.9626],[-57.1635,3.122],[-56.7096,1.8915]]]},"properties":{"NAME":"Suriname","SUBJECTO":"Suriname","PARTOF":"Suriname","BORDERPRECISION":3,"LINK":null}},
{"type":"Feature","geometry":{"type":"Polygon","coordinates":[[[-54.3883,2.2613],[-52.8464,2.0925],[-51.6234,4.2159],[-53.0267,5.4267],[-53.8369,5.6895],[-54.3661,4.6899],[-53.9773,3.3571],[-54.3883,2.2613]]]},"properties":{"NAME":"French Guiana","SUBJECTO":"French Guiana","PARTOF":"French Guiana","BORDERPRECISION":3,"LINK":null}},
{"type":"Feature","geometry":{"type":"MultiPolygon","coordinates":[[[[9.8812,2.0583],[9.3704,1.1707],[9.629,0.8895],[11.2388,0.9102],[11.2177,2.0543],[9.8812,2.0583]]],[[[8.5763,3.0665],[8.8272,3.6119],[8.3581,3.3174],[8.5763,3.0665]]]]},"properties":{"NAME":"Equatorial Guinea","SUBJECTO":"Equatorial Guinea","PARTOF":"Equatorial Guinea","BORDERPRECISION":3,"LINK":null}},
{"type":"Feature","geometry":{"type":"Polygon","coordinates":[[[-78.9435,1.3808],[-80.0856,0.818],[-80.3388,-0.6632],[-80.9661,-1.0331],[-80.7776,-2.5387],[-80.3573,-2.7284],[-79.813,-2.1705],[-79.7618,-2.797],[-80.2289,-3.4712],[-80.2585,-4.414],[-78.9983,-5.0102],[-78.0405,-3.2187],[-75.8871,-1.992],[-75.2067,-0.8375],[-75.5256,-0.1402],[-76.1479,0.3455],[-77.2897,0.2624],[-78.9435,1.3808]]]},"properties":{"NAME":"Ecuador","SUBJECTO":"Ecuador","PARTOF":"Ecuador","BORDERPRECISION":3,"LINK":null}},
{"type":"Feature","geometry":{"type":"Polygon","coordinates":[[[-69.5899,-10.9022],[-70.5645,-10.8889],[-70.5428,-9.5227],[-71.3243,-10.0166],[-72.1539,-10.0024],[-72.3054,-9.5585],[-73.1207,-9.4045],[-72.9161,-9.0411],[-73.89,-7.3248],[-73.0619,-6.5192],[-73.1825,-6.0115],[-72.7693,-5.1448],[-69.878,-4.187],[-70.5879,-3.7909],[-70.0523,-2.8217],[-70.9231,-2.3184],[-72.9591,-2.4513],[-74.4742,-0.5726],[-75.5256,-0.1402],[-75.2067,-0.8375],[-75.8871,-1.992],[-78.0405,-3.2187],[-78.9983,-5.0102],[-80.2585,-4.414],[-80.2289,-3.4712],[-81.4133,-4.5671],[-80.8234,-5.7159],[-81.297,-6.0409],[-80.0659,-6.7563],[-79.0602,-8.2155],[-77.7072,-11.256],[-76.3592,-13.2291],[-76.0526,-14.4101],[-74.0496,-16.045],[-71.6119,-17.2215],[-70.3636,-18.455],[-69.4301,-17.6038],[-69.5196,-17.1914],[-69.0123,-16.6167],[-69.2908,-14.9412],[-68.8362,-14.1698],[-68.6399,-12.5804],[-69.5899,-10.9022]]]},"properties":{"NAME":"Peru","SUBJECTO":"Peru","PARTOF":"Peru","BORDERPRECISION":3,"LINK":null}},
{"type":"Feature","geometry":{"type":"MultiPolygon","coordinates":[[[[-60.553,5.0091],[-61.6294,4.208],[-62.58,4.0434],[-62.8413,3.4888],[-64.5827,4.1205],[-63.902,2.3763],[-63.2071,2.1834],[-65.3559,0.5623],[-65.5989,0.9867],[-66.1259,0.6404],[-66.8498,1.0111],[-67.1797,2.0707],[-67.9747,1.6146],[-69.7366,1.655],[-69.7611,1.0446],[-69.0424,0.534],[-69.983,0.4648],[-69.9838,-0.2662],[-69.5008,-0.6002],[-69.3208,-1.2983],[-69.878,-4.187],[-72.7693,-5.1448],[-73.1825,-6.0115],[-73.0619,-6.5192],[-73.89,-7.3248],[-72.9161,-9.0411],[-73.1207,-9.4045],[-72.3054,-9.5585],[-72.1539,-10.0024],[-71.3243,-10.0166],[-70.5428,-9.5227],[-70.5645,-10.8889],[-69.5899,-10.9022],[-68.5022,-11.0864],[-66.306,-9.8407],[-65.3087,-9.8157],[-65.2731,-11.3659],[-64.7563,-12.0491],[-62.0786,-13.1007],[-61.7263,-13.5879],[-60.4014,-13.8278],[-60.1009,-16.2785],[-58.3335,-16.3697],[-58.4017,-17.1325],[-57.5964,-18.0426],[-58.1377,-19.8118],[-57.7516,-20.6862],[-57.8058,-22.154],[-55.6228,-22.4462],[-55.2347,-24.0321],[-54.2272,-24.058],[-54.5804,-25.7433],[-53.8489,-25.7518],[-53.7311,-27.2183],[-54.9113,-27.8031],[-57.5757,-30.4029],[-56.6266,-30.2896],[-55.8741,-31.1743],[-55.4406,-30.9749],[-54.1072,-31.85],[-53.2283,-32.8165],[-53.4056,-33.8795],[-52.3507,-32.6752],[-51.2324,-30.2654],[-50.5817,-30.4165],[-51.4774,-31.8235],[-48.7284,-28.3671],[-48.7245,-25.4256],[-46.2062,-23.8828],[-45.4592,-23.8558],[-44.5613,-22.9899],[-42.1384,-22.972],[-41.7696,-22.3804],[-40.9835,-22.0864],[-40.9328,-21.2794],[-39.739,-19.5741],[-39.6661,-18.227],[-39.1425,-17.7747],[-38.7989,-12.6273],[-38.2661,-12.8867],[-37.1865,-10.8447],[-35.5986,-9.6276],[-34.8907,-7.6118],[-35.4644,-5.2683],[-37.1806,-4.9543],[-39.7218,-3.009],[-42.1083,-2.8616],[-43.2332,-2.4193],[-44.5934,-3.1466],[-44.4617,-2.2694],[-44.7959,-1.7364],[-45.3713,-1.7567],[-47.2371,-0.6804],[-48.0425,-0.8156],[-49.4228,-2.3588],[-49.2906,-1.7906],[-50.5285,-1.9331],[-50.9768,-1.1143],[-52.1435,-1.5172],[-49.8639,1.3283],[-50.6881,2.2162],[-51.3152,4.2611],[-51.6234,4.2159],[-52.8464,2.0925],[-54.3883,2.2613],[-55.9011,2.3985],[-55.7935,1.7253],[-56.7096,1.8915],[-58.5442,1.1877],[-59.1287,1.3304],[-59.6249,1.7343],[-59.9354,2.7305],[-59.5129,3.9663],[-60.0849,4.4588],[-59.8994,5.0448],[-60.553,5.0091]]],[[[-50.225,-1.7354],[-48.8857,-1.4211],[-48.4019,-0.3907],[-50.5014,-0.2617],[-50.6466,-1.2661],[-50.225,-1.7354]]]]},"properties":{"NAME":"Brazil","SUBJECTO":"Brazil","PARTOF":"Brazil","BORDERPRECISION":3,"LINK":null}},
{"type":"Feature","geometry":{"type":"MultiPolygon","coordinates":[[[[149.5542,-6.4061],[151.9199,-5.6573],[151.8349,-5.2063],[152.2682,-4.7795],[152.0899,-4.3604],[151.5393,-4.4061],[151.5699,-5.0289],[150.7216,-5.6218],[149.8693,-5.4012],[149.6485,-5.7131],[148.3063,-5.7732],[149.5542,-6.4061]]],[[[140.9476,-9.2739],[142.6074,-9.3766],[143.3311,-9],[142.2489,-8.3095],[143.4368,-8.3578],[143.3561,-8.1292],[143.7796,-8.1092],[143.6648,-7.6709],[144.6274,-7.7832],[145.8196,-8.0984],[147.6155,-10.084],[150.5234,-10.6371],[149.5674,-9.9273],[149.8299,-9.7106],[149.0779,-9.458],[149.1977,-9.1208],[148.4588,-9.097],[148.0347,-8.2462],[147.1512,-7.5617],[146.9091,-6.8948],[147.7386,-6.7405],[147.3765,-6.1248],[145.6081,-5.5248],[145.7282,-4.997],[144.5427,-3.9954],[140.8698,-2.7948],[140.9476,-9.2739]]]]},"properties":{"NAME":"Papua New Guinea","SUBJECTO":"Papua New Guinea","PARTOF":"Papua New Guinea","BORDERPRECISION":3,"LINK":null}},
{"type":"Feature","geometry":{"type":"MultiPolygon","coordinates":[[[[146.7127,-43.7218],[147.9257,-42.8234],[148.2695,-41.0926],[146.3822,-41.3083],[144.6969,-40.8622],[145.6243,-42.5189],[145.2794,-42.6677],[146.7127,-43.7218]]],[[[142.3376,-10.9154],[141.6785,-12.4678],[141.9189,-12.7025],[141.5123,-13.8095],[141.7113,-15.2267],[140.7075,-17.632],[139.8183,-17.761],[135.4166,-14.9732],[135.8806,-14.203],[135.8309,-13.4848],[136.4691,-13.2228],[136.7911,-12.3703],[136.4345,-12.1168],[136.0912,-12.5752],[135.649,-12.1884],[135.1285,-12.3866],[132.2056,-11.3186],[132.0246,-11.4779],[132.5146,-11.6231],[132.7511,-12.1692],[131.0283,-12.2683],[130.9513,-12.6308],[130.4635,-12.7589],[129.4266,-14.3059],[129.8486,-14.8199],[129.6323,-15.278],[128.4589,-14.8864],[128.0661,-15.3767],[127.9626,-14.7031],[126.8534,-13.7838],[126.546,-14.3502],[126.2684,-14.0711],[125.8632,-14.6949],[125.1557,-14.8045],[125.1091,-15.6247],[124.4245,-15.6579],[124.3378,-16.262],[124.8463,-16.53],[123.5758,-16.3908],[123.912,-16.9749],[123.8268,-17.2485],[123.5083,-17.1093],[123.4187,-17.5799],[122.7383,-16.5833],[122.0855,-17.3984],[122.1965,-18.2437],[120.8721,-19.6769],[116.4188,-20.8371],[114.4563,-22.0937],[114.232,-22.6155],[113.9006,-22.0377],[113.3792,-24.6136],[114.1808,-26.2714],[113.8807,-26.509],[113.3212,-25.6903],[113.7394,-26.6665],[113.0351,-26.1627],[114.6304,-28.903],[115.677,-31.9279],[115.6467,-33.3654],[114.9858,-33.7547],[115.0469,-34.4225],[116.2514,-35.1007],[117.5298,-35.251],[119.7715,-34.1202],[123.3586,-34.0428],[124.2484,-33.1441],[126.0589,-32.4344],[131.2802,-31.6348],[132.1822,-32.1482],[133.837,-32.342],[135.7124,-35.2074],[137.8682,-32.7471],[138.1887,-33.2935],[137.5023,-35.0253],[136.947,-35.4726],[137.6833,-35.3309],[138.1015,-34.3561],[138.5676,-34.9277],[138.1972,-35.7569],[139.3679,-35.6143],[140.012,-37.6416],[141.2253,-38.4566],[143.3648,-38.9697],[144.9698,-38.0658],[146.5259,-39.1806],[146.2992,-38.8935],[148.037,-38.0979],[149.7124,-37.7943],[150.2215,-35.6941],[150.762,-35.2531],[151.3645,-33.5209],[152.1762,-32.8767],[152.9719,-31.4182],[153.4935,-28.8409],[152.9462,-27.341],[152.9042,-25.6303],[151.7301,-24.1575],[150.8025,-23.5999],[150.6936,-22.6781],[149.5568,-22.4326],[149.1015,-21.0601],[148.567,-20.6543],[148.7037,-20.2026],[146.3218,-19.0823],[145.9942,-17.5126],[145.3255,-16.4904],[145.1843,-15.0476],[144.3854,-14.3691],[143.7432,-14.4658],[143.3712,-12.8138],[142.9708,-12.535],[143.1731,-12.1213],[142.3376,-10.9154]]]]},"properties":{"NAME":"Australia","SUBJECTO":"Australia","PARTOF":"Australia","BORDERPRECISION":3,"LINK":null}},
{"type":"Feature","geometry":{"type":"Polygon","coordinates":[[[-58.3397,-34.2161],[-56.3383,-34.9955],[-54.9898,-34.9673],[-54.0743,-34.6478],[-53.4056,-33.8795],[-53.2283,-32.8165],[-54.1072,-31.85],[-55.4406,-30.9749],[-55.8741,-31.1743],[-56.6266,-30.2896],[-57.5757,-30.4029],[-58.3397,-34.2161]]]},"properties":{"NAME":"Uruguay","SUBJECTO":"Uruguay","PARTOF":"Uruguay","BORDERPRECISION":3,"LINK":null}},
{"type":"Feature","geometry":{"type":"Polygon","coordinates":[[[5.9996,50.7416],[5.9794,51.8035],[7.0677,52.2186],[6.7136,52.4757],[7.1599,53.164],[6.7507,53.3899],[5.3895,53.1386],[5.8171,52.5214],[5.4732,52.1766],[4.7188,52.8024],[3.5203,51.5791],[3.775,51.3877],[5.1125,51.4055],[5.9996,50.7416]]]},"properties":{"NAME":"Netherlands","SUBJECTO":"Netherlands","PARTOF":"Netherlands","BORDERPRECISION":3,"LINK":null}},
{"type":"Feature","geometry":{"type":"Polygon","coordinates":[[[10.3957,46.8874],[12.0643,47.091],[12.3619,46.7085],[14.1407,46.4333],[16.2596,46.8888],[16.4009,47.6465],[17.3312,47.9947],[16.989,48.2406],[16.6692,48.7938],[14.9931,48.9678],[14.6575,48.6197],[13.9467,48.6551],[12.6942,48.1294],[12.942,47.4832],[12.3582,47.7243],[10.1029,47.301],[9.6655,47.5562],[9.5393,47.4872],[9.5208,47.0694],[10.3957,46.8874]]]},"properties":{"NAME":"Austria","SUBJECTO":"Austria","PARTOF":"Austria","BORDERPRECISION":3,"LINK":null}},
{"type":"Feature","geometry":{"type":"Polygon","coordinates":[[[14.0334,13.0606],[13.5387,13.6551],[12.252,13.0755],[10.6962,13.3523],[9.4774,12.824],[7.936,13.317],[6.9578,13.0188],[6.0015,13.7378],[4.1902,13.4792],[3.6514,12.1539],[3.8306,10.7057],[3.1812,9.1128],[2.7642,8.8625],[2.7668,6.3481],[3.9495,6.5794],[4.6341,6.2123],[5.3834,5.6102],[5.4195,4.9558],[6.0888,4.3281],[8.5918,4.712],[8.8379,5.7077],[10.0736,6.8909],[10.6931,6.8819],[11.1477,6.357],[11.5793,6.7918],[13.7878,11.0889],[14.5059,11.4808],[14.0334,13.0606]]]},"properties":{"NAME":"Nigeria","SUBJECTO":"Nigeria","PARTOF":"Nigeria","BORDERPRECISION":3,"LINK":null}},
{"type":"Feature","geometry":{"type":"Polygon","coordinates":[[[11.2177,2.0543],[11.2381,2.2769],[14.3014,2.0853],[16.05,1.6572],[15.8951,2.6923],[15.1237,3.6094],[14.4535,5.4804],[14.4317,6.0206],[15.557,7.5019],[13.9109,9.5515],[14.2949,9.9796],[15.4498,9.9356],[14.8242,12.417],[14.0334,13.0606],[14.5059,11.4808],[13.7878,11.0889],[11.5793,6.7918],[11.1477,6.357],[10.6931,6.8819],[10.0736,6.8909],[8.8379,5.7077],[8.5918,4.712],[9.7802,3.8532],[9.8812,2.0583],[11.2177,2.0543]]]},"properties":{"NAME":"French Cameroons","SUBJECTO":"France","PARTOF":"French Cameroons","BORDERPRECISION":3,"LINK":null}},
{"type":"Feature","geometry":{"type":"Polygon","coordinates":[[[9.5749,30.2074],[9.9233,26.8092],[9.3767,26.0371],[10.3147,24.4663],[11.4479,24.2568],[11.959,23.4717],[14.1801,22.5694],[14.9677,22.968],[15.9705,23.3806],[23.9497,19.4743],[23.9825,19.9829],[24.9579,20.0457],[24.9529,21.8822],[24.9634,29.0054],[24.687,30.0077],[25.1066,31.5138],[24.8159,31.9072],[23.1533,32.1388],[22.9228,32.5577],[21.6734,32.8156],[20.0684,32.0371],[19.9815,30.7217],[18.915,30.2049],[17.709,30.8949],[15.8433,31.285],[15.0098,32.3634],[11.4707,33.1441],[11.4164,32.3277],[10.1324,31.4816],[10.1328,30.6427],[9.5749,30.2074]]]},"properties":{"NAME":"Libya (IT)","SUBJECTO":"Italy","PARTOF":"Libya (IT)","BORDERPRECISION":3,"LINK":null}},
{"type":"Feature","geometry":{"type":"Polygon","coordinates":[[[34.9355,29.4181],[34.9847,29.4672],[35.688,32.7106],[35.473,33.119],[34.972,32.9384],[34.1463,31.2086],[34.9355,29.4181]]]},"properties":{"NAME":"Mandatory Palestine (GB)","SUBJECTO":"United Kingdom of Great Britain and Ireland","PARTOF":"Mandatory Palestine (GB)","BORDERPRECISION":3,"LINK":null}},
{"type":"Feature","geometry":{"type":"Polygon","coordinates":[[[24.9529,21.8822],[31.1663,21.9184],[36.8001,21.9149],[35.7463,22.9143],[35.4685,23.7207],[35.7247,23.9118],[32.3185,29.5402],[32.648,29.8522],[33.3307,28.5512],[34.2412,27.7589],[34.9355,29.4181],[34.1463,31.2086],[32.5972,30.9639],[30.996,31.4689],[29.2488,30.7537],[25.1066,31.5138],[24.687,30.0077],[24.9634,29.0054],[24.9529,21.8822]]]},"properties":{"NAME":"Egypt","SUBJECTO":"United Kingdom of Great Britain and Ireland","PARTOF":"Egypt","BORDERPRECISION":3,"LINK":null}},
{"type":"Feature","geometry":{"type":"Polygon","coordinates":[[[88.1973,27.8758],[86.7872,28.1335],[86.0357,27.9103],[82.1417,30.3656],[81.4487,30.4028],[81.264,30.0307],[81.0213,30.2465],[80.4129,29.7852],[80.1159,28.8403],[82.8118,27.5382],[84.1361,27.5382],[85.3714,26.757],[87.3493,26.385],[88.0922,26.4445],[88.1973,27.8758]]]},"properties":{"NAME":"Nepal","SUBJECTO":"Nepal","PARTOF":"Nepal","BORDERPRECISION":3,"LINK":null}},
{"type":"Feature","geometry":{"type":"Polygon","coordinates":[[[30.7372,3.5052],[33.4564,3.6421],[33.9914,4.0267],[34.4276,4.5314],[35.8022,4.565],[35.7726,5.1495],[35.1007,5.6476],[34.6075,6.6362],[33.7688,7.5274],[33.0298,7.7708],[33.139,8.3435],[34.0418,8.4315],[34.3527,10.6768],[34.9487,10.8201],[35.1674,11.9462],[36.134,12.7717],[36.4767,14.2665],[37.0243,16.9519],[38.6417,18.0607],[37.3982,18.915],[36.8001,21.9149],[31.1663,21.9184],[24.9529,21.8822],[24.9579,20.0457],[23.9825,19.9829],[23.9497,19.4743],[23.9509,15.6994],[22.9098,15.617],[21.778,12.8013],[22.261,12.6771],[22.819,10.9072],[23.5785,9.9075],[23.4509,8.7055],[25.1881,7.8451],[26.4137,6.0473],[27.1961,5.6579],[27.2437,5.1624],[28.2232,4.183],[28.7358,4.4658],[29.2159,4.1762],[29.5998,4.5535],[30.7372,3.5052]]]},"properties":{"NAME":"Sudan","SUBJECTO":"Sudan","PARTOF":"Sudan","BORDERPRECISION":3,"LINK":null}},
{"type":"Feature","geometry":{"type":"Polygon","coordinates":[[[36.4767,14.2665],[37.1501,14.4453],[37.3461,14.0533],[37.7203,14.8017],[38.2548,14.3918],[39.9297,14.4275],[42.3278,12.3571],[42.7762,12.309],[43.048,12.7023],[39.8979,15.502],[39.7964,15.0888],[38.6417,18.0607],[37.0243,16.9519],[36.4767,14.2665]]]},"properties":{"NAME":"Eritrea","SUBJECTO":"Eritrea","PARTOF":"Eritrea","BORDERPRECISION":3,"LINK":null}},
{"type":"Feature","geometry":{"type":"Polygon","coordinates":[[[35.8022,4.565],[39.1578,3.3964],[40.733,4.1494],[41.7652,3.825],[43.5911,4.7956],[44.9947,4.8166],[47.9025,7.8782],[43.856,9.0299],[42.8017,10.3455],[42.9276,10.8928],[41.8714,10.8547],[41.7936,11.5533],[42.3278,12.3571],[39.9297,14.4275],[38.2548,14.3918],[37.7203,14.8017],[37.3461,14.0533],[37.1501,14.4453],[36.4767,14.2665],[36.134,12.7717],[35.1674,11.9462],[34.9487,10.8201],[34.3527,10.6768],[34.0418,8.4315],[33.139,8.3435],[33.0298,7.7708],[33.7688,7.5274],[34.6075,6.6362],[35.1007,5.6476],[35.7726,5.1495],[35.8022,4.565]]]},"properties":{"NAME":"Ethiopia","SUBJECTO":"Ethiopia","PARTOF":"Ethiopia","BORDERPRECISION":3,"LINK":null}},
{"type":"Feature","geometry":{"type":"Polygon","coordinates":[[[-16.4551,13.5711],[-16.7756,13.1453],[-16.013,13.1389],[-15.302,13.5711],[-14.584,13.2156],[-14.0054,13.4247],[-15.2811,13.8081],[-16.4551,13.5711]]]},"properties":{"NAME":"Gambia, The","SUBJECTO":"Gambia, The","PARTOF":"Gambia, The","BORDERPRECISION":3,"LINK":null}},
{"type":"Feature","geometry":{"type":"Polygon","coordinates":[[[42.3278,12.3571],[41.7936,11.5533],[41.8714,10.8547],[42.9276,10.8928],[43.2985,11.4756],[42.5553,11.5683],[43.4748,12.0976],[43.048,12.7023],[42.7762,12.309],[42.3278,12.3571]]]},"properties":{"NAME":"French Somaliland","SUBJECTO":"France","PARTOF":"French Somaliland","BORDERPRECISION":3,"LINK":null}},
{"type":"Feature","geometry":{"type":"Polygon","coordinates":[[[-16.5666,12.3098],[-15.8086,11.8429],[-15.158,11.8761],[-15.4158,11.3354],[-15.0083,11.1017],[-13.7755,11.7457],[-13.6939,12.6234],[-16.5666,12.3098]]]},"properties":{"NAME":"Guinea-Bissau","SUBJECTO":"Guinea-Bissau","PARTOF":"Guinea-Bissau","BORDERPRECISION":3,"LINK":null}},
{"type":"Feature","geometry":{"type":"Polygon","coordinates":[[[-59.8344,8.4402],[-61.7647,8.5828],[-60.7927,9.3882],[-62.1033,10.0209],[-62.2969,9.7218],[-62.9519,10.4513],[-62.2897,10.7323],[-63.8566,10.7099],[-64.8837,10.1357],[-66.4781,10.6788],[-67.9796,10.5421],[-68.6946,11.3795],[-69.6289,11.5406],[-69.9735,12.2284],[-70.3393,11.9988],[-69.7478,11.5335],[-71.5482,10.9493],[-71.0144,9.6267],[-71.6047,9.0916],[-72.114,9.904],[-71.688,10.7693],[-71.9879,11.6076],[-71.1887,11.9116],[-72.051,11.7218],[-73.3368,9.1994],[-72.8776,9.2402],[-72.3531,8.315],[-72.364,7.4693],[-71.8121,6.9703],[-70.3065,6.9729],[-69.3032,6.0061],[-67.4759,6.2077],[-67.9352,5.1432],[-67.223,3.3355],[-67.7678,2.8237],[-67.1797,2.0707],[-66.8498,1.0111],[-66.1259,0.6404],[-65.5989,0.9867],[-65.3559,0.5623],[-63.2071,2.1834],[-63.902,2.3763],[-64.5827,4.1205],[-62.8413,3.4888],[-62.58,4.0434],[-61.6294,4.208],[-60.553,5.0091],[-61.2548,5.8696],[-61.0213,6.672],[-60.2339,6.9564],[-60.6091,7.4501],[-59.8344,8.4402]]]},"properties":{"NAME":"Venezuela","SUBJECTO":"Venezuela","PARTOF":"Venezuela","BORDERPRECISION":3,"LINK":null}},
{"type":"Feature","geometry":{"type":"Polygon","coordinates":[[[-61.1142,10.8217],[-61.8091,10.725],[-61.6531,10.2786],[-62.0388,10.0575],[-61.2067,10.1182],[-61.1142,10.8217]]]},"properties":{"NAME":"Trinidad","SUBJECTO":"Trinidad","PARTOF":"Trinidad","BORDERPRECISION":3,"LINK":null}},
{"type":"Feature","geometry":{"type":"Polygon","coordinates":[[[114.9615,4.8765],[114.0737,4.455],[114.4337,3.9983],[115.1613,4.3094],[114.9615,4.8765]]]},"properties":{"NAME":"Brunei","SUBJECTO":"Brunei","PARTOF":"Brunei","BORDERPRECISION":3,"LINK":null}},
{"type":"Feature","geometry":{"type":"Polygon","coordinates":[[[39.2291,-4.8449],[40.2713,-2.8167],[40.9154,-2.0781],[41.6099,-1.8767],[41.0596,-1.0798],[41.0231,2.7147],[41.7652,3.825],[40.733,4.1494],[39.1578,3.3964],[35.8022,4.565],[34.4276,4.5314],[33.9914,4.0267],[35.0402,1.6876],[33.2672,-1.1321],[33.9192,-1.1173],[37.6162,-3.1662],[37.6568,-3.6936],[39.2291,-4.8449]]]},"properties":{"NAME":"Kenya","SUBJECTO":"Kenya","PARTOF":"Kenya","BORDERPRECISION":3,"LINK":null}},
{"type":"Feature","geometry":{"type":"Polygon","coordinates":[[[29.5285,-1.4345],[30.596,-1.1548],[33.2672,-1.1321],[35.0402,1.6876],[33.9914,4.0267],[33.4564,3.6421],[30.7372,3.5052],[30.7127,2.3737],[31.2446,2.0082],[29.7695,0.4421],[29.5285,-1.4345]]]},"properties":{"NAME":"Uganda","SUBJECTO":"Uganda","PARTOF":"Uganda","BORDERPRECISION":3,"LINK":null}},
{"type":"Feature","geometry":{"type":"MultiPolygon","coordinates":[[[[109.5175,1.8205],[108.9555,1.2593],[108.841,0.3313],[109.4286,-0.7096],[109.1789,-0.869],[109.9409,-1.6426],[110.1023,-3.0785],[110.7968,-3.1724],[111.5872,-2.7957],[111.7395,-3.647],[112.5777,-3.4227],[112.7954,-2.971],[113.6084,-3.6111],[114.2185,-3.4319],[114.5809,-4.2954],[115.8063,-3.5365],[116.2482,-2.7983],[116.0408,-2.4429],[116.3491,-2.4168],[116.0463,-1.9345],[117.0456,-0.9346],[117.3703,-1.0038],[117.5343,0.6107],[118.7652,0.823],[117.7301,1.7994],[117.8292,2.3143],[117.139,3.1706],[117.074,3.5072],[117.6839,3.6292],[117.5587,3.9807],[115.7068,4.1567],[114.6589,1.5958],[113.6768,1.1451],[112.616,1.4629],[111.562,0.7638],[110.5486,0.726],[109.5175,1.8205]]],[[[140.8698,-2.7948],[137.7039,-1.6333],[137.0842,-2.2511],[136.2709,-2.4181],[135.2464,-3.5389],[134.557,-2.7078],[134.2831,-2.8546],[133.9073,-1.0061],[132.254,-0.5267],[131.2114,-1.0246],[131.0644,-1.5397],[131.8156,-1.6652],[132.219,-2.3443],[133.855,-2.2454],[133.7808,-2.7222],[132.0158,-2.8214],[132.8272,-3.506],[132.9316,-4.2684],[133.7525,-3.1862],[134.0406,-3.9482],[137.5953,-5.2498],[139.0283,-7.0199],[138.6496,-7.1415],[139.1561,-7.7251],[138.917,-8.3167],[139.9769,-8.2382],[140.9476,-9.2739],[140.8698,-2.7948]]],[[[130.7838,-3.879],[130.3687,-3.13],[128.0418,-3.0588],[128.376,-3.5474],[128.9146,-3.2539],[129.5795,-3.5829],[129.7813,-3.3219],[130.7838,-3.879]]],[[[126.6605,-3.8752],[127.0938,-3.5184],[126.1111,-3.2981],[126.6605,-3.8752]]],[[[138.1759,-8.5535],[138.8948,-7.7829],[138.568,-7.523],[137.6759,-8.4592],[138.1759,-8.5535]]],[[[122.9486,-8.3771],[122.6924,-8.0937],[122.1659,-8.6343],[120.565,-8.3881],[119.8404,-8.6821],[119.9353,-8.9361],[121.6944,-8.9959],[122.9486,-8.3771]]],[[[117.9377,-8.54],[117.8172,-8.8136],[116.9584,-8.5293],[116.6632,-9.0593],[118.9705,-8.881],[118.7608,-8.3793],[118.462,-8.5961],[117.8062,-8.178],[117.9377,-8.54]]],[[[115.0724,-8.7814],[115.5005,-8.469],[114.4575,-8.3314],[115.0724,-8.7814]]],[[[103.7136,-0.017],[102.2783,0.7428],[101.0598,2.081],[100.7319,1.8706],[99.8632,2.5676],[99.7959,2.9805],[98.1455,4.0699],[97.3841,5.1801],[95.2161,5.4995],[95.8276,4.2237],[97.2545,3.1402],[97.5971,2.2514],[98.671,1.6183],[99.1133,0.2212],[99.972,-0.5013],[101.3455,-3.0149],[104.5685,-6.0712],[104.5634,-5.6009],[105.0328,-5.8795],[105.1867,-5.5423],[105.6407,-5.929],[105.9428,-3.2147],[105.4449,-2.5993],[104.6778,-2.6708],[104.8126,-2.1558],[104.3524,-1.8899],[104.2299,-1.1911],[103.3113,-0.8182],[103.7136,-0.017]]],[[[127.6307,-0.017],[128.2994,-1.0246],[127.8647,0.0992],[128.0374,0.3665],[128.7058,0.2091],[128.1896,0.6274],[128.6086,1.3845],[127.802,0.7155],[127.7998,1.8974],[127.4235,0.9816],[127.6307,-0.017]]],[[[106.5527,-3.1752],[106.6427,-2.7111],[105.8634,-1.6261],[105.6557,-1.957],[105.4267,-1.7096],[105.1997,-2.1105],[106.5527,-3.1752]]],[[[105.1848,-6.8657],[106.3655,-7.0397],[106.3202,-7.4338],[107.7297,-7.7867],[109.0372,-7.7203],[110.7777,-8.3203],[113.0738,-8.3471],[114.3293,-8.783],[114.2308,-7.9315],[112.6784,-7.7188],[112.2748,-7.0269],[111.0447,-6.8516],[110.8146,-6.5343],[110.2426,-7.0313],[109.1611,-7.0231],[108.5558,-6.9205],[108.1733,-6.3557],[105.9332,-6.026],[105.6335,-6.7552],[105.1848,-6.8657]]],[[[123.4919,-10.3522],[127.0972,-8.5075],[125.0798,-8.7725],[123.6654,-9.748],[123.4919,-10.3522]]],[[[120.2798,-10.3782],[120.5813,-10.0978],[119.7887,-9.4576],[118.949,-9.5865],[120.2798,-10.3782]]],[[[119.6921,-0.017],[119.1746,-2.1755],[118.6836,-2.9011],[118.7914,-3.6635],[119.4611,-3.8082],[119.4768,-5.8038],[120.2481,-5.586],[120.1442,-3.0759],[120.5928,-2.8016],[120.9247,-2.8263],[120.8025,-3.5956],[121.508,-4.2359],[121.4413,-4.8653],[122.6484,-4.5131],[122.1903,-3.8468],[122.2582,-3.2111],[121.2535,-1.9613],[121.6501,-1.9986],[122.7571,-1.0938],[123.2127,-1.2326],[123.25,-0.9021],[121.4611,-0.9886],[121.0554,-1.5487],[120.5873,-1.5179],[119.9038,-0.6805],[120.143,0.1905],[124.234,0.3011],[125.0162,1.5419],[123.8262,0.7387],[120.7674,1.1387],[119.6921,-0.017]]]]},"properties":{"NAME":"Dutch East Indies","SUBJECTO":"Dutch East Indies","PARTOF":"Dutch East Indies","BORDERPRECISION":3,"LINK":null}},
{"type":"Feature","geometry":{"type":"MultiPolygon","coordinates":[[[[-76.1329,44.3267],[-74.7824,45.0122],[-71.5346,44.9586],[-71.2929,45.3232],[-70.5894,45.2946],[-69.0491,47.4644],[-67.7769,47.1645],[-67.1868,45.2523],[-65.7597,45.2945],[-64.7238,45.6682],[-64.7009,46.0845],[-64.2598,45.8431],[-64.9201,45.3668],[-64.5586,45.4572],[-63.3775,45.3849],[-64.1406,45.0536],[-64.4579,45.3909],[-66.193,44.4892],[-65.8408,44.6152],[-66.1895,44.1413],[-65.4671,43.518],[-64.3058,44.6152],[-63.5589,44.5132],[-60.9584,45.3005],[-61.9398,45.9215],[-62.7261,45.6802],[-64.5348,46.2717],[-64.8422,47.1242],[-65.3896,47.1303],[-64.6579,47.7785],[-65.6123,47.6634],[-66.4715,48.0994],[-65.2131,48.1214],[-64.2509,48.5545],[-64.9524,49.2073],[-68.3413,48.5465],[-71.0392,46.7359],[-69.1496,48.7345],[-67.3177,49.4253],[-66.3727,50.3139],[-60.8098,50.334],[-59.7155,50.5115],[-58.5243,51.3795],[-57.0056,51.4867],[-56.9716,51.9412],[-63.4109,51.9109],[-63.8533,52.3635],[-64.5414,51.5761],[-66.7534,52.6626],[-67.4416,54.7852],[-63.755,54.7568],[-64.4247,60.0444],[-65.5517,59.7142],[-65.9291,58.4238],[-66.4746,58.808],[-66.8209,58.3877],[-68.0046,58.1657],[-68.5694,58.7833],[-69.8942,58.6845],[-69.3647,59.0506],[-69.5363,60.9892],[-71.6734,61.2657],[-73.3946,62.355],[-77.8676,62.29],[-77.4622,61.4726],[-78.1765,60.7418],[-77.3885,60.6943],[-77.2148,59.7475],[-78.4688,58.7095],[-76.7724,57.6625],[-76.4629,56.5714],[-77.2338,55.6065],[-79.5451,54.6919],[-78.8014,53.9627],[-78.491,52.2561],[-78.8227,51.1614],[-79.2762,51.6042],[-79.534,51.4182],[-79.3385,50.843],[-81.7474,52.1701],[-82.3412,52.9808],[-82.2021,54.9689],[-84.4684,55.1669],[-87.4672,55.912],[-90,57.1779],[-92.4831,56.9767],[-93.0742,58.551],[-94.6838,58.8785],[-94.376,60.7951],[-91.8909,62.6036],[-92.4553,62.7941],[-90,62.9462],[-90,63.3024],[-93.3169,63.9736],[-89.8704,63.5752],[-89.9727,64.1905],[-88.3771,64.0573],[-87.1573,65.0596],[-88.9044,65.3252],[-90,65.9736],[-87.5498,65.3495],[-85.9871,66.1628],[-86.739,66.5651],[-83.7405,66.3063],[-84.7139,67.0703],[-83.1387,66.3735],[-82.33,66.6396],[-81.295,67.4987],[-82.6873,68.6975],[-81.583,68.602],[-81.4799,69.1886],[-85.1134,69.8171],[-84.6246,68.7539],[-85.3998,68.76],[-87.3254,67.1689],[-88.4815,67.991],[-88.0974,68.8526],[-89.1404,69.2347],[-90,68.3691],[-90,69.489],[-92.6712,69.7424],[-91.6577,70.2858],[-93.2712,71.5585],[-95.2458,71.875],[-95.4304,71.2512],[-96.6592,70.9312],[-96.4226,70.093],[-92.9925,69.5146],[-92.9561,69.0843],[-94.3425,69.1119],[-93.4141,68.5425],[-95.3225,68.0603],[-95.2587,67.0284],[-96.2596,67.3151],[-96.2079,68.0736],[-97.5718,68.3699],[-98.4071,68.159],[-97.1586,67.9674],[-97.2607,67.5951],[-98.3549,67.9353],[-101.913,67.7053],[-105.912,68.3394],[-107.662,67.9626],[-107.5276,66.563],[-108.4852,67.0701],[-108.095,67.3596],[-110.1334,67.9058],[-112.5025,67.693],[-115.5617,67.8957],[-114.1087,68.3465],[-114.8315,68.7651],[-117.8323,69.0078],[-122.3261,69.8845],[-124.2253,69.4034],[-124.9893,69.8947],[-125.4546,69.3331],[-128.4159,70.6863],[-127.9398,70.0799],[-131.673,69.2762],[-132.6904,68.4616],[-133.4132,69.137],[-129.8495,70.1507],[-133.6476,69.5069],[-135.4392,69.5263],[-135.6102,68.7038],[-141.0593,69.5955],[-140.807,60.263],[-139.0051,60.2584],[-137.2233,58.8822],[-135.2577,59.6703],[-131.7249,56.6052],[-130.1064,55.9926],[-130.0027,55.2885],[-130.0036,53.938],[-129.4339,53.5175],[-128.8141,53.7639],[-128.0596,52.4995],[-127.0373,52.4636],[-128.0129,51.8082],[-127.353,51.637],[-127.6273,51.1328],[-124.9392,50.5958],[-124.795,50.0353],[-123.212,49.6247],[-122.9003,49.0672],[-115.1646,49.0562],[-108.0673,49.0615],[-98.2009,49.0488],[-94.8198,49.0507],[-94.8273,49.4876],[-94.0877,48.7775],[-92.5561,48.2215],[-90,48.2485],[-89.622,47.9684],[-88.43,48.825],[-88.5583,48.442],[-88.1695,48.6364],[-88.095,49.0046],[-86.4802,48.7632],[-85.9412,48.0482],[-84.8935,47.8599],[-84.3724,46.8724],[-84.7436,46.4684],[-83.8207,46.1504],[-80.7579,45.9699],[-79.6759,44.8668],[-80.0713,44.52],[-80.9072,44.6015],[-81.698,45.2461],[-81.297,44.7131],[-82.2978,43.0287],[-83.056,42.027],[-79.0502,42.8523],[-79.14,43.2221],[-79.8961,43.2824],[-79.1529,43.7724],[-77.1754,43.8433],[-76.8808,44.0927],[-77.5398,44.0906],[-76.1329,44.3267]]],[[[-99.365,68.9745],[-96.7936,68.5286],[-95.5146,68.8087],[-97.7416,69.8316],[-99.365,68.9745]]],[[[-101.6537,72.3731],[-98.7181,71.3538],[-98.484,71.8924],[-97.0552,71.7153],[-96.4346,72.6984],[-98.3937,73.1306],[-96.9367,73.7877],[-100.934,73.8603],[-99.963,73.1674],[-100.8349,72.7455],[-102.2792,73.1472],[-101.6537,72.3731]]],[[[-95.3234,73.7586],[-94.5424,72.1898],[-93.6393,72.5299],[-94.2658,72.8527],[-92.0006,72.8411],[-90,73.9998],[-94.8682,74.1368],[-95.3234,73.7586]]],[[[-125.7798,49.0887],[-124.999,49.1689],[-125.0978,48.7954],[-123.5934,48.6347],[-125.7186,50.4094],[-128.4328,50.8269],[-125.7798,49.0887]]],[[[-132.0823,54.0211],[-133.0967,54.0191],[-132.5688,53.2795],[-132.0898,53.3988],[-132.0823,54.0211]]],[[[-111.4936,72.3625],[-112.8389,72.9527],[-114.4727,72.6251],[-114.647,73.3549],[-118.3988,72.4757],[-118.9684,71.9088],[-115.517,71.4234],[-118.4988,71.0528],[-117.7607,70.7217],[-113.7641,70.7369],[-111.5437,70.3254],[-117.1929,70.123],[-116.6562,69.5159],[-113.7168,69.204],[-113.1522,68.5956],[-109.2094,68.8132],[-106.5924,69.4968],[-104.1878,68.8978],[-102.2779,68.954],[-101.8037,69.2413],[-103.2675,69.3291],[-103.3613,69.6391],[-102.2395,69.8763],[-100.9671,69.6284],[-101.0552,70.0308],[-104.5946,71.0479],[-106.5232,73.1949],[-108.1815,73.3829],[-108.0605,71.7571],[-109.8335,72.9504],[-111.4936,72.3625]]],[[[-125.617,71.9904],[-122.5744,71.146],[-115.6537,73.6325],[-121.2387,74.58],[-124.9093,74.4437],[-124.0103,73.721],[-125.617,71.9904]]],[[[-114.1377,76.3855],[-116.2964,76.2378],[-115.1503,75.7568],[-117.3966,75.4071],[-115.1859,75.1543],[-111.1497,75.3525],[-114.2173,74.8446],[-113.4428,74.546],[-106.0312,75.1056],[-105.498,75.8466],[-108.1633,76.0092],[-108.965,76.871],[-110.3825,76.4349],[-109.6459,75.6382],[-111.3856,75.6599],[-114.1377,76.3855]]],[[[-122.7631,76.4198],[-120.0999,75.9781],[-118.736,76.9377],[-117.413,76.43],[-115.6824,77.3812],[-119.6956,77.3133],[-122.7631,76.4198]]],[[[-113.0097,77.9232],[-111.9104,77.4832],[-109.6612,77.9499],[-113.0097,77.9232]]],[[[-104.1625,78.2982],[-99.0494,77.9411],[-100.1632,78.7725],[-104.4411,79.4588],[-104.1625,78.2982]]],[[[-60.2598,46.9383],[-60.6271,47.1329],[-61.3806,46.3314],[-61.025,45.67],[-59.8866,45.9252],[-60.169,46.3143],[-61.072,45.9878],[-60.2598,46.9383]]],[[[-86.8008,63.8884],[-87.1012,63.5447],[-85.6007,63.7476],[-85.1568,63.1847],[-83.4958,63.7444],[-83.4259,64.1741],[-82.0005,63.6328],[-80.1794,63.722],[-81.8721,63.9907],[-82.1096,64.6436],[-84.1224,65.3414],[-84.8423,65.202],[-85.5575,65.8636],[-86.0611,64.1405],[-86.8008,63.8884]]],[[[-76.4963,68.2672],[-77.2475,67.6548],[-76.2692,67.2488],[-75.1463,67.577],[-75.1195,68.113],[-76.4963,68.2672]]],[[[-71.8786,63.8019],[-71.3189,63.0613],[-65.9403,61.79],[-68.8786,63.7503],[-67.6816,63.4527],[-67.7657,63.8025],[-64.7678,62.4774],[-65.2507,63.8716],[-64.4154,63.245],[-64.4739,63.7443],[-65.0418,64.4095],[-66.5977,64.7662],[-68.3757,66.2837],[-67.3055,65.9343],[-67.7491,66.4757],[-66.9128,66.5949],[-63.5406,64.9953],[-63.3809,65.927],[-62.8448,65.6143],[-62.0683,65.9368],[-62.6551,66.3385],[-61.2106,66.635],[-62.0961,67.0166],[-63.1649,66.926],[-62.9914,67.1774],[-64.6138,67.1153],[-63.933,67.4126],[-64.8289,67.9533],[-66.7447,67.9273],[-68.6653,68.7161],[-68.3907,69.3337],[-66.6681,69.1861],[-68.2072,69.591],[-67.3307,70.0327],[-68.0208,70.2994],[-69.4627,69.9601],[-68.4694,70.5597],[-70.2929,70.6179],[-70.6666,71.0805],[-71.8815,70.9312],[-71.664,71.5133],[-72.5346,71.6285],[-73.2752,71.1608],[-73.886,71.665],[-75.0015,71.4526],[-74.3127,72.0394],[-75.6319,72.6109],[-77.896,72.7014],[-78.6625,71.8747],[-79.3296,72.3676],[-80.8631,72.0115],[-80.4887,73.037],[-81.9064,73.7517],[-84.5055,73.4911],[-83.8848,73.0704],[-85.5057,72.9404],[-84.2893,72.2561],[-85.6025,72.0104],[-84.4884,71.3493],[-85.891,71.1217],[-85.2431,71.4645],[-86.8554,72.8587],[-85.2542,73.7775],[-87.7426,73.7327],[-89.6386,72.7823],[-89.9972,71.5413],[-87.1688,71.0186],[-89.1498,70.9685],[-89.0185,70.6753],[-87.948,70.3849],[-86.5369,70.5336],[-85.9839,70.1126],[-80.8294,69.7114],[-81.0128,70.1831],[-78.7129,70.0114],[-80.6605,70.7526],[-79.1011,70.6553],[-75.5517,69.2223],[-76.5464,68.7314],[-74.7523,69.043],[-72.354,67.5303],[-74.3333,66.1626],[-73.4942,65.405],[-75.3676,65.2634],[-75.3559,64.9155],[-77.3584,65.3759],[-78.1034,64.5072],[-75.9355,64.2671],[-75.4518,64.5481],[-74.5011,64.3918],[-74.2555,64.7662],[-71.8786,63.8019]]],[[[-89.5935,75.86],[-91.1564,75.9743],[-90,76.5908],[-93.0849,76.527],[-91.8668,74.7889],[-91.054,74.9773],[-89.6981,74.6146],[-88.3902,74.9905],[-88.1436,74.569],[-84.5679,74.6161],[-83.4487,75.0823],[-82.373,74.5555],[-80.3493,74.6159],[-79.5766,75.3957],[-81.5316,75.8585],[-86.179,75.4081],[-87.6377,75.7049],[-88.7627,75.4198],[-89.5935,75.86]]],[[[-88.0714,82.1278],[-91.2186,81.8373],[-89.2355,80.8636],[-85.811,81.3945],[-85.5038,80.6181],[-78.9623,81.0342],[-77.5209,80.7499],[-81.7187,80.3854],[-80.7316,79.6585],[-86.1701,80.279],[-81.5972,78.7546],[-85.8068,78.9062],[-86.9172,78.2452],[-84.8434,78.1596],[-83.3188,77.374],[-87.8125,77.8756],[-87.0992,77.2807],[-89.4181,76.6103],[-85.0371,76.4069],[-84.6219,76.8917],[-83.088,76.4783],[-82.5719,76.7763],[-81.3823,76.6511],[-80.8135,76.2377],[-77.8243,76.8876],[-82.1024,77.3161],[-81.1003,77.5765],[-78.8554,77.3738],[-78.3668,78.0329],[-76.2906,78.0107],[-74.9631,79.1223],[-77.2388,79.5827],[-73.6739,79.5177],[-74.2455,80.0427],[-70.4205,80.0504],[-70.5111,80.5454],[-65.2998,81.4584],[-67.5852,81.9613],[-61.9894,82.3119],[-70.5843,83.176],[-73.2534,82.7729],[-76.3821,83.1519],[-75.9249,82.5174],[-77.9488,82.949],[-80.4146,82.8666],[-80.0924,81.9659],[-84.9466,82.3795],[-88.0714,82.1278]]],[[[-101.5779,75.6869],[-100.097,75.7648],[-99.9442,75.0841],[-98.1638,75.0957],[-98.2862,76.6274],[-100.6937,76.6059],[-100.0738,76.0162],[-101.7463,76.5445],[-102.5336,75.7686],[-101.5779,75.6869]]],[[[-95.6285,77.0416],[-96.8095,76.9197],[-95.8734,76.5133],[-93.9376,76.3985],[-95.6285,77.0416]]],[[[-96.4925,78.6823],[-98.4509,78.7581],[-96.602,77.9981],[-95.1181,78.2805],[-96.4925,78.6823]]],[[[-88.3477,80.4108],[-88.3364,80.1198],[-93.4347,81.4398],[-94.675,80.1165],[-96.4334,79.9334],[-95.0394,79.3962],[-93.1776,79.5342],[-90,79.1261],[-94.1893,79.1478],[-91.4238,78.305],[-90,78.2627],[-90,78.6241],[-88.9447,78.3624],[-88.6607,78.9007],[-87.7873,78.7255],[-85.2532,79.2592],[-88.3477,80.4108]]]]},"properties":{"NAME":"Canada","SUBJECTO":"Canada","PARTOF":"Canada","BORDERPRECISION":3,"LINK":null}},
{"type":"Feature","geometry":{"type":"MultiPolygon","coordinates":[[[[21.9708,79.7829],[20.9983,79.1911],[23.8205,79.1475],[27.1968,79.9444],[24.4214,80.4373],[23.1154,80.0963],[23.2164,80.6108],[22.1977,80.1233],[19.9154,80.6334],[18.3306,79.8824],[21.9708,79.7829]]],[[[13.2522,79.8007],[10.9194,79.5452],[11.7603,78.8802],[13.6184,78.2692],[15.0839,78.7807],[16.617,78.4673],[13.9051,77.9999],[16.7116,77.7886],[14.4846,77.3709],[16.913,76.7189],[20.9081,78.8094],[17.5706,79.8899],[15.9166,79.8418],[16.1332,79.1364],[13.2522,79.8007]]],[[[11.1789,59.0703],[11.5633,58.8631],[12.548,60.4339],[12.2992,63.5662],[14.0784,64.0322],[14.5967,66.0502],[16.2205,66.8281],[16.8739,67.8366],[17.9136,67.8642],[18.1795,68.4688],[19.8427,68.1641],[20.7906,68.9323],[21.4058,69.2735],[22.4598,68.6935],[24.8007,68.429],[26.1177,69.6442],[27.9087,69.8877],[29.1133,69.486],[28.6972,68.6955],[31.0538,69.6396],[28.7301,70.1359],[30.2519,70.1311],[30.462,70.5373],[28.7948,70.8648],[27.8754,70.4251],[28.2112,71.0179],[26.6174,70.392],[26.6065,70.9146],[25.263,70.1065],[25.8321,70.8978],[24.849,70.8266],[23.2036,69.9428],[22.3064,70.2156],[20.1965,69.3177],[20.2864,69.7859],[19.58,69.1811],[18.3191,69.3594],[16.4116,67.8742],[15.9197,68.049],[13.3832,66.679],[13.581,66.1881],[11.3641,64.416],[8.2313,62.8414],[7.0882,62.9102],[7.5467,62.5993],[5.4697,62.0937],[5.0962,60.2641],[6.1854,59.8243],[5.0866,59.5092],[5.5285,59.2659],[6.1134,59.527],[5.7719,59.0762],[6.2661,58.9933],[5.4746,58.9755],[5.6155,58.4552],[6.9586,57.9717],[8.0302,58.066],[10.1723,58.9874],[10.5697,59.5805],[11.1789,59.0703]]]]},"properties":{"NAME":"Norway","SUBJECTO":"Norway","PARTOF":"Norway","BORDERPRECISION":3,"LINK":null}},
{"type":"Feature","geometry":{"type":"Polygon","coordinates":[[[20.7906,68.9323],[23.4877,67.8343],[23.9477,65.7967],[25.1036,65.5401],[25.3251,64.8024],[21.0618,62.6117],[21.5602,60.5125],[23.0052,60.2088],[23.2014,59.8185],[28.4318,60.6035],[31.4083,62.792],[30.0149,63.6156],[30.0017,65.7221],[29.0229,66.8874],[29.9461,67.5339],[28.6222,68.1207],[28.6972,68.6955],[29.1133,69.486],[27.9087,69.8877],[26.1177,69.6442],[24.8007,68.429],[22.4598,68.6935],[21.4058,69.2735],[20.7906,68.9323]]]},"properties":{"NAME":"Finland","SUBJECTO":"Finland","PARTOF":"Finland","BORDERPRECISION":3,"LINK":null}},
{"type":"Feature","geometry":{"type":"Polygon","coordinates":[[[11.1789,59.0703],[11.8766,57.3252],[12.8716,56.5115],[12.606,56.0295],[12.8024,55.3529],[13.3019,55.3007],[14.1172,55.3471],[14.6529,56.1206],[15.7705,56.0332],[16.6587,57.443],[16.4429,58.6344],[18.6113,59.3333],[17.5749,59.2141],[16.5232,59.5825],[18.0301,59.3593],[19.0436,59.7124],[17.1885,60.6743],[17.2902,62.4407],[20.7007,63.8181],[21.2773,65.2123],[22.4898,65.8834],[23.9477,65.7967],[23.4877,67.8343],[20.7906,68.9323],[19.8427,68.1641],[18.1795,68.4688],[17.9136,67.8642],[16.8739,67.8366],[16.2205,66.8281],[14.5967,66.0502],[14.0784,64.0322],[12.2992,63.5662],[12.548,60.4339],[11.5633,58.8631],[11.1789,59.0703]]]},"properties":{"NAME":"Sweden","SUBJECTO":"Sweden","PARTOF":"Sweden","BORDERPRECISION":3,"LINK":null}},
{"type":"Feature","geometry":{"type":"Polygon","coordinates":[[[21.1623,55.2214],[21.1373,54.8455],[19.9426,54.8499],[19.9775,54.4239],[22.699,54.4149],[22.5468,55.0566],[21.1623,55.2214]]]},"properties":{"NAME":"East Prussia","SUBJECTO":"East Prussia","PARTOF":"East Prussia","BORDERPRECISION":3,"LINK":null}},
{"type":"Feature","geometry":{"type":"Polygon","coordinates":[[[21.0316,40.7268],[22.9202,41.2307],[22.3264,42.2927],[22.9278,43.0864],[22.3181,43.6815],[22.694,44.2631],[22.6911,44.6387],[21.3675,44.8087],[21.466,45.208],[20.3147,46.1315],[17.7944,45.8067],[16.2596,46.8888],[14.1407,46.4333],[14.5242,45.2664],[16.0594,43.4335],[16.9923,43.3227],[19.3677,41.8464],[19.5577,42.5473],[20.073,42.4859],[21.0316,40.7268]]]},"properties":{"NAME":"Yugoslavia","SUBJECTO":"Yugoslavia","PARTOF":"Yugoslavia","BORDERPRECISION":3,"LINK":null}},
{"type":"Feature","geometry":{"type":"Polygon","coordinates":[[[22.9202,41.2307],[24.4181,41.4762],[25.5337,41.1681],[26.8571,42.0093],[27.918,41.9777],[27.502,42.5163],[28.0346,43.3919],[26.5729,44.2132],[25.3781,43.7806],[22.9444,43.8954],[22.694,44.2631],[22.3181,43.6815],[22.9278,43.0864],[22.3264,42.2927],[22.9202,41.2307]]]},"properties":{"NAME":"Bulgaria","SUBJECTO":"Bulgaria","PARTOF":"Bulgaria","BORDERPRECISION":3,"LINK":null}},
{"type":"Feature","geometry":{"type":"Polygon","coordinates":[[[101.9679,22.5337],[102.9929,20.9396],[103.4779,20.6567],[104.1291,20.9399],[104.7197,19.9719],[104.0048,19.701],[103.8993,19.3131],[107.1075,16.1696],[107.4634,14.9968],[107.3845,12.3541],[108.0247,11.4869],[108.8205,11.2673],[109.3071,12.9063],[108.9178,14.7923],[108.0953,16.2516],[106.6223,17.3284],[105.5326,18.8442],[106.807,20.905],[107.3743,20.8808],[107.8756,21.4621],[106.6734,21.9262],[106.588,22.9288],[105.3134,23.296],[104.4781,22.7832],[101.9679,22.5337]]]},"properties":{"NAME":"Annam","SUBJECTO":"Annam","PARTOF":"Annam","BORDERPRECISION":3,"LINK":null}},
{"type":"Feature","geometry":{"type":"Polygon","coordinates":[[[107.3845,12.3541],[105.8425,11.5827],[106.0271,10.7961],[105.4937,10.8882],[104.3872,10.3144],[104.9785,9.9809],[104.9071,8.475],[106.6563,9.7431],[106.7732,10.6392],[107.412,10.3674],[108.8205,11.2673],[108.0247,11.4869],[107.3845,12.3541]]]},"properties":{"NAME":"Cochin China","SUBJECTO":"Cochin China","PARTOF":"Cochin China","BORDERPRECISION":3,"LINK":null}},
{"type":"Feature","geometry":{"type":"Polygon","coordinates":[[[51.8061,18.9829],[47.5234,17.5156],[45.7757,15.3449],[43.8702,12.6572],[48.7646,14.0977],[49.3338,14.6327],[51.9504,15.5405],[53.0209,16.6538],[51.8061,18.9829]]]},"properties":{"NAME":"Yemen","SUBJECTO":"Yemen","PARTOF":"Yemen","BORDERPRECISION":3,"LINK":null}},
{"type":"Feature","geometry":{"type":"Polygon","coordinates":[[[41.7652,3.825],[41.0231,2.7147],[41.0596,-1.0798],[41.6099,-1.8767],[43.7243,0.8003],[45.5413,1.9671],[47.5564,3.9926],[50.7794,9.3684],[51.1807,11.7774],[50.6973,11.948],[49.6472,11.3294],[48.4425,11.2965],[48.677,8.3905],[47.9025,7.8782],[44.9947,4.8166],[43.5911,4.7956],[41.7652,3.825]]]},"properties":{"NAME":"Italian Somaliland","SUBJECTO":"Italy","PARTOF":"Italian Somaliland","BORDERPRECISION":3,"LINK":null}},
{"type":"Feature","geometry":{"type":"Polygon","coordinates":[[[47.9025,7.8782],[48.677,8.3905],[48.4425,11.2965],[46.6773,10.7003],[45.9094,10.8321],[44.2808,10.3965],[43.2985,11.4756],[42.9276,10.8928],[42.8017,10.3455],[43.856,9.0299],[47.9025,7.8782]]]},"properties":{"NAME":"British Somaliland","SUBJECTO":"United Kingdom of Great Britain and Ireland","PARTOF":"British Somaliland","BORDERPRECISION":3,"LINK":null}},
{"type":"Feature","geometry":{"type":"Polygon","coordinates":[[[-10.377,8.0756],[-9.6217,8.3949],[-9.1574,7.139],[-8.6084,7.5809],[-8.3038,7.4365],[-8.5073,6.4437],[-7.3596,5.605],[-7.5625,4.3512],[-5,5.2383],[-2.7497,5.0956],[-3.1936,6.6023],[-2.5249,8.2781],[-2.8246,10.857],[0.064,11.0648],[0.9251,10.8983],[0.8416,10.4401],[1.314,9.9853],[1.761,6.2532],[2.7668,6.3481],[2.7642,8.8625],[3.1812,9.1128],[3.8306,10.7057],[3.6514,12.1539],[4.1902,13.4792],[6.0015,13.7378],[6.9578,13.0188],[7.936,13.317],[9.4774,12.824],[10.6962,13.3523],[12.252,13.0755],[13.5387,13.6551],[13.4804,14.4048],[15.4886,16.8889],[15.9623,20.3236],[15.2076,21.4187],[14.9677,22.968],[14.1801,22.5694],[11.959,23.4717],[7.5384,20.9164],[5.7755,19.4442],[3.2252,18.9526],[3.0624,19.905],[1.8395,20.1648],[1.0874,21.133],[-3.4936,24.1129],[-8.6292,27.1727],[-8.6884,25.9136],[-11.6427,25.9283],[-11.917,25.5871],[-11.9905,23.4787],[-13.1166,22.7856],[-13.0244,21.2795],[-17.0161,21.3141],[-17.0213,20.7436],[-16.7109,20.8904],[-16.269,20.3639],[-16.4716,19.3657],[-15.9827,18.1784],[-16.6003,15.7495],[-17.4332,14.8072],[-16.4551,13.5711],[-15.2811,13.8081],[-14.0054,13.4247],[-14.584,13.2156],[-15.302,13.5711],[-16.013,13.1389],[-16.7756,13.1453],[-16.5666,12.3098],[-13.6939,12.6234],[-13.7755,11.7457],[-15.0083,11.1017],[-13.6801,9.9156],[-13.1643,8.8508],[-12.2785,9.8666],[-11.29,9.8979],[-10.6817,9.3294],[-10.377,8.0756]]]},"properties":{"NAME":"French West Africa","SUBJECTO":"France","PARTOF":"French West Africa","BORDERPRECISION":3,"LINK":null}},
{"type":"Feature","geometry":{"type":"Polygon","coordinates":[[[27.2437,5.1624],[27.1961,5.6579],[26.4137,6.0473],[25.1881,7.8451],[23.4509,8.7055],[23.5785,9.9075],[22.819,10.9072],[22.261,12.6771],[21.778,12.8013],[22.9098,15.617],[23.9509,15.6994],[23.9497,19.4743],[15.9705,23.3806],[14.9677,22.968],[15.2076,21.4187],[15.9623,20.3236],[15.4886,16.8889],[13.4804,14.4048],[13.5387,13.6551],[14.0334,13.0606],[14.8242,12.417],[15.4498,9.9356],[14.2949,9.9796],[13.9109,9.5515],[15.557,7.5019],[14.4317,6.0206],[14.4535,5.4804],[15.1237,3.6094],[15.8951,2.6923],[16.05,1.6572],[14.3014,2.0853],[11.2381,2.2769],[11.2177,2.0543],[11.2388,0.9102],[9.629,0.8895],[9.3501,0.5352],[9.8833,0.0788],[9.4734,0.116],[8.8152,-0.8958],[9.4653,-1.5934],[9.2432,-1.7718],[9.6564,-2.4191],[11.9997,-5.0041],[12.7043,-4.5286],[13.0172,-4.7682],[13.3146,-4.9254],[14.3341,-4.3027],[14.4439,-4.8869],[15.9936,-3.6699],[16.2521,-1.9902],[17.4547,-0.8453],[17.9603,2.088],[18.6123,4.3229],[19.1245,4.9171],[19.5783,5.0787],[20.5621,4.3409],[22.3381,3.9955],[22.8804,4.7614],[23.3039,4.5352],[25.0974,4.87],[25.4882,5.3108],[26.4438,4.9542],[27.2437,5.1624]]]},"properties":{"NAME":"French Equatorial Africa","SUBJECTO":"France","PARTOF":"French Equatorial Africa","BORDERPRECISION":3,"LINK":null}},
{"type":"Feature","geometry":{"type":"Polygon","coordinates":[[[-8.6412,27.5668],[-13.1236,27.5463],[-14.6712,25.596],[-11.917,25.5871],[-11.6427,25.9283],[-8.6884,25.9136],[-8.6292,27.1727],[-8.6412,27.5668]]]},"properties":{"NAME":"Spanish Sahara","SUBJECTO":"Spanish Sahara","PARTOF":"Spanish Sahara","BORDERPRECISION":3,"LINK":null}},
{"type":"Feature","geometry":{"type":"Polygon","coordinates":[[[-11.917,25.5871],[-14.6712,25.596],[-14.82,24.7329],[-15.714,23.8731],[-17.0161,21.3141],[-13.0244,21.2795],[-13.1166,22.7856],[-11.9905,23.4787],[-11.917,25.5871]]]},"properties":{"NAME":"Rio De Oro","SUBJECTO":"Rio De Oro","PARTOF":"Rio De Oro","BORDERPRECISION":3,"LINK":null}},
{"type":"Feature","geometry":{"type":"Polygon","coordinates":[[[11.7813,-17.336],[12.0795,-18.4914],[14.5327,-22.4962],[15.1369,-26.8291],[16.7883,-29.1389],[18.1786,-31.8053],[18.3087,-32.7075],[17.8676,-32.9944],[18.4591,-33.8321],[18.3463,-34.3472],[18.7242,-34.2193],[19.8838,-34.9923],[20.5148,-34.5334],[22.2621,-34.1675],[23.7429,-34.0755],[24.5922,-34.3598],[26.963,-33.713],[28.9219,-32.2979],[32.2347,-28.7444],[32.849,-26.9789],[32.1633,-27.0094],[31.9004,-27.4561],[31.3312,-27.4085],[30.8118,-26.7501],[31.3616,-25.8185],[32.0134,-26.0818],[31.9776,-24.6449],[31.2784,-22.5569],[29.2334,-22.1873],[26.9631,-23.7711],[26.8149,-24.3569],[25.865,-24.8711],[25.4829,-25.7825],[24.4773,-25.9028],[23.0884,-25.364],[21.8882,-26.7507],[20.6073,-26.9107],[20.649,-25.7533],[19.8428,-24.9441],[19.886,-22.1146],[20.919,-22.0577],[20.95,-18.3955],[23.2863,-18.1147],[23.6596,-18.4495],[25,-17.8122],[24.0596,-17.4998],[23.2292,-17.6637],[20.6129,-18.016],[19.0473,-17.8853],[18.266,-17.4639],[14.0618,-17.4505],[13.2326,-16.9913],[11.7813,-17.336]],[[27.8479,-30.7863],[27.0708,-29.7987],[28.6156,-28.7215],[29.4362,-29.429],[28.9897,-30.1375],[27.8479,-30.7863]]]},"properties":{"NAME":"Union of South Africa","SUBJECTO":"Union of South Africa","PARTOF":"Union of South Africa","BORDERPRECISION":3,"LINK":null}},
{"type":"Feature","geometry":{"type":"Polygon","coordinates":[[[91.6078,27.6415],[92.3673,27.7981],[94.4117,29.1617],[95.309,29.0018],[95.9286,29.3798],[96.4553,28.8815],[96.2546,28.3853],[97.3404,28.1821],[97.603,28.4121],[98.0087,28.0908],[98.2919,28.3784],[98.7069,28.1882],[98.6262,28.9605],[98.9547,28.9605],[98.9251,31.0935],[97.7034,32.5501],[95.5263,31.7356],[95.2757,32.4248],[92.952,32.6962],[90.4195,33.2414],[89.8244,34.1933],[89.8336,34.8991],[89.5663,36.0575],[88.5221,36.5002],[84.0983,35.3556],[82.5869,35.7491],[81.6922,35.2572],[80.4471,35.4245],[79.8372,34.5065],[78.8067,34.1997],[78.6245,33.5042],[79.447,33.2003],[79.5653,32.7018],[78.9705,32.3893],[78.4507,32.5828],[78.8053,31.3477],[79.1088,31.4593],[81.0213,30.2465],[81.264,30.0307],[81.4487,30.4028],[82.1417,30.3656],[86.0357,27.9103],[86.7872,28.1335],[88.1973,27.8758],[88.6683,27.9483],[88.8026,27.181],[89.8634,28.2725],[91.319,28.0143],[91.6078,27.6415]]]},"properties":{"NAME":"Tibet","SUBJECTO":"Tibet","PARTOF":"Tibet","BORDERPRECISION":3,"LINK":null}},
{"type":"Feature","geometry":{"type":"MultiPolygon","coordinates":[[[[96.3387,42.7888],[96.094,41.9971],[94.1511,41.4026],[93.7371,40.6094],[93.0045,40.5853],[92.3993,38.9946],[90.1061,38.4728],[91.3483,37.0883],[90.8068,36.8083],[91.2527,36.1167],[89.5663,36.0575],[89.8336,34.8991],[89.8244,34.1933],[90.4195,33.2414],[92.952,32.6962],[95.2757,32.4248],[95.5263,31.7356],[97.7034,32.5501],[98.9251,31.0935],[98.9547,28.9605],[98.6262,28.9605],[98.7069,28.1882],[98.2919,28.3784],[98.0087,28.0908],[98.216,27.5461],[98.6372,27.4787],[98.7337,26.3432],[97.5241,24.8],[97.5306,23.8921],[98.6988,24.1465],[98.985,23.1513],[99.4689,23.1414],[99.2086,22.1494],[99.7555,22.1272],[100.21,21.5012],[100.8947,21.7211],[101.014,21.4424],[101.7038,21.3194],[101.5544,22.2837],[101.9679,22.5337],[104.4781,22.7832],[105.3134,23.296],[106.588,22.9288],[106.6734,21.9262],[107.8756,21.4621],[108.555,21.8234],[109.1174,21.399],[109.7798,21.483],[109.6029,20.8792],[109.9283,20.2447],[110.4337,20.4363],[110.0772,20.8675],[110.2388,21.2807],[112.7495,21.7561],[113.3777,22.1639],[113.4626,22.7739],[114.5587,22.4649],[116.3406,22.9133],[117.8491,24.0471],[117.9249,24.5617],[118.8129,24.8494],[119.4286,25.6509],[119.4289,26.5908],[120.3518,27.177],[121.0086,28.277],[121.2597,28.1823],[121.6492,29.3197],[121.3619,29.4144],[121.7703,29.8343],[121.0825,30.2138],[119.9437,30.1162],[121.5689,30.7101],[121.2683,31.4523],[121.606,31.8276],[120.6609,32.5431],[120.1494,33.8943],[119.0032,34.9395],[119.9138,36.1434],[120.5048,36.0556],[120.5373,36.3865],[121.6099,36.8342],[122.2556,36.7337],[122.3929,37.3006],[120.6581,37.7365],[118.9546,37.0771],[118.8752,37.9494],[117.8407,38.1639],[117.4395,38.6028],[117.7529,39.2025],[118.9776,39.2241],[119.3365,39.7862],[119.6597,41.0538],[121.3077,42.6359],[121.7692,44.1521],[120.5826,44.4818],[119.8574,44.1521],[119.7147,46.7175],[119.5814,46.6474],[116.6881,46.3989],[115.9081,45.6061],[114.6391,45.4701],[113.7687,44.8658],[111.9593,45.1072],[111.4146,44.5574],[111.8898,43.7378],[110.2532,42.7667],[109.3795,42.4351],[107.3588,42.4112],[105.025,41.5852],[101.736,42.5408],[96.3387,42.7888]]],[[[108.5605,19.0603],[108.6519,18.4824],[109.4297,18.0966],[110.2625,18.6256],[110.8854,19.7068],[110.6174,20.0175],[109.5503,19.9136],[108.5605,19.0603]]]]},"properties":{"NAME":"Chinese Warlords","SUBJECTO":"Chinese Warlords","PARTOF":"Chinese Warlords","BORDERPRECISION":3,"LINK":null}},
{"type":"Feature","geometry":{"type":"Polygon","coordinates":[[[119.7147,46.7175],[119.8574,44.1521],[120.5826,44.4818],[121.7692,44.1521],[121.3077,42.6359],[119.6597,41.0538],[119.3365,39.7862],[121.0106,40.8507],[121.7536,40.737],[122.1079,40.3537],[121.2394,39.5538],[121.6602,39.3315],[121.0653,38.7503],[124.1339,39.8431],[126.4742,41.6515],[127.8615,41.3777],[127.984,42.1076],[129.0345,42.1774],[129.8543,42.9568],[130.2259,42.6513],[131.1396,43.2266],[130.9905,44.8174],[131.7395,45.2593],[132.989,45.1436],[134.7174,47.6942],[134.6284,48.2131],[130.9245,47.7323],[130.3836,48.9642],[127.5159,49.8744],[125.8527,52.9465],[123.3526,53.5103],[120.9171,53.2586],[119.9965,52.7038],[120.7731,52.4763],[120.746,52.0071],[119.1823,50.7017],[119.2912,50.125],[117.645,49.5936],[116.7598,49.9299],[115.717,47.7287],[118.5291,47.9516],[119.7678,46.7455],[119.7147,46.7175]]]},"properties":{"NAME":"Manchuria","SUBJECTO":"Manchuria","PARTOF":"Manchuria","BORDERPRECISION":3,"LINK":null}},
{"type":"Feature","geometry":{"type":"Polygon","coordinates":[[[16.2596,46.8888],[17.7944,45.8067],[20.3147,46.1315],[21.0006,46.2703],[22.0587,47.5564],[23.0289,48.0122],[21.3795,48.5965],[18.8285,47.878],[17.3312,47.9947],[16.4009,47.6465],[16.2596,46.8888]]]},"properties":{"NAME":"Hungary","SUBJECTO":"Hungary","PARTOF":"Hungary","BORDERPRECISION":3,"LINK":null}},
{"type":"Feature","geometry":{"type":"Polygon","coordinates":[[[27.5805,55.7812],[27.2703,51.7261],[27.3384,51.6034],[30.5451,51.2831],[30.9147,52.0392],[31.7613,52.1127],[31.2795,53.0565],[32.6994,53.4041],[30.7618,54.7796],[30.8801,55.5932],[28.1364,56.1404],[27.5805,55.7812]]]},"properties":{"NAME":"White Russia","SUBJECTO":"White Russia","PARTOF":"White Russia","BORDERPRECISION":3,"LINK":null}},
{"type":"Feature","geometry":{"type":"Polygon","coordinates":[[[26.5938,55.6655],[25.7227,54.1316],[23.5721,53.9003],[22.699,54.4149],[19.9775,54.4239],[18.6731,54.2551],[18.2995,54.7163],[17.7161,53.6663],[16.2925,53.1487],[16.3141,52.48],[17.5436,52.0918],[18.1475,51.4015],[18.2679,50.008],[18.5487,49.9617],[19.7822,49.2443],[21.585,49.4996],[22.1964,49.215],[22.5307,49.0108],[23.6374,48.6133],[24.0438,47.9539],[25.5146,49.2106],[26.9894,48.6808],[27.4051,51.4834],[27.3384,51.6034],[27.2703,51.7261],[27.5805,55.7812],[26.5938,55.6655]]]},"properties":{"NAME":"Poland","SUBJECTO":"Poland","PARTOF":"Poland","BORDERPRECISION":3,"LINK":null}},
{"type":"Feature","geometry":{"type":"Polygon","coordinates":[[[22.694,44.2631],[22.9444,43.8954],[25.3781,43.7806],[26.5729,44.2132],[28.0346,43.3919],[28.4457,43.4764],[28.9182,44.7658],[29.579,45.0575],[29.6295,45.7504],[30.4328,46.1757],[29.4267,46.8161],[28.9082,47.8184],[28.4154,48.0822],[27.6478,48.7516],[26.9894,48.6808],[25.5146,49.2106],[24.0438,47.9539],[23.0289,48.0122],[22.0587,47.5564],[21.0006,46.2703],[20.3147,46.1315],[21.466,45.208],[21.3675,44.8087],[22.6911,44.6387],[22.694,44.2631]]]},"properties":{"NAME":"Romania","SUBJECTO":"Romania","PARTOF":"Romania","BORDERPRECISION":3,"LINK":null}},
{"type":"Feature","geometry":{"type":"Polygon","coordinates":[[[17.3312,47.9947],[18.8285,47.878],[21.3795,48.5965],[23.0289,48.0122],[24.0438,47.9539],[23.6374,48.6133],[22.5307,49.0108],[22.1964,49.215],[21.585,49.4996],[19.7822,49.2443],[18.5487,49.9617],[18.2679,50.008],[18.1878,50.0213],[17.0144,50.4768],[16.585,50.1812],[16.3531,50.7049],[14.2617,51.0447],[12.2354,50.2408],[12.5363,49.5626],[13.9467,48.6551],[14.6575,48.6197],[14.9931,48.9678],[16.6692,48.7938],[16.989,48.2406],[17.3312,47.9947]]]},"properties":{"NAME":"Czechoslovakia","SUBJECTO":"Czechoslovakia","PARTOF":"Czechoslovakia","BORDERPRECISION":3,"LINK":null}},
{"type":"Feature","geometry":{"type":"Polygon","coordinates":[[[33.5279,46.1341],[32.5032,45.4451],[33.3979,45.2527],[33.3955,44.6005],[34.0137,44.4921],[36.3671,45.1615],[36.3232,45.4397],[35.0634,45.3401],[33.8391,46.1931],[33.5279,46.1341]]]},"properties":{"NAME":"South Russia","SUBJECTO":"South Russia","PARTOF":"South Russia","BORDERPRECISION":3,"LINK":"https://en.wikipedia.org/wiki/South_Russia_(1919%E2%80%931920)"}},
{"type":"Feature","geometry":{"type":"Polygon","coordinates":[[[40.0981,43.3776],[41.4097,42.7882],[41.484,41.4365],[42.8784,41.5455],[43.4893,41.0747],[45.4354,41.4423],[46.6693,41.0807],[46.5558,41.8785],[45.0312,42.772],[44.0525,42.5592],[42.9569,43.1762],[40.2656,43.5911],[40.0981,43.3776]]]},"properties":{"NAME":"Georgia","SUBJECTO":"USSR","PARTOF":"Georgia","BORDERPRECISION":3,"LINK":null}},
{"type":"Feature","geometry":{"type":"Polygon","coordinates":[[[61.2213,35.5816],[61.014,36.6366],[60.3463,36.6074],[58.9716,37.5992],[57.2255,38.1882],[55.3557,38.0377],[54.0151,37.3483],[53.7997,36.679],[51.417,36.4557],[48.8372,37.511],[48.825,38.3096],[45.4088,39.0277],[45.0632,37.9141],[44.2052,37.8674],[44.7946,37.1318],[45.3881,35.9256],[46.211,35.7838],[45.5062,33.7973],[46.124,32.772],[47.7424,31.9048],[47.6887,30.8821],[48.0335,30.8777],[48.5536,29.9946],[49.2222,30.4775],[49.3214,30.1029],[50.1324,30.0664],[51.3501,28.0361],[53.6339,26.7479],[54.6461,26.3913],[55.4249,26.9631],[56.4309,27.1066],[57.4649,25.7048],[61.57,25.0396],[61.9413,26.1564],[63.1562,26.5508],[63.257,27.1038],[62.8798,27.2541],[62.671,28.2054],[61.6593,28.6568],[60.8205,29.8333],[61.7792,30.9052],[61.6936,31.2666],[60.7938,31.5789],[60.5401,32.9932],[60.8531,33.4838],[60.4192,34.078],[61.2213,35.5816]]]},"properties":{"NAME":"Iran","SUBJECTO":"Iran","PARTOF":"Iran","BORDERPRECISION":3,"LINK":null}},
{"type":"Feature","geometry":{"type":"Polygon","coordinates":[[[41.484,41.4365],[40.361,40.9634],[38.8787,40.9789],[39.3508,39.0715],[40.1968,38.2678],[41.3568,37.8292],[44.2052,37.8674],[45.0632,37.9141],[45.4088,39.0277],[44.4481,39.9599],[43.6845,40.1091],[43.8473,40.75],[43.4893,41.0747],[42.8784,41.5455],[41.484,41.4365]]]},"properties":{"NAME":"Armenia","SUBJECTO":"USSR","PARTOF":"Armenia","BORDERPRECISION":3,"LINK":null}},
{"type":"Feature","geometry":{"type":"Polygon","coordinates":[[[43.4893,41.0747],[43.8473,40.75],[43.6845,40.1091],[44.4481,39.9599],[45.4088,39.0277],[48.825,38.3096],[49.5733,40.1765],[50.4668,40.3254],[49.6052,40.6871],[48.6832,41.8359],[47.8181,41.1977],[46.5558,41.8785],[46.6693,41.0807],[45.4354,41.4423],[43.4893,41.0747]]]},"properties":{"NAME":"Azerbaijan","SUBJECTO":"USSR","PARTOF":"Azerbaijan","BORDERPRECISION":3,"LINK":null}},
{"type":"Feature","geometry":{"type":"Polygon","coordinates":[[[102.6708,12.0377],[103.0396,10.898],[103.5249,11.0578],[103.5249,10.5242],[104.3872,10.3144],[105.4937,10.8882],[106.0271,10.7961],[105.8425,11.5827],[107.3845,12.3541],[107.4634,14.9968],[107.1075,16.1696],[103.8993,19.3131],[104.0048,19.701],[104.7197,19.9719],[104.1291,20.9399],[103.4779,20.6567],[102.9929,20.9396],[101.9679,22.5337],[101.5544,22.2837],[101.7038,21.3194],[101.014,21.4424],[100.0012,20.4587],[100.4306,20.2262],[100.4172,19.5086],[101.1176,19.5],[100.9536,17.4543],[101.8646,18.1074],[102.6615,17.8454],[103.2245,18.4392],[103.8077,18.3474],[105.4732,15.1502],[105.0565,14.2395],[103.7829,14.3781],[102.8484,14.0931],[102.3345,13.2326],[102.6708,12.0377]]]},"properties":{"NAME":"French Indo-China","SUBJECTO":"French Indo-China","PARTOF":"French Indo-China","BORDERPRECISION":3,"LINK":null}},
{"type":"Feature","geometry":{"type":"Polygon","coordinates":[[[6.433,49.4453],[8.1583,48.9783],[7.5066,47.6037],[8.9835,47.6796],[9.1181,47.6785],[9.2161,47.671],[9.6655,47.5562],[10.1029,47.301],[12.3582,47.7243],[12.942,47.4832],[12.6942,48.1294],[13.9467,48.6551],[12.5363,49.5626],[12.2354,50.2408],[14.2617,51.0447],[16.3531,50.7049],[16.585,50.1812],[17.0144,50.4768],[18.1878,50.0213],[18.2679,50.008],[18.1475,51.4015],[17.5436,52.0918],[16.3141,52.48],[16.2925,53.1487],[17.7161,53.6663],[18.2995,54.7163],[14.4729,53.8768],[14.5371,53.5382],[12.9431,54.347],[10.8589,53.8772],[11.0386,54.3133],[9.8648,54.4114],[9.6497,54.8484],[9.6186,54.8735],[9.5453,54.8984],[8.8503,54.8763],[8.5539,54.2754],[9.125,53.7905],[8.5395,53.8007],[8.175,53.3217],[7.9685,53.6375],[7.1656,53.5917],[7.1599,53.164],[6.7136,52.4757],[7.0677,52.2186],[5.9794,51.8035],[5.9996,50.7416],[6.1085,50.1175],[6.433,49.4453]]]},"properties":{"NAME":"Germany","SUBJECTO":"Germany","PARTOF":"Germany","BORDERPRECISION":3,"LINK":null}},
{"type":"Feature","geometry":{"type":"MultiPolygon","coordinates":[[[[27.3489,57.5264],[28.1364,56.1404],[30.8801,55.5932],[30.7618,54.7796],[32.6994,53.4041],[31.2795,53.0565],[31.7613,52.1127],[33.7416,52.3942],[34.3448,51.2381],[35.1087,51.208],[35.6415,50.3234],[37.4107,50.4139],[38.044,49.9112],[40.0947,49.5695],[39.6524,49.0367],[40.0042,48.8658],[39.773,47.8706],[38.808,47.8606],[38.2097,47.1505],[39.2824,47.074],[37.7571,46.6032],[38.459,46.0789],[37.6613,45.3452],[36.9599,45.2274],[40.0981,43.3776],[40.2656,43.5911],[42.9569,43.1762],[44.0525,42.5592],[45.0312,42.772],[46.5558,41.8785],[47.8181,41.1977],[48.6832,41.8359],[47.5653,43.0077],[47.7361,43.8619],[47.5203,43.5113],[46.81,44.5363],[47.6282,45.7322],[48.7702,45.8851],[51.1171,47.063],[53.1852,46.8652],[52.8435,45.5075],[53.2841,45.3276],[51.5127,45.3726],[51.0991,44.878],[51.5757,44.5543],[50.5416,44.6442],[50.3258,44.3655],[50.9552,44.2036],[51.4228,43.1696],[52.7626,42.7559],[52.5593,41.7578],[52.97,41.1382],[53.0657,42.0289],[53.7362,42.1343],[54.8281,40.9849],[53.8416,40.6401],[53.0562,41.052],[52.8263,40.4677],[52.9891,39.9314],[53.6883,39.9792],[53.7937,39.4908],[53.2094,39.4046],[54.0714,38.8969],[54.0151,37.3483],[55.3557,38.0377],[57.2255,38.1882],[58.9716,37.5992],[60.3463,36.6074],[61.014,36.6366],[61.2213,35.5816],[62.6776,35.2655],[63.1166,35.7894],[64.4945,36.2806],[64.826,37.1479],[65.7247,37.4903],[67.5153,37.2138],[67.9654,36.8344],[69.3078,37.0837],[69.567,37.5053],[70.2214,37.528],[70.7188,38.3649],[71.4441,37.834],[71.5245,36.7143],[73.0472,37.3283],[74.7333,37.2094],[75.0102,37.4655],[74.7029,38.5207],[73.712,38.7187],[73.8849,39.8797],[75.43,40.6102],[75.7009,40.3368],[76.4816,40.437],[77.0204,41.1116],[78.1107,41.0728],[80.256,42.0837],[80.2109,42.8081],[80.7721,43.3825],[80.06,45.0378],[82.6019,45.2],[82.4399,45.7355],[83.2517,47.2949],[85.4776,47.0927],[85.7619,48.3614],[86.6243,48.5549],[86.9081,49.1104],[87.8684,49.2329],[89.4621,49.6395],[90,50.3067],[92.1597,50.7553],[94.2105,50.5493],[94.7,50.0268],[97.4228,49.7863],[98.2363,50.2424],[97.9396,51.2269],[98.9176,52.037],[102.1174,51.3611],[102.4496,50.6062],[103.3779,50.2173],[105.1551,50.4433],[104.4637,51.4699],[105.7013,51.8412],[108.3003,53.5739],[109.5379,55.1828],[109.4142,56.5442],[110.2805,57.4106],[111.8894,57.6581],[114.8598,55.8016],[118.4489,55.0591],[130.5777,54.6878],[134.8937,54.7199],[142.8459,59.2725],[145.4041,59.3255],[145.957,58.9829],[146.3074,59.286],[148.4161,59.0974],[149.7296,59.5953],[151.5236,59.3439],[151.3545,58.6911],[154.9059,59.1028],[153.943,59.5688],[156.8252,61.5628],[160.1183,61.7513],[160.1188,60.5636],[162.7488,61.609],[162.9902,62.3261],[165.0672,62.4357],[164.0083,62.1309],[163.3293,60.6949],[161.8179,60.268],[158.3263,58.0268],[156.7769,57.5805],[155.6276,56.2679],[155.7108,53.8049],[156.6964,50.9577],[158.258,52.0171],[158.4614,52.826],[159.8969,53.2406],[160.0274,54.1533],[161.8759,54.5641],[161.5027,55.2874],[162.3176,56.2401],[162.7219,56.3423],[162.7713,55.9166],[163.166,56.1065],[162.5124,57.0335],[163.0784,57.6265],[161.9892,57.7199],[161.8044,58.1017],[163.3887,59.8141],[164.1105,60.0782],[164.5846,59.6647],[166.2034,60.3526],[166.0272,59.7087],[168.6708,60.4546],[170.0601,59.8818],[176.832,62.6764],[178.7377,62.2993],[179.2422,62.5257],[178.0777,63.4291],[178.1473,64.1566],[175.8998,64.5474],[175.9651,64.9037],[178.0044,64.5477],[180,64.9535],[180,65.0519],[180,65.311],[180,65.3816],[180,65.9631],[180,66.9631],[180,67.9631],[180,68.9199],[176.1922,69.7127],[170.4517,70.0192],[170.8328,68.9219],[169.3886,68.7175],[167.3201,69.6586],[166.3092,69.3783],[162.1178,69.5586],[160.8623,69.0831],[158.4087,70.8142],[152.134,70.6644],[148.7109,71.6294],[149.5303,72.0274],[146.9151,72.2019],[144.8013,71.5911],[145.6,72.4262],[141.4084,72.7873],[138.9693,72.2105],[139.8479,72.2356],[139.7445,71.4036],[138.4461,71.6103],[137.6297,71.0754],[135.8606,71.5434],[134.2414,71.2619],[132.5538,71.809],[130.7793,70.6783],[126.1113,72.2804],[128.5249,72.9523],[127.7196,73.4015],[124.2222,73.6969],[122.8824,72.7528],[120.5785,72.8351],[116.6711,73.6192],[114.1867,73.551],[113.547,73.2009],[113.2216,73.7481],[111.7617,73.6578],[110.5513,74.0384],[109.9906,73.44],[105.2788,72.7515],[113.625,75.2727],[113.533,76.0937],[109.6564,76.6913],[106.404,76.4323],[107.1603,76.9491],[104.7046,76.9275],[105.4495,77.4491],[103.9466,77.5922],[99.4672,75.9669],[96.6582,75.8533],[94.6943,76.1836],[87.4875,74.9609],[87.1397,73.6041],[86.1235,73.4511],[86.4921,73.8738],[80.6201,73.4965],[80.9823,72.447],[83.5611,71.6244],[83.3707,70.3373],[82.6755,70.8421],[82.0456,70.4189],[82.8184,71.6463],[81.4253,71.6127],[79.2226,72.2713],[76.3329,71.7197],[78.6085,70.8499],[75.6706,71.1991],[75.0161,72.7188],[74.9212,72.0287],[73.2169,71.4577],[74.2496,70.5729],[73.9145,69.1543],[77.406,68.9356],[77.4832,67.8025],[78.4779,67.4785],[77.0907,67.5277],[77.0398,68.4638],[75.5372,68.7749],[74.505,68.5935],[74.7417,67.6862],[72.2088,66.1735],[69.1726,66.5483],[71.5441,66.7141],[73.3936,68.3824],[71.7976,71.4318],[72.8527,72.6439],[69.3431,72.8343],[66.6702,70.8661],[67.3982,70.5985],[66.8844,69.6231],[69.109,68.8303],[68.3846,68.1793],[65.3554,69.1834],[61.03,69.7406],[60.3692,69.4677],[60.9341,68.8151],[59.7623,68.2974],[58.7704,68.856],[53.6257,68.0477],[53.5024,68.8163],[52.7197,68.3514],[52.2449,68.5446],[48.0807,67.5625],[47.5712,66.8163],[46.4021,66.7186],[44.8712,67.3124],[46.6341,67.7005],[45.8634,68.3833],[43.8532,68.4692],[44.0294,66.0112],[42.2108,66.41],[39.9513,65.5812],[40.3222,64.4629],[36.8839,65.0677],[36.9967,64.4066],[38.0539,64.1293],[37.4105,63.7495],[34.8846,64.3668],[34.5437,66.0008],[32.2194,66.9937],[35.7717,66.2589],[38.7821,66.0015],[40.8364,66.5614],[40.9734,67.5344],[35.4366,69.1504],[33.3156,69.0713],[32.0716,69.8835],[31.0538,69.6396],[28.6972,68.6955],[28.6222,68.1207],[29.9461,67.5339],[29.0229,66.8874],[30.0017,65.7221],[30.0149,63.6156],[31.4083,62.792],[28.4318,60.6035],[28.5694,60.1984],[30.1266,59.806],[29.0761,59.9078],[28.0131,59.4582],[27.3489,57.5264]]],[[[70.7347,73.108],[71.6767,73.1769],[70.9305,73.5161],[69.8664,73.0328],[70.7347,73.108]]],[[[48.5761,68.733],[50.3289,69.1175],[49.2442,69.5056],[48.2892,69.2539],[48.5761,68.733]]],[[[60.6125,80.4383],[62.0461,80.8786],[59.5481,80.7983],[60.6125,80.4383]]],[[[48.4972,80.6369],[47.5019,80.8555],[44.8575,80.6164],[48.4972,80.6369]]],[[[50.3433,80.7111],[50.8461,80.9169],[46.6378,80.3055],[47.6161,80.0705],[51.7469,80.7122],[50.3433,80.7111]]],[[[58.0928,80.2436],[59.1986,80.3711],[56.965,80.4792],[58.0928,80.2436]]],[[[60.2542,69.6886],[59.0189,70.4775],[58.6214,70.0375],[60.2542,69.6886]]],[[[56.0492,81.0394],[54.4183,81.0061],[57.1633,80.6944],[56.0492,81.0394]]],[[[64.7867,80.7864],[64.6628,81.1972],[62.5092,80.8069],[64.7867,80.7864]]],[[[-178.32,71.5153],[-180,71.5358],[-180,70.9972],[-177.6339,71.1122],[-178.32,71.5153]]],[[[147.3463,75.3497],[146.415,75.5861],[146.0808,75.2147],[148.2561,74.7892],[150.6297,74.8897],[150.8736,75.1569],[147.3463,75.3497]]],[[[97.9694,80.7155],[95.1222,81.2708],[91.4214,80.3078],[93.7531,79.9958],[97.1589,80.2336],[97.9694,80.7155]]],[[[-175.1005,66.765],[-175.514,67.6688],[-180,68.9169],[-180,67.9631],[-180,66.9631],[-180,65.9631],[-180,65.3816],[-180,65.311],[-180,65.2592],[-178.9751,66.0514],[-178.6535,65.5399],[-176.5285,65.6096],[-175.3009,64.7257],[-173.077,64.384],[-173.2504,64.8955],[-172.4112,65.1727],[-173.0431,65.8062],[-171.2003,65.5612],[-171.6686,65.8892],[-170.9762,65.6784],[-169.8324,66.0246],[-171.958,66.9557],[-174.3366,67.077],[-174.1933,66.288],[-175.1005,66.765]]],[[[56.2716,72.8572],[55.8162,73.3073],[53.5023,73.1366],[51.4821,71.8447],[51.8149,71.4798],[54.3535,71.198],[53.7286,70.7651],[54.9983,70.5217],[57.2378,70.691],[55.7207,71.6424],[56.2716,72.8572]]],[[[55.1879,74.1035],[54.4787,73.5194],[56.9604,73.3571],[58.8506,74.6894],[67.7225,76.1745],[68.6683,76.8678],[59.0176,75.7989],[55.1879,74.1035]]],[[[102.693,79.0341],[102.3647,79.4297],[99.4917,77.9425],[104.8192,78.3414],[105.1681,78.8091],[102.693,79.0341]]],[[[97.193,79.7022],[97.5341,80.1697],[92.8508,79.5539],[95.0078,79.0403],[99.4261,78.8219],[100.0153,79.8242],[98.5286,80.0525],[97.193,79.7022]]],[[[142.4702,73.8478],[139.6766,73.3655],[143.5058,73.2303],[142.4702,73.8478]]],[[[179.9575,70.9922],[180,70.9972],[180,71.5359],[179.9816,71.5361],[178.6177,71.0355],[178.791,70.7964],[179.9575,70.9922]]],[[[139.3402,76.0503],[138.2183,76.1319],[136.9586,75.6042],[138.1392,74.7778],[143.6444,74.9236],[142.6125,75.0997],[142.1552,75.3755],[142.6667,75.7275],[142.9036,75.1339],[144.3972,75.0558],[145.2003,75.5972],[141.3319,76.1805],[140.6472,75.6219],[139.3402,76.0503]]]]},"properties":{"NAME":"USSR","SUBJECTO":"USSR","PARTOF":"USSR","BORDERPRECISION":3,"LINK":null}},
{"type":"Feature","geometry":{"type":"Polygon","coordinates":[[[116.7598,49.9299],[117.645,49.5936],[119.2912,50.125],[119.1823,50.7017],[120.746,52.0071],[120.7731,52.4763],[119.9965,52.7038],[120.9171,53.2586],[123.3526,53.5103],[125.8527,52.9465],[127.5159,49.8744],[130.3836,48.9642],[130.9245,47.7323],[134.6284,48.2131],[134.7174,47.6942],[132.989,45.1436],[131.7395,45.2593],[130.9905,44.8174],[131.1396,43.2266],[130.2259,42.6513],[130.4351,42.2768],[131.8652,43.2904],[131.6746,43.0266],[132.1818,43.1946],[132.9528,42.6695],[134.5686,43.2122],[137.7205,45.9967],[140.081,48.5026],[140.4045,50.8274],[141.2571,52.1035],[141.1212,53.0516],[139.378,54.0804],[138.4168,54.0919],[137.9794,53.4646],[137.0713,53.4895],[137.3829,53.8098],[136.3507,53.7012],[136.4916,54.4555],[135.0945,54.4328],[134.8937,54.7199],[130.5777,54.6878],[118.4489,55.0591],[114.8598,55.8016],[111.8894,57.6581],[109.4142,56.5442],[109.5379,55.1828],[108.3003,53.5739],[105.7013,51.8412],[104.4637,51.4699],[105.1551,50.4433],[110.1999,49.241],[112.5245,49.462],[114.0983,50.2743],[116.7598,49.9299]]]},"properties":{"NAME":"Far Eastern SSR","SUBJECTO":"Far Eastern SSR","PARTOF":"Far Eastern SSR","BORDERPRECISION":3,"LINK":null}},
{"type":"Feature","geometry":{"type":"Polygon","coordinates":[[[-61.6867,17.0244],[-61.7944,17.1633],[-61.8872,17.1053],[-61.6867,17.0244]]]},"properties":{"NAME":"Antigua and Barbuda","SUBJECTO":"Antigua and Barbuda","PARTOF":"Antigua and Barbuda","BORDERPRECISION":3,"LINK":null}},
{"type":"Feature","geometry":{"type":"Polygon","coordinates":[[[87.8684,49.2329],[86.9081,49.1104],[86.6243,48.5549],[85.7619,48.3614],[85.4776,47.0927],[83.2517,47.2949],[82.4399,45.7355],[82.6019,45.2],[80.06,45.0378],[80.7721,43.3825],[80.2109,42.8081],[80.256,42.0837],[78.1107,41.0728],[77.0204,41.1116],[76.4816,40.437],[75.7009,40.3368],[75.43,40.6102],[73.8849,39.8797],[73.712,38.7187],[74.7029,38.5207],[75.0102,37.4655],[74.7333,37.2094],[74.5205,37.0046],[75.6278,36.769],[76.0923,35.7984],[77.8462,35.4748],[78.1443,34.5475],[78.8067,34.1997],[79.8372,34.5065],[80.4471,35.4245],[81.6922,35.2572],[82.5869,35.7491],[84.0983,35.3556],[88.5221,36.5002],[89.5663,36.0575],[91.2527,36.1167],[90.8068,36.8083],[91.3483,37.0883],[90.1061,38.4728],[92.3993,38.9946],[93.0045,40.5853],[93.7371,40.6094],[94.1511,41.4026],[96.094,41.9971],[96.3387,42.7888],[95.244,44.277],[93.058,45.0436],[90,45.3285],[90,46.0143],[91.1583,46.5527],[90,46.8498],[90,47.8447],[88.2299,48.5374],[87.8684,49.2329]]]},"properties":{"NAME":"Xinjiang","SUBJECTO":"Xinjiang","PARTOF":"Xinjiang","BORDERPRECISION":3,"LINK":null}},
{"type":"Feature","geometry":{"type":"Polygon","coordinates":[[[-59.5331,13.0506],[-59.4292,13.165],[-59.6311,13.335],[-59.5331,13.0506]]]},"properties":{"NAME":"Barbados","SUBJECTO":"Barbados","PARTOF":"Barbados","BORDERPRECISION":3,"LINK":null}},
{"type":"Feature","geometry":{"type":"Polygon","coordinates":[[[-61.3636,15.1981],[-61.2533,15.4614],[-61.4522,15.6319],[-61.3636,15.1981]]]},"properties":{"NAME":"Dominica","SUBJECTO":"Dominica","PARTOF":"Dominica","BORDERPRECISION":3,"LINK":null}},
{"type":"Feature","geometry":{"type":"Polygon","coordinates":[[[-61.7469,11.9975],[-61.6286,12.0481],[-61.6119,12.2311],[-61.7469,11.9975]]]},"properties":{"NAME":"Grenada","SUBJECTO":"Grenada","PARTOF":"Grenada","BORDERPRECISION":3,"LINK":null}},
{"type":"Feature","geometry":{"type":"Polygon","coordinates":[[[-60.8608,14.4028],[-60.9408,14.7408],[-61.1747,14.8769],[-60.8608,14.4028]]]},"properties":{"NAME":"Martinique","SUBJECTO":"Martinique","PARTOF":"Martinique","BORDERPRECISION":3,"LINK":null}},
{"type":"Feature","geometry":{"type":"Polygon","coordinates":[[[-62.1714,16.6714],[-62.2019,16.8136],[-62.2367,16.7119],[-62.1714,16.6714]]]},"properties":{"NAME":"Montserrat","SUBJECTO":"Montserrat","PARTOF":"Montserrat","BORDERPRECISION":3,"LINK":null}},
{"type":"Feature","geometry":{"type":"Polygon","coordinates":[[[-63.1678,18.1644],[-62.9931,18.2272],[-62.9725,18.2767],[-63.1678,18.1644]]]},"properties":{"NAME":"Anguilla","SUBJECTO":"Anguilla","PARTOF":"Anguilla","BORDERPRECISION":3,"LINK":null}},
{"type":"Feature","geometry":{"type":"Polygon","coordinates":[[[-62.7017,17.3369],[-62.8639,17.3708],[-62.6253,17.2208],[-62.7017,17.3369]]]},"properties":{"NAME":"Saint Kitts and Nevis","SUBJECTO":"Saint Kitts and Nevis","PARTOF":"Saint Kitts and Nevis","BORDERPRECISION":3,"LINK":null}},
{"type":"Feature","geometry":{"type":"Polygon","coordinates":[[[-60.9547,13.7094],[-60.9303,14.1094],[-61.0794,13.88],[-60.9547,13.7094]]]},"properties":{"NAME":"Saint Lucia","SUBJECTO":"Saint Lucia","PARTOF":"Saint Lucia","BORDERPRECISION":3,"LINK":null}},
{"type":"Feature","geometry":{"type":"Polygon","coordinates":[[[-61.1731,13.1325],[-61.1772,13.3842],[-61.2814,13.2078],[-61.1731,13.1325]]]},"properties":{"NAME":"Saint Vincent and the Grenadines","SUBJECTO":"Saint Vincent and the Grenadines","PARTOF":"Saint Vincent and the Grenadines","BORDERPRECISION":3,"LINK":null}},
{"type":"Feature","geometry":{"type":"Polygon","coordinates":[[[-64.7619,17.7742],[-64.8961,17.6767],[-64.5603,17.7483],[-64.7619,17.7742]]]},"properties":{"NAME":"United States Virgin Islands","SUBJECTO":"United States Virgin Islands","PARTOF":"United States Virgin Islands","BORDERPRECISION":3,"LINK":null}},
{"type":"Feature","geometry":{"type":"Polygon","coordinates":[[[-61.3461,16.3342],[-61.7836,16.3331],[-61.695,15.9492],[-61.3461,16.3342]]]},"properties":{"NAME":"Guadeloupe","SUBJECTO":"Guadeloupe","PARTOF":"Guadeloupe","BORDERPRECISION":3,"LINK":null}},
{"type":"Feature","geometry":{"type":"Polygon","coordinates":[[[-68.9656,12.1989],[-69.1636,12.3664],[-69.0625,12.1883],[-68.7469,12.0403],[-68.9656,12.1989]]]},"properties":{"NAME":"Netherlands Antilles","SUBJECTO":"Netherlands Antilles","PARTOF":"Netherlands Antilles","BORDERPRECISION":3,"LINK":null}},
{"type":"Feature","geometry":{"type":"Polygon","coordinates":[[[-63.0115,18.0673],[-63.0392,18.1219],[-63.1398,18.0586],[-63.0115,18.0673]]]},"properties":{"NAME":"Saint Martin","SUBJECTO":"Saint Martin","PARTOF":"Saint Martin","BORDERPRECISION":3,"LINK":null}},
{"type":"Feature","geometry":{"type":"Polygon","coordinates":[[[-63.1398,18.0586],[-63.0283,18.0156],[-63.0115,18.0673],[-63.1398,18.0586]]]},"properties":{"NAME":"Saint Barthelemy","SUBJECTO":"Saint Barthelemy","PARTOF":"Saint Barthelemy","BORDERPRECISION":3,"LINK":null}},
{"type":"Feature","geometry":{"type":"MultiPolygon","coordinates":[[[[6.9553,45.9389],[6.6745,45.8033],[7.1191,45.4305],[6.5073,45.1157],[7.5528,43.8675],[8.6717,44.4174],[9.6919,44.2196],[11.1048,42.5491],[14.3341,40.5936],[14.7433,40.7048],[14.8987,40.2415],[15.6662,40.0919],[16.2122,38.778],[15.6275,38.0042],[16.0529,37.9312],[16.6133,38.8273],[17.1807,39.0222],[16.5321,39.6975],[16.9487,40.4811],[18.3649,39.7467],[18.5226,40.0941],[15.991,41.4061],[16.1874,41.8409],[14.7385,42.0472],[13.6009,43.5348],[12.3451,44.301],[12.2797,45.4023],[13.6732,45.7145],[13.8951,44.7592],[14.5242,45.2664],[14.1407,46.4333],[12.3619,46.7085],[12.0643,47.091],[10.3957,46.8874],[9.9945,46.2525],[9.2101,46.4981],[8.8907,45.8662],[8.3745,46.4708],[7.7899,45.927],[6.9553,45.9389]]],[[[8.6961,38.9958],[9.6483,39.4572],[9.7937,40.5637],[9.3062,41.1844],[8.1595,40.7847],[8.6961,38.9958]]],[[[14.622,36.7761],[15.3013,37.0579],[15.3867,38.2055],[12.5166,37.9192],[12.6369,37.5815],[14.622,36.7761]]]]},"properties":{"NAME":"Italy","SUBJECTO":"Italy","PARTOF":"Italy","BORDERPRECISION":3,"LINK":null}},
{"type":"Feature","geometry":{"type":"Polygon","coordinates":[[[-74.2312,40.5419],[-74.2124,40.5144],[-74.145,40.5389],[-74.1233,40.5497],[-74.0575,40.5997],[-74.0739,40.6492],[-74.1817,40.6375],[-74.2311,40.5422],[-74.2312,40.5419]]]},"properties":{"NAME":"United States","SUBJECTO":"United States","PARTOF":"United States","BORDERPRECISION":3,"LINK":null}},
{"type":"Feature","geometry":{"type":"MultiPolygon","coordinates":[[[[-97.26,25.8114],[-97.638,26.8469],[-97.2666,27.6743],[-97.5678,27.9089],[-96.6845,28.2477],[-96.7166,28.7118],[-95.6028,28.7987],[-94.8446,29.3463],[-95.007,29.7582],[-92.1167,29.5416],[-91.951,29.832],[-91.2404,29.3209],[-90,29.1087],[-90,29.5014],[-89.2715,29.058],[-89.0315,29.119],[-89.677,29.5912],[-89.38,29.8734],[-90,30.0387],[-90,30.39],[-88.1418,30.328],[-88.0346,30.6794],[-87.7746,30.2628],[-86.3887,30.4727],[-85.3048,29.6639],[-83.8862,30.0483],[-82.647,28.9065],[-82.8413,27.838],[-82.4293,27.8261],[-82.7527,27.5276],[-81.7447,25.9207],[-81.0979,25.125],[-80.4908,24.9959],[-80.0779,26.9231],[-81.4054,30.0726],[-81.182,31.6404],[-78.8989,33.702],[-76.3058,34.9788],[-76.9535,35.0291],[-76.4843,35.3341],[-77.0533,35.58],[-76.141,35.3845],[-75.7292,35.8821],[-76.0321,35.6925],[-76.0677,36.048],[-76.7269,35.9918],[-76.7098,36.3533],[-76.587,36.0658],[-76.1862,36.3681],[-75.7933,36.1369],[-75.9575,36.7682],[-75.5221,35.8584],[-75.9746,36.9372],[-76.9419,37.2864],[-76.2831,37.0558],[-76.7868,37.5629],[-76.3841,37.3316],[-76.2843,37.6252],[-76.5661,37.7023],[-76.885,38.0672],[-76.4162,37.7053],[-76.2152,37.9426],[-77.2401,38.3847],[-77.2464,38.6993],[-76.324,38.1088],[-76.5866,39.3109],[-75.9401,39.6464],[-76.3535,38.7349],[-75.64,38.0049],[-75.8566,37.2248],[-75.0421,38.4975],[-75.6238,39.6732],[-75.3395,39.893],[-75.5491,39.6672],[-74.8601,38.9902],[-74.1528,39.7652],[-73.9457,40.4468],[-74.1945,40.4885],[-74.2124,40.5144],[-74.2312,40.5419],[-74.2929,40.6316],[-73.89,41.1744],[-73.993,40.7807],[-71.4492,41.4251],[-71.373,41.8371],[-71.1732,41.5265],[-69.922,41.7236],[-70.1378,42.1359],[-70.3021,41.7594],[-71.0544,42.357],[-70.5363,43.4042],[-69.2489,43.9914],[-68.7817,44.6272],[-68.5043,44.2972],[-67.1689,44.7112],[-67.1868,45.2523],[-67.7769,47.1645],[-69.0491,47.4644],[-70.5894,45.2946],[-71.2929,45.3232],[-71.5346,44.9586],[-74.7824,45.0122],[-76.1329,44.3267],[-76.2092,43.5647],[-76.9375,43.237],[-79.14,43.2221],[-79.0502,42.8523],[-81.8108,41.4948],[-83.0273,41.4439],[-82.748,41.5337],[-83.4499,41.7539],[-83.056,42.027],[-82.2978,43.0287],[-82.8356,44.0345],[-83.8745,43.6845],[-83.2605,45.0238],[-84.7468,45.8544],[-83.8207,46.1504],[-84.7436,46.4684],[-85.1002,46.7487],[-86.7345,46.4411],[-88.4838,46.81],[-87.8812,47.4617],[-90.2766,46.625],[-90.8844,46.604],[-90.8318,46.944],[-92.2655,46.6505],[-89.622,47.9684],[-90,48.2485],[-92.5561,48.2215],[-94.0877,48.7775],[-94.8273,49.4876],[-94.8198,49.0507],[-98.2009,49.0488],[-108.0673,49.0615],[-115.1646,49.0562],[-122.9003,49.0672],[-122.3453,48.0767],[-122.7483,47.2622],[-123.1834,47.4883],[-123.072,48.1667],[-124.7334,48.3269],[-124.249,47.0189],[-123.9053,47.0421],[-124.1586,46.3505],[-123.7871,46.2985],[-124.1373,43.666],[-124.6297,43.014],[-124.1526,41.5802],[-124.3648,40.3343],[-123.7963,39.0304],[-122.7586,37.9568],[-122.4898,38.1645],[-122.1192,37.5359],[-122.5521,37.843],[-122.4941,37.3008],[-120.6773,35.1893],[-120.6879,34.6217],[-118.6044,34.0964],[-117.4967,33.3254],[-117.1737,32.5206],[-114.8841,32.6357],[-111.0889,31.3067],[-108.371,31.2776],[-108.2321,31.7243],[-106.5445,31.7021],[-105.1263,30.6146],[-104.5743,29.5797],[-103.586,29.0569],[-103.0221,29.092],[-102.2372,29.7778],[-101.1966,29.4909],[-99.1,26.4088],[-97.26,25.8114]],[[-87.7832,42.2036],[-87.3433,44.8177],[-87.9435,44.5646],[-87.8762,44.8782],[-86.9952,45.8638],[-86.6402,45.6198],[-84.9484,45.9678],[-84.9519,45.4082],[-85.5384,44.7515],[-85.5434,45.2118],[-86.072,44.8652],[-86.4534,44.1299],[-86.5178,42.0351],[-87.3751,41.6344],[-87.7832,42.2036]]],[[[-141.0593,69.5955],[-143.3076,70.1968],[-151.915,70.4958],[-152.9712,70.934],[-156.138,70.9281],[-156.9047,71.3459],[-157.8119,70.9714],[-160.2403,70.8585],[-159.9047,70.4269],[-162.1772,70.2842],[-164.0672,69.0647],[-166.2968,68.8796],[-166.8435,68.4052],[-163.7387,67.2183],[-160.0323,66.5676],[-162.7585,66.0628],[-164.4631,66.5962],[-168.1798,65.6939],[-165.6633,65.2465],[-166.6038,65.1501],[-166.3477,64.6371],[-163.0252,64.4417],[-161.2906,64.9641],[-160.7897,64.6403],[-161.361,64.5096],[-161.133,63.5628],[-163.3086,63.0377],[-164.2918,63.2498],[-166.1895,61.7489],[-165.8981,61.2703],[-163.52,60.7063],[-164.8447,60.8159],[-165.0476,60.4165],[-164.0274,59.7982],[-162.3781,60.1631],[-161.9382,58.7233],[-160.4305,59.0022],[-158.9327,58.4328],[-158.6362,58.971],[-157.1394,58.8558],[-158.6173,56.7481],[-159.7759,56.5823],[-160.6074,55.9619],[-159.0769,55.992],[-154.6493,58.0765],[-153.4886,58.7945],[-154.2982,59.1174],[-153.976,59.5192],[-150.3112,61.3139],[-149.3169,60.9294],[-151.1596,60.6597],[-151.881,59.1635],[-149.5812,59.9852],[-148.4935,59.904],[-148.8397,60.5451],[-147.9401,61.2059],[-144.4064,60.0926],[-139.5726,59.9],[-139.7851,59.5184],[-137.085,58.4468],[-136.3561,58.5239],[-136.9388,58.9432],[-135.3003,58.3745],[-135.3086,59.347],[-132.101,56.3494],[-132.2556,55.85],[-131.1905,56.0348],[-130.5457,54.9097],[-130.0027,55.2885],[-130.1064,55.9926],[-131.7249,56.6052],[-135.2577,59.6703],[-137.2233,58.8822],[-139.0051,60.2584],[-140.807,60.263],[-141.0593,69.5955]]],[[[-72.285,41.1158],[-74.0325,40.6258],[-73.5828,40.5961],[-71.8561,41.0692],[-72.6211,40.913],[-72.285,41.1158]]],[[[-153.4921,57.0513],[-152.3783,57.5184],[-152.6795,57.7645],[-154.5852,57.3637],[-154.1601,56.9817],[-153.4921,57.0513]]],[[[-162.5897,55.2534],[-160.3557,55.6571],[-161.6089,55.8446],[-162.5897,55.2534]]],[[[-163.5727,54.6315],[-163.2064,54.7372],[-163.7428,55.0619],[-165.0097,54.528],[-164.5645,54.3341],[-163.5727,54.6315]]],[[[-167.1484,53.9402],[-166.9272,53.4589],[-166.3835,53.8546],[-167.1484,53.9402]]],[[[-168.3743,53.2353],[-167.8654,53.3234],[-168.2235,53.59],[-168.3743,53.2353]]],[[[-156.0542,19.5035],[-155.7828,18.9455],[-154.92,19.5552],[-155.9313,20.2837],[-156.0542,19.5035]]],[[[-170.9664,63.4586],[-169.9031,63.0752],[-169.1192,63.2407],[-171.9716,63.7285],[-170.9664,63.4586]]],[[[-135.147,57.5992],[-135.3249,58.0927],[-136.4182,58.1112],[-135.8164,57.4542],[-135.8217,57.7555],[-135.147,57.5992]]],[[[-134.8028,56.671],[-135.4412,57.4275],[-134.9457,56.4535],[-134.8028,56.671]]],[[[-133.271,55.621],[-132.1738,54.8463],[-132.6333,55.9001],[-133.4856,56.2583],[-133.271,55.621]]],[[[-158.0218,21.2377],[-158.1791,21.6891],[-158.4663,21.5706],[-158.0218,21.2377]]],[[[-156.615,20.7952],[-156.1209,20.7126],[-156.78,21.0432],[-156.615,20.7952]]]]},"properties":{"NAME":"United States","SUBJECTO":"United States","PARTOF":"United States","BORDERPRECISION":3,"LINK":null}},
{"type":"Feature","geometry":{"type":"MultiPolygon","coordinates":[[[[-57.0056,51.4867],[-55.659,52.1873],[-56.1097,52.6052],[-55.7798,53.2387],[-56.6493,53.6576],[-57.1308,53.483],[-57.5611,54.1307],[-60.246,53.2768],[-59.9915,53.8049],[-57.4329,54.5799],[-60.5745,55.071],[-60.4683,55.659],[-62.3264,56.7685],[-61.3353,56.8113],[-62.186,57.4372],[-61.8881,57.725],[-64.4247,60.0444],[-63.755,54.7568],[-67.4416,54.7852],[-66.7534,52.6626],[-64.5414,51.5761],[-63.8533,52.3635],[-63.4109,51.9109],[-56.9716,51.9412],[-57.0056,51.4867]]],[[[-55.5565,51.3257],[-55.5608,51.5574],[-56.3755,51.3836],[-57.3556,50.5952],[-58.1277,49.4956],[-57.8142,49.2015],[-58.6805,48.7026],[-58.1395,48.5991],[-59.2217,47.7547],[-54.7826,47.7112],[-55.9039,47.064],[-55.4079,46.9479],[-54.2114,47.8036],[-54.0824,46.9895],[-53.6437,47.1792],[-53.0696,46.7313],[-52.7352,47.5457],[-53.8817,48.1893],[-53.1239,48.5958],[-54.1296,48.8357],[-53.5091,49.2819],[-54.4811,49.5027],[-55.1073,49.2788],[-55.9684,49.6571],[-55.5654,49.9661],[-56.0671,50.1033],[-56.7326,49.6884],[-55.5565,51.3257]]]]},"properties":{"NAME":"Dominion of Newfoundland","SUBJECTO":"United Kingdom of Great Britain and Ireland","PARTOF":"United Kingdom of Great Britain and Ireland","BORDERPRECISION":3,"LINK":null}},
{"type":"Feature","geometry":{"type":"Polygon","coordinates":[[[88.8026,27.181],[88.6683,27.9483],[88.1973,27.8758],[88.0922,26.4445],[87.3493,26.385],[85.3714,26.757],[84.1361,27.5382],[82.8118,27.5382],[80.1159,28.8403],[80.4129,29.7852],[81.0213,30.2465],[79.1088,31.4593],[78.8053,31.3477],[78.4507,32.5828],[78.9705,32.3893],[79.5653,32.7018],[79.447,33.2003],[78.6245,33.5042],[78.8067,34.1997],[78.1443,34.5475],[77.8462,35.4748],[76.0923,35.7984],[75.6278,36.769],[74.5205,37.0046],[71.6495,36.3336],[71.3248,36.0516],[71.6589,35.1251],[71.0967,34.6204],[71.1535,34.1384],[69.87,33.9408],[70.2892,33.2831],[69.5079,32.9486],[69.2064,31.798],[66.9208,31.2074],[66.0906,29.7361],[62.9464,29.3563],[60.8205,29.8333],[61.6593,28.6568],[62.671,28.2054],[62.8798,27.2541],[63.257,27.1038],[63.1562,26.5508],[61.9413,26.1564],[61.57,25.0396],[66.4323,25.4886],[67.3159,24.0929],[68.7908,23.0287],[70.3806,22.8606],[69.9685,22.3515],[68.8942,22.2857],[70.8551,20.6508],[72.1209,21.1553],[72.233,22.0196],[72.6956,22.1285],[72.7657,21.1504],[73.1129,20.8271],[72.8534,19.2447],[73.5727,16.0379],[76.7035,8.7064],[77.3414,8.0533],[78.0649,8.3853],[78.3138,8.9958],[79.1596,9.2772],[78.9266,9.4927],[79.2225,10.1922],[79.7899,10.2506],[79.7107,11.4449],[80.3135,13.1045],[80.0759,13.6694],[80.3002,15.6457],[82.0814,16.4627],[82.354,17.0859],[85.1132,19.4423],[86.6324,20.2036],[86.9372,21.2884],[88.053,21.9387],[88.2996,21.5518],[88.5676,21.8954],[88.8809,21.5149],[89.4566,21.9417],[89.6702,21.7198],[90,22.561],[91.4102,22.7208],[92.1763,20.8866],[93.416,19.9428],[93.815,19.2576],[93.4579,19.1742],[93.839,18.9527],[93.9656,19.1944],[94.2474,18.5788],[94.4649,17.2643],[94.1444,16.0057],[94.8193,16.2105],[94.828,15.842],[95.2202,16.0017],[95.3298,15.6779],[96.6629,16.6972],[96.7704,17.3327],[97.5732,16.4451],[97.823,14.616],[98.5968,12.7372],[98.5902,11.6952],[98.8674,11.645],[98.3979,10.5639],[98.5932,10.1205],[99.5811,11.8887],[99.003,13.8862],[98.137,15.1896],[98.5798,15.4716],[98.4756,16.0045],[98.8236,16.3177],[97.3735,18.4494],[97.7111,18.5085],[98.0157,19.7486],[98.9933,19.8622],[100.0012,20.4587],[101.014,21.4424],[100.8947,21.7211],[100.21,21.5012],[99.7555,22.1272],[99.2086,22.1494],[99.4689,23.1414],[98.985,23.1513],[98.6988,24.1465],[97.5306,23.8921],[97.5241,24.8],[98.7337,26.3432],[98.6372,27.4787],[98.216,27.5461],[98.0087,28.0908],[97.603,28.4121],[97.3404,28.1821],[96.2546,28.3853],[96.4553,28.8815],[95.9286,29.3798],[95.309,29.0018],[94.4117,29.1617],[92.3673,27.7981],[91.6078,27.6415],[91.9089,26.8053],[89.8344,26.6854],[88.8026,27.181]]]},"properties":{"NAME":"British Raj","SUBJECTO":"United Kingdom","PARTOF":"British Raj","BORDERPRECISION":3,"LINK":null}},
{"type":"Feature","geometry":{"type":"Polygon","coordinates":[[[35.688,32.7106],[36.8357,32.2714],[38.7753,33.1659],[41.1191,34.4266],[41.293,36.1954],[42.53,37.202],[43.8793,37.2967],[44.343,36.9072],[44.7946,37.1318],[44.2052,37.8674],[41.3568,37.8292],[40.1968,38.2678],[39.3508,39.0715],[36.9339,38.7254],[36.7398,38.3294],[35.9617,36.7426],[35.6073,35.4175],[35.8731,34.4223],[34.972,32.9384],[35.473,33.119],[35.688,32.7106]]]},"properties":{"NAME":"Syria (France)","SUBJECTO":"France","PARTOF":"Syria (France)","BORDERPRECISION":3,"LINK":null}},
{"type":"Feature","geometry":{"type":"Polygon","coordinates":[[[34.9847,29.4672],[35.0721,29.2114],[36.077,29.0691],[36.6565,29.6069],[37.943,30.3693],[37.113,31.3618],[39.3265,32.1365],[43.5399,30.2932],[43.6216,29.468],[44.6879,29.0295],[47.204,28.8616],[47.6721,28.4432],[48.4435,28.4402],[48.1291,29.2682],[47.614,29.2722],[47.9572,29.9476],[48.5536,29.9946],[48.0335,30.8777],[47.6887,30.8821],[47.7424,31.9048],[46.124,32.772],[45.5062,33.7973],[46.211,35.7838],[45.3881,35.9256],[44.7946,37.1318],[44.343,36.9072],[43.8793,37.2967],[42.53,37.202],[41.293,36.1954],[41.1191,34.4266],[38.7753,33.1659],[36.8357,32.2714],[35.688,32.7106],[34.9847,29.4672]]]},"properties":{"NAME":"Mesopotamia (GB)","SUBJECTO":"United Kingdom of Great Britain and Ireland","PARTOF":"Mesopotamia (GB)","BORDERPRECISION":3,"LINK":null}},
{"type":"Feature","geometry":{"type":"Polygon","coordinates":[[[50.9683,24.4362],[49.9369,25.9558],[50.1218,26.7376],[48.855,27.5227],[48.4435,28.4402],[47.6721,28.4432],[47.204,28.8616],[42.9029,26.4751],[42.9809,24.9561],[40.2809,24.6801],[40.0239,24.8777],[45.7757,15.3449],[47.5234,17.5156],[51.8061,18.9829],[56.0302,21.2374],[55.6988,22.3027],[55.3674,22.0657],[51.9529,22.4842],[51.1198,24.3987],[50.9683,24.4362]]]},"properties":{"NAME":"Emirate of Bin Shal'an","SUBJECTO":"Emirate of Bin Shal'an","PARTOF":"Emirate of Bin Shal'an","BORDERPRECISION":3,"LINK":null}},
{"type":"Feature","geometry":{"type":"Polygon","coordinates":[[[45.7757,15.3449],[40.0239,24.8777],[38.9756,25.6834],[39.1305,26.207],[36.6565,29.6069],[36.077,29.0691],[35.0721,29.2114],[34.7639,28.0967],[35.4365,27.7297],[36.6693,26.0168],[37.2015,24.6583],[38.4901,23.6127],[39.0556,22.5719],[39.1667,21.2188],[40.6938,19.8687],[41.6286,18.0472],[42.5353,17.0707],[43.3028,13.241],[43.8702,12.6572],[45.7757,15.3449]]]},"properties":{"NAME":"Hejaz","SUBJECTO":"Hejaz","PARTOF":"Hejaz","BORDERPRECISION":3,"LINK":null}},
{"type":"Feature","geometry":{"type":"Polygon","coordinates":[[[42.9029,26.4751],[42.8736,27.0451],[40.9782,27.9966],[39.5478,27.617],[39.1305,26.207],[38.9756,25.6834],[40.0239,24.8777],[40.2809,24.6801],[42.9809,24.9561],[42.9029,26.4751]]]},"properties":{"NAME":"Hail","SUBJECTO":"Hail","PARTOF":"Hail","BORDERPRECISION":3,"LINK":null}},
{"type":"Feature","geometry":{"type":"MultiPolygon","coordinates":[[[[20.1224,39.551],[21.1595,39.0048],[20.7718,38.8509],[21.1724,38.3478],[23.1163,38.1574],[22.7472,37.9526],[21.9058,38.2697],[21.2211,37.8284],[21.7809,36.8225],[21.9842,37.0205],[22.3903,36.5244],[22.9826,36.6148],[22.6423,37.5849],[23.4181,37.4693],[22.8981,37.9],[23.4193,38.0681],[23.9182,37.6846],[23.9607,38.2099],[22.4905,38.8769],[22.8509,39.3661],[23.2361,39.2032],[22.4921,40.4983],[22.8519,40.6513],[23.2605,39.9709],[23.6386,39.9603],[23.2918,40.2873],[23.9066,39.9972],[23.6272,40.3453],[24.2954,40.1765],[23.6347,40.7728],[25.0189,41.0171],[26.0298,40.6635],[28.07,41.6248],[27.918,41.9777],[26.8571,42.0093],[25.5337,41.1681],[24.4181,41.4762],[22.9202,41.2307],[21.0316,40.7268],[20.1224,39.551]]],[[[27.184,37.3564],[28.3893,38.0081],[28.3627,38.9241],[27.5129,39.5638],[26.6022,39.2557],[26.9974,38.4001],[26.3916,38.2191],[27.1398,37.8891],[27.184,37.3564]]],[[[23.7898,38.7186],[23.2424,39.0441],[22.8699,38.8372],[24.5272,37.9674],[23.7898,38.7186]]],[[[24.0132,35.2104],[24.6935,34.9405],[26.1605,35.0243],[26.2735,35.3127],[25.7418,35.137],[23.6967,35.6981],[23.4669,35.3179],[24.0132,35.2104]]]]},"properties":{"NAME":"Greece","SUBJECTO":"Greece","PARTOF":"Greece","BORDERPRECISION":3,"LINK":null}},
{"type":"Feature","geometry":{"type":"Polygon","coordinates":[[[38.8787,40.9789],[36.3829,41.2375],[35.0019,42.0432],[33.1555,41.9496],[31.2177,41.0541],[30.3047,41.1703],[29.5952,40.1751],[28.5561,40.0375],[29.3137,39.528],[33.2172,38.3105],[36.7398,38.3294],[36.9339,38.7254],[39.3508,39.0715],[38.8787,40.9789]]]},"properties":{"NAME":"Ottoman Sultanate","SUBJECTO":"Ottoman Sultanate","PARTOF":"Ottoman Sultanate","BORDERPRECISION":3,"LINK":null}},
{"type":"Feature","geometry":{"type":"Polygon","coordinates":[[[36.7398,38.3294],[33.2172,38.3105],[29.3137,39.528],[28.5561,40.0375],[27.5129,39.5638],[28.3627,38.9241],[28.3893,38.0081],[27.184,37.3564],[27.3081,36.9207],[27.9988,36.9094],[28.0142,36.5272],[29.0023,36.6948],[29.662,36.0783],[30.3949,36.118],[30.5936,36.7617],[33.1713,35.9709],[34.4851,36.6268],[35.2205,36.388],[35.9617,36.7426],[36.7398,38.3294]]]},"properties":{"NAME":"Italy","SUBJECTO":"Italy","PARTOF":"Italy","BORDERPRECISION":3,"LINK":null}},
{"type":"Feature","geometry":{"type":"MultiPolygon","coordinates":[[[[124.1339,39.8431],[125.2961,39.3643],[124.7697,37.9359],[125.2694,37.4847],[125.5617,37.8355],[125.909,37.5115],[126.5403,37.6792],[126.8658,37.2669],[126.8464,36.7525],[126.5025,37.0528],[126.1289,36.7517],[126.873,36.0547],[126.2492,35.1167],[126.6597,34.8128],[126.2894,34.7422],[126.4783,34.3453],[127.3286,34.743],[127.3894,34.4711],[127.5933,34.9417],[129.1369,35.1122],[129.5883,36.0076],[129.4336,37.0589],[128.3636,38.6252],[128.2605,38.4117],[127.2769,39.2217],[127.6715,39.8664],[129.4778,40.682],[129.6413,41.6558],[130.4351,42.2768],[130.2259,42.6513],[129.8543,42.9568],[129.0345,42.1774],[127.984,42.1076],[127.8615,41.3777],[126.4742,41.6515],[124.1339,39.8431]]],[[[133.2455,33.8006],[132.7843,33.9075],[132.1211,33.3475],[132.6988,32.5489],[133.241,33.2991],[133.9986,33.1483],[134.6098,33.8986],[133.8056,34.1762],[133.2455,33.8006]]],[[[129.6303,32.8663],[129.8459,32.5874],[130.2574,32.912],[130.4965,32.557],[130.0601,31.2166],[130.2329,31.0265],[130.7325,31.4783],[130.744,30.8878],[131.831,32.6931],[131.4136,33.1112],[131.6698,33.3085],[130.4266,33.6742],[129.3434,33.1514],[129.6303,32.8663]]],[[[130.9478,30.6264],[130.8791,30.355],[131.0602,30.8381],[130.9478,30.6264]]],[[[138.3172,37.2055],[137.1762,36.6431],[137.3096,37.4327],[136.7219,37.2659],[135.7271,35.4505],[132.6629,35.3806],[130.7793,33.9669],[131.995,33.8043],[132.1835,34.2872],[135.2057,34.6171],[135.0629,33.69],[135.7557,33.3423],[136.8986,34.2587],[136.5071,34.5182],[136.7339,34.8741],[137.2482,34.4816],[138.1491,34.5279],[138.6837,34.9923],[138.8638,34.5674],[139.9137,35.5544],[139.8301,34.836],[140.3166,35.0338],[140.8343,35.6771],[140.5466,36.2872],[140.9639,36.9563],[140.8722,37.9174],[141.9985,39.4489],[141.2858,41.3715],[140.7745,41.2552],[141.1526,40.8654],[140.3864,40.9855],[139.9152,40.575],[139.7457,38.6796],[138.3172,37.2055]]],[[[121.9472,24.9764],[121.5594,25.2842],[121.0583,25.0472],[120.1155,23.6314],[120.0528,23.045],[120.7164,21.9281],[121.9472,24.9764]]],[[[146.5503,44.3989],[146.1274,44.5072],[145.4375,43.7169],[146.5503,44.3989]]],[[[148.428,45.2444],[148.8422,45.4883],[147.9327,45.4214],[146.8405,44.4155],[148.428,45.2444]]],[[[152.0266,46.9136],[152.2864,47.1525],[151.7122,46.8011],[152.0266,46.9136]]],[[[140.1245,41.7922],[140.1125,41.2731],[141.155,41.7493],[140.2455,42.2284],[140.6935,42.5501],[140.9296,42.2555],[141.9281,42.5013],[143.2138,41.9265],[144.0028,42.8777],[145.4481,43.1696],[145.0594,43.7858],[145.3476,44.243],[144.6138,43.8428],[143.7902,44.0276],[141.8753,45.4354],[141.3036,43.187],[140.4982,43.3204],[140.4998,42.8964],[139.7117,42.4776],[140.1245,41.7922]]],[[[143.1389,52.8562],[142.6749,53.5402],[141.6896,53.1657],[142.1529,50.89],[141.8983,45.9148],[142.6148,46.7128],[143.3034,46.0112],[143.4448,46.5717],[142.4899,47.9016],[142.854,49.1277],[143.5984,49.2336],[144.5399,48.7533],[142.9439,51.6173],[143.1389,52.8562]]]]},"properties":{"NAME":"Empire of Japan","SUBJECTO":"Empire of Japan","PARTOF":"Empire of Japan","BORDERPRECISION":3,"LINK":null}},
{"type":"Feature","geometry":{"type":"MultiPolygon","coordinates":[[[[9.6497,54.8484],[9.6173,55.6805],[10.951,56.4197],[10.1956,56.4897],[10.3449,56.6812],[9.9761,56.6747],[10.3102,56.923],[10.0587,57.0491],[9.211,56.9375],[9.3353,56.5354],[9.0448,56.8068],[8.7374,56.5028],[8.1792,56.6674],[8.1297,55.5344],[8.8503,54.8763],[9.5453,54.8984],[9.6186,54.8735],[9.6497,54.8484]]],[[[-25.6949,71.273],[-26.7875,71.5583],[-25.2913,71.5689],[-23.7537,70.5896],[-21.5471,70.4401],[-21.9044,71.4975],[-22.4309,71.3412],[-22.8178,71.8697],[-25.073,72.6344],[-27.0377,72.7491],[-27.5189,73.1598],[-24.0764,73.7557],[-22.2692,73.2649],[-20.3296,73.4196],[-22.0288,74.104],[-19.051,74.3347],[-20.6689,75.0608],[-19.1998,75.6928],[-22.3777,76.6359],[-17.942,76.8651],[-18.2534,77.3001],[-20.1049,77.3825],[-19.1773,77.8242],[-20.7767,77.9686],[-21.382,77.5866],[-21.7,77.9235],[-17.7677,79.7774],[-20.193,79.8538],[-20.0447,80.2397],[-16.4409,80.451],[-12.7051,81.6213],[-16.4654,81.9036],[-23.9117,80.5628],[-22.0636,81.9648],[-24.8766,81.5954],[-32.7487,81.7647],[-31.1347,82.1981],[-23.3474,82.3533],[-22.4324,82.7433],[-32.5132,83.577],[-38.5872,83.3824],[-38.5872,82.8277],[-41.8811,83.2628],[-44.8941,83.0779],[-44.683,81.7289],[-50.7724,82.4971],[-49.938,81.6762],[-52.816,82.1301],[-53.6635,81.4626],[-54.5752,82.3281],[-58.1333,82.0132],[-57.4442,81.4239],[-60.8873,81.8606],[-61.1118,81.1824],[-67.1428,80.5621],[-66.8512,80.0385],[-64.6232,79.9492],[-65.4849,79.1582],[-72.5453,78.3235],[-69.9936,77.5804],[-66.1534,77.5532],[-66.7838,77.2593],[-71.4483,77.1219],[-68.3763,76.7778],[-69.0448,76.2938],[-67.6191,76.019],[-62.9162,76.3645],[-58.2285,75.6106],[-54.5582,72.8716],[-55.4766,71.4891],[-54.3816,71.3047],[-53.3229,71.8908],[-51.7201,71.5896],[-50.8245,70.2473],[-54.3735,70.7247],[-50.5726,69.8663],[-50.9538,68.5393],[-52.8425,68.5058],[-50.491,67.9726],[-50.4771,67.4822],[-53.4358,67.6176],[-53.3974,66.9959],[-52.3032,66.9095],[-53.3481,66.3243],[-52.6105,66.268],[-53.1025,65.8732],[-52.1869,65.5177],[-51.8048,64.2333],[-50.1445,64.7393],[-51.3658,63.726],[-47.6305,60.5968],[-45.7709,61.1041],[-44.4674,59.7609],[-44.0523,60.1642],[-43.0145,59.8329],[-43.4971,60.479],[-42.7849,60.5292],[-43.0373,61.2917],[-42.4783,61.3068],[-42.2714,62.1944],[-43.226,62.6809],[-41.8344,62.6906],[-41.9156,63.1236],[-40.5162,63.7821],[-41.4841,64.2742],[-40.3553,64.427],[-41.0603,65.0375],[-39.7269,64.9965],[-39.992,65.5333],[-38.4674,65.6454],[-38.0418,66.3992],[-37.1548,66.3202],[-37.5789,65.5451],[-36.3244,65.7223],[-35.708,66.3522],[-34.4331,66.384],[-32.1238,67.8729],[-32.3591,68.544],[-30.305,67.9805],[-29.9945,68.3914],[-26.9636,68.5017],[-22.7323,69.7741],[-22.1575,70.0561],[-28.3845,70.458],[-27.9162,70.998],[-25.6949,71.273]]],[[[12.606,56.0295],[11.9672,56.0072],[12.0269,55.6533],[11.6412,55.9715],[10.9275,55.7151],[11.9866,54.9916],[12.606,56.0295]]],[[[8.5475,56.6841],[9.0044,57.0259],[10.0892,57.0654],[10.2541,57.0162],[10.388,57.0512],[10.5926,57.7003],[8.529,57.0494],[8.5475,56.6841]]],[[[11.3391,54.6623],[12.1366,54.8525],[11.1313,54.9462],[11.3391,54.6623]]],[[[10.7115,55.0991],[10.6507,55.5849],[9.8341,55.5286],[10.7115,55.0991]]],[[[-54.1253,69.4812],[-53.5515,69.2784],[-51.8129,69.6216],[-54.5937,70.2402],[-54.1253,69.4812]]],[[[-22.8328,72.269],[-21.9061,72.0512],[-22.2505,72.498],[-23.7984,72.6605],[-22.8328,72.269]]]]},"properties":{"NAME":"Denmark","SUBJECTO":"Denmark","PARTOF":"Denmark","BORDERPRECISION":3,"LINK":null}},
{"type":"Feature","geometry":{"type":"Polygon","coordinates":[[[27.3384,51.6034],[27.4051,51.4834],[26.9894,48.6808],[27.6478,48.7516],[28.4154,48.0822],[28.9082,47.8184],[29.4267,46.8161],[30.4328,46.1757],[31.9513,46.8646],[32.2022,46.1704],[33.5279,46.1341],[33.8391,46.1931],[38.2097,47.1505],[38.808,47.8606],[39.773,47.8706],[40.0042,48.8658],[39.6524,49.0367],[40.0947,49.5695],[38.044,49.9112],[37.4107,50.4139],[35.6415,50.3234],[35.1087,51.208],[34.3448,51.2381],[33.7416,52.3942],[31.7613,52.1127],[30.9147,52.0392],[30.5451,51.2831],[27.3384,51.6034]]]},"properties":{"NAME":"Ukraine","SUBJECTO":"Ukraine","PARTOF":"Ukraine","BORDERPRECISION":3,"LINK":null}},
{"type":"Feature","geometry":{"type":"Polygon","coordinates":[[[-170.7494,-14.3739],[-170.5656,-14.2558],[-170.8261,-14.325],[-170.7494,-14.3739]]]},"properties":{"NAME":"American Samoa","SUBJECTO":"American Samoa","PARTOF":"American Samoa","BORDERPRECISION":3,"LINK":null}},
{"type":"Feature","geometry":{"type":"MultiPolygon","coordinates":[[[[178.6933,-18.025],[178.193,-17.3011],[177.2483,-17.9564],[177.8641,-18.2639],[178.6933,-18.025]]],[[[179.8983,-16.2372],[180,-16.1727],[180,-16.1547],[178.4858,-16.7983],[178.7472,-17.0119],[179.9022,-16.7694],[179.9325,-16.4608],[179.4786,-16.7011],[179.8983,-16.2372]]]]},"properties":{"NAME":"Fiji","SUBJECTO":"Fiji","PARTOF":"Fiji","BORDERPRECISION":3,"LINK":null}},
{"type":"Feature","geometry":{"type":"Polygon","coordinates":[[[-169.8939,-19.1456],[-169.8175,-18.9683],[-169.9317,-19.0167],[-169.8939,-19.1456]]]},"properties":{"NAME":"Niue","SUBJECTO":"Niue","PARTOF":"Niue","BORDERPRECISION":3,"LINK":null}},
{"type":"Feature","geometry":{"type":"Polygon","coordinates":[[[-175.1233,-21.135],[-175.3605,-21.1025],[-175.1453,-21.2681],[-175.1233,-21.135]]]},"properties":{"NAME":"Tonga","SUBJECTO":"Tonga","PARTOF":"Tonga","BORDERPRECISION":3,"LINK":null}},
{"type":"Feature","geometry":{"type":"Polygon","coordinates":[[[-178.0425,-14.3194],[-178.1895,-14.2361],[-178.1406,-14.3164],[-178.0425,-14.3194]]]},"properties":{"NAME":"Wallis and Futuna Islands","SUBJECTO":"Wallis and Futuna Islands","PARTOF":"Wallis and Futuna Islands","BORDERPRECISION":3,"LINK":null}},
{"type":"Feature","geometry":{"type":"Polygon","coordinates":[[[-172.2859,-13.4864],[-172.7806,-13.5333],[-172.2142,-13.8078],[-172.2859,-13.4864]]]},"properties":{"NAME":"Samoa","SUBJECTO":"Samoa","PARTOF":"Samoa","BORDERPRECISION":3,"LINK":null}},
{"type":"Feature","geometry":{"type":"Polygon","coordinates":[[[-109.2414,-27.1331],[-109.3908,-27.0667],[-109.4492,-27.1931],[-109.2414,-27.1331]]]},"properties":{"NAME":"Rapa Nui","SUBJECTO":"Chile","PARTOF":"Rapa Nui","BORDERPRECISION":3,"LINK":null}},
{"type":"Feature","geometry":{"type":"Polygon","coordinates":[[[114.0292,22.5085],[114.2631,22.2044],[114.4131,22.4369],[114.0292,22.5085]]]},"properties":{"NAME":"Hong Kong","SUBJECTO":"United Kingdom","PARTOF":null,"BORDERPRECISION":3,"LINK":null}}
]}