{"type":"FeatureCollection", "features": [
{"type":"Feature","geometry":{"type":"Polygon","coordinates":[[[5.8235,49.5071],[6.433,49.4453],[6.4102,49.5532],[6.1366,49.982],[6.1085,50.1175],[5.8235,49.5071]]]},"properties":{"NAME":"Luxembourg","SUBJECTO":"Luxembourg","PARTOF":"Luxembourg","BORDERPRECISION":3,"LINK":null}},
{"type":"Feature","geometry":{"type":"Polygon","coordinates":[[[10.3957,46.8874],[9.5208,47.0694],[9.5393,47.4872],[8.9835,47.6796],[7.5066,47.6037],[6.4361,46.9287],[6.4562,46.7751],[6.1079,46.5759],[6.1753,46.3678],[6.1288,46.2516],[5.9862,46.2201],[5.9705,46.198],[6.0009,46.184],[5.9943,46.1728],[5.9895,46.1755],[5.9874,46.171],[5.9836,46.1629],[6.0511,46.1426],[6.0564,46.1486],[6.0592,46.1517],[6.0996,46.1522],[6.1034,46.1428],[6.1058,46.1442],[6.1281,46.1413],[6.2697,46.2523],[6.2683,46.2531],[6.2487,46.3056],[6.1722,46.2119],[6.2741,46.3901],[6.3848,46.4643],[6.3994,46.4587],[6.5588,46.5072],[6.592,46.5177],[6.6894,46.5002],[6.7209,46.4856],[6.832,46.4668],[6.8579,46.4495],[6.9009,46.4397],[6.9309,46.4084],[6.8605,46.3957],[6.9553,45.9389],[7.7899,45.927],[8.3745,46.4708],[8.8907,45.8662],[9.2101,46.4981],[9.9945,46.2525],[10.3957,46.8874]]]},"properties":{"NAME":"Switzerland","SUBJECTO":"Switzerland","PARTOF":"Switzerland","BORDERPRECISION":3,"LINK":null}},
{"type":"Feature","geometry":{"type":"MultiPolygon","coordinates":[[[[3.372,39.549],[3.071,39.922],[2.364,39.556],[3.057,39.263],[3.372,39.549]]],[[[-1.9146,43.3054],[-7.9795,43.7401],[-9.2708,43.0487],[-8.8061,41.8892],[-6.7087,41.96],[-6.1115,41.4175],[-6.8344,41.0605],[-6.8783,39.7024],[-7.431,39.5205],[-6.9334,38.9613],[-7.3939,38.295],[-6.8448,38.1002],[-7.4915,37.2082],[-5.6606,36.008],[-4.4466,36.722],[-2.2388,36.7284],[0.1726,38.7383],[-0.3948,39.4345],[0.7338,40.875],[3.1289,41.8572],[3.0871,42.3686],[1.9126,42.4539],[1.7236,42.5094],[1.7189,42.5031],[1.4458,42.6019],[1.4544,42.6129],[-0.612,42.7309],[-1.9146,43.3054]]],[[[-13.8084,29.0486],[-14.5098,28.05],[-13.881,28.1994],[-13.5182,29.4285],[-13.8084,29.0486]]],[[[-15.2112,27.9005],[-15.4047,28.1994],[-15.9127,27.9005],[-15.2112,27.9005]]]]},"properties":{"NAME":"Spain","SUBJECTO":"Spain","PARTOF":"Spain","BORDERPRECISION":3,"LINK":null}},
{"type":"Feature","geometry":{"type":"Polygon","coordinates":[[[124.1339,39.8431],[125.379,39.3427],[124.6937,38.1395],[125.2943,37.6686],[126.4073,37.9034],[128.8024,37.9227],[127.4408,39.6237],[129.718,40.8431],[129.6921,41.6479],[130.4351,42.2768],[130.2259,42.6513],[129.8543,42.9568],[129.0345,42.1774],[127.984,42.1076],[127.8615,41.3777],[126.4742,41.6515],[124.1339,39.8431]]]},"properties":{"NAME":"Korea (USSR)","SUBJECTO":"USSR","PARTOF":"Korea (USSR)","BORDERPRECISION":3,"LINK":null}},
{"type":"Feature","geometry":{"type":"MultiPolygon","coordinates":[[[[-0.2037,53.5233],[-2.245,55.811],[-3.895,55.9851],[-2.7209,56.1782],[-1.9446,57.4017],[-4.1484,57.5545],[-3.0284,58.4057],[-4.9256,58.567],[-6.0435,56.4748],[-5.2707,56.5441],[-5.5702,55.7505],[-4.7107,56.1313],[-5.1114,54.7941],[-3.1525,54.8381],[-2.9145,53.2671],[-4.4919,52.991],[-4.1236,52.3733],[-5.2488,51.8602],[-2.7502,51.644],[-5.7778,50.1341],[1.335,51.1207],[0.2542,51.4536],[1.5119,52.0258],[1.5857,52.65],[0.0055,52.7867],[-0.2037,53.5233]]],[[[-6.2064,53.9567],[-6.0182,55.093],[-7.4275,55.0638],[-8.0801,54.3256],[-6.2064,53.9567]]],[[[33.7805,35.2081],[34.4582,35.6446],[32.1437,35.0425],[32.9145,34.5413],[33.7805,35.2081]]]]},"properties":{"NAME":"United Kingdom","SUBJECTO":"United Kingdom","PARTOF":"United Kingdom","BORDERPRECISION":3,"LINK":null}},
{"type":"Feature","geometry":{"type":"MultiPolygon","coordinates":[[[[136.7219,37.2659],[135.7271,35.4505],[132.6629,35.3806],[130.7793,33.9669],[131.995,33.8043],[132.1835,34.2872],[135.2057,34.6171],[135.0629,33.69],[135.7557,33.3423],[136.8986,34.2587],[136.7339,34.8741],[138.1491,34.5279],[138.6837,34.9923],[138.8638,34.5674],[139.9137,35.5544],[139.8301,34.836],[140.3166,35.0338],[140.8343,35.6771],[140.8722,37.9174],[141.9985,39.4489],[141.4369,41.2694],[139.9152,40.575],[139.8961,38.9985],[138.699,37.4482],[137.1762,36.6431],[137.3096,37.4327],[136.7219,37.2659]]],[[[132.6988,32.5489],[133.241,33.2991],[133.9986,33.1483],[134.5404,34.0127],[132.7843,33.9075],[132.1211,33.3475],[132.6988,32.5489]]],[[[130.744,30.8878],[131.831,32.6931],[131.5688,33.4861],[130.6444,33.7],[129.3434,33.1514],[130.4965,32.557],[130.0601,31.2166],[130.7325,31.4783],[130.744,30.8878]]],[[[140.1125,41.2731],[141.155,41.7493],[140.2455,42.2284],[140.5409,42.537],[143.2138,41.9265],[144.0028,42.8777],[145.4481,43.1696],[145.3476,44.243],[144.6138,43.8428],[143.7902,44.0276],[141.8753,45.4354],[141.3036,43.187],[140.4982,43.3204],[139.7117,42.4776],[140.1125,41.2731]]]]},"properties":{"NAME":"Japan (USA)","SUBJECTO":"USA","PARTOF":"Japan (USA)","BORDERPRECISION":3,"LINK":null}},
{"type":"Feature","geometry":{"type":"Polygon","coordinates":[[[88.8026,27.181],[89.8344,26.6854],[91.9089,26.8053],[91.6078,27.6415],[89.8634,28.2725],[88.8026,27.181]]]},"properties":{"NAME":"Bhutan","SUBJECTO":"Bhutan","PARTOF":"Bhutan","BORDERPRECISION":3,"LINK":null}},
{"type":"Feature","geometry":{"type":"Polygon","coordinates":[[[-17.0161,21.3141],[-13.0244,21.2795],[-13.1166,22.7856],[-11.9905,23.4787],[-11.8932,25.8951],[-8.6884,25.9136],[-8.6292,27.1727],[-8.6412,27.5668],[-13.1236,27.5463],[-17.0161,21.3141]]]},"properties":{"NAME":"Western Sahara","SUBJECTO":"Western Sahara","PARTOF":"Western Sahara","BORDERPRECISION":3,"LINK":null}},
{"type":"Feature","geometry":{"type":"Polygon","coordinates":[[[51.2878,24.4108],[51.5867,25.6091],[51.217,26.0665],[50.9683,24.4362],[51.1198,24.3987],[51.2878,24.4108]]]},"properties":{"NAME":"Qatar","SUBJECTO":"Qatar","PARTOF":"Qatar","BORDERPRECISION":3,"LINK":null}},
{"type":"Feature","geometry":{"type":"Polygon","coordinates":[[[51.1198,24.3987],[51.9529,22.4842],[55.6988,22.3027],[55.6581,23.7445],[56.0041,24.9407],[56.4053,24.9187],[56.1613,25.4733],[56.1567,25.9665],[54.276,24.1098],[51.9456,23.9455],[51.2878,24.4108],[51.1198,24.3987]]]},"properties":{"NAME":"United Arab Emirates","SUBJECTO":"United Arab Emirates","PARTOF":"United Arab Emirates","BORDERPRECISION":3,"LINK":null}},
{"type":"Feature","geometry":{"type":"Polygon","coordinates":[[[-4.8658,24.9949],[-6.5553,24.8961],[-5.4831,15.4689],[-10.6471,15.4258],[-10.6975,15.0759],[-11.3706,15.6122],[-11.9038,14.8145],[-12.1573,14.4824],[-11.4236,12.3953],[-10.6535,11.8595],[-8.9782,12.4352],[-7.9075,10.1213],[-7.5142,10.3906],[-7.0545,10.0501],[-6.3692,10.6326],[-6.066,10.1068],[-5.5638,10.3577],[-5.2781,11.7388],[-4.5103,12.2201],[-4.0401,13.4115],[-3.3348,13.1932],[-2.5711,14.2465],[-1.9459,14.104],[-0.6926,15.0903],[0.274,14.9625],[3.6844,15.5229],[4.2128,16.8545],[4.2038,19.1363],[3.2252,18.9526],[3.0624,19.905],[1.8395,20.1648],[1.0874,21.133],[-4.8658,24.9949]]]},"properties":{"NAME":"Mali","SUBJECTO":"France","PARTOF":"Mali","BORDERPRECISION":3,"LINK":null}},
{"type":"Feature","geometry":{"type":"MultiPolygon","coordinates":[[[[56.1613,25.4733],[56.3671,26.2361],[56.1567,25.9665],[56.1613,25.4733]]],[[[55.6988,22.3027],[56.0302,21.2374],[51.8061,18.9829],[53.0209,16.6538],[54.9106,16.9701],[55.5611,17.9372],[57.8386,19.0348],[57.9313,20.4009],[58.512,20.4212],[59.8373,22.2792],[58.6285,23.4583],[57.1462,23.9825],[56.4053,24.9187],[56.0041,24.9407],[55.6581,23.7445],[55.6988,22.3027]]]]},"properties":{"NAME":"Oman","SUBJECTO":"Oman","PARTOF":"Oman","BORDERPRECISION":3,"LINK":null}},
{"type":"Feature","geometry":{"type":"Polygon","coordinates":[[[0.274,14.9625],[0.9761,13.0216],[2.3201,12.1715],[2.7245,12.3391],[3.6097,11.7214],[4.4941,13.659],[6.0015,13.7378],[6.9578,13.0188],[7.936,13.317],[9.0574,12.8215],[10.6962,13.3523],[12.252,13.0755],[13.5387,13.6551],[13.4804,14.4048],[15.4886,16.8889],[15.9623,20.3236],[15.2076,21.4187],[14.9677,22.968],[14.1801,22.5694],[11.959,23.4717],[5.7755,19.4442],[4.2038,19.1363],[4.2128,16.8545],[3.6844,15.5229],[0.274,14.9625]]]},"properties":{"NAME":"Niger","SUBJECTO":"France","PARTOF":"Niger","BORDERPRECISION":3,"LINK":null}},
{"type":"Feature","geometry":{"type":"Polygon","coordinates":[[[13.5387,13.6551],[14.0334,13.0606],[14.8242,12.417],[15.4498,9.9356],[14.2949,9.9796],[13.9109,9.5515],[15.557,7.5019],[18.4271,7.9448],[18.9808,8.9904],[20.3305,9.081],[21.6877,10.589],[22.819,10.9072],[22.3244,12.5757],[21.778,12.8013],[22.9098,15.617],[23.9509,15.6994],[23.9497,19.4743],[17.6993,22.5366],[15.9705,23.3806],[14.9677,22.968],[15.2076,21.4187],[15.9623,20.3236],[15.4886,16.8889],[13.4804,14.4048],[13.5387,13.6551]]]},"properties":{"NAME":"Chad","SUBJECTO":"France","PARTOF":"Chad","BORDERPRECISION":3,"LINK":null}},
{"type":"Feature","geometry":{"type":"Polygon","coordinates":[[[105.8502,19.7124],[107.8756,21.4621],[106.6734,21.9262],[106.588,22.9288],[105.3134,23.296],[104.4781,22.7832],[101.9679,22.5337],[102.9929,20.9396],[104.1291,20.9399],[104.6836,20.2363],[105.1826,20.3611],[105.8502,19.7124]]]},"properties":{"NAME":"Tonkin","SUBJECTO":"France","PARTOF":"Tonkin","BORDERPRECISION":3,"LINK":null}},
{"type":"Feature","geometry":{"type":"Polygon","coordinates":[[[-82.1772,22.3659],[-78.7279,21.6168],[-78.4504,20.969],[-77.0987,20.5333],[-77.663,19.9028],[-74.1734,20.1899],[-81.4311,23.1367],[-83.6904,22.814],[-84.7064,21.7696],[-82.5624,22.7084],[-81.6626,22.5068],[-82.1772,22.3659]]]},"properties":{"NAME":"Cuba","SUBJECTO":"Cuba","PARTOF":"Cuba","BORDERPRECISION":3,"LINK":null}},
{"type":"Feature","geometry":{"type":"Polygon","coordinates":[[[101.9679,22.5337],[101.5544,22.2837],[101.7038,21.3194],[101.014,21.4424],[100.0012,20.4587],[100.4172,19.5086],[101.1176,19.5],[100.9536,17.4543],[101.8646,18.1074],[102.6615,17.8454],[103.2245,18.4392],[103.9276,18.2782],[105.4732,15.1502],[105.0565,14.2395],[105.9918,13.8893],[106.144,14.4619],[107.3933,14.5835],[107.1075,16.1696],[103.8993,19.3131],[104.6836,20.2363],[104.1291,20.9399],[102.9929,20.9396],[101.9679,22.5337]]]},"properties":{"NAME":"Laos","SUBJECTO":"France","PARTOF":"Laos","BORDERPRECISION":3,"LINK":null}},
{"type":"Feature","geometry":{"type":"Polygon","coordinates":[[[-71.7771,19.771],[-73.4745,19.8354],[-72.2978,18.662],[-74.4418,18.524],[-73.857,18.112],[-71.677,18.0025],[-71.7771,19.771]]]},"properties":{"NAME":"Haiti","SUBJECTO":"Haiti","PARTOF":"Haiti","BORDERPRECISION":3,"LINK":null}},
{"type":"Feature","geometry":{"type":"Polygon","coordinates":[[[-71.677,18.0025],[-71.4008,17.7041],[-70.6955,18.5192],[-68.6647,18.1994],[-68.3729,18.575],[-69.9934,19.6839],[-71.7771,19.771],[-71.677,18.0025]]]},"properties":{"NAME":"Dominican Republic","SUBJECTO":"Dominican Republic","PARTOF":"Dominican Republic","BORDERPRECISION":3,"LINK":null}},
{"type":"Feature","geometry":{"type":"MultiPolygon","coordinates":[[[[120.3636,14.5309],[120.4714,14.8043],[121.2854,14.3424],[120.5106,14.112],[121.0094,13.6557],[121.6249,13.8984],[122.3941,13.3029],[122.4854,13.8812],[123.8189,12.9756],[123.3976,13.5274],[123.7019,13.8203],[122.9851,13.7298],[122.4865,14.3195],[121.7288,14.1083],[121.2422,15.3078],[122.3956,17.1143],[122.0496,18.4475],[120.8004,18.5528],[120.3931,18.0438],[120.2931,16.2332],[119.6814,16.1875],[120.3636,14.5309]]],[[[121.094,12.2011],[121.1807,13.3321],[120.3405,13.3874],[121.094,12.2011]]],[[[125.3231,11.1239],[125.1191,12.4766],[124.264,12.4176],[125.3231,11.1239]]],[[[121.873,10.4684],[122.9199,11.5253],[121.9936,11.7583],[121.873,10.4684]]],[[[118.8646,10.0236],[119.5643,10.5016],[119.3539,11.2126],[118.8646,10.0236]]],[[[122.9416,9.0476],[123.2391,10.9224],[122.3031,9.6498],[122.9416,9.0476]]],[[[126.0452,6.6082],[126.2719,8.4258],[125.4281,9.7836],[125.4013,8.9512],[123.6628,8.0135],[123.4859,8.496],[122.8888,8.3422],[121.8245,7.0565],[122.6351,7.7826],[122.7254,7.4524],[123.8153,7.6581],[123.9735,6.3369],[124.803,5.7859],[125.1295,6.0534],[125.2893,5.4883],[125.6146,7.2363],[126.0452,6.6082]]]]},"properties":{"NAME":"Philippines","SUBJECTO":"Philippines","PARTOF":"Philippines","BORDERPRECISION":3,"LINK":null}},
{"type":"Feature","geometry":{"type":"Polygon","coordinates":[[[-66.9056,17.9362],[-65.7241,18.3328],[-67.161,18.5141],[-66.9056,17.9362]]]},"properties":{"NAME":"Puerto Rico","SUBJECTO":"Puerto Rico","PARTOF":"Puerto Rico","BORDERPRECISION":3,"LINK":null}},
{"type":"Feature","geometry":{"type":"Polygon","coordinates":[[[-77.2908,17.806],[-76.3007,17.9924],[-78.3249,18.3504],[-77.2908,17.806]]]},"properties":{"NAME":"Jamaica (UK)","SUBJECTO":"United Kingdom","PARTOF":"Jamaica (UK)","BORDERPRECISION":3,"LINK":null}},
{"type":"Feature","geometry":{"type":"Polygon","coordinates":[[[-5.5638,10.3577],[-4.5585,9.6072],[-2.8404,9.5729],[-2.7025,10.9277],[0.064,11.0648],[0.9251,10.8983],[2.0853,11.4518],[2.3201,12.1715],[0.9761,13.0216],[0.274,14.9625],[-0.6926,15.0903],[-1.9459,14.104],[-2.5711,14.2465],[-3.3348,13.1932],[-4.0401,13.4115],[-4.5103,12.2201],[-5.2781,11.7388],[-5.5638,10.3577]]]},"properties":{"NAME":"Burkina Faso","SUBJECTO":"Burkina Faso","PARTOF":"Burkina Faso","BORDERPRECISION":3,"LINK":null}},
{"type":"Feature","geometry":{"type":"Polygon","coordinates":[[[-85.8397,11.0776],[-83.7466,10.8785],[-83.4172,15.0009],[-84.8338,14.7714],[-87.4043,13.0299],[-87.6749,12.9149],[-85.8397,11.0776]]]},"properties":{"NAME":"Nicaragua","SUBJECTO":"Nicaragua","PARTOF":"Nicaragua","BORDERPRECISION":3,"LINK":null}},
{"type":"Feature","geometry":{"type":"Polygon","coordinates":[[[105.0565,14.2395],[102.8484,14.0931],[102.3345,13.2326],[102.6708,12.0377],[103.0396,10.898],[103.5249,11.0578],[103.5249,10.5242],[104.3872,10.3144],[106.0271,10.7961],[105.8425,11.5827],[107.1299,12.2006],[107.4823,12.5833],[107.3933,14.5835],[106.144,14.4619],[105.9918,13.8893],[105.0565,14.2395]]]},"properties":{"NAME":"Cambodia","SUBJECTO":"France","PARTOF":"Cambodia","BORDERPRECISION":3,"LINK":null}},
{"type":"Feature","geometry":{"type":"Polygon","coordinates":[[[-85.8397,11.0776],[-85.7116,10.0305],[-85.0888,9.5831],[-84.8442,9.841],[-85.2555,10.3108],[-84.6971,9.9884],[-83.6149,9.1516],[-83.6055,8.5478],[-83.0851,8.6506],[-82.9575,8.0472],[-82.9066,9.5186],[-82.5599,9.5831],[-83.7466,10.8785],[-85.8397,11.0776]]]},"properties":{"NAME":"Costa Rica","SUBJECTO":"Costa Rica","PARTOF":"Costa Rica","BORDERPRECISION":3,"LINK":null}},
{"type":"Feature","geometry":{"type":"Polygon","coordinates":[[[15.557,7.5019],[14.403,5.8297],[16.0767,2.1277],[16.663,3.4088],[18.504,3.5341],[18.6123,4.3229],[19.3623,5.052],[22.3381,3.9955],[22.8804,4.7614],[25.0974,4.87],[25.4882,5.3108],[27.2437,5.1624],[25.1881,7.8451],[23.5222,8.6106],[23.5785,9.9075],[22.819,10.9072],[21.6877,10.589],[20.3305,9.081],[18.9808,8.9904],[18.4271,7.9448],[15.557,7.5019]]]},"properties":{"NAME":"Central African Republic","SUBJECTO":"Central African Republic","PARTOF":"Central African Republic","BORDERPRECISION":3,"LINK":null}},
{"type":"Feature","geometry":{"type":"Polygon","coordinates":[[[-13.1643,8.8508],[-13.0441,8.1377],[-11.4654,6.8439],[-10.377,8.0756],[-11.29,9.8979],[-12.2785,9.8666],[-13.1643,8.8508]]]},"properties":{"NAME":"Sierra Leone","SUBJECTO":"United Kingdom","PARTOF":"Sierra Leone","BORDERPRECISION":3,"LINK":null}},
{"type":"Feature","geometry":{"type":"Polygon","coordinates":[[[80.5629,5.9317],[81.4339,6.2703],[81.8662,7.0846],[80.1096,9.6866],[79.6746,8.8049],[79.8541,7.0612],[80.5629,5.9317]]]},"properties":{"NAME":"Sri Lanka","SUBJECTO":"Sri Lanka","PARTOF":"Sri Lanka","BORDERPRECISION":3,"LINK":null}},
{"type":"Feature","geometry":{"type":"Polygon","coordinates":[[[-82.9575,8.0472],[-81.6643,8.1646],[-80.4058,7.2988],[-79.9712,7.5579],[-80.4246,8.1924],[-79.0676,9.0343],[-77.7942,8.1793],[-78.3271,8.0889],[-77.8967,7.1718],[-77.1253,7.9804],[-77.4947,8.6615],[-78.6118,9.4801],[-79.5004,9.6384],[-81.1684,8.8278],[-82.2296,9.0465],[-82.5599,9.5831],[-82.9066,9.5186],[-82.9575,8.0472]]]},"properties":{"NAME":"Panama","SUBJECTO":"Panama","PARTOF":"Panama","BORDERPRECISION":3,"LINK":null}},
{"type":"Feature","geometry":{"type":"Polygon","coordinates":[[[-60.553,5.0091],[-59.8994,5.0448],[-60.0849,4.4588],[-59.5129,3.9663],[-59.9354,2.7305],[-59.1287,1.3304],[-56.7096,1.8915],[-57.9951,3.9626],[-57.0651,5.8374],[-58.0057,6.7886],[-58.5085,6.559],[-58.6166,7.4991],[-59.8344,8.4402],[-60.6091,7.4501],[-60.2339,6.9564],[-61.0213,6.672],[-61.2548,5.8696],[-60.553,5.0091]]]},"properties":{"NAME":"Guyana","SUBJECTO":"Netherlands","PARTOF":"Guyana","BORDERPRECISION":3,"LINK":null}},
{"type":"Feature","geometry":{"type":"Polygon","coordinates":[[[-11.4654,6.8439],[-7.5625,4.3512],[-7.3596,5.605],[-8.5073,6.4437],[-8.3038,7.4365],[-9.1574,7.139],[-9.6217,8.3949],[-10.377,8.0756],[-11.4654,6.8439]]]},"properties":{"NAME":"Liberia","SUBJECTO":"Liberia","PARTOF":"Liberia","BORDERPRECISION":3,"LINK":null}},
{"type":"Feature","geometry":{"type":"Polygon","coordinates":[[[18.504,3.5341],[17.4547,-0.8453],[16.2521,-1.9902],[15.9936,-3.6699],[14.4439,-4.8869],[14.3341,-4.3027],[13.0172,-4.7682],[12.1997,-5.7514],[12.3394,-6.1898],[16.5564,-6.0185],[17.6032,-8.1164],[19.3104,-8.0427],[19.5493,-7.0306],[21.7541,-7.3798],[21.7025,-9.5161],[22.2727,-10.3391],[22.1854,-11.0707],[23.9405,-11.0412],[26.6281,-12.0552],[27.1234,-11.5501],[28.8495,-13.3263],[29.7829,-13.467],[29.713,-12.1387],[29.1165,-12.422],[28.3343,-11.6446],[28.4655,-9.3043],[29.0495,-8.5444],[30.6595,-8.289],[29.517,-6.4384],[29.3455,-4.7545],[28.894,-2.7668],[29.5285,-1.4345],[29.7695,0.4421],[31.2446,2.0082],[30.7127,2.3737],[30.7372,3.5052],[29.5998,4.5535],[28.2232,4.183],[27.2437,5.1624],[25.4882,5.3108],[25.0974,4.87],[22.8804,4.7614],[22.3381,3.9955],[19.3623,5.052],[18.6123,4.3229],[18.504,3.5341]]]},"properties":{"NAME":"Zaire","SUBJECTO":"Zaire","PARTOF":"Zaire","BORDERPRECISION":3,"LINK":null}},
{"type":"Feature","geometry":{"type":"Polygon","coordinates":[[[30.6595,-8.289],[33.2046,-9.6578],[34.059,-9.9412],[34.4944,-11.6042],[37.473,-11.7813],[37.9897,-11.2251],[38.6066,-11.4376],[40.4662,-10.4753],[39.6576,-9.7957],[39.3918,-8.735],[39.5664,-7.0442],[38.8724,-6.0925],[39.2291,-4.8449],[37.6568,-3.6936],[37.6162,-3.1662],[33.9192,-1.1173],[33.2672,-1.1321],[30.596,-1.1548],[30.8892,-2.1129],[30.4638,-2.4841],[30.8381,-3.3082],[29.3455,-4.7545],[29.517,-6.4384],[30.6595,-8.289]]]},"properties":{"NAME":"Tanzania, United Republic of","SUBJECTO":"United Kingdom","PARTOF":"Tanzania, United Republic of","BORDERPRECISION":3,"LINK":null}},
{"type":"Feature","geometry":{"type":"Polygon","coordinates":[[[28.894,-2.7668],[30.4638,-2.4841],[30.8892,-2.1129],[30.596,-1.1548],[29.5285,-1.4345],[28.894,-2.7668]]]},"properties":{"NAME":"Rwanda","SUBJECTO":"Rwanda","PARTOF":"Rwanda","BORDERPRECISION":3,"LINK":null}},
{"type":"Feature","geometry":{"type":"Polygon","coordinates":[[[29.3455,-4.7545],[30.8381,-3.3082],[30.4638,-2.4841],[28.894,-2.7668],[29.3455,-4.7545]]]},"properties":{"NAME":"Burundi","SUBJECTO":"Burundi","PARTOF":"Burundi","BORDERPRECISION":3,"LINK":null}},
{"type":"Feature","geometry":{"type":"MultiPolygon","coordinates":[[[[12.3394,-6.1898],[13.4768,-8.416],[13.0838,-9.2875],[13.8371,-11.3575],[12.4407,-13.877],[11.7813,-17.336],[13.2326,-16.9913],[14.0618,-17.4505],[18.266,-17.4639],[20.6129,-18.016],[23.2292,-17.6637],[21.9945,-16.3803],[21.9591,-13.0746],[23.7819,-13.013],[23.9405,-11.0412],[22.1854,-11.0707],[22.2727,-10.3391],[21.7025,-9.5161],[21.7541,-7.3798],[19.5493,-7.0306],[19.3104,-8.0427],[17.6032,-8.1164],[16.5564,-6.0185],[12.3394,-6.1898]]],[[[13.0172,-4.7682],[12.7043,-4.5286],[11.9997,-5.0041],[12.1997,-5.7514],[13.0172,-4.7682]]]]},"properties":{"NAME":"Angola (Portugal)","SUBJECTO":"Portugal","PARTOF":"Angola (Portugal)","BORDERPRECISION":3,"LINK":null}},
{"type":"Feature","geometry":{"type":"Polygon","coordinates":[[[23.9405,-11.0412],[23.7819,-13.013],[21.9591,-13.0746],[21.9945,-16.3803],[23.2292,-17.6637],[25,-17.8122],[25.3453,-18.0136],[26.8887,-18.1063],[29.3678,-15.7647],[30.4022,-15.6696],[30.3824,-14.983],[33.1076,-14.0451],[32.7231,-13.5896],[32.9002,-12.8828],[33.6234,-12.389],[33.2278,-11.9463],[33.6508,-10.4433],[33.2046,-9.6578],[30.6595,-8.289],[29.0495,-8.5444],[28.4655,-9.3043],[28.3343,-11.6446],[29.1165,-12.422],[29.713,-12.1387],[29.7829,-13.467],[28.8495,-13.3263],[27.1234,-11.5501],[26.6281,-12.0552],[23.9405,-11.0412]]]},"properties":{"NAME":"Northern Rhodesia","SUBJECTO":"United Kingdom","PARTOF":"Northern Rhodesia","BORDERPRECISION":3,"LINK":null}},
{"type":"Feature","geometry":{"type":"Polygon","coordinates":[[[33.2046,-9.6578],[33.6508,-10.4433],[33.2278,-11.9463],[33.6234,-12.389],[32.9002,-12.8828],[32.7231,-13.5896],[33.1076,-14.0451],[33.6429,-14.5887],[34.3797,-14.5271],[34.2187,-15.9587],[35.2217,-17.1545],[35.8764,-14.8298],[34.6053,-13.4068],[34.4944,-11.6042],[34.059,-9.9412],[33.2046,-9.6578]]]},"properties":{"NAME":"Nyasaland","SUBJECTO":"United Kingdom","PARTOF":"Nyasaland","BORDERPRECISION":3,"LINK":null}},
{"type":"Feature","geometry":{"type":"Polygon","coordinates":[[[-69.5899,-10.9022],[-68.6399,-12.5804],[-69.4301,-17.6038],[-68.4329,-19.4591],[-68.64,-20.4449],[-67.7826,-22.9044],[-67.1889,-22.9835],[-66.1459,-21.9231],[-64.7556,-22.1627],[-64.2486,-22.8775],[-63.7836,-22.0745],[-62.61,-22.1565],[-61.5508,-19.6412],[-59.2147,-19.3036],[-58.1377,-19.8118],[-57.5964,-18.0426],[-58.4017,-17.1325],[-58.3335,-16.3697],[-60.1009,-16.2785],[-60.4014,-13.8278],[-64.7563,-12.0491],[-65.2731,-11.3659],[-65.3087,-9.8157],[-66.306,-9.8407],[-68.5022,-11.0864],[-69.5899,-10.9022]]]},"properties":{"NAME":"Bolivia","SUBJECTO":"Bolivia","PARTOF":"Bolivia","BORDERPRECISION":3,"LINK":null}},
{"type":"Feature","geometry":{"type":"Polygon","coordinates":[[[34.4944,-11.6042],[34.6053,-13.4068],[35.8764,-14.8298],[35.2217,-17.1545],[34.2187,-15.9587],[34.3797,-14.5271],[33.6429,-14.5887],[33.1076,-14.0451],[30.3824,-14.983],[30.4022,-15.6696],[30.48,-16.0506],[32.6487,-16.6101],[32.9275,-17.1489],[32.6899,-18.9624],[33.0611,-19.9268],[32.4141,-21.4312],[31.2784,-22.5569],[32.0134,-26.0818],[32.1633,-27.0094],[32.849,-26.9789],[32.6511,-25.839],[35.5009,-24.0852],[35.5118,-22.1848],[34.7262,-19.8604],[37.2753,-17.7132],[39.4713,-16.717],[40.5741,-15.4817],[40.8554,-14.6994],[40.3658,-12.9909],[40.4662,-10.4753],[38.6066,-11.4376],[37.9897,-11.2251],[37.473,-11.7813],[34.4944,-11.6042]]]},"properties":{"NAME":"Mozambique (Portugal)","SUBJECTO":"Portugal","PARTOF":"Mozambique (Portugal)","BORDERPRECISION":3,"LINK":null}},
{"type":"Feature","geometry":{"type":"Polygon","coordinates":[[[44.6722,-16.2356],[43.9716,-17.5527],[44.5171,-20.0239],[43.2913,-22.4098],[44.0368,-24.9887],[45.2105,-25.66],[47.2585,-24.7658],[49.8982,-16.4595],[49.6203,-15.4623],[50.1873,-15.9568],[50.4863,-15.4795],[49.8805,-12.9196],[49.1763,-12.2665],[48.7513,-13.4177],[48.3496,-13.838],[47.9425,-13.5847],[47.8837,-14.7161],[47.2446,-15.3657],[44.6722,-16.2356]]]},"properties":{"NAME":"Madagascar (France)","SUBJECTO":"France","PARTOF":"Madagascar (France)","BORDERPRECISION":3,"LINK":null}},
{"type":"Feature","geometry":{"type":"Polygon","coordinates":[[[25.3453,-18.0136],[26.1037,-19.5351],[27.6179,-20.569],[27.97,-21.5779],[29.2334,-22.1873],[31.2784,-22.5569],[32.4141,-21.4312],[33.0611,-19.9268],[32.6899,-18.9624],[32.9275,-17.1489],[32.6487,-16.6101],[30.48,-16.0506],[30.4022,-15.6696],[29.3678,-15.7647],[26.8887,-18.1063],[25.3453,-18.0136]]]},"properties":{"NAME":"Rhodesia","SUBJECTO":"United Kingdom","PARTOF":"Rhodesia","BORDERPRECISION":3,"LINK":null}},
{"type":"Feature","geometry":{"type":"Polygon","coordinates":[[[11.7813,-17.336],[14.5701,-22.7581],[14.7916,-23.4031],[14.444,-23.4117],[15.1369,-26.8291],[16.3342,-28.5608],[17.0085,-28.0719],[17.7066,-28.8731],[18.9372,-28.963],[19.8404,-28.4442],[19.8428,-24.9441],[19.886,-22.1146],[20.919,-22.0577],[20.95,-18.3955],[23.2863,-18.1147],[23.6596,-18.4495],[25,-17.8122],[23.2292,-17.6637],[20.6129,-18.016],[18.266,-17.4639],[14.0618,-17.4505],[13.2326,-16.9913],[11.7813,-17.336]]]},"properties":{"NAME":"Namibia","SUBJECTO":"Namibia","PARTOF":"Namibia","BORDERPRECISION":3,"LINK":null}},
{"type":"Feature","geometry":{"type":"MultiPolygon","coordinates":[[[[-69.4301,-17.6038],[-70.3636,-18.455],[-70.3981,-25.2489],[-71.6816,-30.6],[-71.4161,-32.7526],[-73.1442,-37.1558],[-73.6903,-37.3671],[-73.1938,-39.5654],[-73.9052,-40.839],[-73.4636,-41.7868],[-72.5872,-41.6183],[-73.082,-44.0223],[-72.5552,-44.5429],[-73.9697,-46.7134],[-74.189,-45.8449],[-75.496,-46.5801],[-73.9788,-47.0317],[-74.5378,-47.7873],[-73.3605,-47.9738],[-74.2103,-48.0081],[-74.1902,-50.171],[-73.5302,-50.4329],[-74.2694,-50.9944],[-73.4081,-52.0238],[-72.4492,-52.1611],[-72.5588,-52.5726],[-71.678,-52.6439],[-72.7509,-53.1378],[-71.4425,-52.8294],[-71.8723,-53.6956],[-70.998,-53.8207],[-70.5727,-52.7082],[-68.4559,-52.4202],[-71.7945,-52.0884],[-72.3329,-50.6927],[-73.158,-50.855],[-73.3866,-50.3499],[-73.4961,-49.5581],[-72.4584,-48.8543],[-71.6932,-46.6915],[-71.4001,-45.2789],[-71.9916,-44.895],[-71.0689,-44.6647],[-72.0465,-43.05],[-71.8602,-40.7482],[-70.8441,-38.7265],[-71.0951,-36.8052],[-70.3907,-36.1651],[-69.8155,-34.0717],[-70.4345,-31.257],[-69.5807,-28.5286],[-68.2492,-27.0796],[-68.4855,-24.744],[-67.2575,-24.0827],[-67.1889,-22.9835],[-67.7826,-22.9044],[-68.64,-20.4449],[-68.4329,-19.4591],[-69.4301,-17.6038]]],[[[-73.7713,-43.5088],[-73.6372,-41.9668],[-74.296,-43.2655],[-73.7713,-43.5088]]],[[[-73.0804,-53.032],[-72.869,-52.2813],[-73.5605,-52.2826],[-73.0804,-53.032]]],[[[-68.7494,-54.8886],[-68.7053,-53.2346],[-68.7013,-52.7201],[-69.4067,-52.5665],[-70.4647,-53.3731],[-69.5146,-53.3446],[-70.1455,-53.8057],[-69.0555,-54.602],[-70.6207,-54.5015],[-70.7215,-54.9369],[-68.7494,-54.8886]]]]},"properties":{"NAME":"Chile","SUBJECTO":"Chile","PARTOF":"Chile","BORDERPRECISION":3,"LINK":null}},
{"type":"Feature","geometry":{"type":"Polygon","coordinates":[[[25,-17.8122],[23.6596,-18.4495],[23.2863,-18.1147],[20.95,-18.3955],[20.919,-22.0577],[19.886,-22.1146],[19.8428,-24.9441],[20.649,-25.7533],[20.7733,-26.9543],[22.1724,-26.5583],[23.0884,-25.364],[25.3759,-25.8404],[26.9631,-23.7711],[29.2334,-22.1873],[27.97,-21.5779],[27.6179,-20.569],[26.1037,-19.5351],[25.3453,-18.0136],[25,-17.8122]]]},"properties":{"NAME":"Botswana","SUBJECTO":"United Kingdom","PARTOF":"Botswana","BORDERPRECISION":3,"LINK":null}},
{"type":"Feature","geometry":{"type":"Polygon","coordinates":[[[-62.61,-22.1565],[-60.8647,-23.8805],[-57.7099,-25.3359],[-58.6918,-27.3167],[-55.7318,-27.4521],[-54.5804,-25.7433],[-54.2272,-24.058],[-55.2347,-24.0321],[-55.6228,-22.4462],[-57.8058,-22.154],[-58.1377,-19.8118],[-59.2147,-19.3036],[-61.5508,-19.6412],[-62.61,-22.1565]]]},"properties":{"NAME":"Paraguay","SUBJECTO":"Paraguay","PARTOF":"Paraguay","BORDERPRECISION":3,"LINK":null}},
{"type":"Feature","geometry":{"type":"MultiPolygon","coordinates":[[[[32.1633,-27.0094],[31.3312,-27.4085],[30.8118,-26.7501],[31.3616,-25.8185],[32.0134,-26.0818],[31.2784,-22.5569],[29.2334,-22.1873],[26.9631,-23.7711],[25.3759,-25.8404],[23.0884,-25.364],[22.1724,-26.5583],[20.7733,-26.9543],[20.649,-25.7533],[19.8428,-24.9441],[19.8404,-28.4442],[18.9372,-28.963],[17.7066,-28.8731],[17.0085,-28.0719],[16.3342,-28.5608],[18.1786,-31.8053],[18.3087,-32.7075],[17.8676,-32.9944],[18.3463,-34.3472],[19.8838,-34.9923],[22.2621,-34.1675],[24.5922,-34.3598],[26.963,-33.713],[32.2347,-28.7444],[32.849,-26.9789],[32.1633,-27.0094]],[[27.8479,-30.7863],[27.0708,-29.7987],[28.6156,-28.7215],[29.4362,-29.429],[27.8479,-30.7863]]],[[[14.5701,-22.7581],[14.444,-23.4117],[14.7916,-23.4031],[14.5701,-22.7581]]]]},"properties":{"NAME":"South Africa","SUBJECTO":"South Africa","PARTOF":"South Africa","BORDERPRECISION":3,"LINK":null}},
{"type":"Feature","geometry":{"type":"Polygon","coordinates":[[[32.0134,-26.0818],[31.3616,-25.8185],[30.8118,-26.7501],[31.3312,-27.4085],[32.1633,-27.0094],[32.0134,-26.0818]]]},"properties":{"NAME":"Swaziland","SUBJECTO":"United Kingdom","PARTOF":"Swaziland","BORDERPRECISION":3,"LINK":null}},
{"type":"Feature","geometry":{"type":"Polygon","coordinates":[[[27.8479,-30.7863],[29.4362,-29.429],[28.6156,-28.7215],[27.0708,-29.7987],[27.8479,-30.7863]]]},"properties":{"NAME":"Lesotho","SUBJECTO":"United Kingdom","PARTOF":"Lesotho","BORDERPRECISION":3,"LINK":null}},
{"type":"Feature","geometry":{"type":"MultiPolygon","coordinates":[[[[175.3077,-37.321],[174.6448,-36.8306],[174.3002,-35.3473],[172.6332,-34.5595],[174.7647,-37.2965],[174.6547,-38.9833],[173.8048,-39.4197],[175.3536,-40.3],[174.8954,-41.2961],[175.3653,-41.6616],[178.5995,-38.1254],[176.1292,-37.7982],[175.6627,-36.95],[175.3077,-37.321]]],[[[172.0627,-43.9231],[173.0096,-43.8438],[172.4405,-43.5094],[174.2335,-42.0112],[174.0585,-41.2914],[173.264,-41.5437],[172.4374,-40.7531],[171.0241,-42.8869],[167.9667,-44.4802],[166.5228,-46.2327],[169.3993,-46.7096],[170.6116,-45.9461],[170.9942,-44.2675],[172.0627,-43.9231]]]]},"properties":{"NAME":"New Zealand","SUBJECTO":"New Zealand","PARTOF":"New Zealand","BORDERPRECISION":3,"LINK":null}},
{"type":"Feature","geometry":{"type":"MultiPolygon","coordinates":[[[[-67.1889,-22.9835],[-67.2575,-24.0827],[-68.4855,-24.744],[-68.2492,-27.0796],[-69.5807,-28.5286],[-70.4345,-31.257],[-69.8155,-34.0717],[-70.3907,-36.1651],[-71.0951,-36.8052],[-70.8441,-38.7265],[-71.8602,-40.7482],[-72.0465,-43.05],[-71.0689,-44.6647],[-71.9916,-44.895],[-71.4001,-45.2789],[-71.6932,-46.6915],[-72.4584,-48.8543],[-73.4961,-49.5581],[-73.3866,-50.3499],[-73.158,-50.855],[-72.3329,-50.6927],[-71.7945,-52.0884],[-68.4559,-52.4202],[-69.0409,-50.5624],[-67.8335,-49.9682],[-67.5776,-49.0585],[-65.7133,-47.3536],[-67.1119,-46.7324],[-67.4725,-45.9223],[-66.6949,-45.1311],[-65.4362,-44.8897],[-65.3072,-43.6014],[-64.3093,-43.0271],[-65.0851,-42.7844],[-63.6,-42.7044],[-63.729,-42.101],[-64.2859,-42.4745],[-64.992,-42.1934],[-65.1532,-40.9753],[-62.3533,-40.8992],[-62.3099,-38.8802],[-59.5154,-38.8745],[-57.6434,-38.2587],[-56.6981,-36.9441],[-57.3717,-36.1494],[-57.2255,-35.4363],[-58.5228,-34.5871],[-58.3397,-34.2161],[-57.5757,-30.4029],[-54.9113,-27.8031],[-53.7311,-27.2183],[-53.8489,-25.7518],[-54.5804,-25.7433],[-55.7318,-27.4521],[-58.6918,-27.3167],[-57.7099,-25.3359],[-60.8647,-23.8805],[-62.61,-22.1565],[-63.7836,-22.0745],[-64.2486,-22.8775],[-64.7556,-22.1627],[-66.1459,-21.9231],[-67.1889,-22.9835]]],[[[-68.7494,-54.8886],[-65.2592,-54.7188],[-66.4175,-54.6072],[-68.7053,-53.2346],[-68.7494,-54.8886]]]]},"properties":{"NAME":"Argentina","SUBJECTO":"Argentina","PARTOF":"Argentina","BORDERPRECISION":3,"LINK":null}},
{"type":"Feature","geometry":{"type":"Polygon","coordinates":[[[-24.2189,65.5337],[-21.7938,65.2985],[-23.6746,64.6593],[-21.4885,64.3761],[-22.3729,63.7732],[-18.9608,63.3375],[-14.8212,64.195],[-13.5574,65.0094],[-16.3852,66.4544],[-17.8838,65.7568],[-18.6763,66.0912],[-19.336,65.6739],[-19.9733,66.1107],[-21.0797,65.2054],[-21.4432,66.1299],[-22.6764,66.3913],[-22.6093,65.9231],[-23.4656,66.1334],[-24.2189,65.5337]]]},"properties":{"NAME":"Iceland","SUBJECTO":"Iceland","PARTOF":"Iceland","BORDERPRECISION":3,"LINK":null}},
{"type":"Feature","geometry":{"type":"Polygon","coordinates":[[[-7.4275,55.0638],[-8.3454,55.0953],[-8.5901,54.2028],[-10.1597,54.1331],[-10.1598,53.3741],[-8.9236,53.1606],[-9.1926,52.5545],[-10.4692,52.2066],[-9.8191,51.4346],[-6.406,52.2144],[-6.2064,53.9567],[-8.0801,54.3256],[-7.4275,55.0638]]]},"properties":{"NAME":"Ireland","SUBJECTO":"Ireland","PARTOF":"Ireland","BORDERPRECISION":3,"LINK":null}},
{"type":"Feature","geometry":{"type":"Polygon","coordinates":[[[119.7147,46.7175],[118.5291,47.9516],[115.717,47.7287],[116.7598,49.9299],[114.0983,50.2743],[112.5245,49.462],[109.424,49.2955],[106.3229,50.4167],[103.3779,50.2173],[102.1174,51.3611],[98.9176,52.037],[97.9396,51.2269],[98.2363,50.2424],[97.4228,49.7863],[92.1597,50.7553],[87.8684,49.2329],[88.2299,48.5374],[90,47.8447],[90,46.8498],[91.1583,46.5527],[90,46.0143],[90,45.3285],[95.244,44.277],[96.3387,42.7888],[101.736,42.5408],[105.025,41.5852],[110.2532,42.7667],[111.8898,43.7378],[111.4146,44.5574],[111.9593,45.1072],[113.7687,44.8658],[115.9081,45.6061],[116.6881,46.3989],[119.7147,46.7175]]]},"properties":{"NAME":"Mongolia","SUBJECTO":"Mongolia","PARTOF":"Mongolia","BORDERPRECISION":3,"LINK":null}},
{"type":"Feature","geometry":{"type":"Polygon","coordinates":[[[6.1085,50.1175],[5.9996,50.7416],[5.1125,51.4055],[3.775,51.3877],[2.5221,51.0911],[4.1563,49.9658],[4.8654,50.1337],[5.8235,49.5071],[6.1085,50.1175]]]},"properties":{"NAME":"Belgium","SUBJECTO":"Belgium","PARTOF":"Belgium","BORDERPRECISION":3,"LINK":null}},
{"type":"Feature","geometry":{"type":"Polygon","coordinates":[[[16.2596,46.8888],[17.7944,45.8067],[20.3147,46.1315],[23.0289,48.0122],[22.0995,48.4046],[17.3312,47.9947],[16.4009,47.6465],[16.2596,46.8888]]]},"properties":{"NAME":"Hungary","SUBJECTO":"Hungary","PARTOF":"Hungary","BORDERPRECISION":3,"LINK":null}},
{"type":"Feature","geometry":{"type":"Polygon","coordinates":[[[20.3147,46.1315],[21.3675,44.8087],[22.6911,44.6387],[22.694,44.2631],[22.9444,43.8954],[25.3781,43.7806],[26.6844,44.2526],[28.5101,43.7431],[29.6159,45.4102],[28.1898,45.464],[28.0787,47.0305],[26.9953,48.1895],[24.8922,47.7438],[23.0289,48.0122],[20.3147,46.1315]]]},"properties":{"NAME":"Romania","SUBJECTO":"Romania","PARTOF":"Romania","BORDERPRECISION":3,"LINK":null}},
{"type":"Feature","geometry":{"type":"Polygon","coordinates":[[[22.694,44.2631],[22.3181,43.6815],[22.9278,43.0864],[22.3264,42.2927],[22.9202,41.2307],[25.5337,41.1681],[26.3499,41.6408],[27.918,41.9777],[27.502,42.5163],[28.5101,43.7431],[26.6844,44.2526],[25.3781,43.7806],[22.9444,43.8954],[22.694,44.2631]]]},"properties":{"NAME":"Bulgaria","SUBJECTO":"Bulgaria","PARTOF":"Bulgaria","BORDERPRECISION":3,"LINK":null}},
{"type":"Feature","geometry":{"type":"Polygon","coordinates":[[[87.8684,49.2329],[85.7619,48.3614],[85.4776,47.0927],[83.2517,47.2949],[82.6019,45.2],[80.06,45.0378],[80.7721,43.3825],[80.256,42.0837],[78.1107,41.0728],[77.0204,41.1116],[76.4816,40.437],[75.43,40.6102],[73.8849,39.8797],[73.712,38.7187],[74.7029,38.5207],[74.7333,37.2094],[74.5205,37.0046],[75.6278,36.769],[76.0923,35.7984],[77.8462,35.4748],[78.8067,34.1997],[79.8372,34.5065],[80.4471,35.4245],[81.6922,35.2572],[82.5869,35.7491],[84.0983,35.3556],[88.5221,36.5002],[89.5663,36.0575],[91.2527,36.1167],[90.8068,36.8083],[91.3483,37.0883],[90.1061,38.4728],[92.3993,38.9946],[93.0045,40.5853],[96.094,41.9971],[96.3387,42.7888],[95.244,44.277],[90,45.3285],[90,46.0143],[91.1583,46.5527],[90,46.8498],[90,47.8447],[88.2299,48.5374],[87.8684,49.2329]]]},"properties":{"NAME":"Xinjiang","SUBJECTO":"Xinjiang","PARTOF":"Xinjiang","BORDERPRECISION":3,"LINK":null}},
{"type":"Feature","geometry":{"type":"Polygon","coordinates":[[[20.1224,39.551],[21.0316,40.7268],[20.073,42.4859],[19.5577,42.5473],[19.3677,41.8464],[19.3691,40.2603],[20.1224,39.551]]]},"properties":{"NAME":"Albania","SUBJECTO":"Albania","PARTOF":"Albania","BORDERPRECISION":3,"LINK":null}},
{"type":"Feature","geometry":{"type":"Polygon","coordinates":[[[-8.8061,41.8892],[-9.549,38.7745],[-9.0408,38.9202],[-9.2366,38.4174],[-8.7889,38.436],[-8.9908,36.99],[-7.4915,37.2082],[-6.8448,38.1002],[-7.3939,38.295],[-6.9334,38.9613],[-7.431,39.5205],[-6.8783,39.7024],[-6.8344,41.0605],[-6.1115,41.4175],[-6.7087,41.96],[-8.8061,41.8892]]]},"properties":{"NAME":"Portugal","SUBJECTO":"Portugal","PARTOF":"Portugal","BORDERPRECISION":3,"LINK":null}},
{"type":"Feature","geometry":{"type":"MultiPolygon","coordinates":[[[[26.3499,41.6408],[26.0207,40.6693],[26.5565,40.4983],[26.1409,40.0447],[27.4742,40.9628],[28.9645,40.9892],[27.918,41.9777],[26.3499,41.6408]]],[[[44.7946,37.1318],[44.0648,39.1733],[44.6696,39.757],[43.6845,40.1091],[43.8473,40.75],[42.8784,41.5455],[41.484,41.4365],[40.361,40.9634],[38.314,40.9209],[36.3829,41.2375],[35.0019,42.0432],[33.1555,41.9496],[31.2177,41.0541],[29.1612,41.2164],[29.8827,40.7464],[28.9016,40.6201],[29.0524,40.3347],[27.0561,40.4297],[26.186,39.9972],[26.0641,39.4555],[26.9575,39.5483],[26.6022,39.2557],[27.0349,38.8211],[26.3932,38.1044],[27.1398,37.8891],[27.3081,36.9207],[27.9988,36.9094],[28.0142,36.5272],[29.0023,36.6948],[29.4719,36.0907],[30.3949,36.118],[30.9053,36.7942],[33.1713,35.9709],[35.8909,36.7711],[35.8291,35.8848],[36.7148,36.1698],[36.5843,36.7072],[39.1747,36.5528],[42.53,37.202],[44.7946,37.1318]]]]},"properties":{"NAME":"Turkey","SUBJECTO":"Turkey","PARTOF":"Turkey","BORDERPRECISION":3,"LINK":null}},
{"type":"Feature","geometry":{"type":"MultiPolygon","coordinates":[[[[22.9202,41.2307],[21.0316,40.7268],[20.1224,39.551],[21.1595,39.0048],[20.7718,38.8509],[21.1724,38.3478],[23.1163,38.1574],[21.9058,38.2697],[21.2211,37.8284],[21.7809,36.8225],[22.9826,36.6148],[22.6423,37.5849],[23.4181,37.4693],[22.8981,37.9],[23.4193,38.0681],[23.9182,37.6846],[23.9607,38.2099],[22.4905,38.8769],[22.8509,39.3661],[23.2361,39.2032],[22.4921,40.4983],[23.5969,39.9341],[23.2918,40.2873],[24.2954,40.1765],[23.6347,40.7728],[25.0189,41.0171],[26.0207,40.6693],[26.3499,41.6408],[25.5337,41.1681],[22.9202,41.2307]]],[[[24.6935,34.9405],[26.2735,35.3127],[23.5294,35.5696],[24.6935,34.9405]]]]},"properties":{"NAME":"Greece","SUBJECTO":"Greece","PARTOF":"Greece","BORDERPRECISION":3,"LINK":null}},
{"type":"Feature","geometry":{"type":"Polygon","coordinates":[[[44.7946,37.1318],[45.3881,35.9256],[46.211,35.7838],[45.5062,33.7973],[46.124,32.772],[47.7424,31.9048],[47.6887,30.8821],[48.5536,29.9946],[49.2222,30.4775],[49.3214,30.1029],[50.1324,30.0664],[51.3501,28.0361],[53.6339,26.7479],[54.6461,26.3913],[56.4309,27.1066],[57.4649,25.7048],[61.57,25.0396],[61.9413,26.1564],[63.1562,26.5508],[63.257,27.1038],[60.8205,29.8333],[61.7792,30.9052],[60.7938,31.5789],[60.5401,32.9932],[60.8531,33.4838],[60.4192,34.078],[61.2213,35.5816],[61.014,36.6366],[57.2255,38.1882],[55.3557,38.0377],[54.0151,37.3483],[53.7997,36.679],[51.417,36.4557],[48.8372,37.511],[48.825,38.3096],[48.0518,38.6871],[48.3955,39.363],[47.8538,39.7097],[46.2805,38.8221],[44.6696,39.757],[44.0648,39.1733],[44.7946,37.1318]]]},"properties":{"NAME":"Iran","SUBJECTO":"Iran","PARTOF":"Iran","BORDERPRECISION":3,"LINK":null}},
{"type":"Feature","geometry":{"type":"Polygon","coordinates":[[[74.7333,37.2094],[73.0472,37.3283],[71.5245,36.7143],[71.4441,37.834],[70.7188,38.3649],[69.3078,37.0837],[67.9654,36.8344],[65.7247,37.4903],[62.6776,35.2655],[61.2213,35.5816],[60.4192,34.078],[60.8531,33.4838],[60.5401,32.9932],[60.7938,31.5789],[61.7792,30.9052],[60.8205,29.8333],[62.9464,29.3563],[66.0906,29.7361],[66.9208,31.2074],[69.2064,31.798],[69.5079,32.9486],[70.2892,33.2831],[69.87,33.9408],[71.1535,34.1384],[71.5334,36.2372],[74.0876,36.8049],[74.5205,37.0046],[74.7333,37.2094]]]},"properties":{"NAME":"Afghanistan","SUBJECTO":"Afghanistan","PARTOF":"Afghanistan","BORDERPRECISION":3,"LINK":null}},
{"type":"Feature","geometry":{"type":"Polygon","coordinates":[[[42.53,37.202],[41.293,36.1954],[41.1191,34.4266],[38.7536,33.2067],[39.3265,32.1365],[43.5399,30.2932],[43.6216,29.468],[46.5092,28.9701],[47.1067,29.8118],[47.9114,29.8903],[48.5536,29.9946],[47.6887,30.8821],[47.7424,31.9048],[46.124,32.772],[45.5062,33.7973],[46.211,35.7838],[45.3881,35.9256],[44.7946,37.1318],[42.53,37.202]]]},"properties":{"NAME":"Iraq","SUBJECTO":"Iraq","PARTOF":"Iraq","BORDERPRECISION":3,"LINK":null}},
{"type":"Feature","geometry":{"type":"Polygon","coordinates":[[[35.8291,35.8848],[35.8519,34.4929],[36.5021,34.048],[35.5044,33.1085],[35.7022,32.7194],[36.8366,32.1859],[38.7536,33.2067],[41.1191,34.4266],[41.293,36.1954],[42.53,37.202],[39.1747,36.5528],[36.5843,36.7072],[36.7148,36.1698],[35.8291,35.8848]]]},"properties":{"NAME":"Syria","SUBJECTO":"Syria","PARTOF":"Syria","BORDERPRECISION":3,"LINK":null}},
{"type":"Feature","geometry":{"type":"Polygon","coordinates":[[[11.4707,33.1441],[10.0195,34.0815],[11.1251,35.2406],[10.5115,36.0862],[11.0238,37.0683],[10.3928,36.7166],[9.4161,37.2754],[8.6367,36.8853],[8.291,34.7695],[7.5306,33.8119],[9.0065,31.9073],[9.5749,30.2074],[10.1328,30.6427],[10.1324,31.4816],[11.4164,32.3277],[11.4707,33.1441]]]},"properties":{"NAME":"Tunisia","SUBJECTO":"France","PARTOF":"Tunisia","BORDERPRECISION":3,"LINK":null}},
{"type":"Feature","geometry":{"type":"Polygon","coordinates":[[[-8.6292,27.1727],[-4.8658,24.9949],[1.0874,21.133],[1.8395,20.1648],[3.0624,19.905],[3.2252,18.9526],[4.2038,19.1363],[5.7755,19.4442],[11.959,23.4717],[11.4479,24.2568],[10.3147,24.4663],[9.3767,26.0371],[9.9233,26.8092],[9.607,29.5408],[9.5749,30.2074],[9.0065,31.9073],[7.5306,33.8119],[8.291,34.7695],[8.6367,36.8853],[6.3229,37.0906],[5.3827,36.6745],[1.0576,36.4619],[-2.193,35.0542],[-1.2343,31.989],[-2.8171,31.9928],[-3.7803,31.555],[-3.7294,30.8942],[-8.5932,28.6414],[-8.6412,27.5668],[-8.6292,27.1727]]]},"properties":{"NAME":"Algeria","SUBJECTO":"France","PARTOF":"Algeria","BORDERPRECISION":3,"LINK":null}},
{"type":"Feature","geometry":{"type":"Polygon","coordinates":[[[-8.6412,27.5668],[-8.5932,28.6414],[-3.7294,30.8942],[-3.7803,31.555],[-2.8171,31.9928],[-1.2343,31.989],[-2.193,35.0542],[-3.009,35.39],[-4.593,35.1512],[-5.9288,35.7279],[-7.004,33.875],[-9.2187,32.5804],[-9.8696,29.643],[-13.1236,27.5463],[-8.6412,27.5668]]]},"properties":{"NAME":"Morocco","SUBJECTO":"France","PARTOF":"Morocco","BORDERPRECISION":3,"LINK":null}},
{"type":"Feature","geometry":{"type":"Polygon","coordinates":[[[35.8519,34.4929],[34.972,32.9384],[35.5044,33.1085],[36.5021,34.048],[35.8519,34.4929]]]},"properties":{"NAME":"Lebanon","SUBJECTO":"Lebanon","PARTOF":"Lebanon","BORDERPRECISION":3,"LINK":null}},
{"type":"Feature","geometry":{"type":"Polygon","coordinates":[[[-97.26,25.8114],[-99.1,26.4088],[-101.1966,29.4909],[-102.2372,29.7778],[-103.586,29.0569],[-106.5445,31.7021],[-111.0889,31.3067],[-114.8841,32.6357],[-117.1737,32.5206],[-115.6023,29.6852],[-114.0673,28.4229],[-114.2144,27.9075],[-115.0546,27.8532],[-112.411,26.1928],[-112.0928,24.89],[-110.0036,22.8854],[-109.4886,23.5731],[-110.2049,24.3155],[-110.6557,24.2192],[-111.5938,26.7604],[-114.6828,30.1432],[-114.8387,31.8155],[-113.0521,31.1387],[-111.6916,28.4961],[-109.1888,26.4412],[-109.2627,25.6462],[-108.0775,25.0638],[-105.5399,22.2846],[-105.2161,21.3126],[-105.6873,20.4026],[-104.9479,19.4378],[-103.4939,18.3539],[-97.8809,16.052],[-96.3329,15.7502],[-94.363,16.2248],[-92.1554,14.5428],[-91.7595,16.0978],[-90,16.0978],[-90,16.8164],[-91.4772,17.2639],[-91.0278,17.2782],[-91.0099,17.8362],[-89.1543,17.8312],[-88.3205,18.4944],[-88.1377,18.8944],[-87.8771,18.3809],[-87.6507,20.1899],[-86.9359,20.9764],[-87.2006,21.5289],[-90,21.1607],[-90,19.3815],[-91.2197,19.1025],[-91.7297,18.4157],[-92.0979,18.7596],[-94.5899,18.2712],[-96.0123,18.9293],[-97.882,22.3326],[-97.26,25.8114]]]},"properties":{"NAME":"Mexico","SUBJECTO":"Mexico","PARTOF":"Mexico","BORDERPRECISION":3,"LINK":null}},
{"type":"Feature","geometry":{"type":"Polygon","coordinates":[[[46.5092,28.9701],[48.4435,28.4402],[48.1291,29.2682],[47.614,29.2722],[47.9114,29.8903],[47.1067,29.8118],[46.5092,28.9701]]]},"properties":{"NAME":"Kuwait","SUBJECTO":"Kuwait","PARTOF":"Kuwait","BORDERPRECISION":3,"LINK":null}},
{"type":"Feature","geometry":{"type":"Polygon","coordinates":[[[101.014,21.4424],[99.2086,22.1494],[99.4689,23.1414],[98.985,23.1513],[98.6988,24.1465],[97.5306,23.8921],[97.5241,24.8],[98.7337,26.3432],[98.6372,27.4787],[98.0087,28.0908],[97.3404,28.1821],[97.0642,27.1333],[96.2967,27.2431],[95.1818,26.5576],[94.1848,23.9362],[93.4287,24.0779],[93.1277,22.2029],[92.51,22.1104],[92.5976,21.387],[92.1237,20.9964],[94.2474,18.5788],[94.1444,16.0057],[94.8193,16.2105],[95.3298,15.6779],[96.6629,16.6972],[96.7704,17.3327],[97.5732,16.4451],[98.8674,11.645],[98.5932,10.1205],[99.5811,11.8887],[98.137,15.1896],[98.8236,16.3177],[97.3735,18.4494],[98.0157,19.7486],[100.0012,20.4587],[101.014,21.4424]]]},"properties":{"NAME":"Burma","SUBJECTO":"Burma","PARTOF":"Burma","BORDERPRECISION":3,"LINK":null}},
{"type":"Feature","geometry":{"type":"Polygon","coordinates":[[[92.51,22.1104],[92.1823,23.696],[91.5974,22.9433],[91.1431,23.3915],[92.1887,25.0548],[90,25.1825],[89.7144,25.9611],[88.4234,26.3345],[88.0125,25.8941],[88.8796,25.2452],[88.0343,24.6625],[88.7426,24.2285],[89.0723,21.7743],[90,21.9303],[90,22.561],[91.4102,22.7208],[92.1237,20.9964],[92.5976,21.387],[92.51,22.1104]]]},"properties":{"NAME":"Bangladesh","SUBJECTO":"Bangladesh","PARTOF":"Bangladesh","BORDERPRECISION":3,"LINK":null}},
{"type":"Feature","geometry":{"type":"Polygon","coordinates":[[[100.0012,20.4587],[98.0157,19.7486],[97.3735,18.4494],[98.8236,16.3177],[98.137,15.1896],[99.5811,11.8887],[98.5932,10.1205],[98.1952,8.3271],[100.1587,6.3401],[100.6174,6.4223],[101.0764,5.5313],[101.7626,5.5862],[102.0738,6.1542],[100.5396,7.0487],[99.8373,9.2265],[99.1956,9.2378],[99.0713,9.8983],[100.04,13.3947],[100.9087,13.4473],[100.8716,12.6785],[102.6708,12.0377],[102.3345,13.2326],[102.8484,14.0931],[105.0565,14.2395],[105.4732,15.1502],[103.9276,18.2782],[103.2245,18.4392],[102.6615,17.8454],[101.8646,18.1074],[100.9536,17.4543],[101.1176,19.5],[100.4172,19.5086],[100.0012,20.4587]]]},"properties":{"NAME":"Thailand","SUBJECTO":"Thailand","PARTOF":"Thailand","BORDERPRECISION":3,"LINK":null}},
{"type":"Feature","geometry":{"type":"Polygon","coordinates":[[[-89.1543,17.8312],[-89.2511,15.8975],[-88.9408,15.9046],[-88.2834,16.8347],[-88.3205,18.4944],[-89.1543,17.8312]]]},"properties":{"NAME":"Belize","SUBJECTO":"Belize","PARTOF":"Belize","BORDERPRECISION":3,"LINK":null}},
{"type":"Feature","geometry":{"type":"Polygon","coordinates":[[[-92.1554,14.5428],[-91.242,13.9516],[-90,13.8729],[-89.3803,14.4666],[-88.2739,15.7472],[-88.9408,15.9046],[-89.2511,15.8975],[-89.1543,17.8312],[-91.0099,17.8362],[-91.0278,17.2782],[-91.4772,17.2639],[-90,16.8164],[-90,16.0978],[-91.7595,16.0978],[-92.1554,14.5428]]]},"properties":{"NAME":"Guatemala","SUBJECTO":"Guatemala","PARTOF":"Guatemala","BORDERPRECISION":3,"LINK":null}},
{"type":"Feature","geometry":{"type":"Polygon","coordinates":[[[-83.4172,15.0009],[-84.6505,15.9334],[-88.2739,15.7472],[-89.3803,14.4666],[-87.7896,13.9086],[-87.7706,13.5009],[-87.4043,13.0299],[-84.8338,14.7714],[-83.4172,15.0009]]]},"properties":{"NAME":"Honduras","SUBJECTO":"Honduras","PARTOF":"Honduras","BORDERPRECISION":3,"LINK":null}},
{"type":"Feature","geometry":{"type":"Polygon","coordinates":[[[-90,13.8729],[-88.6381,13.2552],[-87.7706,13.5009],[-87.7896,13.9086],[-89.3803,14.4666],[-90,13.8729]]]},"properties":{"NAME":"El Salvador","SUBJECTO":"El Salvador","PARTOF":"El Salvador","BORDERPRECISION":3,"LINK":null}},
{"type":"Feature","geometry":{"type":"Polygon","coordinates":[[[-77.8967,7.1718],[-77.3222,6.5435],[-77.4445,4.1791],[-77.106,3.7922],[-77.8021,2.5769],[-78.6095,2.3654],[-78.9435,1.3808],[-77.2897,0.2624],[-76.1479,0.3455],[-75.5256,-0.1402],[-74.4742,-0.5726],[-72.9591,-2.4513],[-70.9231,-2.3184],[-70.0523,-2.8217],[-70.5879,-3.7909],[-69.878,-4.187],[-69.3208,-1.2983],[-69.983,0.4648],[-69.0424,0.534],[-69.7611,1.0446],[-69.7366,1.655],[-67.9747,1.6146],[-67.1797,2.0707],[-67.7678,2.8237],[-67.223,3.3355],[-67.9352,5.1432],[-67.4759,6.2077],[-69.3032,6.0061],[-70.3065,6.9729],[-71.8121,6.9703],[-72.364,7.4693],[-72.8776,9.2402],[-73.3368,9.1994],[-72.051,11.7218],[-71.1887,11.9116],[-71.6979,12.4281],[-73.3623,11.325],[-74.2189,11.3676],[-74.449,10.7697],[-75.2264,10.8252],[-75.7027,9.426],[-76.8425,8.5592],[-76.8582,7.93],[-77.4947,8.6615],[-77.1253,7.9804],[-77.8967,7.1718]]]},"properties":{"NAME":"Colombia","SUBJECTO":"Colombia","PARTOF":"Colombia","BORDERPRECISION":3,"LINK":null}},
{"type":"Feature","geometry":{"type":"Polygon","coordinates":[[[2.3201,12.1715],[2.0853,11.4518],[0.9251,10.8983],[1.587,9.0843],[1.761,6.2532],[2.7668,6.3481],[2.7642,8.8625],[3.8306,10.7057],[3.6097,11.7214],[2.7245,12.3391],[2.3201,12.1715]]]},"properties":{"NAME":"Benin","SUBJECTO":"Benin","PARTOF":"Benin","BORDERPRECISION":3,"LINK":null}},
{"type":"Feature","geometry":{"type":"Polygon","coordinates":[[[-2.8404,9.5729],[-2.5249,8.2781],[-3.1936,6.6023],[-2.7497,5.0956],[-2.0312,4.6982],[1.1657,6.0663],[0.5359,6.8152],[0.7343,8.2593],[0.064,11.0648],[-2.7025,10.9277],[-2.8404,9.5729]]]},"properties":{"NAME":"Gold Coast","SUBJECTO":"United Kingdom","PARTOF":"Gold Coast","BORDERPRECISION":3,"LINK":null}},
{"type":"Feature","geometry":{"type":"Polygon","coordinates":[[[0.064,11.0648],[0.7343,8.2593],[0.5359,6.8152],[1.1657,6.0663],[1.761,6.2532],[1.587,9.0843],[0.9251,10.8983],[0.064,11.0648]]]},"properties":{"NAME":"Togo","SUBJECTO":"Togo","PARTOF":"Togo","BORDERPRECISION":3,"LINK":null}},
{"type":"Feature","geometry":{"type":"Polygon","coordinates":[[[-7.9075,10.1213],[-8.1969,9.6619],[-7.4506,8.3505],[-8.0567,8.3787],[-8.3038,7.4365],[-8.5073,6.4437],[-7.3596,5.605],[-7.5625,4.3512],[-5,5.2383],[-2.7497,5.0956],[-3.1936,6.6023],[-2.5249,8.2781],[-2.8404,9.5729],[-4.5585,9.6072],[-5.5638,10.3577],[-6.066,10.1068],[-6.3692,10.6326],[-7.0545,10.0501],[-7.5142,10.3906],[-7.9075,10.1213]]]},"properties":{"NAME":"Ivory Coast","SUBJECTO":"France","PARTOF":"Ivory Coast","BORDERPRECISION":3,"LINK":null}},
{"type":"Feature","geometry":{"type":"MultiPolygon","coordinates":[[[[100.1587,6.3401],[100.6643,3.9037],[101.3364,2.7805],[103.3491,1.4124],[104.1756,1.3887],[103.3511,2.804],[103.3418,4.8054],[102.0738,6.1542],[101.7626,5.5862],[101.0764,5.5313],[100.6174,6.4223],[100.1587,6.3401]]],[[[109.5175,1.8205],[110.5486,0.726],[111.562,0.7638],[112.616,1.4629],[113.6768,1.1451],[114.6589,1.5958],[115.7068,4.1567],[117.5587,3.9807],[118.3187,4.2342],[118.1084,4.939],[119.0426,5.1698],[117.3701,5.7889],[117.5071,6.3928],[117.0311,6.8365],[116.5956,6.8991],[115.7173,5.4676],[115.2917,5.454],[115.3614,4.8759],[114.9615,4.8765],[115.1613,4.3094],[114.4337,3.9983],[114.0737,4.455],[112.7592,3.0086],[111.3718,2.5989],[111.1199,1.2703],[109.5175,1.8205]]]]},"properties":{"NAME":"Malaysia","SUBJECTO":"Malaysia","PARTOF":"Malaysia","BORDERPRECISION":3,"LINK":null}},
{"type":"Feature","geometry":{"type":"Polygon","coordinates":[[[-56.7096,1.8915],[-55.7935,1.7253],[-55.9011,2.3985],[-54.3883,2.2613],[-53.9773,3.3571],[-54.3661,4.6899],[-53.8369,5.6895],[-57.0651,5.8374],[-57.9951,3.9626],[-56.7096,1.8915]]]},"properties":{"NAME":"Suriname","SUBJECTO":"Suriname","PARTOF":"Suriname","BORDERPRECISION":3,"LINK":null}},
{"type":"Feature","geometry":{"type":"Polygon","coordinates":[[[-54.3883,2.2613],[-52.8464,2.0925],[-51.6234,4.2159],[-53.8369,5.6895],[-54.3661,4.6899],[-53.9773,3.3571],[-54.3883,2.2613]]]},"properties":{"NAME":"French Guiana","SUBJECTO":"French Guiana","PARTOF":"French Guiana","BORDERPRECISION":3,"LINK":null}},
{"type":"Feature","geometry":{"type":"Polygon","coordinates":[[[16.0767,2.1277],[15.928,1.6183],[13.2661,2.1109],[13.149,1.1504],[14.0463,1.3338],[14.3875,0.7828],[13.8029,0.1183],[14.4928,-0.7421],[14.1381,-2.5622],[12.5348,-1.8979],[12.325,-2.4395],[11.587,-2.66],[11.7811,-3.8348],[11.1512,-3.9323],[11.9997,-5.0041],[12.7043,-4.5286],[13.0172,-4.7682],[14.3341,-4.3027],[14.4439,-4.8869],[15.9936,-3.6699],[16.2521,-1.9902],[17.4547,-0.8453],[18.504,3.5341],[16.663,3.4088],[16.0767,2.1277]]]},"properties":{"NAME":"Congo","SUBJECTO":"Congo","PARTOF":"Congo","BORDERPRECISION":3,"LINK":null}},
{"type":"Feature","geometry":{"type":"Polygon","coordinates":[[[13.2661,2.1109],[11.2177,2.0543],[11.2388,0.9102],[9.629,0.8895],[9.3501,0.5352],[9.8833,0.0788],[9.4734,0.116],[8.8152,-0.8958],[11.1512,-3.9323],[11.7811,-3.8348],[11.587,-2.66],[12.325,-2.4395],[12.5348,-1.8979],[14.1381,-2.5622],[14.4928,-0.7421],[13.8029,0.1183],[14.3875,0.7828],[14.0463,1.3338],[13.149,1.1504],[13.2661,2.1109]]]},"properties":{"NAME":"Gabon","SUBJECTO":"Gabon","PARTOF":"Gabon","BORDERPRECISION":3,"LINK":null}},
{"type":"Feature","geometry":{"type":"MultiPolygon","coordinates":[[[[11.2177,2.0543],[9.8812,2.0583],[9.3704,1.1707],[9.629,0.8895],[11.2388,0.9102],[11.2177,2.0543]]],[[[8.5763,3.0665],[8.8272,3.6119],[8.3581,3.3174],[8.5763,3.0665]]]]},"properties":{"NAME":"Equatorial Guinea","SUBJECTO":"Equatorial Guinea","PARTOF":"Equatorial Guinea","BORDERPRECISION":3,"LINK":null}},
{"type":"Feature","geometry":{"type":"Polygon","coordinates":[[[-78.9435,1.3808],[-80.0856,0.818],[-80.3388,-0.6632],[-80.9661,-1.0331],[-80.7776,-2.5387],[-80.3573,-2.7284],[-79.813,-2.1705],[-80.2289,-3.4712],[-80.2585,-4.414],[-78.9983,-5.0102],[-78.0405,-3.2187],[-75.8871,-1.992],[-75.2067,-0.8375],[-75.5256,-0.1402],[-76.1479,0.3455],[-77.2897,0.2624],[-78.9435,1.3808]]]},"properties":{"NAME":"Ecuador","SUBJECTO":"Ecuador","PARTOF":"Ecuador","BORDERPRECISION":3,"LINK":null}},
{"type":"Feature","geometry":{"type":"Polygon","coordinates":[[[-69.5899,-10.9022],[-70.5645,-10.8889],[-70.5428,-9.5227],[-72.1539,-10.0024],[-72.3054,-9.5585],[-73.1207,-9.4045],[-72.9161,-9.0411],[-73.89,-7.3248],[-73.0619,-6.5192],[-72.7693,-5.1448],[-69.878,-4.187],[-70.5879,-3.7909],[-70.0523,-2.8217],[-70.9231,-2.3184],[-72.9591,-2.4513],[-74.4742,-0.5726],[-75.5256,-0.1402],[-75.2067,-0.8375],[-75.8871,-1.992],[-78.0405,-3.2187],[-78.9983,-5.0102],[-80.2585,-4.414],[-80.2289,-3.4712],[-81.4133,-4.5671],[-80.8234,-5.7159],[-81.297,-6.0409],[-80.0659,-6.7563],[-79.0602,-8.2155],[-76.0526,-14.4101],[-74.0496,-16.045],[-71.6119,-17.2215],[-70.3636,-18.455],[-69.4301,-17.6038],[-68.6399,-12.5804],[-69.5899,-10.9022]]]},"properties":{"NAME":"Peru","SUBJECTO":"Peru","PARTOF":"Peru","BORDERPRECISION":3,"LINK":null}},
{"type":"Feature","geometry":{"type":"MultiPolygon","coordinates":[[[[-60.553,5.0091],[-62.58,4.0434],[-62.8413,3.4888],[-64.5827,4.1205],[-63.902,2.3763],[-63.2071,2.1834],[-65.3559,0.5623],[-65.5989,0.9867],[-66.1259,0.6404],[-66.8498,1.0111],[-67.1797,2.0707],[-67.9747,1.6146],[-69.7366,1.655],[-69.7611,1.0446],[-69.0424,0.534],[-69.983,0.4648],[-69.3208,-1.2983],[-69.878,-4.187],[-72.7693,-5.1448],[-73.0619,-6.5192],[-73.89,-7.3248],[-72.9161,-9.0411],[-73.1207,-9.4045],[-72.3054,-9.5585],[-72.1539,-10.0024],[-70.5428,-9.5227],[-70.5645,-10.8889],[-69.5899,-10.9022],[-68.5022,-11.0864],[-66.306,-9.8407],[-65.3087,-9.8157],[-65.2731,-11.3659],[-64.7563,-12.0491],[-60.4014,-13.8278],[-60.1009,-16.2785],[-58.3335,-16.3697],[-58.4017,-17.1325],[-57.5964,-18.0426],[-58.1377,-19.8118],[-57.8058,-22.154],[-55.6228,-22.4462],[-55.2347,-24.0321],[-54.2272,-24.058],[-54.5804,-25.7433],[-53.8489,-25.7518],[-53.7311,-27.2183],[-54.9113,-27.8031],[-57.5757,-30.4029],[-56.6266,-30.2896],[-55.8741,-31.1743],[-55.4406,-30.9749],[-54.1072,-31.85],[-53.2283,-32.8165],[-53.4056,-33.8795],[-51.2324,-30.2654],[-50.5817,-30.4165],[-51.4774,-31.8235],[-48.7284,-28.3671],[-48.7245,-25.4256],[-44.5613,-22.9899],[-42.1384,-22.972],[-40.9835,-22.0864],[-40.9328,-21.2794],[-39.739,-19.5741],[-39.6661,-18.227],[-39.1425,-17.7747],[-38.7989,-12.6273],[-38.2661,-12.8867],[-37.1865,-10.8447],[-35.5986,-9.6276],[-34.8907,-7.6118],[-35.4644,-5.2683],[-37.1806,-4.9543],[-39.7218,-3.009],[-43.2332,-2.4193],[-44.5934,-3.1466],[-44.7959,-1.7364],[-47.2371,-0.6804],[-48.0425,-0.8156],[-49.4228,-2.3588],[-49.2906,-1.7906],[-50.5285,-1.9331],[-50.9768,-1.1143],[-52.1435,-1.5172],[-49.8639,1.3283],[-50.6881,2.2162],[-51.3152,4.2611],[-51.6234,4.2159],[-52.8464,2.0925],[-54.3883,2.2613],[-55.9011,2.3985],[-55.7935,1.7253],[-56.7096,1.8915],[-59.1287,1.3304],[-59.9354,2.7305],[-59.5129,3.9663],[-60.0849,4.4588],[-59.8994,5.0448],[-60.553,5.0091]]],[[[-50.225,-1.7354],[-48.8857,-1.4211],[-48.4019,-0.3907],[-50.5014,-0.2617],[-50.6466,-1.2661],[-50.225,-1.7354]]]]},"properties":{"NAME":"Brazil","SUBJECTO":"Brazil","PARTOF":"Brazil","BORDERPRECISION":3,"LINK":null}},
{"type":"Feature","geometry":{"type":"MultiPolygon","coordinates":[[[[149.5542,-6.4061],[151.9199,-5.6573],[152.0899,-4.3604],[151.5393,-4.4061],[151.5699,-5.0289],[150.7216,-5.6218],[148.3063,-5.7732],[149.5542,-6.4061]]],[[[140.9476,-9.2739],[142.6074,-9.3766],[143.3311,-9],[142.2489,-8.3095],[143.4368,-8.3578],[143.6648,-7.6709],[144.6274,-7.7832],[145.8196,-8.0984],[147.6155,-10.084],[150.5234,-10.6371],[147.1512,-7.5617],[146.9091,-6.8948],[147.7386,-6.7405],[147.3765,-6.1248],[145.6081,-5.5248],[145.7282,-4.997],[144.5427,-3.9954],[140.8698,-2.7948],[140.9476,-9.2739]]]]},"properties":{"NAME":"Papua New Guinea","SUBJECTO":"Papua New Guinea","PARTOF":"Papua New Guinea","BORDERPRECISION":3,"LINK":null}},
{"type":"Feature","geometry":{"type":"MultiPolygon","coordinates":[[[[146.7127,-43.7218],[147.9257,-42.8234],[148.2695,-41.0926],[146.3822,-41.3083],[144.6969,-40.8622],[145.2794,-42.6677],[146.7127,-43.7218]]],[[[142.3376,-10.9154],[141.6785,-12.4678],[141.7113,-15.2267],[140.7075,-17.632],[139.8183,-17.761],[135.4166,-14.9732],[135.8309,-13.4848],[136.4691,-13.2228],[136.7911,-12.3703],[135.1285,-12.3866],[132.2056,-11.3186],[132.7511,-12.1692],[131.0283,-12.2683],[130.4635,-12.7589],[129.4266,-14.3059],[129.8486,-14.8199],[129.6323,-15.278],[128.4589,-14.8864],[128.0661,-15.3767],[127.9626,-14.7031],[126.8534,-13.7838],[126.546,-14.3502],[126.2684,-14.0711],[125.8632,-14.6949],[125.1557,-14.8045],[125.1091,-15.6247],[124.4245,-15.6579],[124.3378,-16.262],[124.8463,-16.53],[123.5758,-16.3908],[123.912,-16.9749],[123.4187,-17.5799],[122.7383,-16.5833],[122.0855,-17.3984],[122.1965,-18.2437],[120.8721,-19.6769],[116.4188,-20.8371],[114.232,-22.6155],[113.9006,-22.0377],[113.3792,-24.6136],[114.1808,-26.2714],[113.8807,-26.509],[113.3212,-25.6903],[113.7394,-26.6665],[113.0351,-26.1627],[114.6304,-28.903],[115.677,-31.9279],[115.0469,-34.4225],[117.5298,-35.251],[119.7715,-34.1202],[123.3586,-34.0428],[124.2484,-33.1441],[126.0589,-32.4344],[131.2802,-31.6348],[133.837,-32.342],[135.7124,-35.2074],[137.8682,-32.7471],[138.1887,-33.2935],[136.947,-35.4726],[137.6833,-35.3309],[138.1015,-34.3561],[138.5676,-34.9277],[138.1972,-35.7569],[139.3679,-35.6143],[140.012,-37.6416],[141.2253,-38.4566],[143.3648,-38.9697],[144.9698,-38.0658],[146.5259,-39.1806],[146.2992,-38.8935],[148.037,-38.0979],[149.7124,-37.7943],[150.2215,-35.6941],[152.9719,-31.4182],[153.4935,-28.8409],[152.9042,-25.6303],[150.8025,-23.5999],[150.6936,-22.6781],[149.5568,-22.4326],[148.7037,-20.2026],[146.3218,-19.0823],[145.1843,-15.0476],[144.3854,-14.3691],[143.7432,-14.4658],[142.9708,-12.535],[143.1731,-12.1213],[142.3376,-10.9154]]]]},"properties":{"NAME":"Australia","SUBJECTO":"Australia","PARTOF":"Australia","BORDERPRECISION":3,"LINK":null}},
{"type":"Feature","geometry":{"type":"Polygon","coordinates":[[[-58.3397,-34.2161],[-56.3383,-34.9955],[-54.9898,-34.9673],[-53.4056,-33.8795],[-53.2283,-32.8165],[-54.1072,-31.85],[-55.4406,-30.9749],[-55.8741,-31.1743],[-56.6266,-30.2896],[-57.5757,-30.4029],[-58.3397,-34.2161]]]},"properties":{"NAME":"Uruguay","SUBJECTO":"Uruguay","PARTOF":"Uruguay","BORDERPRECISION":3,"LINK":null}},
{"type":"Feature","geometry":{"type":"MultiPolygon","coordinates":[[[[-26.7875,71.5583],[-25.2913,71.5689],[-23.7537,70.5896],[-21.5471,70.4401],[-21.9044,71.4975],[-27.5189,73.1598],[-24.0764,73.7557],[-22.2692,73.2649],[-20.3296,73.4196],[-22.0288,74.104],[-19.051,74.3347],[-20.6689,75.0608],[-19.1998,75.6928],[-22.3777,76.6359],[-17.942,76.8651],[-20.1049,77.3825],[-19.1773,77.8242],[-21.382,77.5866],[-21.7,77.9235],[-17.7677,79.7774],[-20.0447,80.2397],[-16.4409,80.451],[-12.7051,81.6213],[-16.4654,81.9036],[-23.9117,80.5628],[-22.0636,81.9648],[-24.8766,81.5954],[-32.7487,81.7647],[-22.4324,82.7433],[-32.5132,83.577],[-38.5872,83.3824],[-38.5872,82.8277],[-44.8941,83.0779],[-44.683,81.7289],[-50.7724,82.4971],[-49.938,81.6762],[-52.816,82.1301],[-53.6635,81.4626],[-54.5752,82.3281],[-58.1333,82.0132],[-57.4442,81.4239],[-60.8873,81.8606],[-61.1118,81.1824],[-67.1428,80.5621],[-64.6232,79.9492],[-65.4849,79.1582],[-72.5453,78.3235],[-69.9936,77.5804],[-66.1534,77.5532],[-71.4483,77.1219],[-68.3763,76.7778],[-67.6191,76.019],[-62.9162,76.3645],[-58.2285,75.6106],[-54.5582,72.8716],[-55.4766,71.4891],[-54.3816,71.3047],[-53.3229,71.8908],[-51.7201,71.5896],[-50.8245,70.2473],[-54.3735,70.7247],[-50.5726,69.8663],[-50.2788,69.1112],[-51.0052,68.5092],[-52.8425,68.5058],[-50.491,67.9726],[-50.4771,67.4822],[-52.8079,67.7748],[-53.4941,67.4735],[-52.3032,66.9095],[-53.3943,66.4518],[-51.9574,64.3766],[-50.1445,64.7393],[-51.3658,63.726],[-49.8575,62.9665],[-50.0479,62.3141],[-47.6305,60.5968],[-45.7709,61.1041],[-44.4674,59.7609],[-44.0523,60.1642],[-43.0145,59.8329],[-43.4971,60.479],[-42.7849,60.5292],[-42.2714,62.1944],[-43.226,62.6809],[-41.8344,62.6906],[-40.5162,63.7821],[-41.4841,64.2742],[-40.3553,64.427],[-41.0603,65.0375],[-39.7269,64.9965],[-39.992,65.5333],[-38.4674,65.6454],[-38.0418,66.3992],[-37.1548,66.3202],[-37.5789,65.5451],[-36.3244,65.7223],[-32.1238,67.8729],[-32.3591,68.544],[-30.305,67.9805],[-29.9945,68.3914],[-26.9636,68.5017],[-22.7323,69.7741],[-22.1575,70.0561],[-28.3845,70.458],[-25.6949,71.273],[-26.7875,71.5583]]],[[[-53.5515,69.2784],[-51.8129,69.6216],[-54.5937,70.2402],[-53.5515,69.2784]]],[[[8.1835,56.7985],[10.2566,57.0059],[10.5581,57.7451],[8.1835,56.7985]]],[[[9.496,54.9383],[10.8887,56.3687],[9.8346,56.8899],[8.1834,56.4315],[8.6161,54.8874],[9.496,54.9383]]],[[[11.9696,54.9542],[12.444,55.9677],[11.1019,55.6337],[11.9696,54.9542]]]]},"properties":{"NAME":"Denmark","SUBJECTO":"Denmark","PARTOF":"Denmark","BORDERPRECISION":3,"LINK":null}},
{"type":"Feature","geometry":{"type":"Polygon","coordinates":[[[14.4729,53.8768],[14.2802,53.6134],[14.8289,50.9169],[16.3531,50.7049],[16.728,50.1486],[16.8856,50.4877],[17.6788,50.3383],[19.7822,49.2443],[21.585,49.4996],[22.5704,49.0667],[24.1093,50.5393],[23.1841,52.2776],[23.9461,52.773],[23.6026,53.7802],[22.9871,54.4247],[19.9775,54.4239],[19.2303,54.167],[19.7577,54.4592],[18.6731,54.2551],[17.6576,54.6855],[14.4729,53.8768]]]},"properties":{"NAME":"Poland","SUBJECTO":"Poland","PARTOF":"Poland","BORDERPRECISION":3,"LINK":null}},
{"type":"Feature","geometry":{"type":"Polygon","coordinates":[[[5.9996,50.7416],[5.9794,51.8035],[7.0677,52.2186],[7.1599,53.164],[5.3895,53.1386],[5.4732,52.1766],[4.7188,52.8024],[3.775,51.3877],[5.1125,51.4055],[5.9996,50.7416]]]},"properties":{"NAME":"Netherlands","SUBJECTO":"Netherlands","PARTOF":"Netherlands","BORDERPRECISION":3,"LINK":null}},
{"type":"Feature","geometry":{"type":"Polygon","coordinates":[[[10.3957,46.8874],[12.0643,47.091],[14.1482,46.4334],[16.2596,46.8888],[16.4009,47.6465],[17.3312,47.9947],[16.6692,48.7938],[13.9467,48.6551],[12.6942,48.1294],[12.942,47.4832],[10.1029,47.301],[9.7254,47.6066],[9.6655,47.5562],[9.5393,47.4872],[9.5208,47.0694],[10.3957,46.8874]]]},"properties":{"NAME":"Austria","SUBJECTO":"Austria","PARTOF":"Austria","BORDERPRECISION":3,"LINK":null}},
{"type":"Feature","geometry":{"type":"Polygon","coordinates":[[[3.6097,11.7214],[3.8306,10.7057],[2.7642,8.8625],[2.7668,6.3481],[3.9495,6.5794],[4.6341,6.2123],[6.0888,4.3281],[8.5918,4.712],[8.8379,5.7077],[10.0736,6.8909],[11.0722,6.3964],[13.7878,11.0889],[14.5059,11.4808],[14.0334,13.0606],[13.5387,13.6551],[12.252,13.0755],[10.6962,13.3523],[9.0574,12.8215],[7.936,13.317],[6.9578,13.0188],[6.0015,13.7378],[4.4941,13.659],[3.6097,11.7214]]]},"properties":{"NAME":"Nigeria","SUBJECTO":"United Kingdom","PARTOF":"Nigeria","BORDERPRECISION":3,"LINK":null}},
{"type":"Feature","geometry":{"type":"Polygon","coordinates":[[[8.5918,4.712],[9.5877,4.0329],[11.0722,6.3964],[10.0736,6.8909],[8.8379,5.7077],[8.5918,4.712]]]},"properties":{"NAME":"Southern Cameroon","SUBJECTO":"United Kingdom","PARTOF":"Southern Cameroon","BORDERPRECISION":3,"LINK":null}},
{"type":"Feature","geometry":{"type":"Polygon","coordinates":[[[38.7536,33.2067],[36.8366,32.1859],[35.7022,32.7194],[34.9847,29.4672],[35.0721,29.2114],[36.077,29.0691],[37.3937,29.877],[37.943,30.3693],[37.113,31.3618],[39.3265,32.1365],[38.7536,33.2067]]]},"properties":{"NAME":"Jordan","SUBJECTO":"Jordan","PARTOF":"Jordan","BORDERPRECISION":3,"LINK":null}},
{"type":"Feature","geometry":{"type":"Polygon","coordinates":[[[14.9677,22.968],[15.9705,23.3806],[17.6993,22.5366],[17.5555,29.2945],[9.607,29.5408],[9.9233,26.8092],[9.3767,26.0371],[10.3147,24.4663],[11.4479,24.2568],[11.959,23.4717],[14.1801,22.5694],[14.9677,22.968]]]},"properties":{"NAME":"Fezzan (Frech Lybia)","SUBJECTO":"France","PARTOF":"Fezzan (Frech Lybia)","BORDERPRECISION":3,"LINK":null}},
{"type":"Feature","geometry":{"type":"Polygon","coordinates":[[[35.5044,33.1085],[34.972,32.9384],[34.1463,31.2086],[34.9355,29.4181],[34.9847,29.4672],[35.7022,32.7194],[35.5044,33.1085]]]},"properties":{"NAME":"Israel","SUBJECTO":"Israel","PARTOF":"Israel","BORDERPRECISION":3,"LINK":null}},
{"type":"Feature","geometry":{"type":"Polygon","coordinates":[[[50.9683,24.4362],[49.9369,25.9558],[50.1218,26.7376],[48.855,27.5227],[48.4435,28.4402],[46.5092,28.9701],[43.6216,29.468],[43.5399,30.2932],[39.3265,32.1365],[37.113,31.3618],[37.943,30.3693],[37.3937,29.877],[36.077,29.0691],[35.0721,29.2114],[34.7639,28.0967],[36.6693,26.0168],[37.2015,24.6583],[38.4901,23.6127],[39.1667,21.2188],[40.6938,19.8687],[42.828,16.3215],[43.2999,17.4399],[44.4252,17.3767],[45.5558,15.0578],[47.5234,17.5156],[51.8061,18.9829],[56.0302,21.2374],[55.6988,22.3027],[51.9529,22.4842],[51.1198,24.3987],[50.9683,24.4362]]]},"properties":{"NAME":"Saudi Arabia","SUBJECTO":"Saudi Arabia","PARTOF":"Saudi Arabia","BORDERPRECISION":3,"LINK":null}},
{"type":"Feature","geometry":{"type":"Polygon","coordinates":[[[34.1463,31.2086],[32.5972,30.9639],[30.996,31.4689],[29.2488,30.7537],[25.1066,31.5138],[24.687,30.0077],[24.9529,21.8822],[36.8001,21.9149],[35.7463,22.9143],[35.7247,23.9118],[32.3185,29.5402],[32.648,29.8522],[34.2412,27.7589],[34.9355,29.4181],[34.1463,31.2086]]]},"properties":{"NAME":"Egypt","SUBJECTO":"United Kingdom","PARTOF":"Egypt","BORDERPRECISION":3,"LINK":null}},
{"type":"Feature","geometry":{"type":"Polygon","coordinates":[[[88.1973,27.8758],[86.0357,27.9103],[82.1417,30.3656],[81.0213,30.2465],[80.1159,28.8403],[82.8118,27.5382],[84.1361,27.5382],[85.3714,26.757],[87.3493,26.385],[88.0922,26.4445],[88.1973,27.8758]]]},"properties":{"NAME":"Nepal","SUBJECTO":"Nepal","PARTOF":"Nepal","BORDERPRECISION":3,"LINK":null}},
{"type":"Feature","geometry":{"type":"Polygon","coordinates":[[[-17.0161,21.3141],[-17.0213,20.7436],[-16.269,20.3639],[-16.4716,19.3657],[-15.9827,18.1784],[-16.4057,16.49],[-14.2794,16.7203],[-11.9038,14.8145],[-11.3706,15.6122],[-10.6975,15.0759],[-10.6471,15.4258],[-5.4831,15.4689],[-6.5553,24.8961],[-4.8658,24.9949],[-8.6292,27.1727],[-8.6884,25.9136],[-11.8932,25.8951],[-11.9905,23.4787],[-13.1166,22.7856],[-13.0244,21.2795],[-17.0161,21.3141]]]},"properties":{"NAME":"Mauritania","SUBJECTO":"France","PARTOF":"Mauritania","BORDERPRECISION":3,"LINK":null}},
{"type":"Feature","geometry":{"type":"Polygon","coordinates":[[[22.819,10.9072],[23.5785,9.9075],[23.5222,8.6106],[25.1881,7.8451],[27.2437,5.1624],[28.2232,4.183],[29.5998,4.5535],[30.7372,3.5052],[33.4564,3.6421],[33.9914,4.0267],[34.4276,4.5314],[35.8022,4.565],[34.6075,6.6362],[33.0298,7.7708],[33.139,8.3435],[34.0418,8.4315],[34.3527,10.6768],[34.9487,10.8201],[35.1674,11.9462],[36.134,12.7717],[36.4767,14.2665],[37.0243,16.9519],[38.6417,18.0607],[37.3982,18.915],[36.8001,21.9149],[24.9529,21.8822],[24.9579,20.0457],[23.9825,19.9829],[23.9497,19.4743],[23.9509,15.6994],[22.9098,15.617],[21.778,12.8013],[22.3244,12.5757],[22.819,10.9072]]]},"properties":{"NAME":"Sudan","SUBJECTO":"United Kingdom","PARTOF":"Sudan","BORDERPRECISION":3,"LINK":null}},
{"type":"Feature","geometry":{"type":"Polygon","coordinates":[[[51.8061,18.9829],[47.5234,17.5156],[45.5558,15.0578],[44.4252,17.3767],[43.2999,17.4399],[42.828,16.3215],[43.3028,13.241],[44.0627,12.6136],[48.7646,14.0977],[51.9504,15.5405],[53.0209,16.6538],[51.8061,18.9829]]]},"properties":{"NAME":"Yemen","SUBJECTO":"Yemen","PARTOF":"Yemen","BORDERPRECISION":3,"LINK":null}},
{"type":"Feature","geometry":{"type":"Polygon","coordinates":[[[36.4767,14.2665],[37.1501,14.4453],[37.3461,14.0533],[37.7203,14.8017],[38.2548,14.3918],[39.9297,14.4275],[42.3278,12.3571],[43.048,12.7023],[39.8979,15.502],[39.7964,15.0888],[38.6417,18.0607],[37.0243,16.9519],[36.4767,14.2665]]]},"properties":{"NAME":"Eritrea","SUBJECTO":"United Kingdom","PARTOF":"Eritrea","BORDERPRECISION":3,"LINK":null}},
{"type":"Feature","geometry":{"type":"Polygon","coordinates":[[[-11.9038,14.8145],[-14.2794,16.7203],[-16.4057,16.49],[-17.4332,14.8072],[-16.4551,13.5711],[-15.2811,13.8081],[-14.0054,13.4247],[-16.7756,13.1453],[-16.5666,12.3098],[-13.6939,12.6234],[-11.4236,12.3953],[-12.1573,14.4824],[-11.9038,14.8145]]]},"properties":{"NAME":"Senegal","SUBJECTO":"France","PARTOF":"Senegal","BORDERPRECISION":3,"LINK":null}},
{"type":"Feature","geometry":{"type":"Polygon","coordinates":[[[35.8022,4.565],[39.1578,3.3964],[40.733,4.1494],[41.7652,3.825],[43.5911,4.7956],[44.9947,4.8166],[47.8438,7.9164],[43.856,9.0299],[42.8017,10.3455],[42.9276,10.8928],[41.8714,10.8547],[42.3278,12.3571],[39.9297,14.4275],[38.2548,14.3918],[37.7203,14.8017],[37.3461,14.0533],[37.1501,14.4453],[36.4767,14.2665],[36.134,12.7717],[35.1674,11.9462],[34.9487,10.8201],[34.3527,10.6768],[34.0418,8.4315],[33.139,8.3435],[33.0298,7.7708],[34.6075,6.6362],[35.8022,4.565]]]},"properties":{"NAME":"Ethiopia","SUBJECTO":"Ethiopia","PARTOF":"Ethiopia","BORDERPRECISION":3,"LINK":null}},
{"type":"Feature","geometry":{"type":"Polygon","coordinates":[[[-16.4551,13.5711],[-16.7756,13.1453],[-14.0054,13.4247],[-15.2811,13.8081],[-16.4551,13.5711]]]},"properties":{"NAME":"Gambia, The","SUBJECTO":"United Kingdom","PARTOF":"Gambia, The","BORDERPRECISION":3,"LINK":null}},
{"type":"Feature","geometry":{"type":"Polygon","coordinates":[[[42.3278,12.3571],[41.8714,10.8547],[42.9276,10.8928],[43.2985,11.4756],[42.5553,11.5683],[43.4748,12.0976],[43.048,12.7023],[42.3278,12.3571]]]},"properties":{"NAME":"Djibouti","SUBJECTO":"Djibouti","PARTOF":"Djibouti","BORDERPRECISION":3,"LINK":null}},
{"type":"Feature","geometry":{"type":"Polygon","coordinates":[[[-16.5666,12.3098],[-15.158,11.8761],[-15.4158,11.3354],[-15.0083,11.1017],[-13.7755,11.7457],[-13.6939,12.6234],[-16.5666,12.3098]]]},"properties":{"NAME":"Guinea-Bissau (Portugal)","SUBJECTO":"Portugal","PARTOF":"Guinea-Bissau (Portugal)","BORDERPRECISION":3,"LINK":null}},
{"type":"Feature","geometry":{"type":"Polygon","coordinates":[[[-11.4236,12.3953],[-13.6939,12.6234],[-13.7755,11.7457],[-15.0083,11.1017],[-13.1643,8.8508],[-12.2785,9.8666],[-11.29,9.8979],[-10.377,8.0756],[-9.6217,8.3949],[-9.1574,7.139],[-8.3038,7.4365],[-8.0567,8.3787],[-7.4506,8.3505],[-8.1969,9.6619],[-7.9075,10.1213],[-8.9782,12.4352],[-10.6535,11.8595],[-11.4236,12.3953]]]},"properties":{"NAME":"Guinea","SUBJECTO":"France","PARTOF":"Guinea","BORDERPRECISION":3,"LINK":null}},
{"type":"Feature","geometry":{"type":"Polygon","coordinates":[[[-59.8344,8.4402],[-61.7647,8.5828],[-60.7927,9.3882],[-62.1033,10.0209],[-62.2969,9.7218],[-62.9519,10.4513],[-62.2897,10.7323],[-63.8566,10.7099],[-64.8837,10.1357],[-66.4781,10.6788],[-67.9796,10.5421],[-68.6946,11.3795],[-69.6289,11.5406],[-69.9735,12.2284],[-70.3393,11.9988],[-69.7478,11.5335],[-71.5482,10.9493],[-71.0144,9.6267],[-71.6047,9.0916],[-72.114,9.904],[-71.688,10.7693],[-71.9879,11.6076],[-71.1887,11.9116],[-72.051,11.7218],[-73.3368,9.1994],[-72.8776,9.2402],[-72.364,7.4693],[-71.8121,6.9703],[-70.3065,6.9729],[-69.3032,6.0061],[-67.4759,6.2077],[-67.9352,5.1432],[-67.223,3.3355],[-67.7678,2.8237],[-67.1797,2.0707],[-66.8498,1.0111],[-66.1259,0.6404],[-65.5989,0.9867],[-65.3559,0.5623],[-63.2071,2.1834],[-63.902,2.3763],[-64.5827,4.1205],[-62.8413,3.4888],[-62.58,4.0434],[-60.553,5.0091],[-61.2548,5.8696],[-61.0213,6.672],[-60.2339,6.9564],[-60.6091,7.4501],[-59.8344,8.4402]]]},"properties":{"NAME":"Venezuela","SUBJECTO":"Venezuela","PARTOF":"Venezuela","BORDERPRECISION":3,"LINK":null}},
{"type":"Feature","geometry":{"type":"Polygon","coordinates":[[[-61.1142,10.8217],[-61.8091,10.725],[-61.6531,10.2786],[-62.0388,10.0575],[-61.2067,10.1182],[-61.1142,10.8217]]]},"properties":{"NAME":"Trinidad","SUBJECTO":"Trinidad","PARTOF":"Trinidad","BORDERPRECISION":3,"LINK":null}},
{"type":"Feature","geometry":{"type":"Polygon","coordinates":[[[114.9615,4.8765],[114.0737,4.455],[114.4337,3.9983],[115.1613,4.3094],[114.9615,4.8765]]]},"properties":{"NAME":"Brunei","SUBJECTO":"Brunei","PARTOF":"Brunei","BORDERPRECISION":3,"LINK":null}},
{"type":"Feature","geometry":{"type":"Polygon","coordinates":[[[39.2291,-4.8449],[40.2713,-2.8167],[41.6099,-1.8767],[41.0596,-1.0798],[41.0231,2.7147],[41.7652,3.825],[40.733,4.1494],[39.1578,3.3964],[35.8022,4.565],[34.4276,4.5314],[33.9914,4.0267],[35.0402,1.6876],[33.2672,-1.1321],[33.9192,-1.1173],[37.6162,-3.1662],[37.6568,-3.6936],[39.2291,-4.8449]]]},"properties":{"NAME":"Kenya","SUBJECTO":"United Kingdom","PARTOF":"Kenya","BORDERPRECISION":3,"LINK":null}},
{"type":"Feature","geometry":{"type":"Polygon","coordinates":[[[29.5285,-1.4345],[30.596,-1.1548],[33.2672,-1.1321],[35.0402,1.6876],[33.9914,4.0267],[33.4564,3.6421],[30.7372,3.5052],[30.7127,2.3737],[31.2446,2.0082],[29.7695,0.4421],[29.5285,-1.4345]]]},"properties":{"NAME":"Uganda","SUBJECTO":"United Kingdom","PARTOF":"Uganda","BORDERPRECISION":3,"LINK":null}},
{"type":"Feature","geometry":{"type":"MultiPolygon","coordinates":[[[[-76.1329,44.3267],[-74.7824,45.0122],[-70.5894,45.2946],[-69.0491,47.4644],[-67.7769,47.1645],[-67.1868,45.2523],[-65.7597,45.2945],[-64.7009,46.0845],[-64.2598,45.8431],[-64.9201,45.3668],[-64.5586,45.4572],[-63.3775,45.3849],[-64.1406,45.0536],[-64.4579,45.3909],[-66.193,44.4892],[-65.4671,43.518],[-64.3058,44.6152],[-60.9584,45.3005],[-61.9398,45.9215],[-62.7261,45.6802],[-64.5348,46.2717],[-64.8422,47.1242],[-65.3896,47.1303],[-64.6579,47.7785],[-66.4715,48.0994],[-64.2509,48.5545],[-64.9524,49.2073],[-68.3413,48.5465],[-71.0392,46.7359],[-69.5071,48.4592],[-66.3727,50.3139],[-59.7155,50.5115],[-58.5243,51.3795],[-55.8236,52.021],[-55.7798,53.2387],[-57.1308,53.483],[-57.5611,54.1307],[-60.246,53.2768],[-59.9915,53.8049],[-57.4329,54.5799],[-60.5745,55.071],[-60.4683,55.659],[-62.2856,56.6937],[-61.3506,57.002],[-64.3706,60.0144],[-65.5517,59.7142],[-65.9291,58.4238],[-66.4746,58.808],[-68.0046,58.1657],[-68.5694,58.7833],[-69.8942,58.6845],[-69.5363,60.9892],[-71.6734,61.2657],[-73.3946,62.355],[-77.3616,62.5175],[-78.1765,60.7418],[-77.3885,60.6943],[-77.2148,59.7475],[-78.4688,58.7095],[-76.7724,57.6625],[-76.4629,56.5714],[-77.2338,55.6065],[-79.5451,54.6919],[-78.7579,53.7488],[-78.8227,51.1614],[-79.2762,51.6042],[-79.3385,50.843],[-80.3613,51.304],[-82.3412,52.9808],[-82.2021,54.9689],[-87.4672,55.912],[-90,57.1779],[-92.4831,56.9767],[-93.0742,58.551],[-94.6838,58.8785],[-94.376,60.7951],[-91.8909,62.6036],[-92.4553,62.7941],[-90,62.9462],[-90,63.3024],[-93.3169,63.9736],[-89.8704,63.5752],[-89.9727,64.1905],[-88.3771,64.0573],[-87.1573,65.0596],[-90,65.9736],[-87.5498,65.3495],[-85.9871,66.1628],[-86.739,66.5651],[-83.7405,66.3063],[-84.7139,67.0703],[-83.1387,66.3735],[-82.33,66.6396],[-81.295,67.4987],[-82.6873,68.6975],[-81.583,68.602],[-81.4799,69.1886],[-85.1134,69.8171],[-84.6246,68.7539],[-87.3254,67.1689],[-88.4815,67.991],[-88.0974,68.8526],[-89.1404,69.2347],[-90,68.3691],[-90,69.489],[-92.6712,69.7424],[-91.6577,70.2858],[-93.2712,71.5585],[-95.2458,71.875],[-96.4226,70.093],[-92.9925,69.5146],[-92.9561,69.0843],[-94.3425,69.1119],[-93.4141,68.5425],[-95.3225,68.0603],[-95.2587,67.0284],[-97.5718,68.3699],[-98.4071,68.159],[-97.2607,67.5951],[-98.3549,67.9353],[-101.913,67.7053],[-105.912,68.3394],[-107.662,67.9626],[-107.5276,66.563],[-108.095,67.3596],[-110.1334,67.9058],[-115.5617,67.8957],[-114.1087,68.3465],[-114.8315,68.7651],[-122.3261,69.8845],[-124.2253,69.4034],[-124.9893,69.8947],[-125.4546,69.3331],[-128.4159,70.6863],[-127.9398,70.0799],[-131.673,69.2762],[-132.6904,68.4616],[-133.4132,69.137],[-129.8495,70.1507],[-135.4392,69.5263],[-135.6102,68.7038],[-141.0593,69.5955],[-140.807,60.263],[-139.0051,60.2584],[-137.2233,58.8822],[-135.2577,59.6703],[-131.7249,56.6052],[-130.1064,55.9926],[-130.0027,55.2885],[-130.0036,53.938],[-129.4339,53.5175],[-128.8141,53.7639],[-128.0596,52.4995],[-127.0373,52.4636],[-128.0129,51.8082],[-127.353,51.637],[-127.6273,51.1328],[-124.9392,50.5958],[-124.795,50.0353],[-123.212,49.6247],[-122.9003,49.0672],[-115.1646,49.0562],[-108.0673,49.0615],[-98.2009,49.0488],[-94.8198,49.0507],[-94.8273,49.4876],[-92.5561,48.2215],[-89.622,47.9684],[-88.095,49.0046],[-86.4802,48.7632],[-85.9412,48.0482],[-84.8935,47.8599],[-84.7436,46.4684],[-83.8207,46.1504],[-80.7579,45.9699],[-79.6759,44.8668],[-80.9072,44.6015],[-81.698,45.2461],[-81.297,44.7131],[-82.2978,43.0287],[-83.056,42.027],[-79.0502,42.8523],[-79.14,43.2221],[-79.8961,43.2824],[-76.1329,44.3267]]],[[[-98.606,68.8631],[-96.4728,68.5143],[-95.5146,68.8087],[-97.7416,69.8316],[-99.365,68.9745],[-98.606,68.8631]]],[[[-100.7592,72.241],[-98.7181,71.3538],[-98.484,71.8924],[-97.0552,71.7153],[-96.4346,72.6984],[-98.3937,73.1306],[-97.3471,73.8911],[-100.934,73.8603],[-99.963,73.1674],[-100.8349,72.7455],[-102.2792,73.1472],[-102.6687,72.8528],[-100.7592,72.241]]],[[[-95.6145,73.3188],[-94.1086,72.222],[-94.2658,72.8527],[-92.0006,72.8411],[-90,73.9998],[-94.8682,74.1368],[-95.6145,73.3188]]],[[[-125.4596,49.1679],[-123.7191,48.4775],[-123.8614,49.158],[-125.7186,50.4094],[-128.4328,50.8269],[-125.4596,49.1679]]],[[[-132.7299,54.0667],[-132.5688,53.2795],[-131.8942,53.8942],[-132.7299,54.0667]]],[[[-111.6408,72.7253],[-114.4727,72.6251],[-114.647,73.3549],[-118.3988,72.4757],[-118.9684,71.9088],[-115.517,71.4234],[-118.4988,71.0528],[-117.7607,70.7217],[-111.5437,70.3254],[-117.1929,70.123],[-116.6562,69.5159],[-113.7168,69.204],[-113.1522,68.5956],[-109.2094,68.8132],[-106.5924,69.4968],[-104.1878,68.8978],[-102.2779,68.954],[-103.3613,69.6391],[-100.9671,69.6284],[-101.0552,70.0308],[-104.5946,71.0479],[-105.6093,72.8711],[-108.1815,73.3829],[-108.0605,71.7571],[-109.29,72.8404],[-110.4546,73.0127],[-110.0794,72.5622],[-111.7255,72.3306],[-111.6408,72.7253]]],[[[-124.5773,71.8983],[-122.5744,71.146],[-115.6537,73.6325],[-121.2387,74.58],[-124.9093,74.4437],[-124.0103,73.721],[-125.9037,72.1546],[-124.5773,71.8983]]],[[[-114.948,76.4431],[-116.2964,76.2378],[-115.1503,75.7568],[-117.3966,75.4071],[-111.1497,75.3525],[-114.2173,74.8446],[-113.4428,74.546],[-106.0312,75.1056],[-105.498,75.8466],[-108.1633,76.0092],[-108.965,76.871],[-109.6459,75.6382],[-114.948,76.4431]]],[[[-122.2821,76.1506],[-120.0999,75.9781],[-118.5655,76.9466],[-117.413,76.43],[-116.3591,77.5784],[-120.183,77.2091],[-122.2821,76.1506]]],[[[-113.0243,77.6021],[-110.6197,77.5375],[-109.6612,77.9499],[-112.3957,78.0028],[-113.0243,77.6021]]],[[[-103.2325,78.2737],[-99.0494,77.9411],[-100.1632,78.7725],[-105.4515,79.4031],[-103.2325,78.2737]]],[[[-61.0466,46.6636],[-61.2485,45.7928],[-59.8866,45.9252],[-60.169,46.3143],[-61.072,45.9878],[-60.2598,46.9383],[-60.6271,47.1329],[-61.0466,46.6636]]],[[[-57.974,49.0834],[-59.1566,47.6701],[-54.7826,47.7112],[-55.9039,47.064],[-55.4079,46.9479],[-54.2114,47.8036],[-54.0824,46.9895],[-53.0696,46.7313],[-52.7352,47.5457],[-53.8817,48.1893],[-53.1239,48.5958],[-54.1296,48.8357],[-53.5091,49.2819],[-55.1073,49.2788],[-56.0671,50.1033],[-56.7326,49.6884],[-55.4716,51.5245],[-57.3556,50.5952],[-57.974,49.0834]]],[[[-87.1012,63.5447],[-85.6007,63.7476],[-85.1568,63.1847],[-83.1885,64.1818],[-82.0005,63.6328],[-80.1794,63.722],[-81.8721,63.9907],[-82.1096,64.6436],[-84.8423,65.202],[-85.5575,65.8636],[-87.1012,63.5447]]],[[[-77.1125,67.8484],[-76.8628,67.2625],[-75.1463,67.577],[-75.8847,68.3431],[-77.1125,67.8484]]],[[[-71.5355,63.3599],[-65.9403,61.79],[-68.8786,63.7503],[-67.6816,63.4527],[-67.7657,63.8025],[-64.7678,62.4774],[-65.2507,63.8716],[-64.4154,63.245],[-64.4739,63.7443],[-68.3757,66.2837],[-67.3055,65.9343],[-67.7491,66.4757],[-66.9128,66.5949],[-63.5406,64.9953],[-63.3809,65.927],[-62.8448,65.6143],[-62.6551,66.3385],[-61.2106,66.635],[-64.6138,67.1153],[-63.933,67.4126],[-64.8289,67.9533],[-66.7447,67.9273],[-68.6653,68.7161],[-68.3907,69.3337],[-66.6681,69.1861],[-68.2072,69.591],[-67.3307,70.0327],[-68.0208,70.2994],[-69.4627,69.9601],[-68.4694,70.5597],[-71.8815,70.9312],[-71.664,71.5133],[-73.2752,71.1608],[-73.886,71.665],[-75.0015,71.4526],[-74.3127,72.0394],[-75.6319,72.6109],[-77.896,72.7014],[-78.6625,71.8747],[-79.3296,72.3676],[-80.8631,72.0115],[-81.9064,73.7517],[-85.5057,72.9404],[-84.4884,71.3493],[-85.891,71.1217],[-86.8554,72.8587],[-85.2542,73.7775],[-87.7426,73.7327],[-89.9972,71.5413],[-87.1688,71.0186],[-89.0185,70.6753],[-80.8294,69.7114],[-81.0128,70.1831],[-78.7129,70.0114],[-80.6605,70.7526],[-79.1011,70.6553],[-75.5517,69.2223],[-76.5464,68.7314],[-74.7523,69.043],[-73.1849,68.2958],[-72.3049,67.2636],[-74.3333,66.1626],[-73.4942,65.405],[-75.3676,65.2634],[-75.3559,64.9155],[-77.3584,65.3759],[-78.1034,64.5072],[-76.5261,64.2301],[-74.5011,64.3918],[-74.5591,64.7801],[-73.1636,64.574],[-71.5355,63.3599]]],[[[-90,75.9678],[-90,76.5908],[-93.0849,76.527],[-91.8668,74.7889],[-84.5679,74.6161],[-83.4487,75.0823],[-82.373,74.5555],[-80.3493,74.6159],[-79.5766,75.3957],[-81.5316,75.8585],[-88.7627,75.4198],[-90,75.9678]]],[[[-90,82.0173],[-89.2355,80.8636],[-85.811,81.3945],[-85.5038,80.6181],[-78.9623,81.0342],[-77.5209,80.7499],[-81.7187,80.3854],[-80.7316,79.6585],[-86.1701,80.279],[-81.5972,78.7546],[-85.8068,78.9062],[-86.9172,78.2452],[-83.3188,77.374],[-87.8125,77.8756],[-87.0992,77.2807],[-89.4181,76.6103],[-85.0371,76.4069],[-84.6219,76.8917],[-80.8135,76.2377],[-77.8243,76.8876],[-82.1024,77.3161],[-78.8554,77.3738],[-78.3668,78.0329],[-76.2906,78.0107],[-74.9631,79.1223],[-77.2388,79.5827],[-73.6739,79.5177],[-74.2455,80.0427],[-70.4205,80.0504],[-65.2998,81.4584],[-67.5852,81.9613],[-61.8163,82.473],[-76.3821,83.1519],[-75.9249,82.5174],[-78.6985,83.0025],[-81.5226,82.6893],[-80.0924,81.9659],[-84.9466,82.3795],[-90,82.0173]]],[[[-100.097,75.7648],[-100.3871,75.1824],[-98.1638,75.0957],[-98.6148,76.6778],[-100.6937,76.6059],[-100.0738,76.0162],[-101.7463,76.5445],[-102.5336,75.7686],[-100.097,75.7648]]],[[[-96.8095,76.9197],[-93.9376,76.3985],[-94.1951,76.8991],[-96.8095,76.9197]]],[[[-98.3432,78.8025],[-97.0868,78.0145],[-95.2325,78.1315],[-98.3432,78.8025]]],[[[-88.3364,80.1198],[-93.4347,81.4398],[-96.4334,79.9334],[-95.0394,79.3962],[-90,79.1261],[-94.1893,79.1478],[-91.4238,78.305],[-85.2532,79.2592],[-88.1504,80.4601],[-88.3364,80.1198]]]]},"properties":{"NAME":"Canada","SUBJECTO":"Canada","PARTOF":"Canada","BORDERPRECISION":3,"LINK":null}},
{"type":"Feature","geometry":{"type":"MultiPolygon","coordinates":[[[[21.9708,79.7829],[20.9983,79.1911],[23.8205,79.1475],[27.1968,79.9444],[19.9154,80.6334],[18.3306,79.8824],[21.9708,79.7829]]],[[[13.2522,79.8007],[10.9194,79.5452],[11.7603,78.8802],[13.6184,78.2692],[15.0839,78.7807],[16.617,78.4673],[13.9051,77.9999],[16.7116,77.7886],[14.4846,77.3709],[16.913,76.7189],[20.9081,78.8094],[17.5706,79.8899],[16.1332,79.1364],[13.2522,79.8007]]],[[[11.1789,59.0703],[11.5633,58.8631],[12.548,60.4339],[12.2992,63.5662],[14.0784,64.0322],[14.5967,66.0502],[16.8739,67.8366],[17.9136,67.8642],[18.1795,68.4688],[19.8427,68.1641],[20.7906,68.9323],[21.4058,69.2735],[24.8007,68.429],[26.1177,69.6442],[27.9087,69.8877],[29.1133,69.486],[28.6972,68.6955],[31.0538,69.6396],[28.7301,70.1359],[30.2519,70.1311],[30.462,70.5373],[28.7948,70.8648],[27.8754,70.4251],[28.2112,71.0179],[25.263,70.1065],[25.8321,70.8978],[24.849,70.8266],[23.2036,69.9428],[22.3064,70.2156],[20.1965,69.3177],[20.2864,69.7859],[19.58,69.1811],[18.3191,69.3594],[11.3641,64.416],[8.2313,62.8414],[7.0882,62.9102],[7.5467,62.5993],[5.4697,62.0937],[5.0962,60.2641],[6.1854,59.8243],[5.0866,59.5092],[6.1134,59.527],[6.2661,58.9933],[5.4746,58.9755],[5.6155,58.4552],[8.0302,58.066],[10.5697,59.5805],[11.1789,59.0703]]]]},"properties":{"NAME":"Norway","SUBJECTO":"Norway","PARTOF":"Norway","BORDERPRECISION":3,"LINK":null}},
{"type":"Feature","geometry":{"type":"Polygon","coordinates":[[[20.7906,68.9323],[23.4877,67.8343],[23.9477,65.7967],[25.3251,64.8024],[21.0618,62.6117],[21.5602,60.5125],[23.2014,59.8185],[28.4318,60.6035],[31.4083,62.792],[30.0149,63.6156],[29.0229,66.8874],[29.9461,67.5339],[28.6972,68.6955],[29.1133,69.486],[27.9087,69.8877],[26.1177,69.6442],[24.8007,68.429],[21.4058,69.2735],[20.7906,68.9323]]]},"properties":{"NAME":"Finland","SUBJECTO":"Finland","PARTOF":"Finland","BORDERPRECISION":3,"LINK":null}},
{"type":"Feature","geometry":{"type":"Polygon","coordinates":[[[11.1789,59.0703],[12.8716,56.5115],[12.8024,55.3529],[14.1172,55.3471],[14.2589,55.8993],[15.7705,56.0332],[16.3762,56.8224],[16.4429,58.6344],[18.5982,59.297],[17.5749,59.2141],[16.5232,59.5825],[18.0301,59.3593],[19.0436,59.7124],[17.1885,60.6743],[17.2902,62.4407],[20.7007,63.8181],[22.4898,65.8834],[23.9477,65.7967],[23.4877,67.8343],[20.7906,68.9323],[19.8427,68.1641],[18.1795,68.4688],[17.9136,67.8642],[16.8739,67.8366],[14.5967,66.0502],[14.0784,64.0322],[12.2992,63.5662],[12.548,60.4339],[11.5633,58.8631],[11.1789,59.0703]]]},"properties":{"NAME":"Sweden","SUBJECTO":"Sweden","PARTOF":"Sweden","BORDERPRECISION":3,"LINK":null}},
{"type":"Feature","geometry":{"type":"MultiPolygon","coordinates":[[[[-73.1115,-72.7495],[-70.0207,-72.6722],[-68.6299,-72.054],[-70.7161,-68.8087],[-72.3944,-69.2615],[-72.107,-71.0495],[-75.2751,-71.6677],[-74.3478,-72.2086],[-72.0297,-71.8222],[-73.1115,-72.7495]]],[[[-102.5513,-72.1313],[-97.1424,-72.6722],[-95.9061,-72.3631],[-97.2197,-71.8222],[-102.5513,-72.1313]]],[[[-55.1849,-80.9401],[-44.8308,-80.3219],[-44.2126,-78.3902],[-45.758,-78.0811],[-50.2397,-78.3902],[-55.1849,-80.9401]]],[[[-164.058,-79.356],[-159.2026,-79.8825],[-162.5899,-78.8151],[-164.058,-79.356]]],[[[169.7694,-83.4179],[158.135,-80.3162],[160.0886,-78.9697],[166.7533,-78.5986],[162.3265,-76.9577],[162.3456,-75.1069],[165.1886,-74.668],[165.7992,-73.8285],[168.8993,-73.5403],[170.2771,-71.5168],[157.3069,-69.1564],[154.4346,-68.9497],[153.9238,-68.4389],[153.7525,-68.9246],[151.0935,-68.8858],[145.454,-67.6302],[145.2624,-67.0982],[135.0532,-66.1815],[134.5896,-65.0225],[134.2052,-66.1801],[130.2721,-66.2529],[129.0096,-67.0298],[126.8003,-66.8842],[126.4118,-66.3743],[118.2856,-67.0701],[114.4356,-66.4932],[113.0149,-65.7631],[108.4368,-66.7497],[102.6308,-65.9262],[100.8754,-66.0788],[99.12,-66.8929],[95.7229,-66.5293],[88.6536,-66.7639],[88.305,-66.0656],[87.2232,-66.9929],[81.8143,-67.302],[78.2599,-68.3837],[76.8691,-69.311],[72.542,-70.2382],[69.5284,-72.4018],[68.2149,-72.4018],[67.3649,-71.7063],[69.0744,-70.5877],[67.5127,-70.4644],[69.4442,-69.1904],[69.3739,-67.8428],[56.6269,-66.9423],[57.1005,-66.5226],[55.1416,-65.9629],[52.4518,-65.9884],[50.1396,-66.4837],[50.2732,-67.1367],[48.3142,-67.018],[48.8485,-67.4335],[47.3051,-67.7749],[46.3701,-67.3296],[42.5613,-68.1133],[39.6471,-68.9336],[38.332,-70.0295],[37.5806,-69.278],[36.0776,-69.5911],[33.5413,-68.5422],[32.748,-69.3496],[23.7075,-70.5859],[17.6032,-70.0837],[12.6579,-70.3155],[11.1125,-70.8564],[8.4853,-70.0837],[-0.787,-71.7063],[-1.2506,-71.32],[-6.3176,-71.425],[-6.3505,-70.6632],[-8.8225,-71.8216],[-9.7503,-71.0495],[-11.1412,-71.5904],[-12.3712,-71.4041],[-11.5571,-72.0721],[-16.3955,-73.4449],[-17.0909,-73.9085],[-14.4509,-74.0646],[-18.4045,-75.6857],[-23.5816,-75.9175],[-33.1631,-77.3856],[-36.4084,-79.1629],[-29.5677,-79.2243],[-28.9132,-80.4764],[-38.031,-80.9401],[-42.9763,-81.9446],[-52.2487,-82.0218],[-58.9711,-83.1809],[-60.2075,-82.3309],[-80.0034,-79.9299],[-76.4341,-79.8583],[-76.5887,-79.3947],[-82.4611,-79.2401],[-84.1037,-78.6485],[-83.0793,-78.2356],[-81.4566,-78.8538],[-77.7824,-78.6485],[-80.7612,-78.2356],[-80.6868,-77.5665],[-74.5024,-78.0811],[-73.0271,-77.8228],[-78.5977,-76.6129],[-78.4431,-75.9948],[-70.5616,-76.6902],[-64.4573,-75.6857],[-61.3665,-73.9085],[-61.6756,-70.8177],[-63.4528,-68.886],[-65.4618,-68.1905],[-65.3845,-67.3406],[-63.8391,-66.4906],[-62.7574,-66.6452],[-61.1347,-64.868],[-57.2712,-63.7089],[-57.4258,-63.2453],[-62.9119,-64.7134],[-67.7026,-66.877],[-67.0845,-68.6542],[-68.7844,-69.8132],[-67.0845,-71.8222],[-67.6254,-72.7495],[-75.5841,-73.754],[-78.5204,-73.7153],[-79.7567,-73.1745],[-81.7657,-74.0244],[-88.5655,-73.2517],[-88.72,-72.7881],[-90,-73.329],[-103.5867,-72.7409],[-103.2931,-73.3281],[-99.6781,-73.6584],[-103.2467,-73.5608],[-100.0451,-75.3099],[-105.6421,-75.0676],[-110.557,-75.3029],[-110.4328,-74.2949],[-112.3645,-74.8357],[-114.1462,-73.9258],[-114.9917,-74.4494],[-118.0825,-74.2949],[-123.5687,-74.8357],[-134.7728,-74.6426],[-148.5268,-76.0334],[-149.6086,-76.3425],[-147.1308,-76.5312],[-146.1459,-77.4565],[-158.031,-77.2697],[-157.3355,-78.197],[-154.1323,-78.3523],[-155.8674,-78.7379],[-148.6041,-79.6651],[-145.6678,-80.5151],[-148.8359,-81.365],[-156.9988,-81.1963],[-152.0812,-82.6014],[-152.3903,-84.3013],[-138.8168,-85.013],[-156.5628,-85.4603],[-167.2261,-84.7649],[-180,-84.3223],[-180,-85.3223],[-180,-86.3223],[-180,-87.3223],[-180,-88.3223],[-180,-89.3223],[-180,-90],[-179.2037,-90],[-178.2037,-90],[-177.2037,-90],[-176.2037,-90],[-175.2037,-90],[-174.2037,-90],[-173.2037,-90],[-172.2037,-90],[-171.2037,-90],[-170.2037,-90],[-169.2037,-90],[-168.2037,-90],[-167.2037,-90],[-166.2037,-90],[-165.2037,-90],[-164.2037,-90],[-163.2037,-90],[-162.2037,-90],[-161.2037,-90],[-160.2037,-90],[-159.2037,-90],[-158.2037,-90],[-157.2037,-90],[-156.2037,-90],[-155.2037,-90],[-154.2037,-90],[-153.2037,-90],[-152.2037,-90],[-151.2037,-90],[-150.2037,-90],[-149.2037,-90],[-148.2037,-90],[-147.2037,-90],[-146.2037,-90],[-145.2037,-90],[-144.2037,-90],[-143.2037,-90],[-142.2037,-90],[-141.2037,-90],[-140.2037,-90],[-139.2037,-90],[-138.2037,-90],[-137.2037,-90],[-136.2037,-90],[-135.2037,-90],[-134.2037,-90],[-133.2037,-90],[-132.2037,-90],[-131.2037,-90],[-130.2037,-90],[-129.2037,-90],[-128.2037,-90],[-127.2037,-90],[-126.2037,-90],[-125.2037,-90],[-124.2037,-90],[-123.2037,-90],[-122.2037,-90],[-121.2037,-90],[-120.2037,-90],[-119.2037,-90],[-118.2037,-90],[-117.2037,-90],[-116.2037,-90],[-115.2037,-90],[-114.2037,-90],[-113.2037,-90],[-112.2037,-90],[-111.2037,-90],[-110.2037,-90],[-109.2037,-90],[-108.2037,-90],[-107.2037,-90],[-106.2037,-90],[-105.2037,-90],[-104.2037,-90],[-103.2037,-90],[-102.2037,-90],[-101.2037,-90],[-100.2037,-90],[-99.2037,-90],[-98.2037,-90],[-97.2037,-90],[-96.2037,-90],[-95.2037,-90],[-94.2037,-90],[-93.2037,-90],[-92.2037,-90],[-91.2037,-90],[-90,-90],[-89.2037,-90],[-88.2037,-90],[-87.2037,-90],[-86.2037,-90],[-85.2037,-90],[-84.2037,-90],[-83.2037,-90],[-82.2037,-90],[-81.2037,-90],[-80.2037,-90],[-79.2037,-90],[-78.2037,-90],[-77.2037,-90],[-76.2037,-90],[-75.2037,-90],[-74.2037,-90],[-73.2037,-90],[-72.2037,-90],[-71.2037,-90],[-70.2037,-90],[-69.2037,-90],[-68.2037,-90],[-67.2037,-90],[-66.2037,-90],[-65.2037,-90],[-64.2037,-90],[-63.2037,-90],[-62.2037,-90],[-61.2037,-90],[-60.2037,-90],[-59.2037,-90],[-58.2037,-90],[-57.2037,-90],[-56.2037,-90],[-55.2037,-90],[-54.2037,-90],[-53.2037,-90],[-52.2037,-90],[-51.2037,-90],[-50.2037,-90],[-49.2037,-90],[-48.2037,-90],[-47.2037,-90],[-46.2037,-90],[-45.2037,-90],[-44.2037,-90],[-43.2037,-90],[-42.2037,-90],[-41.2037,-90],[-40.2037,-90],[-39.2037,-90],[-38.2037,-90],[-37.2037,-90],[-36.2037,-90],[-35.2037,-90],[-34.2037,-90],[-33.2037,-90],[-32.2037,-90],[-31.2037,-90],[-30.2037,-90],[-29.2037,-90],[-28.2037,-90],[-27.2037,-90],[-26.2037,-90],[-25.2037,-90],[-24.2037,-90],[-23.2037,-90],[-22.2037,-90],[-21.2037,-90],[-20.2037,-90],[-19.2037,-90],[-18.2037,-90],[-17.2037,-90],[-16.2037,-90],[-15.2037,-90],[-14.2037,-90],[-13.2037,-90],[-12.2037,-90],[-11.2037,-90],[-10.2037,-90],[-9.2037,-90],[-8.2037,-90],[-7.2037,-90],[-6.2037,-90],[-5.2037,-90],[-4.2037,-90],[-3.2037,-90],[-2.2037,-90],[-1.2037,-90],[-0.2037,-90],[0.7781,-90],[1.7781,-90],[2.7781,-90],[3.7781,-90],[4.7781,-90],[5.7781,-90],[6.7781,-90],[7.7781,-90],[8.7781,-90],[9.7781,-90],[10.7781,-90],[11.7781,-90],[12.7781,-90],[13.7781,-90],[14.7781,-90],[15.7781,-90],[16.7781,-90],[17.7781,-90],[18.7781,-90],[19.7781,-90],[20.7781,-90],[21.7781,-90],[22.7781,-90],[23.7781,-90],[24.7781,-90],[25.7781,-90],[26.7781,-90],[27.7781,-90],[28.7781,-90],[29.7781,-90],[30.7781,-90],[31.7781,-90],[32.7781,-90],[33.7781,-90],[34.7781,-90],[35.7781,-90],[36.7781,-90],[37.7781,-90],[38.7781,-90],[39.7781,-90],[40.7781,-90],[41.7781,-90],[42.7781,-90],[43.7781,-90],[44.7781,-90],[45.7781,-90],[46.7781,-90],[47.7781,-90],[48.7781,-90],[49.7781,-90],[50.7781,-90],[51.7781,-90],[52.7781,-90],[53.7781,-90],[54.7781,-90],[55.7781,-90],[56.7781,-90],[57.7781,-90],[58.7781,-90],[59.7781,-90],[60.7781,-90],[61.7781,-90],[62.7781,-90],[63.7781,-90],[64.7781,-90],[65.7781,-90],[66.7781,-90],[67.7781,-90],[68.7781,-90],[69.7781,-90],[70.7781,-90],[71.7781,-90],[72.7781,-90],[73.7781,-90],[74.7781,-90],[75.7781,-90],[76.7781,-90],[77.7781,-90],[78.7781,-90],[79.7781,-90],[80.7781,-90],[81.7781,-90],[82.7781,-90],[83.7781,-90],[84.7781,-90],[85.7781,-90],[86.7781,-90],[87.7781,-90],[88.7781,-90],[89.7781,-90],[89.7963,-90],[90,-90],[91.7781,-90],[92.7781,-90],[93.7781,-90],[94.7781,-90],[95.7781,-90],[96.7781,-90],[97.7781,-90],[98.7781,-90],[99.7781,-90],[100.7781,-90],[101.7781,-90],[102.7781,-90],[103.7781,-90],[104.7781,-90],[105.7781,-90],[106.7781,-90],[107.7781,-90],[108.7781,-90],[109.7781,-90],[110.7781,-90],[111.7781,-90],[112.7781,-90],[113.7781,-90],[114.7781,-90],[115.7781,-90],[116.7781,-90],[117.7781,-90],[118.7781,-90],[119.7781,-90],[120.7781,-90],[121.7781,-90],[122.7781,-90],[123.7781,-90],[124.7781,-90],[125.7781,-90],[126.7781,-90],[127.7781,-90],[128.7781,-90],[129.7781,-90],[130.7781,-90],[131.7781,-90],[132.7781,-90],[133.7781,-90],[134.7781,-90],[135.7781,-90],[136.7781,-90],[137.7781,-90],[138.7781,-90],[139.7781,-90],[140.7781,-90],[141.7781,-90],[142.7781,-90],[143.7781,-90],[144.7781,-90],[145.7781,-90],[146.7781,-90],[147.7781,-90],[148.7781,-90],[149.7781,-90],[150.7781,-90],[151.7781,-90],[152.7781,-90],[153.7781,-90],[154.7781,-90],[155.7781,-90],[156.7781,-90],[157.7781,-90],[158.7781,-90],[159.7781,-90],[160.7781,-90],[161.7781,-90],[162.7781,-90],[163.7781,-90],[164.7781,-90],[165.7781,-90],[166.7781,-90],[167.7781,-90],[168.7781,-90],[169.7781,-90],[170.7781,-90],[171.7781,-90],[172.7781,-90],[173.7781,-90],[174.7781,-90],[175.7781,-90],[176.7781,-90],[177.7781,-90],[178.7781,-90],[180,-90],[180,-89.3192],[180,-88.3192],[180,-87.3192],[180,-86.3192],[180,-85.3192],[180,-84.3404],[169.7694,-83.4179]]]]},"properties":{"NAME":"Antarctica","SUBJECTO":"Antarctica","PARTOF":"Antarctica","BORDERPRECISION":3,"LINK":null}},
{"type":"Feature","geometry":{"type":"Polygon","coordinates":[[[22.0995,48.4046],[22.5704,49.0667],[21.585,49.4996],[19.7822,49.2443],[17.6788,50.3383],[16.8856,50.4877],[16.728,50.1486],[16.3531,50.7049],[14.8289,50.9169],[12.2354,50.2408],[13.9467,48.6551],[16.6692,48.7938],[17.3312,47.9947],[22.0995,48.4046]]]},"properties":{"NAME":"Czechoslovakia","SUBJECTO":"Czechoslovakia","PARTOF":"Czechoslovakia","BORDERPRECISION":3,"LINK":null}},
{"type":"Feature","geometry":{"type":"Polygon","coordinates":[[[61.57,25.0396],[66.4323,25.4886],[66.6542,24.7839],[68.047,23.7641],[68.7297,24.3092],[71.0778,24.4059],[70.632,25.7079],[70.0562,25.893],[70.1768,26.5338],[69.5155,26.6519],[69.5823,27.1885],[70.3287,27.9995],[71.89,27.9549],[73.9573,30.1944],[74.5281,31.8164],[75.3666,32.2211],[74.0139,33.2524],[74.2241,34.0187],[73.7879,34.3833],[74.4289,35.9476],[73.7961,36.2641],[74.0876,36.8049],[71.5334,36.2372],[71.1535,34.1384],[69.87,33.9408],[70.2892,33.2831],[69.5079,32.9486],[69.2064,31.798],[66.9208,31.2074],[66.0906,29.7361],[62.9464,29.3563],[60.8205,29.8333],[63.257,27.1038],[63.1562,26.5508],[61.9413,26.1564],[61.57,25.0396]]]},"properties":{"NAME":"Pakistan","SUBJECTO":"Pakistan","PARTOF":"Pakistan","BORDERPRECISION":3,"LINK":null}},
{"type":"Feature","geometry":{"type":"Polygon","coordinates":[[[88.8026,27.181],[88.6683,27.9483],[88.1973,27.8758],[88.0922,26.4445],[87.3493,26.385],[85.3714,26.757],[84.1361,27.5382],[82.8118,27.5382],[80.1159,28.8403],[81.0213,30.2465],[78.8053,31.3477],[78.4507,32.5828],[79.5653,32.7018],[78.6245,33.5042],[78.8067,34.1997],[77.8462,35.4748],[76.0923,35.7984],[75.6278,36.769],[74.5205,37.0046],[74.0876,36.8049],[73.7961,36.2641],[74.4289,35.9476],[73.7879,34.3833],[74.2241,34.0187],[74.0139,33.2524],[75.3666,32.2211],[74.5281,31.8164],[73.9573,30.1944],[71.89,27.9549],[70.3287,27.9995],[69.5823,27.1885],[69.5155,26.6519],[70.1768,26.5338],[70.0562,25.893],[70.632,25.7079],[71.0778,24.4059],[68.7297,24.3092],[68.047,23.7641],[69.1072,22.8989],[70.3806,22.8606],[69.9685,22.3515],[68.8942,22.2857],[70.4675,20.777],[71.8944,20.9897],[72.233,22.0196],[72.6956,22.1285],[73.5727,16.0379],[76.7035,8.7064],[77.4195,8.028],[79.1596,9.2772],[79.2225,10.1922],[79.7899,10.2506],[80.3002,15.6457],[82.0814,16.4627],[85.1132,19.4423],[86.6324,20.2036],[86.9372,21.2884],[88.053,21.9387],[88.2996,21.5518],[89.0723,21.7743],[88.7426,24.2285],[88.0343,24.6625],[88.8796,25.2452],[88.0125,25.8941],[88.4234,26.3345],[89.7144,25.9611],[90,25.1825],[92.1887,25.0548],[91.1431,23.3915],[91.5974,22.9433],[92.1823,23.696],[92.51,22.1104],[93.1277,22.2029],[93.4287,24.0779],[94.1848,23.9362],[95.1818,26.5576],[96.2967,27.2431],[97.0642,27.1333],[97.3404,28.1821],[96.2546,28.3853],[96.4553,28.8815],[95.9286,29.3798],[95.309,29.0018],[94.4117,29.1617],[91.6078,27.6415],[91.9089,26.8053],[89.8344,26.6854],[88.8026,27.181]]]},"properties":{"NAME":"India","SUBJECTO":"India","PARTOF":"India","BORDERPRECISION":3,"LINK":null}},
{"type":"Feature","geometry":{"type":"Polygon","coordinates":[[[91.6078,27.6415],[94.4117,29.1617],[95.309,29.0018],[95.9286,29.3798],[96.4553,28.8815],[96.2546,28.3853],[97.3404,28.1821],[98.0087,28.0908],[98.7069,28.1882],[98.9547,28.9605],[98.9251,31.0935],[97.7034,32.5501],[95.5263,31.7356],[95.2757,32.4248],[92.952,32.6962],[90.4195,33.2414],[89.8244,34.1933],[89.8336,34.8991],[89.5663,36.0575],[88.5221,36.5002],[84.0983,35.3556],[82.5869,35.7491],[81.6922,35.2572],[80.4471,35.4245],[79.8372,34.5065],[78.8067,34.1997],[78.6245,33.5042],[79.5653,32.7018],[78.4507,32.5828],[78.8053,31.3477],[81.0213,30.2465],[82.1417,30.3656],[86.0357,27.9103],[88.1973,27.8758],[88.6683,27.9483],[88.8026,27.181],[89.8634,28.2725],[91.6078,27.6415]]]},"properties":{"NAME":"Tibet","SUBJECTO":"Tibet","PARTOF":"Tibet","BORDERPRECISION":3,"LINK":null}},
{"type":"Feature","geometry":{"type":"MultiPolygon","coordinates":[[[[107.8756,21.4621],[108.555,21.8234],[109.7798,21.483],[109.9283,20.2447],[110.4337,20.4363],[110.2388,21.2807],[112.7495,21.7561],[113.4626,22.7739],[114.5587,22.4649],[116.3406,22.9133],[117.8491,24.0471],[117.9249,24.5617],[118.8129,24.8494],[119.4286,25.6509],[119.4289,26.5908],[121.2597,28.1823],[121.7703,29.8343],[119.9437,30.1162],[121.5689,30.7101],[121.606,31.8276],[119.0032,34.9395],[119.9138,36.1434],[122.2556,36.7337],[122.3929,37.3006],[120.6581,37.7365],[118.9546,37.0771],[118.8752,37.9494],[117.4395,38.6028],[117.7529,39.2025],[118.9776,39.2241],[119.3365,39.7862],[119.6597,41.0538],[121.3077,42.6359],[121.7692,44.1521],[120.5826,44.4818],[119.8574,44.1521],[119.7147,46.7175],[116.6881,46.3989],[115.9081,45.6061],[113.7687,44.8658],[111.9593,45.1072],[111.4146,44.5574],[111.8898,43.7378],[110.2532,42.7667],[105.025,41.5852],[101.736,42.5408],[96.3387,42.7888],[96.094,41.9971],[93.0045,40.5853],[92.3993,38.9946],[90.1061,38.4728],[91.3483,37.0883],[90.8068,36.8083],[91.2527,36.1167],[89.5663,36.0575],[89.8336,34.8991],[89.8244,34.1933],[90.4195,33.2414],[92.952,32.6962],[95.2757,32.4248],[95.5263,31.7356],[97.7034,32.5501],[98.9251,31.0935],[98.9547,28.9605],[98.7069,28.1882],[98.0087,28.0908],[98.6372,27.4787],[98.7337,26.3432],[97.5241,24.8],[97.5306,23.8921],[98.6988,24.1465],[98.985,23.1513],[99.4689,23.1414],[99.2086,22.1494],[101.014,21.4424],[101.7038,21.3194],[101.5544,22.2837],[101.9679,22.5337],[104.4781,22.7832],[105.3134,23.296],[106.588,22.9288],[106.6734,21.9262],[107.8756,21.4621]]],[[[108.5605,19.0603],[108.6519,18.4824],[109.4297,18.0966],[110.8854,19.7068],[109.5503,19.9136],[108.5605,19.0603]]]]},"properties":{"NAME":"China","SUBJECTO":"China","PARTOF":"China","BORDERPRECISION":3,"LINK":null}},
{"type":"Feature","geometry":{"type":"Polygon","coordinates":[[[130.2259,42.6513],[131.1396,43.2266],[130.9905,44.8174],[131.7395,45.2593],[132.989,45.1436],[134.6284,48.2131],[130.9245,47.7323],[130.3836,48.9642],[127.5159,49.8744],[125.8527,52.9465],[123.3526,53.5103],[120.9171,53.2586],[119.9965,52.7038],[120.746,52.0071],[119.1823,50.7017],[119.2912,50.125],[117.645,49.5936],[116.7598,49.9299],[115.717,47.7287],[118.5291,47.9516],[119.7147,46.7175],[119.8574,44.1521],[120.5826,44.4818],[121.7692,44.1521],[121.3077,42.6359],[119.6597,41.0538],[119.3365,39.7862],[121.0106,40.8507],[121.7536,40.737],[122.1079,40.3537],[121.0653,38.7503],[124.1339,39.8431],[126.4742,41.6515],[127.8615,41.3777],[127.984,42.1076],[129.0345,42.1774],[129.8543,42.9568],[130.2259,42.6513]]]},"properties":{"NAME":"Manchuria","SUBJECTO":"Manchuria","PARTOF":"Manchuria","BORDERPRECISION":3,"LINK":null}},
{"type":"Feature","geometry":{"type":"MultiPolygon","coordinates":[[[[130.4351,42.2768],[131.8652,43.2904],[131.6746,43.0266],[132.1818,43.1946],[132.9528,42.6695],[134.5686,43.2122],[140.081,48.5026],[141.1212,53.0516],[139.378,54.0804],[137.0713,53.4895],[137.3829,53.8098],[136.3507,53.7012],[136.4916,54.4555],[135.0945,54.4328],[134.9852,54.8539],[142.8459,59.2725],[145.957,58.9829],[148.4161,59.0974],[149.7296,59.5953],[151.5236,59.3439],[151.3545,58.6911],[154.9059,59.1028],[153.943,59.5688],[156.8252,61.5628],[160.1183,61.7513],[160.1188,60.5636],[162.7488,61.609],[162.9902,62.3261],[165.0672,62.4357],[164.0083,62.1309],[163.3293,60.6949],[156.7769,57.5805],[155.6276,56.2679],[155.7108,53.8049],[156.8246,51.0041],[158.258,52.0171],[158.4614,52.826],[159.8969,53.2406],[160.0274,54.1533],[161.8759,54.5641],[161.5027,55.2874],[162.3176,56.2401],[163.166,56.1065],[162.5124,57.0335],[163.0784,57.6265],[161.8044,58.1017],[163.3887,59.8141],[164.1105,60.0782],[164.5846,59.6647],[166.2034,60.3526],[166.0272,59.7087],[168.6708,60.4546],[170.0601,59.8818],[176.832,62.6764],[179.2422,62.5257],[178.1473,64.1566],[175.8998,64.5474],[175.9651,64.9037],[178.0044,64.5477],[180,64.9535],[180,65.0519],[180,65.311],[180,65.3816],[180,65.9631],[180,66.9631],[180,67.9631],[180,68.9199],[170.4517,70.0192],[170.8328,68.9219],[169.3886,68.7175],[167.3201,69.6586],[162.1178,69.5586],[160.8623,69.0831],[158.4087,70.8142],[152.134,70.6644],[148.7109,71.6294],[149.5303,72.0274],[146.9151,72.2019],[144.8013,71.5911],[145.6,72.4262],[141.4084,72.7873],[138.9693,72.2105],[139.7445,71.4036],[138.4461,71.6103],[137.6297,71.0754],[135.8606,71.5434],[134.2414,71.2619],[132.5538,71.809],[130.7793,70.6783],[126.1113,72.2804],[128.5249,72.9523],[127.7196,73.4015],[124.2222,73.6969],[122.8824,72.7528],[120.5785,72.8351],[116.6711,73.6192],[113.547,73.2009],[113.2216,73.7481],[110.5513,74.0384],[109.9906,73.44],[105.2788,72.7515],[113.625,75.2727],[113.533,76.0937],[109.6564,76.6913],[106.404,76.4323],[107.1603,76.9491],[104.7046,76.9275],[103.9466,77.5922],[99.4672,75.9669],[94.6943,76.1836],[87.4875,74.9609],[87.1397,73.6041],[80.6201,73.4965],[80.9823,72.447],[83.5611,71.6244],[83.3707,70.3373],[82.6755,70.8421],[82.0456,70.4189],[82.8184,71.6463],[79.2226,72.2713],[76.3329,71.7197],[78.6085,70.8499],[75.6706,71.1991],[75.0161,72.7188],[73.2169,71.4577],[73.9145,69.1543],[77.406,68.9356],[78.4779,67.4785],[77.0907,67.5277],[77.0398,68.4638],[75.5372,68.7749],[72.2088,66.1735],[69.1726,66.5483],[71.5441,66.7141],[73.3936,68.3824],[71.7976,71.4318],[72.8527,72.6439],[69.3431,72.8343],[66.6702,70.8661],[66.8844,69.6231],[69.109,68.8303],[68.3846,68.1793],[61.03,69.7406],[59.7623,68.2974],[58.7704,68.856],[53.6257,68.0477],[53.5024,68.8163],[46.4021,66.7186],[44.8712,67.3124],[46.6341,67.7005],[45.8634,68.3833],[43.8532,68.4692],[44.0294,66.0112],[42.2108,66.41],[39.9513,65.5812],[40.3222,64.4629],[36.8839,65.0677],[38.0539,64.1293],[37.4105,63.7495],[34.8846,64.3668],[34.5437,66.0008],[32.2194,66.9937],[38.7821,66.0015],[40.8364,66.5614],[40.9734,67.5344],[35.4366,69.1504],[33.3156,69.0713],[32.0716,69.8835],[31.0538,69.6396],[28.6972,68.6955],[29.9461,67.5339],[29.0229,66.8874],[30.0149,63.6156],[31.4083,62.792],[28.4318,60.6035],[30.1266,59.806],[29.0761,59.9078],[27.702,59.2975],[23.4158,59.119],[23.6709,58.2414],[24.4968,58.2132],[24.2663,57.0301],[21.6773,57.4637],[20.9648,56.609],[21.1373,54.8455],[19.9426,54.8499],[19.9775,54.4239],[22.9871,54.4247],[23.6026,53.7802],[23.9461,52.773],[23.1841,52.2776],[24.1093,50.5393],[22.5704,49.0667],[22.0995,48.4046],[23.0289,48.0122],[24.8922,47.7438],[26.9953,48.1895],[28.0787,47.0305],[28.1898,45.464],[29.6159,45.4102],[30.8329,46.5766],[31.9513,46.8646],[32.2022,46.1704],[33.5279,46.1341],[32.5032,45.4451],[34.0137,44.4921],[36.521,45.3883],[35.0634,45.3401],[33.8391,46.1931],[39.1599,47.2689],[37.7571,46.6032],[38.459,46.0789],[36.9599,45.2274],[41.4097,42.7882],[41.484,41.4365],[42.8784,41.5455],[43.8473,40.75],[43.6845,40.1091],[44.6696,39.757],[46.2805,38.8221],[47.8538,39.7097],[48.3955,39.363],[48.0518,38.6871],[48.825,38.3096],[49.5733,40.1765],[50.4668,40.3254],[47.844,42.6211],[47.7361,43.8619],[47.5203,43.5113],[46.81,44.5363],[47.6282,45.7322],[48.7702,45.8851],[49.5345,46.5415],[51.1171,47.063],[53.0234,46.9192],[52.8435,45.5075],[53.2841,45.3276],[51.5127,45.3726],[51.0991,44.878],[51.5757,44.5543],[50.3258,44.3655],[51.4228,43.1696],[52.7626,42.7559],[52.97,41.1382],[53.0657,42.0289],[53.7362,42.1343],[54.8281,40.9849],[53.8416,40.6401],[53.0562,41.052],[52.8263,40.4677],[52.9891,39.9314],[53.6883,39.9792],[53.7937,39.4908],[53.2094,39.4046],[54.0714,38.8969],[54.0151,37.3483],[55.3557,38.0377],[57.2255,38.1882],[61.014,36.6366],[61.2213,35.5816],[62.6776,35.2655],[65.7247,37.4903],[67.9654,36.8344],[69.3078,37.0837],[70.7188,38.3649],[71.4441,37.834],[71.5245,36.7143],[73.0472,37.3283],[74.7333,37.2094],[74.7029,38.5207],[73.712,38.7187],[73.8849,39.8797],[75.43,40.6102],[76.4816,40.437],[77.0204,41.1116],[78.1107,41.0728],[80.256,42.0837],[80.7721,43.3825],[80.06,45.0378],[82.6019,45.2],[83.2517,47.2949],[85.4776,47.0927],[85.7619,48.3614],[87.8684,49.2329],[92.1597,50.7553],[97.4228,49.7863],[98.2363,50.2424],[97.9396,51.2269],[98.9176,52.037],[102.1174,51.3611],[103.3779,50.2173],[106.3229,50.4167],[109.424,49.2955],[112.5245,49.462],[114.0983,50.2743],[116.7598,49.9299],[117.645,49.5936],[119.2912,50.125],[119.1823,50.7017],[120.746,52.0071],[119.9965,52.7038],[120.9171,53.2586],[123.3526,53.5103],[125.8527,52.9465],[127.5159,49.8744],[130.3836,48.9642],[130.9245,47.7323],[134.6284,48.2131],[132.989,45.1436],[131.7395,45.2593],[130.9905,44.8174],[131.1396,43.2266],[130.2259,42.6513],[130.4351,42.2768]]],[[[143.1433,52.5112],[142.6749,53.5402],[141.767,53.2723],[141.8983,45.9148],[142.6148,46.7128],[143.3034,46.0112],[142.4899,47.9016],[142.854,49.1277],[144.5399,48.7533],[143.0742,51.2676],[143.1433,52.5112]]],[[[-180,66.9631],[-180,65.9631],[-180,65.3816],[-180,65.311],[-180,65.2592],[-178.9751,66.0514],[-178.6535,65.5399],[-176.5285,65.6096],[-173.7238,64.3828],[-172.4366,65.02],[-173.0431,65.8062],[-171.2003,65.5612],[-171.6686,65.8892],[-169.8324,66.0246],[-173.8749,67.1593],[-174.6352,66.4048],[-175.514,67.6688],[-180,68.9169],[-180,67.9631],[-180,66.9631]]],[[[54.7362,73.2577],[51.4821,71.8447],[54.9983,70.5217],[57.2507,70.8178],[55.5204,72.1098],[56.5085,73.1739],[54.7362,73.2577]]],[[[54.9936,73.5362],[56.9604,73.3571],[58.8506,74.6894],[67.7225,76.1745],[68.6683,76.8678],[56.995,75.2731],[55.8852,74.1048],[54.0176,73.7336],[54.9936,73.5362]]],[[[148.5219,45.2872],[148.8422,45.4883],[147.9327,45.4214],[146.8405,44.4155],[148.5219,45.2872]]]]},"properties":{"NAME":"USSR","SUBJECTO":"USSR","PARTOF":"USSR","BORDERPRECISION":3,"LINK":null}},
{"type":"Feature","geometry":{"type":"Polygon","coordinates":[[[14.2802,53.6134],[12.9431,54.347],[11.4078,53.8593],[10.4378,54.2975],[10.9341,53.4257],[9.8488,51.3381],[9.8903,50.7713],[10.1668,50.4948],[12.2354,50.2408],[14.8289,50.9169],[14.2802,53.6134]]]},"properties":{"NAME":"Germany (Soviet)","SUBJECTO":"USSR","PARTOF":"Germany (Soviet)","BORDERPRECISION":3,"LINK":null}},
{"type":"Feature","geometry":{"type":"Polygon","coordinates":[[[6.433,49.4453],[7.3174,49.1862],[7.3236,49.186],[6.4102,49.5532],[6.433,49.4453]]]},"properties":{"NAME":"Saar Protectorate","SUBJECTO":"France","PARTOF":"Saar Protectorate","BORDERPRECISION":3,"LINK":null}},
{"type":"Feature","geometry":{"type":"Polygon","coordinates":[[[16.2596,46.8888],[14.1482,46.4334],[14.3788,45.3148],[16.0594,43.4335],[19.3677,41.8464],[19.5577,42.5473],[20.073,42.4859],[21.0316,40.7268],[22.9202,41.2307],[22.3264,42.2927],[22.9278,43.0864],[22.3181,43.6815],[22.694,44.2631],[22.6911,44.6387],[21.3675,44.8087],[20.3147,46.1315],[17.7944,45.8067],[16.2596,46.8888]]]},"properties":{"NAME":"Yugoslavia","SUBJECTO":"Yugoslavia","PARTOF":"Yugoslavia","BORDERPRECISION":3,"LINK":null}},
{"type":"Feature","geometry":{"type":"MultiPolygon","coordinates":[[[[6.9553,45.9389],[7.1191,45.4305],[6.5073,45.1157],[7.5528,43.8675],[8.6717,44.4174],[9.6919,44.2196],[11.1048,42.5491],[15.6662,40.0919],[16.2122,38.778],[15.6275,38.0042],[16.0529,37.9312],[17.1807,39.0222],[16.5321,39.6975],[16.9487,40.4811],[18.3649,39.7467],[18.5226,40.0941],[15.991,41.4061],[16.1874,41.8409],[14.7385,42.0472],[12.3451,44.301],[12.2797,45.4023],[13.6732,45.7145],[13.8951,44.7592],[14.3788,45.3148],[14.1482,46.4334],[12.0643,47.091],[10.3957,46.8874],[9.9945,46.2525],[9.2101,46.4981],[8.8907,45.8662],[8.3745,46.4708],[7.7899,45.927],[6.9553,45.9389]]],[[[8.8196,38.9769],[9.6483,39.4572],[9.3062,41.1844],[8.1595,40.7847],[8.8196,38.9769]]],[[[14.9424,36.7386],[15.3867,38.2055],[12.5166,37.9192],[14.9424,36.7386]]]]},"properties":{"NAME":"Italy","SUBJECTO":"Italy","PARTOF":"Italy","BORDERPRECISION":3,"LINK":null}},
{"type":"Feature","geometry":{"type":"Polygon","coordinates":[[[6.1085,50.1175],[8.0118,50.592],[8.3492,50.332],[9.8488,51.3381],[10.9341,53.4257],[10.4378,54.2975],[9.496,54.9383],[8.6161,54.8874],[9.125,53.7905],[8.175,53.3217],[7.1656,53.5917],[7.1599,53.164],[7.0677,52.2186],[5.9794,51.8035],[5.9996,50.7416],[6.1085,50.1175]]]},"properties":{"NAME":"Germany (UK)","SUBJECTO":"United Kingdom","PARTOF":"Germany (UK)","BORDERPRECISION":3,"LINK":null}},
{"type":"Feature","geometry":{"type":"Polygon","coordinates":[[[13.9467,48.6551],[12.2354,50.2408],[10.1668,50.4948],[9.8903,50.7713],[9.8488,51.3381],[8.3492,50.332],[8.4395,48.9897],[9.7254,47.6066],[10.1029,47.301],[12.942,47.4832],[12.6942,48.1294],[13.9467,48.6551]]]},"properties":{"NAME":"Germany (USA)","SUBJECTO":"USA","PARTOF":"Germany (USA)","BORDERPRECISION":3,"LINK":null}},
{"type":"Feature","geometry":{"type":"Polygon","coordinates":[[[6.4102,49.5532],[7.3236,49.186],[7.4228,49.1831],[8.1583,48.9783],[7.5066,47.6037],[8.9835,47.6796],[9.1181,47.6785],[9.2161,47.671],[9.6655,47.5562],[9.7254,47.6066],[8.4395,48.9897],[8.3492,50.332],[8.0118,50.592],[6.1085,50.1175],[6.1366,49.982],[6.4102,49.5532]]]},"properties":{"NAME":"Germany (France)","SUBJECTO":"France","PARTOF":"Germany (France)","BORDERPRECISION":3,"LINK":null}},
{"type":"Feature","geometry":{"type":"Polygon","coordinates":[[[-61.6867,17.0244],[-61.7944,17.1633],[-61.8872,17.1053],[-61.6867,17.0244]]]},"properties":{"NAME":"Antigua and Barbuda","SUBJECTO":"Antigua and Barbuda","PARTOF":"Antigua and Barbuda","BORDERPRECISION":3,"LINK":null}},
{"type":"Feature","geometry":{"type":"MultiPolygon","coordinates":[[[[5.8235,49.5071],[4.8654,50.1337],[4.1563,49.9658],[2.5221,51.0911],[0.0329,49.3337],[-1.9413,49.7093],[-1.4566,48.6836],[-4.762,48.552],[-4.6754,48.0169],[-2.4655,47.4944],[-1.0752,46.0146],[-0.7285,45.0186],[-1.1752,45.5005],[-1.9146,43.3054],[-0.612,42.7309],[1.4544,42.6129],[1.4811,42.6472],[1.7236,42.5094],[1.9126,42.4539],[3.0871,42.3686],[3.8075,43.4672],[5.8286,43.0208],[7.5528,43.8675],[6.5073,45.1157],[7.1191,45.4305],[6.9553,45.9389],[6.8091,46.3937],[6.3609,46.3479],[6.2778,46.3504],[6.1722,46.2119],[6.2487,46.3056],[6.2683,46.2531],[6.2697,46.2523],[6.2719,46.251],[6.2743,46.2496],[6.3032,46.2649],[6.3157,46.257],[6.1507,46.1455],[6.1351,46.1405],[6.1316,46.1409],[6.1281,46.1413],[6.1058,46.1442],[6.1034,46.1428],[6.0996,46.1522],[6.0592,46.1517],[6.0564,46.1486],[6.0511,46.1426],[6.0445,46.1352],[5.9656,46.1289],[5.9627,46.1327],[5.9833,46.1621],[5.9836,46.1629],[5.9874,46.171],[5.9895,46.1755],[5.9943,46.1728],[6.0009,46.184],[5.9705,46.198],[5.9862,46.2201],[6.1288,46.2516],[6.1753,46.3678],[6.1079,46.5759],[6.4562,46.7751],[6.4361,46.9287],[7.5066,47.6037],[8.1583,48.9783],[7.4228,49.1831],[7.3236,49.186],[7.3174,49.1862],[6.433,49.4453],[5.8235,49.5071]]],[[[8.6269,41.7321],[9.173,41.3499],[9.3671,42.9881],[8.5004,42.3598],[8.6269,41.7321]]]]},"properties":{"NAME":"France","SUBJECTO":"France","PARTOF":"France","BORDERPRECISION":3,"LINK":null}},
{"type":"Feature","geometry":{"type":"Polygon","coordinates":[[[1.7236,42.5094],[1.4811,42.6472],[1.4544,42.6129],[1.4458,42.6019],[1.7189,42.5031],[1.7236,42.5094]]]},"properties":{"NAME":"Andorra","SUBJECTO":"Andorra","PARTOF":"Andorra","BORDERPRECISION":3,"LINK":null}},
{"type":"Feature","geometry":{"type":"Polygon","coordinates":[[[-59.5331,13.0506],[-59.4292,13.165],[-59.6311,13.335],[-59.5331,13.0506]]]},"properties":{"NAME":"Barbados","SUBJECTO":"Barbados","PARTOF":"Barbados","BORDERPRECISION":3,"LINK":null}},
{"type":"Feature","geometry":{"type":"Polygon","coordinates":[[[-61.3636,15.1981],[-61.2533,15.4614],[-61.4522,15.6319],[-61.3636,15.1981]]]},"properties":{"NAME":"Dominica","SUBJECTO":"Dominica","PARTOF":"Dominica","BORDERPRECISION":3,"LINK":null}},
{"type":"Feature","geometry":{"type":"Polygon","coordinates":[[[-61.7469,11.9975],[-61.6286,12.0481],[-61.6119,12.2311],[-61.7469,11.9975]]]},"properties":{"NAME":"Grenada","SUBJECTO":"Grenada","PARTOF":"Grenada","BORDERPRECISION":3,"LINK":null}},
{"type":"Feature","geometry":{"type":"Polygon","coordinates":[[[-60.8608,14.4028],[-60.9408,14.7408],[-61.1747,14.8769],[-60.8608,14.4028]]]},"properties":{"NAME":"Martinique (France)","SUBJECTO":"France","PARTOF":"Martinique (France)","BORDERPRECISION":3,"LINK":null}},
{"type":"Feature","geometry":{"type":"Polygon","coordinates":[[[-62.1714,16.6714],[-62.2019,16.8136],[-62.2367,16.7119],[-62.1714,16.6714]]]},"properties":{"NAME":"Montserrat","SUBJECTO":"Montserrat","PARTOF":"Montserrat","BORDERPRECISION":3,"LINK":null}},
{"type":"Feature","geometry":{"type":"Polygon","coordinates":[[[-63.1678,18.1644],[-62.9931,18.2272],[-62.9725,18.2767],[-63.1678,18.1644]]]},"properties":{"NAME":"Anguilla","SUBJECTO":"Anguilla","PARTOF":"Anguilla","BORDERPRECISION":3,"LINK":null}},
{"type":"Feature","geometry":{"type":"Polygon","coordinates":[[[-62.7017,17.3369],[-62.8639,17.3708],[-62.6253,17.2208],[-62.7017,17.3369]]]},"properties":{"NAME":"Saint Kitts and Nevis","SUBJECTO":"Saint Kitts and Nevis","PARTOF":"Saint Kitts and Nevis","BORDERPRECISION":3,"LINK":null}},
{"type":"Feature","geometry":{"type":"Polygon","coordinates":[[[-60.9547,13.7094],[-60.9303,14.1094],[-61.0794,13.88],[-60.9547,13.7094]]]},"properties":{"NAME":"Saint Lucia","SUBJECTO":"Saint Lucia","PARTOF":"Saint Lucia","BORDERPRECISION":3,"LINK":null}},
{"type":"Feature","geometry":{"type":"Polygon","coordinates":[[[-61.1731,13.1325],[-61.1772,13.3842],[-61.2814,13.2078],[-61.1731,13.1325]]]},"properties":{"NAME":"Saint Vincent and the Grenadines","SUBJECTO":"Saint Vincent and the Grenadines","PARTOF":"Saint Vincent and the Grenadines","BORDERPRECISION":3,"LINK":null}},
{"type":"Feature","geometry":{"type":"Polygon","coordinates":[[[-64.7619,17.7742],[-64.8961,17.6767],[-64.5603,17.7483],[-64.7619,17.7742]]]},"properties":{"NAME":"United States Virgin Islands","SUBJECTO":"USA","PARTOF":"United States Virgin Islands","BORDERPRECISION":3,"LINK":null}},
{"type":"Feature","geometry":{"type":"Polygon","coordinates":[[[-61.3461,16.3342],[-61.7836,16.3331],[-61.695,15.9492],[-61.3461,16.3342]]]},"properties":{"NAME":"Guadeloupe","SUBJECTO":"France","PARTOF":"Guadeloupe","BORDERPRECISION":3,"LINK":null}},
{"type":"Feature","geometry":{"type":"Polygon","coordinates":[[[-68.9656,12.1989],[-69.1636,12.3664],[-69.0625,12.1883],[-68.7469,12.0403],[-68.9656,12.1989]]]},"properties":{"NAME":"Netherlands Antilles","SUBJECTO":"Netherlands Antilles","PARTOF":"Netherlands Antilles","BORDERPRECISION":3,"LINK":null}},
{"type":"Feature","geometry":{"type":"Polygon","coordinates":[[[-63.0115,18.0673],[-63.0392,18.1219],[-63.1398,18.0586],[-63.0115,18.0673]]]},"properties":{"NAME":"Saint Martin","SUBJECTO":"Saint Martin","PARTOF":"Saint Martin","BORDERPRECISION":3,"LINK":null}},
{"type":"Feature","geometry":{"type":"Polygon","coordinates":[[[-63.1398,18.0586],[-63.0283,18.0156],[-63.0115,18.0673],[-63.1398,18.0586]]]},"properties":{"NAME":"Saint Barthelemy","SUBJECTO":"Saint Barthelemy","PARTOF":"Saint Barthelemy","BORDERPRECISION":3,"LINK":null}},
{"type":"Feature","geometry":{"type":"Polygon","coordinates":[[[104.3872,10.3144],[104.9785,9.9809],[104.9071,8.475],[106.6563,9.7431],[106.7732,10.6392],[107.5766,10.4679],[107.1299,12.2006],[105.8425,11.5827],[106.0271,10.7961],[104.3872,10.3144]]]},"properties":{"NAME":"Cochin China","SUBJECTO":"France","PARTOF":"Cochin China","BORDERPRECISION":3,"LINK":null}},
{"type":"Feature","geometry":{"type":"Polygon","coordinates":[[[104.6836,20.2363],[103.8993,19.3131],[107.1075,16.1696],[107.3933,14.5835],[107.4823,12.5833],[107.1299,12.2006],[107.5766,10.4679],[108.8973,11.3426],[109.3071,12.9063],[108.2361,16.0804],[106.6223,17.3284],[105.5326,18.8442],[105.8502,19.7124],[105.1826,20.3611],[104.6836,20.2363]]]},"properties":{"NAME":"Annam","SUBJECTO":"France","PARTOF":"Annam","BORDERPRECISION":3,"LINK":null}},
{"type":"Feature","geometry":{"type":"Polygon","coordinates":[[[41.7652,3.825],[41.0231,2.7147],[41.0596,-1.0798],[41.6099,-1.8767],[43.7243,0.8003],[46.3605,2.6678],[48.4716,5.2014],[50.7794,9.3684],[51.0611,11.8289],[47.8438,7.9164],[44.9947,4.8166],[43.5911,4.7956],[41.7652,3.825]]]},"properties":{"NAME":"Somalia","SUBJECTO":"United Kingdom","PARTOF":"Somalia","BORDERPRECISION":3,"LINK":null}},
{"type":"Feature","geometry":{"type":"Polygon","coordinates":[[[47.8438,7.9164],[51.0611,11.8289],[44.8452,10.4168],[44.2808,10.3965],[43.2985,11.4756],[42.9276,10.8928],[42.8017,10.3455],[43.856,9.0299],[47.8438,7.9164]]]},"properties":{"NAME":"British Somaliland","SUBJECTO":"United Kingdom","PARTOF":"British Somaliland","BORDERPRECISION":3,"LINK":null}},
{"type":"Feature","geometry":{"type":"Polygon","coordinates":[[[23.9497,19.4743],[23.9825,19.9829],[24.9579,20.0457],[24.9529,21.8822],[24.687,30.0077],[25.1066,31.5138],[21.6734,32.8156],[20.0684,32.0371],[19.6639,30.4415],[18.3656,30.5187],[17.5555,29.2945],[17.6993,22.5366],[23.9497,19.4743]]]},"properties":{"NAME":"Cyraneica (UK Lybia)","SUBJECTO":"United Kingdom","PARTOF":"Cyraneica (UK Lybia)","BORDERPRECISION":3,"LINK":null}},
{"type":"Feature","geometry":{"type":"Polygon","coordinates":[[[9.5749,30.2074],[9.607,29.5408],[17.5555,29.2945],[18.3656,30.5187],[15.8433,31.285],[15.0098,32.3634],[11.4707,33.1441],[11.4164,32.3277],[10.1324,31.4816],[10.1328,30.6427],[9.5749,30.2074]]]},"properties":{"NAME":"Tripolitana (UK Lybia)","SUBJECTO":"United Kingdom","PARTOF":"Tripolitana (UK Lybia)","BORDERPRECISION":3,"LINK":null}},
{"type":"Feature","geometry":{"type":"Polygon","coordinates":[[[14.0334,13.0606],[14.5059,11.4808],[13.7878,11.0889],[11.0722,6.3964],[9.5877,4.0329],[9.8812,2.0583],[11.2177,2.0543],[13.2661,2.1109],[15.928,1.6183],[16.0767,2.1277],[14.403,5.8297],[15.557,7.5019],[13.9109,9.5515],[14.2949,9.9796],[15.4498,9.9356],[14.8242,12.417],[14.0334,13.0606]]]},"properties":{"NAME":"Cameroon","SUBJECTO":"Cameroon","PARTOF":"Cameroon","BORDERPRECISION":3,"LINK":null}},
{"type":"Feature","geometry":{"type":"Polygon","coordinates":[[[-71.6578,21.8233],[-71.8506,21.8458],[-71.6589,21.7397],[-71.6578,21.8233]]]},"properties":{"NAME":"Turks and Caicos Islands","SUBJECTO":"Turks and Caicos Islands","PARTOF":"Turks and Caicos Islands","BORDERPRECISION":3,"LINK":null}},
{"type":"Feature","geometry":{"type":"MultiPolygon","coordinates":[[[[-78.192,25.2036],[-78.4406,24.6136],[-78.0214,24.2728],[-77.7167,24.5067],[-78.192,25.2036]]],[[[-77.735,26.9144],[-77.1489,26.5489],[-77.2047,25.8808],[-77.0422,26.5089],[-77.735,26.9144]]]]},"properties":{"NAME":"Bahamas","SUBJECTO":"Bahamas","PARTOF":"Bahamas","BORDERPRECISION":3,"LINK":null}},
{"type":"Feature","geometry":{"type":"Polygon","coordinates":[[[-74.2312,40.5419],[-74.2124,40.5144],[-74.145,40.5389],[-74.1233,40.5497],[-74.0575,40.5997],[-74.0739,40.6492],[-74.1817,40.6375],[-74.2311,40.5422],[-74.2312,40.5419]]]},"properties":{"NAME":"United States","SUBJECTO":"United States","PARTOF":"United States","BORDERPRECISION":3,"LINK":null}},
{"type":"Feature","geometry":{"type":"Polygon","coordinates":[[[106.5527,-3.1752],[105.8634,-1.6261],[105.4267,-1.7096],[105.1997,-2.1105],[106.5527,-3.1752]]]},"properties":{"NAME":"Indonesia","SUBJECTO":"Indonesia","PARTOF":"Indonesia","BORDERPRECISION":3,"LINK":null}},
{"type":"Feature","geometry":{"type":"MultiPolygon","coordinates":[[[[140.8698,-2.7948],[137.7039,-1.6333],[135.2464,-3.5389],[134.2831,-2.8546],[133.9073,-1.0061],[132.254,-0.5267],[131.2114,-1.0246],[131.0644,-1.5397],[131.8156,-1.6652],[132.219,-2.3443],[133.855,-2.2454],[133.7808,-2.7222],[132.0158,-2.8214],[132.8272,-3.506],[132.9316,-4.2684],[133.7525,-3.1862],[134.0406,-3.9482],[137.5953,-5.2498],[139.0283,-7.0199],[138.6496,-7.1415],[139.1561,-7.7251],[138.917,-8.3167],[139.9769,-8.2382],[140.9476,-9.2739],[140.8698,-2.7948]]],[[[137.6759,-8.4592],[138.2972,-8.5405],[138.8948,-7.7829],[138.3763,-7.5552],[137.6759,-8.4592]]]]},"properties":{"NAME":"Dutch Guinea","SUBJECTO":"Netherlands","PARTOF":"Dutch Guinea","BORDERPRECISION":3,"LINK":null}},
{"type":"Feature","geometry":{"type":"MultiPolygon","coordinates":[[[[109.5175,1.8205],[108.841,0.3313],[109.1789,-0.869],[109.9409,-1.6426],[110.1023,-3.0785],[111.5872,-2.7957],[111.7395,-3.647],[112.7954,-2.971],[113.6084,-3.6111],[114.2185,-3.4319],[114.5809,-4.2954],[115.8063,-3.5365],[116.3491,-2.4168],[116.0463,-1.9345],[117.3703,-1.0038],[117.5343,0.6107],[118.7652,0.823],[117.7301,1.7994],[117.8292,2.3143],[117.139,3.1706],[117.5587,3.9807],[115.7068,4.1567],[114.6589,1.5958],[113.6768,1.1451],[112.616,1.4629],[111.562,0.7638],[110.5486,0.726],[109.5175,1.8205]]],[[[129.5685,-3.3796],[130.7838,-3.879],[130.3687,-3.13],[128.0418,-3.0588],[128.376,-3.5474],[129.5685,-3.3796]]],[[[126.7266,-3.2332],[126.0457,-3.4253],[126.4719,-3.8502],[127.1122,-3.7217],[126.7266,-3.2332]]],[[[121.6944,-8.9959],[122.9431,-8.2407],[121.4314,-8.7231],[119.8525,-8.574],[119.9353,-8.9361],[121.6944,-8.9959]]],[[[117.9479,-8.1619],[117.6774,-8.3626],[118.0331,-8.692],[116.9584,-8.5293],[116.6632,-9.0593],[118.9705,-8.881],[118.7608,-8.3793],[118.462,-8.5961],[117.9479,-8.1619]]],[[[115.0844,-8.2347],[114.4575,-8.3314],[115.0724,-8.7814],[115.5005,-8.469],[115.0844,-8.2347]]],[[[103.3842,-0.8943],[103.4631,0.2879],[99.8632,2.5676],[97.3841,5.1801],[95.2161,5.4995],[95.8276,4.2237],[98.671,1.6183],[99.1133,0.2212],[99.972,-0.5013],[101.3455,-3.0149],[104.5685,-6.0712],[104.5634,-5.6009],[105.6407,-5.929],[105.9428,-3.2147],[105.4449,-2.5993],[104.6778,-2.6708],[104.2299,-1.1911],[103.3842,-0.8943]]],[[[127.4397,1.1278],[127.6363,-0.3079],[128.2994,-1.0246],[127.8647,0.0992],[128.7058,0.2091],[128.1896,0.6274],[128.6086,1.3845],[127.802,0.7155],[127.7998,1.8974],[127.4397,1.1278]]],[[[105.664,-6.5193],[105.1848,-6.8657],[106.3655,-7.0397],[106.4837,-7.5034],[114.3293,-8.783],[114.2308,-7.9315],[112.6784,-7.7188],[112.2748,-7.0269],[110.8146,-6.5343],[110.0273,-7.0445],[108.5558,-6.9205],[108.1733,-6.3557],[106.9451,-6.026],[105.9332,-6.026],[105.664,-6.5193]]],[[[123.9688,-9.5312],[123.4919,-10.3522],[127.1415,-8.5964],[125.2898,-8.7021],[123.9688,-9.5312]]],[[[119.4098,-9.8716],[120.2798,-10.3782],[120.5813,-10.0978],[119.7887,-9.4576],[118.9004,-9.682],[119.4098,-9.8716]]],[[[119.6975,0.0053],[118.6836,-2.9011],[118.7914,-3.6635],[119.4611,-3.8082],[119.4768,-5.8038],[120.2481,-5.586],[120.1442,-3.0759],[120.5928,-2.8016],[121.508,-4.2359],[121.4413,-4.8653],[122.6484,-4.5131],[121.2535,-1.9613],[123.25,-0.9021],[121.4611,-0.9886],[120.5873,-1.5179],[119.9038,-0.6805],[120.143,0.1905],[124.234,0.3011],[125.0162,1.5419],[123.8262,0.7387],[120.7674,1.1387],[119.6975,0.0053]]]]},"properties":{"NAME":"Indonesia","SUBJECTO":"Indonesia","PARTOF":"Indonesia","BORDERPRECISION":3,"LINK":null}},
{"type":"Feature","geometry":{"type":"MultiPolygon","coordinates":[[[[-97.26,25.8114],[-97.5678,27.9089],[-96.6845,28.2477],[-96.7166,28.7118],[-95.6028,28.7987],[-94.8446,29.3463],[-95.007,29.7582],[-92.1167,29.5416],[-91.951,29.832],[-91.2404,29.3209],[-90,29.1087],[-90,29.5014],[-89.2715,29.058],[-90,30.39],[-88.1418,30.328],[-88.0346,30.6794],[-87.7746,30.2628],[-86.3887,30.4727],[-85.3048,29.6639],[-83.8862,30.0483],[-82.647,28.9065],[-82.7527,27.5276],[-81.7447,25.9207],[-80.4908,24.9959],[-80.0779,26.9231],[-81.4054,30.0726],[-81.182,31.6404],[-78.8989,33.702],[-76.3058,34.9788],[-76.9535,35.0291],[-76.4843,35.3341],[-77.0533,35.58],[-76.141,35.3845],[-75.7292,35.8821],[-76.7269,35.9918],[-76.7098,36.3533],[-75.7933,36.1369],[-75.9575,36.7682],[-75.5221,35.8584],[-75.9746,36.9372],[-76.9419,37.2864],[-76.2831,37.0558],[-76.885,38.0672],[-76.2152,37.9426],[-77.2464,38.6993],[-76.324,38.1088],[-76.5866,39.3109],[-75.9401,39.6464],[-76.3535,38.7349],[-75.64,38.0049],[-75.8566,37.2248],[-75.0421,38.4975],[-75.6238,39.6732],[-75.3395,39.893],[-74.8601,38.9902],[-74.1528,39.7652],[-73.9457,40.4468],[-74.1945,40.4885],[-74.2124,40.5144],[-74.2312,40.5419],[-74.2929,40.6316],[-73.89,41.1744],[-73.993,40.7807],[-71.4492,41.4251],[-71.373,41.8371],[-71.1732,41.5265],[-69.922,41.7236],[-71.0544,42.357],[-70.5363,43.4042],[-68.7817,44.6272],[-68.5043,44.2972],[-67.1689,44.7112],[-67.1868,45.2523],[-67.7769,47.1645],[-69.0491,47.4644],[-70.5894,45.2946],[-74.7824,45.0122],[-76.1329,44.3267],[-76.2092,43.5647],[-76.9375,43.237],[-79.14,43.2221],[-79.0502,42.8523],[-81.8108,41.4948],[-83.0273,41.4439],[-83.4499,41.7539],[-83.056,42.027],[-82.2978,43.0287],[-82.8356,44.0345],[-83.8745,43.6845],[-83.2605,45.0238],[-84.7468,45.8544],[-83.8207,46.1504],[-84.7436,46.4684],[-88.4838,46.81],[-87.8812,47.4617],[-90.2766,46.625],[-90.8318,46.944],[-92.2655,46.6505],[-89.622,47.9684],[-92.5561,48.2215],[-94.8273,49.4876],[-94.8198,49.0507],[-98.2009,49.0488],[-108.0673,49.0615],[-115.1646,49.0562],[-122.9003,49.0672],[-122.3453,48.0767],[-122.7483,47.2622],[-123.072,48.1667],[-124.7334,48.3269],[-123.7871,46.2985],[-124.6297,43.014],[-124.3648,40.3343],[-123.7963,39.0304],[-122.7586,37.9568],[-122.4898,38.1645],[-122.1192,37.5359],[-122.5521,37.843],[-122.4941,37.3008],[-120.6879,34.6217],[-118.6044,34.0964],[-117.1737,32.5206],[-114.8841,32.6357],[-111.0889,31.3067],[-106.5445,31.7021],[-103.586,29.0569],[-102.2372,29.7778],[-101.1966,29.4909],[-99.1,26.4088],[-97.26,25.8114]],[[-87.6816,42.0226],[-87.3433,44.8177],[-87.9496,44.7699],[-86.9952,45.8638],[-84.9484,45.9678],[-86.4534,44.1299],[-86.3718,42.2482],[-87.2245,41.6346],[-87.6816,42.0226]]],[[[-141.0593,69.5955],[-143.3076,70.1968],[-151.915,70.4958],[-156.9047,71.3459],[-166.8435,68.4052],[-163.7387,67.2183],[-160.0323,66.5676],[-162.7585,66.0628],[-164.4631,66.5962],[-168.1798,65.6939],[-165.6633,65.2465],[-166.6038,65.1501],[-166.3477,64.6371],[-163.0252,64.4417],[-161.2906,64.9641],[-160.7897,64.6403],[-161.133,63.5628],[-163.3086,63.0377],[-164.2918,63.2498],[-166.1895,61.7489],[-165.8981,61.2703],[-163.52,60.7063],[-164.8447,60.8159],[-165.0476,60.4165],[-164.0274,59.7982],[-162.3781,60.1631],[-161.9382,58.7233],[-160.4305,59.0022],[-158.9327,58.4328],[-158.6362,58.971],[-157.1394,58.8558],[-158.6173,56.7481],[-160.6074,55.9619],[-159.0769,55.992],[-154.6493,58.0765],[-153.4886,58.7945],[-154.2982,59.1174],[-153.976,59.5192],[-150.3112,61.3139],[-149.3169,60.9294],[-151.1596,60.6597],[-151.881,59.1635],[-148.4935,59.904],[-148.8397,60.5451],[-147.9401,61.2059],[-144.4064,60.0926],[-139.5726,59.9],[-139.7851,59.5184],[-137.085,58.4468],[-136.3561,58.5239],[-136.9388,58.9432],[-135.3003,58.3745],[-135.3086,59.347],[-132.2556,55.85],[-131.1905,56.0348],[-130.5457,54.9097],[-130.0027,55.2885],[-130.1064,55.9926],[-131.7249,56.6052],[-135.2577,59.6703],[-137.2233,58.8822],[-139.0051,60.2584],[-140.807,60.263],[-141.0593,69.5955]]],[[[-72.2786,41.1172],[-74.0325,40.6258],[-73.5828,40.5961],[-71.8561,41.0692],[-72.6211,40.913],[-72.2786,41.1172]]],[[[-156.5508,20.9747],[-156.5764,20.6351],[-156.1209,20.7126],[-156.5508,20.9747]]],[[[-158.4344,21.452],[-157.8416,21.2902],[-158.1791,21.6891],[-158.4344,21.452]]],[[[-166.4932,53.7338],[-167.1484,53.9402],[-166.9272,53.4589],[-166.4932,53.7338]]],[[[-156.0324,20.1959],[-155.7828,18.9455],[-154.92,19.5552],[-156.0324,20.1959]]],[[[-164.5645,54.3341],[-163.3602,54.9211],[-164.5609,54.8313],[-164.5645,54.3341]]],[[[-161.8105,55.7831],[-162.5462,55.1453],[-160.3913,55.5622],[-161.8105,55.7831]]],[[[-154.1601,56.9817],[-152.4384,57.6142],[-154.1886,57.6314],[-154.1601,56.9817]]],[[[-135.8164,57.4542],[-135.3249,58.0927],[-136.3001,58.1801],[-135.8164,57.4542]]]]},"properties":{"NAME":"United States","SUBJECTO":"USA","PARTOF":"United States","BORDERPRECISION":3,"LINK":null}},
{"type":"Feature","geometry":{"type":"Polygon","coordinates":[[[121.7347,25.1389],[121.0092,25.0089],[120.1114,23.6203],[120.7164,21.9281],[121.7347,25.1389]]]},"properties":{"NAME":"Taiwan","SUBJECTO":"Taiwan","PARTOF":"Taiwan","BORDERPRECISION":3,"LINK":null}},
{"type":"Feature","geometry":{"type":"Polygon","coordinates":[[[126.4073,37.9034],[127.0002,36.9297],[126.1289,36.7517],[126.873,36.0547],[126.2492,35.1167],[126.5941,34.2994],[129.4394,35.4758],[129.4336,37.0589],[128.8024,37.9227],[126.4073,37.9034]]]},"properties":{"NAME":"Korea (USA)","SUBJECTO":"USA","PARTOF":"Korea (USA)","BORDERPRECISION":3,"LINK":null}},
{"type":"Feature","geometry":{"type":"Polygon","coordinates":[[[-170.7494,-14.3739],[-170.5656,-14.2558],[-170.8261,-14.325],[-170.7494,-14.3739]]]},"properties":{"NAME":"American Samoa","SUBJECTO":"American Samoa","PARTOF":"American Samoa","BORDERPRECISION":3,"LINK":null}},
{"type":"Feature","geometry":{"type":"MultiPolygon","coordinates":[[[[178.6933,-18.025],[178.193,-17.3011],[177.2483,-17.9564],[178.6933,-18.025]]],[[[179.8983,-16.2372],[180,-16.1727],[180,-16.1547],[178.4858,-16.7983],[179.9022,-16.7694],[179.9325,-16.4608],[179.4786,-16.7011],[179.8983,-16.2372]]]]},"properties":{"NAME":"Fiji","SUBJECTO":"Fiji","PARTOF":"Fiji","BORDERPRECISION":3,"LINK":null}},
{"type":"Feature","geometry":{"type":"Polygon","coordinates":[[[-169.8939,-19.1456],[-169.8175,-18.9683],[-169.9317,-19.0167],[-169.8939,-19.1456]]]},"properties":{"NAME":"Niue","SUBJECTO":"Niue","PARTOF":"Niue","BORDERPRECISION":3,"LINK":null}},
{"type":"Feature","geometry":{"type":"Polygon","coordinates":[[[-175.1233,-21.135],[-175.3605,-21.1025],[-175.1453,-21.2681],[-175.1233,-21.135]]]},"properties":{"NAME":"Tonga","SUBJECTO":"Tonga","PARTOF":"Tonga","BORDERPRECISION":3,"LINK":null}},
{"type":"Feature","geometry":{"type":"Polygon","coordinates":[[[-178.0425,-14.3194],[-178.1895,-14.2361],[-178.1406,-14.3164],[-178.0425,-14.3194]]]},"properties":{"NAME":"Wallis and Futuna Islands","SUBJECTO":"Wallis and Futuna Islands","PARTOF":"Wallis and Futuna Islands","BORDERPRECISION":3,"LINK":null}},
{"type":"Feature","geometry":{"type":"Polygon","coordinates":[[[-172.2859,-13.4864],[-172.7806,-13.5333],[-172.2142,-13.8078],[-172.2859,-13.4864]]]},"properties":{"NAME":"Samoa","SUBJECTO":"Samoa","PARTOF":"Samoa","BORDERPRECISION":3,"LINK":null}},
{"type":"Feature","geometry":{"type":"Polygon","coordinates":[[[-109.2414,-27.1331],[-109.3908,-27.0667],[-109.4492,-27.1931],[-109.2414,-27.1331]]]},"properties":{"NAME":"Rapa Nui","SUBJECTO":"Chile","PARTOF":"Rapa Nui","BORDERPRECISION":3,"LINK":null}},
{"type":"Feature","geometry":{"type":"Polygon","coordinates":[[[114.0292,22.5085],[114.2631,22.2044],[114.4131,22.4369],[114.0292,22.5085]]]},"properties":{"NAME":"Hong Kong","SUBJECTO":"United Kingdom","PARTOF":null,"BORDERPRECISION":3,"LINK":null}}
]}