{"type":"FeatureCollection", "features": [
{"type":"Feature","geometry":{"type":"MultiPolygon","coordinates":[[[[140.8698,-2.7948],[140.2852,-2.6128],[139.592,-2.3792],[138.6343,-1.9554],[137.8543,-1.614],[137.7039,-1.6333],[137.2088,-1.9077],[137.1107,-1.9842],[137.1044,-2.213],[137.0842,-2.2511],[136.9141,-2.315],[136.4288,-2.4114],[136.2709,-2.4181],[135.7342,-3.2518],[135.5076,-3.4493],[135.2464,-3.5389],[135.0867,-3.5138],[134.9544,-3.4632],[134.8491,-3.3809],[134.7731,-3.3047],[134.634,-2.822],[134.5952,-2.7586],[134.557,-2.7078],[134.4554,-3.0004],[134.3664,-2.9434],[134.2831,-2.8546],[134.1863,-2.6196],[134.1343,-2.4037],[134.0828,-2.1814],[133.9834,-2.01],[134.0139,-1.8383],[134.141,-1.5013],[134.0792,-1.3235],[133.9073,-1.0061],[133.4963,-0.9371],[133.265,-0.8613],[132.5924,-0.5704],[132.4123,-0.5391],[132.254,-0.5267],[132.0542,-0.6542],[131.8336,-0.8263],[131.4197,-1.0115],[131.2114,-1.0246],[131.2095,-1.2915],[131.1834,-1.406],[131.0644,-1.5397],[131.6268,-1.5957],[131.8156,-1.6652],[131.9063,-1.8175],[131.9734,-2.116],[132.034,-2.2049],[132.219,-2.3443],[132.6807,-2.3814],[133.0251,-2.3616],[133.3207,-2.38],[133.5928,-2.3477],[133.7476,-2.2584],[133.855,-2.2454],[133.8836,-2.4297],[133.843,-2.6649],[133.7808,-2.7222],[133.3213,-2.7423],[133.1867,-2.6218],[133.1208,-2.5965],[132.8843,-2.7814],[132.7187,-2.9342],[132.6474,-2.9471],[132.3763,-2.8397],[132.2019,-2.8019],[132.0158,-2.8214],[131.9989,-2.9231],[132.025,-3.0184],[132.1772,-3.0434],[132.4954,-3.2207],[132.7493,-3.3981],[132.8272,-3.506],[132.8956,-3.6965],[132.723,-3.8176],[132.7128,-3.8875],[132.8618,-4.1923],[132.9316,-4.2684],[133.2449,-4.1088],[133.3955,-3.9878],[133.5083,-3.7142],[133.5632,-3.4154],[133.6688,-3.2372],[133.7525,-3.1862],[133.8225,-3.2877],[133.7627,-3.5103],[133.857,-3.7707],[134.0406,-3.9482],[134.2261,-4.0368],[134.4009,-4.0682],[134.6786,-4.0231],[134.7658,-4.0356],[134.8097,-4.1563],[134.7768,-4.3089],[135.0605,-4.4545],[135.3778,-4.5618],[135.6536,-4.593],[136.2206,-4.7634],[137.1129,-5.0347],[137.3852,-5.1231],[137.5953,-5.2498],[137.8236,-5.4272],[138.2975,-6.1889],[138.4214,-6.481],[138.5506,-6.6523],[138.8181,-6.836],[139.0283,-7.0199],[138.9678,-7.0709],[138.8614,-7.0902],[138.6624,-7.0398],[138.6496,-7.1415],[138.904,-7.4905],[139.1561,-7.7251],[139.1536,-7.8522],[138.958,-8.145],[138.917,-8.3167],[139.1124,-8.3227],[139.4451,-8.2584],[139.7941,-8.2132],[139.9769,-8.2382],[140.299,-8.6443],[140.716,-9.0438],[140.9476,-9.2739],[141.4962,-9.3154],[142.3066,-9.3327],[142.6074,-9.3766],[142.8133,-9.2808],[143.146,-9.0894],[143.3311,-9],[143.2327,-8.8223],[143.0507,-8.6701],[142.7528,-8.5118],[142.4637,-8.4362],[142.3556,-8.3665],[142.2489,-8.3095],[142.464,-8.2964],[142.97,-8.3779],[143.4368,-8.3578],[143.4893,-8.3069],[143.3561,-8.1292],[143.4959,-8.0844],[143.6674,-8.1412],[143.7796,-8.1092],[143.7918,-8.0138],[143.6648,-7.6709],[144.016,-7.8735],[144.1932,-7.8414],[144.3798,-7.7583],[144.6274,-7.7832],[144.9294,-7.9224],[145.6152,-8.0735],[145.8196,-8.0984],[146.0955,-8.4665],[146.5855,-9.19],[146.6461,-9.2789],[146.8584,-9.431],[147.185,-9.5701],[147.293,-9.6906],[147.3933,-9.9256],[147.6155,-10.084],[147.8736,-10.1788],[148.222,-10.1908],[148.5605,-10.1837],[148.8499,-10.2403],[149.3286,-10.36],[149.7834,-10.4099],[149.8401,-10.4543],[149.9057,-10.6639],[150.0024,-10.7336],[150.4946,-10.7389],[150.5234,-10.6371],[150.4176,-10.2941],[150.1756,-10.1611],[149.6964,-10.035],[149.5674,-9.9273],[149.859,-9.8313],[149.8729,-9.7677],[149.8299,-9.7106],[149.5464,-9.6349],[149.3565,-9.6163],[149.1757,-9.5531],[149.0779,-9.458],[149.2368,-9.2097],[149.1977,-9.1208],[149.0455,-9.1148],[148.7251,-9.1536],[148.5887,-9.1603],[148.4588,-9.097],[148.1327,-8.6274],[148.0347,-8.2462],[147.376,-7.7963],[147.1512,-7.5617],[146.886,-7.1173],[146.865,-6.9648],[146.9091,-6.8948],[147.1623,-6.8244],[147.6638,-6.7915],[147.7386,-6.7405],[147.6439,-6.4801],[147.458,-6.239],[147.3765,-6.1248],[147.0529,-6.0428],[146.8934,-6.0305],[146.0445,-5.6764],[145.7454,-5.6262],[145.6081,-5.5248],[145.5934,-5.4231],[145.7282,-4.997],[145.3775,-4.6736],[145.0684,-4.4963],[144.783,-4.3381],[144.6595,-4.2239],[144.5427,-3.9954],[144.3717,-4.0212],[144.1029,-3.9836],[143.827,-3.8381],[143.4455,-3.6101],[142.8813,-3.4397],[142.4133,-3.3073],[142.0308,-3.1556],[140.8698,-2.7948]]],[[[149.5542,-6.4061],[149.9172,-6.3544],[150.2763,-6.3409],[150.4941,-6.2769],[150.9319,-6.0853],[151.0557,-6.0151],[151.2393,-5.7923],[151.2801,-5.6714],[151.4673,-5.671],[151.8015,-5.7084],[151.9199,-5.6573],[152.0587,-5.4981],[151.8622,-5.2825],[151.8349,-5.2063],[151.9066,-5.1044],[152.1355,-5.0849],[152.1797,-5.0021],[152.2682,-4.7795],[152.2332,-4.6207],[152.0899,-4.3604],[151.9442,-4.5196],[151.7623,-4.4946],[151.5393,-4.4061],[151.5588,-4.6476],[151.5876,-4.9017],[151.5699,-5.0289],[151.4516,-5.0863],[151.1574,-5.0997],[151.0492,-5.1952],[150.8865,-5.5197],[150.7216,-5.6218],[150.2893,-5.7117],[150.1808,-5.7056],[150.0519,-5.6232],[149.8942,-5.4456],[149.8693,-5.4012],[149.7644,-5.6302],[149.6485,-5.7131],[149.4128,-5.739],[149.0786,-5.7016],[148.8365,-5.6449],[148.5072,-5.6711],[148.3766,-5.6586],[148.3063,-5.7732],[148.4157,-5.881],[148.7125,-5.9884],[148.8416,-6.0707],[149.0215,-6.242],[149.2086,-6.1526],[149.379,-6.2094],[149.4801,-6.2982],[149.5542,-6.4061]]],[[[123.4919,-10.3522],[123.7079,-10.3453],[123.9563,-10.2431],[124.1542,-10.2045],[124.4481,-9.9878],[124.9385,-9.5545],[125.2115,-9.3951],[125.5323,-9.28],[126.1482,-9.0816],[126.8725,-8.8067],[127.0349,-8.692],[127.1415,-8.5964],[127.0972,-8.5075],[127.0438,-8.4758],[126.6529,-8.5403],[126.4094,-8.5598],[125.9998,-8.6561],[125.2898,-8.7021],[125.0798,-8.7725],[124.9179,-9.0461],[124.6199,-9.2501],[123.9688,-9.5312],[123.6654,-9.748],[123.6145,-9.8879],[123.6041,-10.1295],[123.4919,-10.3522]]],[[[127.6307,-0.017],[127.6353,-0.13],[127.6363,-0.3079],[127.8839,-0.6378],[128.1828,-0.9295],[128.2994,-1.0246],[128.3697,-0.9291],[128.2815,-0.8022],[128.0992,-0.6056],[127.9456,-0.3263],[127.8868,-0.017],[127.8647,0.0992],[127.9007,0.2963],[128.0374,0.3665],[128.2028,0.3478],[128.3967,0.2783],[128.7058,0.2091],[128.6342,0.3678],[128.6416,0.4314],[128.4623,0.5263],[128.2612,0.5831],[128.1896,0.6274],[128.2626,0.7673],[128.4726,0.9267],[128.6319,1.0223],[128.5851,1.27],[128.6086,1.3845],[128.545,1.4479],[128.1823,1.2628],[128.1022,1.1991],[128.0417,0.9638],[127.8457,0.7792],[127.802,0.7155],[127.7162,0.7789],[127.6889,0.925],[127.8517,1.2684],[127.9626,1.4466],[127.9866,1.5738],[127.9181,1.7325],[127.7998,1.8974],[127.5686,1.5284],[127.4397,1.1278],[127.4235,0.9816],[127.4868,0.8483],[127.5222,0.7848],[127.4414,0.5368],[127.6275,0.0606],[127.6307,-0.017]]],[[[122.9486,-8.3771],[122.9431,-8.2407],[122.8632,-8.1409],[122.7644,-8.099],[122.6924,-8.0937],[122.6402,-8.1829],[122.7228,-8.1724],[122.757,-8.2249],[122.715,-8.2931],[122.5331,-8.3981],[122.3436,-8.4821],[122.376,-8.5818],[122.1659,-8.6343],[121.9798,-8.5503],[121.7868,-8.5825],[121.5782,-8.5893],[121.4314,-8.7231],[121.2794,-8.7171],[121.0788,-8.5714],[120.565,-8.3881],[120.3275,-8.395],[120.0251,-8.4847],[119.8525,-8.574],[119.8404,-8.6821],[119.9353,-8.9361],[120.0779,-8.9167],[120.5486,-8.9348],[120.8092,-9.0232],[120.9709,-9.0546],[121.1057,-9.0289],[121.2755,-8.9141],[121.4678,-8.9646],[121.6944,-8.9959],[121.8985,-8.8494],[122.0507,-8.868],[122.3126,-8.7445],[122.7112,-8.5975],[122.6962,-8.4926],[122.9486,-8.3771]]],[[[130.7838,-3.879],[130.8058,-3.7646],[130.7252,-3.4851],[130.5935,-3.3074],[130.3687,-3.13],[129.9829,-3.0355],[129.7428,-2.9788],[129.5561,-2.9856],[129.3114,-3.1323],[129.1678,-3.1389],[128.9094,-2.9997],[128.4122,-2.9817],[128.2888,-2.9565],[128.1527,-2.9695],[128.0418,-3.0588],[128.1524,-3.2619],[128.2924,-3.465],[128.376,-3.5474],[128.5226,-3.4645],[128.6529,-3.3434],[128.9146,-3.2539],[129.0307,-3.4125],[129.4867,-3.5958],[129.5795,-3.5829],[129.5685,-3.3796],[129.5949,-3.335],[129.7813,-3.3219],[129.9141,-3.3852],[130.2971,-3.6767],[130.6093,-3.8476],[130.7838,-3.879]]],[[[138.1759,-8.5535],[138.2972,-8.5405],[138.5838,-8.2285],[138.699,-8.152],[138.8448,-7.8656],[138.8948,-7.7829],[138.8054,-7.675],[138.568,-7.523],[138.3763,-7.5552],[138.1927,-7.6764],[137.9411,-7.9947],[137.6759,-8.4592],[138.1759,-8.5535]]],[[[126.6605,-3.8752],[127.056,-3.7473],[127.1122,-3.7217],[127.1425,-3.62],[127.0938,-3.5184],[126.9524,-3.4297],[126.8373,-3.2902],[126.7266,-3.2332],[126.3823,-3.253],[126.1111,-3.2981],[126.0457,-3.4253],[126.15,-3.6285],[126.4719,-3.8502],[126.6605,-3.8752]]],[[[120.2798,-10.3782],[120.4142,-10.3525],[120.525,-10.2441],[120.5813,-10.0978],[120.4624,-9.9265],[119.9458,-9.5907],[119.7887,-9.4576],[119.5626,-9.5089],[119.1163,-9.5226],[118.949,-9.5865],[118.9004,-9.682],[119.0317,-9.7707],[119.2539,-9.8274],[119.4098,-9.8716],[119.7698,-10.0742],[120.1824,-10.3466],[120.2798,-10.3782]]],[[[120.4319,0.636],[120.2389,0.7881],[120.109,0.7243],[119.9137,0.5396],[119.6975,0.0053],[119.6921,-0.017],[119.5782,-0.4906],[119.5972,-0.8782],[119.3963,-0.9041],[119.2437,-1.2285],[119.2048,-1.4319],[119.2074,-1.5463],[119.2471,-1.9593],[119.1746,-2.1755],[118.9637,-2.5255],[118.7426,-2.7611],[118.6836,-2.9011],[118.7964,-3.4792],[118.7914,-3.6635],[119.0498,-3.6502],[119.2257,-3.5736],[119.3653,-3.6305],[119.4611,-3.8082],[119.448,-3.9608],[119.5045,-4.1894],[119.4773,-4.6725],[119.4462,-5.0666],[119.365,-5.2765],[119.2946,-5.4228],[119.3667,-5.6578],[119.4768,-5.8038],[119.6909,-5.7715],[119.9216,-5.663],[120.2481,-5.586],[120.1244,-5.3321],[120.1327,-5.2304],[120.3022,-4.944],[120.3069,-4.8042],[120.1434,-4.3978],[120.2496,-3.8827],[120.2803,-3.6539],[120.2162,-3.2346],[120.1442,-3.0759],[120.3666,-2.8974],[120.4189,-2.8753],[120.5928,-2.8016],[120.9247,-2.8263],[120.999,-3.0486],[120.9464,-3.3093],[120.8185,-3.4875],[120.8025,-3.5956],[120.8808,-3.7162],[121.0683,-3.8556],[121.508,-4.2359],[121.4165,-4.4967],[121.3928,-4.7891],[121.4413,-4.8653],[121.6487,-4.9474],[121.8728,-4.9597],[121.9735,-4.648],[122.159,-4.5142],[122.4524,-4.4881],[122.6484,-4.5131],[122.6689,-4.3859],[122.6409,-4.2843],[122.3914,-4.0878],[122.1903,-3.8468],[122.1443,-3.6626],[122.2149,-3.3574],[122.2582,-3.2111],[121.8743,-2.6527],[121.664,-2.418],[121.3602,-2.1581],[121.2649,-2.1011],[121.2535,-1.9613],[121.2671,-1.9359],[121.4773,-1.9926],[121.5858,-2.0114],[121.6501,-1.9986],[121.7465,-1.8522],[122.2229,-1.6542],[122.4196,-1.4631],[122.5943,-1.2276],[122.7571,-1.0938],[123.0019,-1.1123],[123.2127,-1.2326],[123.25,-0.9021],[123.1911,-0.8069],[122.9815,-0.7184],[122.8596,-0.744],[122.7392,-0.8778],[122.4598,-0.9419],[122.1589,-1.0125],[121.9954,-1.1145],[121.7721,-1.0959],[121.6341,-1.0136],[121.4611,-0.9886],[121.1676,-1.4277],[121.0554,-1.5487],[120.6884,-1.5367],[120.5873,-1.5179],[120.5066,-1.4482],[120.4075,-1.1751],[120.2908,-1.0864],[120.1093,-0.9851],[120.0218,-0.9027],[119.9038,-0.6805],[119.8727,-0.4646],[119.9568,-0.1403],[120.0262,-0.017],[120.143,0.1905],[120.3373,0.3562],[120.4537,0.3841],[120.5243,0.4011],[120.8263,0.4144],[121.0851,0.3769],[121.5524,0.397],[121.9478,0.3788],[122.4656,0.4053],[122.9831,0.3746],[123.2489,0.1846],[123.4718,0.1533],[124.0254,0.2562],[124.234,0.3011],[124.4214,0.4794],[124.8574,1.0459],[124.8941,1.1032],[124.9308,1.1605],[124.9832,1.3004],[125.0162,1.5419],[124.9825,1.6499],[124.8525,1.6242],[124.7195,1.4396],[124.5451,1.3312],[124.4569,1.2039],[124.5271,1.0833],[124.4322,0.956],[124.1502,0.7966],[123.8262,0.7387],[122.9925,0.775],[122.7329,0.6728],[122.3959,0.7928],[122.1809,0.8686],[121.7924,0.8486],[121.5912,0.8609],[121.2631,1.1017],[120.9907,1.1646],[120.7674,1.1387],[120.6355,0.9224],[120.5623,0.7761],[120.4319,0.636]]]]},"properties":{"NAME":"Papuan","SUBJECTO":"Papuan","PARTOF":"Papuan","BORDERPRECISION":1,"LINK":null}},
{"type":"Feature","geometry":{"type":"Polygon","coordinates":[[[80.5629,5.9317],[80.8518,5.9513],[81.2027,6.0792],[81.4339,6.2703],[81.5999,6.4486],[81.779,6.754],[81.8662,7.0846],[81.8049,7.3132],[81.446,7.9287],[81.3261,8.2589],[81.0601,8.4108],[81.0491,8.4743],[81.0934,8.6269],[81.0149,8.7728],[80.7676,9.1218],[80.6624,9.2995],[80.3476,9.4703],[80.1096,9.6866],[80.1781,9.4452],[80.0765,9.2791],[80.0526,9.1139],[79.896,8.9204],[79.7058,8.9309],[79.6746,8.8049],[79.8087,8.6475],[79.7242,8.4166],[79.8322,8.1031],[79.8407,7.6965],[79.8387,7.3534],[79.8541,7.0612],[80.0168,6.496],[80.1277,6.2167],[80.2222,6.058],[80.3411,5.9693],[80.5629,5.9317]]]},"properties":{"NAME":"Simhala","SUBJECTO":"Simhala","PARTOF":"Simhala","BORDERPRECISION":1,"LINK":null}},
{"type":"Feature","geometry":{"type":"Polygon","coordinates":[[[-100.4936,20.8999],[-101.0088,20.2772],[-100.755,19.5883],[-99.9089,19.027],[-99.1415,18.9239],[-98.6215,19.2062],[-98.4828,19.8021],[-99.1069,20.5863],[-99.8349,20.8999],[-100.4936,20.8999]]]},"properties":{"NAME":"Teotihuacán","SUBJECTO":"Teotihuacán","PARTOF":"Teotihuacán","BORDERPRECISION":1,"LINK":null}},
{"type":"Feature","geometry":{"type":"Polygon","coordinates":[[[-99.2109,17.7105],[-99.1762,17.2945],[-99.0158,16.8237],[-97.6855,16.3931],[-96.4375,16.2198],[-95.5014,16.5318],[-95.4321,17.4332],[-96.1879,17.8798],[-96.2059,17.8861],[-97.0615,18.0572],[-98.5869,17.9879],[-99.2109,17.7105]]]},"properties":{"NAME":"Monte Albán","SUBJECTO":"Monte Albán","PARTOF":"Monte Albán","BORDERPRECISION":1,"LINK":null}},
{"type":"Feature","geometry":{"type":"Polygon","coordinates":[[[-90,19.7535],[-90,19.3815],[-91.2197,19.1025],[-91.7025,18.8235],[-91.5256,18.7448],[-91.479,18.6338],[-91.611,18.5445],[-91.7297,18.4157],[-92.107,18.5159],[-92.0979,18.7596],[-92.4591,18.6889],[-92.9379,18.5862],[-93.144,16.9825],[-93.5879,15.7411],[-93.3305,15.5342],[-92.9005,15.1919],[-92.4721,14.7923],[-92.1554,14.5428],[-91.9247,14.3541],[-91.5157,14.0589],[-91.242,13.9516],[-90,13.9372],[-90,13.7978],[-90,13.7727],[-90,13.753],[-88.2429,14.8358],[-87.5706,15.908],[-87.8581,15.882],[-88.1335,15.7606],[-88.2739,15.7472],[-88.4802,15.9125],[-88.6313,15.9833],[-88.6014,15.8116],[-88.6643,15.7258],[-88.8043,15.8617],[-88.9408,15.9046],[-88.9408,16.0334],[-88.7661,16.1407],[-88.7418,16.2695],[-88.5798,16.2838],[-88.4445,16.4412],[-88.2834,16.8347],[-88.2419,17.0135],[-88.327,17.1566],[-88.2205,17.5143],[-88.3004,17.6354],[-88.1119,18.1939],[-88.1237,18.3871],[-88.3992,18.309],[-88.3205,18.4944],[-88.3114,18.7415],[-88.1377,18.8944],[-88.105,18.8245],[-88.0301,18.6213],[-87.8771,18.3809],[-87.8495,18.489],[-87.8004,18.7434],[-87.6822,19.2813],[-87.6371,19.5747],[-87.7886,19.5125],[-87.8582,19.5823],[-87.774,19.7414],[-87.6597,19.8751],[-87.6507,20.1899],[-87.5081,20.3902],[-87.3133,20.5815],[-87.07,20.8045],[-86.9359,20.9764],[-86.9002,21.1672],[-86.9216,21.3006],[-87.2006,21.5289],[-87.3709,21.5707],[-87.5969,21.4835],[-88.1094,21.5651],[-88.3337,21.59],[-88.6011,21.564],[-89.0581,21.3978],[-89.5475,21.2951],[-89.8628,21.2499],[-90,21.1607],[-90,21.1414],[-90,20.9912],[-90,20.6764],[-90,20.1613],[-90,19.9467],[-90,19.7535]]]},"properties":{"NAME":"Maya chiefdoms and states","SUBJECTO":"Maya chiefdoms and states","PARTOF":"Maya chiefdoms and states","BORDERPRECISION":1,"LINK":null}},
{"type":"Feature","geometry":{"type":"Polygon","coordinates":[[[33.3453,23.354],[32.6053,22.8158],[31.9998,22.6813],[31.0579,22.6813],[30.7887,21.9412],[29.8468,20.1247],[29.9998,17.4129],[30.2679,15.5365],[31.0579,13.1277],[31.7979,12.5222],[32.879,12.4706],[32.8803,12.4705],[34.2156,12.554],[35.384,12.8043],[35.7178,13.2216],[35.8293,14.224],[35.9692,15.4825],[35.4982,17.2317],[35.2291,18.51],[34.6236,19.9228],[34.5513,20.1833],[34.5278,20.1748],[34.4218,20.506],[34.4121,20.5362],[33.7653,22.4766],[33.3453,23.354]]]},"properties":{"NAME":"Meroe","SUBJECTO":"Meroe","PARTOF":"Meroe","BORDERPRECISION":1,"LINK":null}},
{"type":"Feature","geometry":{"type":"Polygon","coordinates":[[[4.9988,33.3439],[5.7986,35.4462],[6.5538,35.979],[5.8395,36.7827],[5.7302,36.7517],[5.3827,36.6745],[5.1445,36.6677],[4.7772,36.7434],[4.6321,36.7941],[4.5326,36.813],[4.3946,36.8382],[4.1639,36.8314],[3.7412,36.8369],[3.5869,36.792],[3.3238,36.6512],[3.07,36.6189],[2.8099,36.7139],[2.5244,36.5732],[2.2938,36.5408],[1.5797,36.5139],[1.0576,36.4619],[0.7812,36.3849],[0.4744,36.225],[0.1987,36.0333],[0.0153,35.8037],[-0.0917,35.7398],[-0.2037,35.7507],[-0.283,35.7585],[-0.4288,35.8601],[-0.7343,35.7385],[-0.9175,35.668],[-1.1467,35.6294],[-1.3291,35.4889],[-1.4951,35.2339],[-1.7383,35.1188],[-2.0353,35.0546],[-2.193,35.0542],[-2.3259,35.054],[-2.3557,35.0539],[-2.4625,35.067],[-3.2063,33.8521],[-1.9581,32.0369],[-1.1269,32.193],[4.9988,33.3439]]]},"properties":{"NAME":"Kingdom of Syphax","SUBJECTO":"Kingdom of Syphax","PARTOF":"Numidia","BORDERPRECISION":1,"LINK":null}},
{"type":"Feature","geometry":{"type":"Polygon","coordinates":[[[27.9322,40.9575],[28.0264,41.0262],[28.1733,41.0579],[28.5962,40.947],[28.8278,40.9147],[28.9645,40.9892],[29.0811,41.2005],[29.0124,41.2548],[28.7402,41.3248],[28.3715,41.4331],[28.1044,41.593],[28.0698,41.625],[28.0182,41.7532],[28.0262,41.8824],[27.918,41.9777],[27.9134,42.0781],[27.7377,42.247],[27.7225,42.3162],[27.6079,42.4168],[27.4947,42.4009],[27.502,42.5163],[27.654,42.6837],[27.8362,42.7355],[27.8699,42.7999],[27.8873,43.0635],[28.0346,43.3919],[28.1871,43.4501],[28.3281,43.4375],[28.4457,43.4764],[28.4805,43.5923],[28.5101,43.7431],[28.5299,43.8435],[28.5731,44.1978],[28.6862,44.4881],[28.9182,44.7658],[29.0897,44.8757],[29.2616,44.8954],[29.4575,44.9151],[29.579,45.0575],[29.7108,45.2583],[29.6832,45.3748],[29.6159,45.4102],[28.2214,45.4841],[27.9442,44.9297],[28.0366,44.3753],[27.1852,43.2804],[26.8046,41.3419],[27.9322,40.9575]]]},"properties":{"NAME":"?","SUBJECTO":"?","PARTOF":"?","BORDERPRECISION":1,"LINK":null}},
{"type":"Feature","geometry":{"type":"Polygon","coordinates":[[[41.6805,41.7933],[41.6661,41.7292],[41.5211,41.4658],[41.484,41.4365],[41.2931,41.2858],[41.2778,41.28],[40.6099,41.028],[40.361,40.9634],[40.0067,40.9563],[39.663,41.0005],[39.3702,41.064],[39.1386,41.0443],[38.6512,40.9216],[38.314,40.9209],[37.8218,41.0096],[37.2528,41.0277],[36.817,41.2897],[36.6412,41.315],[36.3829,41.2375],[36.1614,41.3525],[35.9578,41.6856],[35.6779,41.6209],[35.4114,41.6268],[35.2861,41.6715],[35.0988,41.8059],[35.0019,42.0432],[34.6629,41.8756],[34.3039,41.8941],[33.8967,41.9511],[33.5555,41.9825],[33.1555,41.9496],[32.6879,41.846],[32.419,41.7492],[31.8713,41.4914],[31.6664,41.3948],[31.3857,41.285],[31.4041,41.1635],[31.2177,41.0541],[30.7448,41.0403],[30.2561,41.1847],[30.1376,41.1318],[29.5778,41.1534],[29.1612,41.2164],[29.0145,40.9787],[29.2896,40.8067],[29.3204,40.7411],[29.4172,40.7411],[29.6834,40.7516],[29.8827,40.7464],[29.7131,40.6936],[29.5252,40.6883],[28.9016,40.6201],[28.778,40.5247],[28.8732,40.4719],[29.0835,40.4561],[29.1223,40.4139],[29.0524,40.3347],[28.9268,40.3558],[28.7564,40.3765],[28.4777,40.3951],[29.9998,39.5276],[31.6081,39.3936],[32.0102,38.1873],[32.6804,38.0533],[32.9484,37.3831],[34.0582,37.4925],[37.009,37.4925],[39.2742,38.219],[41.4008,38.4532],[43.3909,39.3453],[43.9956,37.6239],[44.6947,36.669],[46.2044,36.3945],[47.9199,36.6004],[50.9393,36.1887],[51.417,36.4557],[50.561,36.6864],[50.2522,36.8948],[50.1113,37.0978],[50.0387,37.2247],[49.848,37.2682],[49.4758,37.2916],[49.0595,37.3976],[48.8372,37.511],[48.7448,37.727],[48.8092,37.9886],[48.8315,38.3063],[48.825,38.3096],[48.9882,38.7192],[48.9457,38.8362],[48.9989,38.8787],[49.0521,38.9319],[49.0201,39.0064],[49.0414,39.1447],[49.1159,39.1872],[49.1797,39.1447],[49.2223,39.0383],[49.2754,39.017],[49.3074,39.134],[49.3393,39.283],[49.3818,39.3255],[49.4882,39.2936],[49.4988,39.3787],[49.4031,39.4851],[49.4456,39.6553],[49.4882,39.7616],[49.5414,39.8786],[49.552,40.0914],[49.5733,40.1765],[49.669,40.2403],[48.955,40.3218],[48.5583,40.5599],[47.0109,41.3931],[44.7891,41.7501],[43.7671,41.8103],[42.7657,41.8692],[41.6805,41.7933]]]},"properties":{"NAME":"minor states","SUBJECTO":"minor states","PARTOF":"minor states","BORDERPRECISION":1,"LINK":null}},
{"type":"Feature","geometry":{"type":"Polygon","coordinates":[[[61.1641,37.6984],[59.5928,38.3927],[58.2133,39.0022],[57.2526,39.2767],[56.8409,39.1394],[56.0174,38.0415],[53.9852,37.5177],[54.0151,37.3483],[54.0087,37.3487],[54.0674,36.9415],[54.9194,31.5909],[55.4684,31.1792],[57.5957,30.9733],[60.6151,31.3165],[61.3013,32.8262],[60.9582,34.6103],[60.5465,35.0907],[60.3406,35.9828],[61.1641,37.6984]]]},"properties":{"NAME":"Parthia","SUBJECTO":"Parthia","PARTOF":"Parthia","BORDERPRECISION":1,"LINK":null}},
{"type":"Feature","geometry":{"type":"Polygon","coordinates":[[[32.8136,29.4777],[32.9438,29.1984],[33.1785,28.9956],[33.3307,28.5512],[33.5041,28.3292],[33.856,28.025],[34.058,27.7903],[34.2412,27.7589],[34.322,27.829],[34.3988,28.096],[34.5489,28.7316],[34.7643,29.2467],[34.9355,29.4181],[34.9543,29.4368],[34.9847,29.4672],[35.0734,29.4189],[35.0955,29.3427],[35.0721,29.2114],[35.0257,28.9486],[34.8856,28.3575],[34.7989,28.2302],[34.7639,28.0967],[34.8756,28.097],[35.1116,28.0721],[35.4365,27.7297],[35.5948,27.514],[35.8311,27.0952],[36.3122,26.4227],[36.3298,26.4028],[36.6693,26.0168],[37.0053,25.5347],[37.2183,25.1666],[39.151,26.2469],[36.8059,30.3166],[35.7711,31.6396],[35.0875,30.4244],[32.8136,29.4777]]]},"properties":{"NAME":"Nabatean Kingdom","SUBJECTO":"Nabatean Kingdom","PARTOF":"Nabatean Kingdom","BORDERPRECISION":1,"LINK":null}},
{"type":"Feature","geometry":{"type":"Polygon","coordinates":[[[37.2183,25.1666],[37.2685,24.9698],[37.2015,24.6583],[37.4188,24.3983],[37.5572,24.2715],[37.7818,24.2148],[37.9884,24.1136],[38.3294,23.8347],[38.4901,23.6127],[38.9151,22.8702],[39.0556,22.5719],[39.1022,22.4004],[39.1033,22.0002],[39.1304,21.6508],[39.1667,21.2188],[39.5269,20.6922],[39.7641,20.4068],[40.3363,20.0967],[40.6938,19.8687],[40.8198,19.6847],[41.033,19.2849],[41.2015,18.8964],[41.3992,18.4406],[41.6286,18.0472],[42.0094,17.7367],[42.2065,17.5147],[43.7947,18.6598],[43.4663,19.1793],[42.3378,20.7164],[39.151,26.2469],[37.2183,25.1666]]]},"properties":{"NAME":"Maan","SUBJECTO":"Maan","PARTOF":"Maan","BORDERPRECISION":1,"LINK":null}},
{"type":"Feature","geometry":{"type":"Polygon","coordinates":[[[42.2065,17.5147],[42.5353,17.0707],[42.7637,16.6455],[42.8144,16.4041],[42.828,16.3215],[42.8839,15.9849],[42.7635,15.667],[42.7959,15.4701],[43.0533,14.6065],[44.6947,15.5333],[45.1064,16.2881],[45.4329,17.7748],[43.7947,18.6598],[42.2065,17.5147]]]},"properties":{"NAME":"Saba","SUBJECTO":"Saba","PARTOF":"Saba","BORDERPRECISION":1,"LINK":null}},
{"type":"Feature","geometry":{"type":"Polygon","coordinates":[[[43.0533,14.6065],[43.2069,14.0795],[43.3476,13.851],[43.384,13.5652],[43.3028,13.241],[43.3408,13.1267],[43.4836,12.93],[43.5601,12.8603],[43.6049,12.8289],[43.8406,12.6639],[44.0627,12.6136],[44.4405,12.6398],[44.6811,12.8246],[44.7888,12.8057],[44.9636,12.8252],[45.1934,12.9337],[45.396,13.0739],[45.5186,13.2076],[45.6925,13.3478],[45.8259,13.4052],[46.0793,13.3994],[46.6012,13.4005],[46.8777,13.4739],[46.9394,13.4902],[47.3696,13.6691],[47.6623,13.8476],[48.0362,14.0454],[48.2701,14.0776],[48.5367,14.0464],[48.7646,14.0977],[48.8793,14.1687],[48.9604,14.2189],[49.1732,14.4989],[49.3338,14.6327],[49.7129,14.7733],[48.9973,17.6066],[47.7015,17.4258],[45.4329,17.7748],[45.1064,16.2881],[44.6947,15.5333],[43.0533,14.6065]]]},"properties":{"NAME":"Qataban","SUBJECTO":"Qataban","PARTOF":"Qataban","BORDERPRECISION":1,"LINK":null}},
{"type":"Feature","geometry":{"type":"Polygon","coordinates":[[[39.151,26.2469],[42.3378,20.7164],[43.4663,19.1793],[43.7947,18.6598],[45.4329,17.7748],[47.7015,17.4258],[48.9973,17.6066],[51.4535,17.9493],[53.6156,18.1409],[55.2904,17.6761],[55.3895,17.8097],[55.5611,17.9372],[55.7081,17.9502],[55.8815,17.9315],[56.0128,17.9318],[56.2576,17.9768],[56.4576,18.0916],[56.5494,18.2188],[56.6086,18.4667],[56.7389,18.6894],[56.9043,18.8168],[57.1862,18.9381],[57.657,18.9709],[57.8386,19.0348],[57.7784,19.3142],[57.7776,19.67],[57.8061,20.172],[57.9313,20.4009],[58.0444,20.433],[58.1504,20.3951],[58.4031,20.3575],[58.512,20.4212],[58.7741,20.9412],[58.8614,21.1145],[59.2588,21.4774],[59.5357,21.8021],[59.8373,22.2792],[59.8257,22.3745],[59.4614,22.5389],[59.2543,22.729],[59.0216,23.0208],[58.6285,23.4583],[58.4647,23.5088],[58.2053,23.4955],[58.0807,23.5016],[57.9042,23.5711],[57.451,23.8052],[57.3963,23.837],[57.3594,23.8585],[57.1462,23.9825],[56.7942,24.2676],[56.6108,24.4769],[56.4054,24.8195],[56.4053,24.9187],[56.4065,25.08],[56.4063,25.3087],[56.366,25.4547],[56.2816,25.4624],[56.1613,25.4733],[56.2148,25.5433],[56.405,25.8614],[56.3671,26.2361],[56.2973,26.1597],[56.1567,25.9665],[56.0155,25.7716],[55.6335,25.4532],[55.5305,25.373],[55.4572,25.4202],[55.0908,25.02],[54.7708,24.7335],[54.7121,24.5999],[54.5922,24.3773],[54.4874,24.3443],[54.3471,24.1545],[54.276,24.1098],[54.1075,24.1029],[54.0063,24.1817],[54.0165,24.0505],[53.6868,23.9875],[53.0757,24.0872],[53.0402,24.04],[52.9394,24.0244],[52.6716,24.0747],[52.4812,24.0557],[52.383,24.1082],[52.301,24.0819],[52.2546,23.9875],[51.9456,23.9455],[51.7646,24.0029],[51.5859,24.0032],[51.6064,24.2026],[51.5229,24.1607],[51.4542,24.2182],[51.2914,24.2814],[51.2878,24.4108],[51.412,24.6057],[51.5589,24.8157],[51.6062,24.9873],[51.5529,25.1015],[51.5391,25.4202],[51.5867,25.6091],[51.5345,25.7558],[51.5059,25.8453],[51.3888,25.8873],[51.3577,26.029],[51.217,26.0665],[51.0688,25.9455],[50.989,25.6721],[51.0154,25.5881],[50.9311,25.5386],[50.8473,25.2652],[50.8962,24.9096],[50.9649,24.7127],[50.9683,24.4362],[50.9074,24.4331],[50.7783,24.4709],[50.7059,24.5597],[50.6065,24.6802],[50.6189,24.8709],[50.4292,25.184],[50.3819,25.4612],[50.2143,25.5881],[50.1469,25.5356],[50.0114,25.8352],[49.9369,25.9558],[49.992,26.0448],[50.0762,26.3118],[49.9342,26.4831],[49.984,26.5957],[50.0902,26.6115],[50.1218,26.7376],[49.9314,26.9341],[49.5325,27.0095],[49.4273,27.131],[49.3216,27.1616],[49.2392,27.2885],[49.1519,27.3725],[49.2435,27.479],[49.1319,27.536],[48.855,27.5227],[48.8318,27.5735],[48.7517,27.8719],[48.5875,28.0939],[48.4627,28.3859],[48.4435,28.4402],[48.1291,29.2682],[47.9915,29.2775],[47.8036,29.1849],[47.614,29.2722],[41.9498,32.2086],[41.0577,32.8948],[38.7931,32.8948],[37.9082,32.7794],[37.2148,32.6889],[35.7711,31.6396],[36.8059,30.3166],[39.151,26.2469]]]},"properties":{"NAME":"Arabs","SUBJECTO":"Arabs","PARTOF":"Arabs","BORDERPRECISION":1,"LINK":null}},
{"type":"Feature","geometry":{"type":"Polygon","coordinates":[[[49.7129,14.7733],[50.2911,14.9588],[51.3126,15.2469],[51.599,15.3788],[51.9504,15.5405],[52.1352,15.6871],[52.1629,15.8714],[52.2376,16.1003],[52.3566,16.2339],[52.6522,16.4887],[52.8943,16.61],[53.0209,16.6538],[53.2085,16.7186],[53.3357,16.7634],[53.6813,16.8975],[54.0843,17.0191],[54.4069,17.0452],[54.7561,16.9507],[54.9106,16.9701],[55.1948,17.1486],[55.2356,17.2884],[55.2344,17.4473],[55.2904,17.6761],[53.6156,18.1409],[51.4535,17.9493],[48.9973,17.6066],[49.7129,14.7733]]]},"properties":{"NAME":"Hadramaut","SUBJECTO":"Hadramaut","PARTOF":"Hadramaut","BORDERPRECISION":1,"LINK":null}},
{"type":"Feature","geometry":{"type":"Polygon","coordinates":[[[60.6151,31.3165],[60.2034,29.8068],[60.4331,29.249],[60.6837,28.6402],[60.3406,27.8853],[59.8159,27.8478],[58.4192,27.7481],[58.3506,27.1991],[58.7444,25.536],[58.818,25.4789],[59.0315,25.3079],[59.3021,25.3402],[59.6546,25.3219],[60.2982,25.3232],[60.4796,25.2982],[60.7522,25.1844],[60.8583,25.0957],[61.344,25.0269],[61.57,25.0396],[61.8133,25.0533],[62.1383,25.1048],[62.4496,25.1626],[63.0181,25.1574],[63.4035,25.1646],[63.6503,25.3366],[64.0592,25.401],[64.1201,25.3122],[64.2383,25.2108],[64.425,25.1731],[64.8512,25.2058],[65.2157,25.2701],[65.7688,25.3093],[66.3001,25.4947],[66.4323,25.4886],[67.3873,28.2264],[70.2875,31.2877],[74.14,32.6083],[74.7508,33.6553],[74.2272,34.1789],[74.7514,36.5318],[75.5997,37.5372],[76.6042,38.7277],[77.8394,39.6198],[77.8038,39.8335],[77.7708,40.0315],[73.5848,40.0315],[72.4868,40.2374],[72.281,40.9922],[66.3108,39.757],[61.1641,37.6984],[60.3406,35.9828],[60.5465,35.0907],[60.9582,34.6103],[61.3013,32.8262],[60.6151,31.3165]]]},"properties":{"NAME":"Bactria","SUBJECTO":"Scythians","PARTOF":"Bactria","BORDERPRECISION":1,"LINK":null}},
{"type":"Feature","geometry":{"type":"Polygon","coordinates":[[[74.4214,14.3755],[74.5209,14.1551],[74.703,13.7513],[74.7336,13.6834],[74.7776,13.5279],[74.9617,12.877],[75.2109,12.1024],[75.4399,11.7498],[75.5907,11.5175],[75.6518,11.4235],[75.7344,11.2537],[76.0467,10.6122],[76.0751,10.554],[76.2484,10.1035],[76.294,9.9849],[76.3853,9.7477],[76.4672,9.4101],[76.5379,9.119],[76.6624,8.8842],[76.7035,8.7064],[77.3414,8.0533],[77.4195,8.028],[77.4844,8.0282],[77.5888,8.0983],[77.6186,8.1174],[77.6632,8.1429],[77.7339,8.1773],[77.848,8.2327],[77.8998,8.2578],[78.0649,8.3853],[78.1358,8.4998],[78.1811,8.8112],[78.3138,8.9958],[78.6601,9.1236],[78.7976,9.1302],[79.1596,9.2772],[78.9377,9.4355],[78.9266,9.4927],[79.0723,9.7599],[79.2225,10.1922],[79.3063,10.2559],[79.5009,10.25],[79.7899,10.2506],[79.8263,10.3587],[79.7318,11.1527],[79.7122,11.4245],[79.7107,11.4449],[79.7253,11.5159],[79.7694,11.731],[79.8667,11.9691],[79.9228,12.1062],[77.908,11.9649],[77.4277,11.3473],[76.8787,11.3473],[75.6435,13.5432],[74.4214,14.3755]]]},"properties":{"NAME":"Iron Age chieftainships","SUBJECTO":"Iron Age chieftainships","PARTOF":"Iron Age chieftainships","BORDERPRECISION":1,"LINK":null}},
{"type":"Feature","geometry":{"type":"Polygon","coordinates":[[[66.4323,25.4886],[66.6205,25.3175],[66.7005,25.1144],[66.6481,24.9046],[66.6542,24.7839],[66.7017,24.7523],[66.9995,24.7148],[67.1536,24.6516],[67.2042,24.5882],[67.3159,24.0929],[67.486,23.9281],[67.6923,23.8142],[68.047,23.7641],[68.0722,23.6752],[68.3729,23.3264],[68.7908,23.0287],[68.8824,22.9971],[69.1072,22.8989],[69.3918,22.8394],[69.6649,22.7892],[70.0459,22.7773],[70.3102,22.8286],[70.3806,22.8606],[70.4106,22.7526],[70.1762,22.479],[69.9685,22.3515],[69.7692,22.2875],[69.4922,22.2488],[69.0142,22.305],[68.8942,22.2857],[69.1261,21.9685],[69.7522,21.3981],[70.2099,20.948],[70.4675,20.777],[70.8551,20.6508],[71.0244,20.6575],[71.3026,20.7724],[71.5289,20.8237],[71.8944,20.9897],[72.1209,21.1553],[72.2562,21.3526],[72.289,21.5496],[72.2557,21.6321],[72.131,21.7462],[72.1271,21.8287],[72.233,22.0196],[72.319,22.115],[72.6956,22.1285],[72.6659,21.8489],[72.7147,21.4361],[72.7657,21.1504],[72.9311,20.9538],[73.1129,20.8271],[73.1097,20.6873],[72.8808,20.3371],[72.8644,20.312],[72.7595,20.0576],[72.7825,19.9497],[72.8534,19.2447],[72.9761,18.5386],[73.0322,18.2157],[73.0642,18.0317],[73.1847,17.5173],[73.3957,16.6164],[73.4093,16.5585],[73.4942,16.288],[73.5081,16.244],[73.5727,16.0379],[73.8414,15.3905],[74.0322,15.0588],[74.1531,14.8495],[74.3771,14.4619],[74.4015,14.4196],[74.4214,14.3755],[75.6435,13.5432],[76.8787,11.3473],[77.4277,11.3473],[77.908,11.9649],[79.9228,12.1062],[80.2238,12.8311],[80.3135,13.1045],[80.3199,13.3332],[80.2018,13.4917],[80.1781,13.5235],[80.0759,13.6694],[80.1697,13.892],[80.1617,14.2541],[80.0871,14.9464],[80.0894,15.1752],[80.1634,15.3913],[80.3002,15.6457],[80.4598,15.7731],[80.736,15.8373],[80.9631,15.7234],[81.0879,15.8268],[81.2531,16.2259],[81.3691,16.3469],[81.5968,16.3029],[81.789,16.3287],[82.0814,16.4627],[82.2346,16.6473],[82.2674,16.857],[82.354,17.0859],[82.5464,17.2261],[82.7496,17.3345],[82.8461,17.3834],[83.077,17.5004],[83.3814,17.7107],[83.6847,18.0834],[83.9877,18.2075],[84.2627,18.4558],[84.3245,18.5303],[84.6588,18.9331],[84.7535,19.028],[84.9066,19.1814],[85.1132,19.4423],[85.3791,19.6054],[85.7148,19.6977],[85.9089,19.7235],[86.1192,19.8065],[86.3856,20.0167],[86.6324,20.2036],[86.6379,20.3191],[86.7752,20.4686],[86.9261,20.6913],[86.8442,20.8753],[86.7962,21.1357],[86.8187,21.1865],[86.9372,21.2884],[87.1942,21.3843],[87.6407,21.5631],[87.8675,21.697],[88.053,21.9387],[88.0904,21.8972],[88.1216,21.8627],[88.2479,21.5961],[88.2996,21.5518],[88.3771,21.5773],[88.4539,21.7363],[88.5676,21.8954],[88.657,21.8574],[88.7235,21.54],[88.8809,21.5149],[89.0255,21.547],[88.9948,21.6295],[89.0723,21.7743],[89.2339,21.6554],[89.4566,21.9417],[89.579,21.7006],[89.6702,21.7198],[89.7963,21.8321],[89.8697,22.1332],[89.9027,22.1078],[90,21.9303],[90,22.0199],[90,22.0584],[90,22.1348],[90,22.3254],[90,22.561],[91.0814,22.5613],[91.4102,22.7208],[91.5711,22.5433],[92.0413,23.115],[92.0852,23.1685],[93.4235,25.017],[93.6853,25.7151],[93.7725,26.5004],[93.0745,26.8494],[91.5911,26.5876],[89.7588,25.9768],[87.9264,26.0641],[86.1813,26.4131],[83.2447,27.3888],[81.9567,27.8167],[78.8687,29.3264],[78.8543,29.3373],[76.6042,31.042],[75.7621,32.2294],[74.7508,33.6553],[74.14,32.6083],[70.2875,31.2877],[67.3873,28.2264],[66.4323,25.4886]],[[82.1753,23.3562],[83.5224,23.6307],[85.1388,23.0131],[86.4858,21.8465],[86.4858,21.4348],[84.9761,20.68],[81.3391,17.1802],[80.2412,17.3861],[79.4863,18.2095],[79.8405,19.1703],[81.8161,21.0917],[81.9059,21.7093],[81.7263,22.6014],[82.1753,23.3562]]]},"properties":{"NAME":"Mauryan Empire","SUBJECTO":"Mauryan Empire","PARTOF":"Mauryan Empire","BORDERPRECISION":1,"LINK":null}},
{"type":"Feature","geometry":{"type":"MultiPolygon","coordinates":[[[[114.0465,22.34],[113.9496,22.3028],[113.9015,22.2909],[113.8585,22.2577],[113.8362,22.2139],[113.8671,22.1973],[113.9037,22.2185],[113.9317,22.2059],[113.9546,22.2338],[113.9891,22.2145],[114.0221,22.2285],[114.0307,22.3101],[114.0465,22.34]]],[[[114.0845,22.5283],[114.0292,22.5085],[114.0421,22.4985],[113.9812,22.4687],[113.9014,22.4065],[113.9254,22.3672],[113.9467,22.3659],[114.0077,22.3719],[114.0866,22.3606],[114.1024,22.3287],[114.144,22.3314],[114.1607,22.3138],[114.1533,22.2987],[114.1159,22.2784],[114.1275,22.2544],[114.0988,22.2165],[114.134,22.1717],[114.2072,22.2218],[114.2163,22.1923],[114.2312,22.2223],[114.2631,22.2044],[114.2588,22.2218],[114.3291,22.2723],[114.398,22.3964],[114.4131,22.4369],[114.3578,22.5051],[114.309,22.5535],[114.2186,22.5509],[114.1663,22.5608],[114.0845,22.5283]]],[[[121.418,29.3452],[120.091,28.8821],[117.4008,27.2077],[116.5425,27.7481],[116.0622,27.6795],[114.8956,25.8953],[113.578,22.9278],[113.4956,22.7425],[113.536,22.7041],[113.7168,22.4822],[113.8452,22.4634],[113.9891,22.5527],[114.3039,22.6486],[114.5375,22.6745],[114.5587,22.4649],[114.8478,22.51],[115.0435,22.5994],[115.1855,22.7458],[115.3088,22.7714],[115.5425,22.6957],[115.7067,22.6389],[115.86,22.8361],[116.0847,22.8874],[116.3406,22.9133],[116.4002,22.9833],[116.4039,23.1993],[116.4521,23.2502],[116.7091,23.346],[116.9627,23.5562],[117.2454,23.633],[117.4059,23.6905],[117.7532,23.9834],[117.8491,24.0471],[117.7961,24.4217],[117.8613,24.5108],[117.9249,24.5617],[118.1242,24.5304],[118.3456,24.4673],[118.5312,24.69],[118.8129,24.8494],[118.9454,25.1355],[119.0237,25.3135],[119.0959,25.4407],[119.3354,25.5301],[119.4286,25.6509],[119.4703,25.7717],[119.436,26.0383],[119.5549,26.2672],[119.4289,26.5908],[119.6007,26.6928],[119.857,26.706],[119.9714,26.7888],[120.0841,26.9859],[120.3518,27.177],[120.4089,27.3105],[120.5059,27.5901],[120.6865,27.8699],[120.9424,28.2133],[121.0086,28.277],[121.1659,28.1249],[121.2597,28.1823],[121.3585,28.3857],[121.3458,28.5444],[121.4325,28.8367],[121.5668,29.1735],[121.6492,29.3197],[121.5582,29.3576],[121.418,29.3452]]]]},"properties":{"NAME":"Min-Yue","SUBJECTO":"Min-Yue","PARTOF":"Min-Yue","BORDERPRECISION":1,"LINK":null}},
{"type":"Feature","geometry":{"type":"MultiPolygon","coordinates":[[[[113.578,22.9278],[111.2574,22.8387],[106.8667,22.67],[105.7688,22.3955],[104.9453,22.0524],[104.6708,21.5034],[104.7394,20.5427],[105.8434,19.7024],[105.9649,19.8805],[106.0417,19.9379],[106.2814,20.0464],[106.3809,20.1101],[106.6443,20.4664],[106.7716,20.6381],[106.7462,20.8159],[106.807,20.905],[107.3743,20.8808],[107.4658,20.9763],[107.4178,21.1858],[107.7898,21.4025],[107.8756,21.4621],[107.9,21.479],[108.1167,21.4985],[108.2659,21.4734],[108.3873,21.5309],[108.4589,21.7089],[108.4666,21.7851],[108.555,21.8234],[108.813,21.4936],[109.1174,21.399],[109.3219,21.4312],[109.4143,21.5648],[109.5161,21.5968],[109.7798,21.483],[109.7868,21.4068],[109.6081,21.057],[109.6029,20.8792],[109.7116,20.5682],[109.9283,20.2447],[110.2713,20.3153],[110.4337,20.4363],[110.4141,20.5252],[110.2932,20.5821],[110.0772,20.8675],[110.0724,20.9183],[110.2026,21.0964],[110.2338,21.2553],[110.2388,21.2807],[110.3634,21.2429],[110.5664,21.2306],[110.7496,21.3771],[111.0856,21.4794],[111.4342,21.4611],[111.5361,21.4931],[111.734,21.7095],[111.8312,21.7541],[112.0395,21.6593],[112.3079,21.6789],[112.4725,21.7301],[112.7495,21.7561],[112.8153,21.8261],[112.8156,21.9341],[112.8713,22.0612],[113.0967,21.9791],[113.2837,22.0303],[113.3777,22.1639],[113.3991,22.4752],[113.4193,22.5705],[113.3766,22.6466],[113.4626,22.7739],[113.4956,22.7425],[113.578,22.9278]]],[[[109.4297,18.0966],[109.6691,18.4147],[110.1313,18.5872],[110.2625,18.6256],[110.3615,18.7656],[110.2987,18.8988],[110.427,19.2294],[110.6125,19.4712],[110.8118,19.6304],[110.8854,19.7068],[110.6174,20.0175],[110.2583,19.9405],[110.0606,19.9401],[109.9159,19.8],[109.6577,19.9011],[109.5503,19.9136],[109.4423,19.7355],[109.4201,19.6592],[109.1982,19.6841],[108.8737,19.404],[108.685,19.2956],[108.5769,19.1874],[108.5605,19.0603],[108.6519,18.4824],[108.9386,18.3306],[109.4297,18.0966]]]]},"properties":{"NAME":"Nan-Yue","SUBJECTO":"Nan-Yue","PARTOF":"Nan-Yue","BORDERPRECISION":1,"LINK":null}},
{"type":"Feature","geometry":{"type":"MultiPolygon","coordinates":[[[[37.7741,44.7445],[39.2478,45.9609],[40.32,48.2394],[39.7839,48.7755],[38.4436,48.7755],[37.7735,48.6415],[35.2124,46.6371],[35.4161,46.4947],[35.6243,46.5211],[35.8506,46.6644],[36.354,46.7758],[36.8646,46.8093],[37.1926,46.8944],[37.4221,47.0769],[37.8593,47.1037],[38.2097,47.1505],[38.8002,47.2292],[39.1599,47.2689],[39.1941,47.243],[39.2824,47.074],[38.7227,46.8779],[38.4011,46.7214],[38.0319,46.6687],[37.8666,46.6554],[37.7571,46.6032],[37.9702,46.4413],[38.2649,46.3186],[38.459,46.0789],[38.2272,46.0201],[37.9899,46.0067],[37.8679,45.7925],[37.7061,45.5784],[37.6613,45.3452],[37.461,45.3125],[37.2277,45.312],[36.9599,45.2274],[37.3179,44.9242],[37.4739,44.6924],[37.6217,44.6733],[37.7741,44.7445]]],[[[35.0319,45.5343],[33.5594,44.9361],[33.3955,44.6005],[33.6602,44.5237],[34.0137,44.4921],[34.135,44.5375],[34.3722,44.7572],[34.6142,44.8415],[35.0673,44.8617],[35.3867,45.0819],[35.5996,45.1017],[35.8655,45.0311],[36.0047,45.0443],[36.2648,45.0966],[36.3671,45.1615],[36.4151,45.2716],[36.521,45.3883],[36.3232,45.4397],[35.8498,45.4452],[35.5462,45.3799],[35.3167,45.3212],[35.0634,45.3401],[34.99,45.45],[35.0319,45.5343]]]]},"properties":{"NAME":"Bosporan Kingdom","SUBJECTO":"Scythians","PARTOF":"Bosporan Kingdom","BORDERPRECISION":1,"LINK":null}},
{"type":"Feature","geometry":{"type":"Polygon","coordinates":[[[-2.4625,35.067],[-2.7148,35.0977],[-2.8299,35.1421],[-3.009,35.39],[-3.2058,35.2686],[-3.4408,35.1663],[-4.0279,35.1332],[-4.2954,35.1518],[-4.593,35.1512],[-5.1096,35.3793],[-5.1718,35.4238],[-5.4794,35.8052],[-5.565,35.8623],[-5.8079,35.7854],[-5.9288,35.7279],[-6.302,34.8614],[-6.3277,34.8116],[-6.472,34.5309],[-6.5115,34.4543],[-6.753,34.1234],[-7.004,33.875],[-7.3326,33.6964],[-7.9024,33.4855],[-8.3144,33.3385],[-8.6403,33.1217],[-9.2187,32.5804],[-9.2508,32.4214],[-9.2223,32.2562],[-9.3176,31.9637],[-9.6353,31.5754],[-9.8133,31.2891],[-9.8578,31.0602],[-9.817,30.7552],[-9.625,30.4061],[-4.1775,31.6199],[-1.9581,32.0369],[-3.2063,33.8521],[-2.4625,35.067]]]},"properties":{"NAME":"Mauretania","SUBJECTO":"Mauretania","PARTOF":"Mauretania","BORDERPRECISION":1,"LINK":null}},
{"type":"Feature","geometry":{"type":"MultiPolygon","coordinates":[[[[33.3453,23.354],[33.6901,23.5495],[33.6572,24.018],[35.1899,24.3999],[34.9974,24.7172],[34.5148,25.5739],[34.1042,26.3545],[33.9288,26.5638],[33.8041,26.9321],[33.5669,27.37],[33.3542,27.9095],[32.9347,28.3788],[32.6493,28.7658],[32.5906,28.9372],[32.3185,29.5402],[32.4384,29.7755],[32.648,29.8522],[32.7373,29.6935],[32.8136,29.4777],[35.0875,30.4244],[35.7711,31.6396],[36.3227,32.6203],[36.3913,33.581],[35.821,34.3438],[35.7162,34.3124],[35.5321,34.1187],[35.5244,33.9748],[35.4919,33.8308],[35.4299,33.7445],[35.3486,33.7445],[35.3561,33.6398],[35.2084,33.3336],[35.1323,33.2315],[35.089,33.0693],[34.972,32.9384],[34.9591,32.7967],[34.9566,32.7048],[34.895,32.6628],[34.8429,32.6707],[34.7585,32.3007],[34.6813,32.046],[34.5991,31.8179],[34.5007,31.6211],[34.1953,31.2381],[34.1463,31.2086],[33.917,31.0701],[33.7096,30.9957],[33.5576,30.9677],[33.2546,31.0265],[33.1296,31.0517],[33.0214,31.1321],[32.7687,30.9516],[32.5972,30.9639],[32.3094,31.084],[32.0765,31.0137],[31.8081,31.1783],[31.7174,31.3878],[31.3923,31.4443],[31.1514,31.4437],[30.996,31.4689],[30.8271,31.4367],[30.4761,31.3153],[30.0991,31.2319],[29.6831,31.0532],[29.3594,30.8111],[29.2488,30.7537],[28.9664,30.7848],[28.5172,30.9618],[28.0998,30.9991],[27.9194,30.9987],[27.7633,31.1826],[27.4388,31.2518],[27.0881,31.3067],[26.824,31.3586],[26.1433,31.4906],[25.7895,31.4898],[25.5072,31.4448],[25.2582,31.4379],[25.1066,31.5138],[24.9822,31.647],[24.9515,31.8185],[24.8159,31.9072],[24.2369,31.925],[24.0344,31.9373],[23.7424,32.0641],[23.714,32.0764],[23.2886,32.1327],[23.1533,32.1388],[23.0267,32.2529],[23.0073,32.4816],[22.9228,32.5577],[22.5431,32.7221],[22.216,32.7913],[21.6734,32.8156],[21.0545,32.6301],[20.7651,32.496],[20.5155,32.3875],[20.3657,32.2982],[20.0684,32.0371],[19.9615,31.7955],[19.9416,31.6112],[19.9921,31.3508],[20.1167,31.0715],[20.1168,30.9571],[22.0921,31.7539],[25.4428,30.6817],[25.4548,28.9775],[26.743,28.575],[28.4062,27.7434],[29.9316,25.8392],[31.2061,24.2483],[31.0579,22.6813],[31.9998,22.6813],[32.6053,22.8158],[33.3453,23.354]]],[[[33.7492,35.3972],[33.7131,35.3819],[33.6526,35.3541],[33.6317,35.3503],[33.4772,35.3292],[33.468,35.328],[33.4275,35.328],[33.3853,35.3283],[33.3694,35.3286],[33.3544,35.3303],[33.2719,35.3397],[33.0028,35.3656],[32.9388,35.394],[32.9213,35.3932],[32.9229,35.3583],[32.9392,35.3275],[32.9321,35.2636],[32.9169,35.2],[32.9128,35.1886],[32.9069,35.1794],[32.9019,35.1742],[32.8958,35.1697],[32.8828,35.1622],[32.8583,35.1506],[32.8397,35.1436],[32.8306,35.1422],[32.8205,35.1439],[32.8086,35.1483],[32.7697,35.1639],[32.7219,35.1808],[32.6606,35.1903],[32.6514,35.1892],[32.6222,35.1842],[32.5656,35.1689],[32.5536,35.1733],[32.5492,35.1736],[32.5222,35.1444],[32.5158,35.1358],[32.5019,35.1092],[32.4961,35.0997],[32.4917,35.0942],[32.4603,35.0644],[32.4386,35.0503],[32.4281,35.0453],[32.42,35.0431],[32.3978,35.0394],[32.3786,35.0378],[32.3736,35.0386],[32.3692,35.0397],[32.3542,35.0464],[32.3414,35.0544],[32.3267,35.0656],[32.3125,35.0769],[32.3047,35.0842],[32.2983,35.0925],[32.2919,35.0967],[32.2819,35.0972],[32.2753,35.0936],[32.2706,35.0833],[32.2692,35.0744],[32.2703,35.0625],[32.2742,35.0439],[32.2764,35.0369],[32.3233,34.9094],[32.34,34.8667],[32.3428,34.86],[32.4042,34.7508],[32.4075,34.7489],[32.4711,34.7131],[32.4919,34.7022],[32.6417,34.6572],[32.6547,34.6536],[32.6983,34.6422],[32.7139,34.6403],[32.74,34.645],[32.7444,34.6458],[32.7517,34.6489],[32.7611,34.6547],[32.7692,34.6569],[32.8311,34.6675],[32.8594,34.6661],[32.8991,34.6514],[32.9181,34.6292],[32.9419,34.5943],[32.9419,34.5626],[32.9816,34.5721],[33.0308,34.5626],[33.007,34.5959],[33.007,34.6324],[33.03,34.6578],[33.0597,34.6792],[33.0667,34.6822],[33.105,34.6953],[33.1169,34.6986],[33.1336,34.7017],[33.1531,34.7025],[33.2172,34.6994],[33.2723,34.7095],[33.3172,34.7147],[33.3264,34.7161],[33.3653,34.7253],[33.3728,34.7278],[33.5164,34.7836],[33.6,34.8167],[33.6067,34.8203],[33.6361,34.8578],[33.6381,34.8608],[33.6378,34.865],[33.6328,34.8739],[33.6361,34.9],[33.6386,34.9128],[33.6405,34.9208],[33.6461,34.9356],[33.6497,34.9422],[33.6619,34.9556],[33.6675,34.9603],[33.6775,34.9656],[33.6853,34.968],[33.7053,34.9736],[33.71,34.9742],[33.7631,34.9728],[33.7903,34.9703],[33.8144,34.9658],[33.8303,34.9594],[33.8347,34.9542],[33.8483,34.9425],[33.8589,34.9367],[33.8642,34.9367],[33.868,34.9378],[33.8822,34.9442],[33.8853,34.9461],[33.8964,34.9556],[33.8992,34.9597],[33.9031,34.9642],[33.9133,34.9694],[33.9294,34.9736],[33.9558,34.9781],[33.9769,34.9814],[34.0217,34.98],[34.0261,34.9786],[34.0347,34.9719],[34.0628,34.9617],[34.0672,34.9603],[34.0833,34.9594],[34.0872,34.9639],[34.0792,34.9869],[34.0772,34.99],[34.0672,35.0039],[34.0544,35.0206],[34.0356,35.0414],[34.0305,35.0464],[33.9739,35.0881],[33.9025,35.1617],[33.9017,35.1644],[33.9003,35.1981],[33.9019,35.2158],[33.9058,35.2422],[33.9106,35.2531],[33.9214,35.2728],[33.9406,35.2994],[33.9483,35.3072],[33.9581,35.3128],[34.12,35.4008],[34.2253,35.4556],[34.2594,35.4675],[34.2808,35.4769],[34.3867,35.5353],[34.5697,35.6436],[34.5906,35.6869],[34.5903,35.6903],[34.5817,35.6886],[34.5569,35.6833],[34.5494,35.6808],[34.3894,35.6239],[34.3603,35.6119],[34.35,35.6069],[34.3425,35.5992],[34.3367,35.5894],[34.3142,35.5756],[34.2922,35.5667],[33.9697,35.4361],[33.8711,35.4064],[33.8536,35.4031],[33.8072,35.4003],[33.775,35.4022],[33.7569,35.3997],[33.7492,35.3972]]],[[[25.8053,35.1085],[25.804,35.0221],[25.9875,35.0331],[26.0867,35.0175],[26.095,35.0142],[26.0997,35.0092],[26.1011,35.0061],[26.1011,35.0022],[26.1028,34.9956],[26.1061,34.9933],[26.1108,34.9922],[26.1197,34.9928],[26.1386,34.9981],[26.1425,34.9992],[26.2056,35.0217],[26.2375,35.0336],[26.2419,35.0397],[26.275,35.0875],[26.2906,35.1311],[26.3011,35.2831],[26.2178,35.2406],[26.1119,35.2053],[26.0931,35.2167],[26.04,35.2253],[26.0306,35.2256],[26.0267,35.2244],[25.8961,35.1769],[25.8669,35.1522],[25.8281,35.1183],[25.8158,35.11],[25.8081,35.1081],[25.8053,35.1085]]]]},"properties":{"NAME":"Ptolemaic Kingdom","SUBJECTO":"Ptolemaic Kingdom","PARTOF":"Ptolemaic Kingdom","BORDERPRECISION":1,"LINK":null}},
{"type":"Feature","geometry":{"type":"Polygon","coordinates":[[[8.6327,34.0265],[9.8339,32.9178],[10.9565,33.5751],[10.7781,33.473],[10.6502,33.4982],[10.4126,33.6311],[10.1487,33.8784],[10.0195,34.0815],[10.1164,34.2342],[10.574,34.6481],[10.8394,34.8012],[11.0828,35.145],[11.1251,35.2406],[10.989,35.6223],[10.8308,35.6793],[10.6026,35.8889],[10.5115,36.0862],[10.5092,36.2136],[10.6334,36.424],[10.9201,36.6539],[11.0394,36.909],[11.0238,37.0683],[10.8433,36.9915],[10.5806,36.7934],[10.3928,36.7166],[10.2715,36.7546],[10.1589,36.9965],[10.1327,37.1047],[10.0214,37.2001],[9.7322,37.2824],[9.4161,37.2754],[9.1503,37.1729],[8.8655,36.9684],[8.6367,36.8853],[8.145,36.8139],[7.9132,36.7752],[8.6327,34.0265]]]},"properties":{"NAME":"Carthage","SUBJECTO":"Carthage","PARTOF":"Carthage","BORDERPRECISION":1,"LINK":null}},
{"type":"Feature","geometry":{"type":"MultiPolygon","coordinates":[[[[16.1984,41.7457],[16.1874,41.8409],[16.0128,41.9043],[15.4486,41.8567],[14.9224,41.9718],[14.7385,42.0472],[14.72,42.1418],[14.5193,42.2297],[14.4294,42.3267],[14.4049,42.3531],[14.0928,42.6095],[14.0764,42.6338],[13.9151,42.8728],[13.7916,43.1233],[13.7316,43.3742],[13.6009,43.5348],[12.6972,43.9348],[12.5081,44.1315],[12.3451,44.301],[12.2807,44.5501],[12.2736,44.6726],[12.3778,44.7315],[12.476,44.7871],[12.5231,44.8828],[12.409,44.989],[12.3221,45.0424],[12.3125,45.1783],[12.1762,45.2143],[12.1804,45.2703],[12.2514,45.2903],[12.2797,45.4023],[12.4832,45.4623],[12.4482,45.3943],[12.8987,45.5584],[13.1046,45.5824],[13.1562,45.7265],[13.3677,45.6945],[13.4377,45.6384],[13.5646,45.7265],[13.6732,45.7145],[13.7824,46.7651],[11.7719,46.8991],[10.9678,46.8991],[10.0296,46.4971],[7.349,46.4971],[6.8129,45.8269],[6.8129,45.1568],[7.2976,43.6673],[7.3971,43.7641],[7.4675,43.8108],[7.5528,43.8675],[7.6891,43.887],[7.9795,43.9649],[8.0481,44.0184],[8.0896,44.0508],[8.1864,44.1264],[8.3428,44.2202],[8.6717,44.4174],[8.8966,44.4372],[9.157,44.3732],[9.6919,44.2196],[9.8255,44.1525],[9.9093,44.1105],[10.1367,43.9048],[10.1552,43.8811],[10.2614,43.7452],[10.2925,43.7054],[10.3379,43.5962],[10.4877,43.2359],[10.7428,42.8505],[11.1048,42.5491],[11.4974,42.3764],[11.9601,42.0074],[11.9634,42.0047],[12.3948,41.7295],[12.6415,41.5311],[12.9768,41.3714],[13.2714,41.3142],[13.3291,41.3111],[13.4984,41.3019],[13.7605,41.2067],[13.797,41.1934],[13.8525,41.091],[13.9419,40.998],[14.0509,40.7675],[14.24,40.8529],[14.3703,40.8515],[14.4946,40.73],[14.3498,40.6425],[14.3341,40.5936],[14.7433,40.7048],[14.951,40.5515],[14.9923,40.3722],[14.8987,40.2415],[15.0273,40.2122],[15.432,39.989],[15.5159,40.0659],[15.6662,40.0919],[15.757,39.9336],[15.8247,39.6606],[15.8465,39.6299],[15.9896,39.4284],[16.0826,39.0125],[16.1772,38.931],[16.2122,38.778],[16.1522,38.7013],[15.9898,38.7348],[15.8273,38.6227],[15.9335,38.5399],[15.7909,38.2964],[15.6266,38.2331],[15.6275,38.0042],[15.7102,37.9414],[15.7852,37.9097],[16.0529,37.9312],[16.3307,38.3207],[16.572,38.4571],[16.5222,38.725],[16.6133,38.8273],[16.7977,38.9259],[17.0947,38.915],[17.1807,39.0222],[17.121,39.086],[17.1074,39.2805],[17.1491,39.4218],[16.874,39.5437],[16.5321,39.6975],[16.535,39.8316],[16.6239,39.9678],[16.6044,40.0899],[16.7276,40.1836],[16.8441,40.3631],[16.9487,40.4811],[17.0841,40.5251],[17.2428,40.4958],[17.2042,40.3979],[17.4017,40.2919],[17.6191,40.2878],[17.8496,40.2435],[17.9677,40.1669],[18.0171,39.9479],[18.1601,39.8731],[18.3649,39.7467],[18.4337,39.8984],[18.5226,40.0941],[18.3836,40.3078],[18.0599,40.5135],[18.0339,40.5967],[17.3193,40.9293],[17.2586,40.956],[16.946,41.0938],[16.4203,41.2787],[15.991,41.4061],[15.8733,41.5021],[15.9891,41.6346],[16.1984,41.7457]]],[[[20.8834,41.8443],[19.607,41.7615],[19.6194,41.5593],[19.4989,41.5236],[19.417,41.3453],[19.53,41.2184],[19.4454,40.9649],[19.5273,40.8659],[19.3392,40.5887],[19.4945,40.4027],[19.4837,40.2959],[19.3802,40.3236],[19.3691,40.2603],[19.8036,40.017],[20.0286,39.8138],[20.0908,39.6025],[20.1224,39.551],[20.2118,39.4049],[20.8834,41.8443]]],[[[8.4172,39.2122],[8.5824,39.0658],[8.6961,38.9958],[8.8196,38.9769],[8.9314,39.0537],[8.9985,39.1751],[9.0625,39.2199],[9.2963,39.2331],[9.4789,39.1442],[9.6483,39.4572],[9.698,39.6935],[9.6308,40.0959],[9.6957,40.3137],[9.7878,40.442],[9.7937,40.5637],[9.5909,40.9029],[9.3062,41.1844],[8.9184,40.94],[8.7661,40.8628],[8.4056,40.8621],[8.2407,40.8553],[8.1595,40.7847],[8.2016,40.663],[8.4282,40.4649],[8.488,40.2088],[8.5085,39.9465],[8.465,39.6399],[8.3742,39.3078],[8.4172,39.2122]]],[[[9.4867,42.4064],[9.4586,42.5561],[9.4055,42.5806],[9.4322,42.7941],[9.4142,42.9095],[9.3671,42.9881],[9.3032,42.9832],[9.2705,42.8825],[9.2804,42.7279],[9.2377,42.664],[9.1495,42.7107],[9.0184,42.691],[9.0004,42.6346],[8.879,42.6248],[8.6093,42.4873],[8.5004,42.3598],[8.6284,42.2617],[8.5172,42.2077],[8.5107,42.1341],[8.6265,42.0973],[8.6683,42.0287],[8.5896,41.9576],[8.5379,41.9478],[8.5619,41.8816],[8.6928,41.9135],[8.7424,41.8816],[8.6269,41.7321],[8.8233,41.688],[8.8546,41.6537],[8.7269,41.5606],[8.8288,41.492],[9.0133,41.4577],[9.0389,41.3695],[9.173,41.3499],[9.3045,41.5753],[9.3575,41.9012],[9.4525,42.0483],[9.4867,42.4064]]],[[[3.0863,42.1207],[3.0865,42.3291],[3.0871,42.3686],[3.0685,42.4459],[-1.3629,42.2081],[-1.765,41.9401],[-1.0948,39.6616],[-1.6309,39.2595],[-3.9094,38.8574],[-4.5796,37.9192],[-6.0539,37.5172],[-7.0101,37.1653],[-6.948,37.1493],[-6.6322,37.0218],[-6.4217,36.7922],[-6.5005,36.7188],[-6.444,36.6232],[-6.2889,36.5722],[-6.305,36.4542],[-6.2045,36.2821],[-5.85,36.0717],[-5.6606,36.008],[-5.4855,36.0654],[-5.4879,36.1737],[-5.4571,36.1674],[-5.4243,36.0717],[-5.3867,36.11],[-5.3742,36.2375],[-5.2167,36.4096],[-4.7573,36.4861],[-4.4466,36.722],[-2.9698,36.7411],[-2.9153,36.6901],[-2.7615,36.6901],[-2.6243,36.8113],[-2.3551,36.8241],[-2.2388,36.7284],[-1.9405,36.9516],[-1.8169,37.2925],[-1.6257,37.4395],[-1.3646,37.5484],[-0.9183,37.5703],[-0.8026,37.615],[-0.8723,37.7598],[-0.6647,38.1766],[-0.5641,38.2149],[-0.4352,38.4303],[-0.2037,38.544],[-0.107,38.5915],[0.1726,38.7383],[0.1261,38.8214],[-0.1657,38.9541],[-0.2037,39.0127],[-0.2359,39.0624],[-0.3948,39.4345],[-0.2845,39.6368],[-0.2037,39.7994],[-0.1606,39.886],[0.2379,40.2402],[0.5051,40.5928],[0.7876,40.6569],[0.8271,40.7274],[0.7098,40.7851],[0.7338,40.875],[0.8792,41.0217],[1.3112,41.1573],[1.4421,41.18],[1.6098,41.2092],[2.0655,41.2956],[2.0807,41.2985],[2.2006,41.4461],[2.6283,41.6195],[3.1289,41.8572],[3.1566,42.0757],[3.0863,42.1207]]],[[[13.8684,37.157],[14.2159,37.0493],[14.622,36.7761],[14.9424,36.7386],[15.0273,36.7451],[15.2206,37.0004],[15.3013,37.0579],[15.1162,37.2869],[15.1122,37.459],[15.181,37.6823],[15.4225,38.0526],[15.4729,38.1101],[15.4537,38.1674],[15.3867,38.2055],[14.7659,38.0576],[14.1345,37.9735],[13.8095,37.9664],[13.628,38.0298],[13.3225,38.2205],[13.066,38.0669],[12.7828,38.1174],[12.6643,38.0725],[12.5166,37.9192],[12.4541,37.766],[12.532,37.6387],[12.6369,37.5815],[13.0116,37.5249],[13.8684,37.157]]],[[[19.9506,39.7744],[19.9469,39.7836],[19.9261,39.7944],[19.865,39.8169],[19.855,39.8183],[19.8039,39.7939],[19.7967,39.7906],[19.7917,39.7903],[19.6969,39.7944],[19.6922,39.795],[19.6731,39.7931],[19.6508,39.7725],[19.64,39.7567],[19.6414,39.7444],[19.6733,39.6772],[19.6758,39.6747],[19.7403,39.6247],[19.8064,39.5906],[19.8183,39.5814],[19.8233,39.5761],[19.8442,39.5519],[19.8497,39.5428],[19.8472,39.5358],[19.8469,39.5197],[19.8508,39.4939],[19.8531,39.4869],[19.8547,39.4839],[19.8753,39.4517],[19.8803,39.4464],[19.8842,39.4444],[20.0797,39.3683],[20.1117,39.3631],[20.115,39.365],[20.1203,39.3706],[20.1222,39.3739],[20.1217,39.3778],[20.0747,39.4514],[20.0717,39.4536],[20.0675,39.4536],[20.0633,39.4472],[20.0575,39.4422],[20.0481,39.4369],[20.0328,39.4322],[20.0278,39.4319],[20.0181,39.4344],[19.9319,39.4717],[19.9278,39.4772],[19.8467,39.6492],[19.8394,39.6764],[19.8386,39.6958],[19.84,39.7],[19.8425,39.7028],[19.8489,39.7058],[19.8756,39.7161],[19.9122,39.7214],[19.9161,39.7228],[19.9264,39.7286],[19.9292,39.7311],[19.9428,39.7442],[19.9506,39.7622],[19.9506,39.7744]]]]},"properties":{"NAME":"Rome","SUBJECTO":"Rome","PARTOF":"Rome","BORDERPRECISION":1,"LINK":null}},
{"type":"Feature","geometry":{"type":"MultiPolygon","coordinates":[[[[26.8046,41.3419],[25.4428,41.8061],[24.7681,41.8354],[23.0148,41.9116],[22.9295,41.7121],[21.5785,41.2397],[20.8834,41.8443],[20.2118,39.4049],[20.6778,39.0804],[20.9011,39.0617],[21.0072,39.113],[21.1595,39.0048],[21.1047,38.9218],[21.0065,38.8705],[20.8926,38.8958],[20.7718,38.8509],[21.1724,38.3478],[21.3645,38.412],[21.6613,38.4381],[21.8265,38.464],[22.3337,38.4267],[22.8756,38.2046],[22.9967,38.1793],[23.1163,38.1574],[22.8987,37.9976],[22.7472,37.9526],[21.9967,38.2508],[21.9058,38.2697],[21.7145,38.1354],[21.4405,38.1795],[21.2284,37.9049],[21.2211,37.8284],[21.2963,37.7265],[21.5173,37.5358],[21.6137,37.4148],[21.6265,37.3065],[21.5314,37.1151],[21.5882,36.9814],[21.7809,36.8225],[21.9842,37.0205],[22.1914,36.8552],[22.3903,36.5244],[22.5244,36.7221],[22.6736,36.7543],[22.9826,36.6148],[22.8869,37.0467],[22.7931,37.1386],[22.8133,37.2121],[22.7262,37.2885],[22.6387,37.4923],[22.6423,37.5849],[22.7133,37.5434],[22.9421,37.5184],[23.0253,37.4798],[22.971,37.3853],[23.1096,37.3466],[23.1858,37.3748],[23.185,37.4273],[23.4181,37.4693],[23.3122,37.5481],[23.3217,37.6374],[23.2205,37.6018],[23.1514,37.5901],[23.0489,37.6426],[23.0454,37.7736],[23.04,37.858],[22.8981,37.9],[22.9806,37.9578],[23.1958,38.005],[23.4193,38.0681],[23.4957,38.0681],[23.5407,38.0041],[23.6341,37.879],[23.7337,37.8579],[23.8355,37.6846],[23.9182,37.6846],[23.9873,37.7634],[23.88,38.1154],[23.967,38.1521],[23.9607,38.2099],[23.8039,38.3465],[23.6828,38.3465],[23.5558,38.3518],[23.4938,38.4831],[23.3562,38.4895],[23.191,38.6103],[23.1695,38.667],[23.0998,38.6723],[22.9842,38.667],[22.8994,38.7669],[22.7233,38.7932],[22.6023,38.8562],[22.4905,38.8769],[22.7842,38.9403],[22.8711,39.0243],[22.8349,39.1664],[22.7661,39.2028],[22.7203,39.2873],[22.8509,39.3661],[22.919,39.3451],[22.9813,39.3293],[23.0453,39.2715],[23.0998,39.1874],[23.0519,39.1033],[23.1585,39.1401],[23.2361,39.2032],[23.0742,39.4135],[22.8134,39.6027],[22.7545,39.8183],[22.6951,39.8345],[22.5551,39.9867],[22.5256,40.0642],[22.4674,40.1185],[22.4896,40.2305],[22.6023,40.3972],[22.4921,40.4983],[22.7013,40.5774],[22.77,40.6672],[22.8519,40.6513],[22.8755,40.5963],[22.8639,40.5352],[22.7481,40.4825],[22.9602,40.3147],[23.1411,40.2662],[23.2148,40.1818],[23.2763,40.0499],[23.2605,39.9709],[23.3744,39.9551],[23.5969,39.9341],[23.6386,39.9603],[23.5922,40.0025],[23.5233,40.0183],[23.4365,40.0447],[23.3668,40.1079],[23.321,40.1554],[23.2591,40.2292],[23.2931,40.2451],[23.2918,40.2873],[23.3491,40.282],[23.4425,40.2556],[23.5958,40.1923],[23.796,39.9867],[23.9066,39.9972],[23.9201,40.0552],[23.8687,40.1607],[23.8037,40.1554],[23.6517,40.2292],[23.6588,40.2873],[23.6272,40.3453],[23.7222,40.3482],[23.7748,40.3928],[23.9235,40.3453],[24.0478,40.3084],[24.0548,40.2609],[24.2206,40.1448],[24.2954,40.1765],[23.9237,40.4508],[23.7852,40.4772],[23.7091,40.63],[23.633,40.7132],[23.6347,40.7728],[23.7484,40.8044],[23.886,40.7329],[24.0252,40.7464],[24.2191,40.8297],[24.3543,40.971],[24.505,40.9841],[24.5191,40.8731],[24.7007,40.8783],[24.8121,40.9334],[25.0189,41.0171],[25.0463,40.9523],[25.3011,40.8959],[25.6357,40.8774],[25.9929,40.8525],[26.0207,40.6693],[26.124,40.6028],[26.4181,40.5778],[26.4548,40.5843],[26.5565,40.4983],[26.4575,40.435],[26.1948,40.3031],[26.2228,40.224],[26.2143,40.1607],[26.1409,40.0447],[26.2552,40.0816],[26.3759,40.2134],[26.5139,40.282],[26.6136,40.398],[26.8889,40.5247],[27.2638,40.6672],[27.313,40.7899],[27.4742,40.9628],[27.9322,40.9575],[26.8046,41.3419]]],[[[25.8053,35.1085],[25.7975,35.1097],[25.7881,35.1122],[25.78,35.1156],[25.7567,35.1264],[25.7281,35.1419],[25.7175,35.1592],[25.7108,35.1711],[25.7103,35.1744],[25.7172,35.2147],[25.7183,35.2192],[25.7393,35.2319],[25.7552,35.2536],[25.7562,35.2712],[25.7541,35.2826],[25.7428,35.2864],[25.7414,35.2736],[25.7414,35.2697],[25.7394,35.2619],[25.7372,35.2586],[25.7331,35.2578],[25.7283,35.2592],[25.7228,35.2639],[25.7283,35.2942],[25.73,35.2981],[25.7328,35.3003],[25.7461,35.3072],[25.7578,35.3161],[25.7653,35.3247],[25.7672,35.328],[25.7689,35.3319],[25.7667,35.3347],[25.6628,35.3425],[25.6581,35.3425],[25.6181,35.3333],[25.5644,35.3186],[25.4911,35.2986],[25.4633,35.2925],[25.4453,35.2917],[25.43,35.2944],[25.4047,35.3078],[25.3969,35.3153],[25.3903,35.3308],[25.3875,35.3333],[25.3772,35.3355],[25.3631,35.3358],[25.3025,35.3355],[25.2806,35.3339],[25.2014,35.3344],[25.0639,35.3447],[25.055,35.3478],[25.05,35.3528],[25.0486,35.3558],[25.0453,35.3694],[25.0447,35.3797],[25.0464,35.3839],[24.9633,35.4044],[24.7889,35.4089],[24.6294,35.4006],[24.6181,35.3914],[24.6081,35.3861],[24.6006,35.3836],[24.5886,35.3811],[24.4967,35.3667],[24.4842,35.3647],[24.4647,35.3619],[24.3661,35.3531],[24.3481,35.3517],[24.3344,35.3511],[24.3197,35.3517],[24.285,35.3586],[24.2719,35.3625],[24.2661,35.3672],[24.1839,35.4511],[24.1742,35.4536],[24.1059,35.4856],[24.1039,35.4867],[24.1026,35.4884],[24.1031,35.4905],[24.1061,35.4939],[24.1094,35.4967],[24.1114,35.4977],[24.1139,35.4982],[24.1288,35.4974],[24.1406,35.5033],[24.1619,35.5003],[24.1694,35.5028],[24.1839,35.5083],[24.1872,35.51],[24.2039,35.535],[24.2053,35.5389],[24.2053,35.5428],[24.1806,35.5872],[24.1722,35.5906],[24.1353,35.6],[24.1261,35.6019],[24.1181,35.6],[24.085,35.5883],[24.0792,35.5836],[24.0778,35.5806],[24.0775,35.5767],[24.0789,35.5736],[24.0833,35.5681],[24.0718,35.5516],[24.0713,35.5496],[24.0696,35.5481],[24.0429,35.5305],[24.0386,35.5287],[23.9956,35.5155],[23.9714,35.5147],[23.8586,35.5217],[23.8483,35.5225],[23.8436,35.5239],[23.7997,35.5403],[23.7925,35.5433],[23.7875,35.5483],[23.7844,35.5544],[23.7819,35.5644],[23.7722,35.6133],[23.7669,35.6453],[23.7669,35.6489],[23.7728,35.6592],[23.7753,35.6619],[23.7756,35.6661],[23.7706,35.6711],[23.7486,35.6864],[23.7417,35.6878],[23.7386,35.6856],[23.7172,35.6656],[23.7094,35.6519],[23.7083,35.6483],[23.7081,35.6442],[23.7114,35.6042],[23.7269,35.5747],[23.7303,35.5632],[23.7319,35.5461],[23.7275,35.5144],[23.725,35.5117],[23.7189,35.5075],[23.7044,35.5019],[23.6667,35.4961],[23.6569,35.4964],[23.6492,35.4997],[23.6183,35.5178],[23.6161,35.5206],[23.6136,35.5269],[23.61,35.5675],[23.6097,35.6036],[23.6094,35.6072],[23.6086,35.6108],[23.6064,35.6133],[23.5939,35.5922],[23.5839,35.5731],[23.5825,35.5692],[23.5692,35.5267],[23.52,35.3019],[23.5211,35.2881],[23.5867,35.2358],[23.5936,35.2319],[23.5983,35.2306],[23.6819,35.2244],[23.6944,35.2311],[23.7022,35.2336],[23.8194,35.2464],[23.8242,35.2467],[23.8903,35.2339],[23.9467,35.2211],[24.0261,35.1961],[24.0294,35.1942],[24.0383,35.1911],[24.0489,35.19],[24.0533,35.19],[24.0706,35.1908],[24.1008,35.1978],[24.1397,35.1997],[24.1922,35.2003],[24.1967,35.2003],[24.3856,35.1908],[24.3994,35.1869],[24.5267,35.1425],[24.5356,35.1358],[24.5478,35.1194],[24.5608,35.1033],[24.5656,35.0981],[24.5886,35.0969],[24.6386,35.0953],[24.6769,35.0942],[24.6858,35.095],[24.6936,35.0969],[24.6986,35.0967],[24.7231,35.0906],[24.74,35.0764],[24.7442,35.0711],[24.7561,35.0467],[24.7592,35.0331],[24.7628,35.0158],[24.7558,34.9503],[24.7528,34.9422],[24.8211,34.9375],[24.9281,34.9305],[25.0169,34.9308],[25.1881,34.9522],[25.3353,34.985],[25.5044,34.9814],[25.5133,34.9819],[25.5522,34.9894],[25.5575,34.9944],[25.5608,34.9961],[25.5822,35.0044],[25.5894,35.0072],[25.5969,35.0097],[25.804,35.0221],[25.8053,35.1085]]],[[[23.6605,38.4036],[24.0254,38.3857],[24.1927,38.1529],[24.3143,37.9853],[24.5272,37.9674],[24.588,38.1529],[24.2915,38.1948],[24.2079,38.5524],[24.1319,38.6534],[23.7898,38.7186],[23.4097,38.9437],[23.2424,39.0441],[23.0143,38.9614],[22.8699,38.8372],[23.1208,38.8668],[23.4629,38.6237],[23.6377,38.5226],[23.5997,38.4572],[23.6605,38.4036]]],[[[25.7664,36.3376],[25.8728,36.3559],[25.7892,36.4049],[25.7359,36.3865],[25.7131,36.3498],[25.7664,36.3376]]],[[[25.371,36.4966],[25.333,36.4599],[25.3178,36.3988],[25.3862,36.3192],[25.4927,36.3314],[25.4927,36.4232],[25.371,36.4966]]],[[[25.9564,36.8442],[26.0856,36.8989],[26.0248,36.9597],[25.9488,36.9111],[25.8576,36.8381],[25.7511,36.8138],[25.7511,36.7833],[25.8348,36.7833],[25.9564,36.8442]]],[[[24.6792,36.759],[24.588,36.8685],[24.4284,36.7955],[24.2991,36.7529],[24.4664,36.6493],[24.6792,36.759]]],[[[24.9757,36.6371],[24.8769,36.6797],[24.8237,36.6614],[24.8237,36.6371],[24.9453,36.5699],[24.9757,36.6371]]],[[[25.105,36.6371],[25.1962,36.6736],[25.1658,36.7407],[25.0441,36.6614],[25.0593,36.6187],[25.105,36.6371]]],[[[25.2494,36.759],[25.2418,36.7529],[25.2646,36.7041],[25.3862,36.6371],[25.4319,36.698],[25.295,36.8077],[25.2494,36.759]]],[[[24.5348,37.1175],[24.4284,37.2083],[24.4436,37.0993],[24.5348,37.1175]]],[[[24.398,37.6671],[24.2991,37.6611],[24.2611,37.5406],[24.3827,37.5707],[24.398,37.6671]]],[[[24.4892,37.3958],[24.398,37.4682],[24.3599,37.3958],[24.3599,37.3052],[24.4892,37.3958]]],[[[24.9453,37.5105],[24.8617,37.5286],[24.8465,37.3656],[25.0441,37.3777],[24.9453,37.5105]]],[[[24.7629,38.0033],[24.6564,37.9014],[24.9225,37.6912],[25.3178,37.4018],[25.4699,37.4381],[25.2722,37.5647],[24.7629,38.0033]]],[[[24.7172,37.0508],[24.6488,37.0143],[24.6792,36.905],[24.7857,36.9475],[24.7172,37.0508]]],[[[25.1126,36.9415],[25.3102,37.0022],[25.3102,37.1962],[25.1506,37.172],[24.9377,36.9597],[25.1126,36.9415]]],[[[25.4547,36.9232],[25.5459,36.9597],[25.5991,37.0265],[25.6067,37.1235],[25.5383,37.2204],[25.3786,37.1175],[25.3406,37.0871],[25.3634,37.0083],[25.4547,36.9232]]],[[[26.0469,37.6164],[25.9842,37.5469],[25.9819,37.5442],[25.9747,37.5314],[25.9747,37.5269],[25.9756,37.5186],[25.9769,37.515],[25.9808,37.5089],[25.9842,37.5069],[26.0208,37.5144],[26.215,37.5589],[26.2675,37.5911],[26.3025,37.6144],[26.3083,37.6189],[26.3233,37.6347],[26.3569,37.6725],[26.3606,37.6794],[26.3617,37.6833],[26.3611,37.6867],[26.3514,37.6864],[26.3125,37.68],[26.0808,37.6355],[26.0681,37.6319],[26.0644,37.63],[26.0469,37.6164]]],[[[26.7114,37.7083],[26.7464,37.6944],[26.7539,37.6914],[26.8181,37.6367],[26.8956,37.6653],[27.0397,37.7028],[27.0606,37.7053],[27.0642,37.7069],[27.0694,37.7119],[27.0669,37.7272],[27.0286,37.7717],[26.9889,37.7819],[26.7486,37.8114],[26.7433,37.8111],[26.7297,37.808],[26.6697,37.7919],[26.6656,37.7905],[26.5989,37.7594],[26.5958,37.7572],[26.5728,37.7342],[26.5717,37.7306],[26.5806,37.6886],[26.5817,37.6858],[26.5936,37.6769],[26.5972,37.675],[26.6133,37.6803],[26.6205,37.685],[26.6233,37.6872],[26.6411,37.6961],[26.6497,37.6983],[26.6869,37.705],[26.7056,37.7083],[26.7114,37.7083]]],[[[25.3397,39.8478],[25.3383,39.8508],[25.3364,39.8761],[25.3381,39.88],[25.3517,39.9042],[25.3567,39.9106],[25.3919,39.9522],[25.4417,40.0047],[25.4456,40.0097],[25.4536,40.0314],[25.4514,40.0339],[25.4478,40.0336],[25.3686,40.0058],[25.2719,39.9883],[25.2319,40.0025],[25.2267,40.0031],[25.1403,40.0067],[25.1325,40.0053],[25.05,39.9897],[25.0453,39.9836],[25.0431,39.9633],[25.0544,39.8606],[25.0608,39.8481],[25.0669,39.8425],[25.1625,39.8008],[25.1683,39.7997],[25.2231,39.7994],[25.2267,39.8014],[25.2272,39.8053],[25.2219,39.8106],[25.2017,39.8275],[25.1786,39.843],[25.1786,39.8467],[25.1819,39.8547],[25.2078,39.8892],[25.2136,39.8969],[25.2286,39.9092],[25.2353,39.913],[25.2397,39.9139],[25.2597,39.9136],[25.265,39.9122],[25.2678,39.91],[25.2792,39.8964],[25.2794,39.8925],[25.2783,39.8889],[25.2669,39.868],[25.2919,39.808],[25.2942,39.8053],[25.3008,39.8008],[25.3083,39.7969],[25.3178,39.7939],[25.3389,39.7889],[25.3558,39.7864],[25.3725,39.8108],[25.3736,39.8144],[25.3653,39.8256],[25.3556,39.8325],[25.3519,39.8344],[25.3489,39.8369],[25.3397,39.8478]]],[[[25.4608,40.4578],[25.4642,40.455],[25.4903,40.4369],[25.5158,40.4225],[25.5575,40.4014],[25.5664,40.3978],[25.6017,40.398],[25.6061,40.3986],[25.66,40.4125],[25.6919,40.4225],[25.695,40.4247],[25.6961,40.4283],[25.6956,40.4625],[25.6947,40.4661],[25.6903,40.4714],[25.6572,40.493],[25.5794,40.51],[25.5714,40.5114],[25.5558,40.5117],[25.5428,40.5105],[25.5256,40.5069],[25.4942,40.4964],[25.4439,40.4758],[25.4608,40.4578]]],[[[24.6389,40.58],[24.6428,40.5742],[24.6436,40.5708],[24.6711,40.5789],[24.7664,40.6114],[24.7733,40.6317],[24.7639,40.7319],[24.7614,40.7492],[24.7333,40.7655],[24.6967,40.7805],[24.6547,40.7964],[24.6453,40.7978],[24.6411,40.7967],[24.6214,40.79],[24.6006,40.7789],[24.5969,40.7769],[24.5656,40.7505],[24.5408,40.7239],[24.5336,40.7142],[24.5217,40.6928],[24.5094,40.6581],[24.5119,40.64],[24.5136,40.6369],[24.5297,40.6217],[24.5336,40.6206],[24.5694,40.6253],[24.5753,40.6242],[24.5911,40.6167],[24.6017,40.6103],[24.6389,40.58]]],[[[25.6639,40.1264],[25.6644,40.1222],[25.6711,40.118],[25.7317,40.093],[25.8244,40.1003],[25.9581,40.1211],[25.99,40.1289],[26.0111,40.1447],[26.0136,40.1536],[26.0136,40.1575],[26.0114,40.1603],[25.9436,40.2389],[25.9406,40.2411],[25.9344,40.2411],[25.7767,40.2122],[25.7153,40.1814],[25.6889,40.165],[25.6736,40.1536],[25.6708,40.1514],[25.6639,40.1264]]],[[[24.6592,38.7675],[24.6808,38.7769],[24.6836,38.7797],[24.6831,38.7981],[24.6814,38.8047],[24.6792,38.8075],[24.6656,38.8242],[24.5775,38.9261],[24.5061,38.9708],[24.5025,38.9728],[24.49,38.9781],[24.4847,38.9786],[24.4808,38.9772],[24.4772,38.9756],[24.4608,38.9656],[24.4583,38.9628],[24.4528,38.9539],[24.4508,38.9506],[24.4497,38.9469],[24.4503,38.8969],[24.4567,38.8808],[24.5347,38.7836],[24.5533,38.7683],[24.5689,38.7608],[24.5669,38.77],[24.5669,38.7736],[24.5711,38.7805],[24.5928,38.79],[24.5981,38.7897],[24.6047,38.7853],[24.6125,38.7736],[24.6169,38.7683],[24.6206,38.7664],[24.6264,38.7653],[24.6469,38.7642],[24.6592,38.7675]]],[[[20.9986,37.7139],[20.9925,37.7253],[20.8981,37.8053],[20.8864,37.8144],[20.8633,37.8292],[20.7942,37.8489],[20.7028,37.9281],[20.6997,37.9303],[20.6783,37.9206],[20.6433,37.8983],[20.6286,37.8755],[20.6219,37.8608],[20.62,37.8475],[20.6272,37.8175],[20.63,37.8089],[20.7033,37.7328],[20.7136,37.7228],[20.8086,37.6536],[20.8122,37.6517],[20.8311,37.6464],[20.8361,37.6464],[20.8397,37.6833],[20.8411,37.6872],[20.8669,37.7242],[20.8703,37.7261],[20.8783,37.7283],[20.8958,37.7311],[20.9153,37.7317],[20.9242,37.7286],[20.9433,37.7197],[20.9944,37.6986],[20.9986,37.7139]]],[[[20.5436,38.5644],[20.6436,38.5811],[20.7206,38.6236],[20.7231,38.6264],[20.7242,38.635],[20.73,38.8039],[20.7294,38.8075],[20.7158,38.8278],[20.7097,38.8322],[20.7014,38.8347],[20.6556,38.8355],[20.6483,38.8322],[20.6431,38.8269],[20.6017,38.7789],[20.5592,38.688],[20.5578,38.6839],[20.5422,38.5883],[20.5428,38.5678],[20.5436,38.5644]]]]},"properties":{"NAME":"Macedon and Hellenic League","SUBJECTO":"Macedon and Hellenic League","PARTOF":"Macedon and Hellenic League","BORDERPRECISION":1,"LINK":null}},
{"type":"Feature","geometry":{"type":"Polygon","coordinates":[[[23.0148,41.9116],[23.4699,42.9768],[21.9838,43.5017],[20.948,42.9438],[20.8834,41.8443],[21.5785,41.2397],[22.9295,41.7121],[23.0148,41.9116]]]},"properties":{"NAME":"Dardania","SUBJECTO":"Dardania","PARTOF":"Dardania","BORDERPRECISION":1,"LINK":null}},
{"type":"Feature","geometry":{"type":"Polygon","coordinates":[[[26.7971,39.1296],[26.8699,39.0568],[27.999,38.9561],[27.9605,39.4132],[27.5735,40.2952],[27.526,40.2971],[27.4496,40.3098],[27.3292,40.3558],[27.2718,40.4508],[27.0561,40.4297],[26.9965,40.3717],[26.7653,40.3769],[26.4817,40.187],[26.4031,40.1765],[26.3203,39.9919],[26.186,39.9972],[26.1276,39.8786],[26.1407,39.75],[26.1419,39.6606],[26.0849,39.604],[26.0641,39.4555],[26.139,39.4397],[26.5462,39.5133],[26.8043,39.5672],[26.9575,39.5483],[26.9262,39.4765],[26.8535,39.4608],[26.7202,39.3372],[26.6022,39.2557],[26.7041,39.2505],[26.7079,39.1821],[26.7971,39.1296]]]},"properties":{"NAME":"Pergamon","SUBJECTO":"Pergamon","PARTOF":"Pergamon","BORDERPRECISION":1,"LINK":null}},
{"type":"Feature","geometry":{"type":"Polygon","coordinates":[[[-76.2381,-13.5679],[-76.2382,-13.9086],[-76.2418,-14.1056],[-76.0526,-14.4101],[-75.7853,-14.7272],[-75.2309,-15.2216],[-75.2001,-15.244],[-74.673,-14.8919],[-74.6305,-13.9054],[-75.5642,-12.8732],[-76.2381,-13.5679]]]},"properties":{"NAME":"Paracas","SUBJECTO":"Paracas","PARTOF":"Paracas","BORDERPRECISION":1,"LINK":null}},
{"type":"Feature","geometry":{"type":"Polygon","coordinates":[[[-69.8561,-16.5057],[-70.3442,-17.1353],[-69.8349,-17.7224],[-68.7315,-17.682],[-68.7951,-16.3836],[-69.8561,-16.5057]]]},"properties":{"NAME":"Wankarani","SUBJECTO":"Wankarani","PARTOF":"Wankarani","BORDERPRECISION":1,"LINK":null}},
{"type":"Feature","geometry":{"type":"Polygon","coordinates":[[[34.5513,20.1833],[37.1357,21.1281],[37.1278,21.2272],[36.9035,21.7286],[36.8001,21.9149],[36.6604,22.1665],[36.4732,22.3377],[36.2902,22.5724],[36.1114,22.6483],[35.7463,22.9143],[35.6893,23.0213],[35.5759,23.2317],[35.4685,23.7207],[35.4879,23.7906],[35.6163,23.8353],[35.7247,23.9118],[35.6566,23.9943],[35.4535,24.1527],[35.1899,24.3999],[33.6572,24.018],[33.6901,23.5495],[33.3453,23.354],[33.7653,22.4766],[34.4121,20.5362],[34.4218,20.506],[34.5278,20.1748],[34.5513,20.1833]]]},"properties":{"NAME":"Blemmyes","SUBJECTO":"Blemmyes","PARTOF":"Blemmyes","BORDERPRECISION":1,"LINK":null}},
{"type":"Feature","geometry":{"type":"Polygon","coordinates":[[[106.0433,37.5611],[106.7981,39.1394],[107.2099,41.7471],[107.6216,42.0902],[109.083,42.1177],[111.5029,41.8194],[113.3178,41.5956],[114.54,41.5557],[118.5462,41.425],[120.4728,41.6829],[122.5002,41.8096],[123.7479,41.6785],[125.8792,41.4754],[131.0843,46.1951],[124.2001,50.3279],[123.9913,50.3357],[107.0738,50.9667],[95.8241,51.1777],[85.4139,48.3591],[85.4802,48.3097],[94.9845,41.2233],[106.0433,37.5611]]]},"properties":{"NAME":"Xiongnu","SUBJECTO":"Xiongnu","PARTOF":"Xiongnu","BORDERPRECISION":1,"LINK":null}},
{"type":"Feature","geometry":{"type":"Polygon","coordinates":[[[17.0652,61.5384],[17.1626,61.6299],[17.387,61.6584],[17.4968,62.0881],[17.3874,62.2008],[17.2902,62.4407],[17.7181,62.3567],[17.8319,62.4565],[16.5737,62.525],[15.4301,61.8661],[11.5284,61.8978],[10.1554,64.0993],[10.0662,64.0555],[9.8701,63.8764],[9.8321,63.6836],[9.4409,63.4975],[9.2161,63.2836],[9.1542,63.319],[8.9572,63.404],[8.6059,63.3251],[8.4723,63.1755],[8.258,63.0543],[8.2313,62.8414],[7.9892,62.9403],[7.6065,62.9041],[7.0882,62.9102],[6.9819,62.8461],[7.1016,62.7046],[7.5467,62.5993],[7.2893,62.4856],[6.9887,62.5416],[6.613,62.5833],[6.5325,62.3357],[6.3084,62.2858],[6.0535,62.3348],[5.8236,62.179],[5.5646,62.1503],[5.4697,62.0937],[5.4257,62.0093],[5.5282,61.9326],[5.7195,61.8795],[5.8339,61.8194],[5.7971,61.7699],[5.5924,61.7897],[5.416,61.7695],[5.149,61.7409],[5.1011,61.6986],[5.141,61.3896],[5.0183,61.3051],[5.1196,61.1371],[5.387,61.0256],[5.1085,60.9061],[4.9804,60.6892],[5.0755,60.5917],[5.2552,60.5641],[5.4558,60.5924],[5.5511,60.5089],[5.2618,60.3271],[5.0962,60.2641],[5.2791,60.1253],[5.5246,60.1675],[5.8941,60.1613],[5.8058,59.9493],[5.6317,59.8838],[5.5433,59.8243],[5.694,59.7529],[5.9105,59.7529],[6.1854,59.8243],[5.9699,59.7113],[5.6666,59.6756],[5.7411,59.628],[5.6462,59.5865],[5.4493,59.6578],[5.4186,59.5152],[5.3826,59.7113],[5.0866,59.5092],[5.1766,59.3074],[5.2826,59.2718],[5.3503,59.3905],[5.3438,59.2659],[5.5285,59.2659],[5.7171,59.3371],[5.6829,59.4142],[5.6805,59.5092],[5.7995,59.432],[5.8159,59.3134],[6.1134,59.527],[6.0763,59.4202],[5.8775,59.3134],[6.0203,59.254],[6.2375,59.2837],[6.0326,59.2007],[5.7719,59.0762],[5.8223,59.017],[5.9404,58.9341],[6.0505,58.9814],[6.2661,58.9933],[6.0412,58.9518],[5.9837,58.8867],[6.0936,58.798],[5.7937,58.9163],[5.6658,58.8216],[5.6275,58.9637],[5.4746,58.9755],[5.531,58.8808],[5.3997,58.7152],[5.6155,58.4552],[5.8738,58.4316],[6.2313,58.2782],[6.6517,58.172],[6.4791,58.0895],[6.6437,58.0424],[6.7257,58.1367],[6.8742,58.0778],[6.9586,57.9717],[7.9084,58.066],[8.0302,58.066],[8.1537,58.0895],[8.1752,58.172],[8.9217,58.5379],[9.1459,58.6561],[9.3716,58.7861],[9.3462,58.8453],[9.6976,58.9992],[9.9376,58.94],[10.1723,58.9874],[10.2111,59.0703],[10.3633,59.2125],[10.4296,59.26],[10.3786,59.3667],[10.4071,59.4973],[10.5697,59.5805],[10.6336,59.4499],[10.5493,59.3786],[10.6568,59.2244],[10.7689,59.1177],[10.8292,59.1058],[11.1121,59.1651],[11.1789,59.0703],[11.0392,58.9104],[11.1404,58.8512],[11.2214,58.3083],[11.4067,58.3313],[11.4311,58.2015],[11.6139,58.2473],[11.8019,58.1779],[11.7091,58.0247],[11.6098,57.8069],[11.7364,57.6982],[11.7661,57.6727],[11.8811,57.509],[11.8766,57.3252],[12.0051,57.3252],[12.2886,56.8799],[12.526,56.7804],[12.6575,56.6108],[12.7859,56.6167],[12.8716,56.5115],[12.8048,56.4012],[12.6154,56.4356],[12.6524,56.2955],[12.4144,56.243],[12.5134,56.1206],[12.699,55.9051],[12.9859,55.6666],[12.8593,55.5329],[12.8876,55.4516],[12.8019,55.4168],[12.8024,55.3529],[13.3019,55.3007],[13.8233,55.4218],[13.9011,55.4052],[14.1172,55.3471],[14.2864,55.5155],[14.126,55.6666],[14.2589,55.8993],[14.4918,56.018],[14.6052,55.9808],[14.6529,56.1206],[15.2208,56.0804],[15.497,56.1672],[15.6962,56.061],[15.7705,56.0332],[16.0314,56.3531],[16.0632,56.3962],[16.3762,56.8224],[16.3945,57.0743],[16.4942,57.2789],[16.6587,57.443],[16.5505,57.5452],[16.6072,57.6658],[16.4765,57.7021],[16.4595,57.8952],[16.5978,57.8665],[16.7246,57.8893],[16.7735,58.0379],[16.744,58.312],[16.5132,58.4281],[16.4429,58.6344],[17.0807,58.6499],[17.083,58.7481],[17.2454,58.7171],[17.3567,58.743],[17.5822,58.893],[17.6232,59.1001],[17.7391,59.1104],[17.7452,58.9861],[17.7264,58.9137],[17.7665,58.8723],[17.9401,58.9085],[18.0157,59.0379],[18.372,59.1571],[18.2734,59.2867],[18.5982,59.297],[18.6113,59.3333],[18.5155,59.4008],[18.4414,59.4008],[18.4296,59.3333],[18.3282,59.3697],[18.1114,59.323],[17.9776,59.3282],[17.8617,59.24],[17.5844,59.2711],[17.5749,59.2141],[17.3581,59.2452],[17.2658,59.3385],[16.9998,59.3593],[16.7765,59.4787],[16.4076,59.4475],[16.5232,59.5825],[16.7241,59.5306],[16.7855,59.5773],[17.0706,59.5461],[17.368,59.4683],[17.73,59.4164],[17.7953,59.3645],[18.0301,59.3593],[18.2514,59.4319],[18.6393,59.5669],[18.8679,59.7124],[19.0436,59.7124],[19.0373,59.8632],[18.8931,59.9257],[18.8041,60.1084],[18.4169,60.1816],[18.2244,60.323],[17.9307,60.5903],[17.7065,60.5536],[17.605,60.6375],[17.1885,60.6743],[17.3176,60.7531],[17.1462,60.9528],[17.1502,61.1977],[17.0652,61.5384]],[[13.9734,59.0658],[14.005,59.0682],[14.0384,59.0827],[14.0658,59.0972],[14.083,59.0999],[14.0895,59.0916],[14.0908,59.0794],[14.083,59.0643],[14.0717,59.0283],[14.0563,59.0169],[14.0499,59.0122],[14.0387,59.0044],[14.0121,59.0037],[13.9926,58.9864],[13.9952,58.9448],[13.9872,58.8981],[13.9752,58.8654],[13.9541,58.8437],[13.9241,58.8234],[13.8901,58.8005],[13.8593,58.7722],[13.8299,58.7443],[13.7995,58.7224],[13.7373,58.7039],[13.6311,58.6841],[13.5173,58.6633],[13.4366,58.642],[13.3581,58.6171],[13.3003,58.5614],[13.2402,58.5148],[13.1946,58.511],[13.1722,58.5119],[13.1476,58.5214],[13.1365,58.5413],[13.1494,58.5585],[13.1489,58.5734],[13.1482,58.5972],[13.1151,58.6083],[13.0406,58.6043],[12.9521,58.5716],[12.9128,58.5458],[12.8687,58.5038],[12.7983,58.4857],[12.7275,58.4521],[12.6792,58.4205],[12.6497,58.3969],[12.6243,58.3823],[12.602,58.376],[12.5796,58.3721],[12.5619,58.3732],[12.5506,58.3789],[12.5543,58.3944],[12.5727,58.4192],[12.5711,58.4322],[12.5543,58.4298],[12.507,58.3969],[12.375,58.3829],[12.3347,58.3738],[12.3133,58.3953],[12.3293,58.4339],[12.4877,58.5132],[12.6069,58.6171],[12.6113,58.6413],[12.5628,58.6502],[12.5252,58.6612],[12.5037,58.6946],[12.5009,58.7275],[12.4997,58.7645],[12.4713,58.7828],[12.4476,58.7828],[12.4255,58.8015],[12.4321,58.8125],[12.459,58.8174],[12.4738,58.8397],[12.4718,58.8769],[12.464,58.9207],[12.4686,58.9349],[12.4819,58.9306],[12.4973,58.92],[12.5103,58.9012],[12.5199,58.8674],[12.5264,58.8456],[12.5353,58.8321],[12.5571,58.8189],[12.5758,58.8257],[12.5997,58.8456],[12.6184,58.8869],[12.6469,58.9315],[12.6758,58.9867],[12.7084,59.0355],[12.7459,59.0648],[12.7841,59.0762],[12.8184,59.082],[12.8686,59.0727],[12.9453,59.0477],[13.0406,59.0143],[13.0617,58.9773],[13.0881,58.9466],[13.1221,58.9208],[13.1598,58.9051],[13.1951,58.8986],[13.2357,58.9051],[13.2436,58.9305],[13.2211,58.9927],[13.1773,59.0969],[13.1231,59.1975],[13.1033,59.2546],[13.103,59.274],[13.1081,59.2838],[13.1182,59.2955],[13.1301,59.319],[13.1427,59.3423],[13.1549,59.3529],[13.1731,59.3475],[13.1914,59.3246],[13.2179,59.3105],[13.2457,59.3103],[13.2517,59.315],[13.251,59.3245],[13.2489,59.3357],[13.2512,59.345],[13.2611,59.3518],[13.2775,59.3573],[13.3157,59.3612],[13.3782,59.3641],[13.4611,59.37],[13.5483,59.3813],[13.6283,59.3899],[13.6797,59.3897],[13.7197,59.378],[13.7385,59.3595],[13.7439,59.3415],[13.752,59.3312],[13.766,59.3309],[13.8003,59.3371],[13.8301,59.3409],[13.8674,59.3346],[13.9043,59.3277],[13.9333,59.3305],[13.9617,59.334],[13.9971,59.3291],[14.028,59.3201],[14.0455,59.3136],[14.0518,59.3048],[14.0557,59.29],[14.0543,59.2678],[14.0475,59.2412],[14.0273,59.2043],[13.9938,59.1572],[13.9463,59.1129],[13.9306,59.0898],[13.9454,59.0674],[13.9734,59.0658]],[[14.9621,58.8355],[14.933,58.7839],[14.9409,58.7562],[14.929,58.6999],[14.8997,58.635],[14.8914,58.5917],[14.9625,58.5393],[14.9462,58.5109],[14.8273,58.4615],[14.6864,58.3947],[14.6225,58.2989],[14.5824,58.2017],[14.5435,58.1381],[14.4994,58.0855],[14.3393,57.9333],[14.245,57.8095],[14.1593,57.7963],[14.1211,57.9245],[14.2132,58.1502],[14.3905,58.4063],[14.5066,58.5607],[14.6316,58.6798],[14.7257,58.7313],[14.8169,58.7911],[14.9321,58.8541],[14.9681,58.8488],[14.9621,58.8355]]]},"properties":{"NAME":"Norsemen","SUBJECTO":"Norsemen","PARTOF":"Norsemen","BORDERPRECISION":1,"LINK":null}},
{"type":"Feature","geometry":{"type":"Polygon","coordinates":[[[94.2721,18.5163],[94.4205,18.1408],[94.4653,17.6645],[94.4653,17.6428],[94.4649,17.2643],[94.392,16.9084],[94.1434,16.2154],[94.1444,16.0057],[94.3041,15.9489],[94.4156,16.0762],[94.5397,16.1336],[94.8193,16.2105],[94.8196,16.1597],[94.7534,15.9372],[94.828,15.842],[94.9726,15.836],[95.1248,15.9951],[95.2202,16.0017],[95.223,15.8048],[95.3298,15.6779],[95.4182,15.7417],[95.5523,15.8753],[95.7138,16.1552],[96.2039,16.385],[96.4692,16.5126],[96.6629,16.6972],[96.7341,16.888],[96.7704,17.3327],[96.8816,17.3457],[96.9831,17.2442],[97.215,16.9398],[97.352,16.5272],[97.4185,16.4828],[97.5732,16.4451],[97.5961,16.3498],[97.6114,16.0958],[97.6641,15.7909],[97.6739,15.6931],[97.7423,15.0097],[97.823,14.616],[97.9791,14.2352],[97.9898,14.2066],[98.194,13.6578],[98.1989,13.6448],[98.4027,13.2664],[98.4859,13.1118],[98.5968,12.7372],[98.654,12.2447],[98.6765,12.0512],[98.5883,11.8223],[98.5902,11.6952],[98.6371,11.6572],[98.8674,11.645],[98.7384,11.4351],[98.6836,11.0855],[98.6053,10.863],[98.3979,10.5639],[98.4317,10.2019],[98.5932,10.1205],[98.6326,10.1007],[98.5018,9.7192],[98.2506,8.9371],[98.1772,8.6002],[98.1952,8.3271],[98.2924,8.1557],[98.3903,8.2195],[98.5446,8.2643],[98.7496,8.0868],[98.8895,8.0172],[99.0245,7.8714],[99.1186,7.6428],[99.2939,7.3192],[99.4681,7.3386],[99.5717,7.2626],[99.6397,7.0658],[99.6108,6.9386],[99.663,6.71],[99.8338,6.5388],[99.9691,6.5073],[100.1544,6.6031],[100.222,6.5206],[100.1644,6.3871],[100.1587,6.3401],[100.1391,6.1773],[100.2237,5.8535],[100.3797,5.0214],[100.5593,4.7359],[100.6076,4.5517],[100.5942,4.4246],[100.5766,4.2022],[100.6643,3.9037],[100.7548,3.8211],[101.0669,3.5361],[101.2643,3.2252],[101.3364,2.7805],[101.4338,2.6664],[101.8926,2.3369],[102.4467,2.0331],[102.7169,1.8812],[103.1147,1.6088],[103.3491,1.4124],[103.4277,1.3808],[103.6084,1.4447],[104.0107,1.4201],[104.1756,1.3887],[104.1477,1.4459],[103.8304,2.1696],[103.6781,2.4107],[103.4396,2.6326],[103.3511,2.804],[103.3078,3.0263],[103.3393,3.3123],[103.3339,3.3937],[103.3078,3.7951],[103.3681,4.1828],[103.3786,4.545],[103.3418,4.8054],[103.1142,5.1481],[103.0572,5.2235],[102.8023,5.5604],[102.3251,6.0994],[102.0897,6.1434],[102.0738,6.1542],[101.9784,6.2194],[101.6796,6.4643],[101.5599,6.7395],[101.428,6.8282],[101.2175,6.8023],[100.9753,6.8526],[100.6149,6.9789],[100.5396,7.0487],[100.3446,7.4405],[100.2875,7.7724],[100.3019,7.8868],[100.2077,8.325],[100.1315,8.5321],[100.0093,8.4901],[99.9294,8.5849],[99.8659,8.7119],[99.9021,8.9216],[99.898,9.0678],[99.8373,9.2265],[99.724,9.258],[99.5462,9.1941],[99.2985,9.1618],[99.1956,9.2378],[99.1187,9.371],[99.0713,9.8983],[99.1862,10.4894],[99.5013,11.2461],[99.7634,11.7804],[99.8953,12.0792],[99.8711,12.2634],[99.8337,12.5238],[99.9771,12.8418],[100.0232,12.9944],[99.9303,13.261],[100.04,13.3947],[100.2397,13.4904],[100.4739,13.5099],[100.5855,13.4721],[100.9087,13.4473],[100.957,13.3649],[100.8712,12.8056],[100.8716,12.6785],[101.023,12.6725],[101.1537,12.6093],[101.3291,12.5588],[101.5866,12.661],[101.7235,12.655],[101.9186,12.5855],[102.1805,12.3274],[102.3239,12.1861],[102.5298,12.1484],[102.6585,12.0661],[102.6708,12.0377],[102.9626,11.3679],[103.0396,10.898],[103.192,10.9046],[103.4001,11.0385],[103.5249,11.0578],[103.6523,10.8802],[103.6703,10.7659],[103.5885,10.6641],[103.5249,10.5242],[103.6069,10.4735],[103.7388,10.4929],[103.831,10.474],[104.0031,10.5379],[104.1603,10.5192],[104.272,10.3987],[104.3872,10.3144],[104.4278,10.2847],[104.7649,10.1774],[104.9785,9.9809],[104.9873,9.8221],[104.8904,9.6948],[104.8224,9.4723],[104.7776,8.8813],[104.7425,8.4937],[104.9071,8.475],[105.0257,8.5197],[105.2084,8.6535],[105.2966,8.7744],[105.5031,9.029],[105.6908,9.1247],[105.9266,9.1888],[106.1184,9.3353],[106.2293,9.5516],[106.3351,9.52],[106.482,9.5521],[106.6563,9.7431],[106.7486,10.0673],[106.727,10.2261],[106.7044,10.4484],[106.7732,10.6392],[106.8538,10.5758],[107.0356,10.4364],[107.1005,10.4115],[107.2657,10.348],[107.412,10.3674],[107.6729,10.5268],[107.9387,10.8069],[108.1643,10.9662],[108.3528,11.0428],[108.5815,11.0878],[108.6959,11.1452],[108.8973,11.3426],[108.9433,11.4122],[109.0613,11.5907],[109.0734,11.6352],[109.0484,11.9338],[109.0909,12.1181],[109.0684,12.4865],[109.1745,12.7091],[109.3071,12.9063],[109.0711,14.17],[108.9178,14.7923],[108.7861,15.0906],[108.4989,15.3631],[108.3631,15.6233],[108.2361,16.0804],[108.0953,16.2516],[107.8092,16.2827],[107.692,16.3714],[107.3753,16.6915],[107.115,16.9546],[107.0051,17.038],[106.6223,17.3284],[106.4331,17.5503],[106.3938,17.6645],[106.3752,17.8995],[106.3644,18.0075],[105.8641,18.4892],[105.6533,18.7428],[105.5326,18.8442],[105.5563,18.9039],[94.2721,18.5163]]]},"properties":{"NAME":"Mon-Khmer","SUBJECTO":"Mon-Khmer","PARTOF":"Mon-Khmer","BORDERPRECISION":1,"LINK":null}},
{"type":"Feature","geometry":{"type":"MultiPolygon","coordinates":[[[[99.8722,2.6376],[99.8584,2.9044],[99.7959,2.9805],[99.4913,3.126],[98.9624,3.4362],[98.6253,3.6579],[98.1455,4.0699],[98.1994,4.3114],[98.1738,4.3813],[97.9428,4.5205],[97.5293,5.0407],[97.3841,5.1801],[97.2038,5.1734],[96.9995,5.1094],[96.7527,5.0644],[96.602,5.0768],[96.1873,5.1458],[96.0247,5.2153],[95.7405,5.4689],[95.6277,5.5258],[95.4641,5.5699],[95.2832,5.5505],[95.2161,5.4995],[95.1906,5.4105],[95.2051,5.2453],[95.3082,4.9596],[95.5609,4.5345],[95.8276,4.2237],[96.1184,3.9511],[96.3944,3.6467],[96.7204,3.7046],[96.886,3.5143],[97.2545,3.1402],[97.4277,2.9246],[97.5087,2.7405],[97.5433,2.4101],[97.5971,2.2514],[97.74,2.2072],[97.9825,2.1124],[98.3026,1.9352],[98.6006,1.7071],[98.671,1.6183],[98.7193,1.4786],[98.6891,1.3705],[98.9989,0.5578],[99.1133,0.2212],[99.401,0.0884],[99.5304,-0.017],[99.6966,-0.1524],[99.972,-0.5013],[100.272,-0.9709],[100.6503,-1.631],[100.7963,-2.0247],[100.7788,-2.1772],[100.8121,-2.336],[101.3455,-3.0149],[101.6596,-3.3193],[102.1107,-3.6043],[102.1968,-3.7566],[102.2865,-3.9788],[102.4622,-4.1818],[103.0686,-4.6127],[103.5235,-4.9994],[103.8725,-5.3418],[104.4769,-5.9824],[104.5685,-6.0712],[104.6422,-5.9757],[104.4647,-5.6392],[104.5634,-5.6009],[105.0328,-5.8795],[105.0691,-5.7587],[105.1867,-5.5423],[105.304,-5.5802],[105.4757,-5.815],[105.6407,-5.929],[105.6893,-5.8971],[105.7285,-5.8271],[105.7956,-5.3503],[105.7964,-5.2296],[105.7871,-4.9309],[105.7967,-4.7339],[105.6932,-4.3083],[105.7111,-4.1049],[105.9428,-3.2147],[105.6287,-2.9103],[105.5639,-2.7134],[105.4449,-2.5993],[105.3652,-2.5804],[104.9946,-2.4668],[104.6778,-2.6708],[104.6098,-2.5757],[104.8126,-2.1558],[104.5675,-2.1373],[104.4725,-2.0803],[104.3524,-1.8899],[104.3552,-1.7056],[104.2977,-1.3625],[104.2299,-1.1911],[104.1212,-1.1405],[103.7469,-1.1159],[103.3842,-0.8943],[103.3113,-0.8182],[103.2376,-0.6595],[103.4087,-0.5002],[103.5007,-0.3157],[103.6866,-0.1183],[103.7136,-0.017],[103.7222,0.0152],[103.4631,0.2879],[103.2405,0.459],[103.0466,0.5284],[102.7016,0.5658],[102.4718,0.6225],[102.2783,0.7428],[102.1359,0.9395],[102.0098,1.2697],[101.8681,1.4346],[101.6753,1.5231],[101.4743,1.5481],[101.2758,1.7192],[101.0598,2.081],[100.8317,2.1758],[100.8006,2.0677],[100.8561,1.9661],[100.8543,1.8772],[100.7319,1.8706],[100.4565,2.1178],[100.1214,2.5428],[99.8632,2.5676],[99.8722,2.6376]]],[[[111.1199,1.2703],[110.9683,1.2255],[110.8176,1.2443],[110.4752,1.4405],[110.2895,1.5164],[109.9018,1.5536],[109.7231,1.6168],[109.554,1.8007],[109.5175,1.8205],[109.4259,1.8703],[109.2824,1.8827],[109.1462,1.5202],[108.9555,1.2593],[108.8961,1.1003],[108.8143,0.8078],[108.8703,0.5411],[108.841,0.3313],[108.9991,0.1982],[109.1242,-0.017],[109.1578,-0.0747],[109.0734,-0.4053],[109.1895,-0.5385],[109.4286,-0.7096],[109.1789,-0.869],[109.2445,-0.9324],[109.5998,-1.1223],[109.7828,-1.3062],[109.9409,-1.6426],[109.9462,-1.8587],[110.0659,-2.494],[110.0764,-2.7863],[110.1023,-3.0785],[110.2384,-3.0655],[110.3651,-2.9954],[110.6525,-2.9884],[110.7968,-3.1724],[111.436,-2.974],[111.5872,-2.7957],[111.7286,-3.2593],[111.7133,-3.3992],[111.7395,-3.647],[111.9034,-3.6148],[112.0469,-3.4556],[112.2456,-3.398],[112.4063,-3.4485],[112.5777,-3.4227],[112.6384,-3.3336],[112.7954,-2.971],[112.9493,-3.0406],[113.1235,-3.2436],[113.32,-3.294],[113.4608,-3.3827],[113.6084,-3.6111],[113.7445,-3.5981],[113.9706,-3.3625],[114.0995,-3.3495],[114.2185,-3.4319],[114.3562,-3.6032],[114.5046,-3.9651],[114.4936,-4.1558],[114.5809,-4.2954],[114.7124,-4.2062],[114.9858,-4.0785],[115.5681,-3.8039],[115.8063,-3.5365],[115.8634,-3.3775],[115.9559,-3.1993],[116.202,-2.9001],[116.2482,-2.7983],[116.2445,-2.703],[116.0408,-2.4429],[116.3491,-2.4168],[116.2727,-2.2835],[116.2455,-2.1056],[116.0463,-1.9345],[116.3842,-1.6605],[116.5789,-1.3677],[117.0456,-0.9346],[117.2552,-1.004],[117.3703,-1.0038],[117.4298,-0.6224],[117.3777,-0.4318],[117.3182,-0.1397],[117.3389,-0.017],[117.375,0.1973],[117.5343,0.6107],[117.7083,0.8207],[117.8597,0.8655],[118.2183,0.7583],[118.5561,0.7463],[118.7652,0.823],[118.5173,1.1656],[118.2473,1.3874],[117.9128,1.5901],[117.7301,1.7994],[117.6964,1.9009],[117.8483,2.2253],[117.8292,2.3143],[117.5877,2.6505],[117.342,3.0249],[117.236,3.0755],[117.139,3.1706],[117.2151,3.2724],[117.1631,3.4057],[117.074,3.5072],[117.3347,3.5459],[117.5802,3.5655],[117.6839,3.6292],[117.5405,3.9403],[117.5587,3.9807],[117.5892,4.0484],[117.8221,4.0997],[118.1124,4.1448],[118.3187,4.2342],[118.3912,4.3742],[117.9918,4.6846],[117.9484,4.7989],[118.1084,4.939],[118.4156,4.9016],[118.6828,4.9149],[118.8813,4.9788],[118.9714,5.0489],[119.0426,5.1698],[118.998,5.2777],[118.843,5.3409],[118.377,5.6385],[118.256,5.6637],[118.0954,5.6252],[117.7616,5.58],[117.9183,5.8028],[117.8665,5.9043],[117.6543,5.8467],[117.3701,5.7889],[117.3536,5.8778],[117.4593,6.0813],[117.5409,6.2404],[117.5071,6.3928],[117.3257,6.4877],[117.1681,6.6144],[117.0311,6.8365],[116.889,6.6456],[116.7405,6.6897],[116.5956,6.8991],[116.5618,6.8228],[116.3378,6.3585],[116.0987,6.0975],[115.9708,5.8811],[115.7871,5.7401],[115.7173,5.4676],[115.4878,5.4862],[115.2917,5.454],[115.2031,5.2759],[115.4178,5.1111],[115.4339,5.0031],[115.3614,4.8759],[115.1593,4.8381],[115.1211,4.8309],[115.0369,4.8952],[114.9615,4.8765],[114.8778,4.8558],[114.8227,4.8952],[114.854,5.0159],[114.7452,4.9844],[114.4503,4.5626],[114.1666,4.5112],[114.0737,4.455],[114.0233,4.4245],[113.9135,4.3581],[113.8148,4.2626],[113.4231,3.7598],[113.1875,3.6146],[112.9517,3.1552],[112.7592,3.0086],[112.3013,2.8742],[111.6345,2.7202],[111.3718,2.5989],[111.1338,2.0329],[110.9698,1.7593],[110.8934,1.5113],[111.1199,1.2703]]],[[[113.0727,-7.8768],[112.6784,-7.7188],[112.6246,-7.6744],[112.5009,-7.4649],[112.5366,-7.2645],[112.4049,-7.1346],[112.2748,-7.0269],[111.9168,-6.9577],[111.5683,-6.9204],[111.3297,-6.9082],[111.0447,-6.8516],[110.9145,-6.6294],[110.8146,-6.5343],[110.6133,-6.5411],[110.4915,-6.6621],[110.3959,-6.9547],[110.2426,-7.0313],[110.0273,-7.0445],[109.382,-6.9886],[109.217,-7.0144],[109.1611,-7.0231],[108.9534,-6.9387],[108.5558,-6.9205],[108.4754,-6.6855],[108.309,-6.4508],[108.1733,-6.3557],[107.9696,-6.4388],[107.7687,-6.4519],[107.677,-6.3304],[107.5246,-6.3508],[107.3396,-6.1541],[107.0614,-6.0785],[106.9451,-6.026],[106.9351,-6.136],[106.864,-6.2696],[106.628,-6.3094],[106.5213,-6.11],[106.3081,-6.1309],[106.0242,-6.0807],[105.9332,-6.026],[105.8915,-6.1509],[105.7915,-6.2569],[105.7943,-6.2893],[105.8107,-6.4816],[105.6722,-6.4563],[105.664,-6.5193],[105.6335,-6.7552],[105.4674,-6.8132],[105.2862,-6.7712],[105.1439,-6.7817],[105.1848,-6.8657],[105.7522,-6.9202],[105.89,-6.9326],[106.1175,-6.9957],[106.3655,-7.0397],[106.5466,-7.16],[106.3447,-7.3702],[106.3202,-7.4338],[106.4837,-7.5034],[107.2068,-7.5336],[107.3676,-7.565],[107.7297,-7.7867],[108.1602,-7.8556],[108.3607,-7.8361],[108.6104,-7.7021],[109.0372,-7.7203],[109.1153,-7.7388],[109.5436,-7.8399],[110.0382,-7.9914],[110.4154,-8.2067],[110.7777,-8.3203],[111.4391,-8.3824],[112.0934,-8.4446],[112.4144,-8.4884],[112.571,-8.4626],[112.8358,-8.3476],[113.0738,-8.3471],[113.4747,-8.4861],[113.7438,-8.5999],[114.1048,-8.6881],[114.3293,-8.783],[114.0692,-8.434],[114.1376,-8.2114],[114.2522,-8.0204],[114.2308,-7.9315],[113.9484,-7.8241],[113.7614,-7.8308],[113.5587,-7.9139],[113.2626,-7.9082],[113.0727,-7.8768]]],[[[117.7968,-8.4958],[117.9377,-8.54],[118.0559,-8.608],[118.0331,-8.692],[117.9024,-8.6972],[117.8172,-8.8136],[117.6851,-8.7884],[117.5542,-8.7392],[117.5138,-8.6133],[117.334,-8.5667],[117.0593,-8.561],[116.9584,-8.5293],[116.8534,-8.5995],[116.7495,-8.6506],[116.6627,-8.7025],[116.6989,-8.816],[116.6345,-8.9334],[116.6632,-9.0593],[116.7542,-9.1146],[116.8003,-9.1463],[116.9764,-9.1777],[117.1159,-9.1223],[117.2766,-9.1452],[117.5573,-9.0556],[117.8409,-8.9544],[117.9739,-8.9754],[118.0772,-8.8599],[118.216,-8.7392],[118.254,-8.7655],[118.2107,-8.8862],[118.2746,-8.927],[118.658,-8.8562],[118.6255,-8.7864],[118.6888,-8.7602],[118.8282,-8.7864],[118.9705,-8.881],[118.982,-8.7025],[118.9542,-8.6552],[118.8726,-8.6715],[118.8633,-8.4808],[118.7608,-8.3793],[118.6177,-8.3924],[118.5442,-8.5293],[118.462,-8.5961],[118.4673,-8.3928],[118.42,-8.3246],[118.2671,-8.2774],[118.1301,-8.3426],[118.0483,-8.2984],[118.0247,-8.203],[117.9479,-8.1619],[117.8062,-8.178],[117.691,-8.2672],[117.6774,-8.3626],[117.7054,-8.4388],[117.7968,-8.4958]]],[[[106.1643,-2.9981],[106.5527,-3.1752],[106.4707,-2.9212],[106.5234,-2.7939],[106.6427,-2.7111],[106.3286,-2.572],[106.0365,-2.204],[105.8963,-1.8039],[105.8634,-1.6261],[105.7224,-1.7471],[105.6557,-1.957],[105.4267,-1.7096],[105.3214,-1.8179],[105.1997,-2.1105],[105.2518,-2.1739],[105.4528,-2.1608],[105.5835,-2.205],[105.8118,-2.3824],[105.8823,-2.5602],[105.9024,-2.7254],[105.9947,-2.8904],[106.1643,-2.9981]]],[[[114.8956,-8.6546],[115.0724,-8.7814],[115.2437,-8.5903],[115.3482,-8.5456],[115.5005,-8.469],[115.0844,-8.2347],[114.8763,-8.2479],[114.645,-8.331],[114.4575,-8.3314],[114.5107,-8.4521],[114.8956,-8.6546]]],[[[120.3051,14.5753],[120.3636,14.5309],[120.4714,14.8043],[120.7064,14.7286],[120.8966,14.5511],[121.2172,14.4184],[121.2854,14.3424],[121.105,14.253],[120.9438,14.2908],[120.7986,14.3858],[120.5106,14.112],[120.5985,13.9216],[120.8645,13.757],[121.0094,13.6557],[121.1871,13.6815],[121.2497,13.7134],[121.3317,13.8279],[121.4862,13.8918],[121.6249,13.8984],[122.0673,13.6516],[122.3941,13.3029],[122.492,13.4302],[122.3253,13.7792],[122.3693,13.881],[122.4854,13.8812],[122.8242,13.6215],[123.0937,13.3806],[123.197,13.2411],[123.239,13.0252],[123.4212,12.9811],[123.677,12.8927],[123.8189,12.9756],[123.3976,13.5274],[123.4914,13.6229],[123.6612,13.6931],[123.7369,13.7632],[123.7019,13.8203],[123.6385,13.8329],[123.3592,13.953],[123.1318,13.692],[122.9851,13.7298],[122.8563,13.8883],[122.7762,14.174],[122.6746,14.2691],[122.4865,14.3195],[122.3974,14.3066],[122.1793,14.0648],[122.1066,13.9185],[121.9735,13.95],[121.7704,14.0956],[121.7288,14.1083],[121.6116,14.3875],[121.4568,14.8827],[121.2993,15.2127],[121.2422,15.3078],[121.3682,15.4987],[121.4036,15.7528],[121.4023,15.8735],[121.439,15.9181],[121.6886,16.0584],[122.064,16.3323],[122.2033,16.5422],[122.3956,17.1143],[122.3136,17.2602],[122.0703,17.4376],[122.0074,17.7932],[122.0278,18.0092],[122.1472,18.2063],[122.139,18.3842],[122.0496,18.4475],[121.9247,18.371],[121.8398,18.2756],[121.5808,18.2941],[121.0364,18.5279],[120.8004,18.5528],[120.6489,18.489],[120.5644,18.4316],[120.3931,18.0438],[120.3598,17.7579],[120.323,17.3703],[120.3115,17.0718],[120.2466,16.8747],[120.2581,16.6143],[120.3034,16.4175],[120.2931,16.2332],[120.2021,16.0425],[119.762,16.3591],[119.6814,16.1875],[119.813,15.9781],[119.7887,15.6604],[119.7718,15.4698],[119.9717,14.9049],[120.3051,14.5753]]],[[[120.8908,12.3658],[121.094,12.2011],[121.1773,12.3982],[121.2736,12.5255],[121.3168,12.7416],[121.3045,13.129],[121.1807,13.3321],[121.0392,13.408],[120.6486,13.4135],[120.3405,13.3874],[120.547,13.1528],[120.711,12.6513],[120.7337,12.5497],[120.8908,12.3658]]],[[[125.07,11.244],[125.3231,11.1239],[125.3984,11.1494],[125.4487,11.2067],[125.3331,11.5622],[125.2777,11.9242],[125.2464,12.2926],[125.1191,12.4766],[124.9521,12.527],[124.4945,12.4625],[124.264,12.4176],[124.3304,12.2081],[124.6281,11.9927],[124.8755,11.8344],[124.9166,11.6439],[124.8542,11.4913],[124.8833,11.4342],[124.9898,11.3582],[125.07,11.244]]],[[[121.8831,10.6273],[121.873,10.4684],[122.2973,10.6472],[122.7062,10.9403],[122.7887,11.0295],[122.8968,11.1504],[122.9324,11.3284],[122.9199,11.5253],[122.635,11.4421],[122.4702,11.4544],[122.2106,11.5809],[121.9936,11.7583],[121.9663,11.231],[121.8831,10.6273]]],[[[118.6997,10.0359],[118.8646,10.0236],[119.0338,10.1256],[119.217,10.2911],[119.5155,10.4506],[119.5643,10.5016],[119.4689,10.7555],[119.3445,11.003],[119.4167,11.1302],[119.3539,11.2126],[119.207,11.1297],[119.1452,10.9009],[119.1081,10.6276],[118.9892,10.3923],[118.8478,10.2141],[118.7566,10.1694],[118.6997,10.0359]]],[[[122.7686,9.2124],[122.9416,9.0476],[123.0371,9.0669],[123.133,9.2513],[123.0366,9.4608],[122.9622,9.594],[123.1044,10.2296],[123.1443,10.3314],[123.3121,10.7383],[123.2903,10.8654],[123.2391,10.9224],[123.1176,10.9349],[122.9202,10.8518],[122.7007,10.0318],[122.6021,9.9109],[122.3475,9.8151],[122.3031,9.6498],[122.3956,9.4784],[122.7686,9.2124]]],[[[117.1278,8.4696],[117.2706,8.4508],[117.4441,8.6355],[117.7101,8.7123],[117.8571,8.8333],[117.9672,9.1131],[118.0442,9.1704],[118.2763,9.2662],[118.3845,9.3491],[118.5046,9.4828],[118.5577,9.6735],[118.5081,9.9211],[118.0885,9.431],[117.8021,9.208],[117.5359,9.0486],[117.3788,8.8958],[117.2245,8.6858],[117.1278,8.4696]]],[[[125.9546,6.6525],[126.0452,6.6082],[126.1946,6.8881],[126.3217,7.1488],[126.372,7.3396],[126.3727,7.5365],[126.2799,7.7333],[126.2545,8.0445],[126.3063,8.2353],[126.2719,8.4258],[126.03,8.3808],[125.9232,8.4822],[126.0746,8.8129],[126.0371,8.959],[125.9339,9.1748],[125.6138,9.5362],[125.4281,9.7836],[125.3623,9.6246],[125.4395,9.3706],[125.461,9.053],[125.4013,8.9512],[125.2248,8.9953],[125.1326,8.9316],[124.9909,8.7153],[124.8721,8.9247],[124.7416,8.918],[124.6706,8.4287],[124.5872,8.4666],[124.3716,8.5615],[124.2104,8.4467],[124.1172,8.1924],[124.0239,8.1096],[123.8055,8.0837],[123.6628,8.0135],[123.6169,8.3375],[123.4859,8.496],[123.1358,8.4508],[122.8888,8.3422],[122.7965,8.2722],[122.7363,8.0624],[122.638,8.005],[122.384,7.9854],[122.2117,7.9024],[122.0937,7.7751],[122.0105,7.5335],[121.8488,7.1964],[121.8245,7.0565],[121.8399,6.9676],[121.8936,6.9105],[121.9919,6.8726],[122.2283,7.2607],[122.4552,7.6932],[122.6351,7.7826],[122.7133,7.6748],[122.7254,7.4524],[123.023,7.4784],[123.2479,7.5933],[123.3062,7.6951],[123.3337,7.7714],[123.465,7.7907],[123.8153,7.6581],[124.0248,7.4743],[124.0736,7.2584],[123.8642,6.8513],[123.8806,6.5654],[123.9735,6.3369],[124.2241,6.0896],[124.7253,5.8111],[124.803,5.7859],[124.9658,6.0848],[125.1295,6.0534],[125.1635,5.9074],[125.0728,5.7229],[125.152,5.6024],[125.2893,5.4883],[125.4615,5.7174],[125.5329,5.9399],[125.466,6.2448],[125.3913,6.4225],[125.2804,6.5938],[125.4432,6.9627],[125.6146,7.2363],[125.7478,7.1857],[125.9108,6.8493],[125.9546,6.6525]]]]},"properties":{"NAME":"Malays","SUBJECTO":"Malays","PARTOF":"Malays","BORDERPRECISION":1,"LINK":null}},
{"type":"Feature","geometry":{"type":"MultiPolygon","coordinates":[[[[-2.5382,43.4164],[-2.7684,43.5379],[-3.0072,43.5503],[-3.196,43.4469],[-3.417,43.3757],[-3.8476,43.4392],[-4.1102,43.4515],[-4.8023,43.4694],[-5.2249,43.5072],[-5.5374,43.5775],[-5.8205,43.7057],[-5.9797,43.7054],[-6.208,43.6405],[-6.4676,43.5627],[-6.808,43.5234],[-7.1513,43.5549],[-7.6363,43.7214],[-7.9795,43.7401],[-8.2202,43.6172],[-8.2507,43.4304],[-8.3104,43.353],[-8.5957,43.3396],[-8.8492,43.3262],[-9.0136,43.2809],[-9.1975,43.1582],[-9.2708,43.0487],[-9.2469,42.9008],[-9.1731,42.8559],[-8.9417,42.8242],[-8.805,42.6316],[-8.6441,42.4197],[-8.7986,42.1945],[-8.8605,42.0145],[-8.8061,41.8892],[-8.9207,41.767],[-8.8548,41.5969],[-8.8524,41.4453],[-4.73,42.4805],[-2.5382,43.4164]]],[[[-7.4275,55.0638],[-7.4978,55.0497],[-7.6573,55.1168],[-7.7562,55.2527],[-8.1183,55.1766],[-8.3454,55.0953],[-8.4763,54.8799],[-8.5037,54.7496],[-8.76,54.7014],[-8.8294,54.6339],[-8.2115,54.6339],[-8.3006,54.4893],[-8.6867,54.3641],[-8.5901,54.2028],[-9.0858,54.2582],[-9.3229,54.2751],[-9.4743,54.2413],[-9.892,54.3256],[-9.9888,54.2537],[-10.1597,54.1331],[-10.1785,53.9119],[-9.9129,53.9696],[-9.6965,53.8734],[-9.8724,53.7677],[-9.8096,53.6324],[-10.1514,53.5756],[-10.0211,53.5119],[-10.1598,53.3741],[-9.8848,53.2974],[-9.8029,53.3454],[-9.6167,53.3459],[-9.4407,53.2662],[-9.2974,53.2798],[-9.1582,53.2207],[-9.0017,53.3004],[-8.9236,53.1606],[-8.997,53.1204],[-9.3093,53.1153],[-9.5258,52.9046],[-9.4416,52.8333],[-9.6157,52.6366],[-9.1343,52.6809],[-9.1926,52.5545],[-9.504,52.5405],[-9.7357,52.4803],[-9.784,52.3407],[-9.8016,52.2411],[-9.8906,52.1944],[-10.4692,52.2066],[-10.4973,52.1017],[-9.9638,52.0921],[-10.294,51.9776],[-10.2169,51.7583],[-9.8354,51.8033],[-9.7952,51.6046],[-9.8191,51.4346],[-9.2433,51.4726],[-8.8478,51.5998],[-8.5652,51.6155],[-8.1588,51.8396],[-7.8616,51.9681],[-7.7506,52.0327],[-7.3724,52.0921],[-6.9617,52.1112],[-6.8939,52.2066],[-6.6168,52.2207],[-6.4892,52.1944],[-6.406,52.2144],[-6.3409,52.4271],[-6.2321,52.6133],[-6.0707,52.7666],[-6.0431,52.8931],[-6.1722,53.4392],[-6.335,53.786],[-6.4434,53.8994],[-6.3431,53.9396],[-6.2064,53.9567],[-6.0717,53.9736],[-5.9122,54.0274],[-5.7314,54.1749],[-5.6615,54.3222],[-5.7999,54.5229],[-5.7637,54.657],[-5.7849,54.7374],[-6.0182,55.093],[-6.1165,55.1602],[-6.2793,55.1397],[-6.4543,55.1865],[-6.6452,55.2064],[-6.9968,55.172],[-7.2255,55.1042],[-7.4275,55.0638]]],[[[-5.6982,55.3307],[-5.6203,55.3295],[-5.4824,55.4427],[-5.5178,55.668],[-5.6887,55.6281],[-5.7557,55.4773],[-5.6982,55.3307]]],[[[-0.2037,53.5233],[-0.3192,53.5789],[-0.2349,53.7994],[-0.2955,54.0332],[-0.6048,54.3002],[-0.8706,54.5472],[-1.1921,54.5954],[-1.3889,54.6805],[-1.5556,54.9216],[-1.696,55.2725],[-1.666,55.3796],[-1.719,55.4537],[-1.942,55.5561],[-2.245,55.811],[-2.5403,55.8847],[-2.7421,55.9572],[-2.9279,55.946],[-3.1615,55.8457],[-3.3559,55.8427],[-3.5772,55.8847],[-3.713,55.8847],[-3.895,55.9851],[-3.2935,55.9739],[-3.1698,56.0621],[-2.8953,56.0855],[-2.7729,56.1713],[-2.7209,56.1782],[-2.9494,56.253],[-3.1524,56.3368],[-2.9805,56.3536],[-2.6671,56.471],[-2.5148,56.6673],[-2.4131,56.7173],[-2.1589,57.0143],[-2.2032,57.0648],[-2.1078,57.2103],[-1.9446,57.4017],[-2.1504,57.572],[-2.854,57.5433],[-3.0926,57.577],[-3.4008,57.5764],[-3.7958,57.5415],[-4.1484,57.5545],[-4.2485,57.6363],[-4.1505,57.8348],[-3.9432,57.9584],[-3.1664,58.2751],[-3.0284,58.4057],[-3.165,58.5222],[-3.4405,58.5285],[-3.8305,58.5072],[-4.1389,58.4448],[-4.5099,58.4029],[-4.9256,58.567],[-5.1127,58.3949],[-4.9071,58.169],[-5.3459,58.0927],[-5.0556,57.751],[-5.23,57.7096],[-5.5685,57.7774],[-5.763,57.6198],[-5.4606,57.3881],[-5.5616,57.2993],[-5.7263,57.258],[-5.6253,56.9992],[-5.6659,56.9378],[-5.909,56.7333],[-6.0435,56.4748],[-5.8217,56.4005],[-5.6445,56.5163],[-5.5466,56.6524],[-5.4583,56.6321],[-5.2707,56.5441],[-5.3001,56.4287],[-5.497,56.1773],[-5.6331,55.9399],[-5.5702,55.7505],[-5.3336,55.8795],[-5.1346,55.8934],[-4.8484,56.0972],[-4.7107,56.1313],[-4.6233,55.908],[-4.7584,55.8197],[-4.8951,55.7721],[-4.9078,55.6639],[-4.7705,55.4884],[-4.6384,55.4279],[-4.91,55.1103],[-5.0667,54.9485],[-5.1114,54.7941],[-4.9025,54.7341],[-4.5999,54.6878],[-4.5003,54.7751],[-4.4607,54.8624],[-4.1216,54.7624],[-3.9077,54.7897],[-3.5767,54.9245],[-3.3087,54.8847],[-3.1525,54.8381],[-3.4304,54.6431],[-3.5692,54.415],[-3.4793,54.2746],[-3.2615,54.1412],[-2.8859,54.1687],[-2.8653,54.0283],[-2.9795,53.8209],[-3.0567,53.5136],[-2.9145,53.2671],[-3.3295,53.233],[-3.9567,53.2052],[-4.3175,53.0912],[-4.4919,52.991],[-4.6214,52.831],[-4.4683,52.8113],[-4.1475,52.8319],[-4.0939,52.7455],[-4.1236,52.3733],[-4.2947,52.2003],[-4.6191,52.0935],[-5.0615,52.0064],[-5.2488,51.8602],[-5.1786,51.7875],[-4.999,51.7017],[-4.1593,51.6768],[-3.4991,51.4597],[-3.1728,51.4669],[-2.7502,51.644],[-2.8947,51.3938],[-3.0331,51.3299],[-3.066,51.1777],[-3.483,51.1811],[-3.8252,51.2348],[-4.281,51.1872],[-4.2773,51.0637],[-4.4426,50.9687],[-4.5515,50.9972],[-4.6046,50.7787],[-4.8153,50.6042],[-5.0166,50.5605],[-5.2378,50.3463],[-5.7778,50.1341],[-5.4292,50.0679],[-5.2823,49.9638],[-4.967,50.2122],[-4.5406,50.358],[-4.3033,50.3235],[-4.2426,50.3915],[-4.0042,50.3141],[-3.8817,50.2004],[-3.715,50.2193],[-3.5632,50.3614],[-3.5215,50.6174],[-3.1109,50.6574],[-2.9606,50.7218],[-2.5505,50.57],[-2.432,50.6459],[-2.0237,50.57],[-2.0854,50.7028],[-1.3725,50.7663],[-1.1034,50.8167],[-0.839,50.7218],[-0.3357,50.8167],[-0.2037,50.7953],[0.1918,50.7313],[0.6726,50.9307],[0.8883,50.8927],[0.886,50.9819],[1.335,51.1207],[1.3647,51.3529],[1.1894,51.4055],[1.0301,51.3588],[0.8043,51.3783],[0.2542,51.4536],[0.6862,51.5604],[1.0313,51.8127],[1.5119,52.0258],[1.6569,52.2118],[1.6917,52.3114],[1.5857,52.65],[1.3759,52.8092],[1.0127,52.8884],[0.7418,52.9012],[0.5047,52.8475],[0.3268,52.7075],[0.0055,52.7867],[0.2509,53.0401],[0.2678,53.1267],[0.1745,53.2931],[0.081,53.3862],[-0.2037,53.5233]]]]},"properties":{"NAME":"Celts","SUBJECTO":"Celts","PARTOF":"Celts","BORDERPRECISION":1,"LINK":null}},
{"type":"Feature","geometry":{"type":"Polygon","coordinates":[[[28.4777,40.3951],[28.004,40.3621],[27.9082,40.3506],[28.0065,40.4508],[27.9538,40.4877],[27.8078,40.5036],[27.6793,40.4614],[27.7998,40.4033],[27.8302,40.3453],[27.7639,40.2873],[27.5735,40.2952],[27.9605,39.4132],[27.999,38.9561],[26.8699,39.0568],[26.8708,39.056],[26.7898,39.0244],[26.7853,38.9403],[26.9368,38.9246],[27.0042,38.8848],[27.0349,38.8211],[26.9664,38.7699],[26.7095,38.6986],[26.6957,38.6408],[26.8288,38.583],[26.8197,38.5273],[26.9974,38.4001],[26.7425,38.2784],[26.5274,38.4182],[26.4687,38.4448],[26.3916,38.2191],[26.3932,38.1044],[26.5123,38.0663],[26.6793,38.1049],[26.9614,37.9461],[27.1398,37.8891],[27.1798,37.7744],[27.1411,37.6469],[27.1226,37.4939],[27.1604,37.3601],[27.3646,37.3286],[27.4925,37.2397],[27.5256,37.1314],[27.2686,37.0417],[27.3081,36.9207],[27.5535,36.9148],[27.9988,36.9094],[28.051,36.833],[27.9419,36.7563],[27.9119,36.6989],[28.0142,36.5272],[28.2669,36.7124],[28.4698,36.7383],[28.8135,36.5352],[29.0023,36.6948],[29.2982,36.1731],[29.4719,36.0907],[29.662,36.0783],[30.1661,36.1876],[30.2799,36.1178],[30.3949,36.118],[30.4728,36.1883],[30.4967,36.373],[30.5401,36.647],[30.5936,36.7617],[30.9053,36.7942],[31.3707,36.7123],[31.902,36.4969],[32.335,36.1284],[32.6403,36.008],[32.9041,35.9767],[33.1713,35.9709],[33.4817,36.0543],[33.7532,36.1466],[33.8337,36.0706],[33.8359,36.1073],[33.891,36.1388],[33.9541,36.1598],[33.9517,36.2516],[34.1032,36.3803],[34.4851,36.6268],[34.6624,36.6478],[34.8699,36.5769],[35.0714,36.4877],[35.2205,36.388],[35.3542,36.4142],[35.3887,36.4536],[35.4171,36.4326],[35.4946,36.4431],[35.5476,36.5402],[35.5062,36.5586],[35.5676,36.5874],[35.6717,36.6058],[35.8909,36.7711],[35.9568,36.7475],[36.0824,36.6215],[36.1045,36.5612],[36.0953,36.4825],[35.8172,36.301],[35.8141,36.2985],[35.7086,36.2122],[35.6649,36.1335],[35.7185,36.0916],[35.8291,35.8848],[35.8559,35.8345],[35.7395,35.6903],[35.6914,35.685],[35.7332,35.5854],[35.6804,35.5277],[35.664,35.4595],[35.6073,35.4175],[35.7964,35.2707],[35.8414,35.0426],[35.8089,35.0138],[35.7508,34.7468],[35.8519,34.4929],[35.8731,34.4223],[35.821,34.3438],[36.3913,33.581],[36.3227,32.6203],[35.7711,31.6396],[37.2148,32.6889],[37.9082,32.7794],[38.7931,32.8948],[41.0577,32.8948],[41.9498,32.2086],[47.614,29.2722],[47.8449,29.5032],[47.996,29.4903],[47.9359,29.8014],[47.9114,29.8903],[47.9572,29.9476],[48.0283,29.9731],[48.2118,29.9481],[48.5106,29.9932],[48.5536,29.9946],[48.7138,30],[48.8013,30.0827],[48.9457,30.3879],[49.0202,30.4326],[49.2222,30.4775],[49.2351,30.2234],[49.3214,30.1029],[49.4524,30.0777],[49.511,30.0207],[49.7178,30.0021],[50.1324,30.0664],[50.3598,29.7429],[50.7047,29.4006],[50.7025,29.1338],[50.7968,29.0133],[51.0823,28.512],[51.3501,28.0361],[51.6113,27.827],[51.6989,27.8145],[51.9616,27.7769],[52.4104,27.581],[52.6338,27.3146],[52.7799,27.1878],[52.8908,27.0523],[53.3807,26.9096],[53.6339,26.7479],[54.0649,26.7014],[54.6461,26.3913],[54.7599,26.4106],[54.9255,26.538],[55.0981,26.7374],[55.3401,26.7994],[55.4249,26.9631],[55.6576,26.9969],[55.8053,27.0051],[55.8997,27.1048],[56.0678,27.1122],[56.4309,27.1066],[56.6678,27.0499],[56.6836,26.9684],[56.7904,26.9739],[56.9291,26.7519],[56.935,26.4645],[57.0663,26.3075],[57.1124,26.0762],[57.2451,26.0185],[57.2548,25.7933],[57.328,25.7871],[57.4649,25.7048],[57.8051,25.6483],[57.9005,25.5409],[58.1096,25.5473],[58.3687,25.5479],[58.7444,25.536],[58.3506,27.1991],[58.4192,27.7481],[59.8159,27.8478],[60.3406,27.8853],[60.6837,28.6402],[60.4331,29.249],[60.2034,29.8068],[60.6151,31.3165],[57.5957,30.9733],[55.4684,31.1792],[54.9194,31.5909],[54.0674,36.9415],[53.9845,36.7819],[53.7997,36.679],[53.139,36.6435],[52.6022,36.5769],[51.9931,36.4589],[51.7955,36.4323],[51.417,36.4557],[50.9393,36.1887],[47.9199,36.6004],[46.2044,36.3945],[44.6947,36.669],[43.9956,37.6239],[43.3909,39.3453],[41.4008,38.4532],[39.2742,38.219],[37.009,37.4925],[34.0582,37.4925],[32.9484,37.3831],[32.6804,38.0533],[32.0102,38.1873],[31.6081,39.3936],[29.9998,39.5276],[28.4777,40.3951]]]},"properties":{"NAME":"Seleucid Kingdom","SUBJECTO":"Seleucid Kingdom","PARTOF":"Seleucid Kingdom","BORDERPRECISION":1,"LINK":null}},
{"type":"Feature","geometry":{"type":"Polygon","coordinates":[[[4.9988,33.3439],[8.1422,33.9344],[8.6327,34.0265],[7.9132,36.7752],[7.792,36.8324],[7.719,36.9533],[7.5449,37.0421],[7.307,37.0608],[7.2049,36.9905],[7.0632,36.8819],[6.923,36.8178],[6.7705,36.8621],[6.3229,37.0906],[6.0474,36.8416],[5.8395,36.7827],[6.5538,35.979],[5.7986,35.4462],[4.9988,33.3439]]]},"properties":{"NAME":"Kingdom of Gala","SUBJECTO":"Kingdom of Gala","PARTOF":"Numidia","BORDERPRECISION":1,"LINK":null}},
{"type":"Feature","geometry":{"type":"Polygon","coordinates":[[[21.8631,57.5967],[21.7247,57.5725],[21.5961,57.4433],[21.4825,57.3339],[21.4206,57.2894],[21.4156,57.0694],[21.2614,56.9228],[21.07,56.8458],[21.0494,56.6719],[21.0267,56.6142],[20.9955,56.5083],[20.9753,56.23],[21.0464,56.1092],[21.0672,55.9914],[21.0148,55.6971],[21.0185,55.634],[21.2163,55.3437],[21.2767,55.3228],[21.2661,55.2056],[21.2242,55.2],[21.1908,55.1492],[21.1748,55.0675],[21.2278,54.9844],[21.2422,54.9436],[21.1725,54.919],[21.9796,54.9915],[22.4494,55.4511],[22.8161,56.1438],[22.3173,56.8082],[21.9252,57.4971],[21.8631,57.5967]]]},"properties":{"NAME":"Curonians","SUBJECTO":"Curonians","PARTOF":"Baltic archeological cultures","BORDERPRECISION":1,"LINK":null}},
{"type":"Feature","geometry":{"type":"Polygon","coordinates":[[[75.5997,37.5372],[80.5349,36.1676],[84.3973,35.3944],[83.6459,30.175],[103.4443,33.636],[103.6203,34.0387],[104.7394,36.6004],[104.6708,36.8063],[104.3963,37.0121],[104.3963,37.218],[105.1512,37.6297],[106.0433,37.5611],[94.9845,41.2233],[85.4802,48.3097],[84.3419,48.4084],[85.5584,46.8855],[83.8276,45.2188],[81.8464,43.311],[75.9776,42.0945],[72.281,40.9922],[72.4868,40.2374],[73.5848,40.0315],[77.7708,40.0315],[77.8038,39.8335],[77.8394,39.6198],[76.6042,38.7277],[75.5997,37.5372]]]},"properties":{"NAME":"Yuezhi","SUBJECTO":"Yuezhi","PARTOF":"Yuezhi","BORDERPRECISION":1,"LINK":null}},
{"type":"Feature","geometry":{"type":"MultiPolygon","coordinates":[[[[49.669,40.2403],[49.8499,40.2722],[49.9137,40.3254],[50.0307,40.3467],[50.1264,40.3467],[50.3073,40.3254],[50.4668,40.2616],[50.4668,40.3254],[50.4243,40.4105],[50.3179,40.4956],[50.1902,40.5701],[50.0201,40.602],[49.8073,40.5807],[49.6052,40.6871],[49.6052,40.7615],[49.4775,40.836],[49.3499,40.953],[49.2861,41.0594],[49.2435,41.2934],[49.1159,41.4317],[49.0869,41.4528],[48.9989,41.5168],[48.8925,41.687],[48.6832,41.8359],[48.6623,41.9017],[48.5004,41.9287],[48.4195,42.0905],[48.2541,42.2484],[48.2217,42.2794],[48.1318,42.4053],[47.9699,42.5941],[47.844,42.6211],[47.7901,42.8548],[47.7361,42.8998],[47.5653,43.0077],[47.5833,43.1875],[47.6552,43.2775],[47.6013,43.3224],[47.5743,43.5023],[47.6732,43.6641],[47.7361,43.8619],[47.6642,43.8529],[47.6103,43.754],[47.5653,43.6012],[47.5203,43.5113],[47.4934,43.5832],[47.5383,43.6731],[47.5653,43.844],[47.4394,44.0328],[47.3315,44.1856],[47.2236,44.2036],[47.1427,44.3385],[46.9988,44.3565],[46.8459,44.4464],[46.81,44.5363],[46.8729,44.6802],[47.0258,44.7881],[47.1697,44.86],[47.2506,44.9859],[47.3945,45.1748],[47.4754,45.3186],[47.5563,45.4535],[47.6552,45.5434],[47.6013,45.6603],[47.6282,45.7322],[47.6732,45.7502],[47.7541,45.7143],[47.871,45.6783],[48.0149,45.7143],[48.3026,45.7682],[48.4825,45.8851],[48.6353,45.975],[48.7702,45.8851],[48.8331,45.9211],[48.8331,46.02],[48.8331,46.0829],[48.8871,46.0829],[49.0579,46.1369],[49.2378,46.2628],[49.3132,46.3527],[49.4086,46.4336],[49.5345,46.5415],[49.7233,46.5325],[49.9481,46.5595],[50.2718,46.6854],[50.6315,46.9102],[50.8204,46.9192],[51.1171,47.063],[51.3689,47.09],[51.6746,47.0361],[51.7915,47.0091],[51.9353,46.8922],[52.1422,46.8382],[52.3759,46.8742],[52.4659,46.9102],[52.5558,46.9821],[52.8615,46.9372],[53.0234,46.9192],[53.1852,46.8652],[53.2302,46.7303],[53.2841,46.6764],[53.1672,46.5865],[53.1223,46.4966],[53.1852,46.4246],[53.2572,46.3167],[53.2032,46.1908],[53.1492,45.957],[53.0503,45.8312],[52.9245,45.7322],[52.8345,45.6423],[52.8435,45.5075],[53.0593,45.4535],[53.2122,45.3636],[53.2841,45.3276],[53.0593,45.3366],[52.6097,45.3996],[52.1062,45.3816],[51.9983,45.3816],[51.8454,45.4355],[51.7735,45.3906],[51.6296,45.3546],[51.5127,45.3726],[51.4588,45.3096],[51.3778,45.1748],[51.3419,45.0579],[51.216,45.0399],[51.0991,44.878],[51.189,44.7701],[51.3689,44.6802],[51.4858,44.6262],[51.5757,44.5543],[51.4138,44.5183],[51.3329,44.4824],[51.0901,44.5633],[50.8743,44.6262],[50.7214,44.6352],[50.5416,44.6442],[50.4067,44.6173],[50.3348,44.5633],[50.3258,44.3655],[50.3887,44.2935],[50.7035,44.2576],[50.9552,44.2036],[50.9912,44.0777],[51.171,43.7181],[51.261,43.6102],[51.3689,43.5562],[51.4588,43.3854],[51.4228,43.2595],[51.4228,43.1696],[51.5847,43.1786],[51.7375,43.1786],[51.8814,43.0527],[51.9803,42.9088],[52.0702,42.8279],[52.1601,42.8459],[52.295,42.8728],[52.3759,42.8009],[52.5828,42.8279],[52.7626,42.7559],[52.8345,42.648],[52.7536,42.5581],[52.7356,42.4232],[52.6727,42.2794],[52.5828,42.1894],[52.5198,42.0726],[52.5738,42.0186],[52.6007,41.9377],[52.5593,41.7578],[52.6826,41.6937],[52.7114,41.6075],[52.6922,41.5309],[52.855,41.3872],[52.97,41.1382],[52.9604,41.2723],[52.9317,41.3776],[52.97,41.5596],[52.9987,41.6841],[52.9412,41.7703],[52.9795,41.9044],[53.0657,42.0289],[53.2669,42.0864],[53.4584,42.096],[53.7362,42.1343],[53.9852,42.1055],[54.0235,42.0481],[54.0235,41.9523],[54.0235,41.8565],[54.1193,41.7799],[54.1385,41.6266],[54.1672,41.483],[54.3588,41.3872],[54.5982,41.2435],[54.7514,41.1382],[54.8281,40.9849],[54.8185,40.8796],[54.7227,40.8508],[54.6078,40.8125],[54.5024,40.8508],[54.4545,40.9179],[54.3683,40.8987],[54.3875,40.8029],[54.4545,40.7167],[54.4162,40.6593],[54.33,40.688],[54.2247,40.7263],[54.1097,40.6784],[53.9756,40.6497],[53.8416,40.6401],[53.7937,40.7263],[53.7649,40.87],[53.6979,40.8796],[53.65,40.8796],[53.6596,40.8125],[53.6117,40.7455],[53.4393,40.8029],[53.2573,40.7646],[53.1807,40.8413],[53.1519,40.8987],[53.0562,41.052],[53.0179,40.9466],[52.97,40.8221],[52.9508,40.7072],[52.9029,40.5635],[52.8263,40.4677],[52.8455,40.3336],[52.8455,40.1804],[52.9125,40.0463],[52.9891,39.9314],[53.0466,39.9984],[53.1903,39.9601],[53.3627,39.9601],[53.5063,39.9984],[53.6883,39.9792],[53.5925,39.893],[53.5159,39.7781],[53.5542,39.6536],[53.6691,39.644],[53.8128,39.5482],[53.7937,39.4908],[53.7362,39.5004],[53.5446,39.5387],[53.3722,39.5195],[53.3148,39.5674],[53.2477,39.4525],[53.2094,39.4046],[53.2477,39.2992],[53.3339,39.3854],[53.4967,39.3375],[53.5829,39.3184],[53.6596,39.3184],[53.6787,39.2513],[53.7745,39.1364],[53.9182,39.0502],[54.0331,38.9927],[54.0714,38.8969],[54.0331,38.7916],[53.9852,38.6575],[53.9373,38.5713],[53.9373,38.3318],[53.9373,38.1594],[53.8799,38.0254],[53.9278,37.8242],[53.9852,37.5177],[56.0174,38.0415],[56.8409,39.1394],[57.2526,39.2767],[58.2133,39.0022],[59.5928,38.3927],[61.1641,37.6984],[66.3108,39.757],[72.281,40.9922],[75.9776,42.0945],[81.8464,43.311],[83.8276,45.2188],[85.5584,46.8855],[84.3419,48.4084],[82.4484,50.779],[64.7459,54.7756],[64.8626,55.1466],[59.19,56.4102],[59.0943,56.4318],[53.9245,57.6014],[53.9765,57.7086],[51.3434,57.7086],[48.8547,57.7086],[37.1199,54.2144],[38.3091,53.6518],[38.2797,53.1972],[36.93,52.7199],[34.9053,51.4763],[31.5603,50.9062],[31.556,50.9029],[30.592,50.1602],[30.1605,50.2785],[30.6255,46.3607],[30.8329,46.5766],[31.0872,46.6355],[31.5377,46.7014],[31.781,46.7019],[31.9513,46.8646],[32.1888,46.5922],[31.9259,46.4099],[32.1141,46.2156],[32.2022,46.1704],[32.5164,46.1256],[32.9729,46.1459],[33.3325,46.1661],[33.5279,46.1341],[33.6388,45.9268],[33.5395,45.8747],[33.1916,45.7898],[32.9023,45.6726],[32.5032,45.4451],[32.5753,45.3611],[32.6434,45.3806],[32.9263,45.3877],[33.0135,45.3814],[33.3979,45.2527],[33.5167,45.1235],[33.5594,44.9361],[35.0319,45.5343],[35.0081,45.6119],[34.1273,46.0639],[33.8391,46.1931],[34.0642,46.2649],[34.4957,46.2787],[34.6923,46.2531],[34.9068,46.273],[35.0464,46.3577],[35.2124,46.6371],[37.7735,48.6415],[38.4436,48.7755],[39.7839,48.7755],[40.32,48.2394],[39.2478,45.9609],[37.7741,44.7445],[37.8804,44.7189],[38.1092,44.4938],[38.277,44.4232],[38.5561,44.3851],[38.911,44.2179],[38.9237,44.2119],[39.4587,43.8329],[40.0981,43.3776],[40.2516,43.2682],[40.5571,43.1466],[40.9693,43.0767],[41.1226,43.0191],[41.4097,42.7882],[41.5027,42.6085],[41.6518,42.1206],[41.6805,41.7933],[42.7657,41.8692],[43.7671,41.8103],[44.7891,41.7501],[47.0109,41.3931],[48.5583,40.5599],[48.955,40.3218],[49.669,40.2403]],[[32.7539,49.4848],[32.8606,49.4078],[33.0154,49.2807],[33.1041,49.2001],[33.1943,49.1188],[33.1939,49.0939],[33.1671,49.0193],[33.1625,48.9936],[33.0763,49.0043],[33.0661,49.0214],[33.0435,49.0631],[32.9809,49.0826],[32.8634,49.0873],[32.7695,49.1159],[32.7181,49.1401],[32.6205,49.1986],[32.4082,49.3017],[32.2936,49.3462],[32.1701,49.4044],[31.9005,49.5128],[31.888,49.5544],[31.9554,49.5697],[32.1145,49.5413],[32.1836,49.5209],[32.35,49.4691],[32.4614,49.4261],[32.6318,49.3818],[32.6824,49.401],[32.6595,49.4644],[32.6646,49.537],[32.712,49.5594],[32.7539,49.4848]],[[60.9989,45.9216],[61.0403,45.7386],[61.0206,45.4873],[61.1746,45.1876],[61.68,45.1068],[61.7024,45.0996],[61.8616,45.0483],[61.7274,44.9338],[61.6407,44.9033],[61.1094,44.7167],[60.9436,44.4411],[60.0769,43.6086],[59.7157,43.6693],[59.5054,43.9141],[59.2478,43.854],[59.1264,44.0022],[59.0079,43.9795],[59.0188,43.8611],[58.9102,43.8525],[58.8273,43.844],[58.7799,43.7471],[58.5963,43.7571],[58.3673,43.7371],[58.3446,43.8657],[58.3762,44.0391],[58.3999,44.1667],[58.2419,44.359],[58.2301,44.4521],[58.1985,44.5197],[58.2571,44.5766],[58.2967,44.6384],[58.2946,44.7083],[58.251,44.7864],[58.2321,44.8513],[58.2381,44.9031],[58.2722,44.9817],[58.3783,45.1775],[58.4041,45.253],[58.4492,45.3224],[58.5136,45.3857],[58.5601,45.4572],[58.5887,45.5371],[58.6113,45.5847],[58.6279,45.6002],[58.6553,45.7157],[58.6813,45.7836],[58.7207,45.8477],[58.7716,45.895],[58.8154,45.9312],[58.8806,45.9559],[58.9574,45.9682],[58.9816,45.9746],[59.0701,46.0012],[59.1432,46.0067],[59.1984,46.0231],[59.2636,46.0272],[59.3287,46.0259],[59.3662,45.9902],[59.3603,45.9326],[59.3011,45.8804],[59.2873,45.835],[59.4314,45.8034],[59.5498,45.9943],[59.5459,46.2393],[59.4807,46.3171],[59.5308,46.3427],[59.5488,46.3448],[59.577,46.3335],[59.6988,46.3313],[59.7494,46.3221],[59.7789,46.3015],[59.8008,46.2545],[59.8154,46.1814],[60.0187,46.213],[60.3,46.1638],[60.4787,46.2048],[60.5527,46.1549],[60.605,46.1269],[60.7235,46.1679],[60.7857,46.1518],[60.8241,46.2134],[60.8226,46.2432],[60.5665,46.2652],[60.456,46.2734],[60.2112,46.2871],[60.0787,46.4018],[60.0207,46.4494],[59.9977,46.5024],[60.0092,46.5606],[60.073,46.6188],[60.1891,46.6768],[60.2705,46.6997],[60.3174,46.6875],[60.3594,46.6353],[60.3963,46.5431],[60.4297,46.5289],[60.4596,46.5928],[60.5012,46.6118],[60.5546,46.5856],[60.6045,46.5781],[60.6512,46.5891],[60.7257,46.6258],[60.728,46.676],[60.6378,46.7208],[60.5231,46.7273],[60.5034,46.8057],[60.6574,46.8219],[60.8429,46.7733],[60.8587,46.6975],[60.7831,46.6327],[60.7994,46.569],[60.8462,46.5244],[60.9381,46.4898],[61.1233,46.5653],[61.2496,46.6115],[61.3128,46.6819],[61.4658,46.7669],[61.6543,46.7689],[61.5615,46.5972],[61.3681,46.3552],[61.2891,46.2952],[61.2694,46.2516],[61.218,46.2215],[61.1588,46.1833],[61.1193,46.1039],[60.9989,46.0779],[61.0344,46.0149],[60.9989,45.9216]]],[[[59.9131,45.5979],[60.0177,45.6587],[60.1145,45.689],[60.0671,45.7138],[59.9012,45.6959],[59.7769,45.7014],[59.7631,45.6324],[59.7927,45.5896],[59.9131,45.5979]]],[[[59.1333,45.1945],[59.0464,44.9547],[59.2379,44.7966],[59.461,45.0552],[59.4472,45.1876],[59.2853,45.2752],[59.1333,45.1945]]]]},"properties":{"NAME":"Scythians","SUBJECTO":"Scythians","PARTOF":"Scythians","BORDERPRECISION":1,"LINK":null}},
{"type":"Feature","geometry":{"type":"MultiPolygon","coordinates":[[[[123.7479,41.6785],[124.091,41.2667],[124.1041,39.8848],[124.1108,39.8754],[124.1339,39.8431],[124.1497,39.821],[124.209,39.7383],[124.4428,39.573],[124.5481,39.5413],[124.6884,39.6054],[124.86,39.6185],[124.9223,39.6186],[125.2065,39.4853],[125.2961,39.3643],[125.2109,39.2112],[125.0279,38.8156],[125.2937,38.6887],[125.2686,38.5676],[124.9294,38.4649],[124.7362,38.2798],[124.6937,38.1395],[124.7697,37.9359],[125.077,37.7709],[125.1816,37.6564],[125.2694,37.4847],[125.5617,37.8355],[125.7412,37.785],[125.909,37.5115],[126.0525,37.6009],[126.2097,37.7541],[126.3304,37.6614],[126.3717,37.6298],[126.3719,37.6269],[126.373,37.6217],[126.3753,37.6172],[126.3819,37.6089],[126.3864,37.6053],[126.3975,37.5989],[126.4103,37.5939],[126.4189,37.5925],[126.4486,37.5922],[126.5014,37.5944],[126.5139,37.5972],[126.5394,37.6278],[126.531,37.6762],[126.541,37.6764],[126.5464,37.6522],[126.5475,37.6472],[126.55,37.6425],[126.5533,37.6383],[126.5725,37.62],[126.6292,37.5914],[126.6521,37.5668],[126.6589,37.555],[126.6628,37.5406],[126.6744,37.488],[126.6708,37.485],[126.6641,37.4839],[126.6319,37.4875],[126.6258,37.4858],[126.6219,37.4814],[126.6255,37.4714],[126.6564,37.4111],[126.6608,37.4075],[126.6661,37.4044],[126.6728,37.4019],[126.7169,37.3861],[126.7255,37.3847],[126.7328,37.385],[126.7419,37.3868],[126.7222,37.328],[126.7705,37.3047],[126.8019,37.2955],[126.8091,37.2955],[126.815,37.2975],[126.8361,37.308],[126.8433,37.3083],[126.8475,37.3044],[126.8636,37.2717],[126.8658,37.2669],[126.8619,37.2628],[126.8561,37.2608],[126.7661,37.2319],[126.7528,37.245],[126.6994,37.2622],[126.6681,37.2556],[126.6619,37.2539],[126.6589,37.2486],[126.6608,37.1619],[126.6611,37.1561],[126.6878,37.1244],[126.6944,37.1217],[126.7075,37.1236],[126.7186,37.128],[126.723,37.1317],[126.7386,37.1489],[126.7594,37.1689],[126.7639,37.1722],[126.77,37.1742],[126.8691,37.1764],[126.8697,37.1722],[126.8686,37.1458],[126.8653,37.1408],[126.8594,37.1389],[126.853,37.138],[126.8194,37.1339],[126.7822,37.1255],[126.7764,37.1236],[126.773,37.1186],[126.7542,37.0542],[126.7528,37.0486],[126.7561,37.0444],[126.8658,36.9505],[126.8702,36.9469],[126.908,36.9194],[126.9144,36.9169],[126.9217,36.9169],[127.0002,36.9297],[126.9922,36.9108],[126.9061,36.8169],[126.8464,36.7525],[126.8386,36.7533],[126.8342,36.7569],[126.8308,36.7611],[126.8286,36.7658],[126.8272,36.8411],[126.8289,36.8536],[126.8317,36.8597],[126.8342,36.8728],[126.8342,36.8783],[126.8306,36.8942],[126.8255,36.9092],[126.8233,36.9139],[126.7811,36.9636],[126.7767,36.9672],[126.7692,36.9692],[126.7614,36.97],[126.6822,36.9717],[126.62,36.9728],[126.5717,37.0214],[126.5675,37.025],[126.5253,37.0503],[126.5178,37.0522],[126.5025,37.0528],[126.4992,37.0497],[126.4905,36.9955],[126.5142,36.9414],[126.4975,36.8708],[126.4955,36.8642],[126.4905,36.8522],[126.4833,36.8425],[126.4789,36.8392],[126.4725,36.8394],[126.4683,36.843],[126.4633,36.8639],[126.4622,36.8947],[126.462,36.8982],[126.4685,36.9064],[126.4766,36.9222],[126.4792,36.9283],[126.478,36.9336],[126.4491,36.9914],[126.4425,36.9997],[126.4372,37.0028],[126.4294,37.0047],[126.4225,37.0047],[126.3928,37.0047],[126.3558,36.9964],[126.35,36.9944],[126.3397,36.9892],[126.335,36.9856],[126.345,36.9567],[126.3483,36.9525],[126.3528,36.9489],[126.383,36.9294],[126.3897,36.9305],[126.4072,36.9358],[126.4136,36.9333],[126.4138,36.9149],[126.4151,36.912],[126.4151,36.8967],[126.4011,36.8519],[126.3247,36.8039],[126.2944,36.7872],[126.2894,36.7858],[126.2839,36.7947],[126.2803,36.8044],[126.2792,36.8097],[126.2805,36.8153],[126.2972,36.8436],[126.3144,36.8678],[126.3208,36.878],[126.3217,36.8844],[126.3089,36.9422],[126.3044,36.9622],[126.2978,36.9636],[126.2911,36.9625],[126.2861,36.96],[126.1883,36.8825],[126.1844,36.8783],[126.1917,36.8199],[126.1643,36.8097],[126.1289,36.7517],[126.1236,36.7092],[126.128,36.7053],[126.1661,36.6753],[126.1728,36.6728],[126.1861,36.6703],[126.1927,36.6714],[126.2292,36.6808],[126.235,36.6825],[126.24,36.6853],[126.2439,36.6897],[126.2483,36.7025],[126.2514,36.7075],[126.2561,36.7111],[126.2728,36.7175],[126.275,36.7128],[126.2989,36.6394],[126.2991,36.6278],[126.2931,36.5819],[126.3155,36.5994],[126.3369,36.6455],[126.3347,36.6503],[126.3228,36.6617],[126.3094,36.6783],[126.3047,36.6875],[126.3036,36.6928],[126.3075,36.6972],[126.343,36.7367],[126.3475,36.74],[126.3547,36.7403],[126.4694,36.7436],[126.4753,36.7419],[126.4972,36.7239],[126.5161,36.6597],[126.5269,36.5986],[126.5272,36.5928],[126.5247,36.5869],[126.5189,36.585],[126.5125,36.5875],[126.5069,36.5908],[126.5003,36.5919],[126.4742,36.588],[126.4658,36.58],[126.4644,36.5747],[126.4806,36.4811],[126.4958,36.3942],[126.5366,36.2192],[126.5444,36.1364],[126.6736,36.0047],[126.6853,36],[126.6889,36],[126.7073,36.0008],[126.7395,36.0058],[126.8591,36.0555],[126.8692,36.0606],[126.871,36.0578],[126.873,36.0547],[126.8688,36.0431],[126.8536,36.0353],[126.7619,35.9953],[126.7053,35.9847],[126.6425,35.9717],[126.6317,35.9672],[126.6283,35.9619],[126.6153,35.9258],[126.6142,35.9194],[126.6142,35.8961],[126.6153,35.8908],[126.62,35.8886],[126.7258,35.8825],[126.733,35.8825],[126.7825,35.8931],[126.7883,35.8947],[126.8011,35.8617],[126.7519,35.7783],[126.7383,35.7764],[126.7067,35.7708],[126.6958,35.7664],[126.6425,35.7422],[126.6322,35.7369],[126.4794,35.64],[126.4747,35.6358],[126.4686,35.6092],[126.4708,35.6044],[126.4772,35.5961],[126.488,35.5842],[126.4986,35.578],[126.5072,35.5764],[126.515,35.5758],[126.5214,35.5767],[126.5358,35.5855],[126.5469,35.59],[126.6439,35.5947],[126.6511,35.595],[126.6586,35.5942],[126.665,35.5917],[126.6691,35.588],[126.675,35.5736],[126.6875,35.5392],[126.6878,35.5333],[126.6839,35.5289],[126.6786,35.5322],[126.6194,35.5469],[126.5289,35.5269],[126.523,35.525],[126.4969,35.5125],[126.4917,35.5097],[126.4842,35.5011],[126.4569,35.4625],[126.4469,35.4478],[126.4414,35.4302],[126.4289,35.4161],[126.425,35.4117],[126.4219,35.4067],[126.3875,35.3369],[126.3783,35.3122],[126.3636,35.2278],[126.3605,35.1803],[126.3875,35.1478],[126.4114,35.1192],[126.4208,35.1117],[126.4314,35.1056],[126.4439,35.1005],[126.4556,35.0947],[126.4589,35.0905],[126.4572,35.0689],[126.4314,35.0233],[126.4211,35.0181],[126.4164,35.0203],[126.3597,35.0692],[126.343,35.0955],[126.3408,35.1003],[126.3433,35.1064],[126.3497,35.1167],[126.3533,35.1208],[126.3542,35.1272],[126.353,35.1325],[126.3494,35.148],[126.345,35.1517],[126.2694,35.1367],[126.2636,35.1347],[126.2542,35.1286],[126.2511,35.1233],[126.2492,35.1167],[126.2483,35.1103],[126.3042,34.9619],[126.318,34.9322],[126.3225,34.9286],[126.3328,34.9225],[126.338,34.9194],[126.3439,34.9175],[126.3694,34.9308],[126.3761,34.9405],[126.3769,34.9467],[126.4336,34.9636],[126.4133,34.8944],[126.3786,34.8092],[126.3711,34.8005],[126.3691,34.7939],[126.3714,34.7892],[126.3758,34.7856],[126.3814,34.7836],[126.4992,34.7761],[126.5105,34.7756],[126.515,34.7789],[126.5186,34.7833],[126.5311,34.8039],[126.5336,34.8169],[126.54,34.873],[126.5908,34.8775],[126.6597,34.8128],[126.6608,34.8075],[126.635,34.7822],[126.6292,34.7805],[126.608,34.7794],[126.4941,34.7505],[126.4769,34.725],[126.4925,34.7217],[126.5031,34.7153],[126.6202,34.6242],[126.6183,34.6194],[126.6125,34.6178],[126.6061,34.6167],[126.5367,34.6136],[126.5289,34.6142],[126.5217,34.6164],[126.4728,34.6372],[126.4619,34.6422],[126.4514,34.6483],[126.4325,34.6194],[126.4517,34.578],[126.4175,34.5958],[126.3511,34.6992],[126.3433,34.7128],[126.3283,34.7347],[126.3167,34.7461],[126.3114,34.7492],[126.3039,34.7511],[126.2969,34.7511],[126.2928,34.7475],[126.2894,34.7422],[126.2669,34.6833],[126.2653,34.6708],[126.273,34.6339],[126.2883,34.5903],[126.3128,34.5681],[126.3183,34.565],[126.3914,34.5439],[126.4633,34.4847],[126.4619,34.4792],[126.4619,34.4733],[126.4783,34.3453],[126.525,34.3161],[126.5564,34.3005],[126.5941,34.2994],[126.6003,34.3003],[126.6839,34.4344],[126.7561,34.5578],[126.7655,34.5733],[126.7725,34.5828],[126.7775,34.5855],[126.7833,34.5872],[126.7897,34.5861],[126.795,34.5831],[126.7991,34.5794],[126.8028,34.5694],[126.8042,34.5583],[126.805,34.5297],[126.8,34.4919],[126.8008,34.4631],[126.8117,34.4455],[126.8169,34.4425],[126.8894,34.4125],[126.8878,34.435],[126.8969,34.4492],[126.9383,34.4872],[126.9664,34.5042],[126.9855,34.5264],[126.9886,34.5317],[126.9894,34.5378],[127.0097,34.6022],[127.0369,34.62],[127.0917,34.6505],[127.1125,34.6603],[127.2167,34.7075],[127.2739,34.7275],[127.3286,34.743],[127.3353,34.7419],[127.3383,34.7378],[127.3516,34.698],[127.3528,34.6928],[127.3325,34.6564],[127.3286,34.6522],[127.2422,34.5694],[127.2072,34.5689],[127.1927,34.5694],[127.1917,34.5747],[127.2028,34.5969],[127.2111,34.6142],[127.213,34.6208],[127.213,34.6272],[127.2119,34.6325],[127.2064,34.6356],[127.2017,34.633],[127.1317,34.5653],[127.1253,34.555],[127.1233,34.5481],[127.1247,34.5372],[127.1292,34.5278],[127.1355,34.5194],[127.1397,34.5158],[127.1683,34.5119],[127.2436,34.5114],[127.3153,34.4436],[127.3894,34.4711],[127.51,34.5786],[127.5144,34.5914],[127.5133,34.5967],[127.4889,34.6378],[127.4858,34.6419],[127.4294,34.6769],[127.4086,34.6894],[127.3919,34.6983],[127.3875,34.7019],[127.3639,34.7514],[127.3989,34.8022],[127.4183,34.8186],[127.4939,34.8517],[127.5225,34.8569],[127.5678,34.7667],[127.5628,34.7175],[127.5583,34.7047],[127.5564,34.6922],[127.5542,34.6561],[127.5564,34.6514],[127.5764,34.6383],[127.635,34.615],[127.6408,34.6169],[127.7439,34.7233],[127.7478,34.7275],[127.7694,34.795],[127.7739,34.8264],[127.7736,34.8439],[127.7172,34.8417],[127.7108,34.8405],[127.705,34.8389],[127.6903,34.8303],[127.6864,34.8258],[127.673,34.8155],[127.6675,34.8139],[127.6547,34.8119],[127.6386,34.8142],[127.6114,34.8408],[127.605,34.8492],[127.5764,34.8869],[127.5686,34.9119],[127.5692,34.9178],[127.5889,34.9383],[127.5933,34.9417],[127.6005,34.9419],[127.6056,34.9386],[127.6092,34.9231],[127.6186,34.9105],[127.628,34.9036],[127.6353,34.9017],[127.6431,34.9008],[127.6608,34.9053],[127.7674,34.9603],[127.8308,34.9467],[127.8639,34.9403],[127.883,34.943],[127.8939,34.9475],[127.9094,34.9553],[128.0205,34.9864],[128.0469,34.9475],[128.048,34.9422],[128.0503,34.9375],[128.0561,34.9308],[128.0667,34.9244],[128.0728,34.9217],[128.1541,34.8944],[128.1764,34.8894],[128.2039,34.8883],[128.2066,34.8944],[128.208,34.8997],[128.2089,34.9119],[128.2077,34.9228],[128.2111,34.928],[128.2161,34.9305],[128.2278,34.9342],[128.3291,34.9494],[128.3408,34.9436],[128.3511,34.9314],[128.3561,34.9097],[128.3566,34.9053],[128.3463,34.9],[128.3355,34.8714],[128.403,34.8336],[128.4089,34.8319],[128.435,34.8347],[128.4458,34.8389],[128.4519,34.8455],[128.463,34.8686],[128.47,34.8858],[128.5014,35.0083],[128.4875,35.0475],[128.4833,35.0511],[128.4772,35.0539],[128.4655,35.0503],[128.4155,35.0322],[128.4105,35.0297],[128.4072,35.0244],[128.4052,35.0178],[128.3961,35.0108],[128.3911,35.0083],[128.3794,35.0047],[128.3725,35.0047],[128.3711,35.0094],[128.378,35.0361],[128.3861,35.0422],[128.5728,35.17],[128.6114,35.1733],[128.62,35.1486],[128.7105,35.1011],[128.735,35.0928],[128.8105,35.0842],[128.9191,35.0892],[128.925,35.0908],[128.9294,35.0942],[128.9739,35.1348],[128.9786,35.085],[129.1369,35.1122],[129.1747,35.1469],[129.2375,35.1899],[129.2416,35.2089],[129.2778,35.2958],[129.2811,35.3008],[129.3422,35.3425],[129.3475,35.345],[129.4394,35.4758],[129.4664,35.5372],[129.4694,35.5503],[129.4744,35.5803],[129.4753,35.5922],[129.4733,35.6028],[129.4648,35.6446],[129.4866,35.6833],[129.5839,35.9889],[129.5869,35.9996],[129.5883,36.0076],[129.5883,36.0193],[129.5853,36.0349],[129.5739,36.064],[129.5645,36.0766],[129.5573,36.0788],[129.5511,36.0771],[129.5281,36.051],[129.4903,36.0157],[129.4816,36.008],[129.4718,36],[129.463,35.9947],[129.4572,35.993],[129.45,35.993],[129.4255,35.9972],[129.419,36.0005],[129.3983,36.013],[129.3941,36.0166],[129.3889,36.0257],[129.3869,36.036],[129.3819,36.3086],[129.3819,36.3144],[129.3853,36.3275],[129.3905,36.3394],[129.4058,36.3572],[129.418,36.3697],[129.4352,36.3942],[129.438,36.4003],[129.4391,36.4064],[129.4505,36.5005],[129.4505,36.5064],[129.4411,36.5361],[129.4369,36.5458],[129.4272,36.5583],[129.423,36.5678],[129.42,36.5778],[129.4189,36.5831],[129.4169,36.6167],[129.4178,36.6228],[129.4222,36.6342],[129.4386,36.6603],[129.4425,36.6647],[129.4519,36.6714],[129.4622,36.6764],[129.4669,36.6797],[129.4697,36.6858],[129.4716,36.6925],[129.473,36.7103],[129.475,36.7689],[129.475,36.7744],[129.4686,36.7889],[129.4591,36.8072],[129.4539,36.8161],[129.4308,36.8689],[129.4278,36.8789],[129.4236,36.9],[129.4161,36.9422],[129.4139,37.0161],[129.4139,37.0217],[129.415,37.028],[129.4172,37.0347],[129.4239,37.045],[129.4286,37.0483],[129.4319,37.0533],[129.4336,37.0589],[129.4294,37.0683],[129.3763,37.135],[129.3658,37.1469],[129.3625,37.15],[129.3541,37.2283],[129.353,37.2336],[129.3425,37.2572],[129.2589,37.3714],[129.1897,37.4647],[129.1361,37.5256],[129.0664,37.6244],[129.06,37.6386],[129.063,37.6575],[129.063,37.6689],[129.05,37.6858],[129.0105,37.7244],[128.9986,37.7361],[128.8827,37.848],[128.8783,37.8519],[128.8633,37.8561],[128.858,37.8594],[128.6411,38.1172],[128.6378,38.1214],[128.6344,38.1255],[128.6258,38.1444],[128.5325,38.3306],[128.3892,38.5794],[128.3636,38.6252],[128.3214,38.5992],[128.3072,38.5889],[128.3036,38.5839],[128.3019,38.5783],[128.3055,38.5628],[128.3077,38.558],[128.3136,38.5319],[128.3136,38.5205],[128.3127,38.5142],[128.3077,38.4886],[128.3014,38.4683],[128.2933,38.4505],[128.2797,38.4303],[128.2696,38.4205],[128.1441,38.5346],[127.956,38.6941],[127.4046,39.0753],[127.2769,39.2217],[127.4408,39.6237],[127.5524,39.7642],[127.6715,39.8664],[127.9313,39.9562],[128.2362,39.9696],[128.4466,40.0659],[128.791,40.3543],[129.0148,40.5275],[129.177,40.6302],[129.4778,40.682],[129.5614,41.0727],[129.6311,41.2778],[129.5907,41.4699],[129.6413,41.6558],[129.8247,41.8614],[130.4351,42.2768],[130.4676,42.2988],[131.0646,42.7492],[131.3568,42.9939],[131.5842,43.2127],[131.8652,43.2904],[131.6746,43.0266],[131.8831,43.072],[132.1818,43.1946],[132.3331,42.9637],[132.4847,42.8805],[132.5944,42.9],[132.8274,42.8619],[132.9528,42.6695],[133.312,42.7794],[134.1389,42.993],[134.5686,43.2122],[134.9624,43.515],[135.1561,43.7212],[135.4148,44.0368],[135.6928,44.224],[136.034,44.3984],[136.1792,44.5468],[136.2851,44.753],[136.4941,44.966],[137.2969,45.6463],[137.7205,45.9967],[137.9846,46.2693],[138.2429,46.7107],[138.3516,46.8732],[138.685,47.1335],[138.9493,47.3224],[139.0467,47.6152],[139.2137,47.8106],[140.081,48.5026],[140.1466,48.7244],[140.3282,49.3579],[140.3722,49.6913],[140.457,50.104],[140.3488,50.4192],[140.3235,50.5178],[140.4045,50.8274],[140.7303,51.4413],[140.9699,51.6928],[141.1263,51.8716],[141.2571,52.1035],[141.1606,52.2092],[140.9395,52.2618],[141.0905,52.5869],[141.0473,52.6897],[134.8699,52.0092],[127.3356,49.9773],[124.1336,50.5313],[123.9913,50.3357],[124.2001,50.3279],[131.0843,46.1951],[125.8792,41.4754],[123.7479,41.6785]]],[[[126.5994,33.2333],[126.6222,33.24],[126.7253,33.2703],[126.7647,33.2828],[126.843,33.3083],[126.8475,33.3117],[126.9083,33.3792],[126.9158,33.3878],[126.9189,33.3928],[126.9367,33.4244],[126.9411,33.4539],[126.898,33.5233],[126.8908,33.5253],[126.8397,33.5364],[126.8358,33.5406],[126.8275,33.5478],[126.8214,33.5505],[126.813,33.5519],[126.7931,33.5508],[126.6958,33.54],[126.6336,33.5317],[126.378,33.4747],[126.3722,33.473],[126.3175,33.4528],[126.3125,33.4503],[126.2703,33.4228],[126.1836,33.3528],[126.1764,33.3442],[126.1583,33.3147],[126.1553,33.2894],[126.1578,33.2789],[126.1705,33.2625],[126.1861,33.2475],[126.2072,33.2294],[126.2269,33.2164],[126.2611,33.1939],[126.2664,33.1908],[126.2739,33.1903],[126.2858,33.193],[126.2905,33.1955],[126.2972,33.2053],[126.3011,33.2094],[126.3097,33.2164],[126.3147,33.2192],[126.3308,33.2255],[126.3406,33.2272],[126.4169,33.2356],[126.4247,33.2347],[126.4455,33.2294],[126.4761,33.2225],[126.4825,33.2214],[126.5086,33.2236],[126.5869,33.2314],[126.5994,33.2333]]],[[[126.7392,34.2786],[126.7655,34.2808],[126.7719,34.2819],[126.775,34.2869],[126.7708,34.2964],[126.7308,34.3639],[126.7139,34.3783],[126.7014,34.3869],[126.6941,34.3892],[126.6872,34.3889],[126.6689,34.385],[126.6639,34.3825],[126.6578,34.3755],[126.6547,34.3705],[126.6491,34.35],[126.6458,34.325],[126.648,34.3203],[126.6514,34.3161],[126.6955,34.2872],[126.7008,34.2842],[126.7314,34.2792],[126.7392,34.2786]]],[[[127.1605,34.4144],[127.2136,34.4189],[127.2194,34.4205],[127.2289,34.4267],[127.2328,34.4311],[127.2417,34.4472],[127.2441,34.4533],[127.2458,34.4658],[127.2436,34.4705],[127.2394,34.4742],[127.2227,34.4836],[127.213,34.4856],[127.1991,34.4853],[127.1317,34.4736],[127.1258,34.4717],[127.1142,34.4639],[127.1114,34.4603],[127.1158,34.4344],[127.1336,34.4203],[127.1458,34.415],[127.1605,34.4144]]],[[[127.7855,34.4739],[127.7908,34.4764],[127.7953,34.4797],[127.7983,34.485],[127.7983,34.4908],[127.7864,34.5194],[127.7763,34.5337],[127.7708,34.5383],[127.7644,34.5408],[127.7511,34.5419],[127.7414,34.5389],[127.7158,34.5308],[127.7119,34.5267],[127.713,34.5214],[127.7161,34.5172],[127.7583,34.4875],[127.7808,34.4747],[127.7855,34.4739]]],[[[126.1797,34.3511],[126.1867,34.3514],[126.1991,34.3533],[126.2564,34.3697],[126.2619,34.3714],[126.3425,34.4014],[126.3469,34.4047],[126.3678,34.4417],[126.3828,34.4719],[126.3836,34.4783],[126.3833,34.4839],[126.3811,34.4917],[126.3803,34.4947],[126.3769,34.4989],[126.335,34.54],[126.2983,34.5558],[126.2733,34.5658],[126.2533,34.5731],[126.2433,34.5733],[126.2389,34.57],[126.1019,34.425],[126.0997,34.4192],[126.0989,34.4128],[126.0992,34.4069],[126.1016,34.3967],[126.1061,34.3872],[126.1125,34.3789],[126.1436,34.3556],[126.1503,34.3544],[126.1719,34.3519],[126.1797,34.3511]]],[[[127.7997,34.5722],[127.8039,34.5756],[127.8066,34.5817],[127.8128,34.6219],[127.8122,34.6414],[127.7941,34.6614],[127.7681,34.6642],[127.7369,34.64],[127.733,34.6358],[127.7333,34.6186],[127.7344,34.6133],[127.7366,34.6086],[127.74,34.6044],[127.7483,34.5969],[127.7586,34.5908],[127.7867,34.5761],[127.7931,34.5733],[127.7997,34.5722]]],[[[125.9719,34.6472],[125.9914,34.6681],[126.0025,34.6811],[126.0061,34.6855],[126.0086,34.6914],[126.0064,34.6961],[126.0031,34.7003],[125.9938,34.7078],[125.9814,34.7169],[125.9561,34.7128],[125.9233,34.7],[125.9181,34.6975],[125.915,34.6922],[125.9144,34.6858],[125.9155,34.6808],[125.9178,34.6761],[125.9264,34.6689],[125.9636,34.6486],[125.9719,34.6472]]],[[[126.0005,34.79],[125.993,34.7919],[125.9855,34.7925],[125.9792,34.7917],[125.9736,34.7897],[125.9558,34.7758],[125.9508,34.773],[125.9444,34.7719],[125.9217,34.7739],[125.9153,34.7728],[125.9083,34.7728],[125.898,34.7672],[125.8939,34.7639],[125.8922,34.7511],[125.8889,34.7389],[125.8883,34.7325],[125.8905,34.728],[125.9044,34.7178],[125.9119,34.7169],[125.9322,34.7183],[125.9361,34.7228],[125.9391,34.728],[125.9383,34.7453],[125.9408,34.7511],[125.9453,34.7547],[125.9511,34.7567],[125.9669,34.7544],[125.9739,34.7519],[125.9803,34.7528],[125.9836,34.758],[125.9883,34.7606],[125.9958,34.7586],[126.0033,34.758],[126.0092,34.76],[126.0086,34.7642],[126.0053,34.7683],[126.0031,34.773],[126.0064,34.7853],[126.0039,34.79],[126.0008,34.7919],[126.0005,34.79]]],[[[128.0808,34.8278],[128.0858,34.8303],[128.0789,34.8697],[128.0758,34.8739],[128.0658,34.8785],[128.0358,34.908],[128.0314,34.9117],[128.0241,34.9139],[128.0172,34.9139],[128.0078,34.9078],[127.9769,34.8642],[127.9742,34.8583],[127.9733,34.8519],[127.9797,34.8436],[127.99,34.8372],[127.9972,34.8353],[128.0133,34.8328],[128.0808,34.8278]]],[[[126.0425,34.8539],[126.0636,34.8544],[126.0742,34.8592],[126.0786,34.8625],[126.0822,34.8669],[126.0897,34.885],[126.0911,34.8903],[126.0944,34.9097],[126.0766,34.9213],[126.0753,34.9231],[126.07,34.9261],[126.0628,34.9283],[126.0577,34.9256],[126.0022,34.8903],[125.9853,34.8683],[125.9836,34.865],[125.9869,34.8608],[125.993,34.8583],[126.0425,34.8539]]],[[[127.9622,34.7983],[127.9561,34.8008],[127.9164,34.8328],[127.9103,34.8419],[127.9091,34.8472],[127.9066,34.8692],[127.9097,34.8742],[127.9377,34.9019],[127.9361,34.9114],[127.9339,34.9161],[127.9308,34.9205],[127.9267,34.9242],[127.9214,34.9272],[127.9153,34.93],[127.8986,34.9331],[127.8858,34.9311],[127.88,34.9294],[127.8755,34.9261],[127.8678,34.9175],[127.8369,34.8797],[127.8269,34.8558],[127.8222,34.843],[127.8528,34.7389],[127.8572,34.7239],[127.8605,34.7197],[127.8803,34.7122],[127.8886,34.7105],[127.9772,34.6978],[127.985,34.6969],[128.0444,34.695],[128.0566,34.6975],[128.0608,34.7011],[128.0625,34.7064],[128.0755,34.8],[128.0733,34.8047],[128.0691,34.8083],[128.0555,34.8133],[128.0325,34.8178],[128.0019,34.8208],[127.9903,34.8172],[127.968,34.8],[127.9622,34.7983]]],[[[128.743,34.788],[128.7544,34.8769],[128.7544,34.8828],[128.7352,34.9333],[128.73,34.9422],[128.7282,34.943],[128.7111,34.9767],[128.6636,34.9603],[128.6411,34.9525],[128.5072,34.89],[128.5019,34.8875],[128.4944,34.8803],[128.4905,34.8689],[128.4886,34.8564],[128.4905,34.8458],[128.495,34.8364],[128.498,34.8322],[128.5211,34.8092],[128.5261,34.8058],[128.5358,34.8119],[128.5397,34.8161],[128.5522,34.8236],[128.5919,34.8367],[128.5977,34.835],[128.6008,34.8306],[128.6041,34.8092],[128.6011,34.7603],[128.5852,34.7039],[128.5883,34.6994],[128.5941,34.6978],[128.6125,34.7011],[128.6361,34.7072],[128.6419,34.7092],[128.68,34.7222],[128.6855,34.7242],[128.7419,34.7817],[128.743,34.788]]],[[[126.0997,35.0458],[126.1061,35.0469],[126.1155,35.053],[126.1444,35.0803],[126.1469,35.1325],[126.1497,35.1333],[126.1622,35.1433],[126.1558,35.1461],[126.1489,35.1458],[126.1372,35.1422],[126.1175,35.1305],[126.068,35.0986],[126.0639,35.095],[126.06,35.0908],[126.0583,35.0839],[126.0561,35.0594],[126.0594,35.0553],[126.093,35.0472],[126.0997,35.0458]]],[[[126.4211,36.3994],[126.4283,36.3997],[126.4319,36.4039],[126.4339,36.4108],[126.3786,36.5861],[126.3764,36.5908],[126.36,36.593],[126.3528,36.5928],[126.3469,36.5911],[126.3419,36.5883],[126.3344,36.5811],[126.3275,36.5717],[126.325,36.5655],[126.3253,36.5597],[126.3358,36.4386],[126.3383,36.4342],[126.3655,36.4105],[126.3753,36.4039],[126.3822,36.4028],[126.4211,36.3994]]],[[[126.1636,36.8242],[126.1694,36.8258],[126.1739,36.8294],[126.1724,36.8368],[126.1669,36.84],[126.1611,36.838],[126.158,36.8331],[126.1591,36.8278],[126.1636,36.8242]]],[[[130.8755,37.45],[130.8875,37.4533],[130.9208,37.4767],[130.9225,37.4819],[130.9221,37.5153],[130.9241,37.5192],[130.9194,37.5453],[130.9122,37.5455],[130.8447,37.5314],[130.8386,37.53],[130.8075,37.5183],[130.8058,37.5131],[130.8058,37.5072],[130.8116,37.4814],[130.8158,37.4719],[130.8188,37.4678],[130.8686,37.4508],[130.8755,37.45]]],[[[124.6519,37.9144],[124.6955,37.9161],[124.7014,37.9181],[124.7392,37.9461],[124.7436,37.9497],[124.7466,37.9547],[124.7455,37.96],[124.743,37.9647],[124.7317,37.9764],[124.7255,37.978],[124.7255,37.9817],[124.718,37.9836],[124.71,37.9842],[124.6889,37.9825],[124.6239,37.9742],[124.6153,37.9686],[124.6097,37.9572],[124.6133,37.9475],[124.633,37.9225],[124.6367,37.9183],[124.6433,37.9158],[124.6519,37.9144]]]]},"properties":{"NAME":"Tungus","SUBJECTO":"Tungus","PARTOF":"Tungus","BORDERPRECISION":1,"LINK":null}},
{"type":"Feature","geometry":{"type":"Polygon","coordinates":[[[74.7508,33.6553],[75.7621,32.2294],[76.6042,31.042],[78.8543,29.3373],[78.8687,29.3264],[81.9567,27.8167],[83.2447,27.3888],[83.6459,30.175],[84.3973,35.3944],[80.5349,36.1676],[75.5997,37.5372],[74.7514,36.5318],[74.2272,34.1789],[74.7508,33.6553]]]},"properties":{"NAME":"Zhangzhung Kingdom","SUBJECTO":"Zhangzhung Kingdom","PARTOF":"Zhangzhung Kingdom","BORDERPRECISION":1,"LINK":null}},
{"type":"Feature","geometry":{"type":"Polygon","coordinates":[[[121.418,29.3452],[121.4115,29.3446],[121.3619,29.4144],[121.4984,29.5226],[121.6704,29.6245],[121.7744,29.7645],[121.7703,29.8343],[121.5652,29.8466],[121.3913,29.9224],[121.1552,30.1886],[121.0825,30.2138],[120.8627,30.188],[120.4379,29.9966],[120.2676,30.0216],[119.9437,30.1162],[120.2269,30.2502],[120.6087,30.3462],[121.0355,30.5947],[121.3284,30.6905],[121.5689,30.7101],[121.6319,30.7928],[121.6402,30.9261],[121.4989,31.2814],[121.3079,31.4207],[121.2683,31.4523],[121.6233,31.6182],[121.645,31.688],[121.606,31.8276],[121.4837,31.948],[121.2305,32.0618],[121.0508,32.328],[120.7383,32.4607],[120.6609,32.5431],[120.7194,32.848],[120.6406,33.0446],[120.3403,33.3361],[120.1494,33.8943],[119.9736,34.1352],[119.6205,34.3694],[119.2999,34.5909],[119.0209,34.6919],[119.0032,34.9395],[119.0602,35.0413],[119.6888,35.545],[119.9073,35.7681],[119.9756,35.9336],[119.9138,36.1434],[120.1393,36.1948],[120.1965,36.1567],[120.2037,36.0359],[120.2697,35.9851],[120.5048,36.0556],[120.5373,36.3865],[120.8555,36.5844],[121.6099,36.8342],[121.8467,36.8602],[121.9801,36.8222],[122.2556,36.7337],[122.2813,36.982],[122.3929,37.3006],[122.2695,37.3003],[122.0576,37.3636],[121.8948,37.376],[121.4343,37.3368],[121.1898,37.4255],[120.7874,37.7049],[120.6581,37.7365],[120.4181,37.6787],[120.1694,37.5763],[119.9407,37.3529],[119.5989,37.1166],[119.2844,37.046],[118.9546,37.0771],[118.837,37.2042],[118.8116,37.4461],[118.8673,37.7074],[118.8752,37.9494],[118.7446,38.0638],[118.2003,38.0436],[117.8407,38.1639],[117.5895,38.2845],[117.479,38.4499],[117.4395,38.6028],[117.5101,38.7656],[117.5751,38.9153],[117.7529,39.2025],[117.9101,39.2602],[118.0699,39.2542],[118.2746,38.9996],[118.4124,39.0509],[118.5593,39.1723],[118.7813,39.1664],[118.9776,39.2241],[119.0906,39.3391],[119.1494,39.454],[119.2107,39.639],[119.3855,39.8434],[119.5478,39.933],[119.8238,40.0422],[120.1127,40.0811],[120.2727,40.1518],[120.7884,40.6838],[121.0106,40.8507],[121.0853,40.8572],[121.368,40.8706],[121.4267,40.8643],[121.7536,40.737],[122.0824,40.488],[122.1079,40.3537],[122.0365,40.264],[121.789,40.0781],[121.6681,39.9054],[121.2394,39.5538],[121.2133,39.4836],[121.2822,39.3499],[121.449,39.3821],[121.6602,39.3315],[121.5118,39.1719],[121.1237,38.8651],[121.0653,38.7503],[121.2165,38.757],[121.4884,38.8786],[121.7432,39.0894],[122.0275,39.2558],[123.0391,39.6722],[123.3664,39.7494],[123.9165,39.8079],[124.1041,39.8848],[124.091,41.2667],[123.7479,41.6785],[122.5002,41.8096],[120.4728,41.6829],[118.5462,41.425],[114.54,41.5557],[113.3178,41.5956],[111.5029,41.8194],[109.083,42.1177],[107.6216,42.0902],[107.2099,41.7471],[106.7981,39.1394],[106.0433,37.5611],[105.1512,37.6297],[104.3963,37.218],[104.3963,37.0121],[104.6708,36.8063],[104.7394,36.6004],[103.6203,34.0387],[103.4443,33.636],[102.5109,31.4996],[101.6514,29.5323],[101.5828,28.7088],[102.1318,28.0226],[102.9553,28.0226],[105.0826,28.0226],[108.1706,27.5422],[109.6116,26.5815],[110.8469,24.8659],[111.2574,22.8387],[113.578,22.9278],[114.8956,25.8953],[116.0622,27.6795],[116.5425,27.7481],[117.4008,27.2077],[120.091,28.8821],[121.418,29.3452]]]},"properties":{"NAME":"Han Empire","SUBJECTO":"Han Empire","PARTOF":"Han Empire","BORDERPRECISION":1,"LINK":null}},
{"type":"Feature","geometry":{"type":"Polygon","coordinates":[[[91.5711,22.5433],[91.6518,22.3569],[91.8459,21.9087],[91.946,21.3626],[92.0669,21.1151],[92.1237,20.9964],[92.1763,20.8866],[92.4034,20.614],[92.6628,20.4049],[92.8271,20.4243],[92.9215,20.3737],[92.9261,20.3489],[93.1145,20.5917],[92.9018,21.6087],[92.0413,23.115],[91.5711,22.5433]]]},"properties":{"NAME":"Arakan","SUBJECTO":"Arakan","PARTOF":"Arakan","BORDERPRECISION":1,"LINK":null}}
]}